frame,track_id,class_name,confidence,x1,y1,x2,y2,center_x,center_y,width,height,area,aspect_ratio,shape_type,color,color_hsv,lab,chroma,raw_track_id,memory_state,velocity_x,velocity_y
2,1,person,0.8617,608.07,127.21,778.0,708.25,693.04,417.73,169.93,581.03,98733.41,0.29,Vertical Oblong,Black,"(126, 182, 9)","(0.78, 2.0, -2.0)",2.83,1,VISIBLE,0.0,0.0
2,2,person,0.7428,1300.83,224.67,1360.0,526.22,1330.42,375.44,59.17,301.55,17841.26,0.2,Vertical Oblong,Black,"(126, 182, 10)","(0.78, 2.0, -2.0)",2.83,2,VISIBLE,0.0,0.0
3,1,person,0.8639,608.16,124.82,779.61,706.37,693.88,415.6,171.45,581.55,99707.76,0.29,Vertical Oblong,Black,"(126, 182, 8)","(0.78, 2.0, -2.0)",2.83,1,VISIBLE,0.85,-2.13
3,2,person,0.7237,1301.47,223.35,1360.0,528.05,1330.73,375.7,58.53,304.7,17835.25,0.19,Vertical Oblong,Black,"(126, 182, 9)","(0.78, 2.0, -2.0)",2.83,2,VISIBLE,0.32,0.25
4,1,person,0.8736,608.14,122.75,782.13,705.1,695.14,413.93,173.99,582.35,101320.03,0.3,Vertical Oblong,Black,"(126, 182, 8)","(0.78, 2.0, -2.0)",2.83,1,VISIBLE,1.13,-1.81
4,2,person,0.7207,1303.15,220.25,1360.0,530.33,1331.57,375.29,56.85,310.08,17629.64,0.18,Vertical Oblong,Black,"(126, 182, 10)","(0.78, 2.0, -2.0)",2.83,2,VISIBLE,0.68,-0.21
5,1,person,0.8669,609.4,121.78,784.04,705.8,696.72,413.79,174.64,584.03,101995.06,0.3,Vertical Oblong,Black,"(126, 182, 8)","(0.78, 2.0, -2.0)",2.83,1,VISIBLE,1.45,-0.64
5,2,person,0.7151,1305.13,217.34,1360.0,531.83,1332.56,374.59,54.87,314.5,17257.78,0.17,Vertical Oblong,Black,"(126, 182, 10)","(0.78, 2.0, -2.0)",2.83,2,VISIBLE,0.9,-0.56
5,3,person,0.3308,439.47,293.37,486.3,429.93,462.88,361.65,46.82,136.56,6394.3,0.34,Vertical Oblong,Grey,"(113, 51, 72)","(25.49, 1.0, -7.0)",7.07,3,VISIBLE,0.0,0.0
6,1,person,0.8689,611.86,123.39,785.48,708.03,698.67,415.71,173.62,584.64,101507.91,0.3,Vertical Oblong,Black,"(126, 182, 8)","(0.78, 2.0, -2.0)",2.83,1,VISIBLE,1.8,1.15
6,2,person,0.6924,1307.68,217.27,1360.0,532.53,1333.84,374.9,52.32,315.26,16494.48,0.17,Vertical Oblong,Black,"(126, 182, 10)","(0.78, 2.0, -2.0)",2.83,2,VISIBLE,1.16,0.05
6,3,person,0.3534,441.08,292.82,487.6,430.22,464.34,361.52,46.52,137.4,6392.37,0.34,Vertical Oblong,Grey,"(114, 54, 69)","(23.92, 2.0, -7.0)",7.28,3,VISIBLE,1.46,-0.13
7,1,person,0.8642,614.17,129.13,785.87,712.13,700.02,420.63,171.7,582.99,100101.0,0.29,Vertical Oblong,Black,"(126, 182, 8)","(0.78, 2.0, -2.0)",2.83,1,VISIBLE,1.48,3.79
7,2,person,0.6518,1309.95,222.83,1360.0,532.59,1334.98,377.71,50.05,309.76,15503.51,0.16,Vertical Oblong,Black,"(126, 182, 10)","(0.78, 2.0, -2.0)",2.83,2,VISIBLE,1.14,1.98
7,3,person,0.314,443.43,291.42,489.4,429.71,466.42,360.56,45.97,138.29,6357.53,0.33,Vertical Oblong,Grey,"(114, 52, 68)","(23.92, 1.0, -7.0)",7.07,3,VISIBLE,1.89,-0.71
8,1,person,0.8628,616.69,135.1,786.09,717.25,701.39,426.18,169.4,582.15,98614.2,0.29,Vertical Oblong,Black,"(126, 182, 8)","(0.78, 2.0, -2.0)",2.83,1,VISIBLE,1.4,5.02
8,2,person,0.6168,1311.43,231.39,1360.0,532.47,1335.72,381.93,48.57,301.07,14622.12,0.16,Vertical Oblong,Black,"(126, 182, 10)","(0.78, 2.0, -2.0)",2.83,2,VISIBLE,0.86,3.55
8,3,person,0.3308,445.35,290.69,492.18,430.5,468.76,360.6,46.83,139.8,6547.5,0.34,Vertical Oblong,Grey,"(114, 51, 71)","(24.71, 1.0, -7.0)",7.07,3,VISIBLE,2.21,-0.19
9,1,person,0.862,617.77,140.09,786.61,721.8,702.19,430.94,168.84,581.71,98216.38,0.29,Vertical Oblong,Black,"(126, 182, 8)","(0.78, 2.0, -2.0)",2.83,1,VISIBLE,0.98,4.84
9,2,person,0.5878,1312.35,234.78,1360.0,532.92,1336.18,383.85,47.65,298.14,14205.17,0.16,Vertical Oblong,Black,"(126, 182, 9)","(0.78, 2.0, -2.0)",2.83,2,VISIBLE,0.58,2.41
9,3,person,0.3358,447.56,290.95,493.89,431.2,470.73,361.08,46.34,140.25,6499.01,0.33,Vertical Oblong,Grey,"(113, 49, 71)","(25.49, 1.0, -7.0)",7.07,3,VISIBLE,2.04,0.28
10,1,person,0.8543,617.56,143.17,786.25,720.85,701.9,432.01,168.69,577.68,97449.03,0.29,Vertical Oblong,Black,"(126, 182, 9)","(0.78, 2.0, -2.0)",2.83,1,VISIBLE,0.09,2.2
10,2,person,0.5842,1312.93,232.86,1360.0,534.12,1336.46,383.49,47.07,301.26,14181.0,0.16,Vertical Oblong,Black,"(126, 170, 11)","(1.18, 2.0, -2.0)",2.83,2,VISIBLE,0.38,0.47
10,3,person,0.3017,449.11,291.57,495.18,431.39,472.14,361.48,46.07,139.82,6441.84,0.33,Vertical Oblong,Grey,"(113, 50, 71)","(25.1, 1.0, -7.0)",7.07,3,VISIBLE,1.6,0.37
10,4,person,0.3003,495.17,296.47,536.03,420.9,515.6,358.69,40.86,124.44,5084.97,0.33,Vertical Oblong,Grey,"(113, 54, 74)","(25.88, 1.0, -7.0)",7.07,4,VISIBLE,0.0,0.0
11,1,person,0.8466,616.11,144.7,783.59,717.53,699.85,431.11,167.48,572.83,95934.51,0.29,Vertical Oblong,Black,"(126, 182, 9)","(0.78, 2.0, -2.0)",2.83,1,VISIBLE,-1.41,0.03
11,2,person,0.5754,1313.19,230.79,1360.0,536.24,1336.59,383.51,46.81,305.46,14299.56,0.15,Vertical Oblong,Black,"(126, 159, 11)","(1.18, 2.0, -2.0)",2.83,2,VISIBLE,0.2,0.16
11,3,person,0.3017,450.71,291.48,496.67,431.69,473.69,361.58,45.97,140.21,6445.15,0.33,Vertical Oblong,Grey,"(113, 46, 74)","(26.67, 1.0, -7.0)",7.07,3,VISIBLE,1.56,0.18
11,4,person,0.3053,495.23,296.32,535.97,421.74,515.6,359.03,40.74,125.42,5109.54,0.32,Vertical Oblong,Grey,"(111, 55, 74)","(25.88, 1.0, -7.0)",7.07,4,VISIBLE,0.0,0.34
12,1,person,0.833,614.18,144.29,779.56,715.14,696.87,429.72,165.38,570.85,94406.06,0.29,Vertical Oblong,Black,"(126, 182, 9)","(0.78, 2.0, -2.0)",2.83,1,VISIBLE,-2.51,-0.97
12,2,person,0.5478,1313.45,229.91,1360.0,537.28,1336.72,383.6,46.55,307.37,14308.26,0.15,Vertical Oblong,Black,"(126, 146, 13)","(2.35, 2.0, -2.0)",2.83,2,VISIBLE,0.15,0.1
12,3,person,0.3017,452.31,291.38,498.17,431.98,475.24,361.68,45.86,140.6,6448.38,0.33,Vertical Oblong,Grey,"(113, 45, 80)","(29.61, 1.0, -7.0)",7.07,3,VISIBLE,1.55,0.12
12,4,person,0.3133,495.25,296.07,535.7,422.8,515.47,359.44,40.45,126.73,5125.68,0.32,Vertical Oblong,Grey,"(110, 56, 75)","(27.06, 1.0, -7.0)",7.07,4,VISIBLE,-0.09,0.39
12,5,can,0.5386,266.19,328.92,383.12,494.86,324.66,411.89,116.93,165.93,19402.14,0.7,Vertical Oblong,Black,"(161, 34, 47)","(17.65, 2.0, -1.0)",2.24,5,VISIBLE,0.0,0.0
13,1,person,0.8402,612.61,142.44,776.23,713.15,694.42,427.79,163.62,570.7,93378.84,0.29,Vertical Oblong,Black,"(126, 182, 9)","(0.78, 2.0, -2.0)",2.83,1,VISIBLE,-2.47,-1.64
13,2,person,0.5249,1313.73,232.04,1360.0,537.91,1336.87,384.97,46.27,305.87,14151.67,0.15,Vertical Oblong,Black,"(126, 133, 15)","(2.75, 2.0, -2.0)",2.83,2,VISIBLE,0.14,1.0
13,3,person,0.3017,453.91,291.28,499.67,432.28,476.79,361.78,45.76,140.99,6451.53,0.32,Vertical Oblong,Grey,"(113, 44, 84)","(31.18, 1.0, -7.0)",7.07,3,VISIBLE,1.55,0.11
13,4,person,0.3156,495.13,296.22,535.33,423.38,515.23,359.8,40.19,127.17,5111.16,0.32,Vertical Oblong,Grey,"(110, 55, 75)","(27.06, 1.0, -7.0)",7.07,4,VISIBLE,-0.2,0.37
13,5,can,0.4551,264.69,329.05,382.2,495.0,323.44,412.02,117.51,165.95,19501.73,0.71,Vertical Oblong,Black,"(158, 31, 47)","(17.65, 2.0, -1.0)",2.24,5,VISIBLE,-1.21,0.14
14,1,person,0.847,611.45,139.84,773.9,711.55,692.67,425.69,162.45,571.71,92873.76,0.28,Vertical Oblong,Black,"(126, 185, 10)","(0.78, 2.0, -2.0)",2.83,1,VISIBLE,-1.96,-1.96
14,2,person,0.5381,1313.95,229.55,1360.0,537.54,1336.98,383.55,46.05,307.98,14182.35,0.15,Vertical Oblong,Black,"(126, 133, 17)","(3.14, 2.0, -2.0)",2.83,2,VISIBLE,0.12,-0.7
14,3,person,0.3017,455.51,291.19,501.16,432.57,478.33,361.88,45.65,141.39,6454.6,0.32,Vertical Oblong,Grey,"(113, 45, 86)","(31.37, 1.0, -7.0)",7.07,3,VISIBLE,1.55,0.1
14,4,person,0.2931,494.84,296.03,535.26,424.14,515.05,360.09,40.42,128.11,5178.03,0.32,Vertical Oblong,Grey,"(110, 56, 75)","(27.06, 1.0, -7.0)",7.07,4,VISIBLE,-0.19,0.31
14,5,can,0.4929,262.87,329.4,380.66,495.12,321.77,412.26,117.8,165.71,19520.28,0.71,Vertical Oblong,Black,"(158, 31, 47)","(17.65, 2.0, -1.0)",2.24,5,VISIBLE,-1.54,0.2
15,1,person,0.8485,610.88,138.03,772.58,710.88,691.73,424.46,161.7,572.85,92628.67,0.28,Vertical Oblong,Black,"(126, 191, 9)","(0.78, 2.0, -2.0)",2.83,1,VISIBLE,-1.25,-1.46
15,2,person,0.5218,1314.08,227.82,1360.0,537.57,1337.04,382.7,45.92,309.76,14223.03,0.15,Vertical Oblong,Black,"(126, 135, 16)","(3.14, 2.0, -2.0)",2.83,2,VISIBLE,0.08,-0.81
15,3,person,0.3017,457.11,291.09,502.66,432.87,479.88,361.98,45.55,141.78,6457.58,0.32,Vertical Oblong,Grey,"(113, 45, 86)","(31.37, 1.0, -7.0)",7.07,3,VISIBLE,1.55,0.1
15,4,person,0.2868,495.13,295.99,535.13,423.07,515.13,359.53,40.0,127.08,5083.82,0.31,Vertical Oblong,Grey,"(110, 56, 75)","(26.67, 1.0, -7.0)",7.07,4,VISIBLE,0.0,-0.3
15,5,can,0.4518,261.24,329.79,379.48,495.22,320.36,412.51,118.24,165.43,19560.44,0.71,Vertical Oblong,Black,"(155, 31, 47)","(18.04, 2.0, -1.0)",2.24,5,VISIBLE,-1.45,0.23
16,1,person,0.8523,610.84,137.68,772.13,712.27,691.48,424.97,161.29,574.58,92673.48,0.28,Vertical Oblong,Black,"(126, 185, 9)","(0.78, 2.0, -2.0)",2.83,1,VISIBLE,-0.55,-0.07
16,2,person,0.4532,1315.1,229.84,1360.0,539.45,1337.55,384.64,44.9,309.61,13900.58,0.15,Vertical Oblong,Black,"(126, 128, 18)","(3.14, 2.0, -2.0)",2.83,2,VISIBLE,0.38,1.12
16,3,person,0.3066,456.68,292.9,500.2,432.53,478.44,362.72,43.52,139.63,6076.78,0.31,Vertical Oblong,Grey,"(114, 48, 82)","(30.2, 1.0, -7.0)",7.07,3,VISIBLE,-0.55,0.54
16,4,person,0.2987,495.48,295.94,534.78,422.68,515.13,359.31,39.31,126.74,4981.6,0.31,Vertical Oblong,Grey,"(110, 56, 74)","(25.88, 1.0, -7.0)",7.07,4,VISIBLE,0.0,-0.24
16,5,can,0.3241,259.82,330.4,378.54,495.87,319.18,413.13,118.73,165.47,19645.67,0.72,Vertical Oblong,Black,"(155, 26, 47)","(18.04, 2.0, -1.0)",2.24,5,VISIBLE,-1.26,0.51
17,1,person,0.8579,612.34,138.5,772.96,714.92,692.65,426.71,160.62,576.42,92585.44,0.28,Vertical Oblong,Black,"(126, 185, 9)","(0.78, 2.0, -2.0)",2.83,1,VISIBLE,0.65,1.19
17,2,person,0.2886,1317.55,232.83,1360.0,544.39,1338.78,388.61,42.45,311.57,13225.28,0.14,Vertical Oblong,Black,"(126, 118, 18)","(3.14, 2.0, -2.0)",2.83,2,VISIBLE,0.97,3.11
17,3,person,0.3066,457.72,293.33,500.62,432.65,479.17,362.99,42.89,139.32,5975.84,0.31,Vertical Oblong,Grey,"(113, 52, 77)","(27.84, 1.0, -7.0)",7.07,3,VISIBLE,0.35,0.36
17,4,person,0.2987,495.57,295.88,534.58,422.68,515.08,359.28,39.01,126.81,4946.57,0.31,Vertical Oblong,Grey,"(110, 57, 71)","(25.1, 1.0, -7.0)",7.07,4,VISIBLE,-0.04,-0.09
17,5,can,0.4452,258.44,331.19,377.66,496.49,318.05,413.84,119.22,165.29,19706.9,0.72,Vertical Oblong,Black,"(155, 26, 47)","(18.04, 2.0, -1.0)",2.24,5,VISIBLE,-1.17,0.65
18,1,person,0.8547,615.15,140.59,774.87,717.97,695.01,429.28,159.72,577.38,92216.78,0.28,Vertical Oblong,Black,"(126, 185, 10)","(0.78, 2.0, -2.0)",2.83,1,VISIBLE,1.85,2.16
18,2,person,0.2886,1318.64,233.73,1360.0,546.32,1339.32,390.02,41.36,312.59,12930.08,0.13,Vertical Oblong,Black,"(126, 111, 19)","(3.53, 2.0, -2.0)",2.83,2,VISIBLE,0.67,1.92
18,4,person,0.2987,495.67,295.81,534.38,422.69,515.02,359.25,38.71,126.88,4911.5,0.31,Vertical Oblong,Grey,"(110, 59, 71)","(24.71, 1.0, -7.0)",7.07,4,VISIBLE,-0.05,-0.05
18,5,can,0.504,257.81,331.92,376.89,497.22,317.35,414.57,119.08,165.3,19684.09,0.72,Vertical Oblong,Black,"(155, 31, 47)","(18.04, 3.0, -1.0)",3.16,5,VISIBLE,-0.84,0.71
19,1,person,0.852,618.65,144.59,778.25,721.21,698.45,432.9,159.6,576.62,92028.41,0.28,Vertical Oblong,Black,"(126, 191, 9)","(0.78, 2.0, -2.0)",2.83,1,VISIBLE,2.96,3.18
19,2,person,0.2886,1319.72,234.63,1360.0,548.24,1339.86,391.43,40.28,313.61,12632.66,0.13,Vertical Oblong,Black,"(126, 107, 20)","(3.92, 2.0, -2.0)",2.83,2,VISIBLE,0.58,1.56
19,4,person,0.2987,495.76,295.74,534.18,422.69,514.97,359.22,38.41,126.95,4876.39,0.3,Vertical Oblong,Grey,"(111, 59, 70)","(24.31, 1.0, -7.0)",7.07,4,VISIBLE,-0.05,-0.04
19,5,can,0.5313,257.42,333.21,376.79,498.31,317.11,415.76,119.38,165.1,19708.83,0.72,Vertical Oblong,Black,"(158, 28, 47)","(17.65, 3.0, -1.0)",3.16,5,VISIBLE,-0.42,1.04
20,1,person,0.855,622.03,148.29,782.36,724.67,702.19,436.48,160.33,576.38,92412.43,0.28,Vertical Oblong,Black,"(126, 185, 9)","(0.78, 2.0, -2.0)",2.83,1,VISIBLE,3.51,3.46
20,2,person,0.2886,1320.8,235.53,1360.0,550.16,1340.4,392.85,39.2,314.63,12333.03,0.12,Vertical Oblong,Black,"(126, 97, 22)","(4.31, 2.0, -3.0)",3.61,2,VISIBLE,0.55,1.46
20,4,person,0.2987,495.86,295.68,533.97,422.7,514.92,359.19,38.11,127.02,4841.23,0.3,Vertical Oblong,Grey,"(113, 59, 71)","(24.71, 1.0, -8.0)",8.06,4,VISIBLE,-0.05,-0.03
20,5,can,0.5756,257.14,333.79,377.15,499.23,317.14,416.51,120.01,165.44,19854.25,0.73,Vertical Oblong,Black,"(158, 30, 47)","(17.65, 2.0, -1.0)",2.24,5,VISIBLE,-0.1,0.84
20,6,person,0.3241,1010.18,313.44,1060.55,428.29,1035.37,370.86,50.36,114.85,5784.48,0.44,Vertical Oblong,Black,"(133, 89, 31)","(7.84, 2.0, -4.0)",4.47,6,VISIBLE,0.0,0.0
21,1,person,0.8568,625.26,150.59,787.07,726.5,706.17,438.54,161.81,575.9,93188.52,0.28,Vertical Oblong,Black,"(126, 191, 9)","(0.78, 2.0, -2.0)",2.83,1,VISIBLE,3.83,2.48
21,2,person,0.2886,1321.88,236.43,1360.0,552.08,1340.94,394.26,38.12,315.65,12031.2,0.12,Vertical Oblong,Black,"(126, 85, 23)","(4.71, 2.0, -3.0)",3.61,2,VISIBLE,0.54,1.42
21,4,person,0.2987,495.96,295.61,533.77,422.7,514.86,359.16,37.82,127.09,4806.04,0.3,Vertical Oblong,Grey,"(113, 59, 71)","(24.71, 1.0, -7.0)",7.07,4,VISIBLE,-0.05,-0.03
21,6,person,0.2854,1013.89,313.19,1061.44,428.17,1037.67,370.68,47.55,114.98,5467.35,0.41,Vertical Oblong,Black,"(128, 85, 34)","(10.2, 2.0, -4.0)",4.47,6,VISIBLE,2.3,-0.19
21,5,can,0.4847,256.66,333.97,377.03,499.65,316.85,416.81,120.37,165.68,19942.47,0.73,Vertical Oblong,Black,"(161, 29, 47)","(18.04, 2.0, 0.0)",2.0,5,VISIBLE,-0.24,0.46
22,1,person,0.8474,628.21,150.33,791.64,725.73,709.92,438.03,163.43,575.39,94038.05,0.28,Vertical Oblong,Black,"(126, 191, 9)","(0.78, 2.0, -2.0)",2.83,1,VISIBLE,3.78,0.38
22,2,person,0.2886,1322.97,237.33,1360.0,554.0,1341.48,395.67,37.03,316.67,11727.15,0.12,Vertical Oblong,Black,"(126, 80, 24)","(5.49, 2.0, -3.0)",3.61,2,VISIBLE,0.54,1.41
22,6,person,0.2854,1015.12,313.03,1061.96,428.13,1038.54,370.58,46.84,115.1,5391.81,0.41,Vertical Oblong,Black,"(128, 85, 36)","(10.2, 3.0, -4.0)",5.0,6,VISIBLE,1.3,-0.13
22,5,can,0.5295,255.74,333.52,376.44,499.83,316.09,416.67,120.69,166.31,20072.35,0.73,Vertical Oblong,Black,"(165, 31, 48)","(17.65, 2.0, -1.0)",2.24,5,VISIBLE,-0.6,0.04
23,1,person,0.8502,630.35,148.52,795.29,722.6,712.82,435.56,164.94,574.08,94687.0,0.29,Vertical Oblong,Black,"(126, 182, 9)","(0.78, 2.0, -2.0)",2.83,1,VISIBLE,3.16,-1.61
23,6,person,0.2854,1016.35,312.87,1062.48,428.09,1039.42,370.48,46.14,115.22,5316.1,0.4,Vertical Oblong,Black,"(133, 84, 37)","(10.59, 2.0, -4.0)",4.47,6,VISIBLE,1.0,-0.11
23,5,can,0.5754,254.25,332.87,375.54,499.84,314.89,416.35,121.29,166.97,20252.68,0.73,Vertical Oblong,Black,"(165, 29, 47)","(18.04, 2.0, -1.0)",2.24,5,VISIBLE,-1.02,-0.21
24,1,person,0.855,631.74,145.33,798.63,718.36,715.19,431.84,166.89,573.03,95636.51,0.29,Vertical Oblong,Black,"(126, 182, 8)","(0.78, 2.0, -2.0)",2.83,1,VISIBLE,2.6,-3.08
24,6,person,0.2854,1017.57,312.71,1063.01,428.05,1040.29,370.38,45.43,115.34,5240.21,0.39,Vertical Oblong,Black,"(133, 85, 46)","(13.73, 4.0, -4.0)",5.66,6,VISIBLE,0.91,-0.1
24,5,can,0.6353,252.29,331.96,374.35,499.89,313.32,415.92,122.06,167.93,20497.39,0.73,Vertical Oblong,Black,"(165, 30, 47)","(17.65, 2.0, -1.0)",2.24,5,VISIBLE,-1.41,-0.36
24,3,person,0.3515,335.86,293.76,384.93,406.64,360.39,350.2,49.07,112.88,5538.94,0.43,Vertical Oblong,Red,"(175, 185, 110)","(24.31, 26.0, 17.0)",31.06,7,VISIBLE,-11.77,-1.17
25,1,person,0.8575,632.25,142.57,800.6,715.49,716.42,429.03,168.35,572.92,96451.03,0.29,Vertical Oblong,Black,"(126, 182, 8)","(0.78, 2.0, -2.0)",2.83,1,VISIBLE,1.65,-2.9
25,3,person,0.3344,335.35,292.26,384.82,408.0,360.09,350.13,49.47,115.75,5726.03,0.43,Vertical Oblong,Red,"(173, 186, 109)","(23.92, 27.0, 16.0)",31.38,7,VISIBLE,-3.75,-0.4
25,5,can,0.7064,250.19,331.1,373.43,499.86,311.81,415.48,123.23,168.75,20796.01,0.73,Vertical Oblong,Black,"(143, 26, 47)","(18.04, 2.0, 0.0)",2.0,5,VISIBLE,-1.48,-0.42
26,1,person,0.8541,632.35,140.87,801.64,715.54,716.99,428.21,169.29,574.67,97285.01,0.29,Vertical Oblong,Black,"(126, 182, 8)","(0.78, 2.0, -2.0)",2.83,1,VISIBLE,0.89,-1.45
26,3,person,0.3192,335.07,291.06,384.5,410.01,359.78,350.53,49.43,118.95,5879.96,0.42,Vertical Oblong,Red,"(173, 183, 107)","(23.92, 25.0, 16.0)",29.68,7,VISIBLE,-1.33,0.16
26,5,can,0.6348,247.54,330.3,372.77,499.95,310.15,415.13,125.23,169.65,21244.65,0.74,Vertical Oblong,Black,"(155, 27, 47)","(17.65, 2.0, 0.0)",2.0,5,VISIBLE,-1.6,-0.37
27,1,person,0.8571,632.83,141.98,801.63,717.8,717.23,429.89,168.8,575.82,97198.62,0.29,Vertical Oblong,Black,"(126, 182, 9)","(0.78, 2.0, -2.0)",2.83,1,VISIBLE,0.43,0.75
27,3,person,0.3075,334.56,290.21,384.2,413.39,359.38,351.8,49.64,123.18,6114.33,0.4,Vertical Oblong,Red,"(173, 181, 110)","(23.92, 24.0, 16.0)",28.84,7,VISIBLE,-0.68,0.93
27,5,can,0.5322,244.19,329.96,371.79,500.59,307.99,415.27,127.59,170.64,21772.35,0.75,Vertical Oblong,Black,"(158, 31, 47)","(17.65, 2.0, -1.0)",2.24,5,VISIBLE,-2.0,-0.01
28,1,person,0.8568,633.24,144.54,801.41,721.44,717.32,432.99,168.18,576.9,97021.2,0.29,Vertical Oblong,Black,"(126, 191, 8)","(0.78, 2.0, -2.0)",2.83,1,VISIBLE,0.2,2.39
28,3,person,0.3414,334.09,289.7,384.31,417.59,359.2,353.64,50.22,127.89,6422.41,0.39,Vertical Oblong,Red,"(169, 173, 114)","(25.1, 22.5, 16.0)",27.61,7,VISIBLE,-0.33,1.57
28,5,can,0.3993,239.94,329.91,369.97,501.79,304.95,415.85,130.03,171.88,22349.88,0.76,Vertical Oblong,Black,"(158, 32, 46)","(16.86, 2.0, -1.0)",2.24,5,VISIBLE,-2.72,0.4
28,4,person,0.3346,243.9,290.55,287.57,340.09,265.73,315.32,43.67,49.54,2163.25,0.88,Spherical / Regular,Grey,"(141, 39, 104)","(37.65, 5.0, -4.0)",6.4,8,VISIBLE,-24.93,-4.39
29,1,person,0.8684,633.42,147.93,801.1,724.92,717.26,436.43,167.68,577.0,96748.62,0.29,Vertical Oblong,Black,"(126, 185, 9)","(0.78, 2.0, -2.0)",2.83,1,VISIBLE,0.01,3.12
29,3,person,0.3401,333.46,290.44,384.16,420.4,358.81,355.42,50.7,129.96,6588.56,0.39,Vertical Oblong,Red,"(170, 177, 111)","(24.31, 22.0, 16.0)",27.2,7,VISIBLE,-0.37,1.71
29,4,person,0.3864,241.69,291.82,287.42,340.32,264.55,316.07,45.73,48.5,2217.87,0.94,Spherical / Regular,Grey,"(146, 38, 115)","(40.59, 6.0, -4.0)",7.21,8,VISIBLE,-8.3,-0.79
29,5,can,0.3199,236.5,330.21,368.56,503.0,302.53,416.61,132.06,172.79,22818.38,0.76,Vertical Oblong,Black,"(165, 36, 45)","(16.86, 3.0, -1.0)",3.16,5,VISIBLE,-2.51,0.65
29,6,person,0.3514,1030.66,309.75,1076.6,432.5,1053.63,371.12,45.94,122.74,5638.35,0.37,Vertical Oblong,Black,"(135, 93, 38)","(10.2, 2.0, -5.0)",5.39,9,VISIBLE,2.14,0.07
30,1,person,0.8666,632.94,150.53,800.56,727.57,716.75,439.05,167.62,577.04,96722.8,0.29,Vertical Oblong,Black,"(126, 185, 9)","(0.78, 2.0, -2.0)",2.83,1,VISIBLE,-0.35,2.77
30,3,person,0.379,332.82,291.72,384.06,422.18,358.44,356.95,51.24,130.47,6685.05,0.39,Vertical Oblong,Black,"(120, 121, 31)","(7.84, 4.0, -2.0)",4.47,7,VISIBLE,-0.37,1.59
30,4,person,0.4324,240.11,293.12,286.71,341.14,263.41,317.13,46.6,48.02,2237.51,0.97,Spherical / Regular,Grey,"(150, 36, 127)","(46.27, 6.0, -4.0)",7.21,8,VISIBLE,-3.29,0.5
30,6,person,0.3516,1031.26,309.0,1078.95,431.57,1055.11,370.29,47.68,122.56,5844.05,0.39,Vertical Oblong,Black,"(128, 93, 34)","(9.02, 2.0, -5.0)",5.39,9,VISIBLE,1.67,-0.57
30,5,can,0.6221,233.42,330.75,367.58,504.29,300.5,417.52,134.15,173.54,23280.53,0.77,Vertical Oblong,Black,"(158, 36, 45)","(16.86, 2.0, -1.0)",2.24,5,VISIBLE,-2.18,0.84
31,1,person,0.8638,632.03,151.77,799.39,728.38,715.71,440.08,167.36,576.62,96500.57,0.29,Vertical Oblong,Black,"(126, 191, 9)","(0.78, 2.0, -2.0)",2.83,1,VISIBLE,-0.83,1.55
31,3,person,0.3556,332.06,292.78,383.59,422.24,357.83,357.51,51.54,129.45,6671.74,0.4,Vertical Oblong,Black,"(126, 121, 31)","(7.84, 4.0, -2.0)",4.47,7,VISIBLE,-0.54,0.87
31,4,person,0.4554,239.76,294.28,286.28,341.76,263.02,318.02,46.52,47.47,2208.47,0.98,Spherical / Regular,Grey,"(152, 36, 141)","(51.96, 6.0, -3.0)",6.71,8,VISIBLE,-1.26,0.77
31,6,person,0.3296,1031.41,308.08,1082.32,431.5,1056.87,369.79,50.91,123.42,6282.85,0.41,Vertical Oblong,Black,"(126, 90, 37)","(10.2, 2.0, -6.0)",6.32,9,VISIBLE,1.73,-0.52
31,5,can,0.4446,230.45,331.31,366.61,505.16,298.53,418.23,136.16,173.86,23672.79,0.78,Vertical Oblong,Black,"(158, 35, 45)","(16.86, 2.0, -1.0)",2.24,5,VISIBLE,-2.03,0.75
32,1,person,0.8643,631.02,151.15,798.41,726.82,714.71,438.99,167.39,575.67,96361.35,0.29,Vertical Oblong,Black,"(126, 182, 9)","(0.78, 2.0, -2.0)",2.83,1,VISIBLE,-0.95,-0.3
32,3,person,0.3774,331.46,293.5,383.31,421.55,357.39,357.52,51.85,128.05,6640.07,0.4,Vertical Oblong,Black,"(120, 120, 30)","(7.45, 2.0, -3.0)",3.61,7,VISIBLE,-0.47,0.27
32,4,person,0.4532,239.23,294.71,285.73,342.02,262.48,318.36,46.5,47.31,2200.1,0.98,Spherical / Regular,Grey,"(146, 32, 150)","(57.25, 6.0, -3.0)",6.71,8,VISIBLE,-0.76,0.47
32,6,person,0.3297,1032.12,309.81,1084.8,431.43,1058.46,370.62,52.68,121.62,6406.59,0.43,Vertical Oblong,Black,"(120, 90, 40)","(10.98, 2.0, -6.0)",6.32,9,VISIBLE,1.64,0.43
32,5,can,0.4674,227.33,331.63,365.92,505.62,296.62,418.63,138.59,173.99,24112.1,0.8,Spherical / Regular,Black,"(158, 36, 45)","(16.86, 2.0, -1.0)",2.24,5,VISIBLE,-1.94,0.5
33,1,person,0.8643,629.94,150.26,796.7,723.1,713.32,436.68,166.76,572.84,95527.48,0.29,Vertical Oblong,Black,"(126, 182, 9)","(0.78, 2.0, -2.0)",2.83,1,VISIBLE,-1.26,-1.7
33,3,person,0.3944,330.91,293.24,383.04,421.51,356.98,357.37,52.13,128.27,6687.01,0.41,Vertical Oblong,Black,"(126, 113, 30)","(7.45, 3.0, -3.0)",4.24,7,VISIBLE,-0.43,-0.02
33,4,person,0.4582,238.84,294.91,284.93,341.65,261.88,318.28,46.09,46.74,2154.2,0.99,Spherical / Regular,Grey,"(155, 33, 149)","(56.47, 6.0, -3.0)",6.71,8,VISIBLE,-0.64,0.08
33,6,person,0.2885,1032.95,312.07,1088.82,431.78,1060.89,371.92,55.86,119.71,6687.16,0.47,Vertical Oblong,Black,"(120, 93, 46)","(12.94, 2.0, -6.0)",6.32,9,VISIBLE,2.19,1.04
33,5,can,0.5055,223.06,331.65,365.32,505.84,294.19,418.75,142.25,174.19,24779.26,0.82,Spherical / Regular,Black,"(158, 33, 45)","(16.86, 2.0, -1.0)",2.24,5,VISIBLE,-2.29,0.23
34,1,person,0.8614,628.69,149.57,794.19,720.99,711.44,435.28,165.5,571.42,94570.8,0.29,Vertical Oblong,Black,"(126, 182, 9)","(0.78, 2.0, -2.0)",2.83,1,VISIBLE,-1.69,-1.49
34,3,person,0.4323,330.82,293.08,382.78,422.03,356.8,357.56,51.96,128.95,6700.5,0.4,Vertical Oblong,Black,"(120, 113, 30)","(7.06, 2.0, -3.0)",3.61,7,VISIBLE,-0.25,0.12
34,4,person,0.4391,238.73,294.71,284.44,341.19,261.59,317.95,45.71,46.48,2124.43,0.98,Spherical / Regular,Grey,"(155, 33, 149)","(55.29, 6.0, -3.0)",6.71,8,VISIBLE,-0.4,-0.21
34,6,person,0.3193,1034.75,315.1,1092.88,432.23,1063.82,373.67,58.13,117.12,6808.46,0.5,Vertical Oblong,Black,"(114, 93, 49)","(14.51, 2.0, -6.0)",6.32,9,VISIBLE,2.71,1.53
34,5,can,0.454,219.26,331.24,364.64,505.97,291.95,418.6,145.39,174.73,25403.35,0.83,Spherical / Regular,Black,"(155, 36, 44)","(16.08, 2.0, -1.0)",2.24,5,VISIBLE,-2.25,-0.03
34,10,person,0.3116,473.2,287.83,533.4,434.26,503.3,361.05,60.2,146.43,8814.59,0.41,Vertical Oblong,Grey,"(113, 51, 76)","(25.88, 1.0, -7.0)",7.07,10,VISIBLE,0.0,0.0
35,1,person,0.8567,628.3,149.12,791.98,720.55,710.14,434.83,163.68,571.43,93533.69,0.29,Vertical Oblong,Black,"(126, 191, 9)","(0.78, 2.0, -2.0)",2.83,1,VISIBLE,-1.42,-0.76
35,3,person,0.4241,330.98,292.3,382.65,422.26,356.82,357.28,51.67,129.96,6715.14,0.4,Vertical Oblong,Black,"(120, 113, 30)","(7.06, 2.0, -3.0)",3.61,7,VISIBLE,-0.06,-0.16
35,4,person,0.492,238.64,293.7,283.92,341.1,261.28,317.4,45.28,47.4,2145.98,0.96,Spherical / Regular,Grey,"(155, 34, 142)","(49.41, 6.0, -3.0)",6.71,8,VISIBLE,-0.33,-0.45
35,6,person,0.2894,1037.37,316.19,1095.56,432.17,1066.46,374.18,58.19,115.99,6749.58,0.5,Vertical Oblong,Black,"(116, 92, 50)","(14.9, 2.0, -6.0)",6.32,9,VISIBLE,2.67,0.82
35,10,person,0.3116,473.2,288.15,533.38,434.3,503.29,361.23,60.18,146.15,8795.74,0.41,Vertical Oblong,Grey,"(114, 51, 77)","(27.06, 2.0, -7.0)",7.28,10,VISIBLE,-0.01,0.18
35,5,can,0.3793,216.22,331.16,363.68,506.22,289.95,418.69,147.45,175.06,25814.13,0.84,Spherical / Regular,Black,"(155, 36, 44)","(16.08, 2.0, -1.0)",2.24,5,VISIBLE,-2.08,0.05
36,1,person,0.8635,628.43,149.99,791.21,721.37,709.82,435.68,162.78,571.38,93007.52,0.28,Vertical Oblong,Black,"(126, 182, 9)","(0.78, 2.0, -2.0)",2.83,1,VISIBLE,-0.65,0.36
36,3,person,0.4329,331.3,291.53,382.66,422.44,356.98,356.98,51.36,130.91,6723.65,0.39,Vertical Oblong,Black,"(120, 113, 27)","(6.67, 2.0, -3.0)",3.61,7,VISIBLE,0.1,-0.25
36,4,person,0.4677,238.52,293.13,283.13,341.23,260.82,317.18,44.61,48.1,2145.37,0.93,Spherical / Regular,Grey,"(152, 35, 135)","(45.88, 6.0, -3.0)",6.71,8,VISIBLE,-0.42,-0.29
36,6,person,0.2894,1038.72,317.56,1098.47,432.25,1068.6,374.91,59.75,114.69,6852.46,0.52,Vertical Oblong,Black,"(113, 88, 52)","(15.69, 2.0, -5.0)",5.39,9,VISIBLE,2.29,0.75
36,10,person,0.3116,473.21,288.47,533.37,434.35,503.29,361.41,60.17,145.88,8776.91,0.41,Vertical Oblong,Grey,"(113, 49, 76)","(27.06, 2.0, -7.0)",7.28,10,VISIBLE,-0.0,0.18
36,5,can,0.3443,213.6,331.46,362.46,506.66,288.03,419.06,148.85,175.2,26079.97,0.85,Spherical / Regular,Black,"(143, 36, 43)","(15.69, 2.0, 0.0)",2.0,5,VISIBLE,-1.97,0.27
37,1,person,0.8578,629.11,151.6,791.41,722.98,710.26,437.29,162.3,571.38,92734.61,0.28,Vertical Oblong,Black,"(126, 182, 9)","(0.78, 2.0, -2.0)",2.83,1,VISIBLE,0.11,1.24
37,3,person,0.4037,331.2,291.43,382.54,422.62,356.87,357.02,51.34,131.19,6734.54,0.39,Vertical Oblong,Black,"(120, 112, 27)","(6.67, 2.0, -4.0)",4.47,7,VISIBLE,-0.05,-0.05
37,4,person,0.3974,238.06,292.48,282.11,341.24,260.08,316.86,44.05,48.76,2147.43,0.9,Spherical / Regular,Grey,"(155, 40, 123)","(41.18, 6.0, -3.0)",6.71,8,VISIBLE,-0.64,-0.31
37,6,person,0.3221,1045.36,316.33,1099.64,432.82,1072.5,374.58,54.28,116.48,6322.8,0.47,Vertical Oblong,Black,"(114, 89, 51)","(15.69, 3.0, -6.0)",6.71,9,VISIBLE,3.42,-0.0
37,5,can,0.5159,212.22,331.97,361.64,507.2,286.93,419.59,149.42,175.24,26184.79,0.85,Spherical / Regular,Black,"(155, 36, 44)","(16.08, 2.0, -1.0)",2.24,5,VISIBLE,-1.36,0.45
38,1,person,0.8561,631.0,153.94,792.31,725.99,711.65,439.96,161.32,572.05,92282.13,0.28,Vertical Oblong,Black,"(126, 182, 8)","(0.78, 2.0, -2.0)",2.83,1,VISIBLE,1.01,2.24
38,3,person,0.4064,331.07,291.45,382.43,422.77,356.75,357.11,51.36,131.32,6744.68,0.39,Vertical Oblong,Green,"(43, 183, 112)","(24.71, 24.0, 17.0)",29.41,7,VISIBLE,-0.1,0.05
38,4,person,0.3906,237.44,291.93,281.11,341.41,259.27,316.67,43.67,49.49,2161.15,0.88,Spherical / Regular,Grey,"(155, 37, 118)","(40.59, 6.0, -3.0)",6.71,8,VISIBLE,-0.76,-0.23
38,6,person,0.4106,1050.85,317.91,1099.41,433.08,1075.13,375.5,48.56,115.17,5592.52,0.42,Vertical Oblong,Black,"(114, 87, 50)","(15.29, 2.0, -6.0)",6.32,9,VISIBLE,2.87,0.64
38,5,can,0.351,211.22,332.2,361.57,507.92,286.39,420.06,150.35,175.72,26419.87,0.86,Spherical / Regular,Black,"(130, 36, 44)","(15.69, 2.0, 0.0)",2.0,5,VISIBLE,-0.78,0.47
39,1,person,0.8551,633.3,155.72,794.11,727.86,713.71,441.79,160.81,572.14,92008.44,0.28,Vertical Oblong,Black,"(126, 182, 9)","(0.78, 2.0, -2.0)",2.83,1,VISIBLE,1.74,1.95
39,3,person,0.3977,330.83,291.68,382.2,422.58,356.51,357.13,51.37,130.9,6723.84,0.39,Vertical Oblong,Black,"(120, 113, 26)","(5.88, 2.0, -4.0)",4.47,7,VISIBLE,-0.19,0.03
39,4,person,0.4109,236.46,292.3,280.18,341.52,258.32,316.91,43.73,49.22,2152.1,0.89,Spherical / Regular,Grey,"(155, 36, 118)","(40.59, 6.0, -3.0)",6.71,8,VISIBLE,-0.9,0.1
39,6,person,0.3167,1054.51,317.96,1100.1,433.03,1077.31,375.49,45.59,115.06,5245.96,0.4,Vertical Oblong,Black,"(116, 85, 50)","(15.69, 2.0, -6.0)",6.32,9,VISIBLE,2.38,0.19
39,5,can,0.2996,210.36,332.61,361.48,508.58,285.92,420.6,151.11,175.98,26592.38,0.86,Spherical / Regular,Black,"(143, 32, 44)","(15.69, 2.0, 0.0)",2.0,5,VISIBLE,-0.57,0.51
40,1,person,0.8577,635.83,156.31,797.03,728.29,716.43,442.3,161.2,571.99,92203.58,0.28,Vertical Oblong,Black,"(126, 182, 9)","(0.78, 2.0, -2.0)",2.83,1,VISIBLE,2.43,0.94
40,3,person,0.4228,330.41,292.84,381.52,422.33,355.96,357.58,51.11,129.49,6618.32,0.39,Vertical Oblong,Green,"(40, 182, 113)","(24.71, 23.0, 17.0)",28.6,7,VISIBLE,-0.44,0.33
40,4,person,0.439,235.62,293.09,279.02,341.4,257.32,317.25,43.4,48.31,2096.77,0.9,Spherical / Regular,Grey,"(155, 33, 116)","(42.35, 5.0, -3.0)",5.83,8,VISIBLE,-0.97,0.26
40,6,person,0.3167,1058.04,318.65,1101.56,433.17,1079.8,375.91,43.52,114.52,4984.5,0.38,Vertical Oblong,Black,"(114, 83, 49)","(15.29, 2.0, -6.0)",6.32,9,VISIBLE,2.46,0.35
40,5,can,0.3792,208.37,333.08,360.33,509.18,284.35,421.13,151.96,176.1,26759.92,0.86,Spherical / Regular,Black,"(143, 30, 43)","(15.69, 2.0, 0.0)",2.0,5,VISIBLE,-1.27,0.53
41,1,person,0.8508,638.02,155.48,800.51,724.5,719.26,439.99,162.49,569.02,92458.92,0.29,Vertical Oblong,Black,"(126, 182, 9)","(0.78, 2.0, -2.0)",2.83,1,VISIBLE,2.71,-1.33
41,3,person,0.3874,329.9,294.2,380.71,421.76,355.31,357.98,50.81,127.56,6481.64,0.4,Vertical Oblong,Green,"(40, 181, 112)","(23.92, 24.0, 17.0)",29.41,7,VISIBLE,-0.59,0.37
41,4,person,0.3846,234.95,293.06,277.72,340.94,256.34,317.0,42.77,47.89,2048.13,0.89,Spherical / Regular,Grey,"(155, 40, 110)","(39.61, 6.0, -3.0)",6.71,8,VISIBLE,-0.98,-0.09
41,6,person,0.3167,1061.57,319.34,1103.03,433.32,1082.3,376.33,41.46,113.98,4725.27,0.36,Vertical Oblong,Black,"(117, 82, 47)","(14.12, 2.0, -7.0)",7.28,9,VISIBLE,2.49,0.4
41,5,can,0.5945,205.6,333.3,359.44,509.57,282.52,421.43,153.84,176.27,27116.99,0.87,Spherical / Regular,Black,"(155, 32, 44)","(16.08, 2.0, -1.0)",2.24,5,VISIBLE,-1.66,0.37
42,1,person,0.8563,639.55,153.92,803.51,721.25,721.53,437.59,163.96,567.33,93022.15,0.29,Vertical Oblong,Black,"(126, 182, 9)","(0.78, 2.0, -2.0)",2.83,1,VISIBLE,2.4,-2.08
42,3,person,0.3597,329.54,295.26,380.02,421.14,354.78,358.2,50.48,125.88,6353.88,0.4,Vertical Oblong,Green,"(49, 184, 113)","(23.92, 25.0, 17.0)",30.23,7,VISIBLE,-0.55,0.27
42,4,person,0.3197,234.33,293.03,276.75,340.46,255.54,316.75,42.42,47.43,2012.1,0.89,Spherical / Regular,Grey,"(150, 40, 109)","(37.65, 6.0, -3.0)",6.71,8,VISIBLE,-0.85,-0.21
42,6,person,0.3148,1064.31,316.75,1103.85,432.97,1084.08,374.86,39.54,116.22,4595.14,0.34,Vertical Oblong,Black,"(116, 85, 40)","(10.98, 2.0, -6.0)",6.32,9,VISIBLE,1.99,-0.91
42,5,can,0.5417,203.45,333.18,358.8,509.76,281.13,421.47,155.35,176.58,27431.78,0.88,Spherical / Regular,Black,"(143, 32, 43)","(15.69, 2.0, 0.0)",2.0,5,VISIBLE,-1.48,0.14
43,1,person,0.8617,639.88,152.43,805.39,718.23,722.63,435.33,165.51,565.81,93647.1,0.29,Vertical Oblong,Black,"(126, 182, 9)","(0.78, 2.0, -2.0)",2.83,1,VISIBLE,1.49,-2.2
43,3,person,0.3107,329.22,295.73,379.38,420.07,354.3,357.9,50.16,124.34,6237.4,0.4,Vertical Oblong,Green,"(55, 184, 113)","(24.31, 26.0, 17.0)",31.06,7,VISIBLE,-0.5,-0.13
43,4,person,0.3209,233.28,291.53,275.59,339.96,254.44,315.75,42.31,48.42,2048.95,0.87,Spherical / Regular,Grey,"(155, 48, 91)","(32.16, 7.0, -4.0)",8.06,8,VISIBLE,-1.03,-0.76
43,6,person,0.2946,1066.23,316.62,1104.24,432.17,1085.23,374.4,38.01,115.55,4391.96,0.33,Vertical Oblong,Blue,"(108, 96, 89)","(29.02, 2.0, -12.0)",12.17,9,VISIBLE,1.41,-0.6
43,5,can,0.504,200.79,333.31,357.75,510.31,279.27,421.81,156.96,177.0,27781.87,0.89,Spherical / Regular,Black,"(143, 33, 43)","(15.69, 2.0, 0.0)",2.0,5,VISIBLE,-1.74,0.28
44,1,person,0.8687,638.8,151.56,806.36,718.21,722.58,434.88,167.57,566.65,94951.6,0.3,Vertical Oblong,Black,"(126, 182, 8)","(0.78, 2.0, -2.0)",2.83,1,VISIBLE,0.41,-0.97
44,3,person,0.2887,328.29,296.43,378.88,419.98,353.58,358.21,50.6,123.55,6251.27,0.41,Vertical Oblong,Green,"(41, 186, 113)","(24.31, 26.0, 18.0)",31.62,7,VISIBLE,-0.65,0.17
44,4,person,0.3131,232.0,290.27,274.5,339.93,253.25,315.1,42.5,49.66,2110.43,0.86,Spherical / Regular,Grey,"(150, 48, 82)","(28.24, 6.0, -3.0)",6.71,8,VISIBLE,-1.14,-0.68
44,6,person,0.2949,1068.18,318.77,1104.89,431.67,1086.54,375.22,36.71,112.9,4144.63,0.33,Vertical Oblong,Blue,"(108, 104, 81)","(25.88, 2.0, -12.0)",12.17,9,VISIBLE,1.33,0.4
44,5,can,0.5316,198.21,333.44,355.16,511.24,276.69,422.34,156.96,177.81,27907.74,0.88,Spherical / Regular,Black,"(50, 36, 43)","(15.69, 2.0, 0.0)",2.0,5,VISIBLE,-2.33,0.45
45,1,person,0.8625,637.4,151.56,806.64,719.88,722.02,435.72,169.24,568.32,96180.12,0.3,Vertical Oblong,Black,"(126, 182, 8)","(0.78, 2.0, -2.0)",2.83,1,VISIBLE,-0.27,0.29
45,3,person,0.3115,327.72,296.63,378.59,420.16,353.16,358.39,50.86,123.53,6283.25,0.41,Vertical Oblong,Green,"(41, 185, 113)","(24.31, 26.0, 19.0)",32.2,7,VISIBLE,-0.5,0.19
45,4,person,0.3131,231.11,289.66,273.44,339.71,252.28,314.69,42.33,50.05,2118.73,0.85,Spherical / Regular,Grey,"(152, 54, 83)","(27.84, 7.0, -4.0)",8.06,8,VISIBLE,-1.02,-0.49
45,6,person,0.3247,1069.3,319.54,1105.49,430.9,1087.39,375.22,36.19,111.37,4030.07,0.32,Vertical Oblong,Blue,"(109, 104, 79)","(24.71, 2.0, -12.0)",12.17,9,VISIBLE,1.0,0.12
45,5,can,0.541,195.2,333.74,353.03,512.19,274.12,422.96,157.83,178.44,28163.39,0.88,Spherical / Regular,Black,"(90, 33, 43)","(15.69, 2.0, 0.0)",2.0,5,VISIBLE,-2.5,0.57
46,1,person,0.8582,636.88,152.1,806.11,721.74,721.49,436.92,169.23,569.64,96402.78,0.3,Vertical Oblong,Black,"(126, 182, 8)","(0.78, 2.0, -2.0)",2.83,1,VISIBLE,-0.45,0.93
46,3,person,0.3019,327.56,296.29,378.63,419.93,353.1,358.11,51.07,123.64,6314.16,0.41,Vertical Oblong,Black,"(120, 100, 24)","(5.49, 2.0, -4.0)",4.47,7,VISIBLE,-0.19,-0.14
46,4,person,0.3131,230.22,289.06,272.39,339.5,251.3,314.28,42.17,50.44,2126.89,0.84,Spherical / Regular,Grey,"(155, 56, 81)","(27.45, 7.0, -4.0)",8.06,8,VISIBLE,-0.99,-0.43
46,6,person,0.3306,1070.13,316.77,1107.39,430.52,1088.76,373.64,37.26,113.75,4238.13,0.33,Vertical Oblong,Blue,"(108, 126, 70)","(21.18, 2.0, -12.0)",12.17,9,VISIBLE,1.26,-1.07
46,5,can,0.6893,191.93,334.38,351.1,513.02,271.52,423.7,159.18,178.64,28435.69,0.89,Spherical / Regular,Black,"(90, 32, 42)","(15.69, 2.0, 0.0)",2.0,5,VISIBLE,-2.57,0.69
47,1,person,0.8546,636.27,153.44,804.39,723.65,720.33,438.54,168.12,570.21,95862.92,0.29,Vertical Oblong,Black,"(126, 182, 9)","(0.78, 2.0, -2.0)",2.83,1,VISIBLE,-0.95,1.42
47,3,person,0.3448,327.69,295.01,378.22,420.61,352.95,357.81,50.53,125.59,6346.4,0.4,Vertical Oblong,Black,"(120, 98, 23)","(4.71, 2.0, -4.0)",4.47,7,VISIBLE,-0.16,-0.25
47,4,person,0.3131,229.33,288.45,271.33,339.28,250.33,313.86,42.0,50.83,2134.93,0.83,Spherical / Regular,Pink,"(162, 87, 99)","(30.98, 13.0, -4.0)",13.6,8,VISIBLE,-0.98,-0.42
47,6,person,0.3115,1070.61,314.7,1110.97,430.54,1090.79,372.62,40.36,115.83,4675.34,0.35,Vertical Oblong,Blue,"(107, 133, 65)","(18.82, 3.0, -12.0)",12.37,9,VISIBLE,1.8,-1.04
47,5,can,0.6831,187.96,334.92,349.32,513.91,268.64,424.42,161.36,178.99,28882.11,0.9,Spherical / Regular,Black,"(143, 32, 42)","(15.29, 2.0, 0.0)",2.0,5,VISIBLE,-2.78,0.71
48,1,person,0.8537,635.33,154.42,801.92,725.62,718.62,440.02,166.58,571.2,95152.77,0.29,Vertical Oblong,Black,"(126, 182, 8)","(0.78, 2.0, -2.0)",2.83,1,VISIBLE,-1.48,1.46
48,3,person,0.3429,327.35,293.27,377.49,421.02,352.42,357.15,50.15,127.75,6406.16,0.39,Vertical Oblong,Black,"(120, 97, 23)","(4.71, 2.0, -4.0)",4.47,7,VISIBLE,-0.42,-0.54
48,4,person,0.3131,228.44,287.84,270.27,339.06,249.36,313.45,41.83,51.22,2142.83,0.82,Spherical / Regular,Grey,"(155, 64, 74)","(25.49, 7.0, -4.0)",8.06,8,VISIBLE,-0.98,-0.42
48,6,person,0.2955,1070.8,313.01,1116.0,430.71,1093.4,371.86,45.2,117.7,5320.33,0.38,Vertical Oblong,Black,"(114, 102, 35)","(9.02, 2.0, -5.0)",5.39,9,VISIBLE,2.37,-0.84
48,5,can,0.5467,183.0,335.17,347.06,514.4,265.03,424.79,164.06,179.23,29405.24,0.92,Spherical / Regular,Black,"(143, 32, 41)","(15.29, 2.0, 0.0)",2.0,5,VISIBLE,-3.36,0.47
49,1,person,0.8617,633.59,155.12,798.94,726.58,716.26,440.85,165.34,571.46,94486.32,0.29,Vertical Oblong,Black,"(126, 182, 8)","(0.78, 2.0, -2.0)",2.83,1,VISIBLE,-2.1,1.02
49,3,person,0.3331,326.7,290.65,375.34,421.05,351.02,355.85,48.64,130.39,6341.82,0.37,Vertical Oblong,Black,"(120, 102, 24)","(4.71, 2.0, -4.0)",4.47,7,VISIBLE,-1.11,-1.07
49,4,person,0.3131,227.55,287.23,269.22,338.85,248.38,313.04,41.67,51.61,2150.61,0.81,Spherical / Regular,Pink,"(162, 84, 100)","(32.55, 13.0, -4.0)",13.6,8,VISIBLE,-0.97,-0.41
49,6,person,0.3622,1070.18,312.18,1121.35,430.73,1095.76,371.46,51.17,118.55,6065.88,0.43,Vertical Oblong,Black,"(120, 97, 33)","(8.24, 2.0, -5.0)",5.39,9,VISIBLE,2.37,-0.54
49,5,can,0.3989,178.09,334.43,344.23,514.58,261.16,424.5,166.15,180.15,29931.27,0.92,Spherical / Regular,Black,"(158, 33, 42)","(15.29, 2.0, -1.0)",2.24,5,VISIBLE,-3.72,-0.05
50,1,person,0.8536,630.74,154.93,795.81,726.78,713.27,440.85,165.07,571.85,94396.11,0.29,Vertical Oblong,Black,"(126, 182, 7)","(0.78, 2.0, -2.0)",2.83,1,VISIBLE,-2.72,0.31
50,3,person,0.3439,326.18,288.39,373.53,420.36,349.85,354.38,47.36,131.97,6249.44,0.36,Vertical Oblong,Black,"(120, 98, 23)","(4.31, 2.0, -4.0)",4.47,7,VISIBLE,-1.15,-1.35
50,6,person,0.4119,1070.2,310.76,1125.96,430.94,1098.08,370.85,55.76,120.18,6700.7,0.46,Vertical Oblong,Black,"(120, 91, 32)","(7.84, 2.0, -5.0)",5.39,9,VISIBLE,2.33,-0.58
50,5,can,0.4341,173.86,334.01,341.8,514.65,257.83,424.33,167.94,180.63,30334.77,0.93,Spherical / Regular,Black,"(155, 36, 41)","(14.9, 2.0, 0.0)",2.0,5,VISIBLE,-3.45,-0.14
51,1,person,0.8537,626.05,152.14,791.98,723.97,709.02,438.06,165.93,571.83,94884.75,0.29,Vertical Oblong,Black,"(126, 182, 8)","(0.78, 2.0, -2.0)",2.83,1,VISIBLE,-3.8,-1.87
51,3,person,0.3341,325.51,287.32,371.97,419.14,348.74,353.23,46.46,131.82,6124.53,0.35,Vertical Oblong,Black,"(120, 97, 23)","(4.71, 2.0, -5.0)",5.39,7,VISIBLE,-1.12,-1.21
51,6,person,0.5018,1070.36,309.25,1128.68,430.88,1099.52,370.07,58.32,121.63,7093.29,0.48,Vertical Oblong,Black,"(120, 88, 34)","(9.02, 2.0, -5.0)",5.39,9,VISIBLE,1.71,-0.72
51,5,can,0.6027,168.76,333.24,340.76,514.17,254.76,423.7,172.0,180.93,31119.23,0.95,Spherical / Regular,Black,"(165, 37, 41)","(14.9, 3.0, -1.0)",3.16,5,VISIBLE,-3.18,-0.48
51,11,car,0.3105,1264.57,296.27,1360.0,477.69,1312.28,386.98,95.43,181.41,17313.26,0.53,Vertical Oblong,Black,"(115, 77, 24)","(5.49, 2.0, -4.0)",4.47,11,VISIBLE,0.0,0.0
52,1,person,0.8513,619.94,147.95,785.51,719.07,702.72,433.51,165.57,571.12,94558.4,0.29,Vertical Oblong,Black,"(126, 182, 8)","(0.78, 2.0, -2.0)",2.83,1,VISIBLE,-5.54,-3.74
52,3,person,0.3409,325.29,287.42,370.49,417.99,347.89,352.7,45.19,130.57,5900.9,0.35,Vertical Oblong,Black,"(120, 98, 22)","(4.31, 2.0, -4.0)",4.47,7,VISIBLE,-0.93,-0.73
52,6,person,0.4314,1071.57,307.26,1129.81,430.73,1100.69,368.99,58.24,123.47,7191.06,0.47,Vertical Oblong,Black,"(126, 93, 35)","(9.41, 2.0, -3.0)",3.61,9,VISIBLE,1.33,-0.97
52,5,can,0.5347,163.91,331.87,338.68,513.72,251.29,422.8,174.77,181.85,31780.52,0.96,Spherical / Regular,Black,"(90, 36, 40)","(14.12, 2.0, 0.0)",2.0,5,VISIBLE,-3.38,-0.78
52,11,car,0.3105,1264.44,296.75,1360.0,477.53,1312.22,387.14,95.56,180.79,17275.66,0.53,Vertical Oblong,Black,"(115, 88, 23)","(4.71, 2.0, -4.0)",4.47,11,VISIBLE,-0.06,0.16
53,1,person,0.8494,614.05,144.53,778.84,714.76,696.44,429.64,164.79,570.23,93965.68,0.29,Vertical Oblong,Black,"(126, 182, 8)","(0.78, 2.0, -2.0)",2.83,1,VISIBLE,-6.06,-3.83
53,3,person,0.3153,325.0,287.84,369.47,417.52,347.23,352.68,44.47,129.69,5766.69,0.34,Vertical Oblong,Black,"(120, 102, 23)","(4.31, 2.0, -5.0)",5.39,7,VISIBLE,-0.74,-0.24
53,6,person,0.3602,1074.12,305.38,1132.49,430.17,1103.31,367.78,58.37,124.79,7284.15,0.47,Vertical Oblong,Black,"(128, 93, 37)","(9.41, 3.0, -3.0)",4.24,9,VISIBLE,2.23,-1.14
53,5,can,0.5888,159.43,330.4,336.19,513.23,247.81,421.82,176.76,182.83,32317.06,0.97,Spherical / Regular,Black,"(146, 36, 40)","(14.12, 2.0, 0.0)",2.0,5,VISIBLE,-3.45,-0.92
53,11,car,0.4041,1259.12,290.98,1360.0,475.46,1309.56,383.22,100.88,184.48,18609.13,0.55,Vertical Oblong,Black,"(115, 83, 25)","(5.49, 2.0, -4.0)",4.47,11,VISIBLE,-1.88,-2.7
54,1,person,0.8476,609.33,141.56,773.05,710.95,691.19,426.26,163.72,569.39,93219.39,0.29,Vertical Oblong,Black,"(126, 182, 8)","(0.78, 2.0, -2.0)",2.83,1,VISIBLE,-5.5,-3.52
54,3,person,0.3813,324.67,289.7,368.81,417.74,346.74,353.72,44.14,128.04,5652.08,0.34,Vertical Oblong,Black,"(120, 106, 22)","(3.92, 2.0, -4.0)",4.47,7,VISIBLE,-0.57,0.66
54,6,person,0.3404,1077.98,305.07,1133.46,429.98,1105.72,367.52,55.47,124.91,6929.45,0.44,Vertical Oblong,Black,"(135, 97, 39)","(10.59, 3.0, -3.0)",4.24,9,VISIBLE,2.36,-0.52
54,5,can,0.6946,155.13,329.12,333.51,513.26,244.32,421.19,178.38,184.14,32846.62,0.97,Spherical / Regular,Black,"(135, 35, 39)","(14.12, 2.0, 0.0)",2.0,5,VISIBLE,-3.48,-0.71
54,11,car,0.4551,1250.58,283.93,1360.0,473.06,1305.29,378.49,109.42,189.13,20694.49,0.58,Vertical Oblong,Black,"(115, 93, 26)","(5.49, 2.0, -4.0)",4.47,11,VISIBLE,-3.55,-4.12
55,1,person,0.8552,605.13,140.45,768.27,708.62,686.7,424.54,163.15,568.18,92696.29,0.29,Vertical Oblong,Black,"(126, 182, 8)","(0.78, 2.0, -2.0)",2.83,1,VISIBLE,-4.79,-2.26
55,3,person,0.3729,323.73,291.91,368.39,418.46,346.06,355.19,44.66,126.54,5650.81,0.35,Vertical Oblong,Black,"(120, 106, 23)","(3.92, 2.0, -5.0)",5.39,7,VISIBLE,-0.65,1.22
55,6,person,0.4022,1081.47,307.06,1133.96,429.85,1107.71,368.45,52.5,122.78,6445.75,0.43,Vertical Oblong,Black,"(143, 101, 37)","(9.41, 2.0, -2.0)",2.83,9,VISIBLE,2.1,0.5
55,5,can,0.7231,149.58,328.66,330.83,513.71,240.2,421.19,181.25,185.05,33541.68,0.98,Spherical / Regular,Black,"(143, 35, 37)","(12.94, 2.0, 0.0)",2.0,5,VISIBLE,-3.92,-0.22
55,11,car,0.486,1243.3,275.69,1360.0,473.37,1301.65,374.53,116.7,197.68,23069.44,0.59,Vertical Oblong,Black,"(115, 102, 25)","(5.49, 2.0, -4.0)",4.47,11,VISIBLE,-3.61,-4.01
56,1,person,0.8494,601.37,141.22,764.73,709.33,683.05,425.28,163.36,568.11,92807.63,0.29,Vertical Oblong,Black,"(126, 182, 8)","(0.78, 2.0, -2.0)",2.83,1,VISIBLE,-3.99,-0.16
56,3,person,0.3839,322.69,294.23,368.35,419.33,345.52,356.78,45.66,125.1,5711.46,0.36,Vertical Oblong,Black,"(120, 106, 21)","(3.92, 2.0, -4.0)",4.47,7,VISIBLE,-0.57,1.48
56,6,person,0.3779,1086.59,309.75,1134.5,429.19,1110.55,369.47,47.91,119.44,5722.53,0.4,Vertical Oblong,Black,"(135, 106, 30)","(7.06, 2.0, -2.0)",2.83,9,VISIBLE,2.61,0.86
56,5,can,0.6816,144.44,329.13,328.35,514.6,236.4,421.86,183.91,185.48,34110.72,0.99,Spherical / Regular,Black,"(143, 36, 36)","(12.55, 2.0, 0.0)",2.0,5,VISIBLE,-3.84,0.41
56,11,car,0.493,1234.77,267.59,1360.0,474.67,1297.38,371.13,125.23,207.09,25934.27,0.6,Vertical Oblong,Black,"(115, 116, 23)","(4.71, 2.0, -3.0)",3.61,11,VISIBLE,-4.07,-3.58
57,1,person,0.8505,598.6,142.99,762.54,713.0,680.57,427.99,163.94,570.01,93450.08,0.29,Vertical Oblong,Black,"(126, 182, 8)","(0.78, 2.0, -2.0)",2.83,1,VISIBLE,-2.93,1.86
57,3,person,0.3848,321.27,295.78,368.17,420.67,344.72,358.22,46.9,124.89,5857.37,0.38,Vertical Oblong,Black,"(120, 107, 20)","(3.53, 2.0, -4.0)",4.47,7,VISIBLE,-0.73,1.46
57,6,person,0.3779,1089.63,310.19,1135.98,428.88,1112.81,369.54,46.35,118.69,5501.36,0.39,Vertical Oblong,Black,"(135, 104, 29)","(6.67, 2.0, -3.0)",3.61,9,VISIBLE,2.37,0.3
57,5,can,0.7032,138.32,330.07,325.85,516.16,232.09,423.11,187.53,186.09,34896.95,1.01,Spherical / Regular,Black,"(155, 37, 35)","(12.16, 2.0, 0.0)",2.0,5,VISIBLE,-4.17,1.0
57,11,car,0.4829,1226.53,257.13,1360.0,475.94,1293.26,366.54,133.47,218.81,29204.55,0.61,Vertical Oblong,Black,"(114, 120, 25)","(4.71, 2.0, -3.0)",3.61,11,VISIBLE,-4.1,-4.29
57,10,person,0.2957,468.99,286.8,522.13,444.16,495.56,365.48,53.14,157.36,8362.07,0.34,Vertical Oblong,Grey,"(114, 55, 68)","(22.75, 2.0, -7.0)",7.28,12,VISIBLE,-0.26,0.19
58,1,person,0.8532,597.04,144.57,761.61,716.51,679.32,430.54,164.57,571.94,94121.46,0.29,Vertical Oblong,Black,"(126, 182, 9)","(0.78, 2.0, -2.0)",2.83,1,VISIBLE,-1.75,2.34
58,3,person,0.408,320.25,297.85,368.53,421.29,344.39,359.57,48.28,123.44,5960.02,0.39,Vertical Oblong,Black,"(120, 111, 19)","(3.53, 2.0, -4.0)",4.47,7,VISIBLE,-0.45,1.38
58,6,person,0.3779,1092.68,310.64,1137.47,428.57,1115.07,369.61,44.79,117.94,5282.54,0.38,Vertical Oblong,Black,"(135, 105, 27)","(5.88, 2.0, -4.0)",4.47,9,VISIBLE,2.3,0.14
58,10,person,0.334,468.33,286.82,521.98,444.36,495.16,365.59,53.66,157.54,8453.35,0.34,Vertical Oblong,Black,"(114, 57, 65)","(21.96, 2.0, -7.0)",7.28,12,VISIBLE,-0.36,0.13
58,5,can,0.7728,135.33,331.17,323.75,517.48,229.54,424.33,188.43,186.31,35105.5,1.01,Spherical / Regular,Black,"(130, 38, 35)","(11.76, 2.0, 0.0)",2.0,5,VISIBLE,-3.03,1.15
58,11,car,0.4527,1220.21,248.89,1360.0,476.38,1290.11,362.63,139.79,227.49,31800.37,0.61,Vertical Oblong,Black,"(113, 121, 25)","(5.49, 2.0, -3.0)",3.61,11,VISIBLE,-3.44,-4.02
59,1,person,0.8503,596.36,146.83,761.49,719.77,678.93,433.3,165.14,572.94,94615.25,0.29,Vertical Oblong,Black,"(126, 191, 9)","(0.78, 2.0, -2.0)",2.83,1,VISIBLE,-0.81,2.63
59,3,person,0.3546,319.93,298.96,368.96,421.48,344.45,360.22,49.03,122.52,6007.85,0.4,Vertical Oblong,Black,"(120, 113, 18)","(3.14, 2.0, -4.0)",4.47,7,VISIBLE,-0.1,0.87
59,6,person,0.3779,1095.72,311.08,1138.95,428.27,1117.34,369.68,43.23,117.18,5066.07,0.37,Vertical Oblong,Black,"(141, 108, 28)","(6.27, 2.0, -4.0)",4.47,9,VISIBLE,2.27,0.09
59,10,person,0.3029,466.61,287.54,521.47,444.59,494.04,366.07,54.85,157.05,8614.6,0.35,Vertical Oblong,Black,"(114, 58, 64)","(21.57, 2.0, -7.0)",7.28,12,VISIBLE,-0.89,0.37
59,5,can,0.814,133.5,332.11,321.35,518.85,227.42,425.48,187.84,186.73,35076.91,1.01,Spherical / Regular,Black,"(158, 40, 35)","(11.76, 2.0, 0.0)",2.0,5,VISIBLE,-2.39,1.15
59,11,car,0.4299,1213.58,245.8,1360.0,477.82,1286.79,361.81,146.42,232.02,33972.44,0.63,Vertical Oblong,Black,"(113, 118, 25)","(5.49, 2.0, -2.0)",2.83,11,VISIBLE,-3.35,-1.78
60,1,person,0.8626,596.47,149.45,761.77,723.26,679.12,436.35,165.31,573.82,94857.04,0.29,Vertical Oblong,Black,"(126, 191, 9)","(0.78, 2.0, -2.0)",2.83,1,VISIBLE,-0.11,2.93
60,3,person,0.346,320.79,298.4,369.58,421.03,345.19,359.72,48.79,122.63,5983.42,0.4,Vertical Oblong,Black,"(120, 113, 18)","(3.14, 2.0, -4.0)",4.47,7,VISIBLE,0.49,-0.09
60,6,person,0.3431,1098.83,309.59,1142.44,429.32,1120.64,369.46,43.61,119.73,5221.3,0.36,Vertical Oblong,Black,"(135, 113, 28)","(6.27, 2.0, -3.0)",3.61,9,VISIBLE,2.99,-0.13
60,10,person,0.2893,465.66,289.02,519.92,444.56,492.79,366.79,54.27,155.54,8440.76,0.35,Vertical Oblong,Black,"(114, 62, 62)","(21.18, 2.0, -7.0)",7.28,12,VISIBLE,-1.14,0.62
60,5,can,0.7907,131.33,333.28,318.68,520.04,225.01,426.66,187.35,186.76,34989.77,1.0,Spherical / Regular,Black,"(113, 38, 36)","(12.55, 2.0, 0.0)",2.0,5,VISIBLE,-2.41,1.17
60,11,car,0.4582,1205.99,244.39,1360.0,479.69,1283.0,362.04,154.01,235.29,36237.15,0.65,Vertical Oblong,Black,"(113, 113, 23)","(4.71, 2.0, -2.0)",2.83,11,VISIBLE,-3.66,-0.37
61,5,can,0.8693,129.28,333.38,316.12,520.91,222.7,427.14,186.84,187.53,35037.62,1.0,Spherical / Regular,Black,"(155, 38, 36)","(12.55, 2.0, 0.0)",2.0,5,VISIBLE,-2.34,0.69
61,1,person,0.8639,597.12,151.23,762.38,725.83,679.75,438.53,165.26,574.6,94959.42,0.29,Vertical Oblong,Black,"(126, 197, 9)","(0.78, 2.0, -2.0)",2.83,1,VISIBLE,0.41,2.4
61,3,person,0.3738,321.92,298.0,369.9,419.56,345.91,358.78,47.98,121.56,5832.86,0.39,Vertical Oblong,Black,"(120, 120, 18)","(2.75, 2.0, -4.0)",4.47,7,VISIBLE,0.65,-0.68
61,6,person,0.4012,1100.83,306.99,1145.05,429.96,1122.94,368.48,44.21,122.97,5437.12,0.36,Vertical Oblong,Black,"(143, 119, 26)","(5.88, 2.0, -3.0)",3.61,9,VISIBLE,2.51,-0.72
61,10,person,0.3047,465.7,290.19,518.25,444.52,491.98,367.35,52.55,154.34,8110.78,0.34,Vertical Oblong,Black,"(114, 62, 63)","(21.57, 2.0, -7.0)",7.28,12,VISIBLE,-0.91,0.58
61,11,car,0.4288,1198.74,246.0,1360.0,480.05,1279.37,363.03,161.26,234.05,37742.98,0.69,Vertical Oblong,Black,"(113, 109, 24)","(4.71, 2.0, -2.0)",2.83,11,VISIBLE,-3.64,0.58
62,1,person,0.8686,598.05,151.68,763.19,727.76,680.62,439.72,165.14,576.08,95135.75,0.29,Vertical Oblong,Black,"(126, 191, 9)","(0.78, 2.0, -2.0)",2.83,1,VISIBLE,0.73,1.55
62,3,person,0.3964,322.72,297.29,370.08,418.46,346.4,357.87,47.36,121.17,5738.21,0.39,Vertical Oblong,Black,"(120, 120, 17)","(2.75, 2.0, -4.0)",4.47,7,VISIBLE,0.54,-0.84
62,6,person,0.3815,1102.28,304.27,1147.22,430.38,1124.75,367.33,44.93,126.1,5666.38,0.36,Vertical Oblong,Black,"(135, 112, 26)","(5.49, 3.0, -3.0)",4.24,9,VISIBLE,2.02,-1.02
62,10,person,0.3367,466.06,290.59,517.01,444.38,491.53,367.49,50.95,153.79,7835.85,0.33,Vertical Oblong,Black,"(114, 61, 63)","(21.18, 2.0, -7.0)",7.28,12,VISIBLE,-0.58,0.27
62,5,can,0.8492,126.39,332.76,313.78,521.36,220.08,427.06,187.39,188.6,35342.91,0.99,Spherical / Regular,Black,"(155, 38, 36)","(12.55, 2.0, 0.0)",2.0,5,VISIBLE,-2.53,0.15
62,11,car,0.4362,1191.94,249.07,1360.0,481.03,1275.97,365.05,168.06,231.96,38983.27,0.72,Vertical Oblong,Black,"(113, 102, 24)","(4.71, 2.0, -2.0)",2.83,11,VISIBLE,-3.47,1.59
63,1,person,0.8647,599.23,150.17,764.22,728.83,681.72,439.5,164.99,578.66,95473.55,0.29,Vertical Oblong,Black,"(126, 194, 9)","(0.78, 2.0, -2.0)",2.83,1,VISIBLE,0.99,0.31
63,3,person,0.3826,322.56,296.37,369.92,417.46,346.24,356.92,47.36,121.08,5734.89,0.39,Vertical Oblong,Black,"(120, 120, 17)","(2.75, 2.0, -4.0)",4.47,7,VISIBLE,0.05,-0.92
63,6,person,0.3828,1103.62,303.16,1148.83,430.74,1126.23,366.95,45.21,127.58,5768.35,0.35,Vertical Oblong,Black,"(135, 110, 26)","(5.49, 2.0, -3.0)",3.61,9,VISIBLE,1.64,-0.57
63,10,person,0.3511,466.02,289.9,516.1,443.84,491.06,366.87,50.09,153.94,7710.36,0.33,Vertical Oblong,Black,"(114, 60, 63)","(21.18, 2.0, -7.0)",7.28,12,VISIBLE,-0.51,-0.35
63,5,can,0.8359,123.37,332.22,311.61,521.49,217.49,426.86,188.24,189.27,35627.25,0.99,Spherical / Regular,Black,"(155, 38, 37)","(12.55, 2.0, 0.0)",2.0,5,VISIBLE,-2.58,-0.1
63,11,car,0.4762,1185.42,249.86,1360.0,482.4,1272.71,366.13,174.58,232.54,40595.5,0.75,Vertical Oblong,Black,"(113, 97, 24)","(5.49, 1.0, -3.0)",3.16,11,VISIBLE,-3.32,1.23
64,5,can,0.8647,121.9,332.09,310.06,521.56,215.98,426.83,188.16,189.47,35651.02,0.99,Spherical / Regular,Black,"(155, 38, 36)","(12.55, 2.0, 0.0)",2.0,5,VISIBLE,-1.83,-0.05
64,1,person,0.8629,600.31,148.44,764.91,729.0,682.61,438.72,164.6,580.56,95557.57,0.28,Vertical Oblong,Black,"(126, 191, 9)","(0.78, 2.0, -2.0)",2.83,1,VISIBLE,0.92,-0.45
64,3,person,0.3543,322.18,295.4,369.51,416.94,345.85,356.17,47.33,121.54,5752.19,0.39,Vertical Oblong,Black,"(120, 128, 17)","(2.75, 2.0, -4.0)",4.47,7,VISIBLE,-0.26,-0.8
64,6,person,0.3502,1105.7,303.39,1150.28,431.28,1127.99,367.33,44.58,127.9,5701.28,0.35,Vertical Oblong,Black,"(135, 112, 24)","(5.49, 2.0, -3.0)",3.61,9,VISIBLE,1.73,0.1
64,10,person,0.3831,465.77,289.14,515.59,443.01,490.68,366.08,49.83,153.87,7666.87,0.32,Vertical Oblong,Black,"(113, 59, 62)","(20.78, 2.0, -7.0)",7.28,12,VISIBLE,-0.42,-0.66
64,11,car,0.5253,1179.13,249.99,1360.0,484.17,1269.57,367.08,180.87,234.19,42356.52,0.77,Vertical Oblong,Black,"(113, 98, 22)","(4.71, 0.0, -2.0)",2.0,11,VISIBLE,-3.2,1.03
65,5,can,0.8847,120.67,332.38,308.64,522.24,214.66,427.31,187.97,189.87,35688.49,0.99,Spherical / Regular,Black,"(155, 38, 36)","(12.94, 2.0, -1.0)",2.24,5,VISIBLE,-1.48,0.32
65,1,person,0.8478,602.01,147.13,765.67,727.0,683.84,437.07,163.67,579.87,94904.42,0.28,Vertical Oblong,Black,"(126, 191, 9)","(0.78, 2.0, -2.0)",2.83,1,VISIBLE,1.14,-1.29
65,3,person,0.3538,321.65,294.75,368.54,416.62,345.1,355.69,46.89,121.87,5714.57,0.38,Vertical Oblong,Black,"(120, 128, 17)","(2.75, 2.0, -4.0)",4.47,7,VISIBLE,-0.6,-0.58
65,6,person,0.3774,1107.83,303.22,1152.24,431.61,1130.03,367.42,44.41,128.4,5702.5,0.35,Vertical Oblong,Black,"(130, 108, 23)","(4.71, 2.0, -2.0)",2.83,9,VISIBLE,1.95,0.09
65,10,person,0.3803,465.05,288.4,515.28,443.5,490.17,365.95,50.23,155.09,7789.78,0.32,Vertical Oblong,Black,"(114, 58, 62)","(20.78, 2.0, -7.0)",7.28,12,VISIBLE,-0.49,-0.29
65,11,car,0.5117,1172.25,249.7,1360.0,483.8,1266.12,366.75,187.75,234.11,43954.87,0.8,Spherical / Regular,Black,"(113, 93, 23)","(5.49, 0.0, -2.0)",2.0,11,VISIBLE,-3.37,0.08
66,5,can,0.9018,119.88,332.93,307.57,522.75,213.72,427.84,187.69,189.82,35626.77,0.99,Spherical / Regular,Black,"(155, 38, 35)","(12.55, 2.0, 0.0)",2.0,5,VISIBLE,-1.09,0.47
66,1,person,0.853,603.5,146.32,766.18,723.97,684.84,435.14,162.68,577.65,93973.97,0.28,Vertical Oblong,Black,"(126, 191, 9)","(0.78, 2.0, -2.0)",2.83,1,VISIBLE,1.04,-1.73
66,3,person,0.3125,321.08,294.6,367.83,416.62,344.45,355.61,46.75,122.02,5704.53,0.38,Vertical Oblong,Black,"(120, 128, 17)","(2.75, 2.0, -4.0)",4.47,7,VISIBLE,-0.63,-0.23
66,6,person,0.4134,1108.64,302.84,1154.83,431.92,1131.73,367.38,46.18,129.08,5961.62,0.36,Vertical Oblong,Black,"(129, 105, 23)","(4.71, 2.0, -2.5)",3.2,9,VISIBLE,1.77,0.0
66,10,person,0.3644,464.71,287.92,515.2,443.76,489.96,365.84,50.5,155.85,7870.0,0.32,Vertical Oblong,Black,"(113, 58, 63)","(20.39, 2.0, -7.0)",7.28,12,VISIBLE,-0.29,-0.16
66,11,car,0.5369,1164.73,249.23,1360.0,481.03,1262.36,365.13,195.27,231.8,45262.95,0.84,Spherical / Regular,Black,"(113, 93, 24)","(5.49, 0.0, -3.0)",3.0,11,VISIBLE,-3.64,-1.11
67,5,can,0.8638,119.04,333.58,306.4,523.48,212.72,428.53,187.36,189.89,35578.22,0.99,Spherical / Regular,Black,"(158, 39, 36)","(12.55, 2.0, 0.0)",2.0,5,VISIBLE,-1.03,0.62
67,1,person,0.8595,604.61,145.64,766.84,718.84,685.73,432.24,162.22,573.2,92986.94,0.28,Vertical Oblong,Black,"(126, 185, 9)","(0.78, 2.0, -2.0)",2.83,1,VISIBLE,0.93,-2.55
67,3,person,0.3471,320.42,294.93,367.2,416.93,343.81,355.93,46.78,122.01,5707.4,0.38,Vertical Oblong,Black,"(120, 128, 18)","(3.14, 2.0, -4.0)",4.47,7,VISIBLE,-0.64,0.16
67,6,person,0.3658,1109.14,301.12,1157.08,431.63,1133.11,366.37,47.93,130.5,6255.24,0.37,Vertical Oblong,Black,"(128, 105, 23)","(4.71, 3.0, -3.0)",4.24,9,VISIBLE,1.49,-0.7
67,10,person,0.3953,464.55,287.66,515.35,444.73,489.95,366.19,50.8,157.07,7979.05,0.32,Vertical Oblong,Grey,"(113, 57, 67)","(22.75, 2.0, -7.0)",7.28,12,VISIBLE,-0.09,0.2
67,11,car,0.497,1158.27,248.81,1360.0,478.93,1259.14,363.87,201.73,230.13,46423.24,0.88,Spherical / Regular,Black,"(113, 92, 24)","(5.49, 0.0, -3.0)",3.0,11,VISIBLE,-3.35,-1.22
68,1,person,0.8626,604.98,145.14,767.46,715.32,686.22,430.23,162.48,570.18,92643.15,0.28,Vertical Oblong,Black,"(126, 191, 9)","(0.78, 2.0, -2.0)",2.83,1,VISIBLE,0.63,-2.17
68,3,person,0.3432,319.87,295.39,366.75,416.92,343.31,356.15,46.88,121.53,5697.56,0.39,Vertical Oblong,Black,"(120, 127, 18)","(3.14, 0.0, -4.0)",4.0,7,VISIBLE,-0.54,0.2
68,6,person,0.4537,1110.91,301.68,1158.82,430.43,1134.87,366.05,47.91,128.75,6168.34,0.37,Vertical Oblong,Black,"(130, 105, 22)","(4.31, 2.0, -2.0)",2.83,9,VISIBLE,1.68,-0.43
68,10,person,0.4046,465.05,287.55,515.47,445.62,490.26,366.59,50.42,158.07,7969.92,0.32,Vertical Oblong,Grey,"(113, 55, 72)","(24.31, 1.0, -7.0)",7.07,12,VISIBLE,0.19,0.33
68,5,can,0.8031,116.19,334.11,305.14,524.24,210.67,429.17,188.94,190.13,35923.9,0.99,Spherical / Regular,Black,"(155, 39, 36)","(12.55, 2.0, 0.0)",2.0,5,VISIBLE,-1.75,0.64
68,11,car,0.4984,1152.73,247.85,1360.0,477.6,1256.37,362.73,207.27,229.75,47619.33,0.9,Spherical / Regular,Black,"(113, 96, 23)","(4.71, 0.0, -2.0)",2.0,11,VISIBLE,-2.95,-1.17
69,1,person,0.8566,604.85,144.65,767.78,713.34,686.31,428.99,162.93,568.69,92658.69,0.29,Vertical Oblong,Black,"(126, 182, 9)","(0.78, 2.0, -2.0)",2.83,1,VISIBLE,0.25,-1.52
69,3,person,0.3469,319.44,295.9,366.39,416.26,342.92,356.08,46.94,120.36,5649.86,0.39,Vertical Oblong,Black,"(120, 113, 20)","(3.53, 2.0, -5.0)",5.39,7,VISIBLE,-0.44,0.01
69,6,person,0.4531,1112.76,302.25,1159.64,428.93,1136.2,365.59,46.88,126.67,5938.36,0.37,Vertical Oblong,Black,"(135, 107, 22)","(4.31, 2.0, -2.0)",2.83,9,VISIBLE,1.44,-0.46
69,10,person,0.4471,465.69,287.22,515.78,446.26,490.73,366.74,50.09,159.05,7967.06,0.31,Vertical Oblong,Grey,"(113, 53, 78)","(27.45, 1.0, -7.0)",7.07,12,VISIBLE,0.39,0.21
69,5,can,0.7848,114.37,334.47,304.2,524.71,209.29,429.59,189.83,190.24,36114.33,1.0,Spherical / Regular,Black,"(155, 38, 37)","(12.55, 2.0, -1.0)",2.24,5,VISIBLE,-1.49,0.48
69,11,car,0.5244,1148.15,247.36,1360.0,476.37,1254.07,361.86,211.85,229.01,48515.88,0.93,Spherical / Regular,Black,"(113, 93, 23)","(5.49, 0.0, -2.0)",2.0,11,VISIBLE,-2.49,-0.95
70,1,person,0.8545,604.4,144.11,767.91,712.61,686.16,428.36,163.5,568.5,92952.18,0.29,Vertical Oblong,Black,"(126, 182, 9)","(0.78, 2.0, -2.0)",2.83,1,VISIBLE,-0.04,-0.9
70,3,person,0.3192,319.15,296.89,365.73,415.32,342.44,356.11,46.59,118.44,5517.68,0.39,Vertical Oblong,Black,"(120, 113, 21)","(3.53, 2.0, -5.0)",5.39,7,VISIBLE,-0.46,0.02
70,6,person,0.4531,1114.37,302.04,1161.35,428.39,1137.86,365.21,46.97,126.35,5934.89,0.37,Vertical Oblong,Black,"(128, 93, 21)","(4.31, 2.0, -2.0)",2.83,9,VISIBLE,1.59,-0.4
70,10,person,0.3769,466.62,287.05,516.16,447.3,491.39,367.17,49.53,160.25,7937.47,0.31,Vertical Oblong,Grey,"(113, 53, 81)","(29.02, 1.0, -7.0)",7.07,12,VISIBLE,0.58,0.37
70,5,can,0.8018,112.92,334.45,303.31,524.9,208.12,429.68,190.39,190.45,36259.03,1.0,Spherical / Regular,Black,"(158, 40, 37)","(12.94, 2.0, -1.0)",2.24,5,VISIBLE,-1.27,0.2
70,11,car,0.5066,1142.72,247.39,1359.95,475.08,1251.33,361.24,217.23,227.69,49461.38,0.95,Spherical / Regular,Black,"(113, 93, 23)","(5.49, 0.0, -2.0)",2.0,11,VISIBLE,-2.66,-0.73
70,13,can,0.3723,0.18,355.96,111.99,617.58,56.08,486.77,111.8,261.62,29249.9,0.43,Vertical Oblong,Black,"(143, 73, 13)","(3.14, 0.0, -2.0)",2.0,13,VISIBLE,0.0,0.0
71,1,person,0.8543,603.1,143.55,767.04,713.37,685.07,428.46,163.94,569.82,93415.04,0.29,Vertical Oblong,Black,"(126, 182, 8)","(0.78, 2.0, -2.0)",2.83,1,VISIBLE,-0.77,-0.2
71,3,person,0.3306,318.06,297.89,364.78,414.47,341.42,356.18,46.72,116.59,5447.11,0.4,Vertical Oblong,Black,"(120, 111, 21)","(3.92, 2.0, -5.0)",5.39,7,VISIBLE,-0.85,0.06
71,6,person,0.4531,1115.99,301.82,1163.05,427.85,1139.52,364.83,47.07,126.02,5931.37,0.37,Vertical Oblong,Black,"(135, 89, 21)","(4.31, 2.0, -2.0)",2.83,9,VISIBLE,1.64,-0.39
71,10,person,0.3492,466.81,286.5,516.61,447.76,491.71,367.13,49.79,161.26,8029.98,0.31,Vertical Oblong,Grey,"(113, 55, 82)","(29.02, 1.0, -7.0)",7.07,12,VISIBLE,0.4,0.08
71,5,can,0.8199,111.4,333.89,302.31,524.91,206.85,429.4,190.92,191.02,36468.8,1.0,Spherical / Regular,Black,"(155, 40, 37)","(12.94, 2.0, 0.0)",2.0,5,VISIBLE,-1.26,-0.13
71,13,can,0.3907,0.1,357.87,109.03,616.65,54.57,487.26,108.93,258.78,28188.04,0.42,Vertical Oblong,Black,"(143, 73, 13)","(3.14, 0.0, -2.0)",2.0,13,VISIBLE,-1.52,0.49
71,11,car,0.5046,1137.05,248.15,1359.92,473.85,1248.49,361.0,222.87,225.7,50300.95,0.99,Spherical / Regular,Black,"(113, 90, 24)","(5.49, 0.0, -2.0)",2.0,11,VISIBLE,-2.79,-0.38
72,1,person,0.861,600.92,144.22,765.24,716.15,683.08,430.18,164.32,571.92,93979.12,0.29,Vertical Oblong,Black,"(126, 182, 8)","(0.78, 2.0, -2.0)",2.83,1,VISIBLE,-1.62,1.15
72,3,person,0.3506,315.75,298.76,363.95,414.21,339.85,356.48,48.2,115.45,5565.01,0.42,Vertical Oblong,Black,"(120, 107, 23)","(3.92, 2.0, -5.0)",5.39,7,VISIBLE,-1.35,0.23
72,6,person,0.4531,1117.6,301.6,1164.76,427.31,1141.18,364.45,47.16,125.7,5927.78,0.38,Vertical Oblong,Black,"(134, 93, 21)","(3.92, 2.0, -2.0)",2.83,9,VISIBLE,1.65,-0.38
72,10,person,0.3263,466.57,283.76,516.47,447.12,491.52,365.44,49.9,163.35,8151.84,0.31,Vertical Oblong,Grey,"(113, 54, 81)","(29.02, 1.0, -7.0)",7.07,12,VISIBLE,-0.01,-1.16
72,5,can,0.7932,108.27,333.37,301.34,524.86,204.8,429.11,193.07,191.49,36970.35,1.01,Spherical / Regular,Black,"(143, 38, 36)","(12.94, 2.0, 0.0)",2.0,5,VISIBLE,-1.81,-0.24
72,13,can,0.3907,0.06,358.45,108.05,616.37,54.06,487.41,107.99,257.92,27852.77,0.42,Vertical Oblong,Black,"(143, 68, 13)","(3.14, 0.0, -1.0)",1.0,13,VISIBLE,-0.81,0.25
72,11,car,0.4602,1130.75,248.91,1359.92,471.93,1245.33,360.42,229.16,223.02,51107.53,1.03,Spherical / Regular,Black,"(113, 90, 23)","(5.49, 0.0, -2.0)",2.0,11,VISIBLE,-3.04,-0.52
73,1,person,0.8584,598.41,145.76,762.87,719.77,680.64,432.76,164.46,574.01,94401.16,0.29,Vertical Oblong,Black,"(126, 182, 8)","(0.78, 2.0, -2.0)",2.83,1,VISIBLE,-2.2,2.15
73,3,person,0.3785,313.46,299.29,362.92,414.34,338.19,356.81,49.46,115.05,5690.0,0.43,Vertical Oblong,Black,"(120, 106, 23)","(4.31, 2.0, -5.0)",5.39,7,VISIBLE,-1.57,0.3
73,6,person,0.4531,1119.21,301.39,1166.46,426.77,1142.84,364.08,47.25,125.38,5924.14,0.38,Vertical Oblong,Black,"(126, 93, 22)","(4.31, 2.0, -2.0)",2.83,9,VISIBLE,1.65,-0.38
73,10,person,0.3474,465.42,280.89,516.3,446.73,490.86,363.81,50.88,165.84,8437.68,0.31,Vertical Oblong,Grey,"(113, 54, 79)","(28.63, 1.0, -7.0)",7.07,12,VISIBLE,-0.47,-1.49
73,5,can,0.817,104.01,332.8,299.31,525.37,201.66,429.09,195.3,192.56,37608.26,1.01,Spherical / Regular,Black,"(158, 36, 36)","(12.55, 2.0, -1.0)",2.24,5,VISIBLE,-2.75,-0.09
73,13,can,0.3907,0.03,359.03,107.08,616.1,53.55,487.57,107.05,257.06,27519.11,0.42,Vertical Oblong,Black,"(143, 68, 14)","(3.14, 1.0, -1.0)",1.41,13,VISIBLE,-0.59,0.18
73,11,car,0.4564,1124.8,250.73,1359.95,471.12,1242.37,360.92,235.14,220.39,51823.23,1.07,Spherical / Regular,Black,"(115, 85, 23)","(5.49, 0.0, -2.0)",2.0,11,VISIBLE,-2.98,0.2
74,1,person,0.8575,595.55,148.49,760.48,723.9,678.02,436.19,164.93,575.41,94904.73,0.29,Vertical Oblong,Black,"(126, 182, 8)","(0.78, 2.0, -2.0)",2.83,1,VISIBLE,-2.5,3.05
74,3,person,0.3821,311.96,299.69,361.98,414.77,336.97,357.23,50.03,115.08,5757.29,0.43,Vertical Oblong,Black,"(120, 106, 23)","(3.92, 2.0, -5.0)",5.39,7,VISIBLE,-1.32,0.38
74,6,person,0.4531,1120.82,301.17,1168.16,426.23,1144.49,363.7,47.34,125.06,5920.44,0.38,Vertical Oblong,Black,"(120, 90, 23)","(4.71, 2.0, -2.0)",2.83,9,VISIBLE,1.65,-0.38
74,10,person,0.3494,464.65,280.07,516.4,447.07,490.52,363.57,51.75,167.0,8641.5,0.31,Vertical Oblong,Grey,"(113, 53, 78)","(27.45, 1.0, -7.0)",7.07,12,VISIBLE,-0.37,-0.61
74,5,can,0.7974,100.42,333.06,296.96,526.31,198.69,429.68,196.55,193.25,37983.27,1.02,Spherical / Regular,Black,"(165, 36, 36)","(12.55, 2.0, -1.0)",2.24,5,VISIBLE,-2.9,0.39
74,13,can,0.3907,-0.01,359.62,106.1,615.82,53.04,487.72,106.12,256.2,27187.07,0.41,Vertical Oblong,Black,"(143, 60, 15)","(3.53, 1.0, -1.0)",1.41,13,VISIBLE,-0.54,0.16
74,11,car,0.5348,1119.1,252.03,1359.95,470.29,1239.52,361.16,240.85,218.26,52568.34,1.1,Spherical / Regular,Black,"(115, 87, 23)","(5.88, 0.0, -2.0)",2.0,11,VISIBLE,-2.89,0.22
75,1,person,0.8682,592.57,151.06,756.85,728.13,674.71,439.6,164.29,577.07,94804.87,0.28,Vertical Oblong,Black,"(126, 182, 8)","(0.78, 2.0, -2.0)",2.83,1,VISIBLE,-3.06,3.29
75,3,person,0.4096,310.81,299.63,361.16,415.02,335.99,357.32,50.35,115.39,5809.69,0.44,Vertical Oblong,Black,"(120, 111, 23)","(3.92, 2.0, -5.0)",5.39,7,VISIBLE,-1.09,0.18
75,10,person,0.4034,463.47,278.88,516.38,447.66,489.92,363.27,52.91,168.78,8929.97,0.31,Vertical Oblong,Grey,"(113, 52, 78)","(27.45, 1.0, -7.0)",7.07,12,VISIBLE,-0.53,-0.39
75,5,can,0.6757,97.33,333.95,294.59,527.7,195.96,430.82,197.26,193.75,38219.14,1.02,Spherical / Regular,Black,"(165, 36, 36)","(12.16, 2.0, -1.0)",2.24,5,VISIBLE,-2.78,0.92
75,11,car,0.5987,1113.04,252.76,1359.96,469.92,1236.5,361.34,246.92,217.16,53621.9,1.14,Spherical / Regular,Black,"(115, 83, 24)","(5.88, 0.0, -2.0)",2.0,11,VISIBLE,-2.98,0.19
76,1,person,0.8668,588.12,152.55,751.84,731.56,669.98,442.06,163.72,579.01,94795.48,0.28,Vertical Oblong,Black,"(126, 182, 8)","(0.78, 2.0, -2.0)",2.83,1,VISIBLE,-4.23,2.71
76,3,person,0.4012,309.97,299.27,360.63,415.24,335.3,357.25,50.66,115.97,5874.77,0.44,Vertical Oblong,Black,"(113, 120, 21)","(3.92, 1.0, -5.0)",5.1,7,VISIBLE,-0.81,0.01
76,10,person,0.4288,462.22,277.35,515.85,448.1,489.04,362.73,53.63,170.75,9157.99,0.31,Vertical Oblong,Grey,"(110, 53, 75)","(27.06, 1.0, -7.0)",7.07,12,VISIBLE,-0.78,-0.5
76,5,can,0.7839,94.25,334.65,292.12,529.2,193.18,431.92,197.87,194.55,38494.8,1.02,Spherical / Regular,Black,"(155, 35, 36)","(12.55, 2.0, 0.0)",2.0,5,VISIBLE,-2.78,1.04
76,11,car,0.5587,1106.46,253.69,1359.98,469.94,1233.22,361.82,253.53,216.25,54825.52,1.17,Spherical / Regular,Black,"(113, 85, 22)","(4.71, 0.0, -2.0)",2.0,11,VISIBLE,-3.19,0.39
77,1,person,0.8621,581.0,152.17,746.32,732.82,663.66,442.5,165.33,580.65,95998.95,0.28,Vertical Oblong,Black,"(126, 182, 9)","(0.78, 2.0, -2.0)",2.83,1,VISIBLE,-5.69,1.12
77,3,person,0.4088,309.15,298.36,360.29,415.44,334.72,356.9,51.15,117.08,5988.39,0.44,Vertical Oblong,Black,"(120, 120, 21)","(3.73, 2.0, -5.0)",5.39,7,VISIBLE,-0.65,-0.25
77,10,person,0.4243,460.91,276.52,515.02,448.4,487.97,362.46,54.1,171.87,9298.98,0.31,Vertical Oblong,Grey,"(111, 51, 78)","(28.63, 1.0, -7.0)",7.07,12,VISIBLE,-0.98,-0.34
77,5,can,0.7746,91.23,335.23,289.49,530.47,190.36,432.85,198.27,195.24,38710.01,1.02,Spherical / Regular,Black,"(155, 35, 36)","(12.55, 2.0, 0.0)",2.0,5,VISIBLE,-2.81,0.96
77,11,car,0.5827,1098.81,254.18,1359.99,469.41,1229.4,361.8,261.19,215.23,56215.75,1.21,Spherical / Regular,Black,"(115, 81, 23)","(5.49, 0.0, -2.0)",2.0,11,VISIBLE,-3.63,0.1
78,1,person,0.861,573.79,150.66,740.34,729.82,657.07,440.24,166.55,579.16,96456.81,0.29,Vertical Oblong,Black,"(126, 182, 8)","(0.78, 2.0, -2.0)",2.83,1,VISIBLE,-6.32,-1.24
78,3,person,0.4023,308.1,297.31,359.89,415.8,334.0,356.56,51.79,118.48,6136.54,0.44,Vertical Oblong,Black,"(113, 116, 20)","(3.53, 1.0, -4.0)",4.12,7,VISIBLE,-0.7,-0.32
78,10,person,0.3959,459.64,276.16,513.14,448.84,486.39,362.5,53.5,172.68,9238.32,0.31,Vertical Oblong,Grey,"(111, 52, 77)","(27.84, 1.0, -7.0)",7.07,12,VISIBLE,-1.4,-0.07
78,5,can,0.7824,89.06,336.2,286.64,531.15,187.85,433.67,197.58,194.95,38518.62,1.01,Spherical / Regular,Black,"(143, 36, 37)","(12.94, 2.0, 0.0)",2.0,5,VISIBLE,-2.6,0.87
78,11,car,0.545,1092.27,254.81,1360.0,469.07,1226.13,361.94,267.73,214.26,57365.54,1.25,Spherical / Regular,Black,"(114, 85, 23)","(5.49, 0.0, -2.0)",2.0,11,VISIBLE,-3.37,0.13
79,1,person,0.8578,568.59,147.77,735.32,724.15,651.96,435.96,166.73,576.37,96097.48,0.29,Vertical Oblong,Black,"(126, 182, 9)","(0.78, 2.0, -2.0)",2.83,1,VISIBLE,-5.47,-3.37
79,3,person,0.385,307.46,296.56,359.63,416.14,333.55,356.35,52.17,119.57,6238.18,0.44,Vertical Oblong,Black,"(115, 113, 21)","(3.53, 1.0, -4.0)",4.12,7,VISIBLE,-0.53,-0.24
79,10,person,0.3918,458.23,277.23,510.49,449.26,484.36,363.25,52.26,172.03,8990.26,0.3,Vertical Oblong,Grey,"(113, 53, 74)","(25.88, 1.0, -7.0)",7.07,12,VISIBLE,-1.84,0.5
79,5,can,0.7776,86.8,336.37,284.38,531.49,185.59,433.93,197.58,195.12,38551.05,1.01,Spherical / Regular,Black,"(155, 38, 38)","(12.94, 2.0, -1.0)",2.24,5,VISIBLE,-2.36,0.44
79,11,car,0.613,1086.38,255.23,1360.01,469.03,1223.19,362.13,273.63,213.8,58501.13,1.28,Horizontal Oblong,Black,"(115, 85, 23)","(5.49, 0.0, -2.0)",2.0,11,VISIBLE,-3.07,0.17
80,1,person,0.8511,564.25,143.63,730.68,719.22,647.46,431.43,166.42,575.59,95790.65,0.29,Vertical Oblong,Black,"(126, 182, 9)","(0.78, 2.0, -2.0)",2.83,1,VISIBLE,-4.79,-4.19
80,3,person,0.3584,307.19,296.24,359.41,416.29,333.3,356.27,52.22,120.05,6268.77,0.43,Vertical Oblong,Black,"(114, 120, 20)","(3.14, 1.0, -4.0)",4.12,7,VISIBLE,-0.33,-0.13
80,10,person,0.3883,455.72,279.57,508.21,450.1,481.96,364.84,52.49,170.53,8950.96,0.31,Vertical Oblong,Grey,"(111, 53, 74)","(26.27, 1.0, -7.0)",7.07,12,VISIBLE,-2.23,1.26
80,5,can,0.7107,83.59,334.89,281.91,531.37,182.75,433.13,198.33,196.47,38965.74,1.01,Spherical / Regular,Black,"(158, 41, 37)","(12.94, 2.0, -1.0)",2.24,5,VISIBLE,-2.7,-0.43
80,11,car,0.5343,1080.53,255.73,1360.01,468.35,1220.27,362.04,279.47,212.62,59422.88,1.31,Horizontal Oblong,Black,"(113, 85, 21)","(4.71, 0.0, -2.0)",2.0,11,VISIBLE,-2.97,-0.01
81,1,person,0.8552,560.73,140.95,727.46,716.84,644.1,428.9,166.73,575.89,96018.01,0.29,Vertical Oblong,Black,"(126, 182, 9)","(0.78, 2.0, -2.0)",2.83,1,VISIBLE,-3.79,-3.03
81,3,person,0.3759,307.48,296.56,359.17,416.49,333.33,356.53,51.69,119.93,6198.9,0.43,Vertical Oblong,Black,"(120, 111, 21)","(3.92, 2.0, -5.0)",5.39,7,VISIBLE,-0.08,0.14
81,10,person,0.3734,453.68,281.94,506.51,450.99,480.1,366.47,52.82,169.05,8929.96,0.31,Vertical Oblong,Grey,"(113, 53, 74)","(25.49, 1.0, -7.0)",7.07,12,VISIBLE,-1.98,1.52
81,5,can,0.6752,80.75,333.99,279.55,531.31,180.15,432.65,198.81,197.31,39227.47,1.01,Spherical / Regular,Black,"(165, 41, 36)","(12.55, 2.0, -1.0)",2.24,5,VISIBLE,-2.63,-0.46
81,11,car,0.4091,1074.76,256.86,1359.64,467.62,1217.2,362.24,284.88,210.76,60040.84,1.35,Horizontal Oblong,Black,"(115, 85, 22)","(4.71, 0.0, -2.0)",2.0,11,VISIBLE,-3.04,0.14
82,1,person,0.8587,557.43,139.45,725.59,717.36,641.51,428.4,168.16,577.91,97183.61,0.29,Vertical Oblong,Black,"(126, 191, 8)","(0.78, 2.0, -2.0)",2.83,1,VISIBLE,-2.95,-1.25
82,3,person,0.3816,308.13,296.82,359.0,416.55,333.56,356.69,50.87,119.73,6090.88,0.42,Vertical Oblong,Black,"(120, 107, 22)","(3.92, 2.0, -5.0)",5.39,7,VISIBLE,0.14,0.15
82,10,person,0.3632,451.9,282.72,504.92,451.17,478.41,366.94,53.02,168.45,8930.68,0.31,Vertical Oblong,Grey,"(113, 53, 75)","(25.88, 1.0, -7.0)",7.07,12,VISIBLE,-1.77,0.79
82,5,can,0.6777,78.36,333.8,277.55,531.61,177.96,432.7,199.2,197.8,39401.99,1.01,Spherical / Regular,Black,"(143, 40, 35)","(12.16, 2.0, 0.0)",2.0,5,VISIBLE,-2.33,-0.1
82,11,car,0.5214,1070.05,257.37,1359.72,467.35,1214.88,362.36,289.67,209.98,60825.34,1.38,Horizontal Oblong,Black,"(115, 85, 22)","(5.49, 0.0, -2.0)",2.0,11,VISIBLE,-2.53,0.12
83,1,person,0.8736,554.96,139.9,724.45,720.37,639.71,430.14,169.49,580.47,98383.6,0.29,Vertical Oblong,Black,"(126, 191, 9)","(0.78, 2.0, -2.0)",2.83,1,VISIBLE,-2.15,0.84
83,3,person,0.3359,309.39,298.22,358.92,416.61,334.15,357.41,49.53,118.4,5864.19,0.42,Vertical Oblong,Black,"(120, 102, 25)","(4.71, 2.0, -6.0)",6.32,7,VISIBLE,0.46,0.56
83,10,person,0.3568,449.63,283.21,503.59,451.24,476.61,367.22,53.96,168.03,9067.52,0.32,Vertical Oblong,Grey,"(113, 54, 75)","(25.88, 1.0, -7.0)",7.07,12,VISIBLE,-1.79,0.43
83,5,can,0.7141,76.26,334.92,275.98,532.64,176.12,433.78,199.72,197.72,39488.29,1.01,Spherical / Regular,Black,"(155, 41, 35)","(12.16, 2.0, -1.0)",2.24,5,VISIBLE,-1.98,0.72
83,11,car,0.5382,1064.83,257.77,1359.7,467.3,1212.27,362.53,294.87,209.53,61782.95,1.41,Horizontal Oblong,Black,"(113, 85, 23)","(5.49, 0.0, -2.0)",2.0,11,VISIBLE,-2.59,0.16
83,14,can,0.3554,909.05,332.73,943.05,382.46,926.05,357.59,34.01,49.73,1691.02,0.68,Vertical Oblong,Black,"(116, 85, 45)","(12.16, 3.0, -9.0)",9.49,14,VISIBLE,0.0,0.0
84,1,person,0.8771,553.32,142.06,723.86,724.34,638.59,433.2,170.54,582.28,99302.47,0.29,Vertical Oblong,Black,"(126, 191, 9)","(0.78, 2.0, -2.0)",2.83,1,VISIBLE,-1.42,2.4
84,3,person,0.3525,311.05,299.74,358.96,416.49,335.01,358.11,47.91,116.75,5594.1,0.41,Vertical Oblong,Black,"(120, 102, 25)","(4.71, 2.0, -6.0)",6.32,7,VISIBLE,0.73,0.66
84,10,person,0.3704,447.75,283.99,502.41,450.9,475.08,367.44,54.65,166.91,9122.48,0.33,Vertical Oblong,Grey,"(113, 55, 73)","(25.49, 1.0, -7.0)",7.07,12,VISIBLE,-1.61,0.28
84,5,can,0.7721,74.07,336.1,274.5,534.1,174.28,435.1,200.43,198.01,39686.35,1.01,Spherical / Regular,Black,"(143, 39, 35)","(12.55, 2.0, 0.0)",2.0,5,VISIBLE,-1.88,1.14
84,14,can,0.3554,909.0,332.7,943.03,382.44,926.02,357.57,34.03,49.75,1693.19,0.68,Vertical Oblong,Black,"(114, 83, 47)","(13.33, 3.0, -8.0)",8.54,14,VISIBLE,-0.04,-0.03
84,11,car,0.5314,1059.3,258.25,1359.72,466.94,1209.51,362.59,300.42,208.69,62693.66,1.44,Horizontal Oblong,Black,"(113, 87, 23)","(5.49, 0.0, -2.0)",2.0,11,VISIBLE,-2.71,0.09
85,1,person,0.873,552.39,145.84,723.43,728.49,637.91,437.17,171.05,582.65,99661.43,0.29,Vertical Oblong,Black,"(126, 189, 9)","(0.78, 2.0, -2.0)",2.83,1,VISIBLE,-0.9,3.49
85,3,person,0.3245,313.09,301.06,359.13,416.3,336.11,358.68,46.04,115.24,5305.7,0.4,Vertical Oblong,Black,"(120, 98, 26)","(5.49, 2.0, -6.0)",6.32,7,VISIBLE,0.99,0.59
85,10,person,0.3316,445.67,283.89,502.23,450.39,473.95,367.14,56.57,166.5,9418.49,0.34,Vertical Oblong,Grey,"(113, 54, 76)","(26.67, 1.0, -7.0)",7.07,12,VISIBLE,-1.27,-0.13
85,5,can,0.7671,72.16,337.09,273.09,535.65,172.62,436.37,200.93,198.56,39896.53,1.01,Spherical / Regular,Black,"(143, 38, 35)","(12.55, 2.0, 0.0)",2.0,5,VISIBLE,-1.73,1.23
85,14,can,0.3554,908.95,332.66,943.02,382.43,925.99,357.54,34.06,49.77,1695.35,0.68,Vertical Oblong,Black,"(119, 78, 50)","(14.9, 3.0, -8.0)",8.54,14,VISIBLE,-0.03,-0.03
85,11,car,0.5053,1054.45,259.33,1359.83,467.14,1207.14,363.23,305.38,207.8,63458.85,1.47,Horizontal Oblong,Black,"(115, 85, 24)","(5.88, 0.0, -2.0)",2.0,11,VISIBLE,-2.47,0.47
86,1,person,0.8788,551.73,149.48,723.27,732.81,637.5,441.15,171.54,583.33,100063.72,0.29,Vertical Oblong,Black,"(126, 182, 9)","(0.78, 2.0, -2.0)",2.83,1,VISIBLE,-0.56,3.83
86,3,person,0.3215,315.38,301.9,359.63,416.19,337.5,359.04,44.25,114.3,5057.67,0.39,Vertical Oblong,Black,"(120, 98, 25)","(4.71, 2.0, -6.0)",6.32,7,VISIBLE,1.27,0.43
86,10,person,0.3323,444.38,283.29,501.91,450.14,473.14,366.71,57.53,166.85,9598.33,0.34,Vertical Oblong,Grey,"(113, 53, 76)","(27.06, 1.0, -7.0)",7.07,12,VISIBLE,-0.95,-0.34
86,5,can,0.7347,70.63,337.65,271.94,537.29,171.28,437.47,201.3,199.64,40189.27,1.01,Spherical / Regular,Black,"(143, 39, 35)","(12.55, 2.0, -1.0)",2.24,5,VISIBLE,-1.46,1.14
86,11,car,0.5123,1049.74,259.97,1359.81,466.83,1204.78,363.4,310.07,206.87,64142.58,1.5,Horizontal Oblong,Black,"(113, 85, 25)","(6.27, 0.0, -2.0)",2.0,11,VISIBLE,-2.4,0.26
87,1,person,0.8791,551.24,152.55,723.02,736.57,637.13,444.56,171.79,584.02,100327.32,0.29,Vertical Oblong,Black,"(126, 191, 9)","(0.78, 2.0, -2.0)",2.83,1,VISIBLE,-0.43,3.54
87,3,person,0.3057,317.36,301.69,360.14,416.04,338.75,358.86,42.78,114.35,4891.81,0.37,Vertical Oblong,Black,"(120, 102, 26)","(4.71, 2.0, -6.0)",6.32,7,VISIBLE,1.25,0.0
87,10,person,0.3637,443.1,282.12,501.7,451.18,472.4,366.65,58.59,169.07,9905.93,0.35,Vertical Oblong,Grey,"(113, 53, 79)","(27.84, 1.0, -7.0)",7.07,12,VISIBLE,-0.81,-0.15
87,5,can,0.7432,69.3,337.9,270.89,538.45,170.09,438.17,201.59,200.55,40428.81,1.01,Spherical / Regular,Black,"(155, 38, 35)","(12.55, 2.0, -1.0)",2.24,5,VISIBLE,-1.27,0.84
87,11,car,0.4215,1045.22,261.1,1359.87,466.25,1202.55,363.68,314.65,205.14,64546.76,1.53,Horizontal Oblong,Black,"(115, 85, 25)","(6.27, 0.0, -2.0)",2.0,11,VISIBLE,-2.28,0.27
88,1,person,0.8837,551.2,154.64,722.16,739.23,636.68,446.93,170.95,584.59,99938.09,0.29,Vertical Oblong,Black,"(126, 191, 9)","(0.78, 2.0, -2.0)",2.83,1,VISIBLE,-0.44,2.72
88,3,person,0.3076,318.86,301.35,360.85,415.72,339.86,358.54,42.0,114.37,4803.27,0.37,Vertical Oblong,Black,"(120, 102, 25)","(4.71, 2.0, -6.0)",6.32,7,VISIBLE,1.15,-0.23
88,10,person,0.3439,441.78,280.78,500.97,451.44,471.37,366.11,59.19,170.66,10101.82,0.35,Vertical Oblong,Grey,"(113, 52, 80)","(28.63, 1.0, -7.0)",7.07,12,VISIBLE,-0.96,-0.42
88,5,can,0.6806,67.63,338.01,269.65,539.23,168.64,438.62,202.02,201.23,40652.24,1.0,Spherical / Regular,Black,"(155, 38, 35)","(12.55, 2.0, -1.0)",2.24,5,VISIBLE,-1.4,0.56
88,11,car,0.5595,1039.26,261.81,1359.67,466.05,1199.46,363.93,320.4,204.25,65440.86,1.57,Horizontal Oblong,Black,"(113, 85, 24)","(5.88, 0.0, -2.0)",2.0,11,VISIBLE,-2.84,0.26
89,1,person,0.8866,551.45,153.67,721.18,739.32,636.31,446.5,169.73,585.65,99399.23,0.29,Vertical Oblong,Black,"(126, 185, 9)","(0.78, 2.0, -2.0)",2.83,1,VISIBLE,-0.39,0.51
89,3,person,0.3375,319.78,301.16,361.5,415.0,340.64,358.08,41.72,113.84,4749.04,0.37,Vertical Oblong,Black,"(120, 106, 23)","(4.31, 2.0, -5.0)",5.39,7,VISIBLE,0.89,-0.39
89,10,person,0.3608,440.92,276.02,499.98,451.19,470.45,363.61,59.06,175.18,10346.57,0.34,Vertical Oblong,Grey,"(113, 52, 83)","(30.2, 1.0, -7.0)",7.07,12,VISIBLE,-0.94,-1.88
89,5,can,0.6636,65.25,337.42,268.55,539.44,166.9,438.43,203.3,202.02,41070.44,1.01,Spherical / Regular,Black,"(155, 36, 35)","(12.55, 2.0, -1.0)",2.24,5,VISIBLE,-1.64,0.04
89,11,car,0.504,1034.24,261.87,1359.64,465.27,1196.94,363.57,325.4,203.4,66186.23,1.6,Horizontal Oblong,Black,"(113, 85, 26)","(6.67, 0.0, -2.0)",2.0,11,VISIBLE,-2.62,-0.17
90,1,person,0.8815,551.69,150.88,720.79,739.55,636.24,445.22,169.1,588.67,99544.77,0.29,Vertical Oblong,Black,"(126, 191, 9)","(0.78, 2.0, -2.0)",2.83,1,VISIBLE,-0.17,-0.74
90,3,person,0.3268,320.28,301.61,362.04,414.06,341.16,357.83,41.76,112.45,4696.38,0.37,Vertical Oblong,Black,"(120, 109, 22)","(3.92, 2.0, -5.0)",5.39,7,VISIBLE,0.63,-0.29
90,10,person,0.3378,440.2,272.63,499.2,451.17,469.7,361.9,59.0,178.54,10533.84,0.33,Vertical Oblong,Grey,"(112, 52, 84)","(30.59, 1.0, -7.0)",7.07,12,VISIBLE,-0.81,-1.76
90,5,can,0.6359,63.15,336.78,267.92,539.44,165.54,438.11,204.77,202.66,41498.55,1.01,Spherical / Regular,Black,"(165, 36, 35)","(12.55, 2.0, -1.0)",2.24,5,VISIBLE,-1.45,-0.21
90,11,car,0.4634,1029.57,262.14,1359.78,464.19,1194.67,363.16,330.21,202.05,66719.45,1.63,Horizontal Oblong,Black,"(115, 83, 26)","(6.67, 0.0, -2.0)",2.0,11,VISIBLE,-2.37,-0.34
91,1,person,0.8785,551.68,146.09,720.93,734.15,636.3,440.12,169.25,588.06,99531.67,0.29,Vertical Oblong,Black,"(126, 182, 9)","(0.78, 2.0, -2.0)",2.83,1,VISIBLE,-0.01,-3.79
91,3,person,0.3137,320.47,301.54,362.89,414.3,341.68,357.92,42.42,112.77,4783.79,0.38,Vertical Oblong,Black,"(120, 113, 21)","(3.53, 2.0, -5.0)",5.39,7,VISIBLE,0.55,-0.03
91,10,person,0.3458,439.21,269.03,498.53,451.19,468.87,360.11,59.32,182.16,10806.42,0.33,Vertical Oblong,Grey,"(113, 52, 86)","(31.37, 1.0, -7.0)",7.07,12,VISIBLE,-0.82,-1.78
91,5,can,0.6797,61.2,336.04,266.89,539.57,164.05,437.8,205.69,203.52,41862.66,1.01,Spherical / Regular,Black,"(155, 36, 36)","(12.55, 2.0, -1.0)",2.24,5,VISIBLE,-1.48,-0.28
91,11,car,0.5248,1024.8,261.52,1359.88,463.94,1192.34,362.73,335.08,202.41,67824.64,1.66,Horizontal Oblong,Black,"(114, 82, 27)","(7.06, 0.0, -2.0)",2.0,11,VISIBLE,-2.35,-0.41
92,1,person,0.8898,551.38,141.96,721.43,730.28,636.41,436.12,170.05,588.32,100045.23,0.29,Vertical Oblong,Black,"(126, 182, 8)","(0.78, 2.0, -2.0)",2.83,1,VISIBLE,0.07,-3.94
92,3,person,0.3137,321.34,301.7,363.44,414.03,342.39,357.87,42.1,112.33,4729.34,0.37,Vertical Oblong,Black,"(120, 111, 21)","(3.53, 2.0, -5.0)",5.39,7,VISIBLE,0.66,-0.05
92,10,person,0.3093,437.91,266.56,497.69,451.06,467.8,358.81,59.78,184.5,11028.71,0.32,Vertical Oblong,Grey,"(111, 52, 85)","(31.37, 1.0, -7.0)",7.07,12,VISIBLE,-1.0,-1.44
92,5,can,0.6521,58.48,335.7,265.55,539.97,162.01,437.84,207.07,204.28,42299.35,1.01,Spherical / Regular,Black,"(143, 36, 34)","(12.16, 2.0, 0.0)",2.0,5,VISIBLE,-1.86,-0.06
92,11,car,0.4714,1019.87,261.09,1359.95,463.95,1189.91,362.52,340.08,202.86,68989.5,1.68,Horizontal Oblong,Black,"(113, 83, 25)","(6.27, 0.0, -2.0)",2.0,11,VISIBLE,-2.4,-0.27
93,1,person,0.8916,549.86,139.03,722.51,729.5,636.18,434.27,172.65,590.46,101945.98,0.29,Vertical Oblong,Black,"(126, 182, 8)","(0.78, 2.0, -2.0)",2.83,1,VISIBLE,-0.13,-2.48
93,3,person,0.3137,322.21,301.87,363.99,413.76,343.1,357.81,41.78,111.89,4675.16,0.37,Vertical Oblong,Black,"(120, 111, 21)","(3.53, 2.0, -5.0)",5.39,7,VISIBLE,0.7,-0.05
93,10,person,0.3191,436.43,265.69,496.97,451.26,466.7,358.47,60.54,185.57,11234.0,0.33,Vertical Oblong,Grey,"(112, 52, 86)","(31.37, 1.0, -7.0)",7.07,12,VISIBLE,-1.07,-0.67
93,5,can,0.7282,55.89,335.82,263.89,541.14,159.89,438.48,208.0,205.32,42707.29,1.01,Spherical / Regular,Black,"(143, 36, 34)","(12.16, 2.0, 0.0)",2.0,5,VISIBLE,-2.05,0.43
93,11,car,0.4709,1015.15,261.12,1360.0,464.04,1187.58,362.58,344.85,202.92,69975.0,1.7,Horizontal Oblong,Black,"(113, 80, 27)","(7.06, 0.0, -2.0)",2.0,11,VISIBLE,-2.36,-0.04
94,1,person,0.8859,549.57,137.41,724.78,731.06,637.17,434.24,175.2,593.65,104010.47,0.3,Vertical Oblong,Black,"(126, 182, 8)","(0.78, 2.0, -2.0)",2.83,1,VISIBLE,0.65,-0.76
94,3,person,0.3205,321.72,301.47,365.32,414.74,343.52,358.1,43.61,113.27,4939.16,0.38,Vertical Oblong,Black,"(120, 111, 21)","(3.53, 2.0, -5.0)",5.39,7,VISIBLE,0.5,0.19
94,10,person,0.3321,435.33,266.18,496.19,451.48,465.76,358.83,60.86,185.3,11277.83,0.33,Vertical Oblong,Grey,"(110, 52, 84)","(30.59, 1.0, -7.0)",7.07,12,VISIBLE,-0.98,0.05
94,5,can,0.6724,53.82,335.92,262.22,542.73,158.02,439.32,208.4,206.81,43099.36,1.01,Spherical / Regular,Black,"(143, 41, 35)","(11.76, 2.0, 0.0)",2.0,5,VISIBLE,-1.92,0.72
94,11,car,0.4317,1010.4,260.81,1360.02,463.91,1185.21,362.36,349.63,203.11,71012.02,1.72,Horizontal Oblong,Black,"(113, 79, 27)","(7.06, 0.0, -2.0)",2.0,11,VISIBLE,-2.36,-0.17
95,1,person,0.8838,549.68,136.83,727.39,732.89,638.54,434.86,177.71,596.06,105925.47,0.3,Vertical Oblong,Black,"(126, 182, 8)","(0.78, 2.0, -2.0)",2.83,1,VISIBLE,1.15,0.21
95,3,person,0.3038,321.33,301.06,366.07,415.45,343.7,358.25,44.74,114.39,5118.04,0.39,Vertical Oblong,Black,"(120, 113, 21)","(3.53, 2.0, -5.0)",5.39,7,VISIBLE,0.28,0.16
95,10,person,0.3362,434.93,266.21,495.57,452.32,465.25,359.26,60.63,186.11,11284.48,0.33,Vertical Oblong,Grey,"(112, 52, 84)","(30.59, 1.0, -7.0)",7.07,12,VISIBLE,-0.65,0.32
95,5,can,0.5672,52.25,336.2,260.91,544.16,156.58,440.18,208.65,207.96,43391.68,1.0,Spherical / Regular,Black,"(143, 43, 35)","(11.76, 2.0, 0.0)",2.0,5,VISIBLE,-1.58,0.81
95,11,car,0.4859,1006.77,260.91,1359.59,463.88,1183.18,362.39,352.82,202.97,71611.13,1.74,Horizontal Oblong,Black,"(113, 78, 27)","(7.06, 0.0, -2.0)",2.0,11,VISIBLE,-2.13,-0.03
96,1,person,0.8795,550.26,137.75,730.13,736.93,640.2,437.34,179.87,599.18,107776.35,0.3,Vertical Oblong,Black,"(126, 182, 8)","(0.78, 2.0, -2.0)",2.83,1,VISIBLE,1.51,1.8
96,3,person,0.3078,321.09,300.44,366.42,415.99,343.75,358.22,45.33,115.56,5238.44,0.39,Vertical Oblong,Black,"(120, 113, 20)","(3.14, 2.0, -4.0)",4.47,7,VISIBLE,0.12,0.02
96,10,person,0.3552,434.54,267.54,495.03,452.89,464.79,360.21,60.48,185.35,11210.05,0.33,Vertical Oblong,Grey,"(110, 54, 81)","(29.02, 1.0, -7.0)",7.07,12,VISIBLE,-0.52,0.76
96,11,car,0.4856,1002.68,261.96,1359.54,463.78,1181.11,362.87,356.87,201.82,72023.74,1.77,Horizontal Oblong,Black,"(113, 78, 26)","(7.06, 0.0, -2.0)",2.0,11,VISIBLE,-2.09,0.32
96,5,can,0.4592,50.2,337.29,259.55,545.77,154.88,441.53,209.35,208.48,43644.91,1.0,Spherical / Regular,Black,"(130, 43, 34)","(11.37, 2.0, 0.0)",2.0,5,VISIBLE,-1.67,1.19
97,1,person,0.8799,550.32,138.43,731.93,742.09,641.12,440.26,181.61,603.65,109629.87,0.3,Vertical Oblong,Black,"(126, 182, 8)","(0.78, 2.0, -2.0)",2.83,1,VISIBLE,1.1,2.58
97,3,person,0.3078,321.22,300.2,367.06,416.31,344.14,358.26,45.84,116.11,5322.97,0.39,Vertical Oblong,Black,"(120, 113, 21)","(3.53, 2.0, -5.0)",5.39,7,VISIBLE,0.31,0.03
97,10,person,0.3501,434.08,268.42,494.11,453.34,464.1,360.88,60.04,184.92,11101.85,0.32,Vertical Oblong,Grey,"(112, 56, 81)","(29.02, 1.0, -7.0)",7.07,12,VISIBLE,-0.64,0.69
97,5,can,0.5717,47.7,337.96,257.86,547.28,152.78,442.62,210.16,209.32,43991.6,1.0,Spherical / Regular,Black,"(155, 42, 35)","(12.16, 2.0, 0.0)",2.0,5,VISIBLE,-1.97,1.12
97,11,car,0.454,997.88,264.22,1359.52,462.81,1178.7,363.52,361.64,198.59,71815.94,1.82,Horizontal Oblong,Black,"(113, 77, 28)","(7.45, 0.0, -2.0)",2.0,11,VISIBLE,-2.31,0.55
98,1,person,0.8808,550.48,139.82,732.35,747.25,641.42,443.53,181.87,607.43,110474.05,0.3,Vertical Oblong,Black,"(126, 182, 8)","(0.78, 2.0, -2.0)",2.83,1,VISIBLE,0.53,3.07
98,3,person,0.3078,321.35,299.96,367.71,416.63,344.53,358.3,46.36,116.66,5408.07,0.4,Vertical Oblong,Black,"(120, 111, 21)","(3.53, 2.0, -4.0)",4.47,7,VISIBLE,0.36,0.04
98,10,person,0.3365,433.64,268.69,494.08,453.92,463.86,361.3,60.44,185.23,11196.29,0.33,Vertical Oblong,Grey,"(111, 57, 80)","(28.63, 1.0, -7.0)",7.07,12,VISIBLE,-0.36,0.51
98,5,can,0.6141,45.13,337.9,255.98,548.49,150.56,443.2,210.84,210.59,44401.2,1.0,Spherical / Regular,Black,"(155, 42, 35)","(12.16, 2.0, -1.0)",2.24,5,VISIBLE,-2.15,0.74
98,11,car,0.4987,992.08,266.2,1359.4,461.96,1175.74,364.08,367.33,195.76,71905.86,1.88,Horizontal Oblong,Black,"(113, 77, 28)","(7.45, 0.0, -2.0)",2.0,11,VISIBLE,-2.77,0.56
99,1,person,0.879,550.15,142.03,732.12,752.55,641.14,447.29,181.98,610.53,111101.16,0.3,Vertical Oblong,Black,"(126, 182, 8)","(0.78, 2.0, -2.0)",2.83,1,VISIBLE,-0.04,3.55
99,3,person,0.3078,321.49,299.73,368.36,416.94,344.92,358.34,46.87,117.21,5493.73,0.4,Vertical Oblong,Black,"(120, 106, 22)","(3.92, 2.0, -4.0)",4.47,7,VISIBLE,0.39,0.04
99,10,person,0.3154,433.11,268.54,493.94,454.08,463.53,361.31,60.83,185.53,11285.86,0.33,Vertical Oblong,Grey,"(111, 58, 81)","(28.82, 1.0, -7.0)",7.07,12,VISIBLE,-0.34,0.16
99,5,can,0.7076,42.16,338.56,253.42,549.88,147.79,444.22,211.25,211.33,44643.15,1.0,Spherical / Regular,Black,"(155, 42, 35)","(11.76, 2.0, -1.0)",2.24,5,VISIBLE,-2.58,0.94
99,11,car,0.4977,987.22,267.73,1359.01,461.38,1173.12,364.55,371.79,193.65,71995.27,1.92,Horizontal Oblong,Black,"(113, 77, 28)","(7.45, 0.0, -2.0)",2.0,11,VISIBLE,-2.67,0.5
100,1,person,0.8799,549.17,145.04,731.37,758.0,640.27,451.52,182.2,612.96,111679.27,0.3,Vertical Oblong,Black,"(126, 182, 7)","(0.78, 2.0, -2.0)",2.83,1,VISIBLE,-0.62,4.03
100,3,person,0.3078,321.62,299.49,369.01,417.26,345.32,358.37,47.38,117.77,5579.96,0.4,Vertical Oblong,Black,"(120, 106, 23)","(4.31, 2.0, -5.0)",5.39,7,VISIBLE,0.39,0.04
100,10,person,0.3202,432.07,268.59,493.59,454.03,462.83,361.31,61.53,185.44,11409.47,0.33,Vertical Oblong,Grey,"(110, 59, 80)","(28.63, 1.0, -7.0)",7.07,12,VISIBLE,-0.59,0.05
100,5,can,0.6273,38.62,339.07,251.33,551.27,144.98,445.17,212.71,212.2,45138.04,1.0,Spherical / Regular,Black,"(130, 39, 34)","(11.76, 2.0, 0.0)",2.0,5,VISIBLE,-2.74,0.95
100,11,car,0.5599,982.47,266.97,1359.34,461.69,1170.91,364.33,376.87,194.72,73382.98,1.94,Horizontal Oblong,Black,"(113, 77, 27)","(7.45, 0.0, -2.0)",2.0,11,VISIBLE,-2.35,-0.01
101,1,person,0.8823,547.77,146.98,730.11,762.36,638.94,454.67,182.34,615.38,112207.62,0.3,Vertical Oblong,Black,"(126, 182, 8)","(0.78, 2.0, -2.0)",2.83,1,VISIBLE,-1.12,3.41
101,3,person,0.3078,321.76,299.25,369.65,417.57,345.71,358.41,47.89,118.32,5666.76,0.4,Vertical Oblong,Black,"(120, 98, 25)","(4.71, 2.0, -6.0)",6.32,7,VISIBLE,0.39,0.04
101,10,person,0.3346,431.07,269.96,493.55,454.59,462.31,362.28,62.48,184.62,11536.0,0.34,Vertical Oblong,Grey,"(113, 58, 82)","(29.02, 1.0, -8.0)",8.06,12,VISIBLE,-0.54,0.69
101,5,can,0.6891,35.52,339.61,249.77,552.76,142.64,446.18,214.25,213.15,45666.94,1.01,Spherical / Regular,Black,"(143, 41, 34)","(11.37, 2.0, 0.0)",2.0,5,VISIBLE,-2.45,0.99
101,11,car,0.3714,977.54,267.98,1355.57,461.19,1166.55,364.58,378.04,193.21,73041.64,1.96,Horizontal Oblong,Black,"(113, 77, 29)","(7.84, 0.0, -2.0)",2.0,11,VISIBLE,-3.75,0.18
102,1,person,0.8756,546.62,146.87,728.56,763.85,637.59,455.36,181.94,616.98,112251.27,0.29,Vertical Oblong,Black,"(126, 182, 8)","(0.78, 2.0, -2.0)",2.83,1,VISIBLE,-1.28,1.51
102,3,person,0.2887,321.35,299.24,369.8,417.73,345.57,358.49,48.45,118.49,5740.49,0.41,Vertical Oblong,Black,"(120, 94, 25)","(5.49, 2.0, -6.0)",6.32,7,VISIBLE,0.03,0.06
102,10,person,0.3608,430.02,273.64,493.26,454.81,461.64,364.22,63.24,181.17,11456.61,0.35,Vertical Oblong,Grey,"(113, 59, 81)","(28.63, 1.0, -8.0)",8.06,12,VISIBLE,-0.63,1.57
102,5,can,0.6594,33.01,339.84,248.49,554.16,140.75,447.0,215.48,214.32,46181.26,1.01,Spherical / Regular,Black,"(130, 42, 35)","(11.76, 2.0, 0.0)",2.0,5,VISIBLE,-2.06,0.87
102,11,car,0.5161,972.41,269.79,1351.29,460.53,1161.85,365.16,378.88,190.75,72271.13,1.99,Horizontal Oblong,Black,"(113, 74, 28)","(7.84, 0.0, -2.0)",2.0,11,VISIBLE,-4.42,0.46
102,15,bus,0.33,1111.18,106.88,1360.0,432.7,1235.59,269.79,248.82,325.83,81071.57,0.76,Vertical Oblong,Orange,"(18, 190, 95)","(29.41, 8.0, 20.0)",21.54,15,VISIBLE,0.0,0.0
103,1,person,0.8899,545.04,143.53,727.6,759.83,636.32,451.68,182.56,616.3,112510.6,0.3,Vertical Oblong,Black,"(126, 182, 9)","(0.78, 2.0, -2.0)",2.83,1,VISIBLE,-1.27,-2.12
103,3,person,0.2887,321.34,299.07,370.31,418.01,345.83,358.54,48.97,118.94,5824.58,0.41,Vertical Oblong,Black,"(120, 91, 26)","(5.49, 2.0, -6.0)",6.32,7,VISIBLE,0.18,0.06
103,10,person,0.3291,428.64,277.02,492.43,454.84,460.54,365.93,63.79,177.82,11342.79,0.36,Vertical Oblong,Grey,"(113, 59, 80)","(28.63, 1.0, -8.0)",8.06,12,VISIBLE,-0.96,1.67
103,5,can,0.6185,30.07,340.06,246.96,555.3,138.52,447.68,216.88,215.25,46683.38,1.01,Spherical / Regular,Black,"(130, 42, 35)","(11.76, 2.0, 0.0)",2.0,5,VISIBLE,-2.18,0.74
103,11,car,0.5168,967.76,270.89,1343.45,459.87,1155.6,365.38,375.69,188.98,70995.41,1.99,Horizontal Oblong,Black,"(113, 73, 29)","(8.24, 0.0, -2.0)",2.0,11,VISIBLE,-5.7,0.29
103,15,bus,0.3777,1111.4,106.85,1359.99,431.18,1235.7,269.02,248.59,324.34,80626.12,0.77,Vertical Oblong,Orange,"(17, 195, 96)","(29.41, 9.0, 20.0)",21.93,15,VISIBLE,0.1,-0.77
104,1,person,0.8882,542.97,138.77,725.42,755.13,634.19,446.95,182.45,616.36,112457.89,0.3,Vertical Oblong,Black,"(126, 182, 8)","(0.78, 2.0, -2.0)",2.83,1,VISIBLE,-1.87,-3.95
104,10,person,0.3291,427.64,278.84,491.98,455.07,459.81,366.96,64.35,176.24,11340.1,0.37,Vertical Oblong,Grey,"(111, 58, 79)","(28.24, 1.0, -7.0)",7.07,12,VISIBLE,-0.8,1.22
104,5,can,0.6183,27.02,339.97,245.18,556.17,136.1,448.07,218.15,216.2,47163.28,1.01,Spherical / Regular,Black,"(113, 43, 34)","(11.37, 2.0, 0.0)",2.0,5,VISIBLE,-2.35,0.49
104,11,car,0.4976,962.94,271.41,1333.6,458.89,1148.27,365.15,370.66,187.48,69492.44,1.98,Horizontal Oblong,Black,"(113, 73, 28)","(7.84, 0.0, -2.0)",2.0,11,VISIBLE,-6.84,-0.07
104,15,bus,0.3306,1111.43,106.35,1360.0,422.76,1235.71,264.55,248.57,316.41,78648.43,0.79,Vertical Oblong,Orange,"(17, 199, 96)","(29.41, 9.0, 21.0)",22.85,15,VISIBLE,0.05,-3.35
104,16,backpack,0.2936,432.4,297.6,476.3,363.35,454.35,330.48,43.9,65.74,2886.2,0.67,Vertical Oblong,Grey,"(114, 51, 82)","(29.41, 2.0, -8.0)",8.25,16,VISIBLE,0.0,0.0
105,1,person,0.882,541.27,134.79,722.5,751.58,631.89,443.18,181.23,616.79,111780.65,0.29,Vertical Oblong,Black,"(126, 182, 9)","(0.78, 2.0, -2.0)",2.83,1,VISIBLE,-2.18,-3.82
105,10,person,0.3291,426.63,280.65,491.54,455.31,459.09,367.98,64.9,174.66,11335.66,0.37,Vertical Oblong,Grey,"(111, 57, 79)","(28.24, 1.0, -7.0)",7.07,12,VISIBLE,-0.75,1.08
105,5,can,0.4431,23.38,338.99,243.61,556.65,133.5,447.82,220.23,217.66,47935.67,1.01,Spherical / Regular,Black,"(143, 42, 34)","(11.37, 2.0, -1.0)",2.24,5,VISIBLE,-2.53,-0.03
105,11,car,0.4336,958.03,271.94,1323.6,457.96,1140.81,364.95,365.57,186.02,68003.06,1.97,Horizontal Oblong,Black,"(113, 73, 30)","(9.02, 0.0, -2.0)",2.0,11,VISIBLE,-7.27,-0.16
105,15,bus,0.3341,1110.83,105.9,1360.0,417.72,1235.41,261.81,249.17,311.82,77694.37,0.8,Spherical / Regular,Orange,"(17, 198, 96)","(29.02, 10.0, 21.0)",23.26,15,VISIBLE,-0.2,-2.93
105,16,backpack,0.3242,429.71,297.86,473.79,362.28,451.75,330.07,44.08,64.43,2840.12,0.68,Vertical Oblong,Grey,"(114, 51, 81)","(29.02, 2.0, -8.0)",8.25,16,VISIBLE,-2.6,-0.41
106,1,person,0.8844,540.17,132.0,720.22,750.1,630.19,441.05,180.06,618.09,111292.24,0.29,Vertical Oblong,Black,"(126, 182, 9)","(0.78, 2.0, -2.0)",2.83,1,VISIBLE,-1.84,-2.64
106,10,person,0.3291,425.63,282.46,491.09,455.54,458.36,369.0,65.46,173.08,11329.45,0.38,Vertical Oblong,Grey,"(111, 57, 77)","(27.84, 1.0, -7.0)",7.07,12,VISIBLE,-0.73,1.04
106,5,can,0.4681,18.94,338.15,242.09,557.06,130.51,447.6,223.15,218.92,48852.65,1.02,Spherical / Regular,Black,"(130, 42, 33)","(10.98, 2.0, 0.0)",2.0,5,VISIBLE,-2.84,-0.16
106,11,car,0.4092,954.55,272.19,1317.33,456.96,1135.94,364.57,362.78,184.76,67028.57,1.96,Horizontal Oblong,Black,"(113, 73, 30)","(9.02, 0.0, -2.0)",2.0,11,VISIBLE,-5.59,-0.31
106,15,bus,0.4596,1110.57,105.58,1359.97,413.74,1235.27,259.66,249.4,308.17,76855.18,0.81,Spherical / Regular,Orange,"(17, 201, 96)","(29.02, 10.0, 21.0)",23.26,15,VISIBLE,-0.16,-2.38
106,16,backpack,0.3529,427.73,298.08,471.24,362.08,449.49,330.08,43.51,64.0,2784.46,0.68,Vertical Oblong,Grey,"(114, 51, 81)","(28.63, 2.0, -8.0)",8.25,16,VISIBLE,-2.37,-0.11
107,1,person,0.888,538.94,131.04,718.74,751.33,628.84,441.19,179.8,620.29,111529.3,0.29,Vertical Oblong,Black,"(126, 182, 9)","(0.78, 2.0, -2.0)",2.83,1,VISIBLE,-1.5,-0.7
107,10,person,0.3291,424.63,284.28,490.64,455.78,457.63,370.03,66.02,171.5,11321.48,0.38,Vertical Oblong,Grey,"(113, 57, 77)","(27.45, 1.0, -7.0)",7.07,12,VISIBLE,-0.73,1.03
107,5,can,0.687,16.92,337.54,239.98,557.57,128.45,447.55,223.06,220.03,49080.79,1.01,Spherical / Regular,Black,"(130, 41, 33)","(10.98, 2.0, 0.0)",2.0,5,VISIBLE,-2.3,-0.08
107,11,car,0.3983,951.52,272.54,1310.37,456.19,1130.94,364.37,358.85,183.65,65903.41,1.95,Horizontal Oblong,Black,"(113, 71, 31)","(9.02, 0.0, -2.0)",2.0,11,VISIBLE,-5.17,-0.24
107,15,bus,0.2866,1109.82,105.41,1359.91,406.7,1234.87,256.05,250.09,301.29,75350.0,0.83,Spherical / Regular,Orange,"(17, 203, 96)","(28.63, 10.0, 21.0)",23.26,15,VISIBLE,-0.33,-3.24
107,16,backpack,0.3028,425.46,297.94,468.59,362.32,447.02,330.13,43.13,64.38,2776.75,0.67,Vertical Oblong,Grey,"(114, 52, 79)","(28.24, 2.0, -8.0)",8.25,16,VISIBLE,-2.43,0.0
108,1,person,0.89,538.28,131.53,718.26,755.31,628.27,443.42,179.98,623.78,112264.97,0.29,Vertical Oblong,Black,"(126, 182, 8)","(0.78, 2.0, -2.0)",2.83,1,VISIBLE,-0.85,1.36
108,10,person,0.3291,423.62,286.09,490.19,456.01,456.91,371.05,66.57,169.92,11311.76,0.39,Vertical Oblong,Grey,"(111, 58, 76)","(27.06, 1.0, -7.0)",7.07,12,VISIBLE,-0.73,1.02
108,5,can,0.5754,14.55,337.48,237.97,558.6,126.26,448.04,223.41,221.12,49399.54,1.01,Spherical / Regular,Black,"(90, 38, 31)","(10.59, 2.0, 0.0)",2.0,5,VISIBLE,-2.22,0.31
108,11,car,0.4143,948.19,273.15,1301.99,455.53,1125.09,364.34,353.79,182.37,64523.23,1.94,Horizontal Oblong,Black,"(111, 72, 31)","(9.02, 0.0, -2.0)",2.0,11,VISIBLE,-5.65,-0.09
108,15,bus,0.3892,1109.38,105.33,1359.87,400.96,1234.63,253.14,250.48,295.63,74051.18,0.85,Spherical / Regular,Orange,"(17, 207, 96)","(29.02, 10.0, 22.0)",24.17,15,VISIBLE,-0.27,-3.01
108,16,backpack,0.3028,423.89,298.08,466.69,362.21,445.29,330.14,42.8,64.12,2744.3,0.67,Vertical Oblong,Grey,"(114, 51, 80)","(28.63, 2.0, -8.0)",8.25,16,VISIBLE,-1.94,0.01
109,1,person,0.898,538.0,132.43,719.16,759.57,628.58,446.0,181.16,627.14,113614.3,0.29,Vertical Oblong,Black,"(126, 182, 8)","(0.78, 2.0, -2.0)",2.83,1,VISIBLE,-0.04,2.21
109,5,can,0.612,11.99,338.29,236.0,560.1,123.99,449.19,224.01,221.82,49689.08,1.01,Spherical / Regular,Black,"(130, 37, 32)","(10.59, 2.0, 0.0)",2.0,5,VISIBLE,-2.25,0.9
109,11,car,0.4181,945.08,273.94,1294.07,455.13,1119.58,364.54,348.99,181.19,63234.77,1.93,Horizontal Oblong,Black,"(113, 70, 33)","(10.2, 0.0, -2.0)",2.0,11,VISIBLE,-5.56,0.11
109,15,bus,0.5922,1109.25,105.29,1359.84,393.56,1234.55,249.42,250.59,288.27,72235.49,0.87,Spherical / Regular,Orange,"(16, 207, 96)","(28.63, 11.0, 22.0)",24.6,15,VISIBLE,-0.14,-3.51
109,16,backpack,0.3028,422.32,298.22,464.79,362.09,443.56,330.16,42.46,63.87,2712.02,0.66,Vertical Oblong,Grey,"(114, 50, 83)","(30.2, 2.0, -8.0)",8.25,16,VISIBLE,-1.8,0.01
110,1,person,0.9061,538.93,132.6,720.79,763.79,629.86,448.19,181.86,631.19,114785.6,0.29,Vertical Oblong,Black,"(126, 182, 9)","(0.78, 2.0, -2.0)",2.83,1,VISIBLE,0.88,2.2
110,5,can,0.7051,10.06,338.42,234.57,562.04,122.32,450.23,224.51,223.63,50205.24,1.0,Spherical / Regular,Black,"(130, 35, 31)","(10.59, 2.0, 0.0)",2.0,5,VISIBLE,-1.85,1.0
110,11,car,0.4595,941.45,274.1,1286.91,455.44,1114.18,364.77,345.46,181.33,62643.54,1.91,Horizontal Oblong,Black,"(112, 70, 33)","(10.59, 0.0, -2.0)",2.0,11,VISIBLE,-5.44,0.2
110,15,bus,0.6455,1108.91,105.03,1359.81,388.35,1234.36,246.69,250.89,283.32,71082.47,0.89,Spherical / Regular,Orange,"(16, 208, 94)","(28.24, 11.0, 22.0)",24.6,15,VISIBLE,-0.17,-2.97
110,16,backpack,0.3028,420.76,298.36,462.89,361.98,441.82,330.17,42.13,63.62,2679.92,0.66,Vertical Oblong,Grey,"(116, 51, 83)","(29.8, 2.0, -8.0)",8.25,16,VISIBLE,-1.75,0.01
111,1,person,0.904,540.68,131.33,723.65,766.05,632.17,448.69,182.97,634.72,116137.37,0.29,Vertical Oblong,Black,"(126, 182, 9)","(0.78, 2.0, -2.0)",2.83,1,VISIBLE,1.88,1.01
111,5,can,0.6767,8.68,338.81,233.59,563.5,121.14,451.15,224.91,224.69,50534.9,1.0,Spherical / Regular,Black,"(143, 34, 31)","(10.59, 2.0, 0.0)",2.0,5,VISIBLE,-1.38,0.95
111,11,car,0.4353,937.3,274.31,1281.6,455.32,1109.45,364.81,344.3,181.01,62322.34,1.9,Horizontal Oblong,Black,"(113, 69, 33)","(10.59, 0.0, -2.0)",2.0,11,VISIBLE,-4.94,0.09
111,15,bus,0.5414,1108.07,104.79,1359.79,384.44,1233.93,244.61,251.73,279.66,70396.66,0.9,Spherical / Regular,Orange,"(16, 207, 93)","(27.84, 11.0, 22.0)",24.6,15,VISIBLE,-0.35,-2.34
111,16,backpack,0.3028,419.19,298.5,460.98,361.86,440.09,330.18,41.79,63.36,2647.98,0.66,Vertical Oblong,Grey,"(116, 51, 82)","(29.8, 2.0, -8.0)",8.25,16,VISIBLE,-1.74,0.01
111,6,person,0.2931,1333.49,309.87,1360.0,439.39,1346.75,374.63,26.51,129.52,3433.59,0.2,Vertical Oblong,Black,"(126, 142, 12)","(2.35, 2.0, -2.0)",2.83,17,VISIBLE,4.32,0.09
112,1,person,0.9029,542.47,128.2,727.61,766.13,635.04,447.17,185.14,637.93,118105.67,0.29,Vertical Oblong,Black,"(126, 182, 8)","(0.78, 2.0, -2.0)",2.83,1,VISIBLE,2.58,-0.77
112,6,person,0.3142,1333.71,309.1,1360.0,439.55,1346.86,374.32,26.29,130.45,3429.12,0.2,Vertical Oblong,Black,"(126, 142, 12)","(2.35, 2.0, -2.0)",2.83,17,VISIBLE,1.37,-0.19
112,5,can,0.6758,6.83,339.13,232.92,564.54,119.87,451.83,226.1,225.41,50965.27,1.0,Spherical / Regular,Black,"(113, 34, 31)","(10.59, 1.0, 0.0)",1.0,5,VISIBLE,-1.3,0.76
112,11,car,0.3438,933.86,274.12,1275.33,454.72,1104.59,364.42,341.47,180.59,61666.41,1.89,Horizontal Oblong,Black,"(111, 70, 32)","(9.8, 0.0, -2.0)",2.0,11,VISIBLE,-4.88,-0.25
112,15,bus,0.4615,1107.51,104.53,1359.8,380.58,1233.66,242.56,252.29,276.06,69646.38,0.91,Spherical / Regular,Orange,"(16, 208, 92)","(27.84, 11.0, 22.0)",24.6,15,VISIBLE,-0.3,-2.14
112,16,backpack,0.3028,417.63,298.64,459.08,361.75,438.35,330.2,41.46,63.11,2616.22,0.66,Vertical Oblong,Grey,"(114, 51, 81)","(28.82, 2.0, -8.0)",8.25,16,VISIBLE,-1.73,0.01
113,1,person,0.8979,543.63,125.2,732.31,765.1,637.97,445.15,188.68,639.9,120733.57,0.29,Vertical Oblong,Black,"(126, 182, 8)","(0.78, 2.0, -2.0)",2.83,1,VISIBLE,2.82,-1.64
113,6,person,0.3225,1334.23,308.3,1360.0,439.8,1347.11,374.05,25.77,131.5,3389.35,0.2,Vertical Oblong,Black,"(126, 142, 12)","(2.35, 2.0, -2.0)",2.83,17,VISIBLE,0.59,-0.25
113,5,can,0.5577,4.45,339.16,232.05,565.07,118.25,452.12,227.6,225.91,51416.67,1.01,Spherical / Regular,Black,"(113, 37, 31)","(10.59, 2.0, 0.0)",2.0,5,VISIBLE,-1.53,0.42
113,11,car,0.381,930.04,274.39,1268.46,454.29,1099.25,364.34,338.42,179.9,60881.25,1.88,Horizontal Oblong,Black,"(113, 68, 33)","(10.59, 0.0, -2.0)",2.0,11,VISIBLE,-5.21,-0.13
113,15,bus,0.3804,1105.67,104.45,1359.79,379.12,1232.73,241.78,254.12,274.67,69798.94,0.93,Spherical / Regular,Orange,"(16, 206, 92)","(27.45, 11.0, 21.0)",23.71,15,VISIBLE,-0.74,-1.18
114,1,person,0.8959,544.25,121.57,734.91,764.46,639.58,443.01,190.66,642.89,122573.83,0.3,Vertical Oblong,Black,"(126, 182, 8)","(0.78, 2.0, -2.0)",2.83,1,VISIBLE,1.97,-1.99
114,6,person,0.3391,1334.93,306.45,1360.0,440.25,1347.47,373.35,25.07,133.8,3354.35,0.19,Vertical Oblong,Black,"(130, 135, 13)","(2.35, 2.0, -2.0)",2.83,17,VISIBLE,0.42,-0.56
114,5,can,0.6538,2.85,338.73,230.89,565.35,116.87,452.04,228.04,226.63,51681.17,1.01,Spherical / Regular,Black,"(135, 36, 31)","(10.59, 2.0, -1.0)",2.24,5,VISIBLE,-1.42,0.07
114,11,car,0.3613,926.42,275.45,1259.42,453.27,1092.92,364.36,333.0,177.82,59213.58,1.87,Horizontal Oblong,Black,"(113, 68, 33)","(10.59, 0.0, -2.0)",2.0,11,VISIBLE,-5.99,-0.03
114,15,bus,0.3804,1104.82,104.27,1359.77,375.23,1232.3,239.75,254.95,270.97,69082.62,0.94,Spherical / Regular,Orange,"(16, 206, 92)","(27.84, 11.0, 22.0)",24.6,15,VISIBLE,-0.53,-1.78
115,1,person,0.8985,544.08,118.82,735.24,764.77,639.66,441.8,191.16,645.95,123478.23,0.3,Vertical Oblong,Black,"(126, 182, 8)","(0.78, 2.0, -2.0)",2.83,1,VISIBLE,0.65,-1.45
115,6,person,0.3391,1335.32,305.52,1360.0,440.47,1347.66,373.0,24.68,134.95,3330.35,0.18,Vertical Oblong,Black,"(130, 128, 13)","(2.35, 2.0, -2.0)",2.83,17,VISIBLE,0.26,-0.42
115,5,can,0.5675,0.93,338.11,229.46,565.3,115.19,451.7,228.53,227.19,51919.81,1.01,Spherical / Regular,Black,"(135, 39, 32)","(10.98, 2.0, -1.0)",2.24,5,VISIBLE,-1.6,-0.21
115,11,car,0.3938,921.59,272.95,1251.43,452.27,1086.51,362.61,329.84,179.32,59147.92,1.84,Horizontal Oblong,Black,"(113, 68, 34)","(10.59, 0.0, -2.0)",2.0,11,VISIBLE,-6.28,-1.23
115,15,bus,0.2934,1106.07,104.29,1359.76,381.56,1232.91,242.93,253.69,277.27,70341.44,0.91,Spherical / Regular,Orange,"(16, 206, 91)","(27.45, 11.0, 22.0)",24.6,15,VISIBLE,0.28,1.69
115,3,person,0.3408,754.15,317.88,797.86,424.08,776.01,370.98,43.71,106.2,4642.08,0.41,Vertical Oblong,Orange,"(20, 100, 102)","(36.86, 2.0, 11.0)",11.18,18,VISIBLE,25.15,0.74
116,1,person,0.9,543.0,116.74,734.8,765.99,638.9,441.37,191.81,649.25,124531.14,0.3,Vertical Oblong,Black,"(126, 182, 7)","(0.78, 2.0, -2.0)",2.83,1,VISIBLE,-0.34,-0.74
116,6,person,0.3391,1335.71,304.6,1360.0,440.69,1347.86,372.65,24.29,136.09,3305.45,0.18,Vertical Oblong,Black,"(130, 109, 13)","(2.75, 2.0, -2.0)",2.83,17,VISIBLE,0.22,-0.37
116,3,person,0.3469,753.8,318.73,797.75,424.22,775.77,371.48,43.96,105.5,4637.46,0.42,Vertical Oblong,Orange,"(19, 97, 109)","(39.61, 2.0, 12.0)",12.17,18,VISIBLE,7.38,0.57
116,5,can,0.6986,-0.49,336.67,227.21,565.66,113.36,451.17,227.7,228.99,52140.41,0.99,Spherical / Regular,Black,"(128, 36, 31)","(10.59, 1.0, 0.0)",1.0,5,VISIBLE,-1.76,-0.44
116,11,car,0.3677,918.24,274.26,1243.76,451.49,1081.0,362.88,325.52,177.23,57693.02,1.84,Horizontal Oblong,Black,"(109, 68, 33)","(10.59, 0.0, -2.0)",2.0,11,VISIBLE,-5.74,-0.18
116,15,bus,0.2934,1105.78,104.17,1359.74,380.39,1232.76,242.28,253.97,276.22,70151.64,0.92,Spherical / Regular,Orange,"(16, 208, 91)","(27.45, 11.0, 22.0)",24.6,15,VISIBLE,-0.03,0.06
117,1,person,0.8966,541.54,115.88,734.17,766.7,637.86,441.29,192.63,650.82,125366.39,0.3,Vertical Oblong,Black,"(126, 182, 7)","(0.78, 2.0, -2.0)",2.83,1,VISIBLE,-0.83,-0.27
117,6,person,0.3391,1336.1,303.68,1360.0,440.91,1348.05,372.29,23.9,137.23,3279.66,0.17,Vertical Oblong,Black,"(130, 116, 14)","(2.75, 2.0, -2.0)",2.83,17,VISIBLE,0.2,-0.36
117,3,person,0.4111,753.73,319.38,797.52,424.49,775.63,371.94,43.79,105.1,4602.77,0.42,Vertical Oblong,Orange,"(19, 96, 104)","(37.25, 2.0, 12.0)",12.17,18,VISIBLE,2.11,0.49
117,5,can,0.6416,-1.22,336.23,224.62,565.91,111.7,451.07,225.85,229.68,51871.84,0.98,Spherical / Regular,Black,"(133, 37, 31)","(10.59, 2.0, -1.0)",2.24,5,VISIBLE,-1.69,-0.2
117,11,car,0.356,915.62,274.7,1237.19,450.71,1076.41,362.71,321.57,176.02,56601.7,1.83,Horizontal Oblong,Black,"(113, 65, 35)","(10.98, 0.0, -2.0)",2.0,11,VISIBLE,-4.94,-0.17
117,15,bus,0.2934,1105.48,104.04,1359.73,379.21,1232.61,241.63,254.25,275.17,69961.25,0.92,Spherical / Regular,Orange,"(16, 206, 91)","(27.45, 11.0, 22.0)",24.6,15,VISIBLE,-0.12,-0.44
118,1,person,0.898,539.89,115.89,733.68,766.93,636.79,441.41,193.78,651.04,126162.19,0.3,Vertical Oblong,Black,"(126, 182, 7)","(0.78, 2.0, -2.0)",2.83,1,VISIBLE,-1.0,0.0
118,6,person,0.3391,1336.49,302.75,1360.0,441.13,1348.25,371.94,23.51,138.38,3252.97,0.17,Vertical Oblong,Black,"(130, 102, 14)","(3.14, 2.0, -2.0)",2.83,17,VISIBLE,0.2,-0.36
118,3,person,0.451,753.76,319.7,797.09,424.83,775.42,372.26,43.33,105.13,4555.45,0.41,Vertical Oblong,Orange,"(19, 96, 104)","(37.65, 2.0, 11.0)",11.18,18,VISIBLE,0.49,0.38
118,5,can,0.6558,-1.5,336.45,221.55,567.54,110.03,451.99,223.05,231.09,51544.27,0.97,Spherical / Regular,Black,"(130, 35, 32)","(10.59, 1.0, -1.0)",1.41,5,VISIBLE,-1.68,0.59
118,11,car,0.3587,912.94,276.23,1231.42,450.19,1072.18,363.21,318.48,173.96,55402.19,1.83,Horizontal Oblong,Black,"(113, 66, 35)","(10.98, 0.0, -2.0)",2.0,11,VISIBLE,-4.44,0.3
118,15,bus,0.2934,1105.19,103.92,1359.72,378.04,1232.45,240.98,254.52,274.12,69770.27,0.93,Spherical / Regular,Orange,"(16, 202, 55)","(14.9, 4.0, 10.0)",10.77,15,VISIBLE,-0.14,-0.58
119,1,person,0.9021,538.11,117.26,733.66,767.33,635.88,442.3,195.54,650.07,127115.11,0.3,Vertical Oblong,Black,"(126, 182, 7)","(0.78, 2.0, -2.0)",2.83,1,VISIBLE,-0.93,0.62
119,6,person,0.3391,1336.88,301.83,1360.0,441.35,1348.44,371.59,23.12,139.52,3225.39,0.17,Vertical Oblong,Black,"(130, 106, 15)","(3.33, 2.0, -2.0)",2.83,17,VISIBLE,0.2,-0.35
119,3,person,0.4753,753.99,319.89,796.63,425.25,775.31,372.57,42.63,105.36,4491.7,0.4,Vertical Oblong,Orange,"(19, 95, 101)","(36.86, 2.0, 11.0)",11.18,18,VISIBLE,0.07,0.33
119,5,can,0.4872,-1.38,336.86,218.61,569.17,108.62,453.02,219.99,232.31,51104.78,0.95,Spherical / Regular,Black,"(130, 38, 32)","(10.59, 1.0, 0.0)",1.0,5,VISIBLE,-1.49,0.89
119,11,car,0.4398,909.83,277.8,1225.28,449.96,1067.55,363.88,315.46,172.16,54309.33,1.83,Horizontal Oblong,Black,"(113, 65, 36)","(11.76, 0.0, -2.0)",2.0,11,VISIBLE,-4.57,0.56
119,15,bus,0.2934,1104.9,103.79,1359.7,376.86,1232.3,240.33,254.8,273.07,69578.72,0.93,Spherical / Regular,Orange,"(16, 200, 57)","(15.29, 5.0, 11.0)",12.08,15,VISIBLE,-0.15,-0.63
120,1,person,0.9054,535.75,118.67,733.26,767.3,634.51,442.98,197.51,648.63,128112.25,0.3,Vertical Oblong,Black,"(126, 182, 7)","(0.78, 2.0, -2.0)",2.83,1,VISIBLE,-1.24,0.67
120,3,person,0.4534,754.07,320.01,796.48,425.7,775.27,372.85,42.41,105.69,4482.53,0.4,Vertical Oblong,Orange,"(19, 91, 106)","(39.22, 2.0, 12.0)",12.17,18,VISIBLE,-0.0,0.3
120,5,can,0.4204,-1.13,337.42,216.0,571.19,107.44,454.3,217.13,233.77,50758.8,0.93,Spherical / Regular,Black,"(113, 36, 31)","(10.59, 1.0, 0.0)",1.0,5,VISIBLE,-1.27,1.17
120,11,car,0.3843,906.32,278.93,1218.92,450.08,1062.62,364.5,312.59,171.16,53502.34,1.83,Horizontal Oblong,Black,"(111, 66, 35)","(10.98, 0.0, -2.0)",2.0,11,VISIBLE,-4.83,0.61
120,15,bus,0.2934,1104.61,103.67,1359.69,375.69,1232.15,239.68,255.08,272.02,69386.58,0.94,Spherical / Regular,Orange,"(15, 203, 59)","(15.69, 6.0, 11.0)",12.53,15,VISIBLE,-0.15,-0.64
121,1,person,0.904,532.79,118.47,730.96,767.41,631.88,442.94,198.16,648.94,128594.56,0.31,Vertical Oblong,Black,"(126, 182, 7)","(0.78, 2.0, -2.0)",2.83,1,VISIBLE,-2.21,0.17
121,3,person,0.4537,754.2,320.06,796.15,425.9,775.17,372.98,41.95,105.84,4440.47,0.4,Vertical Oblong,Orange,"(21, 97, 97)","(33.73, 2.0, 11.0)",11.18,18,VISIBLE,-0.07,0.18
121,5,can,0.4778,-0.94,338.75,213.37,573.22,106.21,455.99,214.32,234.47,50249.95,0.91,Spherical / Regular,Black,"(126, 33, 32)","(10.98, 1.0, 0.0)",1.0,5,VISIBLE,-1.24,1.53
121,11,car,0.3793,902.77,279.26,1212.62,449.75,1057.69,364.5,309.85,170.48,52824.3,1.82,Horizontal Oblong,Black,"(113, 63, 36)","(11.76, 0.0, -2.0)",2.0,11,VISIBLE,-4.9,0.18
122,1,person,0.8931,530.18,116.62,727.39,767.66,628.78,442.14,197.21,651.03,128391.22,0.3,Vertical Oblong,Black,"(126, 182, 8)","(0.78, 2.0, -2.0)",2.83,1,VISIBLE,-2.83,-0.51
122,3,person,0.4157,754.15,319.96,796.06,425.86,775.11,372.91,41.9,105.89,4437.48,0.4,Vertical Oblong,Orange,"(20, 95, 100)","(34.71, 2.0, 11.0)",11.18,18,VISIBLE,-0.07,0.0
122,11,car,0.4121,898.97,277.26,1206.64,449.28,1052.81,363.27,307.67,172.02,52925.02,1.79,Horizontal Oblong,Black,"(111, 62, 37)","(12.16, 0.0, -2.0)",2.0,11,VISIBLE,-4.89,-0.81
122,5,can,0.3512,-0.73,339.27,210.43,574.04,104.85,456.65,211.16,234.77,49574.7,0.9,Spherical / Regular,Black,"(126, 34, 32)","(10.98, 1.0, 0.0)",1.0,5,VISIBLE,-1.33,0.93
123,1,person,0.8877,527.98,114.66,724.0,767.8,625.99,441.23,196.02,653.14,128031.41,0.3,Vertical Oblong,Black,"(126, 182, 8)","(0.78, 2.0, -2.0)",2.83,1,VISIBLE,-2.8,-0.79
123,3,person,0.3547,753.76,319.98,795.86,425.35,774.81,372.66,42.09,105.37,4435.19,0.4,Vertical Oblong,Orange,"(23, 94, 98)","(34.12, 2.0, 10.0)",10.2,18,VISIBLE,-0.23,-0.17
123,5,can,0.4287,-0.52,337.59,207.67,574.19,103.58,455.89,208.19,236.59,49257.35,0.88,Spherical / Regular,Black,"(128, 34, 32)","(10.98, 1.0, 0.0)",1.0,5,VISIBLE,-1.29,-0.26
123,11,car,0.4284,894.89,277.88,1200.89,448.65,1047.89,363.27,306.01,170.77,52256.88,1.79,Horizontal Oblong,Black,"(110, 60, 37)","(12.55, 0.0, -2.0)",2.0,11,VISIBLE,-4.91,-0.25
124,1,person,0.886,526.69,113.28,721.95,767.93,624.32,440.61,195.26,654.65,127825.38,0.3,Vertical Oblong,Black,"(126, 182, 7)","(0.78, 2.0, -2.0)",2.83,1,VISIBLE,-2.01,-0.67
124,3,person,0.3537,753.45,319.75,795.66,424.83,774.56,372.29,42.22,105.08,4436.21,0.4,Vertical Oblong,Orange,"(19, 91, 102)","(36.86, 2.0, 11.0)",11.18,18,VISIBLE,-0.25,-0.31
124,5,can,0.481,-0.34,336.91,204.98,574.01,102.32,455.46,205.32,237.09,48679.3,0.87,Spherical / Regular,Black,"(113, 34, 32)","(10.98, 1.0, 0.0)",1.0,5,VISIBLE,-1.27,-0.38
124,11,car,0.4378,890.59,279.39,1194.9,447.97,1042.75,363.68,304.31,168.58,51300.61,1.81,Horizontal Oblong,Black,"(108, 60, 36)","(11.76, 0.0, -2.0)",2.0,11,VISIBLE,-5.07,0.22
125,1,person,0.887,526.36,113.74,720.27,767.98,623.31,440.86,193.91,654.24,126860.31,0.3,Vertical Oblong,Black,"(126, 182, 8)","(0.78, 2.0, -2.0)",2.83,1,VISIBLE,-1.31,-0.02
125,3,person,0.395,752.98,319.46,795.27,424.44,774.12,371.95,42.29,104.99,4439.36,0.4,Vertical Oblong,Blue,"(106, 98, 91)","(30.78, 2.0, -12.0)",12.17,18,VISIBLE,-0.38,-0.33
125,5,can,0.5157,-0.19,336.13,202.43,574.24,101.12,455.19,202.62,238.11,48245.57,0.85,Spherical / Regular,Black,"(126, 34, 32)","(10.98, 1.0, -1.0)",1.41,5,VISIBLE,-1.22,-0.31
125,11,car,0.4492,886.84,279.84,1189.25,447.51,1038.04,363.67,302.41,167.67,50704.56,1.8,Horizontal Oblong,Black,"(111, 60, 37)","(12.16, 0.0, -2.0)",2.0,11,VISIBLE,-4.81,0.06
125,6,person,0.3416,1186.2,309.56,1231.74,419.22,1208.97,364.39,45.54,109.66,4994.37,0.42,Vertical Oblong,Black,"(128, 119, 16)","(3.14, 2.0, -2.0)",2.83,19,VISIBLE,-16.21,-0.95
126,1,person,0.897,527.34,114.13,720.77,767.7,624.05,440.92,193.43,653.57,126423.57,0.3,Vertical Oblong,Black,"(126, 182, 8)","(0.78, 2.0, -2.0)",2.83,1,VISIBLE,0.13,0.03
126,3,person,0.4539,752.48,319.35,794.9,424.17,773.69,371.76,42.42,104.82,4446.89,0.4,Vertical Oblong,Blue,"(106, 99, 89)","(29.41, 2.0, -12.0)",12.17,18,VISIBLE,-0.42,-0.23
126,6,person,0.3416,1185.96,309.54,1231.68,419.27,1208.82,364.41,45.72,109.73,5016.58,0.42,Vertical Oblong,Black,"(135, 120, 17)","(3.14, 2.0, -2.0)",2.83,19,VISIBLE,-4.97,-0.27
126,11,car,0.4107,884.32,280.58,1183.47,447.15,1033.89,363.86,299.14,166.57,49829.2,1.8,Horizontal Oblong,Black,"(111, 59, 36)","(11.76, 0.0, -2.0)",2.0,11,VISIBLE,-4.35,0.15
126,5,can,0.3827,-0.08,335.78,201.3,575.02,100.61,455.4,201.38,239.24,48179.84,0.84,Spherical / Regular,Black,"(126, 34, 32)","(10.98, 1.0, -1.0)",1.41,5,VISIBLE,-0.72,0.06
127,1,person,0.9094,529.81,114.98,724.7,767.42,627.26,441.2,194.89,652.44,127152.65,0.3,Vertical Oblong,Black,"(126, 182, 8)","(0.78, 2.0, -2.0)",2.83,1,VISIBLE,2.28,0.21
127,3,person,0.4817,752.23,319.58,794.18,424.22,773.21,371.9,41.96,104.64,4390.36,0.4,Vertical Oblong,Blue,"(106, 95, 89)","(29.8, 2.0, -12.0)",12.17,18,VISIBLE,-0.46,0.03
127,6,person,0.3416,1185.72,309.52,1231.61,419.32,1208.67,364.42,45.89,109.8,5038.81,0.42,Vertical Oblong,Black,"(133, 118, 18)","(3.14, 2.0, -3.0)",3.61,19,VISIBLE,-1.6,-0.07
127,11,car,0.4457,881.44,280.8,1177.55,447.04,1029.5,363.92,296.11,166.23,49222.33,1.78,Horizontal Oblong,Black,"(110, 59, 36)","(11.76, 0.0, -2.0)",2.0,11,VISIBLE,-4.38,0.08
127,5,can,0.3827,-0.04,335.39,199.07,575.64,99.52,455.51,199.11,240.26,47838.23,0.83,Spherical / Regular,Black,"(130, 35, 32)","(10.98, 1.0, -1.0)",1.41,5,VISIBLE,-0.98,0.1
128,1,person,0.9094,532.77,115.75,729.34,767.11,631.05,441.43,196.57,651.37,128039.91,0.3,Vertical Oblong,Black,"(126, 182, 7)","(0.78, 2.0, -2.0)",2.83,1,VISIBLE,3.34,0.22
128,3,person,0.4635,752.18,319.76,793.71,424.65,772.95,372.2,41.53,104.89,4355.51,0.4,Vertical Oblong,Blue,"(106, 95, 92)","(31.37, 2.0, -12.0)",12.17,18,VISIBLE,-0.32,0.22
128,11,car,0.4506,878.66,281.02,1171.31,447.07,1024.98,364.04,292.65,166.05,48594.47,1.76,Horizontal Oblong,Black,"(107, 62, 35)","(11.76, 0.0, -2.0)",2.0,11,VISIBLE,-4.47,0.11
128,5,can,0.3531,0.01,336.22,197.61,577.91,98.81,457.07,197.6,241.7,47759.06,0.82,Spherical / Regular,Black,"(130, 33, 31)","(10.59, 1.0, -1.0)",1.41,5,VISIBLE,-0.79,1.11
129,1,person,0.8973,535.55,114.7,733.91,766.79,634.73,440.75,198.36,652.09,129349.8,0.3,Vertical Oblong,Black,"(126, 182, 8)","(0.78, 2.0, -2.0)",2.83,1,VISIBLE,3.58,-0.41
129,3,person,0.4834,751.92,319.6,793.95,425.02,772.94,372.31,42.03,105.42,4430.61,0.4,Vertical Oblong,Blue,"(108, 96, 90)","(30.2, 2.0, -12.0)",12.17,18,VISIBLE,-0.1,0.14
129,11,car,0.437,875.78,281.59,1165.36,446.97,1020.57,364.28,289.58,165.38,47891.41,1.75,Horizontal Oblong,Black,"(108, 61, 36)","(11.76, 0.0, -2.0)",2.0,11,VISIBLE,-4.43,0.2
129,5,can,0.3531,0.06,336.15,195.59,578.97,97.82,457.56,195.53,242.83,47478.97,0.81,Spherical / Regular,Black,"(130, 35, 31)","(10.59, 1.0, -1.0)",1.41,5,VISIBLE,-0.93,0.68
129,10,person,0.3465,445.96,308.71,492.76,410.61,469.36,359.66,46.8,101.89,4768.76,0.46,Vertical Oblong,Black,"(120, 55, 39)","(12.16, 2.0, -5.0)",5.39,20,VISIBLE,0.2,-0.07
130,1,person,0.8942,538.01,112.28,738.42,766.83,638.22,439.55,200.42,654.55,131183.72,0.31,Vertical Oblong,Black,"(126, 182, 9)","(0.78, 2.0, -2.0)",2.83,1,VISIBLE,3.51,-0.96
130,3,person,0.4771,751.73,319.28,794.5,425.28,773.12,372.28,42.77,106.0,4533.78,0.4,Vertical Oblong,Blue,"(107, 92, 99)","(34.51, 2.0, -12.0)",12.17,18,VISIBLE,0.09,0.02
130,10,person,0.3058,446.48,307.83,492.26,409.9,469.37,358.87,45.78,102.07,4672.31,0.45,Vertical Oblong,Black,"(120, 55, 39)","(12.16, 2.0, -5.0)",5.39,20,VISIBLE,0.07,-0.58
130,11,car,0.4694,873.17,281.68,1161.25,446.44,1017.21,364.06,288.08,164.76,47462.99,1.75,Horizontal Oblong,Black,"(110, 63, 36)","(11.37, 0.0, -2.0)",2.0,11,VISIBLE,-3.68,-0.09
130,5,can,0.3048,0.07,335.63,194.73,580.86,97.4,458.24,194.66,245.22,47734.19,0.79,Vertical Oblong,Black,"(130, 36, 31)","(10.59, 1.0, -1.0)",1.41,5,VISIBLE,-0.58,0.68
131,1,person,0.8964,539.62,108.98,743.39,766.91,641.51,437.95,203.77,657.93,134065.35,0.31,Vertical Oblong,Black,"(126, 182, 8)","(0.78, 2.0, -2.0)",2.83,1,VISIBLE,3.36,-1.41
131,3,person,0.4733,751.74,318.99,795.77,425.47,773.76,372.23,44.03,106.48,4688.29,0.41,Vertical Oblong,Blue,"(108, 90, 101)","(35.69, 2.0, -11.0)",11.18,18,VISIBLE,0.48,-0.03
131,10,person,0.3043,447.25,307.2,491.62,409.74,469.44,358.47,44.37,102.54,4549.04,0.43,Vertical Oblong,Black,"(120, 55, 39)","(12.16, 2.0, -5.0)",5.39,20,VISIBLE,0.07,-0.45
131,11,car,0.4002,871.04,281.69,1156.38,445.93,1013.71,363.81,285.34,164.24,46864.08,1.74,Horizontal Oblong,Black,"(110, 64, 37)","(11.76, 0.0, -2.0)",2.0,11,VISIBLE,-3.55,-0.2
131,5,can,0.3048,0.11,335.45,193.01,582.13,96.56,458.79,192.9,246.69,47586.96,0.78,Vertical Oblong,Black,"(130, 38, 31)","(10.59, 1.0, -1.0)",1.41,5,VISIBLE,-0.76,0.59
132,1,person,0.899,540.94,105.99,747.97,766.89,644.46,436.44,207.03,660.91,136825.19,0.31,Vertical Oblong,Black,"(126, 182, 8)","(0.78, 2.0, -2.0)",2.83,1,VISIBLE,3.07,-1.48
132,3,person,0.4716,752.1,318.93,796.9,425.55,774.5,372.24,44.8,106.62,4776.34,0.42,Vertical Oblong,Blue,"(107, 92, 98)","(34.12, 2.0, -10.0)",10.2,18,VISIBLE,0.66,-0.0
132,10,person,0.3481,448.18,306.78,490.87,409.55,469.52,358.16,42.7,102.77,4387.94,0.42,Vertical Oblong,Black,"(120, 55, 38)","(12.16, 1.0, -5.0)",5.1,20,VISIBLE,0.08,-0.35
132,5,can,0.4119,0.09,335.05,191.83,583.4,95.96,459.23,191.73,248.35,47616.03,0.77,Vertical Oblong,Black,"(130, 36, 31)","(10.59, 1.0, -1.0)",1.41,5,VISIBLE,-0.65,0.48
132,11,car,0.4004,867.88,281.92,1151.32,445.6,1009.6,363.76,283.44,163.68,46393.07,1.73,Horizontal Oblong,Black,"(108, 64, 36)","(11.76, 0.0, -2.0)",2.0,11,VISIBLE,-3.94,-0.1
133,1,person,0.9009,541.52,104.38,751.36,766.86,646.44,435.62,209.84,662.48,139015.03,0.32,Vertical Oblong,Black,"(126, 182, 8)","(0.78, 2.0, -2.0)",2.83,1,VISIBLE,2.31,-1.02
133,3,person,0.4875,752.45,318.82,797.7,425.61,775.08,372.21,45.25,106.78,4832.12,0.42,Vertical Oblong,Blue,"(108, 91, 88)","(30.2, 2.0, -10.0)",10.2,18,VISIBLE,0.6,-0.02
133,10,person,0.3368,448.98,306.82,490.46,409.27,469.72,358.05,41.49,102.45,4250.47,0.4,Vertical Oblong,Black,"(120, 55, 38)","(12.16, 2.0, -5.0)",5.39,20,VISIBLE,0.16,-0.19
133,11,car,0.3882,865.7,282.07,1147.4,445.13,1006.55,363.6,281.7,163.07,45935.45,1.73,Horizontal Oblong,Black,"(111, 64, 37)","(11.76, 0.0, -2.0)",2.0,11,VISIBLE,-3.32,-0.14
133,5,can,0.3575,0.08,335.55,189.6,584.21,94.84,459.88,189.52,248.66,47126.62,0.76,Vertical Oblong,Black,"(130, 38, 31)","(10.59, 1.0, -1.0)",1.41,5,VISIBLE,-0.98,0.6
134,1,person,0.9017,541.75,104.75,753.86,766.81,647.8,435.78,212.11,662.06,140432.49,0.32,Vertical Oblong,Black,"(126, 182, 8)","(0.78, 2.0, -2.0)",2.83,1,VISIBLE,1.65,-0.19
134,3,person,0.474,752.76,319.0,797.87,425.68,775.31,372.34,45.11,106.68,4812.29,0.42,Vertical Oblong,Blue,"(108, 99, 83)","(27.06, 2.0, -12.0)",12.17,18,VISIBLE,0.35,0.08
134,10,person,0.3473,449.47,307.0,490.4,409.27,469.94,358.14,40.92,102.27,4185.11,0.4,Vertical Oblong,Black,"(120, 57, 38)","(11.76, 2.0, -5.0)",5.39,20,VISIBLE,0.2,0.01
134,5,can,0.5201,0.07,336.35,187.28,584.82,93.68,460.58,187.21,248.47,46515.24,0.75,Vertical Oblong,Black,"(133, 38, 31)","(10.59, 2.0, -2.0)",2.83,5,VISIBLE,-1.11,0.67
134,11,car,0.3946,863.25,282.41,1143.98,445.02,1003.61,363.71,280.73,162.61,45650.29,1.73,Horizontal Oblong,Black,"(111, 62, 38)","(12.35, 0.0, -2.0)",2.0,11,VISIBLE,-3.05,0.04
135,1,person,0.8993,541.42,105.92,754.32,766.74,647.87,436.33,212.9,660.82,140692.41,0.32,Vertical Oblong,Black,"(126, 182, 8)","(0.78, 2.0, -2.0)",2.83,1,VISIBLE,0.54,0.33
135,3,person,0.4653,752.92,318.93,797.67,425.75,775.29,372.34,44.75,106.82,4780.24,0.42,Vertical Oblong,Brown,"(17, 55, 116)","(44.71, 2.0, 7.5)",7.76,18,VISIBLE,0.09,0.02
135,10,person,0.2898,449.8,307.32,490.51,409.05,470.15,358.18,40.71,101.73,4142.02,0.4,Vertical Oblong,Black,"(120, 57, 37)","(11.37, 2.0, -5.0)",5.39,20,VISIBLE,0.21,0.04
135,11,car,0.4436,860.93,282.51,1140.31,444.84,1000.62,363.67,279.38,162.33,45351.61,1.72,Horizontal Oblong,Black,"(110, 63, 39)","(12.94, 0.0, -2.0)",2.0,11,VISIBLE,-3.01,-0.02
135,5,can,0.3979,0.05,336.17,185.48,585.58,92.77,460.87,185.43,249.4,46246.29,0.74,Vertical Oblong,Black,"(130, 38, 30)","(10.2, 2.0, -2.0)",2.83,5,VISIBLE,-0.97,0.41
136,1,person,0.8994,540.7,107.02,752.65,766.7,646.68,436.86,211.95,659.68,139817.74,0.32,Vertical Oblong,Black,"(126, 182, 8)","(0.78, 2.0, -2.0)",2.83,1,VISIBLE,-0.67,0.47
136,3,person,0.456,752.9,318.77,797.22,425.8,775.06,372.29,44.31,107.03,4742.97,0.41,Vertical Oblong,Brown,"(17, 55, 115)","(43.92, 2.0, 8.0)",8.25,18,VISIBLE,-0.14,-0.03
136,10,person,0.2898,450.33,307.3,490.28,408.88,470.3,358.09,39.95,101.58,4058.42,0.39,Vertical Oblong,Black,"(120, 57, 37)","(10.98, 2.0, -5.0)",5.39,20,VISIBLE,0.17,-0.06
136,5,can,0.4999,0.03,336.58,182.96,586.28,91.5,461.43,182.93,249.71,45677.94,0.73,Vertical Oblong,Black,"(130, 38, 30)","(9.8, 2.0, -2.0)",2.83,5,VISIBLE,-1.18,0.51
136,11,car,0.4163,857.43,282.96,1136.96,444.4,997.19,363.68,279.53,161.45,45129.05,1.73,Horizontal Oblong,Black,"(106, 63, 38)","(12.55, 0.0, -2.0)",2.0,11,VISIBLE,-3.3,-0.0
137,1,person,0.8979,539.91,107.64,749.7,766.91,644.8,437.27,209.78,659.27,138303.95,0.32,Vertical Oblong,Black,"(126, 182, 8)","(0.78, 2.0, -2.0)",2.83,1,VISIBLE,-1.51,0.43
137,3,person,0.4991,752.8,318.52,797.05,426.0,774.92,372.26,44.25,107.48,4755.47,0.41,Vertical Oblong,Brown,"(16, 55, 117)","(44.71, 2.0, 8.0)",8.25,18,VISIBLE,-0.14,-0.03
137,10,person,0.2898,450.86,307.28,490.05,408.7,470.46,357.99,39.19,101.42,3975.06,0.39,Vertical Oblong,Black,"(120, 57, 36)","(10.98, 2.0, -5.0)",5.39,20,VISIBLE,0.16,-0.09
137,11,car,0.4334,853.3,282.74,1135.14,444.29,994.22,363.51,281.84,161.55,45531.18,1.74,Horizontal Oblong,Black,"(111, 62, 39)","(12.94, 0.0, -2.0)",2.0,11,VISIBLE,-3.07,-0.12
137,5,can,0.3907,0.02,336.96,180.23,587.67,90.12,462.32,180.21,250.71,45180.64,0.72,Vertical Oblong,Black,"(133, 38, 30)","(9.8, 2.0, -2.0)",2.83,5,VISIBLE,-1.31,0.77
138,1,person,0.8925,539.18,107.52,747.21,766.98,643.19,437.25,208.03,659.45,137188.99,0.32,Vertical Oblong,Black,"(126, 182, 9)","(0.78, 2.0, -2.0)",2.83,1,VISIBLE,-1.58,0.11
138,3,person,0.485,752.67,318.4,796.91,426.12,774.79,372.26,44.24,107.72,4765.11,0.41,Vertical Oblong,Brown,"(17, 55, 111)","(42.75, 2.0, 8.0)",8.25,18,VISIBLE,-0.14,-0.01
138,10,person,0.2898,451.39,307.27,489.82,408.53,470.61,357.9,38.43,101.26,3891.94,0.38,Vertical Oblong,Black,"(120, 58, 36)","(10.59, 2.0, -5.0)",5.39,20,VISIBLE,0.15,-0.09
138,5,can,0.4464,0.0,336.67,178.15,589.17,89.08,462.92,178.15,252.51,44983.84,0.71,Vertical Oblong,Black,"(130, 38, 29)","(9.8, 2.0, -2.0)",2.83,5,VISIBLE,-1.13,0.66
138,11,car,0.4339,850.73,283.09,1134.75,443.92,992.74,363.5,284.02,160.82,45677.9,1.77,Horizontal Oblong,Black,"(111, 64, 38)","(12.16, 0.0, -2.0)",2.0,11,VISIBLE,-1.96,-0.04
138,16,backpack,0.3472,192.66,330.67,247.39,398.39,220.03,364.53,54.73,67.72,3706.56,0.81,Spherical / Regular,Orange,"(12, 141, 100)","(31.76, 13.0, 20.0)",23.85,21,VISIBLE,-6.4,0.93
138,22,backpack,0.3247,359.33,293.06,402.75,361.08,381.04,327.07,43.42,68.01,2953.32,0.64,Vertical Oblong,Grey,"(116, 52, 75)","(26.67, 2.0, -8.0)",8.25,22,VISIBLE,0.0,0.0
139,1,person,0.8978,538.84,104.58,746.08,767.22,642.46,435.9,207.24,662.64,137327.62,0.31,Vertical Oblong,Black,"(126, 182, 9)","(0.78, 2.0, -2.0)",2.83,1,VISIBLE,-0.99,-0.91
139,3,person,0.4692,752.75,318.53,796.57,426.24,774.66,372.39,43.82,107.71,4720.04,0.41,Vertical Oblong,Brown,"(17, 55, 112)","(43.14, 2.0, 8.0)",8.25,18,VISIBLE,-0.13,0.09
139,10,person,0.2898,451.92,307.25,489.6,408.36,470.76,357.81,37.67,101.1,3809.05,0.37,Vertical Oblong,Black,"(120, 58, 36)","(10.98, 2.0, -5.0)",5.39,20,VISIBLE,0.15,-0.09
139,5,can,0.439,0.01,335.84,175.7,590.59,87.86,463.21,175.68,254.75,44754.9,0.69,Vertical Oblong,Black,"(130, 36, 28)","(9.41, 2.0, -2.0)",2.83,5,VISIBLE,-1.19,0.4
139,11,car,0.4386,848.14,283.34,1128.12,443.43,988.13,363.39,279.98,160.08,44819.89,1.75,Horizontal Oblong,Black,"(111, 64, 38)","(12.55, 0.0, -2.0)",2.0,11,VISIBLE,-3.81,-0.1
139,16,backpack,0.2848,202.75,333.11,252.39,400.91,227.57,367.01,49.64,67.79,3365.43,0.73,Vertical Oblong,Orange,"(13, 146, 94)","(27.84, 12.0, 20.0)",23.32,21,VISIBLE,3.36,2.01
139,22,backpack,0.3247,359.26,293.17,402.68,361.12,380.97,327.14,43.42,67.96,2950.75,0.64,Vertical Oblong,Grey,"(116, 51, 77)","(27.45, 2.0, -8.0)",8.25,22,VISIBLE,-0.07,0.08
140,1,person,0.8972,538.51,100.02,745.75,767.3,642.13,433.66,207.23,667.28,138281.97,0.31,Vertical Oblong,Black,"(126, 182, 9)","(0.78, 2.0, -2.0)",2.83,1,VISIBLE,-0.53,-1.84
140,3,person,0.4856,752.87,318.87,796.15,426.3,774.51,372.58,43.28,107.42,4649.33,0.4,Vertical Oblong,Brown,"(17, 55, 113)","(43.53, 2.0, 8.0)",8.25,18,VISIBLE,-0.14,0.17
140,10,person,0.2898,452.45,307.24,489.37,408.19,470.91,357.71,36.91,100.95,3726.4,0.37,Vertical Oblong,Black,"(120, 58, 36)","(10.59, 2.0, -5.0)",5.39,20,VISIBLE,0.15,-0.09
140,5,can,0.4905,0.0,335.9,173.47,592.28,86.74,464.09,173.47,256.38,44474.31,0.68,Vertical Oblong,Black,"(128, 34, 27)","(9.02, 1.0, -1.0)",1.41,5,VISIBLE,-1.14,0.73
140,11,car,0.4137,845.71,283.77,1119.87,442.67,982.79,363.22,274.16,158.9,43563.93,1.73,Horizontal Oblong,Black,"(109, 64, 39)","(12.94, 0.0, -2.0)",2.0,11,VISIBLE,-4.88,-0.14
140,16,backpack,0.2898,216.07,337.87,262.1,402.2,239.08,370.03,46.02,64.33,2960.55,0.72,Vertical Oblong,Orange,"(12, 151, 97)","(28.63, 13.0, 20.0)",23.85,21,VISIBLE,9.07,2.72
140,22,backpack,0.3247,359.19,293.27,402.61,361.16,380.9,327.21,43.42,67.9,2948.18,0.64,Vertical Oblong,Grey,"(114, 51, 78)","(27.84, 2.0, -8.0)",8.25,22,VISIBLE,-0.07,0.07
140,6,person,0.4467,1195.14,318.6,1238.68,417.13,1216.91,367.86,43.53,98.53,4289.25,0.44,Vertical Oblong,Grey,"(120, 42, 91)","(33.73, 2.0, -6.0)",6.32,23,VISIBLE,-0.04,0.16
141,1,person,0.9029,538.08,97.2,745.83,767.38,641.96,432.29,207.75,670.17,139227.31,0.31,Vertical Oblong,Black,"(126, 182, 9)","(0.78, 2.0, -2.0)",2.83,1,VISIBLE,-0.28,-1.51
141,3,person,0.4923,753.04,319.29,795.68,426.49,774.36,372.89,42.64,107.21,4571.49,0.4,Vertical Oblong,Blue,"(108, 103, 79)","(25.1, 2.0, -12.0)",12.17,18,VISIBLE,-0.15,0.26
141,6,person,0.3856,1194.6,320.33,1237.71,417.52,1216.16,368.92,43.11,97.19,4189.83,0.44,Vertical Oblong,Grey,"(122, 43, 93)","(34.51, 2.0, -7.0)",7.28,23,VISIBLE,-0.54,0.79
141,11,car,0.5313,842.95,283.88,1111.95,442.17,977.45,363.02,268.99,158.29,42579.77,1.7,Horizontal Oblong,Black,"(111, 62, 41)","(13.73, 0.0, -2.0)",2.0,11,VISIBLE,-5.2,-0.18
141,16,handbag,0.3165,227.06,341.13,274.28,403.04,250.67,372.09,47.23,61.91,2923.81,0.76,Vertical Oblong,Orange,"(11, 148, 111)","(33.33, 13.0, 22.0)",25.55,21,VISIBLE,10.83,2.25
141,5,can,0.4905,-0.0,335.8,171.23,593.62,85.61,464.71,171.23,257.82,44145.7,0.66,Vertical Oblong,Black,"(130, 35, 28)","(9.02, 2.0, -2.0)",2.83,5,VISIBLE,-1.13,0.65
142,1,person,0.903,537.67,96.88,746.3,767.39,641.98,432.13,208.63,670.51,139886.42,0.31,Vertical Oblong,Black,"(126, 182, 8)","(0.78, 2.0, -2.0)",2.83,1,VISIBLE,-0.06,-0.56
142,3,person,0.478,753.23,319.82,795.14,426.83,774.19,373.33,41.91,107.01,4484.72,0.39,Vertical Oblong,Brown,"(17, 55, 115)","(43.92, 2.0, 8.0)",8.25,18,VISIBLE,-0.17,0.38
142,6,person,0.2929,1193.62,318.71,1236.62,417.22,1215.12,367.97,43.0,98.52,4236.05,0.44,Vertical Oblong,Grey,"(120, 45, 91)","(33.92, 2.0, -6.0)",6.32,23,VISIBLE,-0.89,-0.43
142,11,car,0.498,840.14,284.66,1106.14,441.92,973.14,363.29,266.0,157.27,41832.12,1.69,Horizontal Oblong,Black,"(113, 64, 41)","(13.73, 0.0, -2.0)",2.0,11,VISIBLE,-4.58,0.13
142,5,can,0.3168,-0.0,336.27,168.64,596.17,84.32,466.22,168.65,259.9,43832.18,0.65,Vertical Oblong,Black,"(130, 35, 27)","(9.02, 2.0, -2.0)",2.83,5,VISIBLE,-1.24,1.25
142,16,handbag,0.3165,235.27,343.9,281.44,403.99,258.35,373.94,46.17,60.09,2774.68,0.77,Vertical Oblong,Orange,"(12, 167, 100)","(28.24, 14.0, 23.0)",26.93,21,VISIBLE,8.63,1.98
143,1,person,0.9015,537.63,97.6,747.11,767.25,642.37,432.43,209.48,669.65,140280.37,0.31,Vertical Oblong,Black,"(126, 182, 8)","(0.78, 2.0, -2.0)",2.83,1,VISIBLE,0.25,0.03
143,3,person,0.4528,753.45,320.13,794.57,427.05,774.01,373.59,41.12,106.92,4397.09,0.38,Vertical Oblong,Blue,"(108, 103, 77)","(24.51, 2.0, -12.0)",12.17,18,VISIBLE,-0.17,0.3
143,6,person,0.2929,1193.15,318.47,1236.04,417.19,1214.6,367.83,42.88,98.72,4233.76,0.43,Vertical Oblong,Grey,"(120, 45, 90)","(33.33, 3.0, -7.0)",7.62,23,VISIBLE,-0.63,-0.22
143,5,can,0.485,-0.0,336.31,166.73,598.24,83.36,467.27,166.74,261.93,43672.97,0.64,Vertical Oblong,Black,"(130, 35, 27)","(9.02, 2.0, -2.0)",2.83,5,VISIBLE,-1.04,1.11
143,11,car,0.4364,837.82,285.47,1101.17,441.66,969.49,363.57,263.35,156.2,41134.21,1.69,Horizontal Oblong,Black,"(113, 62, 40)","(13.73, 0.0, -2.0)",2.0,11,VISIBLE,-3.92,0.23
143,16,handbag,0.3165,243.48,346.66,288.59,404.94,266.04,375.8,45.12,58.28,2629.39,0.77,Vertical Oblong,Orange,"(12, 172, 111)","(32.94, 15.0, 25.0)",29.15,21,VISIBLE,7.96,1.89
144,1,person,0.9034,538.27,99.53,748.95,767.02,643.61,433.28,210.68,667.49,140625.4,0.32,Vertical Oblong,Black,"(126, 182, 8)","(0.78, 2.0, -2.0)",2.83,1,VISIBLE,0.94,0.61
144,3,person,0.4227,753.98,320.26,794.4,427.02,774.19,373.64,40.42,106.76,4315.54,0.38,Vertical Oblong,Brown,"(17, 56, 106)","(40.0, 2.0, 8.0)",8.25,18,VISIBLE,0.07,0.13
144,6,person,0.2929,1192.68,318.23,1235.46,417.16,1214.07,367.69,42.77,98.93,4231.41,0.43,Vertical Oblong,Grey,"(120, 45, 87)","(32.55, 2.0, -6.0)",6.32,23,VISIBLE,-0.56,-0.16
144,11,car,0.4349,835.36,285.62,1096.01,440.67,965.68,363.14,260.65,155.05,40413.84,1.68,Horizontal Oblong,Black,"(111, 63, 39)","(12.94, 0.0, -2.0)",2.0,11,VISIBLE,-3.84,-0.22
144,5,can,0.3521,-0.0,336.28,165.38,599.87,82.69,468.08,165.38,263.6,43594.45,0.63,Vertical Oblong,Black,"(130, 34, 27)","(8.24, 2.0, -2.0)",2.83,5,VISIBLE,-0.79,0.89
144,16,handbag,0.3165,251.69,349.42,295.75,405.89,273.72,377.65,44.06,56.46,2487.92,0.78,Vertical Oblong,Orange,"(12, 170, 93)","(27.45, 14.0, 24.0)",27.78,21,VISIBLE,7.77,1.87
145,1,person,0.9059,539.01,101.65,750.65,766.74,644.83,434.2,211.64,665.09,140758.26,0.32,Vertical Oblong,Black,"(126, 185, 9)","(0.78, 2.0, -2.0)",2.83,1,VISIBLE,1.14,0.83
145,3,person,0.4175,754.19,320.07,794.47,426.93,774.33,373.5,40.28,106.86,4304.91,0.38,Vertical Oblong,Brown,"(17, 56, 111)","(42.35, 2.0, 8.0)",8.25,18,VISIBLE,0.12,-0.06
145,6,person,0.2929,1192.22,317.99,1234.88,417.12,1213.55,367.56,42.66,99.13,4229.02,0.43,Vertical Oblong,Grey,"(120, 46, 85)","(31.76, 2.0, -6.0)",6.32,23,VISIBLE,-0.53,-0.15
145,5,can,0.5277,-0.0,335.61,164.1,601.08,82.05,468.35,164.11,265.47,43565.67,0.62,Vertical Oblong,Black,"(130, 35, 27)","(9.02, 2.0, -2.0)",2.83,5,VISIBLE,-0.68,0.46
145,11,car,0.4227,832.64,285.83,1091.69,439.78,962.17,362.8,259.06,153.94,39880.45,1.68,Horizontal Oblong,Black,"(113, 62, 40)","(13.73, 0.0, -2.0)",2.0,11,VISIBLE,-3.62,-0.31
145,16,handbag,0.3165,259.9,352.19,302.9,406.84,281.4,379.51,43.01,54.65,2350.29,0.79,Vertical Oblong,Orange,"(12, 157, 93)","(27.25, 14.0, 23.0)",26.93,21,VISIBLE,7.71,1.86
146,1,person,0.9057,539.97,103.09,752.31,766.52,646.14,434.81,212.34,663.43,140873.99,0.32,Vertical Oblong,Black,"(126, 185, 9)","(0.78, 2.0, -2.0)",2.83,1,VISIBLE,1.26,0.67
146,3,person,0.4244,754.22,319.96,794.4,426.85,774.31,373.41,40.19,106.89,4295.92,0.38,Vertical Oblong,Brown,"(17, 56, 112)","(43.14, 2.0, 8.0)",8.25,18,VISIBLE,0.02,-0.08
146,6,person,0.2929,1191.75,317.75,1234.29,417.09,1213.02,367.42,42.55,99.34,4226.58,0.43,Vertical Oblong,Grey,"(122, 46, 78)","(29.02, 2.0, -6.0)",6.32,23,VISIBLE,-0.53,-0.14
146,11,car,0.4627,829.79,285.43,1088.69,439.47,959.24,362.45,258.9,154.04,39881.41,1.68,Horizontal Oblong,Black,"(113, 61, 40)","(13.73, 0.0, -2.0)",2.0,11,VISIBLE,-3.13,-0.34
146,5,can,0.4356,-0.0,334.66,162.15,602.35,81.07,468.51,162.15,267.69,43406.22,0.61,Vertical Oblong,Black,"(130, 36, 27)","(9.02, 2.0, -2.0)",2.83,5,VISIBLE,-0.89,0.25
146,16,handbag,0.3165,268.11,354.95,310.06,407.78,289.08,381.37,41.95,52.83,2216.48,0.79,Vertical Oblong,Orange,"(12, 158, 105)","(32.55, 13.0, 24.0)",27.29,21,VISIBLE,7.69,1.85
147,1,person,0.9028,540.64,101.9,754.71,766.58,647.67,434.24,214.07,664.68,142287.43,0.32,Vertical Oblong,Black,"(126, 185, 9)","(0.78, 2.0, -2.0)",2.83,1,VISIBLE,1.45,-0.19
147,3,person,0.4233,754.7,319.67,794.09,426.77,774.4,373.22,39.39,107.1,4219.04,0.37,Vertical Oblong,Brown,"(17, 56, 113)","(43.53, 2.0, 8.0)",8.25,18,VISIBLE,0.07,-0.15
147,5,can,0.537,-0.0,334.44,160.04,603.48,80.02,468.96,160.04,269.03,43057.18,0.59,Vertical Oblong,Black,"(130, 38, 28)","(9.02, 2.0, -2.0)",2.83,5,VISIBLE,-1.0,0.39
147,11,car,0.4689,826.9,285.53,1084.78,438.99,955.84,362.26,257.88,153.46,39575.23,1.68,Horizontal Oblong,Black,"(113, 61, 40)","(14.12, 0.0, -2.0)",2.0,11,VISIBLE,-3.32,-0.24
147,16,handbag,0.3044,276.44,346.09,320.65,406.35,298.54,376.22,44.21,60.27,2664.36,0.73,Vertical Oblong,Orange,"(13, 167, 117)","(35.88, 15.0, 26.0)",30.02,21,VISIBLE,8.93,-3.05
148,1,person,0.8968,541.55,97.78,758.82,766.56,650.19,432.17,217.28,668.78,145309.07,0.32,Vertical Oblong,Black,"(126, 185, 9)","(0.78, 2.0, -2.0)",2.83,1,VISIBLE,2.19,-1.51
148,3,person,0.4159,756.19,318.69,793.93,426.67,775.06,372.68,37.75,107.98,4075.86,0.35,Vertical Oblong,Blue,"(107, 103, 83)","(27.06, 2.0, -12.0)",12.17,18,VISIBLE,0.49,-0.42
148,5,can,0.5353,-0.0,334.01,156.91,604.14,78.46,469.07,156.92,270.13,42388.53,0.58,Vertical Oblong,Black,"(126, 36, 27)","(9.02, 2.0, -2.0)",2.83,5,VISIBLE,-1.4,0.2
148,11,car,0.4021,824.2,285.37,1079.56,438.46,951.88,361.92,255.36,153.09,39093.76,1.67,Horizontal Oblong,Black,"(113, 63, 40)","(13.73, 0.0, -2.0)",2.0,11,VISIBLE,-3.77,-0.31
148,16,backpack,0.3406,285.78,335.93,333.81,405.16,309.8,370.55,48.02,69.23,3324.58,0.69,Vertical Oblong,Orange,"(13, 146, 124)","(38.43, 14.0, 24.0)",27.78,21,VISIBLE,10.55,-4.89
149,1,person,0.8955,542.06,92.68,762.52,766.98,652.29,429.83,220.47,674.29,148658.26,0.33,Vertical Oblong,Black,"(126, 185, 9)","(0.78, 2.0, -2.0)",2.83,1,VISIBLE,2.13,-2.09
149,3,person,0.4076,757.52,318.33,793.52,426.55,775.52,372.44,36.0,108.22,3895.91,0.33,Vertical Oblong,Blue,"(107, 105, 77)","(23.92, 2.0, -12.0)",12.17,18,VISIBLE,0.47,-0.3
149,5,can,0.735,-0.0,333.64,152.79,604.57,76.4,469.11,152.79,270.93,41396.88,0.56,Vertical Oblong,Black,"(126, 35, 26)","(9.02, 1.0, -2.0)",2.24,5,VISIBLE,-1.86,0.08
149,11,car,0.387,821.37,285.53,1074.94,438.37,948.16,361.95,253.57,152.83,38753.98,1.66,Horizontal Oblong,Black,"(113, 64, 40)","(14.12, 1.0, -2.0)",2.24,11,VISIBLE,-3.74,-0.07
149,16,handbag,0.2907,294.75,337.27,342.16,401.21,318.46,369.24,47.41,63.94,3030.98,0.74,Vertical Oblong,Orange,"(13, 148, 132)","(41.96, 14.0, 25.0)",28.65,21,VISIBLE,9.23,-2.38
150,1,person,0.8873,543.98,86.54,765.77,767.24,654.88,426.89,221.79,680.69,150969.11,0.33,Vertical Oblong,Black,"(126, 185, 10)","(0.78, 2.0, -2.0)",2.83,1,VISIBLE,2.45,-2.69
150,3,person,0.3819,758.48,318.14,793.37,426.31,775.92,372.22,34.89,108.17,3773.98,0.32,Vertical Oblong,Blue,"(107, 105, 77)","(23.92, 2.0, -12.0)",12.17,18,VISIBLE,0.42,-0.24
150,5,can,0.5188,-0.0,333.62,149.24,605.54,74.62,469.58,149.24,271.93,40581.27,0.55,Vertical Oblong,Black,"(128, 38, 27)","(8.24, 2.0, -2.0)",2.83,5,VISIBLE,-1.8,0.36
150,11,car,0.4471,818.81,285.27,1069.97,437.53,944.39,361.4,251.16,152.26,38241.98,1.65,Horizontal Oblong,Black,"(113, 64, 40)","(13.73, 1.0, -2.0)",2.24,11,VISIBLE,-3.76,-0.41
150,16,handbag,0.2907,303.43,335.09,351.44,399.99,327.43,367.54,48.01,64.9,3116.04,0.74,Vertical Oblong,Orange,"(12, 143, 130)","(40.78, 14.0, 24.0)",27.78,21,VISIBLE,9.05,-1.9
151,1,person,0.8813,546.47,81.95,768.18,767.37,657.32,424.66,221.71,685.42,151962.45,0.32,Vertical Oblong,Black,"(126, 185, 10)","(0.78, 2.0, -2.0)",2.83,1,VISIBLE,2.45,-2.37
151,3,person,0.3617,759.09,317.95,793.41,426.24,776.25,372.09,34.32,108.29,3716.45,0.32,Vertical Oblong,Blue,"(108, 107, 74)","(22.35, 2.0, -13.0)",13.15,18,VISIBLE,0.35,-0.16
151,5,can,0.6532,0.0,332.92,144.89,606.94,72.44,469.93,144.88,274.01,39699.95,0.53,Vertical Oblong,Black,"(128, 41, 27)","(7.84, 2.0, -2.0)",2.83,5,VISIBLE,-2.06,0.35
151,11,car,0.5184,815.58,286.03,1064.84,437.02,940.21,361.52,249.26,150.99,37635.11,1.65,Horizontal Oblong,Black,"(113, 64, 40)","(13.33, 1.0, -2.0)",2.24,11,VISIBLE,-4.05,-0.03
151,16,handbag,0.2907,312.1,332.92,360.72,398.78,336.41,365.85,48.62,65.86,3202.26,0.74,Vertical Oblong,Orange,"(13, 155, 132)","(39.22, 16.0, 26.0)",30.53,21,VISIBLE,9.0,-1.75
152,1,person,0.8799,549.39,78.43,770.82,767.31,660.11,422.87,221.44,688.88,152541.75,0.32,Vertical Oblong,Black,"(126, 185, 10)","(0.78, 2.0, -2.0)",2.83,1,VISIBLE,2.68,-1.96
152,3,person,0.2805,759.91,318.4,793.76,426.3,776.84,372.35,33.84,107.9,3651.83,0.31,Vertical Oblong,Blue,"(108, 108, 75)","(22.35, 2.0, -13.0)",13.15,18,VISIBLE,0.52,0.13
152,5,can,0.7217,0.0,331.87,141.11,608.18,70.56,470.03,141.11,276.3,38988.26,0.51,Vertical Oblong,Black,"(126, 42, 27)","(7.84, 2.0, -2.0)",2.83,5,VISIBLE,-1.94,0.17
152,11,car,0.5431,812.02,287.06,1059.64,436.72,935.83,361.89,247.62,149.66,37059.51,1.65,Horizontal Oblong,Black,"(113, 64, 38)","(12.55, 0.0, -2.0)",2.0,11,VISIBLE,-4.28,0.25
152,16,backpack,0.3478,322.03,321.66,372.97,394.93,347.5,358.3,50.94,73.27,3731.86,0.7,Vertical Oblong,Orange,"(13, 134, 127)","(39.22, 14.0, 23.0)",26.93,21,VISIBLE,10.46,-5.81
153,1,person,0.8787,552.36,75.95,773.63,767.34,662.99,421.65,221.27,691.39,152982.8,0.32,Vertical Oblong,Black,"(126, 185, 10)","(0.78, 2.0, -2.0)",2.83,1,VISIBLE,2.83,-1.45
153,3,person,0.2805,760.7,318.33,793.73,426.25,777.22,372.29,33.03,107.92,3564.91,0.31,Vertical Oblong,Brown,"(16, 55, 111)","(42.35, 2.5, 7.0)",7.43,18,VISIBLE,0.42,-0.0
153,11,car,0.5031,808.06,287.82,1055.26,436.63,931.66,362.22,247.2,148.81,36786.93,1.66,Horizontal Oblong,Black,"(115, 64, 39)","(12.55, 1.0, -2.0)",2.24,11,VISIBLE,-4.2,0.31
153,16,handbag,0.3747,331.69,324.4,382.71,393.23,357.2,358.82,51.02,68.83,3511.66,0.74,Vertical Oblong,Orange,"(13, 122, 135)","(42.35, 13.0, 23.0)",26.42,21,VISIBLE,9.93,-1.38
153,5,can,0.7217,0.01,331.32,137.67,609.32,68.84,470.32,137.66,278.0,38270.01,0.5,Vertical Oblong,Black,"(128, 44, 30)","(9.02, 2.0, -2.0)",2.83,5,VISIBLE,-1.78,0.26
154,1,person,0.8773,554.15,74.6,775.85,767.35,665.0,420.97,221.7,692.75,153582.79,0.32,Vertical Oblong,Black,"(126, 185, 10)","(0.78, 2.0, -2.0)",2.83,1,VISIBLE,2.25,-0.9
154,3,person,0.2805,761.49,318.26,793.71,426.19,777.6,372.23,32.22,107.93,3477.98,0.3,Vertical Oblong,Brown,"(16, 55, 111)","(42.75, 3.0, 7.0)",7.62,18,VISIBLE,0.4,-0.05
154,16,handbag,0.5098,341.33,330.43,390.92,394.45,366.13,362.44,49.59,64.02,3174.79,0.77,Vertical Oblong,Orange,"(14, 129, 137)","(42.75, 12.0, 24.0)",26.83,21,VISIBLE,9.23,2.12
154,5,can,0.5044,0.0,329.09,135.07,611.19,67.54,470.14,135.06,282.1,38101.23,0.48,Vertical Oblong,Black,"(126, 43, 33)","(10.2, 2.0, -2.0)",2.83,5,VISIBLE,-1.45,-0.05
154,11,car,0.4945,804.63,288.24,1051.24,436.53,927.94,362.38,246.61,148.28,36568.66,1.66,Horizontal Oblong,Black,"(113, 64, 38)","(12.16, 1.0, -2.0)",2.24,11,VISIBLE,-3.87,0.2
154,24,handbag,0.3499,402.75,371.25,434.8,409.12,418.78,390.19,32.05,37.87,1213.69,0.85,Spherical / Regular,Black,"(120, 45, 43)","(14.51, 2.0, -5.0)",5.39,24,VISIBLE,0.0,0.0
155,1,person,0.8835,554.83,73.25,777.52,767.42,666.18,420.33,222.69,694.17,154585.59,0.32,Vertical Oblong,Black,"(126, 191, 9)","(0.78, 2.0, -2.0)",2.83,1,VISIBLE,1.5,-0.72
155,3,person,0.2805,762.27,318.19,793.69,426.14,777.98,372.17,31.41,107.95,3391.02,0.29,Vertical Oblong,Brown,"(15, 54, 112)","(43.14, 3.0, 6.0)",6.71,18,VISIBLE,0.38,-0.06
155,11,car,0.5318,802.16,288.51,1047.82,436.45,924.99,362.48,245.66,147.95,36344.25,1.66,Horizontal Oblong,Black,"(113, 64, 38)","(12.16, 1.0, -2.0)",2.24,11,VISIBLE,-3.22,0.13
155,16,handbag,0.462,350.21,336.22,400.07,396.84,375.14,366.53,49.86,60.62,3022.55,0.82,Spherical / Regular,Orange,"(13, 137, 143)","(44.31, 14.0, 27.0)",30.41,21,VISIBLE,9.08,3.5
155,24,handbag,0.3499,403.51,371.02,435.4,409.23,419.45,390.13,31.89,38.21,1218.69,0.83,Spherical / Regular,Black,"(120, 54, 37)","(11.37, 2.0, -5.0)",5.39,24,VISIBLE,0.68,-0.06
155,5,can,0.4022,0.0,328.92,131.74,613.21,65.87,471.07,131.74,284.29,37452.06,0.46,Vertical Oblong,Black,"(126, 45, 35)","(10.59, 2.0, -2.0)",2.83,5,VISIBLE,-1.6,0.63
156,1,person,0.8781,554.96,72.21,778.4,767.55,666.68,419.88,223.44,695.34,155368.87,0.32,Vertical Oblong,Black,"(126, 198, 10)","(0.78, 2.0, -2.0)",2.83,1,VISIBLE,0.8,-0.53
156,3,person,0.2805,763.06,318.13,793.66,426.09,778.36,372.11,30.6,107.96,3304.04,0.28,Vertical Oblong,Brown,"(16, 55, 111)","(42.55, 3.0, 6.0)",6.71,18,VISIBLE,0.38,-0.06
156,5,can,0.4492,0.0,328.96,128.9,615.12,64.45,472.04,128.9,286.16,36884.77,0.45,Vertical Oblong,Black,"(126, 45, 35)","(10.98, 2.0, -2.0)",2.83,5,VISIBLE,-1.47,0.87
156,11,car,0.4432,799.4,288.7,1044.37,436.23,921.88,362.47,244.97,147.52,36137.97,1.66,Horizontal Oblong,Black,"(113, 64, 37)","(11.76, 0.0, -2.0)",2.0,11,VISIBLE,-3.14,0.03
156,16,handbag,0.407,359.52,336.93,410.65,399.53,385.09,368.23,51.13,62.6,3200.8,0.82,Spherical / Regular,Orange,"(13, 148, 137)","(41.18, 16.0, 27.0)",31.38,21,VISIBLE,9.69,2.24
156,24,handbag,0.3499,404.26,370.8,436.0,409.35,420.13,390.07,31.74,38.55,1223.57,0.82,Spherical / Regular,Black,"(126, 64, 24)","(6.67, 2.0, -2.0)",2.83,24,VISIBLE,0.68,-0.05
157,1,person,0.8822,554.99,71.9,778.83,767.51,666.91,419.7,223.85,695.62,155711.55,0.32,Vertical Oblong,Black,"(126, 196, 10)","(0.78, 2.0, -2.0)",2.83,1,VISIBLE,0.4,-0.28
157,3,person,0.2805,763.85,318.06,793.64,426.04,778.74,372.05,29.79,107.98,3217.03,0.28,Vertical Oblong,Blue,"(108, 124, 65)","(18.04, 2.0, -13.0)",13.15,18,VISIBLE,0.38,-0.06
157,16,handbag,0.5014,369.13,336.8,420.26,401.08,394.69,368.94,51.12,64.28,3286.35,0.8,Spherical / Regular,Orange,"(13, 152, 140)","(41.76, 17.0, 27.0)",31.91,21,VISIBLE,9.63,1.17
157,11,car,0.4794,797.15,288.93,1040.91,435.63,919.03,362.28,243.76,146.7,35759.06,1.66,Horizontal Oblong,Black,"(113, 64, 38)","(12.16, 0.0, -2.0)",2.0,11,VISIBLE,-2.94,-0.12
157,5,can,0.422,0.0,329.68,126.16,616.49,63.08,473.08,126.16,286.81,36184.67,0.44,Vertical Oblong,Black,"(126, 46, 37)","(11.76, 2.0, -2.0)",2.83,5,VISIBLE,-1.4,0.99
158,1,person,0.8856,554.75,71.91,779.3,767.39,667.03,419.65,224.56,695.47,156173.55,0.32,Vertical Oblong,Black,"(126, 191, 10)","(0.78, 2.0, -2.0)",2.83,1,VISIBLE,0.2,-0.12
158,11,car,0.483,794.78,289.14,1036.43,435.17,915.6,362.16,241.65,146.02,35286.57,1.65,Horizontal Oblong,Black,"(113, 64, 37)","(12.16, 0.0, -2.0)",2.0,11,VISIBLE,-3.28,-0.12
158,16,handbag,0.4491,380.97,339.81,429.3,400.24,405.14,370.03,48.33,60.43,2920.76,0.8,Spherical / Regular,Orange,"(13, 156, 141)","(42.75, 17.0, 28.0)",32.76,21,VISIBLE,10.2,1.11
158,5,can,0.422,0.0,329.45,123.13,618.04,61.56,473.75,123.13,288.59,35533.64,0.43,Vertical Oblong,Black,"(126, 47, 37)","(12.16, 2.0, -2.0)",2.83,5,VISIBLE,-1.48,0.76
158,10,person,0.3534,384.86,283.45,478.82,502.17,431.84,392.81,93.96,218.72,20550.96,0.43,Vertical Oblong,Black,"(111, 93, 56)","(16.86, 2.0, -4.0)",4.47,25,VISIBLE,-1.47,1.34
159,1,person,0.8921,553.5,72.1,780.25,767.21,666.87,419.65,226.75,695.12,157617.71,0.33,Vertical Oblong,Black,"(126, 185, 10)","(0.78, 2.0, -2.0)",2.83,1,VISIBLE,-0.04,-0.03
159,10,person,0.4266,399.57,282.47,480.61,502.71,440.09,392.59,81.05,220.24,17849.46,0.37,Vertical Oblong,Black,"(111, 111, 47)","(13.73, 2.0, -5.0)",5.39,25,VISIBLE,5.33,0.25
159,11,car,0.4957,793.5,289.45,1032.61,434.84,913.05,362.14,239.12,145.39,34765.17,1.64,Horizontal Oblong,Black,"(113, 64, 38)","(12.16, 0.0, -2.0)",2.0,11,VISIBLE,-2.77,-0.04
159,16,handbag,0.4558,392.72,340.81,436.54,397.85,414.63,369.33,43.81,57.04,2499.31,0.77,Vertical Oblong,Orange,"(13, 150, 147)","(45.88, 16.0, 29.0)",33.12,21,VISIBLE,9.71,-0.15
159,5,can,0.422,-0.0,329.23,120.1,619.59,60.05,474.41,120.1,290.37,34871.84,0.41,Vertical Oblong,Black,"(126, 49, 38)","(12.16, 2.0, -3.0)",3.61,5,VISIBLE,-1.5,0.69
160,1,person,0.8873,550.23,72.67,778.76,767.14,664.49,419.91,228.53,694.48,158709.96,0.33,Vertical Oblong,Black,"(126, 185, 10)","(0.78, 2.0, -2.0)",2.83,1,VISIBLE,-1.68,0.16
160,10,person,0.431,412.39,282.24,485.85,504.01,449.12,393.12,73.46,221.77,16292.23,0.33,Vertical Oblong,Black,"(113, 116, 44)","(12.16, 2.0, -4.0)",4.47,25,VISIBLE,7.92,0.45
160,11,car,0.4552,793.24,289.91,1027.79,434.93,910.52,362.42,234.55,145.02,34013.7,1.62,Horizontal Oblong,Black,"(111, 64, 37)","(12.16, 0.0, -2.0)",2.0,11,VISIBLE,-2.61,0.18
160,16,handbag,0.4088,402.78,336.71,443.4,396.91,423.09,366.81,40.63,60.19,2445.52,0.68,Vertical Oblong,Orange,"(13, 144, 146)","(45.69, 16.0, 28.0)",32.25,21,VISIBLE,8.83,-1.81
160,5,can,0.422,-0.0,329.01,117.06,621.15,58.53,475.08,117.06,292.14,34199.25,0.4,Vertical Oblong,Black,"(120, 49, 36)","(11.76, 2.0, -2.0)",2.83,5,VISIBLE,-1.52,0.68
161,1,person,0.8847,544.85,72.8,775.03,767.21,659.94,420.0,230.19,694.41,159844.02,0.33,Vertical Oblong,Black,"(126, 185, 10)","(0.78, 2.0, -2.0)",2.83,1,VISIBLE,-3.69,0.12
161,10,person,0.4495,419.97,283.7,493.99,505.68,456.98,394.69,74.02,221.98,16430.47,0.33,Vertical Oblong,Orange,"(13, 118, 103)","(32.55, 11.0, 11.0)",15.56,25,VISIBLE,7.88,1.23
161,11,car,0.457,792.47,291.21,1023.67,435.11,908.07,363.16,231.2,143.89,33268.68,1.61,Horizontal Oblong,Black,"(113, 64, 38)","(12.16, 0.0, -2.0)",2.0,11,VISIBLE,-2.49,0.57
161,16,handbag,0.3075,411.35,332.19,452.02,397.12,431.68,364.65,40.67,64.93,2640.66,0.63,Vertical Oblong,Orange,"(13, 140, 139)","(45.49, 15.0, 27.0)",30.89,21,VISIBLE,8.67,-2.05
161,5,can,0.422,-0.0,328.78,114.03,622.7,57.01,475.74,114.03,293.92,33515.89,0.39,Vertical Oblong,Black,"(126, 51, 37)","(11.76, 2.0, -2.0)",2.83,5,VISIBLE,-1.52,0.67
