frame,master_track_id,class_name,state,frames_visible,frames_occluded,confidence_decay,centroid_x,centroid_y,velocity_x,velocity_y,color,area
2,1,person,VISIBLE,1,0,0.8617,693.04,417.73,0.0,0.0,Black,98733.41
2,2,person,VISIBLE,1,0,0.7428,1330.41,375.45,0.0,0.0,Black,17841.26
3,1,person,VISIBLE,2,0,0.8639,693.88,415.59,0.85,-2.13,Black,99707.76
3,2,person,VISIBLE,2,0,0.7237,1330.74,375.7,0.32,0.25,Black,17835.25
4,1,person,VISIBLE,3,0,0.8736,695.13,413.93,1.13,-1.81,Black,101320.03
4,2,person,VISIBLE,3,0,0.7207,1331.58,375.29,0.68,-0.21,Black,17629.64
5,1,person,VISIBLE,4,0,0.8669,696.72,413.79,1.45,-0.64,Black,101995.06
5,2,person,VISIBLE,4,0,0.7151,1332.57,374.59,0.9,-0.56,Black,17257.78
5,3,person,VISIBLE,1,0,0.3308,462.88,361.65,0.0,0.0,Grey,6394.3
6,1,person,VISIBLE,5,0,0.8689,698.67,415.71,1.8,1.15,Black,101507.91
6,2,person,VISIBLE,5,0,0.6924,1333.84,374.9,1.16,0.05,Black,16494.48
6,3,person,VISIBLE,2,0,0.3534,464.34,361.52,1.46,-0.13,Grey,6392.37
7,1,person,VISIBLE,6,0,0.8642,700.02,420.63,1.48,3.79,Black,100101.0
7,2,person,VISIBLE,6,0,0.6518,1334.97,377.71,1.14,1.98,Black,15503.51
7,3,person,VISIBLE,3,0,0.314,466.41,360.56,1.89,-0.71,Grey,6357.53
8,1,person,VISIBLE,7,0,0.8628,701.39,426.17,1.4,5.02,Black,98614.2
8,2,person,VISIBLE,7,0,0.6168,1335.72,381.93,0.86,3.55,Black,14622.12
8,3,person,VISIBLE,4,0,0.3308,468.76,360.6,2.21,-0.19,Grey,6547.5
9,1,person,VISIBLE,8,0,0.862,702.19,430.94,0.98,4.84,Black,98216.38
9,2,person,VISIBLE,8,0,0.5878,1336.17,383.85,0.58,2.41,Black,14205.17
9,3,person,VISIBLE,5,0,0.3358,470.73,361.07,2.04,0.28,Grey,6499.01
10,1,person,VISIBLE,9,0,0.8543,701.9,432.01,0.09,2.2,Black,97449.03
10,2,person,VISIBLE,9,0,0.5842,1336.47,383.49,0.38,0.47,Black,14181.0
10,3,person,VISIBLE,6,0,0.3017,472.14,361.48,1.6,0.37,Grey,6441.84
10,4,person,VISIBLE,1,0,0.3003,515.6,358.69,0.0,0.0,Grey,5084.97
11,1,person,VISIBLE,10,0,0.8466,699.85,431.11,-1.41,0.03,Black,95934.51
11,2,person,VISIBLE,10,0,0.5754,1336.6,383.51,0.2,0.16,Black,14299.56
11,3,person,VISIBLE,7,0,0.3017,473.69,361.59,1.56,0.18,Grey,6445.15
11,4,person,VISIBLE,2,0,0.3053,515.6,359.03,0.0,0.34,Grey,5109.54
12,1,person,VISIBLE,11,0,0.833,696.87,429.72,-2.51,-0.97,Black,94406.06
12,2,person,VISIBLE,11,0,0.5478,1336.72,383.6,0.15,0.1,Black,14308.26
12,3,person,VISIBLE,8,0,0.3017,475.24,361.68,1.55,0.12,Grey,6448.38
12,4,person,VISIBLE,3,0,0.3133,515.48,359.44,-0.09,0.39,Grey,5125.68
12,5,can,VISIBLE,1,0,0.5386,324.65,411.89,0.0,0.0,Black,19402.14
13,1,person,VISIBLE,12,0,0.8402,694.42,427.8,-2.47,-1.64,Black,93378.84
13,2,person,VISIBLE,12,0,0.5249,1336.87,384.98,0.14,1.0,Black,14151.67
13,3,person,VISIBLE,9,0,0.3017,476.79,361.78,1.55,0.11,Grey,6451.53
13,4,person,VISIBLE,4,0,0.3156,515.23,359.8,-0.2,0.37,Grey,5111.16
13,5,can,VISIBLE,2,0,0.4551,323.44,412.02,-1.21,0.14,Black,19501.73
14,1,person,VISIBLE,13,0,0.847,692.67,425.69,-1.96,-1.96,Black,92873.76
14,2,person,VISIBLE,13,0,0.5381,1336.97,383.54,0.12,-0.7,Black,14182.35
14,3,person,VISIBLE,10,0,0.3017,478.34,361.88,1.55,0.1,Grey,6454.6
14,4,person,VISIBLE,5,0,0.2931,515.05,360.08,-0.19,0.31,Grey,5178.03
14,5,can,VISIBLE,3,0,0.4929,321.76,412.26,-1.54,0.2,Black,19520.28
15,1,person,VISIBLE,14,0,0.8485,691.73,424.46,-1.25,-1.46,Black,92628.67
15,2,person,VISIBLE,14,0,0.5218,1337.04,382.7,0.08,-0.81,Black,14223.03
15,3,person,VISIBLE,11,0,0.3017,479.88,361.98,1.55,0.1,Grey,6457.58
15,4,person,VISIBLE,6,0,0.2868,515.13,359.53,0.0,-0.3,Grey,5083.82
15,5,can,VISIBLE,4,0,0.4518,320.36,412.5,-1.45,0.23,Black,19560.44
16,1,person,VISIBLE,15,0,0.8523,691.49,424.97,-0.55,-0.07,Black,92673.48
16,2,person,VISIBLE,15,0,0.4532,1337.55,384.64,0.38,1.12,Black,13900.58
16,3,person,VISIBLE,12,0,0.3066,478.44,362.71,-0.55,0.54,Grey,6076.78
16,4,person,VISIBLE,7,0,0.2987,515.13,359.31,0.0,-0.24,Grey,4981.6
16,5,can,VISIBLE,5,0,0.3241,319.18,413.13,-1.26,0.51,Black,19645.67
17,1,person,VISIBLE,16,0,0.8579,692.65,426.71,0.65,1.19,Black,92585.44
17,2,person,VISIBLE,16,0,0.2886,1338.78,388.61,0.97,3.11,Black,13225.28
17,3,person,VISIBLE,13,0,0.3066,479.17,362.99,0.35,0.36,Grey,5975.84
17,4,person,VISIBLE,8,0,0.2987,515.08,359.28,-0.04,-0.09,Grey,4946.57
17,5,can,VISIBLE,6,0,0.4452,318.05,413.84,-1.17,0.65,Black,19706.9
18,1,person,VISIBLE,17,0,0.8547,695.01,429.28,1.85,2.16,Black,92216.78
18,2,person,VISIBLE,17,0,0.2886,1339.32,390.02,0.67,1.92,Black,12930.08
18,3,person,OCCLUDED,13,1,0.989,479.52,363.35,0.35,0.36,Grey,5975.84
18,4,person,VISIBLE,9,0,0.2987,515.02,359.25,-0.05,-0.05,Grey,4911.5
18,5,can,VISIBLE,7,0,0.504,317.35,414.57,-0.84,0.71,Black,19684.09
19,1,person,VISIBLE,18,0,0.852,698.45,432.9,2.96,3.18,Black,92028.41
19,2,person,VISIBLE,18,0,0.2886,1339.86,391.44,0.58,1.56,Black,12632.66
19,3,person,OCCLUDED,13,2,0.978,479.86,363.7,0.35,0.36,Grey,5975.84
19,4,person,VISIBLE,10,0,0.2987,514.97,359.22,-0.05,-0.04,Grey,4876.39
19,5,can,VISIBLE,8,0,0.5313,317.11,415.76,-0.42,1.04,Black,19708.83
20,1,person,VISIBLE,19,0,0.855,702.19,436.48,3.51,3.46,Black,92412.43
20,2,person,VISIBLE,19,0,0.2886,1340.4,392.85,0.55,1.46,Black,12333.03
20,3,person,OCCLUDED,13,3,0.967,480.21,364.06,0.35,0.36,Grey,5975.84
20,4,person,VISIBLE,11,0,0.2987,514.91,359.19,-0.05,-0.03,Grey,4841.23
20,5,can,VISIBLE,9,0,0.5756,317.14,416.51,-0.1,0.84,Black,19854.25
20,6,person,VISIBLE,1,0,0.3241,1035.37,370.87,0.0,0.0,Black,5784.48
21,1,person,VISIBLE,20,0,0.8568,706.16,438.54,3.83,2.48,Black,93188.52
21,2,person,VISIBLE,20,0,0.2886,1340.94,394.25,0.54,1.42,Black,12031.2
21,3,person,OCCLUDED,13,4,0.956,480.56,364.41,0.35,0.36,Grey,5975.84
21,4,person,VISIBLE,12,0,0.2987,514.87,359.15,-0.05,-0.03,Grey,4806.04
21,5,can,VISIBLE,10,0,0.4847,316.85,416.81,-0.24,0.46,Black,19942.47
21,6,person,VISIBLE,2,0,0.2854,1037.66,370.68,2.3,-0.19,Black,5467.35
22,1,person,VISIBLE,21,0,0.8474,709.92,438.03,3.78,0.38,Black,94038.05
22,2,person,VISIBLE,21,0,0.2886,1341.49,395.66,0.54,1.41,Black,11727.15
22,3,person,OCCLUDED,13,5,0.944,480.9,364.77,0.35,0.36,Grey,5975.84
22,4,person,OCCLUDED,12,1,0.989,514.81,359.12,-0.05,-0.03,Grey,4806.04
22,5,can,VISIBLE,11,0,0.5295,316.09,416.67,-0.6,0.04,Black,20072.35
22,6,person,VISIBLE,3,0,0.2854,1038.54,370.58,1.3,-0.13,Black,5391.81
23,1,person,VISIBLE,22,0,0.8502,712.82,435.56,3.16,-1.61,Black,94687.0
23,2,person,OCCLUDED,21,1,0.989,1342.03,397.08,0.54,1.41,Black,11727.15
23,3,person,OCCLUDED,13,6,0.933,481.25,365.13,0.35,0.36,Grey,5975.84
23,4,person,OCCLUDED,12,2,0.978,514.76,359.09,-0.05,-0.03,Grey,4806.04
23,5,can,VISIBLE,12,0,0.5754,314.89,416.36,-1.02,-0.21,Black,20252.68
23,6,person,VISIBLE,4,0,0.2854,1039.41,370.48,1.0,-0.11,Black,5316.1
24,1,person,VISIBLE,23,0,0.855,715.18,431.85,2.6,-3.08,Black,95636.51
24,2,person,OCCLUDED,21,2,0.978,1342.57,398.49,0.54,1.41,Black,11727.15
24,3,person,VISIBLE,14,0,0.3515,360.39,350.2,-11.77,-1.17,Red,5538.94
24,4,person,OCCLUDED,12,3,0.967,514.71,359.06,-0.05,-0.03,Grey,4806.04
24,5,can,VISIBLE,13,0,0.6353,313.32,415.92,-1.41,-0.36,Black,20497.39
24,6,person,VISIBLE,5,0,0.2854,1040.29,370.38,0.91,-0.1,Black,5240.21
25,1,person,VISIBLE,24,0,0.8575,716.42,429.03,1.65,-2.9,Black,96451.03
25,2,person,OCCLUDED,21,3,0.967,1343.12,399.91,0.54,1.41,Black,11727.15
25,3,person,VISIBLE,15,0,0.3344,360.09,350.13,-3.75,-0.4,Red,5726.03
25,4,person,OCCLUDED,12,4,0.956,514.66,359.02,-0.05,-0.03,Grey,4806.04
25,5,can,VISIBLE,14,0,0.7064,311.81,415.48,-1.48,-0.42,Black,20796.01
25,6,person,OCCLUDED,5,1,0.989,1041.2,370.28,0.91,-0.1,Black,5240.21
26,1,person,VISIBLE,25,0,0.8541,717.0,428.2,0.89,-1.45,Black,97285.01
26,2,person,OCCLUDED,21,4,0.956,1343.66,401.32,0.54,1.41,Black,11727.15
26,3,person,VISIBLE,16,0,0.3192,359.78,350.53,-1.33,0.16,Red,5879.96
26,4,person,OCCLUDED,12,5,0.944,514.61,358.99,-0.05,-0.03,Grey,4806.04
26,5,can,VISIBLE,15,0,0.6348,310.15,415.12,-1.6,-0.37,Black,21244.65
26,6,person,OCCLUDED,5,2,0.978,1042.12,370.18,0.91,-0.1,Black,5240.21
27,1,person,VISIBLE,26,0,0.8571,717.23,429.89,0.43,0.75,Black,97198.62
27,2,person,OCCLUDED,21,5,0.944,1344.21,402.74,0.54,1.41,Black,11727.15
27,3,person,VISIBLE,17,0,0.3075,359.38,351.8,-0.68,0.93,Red,6114.33
27,4,person,OCCLUDED,12,6,0.933,514.56,358.96,-0.05,-0.03,Grey,4806.04
27,5,can,VISIBLE,16,0,0.5322,307.99,415.27,-2.0,-0.01,Black,21772.35
27,6,person,OCCLUDED,5,3,0.967,1043.03,370.07,0.91,-0.1,Black,5240.21
28,1,person,VISIBLE,27,0,0.8568,717.33,432.99,0.2,2.39,Black,97021.2
28,2,person,OCCLUDED,21,6,0.933,1344.75,404.15,0.54,1.41,Black,11727.15
28,3,person,VISIBLE,18,0,0.3414,359.2,353.64,-0.33,1.57,Red,6422.41
28,4,person,VISIBLE,13,0,0.3346,265.74,315.32,-24.93,-4.39,Grey,2163.25
28,5,can,VISIBLE,17,0,0.3993,304.96,415.85,-2.72,0.4,Black,22349.88
28,6,person,OCCLUDED,5,4,0.956,1043.94,369.97,0.91,-0.1,Black,5240.21
29,1,person,VISIBLE,28,0,0.8684,717.26,436.43,0.01,3.12,Black,96748.62
29,2,person,OCCLUDED,21,7,0.922,1345.3,405.56,0.54,1.41,Black,11727.15
29,3,person,VISIBLE,19,0,0.3401,358.81,355.42,-0.37,1.71,Red,6588.56
29,4,person,VISIBLE,14,0,0.3864,264.56,316.07,-8.3,-0.79,Grey,2217.87
29,5,can,VISIBLE,18,0,0.3199,302.53,416.61,-2.51,0.65,Black,22818.38
29,6,person,VISIBLE,6,0,0.3514,1053.63,371.12,2.14,0.07,Black,5638.35
30,1,person,VISIBLE,29,0,0.8666,716.75,439.05,-0.35,2.77,Black,96722.8
30,2,person,OCCLUDED,21,8,0.911,1345.84,406.98,0.54,1.41,Black,11727.15
30,3,person,VISIBLE,20,0,0.379,358.44,356.95,-0.37,1.59,Black,6685.05
30,4,person,VISIBLE,15,0,0.4324,263.41,317.13,-3.29,0.5,Grey,2237.51
30,5,can,VISIBLE,19,0,0.6221,300.5,417.52,-2.18,0.84,Black,23280.53
30,6,person,VISIBLE,7,0,0.3516,1055.11,370.28,1.67,-0.57,Black,5844.05
31,1,person,VISIBLE,30,0,0.8638,715.71,440.08,-0.83,1.55,Black,96500.57
31,2,person,OCCLUDED,21,9,0.9,1346.39,408.39,0.54,1.41,Black,11727.15
31,3,person,VISIBLE,21,0,0.3556,357.82,357.51,-0.54,0.87,Black,6671.74
31,4,person,VISIBLE,16,0,0.4554,263.02,318.02,-1.26,0.77,Grey,2208.47
31,5,can,VISIBLE,20,0,0.4446,298.53,418.24,-2.03,0.75,Black,23672.79
31,6,person,VISIBLE,8,0,0.3296,1056.87,369.79,1.73,-0.52,Black,6282.85
32,1,person,VISIBLE,31,0,0.8643,714.71,438.99,-0.95,-0.3,Black,96361.35
32,2,person,OCCLUDED,21,10,0.889,1346.93,409.81,0.54,1.41,Black,11727.15
32,3,person,VISIBLE,22,0,0.3774,357.38,357.52,-0.47,0.27,Black,6640.07
32,4,person,VISIBLE,17,0,0.4532,262.48,318.37,-0.76,0.47,Grey,2200.1
32,5,can,VISIBLE,21,0,0.4674,296.62,418.62,-1.94,0.5,Black,24112.1
32,6,person,VISIBLE,9,0,0.3297,1058.46,370.62,1.64,0.43,Black,6406.59
33,1,person,VISIBLE,32,0,0.8643,713.32,436.68,-1.26,-1.7,Black,95527.48
33,2,person,OCCLUDED,21,11,0.878,1347.48,411.22,0.54,1.41,Black,11727.15
33,3,person,VISIBLE,23,0,0.3944,356.98,357.38,-0.43,-0.02,Black,6687.01
33,4,person,VISIBLE,18,0,0.4582,261.88,318.28,-0.64,0.08,Grey,2154.2
33,5,can,VISIBLE,22,0,0.5055,294.19,418.75,-2.29,0.23,Black,24779.26
33,6,person,VISIBLE,10,0,0.2885,1060.88,371.92,2.19,1.04,Black,6687.16
34,1,person,VISIBLE,33,0,0.8614,711.44,435.28,-1.69,-1.49,Black,94570.8
34,2,person,OCCLUDED,21,12,0.867,1348.02,412.63,0.54,1.41,Black,11727.15
34,3,person,VISIBLE,24,0,0.4323,356.8,357.55,-0.25,0.12,Black,6700.5
34,4,person,VISIBLE,19,0,0.4391,261.58,317.95,-0.4,-0.21,Grey,2124.43
34,5,can,VISIBLE,23,0,0.454,291.95,418.61,-2.25,-0.03,Black,25403.35
34,6,person,VISIBLE,11,0,0.3193,1063.82,373.67,2.71,1.53,Black,6808.46
34,10,person,VISIBLE,1,0,0.3116,503.3,361.04,0.0,0.0,Grey,8814.59
35,1,person,VISIBLE,34,0,0.8567,710.14,434.83,-1.42,-0.76,Black,93533.69
35,2,person,OCCLUDED,21,13,0.856,1348.56,414.05,0.54,1.41,Black,11727.15
35,3,person,VISIBLE,25,0,0.4241,356.81,357.28,-0.06,-0.16,Black,6715.14
35,4,person,VISIBLE,20,0,0.492,261.28,317.4,-0.33,-0.45,Grey,2145.98
35,5,can,VISIBLE,24,0,0.3793,289.95,418.69,-2.08,0.05,Black,25814.13
35,6,person,VISIBLE,12,0,0.2894,1066.46,374.18,2.67,0.82,Black,6749.58
35,10,person,VISIBLE,2,0,0.3116,503.29,361.23,-0.01,0.18,Grey,8795.74
36,1,person,VISIBLE,35,0,0.8635,709.82,435.68,-0.65,0.36,Black,93007.52
36,2,person,OCCLUDED,21,14,0.844,1349.11,415.46,0.54,1.41,Black,11727.15
36,3,person,VISIBLE,26,0,0.4329,356.98,356.99,0.1,-0.25,Black,6723.65
36,4,person,VISIBLE,21,0,0.4677,260.82,317.18,-0.42,-0.29,Grey,2145.37
36,5,can,VISIBLE,25,0,0.3443,288.03,419.06,-1.97,0.27,Black,26079.97
36,6,person,VISIBLE,13,0,0.2894,1068.6,374.9,2.29,0.75,Black,6852.46
36,10,person,VISIBLE,3,0,0.3116,503.29,361.41,-0.0,0.18,Grey,8776.91
37,1,person,VISIBLE,36,0,0.8578,710.26,437.29,0.11,1.24,Black,92734.61
37,2,person,OCCLUDED,21,15,0.833,1349.65,416.88,0.54,1.41,Black,11727.15
37,3,person,VISIBLE,27,0,0.4037,356.87,357.02,-0.05,-0.05,Black,6734.54
37,4,person,VISIBLE,22,0,0.3974,260.09,316.86,-0.64,-0.31,Grey,2147.43
37,5,can,VISIBLE,26,0,0.5159,286.93,419.59,-1.36,0.45,Black,26184.79
37,6,person,VISIBLE,14,0,0.3221,1072.5,374.57,3.42,-0.0,Black,6322.8
37,10,person,OCCLUDED,3,1,0.989,503.29,361.59,-0.0,0.18,Grey,8776.91
38,1,person,VISIBLE,37,0,0.8561,711.65,439.96,1.01,2.24,Black,92282.13
38,2,person,OCCLUDED,21,16,0.822,1350.2,418.29,0.54,1.41,Black,11727.15
38,3,person,VISIBLE,28,0,0.4064,356.75,357.11,-0.1,0.05,Green,6744.68
38,4,person,VISIBLE,23,0,0.3906,259.27,316.67,-0.76,-0.23,Grey,2161.15
38,5,can,VISIBLE,27,0,0.351,286.39,420.06,-0.78,0.47,Black,26419.87
38,6,person,VISIBLE,15,0,0.4106,1075.13,375.5,2.87,0.64,Black,5592.52
38,10,person,OCCLUDED,3,2,0.978,503.28,361.78,-0.0,0.18,Grey,8776.91
39,1,person,VISIBLE,38,0,0.8551,713.7,441.79,1.74,1.95,Black,92008.44
39,2,person,OCCLUDED,21,17,0.811,1350.74,419.71,0.54,1.41,Black,11727.15
39,3,person,VISIBLE,29,0,0.3977,356.51,357.13,-0.19,0.03,Black,6723.84
39,4,person,VISIBLE,24,0,0.4109,258.32,316.91,-0.9,0.1,Grey,2152.1
39,5,can,VISIBLE,28,0,0.2996,285.92,420.6,-0.57,0.51,Black,26592.38
39,6,person,VISIBLE,16,0,0.3167,1077.3,375.5,2.38,0.19,Black,5245.96
39,10,person,OCCLUDED,3,3,0.967,503.28,361.96,-0.0,0.18,Grey,8776.91
40,1,person,VISIBLE,39,0,0.8577,716.43,442.3,2.43,0.94,Black,92203.58
40,2,person,OCCLUDED,21,18,0.8,1351.29,421.12,0.54,1.41,Black,11727.15
40,3,person,VISIBLE,30,0,0.4228,355.97,357.58,-0.44,0.33,Green,6618.32
40,4,person,VISIBLE,25,0,0.439,257.32,317.25,-0.97,0.26,Grey,2096.77
40,5,can,VISIBLE,29,0,0.3792,284.35,421.13,-1.27,0.53,Black,26759.92
40,6,person,VISIBLE,17,0,0.3167,1079.8,375.91,2.46,0.35,Black,4984.5
40,10,person,OCCLUDED,3,4,0.956,503.28,362.14,-0.0,0.18,Grey,8776.91
41,1,person,VISIBLE,40,0,0.8508,719.26,439.99,2.71,-1.33,Black,92458.92
41,2,person,OCCLUDED,21,19,0.789,1351.83,422.53,0.54,1.41,Black,11727.15
41,3,person,VISIBLE,31,0,0.3874,355.3,357.98,-0.59,0.37,Green,6481.64
41,4,person,VISIBLE,26,0,0.3846,256.34,317.0,-0.98,-0.09,Grey,2048.13
41,5,can,VISIBLE,30,0,0.5945,282.52,421.44,-1.66,0.37,Black,27116.99
41,6,person,VISIBLE,18,0,0.3167,1082.3,376.33,2.49,0.4,Black,4725.27
41,10,person,OCCLUDED,3,5,0.944,503.27,362.33,-0.0,0.18,Grey,8776.91
42,1,person,VISIBLE,41,0,0.8563,721.53,437.59,2.4,-2.08,Black,93022.15
42,2,person,OCCLUDED,21,20,0.778,1352.38,423.95,0.54,1.41,Black,11727.15
42,3,person,VISIBLE,32,0,0.3597,354.78,358.2,-0.55,0.27,Green,6353.88
42,4,person,VISIBLE,27,0,0.3197,255.54,316.75,-0.85,-0.21,Grey,2012.1
42,5,can,VISIBLE,31,0,0.5417,281.12,421.47,-1.48,0.14,Black,27431.78
42,6,person,VISIBLE,19,0,0.3148,1084.08,374.86,1.99,-0.91,Black,4595.14
42,10,person,OCCLUDED,3,6,0.933,503.27,362.51,-0.0,0.18,Grey,8776.91
43,1,person,VISIBLE,42,0,0.8617,722.63,435.33,1.49,-2.2,Black,93647.1
43,2,person,OCCLUDED,21,21,0.767,1352.92,425.36,0.54,1.41,Black,11727.15
43,3,person,VISIBLE,33,0,0.3107,354.3,357.9,-0.5,-0.13,Green,6237.4
43,4,person,VISIBLE,28,0,0.3209,254.44,315.75,-1.03,-0.76,Grey,2048.95
43,5,can,VISIBLE,32,0,0.504,279.27,421.81,-1.74,0.28,Black,27781.87
43,6,person,VISIBLE,20,0,0.2946,1085.24,374.39,1.41,-0.6,Blue,4391.96
43,10,person,OCCLUDED,3,7,0.922,503.27,362.69,-0.0,0.18,Grey,8776.91
44,1,person,VISIBLE,43,0,0.8687,722.58,434.89,0.41,-0.97,Black,94951.6
44,2,person,OCCLUDED,21,22,0.756,1353.47,426.78,0.54,1.41,Black,11727.15
44,3,person,VISIBLE,34,0,0.2887,353.59,358.21,-0.65,0.17,Green,6251.27
44,4,person,VISIBLE,29,0,0.3131,253.25,315.1,-1.14,-0.68,Grey,2110.43
44,5,can,VISIBLE,33,0,0.5316,276.69,422.34,-2.33,0.45,Black,27907.74
44,6,person,VISIBLE,21,0,0.2949,1086.54,375.22,1.33,0.4,Blue,4144.63
44,10,person,OCCLUDED,3,8,0.911,503.27,362.88,-0.0,0.18,Grey,8776.91
45,1,person,VISIBLE,44,0,0.8625,722.02,435.72,-0.27,0.29,Black,96180.12
45,2,person,OCCLUDED,21,23,0.744,1354.01,428.19,0.54,1.41,Black,11727.15
45,3,person,VISIBLE,35,0,0.3115,353.15,358.39,-0.5,0.19,Green,6283.25
45,4,person,VISIBLE,30,0,0.3131,252.28,314.69,-1.02,-0.49,Grey,2118.73
45,5,can,VISIBLE,34,0,0.541,274.12,422.97,-2.5,0.57,Black,28163.39
45,6,person,VISIBLE,22,0,0.3247,1087.39,375.22,1.0,0.12,Blue,4030.07
45,10,person,OCCLUDED,3,9,0.9,503.26,363.06,-0.0,0.18,Grey,8776.91
46,1,person,VISIBLE,45,0,0.8582,721.5,436.92,-0.45,0.93,Black,96402.78
46,2,person,OCCLUDED,21,24,0.733,1354.55,429.6,0.54,1.41,Black,11727.15
46,3,person,VISIBLE,36,0,0.3019,353.1,358.11,-0.19,-0.14,Black,6314.16
46,4,person,VISIBLE,31,0,0.3131,251.31,314.28,-0.99,-0.43,Grey,2126.89
46,5,can,VISIBLE,35,0,0.6893,271.51,423.7,-2.57,0.69,Black,28435.69
46,6,person,VISIBLE,23,0,0.3306,1088.76,373.64,1.26,-1.07,Blue,4238.13
46,10,person,OCCLUDED,3,10,0.889,503.26,363.25,-0.0,0.18,Grey,8776.91
47,1,person,VISIBLE,46,0,0.8546,720.33,438.55,-0.95,1.42,Black,95862.92
47,2,person,OCCLUDED,21,25,0.722,1355.1,431.02,0.54,1.41,Black,11727.15
47,3,person,VISIBLE,37,0,0.3448,352.96,357.81,-0.16,-0.25,Black,6346.4
47,4,person,VISIBLE,32,0,0.3131,250.33,313.87,-0.98,-0.42,Pink,2134.93
47,5,can,VISIBLE,36,0,0.6831,268.64,424.41,-2.78,0.71,Black,28882.11
47,6,person,VISIBLE,24,0,0.3115,1090.79,372.62,1.8,-1.04,Blue,4675.34
47,10,person,OCCLUDED,3,11,0.878,503.26,363.43,-0.0,0.18,Grey,8776.91
48,1,person,VISIBLE,47,0,0.8537,718.62,440.02,-1.48,1.46,Black,95152.77
48,2,person,OCCLUDED,21,26,0.711,1355.64,432.43,0.54,1.41,Black,11727.15
48,3,person,VISIBLE,38,0,0.3429,352.42,357.14,-0.42,-0.54,Black,6406.16
48,4,person,VISIBLE,33,0,0.3131,249.35,313.45,-0.98,-0.42,Grey,2142.83
48,5,can,VISIBLE,37,0,0.5467,265.03,424.78,-3.36,0.47,Black,29405.24
48,6,person,VISIBLE,25,0,0.2955,1093.4,371.86,2.37,-0.84,Black,5320.33
48,10,person,OCCLUDED,3,12,0.867,503.25,363.61,-0.0,0.18,Grey,8776.91
49,1,person,VISIBLE,48,0,0.8617,716.27,440.85,-2.1,1.02,Black,94486.32
49,2,person,OCCLUDED,21,27,0.7,1356.19,433.85,0.54,1.41,Black,11727.15
49,3,person,VISIBLE,39,0,0.3331,351.02,355.85,-1.11,-1.07,Black,6341.82
49,4,person,VISIBLE,34,0,0.3131,248.39,313.04,-0.97,-0.41,Pink,2150.61
49,5,can,VISIBLE,38,0,0.3989,261.16,424.5,-3.72,-0.05,Black,29931.27
49,6,person,VISIBLE,26,0,0.3622,1095.76,371.46,2.37,-0.54,Black,6065.88
49,10,person,OCCLUDED,3,13,0.856,503.25,363.8,-0.0,0.18,Grey,8776.91
50,1,person,VISIBLE,49,0,0.8536,713.27,440.85,-2.72,0.31,Black,94396.11
50,2,person,OCCLUDED,21,28,0.689,1356.73,435.26,0.54,1.41,Black,11727.15
50,3,person,VISIBLE,40,0,0.3439,349.86,354.38,-1.15,-1.35,Black,6249.44
50,4,person,OCCLUDED,34,1,0.989,247.41,312.63,-0.97,-0.41,Pink,2150.61
50,5,can,VISIBLE,39,0,0.4341,257.83,424.33,-3.45,-0.14,Black,30334.77
50,6,person,VISIBLE,27,0,0.4119,1098.08,370.85,2.33,-0.58,Black,6700.7
50,10,person,OCCLUDED,3,14,0.844,503.25,363.98,-0.0,0.18,Grey,8776.91
51,1,person,VISIBLE,50,0,0.8537,709.01,438.06,-3.8,-1.87,Black,94884.75
51,2,person,OCCLUDED,21,29,0.678,1357.28,436.68,0.54,1.41,Black,11727.15
51,3,person,VISIBLE,41,0,0.3341,348.74,353.23,-1.12,-1.21,Black,6124.53
51,4,person,OCCLUDED,34,2,0.978,246.44,312.22,-0.97,-0.41,Pink,2150.61
51,5,can,VISIBLE,40,0,0.6027,254.76,423.7,-3.18,-0.48,Black,31119.23
51,6,person,VISIBLE,28,0,0.5018,1099.52,370.06,1.71,-0.72,Black,7093.29
51,10,person,OCCLUDED,3,15,0.833,503.24,364.16,-0.0,0.18,Grey,8776.91
51,11,car,VISIBLE,1,0,0.3105,1312.28,386.98,0.0,0.0,Black,17313.26
52,1,person,VISIBLE,51,0,0.8513,702.73,433.51,-5.54,-3.74,Black,94558.4
52,2,person,OCCLUDED,21,30,0.667,1357.82,438.09,0.54,1.41,Black,11727.15
52,3,person,VISIBLE,42,0,0.3409,347.89,352.71,-0.93,-0.73,Black,5900.9
52,4,person,OCCLUDED,34,3,0.967,245.47,311.8,-0.97,-0.41,Pink,2150.61
52,5,can,VISIBLE,41,0,0.5347,251.3,422.8,-3.38,-0.78,Black,31780.52
52,6,person,VISIBLE,29,0,0.4314,1100.69,369.0,1.33,-0.97,Black,7191.06
52,10,person,OCCLUDED,3,16,0.822,503.24,364.35,-0.0,0.18,Grey,8776.91
52,11,car,VISIBLE,2,0,0.3105,1312.22,387.14,-0.06,0.16,Black,17275.66
53,1,person,VISIBLE,52,0,0.8494,696.44,429.64,-6.06,-3.83,Black,93965.68
53,2,person,OCCLUDED,21,31,0.656,1358.37,439.5,0.54,1.41,Black,11727.15
53,3,person,VISIBLE,43,0,0.3153,347.24,352.68,-0.74,-0.24,Black,5766.69
53,4,person,OCCLUDED,34,4,0.956,244.5,311.39,-0.97,-0.41,Pink,2150.61
53,5,can,VISIBLE,42,0,0.5888,247.81,421.81,-3.45,-0.92,Black,32317.06
53,6,person,VISIBLE,30,0,0.3602,1103.3,367.77,2.23,-1.14,Black,7284.15
53,10,person,OCCLUDED,3,17,0.811,503.24,364.53,-0.0,0.18,Grey,8776.91
53,11,car,VISIBLE,3,0,0.4041,1309.56,383.22,-1.88,-2.7,Black,18609.13
54,1,person,VISIBLE,53,0,0.8476,691.19,426.26,-5.5,-3.52,Black,93219.39
54,2,person,OCCLUDED,21,32,0.644,1358.91,440.92,0.54,1.41,Black,11727.15
54,3,person,VISIBLE,44,0,0.3813,346.74,353.72,-0.57,0.66,Black,5652.08
54,4,person,OCCLUDED,34,5,0.944,243.53,310.98,-0.97,-0.41,Pink,2150.61
54,5,can,VISIBLE,43,0,0.6946,244.32,421.19,-3.48,-0.71,Black,32846.62
54,6,person,VISIBLE,31,0,0.3404,1105.72,367.52,2.36,-0.52,Black,6929.45
54,10,person,OCCLUDED,3,18,0.8,503.24,364.71,-0.0,0.18,Grey,8776.91
54,11,car,VISIBLE,4,0,0.4551,1305.29,378.5,-3.55,-4.12,Black,20694.49
55,1,person,VISIBLE,54,0,0.8552,686.7,424.54,-4.79,-2.26,Black,92696.29
55,2,person,OCCLUDED,21,33,0.633,1359.46,442.33,0.54,1.41,Black,11727.15
55,3,person,VISIBLE,45,0,0.3729,346.06,355.19,-0.65,1.22,Black,5650.81
55,4,person,OCCLUDED,34,6,0.933,242.55,310.57,-0.97,-0.41,Pink,2150.61
55,5,can,VISIBLE,44,0,0.7231,240.2,421.19,-3.92,-0.22,Black,33541.68
55,6,person,VISIBLE,32,0,0.4022,1107.72,368.46,2.1,0.5,Black,6445.75
55,10,person,OCCLUDED,3,19,0.789,503.23,364.9,-0.0,0.18,Grey,8776.91
55,11,car,VISIBLE,5,0,0.486,1301.65,374.53,-3.61,-4.01,Black,23069.44
56,1,person,VISIBLE,55,0,0.8494,683.05,425.27,-3.99,-0.16,Black,92807.63
56,2,person,OCCLUDED,21,34,0.622,1360.0,443.75,0.54,1.41,Black,11727.15
56,3,person,VISIBLE,46,0,0.3839,345.52,356.78,-0.57,1.48,Black,5711.46
56,4,person,OCCLUDED,34,7,0.922,241.58,310.16,-0.97,-0.41,Pink,2150.61
56,5,can,VISIBLE,45,0,0.6816,236.4,421.87,-3.84,0.41,Black,34110.72
56,6,person,VISIBLE,33,0,0.3779,1110.55,369.47,2.61,0.86,Black,5722.53
56,10,person,OCCLUDED,3,20,0.778,503.23,365.08,-0.0,0.18,Grey,8776.91
56,11,car,VISIBLE,6,0,0.493,1297.38,371.13,-4.07,-3.58,Black,25934.27
57,1,person,VISIBLE,56,0,0.8505,680.57,428.0,-2.93,1.86,Black,93450.08
57,2,person,OCCLUDED,21,35,0.611,1360.55,445.16,0.54,1.41,Black,11727.15
57,3,person,VISIBLE,47,0,0.3848,344.72,358.23,-0.73,1.46,Black,5857.37
57,4,person,OCCLUDED,34,8,0.911,240.61,309.74,-0.97,-0.41,Pink,2150.61
57,5,can,VISIBLE,46,0,0.7032,232.09,423.12,-4.17,1.0,Black,34896.95
57,6,person,VISIBLE,34,0,0.3779,1112.81,369.53,2.37,0.3,Black,5501.36
57,10,person,VISIBLE,4,0,0.2957,495.56,365.48,-0.26,0.19,Grey,8362.07
57,11,car,VISIBLE,7,0,0.4829,1293.26,366.53,-4.1,-4.29,Black,29204.55
58,1,person,VISIBLE,57,0,0.8532,679.33,430.54,-1.75,2.34,Black,94121.46
58,2,person,OCCLUDED,21,36,0.6,1361.09,446.57,0.54,1.41,Black,11727.15
58,3,person,VISIBLE,48,0,0.408,344.39,359.57,-0.45,1.38,Black,5960.02
58,4,person,OCCLUDED,34,9,0.9,239.64,309.33,-0.97,-0.41,Pink,2150.61
58,5,can,VISIBLE,47,0,0.7728,229.54,424.33,-3.03,1.15,Black,35105.5
58,6,person,VISIBLE,35,0,0.3779,1115.08,369.61,2.3,0.14,Black,5282.54
58,10,person,VISIBLE,5,0,0.334,495.15,365.59,-0.36,0.13,Black,8453.35
58,11,car,VISIBLE,8,0,0.4527,1290.11,362.63,-3.44,-4.02,Black,31800.37
59,1,person,VISIBLE,58,0,0.8503,678.92,433.3,-0.81,2.63,Black,94615.25
59,2,person,OCCLUDED,21,37,0.589,1361.63,447.99,0.54,1.41,Black,11727.15
59,3,person,VISIBLE,49,0,0.3546,344.44,360.22,-0.1,0.87,Black,6007.85
59,4,person,OCCLUDED,34,10,0.889,238.67,308.92,-0.97,-0.41,Pink,2150.61
59,5,can,VISIBLE,48,0,0.814,227.43,425.48,-2.39,1.15,Black,35076.91
59,6,person,VISIBLE,36,0,0.3779,1117.34,369.67,2.27,0.09,Black,5066.07
59,10,person,VISIBLE,6,0,0.3029,494.04,366.06,-0.89,0.37,Black,8614.6
59,11,car,VISIBLE,9,0,0.4299,1286.79,361.81,-3.35,-1.78,Black,33972.44
60,1,person,VISIBLE,59,0,0.8626,679.12,436.35,-0.11,2.93,Black,94857.04
60,2,person,OCCLUDED,21,38,0.578,1362.18,449.4,0.54,1.41,Black,11727.15
60,3,person,VISIBLE,50,0,0.346,345.19,359.71,0.49,-0.09,Black,5983.42
60,4,person,OCCLUDED,34,11,0.878,237.7,308.51,-0.97,-0.41,Pink,2150.61
60,5,can,VISIBLE,49,0,0.7907,225.0,426.66,-2.41,1.17,Black,34989.77
60,6,person,VISIBLE,37,0,0.3431,1120.63,369.45,2.99,-0.13,Black,5221.3
60,10,person,VISIBLE,7,0,0.2893,492.79,366.79,-1.14,0.62,Black,8440.76
60,11,car,VISIBLE,10,0,0.4582,1282.99,362.04,-3.66,-0.37,Black,36237.15
61,1,person,VISIBLE,60,0,0.8639,679.75,438.53,0.41,2.4,Black,94959.42
61,2,person,OCCLUDED,21,39,0.567,1362.72,450.82,0.54,1.41,Black,11727.15
61,3,person,VISIBLE,51,0,0.3738,345.91,358.78,0.65,-0.68,Black,5832.86
61,4,person,OCCLUDED,34,12,0.867,236.72,308.1,-0.97,-0.41,Pink,2150.61
61,5,can,VISIBLE,50,0,0.8693,222.7,427.14,-2.34,0.69,Black,35037.62
61,6,person,VISIBLE,38,0,0.4012,1122.94,368.48,2.51,-0.72,Black,5437.12
61,10,person,VISIBLE,8,0,0.3047,491.98,367.36,-0.91,0.58,Black,8110.78
61,11,car,VISIBLE,11,0,0.4288,1279.37,363.02,-3.64,0.58,Black,37742.98
62,1,person,VISIBLE,61,0,0.8686,680.62,439.72,0.73,1.55,Black,95135.75
62,2,person,OCCLUDED,21,40,0.556,1363.27,452.23,0.54,1.41,Black,11727.15
62,3,person,VISIBLE,52,0,0.3964,346.4,357.88,0.54,-0.84,Black,5738.21
62,4,person,OCCLUDED,34,13,0.856,235.75,307.68,-0.97,-0.41,Pink,2150.61
62,5,can,VISIBLE,51,0,0.8492,220.08,427.06,-2.53,0.15,Black,35342.91
62,6,person,VISIBLE,39,0,0.3815,1124.75,367.32,2.02,-1.02,Black,5666.38
62,10,person,VISIBLE,9,0,0.3367,491.53,367.49,-0.58,0.27,Black,7835.85
62,11,car,VISIBLE,12,0,0.4362,1275.97,365.05,-3.47,1.59,Black,38983.27
63,1,person,VISIBLE,62,0,0.8647,681.73,439.5,0.99,0.31,Black,95473.55
63,2,person,OCCLUDED,21,41,0.544,1363.81,453.65,0.54,1.41,Black,11727.15
63,3,person,VISIBLE,53,0,0.3826,346.24,356.91,0.05,-0.92,Black,5734.89
63,4,person,OCCLUDED,34,14,0.844,234.78,307.27,-0.97,-0.41,Pink,2150.61
63,5,can,VISIBLE,52,0,0.8359,217.49,426.86,-2.58,-0.1,Black,35627.25
63,6,person,VISIBLE,40,0,0.3828,1126.22,366.95,1.64,-0.57,Black,5768.35
63,10,person,VISIBLE,10,0,0.3511,491.06,366.87,-0.51,-0.35,Black,7710.36
63,11,car,VISIBLE,13,0,0.4762,1272.71,366.13,-3.32,1.23,Black,40595.5
64,1,person,VISIBLE,63,0,0.8629,682.61,438.72,0.92,-0.45,Black,95557.57
64,2,person,OCCLUDED,21,42,0.533,1364.36,455.06,0.54,1.41,Black,11727.15
64,3,person,VISIBLE,54,0,0.3543,345.85,356.17,-0.26,-0.8,Black,5752.19
64,4,person,OCCLUDED,34,15,0.833,233.81,306.86,-0.97,-0.41,Pink,2150.61
64,5,can,VISIBLE,53,0,0.8647,215.98,426.82,-1.83,-0.05,Black,35651.02
64,6,person,VISIBLE,41,0,0.3502,1127.99,367.33,1.73,0.1,Black,5701.28
64,10,person,VISIBLE,11,0,0.3831,490.68,366.07,-0.42,-0.66,Black,7666.87
64,11,car,VISIBLE,14,0,0.5253,1269.57,367.08,-3.2,1.03,Black,42356.52
65,1,person,VISIBLE,64,0,0.8478,683.84,437.06,1.14,-1.29,Black,94904.42
65,2,person,OCCLUDED,21,43,0.522,1364.9,456.47,0.54,1.41,Black,11727.15
65,3,person,VISIBLE,55,0,0.3538,345.1,355.69,-0.6,-0.58,Black,5714.57
65,4,person,OCCLUDED,34,16,0.822,232.84,306.45,-0.97,-0.41,Pink,2150.61
65,5,can,VISIBLE,54,0,0.8847,214.65,427.31,-1.48,0.32,Black,35688.49
65,6,person,VISIBLE,42,0,0.3774,1130.03,367.42,1.95,0.09,Black,5702.5
65,10,person,VISIBLE,12,0,0.3803,490.16,365.95,-0.49,-0.29,Black,7789.78
65,11,car,VISIBLE,15,0,0.5117,1266.12,366.75,-3.37,0.08,Black,43954.87
66,1,person,VISIBLE,65,0,0.853,684.84,435.15,1.04,-1.73,Black,93973.97
66,2,person,OCCLUDED,21,44,0.511,1365.45,457.89,0.54,1.41,Black,11727.15
66,3,person,VISIBLE,56,0,0.3125,344.45,355.61,-0.63,-0.23,Black,5704.53
66,4,person,OCCLUDED,34,17,0.811,231.86,306.04,-0.97,-0.41,Pink,2150.61
66,5,can,VISIBLE,55,0,0.9018,213.72,427.84,-1.09,0.47,Black,35626.77
66,6,person,VISIBLE,43,0,0.4134,1131.74,367.38,1.77,0.0,Black,5961.62
66,10,person,VISIBLE,13,0,0.3644,489.96,365.84,-0.29,-0.16,Black,7870.0
66,11,car,VISIBLE,16,0,0.5369,1262.37,365.13,-3.64,-1.11,Black,45262.95
67,1,person,VISIBLE,66,0,0.8595,685.73,432.24,0.93,-2.55,Black,92986.94
67,2,person,OCCLUDED,21,45,0.5,1365.99,459.3,0.54,1.41,Black,11727.15
67,3,person,VISIBLE,57,0,0.3471,343.81,355.93,-0.64,0.16,Black,5707.4
67,4,person,OCCLUDED,34,18,0.8,230.89,305.62,-0.97,-0.41,Pink,2150.61
67,5,can,VISIBLE,56,0,0.8638,212.72,428.53,-1.03,0.62,Black,35578.22
67,6,person,VISIBLE,44,0,0.3658,1133.11,366.38,1.49,-0.7,Black,6255.24
67,10,person,VISIBLE,14,0,0.3953,489.95,366.2,-0.09,0.2,Grey,7979.05
67,11,car,VISIBLE,17,0,0.497,1259.13,363.87,-3.35,-1.22,Black,46423.24
68,1,person,VISIBLE,67,0,0.8626,686.22,430.23,0.63,-2.17,Black,92643.15
68,2,person,OCCLUDED,21,46,0.489,1366.54,460.72,0.54,1.41,Black,11727.15
68,3,person,VISIBLE,58,0,0.3432,343.31,356.15,-0.54,0.2,Black,5697.56
68,4,person,OCCLUDED,34,19,0.789,229.92,305.21,-0.97,-0.41,Pink,2150.61
68,5,can,VISIBLE,57,0,0.8031,210.66,429.18,-1.75,0.64,Black,35923.9
68,6,person,VISIBLE,45,0,0.4537,1134.87,366.06,1.68,-0.43,Black,6168.34
68,10,person,VISIBLE,15,0,0.4046,490.26,366.59,0.19,0.33,Grey,7969.92
68,11,car,VISIBLE,18,0,0.4984,1256.37,362.73,-2.95,-1.17,Black,47619.33
69,1,person,VISIBLE,68,0,0.8566,686.32,429.0,0.25,-1.52,Black,92658.69
69,2,person,OCCLUDED,21,47,0.478,1367.08,462.13,0.54,1.41,Black,11727.15
69,3,person,VISIBLE,59,0,0.3469,342.91,356.08,-0.44,0.01,Black,5649.86
69,4,person,OCCLUDED,34,20,0.778,228.95,304.8,-0.97,-0.41,Pink,2150.61
69,5,can,VISIBLE,58,0,0.7848,209.28,429.59,-1.49,0.48,Black,36114.33
69,6,person,VISIBLE,46,0,0.4531,1136.2,365.59,1.44,-0.46,Black,5938.36
69,10,person,VISIBLE,16,0,0.4471,490.74,366.74,0.39,0.21,Grey,7967.06
69,11,car,VISIBLE,19,0,0.5244,1254.08,361.87,-2.49,-0.95,Black,48515.88
70,1,person,VISIBLE,69,0,0.8545,686.15,428.36,-0.04,-0.9,Black,92952.18
70,2,person,OCCLUDED,21,48,0.467,1367.62,463.54,0.54,1.41,Black,11727.15
70,3,person,VISIBLE,60,0,0.3192,342.44,356.11,-0.46,0.02,Black,5517.68
70,4,person,OCCLUDED,34,21,0.767,227.98,304.39,-0.97,-0.41,Pink,2150.61
70,5,can,VISIBLE,59,0,0.8018,208.12,429.67,-1.27,0.2,Black,36259.03
70,6,person,VISIBLE,47,0,0.4531,1137.86,365.22,1.59,-0.4,Black,5934.89
70,10,person,VISIBLE,17,0,0.3769,491.39,367.18,0.58,0.37,Grey,7937.47
70,11,car,VISIBLE,20,0,0.5066,1251.34,361.24,-2.66,-0.73,Black,49461.38
70,13,can,VISIBLE,1,0,0.3723,56.08,486.77,0.0,0.0,Black,29249.9
71,1,person,VISIBLE,70,0,0.8543,685.07,428.46,-0.77,-0.2,Black,93415.04
71,2,person,OCCLUDED,21,49,0.456,1368.17,464.96,0.54,1.41,Black,11727.15
71,3,person,VISIBLE,61,0,0.3306,341.42,356.18,-0.85,0.06,Black,5447.11
71,4,person,OCCLUDED,34,22,0.756,227.01,303.98,-0.97,-0.41,Pink,2150.61
71,5,can,VISIBLE,60,0,0.8199,206.86,429.4,-1.26,-0.13,Black,36468.8
71,6,person,VISIBLE,48,0,0.4531,1139.52,364.84,1.64,-0.39,Black,5931.37
71,10,person,VISIBLE,18,0,0.3492,491.71,367.13,0.4,0.08,Grey,8029.98
71,11,car,VISIBLE,21,0,0.5046,1248.49,361.0,-2.79,-0.38,Black,50300.95
71,13,can,VISIBLE,2,0,0.3907,54.57,487.26,-1.52,0.49,Black,28188.04
72,1,person,VISIBLE,71,0,0.861,683.08,430.18,-1.62,1.15,Black,93979.12
72,2,person,OCCLUDED,21,50,0.444,1368.71,466.37,0.54,1.41,Black,11727.15
72,3,person,VISIBLE,62,0,0.3506,339.85,356.49,-1.35,0.23,Black,5565.01
72,4,person,OCCLUDED,34,23,0.744,226.03,303.57,-0.97,-0.41,Pink,2150.61
72,5,can,VISIBLE,61,0,0.7932,204.81,429.12,-1.81,-0.24,Black,36970.35
72,6,person,VISIBLE,49,0,0.4531,1141.18,364.46,1.65,-0.38,Black,5927.78
72,10,person,VISIBLE,19,0,0.3263,491.52,365.44,-0.01,-1.16,Grey,8151.84
72,11,car,VISIBLE,22,0,0.4602,1245.34,360.42,-3.04,-0.52,Black,51107.53
72,13,can,VISIBLE,3,0,0.3907,54.05,487.41,-0.81,0.25,Black,27852.77
73,1,person,VISIBLE,72,0,0.8584,680.64,432.76,-2.2,2.15,Black,94401.16
73,2,person,OCCLUDED,21,51,0.433,1369.26,467.79,0.54,1.41,Black,11727.15
73,3,person,VISIBLE,63,0,0.3785,338.19,356.81,-1.57,0.3,Black,5690.0
73,4,person,OCCLUDED,34,24,0.733,225.06,303.15,-0.97,-0.41,Pink,2150.61
73,5,can,VISIBLE,62,0,0.817,201.66,429.09,-2.75,-0.09,Black,37608.26
73,6,person,VISIBLE,50,0,0.4531,1142.84,364.08,1.65,-0.38,Black,5924.14
73,10,person,VISIBLE,20,0,0.3474,490.86,363.81,-0.47,-1.49,Grey,8437.68
73,11,car,VISIBLE,23,0,0.4564,1242.38,360.93,-2.98,0.2,Black,51823.23
73,13,can,VISIBLE,4,0,0.3907,53.55,487.56,-0.59,0.18,Black,27519.11
74,1,person,VISIBLE,73,0,0.8575,678.01,436.19,-2.5,3.05,Black,94904.73
74,2,person,OCCLUDED,21,52,0.422,1369.8,469.2,0.54,1.41,Black,11727.15
74,3,person,VISIBLE,64,0,0.3821,336.97,357.23,-1.32,0.38,Black,5757.29
74,4,person,OCCLUDED,34,25,0.722,224.09,302.74,-0.97,-0.41,Pink,2150.61
74,5,can,VISIBLE,63,0,0.7974,198.69,429.68,-2.9,0.39,Black,37983.27
74,6,person,VISIBLE,51,0,0.4531,1144.49,363.7,1.65,-0.38,Black,5920.44
74,10,person,VISIBLE,21,0,0.3494,490.52,363.57,-0.37,-0.61,Grey,8641.5
74,11,car,VISIBLE,24,0,0.5348,1239.53,361.16,-2.89,0.22,Black,52568.34
74,13,can,VISIBLE,5,0,0.3907,53.05,487.72,-0.54,0.16,Black,27187.07
75,1,person,VISIBLE,74,0,0.8682,674.71,439.59,-3.06,3.29,Black,94804.87
75,2,person,OCCLUDED,21,53,0.411,1370.35,470.62,0.54,1.41,Black,11727.15
75,3,person,VISIBLE,65,0,0.4096,335.99,357.32,-1.09,0.18,Black,5809.69
75,4,person,OCCLUDED,34,26,0.711,223.12,302.33,-0.97,-0.41,Pink,2150.61
75,5,can,VISIBLE,64,0,0.6757,195.96,430.83,-2.78,0.92,Black,38219.14
75,6,person,OCCLUDED,51,1,0.989,1146.14,363.32,1.65,-0.38,Black,5920.44
75,10,person,VISIBLE,22,0,0.4034,489.93,363.27,-0.53,-0.39,Grey,8929.97
75,11,car,VISIBLE,25,0,0.5987,1236.5,361.34,-2.98,0.19,Black,53621.9
75,13,can,OCCLUDED,5,1,0.989,52.51,487.88,-0.54,0.16,Black,27187.07
76,1,person,VISIBLE,75,0,0.8668,669.98,442.06,-4.23,2.71,Black,94795.48
76,2,person,OCCLUDED,21,54,0.4,1370.89,472.03,0.54,1.41,Black,11727.15
76,3,person,VISIBLE,66,0,0.4012,335.3,357.25,-0.81,0.01,Black,5874.77
76,4,person,OCCLUDED,34,27,0.7,222.15,301.92,-0.97,-0.41,Pink,2150.61
76,5,can,VISIBLE,65,0,0.7839,193.19,431.93,-2.78,1.04,Black,38494.8
76,6,person,OCCLUDED,51,2,0.978,1147.8,362.94,1.65,-0.38,Black,5920.44
76,10,person,VISIBLE,23,0,0.4288,489.04,362.73,-0.78,-0.5,Grey,9157.99
76,11,car,VISIBLE,26,0,0.5587,1233.22,361.81,-3.19,0.39,Black,54825.52
76,13,can,OCCLUDED,5,2,0.978,51.97,488.05,-0.54,0.16,Black,27187.07
77,1,person,VISIBLE,76,0,0.8621,663.66,442.5,-5.69,1.12,Black,95998.95
77,2,person,OCCLUDED,21,55,0.389,1371.44,473.44,0.54,1.41,Black,11727.15
77,3,person,VISIBLE,67,0,0.4088,334.72,356.9,-0.65,-0.25,Black,5988.39
77,4,person,OCCLUDED,34,28,0.689,221.17,301.51,-0.97,-0.41,Pink,2150.61
77,5,can,VISIBLE,66,0,0.7746,190.36,432.85,-2.81,0.96,Black,38710.01
77,6,person,OCCLUDED,51,3,0.967,1149.45,362.56,1.65,-0.38,Black,5920.44
77,10,person,VISIBLE,24,0,0.4243,487.97,362.46,-0.98,-0.34,Grey,9298.98
77,11,car,VISIBLE,27,0,0.5827,1229.4,361.8,-3.63,0.1,Black,56215.75
77,13,can,OCCLUDED,5,3,0.967,51.44,488.21,-0.54,0.16,Black,27187.07
78,1,person,VISIBLE,77,0,0.861,657.07,440.24,-6.32,-1.24,Black,96456.81
78,2,person,OCCLUDED,21,56,0.378,1371.98,474.86,0.54,1.41,Black,11727.15
78,3,person,VISIBLE,68,0,0.4023,334.0,356.56,-0.7,-0.32,Black,6136.54
78,4,person,OCCLUDED,34,29,0.678,220.2,301.09,-0.97,-0.41,Pink,2150.61
78,5,can,VISIBLE,67,0,0.7824,187.85,433.67,-2.6,0.87,Black,38518.62
78,6,person,OCCLUDED,51,4,0.956,1151.11,362.18,1.65,-0.38,Black,5920.44
78,10,person,VISIBLE,25,0,0.3959,486.39,362.5,-1.4,-0.07,Grey,9238.32
78,11,car,VISIBLE,28,0,0.545,1226.13,361.94,-3.37,0.13,Black,57365.54
78,13,can,OCCLUDED,5,4,0.956,50.9,488.37,-0.54,0.16,Black,27187.07
79,1,person,VISIBLE,78,0,0.8578,651.96,435.96,-5.47,-3.37,Black,96097.48
79,2,person,OCCLUDED,21,57,0.367,1372.53,476.27,0.54,1.41,Black,11727.15
79,3,person,VISIBLE,69,0,0.385,333.54,356.35,-0.53,-0.24,Black,6238.18
79,4,person,OCCLUDED,34,30,0.667,219.23,300.68,-0.97,-0.41,Pink,2150.61
79,5,can,VISIBLE,68,0,0.7776,185.59,433.93,-2.36,0.44,Black,38551.05
79,6,person,OCCLUDED,51,5,0.944,1152.76,361.8,1.65,-0.38,Black,5920.44
79,10,person,VISIBLE,26,0,0.3918,484.36,363.25,-1.84,0.5,Grey,8990.26
79,11,car,VISIBLE,29,0,0.613,1223.2,362.13,-3.07,0.17,Black,58501.13
79,13,can,OCCLUDED,5,5,0.944,50.37,488.54,-0.54,0.16,Black,27187.07
80,1,person,VISIBLE,79,0,0.8511,647.46,431.43,-4.79,-4.19,Black,95790.65
80,2,person,OCCLUDED,21,58,0.356,1373.07,477.69,0.54,1.41,Black,11727.15
80,3,person,VISIBLE,70,0,0.3584,333.3,356.26,-0.33,-0.13,Black,6268.77
80,4,person,OCCLUDED,34,31,0.656,218.26,300.27,-0.97,-0.41,Pink,2150.61
80,5,can,VISIBLE,69,0,0.7107,182.75,433.13,-2.7,-0.43,Black,38965.74
80,6,person,OCCLUDED,51,6,0.933,1154.42,361.43,1.65,-0.38,Black,5920.44
80,10,person,VISIBLE,27,0,0.3883,481.97,364.84,-2.23,1.26,Grey,8950.96
80,11,car,VISIBLE,30,0,0.5343,1220.27,362.04,-2.97,-0.01,Black,59422.88
80,13,can,OCCLUDED,5,6,0.933,49.83,488.7,-0.54,0.16,Black,27187.07
81,1,person,VISIBLE,80,0,0.8552,644.1,428.9,-3.79,-3.03,Black,96018.01
81,2,person,OCCLUDED,21,59,0.344,1373.62,479.1,0.54,1.41,Black,11727.15
81,3,person,VISIBLE,71,0,0.3759,333.33,356.52,-0.08,0.14,Black,6198.9
81,4,person,OCCLUDED,34,32,0.644,217.29,299.86,-0.97,-0.41,Pink,2150.61
81,5,can,VISIBLE,70,0,0.6752,180.15,432.65,-2.63,-0.46,Black,39227.47
81,6,person,OCCLUDED,51,7,0.922,1156.07,361.05,1.65,-0.38,Black,5920.44
81,10,person,VISIBLE,28,0,0.3734,480.1,366.47,-1.98,1.52,Grey,8929.96
81,11,car,VISIBLE,31,0,0.4091,1217.2,362.24,-3.04,0.14,Black,60040.84
81,13,can,OCCLUDED,5,7,0.922,49.3,488.87,-0.54,0.16,Black,27187.07
82,1,person,VISIBLE,81,0,0.8587,641.51,428.41,-2.95,-1.25,Black,97183.61
82,2,person,OCCLUDED,21,60,0.333,1374.16,480.51,0.54,1.41,Black,11727.15
82,3,person,VISIBLE,72,0,0.3816,333.56,356.69,0.14,0.15,Black,6090.88
82,4,person,OCCLUDED,34,33,0.633,216.32,299.45,-0.97,-0.41,Pink,2150.61
82,5,can,VISIBLE,71,0,0.6777,177.95,432.71,-2.33,-0.1,Black,39401.99
82,6,person,OCCLUDED,51,8,0.911,1157.73,360.67,1.65,-0.38,Black,5920.44
82,10,person,VISIBLE,29,0,0.3632,478.41,366.95,-1.77,0.79,Grey,8930.68
82,11,car,VISIBLE,32,0,0.5214,1214.88,362.36,-2.53,0.12,Black,60825.34
82,13,can,OCCLUDED,5,8,0.911,48.76,489.03,-0.54,0.16,Black,27187.07
83,1,person,VISIBLE,82,0,0.8736,639.71,430.13,-2.15,0.84,Black,98383.6
83,2,person,OCCLUDED,21,61,0.322,1374.7,481.93,0.54,1.41,Black,11727.15
83,3,person,VISIBLE,73,0,0.3359,334.15,357.42,0.46,0.56,Black,5864.19
83,4,person,OCCLUDED,34,34,0.622,215.34,299.03,-0.97,-0.41,Pink,2150.61
83,5,can,VISIBLE,72,0,0.7141,176.12,433.78,-1.98,0.72,Black,39488.29
83,6,person,OCCLUDED,51,9,0.9,1159.38,360.29,1.65,-0.38,Black,5920.44
83,10,person,VISIBLE,30,0,0.3568,476.61,367.23,-1.79,0.43,Grey,9067.52
83,11,car,VISIBLE,33,0,0.5382,1212.26,362.53,-2.59,0.16,Black,61782.95
83,13,can,OCCLUDED,5,9,0.9,48.23,489.19,-0.54,0.16,Black,27187.07
83,14,can,VISIBLE,1,0,0.3554,926.05,357.6,0.0,0.0,Black,1691.02
84,1,person,VISIBLE,83,0,0.8771,638.59,433.2,-1.42,2.4,Black,99302.47
84,2,person,OCCLUDED,21,62,0.311,1375.25,483.34,0.54,1.41,Black,11727.15
84,3,person,VISIBLE,74,0,0.3525,335.0,358.12,0.73,0.66,Black,5594.1
84,4,person,OCCLUDED,34,35,0.611,214.37,298.62,-0.97,-0.41,Pink,2150.61
84,5,can,VISIBLE,73,0,0.7721,174.28,435.1,-1.88,1.14,Black,39686.35
84,6,person,OCCLUDED,51,10,0.889,1161.04,359.91,1.65,-0.38,Black,5920.44
84,10,person,VISIBLE,31,0,0.3704,475.08,367.44,-1.61,0.28,Grey,9122.48
84,11,car,VISIBLE,34,0,0.5314,1209.51,362.6,-2.71,0.09,Black,62693.66
84,13,can,OCCLUDED,5,10,0.889,47.69,489.36,-0.54,0.16,Black,27187.07
84,14,can,VISIBLE,2,0,0.3554,926.01,357.57,-0.04,-0.03,Black,1693.19
85,1,person,VISIBLE,84,0,0.873,637.91,437.16,-0.9,3.49,Black,99661.43
85,2,person,OCCLUDED,21,63,0.3,1375.79,484.76,0.54,1.41,Black,11727.15
85,3,person,VISIBLE,75,0,0.3245,336.11,358.68,0.99,0.59,Black,5305.7
85,4,person,OCCLUDED,34,36,0.6,213.4,298.21,-0.97,-0.41,Pink,2150.61
85,5,can,VISIBLE,74,0,0.7671,172.62,436.37,-1.73,1.23,Black,39896.53
85,6,person,OCCLUDED,51,11,0.878,1162.69,359.53,1.65,-0.38,Black,5920.44
85,10,person,VISIBLE,32,0,0.3316,473.95,367.14,-1.27,-0.13,Grey,9418.49
85,11,car,VISIBLE,35,0,0.5053,1207.14,363.24,-2.47,0.47,Black,63458.85
85,13,can,OCCLUDED,5,11,0.878,47.16,489.52,-0.54,0.16,Black,27187.07
85,14,can,VISIBLE,3,0,0.3554,925.99,357.55,-0.03,-0.03,Black,1695.35
86,1,person,VISIBLE,85,0,0.8788,637.5,441.14,-0.56,3.83,Black,100063.72
86,2,person,OCCLUDED,21,64,0.289,1376.34,486.17,0.54,1.41,Black,11727.15
86,3,person,VISIBLE,76,0,0.3215,337.5,359.04,1.27,0.43,Black,5057.67
86,4,person,OCCLUDED,34,37,0.589,212.43,297.8,-0.97,-0.41,Pink,2150.61
86,5,can,VISIBLE,75,0,0.7347,171.28,437.47,-1.46,1.14,Black,40189.27
86,6,person,OCCLUDED,51,12,0.867,1164.35,359.15,1.65,-0.38,Black,5920.44
86,10,person,VISIBLE,33,0,0.3323,473.14,366.72,-0.95,-0.34,Grey,9598.33
86,11,car,VISIBLE,36,0,0.5123,1204.78,363.4,-2.4,0.26,Black,64142.58
86,13,can,OCCLUDED,5,12,0.867,46.62,489.68,-0.54,0.16,Black,27187.07
86,14,can,OCCLUDED,3,1,0.989,925.95,357.52,-0.03,-0.03,Black,1695.35
87,1,person,VISIBLE,86,0,0.8791,637.13,444.56,-0.43,3.54,Black,100327.32
87,2,person,OCCLUDED,21,65,0.278,1376.88,487.59,0.54,1.41,Black,11727.15
87,3,person,VISIBLE,77,0,0.3057,338.75,358.87,1.25,0.0,Black,4891.81
87,4,person,OCCLUDED,34,38,0.578,211.46,297.39,-0.97,-0.41,Pink,2150.61
87,5,can,VISIBLE,76,0,0.7432,170.09,438.18,-1.27,0.84,Black,40428.81
87,6,person,OCCLUDED,51,13,0.856,1166.0,358.77,1.65,-0.38,Black,5920.44
87,10,person,VISIBLE,34,0,0.3637,472.4,366.65,-0.81,-0.15,Grey,9905.93
87,11,car,VISIBLE,37,0,0.4215,1202.55,363.68,-2.28,0.27,Black,64546.76
87,13,can,OCCLUDED,5,13,0.856,46.09,489.85,-0.54,0.16,Black,27187.07
87,14,can,OCCLUDED,3,2,0.978,925.92,357.49,-0.03,-0.03,Black,1695.35
88,1,person,VISIBLE,87,0,0.8837,636.68,446.94,-0.44,2.72,Black,99938.09
88,2,person,OCCLUDED,21,66,0.267,1377.43,489.0,0.54,1.41,Black,11727.15
88,3,person,VISIBLE,78,0,0.3076,339.86,358.54,1.15,-0.23,Black,4803.27
88,4,person,OCCLUDED,34,39,0.567,210.48,296.97,-0.97,-0.41,Pink,2150.61
88,5,can,VISIBLE,77,0,0.6806,168.64,438.62,-1.4,0.56,Black,40652.24
88,6,person,OCCLUDED,51,14,0.844,1167.66,358.39,1.65,-0.38,Black,5920.44
88,10,person,VISIBLE,35,0,0.3439,471.38,366.11,-0.96,-0.42,Grey,10101.82
88,11,car,VISIBLE,38,0,0.5595,1199.47,363.93,-2.84,0.26,Black,65440.86
88,13,can,OCCLUDED,5,14,0.844,45.55,490.01,-0.54,0.16,Black,27187.07
88,14,can,OCCLUDED,3,3,0.967,925.89,357.47,-0.03,-0.03,Black,1695.35
89,1,person,VISIBLE,88,0,0.8866,636.32,446.5,-0.39,0.51,Black,99399.23
89,2,person,OCCLUDED,21,67,0.256,1377.97,490.41,0.54,1.41,Black,11727.15
89,3,person,VISIBLE,79,0,0.3375,340.64,358.08,0.89,-0.39,Black,4749.04
89,4,person,OCCLUDED,34,40,0.556,209.51,296.56,-0.97,-0.41,Pink,2150.61
89,5,can,VISIBLE,78,0,0.6636,166.9,438.43,-1.64,0.04,Black,41070.44
89,6,person,OCCLUDED,51,15,0.833,1169.31,358.01,1.65,-0.38,Black,5920.44
89,10,person,VISIBLE,36,0,0.3608,470.45,363.61,-0.94,-1.88,Grey,10346.57
89,11,car,VISIBLE,39,0,0.504,1196.94,363.57,-2.62,-0.17,Black,66186.23
89,13,can,OCCLUDED,5,15,0.833,45.02,490.18,-0.54,0.16,Black,27187.07
89,14,can,OCCLUDED,3,4,0.956,925.86,357.44,-0.03,-0.03,Black,1695.35
90,1,person,VISIBLE,89,0,0.8815,636.24,445.21,-0.17,-0.74,Black,99544.77
90,2,person,OCCLUDED,21,68,0.244,1378.52,491.83,0.54,1.41,Black,11727.15
90,3,person,VISIBLE,80,0,0.3268,341.16,357.84,0.63,-0.29,Black,4696.38
90,4,person,OCCLUDED,34,41,0.544,208.54,296.15,-0.97,-0.41,Pink,2150.61
90,5,can,VISIBLE,79,0,0.6359,165.53,438.11,-1.45,-0.21,Black,41498.55
90,6,person,OCCLUDED,51,16,0.822,1170.97,357.63,1.65,-0.38,Black,5920.44
90,10,person,VISIBLE,37,0,0.3378,469.7,361.9,-0.81,-1.76,Grey,10533.84
90,11,car,VISIBLE,40,0,0.4634,1194.67,363.16,-2.37,-0.34,Black,66719.45
90,13,can,OCCLUDED,5,16,0.822,44.48,490.34,-0.54,0.16,Black,27187.07
90,14,can,OCCLUDED,3,5,0.944,925.83,357.42,-0.03,-0.03,Black,1695.35
91,1,person,VISIBLE,90,0,0.8785,636.3,440.12,-0.01,-3.79,Black,99531.67
91,2,person,OCCLUDED,21,69,0.233,1379.06,493.24,0.54,1.41,Black,11727.15
91,3,person,VISIBLE,81,0,0.3137,341.68,357.92,0.55,-0.03,Black,4783.79
91,4,person,OCCLUDED,34,42,0.533,207.57,295.74,-0.97,-0.41,Pink,2150.61
91,5,can,VISIBLE,80,0,0.6797,164.05,437.81,-1.48,-0.28,Black,41862.66
91,6,person,OCCLUDED,51,17,0.811,1172.62,357.26,1.65,-0.38,Black,5920.44
91,10,person,VISIBLE,38,0,0.3458,468.87,360.11,-0.82,-1.78,Grey,10806.42
91,11,car,VISIBLE,41,0,0.5248,1192.34,362.73,-2.35,-0.41,Black,67824.64
91,13,can,OCCLUDED,5,17,0.811,43.95,490.5,-0.54,0.16,Black,27187.07
91,14,can,OCCLUDED,3,6,0.933,925.8,357.39,-0.03,-0.03,Black,1695.35
92,1,person,VISIBLE,91,0,0.8898,636.4,436.12,0.07,-3.94,Black,100045.23
92,2,person,OCCLUDED,21,70,0.222,1379.61,494.66,0.54,1.41,Black,11727.15
92,3,person,VISIBLE,82,0,0.3137,342.39,357.87,0.66,-0.05,Black,4729.34
92,4,person,OCCLUDED,34,43,0.522,206.6,295.33,-0.97,-0.41,Pink,2150.61
92,5,can,VISIBLE,81,0,0.6521,162.02,437.84,-1.86,-0.06,Black,42299.35
92,6,person,OCCLUDED,51,18,0.8,1174.28,356.88,1.65,-0.38,Black,5920.44
92,10,person,VISIBLE,39,0,0.3093,467.8,358.81,-1.0,-1.44,Grey,11028.71
92,11,car,VISIBLE,42,0,0.4714,1189.91,362.52,-2.4,-0.27,Black,68989.5
92,13,can,OCCLUDED,5,18,0.8,43.41,490.67,-0.54,0.16,Black,27187.07
92,14,can,OCCLUDED,3,7,0.922,925.76,357.37,-0.03,-0.03,Black,1695.35
93,1,person,VISIBLE,92,0,0.8916,636.18,434.26,-0.13,-2.48,Black,101945.98
93,2,person,OUT_OF_BOUNDS,21,71,0.211,1380.15,496.07,0.54,1.41,Black,11727.15
93,3,person,VISIBLE,83,0,0.3137,343.1,357.81,0.7,-0.05,Black,4675.16
93,4,person,OCCLUDED,34,44,0.511,205.63,294.91,-0.97,-0.41,Pink,2150.61
93,5,can,VISIBLE,82,0,0.7282,159.89,438.48,-2.05,0.43,Black,42707.29
93,6,person,OCCLUDED,51,19,0.789,1175.93,356.5,1.65,-0.38,Black,5920.44
93,10,person,VISIBLE,40,0,0.3191,466.7,358.48,-1.07,-0.67,Grey,11234.0
93,11,car,VISIBLE,43,0,0.4709,1187.58,362.58,-2.36,-0.04,Black,69975.0
93,13,can,OCCLUDED,5,19,0.789,42.88,490.83,-0.54,0.16,Black,27187.07
93,14,can,OCCLUDED,3,8,0.911,925.73,357.34,-0.03,-0.03,Black,1695.35
94,1,person,VISIBLE,93,0,0.8859,637.17,434.24,0.65,-0.76,Black,104010.47
94,2,person,OUT_OF_BOUNDS,21,72,0.2,1380.69,497.48,0.54,1.41,Black,11727.15
94,3,person,VISIBLE,84,0,0.3205,343.52,358.11,0.5,0.19,Black,4939.16
94,4,person,OCCLUDED,34,45,0.5,204.65,294.5,-0.97,-0.41,Pink,2150.61
94,5,can,VISIBLE,83,0,0.6724,158.02,439.33,-1.92,0.72,Black,43099.36
94,6,person,OCCLUDED,51,20,0.778,1177.59,356.12,1.65,-0.38,Black,5920.44
94,10,person,VISIBLE,41,0,0.3321,465.76,358.83,-0.98,0.05,Grey,11277.83
94,11,car,VISIBLE,44,0,0.4317,1185.21,362.36,-2.36,-0.17,Black,71012.02
94,13,can,OCCLUDED,5,20,0.778,42.34,490.99,-0.54,0.16,Black,27187.07
94,14,can,OCCLUDED,3,9,0.9,925.7,357.32,-0.03,-0.03,Black,1695.35
95,1,person,VISIBLE,94,0,0.8838,638.53,434.86,1.15,0.21,Black,105925.47
95,2,person,OUT_OF_BOUNDS,21,73,0.189,1381.24,498.9,0.54,1.41,Black,11727.15
95,3,person,VISIBLE,85,0,0.3038,343.7,358.25,0.28,0.16,Black,5118.04
95,4,person,OCCLUDED,34,46,0.489,203.68,294.09,-0.97,-0.41,Pink,2150.61
95,5,can,VISIBLE,84,0,0.5672,156.58,440.18,-1.58,0.81,Black,43391.68
95,6,person,OCCLUDED,51,21,0.767,1179.24,355.74,1.65,-0.38,Black,5920.44
95,10,person,VISIBLE,42,0,0.3362,465.25,359.26,-0.65,0.32,Grey,11284.48
95,11,car,VISIBLE,45,0,0.4859,1183.18,362.39,-2.13,-0.03,Black,71611.13
95,13,can,OCCLUDED,5,21,0.767,41.81,491.16,-0.54,0.16,Black,27187.07
95,14,can,OCCLUDED,3,10,0.889,925.67,357.29,-0.03,-0.03,Black,1695.35
96,1,person,VISIBLE,95,0,0.8795,640.19,437.34,1.51,1.8,Black,107776.35
96,2,person,OUT_OF_BOUNDS,21,74,0.178,1381.78,500.31,0.54,1.41,Black,11727.15
96,3,person,VISIBLE,86,0,0.3078,343.75,358.22,0.12,0.02,Black,5238.44
96,4,person,OCCLUDED,34,47,0.478,202.71,293.68,-0.97,-0.41,Pink,2150.61
96,5,can,VISIBLE,85,0,0.4592,154.88,441.53,-1.67,1.19,Black,43644.91
96,6,person,OCCLUDED,51,22,0.756,1180.9,355.36,1.65,-0.38,Black,5920.44
96,10,person,VISIBLE,43,0,0.3552,464.78,360.22,-0.52,0.76,Grey,11210.05
96,11,car,VISIBLE,46,0,0.4856,1181.11,362.87,-2.09,0.32,Black,72023.74
96,13,can,OCCLUDED,5,22,0.756,41.27,491.32,-0.54,0.16,Black,27187.07
96,14,can,OCCLUDED,3,11,0.878,925.64,357.27,-0.03,-0.03,Black,1695.35
97,1,person,VISIBLE,96,0,0.8799,641.12,440.26,1.1,2.58,Black,109629.87
97,2,person,OUT_OF_BOUNDS,21,75,0.167,1382.33,501.73,0.54,1.41,Black,11727.15
97,3,person,VISIBLE,87,0,0.3078,344.14,358.25,0.31,0.03,Black,5322.97
97,4,person,OCCLUDED,34,48,0.467,201.74,293.27,-0.97,-0.41,Pink,2150.61
97,5,can,VISIBLE,86,0,0.5717,152.78,442.62,-1.97,1.12,Black,43991.6
97,6,person,OCCLUDED,51,23,0.744,1182.55,354.98,1.65,-0.38,Black,5920.44
97,10,person,VISIBLE,44,0,0.3501,464.1,360.88,-0.64,0.69,Grey,11101.85
97,11,car,VISIBLE,47,0,0.454,1178.7,363.51,-2.31,0.55,Black,71815.94
97,13,can,OCCLUDED,5,23,0.744,40.74,491.49,-0.54,0.16,Black,27187.07
97,14,can,OCCLUDED,3,12,0.867,925.61,357.24,-0.03,-0.03,Black,1695.35
98,1,person,VISIBLE,97,0,0.8808,641.41,443.54,0.53,3.07,Black,110474.05
98,2,person,OUT_OF_BOUNDS,21,76,0.156,1382.87,503.14,0.54,1.41,Black,11727.15
98,3,person,VISIBLE,88,0,0.3078,344.53,358.29,0.36,0.04,Black,5408.07
98,4,person,OCCLUDED,34,49,0.456,200.77,292.85,-0.97,-0.41,Pink,2150.61
98,5,can,VISIBLE,87,0,0.6141,150.56,443.19,-2.15,0.74,Black,44401.2
98,6,person,OCCLUDED,51,24,0.733,1184.21,354.6,1.65,-0.38,Black,5920.44
98,10,person,VISIBLE,45,0,0.3365,463.86,361.31,-0.36,0.51,Grey,11196.29
98,11,car,VISIBLE,48,0,0.4987,1175.74,364.08,-2.77,0.56,Black,71905.86
98,13,can,OCCLUDED,5,24,0.733,40.2,491.65,-0.54,0.16,Black,27187.07
98,14,can,OCCLUDED,3,13,0.856,925.58,357.22,-0.03,-0.03,Black,1695.35
99,1,person,VISIBLE,98,0,0.879,641.13,447.29,-0.04,3.55,Black,111101.16
99,2,person,OUT_OF_BOUNDS,21,77,0.144,1383.42,504.56,0.54,1.41,Black,11727.15
99,3,person,VISIBLE,89,0,0.3078,344.93,358.34,0.39,0.04,Black,5493.73
99,4,person,OCCLUDED,34,50,0.444,199.79,292.44,-0.97,-0.41,Pink,2150.61
99,5,can,VISIBLE,88,0,0.7076,147.79,444.22,-2.58,0.94,Black,44643.15
99,6,person,OCCLUDED,51,25,0.722,1185.86,354.22,1.65,-0.38,Black,5920.44
99,10,person,VISIBLE,46,0,0.3154,463.52,361.31,-0.34,0.16,Grey,11285.86
99,11,car,VISIBLE,49,0,0.4977,1173.12,364.56,-2.67,0.5,Black,71995.27
99,13,can,OCCLUDED,5,25,0.722,39.67,491.81,-0.54,0.16,Black,27187.07
99,14,can,OCCLUDED,3,14,0.844,925.54,357.19,-0.03,-0.03,Black,1695.35
100,1,person,VISIBLE,99,0,0.8799,640.27,451.52,-0.62,4.03,Black,111679.27
100,2,person,OUT_OF_BOUNDS,21,78,0.133,1383.96,505.97,0.54,1.41,Black,11727.15
100,3,person,VISIBLE,90,0,0.3078,345.31,358.38,0.39,0.04,Black,5579.96
100,4,person,OCCLUDED,34,51,0.433,198.82,292.03,-0.97,-0.41,Pink,2150.61
100,5,can,VISIBLE,89,0,0.6273,144.97,445.17,-2.74,0.95,Black,45138.04
100,6,person,OCCLUDED,51,26,0.711,1187.52,353.84,1.65,-0.38,Black,5920.44
100,10,person,VISIBLE,47,0,0.3202,462.83,361.31,-0.59,0.05,Grey,11409.47
100,11,car,VISIBLE,50,0,0.5599,1170.9,364.33,-2.35,-0.01,Black,73382.98
100,13,can,OCCLUDED,5,26,0.711,39.13,491.98,-0.54,0.16,Black,27187.07
100,14,can,OCCLUDED,3,15,0.833,925.51,357.17,-0.03,-0.03,Black,1695.35
101,1,person,VISIBLE,100,0,0.8823,638.94,454.67,-1.12,3.41,Black,112207.62
101,2,person,OUT_OF_BOUNDS,21,79,0.122,1384.51,507.38,0.54,1.41,Black,11727.15
101,3,person,VISIBLE,91,0,0.3078,345.7,358.41,0.39,0.04,Black,5666.76
101,4,person,OCCLUDED,34,52,0.422,197.85,291.62,-0.97,-0.41,Pink,2150.61
101,5,can,VISIBLE,90,0,0.6891,142.65,446.19,-2.45,0.99,Black,45666.94
101,6,person,OCCLUDED,51,27,0.7,1189.17,353.46,1.65,-0.38,Black,5920.44
101,10,person,VISIBLE,48,0,0.3346,462.31,362.27,-0.54,0.69,Grey,11536.0
101,11,car,VISIBLE,51,0,0.3714,1166.55,364.59,-3.75,0.18,Black,73041.64
101,13,can,OCCLUDED,5,27,0.7,38.6,492.14,-0.54,0.16,Black,27187.07
101,14,can,OCCLUDED,3,16,0.822,925.48,357.14,-0.03,-0.03,Black,1695.35
102,1,person,VISIBLE,101,0,0.8756,637.59,455.36,-1.28,1.51,Black,112251.27
102,2,person,OUT_OF_BOUNDS,21,80,0.111,1385.05,508.8,0.54,1.41,Black,11727.15
102,3,person,VISIBLE,92,0,0.2887,345.58,358.49,0.03,0.06,Black,5740.49
102,4,person,OCCLUDED,34,53,0.411,196.88,291.21,-0.97,-0.41,Pink,2150.61
102,5,can,VISIBLE,91,0,0.6594,140.75,447.0,-2.06,0.87,Black,46181.26
102,6,person,OCCLUDED,51,28,0.689,1190.83,353.09,1.65,-0.38,Black,5920.44
102,10,person,VISIBLE,49,0,0.3608,461.64,364.23,-0.63,1.57,Grey,11456.61
102,11,car,VISIBLE,52,0,0.5161,1161.85,365.16,-4.42,0.46,Black,72271.13
102,13,can,OCCLUDED,5,28,0.689,38.06,492.3,-0.54,0.16,Black,27187.07
102,14,can,OCCLUDED,3,17,0.811,925.45,357.12,-0.03,-0.03,Black,1695.35
102,15,bus,VISIBLE,1,0,0.33,1235.59,269.79,0.0,0.0,Orange,81071.57
103,1,person,VISIBLE,102,0,0.8899,636.32,451.68,-1.27,-2.12,Black,112510.6
103,2,person,OUT_OF_BOUNDS,21,81,0.1,1385.6,510.21,0.54,1.41,Black,11727.15
103,3,person,VISIBLE,93,0,0.2887,345.82,358.54,0.18,0.06,Black,5824.58
103,4,person,OCCLUDED,34,54,0.4,195.91,290.79,-0.97,-0.41,Pink,2150.61
103,5,can,VISIBLE,92,0,0.6185,138.52,447.68,-2.18,0.74,Black,46683.38
103,6,person,OCCLUDED,51,29,0.678,1192.48,352.71,1.65,-0.38,Black,5920.44
103,10,person,VISIBLE,50,0,0.3291,460.53,365.93,-0.96,1.67,Grey,11342.79
103,11,car,VISIBLE,53,0,0.5168,1155.61,365.38,-5.7,0.29,Black,70995.41
103,13,can,OCCLUDED,5,29,0.678,37.53,492.47,-0.54,0.16,Black,27187.07
103,14,can,OCCLUDED,3,18,0.8,925.42,357.09,-0.03,-0.03,Black,1695.35
103,15,bus,VISIBLE,2,0,0.3777,1235.7,269.01,0.1,-0.77,Orange,80626.12
104,1,person,VISIBLE,103,0,0.8882,634.19,446.95,-1.87,-3.95,Black,112457.89
104,2,person,OUT_OF_BOUNDS,21,82,0.089,1386.14,511.63,0.54,1.41,Black,11727.15
104,3,person,OCCLUDED,93,1,0.989,346.01,358.6,0.18,0.06,Black,5824.58
104,4,person,OCCLUDED,34,55,0.389,194.94,290.38,-0.97,-0.41,Pink,2150.61
104,5,can,VISIBLE,93,0,0.6183,136.1,448.07,-2.35,0.49,Black,47163.28
104,6,person,OCCLUDED,51,30,0.667,1194.14,352.33,1.65,-0.38,Black,5920.44
104,10,person,VISIBLE,51,0,0.3291,459.81,366.95,-0.8,1.22,Grey,11340.1
104,11,car,VISIBLE,54,0,0.4976,1148.27,365.15,-6.84,-0.07,Black,69492.44
104,13,can,OCCLUDED,5,30,0.667,36.99,492.63,-0.54,0.16,Black,27187.07
104,14,can,OCCLUDED,3,19,0.789,925.39,357.07,-0.03,-0.03,Black,1695.35
104,15,bus,VISIBLE,3,0,0.3306,1235.72,264.55,0.05,-3.35,Orange,78648.43
104,16,backpack,VISIBLE,1,0,0.2936,454.35,330.48,0.0,0.0,Grey,2886.2
105,1,person,VISIBLE,104,0,0.882,631.88,443.19,-2.18,-3.82,Black,111780.65
105,2,person,OUT_OF_BOUNDS,21,83,0.078,1386.68,513.04,0.54,1.41,Black,11727.15
105,3,person,OCCLUDED,93,2,0.978,346.19,358.66,0.18,0.06,Black,5824.58
105,4,person,OCCLUDED,34,56,0.378,193.96,289.97,-0.97,-0.41,Pink,2150.61
105,5,can,VISIBLE,94,0,0.4431,133.5,447.82,-2.53,-0.03,Black,47935.67
105,6,person,OCCLUDED,51,31,0.656,1195.79,351.95,1.65,-0.38,Black,5920.44
105,10,person,VISIBLE,52,0,0.3291,459.09,367.98,-0.75,1.08,Grey,11335.66
105,11,car,VISIBLE,55,0,0.4336,1140.82,364.95,-7.27,-0.16,Black,68003.06
105,13,can,OCCLUDED,5,31,0.656,36.45,492.8,-0.54,0.16,Black,27187.07
105,14,can,OCCLUDED,3,20,0.778,925.35,357.04,-0.03,-0.03,Black,1695.35
105,15,bus,VISIBLE,4,0,0.3341,1235.41,261.81,-0.2,-2.93,Orange,77694.37
105,16,backpack,VISIBLE,2,0,0.3242,451.75,330.07,-2.6,-0.41,Grey,2840.12
106,1,person,VISIBLE,105,0,0.8844,630.19,441.05,-1.84,-2.64,Black,111292.24
106,2,person,OUT_OF_BOUNDS,21,84,0.067,1387.23,514.45,0.54,1.41,Black,11727.15
106,3,person,OCCLUDED,93,3,0.967,346.37,358.71,0.18,0.06,Black,5824.58
106,4,person,OCCLUDED,34,57,0.367,192.99,289.56,-0.97,-0.41,Pink,2150.61
106,5,can,VISIBLE,95,0,0.4681,130.52,447.6,-2.84,-0.16,Black,48852.65
106,6,person,OCCLUDED,51,32,0.644,1197.45,351.57,1.65,-0.38,Black,5920.44
106,10,person,VISIBLE,53,0,0.3291,458.36,369.0,-0.73,1.04,Grey,11329.45
106,11,car,VISIBLE,56,0,0.4092,1135.94,364.57,-5.59,-0.31,Black,67028.57
106,13,can,OCCLUDED,5,32,0.644,35.92,492.96,-0.54,0.16,Black,27187.07
106,14,can,OCCLUDED,3,21,0.767,925.32,357.02,-0.03,-0.03,Black,1695.35
106,15,bus,VISIBLE,5,0,0.4596,1235.27,259.66,-0.16,-2.38,Orange,76855.18
106,16,backpack,VISIBLE,3,0,0.3529,449.49,330.08,-2.37,-0.11,Grey,2784.46
107,1,person,VISIBLE,106,0,0.888,628.84,441.19,-1.5,-0.7,Black,111529.3
107,2,person,OUT_OF_BOUNDS,21,85,0.056,1387.77,515.87,0.54,1.41,Black,11727.15
107,3,person,OCCLUDED,93,4,0.956,346.56,358.77,0.18,0.06,Black,5824.58
107,4,person,OCCLUDED,34,58,0.356,192.02,289.15,-0.97,-0.41,Pink,2150.61
107,5,can,VISIBLE,96,0,0.687,128.45,447.56,-2.3,-0.08,Black,49080.79
107,6,person,OCCLUDED,51,33,0.633,1199.1,351.19,1.65,-0.38,Black,5920.44
107,10,person,VISIBLE,54,0,0.3291,457.63,370.03,-0.73,1.03,Grey,11321.48
107,11,car,VISIBLE,57,0,0.3983,1130.94,364.37,-5.17,-0.24,Black,65903.41
107,13,can,OCCLUDED,5,33,0.633,35.38,493.12,-0.54,0.16,Black,27187.07
107,14,can,OCCLUDED,3,22,0.756,925.29,356.99,-0.03,-0.03,Black,1695.35
107,15,bus,VISIBLE,6,0,0.2866,1234.87,256.05,-0.33,-3.24,Orange,75350.0
107,16,backpack,VISIBLE,4,0,0.3028,447.02,330.13,-2.43,0.0,Grey,2776.75
108,1,person,VISIBLE,107,0,0.89,628.27,443.42,-0.85,1.36,Black,112264.97
108,2,person,OUT_OF_BOUNDS,21,86,0.044,1388.32,517.28,0.54,1.41,Black,11727.15
108,3,person,OCCLUDED,93,5,0.944,346.74,358.83,0.18,0.06,Black,5824.58
108,4,person,OCCLUDED,34,59,0.344,191.05,288.73,-0.97,-0.41,Pink,2150.61
108,5,can,VISIBLE,97,0,0.5754,126.26,448.04,-2.22,0.31,Black,49399.54
108,6,person,OCCLUDED,51,34,0.622,1200.76,350.81,1.65,-0.38,Black,5920.44
108,10,person,VISIBLE,55,0,0.3291,456.9,371.05,-0.73,1.02,Grey,11311.76
108,11,car,VISIBLE,58,0,0.4143,1125.09,364.34,-5.65,-0.09,Black,64523.23
108,13,can,OCCLUDED,5,34,0.622,34.85,493.29,-0.54,0.16,Black,27187.07
108,14,can,OCCLUDED,3,23,0.744,925.26,356.97,-0.03,-0.03,Black,1695.35
108,15,bus,VISIBLE,7,0,0.3892,1234.62,253.14,-0.27,-3.01,Orange,74051.18
108,16,backpack,VISIBLE,5,0,0.3028,445.29,330.14,-1.94,0.01,Grey,2744.3
109,1,person,VISIBLE,108,0,0.898,628.58,446.0,-0.04,2.21,Black,113614.3
109,2,person,OUT_OF_BOUNDS,21,87,0.033,1388.86,518.7,0.54,1.41,Black,11727.15
109,3,person,OCCLUDED,93,6,0.933,346.92,358.89,0.18,0.06,Black,5824.58
109,4,person,OCCLUDED,34,60,0.333,190.08,288.32,-0.97,-0.41,Pink,2150.61
109,5,can,VISIBLE,98,0,0.612,123.99,449.2,-2.25,0.9,Black,49689.08
109,6,person,OCCLUDED,51,35,0.611,1202.41,350.43,1.65,-0.38,Black,5920.44
109,10,person,OCCLUDED,55,1,0.989,456.18,372.07,-0.73,1.02,Grey,11311.76
109,11,car,VISIBLE,59,0,0.4181,1119.58,364.53,-5.56,0.11,Black,63234.77
109,13,can,OCCLUDED,5,35,0.611,34.31,493.45,-0.54,0.16,Black,27187.07
109,14,can,OCCLUDED,3,24,0.733,925.23,356.94,-0.03,-0.03,Black,1695.35
109,15,bus,VISIBLE,8,0,0.5922,1234.55,249.43,-0.14,-3.51,Orange,72235.49
109,16,backpack,VISIBLE,6,0,0.3028,443.56,330.15,-1.8,0.01,Grey,2712.02
110,1,person,VISIBLE,109,0,0.9061,629.86,448.19,0.88,2.2,Black,114785.6
110,2,person,OUT_OF_BOUNDS,21,88,0.022,1389.41,520.11,0.54,1.41,Black,11727.15
110,3,person,OCCLUDED,93,7,0.922,347.1,358.94,0.18,0.06,Black,5824.58
110,4,person,OCCLUDED,34,61,0.322,189.11,287.91,-0.97,-0.41,Pink,2150.61
110,5,can,VISIBLE,99,0,0.7051,122.31,450.23,-1.85,1.0,Black,50205.24
110,6,person,OCCLUDED,51,36,0.6,1204.07,350.05,1.65,-0.38,Black,5920.44
110,10,person,OCCLUDED,55,2,0.978,455.45,373.1,-0.73,1.02,Grey,11311.76
110,11,car,VISIBLE,60,0,0.4595,1114.18,364.77,-5.44,0.2,Black,62643.54
110,13,can,OCCLUDED,5,36,0.6,33.78,493.61,-0.54,0.16,Black,27187.07
110,14,can,OCCLUDED,3,25,0.722,925.2,356.92,-0.03,-0.03,Black,1695.35
110,15,bus,VISIBLE,9,0,0.6455,1234.36,246.69,-0.17,-2.97,Orange,71082.47
110,16,backpack,VISIBLE,7,0,0.3028,441.82,330.17,-1.75,0.01,Grey,2679.92
111,1,person,VISIBLE,110,0,0.904,632.16,448.69,1.88,1.01,Black,116137.37
111,2,person,OUT_OF_BOUNDS,21,89,0.011,1389.95,521.53,0.54,1.41,Black,11727.15
111,3,person,OCCLUDED,93,8,0.911,347.29,359.0,0.18,0.06,Black,5824.58
111,4,person,OCCLUDED,34,62,0.311,188.13,287.5,-0.97,-0.41,Pink,2150.61
111,5,can,VISIBLE,100,0,0.6767,121.13,451.15,-1.38,0.95,Black,50534.9
111,6,person,VISIBLE,52,0,0.2931,1346.74,374.63,4.32,0.09,Black,3433.59
111,10,person,OCCLUDED,55,3,0.967,454.72,374.12,-0.73,1.02,Grey,11311.76
111,11,car,VISIBLE,61,0,0.4353,1109.45,364.81,-4.94,0.09,Black,62322.34
111,13,can,OCCLUDED,5,37,0.589,33.24,493.78,-0.54,0.16,Black,27187.07
111,14,can,OCCLUDED,3,26,0.711,925.17,356.89,-0.03,-0.03,Black,1695.35
111,15,bus,VISIBLE,10,0,0.5414,1233.93,244.62,-0.35,-2.34,Orange,70396.66
111,16,backpack,VISIBLE,8,0,0.3028,440.09,330.18,-1.74,0.01,Grey,2647.98
112,1,person,VISIBLE,111,0,0.9029,635.04,447.17,2.58,-0.77,Black,118105.67
112,2,person,OUT_OF_BOUNDS,21,90,0.0,1390.5,522.94,0.54,1.41,Black,11727.15
112,3,person,OCCLUDED,93,9,0.9,347.47,359.06,0.18,0.06,Black,5824.58
112,4,person,OCCLUDED,34,63,0.3,187.16,287.09,-0.97,-0.41,Pink,2150.61
112,5,can,VISIBLE,101,0,0.6758,119.87,451.83,-1.3,0.76,Black,50965.27
112,6,person,VISIBLE,53,0,0.3142,1346.86,374.33,1.37,-0.19,Black,3429.12
112,10,person,OCCLUDED,55,4,0.956,453.99,375.15,-0.73,1.02,Grey,11311.76
112,11,car,VISIBLE,62,0,0.3438,1104.6,364.42,-4.88,-0.25,Black,61666.41
112,13,can,OCCLUDED,5,38,0.578,32.71,493.94,-0.54,0.16,Black,27187.07
112,14,can,OCCLUDED,3,27,0.7,925.13,356.87,-0.03,-0.03,Black,1695.35
112,15,bus,VISIBLE,11,0,0.4615,1233.65,242.55,-0.3,-2.14,Orange,69646.38
112,16,backpack,VISIBLE,9,0,0.3028,438.36,330.19,-1.73,0.01,Grey,2616.22
113,1,person,VISIBLE,112,0,0.8979,637.97,445.15,2.82,-1.64,Black,120733.57
113,2,person,OUT_OF_BOUNDS,21,91,0.0,1391.04,524.35,0.54,1.41,Black,11727.15
113,3,person,OCCLUDED,93,10,0.889,347.65,359.12,0.18,0.06,Black,5824.58
113,4,person,OCCLUDED,34,64,0.289,186.19,286.67,-0.97,-0.41,Pink,2150.61
113,5,can,VISIBLE,102,0,0.5577,118.25,452.12,-1.53,0.42,Black,51416.67
113,6,person,VISIBLE,54,0,0.3225,1347.12,374.05,0.59,-0.25,Black,3389.35
113,10,person,OCCLUDED,55,5,0.944,453.26,376.17,-0.73,1.02,Grey,11311.76
113,11,car,VISIBLE,63,0,0.381,1099.25,364.34,-5.21,-0.13,Black,60881.25
113,13,can,OCCLUDED,5,39,0.567,32.17,494.11,-0.54,0.16,Black,27187.07
113,14,can,OCCLUDED,3,28,0.689,925.1,356.84,-0.03,-0.03,Black,1695.35
113,15,bus,VISIBLE,12,0,0.3804,1232.73,241.79,-0.74,-1.18,Orange,69798.94
113,16,backpack,OCCLUDED,9,1,0.989,436.62,330.21,-1.73,0.01,Grey,2616.22
114,1,person,VISIBLE,113,0,0.8959,639.58,443.02,1.97,-1.99,Black,122573.83
114,2,person,OUT_OF_BOUNDS,21,92,0.0,1391.59,525.77,0.54,1.41,Black,11727.15
114,3,person,OCCLUDED,93,11,0.878,347.84,359.17,0.18,0.06,Black,5824.58
114,4,person,OCCLUDED,34,65,0.278,185.22,286.26,-0.97,-0.41,Pink,2150.61
114,5,can,VISIBLE,103,0,0.6538,116.87,452.04,-1.42,0.07,Black,51681.17
114,6,person,VISIBLE,55,0,0.3391,1347.47,373.35,0.42,-0.56,Black,3354.35
114,10,person,OCCLUDED,55,6,0.933,452.53,377.19,-0.73,1.02,Grey,11311.76
114,11,car,VISIBLE,64,0,0.3613,1092.92,364.36,-5.99,-0.03,Black,59213.58
114,13,can,OCCLUDED,5,40,0.556,31.64,494.27,-0.54,0.16,Black,27187.07
114,14,can,OCCLUDED,3,29,0.678,925.07,356.82,-0.03,-0.03,Black,1695.35
114,15,bus,VISIBLE,13,0,0.3804,1232.3,239.75,-0.53,-1.78,Orange,69082.62
114,16,backpack,OCCLUDED,9,2,0.978,434.89,330.22,-1.73,0.01,Grey,2616.22
115,1,person,VISIBLE,114,0,0.8985,639.66,441.8,0.65,-1.45,Black,123478.23
115,2,person,OUT_OF_BOUNDS,21,93,0.0,1392.13,527.18,0.54,1.41,Black,11727.15
115,3,person,VISIBLE,94,0,0.3408,776.0,370.98,25.15,0.74,Orange,4642.08
115,4,person,OCCLUDED,34,66,0.267,184.25,285.85,-0.97,-0.41,Pink,2150.61
115,5,can,VISIBLE,104,0,0.5675,115.2,451.7,-1.6,-0.21,Black,51919.81
115,6,person,VISIBLE,56,0,0.3391,1347.66,373.0,0.26,-0.42,Black,3330.35
115,10,person,OCCLUDED,55,7,0.922,451.8,378.22,-0.73,1.02,Grey,11311.76
115,11,car,VISIBLE,65,0,0.3938,1086.51,362.61,-6.28,-1.23,Black,59147.92
115,13,can,OCCLUDED,5,41,0.544,31.1,494.43,-0.54,0.16,Black,27187.07
115,14,can,OCCLUDED,3,30,0.667,925.04,356.79,-0.03,-0.03,Black,1695.35
115,15,bus,VISIBLE,14,0,0.2934,1232.91,242.93,0.28,1.69,Orange,70341.44
115,16,backpack,OCCLUDED,9,3,0.967,433.15,330.24,-1.73,0.01,Grey,2616.22
116,1,person,VISIBLE,115,0,0.9,638.9,441.37,-0.34,-0.74,Black,124531.14
116,2,person,OUT_OF_BOUNDS,21,94,0.0,1392.68,528.6,0.54,1.41,Black,11727.15
116,3,person,VISIBLE,95,0,0.3469,775.77,371.48,7.38,0.57,Orange,4637.46
116,4,person,OCCLUDED,34,67,0.256,183.27,285.44,-0.97,-0.41,Pink,2150.61
116,5,can,VISIBLE,105,0,0.6986,113.36,451.16,-1.76,-0.44,Black,52140.41
116,6,person,VISIBLE,57,0,0.3391,1347.86,372.64,0.22,-0.37,Black,3305.45
116,10,person,OCCLUDED,55,8,0.911,451.07,379.24,-0.73,1.02,Grey,11311.76
116,11,car,VISIBLE,66,0,0.3677,1081.0,362.88,-5.74,-0.18,Black,57693.02
116,13,can,OCCLUDED,5,42,0.533,30.57,494.6,-0.54,0.16,Black,27187.07
116,14,can,OCCLUDED,3,31,0.656,925.01,356.77,-0.03,-0.03,Black,1695.35
116,15,bus,VISIBLE,15,0,0.2934,1232.76,242.28,-0.03,0.06,Orange,70151.64
116,16,backpack,OCCLUDED,9,4,0.956,431.42,330.25,-1.73,0.01,Grey,2616.22
117,1,person,VISIBLE,116,0,0.8966,637.86,441.29,-0.83,-0.27,Black,125366.39
117,2,person,OUT_OF_BOUNDS,21,95,0.0,1393.22,530.01,0.54,1.41,Black,11727.15
117,3,person,VISIBLE,96,0,0.4111,775.62,371.94,2.11,0.49,Orange,4602.77
117,4,person,OCCLUDED,34,68,0.244,182.3,285.03,-0.97,-0.41,Pink,2150.61
117,5,can,VISIBLE,106,0,0.6416,111.7,451.07,-1.69,-0.2,Black,51871.84
117,6,person,VISIBLE,58,0,0.3391,1348.05,372.3,0.2,-0.36,Black,3279.66
117,10,person,OCCLUDED,55,9,0.9,450.34,380.26,-0.73,1.02,Grey,11311.76
117,11,car,VISIBLE,67,0,0.356,1076.4,362.7,-4.94,-0.17,Black,56601.7
117,13,can,OCCLUDED,5,43,0.522,30.03,494.76,-0.54,0.16,Black,27187.07
117,14,can,OCCLUDED,3,32,0.644,924.98,356.74,-0.03,-0.03,Black,1695.35
117,15,bus,VISIBLE,16,0,0.2934,1232.61,241.62,-0.12,-0.44,Orange,69961.25
117,16,backpack,OCCLUDED,9,5,0.944,429.69,330.26,-1.73,0.01,Grey,2616.22
118,1,person,VISIBLE,117,0,0.898,636.78,441.41,-1.0,0.0,Black,126162.19
118,2,person,OUT_OF_BOUNDS,21,96,0.0,1393.76,531.42,0.54,1.41,Black,11727.15
118,3,person,VISIBLE,97,0,0.451,775.42,372.26,0.49,0.38,Orange,4555.45
118,4,person,OCCLUDED,34,69,0.233,181.33,284.62,-0.97,-0.41,Pink,2150.61
118,5,can,VISIBLE,107,0,0.6558,110.03,452.0,-1.68,0.59,Black,51544.27
118,6,person,VISIBLE,59,0,0.3391,1348.24,371.94,0.2,-0.36,Black,3252.97
118,10,person,OCCLUDED,55,10,0.889,449.61,381.29,-0.73,1.02,Grey,11311.76
118,11,car,VISIBLE,68,0,0.3587,1072.18,363.21,-4.44,0.3,Black,55402.19
118,13,can,OCCLUDED,5,44,0.511,29.5,494.92,-0.54,0.16,Black,27187.07
118,14,can,OCCLUDED,3,33,0.633,924.95,356.72,-0.03,-0.03,Black,1695.35
118,15,bus,VISIBLE,17,0,0.2934,1232.45,240.98,-0.14,-0.58,Orange,69770.27
118,16,backpack,OCCLUDED,9,6,0.933,427.95,330.28,-1.73,0.01,Grey,2616.22
119,1,person,VISIBLE,118,0,0.9021,635.88,442.3,-0.93,0.62,Black,127115.11
119,2,person,OUT_OF_BOUNDS,21,97,0.0,1394.31,532.84,0.54,1.41,Black,11727.15
119,3,person,VISIBLE,98,0,0.4753,775.31,372.57,0.07,0.33,Orange,4491.7
119,4,person,OCCLUDED,34,70,0.222,180.36,284.2,-0.97,-0.41,Pink,2150.61
119,5,can,VISIBLE,108,0,0.4872,108.62,453.01,-1.49,0.89,Black,51104.78
119,6,person,VISIBLE,60,0,0.3391,1348.44,371.59,0.2,-0.35,Black,3225.39
119,10,person,OCCLUDED,55,11,0.878,448.89,382.31,-0.73,1.02,Grey,11311.76
119,11,car,VISIBLE,69,0,0.4398,1067.56,363.88,-4.57,0.56,Black,54309.33
119,13,can,OCCLUDED,5,45,0.5,28.96,495.09,-0.54,0.16,Black,27187.07
119,14,can,OCCLUDED,3,34,0.622,924.91,356.69,-0.03,-0.03,Black,1695.35
119,15,bus,VISIBLE,18,0,0.2934,1232.3,240.32,-0.15,-0.63,Orange,69578.72
119,16,backpack,OCCLUDED,9,7,0.922,426.22,330.29,-1.73,0.01,Grey,2616.22
120,1,person,VISIBLE,119,0,0.9054,634.5,442.99,-1.24,0.67,Black,128112.25
120,2,person,OUT_OF_BOUNDS,21,98,0.0,1394.85,534.25,0.54,1.41,Black,11727.15
120,3,person,VISIBLE,99,0,0.4534,775.28,372.86,-0.0,0.3,Orange,4482.53
120,4,person,OCCLUDED,34,71,0.211,179.39,283.79,-0.97,-0.41,Pink,2150.61
120,5,can,VISIBLE,109,0,0.4204,107.44,454.31,-1.27,1.17,Black,50758.8
120,6,person,OCCLUDED,60,1,0.989,1348.64,371.24,0.2,-0.35,Black,3225.39
120,10,person,OCCLUDED,55,12,0.867,448.16,383.34,-0.73,1.02,Grey,11311.76
120,11,car,VISIBLE,70,0,0.3843,1062.62,364.5,-4.83,0.61,Black,53502.34
120,13,can,OCCLUDED,5,46,0.489,28.43,495.25,-0.54,0.16,Black,27187.07
120,14,can,OCCLUDED,3,35,0.611,924.88,356.67,-0.03,-0.03,Black,1695.35
120,15,bus,VISIBLE,19,0,0.2934,1232.15,239.68,-0.15,-0.64,Orange,69386.58
120,16,backpack,OCCLUDED,9,8,0.911,424.48,330.31,-1.73,0.01,Grey,2616.22
121,1,person,VISIBLE,120,0,0.904,631.88,442.94,-2.21,0.17,Black,128594.56
121,2,person,OUT_OF_BOUNDS,21,99,0.0,1395.4,535.67,0.54,1.41,Black,11727.15
121,3,person,VISIBLE,100,0,0.4537,775.17,372.98,-0.07,0.18,Orange,4440.47
121,4,person,OCCLUDED,34,72,0.2,178.42,283.38,-0.97,-0.41,Pink,2150.61
121,5,can,VISIBLE,110,0,0.4778,106.22,455.99,-1.24,1.53,Black,50249.95
121,6,person,OCCLUDED,60,2,0.978,1348.83,370.89,0.2,-0.35,Black,3225.39
121,10,person,OCCLUDED,55,13,0.856,447.43,384.36,-0.73,1.02,Grey,11311.76
121,11,car,VISIBLE,71,0,0.3793,1057.69,364.5,-4.9,0.18,Black,52824.3
121,13,can,OCCLUDED,5,47,0.478,27.89,495.42,-0.54,0.16,Black,27187.07
121,14,can,OCCLUDED,3,36,0.6,924.85,356.64,-0.03,-0.03,Black,1695.35
121,15,bus,OCCLUDED,19,1,0.989,1232.0,239.04,-0.15,-0.64,Orange,69386.58
121,16,backpack,OCCLUDED,9,9,0.9,422.75,330.32,-1.73,0.01,Grey,2616.22
122,1,person,VISIBLE,121,0,0.8931,628.78,442.14,-2.83,-0.51,Black,128391.22
122,2,person,OUT_OF_BOUNDS,21,100,0.0,1395.94,537.08,0.54,1.41,Black,11727.15
122,3,person,VISIBLE,101,0,0.4157,775.11,372.91,-0.07,0.0,Orange,4437.48
122,4,person,OCCLUDED,34,73,0.189,177.44,282.97,-0.97,-0.41,Pink,2150.61
122,5,can,VISIBLE,111,0,0.3512,104.85,456.65,-1.33,0.93,Black,49574.7
122,6,person,OCCLUDED,60,3,0.967,1349.03,370.54,0.2,-0.35,Black,3225.39
122,10,person,OCCLUDED,55,14,0.844,446.7,385.38,-0.73,1.02,Grey,11311.76
122,11,car,VISIBLE,72,0,0.4121,1052.81,363.27,-4.89,-0.81,Black,52925.02
122,13,can,OCCLUDED,5,48,0.467,27.36,495.58,-0.54,0.16,Black,27187.07
122,14,can,OCCLUDED,3,37,0.589,924.82,356.62,-0.03,-0.03,Black,1695.35
122,15,bus,OCCLUDED,19,2,0.978,1231.85,238.4,-0.15,-0.64,Orange,69386.58
122,16,backpack,OCCLUDED,9,10,0.889,421.02,330.33,-1.73,0.01,Grey,2616.22
123,1,person,VISIBLE,122,0,0.8877,625.99,441.23,-2.8,-0.79,Black,128031.41
123,2,person,OUT_OF_BOUNDS,21,101,0.0,1396.49,538.5,0.54,1.41,Black,11727.15
123,3,person,VISIBLE,102,0,0.3547,774.81,372.67,-0.23,-0.17,Orange,4435.19
123,4,person,OCCLUDED,34,74,0.178,176.47,282.56,-0.97,-0.41,Pink,2150.61
123,5,can,VISIBLE,112,0,0.4287,103.58,455.89,-1.29,-0.26,Black,49257.35
123,6,person,OCCLUDED,60,4,0.956,1349.22,370.18,0.2,-0.35,Black,3225.39
123,10,person,OCCLUDED,55,15,0.833,445.97,386.41,-0.73,1.02,Grey,11311.76
123,11,car,VISIBLE,73,0,0.4284,1047.89,363.26,-4.91,-0.25,Black,52256.88
123,13,can,OCCLUDED,5,49,0.456,26.82,495.74,-0.54,0.16,Black,27187.07
123,14,can,OCCLUDED,3,38,0.578,924.79,356.59,-0.03,-0.03,Black,1695.35
123,15,bus,OCCLUDED,19,3,0.967,1231.7,237.76,-0.15,-0.64,Orange,69386.58
123,16,backpack,OCCLUDED,9,11,0.878,419.28,330.35,-1.73,0.01,Grey,2616.22
124,1,person,VISIBLE,123,0,0.886,624.32,440.61,-2.01,-0.67,Black,127825.38
124,2,person,OUT_OF_BOUNDS,21,102,0.0,1397.03,539.91,0.54,1.41,Black,11727.15
124,3,person,VISIBLE,103,0,0.3537,774.56,372.29,-0.25,-0.31,Orange,4436.21
124,4,person,OCCLUDED,34,75,0.167,175.5,282.14,-0.97,-0.41,Pink,2150.61
124,5,can,VISIBLE,113,0,0.481,102.32,455.46,-1.27,-0.38,Black,48679.3
124,6,person,OCCLUDED,60,5,0.944,1349.42,369.83,0.2,-0.35,Black,3225.39
124,10,person,OCCLUDED,55,16,0.822,445.24,387.43,-0.73,1.02,Grey,11311.76
124,11,car,VISIBLE,74,0,0.4378,1042.75,363.68,-5.07,0.22,Black,51300.61
124,13,can,OCCLUDED,5,50,0.444,26.29,495.91,-0.54,0.16,Black,27187.07
124,14,can,OCCLUDED,3,39,0.567,924.76,356.57,-0.03,-0.03,Black,1695.35
124,15,bus,OCCLUDED,19,4,0.956,1231.55,237.11,-0.15,-0.64,Orange,69386.58
124,16,backpack,OCCLUDED,9,12,0.867,417.55,330.36,-1.73,0.01,Grey,2616.22
125,1,person,VISIBLE,124,0,0.887,623.32,440.86,-1.31,-0.02,Black,126860.31
125,2,person,OUT_OF_BOUNDS,21,103,0.0,1397.58,541.32,0.54,1.41,Black,11727.15
125,3,person,VISIBLE,104,0,0.395,774.12,371.95,-0.38,-0.33,Blue,4439.36
125,4,person,OCCLUDED,34,76,0.156,174.53,281.73,-0.97,-0.41,Pink,2150.61
125,5,can,VISIBLE,114,0,0.5157,101.12,455.19,-1.22,-0.31,Black,48245.57
125,6,person,VISIBLE,61,0,0.3416,1208.97,364.39,-16.21,-0.95,Black,4994.37
125,10,person,OCCLUDED,55,17,0.811,444.51,388.45,-0.73,1.02,Grey,11311.76
125,11,car,VISIBLE,75,0,0.4492,1038.05,363.67,-4.81,0.06,Black,50704.56
125,13,can,OCCLUDED,5,51,0.433,25.75,496.07,-0.54,0.16,Black,27187.07
125,14,can,OCCLUDED,3,40,0.556,924.72,356.54,-0.03,-0.03,Black,1695.35
125,15,bus,OCCLUDED,19,5,0.944,1231.4,236.47,-0.15,-0.64,Orange,69386.58
125,16,backpack,OCCLUDED,9,13,0.856,415.81,330.37,-1.73,0.01,Grey,2616.22
126,1,person,VISIBLE,125,0,0.897,624.06,440.92,0.13,0.03,Black,126423.57
126,2,person,OUT_OF_BOUNDS,21,104,0.0,1398.12,542.74,0.54,1.41,Black,11727.15
126,3,person,VISIBLE,105,0,0.4539,773.69,371.76,-0.42,-0.23,Blue,4446.89
126,4,person,OCCLUDED,34,77,0.144,173.56,281.32,-0.97,-0.41,Pink,2150.61
126,5,can,VISIBLE,115,0,0.3827,100.61,455.4,-0.72,0.06,Black,48179.84
126,6,person,VISIBLE,62,0,0.3416,1208.82,364.4,-4.97,-0.27,Black,5016.58
126,10,person,OCCLUDED,55,18,0.8,443.78,389.48,-0.73,1.02,Grey,11311.76
126,11,car,VISIBLE,76,0,0.4107,1033.89,363.87,-4.35,0.15,Black,49829.2
126,13,can,OCCLUDED,5,52,0.422,25.22,496.23,-0.54,0.16,Black,27187.07
126,14,can,OCCLUDED,3,41,0.544,924.69,356.52,-0.03,-0.03,Black,1695.35
126,15,bus,OCCLUDED,19,6,0.933,1231.25,235.83,-0.15,-0.64,Orange,69386.58
126,16,backpack,OCCLUDED,9,14,0.844,414.08,330.39,-1.73,0.01,Grey,2616.22
127,1,person,VISIBLE,126,0,0.9094,627.25,441.2,2.28,0.21,Black,127152.65
127,2,person,OUT_OF_BOUNDS,21,105,0.0,1398.67,544.15,0.54,1.41,Black,11727.15
127,3,person,VISIBLE,106,0,0.4817,773.2,371.9,-0.46,0.03,Blue,4390.36
127,4,person,OCCLUDED,34,78,0.133,172.58,280.91,-0.97,-0.41,Pink,2150.61
127,5,can,VISIBLE,116,0,0.3827,99.51,455.51,-0.98,0.1,Black,47838.23
127,6,person,VISIBLE,63,0,0.3416,1208.66,364.42,-1.6,-0.07,Black,5038.81
127,10,person,OCCLUDED,55,19,0.789,443.05,390.5,-0.73,1.02,Grey,11311.76
127,11,car,VISIBLE,77,0,0.4457,1029.49,363.92,-4.38,0.08,Black,49222.33
127,13,can,OCCLUDED,5,53,0.411,24.68,496.4,-0.54,0.16,Black,27187.07
127,14,can,OCCLUDED,3,42,0.533,924.66,356.49,-0.03,-0.03,Black,1695.35
127,15,bus,OCCLUDED,19,7,0.922,1231.1,235.19,-0.15,-0.64,Orange,69386.58
127,16,backpack,OCCLUDED,9,15,0.833,412.35,330.4,-1.73,0.01,Grey,2616.22
128,1,person,VISIBLE,127,0,0.9094,631.06,441.43,3.34,0.22,Black,128039.91
128,2,person,OUT_OF_BOUNDS,21,106,0.0,1399.21,545.57,0.54,1.41,Black,11727.15
128,3,person,VISIBLE,107,0,0.4635,772.94,372.2,-0.32,0.22,Blue,4355.51
128,4,person,OCCLUDED,34,79,0.122,171.61,280.5,-0.97,-0.41,Pink,2150.61
128,5,can,VISIBLE,117,0,0.3531,98.81,457.06,-0.79,1.11,Black,47759.06
128,6,person,OCCLUDED,63,1,0.989,1207.07,364.35,-1.6,-0.07,Black,5038.81
128,10,person,OCCLUDED,55,20,0.778,442.32,391.53,-0.73,1.02,Grey,11311.76
128,11,car,VISIBLE,78,0,0.4506,1024.98,364.04,-4.47,0.11,Black,48594.47
128,13,can,OCCLUDED,5,54,0.4,24.15,496.56,-0.54,0.16,Black,27187.07
128,14,can,OCCLUDED,3,43,0.522,924.63,356.47,-0.03,-0.03,Black,1695.35
128,15,bus,OCCLUDED,19,8,0.911,1230.95,234.55,-0.15,-0.64,Orange,69386.58
128,16,backpack,OCCLUDED,9,16,0.822,410.61,330.42,-1.73,0.01,Grey,2616.22
129,1,person,VISIBLE,128,0,0.8973,634.73,440.74,3.58,-0.41,Black,129349.8
129,2,person,OUT_OF_BOUNDS,21,107,0.0,1399.75,546.98,0.54,1.41,Black,11727.15
129,3,person,VISIBLE,108,0,0.4834,772.93,372.31,-0.1,0.14,Blue,4430.61
129,4,person,OCCLUDED,34,80,0.111,170.64,280.08,-0.97,-0.41,Pink,2150.61
129,5,can,VISIBLE,118,0,0.3531,97.83,457.56,-0.93,0.68,Black,47478.97
129,6,person,OCCLUDED,63,2,0.978,1205.47,364.28,-1.6,-0.07,Black,5038.81
129,10,person,VISIBLE,56,0,0.3465,469.36,359.66,0.2,-0.07,Black,4768.76
129,11,car,VISIBLE,79,0,0.437,1020.57,364.28,-4.43,0.2,Black,47891.41
129,13,can,OCCLUDED,5,55,0.389,23.61,496.73,-0.54,0.16,Black,27187.07
129,14,can,OCCLUDED,3,44,0.511,924.6,356.44,-0.03,-0.03,Black,1695.35
129,15,bus,OCCLUDED,19,9,0.9,1230.8,233.91,-0.15,-0.64,Orange,69386.58
129,16,backpack,OCCLUDED,9,17,0.811,408.88,330.43,-1.73,0.01,Grey,2616.22
130,1,person,VISIBLE,129,0,0.8942,638.21,439.56,3.51,-0.96,Black,131183.72
130,2,person,OUT_OF_BOUNDS,21,108,0.0,1400.3,548.39,0.54,1.41,Black,11727.15
130,3,person,VISIBLE,109,0,0.4771,773.12,372.28,0.09,0.02,Blue,4533.78
130,4,person,OCCLUDED,34,81,0.1,169.67,279.67,-0.97,-0.41,Pink,2150.61
130,5,can,VISIBLE,119,0,0.3048,97.4,458.25,-0.58,0.68,Black,47734.19
130,6,person,OCCLUDED,63,3,0.967,1203.87,364.21,-1.6,-0.07,Black,5038.81
130,10,person,VISIBLE,57,0,0.3058,469.37,358.87,0.07,-0.58,Black,4672.31
130,11,car,VISIBLE,80,0,0.4694,1017.21,364.06,-3.68,-0.09,Black,47462.99
130,13,can,OCCLUDED,5,56,0.378,23.08,496.89,-0.54,0.16,Black,27187.07
130,14,can,OCCLUDED,3,45,0.5,924.57,356.42,-0.03,-0.03,Black,1695.35
130,15,bus,OCCLUDED,19,10,0.889,1230.65,233.26,-0.15,-0.64,Orange,69386.58
130,16,backpack,OCCLUDED,9,18,0.8,407.14,330.44,-1.73,0.01,Grey,2616.22
131,1,person,VISIBLE,130,0,0.8964,641.5,437.94,3.36,-1.41,Black,134065.35
131,2,person,OUT_OF_BOUNDS,21,109,0.0,1400.84,549.81,0.54,1.41,Black,11727.15
131,3,person,VISIBLE,110,0,0.4733,773.75,372.23,0.48,-0.03,Blue,4688.29
131,4,person,OCCLUDED,34,82,0.089,168.7,279.26,-0.97,-0.41,Pink,2150.61
131,5,can,VISIBLE,120,0,0.3048,96.56,458.79,-0.76,0.59,Black,47586.96
131,6,person,OCCLUDED,63,4,0.956,1202.27,364.13,-1.6,-0.07,Black,5038.81
131,10,person,VISIBLE,58,0,0.3043,469.44,358.47,0.07,-0.45,Black,4549.04
131,11,car,VISIBLE,81,0,0.4002,1013.71,363.81,-3.55,-0.2,Black,46864.08
131,13,can,OCCLUDED,5,57,0.367,22.54,497.05,-0.54,0.16,Black,27187.07
131,14,can,OCCLUDED,3,46,0.489,924.54,356.39,-0.03,-0.03,Black,1695.35
131,15,bus,OCCLUDED,19,11,0.878,1230.5,232.62,-0.15,-0.64,Orange,69386.58
131,16,backpack,OCCLUDED,9,19,0.789,405.41,330.46,-1.73,0.01,Grey,2616.22
132,1,person,VISIBLE,131,0,0.899,644.46,436.44,3.07,-1.48,Black,136825.19
132,2,person,OUT_OF_BOUNDS,21,110,0.0,1401.39,551.22,0.54,1.41,Black,11727.15
132,3,person,VISIBLE,111,0,0.4716,774.5,372.24,0.66,-0.0,Blue,4776.34
132,4,person,OCCLUDED,34,83,0.078,167.73,278.85,-0.97,-0.41,Pink,2150.61
132,5,can,VISIBLE,121,0,0.4119,95.96,459.23,-0.65,0.48,Black,47616.03
132,6,person,OCCLUDED,63,5,0.944,1200.67,364.06,-1.6,-0.07,Black,5038.81
132,10,person,VISIBLE,59,0,0.3481,469.52,358.16,0.08,-0.35,Black,4387.94
132,11,car,VISIBLE,82,0,0.4004,1009.6,363.76,-3.94,-0.1,Black,46393.07
132,13,can,OCCLUDED,5,58,0.356,22.01,497.22,-0.54,0.16,Black,27187.07
132,14,can,OCCLUDED,3,47,0.478,924.5,356.37,-0.03,-0.03,Black,1695.35
132,15,bus,OCCLUDED,19,12,0.867,1230.35,231.98,-0.15,-0.64,Orange,69386.58
132,16,backpack,OCCLUDED,9,20,0.778,403.68,330.47,-1.73,0.01,Grey,2616.22
133,1,person,VISIBLE,132,0,0.9009,646.44,435.62,2.31,-1.02,Black,139015.03
133,2,person,OUT_OF_BOUNDS,21,111,0.0,1401.93,552.64,0.54,1.41,Black,11727.15
133,3,person,VISIBLE,112,0,0.4875,775.08,372.22,0.6,-0.02,Blue,4832.12
133,4,person,OCCLUDED,34,84,0.067,166.75,278.44,-0.97,-0.41,Pink,2150.61
133,5,can,VISIBLE,122,0,0.3575,94.84,459.88,-0.98,0.6,Black,47126.62
133,6,person,OCCLUDED,63,6,0.933,1199.07,363.99,-1.6,-0.07,Black,5038.81
133,10,person,VISIBLE,60,0,0.3368,469.72,358.04,0.16,-0.19,Black,4250.47
133,11,car,VISIBLE,83,0,0.3882,1006.55,363.6,-3.32,-0.14,Black,45935.45
133,13,can,OCCLUDED,5,59,0.344,21.47,497.38,-0.54,0.16,Black,27187.07
133,14,can,OCCLUDED,3,48,0.467,924.47,356.34,-0.03,-0.03,Black,1695.35
133,15,bus,OCCLUDED,19,13,0.856,1230.2,231.34,-0.15,-0.64,Orange,69386.58
133,16,backpack,OCCLUDED,9,21,0.767,401.94,330.49,-1.73,0.01,Grey,2616.22
134,1,person,VISIBLE,133,0,0.9017,647.81,435.78,1.65,-0.19,Black,140432.49
134,2,person,OUT_OF_BOUNDS,21,112,0.0,1402.48,554.05,0.54,1.41,Black,11727.15
134,3,person,VISIBLE,113,0,0.474,775.32,372.34,0.35,0.08,Blue,4812.29
134,4,person,OCCLUDED,34,85,0.056,165.78,278.02,-0.97,-0.41,Pink,2150.61
134,5,can,VISIBLE,123,0,0.5201,93.67,460.59,-1.11,0.67,Black,46515.24
134,6,person,OCCLUDED,63,7,0.922,1197.47,363.92,-1.6,-0.07,Black,5038.81
134,10,person,VISIBLE,61,0,0.3473,469.94,358.13,0.2,0.01,Black,4185.11
134,11,car,VISIBLE,84,0,0.3946,1003.62,363.72,-3.05,0.04,Black,45650.29
134,13,can,OCCLUDED,5,60,0.333,20.93,497.54,-0.54,0.16,Black,27187.07
134,14,can,OCCLUDED,3,49,0.456,924.44,356.32,-0.03,-0.03,Black,1695.35
134,15,bus,OCCLUDED,19,14,0.844,1230.05,230.7,-0.15,-0.64,Orange,69386.58
134,16,backpack,OCCLUDED,9,22,0.756,400.21,330.5,-1.73,0.01,Grey,2616.22
135,1,person,VISIBLE,134,0,0.8993,647.87,436.33,0.54,0.33,Black,140692.41
135,2,person,OUT_OF_BOUNDS,21,113,0.0,1403.02,555.47,0.54,1.41,Black,11727.15
135,3,person,VISIBLE,114,0,0.4653,775.29,372.34,0.09,0.02,Brown,4780.24
135,4,person,OCCLUDED,34,86,0.044,164.81,277.61,-0.97,-0.41,Pink,2150.61
135,5,can,VISIBLE,124,0,0.3979,92.76,460.88,-0.97,0.41,Black,46246.29
135,6,person,OCCLUDED,63,8,0.911,1195.87,363.85,-1.6,-0.07,Black,5038.81
135,10,person,VISIBLE,62,0,0.2898,470.15,358.19,0.21,0.04,Black,4142.02
135,11,car,VISIBLE,85,0,0.4436,1000.62,363.67,-3.01,-0.02,Black,45351.61
135,13,can,OCCLUDED,5,61,0.322,20.4,497.71,-0.54,0.16,Black,27187.07
135,14,can,OCCLUDED,3,50,0.444,924.41,356.29,-0.03,-0.03,Black,1695.35
135,15,bus,OCCLUDED,19,15,0.833,1229.9,230.06,-0.15,-0.64,Orange,69386.58
135,16,backpack,OCCLUDED,9,23,0.744,398.47,330.51,-1.73,0.01,Grey,2616.22
136,1,person,VISIBLE,135,0,0.8994,646.67,436.86,-0.67,0.47,Black,139817.74
136,2,person,OUT_OF_BOUNDS,21,114,0.0,1403.57,556.88,0.54,1.41,Black,11727.15
136,3,person,VISIBLE,115,0,0.456,775.06,372.28,-0.14,-0.03,Brown,4742.97
136,4,person,OCCLUDED,34,87,0.033,163.84,277.2,-0.97,-0.41,Pink,2150.61
136,5,can,VISIBLE,125,0,0.4999,91.5,461.43,-1.18,0.51,Black,45677.94
136,6,person,OCCLUDED,63,9,0.9,1194.27,363.78,-1.6,-0.07,Black,5038.81
136,10,person,VISIBLE,63,0,0.2898,470.3,358.09,0.17,-0.06,Black,4058.42
136,11,car,VISIBLE,86,0,0.4163,997.19,363.68,-3.3,-0.0,Black,45129.05
136,13,can,OCCLUDED,5,62,0.311,19.86,497.87,-0.54,0.16,Black,27187.07
136,14,can,OCCLUDED,3,51,0.433,924.38,356.27,-0.03,-0.03,Black,1695.35
136,15,bus,OCCLUDED,19,16,0.822,1229.75,229.41,-0.15,-0.64,Orange,69386.58
136,16,backpack,OCCLUDED,9,24,0.733,396.74,330.53,-1.73,0.01,Grey,2616.22
137,1,person,VISIBLE,136,0,0.8979,644.81,437.27,-1.51,0.43,Black,138303.95
137,2,person,OUT_OF_BOUNDS,21,115,0.0,1404.11,558.29,0.54,1.41,Black,11727.15
137,3,person,VISIBLE,116,0,0.4991,774.92,372.26,-0.14,-0.03,Brown,4755.47
137,4,person,OCCLUDED,34,88,0.022,162.87,276.79,-0.97,-0.41,Pink,2150.61
137,5,can,VISIBLE,126,0,0.3907,90.12,462.31,-1.31,0.77,Black,45180.64
137,6,person,OCCLUDED,63,10,0.889,1192.67,363.71,-1.6,-0.07,Black,5038.81
137,10,person,VISIBLE,64,0,0.2898,470.46,357.99,0.16,-0.09,Black,3975.06
137,11,car,VISIBLE,87,0,0.4334,994.22,363.51,-3.07,-0.12,Black,45531.18
137,13,can,OCCLUDED,5,63,0.3,19.33,498.03,-0.54,0.16,Black,27187.07
137,14,can,OCCLUDED,3,52,0.422,924.35,356.24,-0.03,-0.03,Black,1695.35
137,15,bus,OCCLUDED,19,17,0.811,1229.6,228.77,-0.15,-0.64,Orange,69386.58
137,16,backpack,OCCLUDED,9,25,0.722,395.01,330.54,-1.73,0.01,Grey,2616.22
138,1,person,VISIBLE,137,0,0.8925,643.19,437.25,-1.58,0.11,Black,137188.99
138,2,person,OUT_OF_BOUNDS,21,116,0.0,1404.66,559.71,0.54,1.41,Black,11727.15
138,3,person,VISIBLE,117,0,0.485,774.79,372.26,-0.14,-0.01,Brown,4765.11
138,4,person,OCCLUDED,34,89,0.011,161.89,276.38,-0.97,-0.41,Pink,2150.61
138,5,can,VISIBLE,127,0,0.4464,89.08,462.92,-1.13,0.66,Black,44983.84
138,6,person,OCCLUDED,63,11,0.878,1191.07,363.63,-1.6,-0.07,Black,5038.81
138,10,person,VISIBLE,65,0,0.2898,470.61,357.9,0.15,-0.09,Black,3891.94
138,11,car,VISIBLE,88,0,0.4339,992.74,363.5,-1.96,-0.04,Black,45677.9
138,13,can,OCCLUDED,5,64,0.289,18.79,498.2,-0.54,0.16,Black,27187.07
138,14,can,OCCLUDED,3,53,0.411,924.32,356.22,-0.03,-0.03,Black,1695.35
138,15,bus,OCCLUDED,19,18,0.8,1229.45,228.13,-0.15,-0.64,Orange,69386.58
138,16,backpack,VISIBLE,10,0,0.3472,220.02,364.53,-6.4,0.93,Orange,3706.56
138,22,backpack,VISIBLE,1,0,0.3247,381.04,327.07,0.0,0.0,Grey,2953.32
139,1,person,VISIBLE,138,0,0.8978,642.46,435.9,-0.99,-0.91,Black,137327.62
139,2,person,OUT_OF_BOUNDS,21,117,0.0,1405.2,561.12,0.54,1.41,Black,11727.15
139,3,person,VISIBLE,118,0,0.4692,774.66,372.38,-0.13,0.09,Brown,4720.04
139,4,person,OCCLUDED,34,90,0.0,160.92,275.96,-0.97,-0.41,Pink,2150.61
139,5,can,VISIBLE,128,0,0.439,87.86,463.22,-1.19,0.4,Black,44754.9
139,6,person,OCCLUDED,63,12,0.867,1189.48,363.56,-1.6,-0.07,Black,5038.81
139,10,person,VISIBLE,66,0,0.2898,470.76,357.81,0.15,-0.09,Black,3809.05
139,11,car,VISIBLE,89,0,0.4386,988.13,363.38,-3.81,-0.1,Black,44819.89
139,13,can,OCCLUDED,5,65,0.278,18.26,498.36,-0.54,0.16,Black,27187.07
139,14,can,OCCLUDED,3,54,0.4,924.28,356.19,-0.03,-0.03,Black,1695.35
139,15,bus,OCCLUDED,19,19,0.789,1229.3,227.49,-0.15,-0.64,Orange,69386.58
139,16,backpack,VISIBLE,11,0,0.2848,227.57,367.01,3.36,2.01,Orange,3365.43
139,22,backpack,VISIBLE,2,0,0.3247,380.97,327.14,-0.07,0.08,Grey,2950.75
140,1,person,VISIBLE,139,0,0.8972,642.13,433.66,-0.53,-1.84,Black,138281.97
140,2,person,OUT_OF_BOUNDS,21,118,0.0,1405.75,562.54,0.54,1.41,Black,11727.15
140,3,person,VISIBLE,119,0,0.4856,774.51,372.59,-0.14,0.17,Brown,4649.33
140,4,person,LOST,34,91,0.0,159.95,275.55,-0.97,-0.41,Pink,2150.61
140,5,can,VISIBLE,129,0,0.4905,86.73,464.09,-1.14,0.73,Black,44474.31
140,6,person,VISIBLE,64,0,0.4467,1216.91,367.87,-0.04,0.16,Grey,4289.25
140,10,person,VISIBLE,67,0,0.2898,470.91,357.72,0.15,-0.09,Black,3726.4
140,11,car,VISIBLE,90,0,0.4137,982.79,363.22,-4.88,-0.14,Black,43563.93
140,13,can,OCCLUDED,5,66,0.267,17.72,498.53,-0.54,0.16,Black,27187.07
140,14,can,OCCLUDED,3,55,0.389,924.25,356.17,-0.03,-0.03,Black,1695.35
140,15,bus,OCCLUDED,19,20,0.778,1229.15,226.85,-0.15,-0.64,Orange,69386.58
140,16,backpack,VISIBLE,12,0,0.2898,239.09,370.03,9.07,2.72,Orange,2960.55
140,22,backpack,VISIBLE,3,0,0.3247,380.9,327.22,-0.07,0.07,Grey,2948.18
141,1,person,VISIBLE,140,0,0.9029,641.96,432.29,-0.28,-1.51,Black,139227.31
141,2,person,OUT_OF_BOUNDS,21,119,0.0,1406.29,563.95,0.54,1.41,Black,11727.15
141,3,person,VISIBLE,120,0,0.4923,774.36,372.89,-0.15,0.26,Blue,4571.49
141,4,person,LOST,34,92,0.0,158.98,275.14,-0.97,-0.41,Pink,2150.61
141,5,can,VISIBLE,130,0,0.4905,85.61,464.71,-1.13,0.65,Black,44145.7
141,6,person,VISIBLE,65,0,0.3856,1216.15,368.92,-0.54,0.79,Grey,4189.83
141,10,person,OCCLUDED,67,1,0.989,471.06,357.62,0.15,-0.09,Black,3726.4
141,11,car,VISIBLE,91,0,0.5313,977.45,363.02,-5.2,-0.18,Black,42579.77
141,13,can,OCCLUDED,5,67,0.256,17.19,498.69,-0.54,0.16,Black,27187.07
141,14,can,OCCLUDED,3,56,0.378,924.22,356.14,-0.03,-0.03,Black,1695.35
141,15,bus,OCCLUDED,19,21,0.767,1229.0,226.21,-0.15,-0.64,Orange,69386.58
141,16,handbag,VISIBLE,13,0,0.3165,250.67,372.09,10.83,2.25,Orange,2923.81
141,22,backpack,OCCLUDED,3,1,0.989,380.83,327.29,-0.07,0.07,Grey,2948.18
142,1,person,VISIBLE,141,0,0.903,641.98,432.13,-0.06,-0.56,Black,139886.42
142,2,person,OUT_OF_BOUNDS,21,120,0.0,1406.83,565.36,0.54,1.41,Black,11727.15
142,3,person,VISIBLE,121,0,0.478,774.18,373.32,-0.17,0.38,Brown,4484.72
142,4,person,LOST,34,93,0.0,158.01,274.73,-0.97,-0.41,Pink,2150.61
142,5,can,VISIBLE,131,0,0.3168,84.32,466.22,-1.24,1.25,Black,43832.18
142,6,person,VISIBLE,66,0,0.2929,1215.12,367.97,-0.89,-0.43,Grey,4236.05
142,10,person,OCCLUDED,67,2,0.978,471.21,357.53,0.15,-0.09,Black,3726.4
142,11,car,VISIBLE,92,0,0.498,973.14,363.29,-4.58,0.13,Black,41832.12
142,13,can,OCCLUDED,5,68,0.244,16.65,498.85,-0.54,0.16,Black,27187.07
142,14,can,OCCLUDED,3,57,0.367,924.19,356.12,-0.03,-0.03,Black,1695.35
142,15,bus,OCCLUDED,19,22,0.756,1228.85,225.56,-0.15,-0.64,Orange,69386.58
142,16,handbag,VISIBLE,14,0,0.3165,258.36,373.94,8.63,1.98,Orange,2774.68
142,22,backpack,OCCLUDED,3,2,0.978,380.76,327.36,-0.07,0.07,Grey,2948.18
143,1,person,VISIBLE,142,0,0.9015,642.37,432.42,0.25,0.03,Black,140280.37
143,2,person,OUT_OF_BOUNDS,21,121,0.0,1407.38,566.78,0.54,1.41,Black,11727.15
143,3,person,VISIBLE,122,0,0.4528,774.01,373.59,-0.17,0.3,Blue,4397.09
143,4,person,LOST,34,94,0.0,157.04,274.32,-0.97,-0.41,Pink,2150.61
143,5,can,VISIBLE,132,0,0.485,83.36,467.27,-1.04,1.11,Black,43672.97
143,6,person,VISIBLE,67,0,0.2929,1214.6,367.83,-0.63,-0.22,Grey,4233.76
143,10,person,OCCLUDED,67,3,0.967,471.36,357.44,0.15,-0.09,Black,3726.4
143,11,car,VISIBLE,93,0,0.4364,969.5,363.57,-3.92,0.23,Black,41134.21
143,13,can,OCCLUDED,5,69,0.233,16.12,499.02,-0.54,0.16,Black,27187.07
143,14,can,OCCLUDED,3,58,0.356,924.16,356.09,-0.03,-0.03,Black,1695.35
143,15,bus,OCCLUDED,19,23,0.744,1228.7,224.92,-0.15,-0.64,Orange,69386.58
143,16,handbag,VISIBLE,15,0,0.3165,266.03,375.8,7.96,1.89,Orange,2629.39
143,22,backpack,OCCLUDED,3,3,0.967,380.69,327.43,-0.07,0.07,Grey,2948.18
144,1,person,VISIBLE,143,0,0.9034,643.61,433.27,0.94,0.61,Black,140625.4
144,2,person,OUT_OF_BOUNDS,21,122,0.0,1407.92,568.19,0.54,1.41,Black,11727.15
144,3,person,VISIBLE,123,0,0.4227,774.19,373.64,0.07,0.13,Brown,4315.54
144,4,person,LOST,34,95,0.0,156.06,273.9,-0.97,-0.41,Pink,2150.61
144,5,can,VISIBLE,133,0,0.3521,82.69,468.07,-0.79,0.89,Black,43594.45
144,6,person,VISIBLE,68,0,0.2929,1214.07,367.7,-0.56,-0.16,Grey,4231.41
144,10,person,OCCLUDED,67,4,0.956,471.51,357.35,0.15,-0.09,Black,3726.4
144,11,car,VISIBLE,94,0,0.4349,965.68,363.14,-3.84,-0.22,Black,40413.84
144,13,can,OCCLUDED,5,70,0.222,15.58,499.18,-0.54,0.16,Black,27187.07
144,14,can,OCCLUDED,3,59,0.344,924.13,356.07,-0.03,-0.03,Black,1695.35
144,15,bus,OCCLUDED,19,24,0.733,1228.55,224.28,-0.15,-0.64,Orange,69386.58
144,16,handbag,VISIBLE,16,0,0.3165,273.72,377.65,7.77,1.87,Orange,2487.92
144,22,backpack,OCCLUDED,3,4,0.956,380.62,327.5,-0.07,0.07,Grey,2948.18
145,1,person,VISIBLE,144,0,0.9059,644.83,434.2,1.14,0.83,Black,140758.26
145,2,person,OUT_OF_BOUNDS,21,123,0.0,1408.47,569.61,0.54,1.41,Black,11727.15
145,3,person,VISIBLE,124,0,0.4175,774.33,373.5,0.12,-0.06,Brown,4304.91
145,4,person,LOST,34,96,0.0,155.09,273.49,-0.97,-0.41,Pink,2150.61
145,5,can,VISIBLE,134,0,0.5277,82.05,468.35,-0.68,0.46,Black,43565.67
145,6,person,VISIBLE,69,0,0.2929,1213.55,367.56,-0.53,-0.15,Grey,4229.02
145,10,person,OCCLUDED,67,5,0.944,471.67,357.26,0.15,-0.09,Black,3726.4
145,11,car,VISIBLE,95,0,0.4227,962.16,362.8,-3.62,-0.31,Black,39880.45
145,13,can,OCCLUDED,5,71,0.211,15.05,499.34,-0.54,0.16,Black,27187.07
145,14,can,OCCLUDED,3,60,0.333,924.09,356.04,-0.03,-0.03,Black,1695.35
145,15,bus,OCCLUDED,19,25,0.722,1228.4,223.64,-0.15,-0.64,Orange,69386.58
145,16,handbag,VISIBLE,17,0,0.3165,281.4,379.51,7.71,1.86,Orange,2350.29
145,22,backpack,OCCLUDED,3,5,0.944,380.55,327.57,-0.07,0.07,Grey,2948.18
146,1,person,VISIBLE,145,0,0.9057,646.14,434.8,1.26,0.67,Black,140873.99
146,2,person,OUT_OF_BOUNDS,21,124,0.0,1409.01,571.02,0.54,1.41,Black,11727.15
146,3,person,VISIBLE,125,0,0.4244,774.31,373.4,0.02,-0.08,Brown,4295.92
146,4,person,LOST,34,97,0.0,154.12,273.08,-0.97,-0.41,Pink,2150.61
146,5,can,VISIBLE,135,0,0.4356,81.08,468.5,-0.89,0.25,Black,43406.22
146,6,person,VISIBLE,70,0,0.2929,1213.02,367.42,-0.53,-0.14,Grey,4226.58
146,10,person,OCCLUDED,67,6,0.933,471.82,357.17,0.15,-0.09,Black,3726.4
146,11,car,VISIBLE,96,0,0.4627,959.24,362.45,-3.13,-0.34,Black,39881.41
146,13,can,OCCLUDED,5,72,0.2,14.51,499.51,-0.54,0.16,Black,27187.07
146,14,can,OCCLUDED,3,61,0.322,924.06,356.02,-0.03,-0.03,Black,1695.35
146,15,bus,OCCLUDED,19,26,0.711,1228.25,223.0,-0.15,-0.64,Orange,69386.58
146,16,handbag,VISIBLE,18,0,0.3165,289.09,381.37,7.69,1.85,Orange,2216.48
146,22,backpack,OCCLUDED,3,6,0.933,380.48,327.64,-0.07,0.07,Grey,2948.18
147,1,person,VISIBLE,146,0,0.9028,647.67,434.24,1.45,-0.19,Black,142287.43
147,2,person,OUT_OF_BOUNDS,21,125,0.0,1409.56,572.44,0.54,1.41,Black,11727.15
147,3,person,VISIBLE,126,0,0.4233,774.39,373.22,0.07,-0.15,Brown,4219.04
147,4,person,LOST,34,98,0.0,153.15,272.67,-0.97,-0.41,Pink,2150.61
147,5,can,VISIBLE,136,0,0.537,80.02,468.96,-1.0,0.39,Black,43057.18
147,6,person,OCCLUDED,70,1,0.989,1212.49,367.28,-0.53,-0.14,Grey,4226.58
147,10,person,OCCLUDED,67,7,0.922,471.97,357.08,0.15,-0.09,Black,3726.4
147,11,car,VISIBLE,97,0,0.4689,955.84,362.26,-3.32,-0.24,Black,39575.23
147,13,can,OCCLUDED,5,73,0.189,13.98,499.67,-0.54,0.16,Black,27187.07
147,14,can,OCCLUDED,3,62,0.311,924.03,355.99,-0.03,-0.03,Black,1695.35
147,15,bus,OCCLUDED,19,27,0.7,1228.1,222.36,-0.15,-0.64,Orange,69386.58
147,16,handbag,VISIBLE,19,0,0.3044,298.54,376.22,8.93,-3.05,Orange,2664.36
147,22,backpack,OCCLUDED,3,7,0.922,380.41,327.72,-0.07,0.07,Grey,2948.18
148,1,person,VISIBLE,147,0,0.8968,650.18,432.17,2.19,-1.51,Black,145309.07
148,2,person,OUT_OF_BOUNDS,21,126,0.0,1410.1,573.85,0.54,1.41,Black,11727.15
148,3,person,VISIBLE,127,0,0.4159,775.06,372.68,0.49,-0.42,Blue,4075.86
148,4,person,LOST,34,99,0.0,152.18,272.26,-0.97,-0.41,Pink,2150.61
148,5,can,VISIBLE,137,0,0.5353,78.45,469.07,-1.4,0.2,Black,42388.53
148,6,person,OCCLUDED,70,2,0.978,1211.96,367.14,-0.53,-0.14,Grey,4226.58
148,10,person,OCCLUDED,67,8,0.911,472.12,356.99,0.15,-0.09,Black,3726.4
148,11,car,VISIBLE,98,0,0.4021,951.88,361.91,-3.77,-0.31,Black,39093.76
148,13,can,OCCLUDED,5,74,0.178,13.44,499.84,-0.54,0.16,Black,27187.07
148,14,can,OCCLUDED,3,63,0.3,924.0,355.97,-0.03,-0.03,Black,1695.35
148,15,bus,OCCLUDED,19,28,0.689,1227.95,221.71,-0.15,-0.64,Orange,69386.58
148,16,backpack,VISIBLE,20,0,0.3406,309.79,370.55,10.55,-4.89,Orange,3324.58
148,22,backpack,OCCLUDED,3,8,0.911,380.34,327.79,-0.07,0.07,Grey,2948.18
149,1,person,VISIBLE,148,0,0.8955,652.29,429.83,2.13,-2.09,Black,148658.26
149,2,person,OUT_OF_BOUNDS,21,127,0.0,1410.65,575.26,0.54,1.41,Black,11727.15
149,3,person,VISIBLE,128,0,0.4076,775.52,372.44,0.47,-0.3,Blue,3895.91
149,4,person,LOST,34,100,0.0,151.2,271.84,-0.97,-0.41,Pink,2150.61
149,5,can,VISIBLE,138,0,0.735,76.39,469.11,-1.86,0.08,Black,41396.88
149,6,person,OCCLUDED,70,3,0.967,1211.43,367.0,-0.53,-0.14,Grey,4226.58
149,10,person,OCCLUDED,67,9,0.9,472.27,356.9,0.15,-0.09,Black,3726.4
149,11,car,VISIBLE,99,0,0.387,948.15,361.95,-3.74,-0.07,Black,38753.98
149,13,can,OCCLUDED,5,75,0.167,12.91,500.0,-0.54,0.16,Black,27187.07
149,14,can,OCCLUDED,3,64,0.289,923.97,355.94,-0.03,-0.03,Black,1695.35
149,15,bus,OCCLUDED,19,29,0.678,1227.8,221.07,-0.15,-0.64,Orange,69386.58
149,16,handbag,VISIBLE,21,0,0.2907,318.46,369.24,9.23,-2.38,Orange,3030.98
149,22,backpack,OCCLUDED,3,9,0.9,380.27,327.86,-0.07,0.07,Grey,2948.18
150,1,person,VISIBLE,149,0,0.8873,654.88,426.89,2.45,-2.69,Black,150969.11
150,2,person,OUT_OF_BOUNDS,21,128,0.0,1411.19,576.68,0.54,1.41,Black,11727.15
150,3,person,VISIBLE,129,0,0.3819,775.92,372.23,0.42,-0.24,Blue,3773.98
150,4,person,LOST,34,101,0.0,150.23,271.43,-0.97,-0.41,Pink,2150.61
150,5,can,VISIBLE,139,0,0.5188,74.62,469.58,-1.8,0.36,Black,40581.27
150,6,person,OCCLUDED,70,4,0.956,1210.9,366.87,-0.53,-0.14,Grey,4226.58
150,10,person,OCCLUDED,67,10,0.889,472.42,356.81,0.15,-0.09,Black,3726.4
150,11,car,VISIBLE,100,0,0.4471,944.39,361.4,-3.76,-0.41,Black,38241.98
150,13,can,OCCLUDED,5,76,0.156,12.37,500.16,-0.54,0.16,Black,27187.07
150,14,can,OCCLUDED,3,65,0.278,923.94,355.92,-0.03,-0.03,Black,1695.35
150,15,bus,OCCLUDED,19,30,0.667,1227.65,220.43,-0.15,-0.64,Orange,69386.58
150,16,handbag,VISIBLE,22,0,0.2907,327.44,367.54,9.05,-1.9,Orange,3116.04
150,22,backpack,OCCLUDED,3,10,0.889,380.2,327.93,-0.07,0.07,Grey,2948.18
151,1,person,VISIBLE,150,0,0.8813,657.33,424.66,2.45,-2.37,Black,151962.45
151,2,person,OUT_OF_BOUNDS,21,129,0.0,1411.74,578.09,0.54,1.41,Black,11727.15
151,3,person,VISIBLE,130,0,0.3617,776.25,372.1,0.35,-0.16,Blue,3716.45
151,4,person,LOST,34,102,0.0,149.26,271.02,-0.97,-0.41,Pink,2150.61
151,5,can,VISIBLE,140,0,0.6532,72.44,469.93,-2.06,0.35,Black,39699.95
151,6,person,OCCLUDED,70,5,0.944,1210.37,366.73,-0.53,-0.14,Grey,4226.58
151,10,person,OCCLUDED,67,11,0.878,472.57,356.71,0.15,-0.09,Black,3726.4
151,11,car,VISIBLE,101,0,0.5184,940.21,361.52,-4.05,-0.03,Black,37635.11
151,13,can,OCCLUDED,5,77,0.144,11.84,500.33,-0.54,0.16,Black,27187.07
151,14,can,OCCLUDED,3,66,0.267,923.91,355.89,-0.03,-0.03,Black,1695.35
151,15,bus,OCCLUDED,19,31,0.656,1227.5,219.79,-0.15,-0.64,Orange,69386.58
151,16,handbag,VISIBLE,23,0,0.2907,336.41,365.85,9.0,-1.75,Orange,3202.26
151,22,backpack,OCCLUDED,3,11,0.878,380.13,328.0,-0.07,0.07,Grey,2948.18
152,1,person,VISIBLE,151,0,0.8799,660.11,422.87,2.68,-1.96,Black,152541.75
152,2,person,OUT_OF_BOUNDS,21,130,0.0,1412.28,579.51,0.54,1.41,Black,11727.15
152,3,person,VISIBLE,131,0,0.2805,776.84,372.35,0.52,0.13,Blue,3651.83
152,4,person,LOST,34,103,0.0,148.29,270.61,-0.97,-0.41,Pink,2150.61
152,5,can,VISIBLE,141,0,0.7217,70.56,470.02,-1.94,0.17,Black,38988.26
152,6,person,OCCLUDED,70,6,0.933,1209.84,366.59,-0.53,-0.14,Grey,4226.58
152,10,person,OCCLUDED,67,12,0.867,472.72,356.62,0.15,-0.09,Black,3726.4
152,11,car,VISIBLE,102,0,0.5431,935.83,361.89,-4.28,0.25,Black,37059.51
152,13,can,OCCLUDED,5,78,0.133,11.3,500.49,-0.54,0.16,Black,27187.07
152,14,can,OCCLUDED,3,67,0.256,923.87,355.87,-0.03,-0.03,Black,1695.35
152,15,bus,OCCLUDED,19,32,0.644,1227.35,219.15,-0.15,-0.64,Orange,69386.58
152,16,backpack,VISIBLE,24,0,0.3478,347.5,358.3,10.46,-5.81,Orange,3731.86
152,22,backpack,OCCLUDED,3,12,0.867,380.06,328.07,-0.07,0.07,Grey,2948.18
153,1,person,VISIBLE,152,0,0.8787,663.0,421.64,2.83,-1.45,Black,152982.8
153,2,person,OUT_OF_BOUNDS,21,131,0.0,1412.82,580.92,0.54,1.41,Black,11727.15
153,3,person,VISIBLE,132,0,0.2805,777.22,372.29,0.42,-0.0,Brown,3564.91
153,4,person,LOST,34,104,0.0,147.32,270.2,-0.97,-0.41,Pink,2150.61
153,5,can,VISIBLE,142,0,0.7217,68.84,470.32,-1.78,0.26,Black,38270.01
153,6,person,OCCLUDED,70,7,0.922,1209.31,366.45,-0.53,-0.14,Grey,4226.58
153,10,person,OCCLUDED,67,13,0.856,472.88,356.53,0.15,-0.09,Black,3726.4
153,11,car,VISIBLE,103,0,0.5031,931.66,362.23,-4.2,0.31,Black,36786.93
153,13,can,OCCLUDED,5,79,0.122,10.77,500.65,-0.54,0.16,Black,27187.07
153,14,can,OCCLUDED,3,68,0.244,923.84,355.84,-0.03,-0.03,Black,1695.35
153,15,bus,OCCLUDED,19,33,0.633,1227.2,218.51,-0.15,-0.64,Orange,69386.58
153,16,handbag,VISIBLE,25,0,0.3747,357.2,358.81,9.93,-1.38,Orange,3511.66
153,22,backpack,OCCLUDED,3,13,0.856,379.99,328.14,-0.07,0.07,Grey,2948.18
154,1,person,VISIBLE,153,0,0.8773,665.0,420.98,2.25,-0.9,Black,153582.79
154,2,person,OUT_OF_BOUNDS,21,132,0.0,1413.37,582.33,0.54,1.41,Black,11727.15
154,3,person,VISIBLE,133,0,0.2805,777.6,372.23,0.4,-0.05,Brown,3477.98
154,4,person,LOST,34,105,0.0,146.35,269.78,-0.97,-0.41,Pink,2150.61
154,5,can,VISIBLE,143,0,0.5044,67.53,470.14,-1.45,-0.05,Black,38101.23
154,6,person,OCCLUDED,70,8,0.911,1208.78,366.31,-0.53,-0.14,Grey,4226.58
154,10,person,OCCLUDED,67,14,0.844,473.03,356.44,0.15,-0.09,Black,3726.4
154,11,car,VISIBLE,104,0,0.4945,927.93,362.38,-3.87,0.2,Black,36568.66
154,13,can,OCCLUDED,5,80,0.111,10.23,500.82,-0.54,0.16,Black,27187.07
154,14,can,OCCLUDED,3,69,0.233,923.81,355.82,-0.03,-0.03,Black,1695.35
154,15,bus,OCCLUDED,19,34,0.622,1227.05,217.86,-0.15,-0.64,Orange,69386.58
154,16,handbag,VISIBLE,26,0,0.5098,366.12,362.44,9.23,2.12,Orange,3174.79
154,22,backpack,OCCLUDED,3,14,0.844,379.92,328.22,-0.07,0.07,Grey,2948.18
154,24,handbag,VISIBLE,1,0,0.3499,418.77,390.19,0.0,0.0,Black,1213.69
155,1,person,VISIBLE,154,0,0.8835,666.17,420.33,1.5,-0.72,Black,154585.59
155,2,person,OUT_OF_BOUNDS,21,133,0.0,1413.91,583.75,0.54,1.41,Black,11727.15
155,3,person,VISIBLE,134,0,0.2805,777.98,372.16,0.38,-0.06,Brown,3391.02
155,4,person,LOST,34,106,0.0,145.37,269.37,-0.97,-0.41,Pink,2150.61
155,5,can,VISIBLE,144,0,0.4022,65.87,471.07,-1.6,0.63,Black,37452.06
155,6,person,OCCLUDED,70,9,0.9,1208.25,366.17,-0.53,-0.14,Grey,4226.58
155,10,person,OCCLUDED,67,15,0.833,473.18,356.35,0.15,-0.09,Black,3726.4
155,11,car,VISIBLE,105,0,0.5318,924.99,362.48,-3.22,0.13,Black,36344.25
155,13,can,OCCLUDED,5,81,0.1,9.7,500.98,-0.54,0.16,Black,27187.07
155,14,can,OCCLUDED,3,70,0.222,923.78,355.79,-0.03,-0.03,Black,1695.35
155,15,bus,OCCLUDED,19,35,0.611,1226.9,217.22,-0.15,-0.64,Orange,69386.58
155,16,handbag,VISIBLE,27,0,0.462,375.14,366.53,9.08,3.5,Orange,3022.55
155,22,backpack,OCCLUDED,3,15,0.833,379.85,328.29,-0.07,0.07,Grey,2948.18
155,24,handbag,VISIBLE,2,0,0.3499,419.45,390.12,0.68,-0.06,Black,1218.69
156,1,person,VISIBLE,155,0,0.8781,666.68,419.88,0.8,-0.53,Black,155368.87
156,2,person,OUT_OF_BOUNDS,21,134,0.0,1414.46,585.16,0.54,1.41,Black,11727.15
156,3,person,VISIBLE,135,0,0.2805,778.36,372.11,0.38,-0.06,Brown,3304.04
156,4,person,LOST,34,107,0.0,144.4,268.96,-0.97,-0.41,Pink,2150.61
156,5,can,VISIBLE,145,0,0.4492,64.45,472.04,-1.47,0.87,Black,36884.77
156,6,person,OCCLUDED,70,10,0.889,1207.72,366.04,-0.53,-0.14,Grey,4226.58
156,10,person,OCCLUDED,67,16,0.822,473.33,356.26,0.15,-0.09,Black,3726.4
156,11,car,VISIBLE,106,0,0.4432,921.88,362.47,-3.14,0.03,Black,36137.97
156,13,can,OCCLUDED,5,82,0.089,9.16,501.15,-0.54,0.16,Black,27187.07
156,14,can,OCCLUDED,3,71,0.211,923.75,355.77,-0.03,-0.03,Black,1695.35
156,15,bus,OCCLUDED,19,36,0.6,1226.75,216.58,-0.15,-0.64,Orange,69386.58
156,16,handbag,VISIBLE,28,0,0.407,385.08,368.23,9.69,2.24,Orange,3200.8
156,22,backpack,OCCLUDED,3,16,0.822,379.78,328.36,-0.07,0.07,Grey,2948.18
156,24,handbag,VISIBLE,3,0,0.3499,420.13,390.08,0.68,-0.05,Black,1223.57
157,1,person,VISIBLE,156,0,0.8822,666.91,419.71,0.4,-0.28,Black,155711.55
157,2,person,OUT_OF_BOUNDS,21,135,0.0,1415.0,586.58,0.54,1.41,Black,11727.15
157,3,person,VISIBLE,136,0,0.2805,778.75,372.05,0.38,-0.06,Blue,3217.03
157,4,person,LOST,34,108,0.0,143.43,268.55,-0.97,-0.41,Pink,2150.61
157,5,can,VISIBLE,146,0,0.422,63.08,473.09,-1.4,0.99,Black,36184.67
157,6,person,OCCLUDED,70,11,0.878,1207.19,365.9,-0.53,-0.14,Grey,4226.58
157,10,person,OCCLUDED,67,17,0.811,473.48,356.17,0.15,-0.09,Black,3726.4
157,11,car,VISIBLE,107,0,0.4794,919.03,362.28,-2.94,-0.12,Black,35759.06
157,13,can,OCCLUDED,5,83,0.078,8.63,501.31,-0.54,0.16,Black,27187.07
157,14,can,OCCLUDED,3,72,0.2,923.72,355.74,-0.03,-0.03,Black,1695.35
157,15,bus,OCCLUDED,19,37,0.589,1226.59,215.94,-0.15,-0.64,Orange,69386.58
157,16,handbag,VISIBLE,29,0,0.5014,394.69,368.94,9.63,1.17,Orange,3286.35
157,22,backpack,OCCLUDED,3,17,0.811,379.71,328.43,-0.07,0.07,Grey,2948.18
157,24,handbag,OCCLUDED,3,1,0.989,420.81,390.02,0.68,-0.05,Black,1223.57
158,1,person,VISIBLE,157,0,0.8856,667.02,419.65,0.2,-0.12,Black,156173.55
158,2,person,OUT_OF_BOUNDS,21,136,0.0,1415.55,587.99,0.54,1.41,Black,11727.15
158,3,person,OCCLUDED,136,1,0.989,779.13,371.99,0.38,-0.06,Blue,3217.03
158,4,person,LOST,34,109,0.0,142.46,268.14,-0.97,-0.41,Pink,2150.61
158,5,can,VISIBLE,147,0,0.422,61.56,473.75,-1.48,0.76,Black,35533.64
158,6,person,OCCLUDED,70,12,0.867,1206.66,365.76,-0.53,-0.14,Grey,4226.58
158,10,person,VISIBLE,68,0,0.3534,431.84,392.81,-1.47,1.34,Black,20550.96
158,11,car,VISIBLE,108,0,0.483,915.61,362.15,-3.28,-0.12,Black,35286.57
158,13,can,OCCLUDED,5,84,0.067,8.09,501.47,-0.54,0.16,Black,27187.07
158,14,can,OCCLUDED,3,73,0.189,923.69,355.72,-0.03,-0.03,Black,1695.35
158,15,bus,OCCLUDED,19,38,0.578,1226.44,215.3,-0.15,-0.64,Orange,69386.58
158,16,handbag,VISIBLE,30,0,0.4491,405.13,370.02,10.2,1.11,Orange,2920.76
158,22,backpack,OCCLUDED,3,18,0.8,379.64,328.5,-0.07,0.07,Grey,2948.18
158,24,handbag,OCCLUDED,3,2,0.978,421.48,389.97,0.68,-0.05,Black,1223.57
159,1,person,VISIBLE,158,0,0.8921,666.88,419.65,-0.04,-0.03,Black,157617.71
159,2,person,OUT_OF_BOUNDS,21,137,0.0,1416.09,589.41,0.54,1.41,Black,11727.15
159,3,person,OCCLUDED,136,2,0.978,779.51,371.93,0.38,-0.06,Blue,3217.03
159,4,person,LOST,34,110,0.0,141.49,267.72,-0.97,-0.41,Pink,2150.61
159,5,can,VISIBLE,148,0,0.422,60.05,474.41,-1.5,0.69,Black,34871.84
159,6,person,OCCLUDED,70,13,0.856,1206.13,365.62,-0.53,-0.14,Grey,4226.58
159,10,person,VISIBLE,69,0,0.4266,440.09,392.59,5.33,0.25,Black,17849.46
159,11,car,VISIBLE,109,0,0.4957,913.05,362.14,-2.77,-0.04,Black,34765.17
159,13,can,OCCLUDED,5,85,0.056,7.56,501.64,-0.54,0.16,Black,27187.07
159,14,can,OCCLUDED,3,74,0.178,923.65,355.69,-0.03,-0.03,Black,1695.35
159,15,bus,OCCLUDED,19,39,0.567,1226.29,214.66,-0.15,-0.64,Orange,69386.58
159,16,handbag,VISIBLE,31,0,0.4558,414.63,369.33,9.71,-0.15,Orange,2499.31
159,22,backpack,OCCLUDED,3,19,0.789,379.57,328.57,-0.07,0.07,Grey,2948.18
159,24,handbag,OCCLUDED,3,3,0.967,422.16,389.92,0.68,-0.05,Black,1223.57
160,1,person,VISIBLE,159,0,0.8873,664.5,419.91,-1.68,0.16,Black,158709.96
160,2,person,OUT_OF_BOUNDS,21,138,0.0,1416.64,590.82,0.54,1.41,Black,11727.15
160,3,person,OCCLUDED,136,3,0.967,779.9,371.87,0.38,-0.06,Blue,3217.03
160,4,person,LOST,34,111,0.0,140.51,267.31,-0.97,-0.41,Pink,2150.61
160,5,can,VISIBLE,149,0,0.422,58.53,475.08,-1.52,0.68,Black,34199.25
160,6,person,OCCLUDED,70,14,0.844,1205.59,365.48,-0.53,-0.14,Grey,4226.58
160,10,person,VISIBLE,70,0,0.431,449.12,393.12,7.92,0.45,Black,16292.23
160,11,car,VISIBLE,110,0,0.4552,910.51,362.42,-2.61,0.18,Black,34013.7
160,13,can,OCCLUDED,5,86,0.044,7.02,501.8,-0.54,0.16,Black,27187.07
160,14,can,OCCLUDED,3,75,0.167,923.62,355.67,-0.03,-0.03,Black,1695.35
160,15,bus,OCCLUDED,19,40,0.556,1226.14,214.02,-0.15,-0.64,Orange,69386.58
160,16,handbag,VISIBLE,32,0,0.4088,423.09,366.81,8.83,-1.81,Orange,2445.52
160,22,backpack,OCCLUDED,3,20,0.778,379.5,328.65,-0.07,0.07,Grey,2948.18
160,24,handbag,OCCLUDED,3,4,0.956,422.84,389.86,0.68,-0.05,Black,1223.57
161,1,person,VISIBLE,160,0,0.8847,659.94,420.01,-3.69,0.12,Black,159844.02
161,2,person,OUT_OF_BOUNDS,21,139,0.0,1417.18,592.23,0.54,1.41,Black,11727.15
161,3,person,OCCLUDED,136,4,0.956,780.28,371.82,0.38,-0.06,Blue,3217.03
161,4,person,LOST,34,112,0.0,139.54,266.9,-0.97,-0.41,Pink,2150.61
161,5,can,VISIBLE,150,0,0.422,57.02,475.74,-1.52,0.67,Black,33515.89
161,6,person,OCCLUDED,70,15,0.833,1205.06,365.34,-0.53,-0.14,Grey,4226.58
161,10,person,VISIBLE,71,0,0.4495,456.98,394.69,7.88,1.23,Orange,16430.47
161,11,car,VISIBLE,111,0,0.457,908.07,363.16,-2.49,0.57,Black,33268.68
161,13,can,OCCLUDED,5,87,0.033,6.49,501.96,-0.54,0.16,Black,27187.07
161,14,can,OCCLUDED,3,76,0.156,923.59,355.64,-0.03,-0.03,Black,1695.35
161,15,bus,OCCLUDED,19,41,0.544,1225.99,213.37,-0.15,-0.64,Orange,69386.58
161,16,handbag,VISIBLE,33,0,0.3075,431.69,364.65,8.67,-2.05,Orange,2640.66
161,22,backpack,OCCLUDED,3,21,0.767,379.43,328.72,-0.07,0.07,Grey,2948.18
161,24,handbag,OCCLUDED,3,5,0.944,423.51,389.81,0.68,-0.05,Black,1223.57
