frame,master_track_id,class_name,state,frames_visible,frames_occluded,confidence_decay,centroid_x,centroid_y,velocity_x,velocity_y,color,area
2,1,person,VISIBLE,1,0,0.9512,674.13,388.56,0.0,0.0,Green,198944.88
2,3,can,VISIBLE,1,0,0.566,267.92,397.62,0.0,0.0,Green,1007.84
2,2,car,VISIBLE,1,0,0.318,172.02,383.15,0.0,0.0,Green,5143.27
3,1,person,VISIBLE,2,0,0.951,673.02,390.2,-1.11,1.64,Green,199703.13
3,3,can,VISIBLE,2,0,0.594,273.3,397.97,5.38,0.34,Green,929.51
3,2,car,VISIBLE,2,0,0.2686,177.97,383.13,5.95,-0.02,Yellow,4876.77
4,1,person,VISIBLE,3,0,0.9474,671.78,391.68,-1.2,1.53,Green,200045.99
4,3,can,VISIBLE,3,0,0.6568,280.72,398.17,6.8,0.25,Green,890.13
4,2,car,VISIBLE,3,0,0.2704,186.24,383.19,7.57,0.03,Yellow,4671.44
5,1,person,VISIBLE,4,0,0.9611,668.87,392.45,-2.4,1.0,Green,201267.79
5,3,can,VISIBLE,4,0,0.5666,288.36,398.22,7.39,0.11,Green,851.9
5,2,car,VISIBLE,4,0,0.2693,194.87,383.3,8.31,0.09,Yellow,4439.26
6,1,person,VISIBLE,5,0,0.9556,666.02,391.71,-2.72,-0.21,Green,200926.28
6,3,can,VISIBLE,5,0,0.6618,296.55,398.14,7.95,-0.02,Green,846.74
6,2,car,VISIBLE,5,0,0.2635,202.67,383.36,7.95,0.07,Yellow,4209.5
7,1,person,VISIBLE,6,0,0.9554,663.15,389.55,-2.82,-1.58,Green,199433.76
7,3,can,VISIBLE,6,0,0.5605,304.33,397.88,7.83,-0.19,Green,848.25
7,2,car,VISIBLE,6,0,0.2523,211.31,383.13,8.44,-0.13,Green,4035.83
8,1,person,VISIBLE,7,0,0.949,660.33,386.35,-2.82,-2.72,Green,197327.95
8,3,can,VISIBLE,7,0,0.5833,311.78,397.54,7.57,-0.3,Green,815.01
8,2,car,VISIBLE,7,0,0.1867,211.67,383.21,2.78,0.01,Green,4378.53
9,1,person,VISIBLE,8,0,0.9469,657.83,383.2,-2.6,-3.01,Green,195796.83
9,3,can,VISIBLE,8,0,0.6532,318.53,397.44,6.99,-0.16,Green,817.68
9,2,car,VISIBLE,8,0,0.2167,212.7,383.36,1.56,0.11,Yellow,4651.69
9,4,bicycle,VISIBLE,1,0,0.9414,642.18,531.65,0.0,0.0,Yellow,235725.69
10,1,person,VISIBLE,9,0,0.9479,655.53,377.26,-2.39,-5.06,Green,192444.77
10,3,can,VISIBLE,9,0,0.5977,325.68,397.16,7.1,-0.24,Green,784.54
10,2,car,VISIBLE,9,0,0.2269,215.44,383.19,2.39,-0.09,Yellow,4794.1
10,4,bicycle,VISIBLE,2,0,0.9453,641.06,531.79,-1.12,0.13,Yellow,235136.32
11,1,person,VISIBLE,10,0,0.9515,653.85,370.88,-1.89,-5.99,Green,189142.84
11,3,can,VISIBLE,10,0,0.6057,332.73,396.98,7.06,-0.2,Green,765.16
11,2,car,VISIBLE,10,0,0.2671,220.25,382.78,4.08,-0.31,Yellow,4762.79
11,4,bicycle,VISIBLE,3,0,0.9474,639.59,531.56,-1.37,-0.12,Yellow,234805.21
12,1,person,VISIBLE,11,0,0.9515,652.4,363.86,-1.58,-6.71,Green,185387.38
12,3,can,VISIBLE,11,0,0.5014,339.74,396.8,7.03,-0.19,Green,748.66
12,2,car,VISIBLE,11,0,0.2067,225.56,382.65,4.94,-0.19,Yellow,4583.07
12,4,bicycle,VISIBLE,4,0,0.9426,637.87,531.04,-1.61,-0.4,Yellow,234808.04
13,1,person,VISIBLE,12,0,0.9523,650.87,362.29,-1.55,-3.11,Green,184871.05
13,3,can,VISIBLE,12,0,0.5829,346.9,396.58,7.12,-0.21,Green,745.83
13,2,car,VISIBLE,12,0,0.3017,232.12,382.38,6.07,-0.24,Yellow,4302.05
13,4,bicycle,VISIBLE,5,0,0.9392,636.03,530.93,-1.77,-0.19,Yellow,234734.53
14,1,person,VISIBLE,13,0,0.9486,648.95,362.82,-1.8,-0.56,Green,185430.65
14,3,can,VISIBLE,13,0,0.5361,353.87,396.68,7.01,0.01,Green,750.04
14,2,car,VISIBLE,13,0,0.3017,237.05,382.23,5.28,-0.18,Yellow,4216.46
14,4,bicycle,VISIBLE,6,0,0.9384,634.6,530.56,-1.54,-0.32,Yellow,234706.15
14,5,car,VISIBLE,1,0,0.4061,649.58,392.84,0.0,0.0,Green,1715.53
15,1,person,VISIBLE,14,0,0.9469,647.6,365.25,-1.49,1.53,Green,187344.78
15,3,can,VISIBLE,14,0,0.5475,360.92,396.7,7.04,0.01,Green,732.87
15,2,car,VISIBLE,14,0,0.3017,241.98,382.06,5.04,-0.17,Yellow,4131.26
15,4,bicycle,VISIBLE,7,0,0.9379,633.1,530.63,-1.51,-0.04,Yellow,233935.99
15,5,car,VISIBLE,2,0,0.4061,649.85,392.87,0.26,0.03,Green,1722.0
16,1,person,VISIBLE,15,0,0.9499,645.52,369.88,-1.9,3.7,Yellow,190011.65
16,3,can,VISIBLE,15,0,0.47,367.54,396.75,6.75,0.04,Green,720.45
16,2,car,VISIBLE,15,0,0.3017,246.92,381.9,4.97,-0.16,Yellow,4046.47
16,4,bicycle,VISIBLE,8,0,0.9392,631.33,530.99,-1.69,0.23,Yellow,232745.02
16,5,car,VISIBLE,3,0,0.4061,650.11,392.9,0.26,0.04,Green,1728.48
17,1,person,VISIBLE,16,0,0.9452,643.19,372.76,-2.2,3.13,Yellow,192323.63
17,3,can,VISIBLE,16,0,0.5301,373.75,396.42,6.37,-0.22,Green,758.61
17,2,car,VISIBLE,16,0,0.1918,251.53,380.6,4.72,-0.96,Yellow,4764.2
17,4,bicycle,VISIBLE,9,0,0.9396,629.53,531.37,-1.77,0.34,Yellow,231762.11
17,5,car,OCCLUDED,3,1,0.989,650.37,392.94,0.26,0.04,Green,1728.48
17,6,can,VISIBLE,1,0,0.521,794.82,401.53,0.0,0.0,Green,932.29
18,1,person,VISIBLE,17,0,0.9283,640.56,372.85,-2.5,1.01,Yellow,193355.09
18,3,can,VISIBLE,17,0,0.6126,380.02,396.27,6.3,-0.17,Green,781.4
18,2,car,VISIBLE,17,0,0.1918,256.38,380.13,4.81,-0.61,Yellow,4893.99
18,4,bicycle,VISIBLE,10,0,0.9367,627.45,530.89,-1.98,-0.23,Yellow,232094.96
18,5,car,OCCLUDED,3,2,0.978,650.63,392.98,0.26,0.04,Green,1728.48
18,6,can,VISIBLE,2,0,0.6103,797.86,401.97,3.04,0.43,Green,916.63
19,1,person,VISIBLE,18,0,0.9471,638.14,374.6,-2.44,1.52,Yellow,195836.17
19,3,can,VISIBLE,18,0,0.605,386.53,396.25,6.45,-0.07,Green,787.33
19,2,car,VISIBLE,18,0,0.1806,260.86,379.99,4.57,-0.28,Yellow,4872.5
19,4,bicycle,VISIBLE,11,0,0.9325,625.28,529.88,-2.12,-0.78,Yellow,233019.04
19,5,car,OCCLUDED,3,3,0.967,650.89,393.02,0.26,0.04,Green,1728.48
19,6,can,VISIBLE,3,0,0.6644,802.83,401.52,4.39,-0.18,Green,916.7
20,1,person,VISIBLE,19,0,0.9279,636.24,372.86,-2.07,-0.76,Yellow,195898.21
20,3,can,VISIBLE,19,0,0.6893,392.52,395.69,6.12,-0.41,Green,786.1
20,2,car,VISIBLE,19,0,0.1806,265.61,379.62,4.7,-0.35,Yellow,4962.22
20,4,bicycle,VISIBLE,12,0,0.9354,623.68,529.07,-1.75,-0.8,Yellow,233377.28
20,5,car,OCCLUDED,3,4,0.956,651.15,393.05,0.26,0.04,Green,1728.48
20,6,can,VISIBLE,4,0,0.739,808.97,401.3,5.61,-0.21,Green,904.99
21,1,person,VISIBLE,20,0,0.9393,634.83,369.94,-1.61,-2.27,Yellow,195229.41
21,3,can,VISIBLE,20,0,0.71,399.11,395.37,6.45,-0.35,Green,784.07
21,2,car,VISIBLE,20,0,0.1806,270.36,379.24,4.74,-0.37,Yellow,5052.19
21,4,bicycle,VISIBLE,13,0,0.9365,622.45,528.15,-1.39,-0.88,Yellow,233601.58
21,5,car,OCCLUDED,3,5,0.944,651.41,393.09,0.26,0.04,Green,1728.48
21,6,can,VISIBLE,5,0,0.7251,815.08,401.04,5.96,-0.24,Green,830.2
22,1,person,VISIBLE,21,0,0.9317,634.14,362.68,-0.96,-5.76,Green,191443.79
22,3,can,VISIBLE,21,0,0.7016,405.95,395.12,6.72,-0.28,Green,735.03
22,2,car,VISIBLE,21,0,0.1806,275.11,378.86,4.75,-0.38,Yellow,5142.41
22,4,bicycle,VISIBLE,14,0,0.9353,621.59,527.04,-1.02,-1.04,Yellow,233948.12
22,5,car,OCCLUDED,3,6,0.933,651.67,393.13,0.26,0.04,Green,1728.48
22,6,can,VISIBLE,6,0,0.7667,821.41,400.86,6.22,-0.2,Green,797.74
23,1,person,VISIBLE,22,0,0.9508,633.55,350.14,-0.7,-10.5,Green,183568.26
23,3,can,VISIBLE,22,0,0.6783,412.71,395.13,6.75,-0.07,Green,695.85
23,2,car,VISIBLE,22,0,0.1645,286.7,379.19,9.54,0.12,Yellow,4209.63
23,4,bicycle,VISIBLE,15,0,0.9341,620.81,526.2,-0.85,-0.9,Yellow,234422.16
23,5,car,OCCLUDED,3,7,0.922,651.94,393.16,0.26,0.04,Green,1728.48
23,6,can,VISIBLE,7,0,0.8473,827.52,400.71,6.14,-0.17,Green,784.31
24,1,person,VISIBLE,23,0,0.9533,632.5,343.69,-0.95,-7.67,Green,179822.3
24,3,can,VISIBLE,23,0,0.5792,419.16,395.27,6.55,0.08,Green,635.64
24,2,car,VISIBLE,23,0,0.1638,296.07,379.31,9.42,0.11,Yellow,3612.2
24,4,bicycle,VISIBLE,16,0,0.9343,620.01,525.66,-0.82,-0.65,Yellow,234214.87
24,5,car,OCCLUDED,3,8,0.911,652.2,393.2,0.26,0.04,Green,1728.48
24,6,can,VISIBLE,8,0,0.7962,833.39,400.53,5.95,-0.17,Green,760.47
25,1,person,VISIBLE,24,0,0.9502,631.21,345.08,-1.19,-1.33,Green,180731.1
25,3,can,VISIBLE,24,0,0.6447,425.56,395.44,6.44,0.14,Green,591.9
25,2,car,VISIBLE,24,0,0.1638,303.38,379.2,7.94,-0.04,Yellow,3345.81
25,4,bicycle,VISIBLE,17,0,0.9331,618.73,525.23,-1.14,-0.5,Yellow,234328.35
25,5,car,OCCLUDED,3,9,0.9,652.46,393.24,0.26,0.04,Green,1728.48
25,6,can,VISIBLE,9,0,0.8255,839.05,400.61,5.74,0.0,Green,758.35
26,1,person,VISIBLE,25,0,0.958,629.88,349.1,-1.29,2.41,Green,183017.88
26,3,can,VISIBLE,25,0,0.5761,431.39,396.02,6.01,0.45,Green,560.58
26,2,car,VISIBLE,25,0,0.1638,310.69,379.09,7.5,-0.09,Yellow,3089.6
26,4,bicycle,VISIBLE,18,0,0.9323,617.16,524.96,-1.44,-0.34,Yellow,234248.16
26,5,car,OCCLUDED,3,10,0.889,652.72,393.28,0.26,0.04,Green,1728.48
26,6,can,VISIBLE,10,0,0.8793,844.35,400.88,5.44,0.19,Green,775.22
27,1,person,VISIBLE,26,0,0.9576,628.55,354.81,-1.31,4.72,Green,185996.83
27,3,can,VISIBLE,26,0,0.4504,437.5,396.48,6.08,0.45,Green,561.35
27,2,car,OCCLUDED,25,1,0.989,318.2,379.0,7.5,-0.09,Yellow,3089.6
27,4,bicycle,VISIBLE,19,0,0.9318,614.88,524.75,-2.03,-0.25,Yellow,234660.57
27,5,car,OCCLUDED,3,11,0.878,652.98,393.31,0.26,0.04,Green,1728.48
27,6,can,VISIBLE,11,0,0.802,849.52,401.26,5.25,0.32,Green,796.92
28,1,person,VISIBLE,27,0,0.9546,626.89,361.84,-1.56,6.34,Green,189928.34
28,3,can,VISIBLE,27,0,0.4504,443.79,396.69,6.22,0.29,Green,539.19
28,2,car,OCCLUDED,25,2,0.978,325.7,378.91,7.5,-0.09,Yellow,3089.6
28,4,bicycle,VISIBLE,20,0,0.9301,612.05,524.51,-2.59,-0.24,Yellow,235597.91
28,5,car,OCCLUDED,3,12,0.867,653.24,393.35,0.26,0.04,Green,1728.48
28,6,can,VISIBLE,12,0,0.7688,854.56,401.47,5.1,0.24,Green,817.99
29,1,person,VISIBLE,28,0,0.9542,625.52,369.62,-1.42,7.34,Green,194673.36
29,3,can,VISIBLE,28,0,0.4504,450.08,396.92,6.27,0.24,Green,517.48
29,2,car,OCCLUDED,25,3,0.967,333.21,378.82,7.5,-0.09,Yellow,3089.6
29,4,bicycle,VISIBLE,21,0,0.9301,610.16,524.12,-2.1,-0.34,Yellow,235959.59
29,5,car,OCCLUDED,3,13,0.856,653.5,393.39,0.26,0.04,Green,1728.48
29,6,can,VISIBLE,13,0,0.873,859.9,401.84,5.27,0.33,Green,822.91
30,1,person,VISIBLE,29,0,0.9528,624.8,377.19,-0.93,7.51,Green,198676.66
30,3,can,VISIBLE,29,0,0.4504,456.36,397.13,6.28,0.23,Green,496.21
30,2,car,VISIBLE,26,0,0.3782,324.29,383.54,4.63,0.75,Orange,2645.15
30,4,bicycle,VISIBLE,22,0,0.9301,608.27,523.74,-1.95,-0.38,Yellow,236320.89
30,5,car,OCCLUDED,3,14,0.844,653.77,393.42,0.26,0.04,Green,1728.48
30,6,can,VISIBLE,14,0,0.8118,865.13,402.22,5.25,0.36,Green,827.09
31,1,person,VISIBLE,30,0,0.9461,624.0,381.75,-0.84,5.44,Green,201519.83
31,3,can,VISIBLE,30,0,0.4504,462.63,397.36,6.28,0.22,Green,475.39
31,2,car,VISIBLE,27,0,0.4591,329.23,383.13,4.84,-0.06,Orange,2723.33
31,4,bicycle,VISIBLE,23,0,0.9301,606.38,523.35,-1.91,-0.39,Yellow,236681.81
31,5,car,OCCLUDED,3,15,0.833,654.03,393.46,0.26,0.04,Green,1728.48
31,6,can,VISIBLE,15,0,0.8262,870.34,402.06,5.21,0.0,Green,826.13
32,1,person,VISIBLE,31,0,0.948,623.64,385.69,-0.51,4.39,Green,203733.14
32,3,can,VISIBLE,31,0,0.4504,468.91,397.58,6.28,0.22,Green,455.01
32,2,car,VISIBLE,28,0,0.3982,336.62,383.07,6.62,-0.06,Orange,2790.0
32,4,bicycle,VISIBLE,24,0,0.9301,604.5,522.96,-1.89,-0.39,Yellow,237042.35
32,5,car,OCCLUDED,3,16,0.822,654.29,393.5,0.26,0.04,Green,1728.48
32,6,can,VISIBLE,16,0,0.8821,875.85,401.84,5.42,-0.16,Green,852.18
33,1,person,VISIBLE,32,0,0.9483,623.55,386.77,-0.21,2.08,Green,203589.95
33,3,can,OCCLUDED,31,1,0.989,475.19,397.8,6.28,0.22,Green,455.01
33,2,car,VISIBLE,29,0,0.5861,344.85,382.98,7.75,-0.08,Orange,2894.57
33,4,bicycle,VISIBLE,25,0,0.9301,602.62,522.58,-1.89,-0.38,Yellow,237402.51
33,5,car,OCCLUDED,3,17,0.811,654.55,393.53,0.26,0.04,Green,1728.48
33,6,can,VISIBLE,17,0,0.8168,881.19,401.47,5.37,-0.31,Green,872.32
34,1,person,VISIBLE,33,0,0.9455,623.23,386.5,-0.29,0.43,Green,202061.4
34,3,can,OCCLUDED,31,2,0.978,481.47,398.02,6.28,0.22,Green,455.01
34,2,car,VISIBLE,30,0,0.4607,353.24,382.91,8.2,-0.07,Orange,3024.02
34,4,bicycle,OCCLUDED,25,1,0.989,600.73,522.19,-1.89,-0.38,Yellow,237402.51
34,5,car,OCCLUDED,3,18,0.8,654.81,393.57,0.26,0.04,Green,1728.48
34,6,can,VISIBLE,18,0,0.8193,886.96,401.06,5.65,-0.37,Green,836.88
35,1,person,VISIBLE,34,0,0.9428,623.1,384.39,-0.18,-1.35,Green,199217.08
35,3,can,OCCLUDED,31,3,0.967,487.75,398.24,6.28,0.22,Green,455.01
35,2,car,VISIBLE,31,0,0.58,361.66,383.01,8.35,0.05,Orange,3060.2
35,4,bicycle,OCCLUDED,25,2,0.978,598.84,521.81,-1.89,-0.38,Yellow,237402.51
35,5,car,OCCLUDED,3,19,0.789,655.07,393.61,0.26,0.04,Green,1728.48
35,6,can,VISIBLE,19,0,0.884,892.61,400.93,5.65,-0.21,Green,830.9
36,1,person,VISIBLE,35,0,0.9439,622.72,381.39,-0.32,-2.5,Green,195914.94
36,3,can,OCCLUDED,31,4,0.956,494.03,398.46,6.28,0.22,Green,455.01
36,2,car,VISIBLE,32,0,0.5292,368.09,383.17,7.01,0.12,Orange,3128.59
36,4,bicycle,OCCLUDED,25,3,0.967,596.95,521.43,-1.89,-0.38,Yellow,237402.51
36,5,car,OCCLUDED,3,20,0.778,655.34,393.65,0.26,0.04,Green,1728.48
36,6,can,VISIBLE,20,0,0.7727,897.88,401.15,5.39,0.1,Green,836.27
37,1,person,VISIBLE,36,0,0.9455,621.82,378.41,-0.73,-2.84,Green,193073.87
37,3,can,OCCLUDED,31,5,0.944,500.31,398.68,6.28,0.22,Green,455.01
37,2,car,VISIBLE,33,0,0.7057,374.92,383.59,6.88,0.33,Orange,3164.12
37,4,bicycle,VISIBLE,26,0,0.9366,599.85,525.7,-1.05,0.43,Yellow,238058.0
37,5,car,OCCLUDED,3,21,0.767,655.6,393.68,0.26,0.04,Green,1728.48
37,6,can,VISIBLE,21,0,0.7783,903.52,401.29,5.56,0.12,Green,815.37
38,1,person,VISIBLE,37,0,0.9507,620.94,373.44,-0.83,-4.32,Green,190614.61
38,3,can,OCCLUDED,31,6,0.933,506.59,398.9,6.28,0.22,Green,455.01
38,2,car,VISIBLE,34,0,0.6762,381.85,383.86,6.92,0.29,Orange,3122.2
38,4,bicycle,VISIBLE,27,0,0.9412,598.66,525.96,-1.14,0.3,Yellow,237933.52
38,5,car,OCCLUDED,3,22,0.756,655.86,393.72,0.26,0.04,Green,1728.48
38,6,can,VISIBLE,22,0,0.8601,909.06,401.65,5.55,0.29,Green,802.34
39,1,person,VISIBLE,38,0,0.9476,619.7,366.81,-1.12,-5.94,Green,187337.19
39,3,can,OCCLUDED,31,7,0.922,512.87,399.12,6.28,0.22,Green,455.01
39,2,car,VISIBLE,35,0,0.3301,389.75,383.98,7.6,0.17,Yellow,2894.89
39,4,bicycle,VISIBLE,28,0,0.9479,597.24,526.44,-1.34,0.43,Yellow,237499.96
39,5,car,OCCLUDED,3,23,0.744,656.12,393.76,0.26,0.04,Green,1728.48
39,6,can,VISIBLE,23,0,0.7166,914.39,401.62,5.4,0.07,Green,847.02
40,1,person,VISIBLE,39,0,0.9449,618.46,363.24,-1.2,-4.28,Green,185934.22
40,3,can,OCCLUDED,31,8,0.911,519.15,399.34,6.28,0.22,Green,455.01
40,2,car,VISIBLE,36,0,0.1757,399.0,383.64,8.76,-0.18,Yellow,2596.04
40,4,bicycle,VISIBLE,29,0,0.944,595.87,527.06,-1.36,0.56,Yellow,236818.91
40,5,car,OCCLUDED,3,24,0.733,656.38,393.79,0.26,0.04,Green,1728.48
40,6,can,VISIBLE,24,0,0.7464,919.97,401.08,5.52,-0.36,Green,842.67
41,1,person,VISIBLE,40,0,0.9526,616.41,362.9,-1.8,-1.53,Green,186340.07
41,3,can,OCCLUDED,31,9,0.9,525.43,399.56,6.28,0.22,Green,455.01
41,2,car,VISIBLE,37,0,0.2147,409.22,383.13,9.78,-0.41,Yellow,2190.95
41,4,bicycle,VISIBLE,30,0,0.9423,594.86,527.35,-1.12,0.38,Yellow,236683.85
41,5,car,OCCLUDED,3,25,0.722,656.64,393.83,0.26,0.04,Green,1728.48
41,6,can,VISIBLE,25,0,0.8357,925.57,400.47,5.57,-0.54,Green,852.42
42,1,person,VISIBLE,41,0,0.9558,613.62,364.42,-2.5,0.61,Green,188151.5
42,3,can,OCCLUDED,31,10,0.889,531.71,399.78,6.28,0.22,Green,455.01
42,2,car,VISIBLE,38,0,0.3408,420.66,382.73,10.94,-0.41,Green,1781.89
42,4,bicycle,VISIBLE,31,0,0.9436,593.53,527.49,-1.27,0.21,Yellow,236472.73
42,5,car,OCCLUDED,3,26,0.711,656.9,393.87,0.26,0.04,Green,1728.48
42,6,can,VISIBLE,26,0,0.6978,931.01,399.73,5.49,-0.68,Green,864.54
43,1,person,VISIBLE,42,0,0.9573,611.45,366.32,-2.26,1.52,Green,190313.34
43,3,can,OCCLUDED,31,11,0.878,537.99,400.0,6.28,0.22,Green,455.01
43,2,car,VISIBLE,39,0,0.3408,429.81,382.52,9.69,-0.26,Green,1547.27
43,4,bicycle,VISIBLE,32,0,0.9428,592.94,527.44,-0.79,0.03,Yellow,236573.09
43,5,car,VISIBLE,4,0,0.5707,782.26,390.67,3.5,-0.05,Yellow,1768.27
43,6,can,VISIBLE,27,0,0.8223,936.87,399.16,5.74,-0.6,Green,859.38
44,1,person,VISIBLE,43,0,0.9556,609.64,370.89,-1.95,3.65,Green,194691.02
44,3,can,OCCLUDED,31,12,0.867,544.27,400.22,6.28,0.22,Green,455.01
44,2,car,VISIBLE,40,0,0.3408,438.98,382.33,9.32,-0.22,Yellow,1316.45
44,4,bicycle,VISIBLE,33,0,0.8988,592.29,528.53,-0.7,0.77,Yellow,235916.22
44,5,car,VISIBLE,5,0,0.6019,787.53,390.68,4.74,-0.01,Yellow,1753.83
44,6,can,VISIBLE,28,0,0.7665,943.14,398.83,6.11,-0.41,Green,864.65
45,1,person,VISIBLE,44,0,0.9471,608.13,370.81,-1.64,1.04,Green,195750.08
45,3,can,OCCLUDED,31,13,0.856,550.55,400.44,6.28,0.22,Green,455.01
45,2,car,VISIBLE,41,0,0.3408,448.14,382.13,9.21,-0.2,Yellow,1089.41
45,4,bicycle,VISIBLE,34,0,0.9473,591.48,529.33,-0.77,0.79,Yellow,234685.07
45,5,car,VISIBLE,6,0,0.6413,794.13,390.86,6.04,0.12,Yellow,1708.34
45,6,can,VISIBLE,29,0,0.7339,949.34,398.8,6.17,-0.15,Green,859.7
46,1,person,VISIBLE,45,0,0.9471,606.42,371.4,-1.69,0.72,Green,196995.52
46,3,can,OCCLUDED,31,14,0.844,556.83,400.66,6.28,0.22,Green,455.01
46,2,car,VISIBLE,42,0,0.3408,457.31,381.94,9.18,-0.2,Yellow,866.15
46,4,bicycle,VISIBLE,35,0,0.9436,590.6,529.78,-0.85,0.55,Yellow,233927.53
46,5,car,VISIBLE,7,0,0.6138,800.88,391.29,6.54,0.34,Yellow,1714.76
46,6,can,VISIBLE,30,0,0.8347,955.82,399.27,6.38,0.29,Green,856.36
47,1,person,VISIBLE,46,0,0.9531,605.67,375.65,-1.03,3.19,Green,200370.88
47,3,can,OCCLUDED,31,15,0.833,563.11,400.88,6.28,0.22,Green,455.01
47,2,car,VISIBLE,43,0,0.3408,466.47,381.75,9.17,-0.2,Yellow,646.69
47,4,bicycle,VISIBLE,36,0,0.9436,589.73,530.28,-0.86,0.52,Yellow,233331.08
47,5,car,VISIBLE,8,0,0.5558,807.42,391.9,6.54,0.53,Yellow,1701.71
47,6,can,VISIBLE,31,0,0.7378,962.35,400.04,6.49,0.63,Green,874.58
48,1,person,VISIBLE,47,0,0.9352,605.37,376.13,-0.53,1.29,Green,200225.65
48,3,can,OCCLUDED,31,16,0.822,569.39,401.1,6.28,0.22,Green,455.01
48,2,car,OCCLUDED,43,1,0.989,475.64,381.55,9.17,-0.2,Yellow,646.69
48,4,bicycle,VISIBLE,37,0,0.942,588.8,530.5,-0.91,0.31,Yellow,232841.35
48,5,car,VISIBLE,9,0,0.5829,814.02,392.48,6.58,0.56,Yellow,1711.04
48,6,can,VISIBLE,32,0,0.8581,969.0,400.87,6.61,0.77,Green,890.06
49,1,person,VISIBLE,48,0,0.9186,605.41,372.0,-0.13,-2.5,Green,196835.25
49,3,can,OCCLUDED,31,17,0.811,575.67,401.32,6.28,0.22,Green,455.01
49,2,car,OCCLUDED,43,2,0.978,484.81,381.35,9.17,-0.2,Yellow,646.69
49,4,bicycle,VISIBLE,38,0,0.9438,588.34,530.43,-0.59,0.05,Yellow,232457.76
49,5,car,VISIBLE,10,0,0.6031,820.54,392.81,6.54,0.4,Yellow,1714.51
49,6,can,VISIBLE,33,0,0.8058,975.47,401.46,6.5,0.65,Green,925.47
50,1,person,VISIBLE,49,0,0.9325,605.83,367.78,0.25,-3.71,Green,193587.34
50,3,can,OCCLUDED,31,18,0.8,581.95,401.55,6.28,0.22,Green,455.01
50,2,car,OCCLUDED,43,3,0.967,493.97,381.16,9.17,-0.2,Yellow,646.69
50,4,bicycle,VISIBLE,39,0,0.9428,588.39,530.0,-0.14,-0.28,Yellow,232505.76
50,5,car,VISIBLE,11,0,0.6253,827.04,392.95,6.51,0.22,Yellow,1717.61
50,6,can,VISIBLE,34,0,0.8129,982.56,401.57,6.92,0.27,Green,928.19
51,1,person,VISIBLE,50,0,0.9567,606.62,357.57,0.63,-8.25,Green,186510.26
51,3,can,OCCLUDED,31,19,0.789,588.23,401.77,6.28,0.22,Green,455.01
51,2,car,OCCLUDED,43,4,0.956,503.14,380.96,9.17,-0.2,Yellow,646.69
51,4,bicycle,VISIBLE,40,0,0.9396,589.15,529.26,0.49,-0.6,Yellow,232733.97
51,5,car,VISIBLE,12,0,0.6509,834.18,392.59,6.95,-0.19,Yellow,1710.47
51,6,can,VISIBLE,35,0,0.7959,989.79,401.48,7.13,0.01,Green,965.51
52,1,person,VISIBLE,51,0,0.9567,607.73,353.57,0.97,-5.28,Green,183400.76
52,3,can,OCCLUDED,31,20,0.778,594.51,401.99,6.28,0.22,Green,455.01
52,2,car,OCCLUDED,43,5,0.944,512.31,380.77,9.17,-0.2,Yellow,646.69
52,4,bicycle,VISIBLE,41,0,0.9388,590.31,527.97,0.95,-1.09,Yellow,233826.01
52,5,car,VISIBLE,13,0,0.6484,840.95,392.25,6.83,-0.29,Yellow,1695.53
52,6,can,VISIBLE,36,0,0.7749,997.62,400.92,7.62,-0.38,Green,963.25
53,1,person,VISIBLE,52,0,0.9587,608.88,354.09,1.1,-1.23,Green,184226.23
53,3,can,OCCLUDED,31,21,0.767,600.79,402.21,6.28,0.22,Green,455.01
53,2,car,OCCLUDED,43,6,0.933,521.48,380.57,9.17,-0.2,Yellow,646.69
53,4,bicycle,VISIBLE,42,0,0.936,591.69,526.54,1.26,-1.32,Yellow,235235.51
53,5,car,VISIBLE,14,0,0.617,847.93,391.74,6.93,-0.45,Yellow,1694.01
53,6,can,VISIBLE,37,0,0.7545,1005.31,400.31,7.67,-0.55,Green,973.43
54,1,person,VISIBLE,53,0,0.959,610.34,357.52,1.34,2.04,Green,187330.01
54,3,can,OCCLUDED,31,22,0.756,607.07,402.43,6.28,0.22,Green,455.01
54,2,car,OCCLUDED,43,7,0.922,530.65,380.38,9.17,-0.2,Yellow,646.69
54,4,bicycle,VISIBLE,43,0,0.934,593.28,525.55,1.49,-1.09,Yellow,236414.72
54,5,car,VISIBLE,15,0,0.6048,855.19,391.08,7.16,-0.59,Yellow,1705.63
54,6,can,VISIBLE,38,0,0.7307,1013.13,399.4,7.78,-0.79,Green,979.77
55,1,person,VISIBLE,54,0,0.9533,611.85,362.46,1.46,4.07,Green,191188.25
55,3,can,OCCLUDED,31,23,0.744,613.35,402.65,6.28,0.22,Green,455.01
55,2,car,OCCLUDED,43,8,0.911,539.82,380.18,9.17,-0.2,Yellow,646.69
55,4,bicycle,VISIBLE,44,0,0.9286,594.81,524.83,1.51,-0.84,Yellow,237378.96
55,5,car,VISIBLE,16,0,0.6402,862.52,390.54,7.28,-0.56,Yellow,1702.96
55,6,can,VISIBLE,39,0,0.7834,1021.3,398.74,8.05,-0.7,Green,988.51
56,1,person,VISIBLE,55,0,0.9508,613.41,369.02,1.53,5.81,Green,196049.45
56,3,can,OCCLUDED,31,24,0.733,619.63,402.87,6.28,0.22,Green,455.01
56,2,car,VISIBLE,44,0,0.2684,780.98,385.05,27.21,0.2,Green,512.5
56,4,bicycle,VISIBLE,45,0,0.9286,595.79,524.07,1.14,-0.78,Yellow,238115.33
56,5,car,VISIBLE,17,0,0.5603,870.0,390.02,7.42,-0.53,Yellow,1706.38
56,6,can,VISIBLE,40,0,0.7231,1029.39,398.26,8.08,-0.54,Green,983.45
57,1,person,VISIBLE,56,0,0.9529,614.9,375.73,1.5,6.44,Green,200964.08
57,3,can,OCCLUDED,31,25,0.722,625.91,403.09,6.28,0.22,Green,455.01
57,2,car,VISIBLE,45,0,0.2115,785.55,385.37,11.36,0.28,Green,506.54
57,4,bicycle,VISIBLE,46,0,0.9286,596.76,523.3,1.02,-0.77,Yellow,238850.46
57,5,car,VISIBLE,18,0,0.5008,877.35,389.98,7.37,-0.19,Yellow,1706.4
57,6,can,VISIBLE,41,0,0.7571,1037.64,398.08,8.2,-0.29,Green,972.42
58,1,person,VISIBLE,57,0,0.9525,616.67,381.29,1.69,5.82,Green,204633.96
58,3,can,OCCLUDED,31,26,0.711,632.19,403.31,6.28,0.22,Green,455.01
58,2,car,VISIBLE,46,0,0.2556,791.19,385.94,7.36,0.49,Green,529.88
58,4,bicycle,VISIBLE,47,0,0.9286,597.73,522.54,0.99,-0.76,Yellow,239584.38
58,5,car,VISIBLE,19,0,0.4576,884.86,390.07,7.46,0.01,Yellow,1689.87
58,6,can,VISIBLE,42,0,0.7323,1045.62,398.24,8.05,0.02,Green,962.84
59,1,person,VISIBLE,58,0,0.9522,618.23,385.39,1.6,4.62,Green,207554.91
59,3,can,OCCLUDED,31,27,0.7,638.47,403.53,6.28,0.22,Green,455.01
59,2,car,VISIBLE,47,0,0.2724,797.91,386.27,6.91,0.37,Green,557.16
59,4,bicycle,VISIBLE,48,0,0.9286,598.71,521.78,0.98,-0.76,Yellow,240317.06
59,5,car,VISIBLE,20,0,0.4425,892.28,390.44,7.44,0.26,Yellow,1689.06
59,6,can,VISIBLE,43,0,0.7915,1053.97,398.71,8.26,0.34,Green,974.92
60,1,person,VISIBLE,59,0,0.948,619.68,388.08,1.5,3.27,Green,209460.42
60,3,can,OCCLUDED,31,28,0.689,644.75,403.75,6.28,0.22,Green,455.01
60,2,car,VISIBLE,48,0,0.3193,804.94,386.12,6.99,0.01,Green,592.75
60,4,bicycle,VISIBLE,49,0,0.9286,599.68,521.03,0.98,-0.76,Yellow,241048.52
60,5,car,VISIBLE,21,0,0.4542,899.57,390.58,7.33,0.18,Yellow,1689.18
60,6,can,VISIBLE,44,0,0.7201,1062.16,398.93,8.21,0.25,Green,984.65
61,1,person,VISIBLE,60,0,0.9439,620.95,387.29,1.33,0.42,Green,209035.58
61,3,can,OCCLUDED,31,29,0.678,651.03,403.97,6.28,0.22,Green,455.01
61,2,car,VISIBLE,49,0,0.3318,811.87,385.94,6.95,-0.13,Green,623.26
61,4,bicycle,OCCLUDED,49,1,0.989,600.66,520.27,0.98,-0.76,Yellow,241048.52
61,5,car,VISIBLE,22,0,0.4858,906.62,390.64,7.14,0.09,Yellow,1672.64
61,6,can,VISIBLE,45,0,0.745,1070.45,398.84,8.27,0.01,Green,976.63
62,1,person,VISIBLE,61,0,0.9461,622.09,384.5,1.2,-1.83,Green,207704.15
62,3,can,OCCLUDED,31,30,0.667,657.31,404.19,6.28,0.22,Green,455.01
62,2,car,VISIBLE,50,0,0.2779,818.66,385.71,6.84,-0.2,Green,638.61
62,4,bicycle,OCCLUDED,49,2,0.978,601.64,519.51,0.98,-0.76,Yellow,241048.52
62,5,car,VISIBLE,23,0,0.4834,913.74,390.71,7.12,0.07,Yellow,1661.38
62,6,can,VISIBLE,46,0,0.7274,1078.42,398.74,8.06,-0.07,Green,969.1
63,1,person,VISIBLE,62,0,0.9453,622.9,380.15,0.93,-3.59,Green,205455.81
63,3,can,OCCLUDED,31,31,0.656,663.59,404.41,6.28,0.22,Green,455.01
63,2,car,VISIBLE,51,0,0.3325,825.7,385.55,6.98,-0.17,Green,641.17
63,4,bicycle,OCCLUDED,49,3,0.967,602.62,518.75,0.98,-0.76,Yellow,241048.52
63,5,car,VISIBLE,24,0,0.5282,921.02,390.72,7.24,0.03,Yellow,1645.97
63,6,can,VISIBLE,47,0,0.7793,1086.7,398.73,8.21,-0.03,Green,972.24
64,1,person,VISIBLE,63,0,0.9466,623.5,375.0,0.7,-4.69,Green,202900.47
64,3,can,OCCLUDED,31,32,0.644,669.87,404.63,6.28,0.22,Green,455.01
64,2,car,VISIBLE,52,0,0.2041,832.79,385.18,7.06,-0.31,Green,656.11
64,4,bicycle,VISIBLE,50,0,0.9413,600.79,524.66,0.49,0.41,Yellow,245220.2
64,5,car,VISIBLE,25,0,0.5701,928.47,390.71,7.38,-0.0,Yellow,1652.22
64,6,can,VISIBLE,48,0,0.7228,1094.91,398.76,8.21,0.02,Green,968.07
65,1,person,VISIBLE,64,0,0.95,623.69,367.75,0.34,-6.48,Green,198657.96
65,3,can,OCCLUDED,31,33,0.633,676.15,404.85,6.28,0.22,Green,455.01
65,2,car,VISIBLE,53,0,0.2454,839.58,385.18,6.87,-0.1,Green,644.41
65,4,bicycle,VISIBLE,51,0,0.949,595.83,524.85,-3.33,0.25,Yellow,249405.38
65,5,car,VISIBLE,26,0,0.646,935.81,390.58,7.36,-0.09,Green,1659.4
65,6,can,VISIBLE,49,0,0.7572,1103.22,398.75,8.28,-0.01,Green,940.95
66,1,person,VISIBLE,65,0,0.948,623.66,360.17,0.08,-7.25,Green,194251.84
66,3,can,OCCLUDED,31,34,0.622,682.43,405.07,6.28,0.22,Green,455.01
66,2,car,VISIBLE,54,0,0.271,846.17,385.0,6.67,-0.15,Green,629.34
66,4,bicycle,VISIBLE,52,0,0.9428,592.95,523.48,-3.01,-0.88,Yellow,253964.9
66,5,car,VISIBLE,27,0,0.5738,943.26,390.55,7.42,-0.04,Yellow,1657.55
66,6,can,VISIBLE,50,0,0.7328,1111.43,398.51,8.23,-0.16,Green,923.17
67,1,person,VISIBLE,66,0,0.9449,628.96,354.62,3.73,-6.06,Green,184698.49
67,3,can,OCCLUDED,31,35,0.611,688.7,405.29,6.28,0.22,Green,455.01
67,2,car,VISIBLE,55,0,0.2448,852.98,385.02,6.77,-0.03,Green,632.3
67,4,bicycle,VISIBLE,53,0,0.9312,591.6,502.58,-1.85,-14.9,Yellow,282817.84
67,5,car,VISIBLE,28,0,0.5823,951.04,390.44,7.67,-0.09,Yellow,1656.9
67,6,can,VISIBLE,51,0,0.7298,1120.05,398.38,8.5,-0.15,Green,921.6
68,1,person,VISIBLE,67,0,0.9312,634.99,354.85,5.34,-1.66,Green,178106.0
68,3,can,OCCLUDED,31,36,0.6,694.98,405.52,6.28,0.22,Green,455.01
68,2,car,VISIBLE,56,0,0.2309,859.61,385.14,6.67,0.08,Green,624.03
68,4,motorcycle,VISIBLE,54,0,0.9389,590.49,489.45,-1.33,-13.65,Yellow,300115.32
68,5,car,VISIBLE,29,0,0.5538,958.66,390.47,7.64,-0.0,Yellow,1663.8
68,6,can,VISIBLE,52,0,0.738,1128.56,398.36,8.51,-0.06,Green,911.79
69,1,person,VISIBLE,68,0,0.8621,639.48,355.88,4.75,0.22,Green,174449.84
69,3,can,OCCLUDED,31,37,0.589,701.26,405.74,6.28,0.22,Green,455.01
69,2,car,VISIBLE,57,0,0.2672,866.36,385.41,6.73,0.21,Green,615.01
69,4,motorcycle,VISIBLE,55,0,0.9192,590.13,477.58,-0.65,-12.41,Green,316077.69
69,5,car,VISIBLE,30,0,0.6181,966.3,390.47,7.64,-0.0,Yellow,1670.25
69,6,can,VISIBLE,53,0,0.7149,1136.99,398.55,8.45,0.12,Green,900.86
70,1,person,VISIBLE,69,0,0.8163,644.78,343.83,5.14,-8.37,Green,162610.12
70,3,can,OCCLUDED,31,38,0.578,707.54,405.96,6.28,0.22,Green,455.01
70,2,car,VISIBLE,58,0,0.2211,873.22,385.45,6.82,0.09,Green,615.49
70,4,motorcycle,VISIBLE,56,0,0.9324,589.95,465.53,-0.32,-12.16,Green,332348.84
70,5,car,VISIBLE,31,0,0.6757,973.74,390.64,7.5,0.12,Yellow,1669.7
70,6,can,VISIBLE,54,0,0.7584,1145.55,398.78,8.53,0.2,Green,904.55
71,1,person,VISIBLE,70,0,0.7609,648.41,340.83,4.08,-4.61,Green,157866.41
71,3,can,OCCLUDED,31,39,0.567,713.82,406.18,6.28,0.22,Green,455.01
71,2,car,VISIBLE,59,0,0.2265,880.05,385.7,6.83,0.2,Green,618.73
71,4,motorcycle,VISIBLE,57,0,0.9335,590.08,458.35,-0.01,-8.67,Green,342536.28
71,5,car,VISIBLE,32,0,0.6243,981.45,390.81,7.65,0.15,Yellow,1666.88
71,6,can,VISIBLE,55,0,0.6923,1154.15,399.15,8.58,0.32,Green,915.3
72,1,person,VISIBLE,71,0,0.8655,652.4,337.38,4.02,-3.79,Green,160614.69
72,3,can,OCCLUDED,31,40,0.556,720.1,406.4,6.28,0.22,Green,455.01
72,2,car,VISIBLE,60,0,0.2005,886.62,385.82,6.65,0.15,Green,623.65
72,4,motorcycle,VISIBLE,58,0,0.9347,590.22,455.1,0.1,-4.88,Green,347347.3
72,5,car,VISIBLE,33,0,0.6326,988.98,390.84,7.56,0.06,Yellow,1659.98
72,6,can,VISIBLE,56,0,0.7112,1163.03,399.23,8.79,0.15,Green,932.39
73,1,person,VISIBLE,72,0,0.7925,656.68,334.79,4.2,-2.95,Green,161247.65
73,3,can,OCCLUDED,31,41,0.544,726.38,406.62,6.28,0.22,Green,455.01
73,2,car,VISIBLE,61,0,0.2005,893.32,385.93,6.68,0.12,Green,624.62
73,4,motorcycle,VISIBLE,59,0,0.93,599.04,454.13,6.21,-2.14,Green,357878.64
73,5,car,VISIBLE,34,0,0.661,996.48,390.64,7.52,-0.11,Yellow,1680.56
73,6,can,VISIBLE,57,0,0.6328,1171.39,399.01,8.49,-0.11,Green,927.92
74,1,person,VISIBLE,73,0,0.8016,656.08,332.79,0.84,-2.29,Green,165427.51
74,3,can,OCCLUDED,31,42,0.533,732.66,406.84,6.28,0.22,Green,455.01
74,2,car,VISIBLE,62,0,0.2005,900.01,386.04,6.69,0.11,Green,625.59
74,4,motorcycle,VISIBLE,60,0,0.9228,608.0,455.06,8.13,0.01,Green,365640.52
74,5,car,VISIBLE,35,0,0.6711,1004.02,390.27,7.53,-0.29,Yellow,1680.02
74,6,can,VISIBLE,58,0,0.7527,1180.14,398.43,8.67,-0.44,Green,941.9
75,1,person,VISIBLE,74,0,0.8566,655.9,332.43,0.13,-0.94,Green,167863.09
75,3,can,OCCLUDED,31,43,0.522,738.94,407.06,6.28,0.22,Green,455.01
75,2,car,VISIBLE,63,0,0.2005,906.71,386.14,6.7,0.11,Green,626.55
75,4,motorcycle,VISIBLE,61,0,0.9204,613.46,456.58,6.26,1.07,Green,368515.65
75,5,car,VISIBLE,36,0,0.6886,1011.62,389.7,7.58,-0.49,Yellow,1696.6
75,6,can,VISIBLE,59,0,0.6956,1188.66,397.84,8.56,-0.55,Green,945.01
76,1,person,VISIBLE,75,0,0.8634,655.26,332.44,-0.41,-0.27,Green,169917.87
76,3,can,OCCLUDED,31,44,0.511,745.22,407.28,6.28,0.22,Green,455.01
76,2,car,VISIBLE,64,0,0.2005,913.41,386.25,6.7,0.11,Green,627.51
76,4,motorcycle,VISIBLE,62,0,0.9178,616.57,458.87,4.05,1.93,Green,367615.59
76,5,car,VISIBLE,37,0,0.5301,1019.08,389.07,7.5,-0.58,Yellow,1706.29
76,6,can,VISIBLE,60,0,0.7089,1197.12,397.13,8.49,-0.65,Green,967.77
77,1,person,VISIBLE,76,0,0.7182,656.03,332.21,0.42,-0.25,Green,169711.08
77,3,can,OCCLUDED,31,45,0.5,751.5,407.5,6.28,0.22,Green,455.01
77,2,car,VISIBLE,65,0,0.2005,920.11,386.36,6.7,0.11,Green,628.46
77,4,motorcycle,VISIBLE,63,0,0.9311,618.06,459.03,2.26,0.69,Green,368400.19
77,5,car,VISIBLE,38,0,0.5671,1026.38,388.44,7.37,-0.62,Yellow,1713.77
77,6,can,VISIBLE,61,0,0.713,1205.35,396.5,8.3,-0.64,Green,974.89
78,1,person,VISIBLE,77,0,0.8848,655.0,332.15,-0.6,-0.11,Green,170676.11
78,3,can,OCCLUDED,31,46,0.489,757.78,407.72,6.28,0.22,Green,455.01
78,2,car,OCCLUDED,65,1,0.989,926.8,386.46,6.7,0.11,Green,628.46
78,4,motorcycle,VISIBLE,64,0,0.931,618.36,459.44,0.89,0.49,Green,367537.0
78,5,car,VISIBLE,39,0,0.4609,1033.54,388.03,7.22,-0.47,Yellow,1698.39
78,6,can,VISIBLE,62,0,0.734,1213.47,396.1,8.18,-0.47,Green,988.35
79,1,person,VISIBLE,78,0,0.924,655.08,332.54,-0.12,0.24,Blue,170094.8
79,3,can,OCCLUDED,31,47,0.478,764.06,407.94,6.28,0.22,Green,455.01
79,2,car,OCCLUDED,65,2,0.978,933.5,386.57,6.7,0.11,Green,628.46
79,4,motorcycle,VISIBLE,65,0,0.929,619.47,460.0,1.04,0.54,Green,366822.9
79,5,car,VISIBLE,40,0,0.5263,1040.77,388.1,7.23,-0.1,Yellow,1681.47
79,6,can,VISIBLE,63,0,0.7064,1221.5,396.27,8.08,-0.02,Green,976.98
80,1,person,VISIBLE,79,0,0.9204,656.92,333.8,1.26,0.95,Blue,167856.81
80,3,can,OCCLUDED,31,48,0.467,770.34,408.16,6.28,0.22,Green,455.01
80,2,car,OCCLUDED,65,3,0.967,940.19,386.67,6.7,0.11,Green,628.46
80,4,motorcycle,VISIBLE,66,0,0.9282,619.21,460.62,0.13,0.59,Green,364408.71
80,5,car,VISIBLE,41,0,0.4992,1047.77,388.57,7.07,0.3,Yellow,1684.42
80,6,can,VISIBLE,64,0,0.6958,1229.6,397.01,8.09,0.51,Green,981.03
81,1,person,VISIBLE,80,0,0.9151,658.97,335.45,1.81,1.44,Blue,165302.03
81,3,can,OCCLUDED,31,49,0.456,776.62,408.38,6.28,0.22,Green,455.01
81,2,car,OCCLUDED,65,4,0.956,946.89,386.78,6.7,0.11,Green,628.46
81,4,motorcycle,VISIBLE,67,0,0.9314,618.37,461.28,-0.55,0.64,Green,361620.91
81,5,car,VISIBLE,42,0,0.469,1054.88,389.47,7.1,0.72,Green,1684.26
81,6,can,VISIBLE,65,0,0.6813,1237.24,398.06,7.78,0.89,Green,960.32
82,1,person,VISIBLE,81,0,0.9106,665.45,337.4,5.08,1.8,Blue,158305.67
82,3,can,OCCLUDED,31,50,0.444,782.9,408.6,6.28,0.22,Green,455.01
82,2,car,OCCLUDED,65,5,0.944,953.59,386.88,6.7,0.11,Green,628.46
82,4,motorcycle,VISIBLE,68,0,0.932,617.8,462.11,-0.57,0.77,Green,359258.49
82,5,car,VISIBLE,43,0,0.5423,1061.88,390.23,7.03,0.75,Yellow,1680.99
82,6,can,VISIBLE,66,0,0.7193,1244.96,399.12,7.74,1.01,Green,945.96
83,1,person,VISIBLE,82,0,0.917,670.96,339.01,5.37,1.66,Blue,152423.14
83,3,can,OCCLUDED,31,51,0.433,789.18,408.82,6.28,0.22,Green,455.01
83,2,car,OCCLUDED,65,6,0.933,960.28,386.99,6.7,0.11,Green,628.46
83,4,motorcycle,VISIBLE,69,0,0.9322,617.33,462.8,-0.5,0.71,Green,356973.56
83,5,car,VISIBLE,44,0,0.3935,1068.82,390.75,6.96,0.59,Yellow,1676.76
83,6,can,VISIBLE,67,0,0.602,1252.93,399.59,7.9,0.63,Green,932.0
84,1,person,VISIBLE,83,0,0.9173,674.62,339.99,4.17,1.18,Blue,148335.26
84,3,can,OCCLUDED,31,52,0.422,795.46,409.04,6.28,0.22,Green,455.01
84,2,car,OCCLUDED,65,7,0.922,966.98,387.09,6.7,0.11,Green,628.46
84,4,motorcycle,VISIBLE,70,0,0.9321,618.23,463.27,0.48,0.55,Green,356423.49
84,5,car,VISIBLE,45,0,0.4026,1075.62,390.9,6.86,0.28,Yellow,1667.01
84,6,can,VISIBLE,68,0,0.4538,1261.02,399.6,8.03,0.2,Green,946.72
85,1,person,VISIBLE,84,0,0.9068,673.38,339.96,0.39,0.33,Blue,149236.95
85,3,can,OCCLUDED,31,53,0.411,801.74,409.26,6.28,0.22,Green,455.01
85,2,car,OCCLUDED,65,8,0.911,973.67,387.2,6.7,0.11,Green,628.46
85,4,motorcycle,VISIBLE,71,0,0.933,618.92,463.31,0.63,0.19,Green,356697.2
85,5,car,VISIBLE,46,0,0.5175,1082.28,390.5,6.71,-0.2,Yellow,1687.35
85,6,can,VISIBLE,69,0,0.3385,1267.58,399.12,7.0,-0.27,Green,890.12
86,1,person,VISIBLE,85,0,0.9313,665.92,339.16,-5.1,-0.46,Blue,156741.98
86,3,can,OCCLUDED,31,54,0.4,808.02,409.49,6.28,0.22,Green,455.01
86,2,car,OCCLUDED,65,9,0.9,980.37,387.3,6.7,0.11,Green,628.46
86,4,motorcycle,VISIBLE,72,0,0.9293,619.64,463.36,0.69,0.09,Green,357152.23
86,5,car,VISIBLE,47,0,0.4887,1088.93,389.62,6.67,-0.67,Yellow,1702.55
86,6,can,VISIBLE,70,0,0.2716,1272.89,398.17,5.82,-0.75,Green,783.27
87,1,person,VISIBLE,86,0,0.9256,660.55,338.09,-5.29,-0.89,Blue,162192.16
87,3,can,OCCLUDED,31,55,0.389,814.3,409.71,6.28,0.22,Green,455.01
87,2,car,OCCLUDED,65,10,0.889,987.07,387.41,6.7,0.11,Green,628.46
87,4,motorcycle,VISIBLE,73,0,0.9277,620.42,463.42,0.75,0.07,Green,357134.04
87,5,car,VISIBLE,48,0,0.5675,1095.61,388.74,6.68,-0.82,Yellow,1717.54
87,6,can,VISIBLE,71,0,0.3072,1277.22,397.5,4.78,-0.7,Green,605.5
88,1,person,VISIBLE,87,0,0.9159,659.83,337.05,-2.09,-1.0,Blue,163607.96
88,3,can,OCCLUDED,31,56,0.378,820.58,409.93,6.28,0.22,Green,455.01
88,2,car,OCCLUDED,65,11,0.878,993.76,387.51,6.7,0.11,Green,628.46
88,4,motorcycle,VISIBLE,74,0,0.9285,621.14,463.35,0.73,-0.03,Green,356309.93
88,5,car,VISIBLE,49,0,0.5492,1102.19,387.91,6.61,-0.82,Green,1736.82
88,6,can,VISIBLE,72,0,0.3072,1283.51,397.21,5.84,-0.41,Green,521.55
89,1,person,VISIBLE,88,0,0.9195,663.77,336.45,2.13,-0.71,Blue,159259.25
89,3,can,OCCLUDED,31,57,0.367,826.86,410.15,6.28,0.22,Green,455.01
89,2,car,OCCLUDED,65,12,0.867,1000.46,387.62,6.7,0.11,Green,628.46
89,4,motorcycle,VISIBLE,75,0,0.9281,622.13,463.23,0.91,-0.09,Green,354635.81
89,5,car,VISIBLE,50,0,0.4236,1108.69,387.57,6.53,-0.49,Green,1733.36
89,6,can,VISIBLE,73,0,0.3072,1289.82,396.92,6.17,-0.33,Neutral,434.69
90,1,person,VISIBLE,89,0,0.9157,665.98,336.31,2.19,-0.31,Blue,156897.11
90,3,can,OCCLUDED,31,58,0.356,833.14,410.37,6.28,0.22,Green,455.01
90,2,car,OCCLUDED,65,13,0.856,1007.16,387.72,6.7,0.11,Green,628.46
90,4,motorcycle,VISIBLE,76,0,0.9312,622.88,463.12,0.79,-0.1,Green,353346.47
90,5,car,VISIBLE,51,0,0.4927,1115.21,387.57,6.52,-0.15,Green,1752.14
90,6,can,VISIBLE,74,0,0.3072,1296.11,396.62,6.26,-0.3,Neutral,344.92
91,1,person,VISIBLE,90,0,0.9175,667.57,336.62,1.76,0.12,Blue,155766.64
91,3,can,OCCLUDED,31,59,0.344,839.42,410.59,6.28,0.22,Green,455.01
91,2,car,OCCLUDED,65,14,0.844,1013.85,387.83,6.7,0.11,Green,628.46
91,4,motorcycle,VISIBLE,77,0,0.9321,623.64,463.55,0.77,0.27,Green,351599.4
91,5,car,VISIBLE,52,0,0.4848,1122.09,387.83,6.77,0.14,Green,1755.22
91,6,can,VISIBLE,75,0,0.3072,1302.41,396.34,6.29,-0.29,Neutral,252.25
92,1,person,VISIBLE,91,0,0.9251,664.31,337.15,-1.75,0.4,Blue,159662.81
92,3,can,OCCLUDED,31,60,0.333,845.7,410.81,6.28,0.22,Green,455.01
92,2,car,OCCLUDED,65,15,0.833,1020.55,387.93,6.7,0.11,Green,628.46
92,4,motorcycle,VISIBLE,78,0,0.9327,624.15,463.8,0.59,0.25,Green,349984.91
92,5,car,VISIBLE,53,0,0.4321,1128.76,388.39,6.7,0.44,Yellow,1768.13
92,6,can,VISIBLE,76,0,0.3072,1308.71,396.04,6.29,-0.29,Neutral,156.67
93,1,person,VISIBLE,92,0,0.916,663.13,337.49,-1.35,0.37,Blue,161177.28
93,3,can,OCCLUDED,31,61,0.322,851.98,411.03,6.28,0.22,Green,455.01
93,2,car,OCCLUDED,65,16,0.822,1027.24,388.04,6.7,0.11,Green,628.46
93,4,motorcycle,VISIBLE,79,0,0.9312,623.95,464.88,0.04,0.83,Green,346742.62
93,5,car,VISIBLE,54,0,0.437,1135.74,388.99,6.9,0.54,Yellow,1734.79
93,6,can,OUT_OF_BOUNDS,76,1,0.989,1315.0,395.75,6.29,-0.29,Neutral,156.67
94,1,person,VISIBLE,93,0,0.9171,662.75,337.48,-0.67,0.1,Blue,161300.06
94,3,can,OCCLUDED,31,62,0.311,858.26,411.25,6.28,0.22,Green,455.01
94,2,car,OCCLUDED,65,17,0.811,1033.94,388.14,6.7,0.11,Green,628.46
94,4,motorcycle,VISIBLE,80,0,0.9281,623.72,464.64,-0.16,0.08,Green,344974.39
94,5,car,VISIBLE,55,0,0.4681,1142.34,389.03,6.69,0.19,Yellow,1733.04
94,6,can,OUT_OF_BOUNDS,76,2,0.978,1321.3,395.45,6.29,-0.29,Neutral,156.67
95,1,person,VISIBLE,94,0,0.9221,662.88,337.24,-0.11,-0.14,Blue,160586.74
95,3,can,OCCLUDED,31,63,0.3,864.54,411.47,6.28,0.22,Green,455.01
95,2,car,OCCLUDED,65,18,0.8,1040.64,388.25,6.7,0.11,Green,628.46
95,4,motorcycle,VISIBLE,81,0,0.9336,622.85,464.41,-0.66,-0.14,Green,342672.39
95,5,car,VISIBLE,56,0,0.3632,1149.3,388.56,6.88,-0.27,Green,1717.47
95,6,can,OUT_OF_BOUNDS,76,3,0.967,1327.59,395.16,6.29,-0.29,Neutral,156.67
96,1,person,VISIBLE,95,0,0.9193,664.33,336.44,0.98,-0.6,Blue,158181.17
96,3,can,OCCLUDED,31,64,0.289,870.82,411.69,6.28,0.22,Green,455.01
96,2,car,OCCLUDED,65,19,0.789,1047.33,388.35,6.7,0.11,Green,628.46
96,4,motorcycle,VISIBLE,82,0,0.9358,623.13,463.8,0.01,-0.47,Green,342211.54
96,5,car,VISIBLE,57,0,0.3639,1156.37,387.92,7.01,-0.53,Green,1670.98
96,6,can,OUT_OF_BOUNDS,76,4,0.956,1333.88,394.86,6.29,-0.29,Neutral,156.67
97,1,person,VISIBLE,96,0,0.9263,663.77,335.94,-0.1,-0.53,Blue,157899.28
97,3,can,OCCLUDED,31,65,0.278,877.1,411.91,6.28,0.22,Green,455.01
97,2,car,OCCLUDED,65,20,0.778,1054.03,388.46,6.7,0.11,Green,628.46
97,4,motorcycle,VISIBLE,83,0,0.936,623.61,462.77,0.33,-0.86,Green,341959.86
97,5,car,VISIBLE,58,0,0.3601,1163.97,386.96,7.42,-0.83,Green,1623.53
97,6,can,OUT_OF_BOUNDS,76,5,0.944,1340.17,394.57,6.29,-0.29,Neutral,156.67
98,1,person,VISIBLE,97,0,0.9234,666.62,335.52,1.97,-0.45,Blue,154083.06
98,3,can,OCCLUDED,31,66,0.267,883.38,412.13,6.28,0.22,Green,455.01
98,2,car,OCCLUDED,65,21,0.767,1060.73,388.56,6.7,0.11,Green,628.46
98,4,motorcycle,VISIBLE,84,0,0.9344,623.72,462.33,0.17,-0.57,Green,341098.9
98,5,car,VISIBLE,59,0,0.307,1171.91,386.4,7.79,-0.64,Green,1496.68
98,6,can,OUT_OF_BOUNDS,76,6,0.933,1346.47,394.27,6.29,-0.29,Neutral,156.67
99,1,person,VISIBLE,98,0,0.923,668.08,335.69,1.61,-0.02,Blue,151430.73
99,3,can,OCCLUDED,31,67,0.256,889.66,412.35,6.28,0.22,Green,455.01
99,2,car,OCCLUDED,65,22,0.756,1067.42,388.67,6.7,0.11,Green,628.46
99,4,motorcycle,VISIBLE,85,0,0.9365,623.55,462.3,-0.07,-0.19,Green,339757.39
99,5,car,VISIBLE,60,0,0.1965,1180.26,386.39,8.18,-0.2,Green,1327.84
99,6,can,OUT_OF_BOUNDS,76,7,0.922,1352.76,393.98,6.29,-0.29,Neutral,156.67
100,1,person,VISIBLE,99,0,0.9186,668.89,336.18,1.06,0.34,Blue,149092.7
100,3,can,OCCLUDED,31,68,0.244,895.94,412.57,6.28,0.22,Green,455.01
100,2,car,OCCLUDED,65,23,0.744,1074.12,388.77,6.7,0.11,Green,628.46
100,4,motorcycle,VISIBLE,86,0,0.9378,623.14,461.99,-0.3,-0.28,Green,338838.29
100,5,car,VISIBLE,61,0,0.2939,1188.5,387.0,8.22,0.37,Green,1146.73
100,6,can,OUT_OF_BOUNDS,76,8,0.911,1359.05,393.68,6.29,-0.29,Neutral,156.67
101,1,person,VISIBLE,100,0,0.8298,666.94,336.96,-1.05,0.65,Blue,149461.02
101,3,can,OCCLUDED,31,69,0.233,902.22,412.79,6.28,0.22,Green,455.01
101,2,car,OCCLUDED,65,24,0.733,1080.81,388.88,6.7,0.11,Green,628.46
101,4,motorcycle,VISIBLE,87,0,0.9372,622.3,462.15,-0.68,0.03,Green,337779.36
101,5,car,VISIBLE,62,0,0.2589,1196.61,388.0,8.15,0.81,Green,969.52
101,6,can,OUT_OF_BOUNDS,76,9,0.9,1365.34,393.39,6.29,-0.29,Neutral,156.67
102,1,person,VISIBLE,101,0,0.8009,660.15,338.04,-5.07,0.95,Blue,155169.41
102,3,can,OCCLUDED,31,70,0.222,908.49,413.01,6.28,0.22,Green,455.01
102,2,car,OCCLUDED,65,25,0.722,1087.51,388.98,6.7,0.11,Green,628.46
102,4,motorcycle,VISIBLE,88,0,0.9375,621.51,462.63,-0.76,0.35,Green,336304.87
102,5,car,VISIBLE,63,0,0.2782,1198.72,388.84,3.91,0.83,Green,1161.5
102,6,can,OUT_OF_BOUNDS,76,10,0.889,1371.64,393.09,6.29,-0.29,Neutral,156.67
103,1,person,VISIBLE,102,0,0.9335,653.9,338.71,-5.9,0.75,Blue,159791.98
103,3,can,OCCLUDED,31,71,0.211,914.77,413.24,6.28,0.22,Green,455.01
103,2,car,OCCLUDED,65,26,0.711,1094.21,389.09,6.7,0.11,Green,628.46
103,4,motorcycle,VISIBLE,89,0,0.9349,620.74,465.0,-0.77,1.76,Green,332102.88
103,5,car,VISIBLE,64,0,0.272,1201.06,389.63,2.82,0.8,Green,1331.87
103,6,can,OUT_OF_BOUNDS,76,11,0.878,1377.93,392.8,6.29,-0.29,Neutral,156.67
104,1,person,VISIBLE,103,0,0.9189,649.68,339.33,-4.72,0.66,Blue,162543.66
104,3,can,OCCLUDED,31,72,0.2,921.05,413.46,6.28,0.22,Green,455.01
104,2,car,OCCLUDED,65,27,0.7,1100.9,389.19,6.7,0.11,Green,628.46
104,4,motorcycle,VISIBLE,90,0,0.9318,619.64,466.54,-1.0,1.6,Green,327872.9
104,5,car,VISIBLE,65,0,0.2029,1204.01,389.39,2.91,0.07,Green,1476.2
104,6,can,OUT_OF_BOUNDS,76,12,0.867,1384.22,392.51,6.29,-0.29,Neutral,156.67
105,1,person,VISIBLE,104,0,0.8395,648.04,338.47,-2.57,-0.4,Blue,162329.46
105,3,can,OCCLUDED,31,73,0.189,927.33,413.68,6.28,0.22,Green,455.01
105,2,car,OCCLUDED,65,28,0.689,1107.6,389.3,6.7,0.11,Green,628.46
105,4,motorcycle,VISIBLE,91,0,0.9396,618.37,465.84,-1.19,-0.01,Green,326628.86
105,5,car,VISIBLE,66,0,0.2029,1208.65,389.69,4.13,0.23,Green,1522.64
105,6,can,OUT_OF_BOUNDS,76,13,0.856,1390.51,392.21,6.29,-0.29,Neutral,156.67
106,1,person,VISIBLE,105,0,0.9282,645.36,337.89,-2.64,-0.53,Blue,163263.61
106,3,can,OCCLUDED,31,74,0.178,933.61,413.9,6.28,0.22,Green,455.01
106,2,car,OCCLUDED,65,29,0.678,1114.3,389.4,6.7,0.11,Green,628.46
106,4,motorcycle,VISIBLE,92,0,0.9367,617.42,465.33,-1.02,-0.36,Green,325132.98
106,5,car,VISIBLE,67,0,0.2029,1213.3,389.98,4.49,0.28,Green,1567.85
106,6,can,OUT_OF_BOUNDS,76,14,0.844,1396.81,391.92,6.29,-0.29,Neutral,156.67
107,1,person,VISIBLE,106,0,0.9194,643.53,337.42,-2.07,-0.49,Blue,163766.29
107,3,can,OCCLUDED,31,75,0.167,939.89,414.12,6.28,0.22,Green,455.01
107,2,car,OCCLUDED,65,30,0.667,1120.99,389.51,6.7,0.11,Green,628.46
107,4,motorcycle,VISIBLE,93,0,0.9323,616.54,468.26,-0.93,1.94,Green,318622.58
107,5,car,VISIBLE,68,0,0.2029,1217.95,390.28,4.6,0.29,Green,1611.83
107,6,can,OUT_OF_BOUNDS,76,15,0.833,1403.1,391.62,6.29,-0.29,Neutral,156.67
108,1,person,VISIBLE,107,0,0.912,642.99,337.36,-1.0,-0.19,Blue,163305.57
108,3,can,OCCLUDED,31,76,0.156,946.17,414.34,6.28,0.22,Green,455.01
108,2,car,OCCLUDED,65,31,0.656,1127.69,389.61,6.7,0.11,Green,628.46
108,4,motorcycle,VISIBLE,94,0,0.9312,615.65,467.15,-0.9,-0.19,Green,317535.13
108,5,car,VISIBLE,69,0,0.2029,1222.61,390.57,4.64,0.29,Green,1654.56
108,6,can,OUT_OF_BOUNDS,76,16,0.822,1409.39,391.33,6.29,-0.29,Neutral,156.67
109,1,person,VISIBLE,108,0,0.9098,642.3,336.88,-0.78,-0.39,Blue,163232.71
109,3,can,OCCLUDED,31,77,0.144,952.45,414.56,6.28,0.22,Green,455.01
109,2,car,OCCLUDED,65,32,0.644,1134.38,389.72,6.7,0.11,Green,628.46
109,4,motorcycle,VISIBLE,95,0,0.9379,614.89,465.12,-0.8,-1.48,Green,318525.19
109,5,car,VISIBLE,70,0,0.169,1224.26,389.63,2.55,-0.57,Green,1561.73
109,6,can,OUT_OF_BOUNDS,76,17,0.811,1415.68,391.03,6.29,-0.29,Neutral,156.67
110,1,person,VISIBLE,109,0,0.9031,641.71,337.25,-0.65,0.14,Green,162532.25
110,3,can,OCCLUDED,31,78,0.133,958.73,414.78,6.28,0.22,Green,455.01
110,2,car,OCCLUDED,65,33,0.633,1141.08,389.82,6.7,0.11,Green,628.46
110,4,motorcycle,VISIBLE,96,0,0.935,614.03,464.13,-0.85,-1.14,Green,318769.41
110,5,car,VISIBLE,71,0,0.169,1228.12,389.6,3.46,-0.19,Yellow,1569.06
110,6,can,OUT_OF_BOUNDS,76,18,0.8,1421.98,390.74,6.29,-0.29,Neutral,156.67
110,12,car,VISIBLE,1,0,0.5883,928.93,377.53,0.0,0.0,Green,3449.78
111,1,person,VISIBLE,110,0,0.7422,642.26,337.55,0.19,0.25,Green,160664.88
111,3,can,OCCLUDED,31,79,0.122,965.01,415.0,6.28,0.22,Green,455.01
111,2,car,OCCLUDED,65,34,0.622,1147.78,389.93,6.7,0.11,Green,628.46
111,4,motorcycle,VISIBLE,97,0,0.9369,613.27,463.11,-0.78,-1.06,Green,319650.53
111,5,car,VISIBLE,72,0,0.215,1232.11,389.34,3.83,-0.24,Yellow,1549.43
111,6,can,OUT_OF_BOUNDS,76,19,0.789,1428.27,390.44,6.29,-0.29,Neutral,156.67
111,12,car,VISIBLE,2,0,0.5888,934.56,377.9,5.62,0.37,Green,3342.73
112,1,person,VISIBLE,111,0,0.9108,641.57,338.26,-0.43,0.57,Green,159706.54
112,3,can,OCCLUDED,31,80,0.111,971.29,415.22,6.28,0.22,Green,455.01
112,2,car,OCCLUDED,65,35,0.611,1154.47,390.03,6.7,0.11,Green,628.46
112,4,motorcycle,VISIBLE,98,0,0.9366,612.64,462.77,-0.67,-0.55,Green,320023.35
112,5,car,VISIBLE,73,0,0.1934,1236.65,389.08,4.33,-0.26,Yellow,1578.31
112,6,can,OUT_OF_BOUNDS,76,20,0.778,1434.56,390.15,6.29,-0.29,Neutral,156.67
112,12,car,VISIBLE,3,0,0.6094,941.11,378.21,6.27,0.33,Green,3211.64
113,1,person,VISIBLE,112,0,0.9208,639.89,338.48,-1.3,0.32,Green,159284.95
113,3,can,OCCLUDED,31,81,0.1,977.57,415.44,6.28,0.22,Green,455.01
113,2,car,OCCLUDED,65,36,0.6,1161.17,390.14,6.7,0.11,Green,628.46
113,4,motorcycle,VISIBLE,99,0,0.9387,611.88,462.41,-0.74,-0.42,Green,320177.92
113,5,car,VISIBLE,74,0,0.3113,1241.51,389.03,4.7,-0.11,Yellow,1605.04
113,6,can,OUT_OF_BOUNDS,76,21,0.767,1440.85,389.85,6.29,-0.29,Neutral,156.67
113,12,car,VISIBLE,4,0,0.5812,947.84,378.4,6.6,0.23,Green,3076.71
114,1,person,VISIBLE,113,0,0.9246,638.74,338.77,-1.2,0.3,Green,158839.72
114,3,can,OCCLUDED,31,82,0.089,983.85,415.66,6.28,0.22,Green,455.01
114,2,car,OCCLUDED,65,37,0.589,1167.87,390.24,6.7,0.11,Green,628.46
114,4,motorcycle,VISIBLE,100,0,0.938,611.37,462.14,-0.58,-0.31,Green,319873.02
114,5,car,VISIBLE,75,0,0.3641,1246.33,388.99,4.78,-0.06,Yellow,1644.19
114,6,can,OUT_OF_BOUNDS,76,22,0.756,1447.15,389.56,6.29,-0.29,Neutral,156.67
114,12,car,VISIBLE,5,0,0.5438,953.84,378.46,6.18,0.11,Green,3020.81
115,1,person,VISIBLE,114,0,0.9175,637.9,339.08,-0.94,0.31,Green,158428.17
115,3,can,OCCLUDED,31,83,0.078,990.13,415.88,6.28,0.22,Green,455.01
115,2,car,OCCLUDED,65,38,0.578,1174.56,390.35,6.7,0.11,Green,628.46
115,4,motorcycle,VISIBLE,101,0,0.9391,611.01,462.34,-0.42,0.04,Green,318160.57
115,5,car,VISIBLE,76,0,0.3541,1250.99,389.0,4.7,-0.01,Yellow,1672.97
115,6,can,OUT_OF_BOUNDS,76,23,0.744,1453.44,389.26,6.29,-0.29,Neutral,156.67
115,12,car,VISIBLE,6,0,0.494,958.75,378.34,5.29,-0.06,Green,3048.53
116,1,person,VISIBLE,115,0,0.8424,637.97,339.19,-0.24,0.17,Blue,157586.38
116,3,can,OCCLUDED,31,84,0.067,996.41,416.1,6.28,0.22,Green,455.01
116,2,car,OCCLUDED,65,39,0.567,1181.26,390.46,6.7,0.11,Green,628.46
116,4,motorcycle,VISIBLE,102,0,0.9381,610.74,462.47,-0.32,0.11,Green,316113.53
116,5,car,VISIBLE,77,0,0.503,1255.05,389.15,4.25,0.1,Yellow,1676.62
116,6,can,OUT_OF_BOUNDS,76,24,0.733,1459.73,388.97,6.29,-0.29,Neutral,156.67
116,12,car,VISIBLE,7,0,0.4969,963.66,378.44,5.02,0.06,Green,3018.72
117,1,person,VISIBLE,116,0,0.839,638.65,339.14,0.41,0.02,Blue,156500.54
117,3,can,OCCLUDED,31,85,0.056,1002.69,416.32,6.28,0.22,Green,455.01
117,2,car,OCCLUDED,65,40,0.556,1187.95,390.56,6.7,0.11,Green,628.46
117,4,motorcycle,VISIBLE,103,0,0.9372,611.04,463.53,0.11,0.77,Green,312377.86
117,5,car,VISIBLE,78,0,0.3122,1258.18,389.48,3.47,0.26,Yellow,1608.08
117,6,can,OUT_OF_BOUNDS,76,25,0.722,1466.02,388.68,6.29,-0.29,Neutral,156.67
117,12,car,VISIBLE,8,0,0.5729,969.81,378.4,5.81,-0.01,Green,3016.9
118,1,person,VISIBLE,117,0,0.891,638.89,339.18,0.29,0.03,Blue,156324.97
118,3,can,OCCLUDED,31,86,0.044,1008.97,416.54,6.28,0.22,Green,455.01
118,2,car,OCCLUDED,65,41,0.544,1194.65,390.67,6.7,0.11,Green,628.46
118,4,motorcycle,VISIBLE,104,0,0.935,611.56,464.35,0.4,0.81,Green,308756.25
118,5,car,VISIBLE,79,0,0.3431,1260.59,390.03,2.73,0.47,Yellow,1510.16
118,6,can,OUT_OF_BOUNDS,76,26,0.711,1472.32,388.38,6.29,-0.29,Neutral,156.67
118,12,car,VISIBLE,9,0,0.4436,975.43,378.53,5.68,0.09,Green,3036.43
119,1,person,VISIBLE,118,0,0.873,640.24,339.9,1.03,0.51,Blue,155453.49
119,3,can,OCCLUDED,31,87,0.033,1015.25,416.76,6.28,0.22,Green,455.01
119,2,car,OCCLUDED,65,42,0.533,1201.35,390.77,6.7,0.11,Green,628.46
119,4,motorcycle,VISIBLE,105,0,0.9368,612.07,464.82,0.47,0.57,Green,305628.52
119,5,car,VISIBLE,80,0,0.2053,1262.51,390.52,2.16,0.48,Yellow,1426.92
119,6,can,OUT_OF_BOUNDS,76,27,0.7,1478.61,388.09,6.29,-0.29,Neutral,156.67
119,12,car,VISIBLE,10,0,0.4318,979.91,378.66,4.84,0.11,Green,3136.91
120,1,person,VISIBLE,119,0,0.8909,638.55,340.27,-0.87,0.42,Blue,157169.04
120,3,can,OCCLUDED,31,88,0.022,1021.53,416.98,6.28,0.22,Green,455.01
120,2,car,OCCLUDED,65,43,0.522,1208.04,390.88,6.7,0.11,Green,628.46
120,4,motorcycle,VISIBLE,106,0,0.9352,612.8,465.37,0.66,0.56,Green,302262.3
120,5,car,VISIBLE,81,0,0.2854,1264.34,390.77,1.93,0.32,Yellow,1256.49
120,6,can,OUT_OF_BOUNDS,76,28,0.689,1484.9,387.79,6.29,-0.29,Neutral,156.67
120,12,car,VISIBLE,11,0,0.2909,984.6,378.88,4.73,0.19,Green,3107.89
121,1,person,VISIBLE,120,0,0.9204,635.68,340.16,-2.27,0.04,Green,160133.54
121,3,can,OCCLUDED,31,89,0.011,1027.81,417.21,6.28,0.22,Green,455.01
121,2,car,OCCLUDED,65,44,0.511,1214.74,390.98,6.7,0.11,Green,628.46
121,4,motorcycle,VISIBLE,107,0,0.9322,612.66,465.71,0.1,0.41,Green,298362.0
121,5,car,VISIBLE,82,0,0.2376,1265.96,390.5,1.72,-0.09,Yellow,1079.54
121,6,can,OUT_OF_BOUNDS,76,29,0.678,1491.19,387.5,6.29,-0.29,Neutral,156.67
121,12,car,VISIBLE,12,0,0.1926,988.84,378.74,4.39,-0.04,Green,3133.73
122,1,person,VISIBLE,121,0,0.9226,635.27,339.59,-0.97,-0.39,Green,160691.09
122,3,can,OCCLUDED,31,90,0.0,1034.09,417.43,6.28,0.22,Green,455.01
122,2,car,OCCLUDED,65,45,0.5,1221.44,391.09,6.7,0.11,Green,628.46
122,4,motorcycle,VISIBLE,108,0,0.9301,612.2,465.84,-0.29,0.22,Green,294727.43
122,5,car,VISIBLE,83,0,0.1655,1267.52,389.99,1.6,-0.39,Yellow,926.38
122,6,can,OUT_OF_BOUNDS,76,30,0.667,1497.49,387.2,6.29,-0.29,Neutral,156.67
122,12,car,VISIBLE,13,0,0.1826,992.94,378.68,4.19,-0.06,Green,3132.8
123,1,person,VISIBLE,122,0,0.9288,638.36,338.8,1.87,-0.67,Green,157981.34
123,3,can,LOST,31,91,0.0,1040.37,417.65,6.28,0.22,Green,455.01
123,2,car,OCCLUDED,65,46,0.489,1228.13,391.19,6.7,0.11,Green,628.46
123,4,motorcycle,VISIBLE,109,0,0.9347,613.79,465.42,1.03,-0.23,Green,293441.97
123,5,car,VISIBLE,84,0,0.1655,1269.76,389.94,2.05,-0.15,Yellow,810.36
123,6,can,OUT_OF_BOUNDS,76,31,0.656,1503.78,386.91,6.29,-0.29,Neutral,156.67
123,12,car,VISIBLE,14,0,0.1826,997.58,378.7,4.5,0.0,Green,3138.05
124,1,person,VISIBLE,123,0,0.9291,640.54,338.03,2.08,-0.74,Green,156132.5
124,3,can,LOST,31,92,0.0,1046.65,417.87,6.28,0.22,Green,455.01
124,2,car,OCCLUDED,65,47,0.478,1234.83,391.3,6.7,0.11,Green,628.46
124,4,motorcycle,VISIBLE,110,0,0.9366,615.55,464.64,1.54,-0.61,Green,292918.12
124,5,car,VISIBLE,85,0,0.201,1271.41,389.41,1.77,-0.42,Yellow,652.81
124,6,can,OUT_OF_BOUNDS,76,32,0.644,1510.07,386.61,6.29,-0.29,Neutral,156.67
124,12,car,VISIBLE,15,0,0.1593,1000.27,378.26,3.23,-0.31,Green,3181.15
125,1,person,VISIBLE,124,0,0.923,641.84,337.3,1.54,-0.74,Green,155270.65
125,3,can,LOST,31,93,0.0,1052.93,418.09,6.28,0.22,Green,455.01
125,2,car,OCCLUDED,65,48,0.467,1241.52,391.4,6.7,0.11,Green,628.46
125,4,motorcycle,VISIBLE,111,0,0.9369,616.62,462.85,1.21,-1.44,Green,292642.44
125,5,car,VISIBLE,86,0,0.201,1273.49,389.24,1.99,-0.25,Yellow,526.92
125,6,can,OUT_OF_BOUNDS,76,33,0.633,1516.36,386.32,6.29,-0.29,Neutral,156.67
125,12,car,VISIBLE,16,0,0.247,1003.86,378.07,3.48,-0.23,Green,3201.34
126,1,person,VISIBLE,125,0,0.9277,642.96,337.12,1.25,-0.35,Green,155024.7
126,3,can,LOST,31,94,0.0,1059.21,418.31,6.28,0.22,Green,455.01
126,2,car,OCCLUDED,65,49,0.456,1248.22,391.51,6.7,0.11,Green,628.46
126,4,motorcycle,VISIBLE,112,0,0.9352,615.87,461.99,-0.16,-1.04,Green,289847.76
126,5,car,VISIBLE,87,0,0.201,1275.58,389.06,2.06,-0.2,Yellow,401.72
126,6,can,OUT_OF_BOUNDS,76,34,0.622,1522.66,386.02,6.29,-0.29,Neutral,156.67
126,12,car,VISIBLE,17,0,0.1768,1008.21,377.77,4.09,-0.28,Green,3153.71
127,1,person,VISIBLE,126,0,0.9277,643.86,336.82,1.0,-0.31,Green,154614.15
127,3,can,LOST,31,95,0.0,1065.49,418.53,6.28,0.22,Green,455.01
127,2,car,OCCLUDED,65,50,0.444,1254.92,391.61,6.7,0.11,Green,628.46
127,4,motorcycle,VISIBLE,113,0,0.9422,617.84,462.07,1.33,-0.25,Green,288848.47
127,5,car,VISIBLE,88,0,0.201,1277.66,388.89,2.08,-0.18,Yellow,277.2
127,6,can,OUT_OF_BOUNDS,76,35,0.611,1528.95,385.73,6.29,-0.29,Neutral,156.67
127,12,car,VISIBLE,18,0,0.1687,1011.69,377.73,3.67,-0.11,Green,3182.18
128,1,person,VISIBLE,127,0,0.9279,644.78,337.14,0.94,0.13,Green,154493.4
128,3,can,LOST,31,96,0.0,1071.77,418.75,6.28,0.22,Green,455.01
128,2,car,OCCLUDED,65,51,0.433,1261.61,391.72,6.7,0.11,Green,628.46
128,4,motorcycle,VISIBLE,114,0,0.9427,619.11,462.22,1.29,0.03,Green,288019.95
128,5,car,VISIBLE,89,0,0.201,1279.76,388.72,2.09,-0.18,Yellow,153.38
128,6,can,OUT_OF_BOUNDS,76,36,0.6,1535.24,385.44,6.29,-0.29,Neutral,156.67
128,12,car,VISIBLE,19,0,0.1705,1014.66,378.02,3.18,0.17,Green,3169.01
129,1,person,VISIBLE,128,0,0.9262,644.5,337.65,0.09,0.4,Green,153375.67
129,3,can,LOST,31,97,0.0,1078.05,418.97,6.28,0.22,Green,455.01
129,2,car,OCCLUDED,65,52,0.422,1268.31,391.82,6.7,0.11,Green,628.46
129,4,motorcycle,VISIBLE,115,0,0.9434,620.0,462.72,1.01,0.36,Green,287762.07
129,5,car,VISIBLE,90,0,0.201,1281.86,388.54,2.1,-0.18,Neutral,31.56
129,6,can,OUT_OF_BOUNDS,76,37,0.589,1541.53,385.14,6.29,-0.29,Neutral,156.67
129,12,car,VISIBLE,20,0,0.1705,1018.34,378.01,3.52,0.04,Green,3170.77
130,1,person,VISIBLE,129,0,0.9249,643.38,338.69,-0.76,0.84,Green,153154.63
130,3,can,LOST,31,98,0.0,1084.33,419.19,6.28,0.22,Green,455.01
130,2,car,OCCLUDED,65,53,0.411,1275.01,391.93,6.7,0.11,Green,628.46
130,4,motorcycle,VISIBLE,116,0,0.9425,620.41,463.51,0.59,0.67,Green,286865.27
130,5,car,OCCLUDED,90,1,0.989,1283.96,388.36,2.1,-0.18,Neutral,31.56
130,6,can,OUT_OF_BOUNDS,76,38,0.578,1547.83,384.85,6.29,-0.29,Neutral,156.67
130,12,car,VISIBLE,21,0,0.1705,1022.0,377.99,3.62,-0.01,Green,3172.52
131,1,person,VISIBLE,130,0,0.9272,643.23,339.61,-0.33,0.89,Green,152111.45
131,3,can,LOST,31,99,0.0,1090.61,419.41,6.28,0.22,Green,455.01
131,2,car,OCCLUDED,65,54,0.4,1281.7,392.03,6.7,0.11,Green,628.46
131,4,motorcycle,VISIBLE,117,0,0.9432,620.35,464.14,0.14,0.64,Green,285988.72
131,5,car,OCCLUDED,90,2,0.978,1286.06,388.19,2.1,-0.18,Neutral,31.56
131,6,can,OUT_OF_BOUNDS,76,39,0.567,1554.12,384.55,6.29,-0.29,Neutral,156.67
131,12,car,VISIBLE,22,0,0.179,1015.31,378.53,-3.6,0.38,Green,2744.48
132,1,person,VISIBLE,131,0,0.9261,641.97,340.05,-0.98,0.58,Green,152014.29
132,3,can,LOST,31,100,0.0,1096.89,419.63,6.28,0.22,Green,455.01
132,2,car,OCCLUDED,65,55,0.389,1288.4,392.14,6.7,0.11,Green,628.46
132,4,motorcycle,VISIBLE,118,0,0.9436,620.12,464.73,-0.12,0.6,Green,284833.69
132,5,car,OCCLUDED,90,3,0.967,1288.16,388.01,2.1,-0.18,Neutral,31.56
132,6,can,OUT_OF_BOUNDS,76,40,0.556,1560.41,384.26,6.29,-0.29,Neutral,156.67
132,12,car,VISIBLE,23,0,0.1647,1010.46,378.64,-4.47,0.19,Green,2494.61
133,1,person,VISIBLE,132,0,0.9259,641.0,340.03,-0.97,0.16,Green,151609.68
133,3,can,LOST,31,101,0.0,1103.17,419.85,6.28,0.22,Green,455.01
133,2,car,OCCLUDED,65,56,0.378,1295.09,392.24,6.7,0.11,Green,628.46
133,4,motorcycle,VISIBLE,119,0,0.9417,619.57,464.95,-0.42,0.34,Green,283506.5
133,5,car,OCCLUDED,90,4,0.956,1290.26,387.84,2.1,-0.18,Neutral,31.56
133,6,can,OUT_OF_BOUNDS,76,41,0.544,1566.7,383.96,6.29,-0.29,Neutral,156.67
133,12,car,VISIBLE,24,0,0.1647,1009.85,378.76,-1.77,0.14,Green,2349.35
134,1,person,VISIBLE,133,0,0.9225,639.91,340.35,-1.05,0.27,Green,151539.13
134,3,can,LOST,31,102,0.0,1109.45,420.07,6.28,0.22,Green,455.01
134,2,car,OUT_OF_BOUNDS,65,57,0.367,1301.79,392.35,6.7,0.11,Green,628.46
134,4,motorcycle,VISIBLE,120,0,0.9378,619.2,465.25,-0.38,0.31,Green,281881.33
134,5,car,OCCLUDED,90,5,0.944,1292.36,387.66,2.1,-0.18,Neutral,31.56
134,6,can,OUT_OF_BOUNDS,76,42,0.533,1573.0,383.67,6.29,-0.29,Neutral,156.67
134,12,car,VISIBLE,25,0,0.1647,1009.24,378.88,-0.96,0.13,Green,2205.47
135,1,person,VISIBLE,134,0,0.9231,639.26,339.91,-0.77,-0.23,Green,151209.46
135,3,can,LOST,31,103,0.0,1115.73,420.29,6.28,0.22,Green,455.01
135,2,car,OUT_OF_BOUNDS,65,58,0.356,1308.49,392.45,6.7,0.11,Green,628.46
135,4,motorcycle,VISIBLE,121,0,0.939,618.76,465.48,-0.42,0.25,Green,279664.37
135,5,car,OCCLUDED,90,6,0.933,1294.46,387.49,2.1,-0.18,Neutral,31.56
135,6,can,OUT_OF_BOUNDS,76,43,0.522,1579.29,383.37,6.29,-0.29,Neutral,156.67
135,12,car,VISIBLE,26,0,0.1647,1008.62,379.01,-0.72,0.13,Green,2062.95
136,1,person,VISIBLE,135,0,0.9254,638.38,339.93,-0.85,-0.06,Green,151436.97
136,3,can,LOST,31,104,0.0,1122.01,420.51,6.28,0.22,Green,455.01
136,2,car,OUT_OF_BOUNDS,65,59,0.344,1315.18,392.56,6.7,0.11,Green,628.46
136,4,motorcycle,VISIBLE,122,0,0.9372,618.46,465.65,-0.34,0.2,Green,277647.99
136,5,car,OCCLUDED,90,7,0.922,1296.55,387.31,2.1,-0.18,Neutral,31.56
136,6,can,OUT_OF_BOUNDS,76,44,0.511,1585.58,383.08,6.29,-0.29,Neutral,156.67
136,12,car,VISIBLE,27,0,0.1916,1014.16,379.11,3.66,0.1,Green,1507.14
137,1,person,VISIBLE,136,0,0.9294,639.56,340.38,0.57,0.3,Green,149534.29
137,3,can,LOST,31,105,0.0,1128.28,420.73,6.28,0.22,Green,455.01
137,2,car,OUT_OF_BOUNDS,65,60,0.333,1321.88,392.66,6.7,0.11,Green,628.46
137,4,motorcycle,VISIBLE,123,0,0.9355,618.01,466.71,-0.41,0.8,Green,275228.16
137,5,car,OCCLUDED,90,8,0.911,1298.65,387.14,2.1,-0.18,Neutral,31.56
137,6,can,OUT_OF_BOUNDS,76,45,0.5,1591.87,382.78,6.29,-0.29,Neutral,156.67
137,12,car,VISIBLE,28,0,0.1916,1015.18,379.22,1.81,0.11,Green,1270.4
138,1,person,VISIBLE,137,0,0.9303,639.79,341.81,0.33,1.09,Green,148841.33
138,3,can,LOST,31,106,0.0,1134.56,420.95,6.28,0.22,Green,455.01
138,2,car,OUT_OF_BOUNDS,65,61,0.322,1328.58,392.77,6.7,0.11,Green,628.46
138,4,motorcycle,VISIBLE,124,0,0.9411,617.8,466.82,-0.28,0.32,Green,274234.36
138,5,car,OUT_OF_BOUNDS,90,9,0.9,1300.75,386.96,2.1,-0.18,Neutral,31.56
138,6,can,OUT_OF_BOUNDS,76,46,0.489,1598.17,382.49,6.29,-0.29,Neutral,156.67
138,12,car,VISIBLE,29,0,0.1916,1016.21,379.33,1.26,0.11,Green,1040.51
139,1,person,VISIBLE,138,0,0.923,639.1,342.98,-0.38,1.15,Green,149333.03
139,3,can,LOST,31,107,0.0,1140.84,421.18,6.28,0.22,Green,455.01
139,2,car,OUT_OF_BOUNDS,65,62,0.311,1335.27,392.87,6.7,0.11,Green,628.46
139,4,motorcycle,VISIBLE,125,0,0.9404,617.81,467.0,-0.07,0.22,Green,273265.19
139,5,car,OUT_OF_BOUNDS,90,10,0.889,1302.85,386.79,2.1,-0.18,Neutral,31.56
139,6,can,OUT_OF_BOUNDS,76,47,0.478,1604.46,382.19,6.29,-0.29,Neutral,156.67
139,12,car,VISIBLE,30,0,0.1916,1017.22,379.45,1.09,0.12,Green,817.48
140,1,person,VISIBLE,139,0,0.9256,638.94,343.18,-0.22,0.48,Green,149675.28
140,3,can,LOST,31,108,0.0,1147.12,421.4,6.28,0.22,Green,455.01
140,2,car,OUT_OF_BOUNDS,65,63,0.3,1341.97,392.98,6.7,0.11,Green,628.46
140,4,motorcycle,VISIBLE,126,0,0.9383,618.01,467.32,0.11,0.29,Green,272136.27
140,5,car,OUT_OF_BOUNDS,90,11,0.878,1304.95,386.61,2.1,-0.18,Neutral,31.56
140,6,can,OUT_OF_BOUNDS,76,48,0.467,1610.75,381.9,6.29,-0.29,Neutral,156.67
140,12,car,OCCLUDED,30,1,0.989,1018.31,379.57,1.09,0.12,Green,817.48
141,1,person,VISIBLE,140,0,0.9263,639.25,342.8,0.15,-0.12,Green,149741.54
141,3,can,LOST,31,109,0.0,1153.4,421.62,6.28,0.22,Green,455.01
141,2,car,OUT_OF_BOUNDS,65,64,0.289,1348.66,393.08,6.7,0.11,Green,628.46
141,4,motorcycle,VISIBLE,127,0,0.9382,618.25,467.36,0.21,0.11,Green,271079.03
141,5,car,OUT_OF_BOUNDS,90,12,0.867,1307.05,386.44,2.1,-0.18,Neutral,31.56
141,6,can,OUT_OF_BOUNDS,76,49,0.456,1617.04,381.61,6.29,-0.29,Neutral,156.67
141,12,car,OCCLUDED,30,2,0.978,1019.4,379.69,1.09,0.12,Green,817.48
142,1,person,VISIBLE,141,0,0.9296,641.3,342.3,1.47,-0.38,Green,147942.51
142,3,can,LOST,31,110,0.0,1159.68,421.84,6.28,0.22,Green,455.01
142,2,car,OUT_OF_BOUNDS,65,65,0.278,1355.36,393.19,6.7,0.11,Green,628.46
142,4,motorcycle,VISIBLE,128,0,0.9363,618.8,467.34,0.44,0.02,Green,269857.64
142,5,car,OUT_OF_BOUNDS,90,13,0.856,1309.15,386.26,2.1,-0.18,Neutral,31.56
142,6,can,OUT_OF_BOUNDS,76,50,0.444,1623.34,381.31,6.29,-0.29,Neutral,156.67
142,12,car,OCCLUDED,30,3,0.967,1020.49,379.8,1.09,0.12,Green,817.48
143,1,person,VISIBLE,142,0,0.9259,643.31,341.99,1.85,-0.33,Green,146199.55
143,3,can,LOST,31,111,0.0,1165.96,422.06,6.28,0.22,Green,455.01
143,2,car,OUT_OF_BOUNDS,65,66,0.267,1362.06,393.29,6.7,0.11,Green,628.46
143,4,motorcycle,VISIBLE,129,0,0.9354,619.41,467.36,0.56,0.02,Green,268493.0
143,5,car,OUT_OF_BOUNDS,90,14,0.844,1311.25,386.09,2.1,-0.18,Neutral,31.56
143,6,can,OUT_OF_BOUNDS,76,51,0.433,1629.63,381.02,6.29,-0.29,Neutral,156.67
143,12,car,OCCLUDED,30,4,0.956,1021.57,379.92,1.09,0.12,Green,817.48
144,1,person,VISIBLE,143,0,0.9173,643.31,341.94,0.56,-0.13,Green,146244.63
144,3,can,LOST,31,112,0.0,1172.24,422.28,6.28,0.22,Green,455.01
144,2,car,OUT_OF_BOUNDS,65,67,0.256,1368.75,393.4,6.7,0.11,Green,628.46
144,4,motorcycle,VISIBLE,130,0,0.9357,619.8,467.59,0.44,0.16,Green,266676.28
144,5,car,OUT_OF_BOUNDS,90,15,0.833,1313.35,385.91,2.1,-0.18,Neutral,31.56
144,6,can,OUT_OF_BOUNDS,76,52,0.422,1635.92,380.72,6.29,-0.29,Neutral,156.67
144,12,car,OCCLUDED,30,5,0.944,1022.66,380.04,1.09,0.12,Green,817.48
145,1,person,VISIBLE,144,0,0.9129,643.49,342.28,0.29,0.2,Green,146016.81
145,3,can,LOST,31,113,0.0,1178.52,422.5,6.28,0.22,Green,455.01
145,2,car,OUT_OF_BOUNDS,65,68,0.244,1375.45,393.5,6.7,0.11,Green,628.46
145,4,motorcycle,VISIBLE,131,0,0.9383,620.14,468.03,0.37,0.36,Green,264729.51
145,5,car,OUT_OF_BOUNDS,90,16,0.822,1315.45,385.74,2.1,-0.18,Neutral,31.56
145,6,can,OUT_OF_BOUNDS,76,53,0.411,1642.22,380.43,6.29,-0.29,Neutral,156.67
145,12,car,OCCLUDED,30,6,0.933,1023.75,380.16,1.09,0.12,Green,817.48
146,1,person,VISIBLE,145,0,0.912,642.62,342.7,-0.52,0.35,Green,146582.45
146,3,can,LOST,31,114,0.0,1184.8,422.72,6.28,0.22,Green,455.01
146,2,car,OUT_OF_BOUNDS,65,69,0.233,1382.15,393.61,6.7,0.11,Green,628.46
146,4,motorcycle,VISIBLE,132,0,0.938,620.33,468.61,0.24,0.51,Green,262681.33
146,5,car,OUT_OF_BOUNDS,90,17,0.811,1317.55,385.56,2.1,-0.18,Neutral,31.56
146,6,can,OUT_OF_BOUNDS,76,54,0.4,1648.51,380.13,6.29,-0.29,Neutral,156.67
146,12,car,OCCLUDED,30,7,0.922,1024.84,380.28,1.09,0.12,Green,817.48
147,1,person,VISIBLE,146,0,0.9187,641.05,343.32,-1.25,0.54,Green,148638.66
147,3,can,LOST,31,115,0.0,1191.08,422.94,6.28,0.22,Green,455.01
147,2,car,OUT_OF_BOUNDS,65,70,0.222,1388.84,393.71,6.7,0.11,Green,628.46
147,4,motorcycle,VISIBLE,133,0,0.9388,620.57,469.11,0.24,0.51,Green,260708.96
147,5,car,OUT_OF_BOUNDS,90,18,0.8,1319.65,385.39,2.1,-0.18,Neutral,31.56
147,6,can,OUT_OF_BOUNDS,76,55,0.389,1654.8,379.84,6.29,-0.29,Neutral,156.67
147,12,car,OCCLUDED,30,8,0.911,1025.93,380.39,1.09,0.12,Green,817.48
148,1,person,VISIBLE,147,0,0.9187,640.75,343.6,-0.58,0.36,Green,149008.42
148,3,can,LOST,31,116,0.0,1197.36,423.16,6.28,0.22,Green,455.01
148,2,car,OUT_OF_BOUNDS,65,71,0.211,1395.54,393.82,6.7,0.11,Green,628.46
148,4,motorcycle,VISIBLE,134,0,0.9375,620.92,469.45,0.32,0.39,Green,259079.59
148,5,car,OUT_OF_BOUNDS,90,19,0.789,1321.75,385.21,2.1,-0.18,Neutral,31.56
148,6,can,OUT_OF_BOUNDS,76,56,0.378,1661.09,379.54,6.29,-0.29,Neutral,156.67
148,12,car,OCCLUDED,30,9,0.9,1027.02,380.51,1.09,0.12,Green,817.48
149,1,person,VISIBLE,148,0,0.9187,640.45,343.89,-0.39,0.31,Green,149376.08
149,3,can,LOST,31,117,0.0,1203.64,423.38,6.28,0.22,Green,455.01
149,2,car,OUT_OF_BOUNDS,65,72,0.2,1402.23,393.92,6.7,0.11,Green,628.46
149,4,motorcycle,VISIBLE,135,0,0.9356,621.52,469.68,0.51,0.28,Green,257613.24
149,5,car,OUT_OF_BOUNDS,90,20,0.778,1323.85,385.03,2.1,-0.18,Neutral,31.56
149,6,can,OUT_OF_BOUNDS,76,57,0.367,1667.39,379.25,6.29,-0.29,Neutral,156.67
149,12,car,OCCLUDED,30,10,0.889,1028.11,380.63,1.09,0.12,Green,817.48
150,1,person,VISIBLE,149,0,0.9187,640.15,344.17,-0.33,0.29,Green,149741.63
150,3,can,LOST,31,118,0.0,1209.92,423.6,6.28,0.22,Green,455.01
150,2,car,OUT_OF_BOUNDS,65,73,0.189,1408.93,394.03,6.7,0.11,Green,628.46
150,4,motorcycle,VISIBLE,136,0,0.9335,621.83,469.36,0.37,-0.14,Green,256270.0
150,5,car,OUT_OF_BOUNDS,90,21,0.767,1325.94,384.86,2.1,-0.18,Neutral,31.56
150,6,can,OUT_OF_BOUNDS,76,58,0.356,1673.68,378.95,6.29,-0.29,Neutral,156.67
150,12,car,OCCLUDED,30,11,0.878,1029.19,380.75,1.09,0.12,Green,817.48
151,1,person,VISIBLE,150,0,0.9187,639.85,344.46,-0.31,0.29,Green,150105.06
151,3,can,LOST,31,119,0.0,1216.2,423.82,6.28,0.22,Green,455.01
151,2,car,OUT_OF_BOUNDS,65,74,0.178,1415.63,394.13,6.7,0.11,Green,628.46
151,4,motorcycle,VISIBLE,137,0,0.9303,622.35,468.79,0.47,-0.44,Green,254918.55
151,5,car,OUT_OF_BOUNDS,90,22,0.756,1328.04,384.68,2.1,-0.18,Neutral,31.56
151,6,can,OUT_OF_BOUNDS,76,59,0.344,1679.97,378.66,6.29,-0.29,Neutral,156.67
151,12,car,OCCLUDED,30,12,0.867,1030.28,380.86,1.09,0.12,Green,817.48
152,1,person,VISIBLE,151,0,0.9092,639.8,343.05,-0.13,-0.9,Green,149969.57
152,3,can,LOST,31,120,0.0,1222.48,424.04,6.28,0.22,Green,455.01
152,2,car,OUT_OF_BOUNDS,65,75,0.167,1422.32,394.24,6.7,0.11,Green,628.46
152,4,motorcycle,VISIBLE,138,0,0.9271,622.89,467.95,0.52,-0.72,Green,253585.28
152,5,car,OUT_OF_BOUNDS,90,23,0.744,1330.14,384.51,2.1,-0.18,Neutral,31.56
152,6,can,OUT_OF_BOUNDS,76,60,0.333,1686.26,378.37,6.29,-0.29,Neutral,156.67
152,12,car,OCCLUDED,30,13,0.856,1031.37,380.98,1.09,0.12,Green,817.48
153,1,person,VISIBLE,152,0,0.9132,639.15,341.22,-0.49,-1.55,Green,149985.27
153,3,can,LOST,31,121,0.0,1228.76,424.26,6.28,0.22,Green,455.01
153,2,car,OUT_OF_BOUNDS,65,76,0.156,1429.02,394.34,6.7,0.11,Green,628.46
153,4,motorcycle,VISIBLE,139,0,0.9278,623.27,466.62,0.42,-1.15,Green,252319.76
153,5,car,OUT_OF_BOUNDS,90,24,0.733,1332.24,384.33,2.1,-0.18,Neutral,31.56
153,6,can,OUT_OF_BOUNDS,76,61,0.322,1692.56,378.07,6.29,-0.29,Neutral,156.67
153,12,car,OCCLUDED,30,14,0.844,1032.46,381.1,1.09,0.12,Green,817.48
154,1,person,VISIBLE,153,0,0.9198,640.12,339.56,0.53,-1.63,Green,148095.34
154,3,can,LOST,31,122,0.0,1235.04,424.48,6.28,0.22,Green,455.01
154,2,car,OUT_OF_BOUNDS,65,77,0.144,1435.72,394.45,6.7,0.11,Green,628.46
154,4,motorcycle,VISIBLE,140,0,0.9273,623.73,465.23,0.45,-1.31,Green,251608.78
154,5,car,OUT_OF_BOUNDS,90,25,0.722,1334.34,384.16,2.1,-0.18,Neutral,31.56
154,6,can,OUT_OF_BOUNDS,76,62,0.311,1698.85,377.78,6.29,-0.29,Neutral,156.67
154,12,car,OCCLUDED,30,15,0.833,1033.55,381.22,1.09,0.12,Green,817.48
155,1,person,VISIBLE,154,0,0.9012,640.11,338.85,0.15,-0.99,Green,147241.42
155,3,can,LOST,31,123,0.0,1241.32,424.7,6.28,0.22,Green,455.01
155,2,car,OUT_OF_BOUNDS,65,78,0.133,1442.41,394.56,6.7,0.11,Green,628.46
155,4,motorcycle,VISIBLE,141,0,0.9275,624.03,464.1,0.35,-1.19,Green,250838.14
155,5,car,OUT_OF_BOUNDS,90,26,0.711,1336.44,383.98,2.1,-0.18,Neutral,31.56
155,6,can,OUT_OF_BOUNDS,76,63,0.3,1705.14,377.48,6.29,-0.29,Neutral,156.67
155,12,car,OCCLUDED,30,16,0.822,1034.64,381.34,1.09,0.12,Green,817.48
156,1,person,VISIBLE,155,0,0.9182,640.28,338.45,0.17,-0.57,Green,146730.68
156,3,can,LOST,31,124,0.0,1247.6,424.93,6.28,0.22,Green,455.01
156,2,car,OUT_OF_BOUNDS,65,79,0.122,1449.11,394.66,6.7,0.11,Green,628.46
156,4,motorcycle,VISIBLE,142,0,0.9239,624.52,464.03,0.45,-0.4,Green,249609.45
156,5,car,OUT_OF_BOUNDS,90,27,0.7,1338.54,383.81,2.1,-0.18,Neutral,31.56
156,6,can,OUT_OF_BOUNDS,76,64,0.289,1711.43,377.19,6.29,-0.29,Neutral,156.67
156,12,car,OCCLUDED,30,17,0.811,1035.73,381.45,1.09,0.12,Green,817.48
157,1,person,VISIBLE,156,0,0.9182,640.34,337.73,0.09,-0.68,Green,146227.43
157,3,can,LOST,31,125,0.0,1253.88,425.15,6.28,0.22,Green,455.01
157,2,car,OUT_OF_BOUNDS,65,80,0.111,1455.8,394.77,6.7,0.11,Green,628.46
157,4,motorcycle,VISIBLE,143,0,0.9268,624.56,464.28,0.16,0.05,Green,248073.88
157,5,car,OUT_OF_BOUNDS,90,28,0.689,1340.64,383.63,2.1,-0.18,Neutral,31.56
157,6,can,OUT_OF_BOUNDS,76,65,0.278,1717.73,376.89,6.29,-0.29,Neutral,156.67
157,12,car,OCCLUDED,30,18,0.8,1036.81,381.57,1.09,0.12,Green,817.48
158,1,person,VISIBLE,157,0,0.9339,638.21,338.46,-1.47,0.31,Green,148051.51
158,3,can,LOST,31,126,0.0,1260.16,425.37,6.28,0.22,Green,455.01
158,2,car,OUT_OF_BOUNDS,65,81,0.1,1462.5,394.87,6.7,0.11,Green,628.46
158,4,motorcycle,VISIBLE,144,0,0.9268,624.88,463.87,0.27,-0.27,Green,246822.48
158,5,car,OUT_OF_BOUNDS,90,29,0.678,1342.74,383.46,2.1,-0.18,Neutral,31.56
158,6,can,OUT_OF_BOUNDS,76,66,0.267,1724.02,376.6,6.29,-0.29,Neutral,156.67
158,12,car,OCCLUDED,30,19,0.789,1037.9,381.69,1.09,0.12,Green,817.48
159,1,person,VISIBLE,158,0,0.9333,636.44,339.72,-1.67,0.97,Green,149431.54
159,3,can,LOST,31,127,0.0,1266.44,425.59,6.28,0.22,Green,455.01
159,2,car,OUT_OF_BOUNDS,65,82,0.089,1469.2,394.98,6.7,0.11,Green,628.46
159,4,motorcycle,VISIBLE,145,0,0.9268,625.19,463.45,0.3,-0.37,Green,245568.18
159,5,car,OUT_OF_BOUNDS,90,30,0.667,1344.84,383.28,2.1,-0.18,Neutral,31.56
159,6,can,OUT_OF_BOUNDS,76,67,0.256,1730.31,376.3,6.29,-0.29,Neutral,156.67
159,12,car,VISIBLE,31,0,0.3129,1271.78,387.62,9.24,0.32,Green,496.9
160,1,person,VISIBLE,159,0,0.9328,635.3,341.33,-1.3,1.42,Green,150691.9
160,3,can,LOST,31,128,0.0,1272.72,425.81,6.28,0.22,Green,455.01
160,2,car,OUT_OF_BOUNDS,65,83,0.078,1475.89,395.08,6.7,0.11,Green,628.46
160,4,motorcycle,VISIBLE,146,0,0.9268,625.52,463.05,0.32,-0.4,Green,244310.99
160,5,car,OUT_OF_BOUNDS,90,31,0.656,1346.94,383.11,2.1,-0.18,Neutral,31.56
160,6,can,OUT_OF_BOUNDS,76,68,0.244,1736.6,376.01,6.29,-0.29,Neutral,156.67
160,12,car,VISIBLE,32,0,0.3111,1269.35,388.45,1.07,0.68,Yellow,632.0
161,1,person,VISIBLE,160,0,0.9359,634.66,342.55,-0.84,1.28,Green,151298.06
161,3,can,LOST,31,129,0.0,1279.0,426.03,6.28,0.22,Green,455.01
161,2,car,OUT_OF_BOUNDS,65,84,0.067,1482.59,395.19,6.7,0.11,Green,628.46
161,4,motorcycle,VISIBLE,147,0,0.9268,625.84,462.63,0.32,-0.41,Green,243050.91
161,5,car,OUT_OF_BOUNDS,90,32,0.644,1349.04,382.93,2.1,-0.18,Neutral,31.56
161,6,can,OUT_OF_BOUNDS,76,69,0.233,1742.9,375.71,6.29,-0.29,Neutral,156.67
161,12,car,VISIBLE,33,0,0.3273,1266.49,388.98,-1.68,0.57,Yellow,766.63
162,1,person,VISIBLE,161,0,0.9359,633.81,343.24,-0.85,0.86,Green,151942.14
162,3,can,LOST,31,130,0.0,1285.28,426.25,6.28,0.22,Green,455.01
162,2,car,OUT_OF_BOUNDS,65,85,0.056,1489.29,395.29,6.7,0.11,Green,628.46
162,4,motorcycle,VISIBLE,148,0,0.9352,626.85,464.32,0.8,1.06,Green,242060.65
162,5,car,OUT_OF_BOUNDS,90,33,0.633,1351.14,382.76,2.1,-0.18,Neutral,31.56
162,6,can,OUT_OF_BOUNDS,76,70,0.222,1749.19,375.42,6.29,-0.29,Neutral,156.67
162,12,car,VISIBLE,34,0,0.399,1263.33,388.86,-2.72,0.09,Yellow,927.66
163,1,person,VISIBLE,162,0,0.9359,632.95,343.92,-0.85,0.74,Green,152584.48
163,3,can,LOST,31,131,0.0,1291.56,426.47,6.28,0.22,Green,455.01
163,2,car,OUT_OF_BOUNDS,65,86,0.044,1495.98,395.4,6.7,0.11,Green,628.46
163,4,motorcycle,VISIBLE,149,0,0.9343,627.96,465.49,1.02,1.14,Green,240998.62
163,5,car,OUT_OF_BOUNDS,90,34,0.622,1353.24,382.58,2.1,-0.18,Neutral,31.56
163,6,can,OUT_OF_BOUNDS,76,71,0.211,1755.48,375.12,6.29,-0.29,Neutral,156.67
163,12,car,VISIBLE,35,0,0.3099,1259.96,388.48,-3.17,-0.24,Green,1109.65
164,1,person,VISIBLE,163,0,0.9352,635.23,343.35,1.33,-0.18,Green,151345.15
164,3,can,LOST,31,132,0.0,1297.84,426.69,6.28,0.22,Green,455.01
164,2,car,OUT_OF_BOUNDS,65,87,0.033,1502.68,395.5,6.7,0.11,Green,628.46
164,4,motorcycle,VISIBLE,150,0,0.9343,628.63,465.91,0.77,0.63,Green,239827.75
164,5,car,OUT_OF_BOUNDS,90,35,0.611,1355.33,382.41,2.1,-0.18,Neutral,31.56
164,6,can,OUT_OF_BOUNDS,76,72,0.2,1761.77,374.83,6.29,-0.29,Neutral,156.67
164,12,car,VISIBLE,36,0,0.2827,1256.45,387.89,-3.41,-0.48,Green,1394.01
165,1,person,VISIBLE,164,0,0.9376,637.43,342.97,1.94,-0.32,Green,150203.87
165,3,can,OUT_OF_BOUNDS,31,133,0.0,1304.12,426.91,6.28,0.22,Green,455.01
165,2,car,OUT_OF_BOUNDS,65,88,0.022,1509.37,395.61,6.7,0.11,Green,628.46
165,4,motorcycle,VISIBLE,151,0,0.9343,629.3,466.33,0.7,0.48,Green,238650.44
165,5,car,OUT_OF_BOUNDS,90,36,0.6,1357.43,382.23,2.1,-0.18,Neutral,31.56
165,6,can,OUT_OF_BOUNDS,76,73,0.189,1768.07,374.54,6.29,-0.29,Neutral,156.67
165,12,car,VISIBLE,37,0,0.4683,1252.43,387.07,-3.84,-0.72,Green,1553.13
166,1,person,VISIBLE,165,0,0.9376,638.99,342.7,1.68,-0.28,Green,149070.85
166,3,can,OUT_OF_BOUNDS,31,134,0.0,1310.4,427.13,6.28,0.22,Green,455.01
166,2,car,OUT_OF_BOUNDS,65,89,0.011,1516.07,395.71,6.7,0.11,Green,628.46
166,4,motorcycle,VISIBLE,152,0,0.9343,629.96,466.75,0.68,0.44,Green,237466.7
166,5,car,OUT_OF_BOUNDS,90,37,0.589,1359.53,382.06,2.1,-0.18,Neutral,31.56
166,6,can,OUT_OF_BOUNDS,76,74,0.178,1774.36,374.24,6.29,-0.29,Neutral,156.67
166,12,car,VISIBLE,38,0,0.3165,1247.48,386.28,-4.61,-0.77,Green,1688.19
167,1,person,VISIBLE,166,0,0.9408,639.99,342.74,1.2,-0.06,Green,148400.66
167,3,can,OUT_OF_BOUNDS,31,135,0.0,1316.68,427.35,6.28,0.22,Green,455.01
167,2,car,OUT_OF_BOUNDS,65,90,0.0,1522.77,395.82,6.7,0.11,Green,628.46
167,4,motorcycle,OCCLUDED,152,1,0.989,630.64,467.18,0.68,0.44,Green,237466.7
167,5,car,OUT_OF_BOUNDS,90,38,0.578,1361.63,381.88,2.1,-0.18,Neutral,31.56
167,6,can,OUT_OF_BOUNDS,76,75,0.167,1780.65,373.95,6.29,-0.29,Neutral,156.67
167,12,car,VISIBLE,39,0,0.5366,1241.3,386.18,-5.72,-0.3,Green,1743.46
168,1,person,VISIBLE,167,0,0.9421,640.4,342.97,0.65,0.14,Green,147849.89
168,3,can,OUT_OF_BOUNDS,31,136,0.0,1322.96,427.57,6.28,0.22,Green,455.01
168,2,car,OUT_OF_BOUNDS,65,91,0.0,1529.46,395.92,6.7,0.11,Green,628.46
168,4,motorcycle,OCCLUDED,152,2,0.978,631.32,467.62,0.68,0.44,Green,237466.7
168,5,car,OUT_OF_BOUNDS,90,39,0.567,1363.73,381.7,2.1,-0.18,Neutral,31.56
168,6,can,OUT_OF_BOUNDS,76,76,0.156,1786.94,373.65,6.29,-0.29,Neutral,156.67
168,12,car,VISIBLE,40,0,0.2479,1233.38,386.1,-7.26,-0.15,Green,1723.48
169,1,person,VISIBLE,168,0,0.9424,640.59,343.06,0.32,0.1,Green,147047.39
169,3,can,OUT_OF_BOUNDS,31,137,0.0,1329.24,427.79,6.28,0.22,Green,455.01
169,2,car,OUT_OF_BOUNDS,65,92,0.0,1536.16,396.03,6.7,0.11,Green,628.46
169,4,motorcycle,OCCLUDED,152,3,0.967,632.0,468.05,0.68,0.44,Green,237466.7
169,5,car,OUT_OF_BOUNDS,90,40,0.556,1365.83,381.53,2.1,-0.18,Neutral,31.56
169,6,can,OUT_OF_BOUNDS,76,77,0.144,1793.24,373.36,6.29,-0.29,Neutral,156.67
169,12,car,VISIBLE,41,0,0.5463,1224.82,386.08,-8.17,-0.06,Green,1705.7
170,1,person,VISIBLE,169,0,0.9394,640.53,343.53,0.06,0.36,Green,146245.4
170,3,can,OUT_OF_BOUNDS,31,138,0.0,1335.52,428.01,6.28,0.22,Green,455.01
170,2,car,OUT_OF_BOUNDS,65,93,0.0,1542.86,396.13,6.7,0.11,Green,628.46
170,4,motorcycle,OCCLUDED,152,4,0.956,632.68,468.49,0.68,0.44,Green,237466.7
170,5,car,OUT_OF_BOUNDS,90,41,0.544,1367.93,381.35,2.1,-0.18,Neutral,31.56
170,6,can,OUT_OF_BOUNDS,76,78,0.133,1799.53,373.06,6.29,-0.29,Neutral,156.67
170,12,car,VISIBLE,42,0,0.317,1215.8,385.99,-8.76,-0.08,Green,1692.5
171,1,person,VISIBLE,170,0,0.9375,640.46,343.33,-0.04,-0.03,Green,145683.03
171,3,can,OUT_OF_BOUNDS,31,139,0.0,1341.8,428.23,6.28,0.22,Green,455.01
171,2,car,OUT_OF_BOUNDS,65,94,0.0,1549.55,396.24,6.7,0.11,Green,628.46
171,4,motorcycle,OCCLUDED,152,5,0.944,633.36,468.92,0.68,0.44,Green,237466.7
171,5,car,OUT_OF_BOUNDS,90,42,0.533,1370.03,381.18,2.1,-0.18,Neutral,31.56
171,6,can,OUT_OF_BOUNDS,76,79,0.122,1805.82,372.77,6.29,-0.29,Neutral,156.67
171,12,car,VISIBLE,43,0,0.5027,1206.12,386.08,-9.4,0.04,Green,1638.68
172,1,person,VISIBLE,171,0,0.9368,640.5,343.38,0.02,0.03,Green,145087.27
172,3,can,OUT_OF_BOUNDS,31,140,0.0,1348.07,428.45,6.28,0.22,Green,455.01
172,2,car,OUT_OF_BOUNDS,65,95,0.0,1556.25,396.34,6.7,0.11,Green,628.46
172,4,motorcycle,OCCLUDED,152,6,0.933,634.03,469.36,0.68,0.44,Green,237466.7
172,5,car,OUT_OF_BOUNDS,90,43,0.522,1372.13,381.0,2.1,-0.18,Neutral,31.56
172,6,can,OUT_OF_BOUNDS,76,80,0.111,1812.11,372.47,6.29,-0.29,Neutral,156.67
172,12,car,VISIBLE,44,0,0.2643,1196.47,386.17,-9.58,0.07,Green,1667.73
173,1,person,VISIBLE,172,0,0.9381,640.15,342.91,-0.24,-0.32,Green,144173.46
173,3,can,OUT_OF_BOUNDS,31,141,0.0,1354.35,428.67,6.28,0.22,Green,455.01
173,2,car,OUT_OF_BOUNDS,65,96,0.0,1562.94,396.45,6.7,0.11,Green,628.46
173,4,motorcycle,OCCLUDED,152,7,0.922,634.71,469.8,0.68,0.44,Green,237466.7
173,5,car,OUT_OF_BOUNDS,90,44,0.511,1374.23,380.83,2.1,-0.18,Neutral,31.56
173,6,can,OUT_OF_BOUNDS,76,81,0.1,1818.41,372.18,6.29,-0.29,Neutral,156.67
173,12,car,VISIBLE,45,0,0.4116,1186.19,386.09,-10.07,-0.03,Yellow,1591.18
174,1,person,VISIBLE,173,0,0.9359,640.0,342.34,-0.18,-0.49,Green,142845.11
174,3,can,OUT_OF_BOUNDS,31,142,0.0,1360.63,428.9,6.28,0.22,Green,455.01
174,2,car,OUT_OF_BOUNDS,65,97,0.0,1569.64,396.55,6.7,0.11,Green,628.46
174,4,motorcycle,OCCLUDED,152,8,0.911,635.39,470.23,0.68,0.44,Green,237466.7
174,5,car,OUT_OF_BOUNDS,90,45,0.5,1376.33,380.65,2.1,-0.18,Neutral,31.56
174,6,can,OUT_OF_BOUNDS,76,82,0.089,1824.7,371.88,6.29,-0.29,Neutral,156.67
174,12,car,VISIBLE,46,0,0.4217,1176.17,385.45,-10.04,-0.45,Yellow,1494.81
175,1,person,VISIBLE,174,0,0.9379,639.63,342.05,-0.31,-0.36,Green,141455.61
175,3,can,OUT_OF_BOUNDS,31,143,0.0,1366.91,429.12,6.28,0.22,Green,455.01
175,2,car,OUT_OF_BOUNDS,65,98,0.0,1576.34,396.66,6.7,0.11,Green,628.46
175,4,motorcycle,OCCLUDED,152,9,0.9,636.07,470.67,0.68,0.44,Green,237466.7
175,5,car,OUT_OF_BOUNDS,90,46,0.489,1378.43,380.48,2.1,-0.18,Neutral,31.56
175,6,can,OUT_OF_BOUNDS,76,83,0.078,1830.99,371.59,6.29,-0.29,Neutral,156.67
175,12,car,VISIBLE,47,0,0.3898,1165.84,385.02,-10.25,-0.44,Yellow,1450.51
176,1,person,VISIBLE,175,0,0.9355,639.6,341.77,-0.12,-0.3,Green,139552.37
176,3,can,OUT_OF_BOUNDS,31,144,0.0,1373.19,429.34,6.28,0.22,Green,455.01
176,2,car,OUT_OF_BOUNDS,65,99,0.0,1583.03,396.76,6.7,0.11,Green,628.46
176,4,motorcycle,OCCLUDED,152,10,0.889,636.75,471.1,0.68,0.44,Green,237466.7
176,5,car,OUT_OF_BOUNDS,90,47,0.478,1380.53,380.3,2.1,-0.18,Neutral,31.56
176,6,can,OUT_OF_BOUNDS,76,84,0.067,1837.28,371.3,6.29,-0.29,Neutral,156.67
176,12,car,VISIBLE,48,0,0.4575,1155.44,384.66,-10.35,-0.38,Yellow,1444.87
177,1,person,VISIBLE,176,0,0.9345,639.81,341.67,0.11,-0.17,Green,137727.64
177,3,can,OUT_OF_BOUNDS,31,145,0.0,1379.47,429.56,6.28,0.22,Green,455.01
177,2,car,OUT_OF_BOUNDS,65,100,0.0,1589.73,396.87,6.7,0.11,Green,628.46
177,4,motorcycle,OCCLUDED,152,11,0.878,637.43,471.54,0.68,0.44,Green,237466.7
177,5,car,OUT_OF_BOUNDS,90,48,0.467,1382.63,380.13,2.1,-0.18,Neutral,31.56
177,6,can,OUT_OF_BOUNDS,76,85,0.056,1843.58,371.0,6.29,-0.29,Neutral,156.67
177,12,car,VISIBLE,49,0,0.4575,1145.77,384.37,-9.87,-0.32,Yellow,1419.46
178,1,person,VISIBLE,177,0,0.9341,639.68,341.9,-0.05,0.11,Green,136194.47
178,3,can,OUT_OF_BOUNDS,31,146,0.0,1385.75,429.78,6.28,0.22,Green,455.01
178,2,car,OUT_OF_BOUNDS,65,101,0.0,1596.43,396.97,6.7,0.11,Green,628.46
178,4,motorcycle,OCCLUDED,152,12,0.867,638.1,471.98,0.68,0.44,Green,237466.7
178,5,car,OUT_OF_BOUNDS,90,49,0.456,1384.72,379.95,2.1,-0.18,Neutral,31.56
178,6,can,OUT_OF_BOUNDS,76,86,0.044,1849.87,370.71,6.29,-0.29,Neutral,156.67
178,12,car,VISIBLE,50,0,0.1675,1135.09,384.49,-10.44,-0.01,Yellow,1433.84
179,1,person,VISIBLE,178,0,0.9338,639.6,342.53,-0.08,0.48,Green,134286.15
179,3,can,OUT_OF_BOUNDS,31,147,0.0,1392.03,430.0,6.28,0.22,Green,455.01
179,2,car,OUT_OF_BOUNDS,65,102,0.0,1603.12,397.08,6.7,0.11,Green,628.46
179,4,motorcycle,OCCLUDED,152,13,0.856,638.78,472.41,0.68,0.44,Green,237466.7
179,5,car,OUT_OF_BOUNDS,90,50,0.444,1386.82,379.78,2.1,-0.18,Neutral,31.56
179,6,can,OUT_OF_BOUNDS,76,87,0.033,1856.16,370.41,6.29,-0.29,Neutral,156.67
179,12,car,VISIBLE,51,0,0.2594,1124.65,384.57,-10.44,0.06,Yellow,1406.58
180,1,person,VISIBLE,179,0,0.9297,638.82,343.45,-0.57,0.78,Green,132596.57
180,3,can,OUT_OF_BOUNDS,31,148,0.0,1398.31,430.22,6.28,0.22,Green,455.01
180,2,car,OUT_OF_BOUNDS,65,103,0.0,1609.82,397.18,6.7,0.11,Green,628.46
180,4,motorcycle,OCCLUDED,152,14,0.844,639.46,472.85,0.68,0.44,Green,237466.7
180,5,car,OUT_OF_BOUNDS,90,51,0.433,1388.92,379.6,2.1,-0.18,Neutral,31.56
180,6,can,OUT_OF_BOUNDS,76,88,0.022,1862.45,370.12,6.29,-0.29,Neutral,156.67
180,12,car,VISIBLE,52,0,0.2594,1114.57,384.46,-10.18,-0.06,Yellow,1388.63
181,1,person,VISIBLE,180,0,0.9309,638.26,344.02,-0.56,0.64,Green,130649.02
181,3,can,OUT_OF_BOUNDS,31,149,0.0,1404.59,430.44,6.28,0.22,Green,455.01
181,2,car,OUT_OF_BOUNDS,65,104,0.0,1616.51,397.29,6.7,0.11,Green,628.46
181,4,motorcycle,OCCLUDED,152,15,0.833,640.14,473.28,0.68,0.44,Green,237466.7
181,5,car,OUT_OF_BOUNDS,90,52,0.422,1391.02,379.43,2.1,-0.18,Neutral,31.56
181,6,can,OUT_OF_BOUNDS,76,89,0.011,1868.75,369.82,6.29,-0.29,Neutral,156.67
181,12,car,VISIBLE,53,0,0.2594,1104.51,384.35,-10.1,-0.1,Green,1370.8
182,1,person,VISIBLE,181,0,0.9303,637.19,344.83,-0.92,0.76,Green,128499.88
182,3,can,OUT_OF_BOUNDS,31,150,0.0,1410.87,430.66,6.28,0.22,Green,455.01
182,2,car,OUT_OF_BOUNDS,65,105,0.0,1623.21,397.39,6.7,0.11,Green,628.46
182,4,motorcycle,OCCLUDED,152,16,0.822,640.82,473.72,0.68,0.44,Green,237466.7
182,5,car,OUT_OF_BOUNDS,90,53,0.411,1393.12,379.25,2.1,-0.18,Neutral,31.56
182,6,can,OUT_OF_BOUNDS,76,90,0.0,1875.04,369.53,6.29,-0.29,Neutral,156.67
182,12,car,VISIBLE,54,0,0.2594,1094.43,384.23,-10.08,-0.11,Green,1353.07
183,1,motorcycle,VISIBLE,182,0,0.9309,629.98,398.39,-5.32,37.72,Green,162448.2
183,3,can,OUT_OF_BOUNDS,31,151,0.0,1417.15,430.88,6.28,0.22,Green,455.01
183,2,car,OUT_OF_BOUNDS,65,106,0.0,1629.91,397.5,6.7,0.11,Green,628.46
183,4,motorcycle,OCCLUDED,152,17,0.811,641.49,474.15,0.68,0.44,Green,237466.7
183,5,car,OUT_OF_BOUNDS,90,54,0.4,1395.22,379.08,2.1,-0.18,Neutral,31.56
183,6,can,OUT_OF_BOUNDS,76,91,0.0,1881.33,369.23,6.29,-0.29,Neutral,156.67
183,12,car,VISIBLE,55,0,0.2594,1084.36,384.12,-10.08,-0.11,Green,1335.47
184,1,motorcycle,VISIBLE,183,0,0.9355,623.66,436.15,-6.02,37.75,Green,184059.13
184,3,can,OUT_OF_BOUNDS,31,152,0.0,1423.43,431.1,6.28,0.22,Green,455.01
184,2,car,OUT_OF_BOUNDS,65,107,0.0,1636.6,397.6,6.7,0.11,Green,628.46
184,4,motorcycle,OCCLUDED,152,18,0.8,642.17,474.59,0.68,0.44,Green,237466.7
184,5,car,OUT_OF_BOUNDS,90,55,0.389,1397.32,378.9,2.1,-0.18,Neutral,31.56
184,6,can,OUT_OF_BOUNDS,76,92,0.0,1887.62,368.94,6.29,-0.29,Neutral,156.67
184,12,car,VISIBLE,56,0,0.2594,1074.3,384.0,-10.07,-0.11,Yellow,1317.97
185,1,motorcycle,VISIBLE,184,0,0.9338,617.6,461.02,-6.05,28.73,Blue,195996.58
185,3,can,OUT_OF_BOUNDS,31,153,0.0,1429.71,431.32,6.28,0.22,Green,455.01
185,2,car,OUT_OF_BOUNDS,65,108,0.0,1643.3,397.71,6.7,0.11,Green,628.46
185,4,motorcycle,OCCLUDED,152,19,0.789,642.85,475.03,0.68,0.44,Green,237466.7
185,5,car,OUT_OF_BOUNDS,90,56,0.378,1399.42,378.72,2.1,-0.18,Neutral,31.56
185,6,can,OUT_OF_BOUNDS,76,93,0.0,1893.92,368.64,6.29,-0.29,Neutral,156.67
185,12,car,OCCLUDED,56,1,0.989,1064.23,383.89,-10.07,-0.11,Yellow,1317.97
186,1,motorcycle,VISIBLE,185,0,0.9327,612.22,476.09,-5.58,19.17,Blue,201116.09
186,3,can,OUT_OF_BOUNDS,31,154,0.0,1435.99,431.54,6.28,0.22,Green,455.01
186,2,car,OUT_OF_BOUNDS,65,109,0.0,1650.0,397.81,6.7,0.11,Green,628.46
186,4,motorcycle,OCCLUDED,152,20,0.778,643.53,475.46,0.68,0.44,Green,237466.7
186,5,car,OUT_OF_BOUNDS,90,57,0.367,1401.52,378.55,2.1,-0.18,Neutral,31.56
186,6,can,OUT_OF_BOUNDS,76,94,0.0,1900.21,368.35,6.29,-0.29,Neutral,156.67
186,12,car,OCCLUDED,56,2,0.978,1054.16,383.78,-10.07,-0.11,Yellow,1317.97
187,1,motorcycle,VISIBLE,186,0,0.9327,607.55,483.62,-4.94,11.02,Blue,201640.3
187,3,can,OUT_OF_BOUNDS,31,155,0.0,1442.27,431.76,6.28,0.22,Green,455.01
187,2,car,OUT_OF_BOUNDS,65,110,0.0,1656.69,397.92,6.7,0.11,Green,628.46
187,4,motorcycle,OCCLUDED,152,21,0.767,644.21,475.9,0.68,0.44,Green,237466.7
187,5,car,OUT_OF_BOUNDS,90,58,0.356,1403.62,378.37,2.1,-0.18,Neutral,31.56
187,6,can,OUT_OF_BOUNDS,76,95,0.0,1906.5,368.05,6.29,-0.29,Neutral,156.67
187,12,car,OCCLUDED,56,3,0.967,1044.09,383.66,-10.07,-0.11,Yellow,1317.97
188,1,motorcycle,VISIBLE,187,0,0.9336,603.88,486.03,-4.06,5.0,Blue,199364.56
188,3,can,OUT_OF_BOUNDS,31,156,0.0,1448.55,431.98,6.28,0.22,Green,455.01
188,2,car,OUT_OF_BOUNDS,65,111,0.0,1663.39,398.02,6.7,0.11,Green,628.46
188,4,motorcycle,OCCLUDED,152,22,0.756,644.89,476.33,0.68,0.44,Green,237466.7
188,5,car,OUT_OF_BOUNDS,90,59,0.344,1405.72,378.2,2.1,-0.18,Neutral,31.56
188,6,can,OUT_OF_BOUNDS,76,96,0.0,1912.79,367.76,6.29,-0.29,Neutral,156.67
188,12,car,OCCLUDED,56,4,0.956,1034.02,383.55,-10.07,-0.11,Yellow,1317.97
189,1,motorcycle,VISIBLE,188,0,0.9311,599.62,484.73,-4.2,0.58,Blue,195373.29
189,3,can,OUT_OF_BOUNDS,31,157,0.0,1454.83,432.2,6.28,0.22,Green,455.01
189,2,car,OUT_OF_BOUNDS,65,112,0.0,1670.08,398.13,6.7,0.11,Green,628.46
189,4,motorcycle,OCCLUDED,152,23,0.744,645.56,476.77,0.68,0.44,Green,237466.7
189,5,car,OUT_OF_BOUNDS,90,60,0.333,1407.82,378.02,2.1,-0.18,Neutral,31.56
189,6,can,OUT_OF_BOUNDS,76,97,0.0,1919.09,367.47,6.29,-0.29,Neutral,156.67
189,12,car,OCCLUDED,56,5,0.944,1023.95,383.44,-10.07,-0.11,Yellow,1317.97
190,1,motorcycle,VISIBLE,189,0,0.9293,595.94,481.58,-3.84,-2.02,Green,190726.06
190,3,can,OUT_OF_BOUNDS,31,158,0.0,1461.11,432.42,6.28,0.22,Green,455.01
190,2,car,OUT_OF_BOUNDS,65,113,0.0,1676.78,398.23,6.7,0.11,Green,628.46
190,4,motorcycle,OCCLUDED,152,24,0.733,646.24,477.21,0.68,0.44,Green,237466.7
190,5,car,OUT_OF_BOUNDS,90,61,0.322,1409.92,377.85,2.1,-0.18,Neutral,31.56
190,6,can,OUT_OF_BOUNDS,76,98,0.0,1925.38,367.17,6.29,-0.29,Neutral,156.67
190,12,car,OCCLUDED,56,6,0.933,1013.88,383.32,-10.07,-0.11,Yellow,1317.97
191,1,motorcycle,VISIBLE,190,0,0.9279,592.61,478.12,-3.48,-3.03,Green,185760.07
191,3,can,OUT_OF_BOUNDS,31,159,0.0,1467.39,432.64,6.28,0.22,Green,455.01
191,2,car,OUT_OF_BOUNDS,65,114,0.0,1683.48,398.34,6.7,0.11,Green,628.46
191,4,motorcycle,OCCLUDED,152,25,0.722,646.92,477.64,0.68,0.44,Green,237466.7
191,5,car,OUT_OF_BOUNDS,90,62,0.311,1412.02,377.67,2.1,-0.18,Neutral,31.56
191,6,can,OUT_OF_BOUNDS,76,99,0.0,1931.67,366.88,6.29,-0.29,Neutral,156.67
191,12,car,VISIBLE,57,0,0.6061,1261.79,393.16,15.73,0.88,Green,1009.79
192,1,motorcycle,VISIBLE,191,0,0.9274,588.88,474.74,-3.66,-3.28,Green,180391.05
192,3,can,OUT_OF_BOUNDS,31,160,0.0,1473.67,432.87,6.28,0.22,Green,455.01
192,2,car,OUT_OF_BOUNDS,65,115,0.0,1690.17,398.45,6.7,0.11,Green,628.46
192,4,motorcycle,OCCLUDED,152,26,0.711,647.6,478.08,0.68,0.44,Green,237466.7
192,5,car,OUT_OF_BOUNDS,90,63,0.3,1414.11,377.5,2.1,-0.18,Neutral,31.56
192,6,can,OUT_OF_BOUNDS,76,100,0.0,1937.96,366.58,6.29,-0.29,Neutral,156.67
192,12,car,VISIBLE,58,0,0.6322,1253.66,393.37,-0.97,0.41,Green,1179.38
193,1,motorcycle,VISIBLE,192,0,0.9276,585.88,471.64,-3.2,-3.15,Green,175794.67
193,3,can,OUT_OF_BOUNDS,31,161,0.0,1479.95,433.09,6.28,0.22,Green,455.01
193,2,car,OUT_OF_BOUNDS,65,116,0.0,1696.87,398.55,6.7,0.11,Green,628.46
193,4,motorcycle,OCCLUDED,152,27,0.7,648.28,478.51,0.68,0.44,Green,237466.7
193,5,car,OUT_OF_BOUNDS,90,64,0.289,1416.21,377.32,2.1,-0.18,Neutral,31.56
193,6,can,OUT_OF_BOUNDS,76,101,0.0,1944.26,366.29,6.29,-0.29,Neutral,156.67
193,12,car,VISIBLE,59,0,0.7498,1239.93,393.66,-9.91,0.33,Green,1258.15
194,1,motorcycle,VISIBLE,193,0,0.9273,582.99,469.07,-2.98,-2.74,Green,170717.66
194,3,can,OUT_OF_BOUNDS,31,162,0.0,1486.23,433.31,6.28,0.22,Green,455.01
194,2,car,OUT_OF_BOUNDS,65,117,0.0,1703.57,398.66,6.7,0.11,Green,628.46
194,4,motorcycle,OCCLUDED,152,28,0.689,648.95,478.95,0.68,0.44,Green,237466.7
194,5,car,OUT_OF_BOUNDS,90,65,0.278,1418.31,377.15,2.1,-0.18,Neutral,31.56
194,6,can,OUT_OF_BOUNDS,76,102,0.0,1950.55,365.99,6.29,-0.29,Neutral,156.67
194,12,car,VISIBLE,60,0,0.7285,1223.81,393.75,-14.26,0.17,Green,1288.69
195,1,motorcycle,VISIBLE,194,0,0.9314,580.0,466.71,-2.98,-2.48,Green,165495.79
195,3,can,OUT_OF_BOUNDS,31,163,0.0,1492.51,433.53,6.28,0.22,Green,455.01
195,2,car,OUT_OF_BOUNDS,65,118,0.0,1710.26,398.76,6.7,0.11,Green,628.46
195,4,motorcycle,OCCLUDED,152,29,0.678,649.63,479.38,0.68,0.44,Green,237466.7
195,5,car,OUT_OF_BOUNDS,90,66,0.267,1420.41,376.97,2.1,-0.18,Neutral,31.56
195,6,can,OUT_OF_BOUNDS,76,103,0.0,1956.84,365.7,6.29,-0.29,Neutral,156.67
195,12,car,VISIBLE,61,0,0.722,1206.95,393.7,-16.07,0.01,Green,1292.24
195,15,person,VISIBLE,1,0,0.1694,751.14,411.86,0.0,0.0,Green,6406.36
196,1,motorcycle,VISIBLE,195,0,0.9307,576.73,464.86,-3.19,-2.04,Green,160108.85
196,3,can,OUT_OF_BOUNDS,31,164,0.0,1498.79,433.75,6.28,0.22,Green,455.01
196,2,car,OUT_OF_BOUNDS,65,119,0.0,1716.96,398.87,6.7,0.11,Green,628.46
196,4,motorcycle,OCCLUDED,152,30,0.667,650.31,479.82,0.68,0.44,Green,237466.7
196,5,car,OUT_OF_BOUNDS,90,67,0.256,1422.51,376.8,2.1,-0.18,Neutral,31.56
196,6,can,OUT_OF_BOUNDS,76,104,0.0,1963.14,365.4,6.29,-0.29,Neutral,156.67
196,12,car,VISIBLE,62,0,0.7273,1190.9,393.44,-16.06,-0.18,Green,1277.42
196,15,dog,VISIBLE,2,0,0.2502,750.22,418.02,-0.92,6.16,Yellow,5138.46
197,1,motorcycle,VISIBLE,196,0,0.9233,576.92,463.68,-0.82,-1.44,Green,157052.83
197,3,can,OUT_OF_BOUNDS,31,165,0.0,1505.07,433.97,6.28,0.22,Green,455.01
197,2,car,OUT_OF_BOUNDS,65,120,0.0,1723.65,398.97,6.7,0.11,Green,628.46
197,4,motorcycle,OCCLUDED,152,31,0.656,650.99,480.26,0.68,0.44,Green,237466.7
197,5,car,OUT_OF_BOUNDS,90,68,0.244,1424.61,376.62,2.1,-0.18,Neutral,31.56
197,6,can,OUT_OF_BOUNDS,76,105,0.0,1969.43,365.11,6.29,-0.29,Neutral,156.67
197,12,car,VISIBLE,63,0,0.697,1175.01,393.08,-15.94,-0.3,Green,1252.34
197,15,dog,VISIBLE,3,0,0.1665,748.56,421.89,-1.44,4.56,Yellow,4439.48
198,1,motorcycle,VISIBLE,197,0,0.9123,576.43,462.71,-0.59,-1.11,Green,153788.38
198,3,can,OUT_OF_BOUNDS,31,166,0.0,1511.35,434.19,6.28,0.22,Green,455.01
198,2,car,OUT_OF_BOUNDS,65,121,0.0,1730.35,399.08,6.7,0.11,Green,628.46
198,4,motorcycle,OCCLUDED,152,32,0.644,651.67,480.69,0.68,0.44,Green,237466.7
198,5,car,OUT_OF_BOUNDS,90,69,0.233,1426.71,376.45,2.1,-0.18,Neutral,31.56
198,6,can,OUT_OF_BOUNDS,76,106,0.0,1975.72,364.81,6.29,-0.29,Neutral,156.67
198,12,car,VISIBLE,64,0,0.7218,1159.79,392.78,-15.44,-0.3,Green,1237.92
198,15,dog,VISIBLE,4,0,0.1665,747.44,423.78,-1.21,2.69,Yellow,4085.74
199,1,motorcycle,VISIBLE,198,0,0.9077,575.09,461.75,-1.12,-1.0,Green,149457.3
199,3,can,OUT_OF_BOUNDS,31,167,0.0,1517.63,434.41,6.28,0.22,Green,455.01
199,2,car,OUT_OF_BOUNDS,65,122,0.0,1737.05,399.18,6.7,0.11,Green,628.46
199,4,motorcycle,OCCLUDED,152,33,0.633,652.35,481.13,0.68,0.44,Green,237466.7
199,5,car,OUT_OF_BOUNDS,90,70,0.222,1428.81,376.27,2.1,-0.18,Neutral,31.56
199,6,can,OUT_OF_BOUNDS,76,107,0.0,1982.01,364.52,6.29,-0.29,Neutral,156.67
199,12,car,VISIBLE,65,0,0.7085,1145.34,392.63,-14.75,-0.19,Green,1229.63
199,15,dog,VISIBLE,5,0,0.1665,746.33,425.67,-1.14,2.13,Yellow,3738.99
200,1,motorcycle,VISIBLE,199,0,0.9078,575.74,461.04,0.12,-0.8,Green,146294.73
200,3,can,OUT_OF_BOUNDS,31,168,0.0,1523.91,434.63,6.28,0.22,Green,455.01
200,2,car,OUT_OF_BOUNDS,65,123,0.0,1743.74,399.29,6.7,0.11,Green,628.46
200,4,motorcycle,OCCLUDED,152,34,0.622,653.02,481.56,0.68,0.44,Green,237466.7
200,5,car,OUT_OF_BOUNDS,90,71,0.211,1430.91,376.1,2.1,-0.18,Neutral,31.56
200,6,can,OUT_OF_BOUNDS,76,108,0.0,1988.31,364.23,6.29,-0.29,Neutral,156.67
200,12,car,VISIBLE,66,0,0.7004,1131.36,392.65,-14.21,-0.05,Green,1213.27
200,15,dog,VISIBLE,6,0,0.1665,745.21,427.55,-1.13,1.96,Yellow,3399.21
201,1,motorcycle,VISIBLE,200,0,0.912,576.16,461.39,0.34,0.01,Green,142726.11
201,3,can,OUT_OF_BOUNDS,31,169,0.0,1530.19,434.85,6.28,0.22,Green,455.01
201,2,car,OUT_OF_BOUNDS,65,124,0.0,1750.44,399.39,6.7,0.11,Green,628.46
201,4,motorcycle,OCCLUDED,152,35,0.611,653.7,482.0,0.68,0.44,Green,237466.7
201,5,car,OUT_OF_BOUNDS,90,72,0.2,1433.01,375.92,2.1,-0.18,Neutral,31.56
201,6,can,OUT_OF_BOUNDS,76,109,0.0,1994.6,363.93,6.29,-0.29,Neutral,156.67
201,12,car,VISIBLE,67,0,0.6891,1117.22,392.83,-14.16,0.11,Green,1198.75
201,15,dog,VISIBLE,7,0,0.1665,744.1,429.44,-1.11,1.91,Yellow,3066.4
201,16,car,VISIBLE,1,0,0.5656,1265.72,397.97,0.0,0.0,Yellow,1110.21
202,1,motorcycle,VISIBLE,201,0,0.922,576.39,460.94,0.26,-0.31,Green,139931.96
202,3,can,OUT_OF_BOUNDS,31,170,0.0,1536.47,435.07,6.28,0.22,Green,455.01
202,2,car,OUT_OF_BOUNDS,65,125,0.0,1757.14,399.5,6.7,0.11,Green,628.46
202,4,motorcycle,OCCLUDED,152,36,0.6,654.38,482.44,0.68,0.44,Green,237466.7
202,5,car,OUT_OF_BOUNDS,90,73,0.189,1435.11,375.75,2.1,-0.18,Neutral,31.56
202,6,can,OUT_OF_BOUNDS,76,110,0.0,2000.89,363.64,6.29,-0.29,Neutral,156.67
202,12,car,VISIBLE,68,0,0.6706,1103.85,392.95,-13.61,0.12,Green,1169.24
202,15,dog,OCCLUDED,7,1,0.989,742.99,431.35,-1.11,1.91,Yellow,3066.4
202,16,car,VISIBLE,2,0,0.6089,1260.52,398.84,-5.2,0.87,Yellow,1516.24
203,1,motorcycle,VISIBLE,202,0,0.9256,576.76,460.6,0.33,-0.34,Green,136745.55
203,3,can,OUT_OF_BOUNDS,31,171,0.0,1542.75,435.29,6.28,0.22,Green,455.01
203,2,car,OUT_OF_BOUNDS,65,126,0.0,1763.83,399.6,6.7,0.11,Green,628.46
203,4,motorcycle,OCCLUDED,152,37,0.589,655.06,482.87,0.68,0.44,Green,237466.7
203,5,car,OUT_OF_BOUNDS,90,74,0.178,1437.21,375.57,2.1,-0.18,Neutral,31.56
203,6,can,OUT_OF_BOUNDS,76,111,0.0,2007.18,363.34,6.29,-0.29,Neutral,156.67
203,12,car,VISIBLE,69,0,0.7239,1090.96,393.04,-13.1,0.1,Green,1156.41
203,15,dog,OCCLUDED,7,2,0.978,741.87,433.26,-1.11,1.91,Yellow,3066.4
203,16,car,VISIBLE,3,0,0.4279,1251.54,399.57,-7.84,0.77,Yellow,1907.19
204,1,motorcycle,VISIBLE,203,0,0.9188,577.15,460.33,0.38,-0.29,Green,132721.57
204,3,can,OUT_OF_BOUNDS,31,172,0.0,1549.03,435.51,6.28,0.22,Green,455.01
204,2,car,OUT_OF_BOUNDS,65,127,0.0,1770.53,399.71,6.7,0.11,Green,628.46
204,4,motorcycle,OCCLUDED,152,38,0.578,655.74,483.31,0.68,0.44,Green,237466.7
204,5,car,OUT_OF_BOUNDS,90,75,0.167,1439.31,375.39,2.1,-0.18,Neutral,31.56
204,6,can,OUT_OF_BOUNDS,76,112,0.0,2013.48,363.05,6.29,-0.29,Neutral,156.67
204,12,car,VISIBLE,70,0,0.6778,1078.57,393.19,-12.61,0.14,Green,1123.15
204,15,dog,OCCLUDED,7,3,0.967,740.76,435.17,-1.11,1.91,Yellow,3066.4
204,16,car,VISIBLE,4,0,0.3564,1238.9,400.1,-11.2,0.6,Yellow,2119.38
205,1,motorcycle,VISIBLE,204,0,0.9227,578.08,459.74,0.76,-0.5,Green,129589.89
205,3,can,OUT_OF_BOUNDS,31,173,0.0,1555.31,435.73,6.28,0.22,Green,455.01
205,2,car,OUT_OF_BOUNDS,65,128,0.0,1777.22,399.81,6.7,0.11,Green,628.46
205,4,motorcycle,OCCLUDED,152,39,0.567,656.41,483.74,0.68,0.44,Green,237466.7
205,5,car,OUT_OF_BOUNDS,90,76,0.156,1441.41,375.22,2.1,-0.18,Neutral,31.56
205,6,can,OUT_OF_BOUNDS,76,113,0.0,2019.77,362.75,6.29,-0.29,Neutral,156.67
205,12,car,VISIBLE,71,0,0.6885,1066.64,393.24,-12.13,0.07,Green,1090.38
205,15,dog,OCCLUDED,7,4,0.956,739.64,437.08,-1.11,1.91,Yellow,3066.4
205,16,car,VISIBLE,5,0,0.3054,1225.05,400.05,-13.06,0.14,Yellow,2188.72
206,1,motorcycle,VISIBLE,205,0,0.9244,579.52,459.49,1.24,-0.32,Green,126264.89
206,3,can,OUT_OF_BOUNDS,31,174,0.0,1561.59,435.95,6.28,0.22,Green,455.01
206,2,car,OUT_OF_BOUNDS,65,129,0.0,1783.92,399.92,6.7,0.11,Green,628.46
206,4,motorcycle,OCCLUDED,152,40,0.556,657.09,484.18,0.68,0.44,Green,237466.7
206,5,car,OUT_OF_BOUNDS,90,77,0.144,1443.5,375.04,2.1,-0.18,Neutral,31.56
206,6,can,OUT_OF_BOUNDS,76,114,0.0,2026.06,362.46,6.29,-0.29,Neutral,156.67
206,12,car,VISIBLE,72,0,0.6966,1055.6,393.11,-11.37,-0.07,Green,1060.56
206,15,dog,OCCLUDED,7,5,0.944,738.53,438.99,-1.11,1.91,Yellow,3066.4
206,16,car,VISIBLE,6,0,0.3874,1211.2,400.0,-13.61,0.01,Yellow,2150.4
207,1,motorcycle,VISIBLE,206,0,0.9208,581.34,459.08,1.64,-0.38,Green,123124.56
207,3,can,OUT_OF_BOUNDS,31,175,0.0,1567.86,436.17,6.28,0.22,Green,455.01
207,2,car,OUT_OF_BOUNDS,65,130,0.0,1790.62,400.02,6.7,0.11,Green,628.46
207,4,motorcycle,OCCLUDED,152,41,0.544,657.77,484.61,0.68,0.44,Green,237466.7
207,5,car,OUT_OF_BOUNDS,90,78,0.133,1445.6,374.87,2.1,-0.18,Neutral,31.56
207,6,can,OUT_OF_BOUNDS,76,115,0.0,2032.35,362.16,6.29,-0.29,Neutral,156.67
207,12,car,VISIBLE,73,0,0.6762,1044.91,393.13,-10.89,-0.0,Green,1041.47
207,15,dog,OCCLUDED,7,6,0.933,737.41,440.9,-1.11,1.91,Yellow,3066.4
207,16,car,VISIBLE,7,0,0.4602,1197.98,399.74,-13.34,-0.18,Yellow,2095.0
208,1,motorcycle,VISIBLE,207,0,0.9227,583.33,458.48,1.89,-0.54,Green,120061.25
208,3,can,OUT_OF_BOUNDS,31,176,0.0,1574.14,436.39,6.28,0.22,Green,455.01
208,2,car,OUT_OF_BOUNDS,65,131,0.0,1797.31,400.13,6.7,0.11,Green,628.46
208,4,motorcycle,OCCLUDED,152,42,0.533,658.45,485.05,0.68,0.44,Green,237466.7
208,5,car,OUT_OF_BOUNDS,90,79,0.122,1447.7,374.69,2.1,-0.18,Neutral,31.56
208,6,can,OUT_OF_BOUNDS,76,116,0.0,2038.65,361.87,6.29,-0.29,Neutral,156.67
208,12,car,VISIBLE,74,0,0.6846,1034.92,393.38,-10.26,0.17,Green,1014.44
208,15,dog,OCCLUDED,7,7,0.922,736.3,442.81,-1.11,1.91,Yellow,3066.4
208,16,car,VISIBLE,8,0,0.3606,1185.38,399.63,-12.82,-0.13,Orange,1989.62
209,1,motorcycle,VISIBLE,208,0,0.9179,585.15,457.77,1.84,-0.65,Green,117393.55
209,3,can,OUT_OF_BOUNDS,31,177,0.0,1580.42,436.62,6.28,0.22,Green,455.01
209,2,car,OUT_OF_BOUNDS,65,132,0.0,1804.01,400.23,6.7,0.11,Green,628.46
209,4,motorcycle,OCCLUDED,152,43,0.522,659.13,485.49,0.68,0.44,Green,237466.7
209,5,car,OUT_OF_BOUNDS,90,80,0.111,1449.8,374.52,2.1,-0.18,Neutral,31.56
209,6,can,OUT_OF_BOUNDS,76,117,0.0,2044.94,361.57,6.29,-0.29,Neutral,156.67
209,12,car,VISIBLE,75,0,0.701,1025.16,393.55,-9.91,0.16,Green,1000.73
209,15,dog,OCCLUDED,7,8,0.911,735.18,444.72,-1.11,1.91,Yellow,3066.4
209,16,car,VISIBLE,9,0,0.4221,1173.52,399.96,-12.15,0.19,Orange,1921.99
210,1,motorcycle,VISIBLE,209,0,0.9189,587.6,456.64,2.27,-0.99,Green,114739.6
210,3,can,OUT_OF_BOUNDS,31,178,0.0,1586.7,436.84,6.28,0.22,Green,455.01
210,2,car,OUT_OF_BOUNDS,65,133,0.0,1810.71,400.34,6.7,0.11,Green,628.46
210,4,motorcycle,OCCLUDED,152,44,0.511,659.81,485.92,0.68,0.44,Green,237466.7
210,5,car,OUT_OF_BOUNDS,90,81,0.1,1451.9,374.34,2.1,-0.18,Neutral,31.56
210,6,can,OUT_OF_BOUNDS,76,118,0.0,2051.23,361.28,6.29,-0.29,Neutral,156.67
210,12,car,VISIBLE,76,0,0.6463,1016.04,393.71,-9.36,0.16,Green,973.41
210,15,dog,OCCLUDED,7,9,0.9,734.07,446.63,-1.11,1.91,Yellow,3066.4
210,16,car,VISIBLE,10,0,0.4703,1162.37,399.88,-11.45,0.0,Orange,1868.23
210,17,can,VISIBLE,1,0,0.7084,1267.8,411.87,0.0,0.0,Green,912.09
211,1,person,VISIBLE,210,0,0.9202,585.42,410.18,-0.84,-32.82,Green,103685.44
211,3,can,OUT_OF_BOUNDS,31,179,0.0,1592.98,437.06,6.28,0.22,Green,455.01
211,2,car,OUT_OF_BOUNDS,65,134,0.0,1817.4,400.44,6.7,0.11,Green,628.46
211,4,motorcycle,OCCLUDED,152,45,0.5,660.48,486.36,0.68,0.44,Green,237466.7
211,5,car,OUT_OF_BOUNDS,90,82,0.089,1454.0,374.17,2.1,-0.18,Neutral,31.56
211,6,can,OUT_OF_BOUNDS,76,119,0.0,2057.52,360.98,6.29,-0.29,Neutral,156.67
211,12,car,VISIBLE,77,0,0.6935,1007.42,393.73,-8.84,0.06,Green,954.3
211,15,dog,OCCLUDED,7,10,0.889,732.95,448.54,-1.11,1.91,Yellow,3066.4
211,16,car,VISIBLE,11,0,0.4359,1151.77,399.89,-10.85,0.01,Orange,1793.73
211,17,can,VISIBLE,2,0,0.8122,1261.62,411.74,-6.18,-0.13,Green,974.02
212,1,person,VISIBLE,211,0,0.924,585.3,377.3,-0.34,-32.86,Green,95102.97
212,3,can,OUT_OF_BOUNDS,31,180,0.0,1599.26,437.28,6.28,0.22,Green,455.01
212,2,car,OUT_OF_BOUNDS,65,135,0.0,1824.1,400.55,6.7,0.11,Green,628.46
212,4,motorcycle,OCCLUDED,152,46,0.489,661.16,486.79,0.68,0.44,Green,237466.7
212,5,car,OUT_OF_BOUNDS,90,83,0.078,1456.1,373.99,2.1,-0.18,Neutral,31.56
212,6,can,OUT_OF_BOUNDS,76,120,0.0,2063.82,360.69,6.29,-0.29,Neutral,156.67
212,12,car,VISIBLE,78,0,0.7183,999.4,394.03,-8.26,0.24,Green,936.95
212,15,dog,OCCLUDED,7,11,0.878,731.84,450.45,-1.11,1.91,Yellow,3066.4
212,16,car,VISIBLE,12,0,0.4278,1141.99,400.15,-10.11,0.19,Orange,1727.51
212,17,can,VISIBLE,3,0,0.7759,1252.67,411.88,-8.11,0.06,Green,1039.44
213,1,person,VISIBLE,212,0,0.9173,587.14,355.38,1.19,-25.21,Green,88677.83
213,3,can,OUT_OF_BOUNDS,31,181,0.0,1605.54,437.5,6.28,0.22,Green,455.01
213,2,car,OUT_OF_BOUNDS,65,136,0.0,1830.79,400.65,6.7,0.11,Green,628.46
213,4,motorcycle,OCCLUDED,152,47,0.478,661.84,487.23,0.68,0.44,Green,237466.7
213,5,car,OUT_OF_BOUNDS,90,84,0.067,1458.2,373.82,2.1,-0.18,Neutral,31.56
213,6,can,OUT_OF_BOUNDS,76,121,0.0,2070.11,360.4,6.29,-0.29,Neutral,156.67
213,12,car,VISIBLE,79,0,0.7372,991.78,394.29,-7.82,0.25,Green,924.26
213,15,dog,OCCLUDED,7,12,0.867,730.72,452.36,-1.11,1.91,Yellow,3066.4
213,16,car,VISIBLE,13,0,0.3901,1132.68,400.27,-9.55,0.14,Orange,1675.0
213,17,can,VISIBLE,4,0,0.7854,1241.65,411.52,-10.15,-0.24,Green,1040.55
214,1,person,VISIBLE,213,0,0.9207,589.32,342.91,1.88,-16.29,Green,85038.26
214,3,can,OUT_OF_BOUNDS,31,182,0.0,1611.82,437.72,6.28,0.22,Green,455.01
214,2,car,OUT_OF_BOUNDS,65,137,0.0,1837.49,400.76,6.7,0.11,Green,628.46
214,4,motorcycle,OCCLUDED,152,48,0.467,662.52,487.67,0.68,0.44,Green,237466.7
214,5,car,OUT_OF_BOUNDS,90,85,0.056,1460.3,373.64,2.1,-0.18,Neutral,31.56
214,6,can,OUT_OF_BOUNDS,76,122,0.0,2076.4,360.1,6.29,-0.29,Neutral,156.67
214,12,car,VISIBLE,80,0,0.6839,984.56,394.58,-7.4,0.27,Green,912.09
214,15,dog,OCCLUDED,7,13,0.856,729.61,454.27,-1.11,1.91,Yellow,3066.4
214,16,car,VISIBLE,14,0,0.4113,1124.44,400.55,-8.63,0.24,Orange,1634.85
214,17,can,VISIBLE,5,0,0.8203,1230.76,411.58,-10.67,-0.03,Green,1039.75
215,1,person,VISIBLE,214,0,0.9217,592.88,337.68,3.06,-8.55,Green,82265.38
215,3,can,OUT_OF_BOUNDS,31,183,0.0,1618.1,437.94,6.28,0.22,Green,455.01
215,2,car,OUT_OF_BOUNDS,65,138,0.0,1844.19,400.86,6.7,0.11,Green,628.46
215,4,motorcycle,OCCLUDED,152,49,0.456,663.2,488.1,0.68,0.44,Green,237466.7
215,5,car,OUT_OF_BOUNDS,90,86,0.044,1462.4,373.47,2.1,-0.18,Neutral,31.56
215,6,can,OUT_OF_BOUNDS,76,123,0.0,2082.69,359.81,6.29,-0.29,Neutral,156.67
215,12,car,VISIBLE,81,0,0.7269,977.26,394.79,-7.32,0.24,Green,894.35
215,15,dog,OCCLUDED,7,14,0.844,728.49,456.18,-1.11,1.91,Yellow,3066.4
215,16,car,VISIBLE,15,0,0.3728,1116.07,400.61,-8.45,0.11,Yellow,1609.63
215,17,can,VISIBLE,6,0,0.8091,1220.14,411.52,-10.63,-0.04,Green,1006.7
216,1,person,VISIBLE,215,0,0.9218,595.79,337.45,2.95,-2.72,Green,81254.6
216,3,can,OUT_OF_BOUNDS,31,184,0.0,1624.38,438.16,6.28,0.22,Green,455.01
216,2,car,OUT_OF_BOUNDS,65,139,0.0,1850.88,400.97,6.7,0.11,Green,628.46
216,4,motorcycle,OCCLUDED,152,50,0.444,663.87,488.54,0.68,0.44,Green,237466.7
216,5,car,OUT_OF_BOUNDS,90,87,0.033,1464.5,373.29,2.1,-0.18,Neutral,31.56
216,6,can,OUT_OF_BOUNDS,76,124,0.0,2088.99,359.51,6.29,-0.29,Neutral,156.67
216,12,car,VISIBLE,82,0,0.7005,969.95,394.98,-7.31,0.2,Green,886.64
216,15,dog,OCCLUDED,7,15,0.833,727.38,458.09,-1.11,1.91,Yellow,3066.4
216,16,car,VISIBLE,16,0,0.4007,1107.97,400.83,-8.2,0.19,Orange,1585.27
216,17,can,VISIBLE,7,0,0.7573,1209.59,411.44,-10.58,-0.07,Green,964.82
216,18,car,VISIBLE,1,0,0.2987,489.35,379.06,0.0,0.0,Green,2782.74
217,1,motorcycle,VISIBLE,216,0,0.9147,600.24,383.0,4.0,31.07,Green,86778.88
217,3,can,OUT_OF_BOUNDS,31,185,0.0,1630.66,438.38,6.28,0.22,Green,455.01
217,2,car,OUT_OF_BOUNDS,65,140,0.0,1857.58,401.07,6.7,0.11,Green,628.46
217,4,motorcycle,OCCLUDED,152,51,0.433,664.55,488.97,0.68,0.44,Green,237466.7
217,5,car,OUT_OF_BOUNDS,90,88,0.022,1466.6,373.12,2.1,-0.18,Neutral,31.56
217,6,can,OUT_OF_BOUNDS,76,125,0.0,2095.28,359.22,6.29,-0.29,Neutral,156.67
217,12,car,VISIBLE,83,0,0.7238,962.58,395.11,-7.36,0.15,Green,876.96
217,15,dog,OCCLUDED,7,16,0.822,726.26,460.0,-1.11,1.91,Yellow,3066.4
217,16,car,VISIBLE,17,0,0.3974,1099.56,400.92,-8.35,0.12,Orange,1561.55
217,17,can,VISIBLE,8,0,0.8232,1198.85,411.56,-10.69,0.06,Green,965.76
217,18,car,VISIBLE,2,0,0.2677,490.15,378.25,0.81,-0.81,Green,3146.33
218,1,motorcycle,VISIBLE,217,0,0.9124,603.9,416.62,3.77,32.85,Green,89818.87
218,3,can,OUT_OF_BOUNDS,31,186,0.0,1636.94,438.6,6.28,0.22,Green,455.01
218,2,car,OUT_OF_BOUNDS,65,141,0.0,1864.28,401.18,6.7,0.11,Green,628.46
218,4,motorcycle,OCCLUDED,152,52,0.422,665.23,489.41,0.68,0.44,Green,237466.7
218,5,car,OUT_OF_BOUNDS,90,89,0.011,1468.7,372.94,2.1,-0.18,Neutral,31.56
218,6,can,OUT_OF_BOUNDS,76,126,0.0,2101.57,358.92,6.29,-0.29,Neutral,156.67
218,12,car,VISIBLE,84,0,0.6744,955.26,395.17,-7.33,0.09,Green,862.32
218,15,dog,OCCLUDED,7,17,0.811,725.15,461.91,-1.11,1.91,Yellow,3066.4
218,16,car,VISIBLE,18,0,0.3385,1091.53,401.03,-8.13,0.12,Orange,1550.24
218,17,can,VISIBLE,9,0,0.8176,1188.5,411.38,-10.45,-0.1,Green,928.96
218,18,car,VISIBLE,3,0,0.3376,491.57,377.45,1.24,-0.81,Green,3700.26
218,19,car,VISIBLE,1,0,0.1997,1048.38,390.63,0.0,0.0,Green,672.3
219,1,motorcycle,VISIBLE,218,0,0.9055,606.64,440.49,3.05,26.56,Green,90380.54
219,3,can,OUT_OF_BOUNDS,31,187,0.0,1643.22,438.82,6.28,0.22,Green,455.01
219,2,car,OUT_OF_BOUNDS,65,142,0.0,1870.97,401.28,6.7,0.11,Green,628.46
219,4,motorcycle,OCCLUDED,152,53,0.411,665.91,489.84,0.68,0.44,Green,237466.7
219,5,car,OUT_OF_BOUNDS,90,90,0.0,1470.8,372.77,2.1,-0.18,Neutral,31.56
219,6,can,OUT_OF_BOUNDS,76,127,0.0,2107.86,358.63,6.29,-0.29,Neutral,156.67
219,12,car,VISIBLE,85,0,0.7061,947.7,395.31,-7.49,0.12,Green,848.11
219,15,dog,OCCLUDED,7,18,0.8,724.03,463.82,-1.11,1.91,Yellow,3066.4
219,16,car,VISIBLE,19,0,0.3978,1083.18,401.04,-8.28,0.04,Yellow,1517.4
219,17,can,VISIBLE,10,0,0.7771,1178.71,411.22,-9.98,-0.15,Green,921.23
219,18,car,VISIBLE,4,0,0.3531,492.78,377.35,1.22,-0.31,Green,4232.91
219,19,car,VISIBLE,2,0,0.1997,1047.82,390.75,-0.56,0.12,Orange,665.64
220,1,motorcycle,VISIBLE,219,0,0.9047,608.86,455.44,2.46,18.43,Green,89567.48
220,3,can,OUT_OF_BOUNDS,31,188,0.0,1649.5,439.04,6.28,0.22,Green,455.01
220,2,car,OUT_OF_BOUNDS,65,143,0.0,1877.67,401.39,6.7,0.11,Green,628.46
220,4,motorcycle,OCCLUDED,152,54,0.4,666.59,490.28,0.68,0.44,Green,237466.7
220,5,car,OUT_OF_BOUNDS,90,91,0.0,1472.89,372.59,2.1,-0.18,Neutral,31.56
220,6,can,OUT_OF_BOUNDS,76,128,0.0,2114.16,358.33,6.29,-0.29,Neutral,156.67
220,12,car,VISIBLE,86,0,0.663,940.37,395.55,-7.38,0.21,Green,842.02
220,15,dog,OCCLUDED,7,19,0.789,722.92,465.73,-1.11,1.91,Yellow,3066.4
220,16,car,VISIBLE,20,0,0.3538,1074.93,401.25,-8.26,0.16,Yellow,1492.97
220,17,can,VISIBLE,11,0,0.8147,1169.11,411.05,-9.72,-0.16,Green,891.0
220,18,car,VISIBLE,5,0,0.5599,493.09,380.44,0.58,2.07,Green,4222.67
220,19,car,VISIBLE,3,0,0.1997,1047.25,390.88,-0.57,0.12,Orange,659.0
221,1,motorcycle,VISIBLE,220,0,0.8935,611.56,462.64,2.63,10.57,Green,87540.78
221,3,can,OUT_OF_BOUNDS,31,189,0.0,1655.78,439.26,6.28,0.22,Green,455.01
221,2,car,OUT_OF_BOUNDS,65,144,0.0,1884.36,401.49,6.7,0.11,Green,628.46
221,4,motorcycle,OCCLUDED,152,55,0.389,667.27,490.72,0.68,0.44,Green,237466.7
221,5,car,OUT_OF_BOUNDS,90,92,0.0,1474.99,372.42,2.1,-0.18,Neutral,31.56
221,6,can,OUT_OF_BOUNDS,76,129,0.0,2120.45,358.04,6.29,-0.29,Neutral,156.67
221,12,car,VISIBLE,87,0,0.6402,932.93,395.88,-7.42,0.29,Green,835.58
221,15,dog,OCCLUDED,7,20,0.778,721.8,467.64,-1.11,1.91,Yellow,3066.4
221,16,car,VISIBLE,21,0,0.4051,1066.72,401.62,-8.22,0.3,Yellow,1455.25
221,17,can,VISIBLE,12,0,0.7898,1159.49,411.05,-9.65,-0.05,Green,837.77
221,18,car,VISIBLE,6,0,0.5853,493.45,382.9,0.42,2.35,Green,4243.37
221,19,car,OCCLUDED,3,1,0.989,1046.68,391.0,-0.57,0.12,Orange,659.0
221,20,car,VISIBLE,1,0,0.293,1022.98,392.62,0.0,0.0,Green,572.7
222,1,motorcycle,VISIBLE,221,0,0.9071,612.49,465.81,1.44,5.39,Green,86279.55
222,3,can,OUT_OF_BOUNDS,31,190,0.0,1662.06,439.48,6.28,0.22,Green,455.01
222,2,car,OUT_OF_BOUNDS,65,145,0.0,1891.06,401.6,6.7,0.11,Green,628.46
222,4,motorcycle,OCCLUDED,152,56,0.378,667.94,491.15,0.68,0.44,Green,237466.7
222,5,car,OUT_OF_BOUNDS,90,93,0.0,1477.09,372.24,2.1,-0.18,Neutral,31.56
222,6,can,OUT_OF_BOUNDS,76,130,0.0,2126.74,357.74,6.29,-0.29,Neutral,156.67
222,12,car,VISIBLE,88,0,0.6745,925.87,396.15,-7.17,0.27,Green,830.47
222,15,dog,OCCLUDED,7,21,0.767,720.69,469.56,-1.11,1.91,Yellow,3066.4
222,16,car,VISIBLE,22,0,0.3556,1059.03,401.9,-7.86,0.29,Orange,1443.49
222,17,can,VISIBLE,13,0,0.8056,1150.6,411.08,-9.12,0.01,Green,810.78
222,18,car,VISIBLE,7,0,0.675,494.67,384.3,0.98,1.68,Green,4424.39
222,19,car,OCCLUDED,3,2,0.978,1046.12,391.12,-0.57,0.12,Orange,659.0
222,20,car,VISIBLE,2,0,0.3004,1017.78,392.85,-5.21,0.22,Green,556.25
222,21,can,VISIBLE,1,0,0.404,7.95,393.26,0.0,0.0,Green,628.69
223,1,motorcycle,VISIBLE,222,0,0.9136,613.79,465.76,1.34,1.59,Green,85109.72
223,3,can,OUT_OF_BOUNDS,31,191,0.0,1668.34,439.7,6.28,0.22,Green,455.01
223,2,car,OUT_OF_BOUNDS,65,146,0.0,1897.76,401.7,6.7,0.11,Green,628.46
223,4,motorcycle,OCCLUDED,152,57,0.367,668.62,491.59,0.68,0.44,Green,237466.7
223,5,car,OUT_OF_BOUNDS,90,94,0.0,1479.19,372.06,2.1,-0.18,Neutral,31.56
223,6,can,OUT_OF_BOUNDS,76,131,0.0,2133.03,357.45,6.29,-0.29,Neutral,156.67
223,12,car,VISIBLE,89,0,0.5962,919.07,396.31,-6.91,0.19,Green,818.11
223,15,dog,OCCLUDED,7,22,0.756,719.57,471.47,-1.11,1.91,Yellow,3066.4
223,16,car,VISIBLE,23,0,0.3982,1051.28,402.09,-7.78,0.22,Yellow,1409.8
223,17,can,VISIBLE,14,0,0.7784,1142.05,410.99,-8.71,-0.06,Green,776.35
223,18,car,VISIBLE,8,0,0.677,495.88,385.08,1.15,1.05,Green,4655.43
223,19,car,OCCLUDED,3,3,0.967,1045.55,391.24,-0.57,0.12,Orange,659.0
223,20,car,VISIBLE,3,0,0.2701,1010.49,393.05,-6.66,0.21,Green,542.07
223,21,can,VISIBLE,2,0,0.404,8.18,393.29,0.23,0.03,Green,648.06
224,1,motorcycle,VISIBLE,223,0,0.9076,615.2,464.25,1.4,-0.58,Green,83405.3
224,3,can,OUT_OF_BOUNDS,31,192,0.0,1674.62,439.92,6.28,0.22,Green,455.01
224,2,car,OUT_OF_BOUNDS,65,147,0.0,1904.45,401.81,6.7,0.11,Green,628.46
224,4,motorcycle,OCCLUDED,152,58,0.356,669.3,492.02,0.68,0.44,Green,237466.7
224,5,car,OUT_OF_BOUNDS,90,95,0.0,1481.29,371.89,2.1,-0.18,Neutral,31.56
224,6,can,OUT_OF_BOUNDS,76,132,0.0,2139.33,357.16,6.29,-0.29,Neutral,156.67
224,12,car,VISIBLE,90,0,0.7158,912.49,396.28,-6.68,0.04,Green,810.81
224,15,dog,OCCLUDED,7,23,0.744,718.46,473.38,-1.11,1.91,Yellow,3066.4
224,16,car,VISIBLE,24,0,0.4153,1043.99,402.22,-7.43,0.15,Orange,1391.76
224,17,can,VISIBLE,15,0,0.7919,1134.22,410.75,-8.1,-0.18,Green,765.74
224,18,car,VISIBLE,9,0,0.6916,496.81,385.31,0.99,0.48,Green,4896.55
224,19,car,OCCLUDED,3,4,0.956,1044.98,391.36,-0.57,0.12,Orange,659.0
224,20,car,VISIBLE,4,0,0.2951,1002.41,393.43,-7.65,0.33,Grey/Brown,525.05
224,21,can,VISIBLE,3,0,0.2244,12.21,393.17,2.9,-0.07,Green,977.5
225,1,motorcycle,VISIBLE,224,0,0.9037,617.22,461.69,1.83,-1.97,Green,81440.82
225,3,can,OUT_OF_BOUNDS,31,193,0.0,1680.9,440.14,6.28,0.22,Green,455.01
225,2,car,OUT_OF_BOUNDS,65,148,0.0,1911.15,401.91,6.7,0.11,Green,628.46
225,4,motorcycle,OCCLUDED,152,59,0.344,669.98,492.46,0.68,0.44,Green,237466.7
225,5,car,OUT_OF_BOUNDS,90,96,0.0,1483.39,371.71,2.1,-0.18,Neutral,31.56
225,6,can,OUT_OF_BOUNDS,76,133,0.0,2145.62,356.86,6.29,-0.29,Neutral,156.67
225,12,car,VISIBLE,91,0,0.6388,906.16,396.07,-6.43,-0.13,Green,811.95
225,15,dog,OCCLUDED,7,24,0.733,717.34,475.29,-1.11,1.91,Yellow,3066.4
225,16,car,VISIBLE,25,0,0.4304,1037.04,402.01,-7.1,-0.09,Orange,1368.68
225,17,can,VISIBLE,16,0,0.7997,1126.45,410.47,-7.87,-0.25,Green,750.45
225,18,car,VISIBLE,10,0,0.7181,498.46,385.31,1.46,0.14,Green,5194.89
225,19,car,OCCLUDED,3,5,0.944,1044.41,391.48,-0.57,0.12,Orange,659.0
225,20,car,VISIBLE,5,0,0.304,994.53,393.04,-7.81,-0.17,Green,524.53
225,21,can,VISIBLE,4,0,0.2244,13.53,393.15,1.79,-0.03,Green,1086.06
226,1,motorcycle,VISIBLE,225,0,0.9051,618.95,458.5,1.76,-2.83,Green,79417.37
226,3,can,OUT_OF_BOUNDS,31,194,0.0,1687.18,440.36,6.28,0.22,Green,455.01
226,2,car,OUT_OF_BOUNDS,65,149,0.0,1917.85,402.02,6.7,0.11,Green,628.46
226,4,motorcycle,OCCLUDED,152,60,0.333,670.66,492.9,0.68,0.44,Green,237466.7
226,5,car,OUT_OF_BOUNDS,90,97,0.0,1485.49,371.54,2.1,-0.18,Neutral,31.56
226,6,can,OUT_OF_BOUNDS,76,134,0.0,2151.91,356.57,6.29,-0.29,Neutral,156.67
226,12,car,VISIBLE,92,0,0.643,900.15,395.73,-6.14,-0.29,Green,796.44
226,15,dog,OCCLUDED,7,25,0.722,716.23,477.2,-1.11,1.91,Yellow,3066.4
226,16,car,VISIBLE,26,0,0.4291,1030.73,401.86,-6.54,-0.14,Orange,1364.98
226,17,can,VISIBLE,17,0,0.8081,1119.31,410.03,-7.36,-0.38,Green,752.47
226,18,car,VISIBLE,11,0,0.7181,500.07,385.18,1.56,-0.05,Green,5522.83
226,19,car,OCCLUDED,3,6,0.933,1043.85,391.6,-0.57,0.12,Orange,659.0
226,20,car,VISIBLE,6,0,0.2576,986.75,392.74,-7.79,-0.26,Green,536.61
226,21,can,VISIBLE,5,0,0.2244,14.83,393.14,1.45,-0.02,Green,1195.38
227,1,motorcycle,VISIBLE,226,0,0.9048,620.92,456.1,1.91,-2.52,Green,76868.97
227,3,can,OUT_OF_BOUNDS,31,195,0.0,1693.46,440.59,6.28,0.22,Green,455.01
227,2,car,OUT_OF_BOUNDS,65,150,0.0,1924.54,402.12,6.7,0.11,Green,628.46
227,4,motorcycle,OCCLUDED,152,61,0.322,671.33,493.33,0.68,0.44,Green,237466.7
227,5,car,OUT_OF_BOUNDS,90,98,0.0,1487.59,371.36,2.1,-0.18,Neutral,31.56
227,6,can,OUT_OF_BOUNDS,76,135,0.0,2158.2,356.27,6.29,-0.29,Neutral,156.67
227,12,car,VISIBLE,93,0,0.6833,894.54,395.43,-5.77,-0.3,Green,781.03
227,15,dog,OCCLUDED,7,26,0.711,715.11,479.11,-1.11,1.91,Yellow,3066.4
227,16,car,VISIBLE,27,0,0.4351,1024.36,401.65,-6.42,-0.19,Orange,1352.53
227,17,can,VISIBLE,18,0,0.7542,1112.26,409.73,-7.14,-0.33,Green,744.92
227,18,car,VISIBLE,12,0,0.6767,501.15,385.2,1.22,-0.0,Green,5824.1
227,19,car,OCCLUDED,3,7,0.922,1043.28,391.72,-0.57,0.12,Orange,659.0
227,20,car,VISIBLE,7,0,0.2661,979.67,391.5,-7.29,-0.94,Green,597.83
227,21,can,OCCLUDED,5,1,0.989,16.28,393.12,1.45,-0.02,Green,1195.38
228,1,motorcycle,VISIBLE,227,0,0.9042,623.36,454.04,2.28,-2.2,Green,74969.86
228,3,can,OUT_OF_BOUNDS,31,196,0.0,1699.74,440.81,6.28,0.22,Green,455.01
228,2,car,OUT_OF_BOUNDS,65,151,0.0,1931.24,402.23,6.7,0.11,Green,628.46
228,4,motorcycle,OCCLUDED,152,62,0.311,672.01,493.77,0.68,0.44,Green,237466.7
228,5,car,OUT_OF_BOUNDS,90,99,0.0,1489.69,371.19,2.1,-0.18,Neutral,31.56
228,6,can,OUT_OF_BOUNDS,76,136,0.0,2164.5,355.98,6.29,-0.29,Neutral,156.67
228,12,car,VISIBLE,94,0,0.5882,888.96,395.45,-5.64,-0.07,Green,775.09
228,15,dog,OCCLUDED,7,27,0.7,714.0,481.02,-1.11,1.91,Yellow,3066.4
228,16,car,VISIBLE,28,0,0.3972,1018.18,401.41,-6.25,-0.22,Orange,1333.18
228,17,can,VISIBLE,19,0,0.795,1105.39,409.5,-6.95,-0.26,Green,739.86
228,18,car,VISIBLE,13,0,0.6909,502.05,385.6,1.0,0.28,Green,6035.98
228,19,car,OCCLUDED,3,8,0.911,1042.71,391.84,-0.57,0.12,Orange,659.0
228,20,car,VISIBLE,8,0,0.2564,972.91,391.7,-6.92,-0.14,Green,578.6
228,21,can,OCCLUDED,5,2,0.978,17.73,393.1,1.45,-0.02,Green,1195.38
229,1,motorcycle,VISIBLE,228,0,0.9048,624.71,452.37,1.63,-1.83,Green,72733.97
229,3,can,OUT_OF_BOUNDS,31,197,0.0,1706.02,441.03,6.28,0.22,Green,455.01
229,2,car,OUT_OF_BOUNDS,65,152,0.0,1937.93,402.33,6.7,0.11,Green,628.46
229,4,motorcycle,OCCLUDED,152,63,0.3,672.69,494.2,0.68,0.44,Green,237466.7
229,5,car,OUT_OF_BOUNDS,90,100,0.0,1491.79,371.01,2.1,-0.18,Neutral,31.56
229,6,can,OUT_OF_BOUNDS,76,137,0.0,2170.79,355.68,6.29,-0.29,Neutral,156.67
229,12,car,VISIBLE,95,0,0.6389,883.37,395.78,-5.6,0.21,Green,776.54
229,15,dog,OCCLUDED,7,28,0.689,712.88,482.93,-1.11,1.91,Yellow,3066.4
229,16,car,VISIBLE,29,0,0.4057,1011.97,401.78,-6.23,0.2,Orange,1318.68
229,17,can,VISIBLE,20,0,0.8085,1098.61,409.73,-6.84,0.08,Green,748.57
229,18,car,VISIBLE,14,0,0.6987,502.95,386.4,0.93,0.64,Green,6149.32
229,19,car,OCCLUDED,3,9,0.9,1042.15,391.96,-0.57,0.12,Orange,659.0
229,20,car,VISIBLE,9,0,0.3522,966.08,392.1,-6.86,0.23,Green,578.67
229,21,can,OCCLUDED,5,3,0.967,19.18,393.08,1.45,-0.02,Green,1195.38
230,1,motorcycle,VISIBLE,229,0,0.9076,627.08,452.13,2.14,-0.71,Green,70765.22
230,3,can,OUT_OF_BOUNDS,31,198,0.0,1712.3,441.25,6.28,0.22,Green,455.01
230,2,car,OUT_OF_BOUNDS,65,153,0.0,1944.63,402.44,6.7,0.11,Green,628.46
230,4,motorcycle,OCCLUDED,152,64,0.289,673.37,494.64,0.68,0.44,Green,237466.7
230,5,car,OUT_OF_BOUNDS,90,101,0.0,1493.89,370.84,2.1,-0.18,Neutral,31.56
230,6,can,OUT_OF_BOUNDS,76,138,0.0,2177.08,355.39,6.29,-0.29,Neutral,156.67
230,12,car,VISIBLE,96,0,0.6228,878.07,396.57,-5.39,0.61,Green,772.45
230,15,dog,OCCLUDED,7,29,0.678,711.77,484.84,-1.11,1.91,Yellow,3066.4
230,16,car,VISIBLE,30,0,0.4349,1005.77,402.23,-6.21,0.37,Orange,1306.14
230,17,can,VISIBLE,21,0,0.7743,1092.07,410.13,-6.63,0.31,Green,713.77
230,18,car,VISIBLE,15,0,0.7522,503.45,387.35,0.63,0.86,Green,6215.03
230,19,car,OCCLUDED,3,10,0.889,1041.58,392.08,-0.57,0.12,Orange,659.0
230,20,car,VISIBLE,10,0,0.465,959.39,392.62,-6.74,0.44,Green,567.7
230,21,can,OCCLUDED,5,4,0.956,20.63,393.06,1.45,-0.02,Green,1195.38
231,1,motorcycle,VISIBLE,230,0,0.9076,628.97,452.37,1.97,-0.05,Green,68848.76
231,3,can,OUT_OF_BOUNDS,31,199,0.0,1718.58,441.47,6.28,0.22,Green,455.01
231,2,car,OUT_OF_BOUNDS,65,154,0.0,1951.33,402.55,6.7,0.11,Green,628.46
231,4,motorcycle,OCCLUDED,152,65,0.278,674.05,495.07,0.68,0.44,Green,237466.7
231,5,car,OUT_OF_BOUNDS,90,102,0.0,1495.99,370.66,2.1,-0.18,Neutral,31.56
231,6,can,OUT_OF_BOUNDS,76,139,0.0,2183.37,355.09,6.29,-0.29,Neutral,156.67
231,12,car,VISIBLE,97,0,0.6254,872.72,397.37,-5.36,0.74,Green,761.93
231,15,dog,OCCLUDED,7,30,0.667,710.65,486.75,-1.11,1.91,Yellow,3066.4
231,16,car,VISIBLE,31,0,0.3936,999.87,402.82,-6.0,0.53,Orange,1291.03
231,17,can,VISIBLE,22,0,0.8195,1085.61,410.95,-6.51,0.66,Green,696.76
231,18,car,VISIBLE,16,0,0.7603,504.75,388.34,1.1,0.95,Green,6206.08
231,19,car,OCCLUDED,3,11,0.878,1041.01,392.2,-0.57,0.12,Orange,659.0
231,20,car,VISIBLE,11,0,0.4583,952.83,393.45,-6.61,0.71,Green,569.67
231,21,can,OCCLUDED,5,5,0.944,22.08,393.04,1.45,-0.02,Green,1195.38
232,1,motorcycle,VISIBLE,231,0,0.9102,631.07,452.46,2.06,0.05,Green,67249.13
232,3,can,OUT_OF_BOUNDS,31,200,0.0,1724.86,441.69,6.28,0.22,Green,455.01
232,2,car,OUT_OF_BOUNDS,65,155,0.0,1958.02,402.65,6.7,0.11,Green,628.46
232,4,motorcycle,OCCLUDED,152,66,0.267,674.73,495.51,0.68,0.44,Green,237466.7
232,5,car,OUT_OF_BOUNDS,90,103,0.0,1498.09,370.49,2.1,-0.18,Neutral,31.56
232,6,can,OUT_OF_BOUNDS,76,140,0.0,2189.67,354.8,6.29,-0.29,Neutral,156.67
232,12,car,VISIBLE,98,0,0.6071,867.48,397.98,-5.28,0.65,Green,761.86
232,15,dog,OCCLUDED,7,31,0.656,709.54,488.66,-1.11,1.91,Yellow,3066.4
232,16,car,VISIBLE,32,0,0.4458,994.04,403.44,-5.88,0.6,Orange,1273.55
232,17,can,VISIBLE,23,0,0.7548,1079.11,411.57,-6.5,0.64,Green,671.51
232,18,car,VISIBLE,17,0,0.7931,507.13,389.18,2.0,0.87,Green,6169.45
232,19,car,OCCLUDED,3,12,0.867,1040.45,392.32,-0.57,0.12,Orange,659.0
232,20,car,VISIBLE,12,0,0.4202,946.86,393.84,-6.17,0.48,Green,604.26
232,21,can,OCCLUDED,5,6,0.933,23.53,393.02,1.45,-0.02,Green,1195.38
233,1,motorcycle,VISIBLE,232,0,0.9083,633.12,452.06,2.06,-0.26,Green,66415.4
233,3,can,OUT_OF_BOUNDS,31,201,0.0,1731.14,441.91,6.28,0.22,Green,455.01
233,2,car,OUT_OF_BOUNDS,65,156,0.0,1964.72,402.76,6.7,0.11,Green,628.46
233,4,motorcycle,OCCLUDED,152,67,0.256,675.4,495.95,0.68,0.44,Green,237466.7
233,5,car,OUT_OF_BOUNDS,90,104,0.0,1500.18,370.31,2.1,-0.18,Neutral,31.56
233,6,can,OUT_OF_BOUNDS,76,141,0.0,2195.96,354.5,6.29,-0.29,Neutral,156.67
233,12,car,VISIBLE,99,0,0.6032,862.15,398.44,-5.31,0.52,Yellow,757.38
233,15,dog,OCCLUDED,7,32,0.644,708.42,490.57,-1.11,1.91,Yellow,3066.4
233,16,car,VISIBLE,33,0,0.4105,988.05,403.86,-5.96,0.47,Orange,1256.79
233,17,can,VISIBLE,24,0,0.7929,1072.61,411.95,-6.5,0.45,Green,667.28
233,18,car,VISIBLE,18,0,0.7826,509.45,389.74,2.22,0.65,Green,6061.93
233,19,car,OCCLUDED,3,13,0.856,1039.88,392.44,-0.57,0.12,Orange,659.0
233,20,car,VISIBLE,13,0,0.4365,940.99,394.11,-5.96,0.34,Green,604.21
233,21,can,OCCLUDED,5,7,0.922,24.98,393.0,1.45,-0.02,Green,1195.38
234,1,motorcycle,VISIBLE,233,0,0.9052,634.76,451.2,1.76,-0.68,Green,65904.23
234,3,can,OUT_OF_BOUNDS,31,202,0.0,1737.42,442.13,6.28,0.22,Green,455.01
234,2,car,OUT_OF_BOUNDS,65,157,0.0,1971.42,402.86,6.7,0.11,Green,628.46
234,4,motorcycle,OCCLUDED,152,68,0.244,676.08,496.38,0.68,0.44,Green,237466.7
234,5,car,OUT_OF_BOUNDS,90,105,0.0,1502.28,370.14,2.1,-0.18,Neutral,31.56
234,6,can,OUT_OF_BOUNDS,76,142,0.0,2202.25,354.21,6.29,-0.29,Neutral,156.67
234,12,car,VISIBLE,100,0,0.5588,857.15,398.61,-5.09,0.27,Yellow,746.45
234,15,dog,OCCLUDED,7,33,0.633,707.31,492.48,-1.11,1.91,Yellow,3066.4
234,16,car,VISIBLE,34,0,0.4326,982.39,403.82,-5.75,0.11,Orange,1247.24
234,17,can,VISIBLE,25,0,0.8374,1066.27,411.93,-6.39,0.12,Green,672.35
234,18,car,VISIBLE,19,0,0.795,511.63,390.01,2.2,0.39,Green,5849.37
234,19,car,OCCLUDED,3,14,0.844,1039.31,392.56,-0.57,0.12,Orange,659.0
234,20,car,VISIBLE,14,0,0.3998,935.22,394.5,-5.83,0.37,Green,595.02
234,21,can,OCCLUDED,5,8,0.911,26.42,392.98,1.45,-0.02,Green,1195.38
235,1,motorcycle,VISIBLE,234,0,0.9006,636.34,450.25,1.63,-0.87,Green,65278.17
235,3,can,OUT_OF_BOUNDS,31,203,0.0,1743.7,442.35,6.28,0.22,Green,455.01
235,2,car,OUT_OF_BOUNDS,65,158,0.0,1978.11,402.97,6.7,0.11,Green,628.46
235,4,motorcycle,OCCLUDED,152,69,0.233,676.76,496.82,0.68,0.44,Green,237466.7
235,5,car,OUT_OF_BOUNDS,90,106,0.0,1504.38,369.96,2.1,-0.18,Neutral,31.56
235,6,can,OUT_OF_BOUNDS,76,143,0.0,2208.54,353.91,6.29,-0.29,Neutral,156.67
235,12,car,VISIBLE,101,0,0.5908,852.3,398.39,-4.93,-0.06,Yellow,740.32
235,15,dog,OCCLUDED,7,34,0.622,706.19,494.39,-1.11,1.91,Yellow,3066.4
235,16,car,VISIBLE,35,0,0.4088,976.92,403.65,-5.56,-0.09,Orange,1242.33
235,17,can,VISIBLE,26,0,0.7814,1060.2,411.55,-6.16,-0.23,Green,660.39
235,18,car,VISIBLE,20,0,0.7622,513.92,390.01,2.26,0.12,Green,5617.11
235,19,car,OCCLUDED,3,15,0.833,1038.74,392.68,-0.57,0.12,Orange,659.0
235,20,car,VISIBLE,15,0,0.4827,929.56,394.12,-5.71,-0.15,Green,610.96
235,21,can,OCCLUDED,5,9,0.9,27.87,392.96,1.45,-0.02,Green,1195.38
236,1,motorcycle,VISIBLE,235,0,0.9003,638.37,449.04,1.91,-1.11,Green,64147.82
236,3,can,OUT_OF_BOUNDS,31,204,0.0,1749.98,442.57,6.28,0.22,Green,455.01
236,2,car,OUT_OF_BOUNDS,65,159,0.0,1984.81,403.07,6.7,0.11,Green,628.46
236,4,motorcycle,OCCLUDED,152,70,0.222,677.44,497.25,0.68,0.44,Green,237466.7
236,5,car,OUT_OF_BOUNDS,90,107,0.0,1506.48,369.79,2.1,-0.18,Neutral,31.56
236,6,can,OUT_OF_BOUNDS,76,144,0.0,2214.84,353.62,6.29,-0.29,Neutral,156.67
236,12,car,VISIBLE,102,0,0.5905,847.65,398.18,-4.73,-0.17,Yellow,724.8
236,15,dog,OCCLUDED,7,35,0.611,705.08,496.3,-1.11,1.91,Yellow,3066.4
236,16,car,VISIBLE,36,0,0.415,971.49,403.54,-5.47,-0.1,Orange,1229.11
236,17,can,VISIBLE,27,0,0.786,1054.38,411.2,-5.92,-0.31,Green,649.15
236,18,car,VISIBLE,21,0,0.7501,510.75,389.88,-1.54,-0.06,Green,5945.39
236,19,car,OCCLUDED,3,16,0.822,1038.18,392.8,-0.57,0.12,Orange,659.0
236,20,car,VISIBLE,16,0,0.4883,924.09,393.93,-5.54,-0.18,Green,606.39
236,21,can,OCCLUDED,5,10,0.889,29.32,392.94,1.45,-0.02,Green,1195.38
237,1,motorcycle,VISIBLE,236,0,0.9031,640.1,447.43,1.78,-1.46,Green,63037.73
237,3,can,OUT_OF_BOUNDS,31,205,0.0,1756.26,442.79,6.28,0.22,Green,455.01
237,2,car,OUT_OF_BOUNDS,65,160,0.0,1991.5,403.18,6.7,0.11,Green,628.46
237,4,motorcycle,OCCLUDED,152,71,0.211,678.12,497.69,0.68,0.44,Green,237466.7
237,5,car,OUT_OF_BOUNDS,90,108,0.0,1508.58,369.61,2.1,-0.18,Neutral,31.56
237,6,can,OUT_OF_BOUNDS,76,145,0.0,2221.13,353.33,6.29,-0.29,Neutral,156.67
237,12,car,VISIBLE,103,0,0.5682,842.9,397.87,-4.74,-0.27,Green,714.88
237,15,dog,OCCLUDED,7,36,0.6,703.96,498.21,-1.11,1.91,Yellow,3066.4
237,16,car,VISIBLE,37,0,0.4674,966.25,403.29,-5.31,-0.2,Orange,1224.83
237,17,can,VISIBLE,28,0,0.7541,1048.38,410.73,-5.98,-0.43,Green,646.51
237,18,car,VISIBLE,22,0,0.7761,507.3,389.56,-2.88,-0.24,Green,6072.47
237,19,car,OCCLUDED,3,17,0.811,1037.61,392.92,-0.57,0.12,Orange,659.0
237,20,car,VISIBLE,17,0,0.4224,918.86,393.67,-5.33,-0.24,Green,596.46
237,21,can,OCCLUDED,5,11,0.878,30.77,392.92,1.45,-0.02,Green,1195.38
238,1,motorcycle,VISIBLE,237,0,0.9026,641.51,446.22,1.52,-1.29,Green,61916.17
238,3,can,OUT_OF_BOUNDS,31,206,0.0,1762.54,443.01,6.28,0.22,Green,455.01
238,2,car,OUT_OF_BOUNDS,65,161,0.0,1998.2,403.28,6.7,0.11,Green,628.46
238,4,motorcycle,OCCLUDED,152,72,0.2,678.79,498.13,0.68,0.44,Green,237466.7
238,5,car,OUT_OF_BOUNDS,90,109,0.0,1510.68,369.44,2.1,-0.18,Neutral,31.56
238,6,can,OUT_OF_BOUNDS,76,146,0.0,2227.42,353.03,6.29,-0.29,Neutral,156.67
238,12,car,VISIBLE,104,0,0.6281,838.19,397.39,-4.72,-0.41,Green,702.96
238,15,dog,OCCLUDED,7,37,0.589,702.85,500.12,-1.11,1.91,Yellow,3066.4
238,16,car,VISIBLE,38,0,0.4748,961.11,402.95,-5.19,-0.3,Orange,1211.79
238,17,can,VISIBLE,29,0,0.8063,1042.7,410.14,-5.76,-0.54,Green,649.04
238,18,car,VISIBLE,23,0,0.7242,503.53,389.12,-3.5,-0.38,Green,6089.77
238,19,car,OCCLUDED,3,18,0.8,1037.04,393.04,-0.57,0.12,Orange,659.0
238,20,car,VISIBLE,18,0,0.3937,913.74,392.88,-5.18,-0.62,Green,610.99
238,21,can,OCCLUDED,5,12,0.867,32.22,392.9,1.45,-0.02,Green,1195.38
239,1,motorcycle,VISIBLE,238,0,0.9008,642.75,446.39,1.32,-0.26,Green,60099.69
239,3,can,OUT_OF_BOUNDS,31,207,0.0,1768.82,443.23,6.28,0.22,Green,455.01
239,2,car,OUT_OF_BOUNDS,65,162,0.0,2004.9,403.39,6.7,0.11,Green,628.46
239,4,motorcycle,OCCLUDED,152,73,0.189,679.47,498.56,0.68,0.44,Green,237466.7
239,5,car,OUT_OF_BOUNDS,90,110,0.0,1512.78,369.26,2.1,-0.18,Neutral,31.56
239,6,can,OUT_OF_BOUNDS,76,147,0.0,2233.71,352.74,6.29,-0.29,Neutral,156.67
239,12,car,VISIBLE,105,0,0.6209,833.62,396.96,-4.62,-0.43,Green,702.58
239,15,dog,OCCLUDED,7,38,0.578,701.73,502.03,-1.11,1.91,Yellow,3066.4
239,16,car,VISIBLE,39,0,0.3709,956.26,402.4,-4.95,-0.47,Orange,1167.19
239,17,can,VISIBLE,30,0,0.7857,1037.44,409.75,-5.41,-0.44,Green,623.07
239,18,car,VISIBLE,24,0,0.4963,500.29,388.69,-3.32,-0.41,Green,6013.38
239,19,car,OCCLUDED,3,19,0.789,1036.48,393.16,-0.57,0.12,Orange,659.0
239,20,car,VISIBLE,19,0,0.4125,908.67,392.73,-5.1,-0.3,Green,593.1
239,21,can,OCCLUDED,5,13,0.856,33.67,392.88,1.45,-0.02,Green,1195.38
240,1,motorcycle,VISIBLE,239,0,0.8967,644.18,445.79,1.4,-0.5,Green,58822.4
240,3,can,OUT_OF_BOUNDS,31,208,0.0,1775.1,443.45,6.28,0.22,Green,455.01
240,2,car,OUT_OF_BOUNDS,65,163,0.0,2011.59,403.49,6.7,0.11,Green,628.46
240,4,motorcycle,OCCLUDED,152,74,0.178,680.15,499.0,0.68,0.44,Green,237466.7
240,5,car,OUT_OF_BOUNDS,90,111,0.0,1514.88,369.09,2.1,-0.18,Neutral,31.56
240,6,can,OUT_OF_BOUNDS,76,148,0.0,2240.01,352.44,6.29,-0.29,Neutral,156.67
240,12,car,VISIBLE,106,0,0.5847,829.21,396.6,-4.47,-0.38,Green,694.75
240,15,dog,OCCLUDED,7,39,0.567,700.62,503.94,-1.11,1.91,Yellow,3066.4
240,16,car,VISIBLE,40,0,0.3888,951.37,402.06,-4.91,-0.38,Orange,1148.3
240,17,can,VISIBLE,31,0,0.7582,1032.02,409.46,-5.42,-0.33,Green,601.09
240,18,car,VISIBLE,25,0,0.5102,497.58,388.19,-2.89,-0.47,Green,5902.44
240,19,car,OCCLUDED,3,20,0.778,1035.91,393.28,-0.57,0.12,Orange,659.0
240,20,car,VISIBLE,20,0,0.3656,903.51,392.72,-5.14,-0.09,Green,585.95
240,21,can,OCCLUDED,5,14,0.844,35.12,392.86,1.45,-0.02,Green,1195.38
