frame,master_track_id,class_name,state,frames_visible,frames_occluded,confidence_decay,centroid_x,centroid_y,velocity_x,velocity_y,color,area
2,6,car,VISIBLE,1,0,0.777,186.04,397.88,0.0,0.0,Grey,105463.82
2,2,car,VISIBLE,1,0,0.748,658.98,441.08,0.0,0.0,Grey,93904.2
2,1,car,VISIBLE,1,0,0.7428,1135.64,426.31,0.0,0.0,Grey,62202.37
2,8,truck,VISIBLE,1,0,0.6317,553.94,304.25,0.0,0.0,Grey,4369.6
2,3,car,VISIBLE,1,0,0.6263,881.22,385.0,0.0,0.0,Grey,12196.11
2,4,car,VISIBLE,1,0,0.6201,981.55,397.72,0.0,0.0,Grey,27360.23
2,13,car,VISIBLE,1,0,0.5969,54.06,495.57,0.0,0.0,Grey,42783.14
2,11,person,VISIBLE,1,0,0.5763,714.63,356.25,0.0,0.0,Grey,3742.12
2,9,car,VISIBLE,1,0,0.5496,414.86,391.96,0.0,0.0,Orange,21365.07
2,12,car,VISIBLE,1,0,0.5535,1238.89,489.94,0.0,0.0,Grey,26647.21
2,14,chair,VISIBLE,1,0,0.3966,596.06,358.39,0.0,0.0,Grey,2260.18
2,10,chair,VISIBLE,1,0,0.3021,653.88,366.84,0.0,0.0,Cyan,1075.37
2,7,person,VISIBLE,1,0,0.2024,228.76,308.14,0.0,0.0,Grey,2921.24
2,15,car,VISIBLE,1,0,0.18,474.86,365.0,0.0,0.0,Grey,8083.24
2,5,truck,VISIBLE,1,0,0.1566,205.39,209.31,0.0,0.0,Grey,13000.17
3,6,car,VISIBLE,2,0,0.7683,184.21,397.91,-1.83,0.03,Grey,106500.05
3,2,car,VISIBLE,2,0,0.7449,658.81,441.22,-0.17,0.14,Grey,94835.94
3,1,car,VISIBLE,2,0,0.7423,1135.97,426.28,0.33,-0.02,Grey,62207.56
3,8,truck,VISIBLE,2,0,0.5913,553.72,304.0,-0.22,-0.25,Grey,4397.91
3,3,car,VISIBLE,2,0,0.6196,881.54,384.88,0.32,-0.13,Grey,12239.4
3,4,car,VISIBLE,2,0,0.6043,982.16,397.69,0.61,-0.03,Grey,27533.78
3,13,car,VISIBLE,2,0,0.6251,52.69,496.69,-1.37,1.12,Grey,41396.21
3,11,person,VISIBLE,2,0,0.5835,715.15,356.16,0.52,-0.09,Grey,3724.39
3,9,car,VISIBLE,2,0,0.545,414.12,391.62,-0.74,-0.34,Orange,21554.37
3,12,car,VISIBLE,2,0,0.5401,1239.88,491.54,0.99,1.6,Grey,26171.12
3,14,chair,VISIBLE,2,0,0.4293,596.02,358.11,-0.04,-0.28,Grey,2276.19
3,10,chair,VISIBLE,2,0,0.3774,653.94,366.71,0.07,-0.12,Cyan,1098.93
3,7,person,VISIBLE,2,0,0.1548,230.11,308.0,1.35,-0.14,Grey,2688.62
3,15,car,VISIBLE,2,0,0.1723,475.01,363.22,0.15,-1.79,Grey,7722.06
3,5,truck,VISIBLE,2,0,0.1739,205.13,208.98,-0.26,-0.33,Grey,12989.16
4,6,car,VISIBLE,3,0,0.7547,182.34,397.93,-1.86,0.02,Grey,107556.28
4,2,car,VISIBLE,3,0,0.7422,658.38,441.38,-0.35,0.15,Grey,95953.08
4,1,car,VISIBLE,3,0,0.7429,1136.57,426.27,0.52,-0.02,Grey,62190.72
4,8,truck,VISIBLE,3,0,0.5614,553.64,303.65,-0.12,-0.32,Grey,4425.75
4,3,car,VISIBLE,3,0,0.5988,881.96,384.71,0.39,-0.15,Grey,12298.0
4,4,car,VISIBLE,3,0,0.6223,983.08,397.7,0.83,-0.0,Grey,27682.59
4,13,car,VISIBLE,3,0,0.6264,50.8,498.07,-1.73,1.3,Grey,39802.25
4,11,person,VISIBLE,3,0,0.5833,715.53,356.0,0.42,-0.14,Grey,3736.07
4,9,car,VISIBLE,3,0,0.5336,413.08,391.28,-0.95,-0.33,Orange,21769.82
4,12,car,VISIBLE,3,0,0.5171,1241.38,491.38,1.35,0.37,Grey,25121.87
4,14,chair,VISIBLE,3,0,0.4487,595.76,357.87,-0.19,-0.25,Grey,2290.01
4,10,chair,VISIBLE,3,0,0.3647,653.68,366.55,-0.16,-0.15,Cyan,1110.22
4,7,person,VISIBLE,3,0,0.1548,230.46,307.94,0.65,-0.08,Grey,2623.83
4,15,car,VISIBLE,3,0,0.151,474.39,362.69,-0.39,-0.9,Grey,7649.12
4,5,truck,VISIBLE,3,0,0.178,204.88,208.53,-0.26,-0.41,Grey,13013.85
5,6,car,VISIBLE,4,0,0.7478,180.56,397.88,-1.8,-0.02,Grey,108494.06
5,2,car,VISIBLE,4,0,0.7455,657.85,441.55,-0.48,0.17,Grey,97400.75
5,1,car,VISIBLE,4,0,0.7498,1137.27,426.14,0.64,-0.1,Grey,62177.11
5,8,truck,VISIBLE,4,0,0.508,554.16,302.71,0.33,-0.76,Grey,4300.75
5,3,car,VISIBLE,4,0,0.6001,882.68,384.55,0.62,-0.16,Grey,12232.89
5,4,car,VISIBLE,4,0,0.5892,984.27,397.57,1.08,-0.09,Grey,27877.25
5,13,car,VISIBLE,4,0,0.6226,48.75,498.48,-1.96,0.67,Grey,37828.32
5,11,person,VISIBLE,4,0,0.6245,715.78,355.67,0.3,-0.27,Grey,3767.54
5,9,car,VISIBLE,4,0,0.5426,412.32,390.84,-0.82,-0.41,Orange,21978.92
5,12,car,VISIBLE,4,0,0.4924,1243.06,490.14,1.58,-0.76,Grey,24028.11
5,14,chair,VISIBLE,4,0,0.4958,595.68,357.68,-0.11,-0.21,Grey,2300.85
5,10,chair,VISIBLE,4,0,0.448,653.39,366.3,-0.25,-0.22,Cyan,1143.82
5,7,person,VISIBLE,4,0,0.1548,230.81,307.9,0.44,-0.06,Grey,2559.29
5,15,car,VISIBLE,4,0,0.151,474.19,361.91,-0.26,-0.81,Grey,7511.03
5,5,truck,VISIBLE,4,0,0.1811,204.52,207.74,-0.32,-0.68,Grey,12937.17
6,6,car,VISIBLE,5,0,0.7517,178.94,397.88,-1.67,-0.01,Grey,109246.74
6,2,car,VISIBLE,5,0,0.7357,656.95,441.03,-0.77,-0.32,Grey,99021.23
6,1,car,VISIBLE,5,0,0.7444,1137.98,426.01,0.69,-0.12,Grey,62180.06
6,8,truck,VISIBLE,5,0,0.4723,554.5,301.88,0.34,-0.8,Grey,4184.9
6,3,car,VISIBLE,5,0,0.6001,883.42,384.29,0.7,-0.23,Grey,12198.87
6,4,car,VISIBLE,5,0,0.5771,985.64,397.2,1.28,-0.29,Grey,28067.93
6,13,car,VISIBLE,5,0,0.6002,46.62,498.39,-2.08,0.15,Grey,36161.34
6,11,person,VISIBLE,5,0,0.6073,716.0,355.25,0.24,-0.37,Grey,3806.4
6,9,car,VISIBLE,5,0,0.533,411.4,390.32,-0.89,-0.49,Orange,22250.56
6,12,car,VISIBLE,5,0,0.4827,1244.66,487.99,1.59,-1.74,Grey,22860.67
6,14,chair,VISIBLE,5,0,0.481,595.34,357.53,-0.27,-0.17,Grey,2318.08
6,10,chair,VISIBLE,5,0,0.3624,653.07,365.87,-0.3,-0.37,Cyan,1149.21
6,7,person,VISIBLE,5,0,0.1548,231.17,307.85,0.38,-0.05,Grey,2494.99
6,15,car,VISIBLE,5,0,0.151,474.0,361.14,-0.22,-0.79,Grey,7373.64
6,5,truck,VISIBLE,5,0,0.2454,204.13,206.93,-0.37,-0.77,Grey,12874.31
7,6,car,VISIBLE,6,0,0.773,177.75,397.93,-1.33,0.03,Grey,109746.8
7,2,car,VISIBLE,6,0,0.7338,656.09,440.71,-0.83,-0.32,Grey,100710.94
7,1,car,VISIBLE,6,0,0.7491,1138.83,425.76,0.8,-0.21,Grey,62162.76
7,8,truck,VISIBLE,6,0,0.4852,554.6,301.12,0.17,-0.77,Grey,4128.21
7,3,car,VISIBLE,6,0,0.5961,884.17,383.98,0.74,-0.29,Grey,12208.87
7,4,car,VISIBLE,6,0,0.6039,986.75,396.97,1.16,-0.25,Grey,28259.23
7,13,car,VISIBLE,6,0,0.5824,44.55,500.56,-2.07,1.56,Grey,34901.94
7,11,person,VISIBLE,6,0,0.5948,715.78,354.81,-0.07,-0.42,Grey,3884.19
7,9,car,VISIBLE,6,0,0.5163,410.48,389.97,-0.92,-0.39,Orange,22444.06
7,12,car,VISIBLE,6,0,0.4586,1246.33,486.52,1.65,-1.55,Grey,21659.66
7,14,chair,VISIBLE,6,0,0.4803,594.93,357.25,-0.37,-0.25,Grey,2334.26
7,10,chair,VISIBLE,6,0,0.3725,652.95,365.38,-0.17,-0.46,Cyan,1152.21
7,7,chair,VISIBLE,6,0,0.1948,223.63,306.81,-5.16,-0.75,Grey,2715.99
7,15,car,VISIBLE,6,0,0.1626,473.7,366.38,-0.27,3.43,Grey,8599.83
7,5,truck,VISIBLE,6,0,0.2577,203.91,206.16,-0.26,-0.77,Grey,12818.48
8,6,car,VISIBLE,7,0,0.7614,176.88,397.83,-1.01,-0.06,Grey,109945.04
8,2,car,VISIBLE,7,0,0.7352,655.71,440.52,-0.52,-0.23,Grey,102078.96
8,1,car,VISIBLE,7,0,0.7506,1139.58,425.48,0.77,-0.26,Grey,62185.96
8,8,truck,VISIBLE,7,0,0.5123,554.87,300.36,0.24,-0.77,Grey,4081.31
8,3,car,VISIBLE,7,0,0.5865,884.77,383.74,0.64,-0.25,Grey,12316.5
8,4,car,VISIBLE,7,0,0.6345,987.88,396.75,1.15,-0.22,Grey,28418.56
8,13,car,VISIBLE,7,0,0.5982,42.45,501.38,-2.09,1.04,Grey,33192.51
8,11,person,VISIBLE,7,0,0.6029,716.16,354.37,0.24,-0.44,Grey,3897.67
8,9,car,VISIBLE,7,0,0.5427,409.74,389.65,-0.79,-0.34,Orange,22566.38
8,12,car,VISIBLE,7,0,0.4676,1247.88,485.1,1.58,-1.46,Grey,20650.09
8,14,chair,VISIBLE,7,0,0.4909,594.43,356.7,-0.46,-0.46,Grey,2350.21
8,10,chair,VISIBLE,7,0,0.4357,652.92,364.85,-0.07,-0.51,Cyan,1163.41
8,7,chair,VISIBLE,7,0,0.2614,217.75,305.74,-5.67,-0.97,Grey,2908.33
8,15,car,VISIBLE,7,0,0.1911,473.87,370.1,0.03,3.63,Grey,9543.91
8,5,truck,VISIBLE,7,0,0.2315,203.69,205.38,-0.24,-0.78,Grey,12751.8
9,6,car,VISIBLE,8,0,0.7546,176.3,397.92,-0.71,0.04,Grey,110100.75
9,2,car,VISIBLE,8,0,0.763,655.36,440.68,-0.4,0.04,Grey,103298.77
9,1,car,VISIBLE,8,0,0.7509,1140.24,425.29,0.69,-0.21,Grey,62199.07
9,8,truck,VISIBLE,8,0,0.5292,554.98,299.51,0.15,-0.82,Grey,4049.56
9,3,car,VISIBLE,8,0,0.67,885.38,382.98,0.62,-0.61,Grey,12385.04
9,4,car,VISIBLE,8,0,0.6663,988.9,396.47,1.06,-0.27,Grey,28609.09
9,13,car,VISIBLE,8,0,0.5346,40.43,499.25,-2.04,-1.18,Grey,32250.72
9,11,person,VISIBLE,8,0,0.6481,716.54,353.89,0.34,-0.47,Grey,3891.61
9,9,car,VISIBLE,8,0,0.5811,409.1,389.64,-0.68,-0.11,Orange,22444.92
9,12,car,VISIBLE,8,0,0.4273,1249.51,482.81,1.61,-2.04,Grey,19778.31
9,14,chair,VISIBLE,8,0,0.5262,594.17,356.13,-0.32,-0.54,Grey,2326.81
9,10,chair,VISIBLE,8,0,0.4821,653.25,364.29,0.21,-0.54,Cyan,1183.63
9,7,person,VISIBLE,8,0,0.2837,214.08,304.76,-4.27,-0.97,Grey,3029.08
9,15,car,VISIBLE,8,0,0.2193,473.59,371.52,-0.18,2.09,Brown,9794.06
9,5,truck,VISIBLE,8,0,0.2444,203.47,204.69,-0.23,-0.72,Grey,12732.02
9,16,car,VISIBLE,1,0,0.1867,849.32,361.02,0.0,0.0,Grey,8269.29
10,6,car,VISIBLE,9,0,0.7729,175.82,397.75,-0.55,-0.11,Grey,110392.18
10,2,car,VISIBLE,9,0,0.7628,655.22,440.96,-0.22,0.21,Grey,104443.42
10,1,car,VISIBLE,9,0,0.7559,1140.82,425.4,0.62,0.01,Grey,62251.74
10,8,truck,VISIBLE,9,0,0.5016,554.89,298.95,-0.01,-0.64,Grey,4036.91
10,3,car,VISIBLE,9,0,0.6328,885.94,382.54,0.58,-0.49,Grey,12494.95
10,4,car,VISIBLE,9,0,0.6731,989.82,396.35,0.96,-0.16,Grey,28772.23
10,13,car,VISIBLE,9,0,0.4553,38.3,494.93,-2.1,-3.38,Grey,30800.12
10,11,person,VISIBLE,9,0,0.6456,717.04,353.59,0.45,-0.35,Grey,3878.38
10,9,car,VISIBLE,9,0,0.5402,408.45,389.02,-0.66,-0.46,Orange,22568.57
10,12,car,VISIBLE,9,0,0.4173,1251.29,482.25,1.73,-1.01,Grey,18839.71
10,14,chair,VISIBLE,9,0,0.4976,593.87,355.77,-0.31,-0.41,Grey,2325.98
10,10,chair,VISIBLE,9,0,0.4691,653.3,363.92,0.1,-0.42,Cyan,1197.25
10,7,person,VISIBLE,9,0,0.3799,211.06,303.81,-3.4,-0.96,Grey,3149.52
10,15,car,VISIBLE,9,0,0.1969,473.91,372.66,0.17,1.42,Grey,9931.21
10,5,truck,VISIBLE,9,0,0.1939,203.38,204.12,-0.13,-0.61,Grey,12737.83
10,16,car,VISIBLE,2,0,0.1867,849.43,360.86,0.12,-0.17,Grey,8228.29
11,6,car,VISIBLE,10,0,0.7717,175.37,397.64,-0.49,-0.11,Grey,110686.14
11,2,car,VISIBLE,10,0,0.7591,655.06,441.03,-0.17,0.11,Grey,105560.16
11,1,car,VISIBLE,10,0,0.7547,1141.3,425.51,0.52,0.08,Grey,62298.56
11,8,truck,VISIBLE,10,0,0.5008,554.75,298.58,-0.11,-0.45,Grey,4049.79
11,3,car,VISIBLE,10,0,0.6331,886.61,382.52,0.64,-0.16,Grey,12526.67
11,4,car,VISIBLE,10,0,0.6771,990.74,396.28,0.93,-0.09,Grey,28937.33
11,13,car,VISIBLE,10,0,0.4068,36.29,495.92,-2.04,-0.32,Grey,28572.07
11,11,person,VISIBLE,10,0,0.6394,717.33,353.44,0.34,-0.21,Grey,3882.47
11,9,car,VISIBLE,10,0,0.5414,407.84,388.4,-0.63,-0.58,Orange,22700.32
11,12,car,VISIBLE,10,0,0.4001,1252.92,482.62,1.66,-0.04,Grey,17926.73
11,14,chair,VISIBLE,10,0,0.5058,593.46,355.56,-0.38,-0.27,Grey,2319.57
11,10,chair,VISIBLE,10,0,0.4749,653.28,363.69,0.01,-0.29,Cyan,1220.43
11,7,person,VISIBLE,10,0,0.4007,208.67,302.93,-2.7,-0.9,Grey,3289.58
11,15,car,VISIBLE,10,0,0.1973,473.93,372.64,0.06,0.42,Grey,9905.49
11,5,truck,VISIBLE,10,0,0.2143,203.21,203.57,-0.15,-0.57,Grey,12768.35
11,16,car,VISIBLE,3,0,0.1552,850.2,360.44,0.57,-0.34,Grey,8228.57
12,6,car,VISIBLE,11,0,0.7615,174.85,397.61,-0.51,-0.05,Grey,110812.1
12,2,car,VISIBLE,11,0,0.767,654.85,441.25,-0.2,0.19,Grey,106595.98
12,1,car,VISIBLE,11,0,0.7592,1141.82,425.72,0.52,0.17,Grey,62272.48
12,8,truck,VISIBLE,11,0,0.5124,554.66,298.38,-0.09,-0.28,Grey,4069.95
12,3,car,VISIBLE,11,0,0.6478,886.65,382.55,0.22,-0.03,Grey,12625.75
12,4,car,VISIBLE,11,0,0.6781,991.5,396.37,0.81,0.03,Grey,29074.25
12,13,car,VISIBLE,11,0,0.4306,34.18,495.89,-2.09,-0.11,Grey,26222.24
12,11,person,VISIBLE,11,0,0.6489,717.28,353.39,0.07,-0.1,Grey,3908.24
12,9,car,VISIBLE,11,0,0.5425,407.07,388.09,-0.73,-0.39,Orange,22835.4
12,12,car,VISIBLE,11,0,0.3822,1254.4,483.27,1.53,0.45,Grey,17228.44
12,14,chair,VISIBLE,11,0,0.5001,592.74,355.49,-0.62,-0.14,Grey,2336.36
12,10,chair,VISIBLE,11,0,0.5004,653.31,363.59,0.03,-0.16,Cyan,1235.97
12,7,person,VISIBLE,11,0,0.3608,206.68,302.76,-2.2,-0.39,Grey,3332.73
12,15,car,VISIBLE,11,0,0.2057,472.99,370.88,-0.64,-1.11,Grey,9446.05
12,5,truck,VISIBLE,11,0,0.1998,202.88,203.18,-0.28,-0.45,Grey,12788.4
12,16,car,VISIBLE,4,0,0.1976,850.73,360.38,0.55,-0.15,Grey,8283.29
13,6,car,VISIBLE,12,0,0.7589,174.22,397.62,-0.59,-0.01,Grey,110797.14
13,2,car,VISIBLE,12,0,0.7663,655.04,441.59,0.07,0.29,Grey,107350.43
13,1,car,VISIBLE,12,0,0.7602,1142.34,425.96,0.52,0.22,Grey,62228.59
13,8,truck,VISIBLE,12,0,0.5259,554.63,298.23,-0.05,-0.19,Grey,4121.46
13,3,car,VISIBLE,12,0,0.6573,887.07,382.41,0.36,-0.1,Grey,12671.05
13,4,car,VISIBLE,12,0,0.68,992.1,396.49,0.66,0.09,Grey,29139.47
13,13,car,VISIBLE,12,0,0.298,32.02,496.42,-2.14,0.33,Grey,24262.99
13,11,person,VISIBLE,12,0,0.6133,716.95,353.38,-0.21,-0.04,Grey,3968.58
13,9,car,VISIBLE,12,0,0.5691,406.18,388.03,-0.84,-0.16,Orange,22952.18
13,12,car,VISIBLE,12,0,0.3654,1255.84,484.74,1.47,1.16,Grey,16223.32
13,14,chair,VISIBLE,12,0,0.5049,592.22,355.48,-0.55,-0.04,Grey,2329.18
13,10,chair,VISIBLE,12,0,0.503,653.12,363.57,-0.12,-0.06,Cyan,1249.86
13,7,person,VISIBLE,12,0,0.39,205.03,302.49,-1.81,-0.31,Grey,3375.97
13,15,car,VISIBLE,12,0,0.2617,471.86,369.21,-0.99,-1.5,Grey,8985.38
13,5,truck,VISIBLE,12,0,0.1867,202.57,203.0,-0.3,-0.26,Grey,12817.5
13,16,car,VISIBLE,5,0,0.2085,851.08,360.12,0.41,-0.23,Grey,8290.33
14,6,car,VISIBLE,13,0,0.776,173.59,397.62,-0.62,-0.0,Grey,110721.42
14,2,car,VISIBLE,13,0,0.7512,655.47,442.34,0.32,0.61,Grey,108138.61
14,1,car,VISIBLE,13,0,0.7638,1142.88,426.38,0.53,0.36,Grey,62220.43
14,8,truck,VISIBLE,13,0,0.4986,554.65,298.16,0.0,-0.1,Grey,4155.57
14,3,car,VISIBLE,13,0,0.6383,887.72,382.54,0.56,0.06,Grey,12646.42
14,4,car,VISIBLE,13,0,0.6608,992.79,396.71,0.68,0.19,Grey,29215.55
14,13,car,VISIBLE,13,0,0.3142,29.94,500.29,-2.1,2.81,Grey,22226.42
14,11,person,VISIBLE,13,0,0.6303,717.2,353.49,0.11,0.07,Grey,4008.83
14,9,car,VISIBLE,13,0,0.5474,405.22,388.19,-0.92,0.06,Orange,23103.56
14,12,car,VISIBLE,13,0,0.3538,1257.1,485.24,1.32,0.7,Grey,15584.51
14,14,chair,VISIBLE,13,0,0.5157,592.03,355.61,-0.3,0.08,Grey,2339.02
14,10,chair,VISIBLE,13,0,0.4798,652.9,363.62,-0.19,0.01,Cyan,1234.84
14,7,person,VISIBLE,13,0,0.3489,203.19,302.55,-1.84,-0.05,Grey,3243.3
14,15,car,VISIBLE,13,0,0.2658,470.53,367.5,-1.22,-1.64,Grey,8645.75
14,5,truck,VISIBLE,13,0,0.1751,202.31,202.91,-0.27,-0.14,Grey,12854.86
14,16,car,VISIBLE,6,0,0.2011,851.39,360.54,0.34,0.23,Grey,8374.61
15,6,car,VISIBLE,14,0,0.7613,172.84,397.77,-0.71,0.1,Grey,110549.6
15,2,car,VISIBLE,14,0,0.7526,655.64,443.07,0.22,0.69,Grey,109048.12
15,1,car,VISIBLE,14,0,0.7674,1143.35,426.92,0.49,0.49,Grey,62286.29
15,8,truck,VISIBLE,14,0,0.4906,554.65,298.15,0.0,-0.04,Grey,4172.52
15,3,car,VISIBLE,14,0,0.6282,887.96,382.52,0.34,0.0,Grey,12760.24
15,4,car,VISIBLE,14,0,0.6381,993.54,396.96,0.73,0.23,Grey,29312.36
15,13,car,VISIBLE,14,0,0.3319,27.84,502.18,-2.1,2.16,Grey,20356.87
15,11,person,VISIBLE,14,0,0.6309,717.62,353.64,0.33,0.12,Grey,4038.13
15,9,car,VISIBLE,14,0,0.5484,404.19,388.5,-1.0,0.24,Orange,23300.56
15,12,car,VISIBLE,14,0,0.3055,1258.76,484.55,1.56,-0.28,Grey,14573.52
15,14,chair,VISIBLE,14,0,0.521,591.87,355.84,-0.2,0.18,Grey,2364.38
15,10,chair,VISIBLE,14,0,0.4957,652.88,363.81,-0.07,0.14,Cyan,1234.67
15,7,person,VISIBLE,14,0,0.4092,201.31,302.62,-1.86,0.04,Grey,3111.78
15,15,car,VISIBLE,14,0,0.3022,469.06,366.84,-1.4,-0.96,Grey,8447.88
15,5,truck,VISIBLE,14,0,0.1751,202.06,202.56,-0.26,-0.29,Grey,12868.2
15,16,car,VISIBLE,7,0,0.1866,851.63,360.35,0.27,-0.07,Grey,8304.94
16,6,car,VISIBLE,15,0,0.7571,172.18,398.05,-0.68,0.22,Grey,110579.2
16,2,car,VISIBLE,15,0,0.7533,655.66,443.77,0.08,0.7,Grey,109748.53
16,1,car,VISIBLE,15,0,0.7716,1143.81,427.41,0.47,0.49,Grey,62378.64
16,8,truck,VISIBLE,15,0,0.5112,554.58,298.12,-0.06,-0.03,Grey,4178.82
16,3,car,VISIBLE,15,0,0.6145,888.21,382.58,0.28,0.04,Grey,12873.01
16,4,car,VISIBLE,15,0,0.6083,994.42,397.16,0.84,0.21,Grey,29535.22
16,13,car,VISIBLE,15,0,0.2751,25.64,494.55,-2.18,-4.69,Grey,19724.65
16,11,person,VISIBLE,15,0,0.6355,718.08,353.76,0.41,0.12,Grey,4056.72
16,9,car,VISIBLE,15,0,0.5376,403.27,388.56,-0.94,0.11,Orange,23592.56
16,12,car,VISIBLE,15,0,0.2875,1260.4,486.46,1.62,1.26,Grey,13370.64
16,14,chair,VISIBLE,15,0,0.5046,591.45,356.0,-0.35,0.17,Grey,2403.68
16,10,chair,VISIBLE,15,0,0.5111,652.91,363.98,-0.0,0.16,Cyan,1242.89
16,7,person,VISIBLE,15,0,0.473,199.65,302.62,-1.72,0.0,Grey,3009.3
16,15,car,VISIBLE,15,0,0.3025,468.26,366.29,-0.98,-0.67,Grey,8241.43
16,5,truck,VISIBLE,15,0,0.1751,201.81,202.19,-0.26,-0.34,Grey,12881.53
16,16,car,VISIBLE,8,0,0.2437,851.58,361.16,0.04,0.55,Grey,8416.4
17,6,car,VISIBLE,16,0,0.7792,171.53,398.24,-0.66,0.2,Grey,110646.67
17,2,car,VISIBLE,16,0,0.7567,655.42,444.02,-0.14,0.39,Grey,110866.23
17,1,car,VISIBLE,16,0,0.7763,1144.39,427.6,0.55,0.27,Grey,62399.98
17,8,truck,VISIBLE,16,0,0.5318,554.5,298.0,-0.07,-0.1,Grey,4194.07
17,3,car,VISIBLE,16,0,0.6265,887.62,382.69,-0.33,0.09,Grey,13100.75
17,4,car,VISIBLE,16,0,0.6086,995.21,397.26,0.81,0.13,Grey,29823.87
17,13,car,VISIBLE,16,0,0.2682,23.48,498.19,-2.16,1.14,Grey,17611.76
17,11,person,VISIBLE,16,0,0.6078,718.49,353.84,0.41,0.09,Grey,4064.04
17,9,car,VISIBLE,16,0,0.5684,402.42,388.36,-0.88,-0.11,Brown,23795.7
17,12,car,VISIBLE,16,0,0.2632,1261.95,491.12,1.57,3.64,Grey,12197.67
17,14,chair,VISIBLE,16,0,0.4851,591.0,356.0,-0.42,0.05,Grey,2442.5
17,10,chair,VISIBLE,16,0,0.4929,652.49,363.92,-0.3,0.01,Cyan,1243.32
17,7,person,VISIBLE,16,0,0.5417,198.32,302.27,-1.45,-0.24,Grey,3004.49
17,15,car,VISIBLE,16,0,0.3409,467.47,365.33,-0.85,-0.87,Grey,8005.64
17,5,truck,VISIBLE,16,0,0.1751,201.56,201.84,-0.25,-0.35,Grey,12894.88
17,16,car,VISIBLE,9,0,0.2016,851.75,360.45,0.14,-0.33,Grey,8394.4
18,6,car,VISIBLE,17,0,0.777,170.84,398.41,-0.68,0.18,Grey,110677.74
18,2,car,VISIBLE,17,0,0.7496,655.33,444.25,-0.11,0.28,Grey,112019.45
18,1,car,VISIBLE,17,0,0.7799,1145.07,427.65,0.64,0.12,Grey,62349.33
18,8,truck,VISIBLE,17,0,0.5357,554.32,297.74,-0.15,-0.21,Grey,4170.41
18,3,car,VISIBLE,17,0,0.5923,886.98,382.63,-0.55,-0.01,Grey,13400.59
18,4,car,VISIBLE,17,0,0.6003,996.27,397.2,0.98,-0.01,Grey,30205.5
18,13,car,VISIBLE,17,0,0.2933,21.36,502.06,-2.13,3.05,Grey,15619.51
18,11,person,VISIBLE,17,0,0.5895,718.55,353.8,0.17,0.0,Grey,4118.12
18,9,car,VISIBLE,17,0,0.5234,401.65,387.95,-0.8,-0.32,Orange,23996.11
18,12,car,VISIBLE,17,0,0.2368,1263.48,496.18,1.54,4.63,Grey,10873.37
18,14,chair,VISIBLE,17,0,0.4942,590.78,355.84,-0.28,-0.1,Grey,2460.15
18,10,chair,VISIBLE,17,0,0.4556,652.09,363.69,-0.37,-0.16,Cyan,1256.96
18,7,person,VISIBLE,17,0,0.5294,196.81,301.84,-1.49,-0.37,Grey,3039.51
18,15,car,VISIBLE,17,0,0.2577,466.51,364.08,-0.92,-1.14,Grey,7871.34
18,5,truck,VISIBLE,17,0,0.1751,201.31,201.48,-0.25,-0.36,Grey,12908.22
18,16,car,VISIBLE,10,0,0.2016,851.96,360.38,0.18,-0.15,Grey,8410.71
19,6,car,VISIBLE,18,0,0.7654,170.18,398.46,-0.67,0.09,Grey,110635.81
19,2,car,VISIBLE,18,0,0.7414,654.56,444.43,-0.57,0.21,Grey,113307.79
19,1,car,VISIBLE,18,0,0.7709,1145.69,427.54,0.63,-0.04,Grey,62312.67
19,8,truck,VISIBLE,18,0,0.5391,554.12,297.39,-0.18,-0.3,Grey,4133.09
19,3,car,VISIBLE,18,0,0.5783,886.2,382.37,-0.71,-0.19,Grey,13780.64
19,4,car,VISIBLE,18,0,0.606,997.39,397.09,1.08,-0.08,Grey,30562.15
19,13,car,VISIBLE,18,0,0.2733,19.37,502.25,-2.03,1.05,Grey,14285.25
19,11,person,VISIBLE,18,0,0.5835,718.66,353.64,0.13,-0.11,Grey,4224.82
19,9,car,VISIBLE,18,0,0.5349,400.86,387.62,-0.8,-0.33,Brown,24261.18
19,12,car,VISIBLE,18,0,0.1989,1264.97,499.71,1.51,3.86,Grey,9764.68
19,14,chair,VISIBLE,18,0,0.522,590.41,355.57,-0.35,-0.21,Grey,2455.81
19,10,chair,VISIBLE,18,0,0.4538,651.68,363.35,-0.4,-0.29,Grey,1276.42
19,7,person,VISIBLE,18,0,0.4838,195.66,301.39,-1.25,-0.42,Grey,3101.65
19,15,car,VISIBLE,18,0,0.224,465.24,363.01,-1.17,-1.09,Grey,7992.66
19,5,truck,VISIBLE,18,0,0.1751,201.06,201.12,-0.25,-0.36,Grey,12921.57
19,16,car,VISIBLE,11,0,0.2016,852.16,360.33,0.2,-0.09,Grey,8426.99
20,6,car,VISIBLE,19,0,0.7548,169.51,398.43,-0.67,0.01,Grey,110627.55
20,2,car,VISIBLE,19,0,0.736,653.84,444.47,-0.68,0.09,Grey,114683.91
20,1,car,VISIBLE,19,0,0.7733,1146.34,427.33,0.64,-0.16,Grey,62267.51
20,8,truck,VISIBLE,19,0,0.5211,553.93,296.97,-0.19,-0.39,Grey,4129.99
20,3,car,VISIBLE,19,0,0.5807,884.95,382.04,-1.09,-0.28,Grey,14268.9
20,4,car,VISIBLE,19,0,0.6258,998.47,397.0,1.08,-0.08,Grey,30789.7
20,13,car,VISIBLE,19,0,0.217,17.52,501.92,-1.9,0.09,Grey,13060.28
20,11,person,VISIBLE,19,0,0.5958,718.58,353.41,-0.02,-0.2,Grey,4273.28
20,9,car,VISIBLE,19,0,0.5547,400.0,387.37,-0.84,-0.27,Orange,24403.56
20,12,car,VISIBLE,19,0,0.1989,1266.5,502.5,1.52,3.11,Black,8697.86
20,14,chair,VISIBLE,19,0,0.4869,589.93,355.17,-0.44,-0.34,Grey,2471.02
20,10,chair,VISIBLE,19,0,0.4782,651.33,363.09,-0.37,-0.27,Grey,1303.51
20,7,person,VISIBLE,19,0,0.3246,194.44,301.28,-1.23,-0.21,Grey,2957.73
20,15,car,VISIBLE,19,0,0.2511,463.2,362.33,-1.77,-0.8,Grey,8241.47
20,5,truck,OCCLUDED,18,1,0.989,200.81,200.76,-0.25,-0.36,Grey,12921.57
20,16,car,VISIBLE,12,0,0.2016,852.37,360.26,0.2,-0.07,Grey,8443.24
21,6,car,VISIBLE,20,0,0.76,168.87,398.29,-0.65,-0.1,Grey,110487.59
21,2,car,VISIBLE,20,0,0.7376,654.01,444.41,-0.08,-0.02,Grey,116252.55
21,1,car,VISIBLE,20,0,0.7672,1146.92,427.01,0.6,-0.27,Grey,62214.65
21,8,truck,VISIBLE,20,0,0.5339,553.75,296.46,-0.19,-0.47,Grey,4154.41
21,3,car,VISIBLE,20,0,0.5884,886.78,381.63,0.96,-0.37,Grey,14057.26
21,4,car,VISIBLE,20,0,0.6387,999.38,396.95,0.96,-0.06,Grey,30899.32
21,13,car,VISIBLE,20,0,0.1624,15.61,502.2,-1.91,0.22,Grey,11979.96
21,11,person,VISIBLE,20,0,0.5817,718.78,353.06,0.13,-0.31,Grey,4288.75
21,9,car,VISIBLE,20,0,0.5889,399.38,386.89,-0.68,-0.41,Orange,24573.45
21,12,car,VISIBLE,20,0,0.1989,1268.03,505.28,1.53,2.88,Black,7647.77
21,14,chair,VISIBLE,20,0,0.5118,589.21,354.72,-0.64,-0.43,Grey,2492.27
21,10,chair,VISIBLE,20,0,0.5037,651.09,362.86,-0.27,-0.24,Cyan,1330.55
21,7,person,VISIBLE,20,0,0.3335,192.0,301.07,-2.08,-0.21,Grey,2916.16
21,15,car,VISIBLE,20,0,0.2711,462.22,362.12,-1.23,-0.39,Grey,8436.2
21,5,truck,OCCLUDED,18,2,0.978,200.55,200.41,-0.25,-0.36,Grey,12921.57
21,16,car,VISIBLE,13,0,0.1889,852.07,359.71,-0.15,-0.41,Grey,8516.45
22,6,car,VISIBLE,21,0,0.7669,168.28,398.21,-0.6,-0.09,Grey,110480.25
22,2,car,VISIBLE,21,0,0.727,654.76,443.83,0.5,-0.41,Grey,118681.38
22,1,car,VISIBLE,21,0,0.7654,1147.56,426.79,0.63,-0.24,Grey,62210.33
22,8,truck,VISIBLE,21,0,0.4959,553.61,295.88,-0.15,-0.54,Grey,4170.89
22,3,car,VISIBLE,21,0,0.5431,888.27,381.37,1.33,-0.3,Grey,13893.99
22,4,car,VISIBLE,21,0,0.6264,1000.23,396.65,0.88,-0.23,Grey,30966.6
22,13,car,VISIBLE,21,0,0.1624,13.62,502.68,-1.97,0.4,Grey,10525.8
22,11,person,VISIBLE,21,0,0.5763,718.95,352.62,0.16,-0.4,Grey,4290.02
22,9,car,VISIBLE,21,0,0.5583,398.83,386.68,-0.59,-0.28,Orange,24712.16
22,12,car,VISIBLE,21,0,0.1989,1269.56,508.05,1.53,2.81,Black,6614.39
22,14,chair,VISIBLE,21,0,0.4795,588.69,354.31,-0.55,-0.41,Cyan,2513.17
22,10,chair,VISIBLE,21,0,0.4709,650.88,362.65,-0.23,-0.22,Grey,1345.54
22,7,person,VISIBLE,21,0,0.554,188.6,300.42,-3.0,-0.52,Grey,2943.95
22,15,car,VISIBLE,21,0,0.2178,461.55,361.59,-0.83,-0.49,Grey,8585.09
22,5,truck,OCCLUDED,18,3,0.967,200.3,200.05,-0.25,-0.36,Grey,12921.57
22,16,car,VISIBLE,14,0,0.1889,852.14,359.52,0.01,-0.26,Grey,8547.92
23,6,car,VISIBLE,22,0,0.7547,167.57,398.06,-0.68,-0.12,Grey,110481.68
23,2,car,VISIBLE,22,0,0.7403,655.07,443.31,0.37,-0.48,Grey,120786.25
23,1,car,VISIBLE,22,0,0.793,1148.02,426.5,0.51,-0.28,Grey,62306.22
23,8,truck,VISIBLE,22,0,0.4796,553.39,295.25,-0.19,-0.61,Grey,4150.63
23,3,car,VISIBLE,22,0,0.5228,889.62,380.94,1.34,-0.39,Grey,13894.15
23,4,car,VISIBLE,22,0,0.6356,1001.12,396.2,0.88,-0.38,Grey,31072.97
23,13,car,VISIBLE,22,0,0.1624,11.63,503.15,-1.98,0.45,Grey,9050.04
23,11,person,VISIBLE,22,0,0.596,719.23,352.14,0.24,-0.45,Grey,4301.77
23,9,car,VISIBLE,22,0,0.5492,398.71,386.8,-0.26,0.0,Orange,25076.05
23,12,car,VISIBLE,22,0,0.1989,1271.09,510.84,1.53,2.79,Grey,5597.74
23,14,chair,VISIBLE,22,0,0.4913,588.02,353.93,-0.63,-0.4,Cyan,2567.81
23,10,chair,VISIBLE,22,0,0.4394,650.74,362.31,-0.17,-0.31,Cyan,1345.99
23,7,person,VISIBLE,22,0,0.6011,185.88,299.59,-2.8,-0.74,Grey,3003.11
23,15,car,VISIBLE,22,0,0.1796,461.43,363.51,-0.33,1.2,Brown,9265.52
23,5,truck,OCCLUDED,18,4,0.956,200.05,199.69,-0.25,-0.36,Grey,12921.57
23,16,car,VISIBLE,15,0,0.1889,852.21,359.34,0.05,-0.21,Grey,8579.44
24,6,car,VISIBLE,23,0,0.7649,166.69,397.92,-0.82,-0.14,Grey,110382.21
24,2,car,VISIBLE,23,0,0.7448,655.18,443.0,0.18,-0.37,Grey,122553.2
24,1,car,VISIBLE,23,0,0.8121,1148.54,426.18,0.52,-0.3,Grey,62377.85
24,8,truck,VISIBLE,23,0,0.4783,553.36,294.79,-0.09,-0.5,Grey,4147.98
24,3,car,VISIBLE,23,0,0.5593,890.84,380.54,1.26,-0.39,Grey,13986.79
24,4,car,VISIBLE,23,0,0.6512,1001.9,395.73,0.81,-0.45,Grey,31206.37
24,13,car,VISIBLE,23,0,0.1624,9.64,503.63,-1.99,0.47,Grey,7552.68
24,11,person,VISIBLE,23,0,0.6306,719.44,351.71,0.22,-0.44,Grey,4331.33
24,9,car,VISIBLE,23,0,0.5332,398.41,386.98,-0.28,0.13,Orange,25438.63
24,12,car,VISIBLE,23,0,0.1989,1272.62,513.62,1.53,2.78,Grey,4597.82
24,14,chair,VISIBLE,23,0,0.4997,587.62,353.51,-0.47,-0.41,Cyan,2605.86
24,10,chair,VISIBLE,23,0,0.4341,650.79,361.95,-0.02,-0.34,Cyan,1356.61
24,7,person,VISIBLE,23,0,0.646,183.89,299.03,-2.23,-0.61,Grey,3044.74
24,15,car,VISIBLE,23,0,0.1542,461.69,365.87,0.09,2.01,Brown,9916.92
24,5,truck,OCCLUDED,18,5,0.944,199.79,199.34,-0.25,-0.36,Grey,12921.57
24,16,car,VISIBLE,16,0,0.1594,852.44,358.48,0.18,-0.66,Grey,8619.48
25,6,car,VISIBLE,24,0,0.7716,165.9,397.65,-0.8,-0.23,Grey,110213.53
25,2,car,VISIBLE,24,0,0.7535,655.08,442.87,-0.02,-0.2,Grey,124001.27
25,1,car,VISIBLE,24,0,0.8189,1148.97,425.94,0.46,-0.26,Grey,62432.62
25,8,truck,VISIBLE,24,0,0.5128,553.26,294.38,-0.09,-0.44,Grey,4162.93
25,3,car,VISIBLE,24,0,0.5606,891.71,380.2,0.99,-0.36,Grey,13975.56
25,4,car,VISIBLE,24,0,0.6485,1002.64,395.35,0.77,-0.4,Grey,31340.65
25,13,car,VISIBLE,24,0,0.1624,7.64,504.11,-1.99,0.48,Grey,6033.73
25,11,person,VISIBLE,24,0,0.6264,719.95,351.32,0.42,-0.4,Grey,4317.17
25,9,car,VISIBLE,24,0,0.5675,397.83,387.01,-0.49,0.06,Orange,25724.62
25,12,car,OCCLUDED,23,1,0.989,1274.14,516.4,1.53,2.78,Grey,4597.82
25,14,chair,VISIBLE,24,0,0.5122,587.27,353.06,-0.39,-0.44,Grey,2635.65
25,10,chair,VISIBLE,24,0,0.3924,650.64,361.53,-0.11,-0.4,Cyan,1360.84
25,7,person,VISIBLE,24,0,0.62,181.85,298.2,-2.1,-0.77,Grey,3128.75
25,15,car,VISIBLE,24,0,0.1608,462.57,364.31,0.64,-0.49,Grey,9609.41
25,5,truck,OCCLUDED,18,6,0.933,199.54,198.98,-0.25,-0.36,Grey,12921.57
25,16,car,VISIBLE,17,0,0.1754,852.87,357.87,0.35,-0.62,Grey,8712.06
26,6,car,VISIBLE,25,0,0.7617,165.14,397.47,-0.76,-0.2,Grey,110141.59
26,2,car,VISIBLE,25,0,0.7556,654.82,442.97,-0.19,0.01,Grey,125436.61
26,1,car,VISIBLE,25,0,0.8188,1149.39,425.77,0.43,-0.2,Grey,62452.09
26,8,truck,VISIBLE,25,0,0.497,552.99,294.02,-0.22,-0.38,Grey,4167.14
26,3,car,VISIBLE,25,0,0.5563,892.91,379.96,1.13,-0.28,Grey,13954.01
26,4,car,VISIBLE,25,0,0.6288,1003.28,395.09,0.67,-0.3,Grey,31463.18
26,13,car,VISIBLE,25,0,0.1624,5.66,504.59,-1.99,0.48,Grey,4493.18
26,11,person,VISIBLE,25,0,0.6233,720.19,350.93,0.3,-0.39,Grey,4325.93
26,9,car,VISIBLE,25,0,0.5608,396.93,386.96,-0.78,-0.02,Orange,26025.89
26,12,car,OCCLUDED,23,2,0.978,1275.67,519.19,1.53,2.78,Grey,4597.82
26,14,chair,VISIBLE,25,0,0.5065,586.82,352.64,-0.43,-0.43,Grey,2644.77
26,10,chair,VISIBLE,25,0,0.3708,650.4,361.04,-0.2,-0.46,Cyan,1358.25
26,7,person,VISIBLE,25,0,0.6119,180.33,297.4,-1.69,-0.78,Grey,3210.73
26,15,car,VISIBLE,25,0,0.1608,462.42,364.38,0.08,-0.1,Brown,9788.45
26,5,truck,OCCLUDED,18,7,0.922,199.29,198.62,-0.25,-0.36,Grey,12921.57
26,16,car,VISIBLE,18,0,0.1754,853.06,357.45,0.24,-0.48,Grey,8761.32
27,6,car,VISIBLE,26,0,0.7589,164.38,397.52,-0.76,-0.02,Grey,110229.18
27,2,car,VISIBLE,26,0,0.7553,654.34,443.17,-0.39,0.14,Grey,126926.17
27,1,car,VISIBLE,26,0,0.8242,1149.78,425.84,0.4,-0.01,Grey,62549.03
27,8,truck,VISIBLE,26,0,0.4699,552.79,293.7,-0.21,-0.34,Grey,4200.25
27,3,car,VISIBLE,26,0,0.5256,894.1,379.69,1.17,-0.27,Grey,13978.48
27,4,car,VISIBLE,26,0,0.6196,1003.78,394.92,0.56,-0.21,Grey,31588.25
27,13,car,OCCLUDED,25,1,0.989,3.66,505.06,-1.99,0.48,Grey,4493.18
27,11,person,VISIBLE,26,0,0.624,720.71,350.5,0.45,-0.42,Grey,4346.54
27,9,car,VISIBLE,26,0,0.5482,395.87,386.84,-0.98,-0.09,Orange,26189.81
27,12,car,OCCLUDED,23,3,0.967,1277.2,521.97,1.53,2.78,Grey,4597.82
27,14,chair,VISIBLE,26,0,0.5297,586.58,352.3,-0.3,-0.37,Grey,2617.52
27,10,chair,VISIBLE,26,0,0.3444,650.05,360.53,-0.3,-0.49,Grey,1341.99
27,7,person,VISIBLE,26,0,0.6063,178.82,296.97,-1.56,-0.54,Grey,3322.13
27,15,car,VISIBLE,26,0,0.1608,462.27,364.46,-0.08,0.02,Grey,9969.13
27,5,truck,OCCLUDED,18,8,0.911,199.03,198.27,-0.25,-0.36,Grey,12921.57
27,16,car,VISIBLE,19,0,0.1754,853.25,357.01,0.21,-0.45,Grey,8810.55
28,6,car,VISIBLE,27,0,0.7622,163.79,397.37,-0.64,-0.11,Grey,110299.13
28,2,car,VISIBLE,27,0,0.7605,653.75,443.71,-0.53,0.42,Grey,128388.52
28,1,car,VISIBLE,27,0,0.8339,1150.18,426.42,0.4,0.4,Grey,62843.62
28,8,truck,VISIBLE,27,0,0.4765,552.52,293.37,-0.25,-0.33,Grey,4237.21
28,3,car,VISIBLE,27,0,0.5276,895.0,379.41,0.99,-0.27,Grey,13992.42
28,4,car,VISIBLE,27,0,0.6419,1004.34,394.83,0.56,-0.13,Grey,31778.15
28,13,car,OCCLUDED,25,2,0.978,1.67,505.54,-1.99,0.48,Grey,4493.18
28,11,person,VISIBLE,27,0,0.6409,721.37,350.19,0.59,-0.35,Grey,4451.22
28,9,car,VISIBLE,27,0,0.5598,394.74,386.49,-1.08,-0.27,Orange,26363.07
28,12,car,OCCLUDED,23,4,0.956,1278.73,524.75,1.53,2.78,Grey,4597.82
28,14,chair,VISIBLE,27,0,0.5192,586.31,352.05,-0.28,-0.28,Grey,2593.57
28,10,chair,VISIBLE,27,0,0.2937,649.79,360.21,-0.28,-0.38,Grey,1332.03
28,7,person,VISIBLE,27,0,0.4783,177.12,296.77,-1.66,-0.3,Grey,3262.7
28,15,car,VISIBLE,27,0,0.1608,462.12,364.52,-0.13,0.05,Brown,10151.46
28,5,truck,OCCLUDED,18,9,0.9,198.78,197.91,-0.25,-0.36,Grey,12921.57
28,16,car,VISIBLE,20,0,0.1754,853.44,356.58,0.2,-0.44,Grey,8859.77
29,6,car,VISIBLE,28,0,0.7645,163.12,397.13,-0.66,-0.2,Grey,110301.9
29,2,car,VISIBLE,28,0,0.7559,653.32,444.28,-0.46,0.53,Grey,129535.88
29,1,car,VISIBLE,28,0,0.8352,1150.48,426.45,0.33,0.15,Grey,62858.71
29,8,truck,VISIBLE,28,0,0.4456,552.2,293.04,-0.3,-0.33,Grey,4236.18
29,3,car,VISIBLE,28,0,0.5253,895.49,379.19,0.64,-0.24,Grey,14113.83
29,4,car,VISIBLE,28,0,0.6244,1004.88,394.64,0.55,-0.17,Grey,31952.47
29,13,car,OCCLUDED,25,3,0.967,-0.32,506.01,-1.99,0.48,Grey,4493.18
29,11,person,VISIBLE,28,0,0.6425,721.92,349.9,0.57,-0.3,Grey,4499.23
29,9,car,VISIBLE,28,0,0.5543,393.59,386.08,-1.13,-0.37,Orange,26463.08
29,12,car,OCCLUDED,23,5,0.944,1280.26,527.54,1.53,2.78,Grey,4597.82
29,14,chair,VISIBLE,28,0,0.5208,586.18,351.81,-0.17,-0.26,Grey,2559.81
29,10,chair,VISIBLE,28,0,0.2535,649.62,359.82,-0.2,-0.38,Cyan,1316.68
29,7,person,VISIBLE,28,0,0.496,174.8,296.25,-2.13,-0.46,Grey,3283.48
29,15,car,VISIBLE,28,0,0.1811,461.52,361.95,-0.46,-1.79,Grey,9445.29
29,5,truck,OCCLUDED,18,10,0.889,198.53,197.55,-0.25,-0.36,Grey,12921.57
29,16,car,OCCLUDED,20,1,0.989,853.64,356.14,0.2,-0.44,Grey,8859.77
30,6,car,VISIBLE,29,0,0.7681,162.41,396.99,-0.7,-0.16,Grey,110368.36
30,2,car,VISIBLE,29,0,0.7513,652.85,444.97,-0.47,0.63,Grey,130274.31
30,1,car,VISIBLE,29,0,0.8288,1150.76,426.41,0.3,0.02,Grey,62871.51
30,8,truck,VISIBLE,29,0,0.4719,552.02,292.56,-0.22,-0.44,Grey,4196.57
30,3,car,VISIBLE,29,0,0.5,896.01,378.74,0.56,-0.38,Grey,14287.01
30,4,car,VISIBLE,29,0,0.6151,1005.7,394.55,0.73,-0.12,Grey,32195.13
30,13,car,OCCLUDED,25,4,0.956,-2.31,506.49,-1.99,0.48,Grey,4493.18
30,11,person,VISIBLE,29,0,0.6349,722.6,349.5,0.64,-0.37,Grey,4496.56
30,9,car,VISIBLE,29,0,0.54,392.52,385.8,-1.09,-0.3,Orange,26555.19
30,12,car,OCCLUDED,23,6,0.933,1281.79,530.32,1.53,2.78,Grey,4597.82
30,14,chair,VISIBLE,29,0,0.5147,586.05,351.58,-0.15,-0.24,Grey,2542.78
30,10,chair,VISIBLE,29,0,0.2666,649.39,359.46,-0.22,-0.37,Cyan,1310.32
30,7,person,VISIBLE,29,0,0.6028,172.38,295.82,-2.32,-0.43,Grey,3352.55
30,15,car,VISIBLE,29,0,0.1811,461.26,361.32,-0.32,-0.98,Grey,9390.99
30,5,truck,OCCLUDED,18,11,0.878,198.27,197.2,-0.25,-0.36,Grey,12921.57
30,16,car,OCCLUDED,20,2,0.978,853.84,355.7,0.2,-0.44,Grey,8859.77
31,6,car,VISIBLE,30,0,0.7898,161.8,396.97,-0.64,-0.07,Grey,110480.47
31,2,car,VISIBLE,30,0,0.7411,652.28,445.4,-0.54,0.5,Grey,131161.7
31,1,car,VISIBLE,30,0,0.8335,1151.12,426.31,0.34,-0.07,Grey,62854.85
31,8,truck,VISIBLE,30,0,0.4657,552.01,292.05,-0.08,-0.49,Grey,4202.11
31,3,car,VISIBLE,30,0,0.4591,896.23,378.18,0.32,-0.51,Grey,14409.66
31,4,car,VISIBLE,30,0,0.6353,1006.53,394.4,0.8,-0.13,Grey,32336.46
31,13,car,OCCLUDED,25,5,0.944,-4.3,506.96,-1.99,0.48,Grey,4493.18
31,11,person,VISIBLE,30,0,0.6311,723.43,349.05,0.78,-0.43,Grey,4434.03
31,9,car,VISIBLE,30,0,0.5373,391.43,385.37,-1.09,-0.39,Brown,26666.82
31,12,car,OCCLUDED,23,7,0.922,1283.32,533.1,1.53,2.78,Grey,4597.82
31,14,chair,VISIBLE,30,0,0.4995,585.53,351.35,-0.4,-0.23,Grey,2516.29
31,10,chair,VISIBLE,30,0,0.3333,648.96,359.18,-0.37,-0.31,Cyan,1325.62
31,7,person,VISIBLE,30,0,0.6229,170.36,295.24,-2.12,-0.54,Grey,3332.58
31,15,car,VISIBLE,30,0,0.1811,460.99,360.69,-0.29,-0.74,Grey,9336.8
31,5,truck,OCCLUDED,18,12,0.867,198.02,196.84,-0.25,-0.36,Grey,12921.57
31,16,car,OCCLUDED,20,3,0.967,854.04,355.26,0.2,-0.44,Grey,8859.77
32,6,car,VISIBLE,31,0,0.7859,161.3,396.98,-0.53,-0.01,Grey,110676.2
32,2,car,VISIBLE,31,0,0.7413,651.72,445.8,-0.55,0.43,Grey,131927.92
32,1,car,VISIBLE,31,0,0.8285,1151.42,426.19,0.31,-0.11,Grey,62899.54
32,8,truck,VISIBLE,31,0,0.4852,552.08,291.6,0.03,-0.46,Grey,4234.1
32,3,car,VISIBLE,31,0,0.4652,896.29,377.63,0.14,-0.53,Grey,14445.24
32,4,car,VISIBLE,31,0,0.6296,1007.31,394.23,0.79,-0.16,Grey,32491.53
32,13,car,OCCLUDED,25,6,0.933,-6.29,507.44,-1.99,0.48,Grey,4493.18
32,11,person,VISIBLE,31,0,0.6132,724.22,348.59,0.78,-0.45,Grey,4356.04
32,9,car,VISIBLE,31,0,0.5672,390.38,384.81,-1.07,-0.51,Brown,26824.17
32,12,car,OCCLUDED,23,8,0.911,1284.85,535.89,1.53,2.78,Grey,4597.82
32,14,chair,VISIBLE,31,0,0.5118,585.09,351.05,-0.43,-0.28,Grey,2573.01
32,10,chair,VISIBLE,31,0,0.3523,648.71,358.98,-0.29,-0.24,Cyan,1338.82
32,7,person,VISIBLE,31,0,0.6505,168.72,294.57,-1.78,-0.63,Grey,3337.04
32,15,car,VISIBLE,31,0,0.1811,460.72,360.06,-0.27,-0.66,Grey,9282.72
32,5,truck,OCCLUDED,18,13,0.856,197.77,196.48,-0.25,-0.36,Grey,12921.57
32,16,car,OCCLUDED,20,4,0.956,854.24,354.83,0.2,-0.44,Grey,8859.77
33,6,car,VISIBLE,32,0,0.7807,160.8,396.82,-0.51,-0.11,Grey,110737.8
33,2,car,VISIBLE,32,0,0.7528,651.14,445.9,-0.57,0.2,Grey,132816.58
33,1,car,VISIBLE,32,0,0.8268,1151.85,425.91,0.39,-0.22,Grey,62839.97
33,8,truck,VISIBLE,32,0,0.4587,552.07,291.25,0.0,-0.39,Grey,4254.46
33,3,car,VISIBLE,32,0,0.5113,896.21,377.11,-0.01,-0.53,Grey,14452.13
33,4,car,VISIBLE,32,0,0.6316,1007.91,394.06,0.66,-0.16,Grey,32594.86
33,13,car,OCCLUDED,25,7,0.922,-8.28,507.92,-1.99,0.48,Grey,4493.18
33,11,person,VISIBLE,32,0,0.5985,724.58,348.11,0.48,-0.47,Grey,4365.68
33,9,car,VISIBLE,32,0,0.595,389.51,383.99,-0.93,-0.73,Brown,27055.83
33,12,car,OCCLUDED,23,9,0.9,1286.37,538.67,1.53,2.78,Grey,4597.82
33,14,chair,VISIBLE,32,0,0.505,584.76,350.59,-0.35,-0.41,Grey,2635.34
33,10,chair,VISIBLE,32,0,0.3658,648.5,358.82,-0.24,-0.18,Grey,1370.07
33,7,person,VISIBLE,32,0,0.6845,167.3,293.66,-1.53,-0.83,Grey,3353.03
33,15,car,VISIBLE,32,0,0.1608,460.28,357.47,-0.39,-2.01,Grey,8567.36
33,5,truck,OCCLUDED,18,14,0.844,197.51,196.13,-0.25,-0.36,Grey,12921.57
33,16,car,OCCLUDED,20,5,0.944,854.44,354.39,0.2,-0.44,Grey,8859.77
34,6,car,VISIBLE,33,0,0.7808,160.33,396.56,-0.49,-0.22,Grey,110824.89
34,2,car,VISIBLE,33,0,0.749,651.02,445.9,-0.26,0.06,Grey,133637.08
34,1,car,VISIBLE,33,0,0.8277,1152.25,425.61,0.4,-0.28,Grey,62850.67
34,8,truck,VISIBLE,33,0,0.4592,551.97,290.82,-0.07,-0.41,Grey,4235.78
34,3,car,VISIBLE,33,0,0.5111,896.25,376.67,0.02,-0.46,Grey,14451.65
34,4,car,VISIBLE,33,0,0.6281,1008.45,393.78,0.57,-0.25,Grey,32691.74
34,13,car,OCCLUDED,25,8,0.911,-10.27,508.39,-1.99,0.48,Grey,4493.18
34,11,person,VISIBLE,33,0,0.5946,724.87,347.57,0.35,-0.52,Grey,4357.67
34,9,car,VISIBLE,33,0,0.5764,388.87,383.35,-0.73,-0.66,Brown,27213.63
34,12,car,OCCLUDED,23,10,0.889,1287.9,541.45,1.53,2.78,Grey,4597.82
34,14,chair,VISIBLE,33,0,0.4795,584.44,350.0,-0.33,-0.53,Grey,2677.99
34,10,chair,VISIBLE,33,0,0.3589,648.29,358.57,-0.22,-0.23,Cyan,1383.39
34,7,person,VISIBLE,33,0,0.6729,165.74,292.73,-1.55,-0.9,Grey,3366.97
34,15,car,VISIBLE,33,0,0.1608,459.98,356.32,-0.33,-1.41,Grey,8344.18
34,5,truck,OCCLUDED,18,15,0.833,197.26,195.77,-0.25,-0.36,Grey,12921.57
34,16,car,OCCLUDED,20,6,0.933,854.64,353.95,0.2,-0.44,Grey,8859.77
35,6,car,VISIBLE,34,0,0.767,159.9,396.31,-0.45,-0.24,Grey,110912.34
35,2,car,VISIBLE,34,0,0.7508,650.68,446.01,-0.32,0.09,Grey,134389.64
35,1,car,VISIBLE,34,0,0.821,1152.74,425.29,0.46,-0.31,Grey,62824.75
35,8,truck,VISIBLE,34,0,0.4111,551.92,290.22,-0.05,-0.55,Grey,4200.57
35,3,car,VISIBLE,34,0,0.5413,896.16,376.31,-0.05,-0.39,Grey,14427.82
35,4,car,VISIBLE,34,0,0.639,1009.02,393.43,0.57,-0.32,Grey,32834.38
35,13,car,OCCLUDED,25,9,0.9,-12.26,508.87,-1.99,0.48,Grey,4493.18
35,11,person,VISIBLE,34,0,0.5978,724.93,346.94,0.15,-0.6,Grey,4402.18
35,9,car,VISIBLE,34,0,0.5771,387.96,382.94,-0.85,-0.48,Brown,27417.17
35,12,car,OCCLUDED,23,11,0.878,1289.43,544.24,1.53,2.78,Grey,4597.82
35,14,chair,VISIBLE,34,0,0.4769,583.98,349.46,-0.42,-0.54,Grey,2697.49
35,10,chair,VISIBLE,34,0,0.3695,648.25,358.22,-0.09,-0.32,Cyan,1396.49
35,7,person,VISIBLE,34,0,0.6408,164.2,291.95,-1.54,-0.81,Grey,3397.03
35,15,car,OCCLUDED,33,1,0.989,459.64,354.91,-0.33,-1.41,Grey,8344.18
35,5,truck,OCCLUDED,18,16,0.822,197.01,195.41,-0.25,-0.36,Grey,12921.57
35,16,car,OCCLUDED,20,7,0.922,854.84,353.51,0.2,-0.44,Grey,8859.77
36,6,car,VISIBLE,35,0,0.7667,159.41,396.04,-0.48,-0.26,Grey,110897.7
36,2,car,VISIBLE,35,0,0.7406,650.51,446.07,-0.21,0.07,Grey,135067.49
36,1,car,VISIBLE,35,0,0.8147,1153.2,424.91,0.47,-0.35,Grey,62806.05
36,8,truck,VISIBLE,35,0,0.4407,552.0,289.43,0.03,-0.71,Grey,4162.85
36,3,car,VISIBLE,35,0,0.5155,896.34,375.98,0.11,-0.35,Grey,14389.77
36,4,car,VISIBLE,35,0,0.6374,1009.61,393.06,0.58,-0.35,Grey,33002.35
36,13,car,OCCLUDED,25,10,0.889,-14.25,509.34,-1.99,0.48,Grey,4493.18
36,11,person,VISIBLE,35,0,0.5979,725.0,346.27,0.1,-0.64,Grey,4403.8
36,9,car,VISIBLE,35,0,0.5904,387.21,382.59,-0.78,-0.4,Brown,27452.12
36,12,car,OCCLUDED,23,12,0.867,1290.96,547.02,1.53,2.78,Grey,4597.82
36,14,chair,VISIBLE,35,0,0.4854,583.4,348.99,-0.53,-0.49,Grey,2720.72
36,10,chair,VISIBLE,35,0,0.3797,648.26,357.88,-0.02,-0.34,Grey,1411.11
36,7,person,VISIBLE,35,0,0.6185,163.0,291.38,-1.3,-0.65,Grey,3418.08
36,15,car,OCCLUDED,33,2,0.978,459.31,353.51,-0.33,-1.41,Grey,8344.18
36,5,truck,OCCLUDED,18,17,0.811,196.75,195.06,-0.25,-0.36,Grey,12921.57
36,16,car,OCCLUDED,20,8,0.911,855.04,353.07,0.2,-0.44,Grey,8859.77
37,6,car,VISIBLE,36,0,0.7601,159.03,395.83,-0.41,-0.23,Grey,110905.25
37,2,car,VISIBLE,36,0,0.7505,650.91,445.84,0.22,-0.14,Grey,135851.66
37,1,car,VISIBLE,36,0,0.813,1153.74,424.72,0.51,-0.24,Grey,62744.89
37,8,truck,VISIBLE,36,0,0.3686,552.04,288.75,0.04,-0.69,Grey,4113.03
37,3,car,VISIBLE,36,0,0.5574,896.5,375.63,0.15,-0.35,Grey,14356.89
37,4,car,VISIBLE,36,0,0.6343,1010.2,392.78,0.59,-0.3,Grey,33146.12
37,13,car,OCCLUDED,25,11,0.878,-16.24,509.82,-1.99,0.48,Grey,4493.18
37,11,person,VISIBLE,36,0,0.6374,724.91,345.75,-0.04,-0.56,Grey,4435.93
37,9,car,VISIBLE,36,0,0.5971,386.4,382.21,-0.8,-0.39,Brown,27535.97
37,12,car,OCCLUDED,23,13,0.856,1292.49,549.8,1.53,2.78,Grey,4597.82
37,14,chair,VISIBLE,36,0,0.481,583.05,348.55,-0.41,-0.45,Grey,2746.33
37,10,chair,VISIBLE,36,0,0.3565,648.05,357.39,-0.15,-0.44,Grey,1400.86
37,7,person,VISIBLE,36,0,0.6528,161.47,290.88,-1.46,-0.54,Grey,3381.19
37,15,car,OCCLUDED,33,3,0.967,458.98,352.1,-0.33,-1.41,Grey,8344.18
37,5,truck,OCCLUDED,18,18,0.8,196.5,194.7,-0.25,-0.36,Grey,12921.57
37,16,car,OCCLUDED,20,9,0.9,855.23,352.63,0.2,-0.44,Grey,8859.77
38,6,car,VISIBLE,37,0,0.7568,158.66,395.74,-0.38,-0.13,Grey,110916.0
38,2,car,VISIBLE,37,0,0.744,651.23,445.75,0.29,-0.1,Grey,136587.83
38,1,car,VISIBLE,37,0,0.8092,1154.28,424.63,0.53,-0.14,Grey,62650.21
38,8,truck,VISIBLE,37,0,0.3605,552.19,288.17,0.11,-0.61,Grey,4075.37
38,3,car,VISIBLE,37,0,0.5423,896.57,375.38,0.09,-0.28,Grey,14378.67
38,4,car,VISIBLE,37,0,0.6289,1010.7,392.59,0.53,-0.23,Grey,33254.15
38,13,car,OCCLUDED,25,12,0.867,-18.24,510.29,-1.99,0.48,Grey,4493.18
38,11,person,VISIBLE,37,0,0.6389,725.02,345.33,0.06,-0.46,Grey,4468.59
38,9,car,VISIBLE,37,0,0.5986,385.7,381.89,-0.73,-0.33,Brown,27659.91
38,12,car,OCCLUDED,23,14,0.844,1294.02,552.59,1.53,2.78,Grey,4597.82
38,14,chair,VISIBLE,37,0,0.4887,582.76,348.19,-0.32,-0.39,Grey,2770.69
38,10,chair,VISIBLE,37,0,0.3449,648.03,357.03,-0.06,-0.38,Cyan,1401.05
38,7,person,VISIBLE,37,0,0.6641,159.56,290.21,-1.78,-0.63,Grey,3374.75
38,15,car,VISIBLE,34,0,0.2882,458.42,351.89,-0.37,-1.2,Grey,7586.74
38,5,truck,OCCLUDED,18,19,0.789,196.25,194.34,-0.25,-0.36,Grey,12921.57
38,16,car,OCCLUDED,20,10,0.889,855.43,352.2,0.2,-0.44,Grey,8859.77
39,6,car,VISIBLE,38,0,0.7668,158.4,395.7,-0.3,-0.06,Grey,111039.82
39,2,car,VISIBLE,38,0,0.7419,651.48,445.79,0.26,0.0,Grey,137232.71
39,1,car,VISIBLE,38,0,0.8039,1154.83,424.57,0.54,-0.08,Grey,62522.57
39,8,truck,VISIBLE,38,0,0.3465,552.35,287.58,0.15,-0.6,Grey,4060.17
39,3,car,VISIBLE,38,0,0.549,896.51,375.13,-0.01,-0.26,Grey,14450.51
39,4,car,VISIBLE,38,0,0.6268,1011.28,392.37,0.56,-0.22,Grey,33332.87
39,13,car,OUT_OF_BOUNDS,25,13,0.856,-20.23,510.77,-1.99,0.48,Grey,4493.18
39,11,person,VISIBLE,38,0,0.6433,725.23,344.95,0.17,-0.41,Grey,4486.76
39,9,car,VISIBLE,38,0,0.5996,385.09,381.58,-0.65,-0.32,Brown,27785.05
39,12,car,OCCLUDED,23,15,0.833,1295.55,555.37,1.53,2.78,Grey,4597.82
39,14,chair,VISIBLE,38,0,0.5151,582.46,347.88,-0.31,-0.33,Grey,2796.52
39,10,chair,VISIBLE,38,0,0.3304,648.05,356.69,-0.0,-0.36,Cyan,1415.05
39,7,person,VISIBLE,38,0,0.6517,157.55,289.84,-1.94,-0.45,Grey,3308.74
39,15,car,VISIBLE,35,0,0.2561,458.15,351.82,-0.3,-0.41,Grey,7579.05
39,5,truck,OCCLUDED,18,20,0.778,195.99,193.99,-0.25,-0.36,Grey,12921.57
39,16,car,OCCLUDED,20,11,0.878,855.63,351.76,0.2,-0.44,Grey,8859.77
40,6,car,VISIBLE,39,0,0.7629,158.04,395.56,-0.34,-0.11,Grey,111106.89
40,2,car,VISIBLE,39,0,0.739,651.63,445.81,0.19,0.01,Grey,137854.3
40,1,car,VISIBLE,39,0,0.7995,1155.33,424.51,0.52,-0.07,Grey,62393.25
40,8,truck,VISIBLE,39,0,0.3102,552.43,286.96,0.1,-0.61,Grey,4050.73
40,3,car,VISIBLE,39,0,0.5228,896.39,374.81,-0.09,-0.3,Grey,14493.5
40,4,car,VISIBLE,39,0,0.6208,1012.03,392.11,0.7,-0.25,Grey,33507.44
40,13,car,OUT_OF_BOUNDS,25,14,0.844,-22.22,511.25,-1.99,0.48,Grey,4493.18
40,11,person,VISIBLE,39,0,0.6358,725.3,344.5,0.1,-0.43,Grey,4530.59
40,9,car,VISIBLE,39,0,0.5918,384.6,381.24,-0.53,-0.34,Brown,27957.49
40,12,car,OCCLUDED,23,16,0.822,1297.08,558.15,1.53,2.78,Grey,4597.82
40,14,chair,VISIBLE,39,0,0.5267,582.08,347.5,-0.36,-0.37,Grey,2837.89
40,10,chair,VISIBLE,39,0,0.3674,648.19,356.36,0.1,-0.34,Grey,1437.63
40,7,person,VISIBLE,39,0,0.6554,155.76,289.55,-1.83,-0.33,Grey,3266.75
40,15,car,VISIBLE,36,0,0.321,457.75,351.53,-0.37,-0.33,Grey,7593.81
40,5,truck,OCCLUDED,18,21,0.767,195.74,193.63,-0.25,-0.36,Grey,12921.57
40,16,car,OCCLUDED,20,12,0.867,855.83,351.32,0.2,-0.44,Grey,8859.77
41,6,car,VISIBLE,40,0,0.7707,157.64,395.27,-0.38,-0.24,Grey,111102.16
41,2,car,VISIBLE,40,0,0.7355,651.59,445.74,0.03,-0.04,Grey,138544.31
41,1,car,VISIBLE,40,0,0.7953,1155.71,424.29,0.42,-0.17,Grey,62312.28
41,8,truck,VISIBLE,40,0,0.2969,552.46,286.32,0.05,-0.63,Grey,4045.71
41,3,car,VISIBLE,40,0,0.5357,896.17,374.38,-0.18,-0.4,Grey,14552.37
41,4,car,VISIBLE,40,0,0.6335,1012.8,391.85,0.75,-0.26,Grey,33673.06
41,13,car,OUT_OF_BOUNDS,25,15,0.833,-24.21,511.72,-1.99,0.48,Grey,4493.18
41,11,person,VISIBLE,40,0,0.5889,725.01,344.06,-0.17,-0.44,Grey,4634.91
41,9,car,VISIBLE,40,0,0.5966,384.15,380.75,-0.48,-0.44,Brown,28075.66
41,12,car,OCCLUDED,23,17,0.811,1298.61,560.94,1.53,2.78,Grey,4597.82
41,14,chair,VISIBLE,40,0,0.5105,581.74,346.87,-0.35,-0.55,Grey,2835.33
41,10,chair,VISIBLE,40,0,0.3988,648.08,355.87,-0.05,-0.45,Grey,1450.84
41,7,person,VISIBLE,40,0,0.667,154.03,289.09,-1.76,-0.43,Grey,3259.33
41,15,car,VISIBLE,37,0,0.2436,457.14,350.91,-0.54,-0.53,Grey,7597.48
41,5,truck,OCCLUDED,18,22,0.756,195.49,193.27,-0.25,-0.36,Grey,12921.57
41,16,car,OCCLUDED,20,13,0.856,856.03,350.88,0.2,-0.44,Grey,8859.77
42,6,car,VISIBLE,41,0,0.7702,157.22,394.88,-0.41,-0.34,Grey,111122.52
42,2,car,VISIBLE,41,0,0.7384,651.49,445.56,-0.07,-0.14,Grey,139281.45
42,1,car,VISIBLE,41,0,0.8034,1156.05,424.04,0.36,-0.23,Grey,62275.2
42,8,truck,VISIBLE,41,0,0.3167,552.41,285.62,-0.02,-0.68,Grey,4024.46
42,3,car,VISIBLE,41,0,0.493,895.78,373.79,-0.33,-0.53,Grey,14632.86
42,4,car,VISIBLE,41,0,0.6347,1013.44,391.5,0.67,-0.32,Grey,33773.31
42,13,car,OUT_OF_BOUNDS,25,16,0.822,-26.2,512.2,-1.99,0.48,Grey,4493.18
42,11,person,VISIBLE,41,0,0.6015,725.16,343.48,0.05,-0.54,Grey,4744.81
42,9,car,VISIBLE,41,0,0.5792,383.24,380.28,-0.78,-0.46,Brown,28142.93
42,12,car,OUT_OF_BOUNDS,23,18,0.8,1300.13,563.72,1.53,2.78,Grey,4597.82
42,14,chair,VISIBLE,41,0,0.5152,581.38,346.17,-0.36,-0.65,Grey,2832.4
42,10,chair,VISIBLE,41,0,0.3616,647.84,355.38,-0.18,-0.48,Cyan,1450.39
42,7,person,VISIBLE,41,0,0.6603,152.38,288.45,-1.68,-0.58,Grey,3290.07
42,15,car,VISIBLE,38,0,0.2242,456.87,350.41,-0.36,-0.51,Grey,7578.44
42,5,truck,OCCLUDED,18,23,0.744,195.23,192.92,-0.25,-0.36,Grey,12921.57
42,16,car,OCCLUDED,20,14,0.844,856.23,350.44,0.2,-0.44,Grey,8859.77
43,6,car,VISIBLE,42,0,0.7598,156.91,394.48,-0.34,-0.39,Grey,111167.81
43,2,car,VISIBLE,42,0,0.7512,651.17,445.3,-0.24,-0.22,Grey,140148.03
43,1,car,VISIBLE,42,0,0.7976,1156.35,423.72,0.32,-0.29,Grey,62303.86
43,8,truck,VISIBLE,42,0,0.3106,552.25,284.82,-0.12,-0.76,Grey,4022.35
43,3,car,VISIBLE,42,0,0.5046,895.45,373.48,-0.33,-0.38,Grey,14628.79
43,4,car,VISIBLE,42,0,0.6378,1014.23,390.89,0.75,-0.52,Grey,33894.85
43,13,car,OUT_OF_BOUNDS,25,17,0.811,-28.19,512.67,-1.99,0.48,Grey,4493.18
43,11,person,VISIBLE,42,0,0.6262,725.18,342.95,0.03,-0.53,Grey,4816.92
43,9,car,VISIBLE,42,0,0.5922,382.32,379.73,-0.87,-0.53,Brown,28166.72
43,12,car,OUT_OF_BOUNDS,23,19,0.789,1301.66,566.5,1.53,2.78,Grey,4597.82
43,14,chair,VISIBLE,42,0,0.5285,580.84,345.48,-0.48,-0.68,Grey,2860.65
43,10,chair,VISIBLE,42,0,0.3638,647.68,354.76,-0.16,-0.57,Cyan,1463.59
43,7,person,VISIBLE,42,0,0.6244,150.94,287.66,-1.52,-0.72,Grey,3349.87
43,15,car,VISIBLE,39,0,0.1734,458.21,342.7,0.83,-5.55,Grey,6045.19
43,5,truck,OCCLUDED,18,24,0.733,194.98,192.56,-0.25,-0.36,Grey,12921.57
43,16,car,OCCLUDED,20,15,0.833,856.43,350.0,0.2,-0.44,Grey,8859.77
44,6,car,VISIBLE,43,0,0.751,156.53,393.88,-0.37,-0.53,Grey,111233.73
44,2,car,VISIBLE,43,0,0.7464,650.78,445.07,-0.35,-0.23,Grey,141130.77
44,1,car,VISIBLE,43,0,0.8012,1156.55,423.29,0.23,-0.39,Grey,62370.18
44,8,truck,VISIBLE,43,0,0.3194,552.01,284.21,-0.2,-0.66,Grey,4044.17
44,3,car,VISIBLE,43,0,0.5138,895.01,373.04,-0.41,-0.42,Grey,14677.11
44,4,car,VISIBLE,43,0,0.6357,1014.97,390.34,0.75,-0.55,Grey,34035.35
44,13,car,OUT_OF_BOUNDS,25,18,0.8,-30.18,513.15,-1.99,0.48,Grey,4493.18
44,11,person,VISIBLE,43,0,0.5614,725.06,342.45,-0.08,-0.51,Grey,4876.6
44,9,car,VISIBLE,43,0,0.6116,381.35,379.13,-0.95,-0.57,Brown,28167.38
44,12,car,OUT_OF_BOUNDS,23,20,0.778,1303.19,569.29,1.53,2.78,Grey,4597.82
44,14,chair,VISIBLE,43,0,0.5102,580.55,344.87,-0.35,-0.63,Grey,2870.34
44,10,chair,VISIBLE,43,0,0.3927,647.71,354.23,-0.02,-0.55,Cyan,1487.62
44,7,person,VISIBLE,43,0,0.6327,149.31,286.79,-1.59,-0.83,Grey,3336.92
44,15,car,VISIBLE,40,0,0.1852,458.31,337.87,0.32,-5.05,Grey,5308.21
44,5,truck,OCCLUDED,18,25,0.722,194.73,192.2,-0.25,-0.36,Grey,12921.57
44,16,car,OCCLUDED,20,16,0.822,856.63,349.57,0.2,-0.44,Grey,8859.77
45,6,car,VISIBLE,44,0,0.7307,156.39,393.27,-0.21,-0.58,Grey,111444.61
45,2,car,VISIBLE,44,0,0.75,650.39,444.72,-0.37,-0.31,Grey,142130.44
45,1,car,VISIBLE,44,0,0.8005,1156.76,422.88,0.22,-0.4,Grey,62416.5
45,8,truck,VISIBLE,44,0,0.2967,551.76,283.56,-0.23,-0.65,Grey,4059.53
45,3,car,VISIBLE,44,0,0.5617,894.73,372.44,-0.32,-0.54,Grey,14722.03
45,4,car,VISIBLE,44,0,0.6447,1015.64,389.8,0.69,-0.54,Grey,34187.93
45,13,car,OUT_OF_BOUNDS,25,19,0.789,-32.17,513.62,-1.99,0.48,Grey,4493.18
45,11,person,VISIBLE,44,0,0.5646,724.66,342.05,-0.3,-0.44,Grey,4921.56
45,9,car,VISIBLE,44,0,0.6202,380.87,378.49,-0.62,-0.62,Brown,28281.68
45,12,car,OUT_OF_BOUNDS,23,21,0.767,1304.72,572.07,1.53,2.78,Grey,4597.82
45,14,chair,VISIBLE,44,0,0.5299,580.27,344.19,-0.3,-0.67,Grey,2861.05
45,10,chair,VISIBLE,44,0,0.4011,647.42,353.64,-0.21,-0.57,Cyan,1490.5
45,7,person,VISIBLE,44,0,0.6467,147.9,286.07,-1.47,-0.75,Grey,3281.64
45,15,car,VISIBLE,41,0,0.1688,458.51,334.73,0.24,-3.71,Grey,4862.61
45,5,truck,OCCLUDED,18,26,0.711,194.47,191.85,-0.25,-0.36,Grey,12921.57
45,16,car,OCCLUDED,20,17,0.811,856.82,349.13,0.2,-0.44,Grey,8859.77
46,6,car,VISIBLE,45,0,0.7287,156.06,392.59,-0.29,-0.65,Grey,111530.95
46,2,car,VISIBLE,45,0,0.7484,650.34,444.52,-0.15,-0.23,Grey,143298.11
46,1,car,VISIBLE,45,0,0.8032,1156.99,422.54,0.23,-0.36,Grey,62443.05
46,8,truck,VISIBLE,45,0,0.2864,551.6,282.99,-0.19,-0.6,Grey,4084.2
46,3,car,VISIBLE,45,0,0.5719,895.22,371.88,0.25,-0.56,Grey,14630.97
46,4,car,VISIBLE,45,0,0.6508,1016.13,389.22,0.55,-0.57,Grey,34291.46
46,13,car,OUT_OF_BOUNDS,25,20,0.778,-34.16,514.1,-1.99,0.48,Grey,4493.18
46,11,person,VISIBLE,45,0,0.5476,724.48,341.69,-0.22,-0.38,Grey,4944.25
46,9,car,VISIBLE,45,0,0.6249,381.41,378.02,0.2,-0.52,Brown,28685.75
46,12,car,OUT_OF_BOUNDS,23,22,0.756,1306.25,574.85,1.53,2.78,Grey,4597.82
46,14,chair,VISIBLE,45,0,0.5099,580.0,343.61,-0.29,-0.61,Grey,2870.8
46,10,chair,VISIBLE,45,0,0.4107,647.25,352.93,-0.19,-0.67,Cyan,1483.63
46,7,person,VISIBLE,45,0,0.6223,146.97,285.16,-1.09,-0.86,Grey,3324.14
46,15,car,VISIBLE,42,0,0.1865,459.45,333.25,0.73,-2.14,Grey,4602.01
46,5,truck,OCCLUDED,18,27,0.7,194.22,191.49,-0.25,-0.36,Grey,12921.57
46,16,car,OCCLUDED,20,18,0.8,857.02,348.69,0.2,-0.44,Grey,8859.77
47,6,car,VISIBLE,46,0,0.7256,155.56,392.15,-0.44,-0.5,Grey,111526.15
47,2,car,VISIBLE,46,0,0.7409,650.45,444.4,0.04,-0.16,Grey,144347.94
47,1,car,VISIBLE,46,0,0.8027,1157.26,422.2,0.26,-0.34,Grey,62453.81
47,8,truck,VISIBLE,46,0,0.3209,551.53,282.48,-0.1,-0.54,Grey,4116.12
47,3,car,VISIBLE,46,0,0.5637,895.46,371.42,0.24,-0.49,Grey,14638.6
47,4,car,VISIBLE,46,0,0.6392,1016.69,388.65,0.55,-0.57,Grey,34416.22
47,13,car,OUT_OF_BOUNDS,25,21,0.767,-36.15,514.58,-1.99,0.48,Grey,4493.18
47,11,person,VISIBLE,46,0,0.5472,724.52,341.27,-0.03,-0.41,Grey,4916.62
47,9,car,VISIBLE,46,0,0.6316,382.46,377.46,0.79,-0.55,Orange,29256.25
47,12,car,OUT_OF_BOUNDS,23,23,0.744,1307.78,577.64,1.53,2.78,Grey,4597.82
47,14,chair,VISIBLE,46,0,0.5037,579.74,343.2,-0.27,-0.47,Grey,2866.59
47,10,chair,VISIBLE,46,0,0.425,647.13,352.18,-0.14,-0.73,Cyan,1473.73
47,7,person,VISIBLE,46,0,0.621,145.92,284.66,-1.07,-0.61,Grey,3289.08
47,15,car,VISIBLE,43,0,0.1906,459.77,332.69,0.45,-1.04,Grey,4582.45
47,5,truck,OCCLUDED,18,28,0.689,193.97,191.13,-0.25,-0.36,Grey,12921.57
47,16,car,OCCLUDED,20,19,0.789,857.22,348.25,0.2,-0.44,Grey,8859.77
48,6,car,VISIBLE,47,0,0.7286,155.15,391.84,-0.42,-0.37,Grey,111600.98
48,2,car,VISIBLE,47,0,0.7451,650.44,444.31,0.0,-0.11,Grey,145376.37
48,1,car,VISIBLE,47,0,0.8036,1157.6,421.9,0.32,-0.32,Grey,62418.51
48,8,truck,VISIBLE,47,0,0.3404,551.46,282.01,-0.08,-0.49,Grey,4122.76
48,3,car,VISIBLE,47,0,0.5686,895.76,371.08,0.28,-0.38,Grey,14731.72
48,4,car,VISIBLE,47,0,0.6389,1017.4,387.9,0.66,-0.69,Grey,34450.62
48,13,car,OUT_OF_BOUNDS,25,22,0.756,-38.14,515.05,-1.99,0.48,Grey,4493.18
48,11,person,VISIBLE,47,0,0.561,725.15,340.82,0.43,-0.44,Grey,4866.53
48,9,car,VISIBLE,47,0,0.6398,383.13,376.77,0.71,-0.64,Orange,29674.1
48,12,car,OUT_OF_BOUNDS,23,24,0.733,1309.31,580.42,1.53,2.78,Grey,4597.82
48,14,chair,VISIBLE,47,0,0.5105,579.5,342.78,-0.25,-0.43,Grey,2866.13
48,10,chair,VISIBLE,47,0,0.43,647.09,351.68,-0.07,-0.57,Cyan,1470.86
48,7,person,VISIBLE,47,0,0.5521,145.34,284.5,-0.73,-0.29,Grey,3219.35
48,15,car,VISIBLE,44,0,0.1922,459.1,333.93,-0.34,0.55,Grey,4927.35
48,5,truck,OCCLUDED,18,29,0.678,193.71,190.78,-0.25,-0.36,Grey,12921.57
48,16,car,OCCLUDED,20,20,0.778,857.42,347.81,0.2,-0.44,Grey,8859.77
49,6,car,VISIBLE,48,0,0.7499,154.68,391.55,-0.45,-0.31,Grey,111637.2
49,2,car,VISIBLE,48,0,0.7433,650.32,444.26,-0.09,-0.07,Grey,146391.13
49,1,car,VISIBLE,48,0,0.8012,1158.03,421.58,0.39,-0.32,Grey,62333.15
49,8,truck,VISIBLE,48,0,0.3431,551.44,281.55,-0.04,-0.47,Grey,4113.16
49,3,car,VISIBLE,48,0,0.5781,896.22,370.78,0.41,-0.32,Grey,14761.53
49,4,car,VISIBLE,48,0,0.6433,1018.05,387.44,0.65,-0.54,Grey,34554.96
49,13,car,OUT_OF_BOUNDS,25,23,0.744,-40.13,515.53,-1.99,0.48,Grey,4493.18
49,11,person,VISIBLE,48,0,0.5364,725.76,340.43,0.55,-0.4,Grey,4850.8
49,9,car,VISIBLE,48,0,0.6483,383.41,376.27,0.41,-0.55,Orange,29940.77
49,12,car,OUT_OF_BOUNDS,23,25,0.722,1310.84,583.2,1.53,2.78,Grey,4597.82
49,14,chair,VISIBLE,48,0,0.5166,579.22,342.39,-0.27,-0.4,Grey,2861.51
49,10,chair,VISIBLE,48,0,0.4455,647.11,351.47,-0.01,-0.31,Cyan,1493.71
49,7,person,VISIBLE,48,0,0.4529,144.32,284.53,-0.93,-0.07,Grey,3104.23
49,15,car,VISIBLE,45,0,0.2059,458.64,333.27,-0.42,-0.29,Grey,4990.17
49,5,truck,OCCLUDED,18,30,0.667,193.46,190.42,-0.25,-0.36,Grey,12921.57
49,16,car,OCCLUDED,20,21,0.767,857.62,347.37,0.2,-0.44,Grey,8859.77
50,6,car,VISIBLE,49,0,0.731,154.18,391.24,-0.49,-0.31,Grey,111615.15
50,2,car,VISIBLE,49,0,0.7456,649.9,444.29,-0.32,-0.0,Grey,147513.72
50,1,car,VISIBLE,49,0,0.798,1158.44,421.33,0.41,-0.27,Grey,62295.4
50,8,truck,VISIBLE,49,0,0.3171,551.39,281.01,-0.05,-0.52,Grey,4088.3
50,3,car,VISIBLE,49,0,0.5931,896.54,370.37,0.34,-0.39,Grey,14746.77
50,4,car,VISIBLE,49,0,0.6408,1018.55,386.76,0.55,-0.63,Grey,34540.26
50,13,car,OUT_OF_BOUNDS,25,24,0.733,-42.13,516.0,-1.99,0.48,Grey,4493.18
50,11,person,VISIBLE,49,0,0.5395,726.62,340.12,0.77,-0.34,Grey,4809.78
50,9,car,VISIBLE,49,0,0.6421,383.05,375.83,-0.13,-0.47,Orange,29946.67
50,12,car,OUT_OF_BOUNDS,23,26,0.711,1312.37,585.99,1.53,2.78,Grey,4597.82
50,14,chair,VISIBLE,49,0,0.5089,578.82,341.95,-0.36,-0.43,Grey,2837.6
50,10,chair,VISIBLE,49,0,0.4464,647.01,351.06,-0.07,-0.38,Cyan,1501.69
50,7,person,VISIBLE,49,0,0.5764,142.16,283.75,-1.79,-0.57,Grey,3331.15
50,15,car,VISIBLE,46,0,0.2228,459.03,332.15,0.15,-0.87,Grey,4835.17
50,5,truck,OCCLUDED,18,31,0.656,193.21,190.06,-0.25,-0.36,Grey,12921.57
50,16,car,OCCLUDED,20,22,0.756,857.82,346.94,0.2,-0.44,Grey,8859.77
51,6,car,VISIBLE,50,0,0.7349,153.7,390.91,-0.48,-0.32,Grey,111570.25
51,2,car,VISIBLE,50,0,0.7474,649.41,444.25,-0.44,-0.02,Grey,148638.0
51,1,car,VISIBLE,50,0,0.8017,1158.87,420.92,0.42,-0.36,Grey,62189.03
51,8,truck,VISIBLE,50,0,0.2947,551.38,280.2,-0.02,-0.72,Grey,4013.84
51,3,car,VISIBLE,50,0,0.5929,896.92,369.98,0.37,-0.39,Grey,14731.06
51,4,car,VISIBLE,50,0,0.6522,1019.07,386.04,0.52,-0.69,Grey,34568.85
51,13,car,OUT_OF_BOUNDS,25,25,0.722,-44.12,516.48,-1.99,0.48,Grey,4493.18
51,11,person,VISIBLE,50,0,0.5447,727.14,339.82,0.59,-0.31,Grey,4782.36
51,9,car,VISIBLE,50,0,0.6384,381.77,375.49,-0.93,-0.38,Orange,29810.84
51,12,car,OUT_OF_BOUNDS,23,27,0.7,1313.89,588.77,1.53,2.78,Grey,4597.82
51,14,chair,VISIBLE,50,0,0.4971,578.33,341.45,-0.45,-0.48,Grey,2829.98
51,10,chair,VISIBLE,50,0,0.4718,646.68,350.55,-0.25,-0.47,Cyan,1517.72
51,7,person,VISIBLE,50,0,0.5667,140.05,283.67,-2.02,-0.22,Grey,3283.28
51,15,car,VISIBLE,47,0,0.215,459.26,330.93,0.2,-1.11,Grey,4651.19
51,5,truck,OCCLUDED,18,32,0.644,192.95,189.71,-0.25,-0.36,Grey,12921.57
51,16,car,OCCLUDED,20,23,0.744,858.02,346.5,0.2,-0.44,Grey,8859.77
52,6,car,VISIBLE,51,0,0.7232,153.27,390.66,-0.44,-0.27,Grey,111531.64
52,2,car,VISIBLE,51,0,0.7463,649.02,444.14,-0.4,-0.08,Grey,149782.2
52,1,car,VISIBLE,51,0,0.7963,1159.26,420.58,0.4,-0.35,Grey,62142.47
52,8,truck,VISIBLE,51,0,0.2148,551.34,279.09,-0.03,-0.99,Grey,3893.47
52,3,car,VISIBLE,51,0,0.592,897.31,369.56,0.38,-0.4,Grey,14701.2
52,4,car,VISIBLE,51,0,0.6606,1019.61,385.64,0.54,-0.49,Grey,34761.53
52,13,car,OUT_OF_BOUNDS,25,26,0.711,-46.11,516.95,-1.99,0.48,Grey,4493.18
52,11,person,VISIBLE,51,0,0.509,727.2,339.31,0.22,-0.45,Grey,4795.35
52,9,car,VISIBLE,51,0,0.6285,379.71,375.1,-1.72,-0.39,Orange,29269.31
52,12,car,OUT_OF_BOUNDS,23,28,0.689,1315.42,591.56,1.53,2.78,Grey,4597.82
52,14,chair,VISIBLE,51,0,0.4783,577.84,341.11,-0.48,-0.38,Grey,2841.62
52,10,chair,VISIBLE,51,0,0.4933,646.46,350.0,-0.23,-0.53,Cyan,1528.77
52,7,person,VISIBLE,51,0,0.6234,138.19,283.03,-1.91,-0.52,Grey,3338.78
52,15,car,VISIBLE,48,0,0.2202,458.29,329.83,-0.62,-1.1,Grey,4650.69
52,5,truck,OCCLUDED,18,33,0.633,192.7,189.35,-0.25,-0.36,Grey,12921.57
52,16,car,OCCLUDED,20,24,0.733,858.22,346.06,0.2,-0.44,Grey,8859.77
53,6,car,VISIBLE,52,0,0.7444,152.81,390.33,-0.45,-0.32,Grey,111441.76
53,2,car,VISIBLE,52,0,0.7556,648.77,443.99,-0.3,-0.13,Grey,150822.61
53,1,car,VISIBLE,52,0,0.7941,1159.54,420.15,0.32,-0.4,Grey,62154.76
53,8,truck,VISIBLE,52,0,0.237,551.15,277.96,-0.14,-1.09,Grey,3763.16
53,3,car,VISIBLE,52,0,0.6019,897.58,369.09,0.31,-0.45,Grey,14631.08
53,4,car,VISIBLE,52,0,0.6646,1020.06,385.15,0.48,-0.49,Grey,34926.57
53,13,car,OUT_OF_BOUNDS,25,27,0.7,-48.1,517.43,-1.99,0.48,Grey,4493.18
53,11,person,VISIBLE,52,0,0.4935,726.72,338.71,-0.27,-0.56,Grey,4879.29
53,9,car,VISIBLE,52,0,0.6425,378.3,374.69,-1.5,-0.41,Orange,28985.06
53,12,car,OUT_OF_BOUNDS,23,29,0.678,1316.95,594.34,1.53,2.78,Grey,4597.82
53,14,chair,VISIBLE,52,0,0.4772,577.41,340.95,-0.44,-0.22,Grey,2892.48
53,10,chair,VISIBLE,52,0,0.507,646.28,349.63,-0.2,-0.41,Cyan,1568.74
53,7,person,VISIBLE,52,0,0.706,136.81,281.9,-1.54,-0.95,Grey,3416.57
53,15,car,VISIBLE,49,0,0.2373,457.38,328.96,-0.82,-0.94,Grey,4697.74
53,5,truck,OCCLUDED,18,34,0.622,192.45,188.99,-0.25,-0.36,Grey,12921.57
53,16,car,OCCLUDED,20,25,0.722,858.41,345.62,0.2,-0.44,Grey,8859.77
54,6,car,VISIBLE,53,0,0.7308,152.35,390.02,-0.45,-0.31,Grey,111309.66
54,2,car,VISIBLE,53,0,0.7593,648.61,443.76,-0.21,-0.2,Grey,151830.93
54,1,car,VISIBLE,53,0,0.7964,1159.74,419.72,0.24,-0.43,Grey,62251.09
54,8,truck,VISIBLE,53,0,0.2502,551.02,276.67,-0.13,-1.23,Grey,3644.34
54,3,car,VISIBLE,53,0,0.5981,898.18,368.54,0.52,-0.52,Grey,14580.78
54,4,car,VISIBLE,53,0,0.6691,1020.48,384.52,0.44,-0.59,Grey,35054.76
54,13,car,OUT_OF_BOUNDS,25,28,0.689,-50.09,517.91,-1.99,0.48,Grey,4493.18
54,11,person,VISIBLE,53,0,0.5178,725.62,337.99,-0.85,-0.67,Grey,5020.17
54,9,car,VISIBLE,53,0,0.6376,377.2,374.23,-1.23,-0.44,Brown,28924.14
54,12,car,OUT_OF_BOUNDS,23,30,0.667,1318.48,597.12,1.53,2.78,Grey,4597.82
54,14,chair,VISIBLE,53,0,0.4999,577.02,340.35,-0.41,-0.49,Grey,2935.27
54,10,chair,VISIBLE,53,0,0.4905,645.9,349.31,-0.32,-0.35,Cyan,1589.3
54,7,person,VISIBLE,53,0,0.7226,135.44,280.75,-1.41,-1.09,Grey,3505.6
54,15,car,VISIBLE,50,0,0.2091,456.52,327.87,-0.85,-1.05,Grey,4675.92
54,5,truck,OCCLUDED,18,35,0.611,192.19,188.64,-0.25,-0.36,Grey,12921.57
54,16,car,OCCLUDED,20,26,0.711,858.61,345.18,0.2,-0.44,Grey,8859.77
55,6,car,VISIBLE,54,0,0.7192,151.85,389.68,-0.49,-0.33,Grey,111134.24
55,2,car,VISIBLE,54,0,0.7221,648.76,443.53,0.05,-0.22,Grey,152651.82
55,1,car,VISIBLE,54,0,0.7941,1160.09,419.38,0.31,-0.36,Grey,62248.29
55,8,truck,VISIBLE,54,0,0.2699,550.97,275.38,-0.08,-1.27,Grey,3518.0
55,3,car,VISIBLE,54,0,0.607,898.87,368.11,0.63,-0.46,Grey,14576.56
55,4,car,VISIBLE,54,0,0.6721,1020.86,384.1,0.4,-0.47,Grey,35201.99
55,13,car,OUT_OF_BOUNDS,25,29,0.678,-52.08,518.38,-1.99,0.48,Grey,4493.18
55,11,person,VISIBLE,54,0,0.5258,724.64,337.23,-0.94,-0.74,Grey,5170.44
55,9,car,VISIBLE,54,0,0.6378,376.82,373.69,-0.63,-0.51,Brown,29096.61
55,12,car,OUT_OF_BOUNDS,23,31,0.656,1320.01,599.91,1.53,2.78,Grey,4597.82
55,14,chair,VISIBLE,54,0,0.5154,576.75,339.72,-0.31,-0.59,Grey,2967.34
55,10,chair,VISIBLE,54,0,0.503,645.67,349.04,-0.26,-0.29,Cyan,1616.42
55,7,person,VISIBLE,54,0,0.691,134.04,279.61,-1.41,-1.13,Grey,3607.86
55,15,car,VISIBLE,51,0,0.21,454.85,327.37,-1.43,-0.66,Grey,4881.77
55,5,truck,OCCLUDED,18,36,0.6,191.94,188.28,-0.25,-0.36,Grey,12921.57
55,16,car,OCCLUDED,20,27,0.7,858.81,344.74,0.2,-0.44,Grey,8859.77
56,6,car,VISIBLE,55,0,0.7402,151.27,389.4,-0.55,-0.29,Grey,110912.94
56,2,car,VISIBLE,55,0,0.7279,648.73,443.44,-0.01,-0.13,Grey,153420.87
56,1,car,VISIBLE,55,0,0.8004,1160.4,419.2,0.31,-0.23,Grey,62221.67
56,8,truck,VISIBLE,55,0,0.2195,550.87,274.37,-0.09,-1.09,Grey,3405.97
56,3,car,VISIBLE,55,0,0.6067,899.32,367.74,0.5,-0.4,Grey,14575.57
56,4,car,VISIBLE,55,0,0.677,1021.3,383.81,0.43,-0.34,Grey,35318.0
56,13,car,OUT_OF_BOUNDS,25,30,0.667,-54.07,518.86,-1.99,0.48,Grey,4493.18
56,11,person,VISIBLE,55,0,0.5507,724.29,336.54,-0.53,-0.7,Grey,5252.97
56,9,car,VISIBLE,55,0,0.6383,376.42,373.41,-0.47,-0.35,Orange,29261.53
56,12,car,OUT_OF_BOUNDS,23,32,0.644,1321.54,602.69,1.53,2.78,Grey,4597.82
56,14,chair,VISIBLE,55,0,0.5124,576.48,339.19,-0.28,-0.55,Grey,2998.03
56,10,chair,VISIBLE,55,0,0.5024,645.23,348.84,-0.39,-0.23,Cyan,1641.55
56,7,person,VISIBLE,55,0,0.6499,132.76,278.76,-1.32,-0.93,Grey,3622.11
56,15,car,VISIBLE,52,0,0.2108,453.65,326.65,-1.26,-0.7,Grey,4880.63
56,5,truck,OCCLUDED,18,37,0.589,191.69,187.92,-0.25,-0.36,Grey,12921.57
56,16,car,OCCLUDED,20,28,0.689,859.01,344.31,0.2,-0.44,Grey,8859.77
57,6,car,VISIBLE,56,0,0.7417,150.7,389.2,-0.57,-0.23,Grey,110770.1
57,2,car,VISIBLE,56,0,0.7317,648.75,443.36,0.01,-0.1,Grey,154299.53
57,1,car,VISIBLE,56,0,0.7987,1160.66,419.03,0.28,-0.19,Grey,62281.31
57,8,truck,VISIBLE,56,0,0.1723,550.77,273.69,-0.09,-0.81,Grey,3323.83
57,3,car,VISIBLE,56,0,0.5978,899.75,367.46,0.46,-0.31,Grey,14521.92
57,4,car,VISIBLE,56,0,0.6779,1021.75,383.57,0.44,-0.27,Grey,35483.32
57,13,car,OUT_OF_BOUNDS,25,31,0.656,-56.06,519.33,-1.99,0.48,Grey,4493.18
57,11,person,VISIBLE,56,0,0.5421,724.08,336.04,-0.3,-0.56,Grey,5303.18
57,9,car,VISIBLE,56,0,0.623,376.05,373.24,-0.4,-0.23,Orange,29427.64
57,12,car,OUT_OF_BOUNDS,23,33,0.633,1323.07,605.47,1.53,2.78,Grey,4597.82
57,14,chair,VISIBLE,56,0,0.4805,576.17,338.83,-0.3,-0.42,Grey,3021.92
57,10,chair,VISIBLE,56,0,0.5171,644.97,348.69,-0.3,-0.17,Cyan,1643.22
57,7,person,VISIBLE,56,0,0.6788,131.78,278.19,-1.08,-0.68,Grey,3585.88
57,15,car,VISIBLE,53,0,0.2146,453.01,326.04,-0.83,-0.64,Grey,4857.57
57,5,truck,OCCLUDED,18,38,0.578,191.43,187.57,-0.25,-0.36,Grey,12921.57
57,16,car,OCCLUDED,20,29,0.678,859.21,343.87,0.2,-0.44,Grey,8859.77
58,6,car,VISIBLE,57,0,0.7281,150.19,389.06,-0.53,-0.17,Grey,110729.4
58,2,car,VISIBLE,57,0,0.7281,648.7,443.22,-0.03,-0.12,Grey,155138.11
58,1,car,VISIBLE,57,0,0.812,1160.99,418.95,0.31,-0.12,Grey,62219.71
58,8,truck,VISIBLE,57,0,0.1575,550.62,273.21,-0.14,-0.57,Grey,3264.03
58,3,car,VISIBLE,57,0,0.5851,900.34,367.18,0.55,-0.29,Grey,14519.45
58,4,car,VISIBLE,57,0,0.6772,1022.2,383.25,0.45,-0.31,Grey,35647.29
58,13,car,OUT_OF_BOUNDS,25,32,0.644,-58.05,519.81,-1.99,0.48,Grey,4493.18
58,11,person,VISIBLE,57,0,0.5313,723.89,335.64,-0.22,-0.45,Grey,5332.43
58,9,car,VISIBLE,57,0,0.6194,375.38,373.1,-0.59,-0.17,Orange,29479.96
58,12,car,OUT_OF_BOUNDS,23,34,0.622,1324.6,608.26,1.53,2.78,Grey,4597.82
58,14,chair,VISIBLE,57,0,0.5074,575.84,338.38,-0.33,-0.44,Grey,3049.8
58,10,chair,VISIBLE,57,0,0.5165,644.8,348.46,-0.21,-0.22,Cyan,1623.69
58,7,person,VISIBLE,57,0,0.6715,130.94,277.74,-0.91,-0.53,Grey,3535.72
58,15,car,VISIBLE,54,0,0.1974,452.89,325.55,-0.33,-0.54,Grey,4807.16
58,5,truck,OCCLUDED,18,39,0.567,191.18,187.21,-0.25,-0.36,Grey,12921.57
58,16,car,OCCLUDED,20,30,0.667,859.41,343.43,0.2,-0.44,Grey,8859.77
59,6,car,VISIBLE,58,0,0.7257,149.64,388.92,-0.54,-0.15,Grey,110648.22
59,2,car,VISIBLE,58,0,0.7254,648.63,443.12,-0.06,-0.11,Grey,155895.41
59,1,car,VISIBLE,58,0,0.816,1161.39,418.91,0.37,-0.06,Grey,62104.44
59,8,truck,VISIBLE,58,0,0.1802,550.48,272.93,-0.14,-0.37,Grey,3245.22
59,3,car,VISIBLE,58,0,0.5742,900.92,366.89,0.57,-0.28,Grey,14592.83
59,4,car,VISIBLE,58,0,0.6726,1022.79,383.1,0.55,-0.2,Grey,35836.6
59,13,car,OUT_OF_BOUNDS,25,33,0.633,-60.04,520.28,-1.99,0.48,Grey,4493.18
59,11,person,VISIBLE,58,0,0.5462,723.7,335.35,-0.2,-0.34,Grey,5375.61
59,9,car,VISIBLE,58,0,0.6212,374.59,372.91,-0.73,-0.18,Brown,29645.36
59,12,car,OUT_OF_BOUNDS,23,35,0.611,1326.13,611.04,1.53,2.78,Grey,4597.82
59,14,chair,VISIBLE,58,0,0.5197,575.56,338.08,-0.29,-0.34,Grey,3072.25
59,10,chair,VISIBLE,58,0,0.5143,644.87,348.21,-0.01,-0.24,Cyan,1615.86
59,7,person,VISIBLE,58,0,0.6246,129.84,277.18,-1.04,-0.55,Grey,3544.46
59,15,car,VISIBLE,55,0,0.1819,453.02,325.46,-0.01,-0.23,Grey,4788.89
59,5,truck,OCCLUDED,18,40,0.556,190.93,186.85,-0.25,-0.36,Grey,12921.57
59,16,car,OCCLUDED,20,31,0.656,859.61,342.99,0.2,-0.44,Grey,8859.77
60,6,car,VISIBLE,59,0,0.6028,192.57,356.89,29.89,-22.46,Grey,174617.12
60,2,car,VISIBLE,59,0,0.7254,648.56,442.99,-0.07,-0.12,Pink,156764.96
60,1,car,VISIBLE,59,0,0.816,1161.72,418.73,0.34,-0.14,Red,62064.81
60,8,truck,VISIBLE,59,0,0.1802,550.36,272.25,-0.12,-0.59,Grey,3178.51
60,3,car,VISIBLE,59,0,0.5742,901.43,366.56,0.53,-0.32,Red,14596.95
60,4,car,VISIBLE,59,0,0.6726,1023.28,382.77,0.51,-0.28,Yellow,35992.25
60,13,car,OUT_OF_BOUNDS,25,34,0.622,-62.03,520.76,-1.99,0.48,Grey,4493.18
60,11,person,VISIBLE,59,0,0.5462,723.42,334.87,-0.26,-0.44,Grey,5431.88
60,9,car,VISIBLE,59,0,0.6212,373.91,372.64,-0.7,-0.24,Grey,29732.9
60,12,car,OUT_OF_BOUNDS,23,36,0.6,1327.65,613.82,1.53,2.78,Grey,4597.82
60,14,chair,VISIBLE,59,0,0.5197,575.24,337.66,-0.31,-0.4,White,3097.46
60,10,chair,VISIBLE,59,0,0.5143,644.71,347.94,-0.12,-0.26,White,1618.98
60,7,person,VISIBLE,59,0,0.6246,128.69,276.52,-1.12,-0.63,Grey,3551.8
60,15,car,VISIBLE,56,0,0.1819,452.58,324.9,-0.31,-0.46,White,4775.32
60,5,truck,OCCLUDED,18,41,0.544,190.67,186.5,-0.25,-0.36,Grey,12921.57
60,16,car,OCCLUDED,20,32,0.644,859.81,342.55,0.2,-0.44,Grey,8859.77
61,6,car,VISIBLE,60,0,0.5969,222.85,334.19,30.16,-22.63,Grey,228027.05
61,2,car,VISIBLE,60,0,0.7254,648.49,442.87,-0.07,-0.12,Red,157636.87
61,1,car,VISIBLE,60,0,0.816,1162.05,418.55,0.34,-0.17,Red,62024.42
61,8,truck,VISIBLE,60,0,0.1802,550.25,271.57,-0.12,-0.65,Grey,3112.04
61,3,car,VISIBLE,60,0,0.5742,901.94,366.22,0.52,-0.33,Red,14600.85
61,4,car,VISIBLE,60,0,0.6726,1023.77,382.45,0.5,-0.31,Orange,36148.23
61,13,car,OUT_OF_BOUNDS,25,35,0.611,-64.02,521.24,-1.99,0.48,Grey,4493.18
61,11,person,VISIBLE,60,0,0.5462,723.15,334.39,-0.27,-0.47,Grey,5488.38
61,9,car,VISIBLE,60,0,0.6212,373.24,372.38,-0.68,-0.26,Grey,29820.54
61,12,car,OUT_OF_BOUNDS,23,37,0.589,1329.18,616.61,1.53,2.78,Grey,4597.82
61,14,chair,VISIBLE,60,0,0.5197,574.92,337.25,-0.31,-0.41,White,3122.74
61,10,chair,VISIBLE,60,0,0.5143,644.55,347.67,-0.15,-0.26,White,1622.1
61,7,person,VISIBLE,60,0,0.6246,127.52,275.86,-1.15,-0.65,Grey,3559.09
61,15,car,VISIBLE,57,0,0.1819,452.14,324.35,-0.4,-0.52,White,4761.68
61,5,truck,OCCLUDED,18,42,0.533,190.42,186.14,-0.25,-0.36,Grey,12921.57
61,16,car,OCCLUDED,20,33,0.633,860.0,342.11,0.2,-0.44,Grey,8859.77
61,18,car,VISIBLE,1,0,0.6235,725.54,421.45,0.0,0.0,Cyan,625784.03
61,21,car,VISIBLE,1,0,0.5128,1214.64,281.88,0.0,0.0,Grey,35911.65
61,22,car,VISIBLE,1,0,0.4831,561.78,199.44,0.0,0.0,Grey,32594.05
61,19,person,VISIBLE,1,0,0.382,441.19,56.14,0.0,0.0,Grey,3128.68
61,20,car,VISIBLE,1,0,0.3455,1114.07,165.56,0.0,0.0,Grey,32443.76
61,23,chair,VISIBLE,1,0,0.2694,847.7,276.88,0.0,0.0,Cyan,7368.69
62,6,car,VISIBLE,61,0,0.6068,242.56,319.56,22.85,-17.03,Grey,266491.14
62,2,car,VISIBLE,61,0,0.7254,648.41,442.75,-0.07,-0.12,Pink,158511.13
62,1,car,VISIBLE,61,0,0.816,1162.38,418.38,0.33,-0.17,Red,61983.28
62,8,truck,VISIBLE,61,0,0.1802,550.13,270.89,-0.12,-0.67,Grey,3045.79
62,3,car,VISIBLE,61,0,0.5742,902.46,365.88,0.52,-0.33,Red,14604.53
62,4,car,VISIBLE,61,0,0.6726,1024.27,382.13,0.5,-0.32,Red,36304.55
62,13,car,OUT_OF_BOUNDS,25,36,0.6,-66.02,521.71,-1.99,0.48,Grey,4493.18
62,11,person,VISIBLE,61,0,0.5462,722.87,333.92,-0.28,-0.47,Grey,5545.1
62,9,car,VISIBLE,61,0,0.6212,372.56,372.11,-0.68,-0.26,Grey,29908.3
62,12,car,OUT_OF_BOUNDS,23,38,0.578,1330.71,619.39,1.53,2.78,Grey,4597.82
62,14,chair,VISIBLE,61,0,0.5197,574.6,336.83,-0.32,-0.41,White,3148.1
62,10,chair,VISIBLE,61,0,0.5143,644.38,347.4,-0.16,-0.27,White,1625.21
62,7,person,VISIBLE,61,0,0.6246,126.36,275.2,-1.16,-0.66,Grey,3566.32
62,15,car,VISIBLE,58,0,0.1819,451.69,323.79,-0.43,-0.55,White,4747.99
62,5,truck,OCCLUDED,18,43,0.522,190.17,185.78,-0.25,-0.36,Grey,12921.57
62,16,car,OCCLUDED,20,34,0.622,860.2,341.67,0.2,-0.44,Grey,8859.77
62,18,car,VISIBLE,2,0,0.6229,722.21,421.54,-3.33,0.09,Cyan,628023.65
62,21,car,VISIBLE,2,0,0.5185,1213.65,283.38,-0.99,1.5,Grey,36894.42
62,22,car,VISIBLE,2,0,0.4833,562.02,197.52,0.25,-1.92,Grey,31524.01
62,19,person,VISIBLE,2,0,0.3574,441.12,56.18,-0.06,0.04,Grey,3155.96
62,20,car,VISIBLE,2,0,0.3333,1114.01,166.12,-0.05,0.56,Grey,32688.01
62,23,chair,VISIBLE,2,0,0.2927,845.28,277.04,-2.41,0.16,Cyan,7274.66
63,6,car,VISIBLE,62,0,0.6037,254.09,311.03,14.93,-11.08,Grey,290201.82
63,2,car,VISIBLE,62,0,0.7254,648.35,442.63,-0.07,-0.12,Red,159387.75
63,1,car,VISIBLE,62,0,0.816,1162.72,418.21,0.33,-0.17,Red,61941.38
63,8,truck,VISIBLE,62,0,0.1802,550.01,270.21,-0.12,-0.68,Grey,2979.78
63,3,car,VISIBLE,62,0,0.5742,902.97,365.55,0.51,-0.34,Red,14607.99
63,4,car,VISIBLE,62,0,0.6726,1024.76,381.81,0.49,-0.32,Red,36461.21
63,13,car,OUT_OF_BOUNDS,25,37,0.589,-68.01,522.19,-1.99,0.48,Grey,4493.18
63,11,person,VISIBLE,62,0,0.5462,722.6,333.44,-0.27,-0.47,Grey,5602.03
63,9,car,VISIBLE,62,0,0.6212,371.88,371.85,-0.68,-0.26,Grey,29996.17
63,12,car,OUT_OF_BOUNDS,23,39,0.567,1332.24,622.17,1.53,2.78,Grey,4597.82
63,14,chair,VISIBLE,62,0,0.5197,574.28,336.42,-0.32,-0.41,White,3173.53
63,10,chair,VISIBLE,62,0,0.5143,644.22,347.13,-0.16,-0.27,White,1628.33
63,7,person,VISIBLE,62,0,0.6246,125.19,274.54,-1.16,-0.66,Grey,3573.51
63,15,car,VISIBLE,59,0,0.1819,451.25,323.24,-0.44,-0.55,White,4734.23
63,5,truck,OCCLUDED,18,44,0.511,189.91,185.43,-0.25,-0.36,Grey,12921.57
63,16,car,OCCLUDED,20,35,0.611,860.4,341.24,0.2,-0.44,Grey,8859.77
63,18,car,VISIBLE,3,0,0.6204,718.35,421.38,-3.7,-0.08,Cyan,630679.76
63,21,car,VISIBLE,3,0,0.5256,1211.99,284.96,-1.46,1.56,Grey,38297.51
63,22,car,VISIBLE,3,0,0.4724,562.22,196.09,0.21,-1.58,Grey,30728.49
63,19,person,VISIBLE,3,0,0.354,441.12,56.15,-0.02,-0.01,Grey,3211.85
63,20,car,VISIBLE,3,0,0.3287,1113.99,166.28,-0.03,0.28,Grey,32736.31
63,23,chair,VISIBLE,3,0,0.2866,841.91,277.41,-3.09,0.31,Cyan,7288.29
64,6,car,VISIBLE,63,0,0.6102,259.73,306.93,8.42,-6.2,Grey,301992.05
64,2,car,VISIBLE,63,0,0.7254,648.27,442.5,-0.07,-0.12,Purple,160266.72
64,1,car,VISIBLE,63,0,0.816,1163.05,418.02,0.33,-0.18,Red,61898.72
64,8,truck,VISIBLE,63,0,0.1802,549.89,269.54,-0.12,-0.68,Grey,2913.99
64,3,car,VISIBLE,63,0,0.5742,903.48,365.21,0.51,-0.34,Pink,14611.23
64,4,car,VISIBLE,63,0,0.6726,1025.26,381.49,0.5,-0.32,Red,36618.2
64,13,car,OUT_OF_BOUNDS,25,38,0.578,-70.0,522.66,-1.99,0.48,Grey,4493.18
64,11,person,VISIBLE,63,0,0.5462,722.32,332.97,-0.28,-0.47,Grey,5659.19
64,9,car,VISIBLE,63,0,0.6212,371.21,371.57,-0.67,-0.27,Grey,30084.14
64,12,car,OUT_OF_BOUNDS,23,40,0.556,1333.77,624.96,1.53,2.78,Grey,4597.82
64,14,chair,VISIBLE,63,0,0.5197,573.95,336.0,-0.32,-0.41,White,3199.04
64,10,chair,VISIBLE,63,0,0.5143,644.06,346.87,-0.16,-0.27,White,1631.45
64,7,person,VISIBLE,63,0,0.6246,124.03,273.88,-1.16,-0.66,Grey,3580.65
64,15,car,VISIBLE,60,0,0.1819,450.81,322.69,-0.44,-0.55,White,4720.41
64,5,truck,OCCLUDED,18,45,0.5,189.66,185.07,-0.25,-0.36,Grey,12921.57
64,16,car,OCCLUDED,20,36,0.6,860.6,340.8,0.2,-0.44,Grey,8859.77
64,18,car,VISIBLE,4,0,0.6288,713.63,421.46,-4.41,0.03,Cyan,633451.52
64,21,car,VISIBLE,4,0,0.5358,1210.58,286.26,-1.43,1.38,Grey,39423.64
64,22,car,VISIBLE,4,0,0.4602,562.34,194.38,0.15,-1.67,Grey,29817.82
64,19,person,VISIBLE,4,0,0.3532,441.98,56.53,0.59,0.26,Grey,3221.47
64,20,car,VISIBLE,4,0,0.3457,1113.95,166.53,-0.03,0.26,Grey,32851.97
64,23,chair,VISIBLE,4,0,0.2878,837.84,277.12,-3.78,-0.11,Cyan,7183.68
65,6,car,VISIBLE,64,0,0.6165,261.53,305.78,3.79,-2.66,Grey,305526.71
65,2,car,OCCLUDED,63,1,0.989,648.2,442.38,-0.07,-0.12,Purple,160266.72
65,1,car,OCCLUDED,63,1,0.989,1163.38,417.84,0.33,-0.18,Red,61898.72
65,8,truck,OCCLUDED,63,1,0.989,549.78,268.86,-0.12,-0.68,Grey,2913.99
65,3,car,OCCLUDED,63,1,0.989,903.99,364.87,0.51,-0.34,Pink,14611.23
65,4,car,OCCLUDED,63,1,0.989,1025.76,381.16,0.5,-0.32,Red,36618.2
65,13,car,OUT_OF_BOUNDS,25,39,0.567,-71.99,523.14,-1.99,0.48,Grey,4493.18
65,11,person,OCCLUDED,63,1,0.989,722.04,332.5,-0.28,-0.47,Grey,5659.19
65,9,car,OCCLUDED,63,1,0.989,370.54,371.3,-0.67,-0.27,Grey,30084.14
65,12,car,OUT_OF_BOUNDS,23,41,0.544,1335.3,627.74,1.53,2.78,Grey,4597.82
65,14,chair,OCCLUDED,63,1,0.989,573.63,335.59,-0.32,-0.41,White,3199.04
65,10,chair,OCCLUDED,63,1,0.989,643.9,346.6,-0.16,-0.27,White,1631.45
65,7,person,OCCLUDED,63,1,0.989,122.87,273.22,-1.16,-0.66,Grey,3580.65
65,15,car,OCCLUDED,60,1,0.989,450.37,322.14,-0.44,-0.55,White,4720.41
65,5,truck,OCCLUDED,18,46,0.489,189.41,184.71,-0.25,-0.36,Grey,12921.57
65,16,car,OCCLUDED,20,37,0.589,860.8,340.36,0.2,-0.44,Grey,8859.77
65,18,car,VISIBLE,5,0,0.6331,709.19,420.46,-4.43,-0.69,Cyan,637830.39
65,21,car,VISIBLE,5,0,0.546,1208.99,288.15,-1.54,1.74,Grey,40881.74
65,22,car,VISIBLE,5,0,0.4452,562.62,191.94,0.24,-2.2,Grey,28676.1
65,19,person,VISIBLE,5,0,0.3649,441.55,56.66,-0.12,0.17,Grey,3370.91
65,20,car,VISIBLE,5,0,0.3277,1114.23,166.43,0.18,0.01,Grey,32834.8
65,23,chair,VISIBLE,5,0,0.3592,833.16,277.2,-4.41,0.02,Cyan,7285.16
66,6,car,VISIBLE,65,0,0.6309,260.94,306.45,0.72,-0.33,Grey,303976.84
66,2,car,OCCLUDED,63,2,0.978,648.13,442.26,-0.07,-0.12,Purple,160266.72
66,1,car,OCCLUDED,63,2,0.978,1163.71,417.66,0.33,-0.18,Red,61898.72
66,8,truck,OCCLUDED,63,2,0.978,549.66,268.19,-0.12,-0.68,Grey,2913.99
66,3,car,OCCLUDED,63,2,0.978,904.5,364.53,0.51,-0.34,Pink,14611.23
66,4,car,OCCLUDED,63,2,0.978,1026.25,380.84,0.5,-0.32,Red,36618.2
66,13,car,OUT_OF_BOUNDS,25,40,0.556,-73.98,523.61,-1.99,0.48,Grey,4493.18
66,11,person,OCCLUDED,63,2,0.978,721.76,332.02,-0.28,-0.47,Grey,5659.19
66,9,car,OCCLUDED,63,2,0.978,369.86,371.03,-0.67,-0.27,Grey,30084.14
66,12,car,OUT_OF_BOUNDS,23,42,0.533,1336.83,630.52,1.53,2.78,Grey,4597.82
66,14,chair,OCCLUDED,63,2,0.978,573.31,335.17,-0.32,-0.41,White,3199.04
66,10,chair,OCCLUDED,63,2,0.978,643.74,346.33,-0.16,-0.27,White,1631.45
66,7,person,OCCLUDED,63,2,0.978,121.7,272.56,-1.16,-0.66,Grey,3580.65
66,15,car,OCCLUDED,60,2,0.978,449.93,321.59,-0.44,-0.55,White,4720.41
66,5,truck,OCCLUDED,18,47,0.478,189.15,184.36,-0.25,-0.36,Grey,12921.57
66,16,car,OCCLUDED,20,38,0.578,861.0,339.92,0.2,-0.44,Grey,8859.77
66,18,car,VISIBLE,6,0,0.6369,704.61,420.12,-4.54,-0.45,Cyan,641545.68
66,21,car,VISIBLE,6,0,0.5454,1209.37,289.16,-0.19,1.23,Grey,40942.41
66,22,car,VISIBLE,6,0,0.4347,562.67,189.28,0.11,-2.52,Grey,27441.47
66,19,person,VISIBLE,6,0,0.4007,441.12,56.89,-0.34,0.22,Grey,3540.06
66,20,car,VISIBLE,6,0,0.315,1114.62,167.78,0.32,0.95,Grey,33397.98
66,23,chair,VISIBLE,6,0,0.3597,827.75,277.64,-5.11,0.31,Cyan,7534.64
67,6,car,VISIBLE,66,0,0.6243,259.12,308.0,-1.05,0.99,Grey,299752.4
67,2,car,OCCLUDED,63,3,0.967,648.06,442.13,-0.07,-0.12,Purple,160266.72
67,1,car,OCCLUDED,63,3,0.967,1164.04,417.47,0.33,-0.18,Red,61898.72
67,8,truck,OCCLUDED,63,3,0.967,549.55,267.51,-0.12,-0.68,Grey,2913.99
67,3,car,OCCLUDED,63,3,0.967,905.01,364.19,0.51,-0.34,Pink,14611.23
67,4,car,OCCLUDED,63,3,0.967,1026.75,380.52,0.5,-0.32,Red,36618.2
67,13,car,OUT_OF_BOUNDS,25,41,0.544,-75.97,524.09,-1.99,0.48,Grey,4493.18
67,11,person,OCCLUDED,63,3,0.967,721.49,331.55,-0.28,-0.47,Grey,5659.19
67,9,car,OCCLUDED,63,3,0.967,369.19,370.75,-0.67,-0.27,Grey,30084.14
67,12,car,OUT_OF_BOUNDS,23,43,0.522,1338.36,633.31,1.53,2.78,Grey,4597.82
67,14,chair,OCCLUDED,63,3,0.967,572.99,334.76,-0.32,-0.41,White,3199.04
67,10,chair,OCCLUDED,63,3,0.967,643.58,346.06,-0.16,-0.27,White,1631.45
67,7,person,OCCLUDED,63,3,0.967,120.54,271.9,-1.16,-0.66,Grey,3580.65
67,15,car,OCCLUDED,60,3,0.967,449.49,321.04,-0.44,-0.55,White,4720.41
67,5,truck,OCCLUDED,18,48,0.467,188.9,184.0,-0.25,-0.36,Grey,12921.57
67,16,car,OCCLUDED,20,39,0.567,861.2,339.48,0.2,-0.44,Grey,8859.77
67,18,car,VISIBLE,7,0,0.6241,699.41,420.8,-5.0,0.34,Cyan,644073.96
67,21,car,VISIBLE,7,0,0.5505,1209.53,290.06,0.05,1.0,Grey,41179.42
67,22,car,VISIBLE,7,0,0.4065,562.65,185.41,0.02,-3.47,Grey,25638.61
67,19,person,VISIBLE,7,0,0.4024,440.94,56.95,-0.22,0.1,Grey,3632.19
67,20,car,VISIBLE,7,0,0.3117,1114.87,168.68,0.28,0.91,Grey,33726.08
67,23,chair,VISIBLE,7,0,0.3573,822.35,278.26,-5.32,0.53,Cyan,7792.35
68,6,car,VISIBLE,67,0,0.6389,257.01,309.93,-1.79,1.65,Grey,294492.51
68,2,car,OCCLUDED,63,4,0.956,647.99,442.01,-0.07,-0.12,Purple,160266.72
68,1,car,OCCLUDED,63,4,0.956,1164.37,417.29,0.33,-0.18,Red,61898.72
68,8,truck,OCCLUDED,63,4,0.956,549.43,266.84,-0.12,-0.68,Grey,2913.99
68,3,car,OCCLUDED,63,4,0.956,905.52,363.85,0.51,-0.34,Pink,14611.23
68,4,car,OCCLUDED,63,4,0.956,1027.25,380.19,0.5,-0.32,Red,36618.2
68,13,car,OUT_OF_BOUNDS,25,42,0.533,-77.96,524.57,-1.99,0.48,Grey,4493.18
68,11,person,OCCLUDED,63,4,0.956,721.21,331.07,-0.28,-0.47,Grey,5659.19
68,9,car,OCCLUDED,63,4,0.956,368.52,370.48,-0.67,-0.27,Grey,30084.14
68,12,car,OUT_OF_BOUNDS,23,44,0.511,1339.89,636.09,1.53,2.78,Grey,4597.82
68,14,chair,OCCLUDED,63,4,0.956,572.66,334.34,-0.32,-0.41,White,3199.04
68,10,chair,OCCLUDED,63,4,0.956,643.42,345.79,-0.16,-0.27,White,1631.45
68,7,person,OCCLUDED,63,4,0.956,119.38,271.24,-1.16,-0.66,Grey,3580.65
68,15,car,OCCLUDED,60,4,0.956,449.05,320.49,-0.44,-0.55,White,4720.41
68,5,truck,OCCLUDED,18,49,0.456,188.65,183.64,-0.25,-0.36,Grey,12921.57
68,16,car,OCCLUDED,20,40,0.556,861.4,339.04,0.2,-0.44,Grey,8859.77
68,18,car,VISIBLE,8,0,0.6303,694.32,421.32,-5.07,0.47,Cyan,647146.96
68,21,car,VISIBLE,8,0,0.5586,1209.12,290.87,-0.27,0.86,Grey,41817.74
68,22,car,VISIBLE,8,0,0.4072,562.73,181.58,0.06,-3.72,Grey,23913.23
68,19,person,VISIBLE,8,0,0.4048,440.94,56.95,-0.07,0.03,Grey,3696.91
68,20,car,VISIBLE,8,0,0.3359,1114.97,168.95,0.15,0.47,Grey,33736.1
68,23,chair,VISIBLE,8,0,0.3003,817.62,278.63,-4.91,0.41,Cyan,7916.54
69,6,car,VISIBLE,68,0,0.646,254.8,311.75,-2.09,1.77,Grey,289284.7
69,2,car,OCCLUDED,63,5,0.944,647.92,441.89,-0.07,-0.12,Purple,160266.72
69,1,car,OCCLUDED,63,5,0.944,1164.71,417.11,0.33,-0.18,Red,61898.72
69,8,truck,OCCLUDED,63,5,0.944,549.31,266.16,-0.12,-0.68,Grey,2913.99
69,3,car,OCCLUDED,63,5,0.944,906.03,363.51,0.51,-0.34,Pink,14611.23
69,4,car,OCCLUDED,63,5,0.944,1027.75,379.87,0.5,-0.32,Red,36618.2
69,13,car,OUT_OF_BOUNDS,25,43,0.522,-79.95,525.04,-1.99,0.48,Grey,4493.18
69,11,person,OCCLUDED,63,5,0.944,720.93,330.6,-0.28,-0.47,Grey,5659.19
69,9,car,OCCLUDED,63,5,0.944,367.85,370.21,-0.67,-0.27,Grey,30084.14
69,12,car,OUT_OF_BOUNDS,23,45,0.5,1341.41,638.87,1.53,2.78,Grey,4597.82
69,14,chair,OCCLUDED,63,5,0.944,572.34,333.93,-0.32,-0.41,White,3199.04
69,10,chair,OCCLUDED,63,5,0.944,643.26,345.52,-0.16,-0.27,White,1631.45
69,7,person,OCCLUDED,63,5,0.944,118.21,270.58,-1.16,-0.66,Grey,3580.65
69,15,car,OCCLUDED,60,5,0.944,448.61,319.94,-0.44,-0.55,White,4720.41
69,5,truck,OCCLUDED,18,50,0.444,188.39,183.29,-0.25,-0.36,Grey,12921.57
69,16,car,OCCLUDED,20,41,0.544,861.6,338.61,0.2,-0.44,Grey,8859.77
69,18,car,VISIBLE,9,0,0.6332,688.81,421.41,-5.38,0.2,Cyan,651097.85
69,21,car,VISIBLE,9,0,0.551,1208.12,290.93,-0.79,0.31,Grey,42723.37
69,22,car,VISIBLE,9,0,0.4104,562.73,178.13,0.01,-3.53,Grey,22339.35
69,19,person,VISIBLE,9,0,0.4066,441.13,56.85,0.12,-0.06,Grey,3696.11
69,20,car,VISIBLE,9,0,0.3105,1115.29,169.25,0.27,0.35,Grey,33777.36
69,23,chair,VISIBLE,9,0,0.2834,813.42,279.0,-4.41,0.39,Cyan,8033.24
70,6,car,VISIBLE,69,0,0.6562,252.84,313.5,-1.99,1.75,Grey,285005.82
70,2,car,OCCLUDED,63,6,0.933,647.85,441.76,-0.07,-0.12,Purple,160266.72
70,1,car,OCCLUDED,63,6,0.933,1165.04,416.93,0.33,-0.18,Red,61898.72
70,8,truck,OCCLUDED,63,6,0.933,549.2,265.49,-0.12,-0.68,Grey,2913.99
70,3,car,OCCLUDED,63,6,0.933,906.54,363.17,0.51,-0.34,Pink,14611.23
70,4,car,OCCLUDED,63,6,0.933,1028.24,379.55,0.5,-0.32,Red,36618.2
70,13,car,OUT_OF_BOUNDS,25,44,0.511,-81.94,525.52,-1.99,0.48,Grey,4493.18
70,11,person,OCCLUDED,63,6,0.933,720.65,330.12,-0.28,-0.47,Grey,5659.19
70,9,car,OCCLUDED,63,6,0.933,367.17,369.94,-0.67,-0.27,Grey,30084.14
70,12,car,OUT_OF_BOUNDS,23,46,0.489,1342.94,641.66,1.53,2.78,Grey,4597.82
70,14,chair,OCCLUDED,63,6,0.933,572.02,333.51,-0.32,-0.41,White,3199.04
70,10,chair,OCCLUDED,63,6,0.933,643.1,345.25,-0.16,-0.27,White,1631.45
70,7,person,OCCLUDED,63,6,0.933,117.05,269.92,-1.16,-0.66,Grey,3580.65
70,15,car,OCCLUDED,60,6,0.933,448.17,319.39,-0.44,-0.55,White,4720.41
70,5,truck,OCCLUDED,18,51,0.433,188.14,182.93,-0.25,-0.36,Grey,12921.57
70,16,car,OCCLUDED,20,42,0.533,861.79,338.17,0.2,-0.44,Grey,8859.77
70,18,car,VISIBLE,10,0,0.6404,682.7,421.47,-5.89,0.1,Cyan,655321.29
70,21,car,VISIBLE,10,0,0.5554,1206.94,291.09,-1.06,0.2,Grey,43761.06
70,22,car,VISIBLE,10,0,0.3893,562.59,175.28,-0.09,-3.05,Grey,20989.86
70,19,person,VISIBLE,10,0,0.4092,441.22,56.76,0.1,-0.08,Grey,3661.04
70,20,car,VISIBLE,10,0,0.3112,1115.49,169.73,0.22,0.43,Grey,33960.86
70,23,chair,VISIBLE,10,0,0.2595,808.16,279.68,-5.0,0.59,Cyan,8270.7
71,6,car,VISIBLE,70,0,0.6511,251.19,315.06,-1.76,1.62,Grey,281660.92
71,2,car,OCCLUDED,63,7,0.922,647.78,441.64,-0.07,-0.12,Purple,160266.72
71,1,car,OCCLUDED,63,7,0.922,1165.37,416.75,0.33,-0.18,Red,61898.72
71,8,truck,OCCLUDED,63,7,0.922,549.08,264.81,-0.12,-0.68,Grey,2913.99
71,3,car,OCCLUDED,63,7,0.922,907.06,362.83,0.51,-0.34,Pink,14611.23
71,4,car,OCCLUDED,63,7,0.922,1028.74,379.22,0.5,-0.32,Red,36618.2
71,13,car,OUT_OF_BOUNDS,25,45,0.5,-83.93,525.99,-1.99,0.48,Grey,4493.18
71,11,person,OCCLUDED,63,7,0.922,720.38,329.65,-0.28,-0.47,Grey,5659.19
71,9,car,OCCLUDED,63,7,0.922,366.5,369.67,-0.67,-0.27,Grey,30084.14
71,12,car,OUT_OF_BOUNDS,23,47,0.478,1344.47,644.44,1.53,2.78,Grey,4597.82
71,14,chair,OCCLUDED,63,7,0.922,571.7,333.1,-0.32,-0.41,White,3199.04
71,10,chair,OCCLUDED,63,7,0.922,642.93,344.98,-0.16,-0.27,White,1631.45
71,7,person,OCCLUDED,63,7,0.922,115.88,269.26,-1.16,-0.66,Grey,3580.65
71,15,car,OCCLUDED,60,7,0.922,447.73,318.84,-0.44,-0.55,White,4720.41
71,5,truck,OCCLUDED,18,52,0.422,187.89,182.57,-0.25,-0.36,Grey,12921.57
71,16,car,OCCLUDED,20,43,0.522,861.99,337.73,0.2,-0.44,Grey,8859.77
71,18,car,VISIBLE,11,0,0.6301,676.9,421.58,-5.82,0.1,Cyan,658592.08
71,21,car,VISIBLE,11,0,0.554,1205.98,291.08,-0.99,0.06,Grey,44704.38
71,22,car,VISIBLE,11,0,0.367,562.51,173.47,-0.08,-2.18,Grey,20014.79
71,19,person,VISIBLE,11,0,0.3366,441.61,56.58,0.3,-0.15,Grey,3564.32
71,20,car,VISIBLE,11,0,0.3225,1115.68,170.21,0.21,0.47,Grey,34102.2
71,23,chair,VISIBLE,11,0,0.1945,803.3,279.24,-4.91,-0.13,Cyan,8161.65
72,6,car,VISIBLE,71,0,0.651,249.93,316.18,-1.41,1.27,Grey,279123.42
72,2,car,OCCLUDED,63,8,0.911,647.71,441.52,-0.07,-0.12,Purple,160266.72
72,1,car,OCCLUDED,63,8,0.911,1165.7,416.57,0.33,-0.18,Red,61898.72
72,8,truck,OCCLUDED,63,8,0.911,548.97,264.13,-0.12,-0.68,Grey,2913.99
72,3,car,OCCLUDED,63,8,0.911,907.57,362.49,0.51,-0.34,Pink,14611.23
72,4,car,OCCLUDED,63,8,0.911,1029.24,378.9,0.5,-0.32,Red,36618.2
72,13,car,OUT_OF_BOUNDS,25,46,0.489,-85.92,526.47,-1.99,0.48,Grey,4493.18
72,11,person,OCCLUDED,63,8,0.911,720.1,329.17,-0.28,-0.47,Grey,5659.19
72,9,car,OCCLUDED,63,8,0.911,365.83,369.4,-0.67,-0.27,Grey,30084.14
72,12,car,OUT_OF_BOUNDS,23,48,0.467,1346.0,647.22,1.53,2.78,Grey,4597.82
72,14,chair,OCCLUDED,63,8,0.911,571.37,332.68,-0.32,-0.41,White,3199.04
72,10,chair,OCCLUDED,63,8,0.911,642.77,344.71,-0.16,-0.27,White,1631.45
72,7,person,OCCLUDED,63,8,0.911,114.72,268.6,-1.16,-0.66,Grey,3580.65
72,15,car,OCCLUDED,60,8,0.911,447.29,318.29,-0.44,-0.55,White,4720.41
72,5,truck,OCCLUDED,18,53,0.411,187.63,182.22,-0.25,-0.36,Grey,12921.57
72,16,car,OCCLUDED,20,44,0.511,862.19,337.29,0.2,-0.44,Grey,8859.77
72,18,car,VISIBLE,12,0,0.63,671.46,421.94,-5.55,0.29,Cyan,661028.27
72,21,car,VISIBLE,12,0,0.5646,1205.17,291.97,-0.86,0.64,Grey,45692.45
72,22,car,VISIBLE,12,0,0.3622,562.41,172.36,-0.09,-1.44,Grey,19355.64
72,19,person,VISIBLE,12,0,0.3518,441.94,56.51,0.32,-0.1,Grey,3509.25
72,20,car,VISIBLE,12,0,0.3345,1115.88,170.64,0.2,0.45,Grey,34258.2
72,23,chair,VISIBLE,12,0,0.2414,799.22,278.86,-4.32,-0.3,Cyan,7973.38
72,24,chair,VISIBLE,1,0,0.2078,681.71,265.86,0.0,0.0,Grey,13447.24
73,6,car,VISIBLE,72,0,0.6615,248.98,316.9,-1.09,0.88,Grey,277216.94
73,2,car,OCCLUDED,63,9,0.9,647.64,441.39,-0.07,-0.12,Purple,160266.72
73,1,car,OCCLUDED,63,9,0.9,1166.03,416.38,0.33,-0.18,Red,61898.72
73,8,truck,OCCLUDED,63,9,0.9,548.85,263.46,-0.12,-0.68,Grey,2913.99
73,3,car,VISIBLE,64,0,0.1644,850.27,142.49,-3.99,-17.42,Orange,14722.17
73,4,car,OCCLUDED,63,9,0.9,1029.74,378.58,0.5,-0.32,Red,36618.2
73,13,car,OUT_OF_BOUNDS,25,47,0.478,-87.92,526.94,-1.99,0.48,Grey,4493.18
73,11,person,OCCLUDED,63,9,0.9,719.82,328.7,-0.28,-0.47,Grey,5659.19
73,9,car,OCCLUDED,63,9,0.9,365.16,369.12,-0.67,-0.27,Grey,30084.14
73,12,car,OUT_OF_BOUNDS,23,49,0.456,1347.53,650.01,1.53,2.78,Grey,4597.82
73,14,chair,OCCLUDED,63,9,0.9,571.05,332.27,-0.32,-0.41,White,3199.04
73,10,chair,OCCLUDED,63,9,0.9,642.61,344.45,-0.16,-0.27,White,1631.45
73,7,person,OCCLUDED,63,9,0.9,113.56,267.94,-1.16,-0.66,Grey,3580.65
73,15,car,OCCLUDED,60,9,0.9,446.85,317.73,-0.44,-0.55,White,4720.41
73,5,truck,OCCLUDED,18,54,0.4,187.38,181.86,-0.25,-0.36,Grey,12921.57
73,16,car,OCCLUDED,20,45,0.5,862.39,336.85,0.2,-0.44,Grey,8859.77
73,18,car,VISIBLE,13,0,0.6319,666.5,422.29,-5.14,0.33,Cyan,663409.94
73,21,car,VISIBLE,13,0,0.558,1204.49,291.37,-0.74,-0.23,Grey,46280.96
73,22,car,VISIBLE,13,0,0.3755,562.34,171.29,-0.08,-1.18,Grey,18779.4
73,19,person,VISIBLE,13,0,0.3902,442.6,56.57,0.56,0.02,Grey,3477.04
73,20,car,VISIBLE,13,0,0.3376,1116.06,171.58,0.18,0.79,Grey,34578.43
73,23,chair,VISIBLE,13,0,0.1893,797.87,273.88,-2.24,-3.57,Cyan,6381.15
73,24,chair,VISIBLE,2,0,0.2693,678.47,266.56,-3.23,0.71,Grey,13583.8
74,6,car,VISIBLE,73,0,0.6637,248.44,317.42,-0.7,0.63,Grey,276156.23
74,2,car,OCCLUDED,63,10,0.889,647.57,441.27,-0.07,-0.12,Purple,160266.72
74,1,car,OCCLUDED,63,10,0.889,1166.36,416.2,0.33,-0.18,Red,61898.72
74,8,truck,OCCLUDED,63,10,0.889,548.73,262.78,-0.12,-0.68,Grey,2913.99
74,3,car,VISIBLE,65,0,0.1749,851.73,142.82,-0.17,-4.99,Orange,14865.78
74,4,car,OCCLUDED,63,10,0.889,1030.23,378.25,0.5,-0.32,Red,36618.2
74,13,car,OUT_OF_BOUNDS,25,48,0.467,-89.91,527.42,-1.99,0.48,Grey,4493.18
74,11,person,OCCLUDED,63,10,0.889,719.54,328.23,-0.28,-0.47,Grey,5659.19
74,9,car,OCCLUDED,63,10,0.889,364.48,368.85,-0.67,-0.27,Grey,30084.14
74,12,car,OUT_OF_BOUNDS,23,50,0.444,1349.06,652.79,1.53,2.78,Grey,4597.82
74,14,chair,OCCLUDED,63,10,0.889,570.73,331.85,-0.32,-0.41,White,3199.04
74,10,chair,OCCLUDED,63,10,0.889,642.45,344.18,-0.16,-0.27,White,1631.45
74,7,person,OCCLUDED,63,10,0.889,112.39,267.28,-1.16,-0.66,Grey,3580.65
74,15,car,OCCLUDED,60,10,0.889,446.41,317.18,-0.44,-0.55,White,4720.41
74,5,truck,OCCLUDED,18,55,0.389,187.13,181.5,-0.25,-0.36,Grey,12921.57
74,16,car,OCCLUDED,20,46,0.489,862.59,336.41,0.2,-0.44,Grey,8859.77
74,18,car,VISIBLE,14,0,0.6314,661.43,423.27,-5.09,0.79,Cyan,665016.59
74,21,car,VISIBLE,14,0,0.5686,1203.77,290.98,-0.72,-0.34,Grey,46711.63
74,22,car,VISIBLE,14,0,0.3567,562.12,170.11,-0.18,-1.18,Grey,18161.15
74,19,person,VISIBLE,14,0,0.3644,443.15,56.57,0.56,0.0,Grey,3481.27
74,20,car,VISIBLE,14,0,0.3411,1116.32,172.45,0.24,0.85,Grey,34846.14
74,23,chair,VISIBLE,14,0,0.1888,792.07,275.09,-4.73,-0.23,Cyan,6728.91
74,24,chair,VISIBLE,3,0,0.2236,674.7,267.08,-3.61,0.58,Grey,13866.94
75,6,car,VISIBLE,74,0,0.6533,248.38,317.69,-0.25,0.38,Grey,275790.65
75,2,car,OCCLUDED,63,11,0.878,647.5,441.15,-0.07,-0.12,Purple,160266.72
75,1,car,OCCLUDED,63,11,0.878,1166.69,416.02,0.33,-0.18,Red,61898.72
75,8,truck,OCCLUDED,63,11,0.878,548.62,262.11,-0.12,-0.68,Grey,2913.99
75,3,car,VISIBLE,66,0,0.1806,853.56,143.34,1.22,-1.13,Orange,15153.27
75,4,car,OCCLUDED,63,11,0.878,1030.73,377.93,0.5,-0.32,Red,36618.2
75,13,car,OUT_OF_BOUNDS,25,49,0.456,-91.9,527.9,-1.99,0.48,Grey,4493.18
75,11,person,OCCLUDED,63,11,0.878,719.27,327.75,-0.28,-0.47,Grey,5659.19
75,9,car,OCCLUDED,63,11,0.878,363.81,368.58,-0.67,-0.27,Grey,30084.14
75,12,car,OUT_OF_BOUNDS,23,51,0.433,1350.59,655.57,1.53,2.78,Grey,4597.82
75,14,chair,VISIBLE,64,0,0.1891,378.72,292.87,-12.52,-2.87,Red,2122.3
75,10,chair,OCCLUDED,63,11,0.878,642.29,343.91,-0.16,-0.27,White,1631.45
75,7,person,OCCLUDED,63,11,0.878,111.23,266.62,-1.16,-0.66,Grey,3580.65
75,15,car,OCCLUDED,60,11,0.878,445.97,316.63,-0.44,-0.55,White,4720.41
75,5,truck,OCCLUDED,18,56,0.378,186.87,181.15,-0.25,-0.36,Grey,12921.57
75,16,car,OCCLUDED,20,47,0.478,862.79,335.98,0.2,-0.44,Grey,8859.77
75,18,car,VISIBLE,15,0,0.6369,656.74,424.56,-4.81,1.14,Cyan,664175.8
75,21,car,VISIBLE,15,0,0.5668,1202.89,290.96,-0.83,-0.12,Grey,47519.23
75,22,car,VISIBLE,15,0,0.3593,561.94,168.89,-0.17,-1.2,Grey,17507.18
75,19,person,VISIBLE,15,0,0.3637,444.62,56.79,1.2,0.16,Grey,3390.67
75,20,car,VISIBLE,15,0,0.319,1116.63,173.22,0.29,0.79,Grey,35035.98
75,23,chair,VISIBLE,15,0,0.2902,787.12,276.62,-4.89,1.0,Cyan,7138.74
75,24,chair,VISIBLE,4,0,0.1923,670.26,267.62,-4.19,0.55,Grey,14104.34
76,6,car,VISIBLE,75,0,0.6502,248.2,317.86,-0.2,0.23,Grey,275495.85
76,2,car,OCCLUDED,63,12,0.867,647.43,441.02,-0.07,-0.12,Purple,160266.72
76,1,car,OCCLUDED,63,12,0.867,1167.02,415.84,0.33,-0.18,Red,61898.72
76,8,truck,OCCLUDED,63,12,0.867,548.5,261.43,-0.12,-0.68,Grey,2913.99
76,3,car,VISIBLE,67,0,0.1637,855.32,143.84,1.6,0.01,Orange,15467.99
76,4,car,OCCLUDED,63,12,0.867,1031.23,377.61,0.5,-0.32,Red,36618.2
76,13,car,OUT_OF_BOUNDS,25,50,0.444,-93.89,528.37,-1.99,0.48,Grey,4493.18
76,11,person,OCCLUDED,63,12,0.867,718.99,327.28,-0.28,-0.47,Grey,5659.19
76,9,car,OCCLUDED,63,12,0.867,363.14,368.31,-0.67,-0.27,Grey,30084.14
76,12,car,OUT_OF_BOUNDS,23,52,0.422,1352.12,658.36,1.53,2.78,Grey,4597.82
76,14,chair,VISIBLE,65,0,0.2409,374.52,293.24,-6.7,-0.61,Red,2127.56
76,10,chair,OCCLUDED,63,12,0.867,642.13,343.64,-0.16,-0.27,White,1631.45
76,7,person,OCCLUDED,63,12,0.867,110.07,265.96,-1.16,-0.66,Grey,3580.65
76,15,car,OCCLUDED,60,12,0.867,445.53,316.08,-0.44,-0.55,White,4720.41
76,5,truck,OCCLUDED,18,57,0.367,186.62,180.79,-0.25,-0.36,Grey,12921.57
76,16,car,OCCLUDED,20,48,0.467,862.99,335.54,0.2,-0.44,Grey,8859.77
76,18,car,VISIBLE,16,0,0.6295,651.3,424.97,-5.25,0.63,Cyan,666827.62
76,21,car,VISIBLE,16,0,0.5638,1202.2,291.78,-0.73,0.54,Grey,48288.5
76,22,car,VISIBLE,16,0,0.3679,561.9,167.09,-0.08,-1.62,Grey,16614.37
76,19,person,VISIBLE,16,0,0.3365,445.9,56.94,1.26,0.15,Grey,3307.45
76,20,car,VISIBLE,16,0,0.3192,1116.97,174.15,0.33,0.89,Grey,35346.73
76,23,chair,VISIBLE,16,0,0.21,785.17,273.31,-2.83,-2.01,Cyan,6124.69
76,24,chair,VISIBLE,5,0,0.248,665.9,267.35,-4.31,-0.02,Grey,13797.68
77,6,car,VISIBLE,76,0,0.6462,247.45,318.01,-0.58,0.17,Grey,274704.19
77,2,car,OCCLUDED,63,13,0.856,647.36,440.9,-0.07,-0.12,Purple,160266.72
77,1,car,OCCLUDED,63,13,0.856,1167.36,415.66,0.33,-0.18,Red,61898.72
77,8,truck,OCCLUDED,63,13,0.856,548.39,260.76,-0.12,-0.68,Grey,2913.99
77,3,car,VISIBLE,68,0,0.159,857.61,144.97,2.08,0.79,Grey,16219.6
77,4,car,OCCLUDED,63,13,0.856,1031.73,377.28,0.5,-0.32,Red,36618.2
77,13,car,OUT_OF_BOUNDS,25,51,0.433,-95.88,528.85,-1.99,0.48,Grey,4493.18
77,11,person,OCCLUDED,63,13,0.856,718.71,326.8,-0.28,-0.47,Grey,5659.19
77,9,car,OCCLUDED,63,13,0.856,362.46,368.04,-0.67,-0.27,Grey,30084.14
77,12,car,OUT_OF_BOUNDS,23,53,0.411,1353.65,661.14,1.53,2.78,Grey,4597.82
77,14,chair,VISIBLE,66,0,0.2415,369.19,293.97,-5.74,0.33,Yellow,2148.83
77,10,chair,OCCLUDED,63,13,0.856,641.97,343.37,-0.16,-0.27,White,1631.45
77,7,person,OCCLUDED,63,13,0.856,108.9,265.3,-1.16,-0.66,Grey,3580.65
77,15,car,OCCLUDED,60,13,0.856,445.09,315.53,-0.44,-0.55,White,4720.41
77,5,truck,OCCLUDED,18,58,0.356,186.37,180.43,-0.25,-0.36,Grey,12921.57
77,16,car,OCCLUDED,20,49,0.456,863.19,335.1,0.2,-0.44,Grey,8859.77
77,18,car,VISIBLE,17,0,0.6224,645.9,425.79,-5.35,0.76,Cyan,668339.44
77,21,car,VISIBLE,17,0,0.5487,1201.51,290.35,-0.7,-0.84,Grey,48184.83
77,22,car,VISIBLE,17,0,0.3832,561.98,165.63,0.03,-1.51,Grey,15894.16
77,19,person,VISIBLE,17,0,0.355,446.71,57.13,0.94,0.18,Grey,3265.64
77,20,car,VISIBLE,17,0,0.3111,1117.26,174.86,0.3,0.76,Grey,35553.36
77,23,chair,VISIBLE,17,0,0.1683,782.8,271.42,-2.51,-1.93,Cyan,5365.48
77,24,chair,VISIBLE,6,0,0.244,661.27,267.81,-4.54,0.32,Grey,13781.51
78,6,car,VISIBLE,77,0,0.6439,246.84,318.2,-0.61,0.18,Grey,274171.11
78,2,car,OCCLUDED,63,14,0.844,647.29,440.78,-0.07,-0.12,Purple,160266.72
78,1,car,OCCLUDED,63,14,0.844,1167.69,415.48,0.33,-0.18,Red,61898.72
78,8,truck,OCCLUDED,63,14,0.844,548.27,260.08,-0.12,-0.68,Grey,2913.99
78,3,car,VISIBLE,69,0,0.1726,859.39,145.94,1.87,0.92,Grey,16848.38
78,4,car,OCCLUDED,63,14,0.844,1032.22,376.96,0.5,-0.32,Red,36618.2
78,13,car,OUT_OF_BOUNDS,25,52,0.422,-97.87,529.32,-1.99,0.48,Grey,4493.18
78,11,person,OCCLUDED,63,14,0.844,718.43,326.33,-0.28,-0.47,Grey,5659.19
78,9,car,OCCLUDED,63,14,0.844,361.79,367.76,-0.67,-0.27,Grey,30084.14
78,12,car,OUT_OF_BOUNDS,23,54,0.4,1355.17,663.92,1.53,2.78,Grey,4597.82
78,14,chair,VISIBLE,67,0,0.2155,363.4,294.61,-5.77,0.54,Orange,2144.93
78,10,chair,OCCLUDED,63,14,0.844,641.81,343.1,-0.16,-0.27,White,1631.45
78,7,person,OCCLUDED,63,14,0.844,107.74,264.64,-1.16,-0.66,Grey,3580.65
78,15,car,OCCLUDED,60,14,0.844,444.65,314.98,-0.44,-0.55,White,4720.41
78,5,truck,OCCLUDED,18,59,0.344,186.11,180.08,-0.25,-0.36,Grey,12921.57
78,16,car,OCCLUDED,20,50,0.444,863.38,334.66,0.2,-0.44,Grey,8859.77
78,18,car,VISIBLE,18,0,0.6263,637.91,427.97,-7.2,1.75,Cyan,669365.57
78,21,car,VISIBLE,18,0,0.5573,1200.8,291.98,-0.71,0.89,Grey,49343.66
78,22,car,VISIBLE,18,0,0.3812,562.04,164.55,0.05,-1.22,Grey,15351.94
78,19,person,VISIBLE,18,0,0.3343,447.94,57.26,1.14,0.14,Grey,3203.85
78,20,car,VISIBLE,18,0,0.3308,1117.33,175.67,0.14,0.8,Grey,35904.62
78,23,chair,VISIBLE,18,0,0.1683,779.39,270.24,-3.13,-1.41,Cyan,4980.03
78,24,chair,VISIBLE,7,0,0.2913,657.5,267.93,-4.0,0.17,Grey,13508.9
78,27,person,VISIBLE,1,0,0.1784,831.41,277.69,0.0,0.0,Grey,16247.65
79,6,car,VISIBLE,78,0,0.6519,246.54,318.16,-0.39,0.03,Grey,273823.86
79,2,car,OCCLUDED,63,15,0.833,647.22,440.65,-0.07,-0.12,Purple,160266.72
79,1,car,OCCLUDED,63,15,0.833,1168.02,415.29,0.33,-0.18,Red,61898.72
79,8,truck,OCCLUDED,63,15,0.833,548.15,259.41,-0.12,-0.68,Grey,2913.99
79,3,car,VISIBLE,70,0,0.163,861.14,146.85,1.79,0.91,Grey,17396.07
79,4,car,OCCLUDED,63,15,0.833,1032.72,376.64,0.5,-0.32,Red,36618.2
79,13,car,OUT_OF_BOUNDS,25,53,0.411,-99.86,529.8,-1.99,0.48,Grey,4493.18
79,11,person,OCCLUDED,63,15,0.833,718.16,325.85,-0.28,-0.47,Grey,5659.19
79,9,car,OCCLUDED,63,15,0.833,361.12,367.49,-0.67,-0.27,Grey,30084.14
79,12,car,OUT_OF_BOUNDS,23,55,0.389,1356.7,666.71,1.53,2.78,Grey,4597.82
79,14,chair,VISIBLE,68,0,0.1914,357.43,295.38,-5.91,0.71,Orange,2142.23
79,10,chair,OCCLUDED,63,15,0.833,641.65,342.83,-0.16,-0.27,White,1631.45
79,7,person,OCCLUDED,63,15,0.833,106.58,263.98,-1.16,-0.66,Grey,3580.65
79,15,car,OCCLUDED,60,15,0.833,444.2,314.43,-0.44,-0.55,White,4720.41
79,5,truck,OCCLUDED,18,60,0.333,185.86,179.72,-0.25,-0.36,Grey,12921.57
79,16,car,OCCLUDED,20,51,0.433,863.58,334.22,0.2,-0.44,Grey,8859.77
79,18,car,VISIBLE,19,0,0.6381,633.49,429.73,-5.26,1.76,Cyan,667322.44
79,21,car,VISIBLE,19,0,0.5751,1200.03,294.23,-0.75,1.84,Grey,50489.02
79,22,car,VISIBLE,19,0,0.3885,562.14,163.62,0.09,-1.02,Grey,14883.63
79,19,person,VISIBLE,19,0,0.3331,448.87,57.38,0.99,0.13,Grey,3210.1
79,20,car,VISIBLE,19,0,0.3266,1117.21,176.2,-0.04,0.61,Grey,36154.62
79,23,chair,VISIBLE,19,0,0.1683,776.0,269.06,-3.32,-1.25,Cyan,4608.94
79,24,chair,VISIBLE,8,0,0.1714,652.37,268.38,-4.79,0.37,Grey,13938.36
79,27,person,VISIBLE,2,0,0.2444,825.3,278.27,-6.11,0.58,Grey,15451.53
80,6,car,VISIBLE,79,0,0.6508,245.94,318.11,-0.54,-0.03,Grey,273152.7
80,2,car,OCCLUDED,63,16,0.822,647.15,440.53,-0.07,-0.12,Purple,160266.72
80,1,car,OCCLUDED,63,16,0.822,1168.35,415.11,0.33,-0.18,Red,61898.72
80,8,truck,OCCLUDED,63,16,0.822,548.04,258.73,-0.12,-0.68,Grey,2913.99
80,3,car,VISIBLE,71,0,0.17,862.36,147.68,1.39,0.85,Grey,17898.05
80,4,car,OCCLUDED,63,16,0.822,1033.22,376.31,0.5,-0.32,Red,36618.2
80,13,car,OUT_OF_BOUNDS,25,54,0.4,-101.85,530.28,-1.99,0.48,Grey,4493.18
80,11,person,OCCLUDED,63,16,0.822,717.88,325.38,-0.28,-0.47,Grey,5659.19
80,9,car,OCCLUDED,63,16,0.822,360.45,367.22,-0.67,-0.27,Grey,30084.14
80,12,car,OUT_OF_BOUNDS,23,56,0.378,1358.23,669.49,1.53,2.78,Grey,4597.82
80,14,chair,VISIBLE,69,0,0.1914,352.94,295.92,-4.92,0.59,Orange,2144.05
80,10,chair,OCCLUDED,63,16,0.822,641.49,342.56,-0.16,-0.27,White,1631.45
80,7,person,OCCLUDED,63,16,0.822,105.41,263.32,-1.16,-0.66,Grey,3580.65
80,15,car,OCCLUDED,60,16,0.822,443.76,313.88,-0.44,-0.55,White,4720.41
80,5,truck,OCCLUDED,18,61,0.322,185.61,179.36,-0.25,-0.36,Grey,12921.57
80,16,car,OCCLUDED,20,52,0.422,863.78,333.78,0.2,-0.44,Grey,8859.77
80,18,car,VISIBLE,20,0,0.6545,629.78,431.5,-4.17,1.77,Cyan,664986.09
80,21,car,VISIBLE,20,0,0.5773,1199.05,295.25,-0.91,1.27,Grey,51293.69
80,22,car,VISIBLE,20,0,0.3734,562.24,162.99,0.1,-0.75,Grey,14574.1
80,19,person,VISIBLE,20,0,0.3187,449.32,57.17,0.61,-0.11,Grey,3237.17
80,20,car,VISIBLE,20,0,0.3135,1117.03,176.69,-0.14,0.52,Grey,36503.18
80,23,chair,VISIBLE,20,0,0.1683,772.6,267.88,-3.37,-1.2,Cyan,4252.21
80,24,chair,VISIBLE,9,0,0.2331,647.41,268.93,-4.91,0.49,Grey,14215.66
80,27,person,VISIBLE,3,0,0.1753,836.24,279.5,5.82,1.03,Grey,19484.71
81,6,car,VISIBLE,80,0,0.647,245.72,318.09,-0.32,-0.02,Grey,272962.28
81,2,car,OCCLUDED,63,17,0.811,647.08,440.41,-0.07,-0.12,Purple,160266.72
81,1,car,OCCLUDED,63,17,0.811,1168.68,414.93,0.33,-0.18,Red,61898.72
81,8,truck,OCCLUDED,63,17,0.811,547.92,258.05,-0.12,-0.68,Grey,2913.99
81,3,car,VISIBLE,72,0,0.1555,863.85,148.85,1.46,1.07,Grey,18787.65
81,4,car,OCCLUDED,63,17,0.811,1033.72,375.99,0.5,-0.32,Red,36618.2
81,13,car,OUT_OF_BOUNDS,25,55,0.389,-103.84,530.75,-1.99,0.48,Grey,4493.18
81,11,person,OCCLUDED,63,17,0.811,717.6,324.9,-0.28,-0.47,Grey,5659.19
81,9,car,OCCLUDED,63,17,0.811,359.77,366.95,-0.67,-0.27,Grey,30084.14
81,12,car,OUT_OF_BOUNDS,23,57,0.367,1359.76,672.27,1.53,2.78,Grey,4597.82
81,14,chair,VISIBLE,70,0,0.1914,348.46,296.46,-4.61,0.55,Orange,2145.86
81,10,chair,OCCLUDED,63,17,0.811,641.33,342.3,-0.16,-0.27,White,1631.45
81,7,person,OCCLUDED,63,17,0.811,104.25,262.66,-1.16,-0.66,Grey,3580.65
81,15,car,OCCLUDED,60,17,0.811,443.32,313.33,-0.44,-0.55,White,4720.41
81,5,truck,OCCLUDED,18,62,0.311,185.35,179.01,-0.25,-0.36,Grey,12921.57
81,16,car,OCCLUDED,20,53,0.411,863.98,333.35,0.2,-0.44,Grey,8859.77
81,18,car,VISIBLE,21,0,0.6598,625.97,432.85,-3.92,1.48,Blue,664292.38
81,21,car,VISIBLE,21,0,0.5716,1198.16,294.46,-0.9,-0.17,Grey,51395.0
81,22,car,VISIBLE,21,0,0.3356,562.21,162.25,0.01,-0.74,Grey,14221.09
81,19,person,VISIBLE,21,0,0.349,449.93,57.0,0.61,-0.15,Grey,3182.38
81,20,car,VISIBLE,21,0,0.3125,1116.85,176.93,-0.17,0.33,Grey,36765.2
81,23,chair,VISIBLE,21,0,0.1798,768.97,268.51,-3.55,0.09,Cyan,4152.02
81,24,chair,VISIBLE,10,0,0.2817,642.17,269.54,-5.14,0.58,Grey,14299.53
81,27,person,VISIBLE,4,0,0.1796,841.59,280.02,5.49,0.68,Grey,22431.06
82,6,car,VISIBLE,81,0,0.6497,245.3,318.04,-0.39,-0.05,Grey,272579.59
82,2,car,OCCLUDED,63,18,0.8,647.01,440.28,-0.07,-0.12,Purple,160266.72
82,1,car,OCCLUDED,63,18,0.8,1169.01,414.75,0.33,-0.18,Red,61898.72
82,8,truck,OCCLUDED,63,18,0.8,547.8,257.38,-0.12,-0.68,Grey,2913.99
82,3,car,VISIBLE,73,0,0.1572,865.19,150.38,1.38,1.4,Grey,19938.43
82,4,car,OCCLUDED,63,18,0.8,1034.21,375.67,0.5,-0.32,Red,36618.2
82,13,car,OUT_OF_BOUNDS,25,56,0.378,-105.83,531.23,-1.99,0.48,Grey,4493.18
82,11,person,OCCLUDED,63,18,0.8,717.32,324.43,-0.28,-0.47,Grey,5659.19
82,9,car,OCCLUDED,63,18,0.8,359.1,366.68,-0.67,-0.27,Grey,30084.14
82,12,car,OUT_OF_BOUNDS,23,58,0.356,1361.29,675.06,1.53,2.78,Grey,4597.82
82,14,chair,VISIBLE,71,0,0.1914,343.98,297.0,-4.52,0.54,Orange,2147.66
82,10,chair,OCCLUDED,63,18,0.8,641.17,342.03,-0.16,-0.27,White,1631.45
82,7,person,OCCLUDED,63,18,0.8,103.08,262.0,-1.16,-0.66,Grey,3580.65
82,15,car,OCCLUDED,60,18,0.8,442.88,312.78,-0.44,-0.55,White,4720.41
82,5,truck,OCCLUDED,18,63,0.3,185.1,178.65,-0.25,-0.36,Grey,12921.57
82,16,car,OCCLUDED,20,54,0.4,864.18,332.91,0.2,-0.44,Grey,8859.77
82,18,car,VISIBLE,22,0,0.6746,621.89,433.77,-4.03,1.08,Cyan,664870.5
82,21,car,VISIBLE,22,0,0.5788,1197.13,292.84,-0.99,-1.19,Grey,51365.94
82,22,car,VISIBLE,22,0,0.3214,562.13,161.36,-0.05,-0.85,Grey,13813.51
82,19,person,VISIBLE,22,0,0.3434,450.25,56.89,0.41,-0.13,Grey,3165.27
82,20,car,VISIBLE,22,0,0.3081,1116.69,177.14,-0.16,0.25,Grey,37011.22
82,23,chair,VISIBLE,22,0,0.1879,765.65,269.09,-3.39,0.43,Cyan,4126.2
82,24,chair,VISIBLE,11,0,0.4274,638.29,269.63,-4.26,0.24,Grey,14184.49
82,27,person,VISIBLE,5,0,0.219,844.08,280.58,3.39,0.59,Grey,24425.06
83,6,car,VISIBLE,82,0,0.6479,244.72,317.98,-0.53,-0.05,Grey,271933.28
83,2,car,OCCLUDED,63,19,0.789,646.94,440.16,-0.07,-0.12,Purple,160266.72
83,1,car,OCCLUDED,63,19,0.789,1169.34,414.57,0.33,-0.18,Red,61898.72
83,8,truck,OCCLUDED,63,19,0.789,547.69,256.7,-0.12,-0.68,Grey,2913.99
83,3,car,VISIBLE,74,0,0.1609,866.08,152.4,1.03,1.83,Grey,21337.75
83,4,car,OCCLUDED,63,19,0.789,1034.71,375.34,0.5,-0.32,Red,36618.2
83,13,car,OUT_OF_BOUNDS,25,57,0.367,-107.82,531.7,-1.99,0.48,Grey,4493.18
83,11,person,OCCLUDED,63,19,0.789,717.05,323.96,-0.28,-0.47,Grey,5659.19
83,9,car,OCCLUDED,63,19,0.789,358.43,366.41,-0.67,-0.27,Grey,30084.14
83,12,car,OUT_OF_BOUNDS,23,59,0.344,1362.82,677.84,1.53,2.78,Grey,4597.82
83,14,chair,VISIBLE,72,0,0.1914,339.5,297.53,-4.49,0.54,Orange,2149.47
83,10,chair,OCCLUDED,63,19,0.789,641.01,341.76,-0.16,-0.27,White,1631.45
83,7,person,OCCLUDED,63,19,0.789,101.92,261.35,-1.16,-0.66,Grey,3580.65
83,15,car,OCCLUDED,60,19,0.789,442.44,312.23,-0.44,-0.55,White,4720.41
83,5,truck,OCCLUDED,18,64,0.289,184.85,178.29,-0.25,-0.36,Grey,12921.57
83,16,car,OCCLUDED,20,55,0.389,864.38,332.47,0.2,-0.44,Grey,8859.77
83,18,car,VISIBLE,23,0,0.6705,617.74,434.18,-4.12,0.61,Blue,666488.71
83,21,car,VISIBLE,23,0,0.5786,1196.23,292.11,-0.93,-0.87,Grey,51481.54
83,22,car,VISIBLE,23,0,0.2667,562.1,160.44,-0.04,-0.89,Grey,13402.82
83,19,person,VISIBLE,23,0,0.3607,450.24,56.85,0.11,-0.07,Grey,3167.46
83,20,car,VISIBLE,23,0,0.3063,1116.47,177.34,-0.2,0.21,Grey,37216.52
83,23,chair,VISIBLE,23,0,0.1578,763.18,270.06,-2.75,0.8,Cyan,4169.42
83,24,chair,VISIBLE,12,0,0.3411,634.7,269.86,-3.79,0.23,Grey,14226.49
83,27,person,VISIBLE,6,0,0.1928,844.33,280.93,1.19,0.42,Grey,25851.4
84,6,car,VISIBLE,83,0,0.6448,243.98,317.91,-0.68,-0.06,Grey,271037.56
84,2,car,OCCLUDED,63,20,0.778,646.87,440.03,-0.07,-0.12,Purple,160266.72
84,1,car,OCCLUDED,63,20,0.778,1169.67,414.38,0.33,-0.18,Red,61898.72
84,8,truck,OCCLUDED,63,20,0.778,547.57,256.03,-0.12,-0.68,Grey,2913.99
84,3,car,VISIBLE,75,0,0.1574,866.99,153.98,0.95,1.65,Grey,22452.61
84,4,car,OCCLUDED,63,20,0.778,1035.21,375.02,0.5,-0.32,Red,36618.2
84,13,car,OUT_OF_BOUNDS,25,58,0.356,-109.81,532.18,-1.99,0.48,Grey,4493.18
84,11,person,OCCLUDED,63,20,0.778,716.77,323.48,-0.28,-0.47,Grey,5659.19
84,9,car,OCCLUDED,63,20,0.778,357.76,366.13,-0.67,-0.27,Grey,30084.14
84,12,car,OUT_OF_BOUNDS,23,60,0.333,1364.35,680.62,1.53,2.78,Grey,4597.82
84,14,chair,VISIBLE,73,0,0.1914,335.01,298.08,-4.49,0.54,Red,2151.27
84,10,chair,OCCLUDED,63,20,0.778,640.84,341.49,-0.16,-0.27,White,1631.45
84,7,person,OCCLUDED,63,20,0.778,100.76,260.69,-1.16,-0.66,Grey,3580.65
84,15,car,OCCLUDED,60,20,0.778,442.0,311.68,-0.44,-0.55,White,4720.41
84,5,truck,OCCLUDED,18,65,0.278,184.59,177.94,-0.25,-0.36,Grey,12921.57
84,16,car,OCCLUDED,20,56,0.378,864.58,332.03,0.2,-0.44,Grey,8859.77
84,18,car,VISIBLE,24,0,0.6827,613.75,434.59,-4.02,0.47,Cyan,667943.95
84,21,car,VISIBLE,24,0,0.6044,1195.28,292.64,-0.94,0.11,Grey,52035.05
84,22,car,VISIBLE,24,0,0.2521,562.39,159.6,0.19,-0.86,Grey,13031.55
84,19,person,VISIBLE,24,0,0.3334,450.23,56.69,0.03,-0.13,Grey,3138.56
84,20,car,VISIBLE,24,0,0.3454,1116.27,177.32,-0.2,0.05,Grey,37185.07
84,23,chair,VISIBLE,24,0,0.1578,760.01,270.05,-3.04,0.24,Cyan,4023.6
84,24,chair,VISIBLE,13,0,0.3197,631.42,269.81,-3.44,0.04,Grey,14384.81
84,27,person,VISIBLE,7,0,0.1928,846.42,281.41,1.83,0.47,Grey,27581.09
85,6,car,VISIBLE,84,0,0.6386,242.91,317.99,-0.95,0.03,Grey,269928.88
85,2,car,OCCLUDED,63,21,0.767,646.8,439.91,-0.07,-0.12,Purple,160266.72
85,1,car,OCCLUDED,63,21,0.767,1170.01,414.2,0.33,-0.18,Red,61898.72
85,8,truck,OCCLUDED,63,21,0.767,547.46,255.35,-0.12,-0.68,Grey,2913.99
85,3,car,VISIBLE,76,0,0.1574,868.21,155.36,1.14,1.46,Grey,23444.5
85,4,car,OCCLUDED,63,21,0.767,1035.71,374.7,0.5,-0.32,Red,36618.2
85,13,car,OUT_OF_BOUNDS,25,59,0.344,-111.81,532.65,-1.99,0.48,Grey,4493.18
85,11,person,OCCLUDED,63,21,0.767,716.49,323.01,-0.28,-0.47,Grey,5659.19
85,9,car,OCCLUDED,63,21,0.767,357.08,365.86,-0.67,-0.27,Grey,30084.14
85,12,car,OUT_OF_BOUNDS,23,61,0.322,1365.88,683.41,1.53,2.78,Grey,4597.82
85,14,chair,OCCLUDED,73,1,0.989,330.52,298.62,-4.49,0.54,Red,2151.27
85,10,chair,OCCLUDED,63,21,0.767,640.68,341.22,-0.16,-0.27,White,1631.45
85,7,person,OCCLUDED,63,21,0.767,99.59,260.03,-1.16,-0.66,Grey,3580.65
85,15,car,OCCLUDED,60,21,0.767,441.56,311.13,-0.44,-0.55,White,4720.41
85,5,truck,OCCLUDED,18,66,0.267,184.34,177.58,-0.25,-0.36,Grey,12921.57
85,16,car,OCCLUDED,20,57,0.367,864.78,331.59,0.2,-0.44,Grey,8859.77
85,18,car,VISIBLE,25,0,0.6886,609.55,434.88,-4.15,0.34,Blue,669929.59
85,21,car,VISIBLE,25,0,0.6063,1194.2,294.18,-1.04,1.11,Grey,53153.98
85,22,car,VISIBLE,25,0,0.2595,562.33,158.72,0.02,-0.87,Grey,12659.31
85,19,person,VISIBLE,25,0,0.3613,449.85,56.65,-0.26,-0.07,Grey,3164.28
85,20,car,VISIBLE,25,0,0.3312,1115.99,176.95,-0.26,-0.24,Grey,36987.47
85,23,chair,VISIBLE,25,0,0.1519,755.89,270.59,-3.79,0.45,Cyan,4085.66
85,24,chair,VISIBLE,14,0,0.335,627.84,269.69,-3.54,-0.08,Grey,14493.97
85,27,person,VISIBLE,8,0,0.1663,842.75,281.1,-2.02,-0.08,Grey,27804.85
86,6,car,VISIBLE,85,0,0.6256,242.1,318.24,-0.85,0.18,Grey,269253.81
86,2,car,OCCLUDED,63,22,0.756,646.73,439.79,-0.07,-0.12,Purple,160266.72
86,1,car,OCCLUDED,63,22,0.756,1170.34,414.02,0.33,-0.18,Red,61898.72
86,8,truck,OCCLUDED,63,22,0.756,547.34,254.68,-0.12,-0.68,Grey,2913.99
86,3,car,VISIBLE,77,0,0.1662,877.88,167.89,7.11,9.21,Grey,33360.99
86,4,car,OCCLUDED,63,22,0.756,1036.2,374.37,0.5,-0.32,Red,36618.2
86,13,car,OUT_OF_BOUNDS,25,60,0.333,-113.8,533.13,-1.99,0.48,Grey,4493.18
86,11,person,OCCLUDED,63,22,0.756,716.21,322.53,-0.28,-0.47,Grey,5659.19
86,9,car,OCCLUDED,63,22,0.756,356.41,365.59,-0.67,-0.27,Grey,30084.14
86,12,car,OUT_OF_BOUNDS,23,62,0.311,1367.4,686.19,1.53,2.78,Grey,4597.82
86,14,chair,OCCLUDED,73,2,0.978,326.03,299.16,-4.49,0.54,Red,2151.27
86,10,chair,OCCLUDED,63,22,0.756,640.52,340.95,-0.16,-0.27,White,1631.45
86,7,person,OCCLUDED,63,22,0.756,98.43,259.37,-1.16,-0.66,Grey,3580.65
86,15,car,OCCLUDED,60,22,0.756,441.12,310.58,-0.44,-0.55,White,4720.41
86,5,truck,OCCLUDED,18,67,0.256,184.09,177.22,-0.25,-0.36,Grey,12921.57
86,16,car,OCCLUDED,20,58,0.356,864.97,331.15,0.2,-0.44,Grey,8859.77
86,18,car,VISIBLE,26,0,0.7038,605.09,435.17,-4.37,0.31,Cyan,672318.39
86,21,car,VISIBLE,26,0,0.6094,1192.9,295.69,-1.22,1.39,Grey,54439.98
86,22,car,VISIBLE,26,0,0.231,562.0,157.86,-0.23,-0.86,Grey,12297.88
86,19,person,VISIBLE,26,0,0.3445,449.5,56.62,-0.32,-0.04,Grey,3204.3
86,20,car,VISIBLE,26,0,0.3571,1115.8,175.87,-0.21,-0.83,Grey,36476.33
86,23,chair,VISIBLE,26,0,0.1567,752.25,271.36,-3.69,0.67,Cyan,4213.79
86,24,chair,VISIBLE,15,0,0.404,624.9,269.62,-3.12,-0.08,Grey,14550.18
86,27,person,VISIBLE,9,0,0.1663,843.27,281.37,-0.24,0.16,Grey,29141.33
87,6,car,VISIBLE,86,0,0.6261,241.38,318.81,-0.76,0.45,Grey,268980.26
87,2,car,OCCLUDED,63,23,0.744,646.66,439.66,-0.07,-0.12,Purple,160266.72
87,1,car,OCCLUDED,63,23,0.744,1170.67,413.84,0.33,-0.18,Red,61898.72
87,8,truck,OCCLUDED,63,23,0.744,547.22,254.0,-0.12,-0.68,Grey,2913.99
87,3,car,VISIBLE,78,0,0.1956,883.72,173.63,6.22,6.78,Grey,38705.08
87,4,car,OCCLUDED,63,23,0.744,1036.7,374.05,0.5,-0.32,Red,36618.2
87,13,car,OUT_OF_BOUNDS,25,61,0.322,-115.79,533.61,-1.99,0.48,Grey,4493.18
87,11,person,OCCLUDED,63,23,0.744,715.94,322.06,-0.28,-0.47,Grey,5659.19
87,9,car,OCCLUDED,63,23,0.744,355.74,365.32,-0.67,-0.27,Grey,30084.14
87,12,car,OUT_OF_BOUNDS,23,63,0.3,1368.93,688.97,1.53,2.78,Grey,4597.82
87,14,chair,OCCLUDED,73,3,0.967,321.54,299.7,-4.49,0.54,Red,2151.27
87,10,chair,OCCLUDED,63,23,0.744,640.36,340.68,-0.16,-0.27,White,1631.45
87,7,person,OCCLUDED,63,23,0.744,97.27,258.71,-1.16,-0.66,Grey,3580.65
87,15,car,OCCLUDED,60,23,0.744,440.68,310.03,-0.44,-0.55,White,4720.41
87,5,truck,OCCLUDED,18,68,0.244,183.83,176.87,-0.25,-0.36,Grey,12921.57
87,16,car,OCCLUDED,20,59,0.344,865.17,330.72,0.2,-0.44,Grey,8859.77
87,18,car,VISIBLE,27,0,0.7052,600.04,435.39,-4.85,0.24,Cyan,675484.03
87,21,car,VISIBLE,27,0,0.5959,1191.6,296.37,-1.28,0.89,Grey,55421.95
87,22,car,VISIBLE,27,0,0.2355,561.47,157.14,-0.44,-0.76,Grey,11990.57
87,19,person,VISIBLE,27,0,0.3715,449.07,56.79,-0.39,0.1,Grey,3245.1
87,20,car,VISIBLE,27,0,0.3637,1115.62,173.37,-0.19,-2.0,Grey,35344.94
87,23,chair,VISIBLE,27,0,0.2026,749.45,271.88,-3.06,0.57,Cyan,4318.69
87,24,chair,VISIBLE,16,0,0.3219,623.57,269.61,-1.87,-0.03,Grey,13987.34
87,27,person,VISIBLE,10,0,0.1688,820.15,281.53,-16.25,0.17,Grey,23111.03
88,6,car,VISIBLE,87,0,0.6197,240.72,317.94,-0.69,-0.47,Grey,267301.17
88,2,car,OCCLUDED,63,24,0.733,646.59,439.54,-0.07,-0.12,Purple,160266.72
88,1,car,OCCLUDED,63,24,0.733,1171.0,413.66,0.33,-0.18,Red,61898.72
88,8,truck,OCCLUDED,63,24,0.733,547.11,253.32,-0.12,-0.68,Grey,2913.99
88,3,car,VISIBLE,79,0,0.2702,887.34,176.82,4.4,4.27,Grey,41991.94
88,4,car,OCCLUDED,63,24,0.733,1037.2,373.73,0.5,-0.32,Red,36618.2
88,13,car,OUT_OF_BOUNDS,25,62,0.311,-117.78,534.08,-1.99,0.48,Grey,4493.18
88,11,person,OCCLUDED,63,24,0.733,715.66,321.58,-0.28,-0.47,Grey,5659.19
88,9,car,OCCLUDED,63,24,0.733,355.06,365.05,-0.67,-0.27,Grey,30084.14
88,12,car,OUT_OF_BOUNDS,23,64,0.289,1370.46,691.76,1.53,2.78,Grey,4597.82
88,14,chair,OCCLUDED,73,4,0.956,317.05,300.24,-4.49,0.54,Red,2151.27
88,10,chair,OCCLUDED,63,24,0.733,640.2,340.41,-0.16,-0.27,White,1631.45
88,7,person,OCCLUDED,63,24,0.733,96.1,258.05,-1.16,-0.66,Grey,3580.65
88,15,car,OCCLUDED,60,24,0.733,440.24,309.48,-0.44,-0.55,White,4720.41
88,5,truck,OCCLUDED,18,69,0.233,183.58,176.51,-0.25,-0.36,Grey,12921.57
88,16,car,OCCLUDED,20,60,0.333,865.37,330.28,0.2,-0.44,Grey,8859.77
88,18,car,VISIBLE,28,0,0.7026,595.71,435.49,-4.49,0.14,Cyan,678211.37
88,21,car,VISIBLE,28,0,0.5871,1190.43,296.48,-1.2,0.34,Grey,56200.76
88,22,car,VISIBLE,28,0,0.2213,561.09,156.59,-0.4,-0.61,Grey,11772.47
88,19,person,VISIBLE,28,0,0.3705,448.47,56.95,-0.54,0.15,Grey,3248.57
88,20,car,VISIBLE,28,0,0.368,1115.38,170.62,-0.23,-2.52,Grey,34026.29
88,23,chair,VISIBLE,28,0,0.1636,747.29,272.31,-2.43,0.47,Cyan,4383.91
88,24,chair,VISIBLE,17,0,0.3121,619.4,269.56,-3.47,-0.04,Grey,13974.74
88,27,person,VISIBLE,11,0,0.2188,803.25,281.84,-16.71,0.26,Grey,18881.37
89,6,car,VISIBLE,88,0,0.6028,239.71,315.38,-0.92,-1.94,Grey,263553.14
89,2,car,OCCLUDED,63,25,0.722,646.52,439.42,-0.07,-0.12,Purple,160266.72
89,1,car,OCCLUDED,63,25,0.722,1171.33,413.48,0.33,-0.18,Red,61898.72
89,8,truck,OCCLUDED,63,25,0.722,546.99,252.65,-0.12,-0.68,Grey,2913.99
89,3,car,VISIBLE,80,0,0.3059,888.91,178.34,2.42,2.34,Grey,43662.7
89,4,car,OCCLUDED,63,25,0.722,1037.7,373.4,0.5,-0.32,Red,36618.2
89,13,car,OUT_OF_BOUNDS,25,63,0.3,-119.77,534.56,-1.99,0.48,Grey,4493.18
89,11,person,OCCLUDED,63,25,0.722,715.38,321.11,-0.28,-0.47,Grey,5659.19
89,9,car,OCCLUDED,63,25,0.722,354.39,364.77,-0.67,-0.27,Grey,30084.14
89,12,car,OUT_OF_BOUNDS,23,65,0.278,1371.99,694.54,1.53,2.78,Grey,4597.82
89,14,chair,OCCLUDED,73,5,0.944,312.56,300.78,-4.49,0.54,Red,2151.27
89,10,chair,OCCLUDED,63,25,0.722,640.04,340.15,-0.16,-0.27,White,1631.45
89,7,person,OCCLUDED,63,25,0.722,94.94,257.39,-1.16,-0.66,Grey,3580.65
89,15,car,OCCLUDED,60,25,0.722,439.8,308.92,-0.44,-0.55,White,4720.41
89,5,truck,OCCLUDED,18,70,0.222,183.33,176.15,-0.25,-0.36,Grey,12921.57
89,16,car,OCCLUDED,20,61,0.322,865.57,329.84,0.2,-0.44,Grey,8859.77
89,18,car,VISIBLE,29,0,0.703,592.88,435.5,-3.32,0.05,Cyan,679345.71
89,21,car,VISIBLE,29,0,0.5831,1189.28,296.12,-1.16,-0.14,Grey,56798.54
89,22,car,VISIBLE,29,0,0.2375,560.49,156.16,-0.54,-0.49,Grey,11599.41
89,19,person,VISIBLE,29,0,0.3861,447.62,57.03,-0.76,0.1,Grey,3245.34
89,20,car,VISIBLE,29,0,0.3617,1114.97,168.94,-0.35,-1.93,Grey,33179.58
89,23,chair,VISIBLE,29,0,0.1636,744.3,272.69,-2.83,0.41,Cyan,4402.89
89,24,chair,VISIBLE,18,0,0.3787,616.1,269.7,-3.36,0.09,Grey,13805.3
89,27,person,VISIBLE,12,0,0.2188,794.53,282.1,-11.12,0.26,Grey,17274.37
90,6,car,VISIBLE,89,0,0.5935,238.98,311.95,-0.79,-2.98,Grey,259313.05
90,2,car,OCCLUDED,63,26,0.711,646.45,439.29,-0.07,-0.12,Purple,160266.72
90,1,car,OCCLUDED,63,26,0.711,1171.66,413.29,0.33,-0.18,Red,61898.72
90,8,truck,OCCLUDED,63,26,0.711,546.88,251.97,-0.12,-0.68,Grey,2913.99
90,3,car,VISIBLE,81,0,0.3128,888.96,179.03,0.76,1.19,Grey,44369.01
90,4,car,OCCLUDED,63,26,0.711,1038.19,373.08,0.5,-0.32,Red,36618.2
90,13,car,OUT_OF_BOUNDS,25,64,0.289,-121.76,535.03,-1.99,0.48,Grey,4493.18
90,11,person,OCCLUDED,63,26,0.711,715.1,320.63,-0.28,-0.47,Grey,5659.19
90,9,car,OCCLUDED,63,26,0.711,353.72,364.5,-0.67,-0.27,Grey,30084.14
90,12,car,OUT_OF_BOUNDS,23,66,0.267,1373.52,697.32,1.53,2.78,Grey,4597.82
90,14,chair,OCCLUDED,73,6,0.933,308.07,301.32,-4.49,0.54,Red,2151.27
90,10,chair,OCCLUDED,63,26,0.711,639.88,339.88,-0.16,-0.27,White,1631.45
90,7,person,OCCLUDED,63,26,0.711,93.78,256.73,-1.16,-0.66,Grey,3580.65
90,15,car,OCCLUDED,60,26,0.711,439.36,308.37,-0.44,-0.55,White,4720.41
90,5,truck,OCCLUDED,18,71,0.211,183.07,175.8,-0.25,-0.36,Grey,12921.57
90,16,car,OCCLUDED,20,62,0.311,865.77,329.4,0.2,-0.44,Grey,8859.77
90,18,car,VISIBLE,30,0,0.7047,590.97,435.56,-2.34,0.05,Cyan,678907.4
90,21,car,VISIBLE,30,0,0.5858,1188.1,295.99,-1.18,-0.14,Grey,57421.74
90,22,car,VISIBLE,30,0,0.2159,559.66,155.83,-0.74,-0.38,Grey,11421.04
90,19,person,VISIBLE,30,0,0.3699,447.0,57.13,-0.66,0.1,Grey,3234.17
90,20,car,VISIBLE,30,0,0.3611,1114.55,167.44,-0.4,-1.63,Grey,32398.68
90,23,chair,VISIBLE,30,0,0.1636,741.3,273.06,-2.95,0.39,Cyan,4421.62
90,24,chair,VISIBLE,19,0,0.4177,613.21,270.01,-3.02,0.24,Grey,13699.43
90,27,chair,VISIBLE,13,0,0.1534,805.49,282.37,4.33,0.27,Grey,20142.6
91,6,car,VISIBLE,90,0,0.5625,238.47,304.67,-0.59,-5.99,Grey,251687.74
91,2,car,OCCLUDED,63,27,0.7,646.38,439.17,-0.07,-0.12,Purple,160266.72
91,1,car,OCCLUDED,63,27,0.7,1171.99,413.11,0.33,-0.18,Red,61898.72
91,8,truck,OCCLUDED,63,27,0.7,546.76,251.3,-0.12,-0.68,Grey,2913.99
91,3,car,VISIBLE,82,0,0.3395,888.09,179.57,-0.38,0.73,Grey,44647.96
91,4,car,OCCLUDED,63,27,0.7,1038.69,372.76,0.5,-0.32,Red,36618.2
91,13,car,OUT_OF_BOUNDS,25,65,0.278,-123.75,535.51,-1.99,0.48,Grey,4493.18
91,11,person,OCCLUDED,63,27,0.7,714.83,320.16,-0.28,-0.47,Grey,5659.19
91,9,car,OCCLUDED,63,27,0.7,353.05,364.23,-0.67,-0.27,Grey,30084.14
91,12,car,OUT_OF_BOUNDS,23,67,0.256,1375.05,700.11,1.53,2.78,Grey,4597.82
91,14,chair,OCCLUDED,73,7,0.922,303.58,301.86,-4.49,0.54,Red,2151.27
91,10,chair,OCCLUDED,63,27,0.7,639.72,339.61,-0.16,-0.27,White,1631.45
91,7,person,OCCLUDED,63,27,0.7,92.61,256.07,-1.16,-0.66,Grey,3580.65
91,15,car,OCCLUDED,60,27,0.7,438.92,307.82,-0.44,-0.55,White,4720.41
91,5,truck,OCCLUDED,18,72,0.2,182.82,175.44,-0.25,-0.36,Grey,12921.57
91,16,car,OCCLUDED,20,63,0.3,865.97,328.96,0.2,-0.44,Grey,8859.77
91,18,car,VISIBLE,31,0,0.7172,590.5,435.87,-1.03,0.23,Cyan,677914.9
91,21,car,VISIBLE,31,0,0.5967,1186.95,296.41,-1.16,0.26,Grey,58210.92
91,22,car,VISIBLE,31,0,0.2154,558.81,155.59,-0.82,-0.28,Grey,11240.19
91,19,person,VISIBLE,31,0,0.3839,446.1,57.26,-0.83,0.12,Grey,3217.46
91,20,car,VISIBLE,31,0,0.3831,1114.0,166.88,-0.5,-0.89,Grey,32098.99
91,23,chair,VISIBLE,31,0,0.1636,738.29,273.44,-2.98,0.38,Cyan,4440.12
91,24,chair,VISIBLE,20,0,0.3695,610.34,270.49,-2.92,0.41,Grey,13668.42
91,27,chair,VISIBLE,14,0,0.1534,801.95,282.63,-1.17,0.27,Grey,19720.55
92,6,car,VISIBLE,91,0,0.5663,237.95,296.63,-0.54,-7.42,Grey,243298.92
92,2,car,OCCLUDED,63,28,0.689,646.31,439.05,-0.07,-0.12,Purple,160266.72
92,1,car,OCCLUDED,63,28,0.689,1172.32,412.93,0.33,-0.18,Red,61898.72
92,8,truck,OCCLUDED,63,28,0.689,546.64,250.62,-0.12,-0.68,Grey,2913.99
92,3,car,VISIBLE,83,0,0.3416,886.84,179.51,-0.99,0.18,Grey,44418.68
92,4,car,OCCLUDED,63,28,0.689,1039.19,372.43,0.5,-0.32,Red,36618.2
92,13,car,OUT_OF_BOUNDS,25,66,0.267,-125.74,535.98,-1.99,0.48,Grey,4493.18
92,11,person,OCCLUDED,63,28,0.689,714.55,319.69,-0.28,-0.47,Grey,5659.19
92,9,car,OCCLUDED,63,28,0.689,352.37,363.96,-0.67,-0.27,Grey,30084.14
92,12,car,OUT_OF_BOUNDS,23,68,0.244,1376.58,702.89,1.53,2.78,Grey,4597.82
92,14,chair,OCCLUDED,73,8,0.911,299.09,302.4,-4.49,0.54,Red,2151.27
92,10,chair,OCCLUDED,63,28,0.689,639.56,339.34,-0.16,-0.27,White,1631.45
92,7,person,OCCLUDED,63,28,0.689,91.45,255.41,-1.16,-0.66,Grey,3580.65
92,15,car,OCCLUDED,60,28,0.689,438.48,307.27,-0.44,-0.55,White,4720.41
92,5,truck,OCCLUDED,18,73,0.189,182.57,175.08,-0.25,-0.36,Grey,12921.57
92,16,car,OCCLUDED,20,64,0.289,866.17,328.52,0.2,-0.44,Grey,8859.77
92,18,car,VISIBLE,32,0,0.7015,589.47,435.72,-1.03,-0.03,Cyan,676432.59
92,21,car,VISIBLE,32,0,0.6108,1185.72,297.31,-1.21,0.7,Grey,59233.08
92,22,car,VISIBLE,32,0,0.2259,557.99,155.32,-0.82,-0.27,Grey,11055.98
92,19,person,VISIBLE,32,0,0.3584,443.97,57.13,-1.74,-0.05,Grey,3362.47
92,20,car,VISIBLE,32,0,0.388,1113.3,166.36,-0.64,-0.63,Grey,31838.33
92,23,chair,VISIBLE,32,0,0.1582,735.79,273.81,-2.65,0.37,Cyan,4512.88
92,24,chair,VISIBLE,21,0,0.384,607.73,271.0,-2.7,0.48,Grey,13618.94
92,27,chair,VISIBLE,15,0,0.1523,815.16,283.13,8.89,0.43,Grey,21603.15
93,6,car,VISIBLE,92,0,0.5552,237.52,291.79,-0.46,-5.62,Grey,238140.51
93,2,car,OCCLUDED,63,29,0.678,646.24,438.92,-0.07,-0.12,Purple,160266.72
93,1,car,OCCLUDED,63,29,0.678,1172.66,412.75,0.33,-0.18,Red,61898.72
93,8,truck,OCCLUDED,63,29,0.678,546.53,249.95,-0.12,-0.68,Grey,2913.99
93,3,car,VISIBLE,84,0,0.3591,885.1,179.28,-1.51,-0.11,Grey,43998.79
93,4,car,OCCLUDED,63,29,0.678,1039.69,372.11,0.5,-0.32,Red,36618.2
93,13,car,OUT_OF_BOUNDS,25,67,0.256,-127.73,536.46,-1.99,0.48,Grey,4493.18
93,11,person,OCCLUDED,63,29,0.678,714.27,319.21,-0.28,-0.47,Grey,5659.19
93,9,car,OCCLUDED,63,29,0.678,351.7,363.69,-0.67,-0.27,Grey,30084.14
93,12,car,OUT_OF_BOUNDS,23,69,0.233,1378.11,705.67,1.53,2.78,Grey,4597.82
93,14,chair,OCCLUDED,73,9,0.9,294.6,302.94,-4.49,0.54,Red,2151.27
93,10,chair,OCCLUDED,63,29,0.678,639.4,339.07,-0.16,-0.27,White,1631.45
93,7,person,OCCLUDED,63,29,0.678,90.29,254.75,-1.16,-0.66,Grey,3580.65
93,15,car,OCCLUDED,60,29,0.678,438.04,306.72,-0.44,-0.55,White,4720.41
93,5,truck,OCCLUDED,18,74,0.178,182.31,174.73,-0.25,-0.36,Grey,12921.57
93,16,car,OCCLUDED,20,65,0.278,866.37,328.08,0.2,-0.44,Grey,8859.77
93,18,car,VISIBLE,33,0,0.7126,588.9,435.51,-0.71,-0.16,Cyan,675194.55
93,21,car,VISIBLE,33,0,0.6173,1184.76,298.16,-1.03,0.81,Grey,60147.55
93,22,car,VISIBLE,33,0,0.2167,557.05,155.08,-0.9,-0.25,Grey,10877.58
93,19,person,VISIBLE,33,0,0.3453,443.41,57.18,-0.91,0.02,Grey,3337.03
93,20,car,VISIBLE,33,0,0.3773,1112.54,166.12,-0.72,-0.35,Grey,31701.29
93,23,chair,VISIBLE,33,0,0.1581,733.99,274.0,-2.05,0.25,Cyan,4496.42
93,24,chair,VISIBLE,22,0,0.2941,605.14,271.44,-2.62,0.45,Grey,13553.47
93,27,chair,VISIBLE,16,0,0.2013,819.54,283.55,5.73,0.42,Grey,24981.72
94,6,car,VISIBLE,93,0,0.5514,237.34,287.49,-0.27,-4.69,Grey,233787.73
94,2,car,OCCLUDED,63,30,0.667,646.17,438.8,-0.07,-0.12,Purple,160266.72
94,1,car,OCCLUDED,63,30,0.667,1172.99,412.57,0.33,-0.18,Red,61898.72
94,8,truck,OCCLUDED,63,30,0.667,546.41,249.27,-0.12,-0.68,Grey,2913.99
94,3,car,VISIBLE,85,0,0.3573,883.76,178.91,-1.39,-0.29,Grey,43552.79
94,4,car,OCCLUDED,63,30,0.667,1040.18,371.79,0.5,-0.32,Red,36618.2
94,13,car,OUT_OF_BOUNDS,25,68,0.244,-129.72,536.94,-1.99,0.48,Grey,4493.18
94,11,person,OCCLUDED,63,30,0.667,713.99,318.74,-0.28,-0.47,Grey,5659.19
94,9,car,OCCLUDED,63,30,0.667,351.03,363.42,-0.67,-0.27,Grey,30084.14
94,12,car,OUT_OF_BOUNDS,23,70,0.222,1379.64,708.46,1.53,2.78,Grey,4597.82
94,14,chair,OCCLUDED,73,10,0.889,290.1,303.48,-4.49,0.54,Red,2151.27
94,10,chair,OCCLUDED,63,30,0.667,639.24,338.8,-0.16,-0.27,White,1631.45
94,7,person,OCCLUDED,63,30,0.667,89.12,254.09,-1.16,-0.66,Grey,3580.65
94,15,car,OCCLUDED,60,30,0.667,437.6,306.17,-0.44,-0.55,White,4720.41
94,5,truck,OCCLUDED,18,75,0.167,182.06,174.37,-0.25,-0.36,Grey,12921.57
94,16,car,OCCLUDED,20,66,0.267,866.56,327.65,0.2,-0.44,Grey,8859.77
94,18,car,VISIBLE,34,0,0.6954,588.51,435.56,-0.49,-0.02,Cyan,673443.35
94,21,car,VISIBLE,34,0,0.6127,1183.8,299.42,-0.98,1.12,Grey,61220.21
94,22,car,VISIBLE,34,0,0.2191,556.06,154.9,-0.96,-0.2,Grey,10735.13
94,19,person,VISIBLE,34,0,0.3366,441.98,56.96,-1.28,-0.15,Grey,3380.07
94,20,car,VISIBLE,34,0,0.3483,1111.78,166.19,-0.75,-0.06,Grey,31718.24
94,23,chair,VISIBLE,34,0,0.1547,732.22,274.27,-1.86,0.27,Cyan,4526.67
94,24,chair,VISIBLE,23,0,0.3359,603.56,271.97,-1.89,0.51,Grey,13683.29
94,27,chair,VISIBLE,17,0,0.2519,824.54,283.39,5.22,0.01,Grey,26218.26
95,6,car,VISIBLE,94,0,0.5485,237.25,284.69,-0.14,-3.37,Grey,231020.2
95,2,car,OCCLUDED,63,31,0.656,646.1,438.68,-0.07,-0.12,Purple,160266.72
95,1,car,OCCLUDED,63,31,0.656,1173.32,412.39,0.33,-0.18,Red,61898.72
95,8,truck,OCCLUDED,63,31,0.656,546.3,248.59,-0.12,-0.68,Grey,2913.99
95,3,car,VISIBLE,86,0,0.359,882.73,178.81,-1.14,-0.16,Grey,43366.96
95,4,car,OCCLUDED,63,31,0.656,1040.68,371.46,0.5,-0.32,Red,36618.2
95,13,car,OUT_OF_BOUNDS,25,69,0.233,-131.71,537.41,-1.99,0.48,Grey,4493.18
95,11,person,OCCLUDED,63,31,0.656,713.72,318.26,-0.28,-0.47,Grey,5659.19
95,9,car,OCCLUDED,63,31,0.656,350.36,363.14,-0.67,-0.27,Grey,30084.14
95,12,car,OUT_OF_BOUNDS,23,71,0.211,1381.16,711.24,1.53,2.78,Grey,4597.82
95,14,chair,OCCLUDED,73,11,0.878,285.61,304.02,-4.49,0.54,Red,2151.27
95,10,chair,OCCLUDED,63,31,0.656,639.08,338.53,-0.16,-0.27,White,1631.45
95,7,person,OCCLUDED,63,31,0.656,87.96,253.43,-1.16,-0.66,Grey,3580.65
95,15,car,OCCLUDED,60,31,0.656,437.16,305.62,-0.44,-0.55,White,4720.41
95,5,truck,OCCLUDED,18,76,0.156,181.81,174.01,-0.25,-0.36,Grey,12921.57
95,16,car,OCCLUDED,20,67,0.256,866.76,327.21,0.2,-0.44,Grey,8859.77
95,18,car,VISIBLE,35,0,0.7094,588.29,435.36,-0.3,-0.14,Cyan,672538.13
95,21,car,VISIBLE,35,0,0.6117,1182.9,300.6,-0.92,1.16,Grey,62236.75
95,22,car,VISIBLE,35,0,0.2224,555.39,154.78,-0.76,-0.14,Grey,10635.39
95,19,person,VISIBLE,35,0,0.358,441.1,56.78,-1.0,-0.17,Grey,3409.26
95,20,car,VISIBLE,35,0,0.3538,1111.22,166.69,-0.61,0.33,Grey,31928.56
95,23,chair,VISIBLE,35,0,0.1547,729.85,274.59,-2.22,0.3,Cyan,4548.8
95,24,chair,VISIBLE,24,0,0.2925,601.56,272.39,-1.97,0.45,Grey,13805.99
95,27,chair,VISIBLE,18,0,0.2474,829.84,283.25,5.27,-0.09,Grey,26422.96
96,6,car,VISIBLE,95,0,0.5511,237.19,283.2,-0.09,-2.06,Grey,229529.53
96,2,car,OCCLUDED,63,32,0.644,646.03,438.55,-0.07,-0.12,Purple,160266.72
96,1,car,OCCLUDED,63,32,0.644,1173.65,412.2,0.33,-0.18,Red,61898.72
96,8,truck,OCCLUDED,63,32,0.644,546.18,247.92,-0.12,-0.68,Grey,2913.99
96,3,car,VISIBLE,87,0,0.3621,882.08,178.77,-0.8,-0.08,Grey,43246.75
96,4,car,OCCLUDED,63,32,0.644,1041.18,371.14,0.5,-0.32,Red,36618.2
96,13,car,OUT_OF_BOUNDS,25,70,0.222,-133.7,537.89,-1.99,0.48,Grey,4493.18
96,11,person,OCCLUDED,63,32,0.644,713.44,317.79,-0.28,-0.47,Grey,5659.19
96,9,car,OCCLUDED,63,32,0.644,349.68,362.87,-0.67,-0.27,Grey,30084.14
96,12,car,OUT_OF_BOUNDS,23,72,0.2,1382.69,714.02,1.53,2.78,Grey,4597.82
96,14,chair,OCCLUDED,73,12,0.867,281.12,304.56,-4.49,0.54,Red,2151.27
96,10,chair,OCCLUDED,63,32,0.644,638.91,338.26,-0.16,-0.27,White,1631.45
96,7,person,OCCLUDED,63,32,0.644,86.79,252.77,-1.16,-0.66,Grey,3580.65
96,15,car,OCCLUDED,60,32,0.644,436.72,305.07,-0.44,-0.55,White,4720.41
96,5,truck,OCCLUDED,18,77,0.144,181.55,173.66,-0.25,-0.36,Grey,12921.57
96,16,car,OCCLUDED,20,68,0.244,866.96,326.77,0.2,-0.44,Grey,8859.77
96,18,car,VISIBLE,36,0,0.7074,589.09,435.62,0.48,0.14,Cyan,671915.1
96,21,car,VISIBLE,36,0,0.6,1181.47,301.38,-1.28,0.9,Grey,63450.7
96,22,car,VISIBLE,36,0,0.225,555.02,154.77,-0.49,-0.05,Grey,10600.34
96,19,person,VISIBLE,36,0,0.358,440.81,56.61,-0.51,-0.17,Grey,3396.76
96,20,car,VISIBLE,36,0,0.3387,1110.9,165.98,-0.41,-0.4,Grey,31574.08
96,23,chair,VISIBLE,36,0,0.1547,727.49,274.9,-2.32,0.31,Cyan,4570.73
96,24,chair,VISIBLE,25,0,0.2223,599.99,272.69,-1.69,0.34,Grey,13712.69
96,27,chair,VISIBLE,19,0,0.2167,831.23,283.16,2.56,-0.09,Grey,26836.98
97,6,car,VISIBLE,96,0,0.5543,237.21,283.16,-0.01,-0.65,Grey,229489.75
97,2,car,OCCLUDED,63,33,0.633,645.96,438.43,-0.07,-0.12,Purple,160266.72
97,1,car,OCCLUDED,63,33,0.633,1173.98,412.02,0.33,-0.18,Red,61898.72
97,8,truck,OCCLUDED,63,33,0.633,546.06,247.24,-0.12,-0.68,Grey,2913.99
97,3,car,VISIBLE,88,0,0.3648,881.59,178.65,-0.58,-0.1,Grey,43139.64
97,4,car,OCCLUDED,63,33,0.633,1041.68,370.82,0.5,-0.32,Red,36618.2
97,13,car,OUT_OF_BOUNDS,25,71,0.211,-135.7,538.36,-1.99,0.48,Grey,4493.18
97,11,person,OCCLUDED,63,33,0.633,713.16,317.31,-0.28,-0.47,Grey,5659.19
97,9,car,OCCLUDED,63,33,0.633,349.01,362.6,-0.67,-0.27,Grey,30084.14
97,12,car,OUT_OF_BOUNDS,23,73,0.189,1384.22,716.81,1.53,2.78,Grey,4597.82
97,14,chair,OCCLUDED,73,13,0.856,276.63,305.1,-4.49,0.54,Red,2151.27
97,10,chair,OCCLUDED,63,33,0.633,638.75,338.0,-0.16,-0.27,White,1631.45
97,7,person,OCCLUDED,63,33,0.633,85.63,252.11,-1.16,-0.66,Grey,3580.65
97,15,car,OCCLUDED,60,33,0.633,436.28,304.52,-0.44,-0.55,White,4720.41
97,5,truck,OCCLUDED,18,78,0.133,181.3,173.3,-0.25,-0.36,Grey,12921.57
97,16,car,OCCLUDED,20,69,0.233,867.16,326.33,0.2,-0.44,Grey,8859.77
97,18,car,VISIBLE,37,0,0.6925,589.01,435.54,0.08,-0.02,Blue,671268.95
97,21,car,VISIBLE,37,0,0.6063,1180.85,301.96,-0.82,0.67,Grey,64046.09
97,22,car,VISIBLE,37,0,0.2183,555.04,154.8,-0.13,0.0,Grey,10627.19
97,19,person,VISIBLE,37,0,0.367,441.38,56.47,0.25,-0.15,Grey,3287.88
97,20,car,VISIBLE,37,0,0.3122,1110.67,165.77,-0.28,-0.26,Grey,31482.32
97,23,chair,VISIBLE,37,0,0.1547,725.12,275.21,-2.36,0.31,Cyan,4592.46
97,24,chair,VISIBLE,26,0,0.1949,598.86,272.77,-1.3,0.16,Grey,13828.05
97,27,chair,VISIBLE,20,0,0.2098,829.41,283.12,-0.51,-0.06,Grey,27585.55
98,6,car,VISIBLE,97,0,0.5543,237.35,283.31,0.1,-0.08,Grey,229830.15
98,2,car,OCCLUDED,63,34,0.622,645.89,438.31,-0.07,-0.12,Purple,160266.72
98,1,car,OCCLUDED,63,34,0.622,1174.31,411.84,0.33,-0.18,Red,61898.72
98,8,truck,OCCLUDED,63,34,0.622,545.95,246.57,-0.12,-0.68,Grey,2913.99
98,3,car,VISIBLE,89,0,0.3604,881.36,178.58,-0.33,-0.08,Grey,43083.92
98,4,car,OCCLUDED,63,34,0.622,1042.17,370.49,0.5,-0.32,Red,36618.2
98,13,car,OUT_OF_BOUNDS,25,72,0.2,-137.69,538.84,-1.99,0.48,Grey,4493.18
98,11,person,OCCLUDED,63,34,0.622,712.88,316.84,-0.28,-0.47,Grey,5659.19
98,9,car,OCCLUDED,63,34,0.622,348.34,362.33,-0.67,-0.27,Grey,30084.14
98,12,car,OUT_OF_BOUNDS,23,74,0.178,1385.75,719.59,1.53,2.78,Grey,4597.82
98,14,chair,OCCLUDED,73,14,0.844,272.14,305.64,-4.49,0.54,Red,2151.27
98,10,chair,OCCLUDED,63,34,0.622,638.59,337.73,-0.16,-0.27,White,1631.45
98,7,person,OCCLUDED,63,34,0.622,84.47,251.45,-1.16,-0.66,Grey,3580.65
98,15,car,OCCLUDED,60,34,0.622,435.84,303.97,-0.44,-0.55,White,4720.41
98,5,truck,OCCLUDED,18,79,0.122,181.05,172.94,-0.25,-0.36,Grey,12921.57
98,16,car,OCCLUDED,20,70,0.222,867.36,325.89,0.2,-0.44,Grey,8859.77
98,18,car,VISIBLE,38,0,0.6964,589.14,435.45,0.12,-0.06,Cyan,671088.16
98,21,car,VISIBLE,38,0,0.6085,1180.74,302.52,-0.33,0.6,Grey,64368.08
98,22,car,VISIBLE,38,0,0.2178,555.15,154.83,0.04,0.02,Grey,10682.13
98,19,person,VISIBLE,38,0,0.3504,442.08,56.3,0.57,-0.16,Grey,3173.08
98,20,car,VISIBLE,38,0,0.3074,1110.55,166.24,-0.17,0.25,Grey,31736.13
98,23,chair,VISIBLE,38,0,0.1547,722.75,275.53,-2.36,0.31,Cyan,4613.98
98,24,chair,VISIBLE,27,0,0.2199,598.88,272.8,-0.37,0.07,Grey,13804.15
98,27,chair,VISIBLE,21,0,0.1563,827.26,283.5,-1.66,0.25,Grey,28954.34
99,6,car,VISIBLE,98,0,0.5515,237.39,283.15,0.05,-0.14,Grey,229723.85
99,2,car,OCCLUDED,63,35,0.611,645.82,438.18,-0.07,-0.12,Purple,160266.72
99,1,car,OCCLUDED,63,35,0.611,1174.64,411.66,0.33,-0.18,Red,61898.72
99,8,truck,OCCLUDED,63,35,0.611,545.83,245.89,-0.12,-0.68,Grey,2913.99
99,3,car,VISIBLE,90,0,0.3567,881.36,178.46,-0.1,-0.11,Grey,43084.4
99,4,car,OCCLUDED,63,35,0.611,1042.67,370.17,0.5,-0.32,Red,36618.2
99,13,car,OUT_OF_BOUNDS,25,73,0.189,-139.68,539.31,-1.99,0.48,Grey,4493.18
99,11,person,OCCLUDED,63,35,0.611,712.61,316.36,-0.28,-0.47,Grey,5659.19
99,9,car,OCCLUDED,63,35,0.611,347.66,362.06,-0.67,-0.27,Grey,30084.14
99,12,car,OUT_OF_BOUNDS,23,75,0.167,1387.28,722.37,1.53,2.78,Grey,4597.82
99,14,chair,OCCLUDED,73,15,0.833,267.65,306.18,-4.49,0.54,Red,2151.27
99,10,chair,OCCLUDED,63,35,0.611,638.43,337.46,-0.16,-0.27,White,1631.45
99,7,person,OCCLUDED,63,35,0.611,83.3,250.79,-1.16,-0.66,Grey,3580.65
99,15,car,OCCLUDED,60,35,0.611,435.4,303.42,-0.44,-0.55,White,4720.41
99,5,truck,OCCLUDED,18,80,0.111,180.79,172.59,-0.25,-0.36,Grey,12921.57
99,16,car,OCCLUDED,20,71,0.211,867.56,325.45,0.2,-0.44,Grey,8859.77
99,18,car,VISIBLE,39,0,0.6998,589.55,435.37,0.32,-0.08,Blue,671387.25
99,21,car,VISIBLE,39,0,0.6284,1180.63,302.81,-0.17,0.38,Grey,64485.97
99,22,car,VISIBLE,39,0,0.2197,555.38,154.88,0.17,0.04,Grey,10766.02
99,19,person,VISIBLE,39,0,0.3463,442.45,56.27,0.43,-0.07,Grey,3115.46
99,20,car,VISIBLE,39,0,0.2967,1110.57,166.26,-0.04,0.09,Grey,31752.1
99,23,chair,VISIBLE,39,0,0.1547,720.38,275.84,-2.37,0.31,Cyan,4635.3
99,24,chair,VISIBLE,28,0,0.2464,599.11,272.77,0.05,0.0,Grey,13983.08
99,27,person,VISIBLE,22,0,0.2981,803.9,283.72,-16.85,0.23,Grey,23211.83
100,6,car,VISIBLE,99,0,0.553,237.5,283.65,0.09,0.31,Grey,230303.56
100,2,car,OCCLUDED,63,36,0.6,645.74,438.06,-0.07,-0.12,Purple,160266.72
100,1,car,OCCLUDED,63,36,0.6,1174.97,411.48,0.33,-0.18,Red,61898.72
100,8,truck,OCCLUDED,63,36,0.6,545.71,245.22,-0.12,-0.68,Grey,2913.99
100,3,car,VISIBLE,91,0,0.3589,881.38,178.52,-0.01,0.01,Grey,43137.98
100,4,car,OCCLUDED,63,36,0.6,1043.17,369.85,0.5,-0.32,Red,36618.2
100,13,car,OUT_OF_BOUNDS,25,74,0.178,-141.67,539.79,-1.99,0.48,Grey,4493.18
100,11,person,OCCLUDED,63,36,0.6,712.33,315.89,-0.28,-0.47,Grey,5659.19
100,9,car,OCCLUDED,63,36,0.6,346.99,361.78,-0.67,-0.27,Grey,30084.14
100,12,car,OUT_OF_BOUNDS,23,76,0.156,1388.81,725.16,1.53,2.78,Grey,4597.82
100,14,chair,OCCLUDED,73,16,0.822,263.16,306.72,-4.49,0.54,Red,2151.27
100,10,chair,OCCLUDED,63,36,0.6,638.27,337.19,-0.16,-0.27,White,1631.45
100,7,person,OCCLUDED,63,36,0.6,82.14,250.13,-1.16,-0.66,Grey,3580.65
100,15,car,OCCLUDED,60,36,0.6,434.96,302.87,-0.44,-0.55,White,4720.41
100,5,truck,OCCLUDED,18,81,0.1,180.54,172.23,-0.25,-0.36,Grey,12921.57
100,16,car,OCCLUDED,20,72,0.2,867.76,325.02,0.2,-0.44,Grey,8859.77
100,18,car,VISIBLE,40,0,0.6991,589.96,435.42,0.39,0.02,Cyan,671496.49
100,21,car,VISIBLE,40,0,0.6011,1180.17,302.35,-0.37,-0.21,Grey,64586.44
100,22,car,VISIBLE,40,0,0.2243,555.67,155.12,0.25,0.18,Grey,10868.08
100,19,person,VISIBLE,40,0,0.3333,442.7,56.3,0.3,-0.0,Grey,3117.78
100,20,car,VISIBLE,40,0,0.2908,1110.66,166.37,0.05,0.1,Grey,31774.69
100,23,chair,OCCLUDED,39,1,0.989,718.01,276.15,-2.37,0.31,Cyan,4635.3
100,24,chair,VISIBLE,29,0,0.2638,601.38,272.67,1.6,-0.07,Grey,13744.82
100,27,person,VISIBLE,23,0,0.3202,787.57,284.17,-16.49,0.38,Grey,18937.31
101,6,car,VISIBLE,100,0,0.5518,237.66,283.61,0.14,0.06,Grey,230402.57
101,2,car,OCCLUDED,63,37,0.589,645.67,437.94,-0.07,-0.12,Purple,160266.72
101,1,car,OCCLUDED,63,37,0.589,1175.31,411.3,0.33,-0.18,Red,61898.72
101,8,truck,OCCLUDED,63,37,0.589,545.6,244.54,-0.12,-0.68,Grey,2913.99
101,3,car,VISIBLE,92,0,0.3735,881.37,178.87,-0.01,0.25,Grey,43328.67
101,4,car,OCCLUDED,63,37,0.589,1043.67,369.52,0.5,-0.32,Red,36618.2
101,13,car,OUT_OF_BOUNDS,25,75,0.167,-143.66,540.27,-1.99,0.48,Grey,4493.18
101,11,person,OCCLUDED,63,37,0.589,712.05,315.42,-0.28,-0.47,Grey,5659.19
101,9,car,OCCLUDED,63,37,0.589,346.32,361.51,-0.67,-0.27,Grey,30084.14
101,12,car,OUT_OF_BOUNDS,23,77,0.144,1390.34,727.94,1.53,2.78,Grey,4597.82
101,14,chair,OCCLUDED,73,17,0.811,258.67,307.26,-4.49,0.54,Red,2151.27
101,10,chair,OCCLUDED,63,37,0.589,638.11,336.92,-0.16,-0.27,White,1631.45
101,7,person,OCCLUDED,63,37,0.589,80.98,249.47,-1.16,-0.66,Grey,3580.65
101,15,car,OCCLUDED,60,37,0.589,434.52,302.32,-0.44,-0.55,White,4720.41
101,5,truck,OCCLUDED,18,82,0.089,180.29,171.87,-0.25,-0.36,Grey,12921.57
101,16,car,OCCLUDED,20,73,0.189,867.96,324.58,0.2,-0.44,Grey,8859.77
101,18,car,VISIBLE,41,0,0.6986,590.39,435.58,0.42,0.11,Blue,671520.33
101,21,car,VISIBLE,41,0,0.5984,1179.69,301.55,-0.45,-0.62,Grey,64630.95
101,22,car,VISIBLE,41,0,0.2112,555.96,155.49,0.28,0.31,Grey,10997.17
101,19,person,VISIBLE,41,0,0.3208,443.45,56.73,0.62,0.3,Grey,3126.76
101,20,car,VISIBLE,41,0,0.2527,1110.8,167.39,0.11,0.75,Grey,32181.96
101,23,chair,OCCLUDED,39,2,0.978,715.64,276.46,-2.37,0.31,Cyan,4635.3
101,24,chair,VISIBLE,30,0,0.2378,601.36,272.44,0.47,-0.19,Grey,13826.0
101,27,person,VISIBLE,24,0,0.4651,777.03,285.17,-12.32,0.82,Grey,15832.24
102,6,car,VISIBLE,101,0,0.5527,237.68,283.63,0.05,0.04,Grey,230437.02
102,2,car,OCCLUDED,63,38,0.578,645.6,437.81,-0.07,-0.12,Purple,160266.72
102,1,car,OCCLUDED,63,38,0.578,1175.64,411.11,0.33,-0.18,Red,61898.72
102,8,truck,OCCLUDED,63,38,0.578,545.48,243.87,-0.12,-0.68,Grey,2913.99
102,3,car,VISIBLE,93,0,0.3787,881.4,179.32,0.02,0.39,Grey,43537.57
102,4,car,OCCLUDED,63,38,0.578,1044.16,369.2,0.5,-0.32,Red,36618.2
102,13,car,OUT_OF_BOUNDS,25,76,0.156,-145.65,540.74,-1.99,0.48,Grey,4493.18
102,11,person,OCCLUDED,63,38,0.578,711.77,314.94,-0.28,-0.47,Grey,5659.19
102,9,car,OCCLUDED,63,38,0.578,345.65,361.24,-0.67,-0.27,Grey,30084.14
102,12,car,OUT_OF_BOUNDS,23,78,0.133,1391.87,730.72,1.53,2.78,Grey,4597.82
102,14,chair,OCCLUDED,73,18,0.8,254.18,307.8,-4.49,0.54,Red,2151.27
102,10,chair,OCCLUDED,63,38,0.578,637.95,336.65,-0.16,-0.27,White,1631.45
102,7,person,OCCLUDED,63,38,0.578,79.81,248.81,-1.16,-0.66,Grey,3580.65
102,15,car,OCCLUDED,60,38,0.578,434.08,301.77,-0.44,-0.55,White,4720.41
102,5,truck,OCCLUDED,18,83,0.078,180.03,171.52,-0.25,-0.36,Grey,12921.57
102,16,car,OCCLUDED,20,74,0.178,868.16,324.14,0.2,-0.44,Grey,8859.77
102,18,car,VISIBLE,42,0,0.7047,590.69,435.71,0.33,0.13,Cyan,671483.65
102,21,car,VISIBLE,42,0,0.6017,1179.03,300.77,-0.59,-0.73,Grey,64792.98
102,22,car,VISIBLE,42,0,0.2123,556.24,155.78,0.28,0.3,Grey,11118.38
102,19,person,VISIBLE,42,0,0.3267,443.97,57.12,0.55,0.37,Grey,3153.87
102,20,car,VISIBLE,42,0,0.254,1110.88,167.81,0.09,0.51,Grey,32328.23
102,23,chair,OCCLUDED,39,3,0.967,713.28,276.77,-2.37,0.31,Cyan,4635.3
102,24,chair,VISIBLE,31,0,0.2825,603.5,271.95,1.64,-0.4,Grey,13593.83
102,27,person,VISIBLE,25,0,0.5159,770.99,285.69,-7.93,0.61,Grey,13908.25
103,6,car,VISIBLE,102,0,0.5527,237.59,285.11,-0.04,1.04,Grey,231735.05
103,2,car,OCCLUDED,63,39,0.567,645.53,437.69,-0.07,-0.12,Purple,160266.72
103,1,car,OCCLUDED,63,39,0.567,1175.97,410.93,0.33,-0.18,Red,61898.72
103,8,truck,OCCLUDED,63,39,0.567,545.37,243.19,-0.12,-0.68,Grey,2913.99
103,3,car,VISIBLE,94,0,0.378,881.41,179.49,0.01,0.24,Grey,43534.67
103,4,car,OCCLUDED,63,39,0.567,1044.66,368.88,0.5,-0.32,Red,36618.2
103,13,car,OUT_OF_BOUNDS,25,77,0.144,-147.64,541.22,-1.99,0.48,Grey,4493.18
103,11,person,OCCLUDED,63,39,0.567,711.5,314.47,-0.28,-0.47,Grey,5659.19
103,9,car,OCCLUDED,63,39,0.567,344.97,360.97,-0.67,-0.27,Grey,30084.14
103,12,car,OUT_OF_BOUNDS,23,79,0.122,1393.4,733.51,1.53,2.78,Grey,4597.82
103,14,chair,OCCLUDED,73,19,0.789,249.69,308.34,-4.49,0.54,Red,2151.27
103,10,chair,OCCLUDED,63,39,0.567,637.79,336.38,-0.16,-0.27,White,1631.45
103,7,person,OCCLUDED,63,39,0.567,78.65,248.15,-1.16,-0.66,Grey,3580.65
103,15,car,OCCLUDED,60,39,0.567,433.64,301.22,-0.44,-0.55,White,4720.41
103,5,truck,OCCLUDED,18,84,0.067,179.78,171.16,-0.25,-0.36,Grey,12921.57
103,16,car,OCCLUDED,20,75,0.167,868.35,323.7,0.2,-0.44,Grey,8859.77
103,18,car,VISIBLE,43,0,0.7039,590.83,435.73,0.2,0.05,Blue,671599.09
103,21,car,VISIBLE,43,0,0.6084,1178.51,300.22,-0.55,-0.61,Grey,64881.11
103,22,car,VISIBLE,43,0,0.2114,556.35,156.0,0.16,0.24,Grey,11219.6
103,19,person,VISIBLE,43,0,0.3157,443.61,57.18,-0.09,0.16,Grey,3251.79
103,20,car,VISIBLE,43,0,0.2494,1110.97,168.65,0.09,0.75,Grey,32681.54
103,23,chair,OCCLUDED,39,4,0.956,710.91,277.09,-2.37,0.31,Cyan,4635.3
103,24,chair,VISIBLE,32,0,0.2782,605.14,271.26,1.64,-0.6,Grey,13400.18
103,27,person,VISIBLE,26,0,0.478,768.23,285.93,-4.31,0.35,Grey,12819.68
104,6,car,VISIBLE,103,0,0.5519,237.46,284.76,-0.1,0.07,Grey,231263.98
104,2,car,OCCLUDED,63,40,0.556,645.46,437.56,-0.07,-0.12,Purple,160266.72
104,1,car,OCCLUDED,63,40,0.556,1176.3,410.75,0.33,-0.18,Red,61898.72
104,8,truck,OCCLUDED,63,40,0.556,545.25,242.51,-0.12,-0.68,Grey,2913.99
104,3,car,VISIBLE,95,0,0.3783,881.3,179.36,-0.07,-0.02,Grey,43319.1
104,4,car,OCCLUDED,63,40,0.556,1045.16,368.55,0.5,-0.32,Red,36618.2
104,13,car,OUT_OF_BOUNDS,25,78,0.133,-149.63,541.69,-1.99,0.48,Grey,4493.18
104,11,person,OCCLUDED,63,40,0.556,711.22,313.99,-0.28,-0.47,Grey,5659.19
104,9,car,OCCLUDED,63,40,0.556,344.3,360.7,-0.67,-0.27,Grey,30084.14
104,12,car,OUT_OF_BOUNDS,23,80,0.111,1394.92,736.29,1.53,2.78,Grey,4597.82
104,14,chair,OCCLUDED,73,20,0.778,245.2,308.88,-4.49,0.54,Red,2151.27
104,10,chair,OCCLUDED,63,40,0.556,637.63,336.11,-0.16,-0.27,White,1631.45
104,7,person,OCCLUDED,63,40,0.556,77.49,247.49,-1.16,-0.66,Grey,3580.65
104,15,car,OCCLUDED,60,40,0.556,433.2,300.67,-0.44,-0.55,White,4720.41
104,5,truck,OCCLUDED,18,85,0.056,179.53,170.8,-0.25,-0.36,Grey,12921.57
104,16,car,OCCLUDED,20,76,0.156,868.55,323.26,0.2,-0.44,Grey,8859.77
104,18,car,VISIBLE,44,0,0.7066,590.84,435.71,0.07,-0.0,Cyan,671705.26
104,21,car,VISIBLE,44,0,0.6039,1177.95,299.52,-0.56,-0.67,Grey,64936.03
104,22,car,VISIBLE,44,0,0.2107,556.3,156.08,0.02,0.13,Grey,11269.81
104,19,person,VISIBLE,44,0,0.306,443.06,57.27,-0.41,0.11,Grey,3358.6
104,20,car,VISIBLE,44,0,0.2583,1110.99,169.09,0.04,0.53,Grey,32841.13
104,23,chair,OCCLUDED,39,5,0.944,708.54,277.4,-2.37,0.31,Cyan,4635.3
104,24,chair,VISIBLE,33,0,0.3111,606.28,270.8,1.29,-0.51,Grey,13415.73
104,27,person,VISIBLE,27,0,0.4341,767.62,286.03,-1.72,0.18,Grey,12295.92
105,6,car,VISIBLE,104,0,0.5536,237.29,284.76,-0.15,0.02,Grey,231114.58
105,2,car,OCCLUDED,63,41,0.544,645.39,437.44,-0.07,-0.12,Purple,160266.72
105,1,car,OCCLUDED,63,41,0.544,1176.63,410.57,0.33,-0.18,Red,61898.72
105,8,truck,OCCLUDED,63,41,0.544,545.13,241.84,-0.12,-0.68,Grey,2913.99
105,3,car,VISIBLE,96,0,0.3682,881.11,179.09,-0.16,-0.2,Grey,43033.15
105,4,car,OCCLUDED,63,41,0.544,1045.66,368.23,0.5,-0.32,Red,36618.2
105,13,car,OUT_OF_BOUNDS,25,79,0.122,-151.62,542.17,-1.99,0.48,Grey,4493.18
105,11,person,OCCLUDED,63,41,0.544,710.94,313.52,-0.28,-0.47,Grey,5659.19
105,9,car,OCCLUDED,63,41,0.544,343.63,360.43,-0.67,-0.27,Grey,30084.14
105,12,car,OUT_OF_BOUNDS,23,81,0.1,1396.45,739.08,1.53,2.78,Grey,4597.82
105,14,chair,OCCLUDED,73,21,0.767,240.71,309.42,-4.49,0.54,Red,2151.27
105,10,chair,OCCLUDED,63,41,0.544,637.47,335.84,-0.16,-0.27,White,1631.45
105,7,person,OCCLUDED,63,41,0.544,76.32,246.83,-1.16,-0.66,Grey,3580.65
105,15,car,OCCLUDED,60,41,0.544,432.76,300.11,-0.44,-0.55,White,4720.41
105,5,truck,OCCLUDED,18,86,0.044,179.27,170.45,-0.25,-0.36,Grey,12921.57
105,16,car,OCCLUDED,20,77,0.144,868.75,322.82,0.2,-0.44,Grey,8859.77
105,18,car,VISIBLE,45,0,0.7063,590.8,435.58,-0.01,-0.09,Blue,672007.35
105,21,car,VISIBLE,45,0,0.6014,1176.99,298.94,-0.83,-0.61,Grey,65320.07
105,22,car,VISIBLE,45,0,0.216,555.94,156.1,-0.24,0.05,Grey,11270.6
105,19,person,VISIBLE,45,0,0.2881,443.47,57.54,0.17,0.22,Grey,3324.95
105,20,car,VISIBLE,45,0,0.2633,1110.84,169.19,-0.1,0.23,Grey,32851.86
105,23,chair,OCCLUDED,39,6,0.933,706.17,277.71,-2.37,0.31,Cyan,4635.3
105,24,chair,VISIBLE,34,0,0.3187,606.94,270.45,0.85,-0.39,Grey,13374.08
105,27,person,VISIBLE,28,0,0.4301,768.18,285.9,-0.12,-0.04,Grey,12145.7
106,6,car,VISIBLE,105,0,0.5602,237.04,286.71,-0.22,1.37,Grey,232743.36
106,2,car,OCCLUDED,63,42,0.533,645.32,437.32,-0.07,-0.12,Purple,160266.72
106,1,car,OCCLUDED,63,42,0.533,1176.96,410.39,0.33,-0.18,Red,61898.72
106,8,truck,OCCLUDED,63,42,0.533,545.02,241.16,-0.12,-0.68,Grey,2913.99
106,3,car,VISIBLE,97,0,0.3633,881.1,178.84,-0.06,-0.23,Grey,42717.33
106,4,car,OCCLUDED,63,42,0.533,1046.15,367.91,0.5,-0.32,Red,36618.2
106,13,car,OUT_OF_BOUNDS,25,80,0.111,-153.61,542.64,-1.99,0.48,Grey,4493.18
106,11,person,OCCLUDED,63,42,0.533,710.66,313.04,-0.28,-0.47,Grey,5659.19
106,9,car,OCCLUDED,63,42,0.533,342.96,360.15,-0.67,-0.27,Grey,30084.14
106,12,car,OUT_OF_BOUNDS,23,82,0.089,1397.98,741.86,1.53,2.78,Grey,4597.82
106,14,chair,OCCLUDED,73,22,0.756,236.22,309.96,-4.49,0.54,Red,2151.27
106,10,chair,OCCLUDED,63,42,0.533,637.31,335.58,-0.16,-0.27,White,1631.45
106,7,person,OCCLUDED,63,42,0.533,75.16,246.17,-1.16,-0.66,Grey,3580.65
106,15,car,OCCLUDED,60,42,0.533,432.32,299.56,-0.44,-0.55,White,4720.41
106,5,truck,OCCLUDED,18,87,0.033,179.02,170.09,-0.25,-0.36,Grey,12921.57
106,16,car,OCCLUDED,20,78,0.133,868.95,322.39,0.2,-0.44,Grey,8859.77
106,18,car,VISIBLE,46,0,0.7038,590.75,435.41,-0.04,-0.14,Blue,672353.93
106,21,car,VISIBLE,46,0,0.6014,1175.64,298.54,-1.2,-0.46,Grey,65969.47
106,22,car,VISIBLE,46,0,0.2122,555.38,156.12,-0.47,0.03,Grey,11270.59
106,19,person,VISIBLE,46,0,0.269,443.79,57.7,0.27,0.18,Grey,3275.74
106,20,car,VISIBLE,46,0,0.2612,1110.64,168.51,-0.16,-0.41,Grey,32505.73
106,23,chair,OCCLUDED,39,7,0.922,703.81,278.02,-2.37,0.31,Cyan,4635.3
106,24,chair,VISIBLE,35,0,0.2569,606.8,270.42,0.15,-0.14,Grey,13395.93
106,27,person,VISIBLE,29,0,0.3054,769.72,285.37,1.04,-0.38,Grey,12248.93
107,6,car,VISIBLE,106,0,0.5606,236.78,287.57,-0.25,1.01,Grey,233338.89
107,2,car,OCCLUDED,63,43,0.522,645.25,437.19,-0.07,-0.12,Purple,160266.72
107,1,car,OCCLUDED,63,43,0.522,1177.29,410.2,0.33,-0.18,Red,61898.72
107,8,truck,OCCLUDED,63,43,0.522,544.9,240.49,-0.12,-0.68,Grey,2913.99
107,3,car,VISIBLE,98,0,0.3558,881.11,178.38,-0.01,-0.39,Grey,42306.21
107,4,car,OCCLUDED,63,43,0.522,1046.65,367.58,0.5,-0.32,Red,36618.2
107,13,car,OUT_OF_BOUNDS,25,81,0.1,-155.6,543.12,-1.99,0.48,Grey,4493.18
107,11,person,OCCLUDED,63,43,0.522,710.39,312.57,-0.28,-0.47,Grey,5659.19
107,9,car,OCCLUDED,63,43,0.522,342.28,359.88,-0.67,-0.27,Grey,30084.14
107,12,car,OUT_OF_BOUNDS,23,83,0.078,1399.51,744.64,1.53,2.78,Grey,4597.82
107,14,chair,OCCLUDED,73,23,0.744,231.73,310.5,-4.49,0.54,Red,2151.27
107,10,chair,OCCLUDED,63,43,0.522,637.15,335.31,-0.16,-0.27,White,1631.45
107,7,person,OCCLUDED,63,43,0.522,73.99,245.51,-1.16,-0.66,Grey,3580.65
107,15,car,OCCLUDED,60,43,0.522,431.88,299.01,-0.44,-0.55,White,4720.41
107,5,truck,OCCLUDED,18,88,0.022,178.77,169.73,-0.25,-0.36,Grey,12921.57
107,16,car,OCCLUDED,20,79,0.122,869.15,321.95,0.2,-0.44,Grey,8859.77
107,18,car,VISIBLE,47,0,0.7027,590.69,435.28,-0.06,-0.14,Blue,672635.65
107,21,car,VISIBLE,47,0,0.5991,1174.3,298.23,-1.3,-0.36,Grey,66638.55
107,22,car,VISIBLE,47,0,0.2151,554.69,156.25,-0.62,0.1,Grey,11321.51
107,19,person,VISIBLE,47,0,0.2665,443.5,57.52,-0.12,-0.07,Grey,3257.34
107,20,car,VISIBLE,47,0,0.2491,1110.3,167.62,-0.29,-0.75,Grey,32056.14
107,23,chair,OCCLUDED,39,8,0.911,701.44,278.33,-2.37,0.31,Cyan,4635.3
107,24,chair,VISIBLE,36,0,0.3031,607.13,270.58,0.28,0.07,Grey,13321.58
107,27,person,VISIBLE,30,0,0.2526,771.71,284.69,1.7,-0.59,Grey,12409.56
108,6,car,VISIBLE,107,0,0.5523,236.68,289.19,-0.15,1.43,Grey,234826.77
108,2,car,OCCLUDED,63,44,0.511,645.18,437.07,-0.07,-0.12,Purple,160266.72
108,1,car,OCCLUDED,63,44,0.511,1177.62,410.02,0.33,-0.18,Red,61898.72
108,8,truck,OCCLUDED,63,44,0.511,544.79,239.81,-0.12,-0.68,Grey,2913.99
108,3,car,VISIBLE,99,0,0.3568,881.13,177.82,0.01,-0.51,Grey,41854.47
108,4,car,OCCLUDED,63,44,0.511,1047.15,367.26,0.5,-0.32,Red,36618.2
108,13,car,OUT_OF_BOUNDS,25,82,0.089,-157.59,543.6,-1.99,0.48,Grey,4493.18
108,11,person,OCCLUDED,63,44,0.511,710.11,312.09,-0.28,-0.47,Grey,5659.19
108,9,car,OCCLUDED,63,44,0.511,341.61,359.61,-0.67,-0.27,Grey,30084.14
108,12,car,OUT_OF_BOUNDS,23,84,0.067,1401.04,747.43,1.53,2.78,Grey,4597.82
108,14,chair,OCCLUDED,73,24,0.733,227.24,311.04,-4.49,0.54,Red,2151.27
108,10,chair,OCCLUDED,63,44,0.511,636.99,335.04,-0.16,-0.27,White,1631.45
108,7,person,OCCLUDED,63,44,0.511,72.83,244.85,-1.16,-0.66,Grey,3580.65
108,15,car,OCCLUDED,60,44,0.511,431.43,298.46,-0.44,-0.55,White,4720.41
108,5,truck,OCCLUDED,18,89,0.011,178.51,169.38,-0.25,-0.36,Grey,12921.57
108,16,car,OCCLUDED,20,80,0.111,869.35,321.51,0.2,-0.44,Grey,8859.77
108,18,car,VISIBLE,48,0,0.6968,590.61,435.19,-0.07,-0.1,Cyan,672796.64
108,21,car,VISIBLE,48,0,0.6026,1173.32,298.24,-1.08,-0.1,Grey,67198.81
108,22,car,VISIBLE,48,0,0.2076,553.95,156.31,-0.71,0.07,Grey,11349.1
108,19,person,VISIBLE,48,0,0.2717,443.13,57.36,-0.29,-0.13,Grey,3214.48
108,20,car,VISIBLE,48,0,0.2657,1109.94,167.33,-0.34,-0.42,Grey,31811.17
108,23,chair,OCCLUDED,39,9,0.9,699.07,278.64,-2.37,0.31,Cyan,4635.3
108,24,chair,VISIBLE,37,0,0.2606,606.65,270.87,-0.25,0.22,Grey,13322.22
108,27,person,VISIBLE,31,0,0.185,773.84,283.98,2.0,-0.67,Grey,12567.2
109,6,car,VISIBLE,108,0,0.5515,236.42,289.58,-0.22,0.71,Grey,235026.61
109,2,car,OCCLUDED,63,45,0.5,645.11,436.95,-0.07,-0.12,Purple,160266.72
109,1,car,OCCLUDED,63,45,0.5,1177.96,409.84,0.33,-0.18,Red,61898.72
109,8,truck,OCCLUDED,63,45,0.5,544.67,239.14,-0.12,-0.68,Grey,2913.99
109,3,car,VISIBLE,100,0,0.3388,881.1,177.72,-0.02,-0.23,Grey,41895.29
109,4,car,OCCLUDED,63,45,0.5,1047.65,366.94,0.5,-0.32,Red,36618.2
109,13,car,OUT_OF_BOUNDS,25,83,0.078,-159.59,544.07,-1.99,0.48,Grey,4493.18
109,11,person,OCCLUDED,63,45,0.5,709.83,311.62,-0.28,-0.47,Grey,5659.19
109,9,car,OCCLUDED,63,45,0.5,340.94,359.34,-0.67,-0.27,Grey,30084.14
109,12,car,OUT_OF_BOUNDS,23,85,0.056,1402.57,750.21,1.53,2.78,Grey,4597.82
109,14,chair,OCCLUDED,73,25,0.722,222.75,311.58,-4.49,0.54,Red,2151.27
109,10,chair,OCCLUDED,63,45,0.5,636.82,334.77,-0.16,-0.27,White,1631.45
109,7,person,OCCLUDED,63,45,0.5,71.67,244.19,-1.16,-0.66,Grey,3580.65
109,15,car,OCCLUDED,60,45,0.5,430.99,297.91,-0.44,-0.55,White,4720.41
109,5,truck,OCCLUDED,18,90,0.0,178.26,169.02,-0.25,-0.36,Grey,12921.57
109,16,car,OCCLUDED,20,81,0.1,869.55,321.07,0.2,-0.44,Grey,8859.77
109,18,car,VISIBLE,49,0,0.7053,590.52,434.96,-0.08,-0.19,Blue,673247.25
109,21,car,VISIBLE,49,0,0.5842,1172.76,298.33,-0.72,0.04,Grey,67566.51
109,22,car,VISIBLE,49,0,0.1998,553.21,156.32,-0.73,0.03,Grey,11427.29
109,19,person,VISIBLE,49,0,0.2744,443.08,57.46,-0.13,0.02,Grey,3163.27
109,20,car,VISIBLE,49,0,0.2596,1109.41,167.75,-0.47,0.17,Grey,32081.14
109,23,chair,VISIBLE,40,0,0.187,730.89,276.02,0.03,0.11,Cyan,3887.54
109,24,chair,VISIBLE,38,0,0.3029,606.43,271.17,-0.23,0.28,Grey,13379.42
109,27,person,VISIBLE,32,0,0.185,773.57,283.66,0.41,-0.43,Grey,12220.7
110,6,car,VISIBLE,109,0,0.5531,236.21,289.19,-0.21,-0.06,Grey,234567.85
110,2,car,OCCLUDED,63,46,0.489,645.04,436.82,-0.07,-0.12,Purple,160266.72
110,1,car,OCCLUDED,63,46,0.489,1178.29,409.66,0.33,-0.18,Red,61898.72
110,8,truck,OCCLUDED,63,46,0.489,544.55,238.46,-0.12,-0.68,Grey,2913.99
110,3,car,VISIBLE,101,0,0.3343,880.89,177.36,-0.15,-0.32,Grey,41910.1
110,4,car,OCCLUDED,63,46,0.489,1048.14,366.61,0.5,-0.32,Red,36618.2
110,13,car,OUT_OF_BOUNDS,25,84,0.067,-161.58,544.55,-1.99,0.48,Grey,4493.18
110,11,person,OCCLUDED,63,46,0.489,709.55,311.15,-0.28,-0.47,Grey,5659.19
110,9,car,OCCLUDED,63,46,0.489,340.26,359.07,-0.67,-0.27,Grey,30084.14
110,12,car,OUT_OF_BOUNDS,23,86,0.044,1404.1,752.99,1.53,2.78,Grey,4597.82
110,14,chair,OCCLUDED,73,26,0.711,218.26,312.12,-4.49,0.54,Red,2151.27
110,10,chair,OCCLUDED,63,46,0.489,636.66,334.5,-0.16,-0.27,White,1631.45
110,7,person,OCCLUDED,63,46,0.489,70.5,243.53,-1.16,-0.66,Grey,3580.65
110,15,car,OCCLUDED,60,46,0.489,430.55,297.36,-0.44,-0.55,White,4720.41
110,5,truck,LOST,18,91,0.0,178.01,168.66,-0.25,-0.36,Grey,12921.57
110,16,car,OCCLUDED,20,82,0.089,869.75,320.63,0.2,-0.44,Grey,8859.77
110,18,car,VISIBLE,50,0,0.6941,590.42,434.96,-0.1,-0.06,Blue,673167.8
110,21,car,VISIBLE,50,0,0.5747,1172.14,298.45,-0.64,0.09,Grey,68020.54
110,22,car,VISIBLE,50,0,0.1903,552.46,156.31,-0.74,-0.0,Grey,11510.28
110,19,person,VISIBLE,50,0,0.3177,442.7,57.16,-0.3,-0.2,Grey,3173.18
110,20,car,VISIBLE,50,0,0.2903,1108.81,167.84,-0.57,0.11,Grey,32191.35
110,23,chair,VISIBLE,41,0,0.1773,731.47,276.42,0.41,0.31,Cyan,4017.28
110,24,chair,VISIBLE,39,0,0.2653,606.08,271.48,-0.32,0.3,Grey,13334.16
110,27,chair,VISIBLE,33,0,0.1665,799.86,283.28,18.53,-0.39,Grey,17504.51
111,6,car,VISIBLE,110,0,0.5617,235.91,288.01,-0.27,-0.84,Grey,233255.8
111,2,car,OCCLUDED,63,47,0.478,644.97,436.7,-0.07,-0.12,Purple,160266.72
111,1,car,OCCLUDED,63,47,0.478,1178.62,409.48,0.33,-0.18,Red,61898.72
111,8,truck,OCCLUDED,63,47,0.478,544.44,237.78,-0.12,-0.68,Grey,2913.99
111,3,car,VISIBLE,102,0,0.3285,880.47,176.9,-0.34,-0.42,Grey,41781.39
111,4,car,OCCLUDED,63,47,0.478,1048.64,366.29,0.5,-0.32,Red,36618.2
111,13,car,OUT_OF_BOUNDS,25,85,0.056,-163.57,545.02,-1.99,0.48,Grey,4493.18
111,11,person,OCCLUDED,63,47,0.478,709.28,310.67,-0.28,-0.47,Grey,5659.19
111,9,car,OCCLUDED,63,47,0.478,339.59,358.79,-0.67,-0.27,Grey,30084.14
111,12,car,OUT_OF_BOUNDS,23,87,0.033,1405.63,755.78,1.53,2.78,Grey,4597.82
111,14,chair,OCCLUDED,73,27,0.7,213.77,312.66,-4.49,0.54,Red,2151.27
111,10,chair,OCCLUDED,63,47,0.478,636.5,334.23,-0.16,-0.27,White,1631.45
111,7,person,OCCLUDED,63,47,0.478,69.34,242.87,-1.16,-0.66,Grey,3580.65
111,15,car,OCCLUDED,60,47,0.478,430.11,296.81,-0.44,-0.55,White,4720.41
111,5,truck,LOST,18,92,0.0,177.75,168.31,-0.25,-0.36,Grey,12921.57
111,16,car,OCCLUDED,20,83,0.078,869.94,320.19,0.2,-0.44,Grey,8859.77
111,18,car,VISIBLE,51,0,0.6915,590.16,435.0,-0.21,0.01,Blue,672783.13
111,21,car,VISIBLE,51,0,0.5907,1171.72,298.62,-0.49,0.14,Grey,68349.56
111,22,car,VISIBLE,51,0,0.1895,551.77,156.28,-0.7,-0.02,Grey,11589.74
111,19,person,VISIBLE,51,0,0.327,442.59,57.16,-0.17,-0.05,Grey,3148.12
111,20,car,VISIBLE,51,0,0.2907,1108.31,168.37,-0.52,0.4,Grey,32519.26
111,23,chair,VISIBLE,42,0,0.1783,732.0,277.38,0.5,0.77,Cyan,4193.1
111,24,chair,VISIBLE,40,0,0.2246,604.11,271.96,-1.48,0.43,Grey,13733.69
111,27,chair,VISIBLE,34,0,0.2033,818.66,283.05,18.72,-0.28,Grey,21269.18
112,6,car,VISIBLE,111,0,0.5642,235.66,288.19,-0.26,-0.13,Grey,233236.24
112,2,car,OCCLUDED,63,48,0.467,644.9,436.58,-0.07,-0.12,Purple,160266.72
112,1,car,OCCLUDED,63,48,0.467,1178.95,409.3,0.33,-0.18,Red,61898.72
112,8,truck,OCCLUDED,63,48,0.467,544.32,237.11,-0.12,-0.68,Grey,2913.99
112,3,car,VISIBLE,103,0,0.3133,879.92,176.38,-0.49,-0.48,Grey,41458.09
112,4,car,OCCLUDED,63,48,0.467,1049.14,365.97,0.5,-0.32,Red,36618.2
112,13,car,OUT_OF_BOUNDS,25,86,0.044,-165.56,545.5,-1.99,0.48,Grey,4493.18
112,11,person,OCCLUDED,63,48,0.467,709.0,310.2,-0.28,-0.47,Grey,5659.19
112,9,car,OCCLUDED,63,48,0.467,338.92,358.52,-0.67,-0.27,Grey,30084.14
112,12,car,OUT_OF_BOUNDS,23,88,0.022,1407.16,758.56,1.53,2.78,Grey,4597.82
112,14,chair,OCCLUDED,73,28,0.689,209.28,313.2,-4.49,0.54,Red,2151.27
112,10,chair,OCCLUDED,63,48,0.467,636.34,333.96,-0.16,-0.27,White,1631.45
112,7,person,OCCLUDED,63,48,0.467,68.18,242.21,-1.16,-0.66,Grey,3580.65
112,15,car,OCCLUDED,60,48,0.467,429.67,296.26,-0.44,-0.55,White,4720.41
112,5,truck,LOST,18,93,0.0,177.5,167.95,-0.25,-0.36,Grey,12921.57
112,16,car,OCCLUDED,20,84,0.067,870.14,319.76,0.2,-0.44,Grey,8859.77
112,18,car,VISIBLE,52,0,0.7009,589.9,434.89,-0.25,-0.07,Blue,672751.4
112,21,car,VISIBLE,52,0,0.5988,1171.27,299.0,-0.46,0.32,Grey,68781.64
112,22,car,VISIBLE,52,0,0.2006,551.1,156.28,-0.68,-0.01,Grey,11649.93
112,19,person,VISIBLE,52,0,0.3517,442.45,57.0,-0.15,-0.13,Grey,3118.03
112,20,car,VISIBLE,52,0,0.3006,1107.82,168.62,-0.5,0.3,Grey,32660.97
112,23,chair,VISIBLE,43,0,0.2163,732.69,278.58,0.63,1.07,Cyan,4452.86
112,24,chair,VISIBLE,41,0,0.2232,603.19,272.32,-1.08,0.38,Grey,13945.07
112,27,chair,VISIBLE,35,0,0.2355,831.18,283.13,14.38,-0.03,Grey,23759.77
113,6,car,VISIBLE,112,0,0.5587,235.23,288.11,-0.38,-0.1,Grey,232718.35
113,2,car,OCCLUDED,63,49,0.456,644.83,436.45,-0.07,-0.12,Purple,160266.72
113,1,car,OCCLUDED,63,49,0.456,1179.28,409.11,0.33,-0.18,Red,61898.72
113,8,truck,OCCLUDED,63,49,0.456,544.2,236.43,-0.12,-0.68,Grey,2913.99
113,3,car,VISIBLE,104,0,0.307,879.68,176.94,-0.32,0.25,Grey,41907.87
113,4,car,OCCLUDED,63,49,0.456,1049.64,365.64,0.5,-0.32,Red,36618.2
113,13,car,OUT_OF_BOUNDS,25,87,0.033,-167.55,545.97,-1.99,0.48,Grey,4493.18
113,11,person,OCCLUDED,63,49,0.456,708.72,309.72,-0.28,-0.47,Grey,5659.19
113,9,car,OCCLUDED,63,49,0.456,338.25,358.25,-0.67,-0.27,Grey,30084.14
113,12,car,OUT_OF_BOUNDS,23,89,0.011,1408.68,761.34,1.53,2.78,Grey,4597.82
113,14,chair,OCCLUDED,73,29,0.678,204.78,313.74,-4.49,0.54,Red,2151.27
113,10,chair,OCCLUDED,63,49,0.456,636.18,333.69,-0.16,-0.27,White,1631.45
113,7,person,OCCLUDED,63,49,0.456,67.01,241.55,-1.16,-0.66,Grey,3580.65
113,15,car,OCCLUDED,60,49,0.456,429.23,295.71,-0.44,-0.55,White,4720.41
113,5,truck,LOST,18,94,0.0,177.25,167.59,-0.25,-0.36,Grey,12921.57
113,16,car,OCCLUDED,20,85,0.056,870.34,319.32,0.2,-0.44,Grey,8859.77
113,18,car,VISIBLE,53,0,0.6835,589.62,435.08,-0.27,0.11,Blue,671991.6
113,21,car,VISIBLE,53,0,0.5919,1171.02,299.22,-0.31,0.25,Grey,68959.49
113,22,car,VISIBLE,53,0,0.2046,550.61,156.42,-0.55,0.09,Grey,11725.0
113,19,person,VISIBLE,53,0,0.3647,442.39,57.2,-0.08,0.1,Grey,3125.87
113,20,car,VISIBLE,53,0,0.3009,1107.36,169.2,-0.47,0.5,Grey,32942.14
113,23,chair,VISIBLE,44,0,0.1906,732.95,279.55,0.37,1.0,Cyan,4747.6
113,24,chair,VISIBLE,42,0,0.319,602.55,272.5,-0.77,0.24,Grey,14014.85
113,27,chair,VISIBLE,36,0,0.2681,838.34,283.49,9.32,0.24,Grey,24948.68
114,6,car,VISIBLE,113,0,0.5596,235.14,288.24,-0.18,0.06,Grey,232675.87
114,2,car,OCCLUDED,63,50,0.444,644.76,436.33,-0.07,-0.12,Purple,160266.72
114,1,car,OCCLUDED,63,50,0.444,1179.61,408.93,0.33,-0.18,Red,61898.72
114,8,truck,OCCLUDED,63,50,0.444,544.09,235.76,-0.12,-0.68,Grey,2913.99
114,3,car,VISIBLE,105,0,0.298,879.62,177.7,-0.14,0.6,Grey,42425.99
114,4,car,OCCLUDED,63,50,0.444,1050.13,365.32,0.5,-0.32,Red,36618.2
114,13,car,OUT_OF_BOUNDS,25,88,0.022,-169.54,546.45,-1.99,0.48,Grey,4493.18
114,11,person,OCCLUDED,63,50,0.444,708.44,309.25,-0.28,-0.47,Grey,5659.19
114,9,car,OCCLUDED,63,50,0.444,337.57,357.98,-0.67,-0.27,Grey,30084.14
114,12,car,OUT_OF_BOUNDS,23,90,0.0,1410.21,764.13,1.53,2.78,Grey,4597.82
114,14,chair,OCCLUDED,73,30,0.667,200.29,314.28,-4.49,0.54,Red,2151.27
114,10,chair,OCCLUDED,63,50,0.444,636.02,333.43,-0.16,-0.27,White,1631.45
114,7,person,OCCLUDED,63,50,0.444,65.85,240.89,-1.16,-0.66,Grey,3580.65
114,15,car,OCCLUDED,60,50,0.444,428.79,295.16,-0.44,-0.55,White,4720.41
114,5,truck,LOST,18,95,0.0,176.99,167.24,-0.25,-0.36,Grey,12921.57
114,16,car,OCCLUDED,20,86,0.044,870.54,318.88,0.2,-0.44,Grey,8859.77
114,18,car,VISIBLE,54,0,0.6809,589.41,435.28,-0.23,0.17,Cyan,671289.86
114,21,car,VISIBLE,54,0,0.5815,1170.77,299.51,-0.27,0.28,Grey,69192.41
114,22,car,VISIBLE,54,0,0.1987,550.41,156.54,-0.3,0.12,Grey,11741.05
114,19,person,VISIBLE,54,0,0.4004,442.38,57.32,-0.04,0.11,Grey,3160.1
114,20,car,VISIBLE,54,0,0.298,1107.15,169.71,-0.29,0.51,Grey,33125.78
114,23,chair,VISIBLE,45,0,0.1699,733.02,279.89,0.16,0.54,Cyan,4921.47
114,24,chair,VISIBLE,43,0,0.3129,603.02,272.5,0.09,0.07,Grey,13872.19
114,27,chair,VISIBLE,37,0,0.2751,841.83,283.88,5.24,0.34,Grey,25369.29
115,6,car,VISIBLE,114,0,0.5556,235.09,288.68,-0.08,0.32,Grey,232960.71
115,2,car,OCCLUDED,63,51,0.433,644.69,436.21,-0.07,-0.12,Purple,160266.72
115,1,car,OCCLUDED,63,51,0.433,1179.94,408.75,0.33,-0.18,Red,61898.72
115,8,truck,OCCLUDED,63,51,0.433,543.97,235.08,-0.12,-0.68,Grey,2913.99
115,3,car,VISIBLE,106,0,0.2847,879.54,178.63,-0.09,0.84,Grey,43063.5
115,4,car,OCCLUDED,63,51,0.433,1050.63,365.0,0.5,-0.32,Red,36618.2
115,13,car,OUT_OF_BOUNDS,25,89,0.011,-171.53,546.93,-1.99,0.48,Grey,4493.18
115,11,person,OCCLUDED,63,51,0.433,708.17,308.77,-0.28,-0.47,Grey,5659.19
115,9,car,OCCLUDED,63,51,0.433,336.9,357.71,-0.67,-0.27,Grey,30084.14
115,12,car,OUT_OF_BOUNDS,23,91,0.0,1411.74,766.91,1.53,2.78,Grey,4597.82
115,14,chair,OCCLUDED,73,31,0.656,195.8,314.82,-4.49,0.54,Red,2151.27
115,10,chair,OCCLUDED,63,51,0.433,635.86,333.16,-0.16,-0.27,White,1631.45
115,7,person,OCCLUDED,63,51,0.433,64.69,240.23,-1.16,-0.66,Grey,3580.65
115,15,car,OCCLUDED,60,51,0.433,428.35,294.61,-0.44,-0.55,White,4720.41
115,5,truck,LOST,18,96,0.0,176.74,166.88,-0.25,-0.36,Grey,12921.57
115,16,car,OCCLUDED,20,87,0.033,870.74,318.44,0.2,-0.44,Grey,8859.77
115,18,car,VISIBLE,55,0,0.6747,589.27,435.43,-0.16,0.16,Cyan,670767.77
115,21,car,VISIBLE,55,0,0.5778,1171.09,299.62,0.14,0.16,Grey,68987.32
115,22,car,VISIBLE,55,0,0.1989,550.35,156.65,-0.14,0.11,Grey,11728.02
115,19,person,VISIBLE,55,0,0.4121,442.44,57.44,0.03,0.11,Grey,3173.29
115,20,car,VISIBLE,55,0,0.2897,1107.1,170.21,-0.12,0.5,Grey,33262.29
115,23,chair,VISIBLE,46,0,0.1799,733.28,280.18,0.23,0.36,Cyan,5023.42
115,24,chair,VISIBLE,44,0,0.3376,602.61,272.31,-0.26,-0.12,Grey,13866.98
115,27,chair,VISIBLE,38,0,0.2756,843.0,284.23,2.39,0.35,Grey,25266.83
116,6,car,VISIBLE,115,0,0.5522,235.06,288.3,-0.05,-0.17,Grey,232522.07
116,2,car,OCCLUDED,63,52,0.422,644.62,436.08,-0.07,-0.12,Purple,160266.72
116,1,car,OCCLUDED,63,52,0.422,1180.27,408.57,0.33,-0.18,Red,61898.72
116,8,truck,OCCLUDED,63,52,0.422,543.86,234.41,-0.12,-0.68,Grey,2913.99
116,3,car,VISIBLE,107,0,0.2636,879.46,179.5,-0.09,0.86,Grey,43621.46
116,4,car,OCCLUDED,63,52,0.422,1051.13,364.67,0.5,-0.32,Red,36618.2
116,13,car,OUT_OF_BOUNDS,25,90,0.0,-173.52,547.4,-1.99,0.48,Grey,4493.18
116,11,person,OCCLUDED,63,52,0.422,707.89,308.3,-0.28,-0.47,Grey,5659.19
116,9,car,OCCLUDED,63,52,0.422,336.23,357.44,-0.67,-0.27,Grey,30084.14
116,12,car,OUT_OF_BOUNDS,23,92,0.0,1413.27,769.69,1.53,2.78,Grey,4597.82
116,14,chair,OCCLUDED,73,32,0.644,191.31,315.36,-4.49,0.54,Red,2151.27
116,10,chair,OCCLUDED,63,52,0.422,635.7,332.89,-0.16,-0.27,White,1631.45
116,7,person,OCCLUDED,63,52,0.422,63.52,239.57,-1.16,-0.66,Grey,3580.65
116,15,car,OCCLUDED,60,52,0.422,427.91,294.06,-0.44,-0.55,White,4720.41
116,5,truck,LOST,18,97,0.0,176.49,166.52,-0.25,-0.36,Grey,12921.57
116,16,car,OCCLUDED,20,88,0.022,870.94,318.0,0.2,-0.44,Grey,8859.77
116,18,car,VISIBLE,56,0,0.6785,589.19,435.41,-0.11,0.04,Cyan,670709.63
116,21,car,VISIBLE,56,0,0.5792,1171.14,300.21,0.08,0.45,Grey,69164.02
116,22,car,VISIBLE,56,0,0.1938,550.27,156.74,-0.09,0.1,Grey,11695.5
116,19,person,VISIBLE,56,0,0.4111,442.49,57.54,0.05,0.11,Grey,3181.32
116,20,car,VISIBLE,56,0,0.2972,1107.17,170.54,0.02,0.38,Grey,33258.4
116,23,chair,VISIBLE,47,0,0.1984,733.65,280.11,0.33,0.06,Cyan,5063.68
116,24,chair,VISIBLE,45,0,0.3476,601.76,272.22,-0.67,-0.1,Grey,13952.56
116,27,chair,VISIBLE,39,0,0.2859,842.8,284.31,0.58,0.17,Grey,24909.06
116,29,chair,VISIBLE,1,0,0.1509,509.56,266.25,0.0,0.0,Grey,10511.84
117,6,car,VISIBLE,116,0,0.5471,235.12,287.33,0.02,-0.73,Grey,231573.72
117,2,car,OCCLUDED,63,53,0.411,644.55,435.96,-0.07,-0.12,Purple,160266.72
117,1,car,OCCLUDED,63,53,0.411,1180.61,408.39,0.33,-0.18,Red,61898.72
117,8,truck,OCCLUDED,63,53,0.411,543.74,233.73,-0.12,-0.68,Grey,2913.99
117,3,car,VISIBLE,108,0,0.2364,879.73,180.76,0.16,1.14,Grey,44512.94
117,4,car,OCCLUDED,63,53,0.411,1051.63,364.35,0.5,-0.32,Red,36618.2
117,13,car,OUT_OF_BOUNDS,25,91,0.0,-175.51,547.88,-1.99,0.48,Grey,4493.18
117,11,person,OCCLUDED,63,53,0.411,707.61,307.82,-0.28,-0.47,Grey,5659.19
117,9,car,OCCLUDED,63,53,0.411,335.56,357.16,-0.67,-0.27,Grey,30084.14
117,12,car,OUT_OF_BOUNDS,23,93,0.0,1414.8,772.48,1.53,2.78,Grey,4597.82
117,14,chair,OCCLUDED,73,33,0.633,186.82,315.9,-4.49,0.54,Red,2151.27
117,10,chair,OCCLUDED,63,53,0.411,635.54,332.62,-0.16,-0.27,White,1631.45
117,7,person,OCCLUDED,63,53,0.411,62.36,238.91,-1.16,-0.66,Grey,3580.65
117,15,car,OCCLUDED,60,53,0.411,427.47,293.51,-0.44,-0.55,White,4720.41
117,5,truck,LOST,18,98,0.0,176.23,166.17,-0.25,-0.36,Grey,12921.57
117,16,car,OCCLUDED,20,89,0.011,871.14,317.56,0.2,-0.44,Grey,8859.77
117,18,car,VISIBLE,57,0,0.6779,589.12,435.25,-0.08,-0.1,Brown,671005.75
117,21,car,VISIBLE,57,0,0.5835,1170.92,300.46,-0.13,0.31,Grey,69225.73
117,22,car,VISIBLE,57,0,0.1931,550.38,156.8,0.05,0.07,Grey,11643.27
117,19,person,VISIBLE,57,0,0.4053,442.57,57.66,0.07,0.11,Grey,3194.72
117,20,car,VISIBLE,57,0,0.3063,1107.35,170.63,0.13,0.18,Grey,33160.45
117,23,chair,VISIBLE,48,0,0.207,733.53,280.32,0.02,0.17,Cyan,5203.21
117,24,chair,VISIBLE,46,0,0.3132,600.75,272.17,-0.9,-0.06,Grey,14130.73
117,27,chair,VISIBLE,40,0,0.3271,842.15,284.25,-0.28,0.0,Grey,24374.38
117,29,chair,VISIBLE,2,0,0.1509,509.56,266.21,-0.0,-0.03,Grey,10505.09
118,6,car,VISIBLE,117,0,0.5424,235.29,286.76,0.13,-0.62,Grey,231117.98
118,2,car,OCCLUDED,63,54,0.4,644.48,435.84,-0.07,-0.12,Purple,160266.72
118,1,car,OCCLUDED,63,54,0.4,1180.94,408.21,0.33,-0.18,Red,61898.72
118,8,truck,OCCLUDED,63,54,0.4,543.62,233.05,-0.12,-0.68,Grey,2913.99
118,3,car,VISIBLE,109,0,0.2101,879.88,181.59,0.15,0.92,Grey,45132.8
118,4,car,OCCLUDED,63,54,0.4,1052.12,364.03,0.5,-0.32,Red,36618.2
118,13,car,OUT_OF_BOUNDS,25,92,0.0,-177.5,548.35,-1.99,0.48,Grey,4493.18
118,11,person,OCCLUDED,63,54,0.4,707.33,307.35,-0.28,-0.47,Grey,5659.19
118,9,car,OCCLUDED,63,54,0.4,334.88,356.89,-0.67,-0.27,Grey,30084.14
118,12,car,OUT_OF_BOUNDS,23,94,0.0,1416.33,775.26,1.53,2.78,Grey,4597.82
118,14,chair,OCCLUDED,73,34,0.622,182.33,316.44,-4.49,0.54,Red,2151.27
118,10,chair,OCCLUDED,63,54,0.4,635.38,332.35,-0.16,-0.27,White,1631.45
118,7,person,OCCLUDED,63,54,0.4,61.19,238.25,-1.16,-0.66,Grey,3580.65
118,15,car,OCCLUDED,60,54,0.4,427.03,292.96,-0.44,-0.55,White,4720.41
118,5,truck,LOST,18,99,0.0,175.98,165.81,-0.25,-0.36,Grey,12921.57
118,16,car,OCCLUDED,20,90,0.0,871.34,317.13,0.2,-0.44,Grey,8859.77
118,18,car,VISIBLE,58,0,0.6824,589.11,435.04,-0.03,-0.18,Brown,671490.87
118,21,car,VISIBLE,58,0,0.5883,1170.78,300.83,-0.14,0.35,Grey,69256.09
118,22,car,VISIBLE,58,0,0.1904,550.5,156.81,0.1,0.03,Grey,11604.84
118,19,person,VISIBLE,58,0,0.3884,442.62,57.78,0.05,0.12,Grey,3208.55
118,20,car,VISIBLE,58,0,0.3141,1107.55,170.45,0.17,-0.07,Grey,32995.51
118,23,chair,VISIBLE,49,0,0.1924,733.26,280.38,-0.18,0.09,Cyan,5300.58
118,24,chair,VISIBLE,47,0,0.3435,600.07,272.18,-0.75,-0.01,Grey,14233.4
118,27,chair,VISIBLE,41,0,0.3245,841.04,284.13,-0.86,-0.08,Grey,23871.97
118,29,chair,VISIBLE,3,0,0.1509,509.56,266.19,-0.0,-0.03,Grey,10498.35
119,6,car,VISIBLE,118,0,0.5481,235.31,286.5,0.06,-0.37,Grey,230821.91
119,2,car,OCCLUDED,63,55,0.389,644.41,435.71,-0.07,-0.12,Purple,160266.72
119,1,car,OCCLUDED,63,55,0.389,1181.27,408.02,0.33,-0.18,Red,61898.72
119,8,truck,OCCLUDED,63,55,0.389,543.51,232.38,-0.12,-0.68,Grey,2913.99
119,3,car,VISIBLE,110,0,0.2063,880.0,181.94,0.13,0.52,Grey,45368.56
119,4,car,OCCLUDED,63,55,0.389,1052.62,363.7,0.5,-0.32,Red,36618.2
119,13,car,OUT_OF_BOUNDS,25,93,0.0,-179.49,548.83,-1.99,0.48,Grey,4493.18
119,11,person,OCCLUDED,63,55,0.389,707.06,306.87,-0.28,-0.47,Grey,5659.19
119,9,car,OCCLUDED,63,55,0.389,334.21,356.62,-0.67,-0.27,Grey,30084.14
119,12,car,OUT_OF_BOUNDS,23,95,0.0,1417.86,778.04,1.53,2.78,Grey,4597.82
119,14,chair,OCCLUDED,73,35,0.611,177.84,316.98,-4.49,0.54,Red,2151.27
119,10,chair,OCCLUDED,63,55,0.389,635.22,332.08,-0.16,-0.27,White,1631.45
119,7,person,OCCLUDED,63,55,0.389,60.03,237.6,-1.16,-0.66,Grey,3580.65
119,15,car,OCCLUDED,60,55,0.389,426.59,292.41,-0.44,-0.55,White,4720.41
119,5,truck,LOST,18,100,0.0,175.73,165.45,-0.25,-0.36,Grey,12921.57
119,16,car,LOST,20,91,0.0,871.53,316.69,0.2,-0.44,Grey,8859.77
119,18,car,VISIBLE,59,0,0.6903,589.75,434.83,0.44,-0.2,Grey,672728.76
119,21,car,VISIBLE,59,0,0.5922,1170.54,301.15,-0.21,0.34,Grey,69420.2
119,22,car,VISIBLE,59,0,0.194,550.68,156.81,0.16,0.01,Grey,11568.41
119,19,person,VISIBLE,59,0,0.3819,442.69,57.84,0.06,0.08,Grey,3208.83
119,20,car,VISIBLE,59,0,0.3092,1107.77,170.29,0.21,-0.14,Grey,32840.28
119,23,chair,VISIBLE,50,0,0.1935,733.58,280.04,0.17,-0.21,Cyan,5199.19
119,24,chair,VISIBLE,48,0,0.3716,599.52,272.14,-0.61,-0.03,Grey,14377.34
119,27,chair,VISIBLE,42,0,0.3393,839.84,283.97,-1.1,-0.14,Grey,23408.35
119,29,chair,OCCLUDED,3,1,0.989,509.56,266.16,-0.0,-0.03,Grey,10498.35
120,6,car,VISIBLE,119,0,0.5511,235.43,286.97,0.09,0.22,Grey,231276.52
120,2,car,OCCLUDED,63,56,0.378,644.34,435.59,-0.07,-0.12,Purple,160266.72
120,1,car,OCCLUDED,63,56,0.378,1181.6,407.84,0.33,-0.18,Red,61898.72
120,8,truck,OCCLUDED,63,56,0.378,543.39,231.7,-0.12,-0.68,Grey,2913.99
120,3,car,VISIBLE,111,0,0.1896,879.97,182.19,0.02,0.33,Grey,45280.08
120,4,car,OCCLUDED,63,56,0.378,1053.12,363.38,0.5,-0.32,Red,36618.2
120,13,car,OUT_OF_BOUNDS,25,94,0.0,-181.49,549.3,-1.99,0.48,Grey,4493.18
120,11,person,OCCLUDED,63,56,0.378,706.78,306.4,-0.28,-0.47,Grey,5659.19
120,9,car,OCCLUDED,63,56,0.378,333.54,356.35,-0.67,-0.27,Grey,30084.14
120,12,car,OUT_OF_BOUNDS,23,96,0.0,1419.39,780.83,1.53,2.78,Grey,4597.82
120,14,chair,OCCLUDED,73,36,0.6,173.35,317.52,-4.49,0.54,Red,2151.27
120,10,chair,OCCLUDED,63,56,0.378,635.06,331.81,-0.16,-0.27,White,1631.45
120,7,person,OCCLUDED,63,56,0.378,58.87,236.94,-1.16,-0.66,Grey,3580.65
120,15,car,OCCLUDED,60,56,0.378,426.15,291.86,-0.44,-0.55,White,4720.41
120,5,truck,LOST,18,101,0.0,175.47,165.1,-0.25,-0.36,Grey,12921.57
120,16,car,LOST,20,92,0.0,871.73,316.25,0.2,-0.44,Grey,8859.77
120,18,car,VISIBLE,60,0,0.6781,590.67,434.65,0.78,-0.18,Grey,674191.2
120,21,car,VISIBLE,60,0,0.599,1170.01,301.4,-0.44,0.27,Grey,69750.45
120,22,car,VISIBLE,60,0,0.1928,550.78,156.84,0.12,0.02,Grey,11535.74
120,19,person,VISIBLE,60,0,0.3807,442.66,57.88,0.0,0.05,Grey,3217.91
120,20,car,VISIBLE,60,0,0.3089,1107.96,169.99,0.2,-0.25,Grey,32641.72
120,23,chair,VISIBLE,51,0,0.1966,733.56,279.69,0.03,-0.31,Cyan,5138.99
120,24,chair,VISIBLE,49,0,0.3655,599.34,272.03,-0.31,-0.08,Grey,14467.94
120,27,chair,VISIBLE,43,0,0.3122,838.68,283.66,-1.14,-0.26,Grey,22947.8
120,29,chair,OCCLUDED,3,2,0.978,509.56,266.14,-0.0,-0.03,Grey,10498.35
121,6,car,VISIBLE,120,0,0.5531,235.34,287.07,-0.03,0.14,Grey,231154.16
121,2,car,OCCLUDED,63,57,0.367,644.27,435.47,-0.07,-0.12,Purple,160266.72
121,1,car,OCCLUDED,63,57,0.367,1181.93,407.66,0.33,-0.18,Red,61898.72
121,8,truck,OCCLUDED,63,57,0.367,543.28,231.03,-0.12,-0.68,Grey,2913.99
121,3,car,VISIBLE,112,0,0.1728,879.53,182.22,-0.3,0.12,Grey,44828.93
121,4,car,OCCLUDED,63,57,0.367,1053.62,363.06,0.5,-0.32,Red,36618.2
121,13,car,OUT_OF_BOUNDS,25,95,0.0,-183.48,549.78,-1.99,0.48,Grey,4493.18
121,11,person,OCCLUDED,63,57,0.367,706.5,305.93,-0.28,-0.47,Grey,5659.19
121,9,car,OCCLUDED,63,57,0.367,332.87,356.08,-0.67,-0.27,Grey,30084.14
121,12,car,OUT_OF_BOUNDS,23,97,0.0,1420.92,783.61,1.53,2.78,Grey,4597.82
121,14,chair,OCCLUDED,73,37,0.589,168.86,318.06,-4.49,0.54,Red,2151.27
121,10,chair,OCCLUDED,63,57,0.367,634.9,331.54,-0.16,-0.27,White,1631.45
121,7,person,OCCLUDED,63,57,0.367,57.7,236.28,-1.16,-0.66,Grey,3580.65
121,15,car,OCCLUDED,60,57,0.367,425.71,291.31,-0.44,-0.55,White,4720.41
121,5,truck,LOST,18,102,0.0,175.22,164.74,-0.25,-0.36,Grey,12921.57
121,16,car,LOST,20,93,0.0,871.93,315.81,0.2,-0.44,Grey,8859.77
121,18,car,VISIBLE,61,0,0.6857,590.83,434.54,0.34,-0.13,Grey,674623.51
121,21,car,VISIBLE,61,0,0.6006,1169.39,301.52,-0.56,0.17,Grey,70115.57
121,22,car,VISIBLE,61,0,0.2063,550.92,156.93,0.13,0.07,Grey,11493.96
121,19,person,VISIBLE,61,0,0.4091,442.76,58.03,0.07,0.12,Grey,3243.3
121,20,car,VISIBLE,61,0,0.2985,1108.11,169.83,0.16,-0.18,Grey,32450.79
121,23,chair,VISIBLE,52,0,0.1894,733.75,279.63,0.14,-0.14,Cyan,5079.61
121,24,chair,VISIBLE,50,0,0.4281,599.53,272.32,0.04,0.17,Grey,14585.76
121,27,chair,VISIBLE,44,0,0.3124,837.6,283.57,-1.1,-0.14,Grey,22714.12
121,29,chair,OCCLUDED,3,3,0.967,509.56,266.11,-0.0,-0.03,Grey,10498.35
122,6,car,VISIBLE,121,0,0.5565,235.43,287.67,0.05,0.46,Grey,231751.28
122,2,car,OCCLUDED,63,58,0.356,644.2,435.34,-0.07,-0.12,Purple,160266.72
122,1,car,OCCLUDED,63,58,0.356,1182.26,407.48,0.33,-0.18,Red,61898.72
122,8,truck,OCCLUDED,63,58,0.356,543.16,230.35,-0.12,-0.68,Grey,2913.99
122,3,car,VISIBLE,113,0,0.1628,879.06,183.94,-0.42,1.24,Grey,45753.25
122,4,car,OCCLUDED,63,58,0.356,1054.11,362.73,0.5,-0.32,Red,36618.2
122,13,car,OUT_OF_BOUNDS,25,96,0.0,-185.47,550.26,-1.99,0.48,Grey,4493.18
122,11,person,OCCLUDED,63,58,0.356,706.22,305.45,-0.28,-0.47,Grey,5659.19
122,9,car,OCCLUDED,63,58,0.356,332.19,355.8,-0.67,-0.27,Grey,30084.14
122,12,car,OUT_OF_BOUNDS,23,98,0.0,1422.44,786.39,1.53,2.78,Grey,4597.82
122,14,chair,OCCLUDED,73,38,0.578,164.37,318.6,-4.49,0.54,Red,2151.27
122,10,chair,OCCLUDED,63,58,0.356,634.73,331.28,-0.16,-0.27,White,1631.45
122,7,person,OCCLUDED,63,58,0.356,56.54,235.62,-1.16,-0.66,Grey,3580.65
122,15,car,OCCLUDED,60,58,0.356,425.27,290.75,-0.44,-0.55,White,4720.41
122,5,truck,LOST,18,103,0.0,174.97,164.38,-0.25,-0.36,Grey,12921.57
122,16,car,LOST,20,94,0.0,872.13,315.37,0.2,-0.44,Grey,8859.77
122,18,car,VISIBLE,62,0,0.6756,590.33,434.45,-0.25,-0.1,Grey,674262.72
122,21,car,VISIBLE,62,0,0.6043,1168.89,302.02,-0.52,0.4,Grey,70429.29
122,22,car,VISIBLE,62,0,0.2021,550.93,157.14,0.05,0.17,Grey,11476.34
122,19,person,VISIBLE,62,0,0.3986,442.81,58.23,0.05,0.17,Grey,3230.2
122,20,car,VISIBLE,62,0,0.2698,1107.98,170.06,-0.04,0.11,Grey,32422.55
122,23,chair,VISIBLE,53,0,0.2459,733.79,279.58,0.07,-0.08,Cyan,4993.46
122,24,chair,VISIBLE,51,0,0.4647,599.55,272.51,0.03,0.19,Grey,14536.17
122,27,chair,VISIBLE,45,0,0.296,836.74,283.64,-0.93,0.0,Grey,22800.01
122,29,chair,OCCLUDED,3,4,0.956,509.56,266.08,-0.0,-0.03,Grey,10498.35
123,6,car,VISIBLE,122,0,0.5599,235.42,288.5,0.01,0.71,Grey,232455.96
123,2,car,OCCLUDED,63,59,0.344,644.13,435.22,-0.07,-0.12,Purple,160266.72
123,1,car,OCCLUDED,63,59,0.344,1182.59,407.3,0.33,-0.18,Red,61898.72
123,8,truck,OCCLUDED,63,59,0.344,543.04,229.68,-0.12,-0.68,Grey,2913.99
123,3,car,VISIBLE,114,0,0.1628,878.85,184.69,-0.27,0.89,Grey,46072.57
123,4,car,OCCLUDED,63,59,0.344,1054.61,362.41,0.5,-0.32,Red,36618.2
123,13,car,OUT_OF_BOUNDS,25,97,0.0,-187.46,550.73,-1.99,0.48,Grey,4493.18
123,11,person,OCCLUDED,63,59,0.344,705.95,304.98,-0.28,-0.47,Grey,5659.19
123,9,car,OCCLUDED,63,59,0.344,331.52,355.53,-0.67,-0.27,Grey,30084.14
123,12,car,OUT_OF_BOUNDS,23,99,0.0,1423.97,789.18,1.53,2.78,Grey,4597.82
123,14,chair,OCCLUDED,73,39,0.567,159.88,319.14,-4.49,0.54,Red,2151.27
123,10,chair,OCCLUDED,63,59,0.344,634.57,331.01,-0.16,-0.27,White,1631.45
123,7,person,OCCLUDED,63,59,0.344,55.38,234.96,-1.16,-0.66,Grey,3580.65
123,15,car,OCCLUDED,60,59,0.344,424.83,290.2,-0.44,-0.55,White,4720.41
123,5,truck,LOST,18,104,0.0,174.71,164.03,-0.25,-0.36,Grey,12921.57
123,16,car,LOST,20,95,0.0,872.33,314.93,0.2,-0.44,Grey,8859.77
123,18,car,VISIBLE,63,0,0.6755,589.85,434.32,-0.41,-0.12,Grey,674028.57
123,21,car,VISIBLE,63,0,0.6067,1168.4,302.27,-0.5,0.29,Grey,70647.25
123,22,car,VISIBLE,63,0,0.1991,550.7,157.37,-0.15,0.21,Grey,11495.25
123,19,person,VISIBLE,63,0,0.3847,442.81,58.43,0.02,0.19,Grey,3226.29
123,20,car,VISIBLE,63,0,0.2768,1107.83,170.23,-0.12,0.15,Grey,32403.86
123,23,chair,VISIBLE,54,0,0.241,733.12,279.92,-0.44,0.21,Cyan,5086.44
123,24,chair,VISIBLE,52,0,0.4564,599.42,272.98,-0.08,0.38,Grey,14585.71
123,27,chair,VISIBLE,46,0,0.2695,835.52,284.01,-1.13,0.26,Grey,22843.76
123,29,chair,OCCLUDED,3,5,0.944,509.56,266.06,-0.0,-0.03,Grey,10498.35
123,30,car,VISIBLE,1,0,0.1689,964.28,148.09,0.0,0.0,Grey,4516.36
124,6,car,VISIBLE,123,0,0.5602,235.36,288.54,-0.04,0.24,Grey,232354.34
124,2,car,OCCLUDED,63,60,0.333,644.06,435.09,-0.07,-0.12,Purple,160266.72
124,1,car,OCCLUDED,63,60,0.333,1182.92,407.11,0.33,-0.18,Red,61898.72
124,8,truck,OCCLUDED,63,60,0.333,542.93,229.0,-0.12,-0.68,Grey,2913.99
124,3,car,VISIBLE,115,0,0.1628,878.65,185.43,-0.22,0.79,Grey,46390.84
124,4,car,OCCLUDED,63,60,0.333,1055.11,362.09,0.5,-0.32,Red,36618.2
124,13,car,OUT_OF_BOUNDS,25,98,0.0,-189.45,551.21,-1.99,0.48,Grey,4493.18
124,11,person,OCCLUDED,63,60,0.333,705.67,304.5,-0.28,-0.47,Grey,5659.19
124,9,car,OCCLUDED,63,60,0.333,330.85,355.26,-0.67,-0.27,Grey,30084.14
124,12,car,OUT_OF_BOUNDS,23,100,0.0,1425.5,791.96,1.53,2.78,Grey,4597.82
124,14,chair,OCCLUDED,73,40,0.556,155.39,319.68,-4.49,0.54,Red,2151.27
124,10,chair,OCCLUDED,63,60,0.333,634.41,330.74,-0.16,-0.27,White,1631.45
124,7,person,OCCLUDED,63,60,0.333,54.21,234.3,-1.16,-0.66,Grey,3580.65
124,15,car,OCCLUDED,60,60,0.333,424.39,289.65,-0.44,-0.55,White,4720.41
124,5,truck,LOST,18,105,0.0,174.46,163.67,-0.25,-0.36,Grey,12921.57
124,16,car,LOST,20,96,0.0,872.53,314.49,0.2,-0.44,Grey,8859.77
124,18,car,VISIBLE,64,0,0.6783,589.45,434.16,-0.4,-0.15,Grey,673944.95
124,21,car,VISIBLE,64,0,0.6179,1168.03,302.63,-0.41,0.34,Grey,70939.75
124,22,car,VISIBLE,64,0,0.1971,550.3,157.59,-0.33,0.22,Grey,11540.99
124,19,person,VISIBLE,64,0,0.3685,442.8,58.55,-0.0,0.15,Grey,3240.46
124,20,car,VISIBLE,64,0,0.2745,1107.51,170.34,-0.26,0.12,Grey,32401.16
124,23,chair,VISIBLE,55,0,0.2402,732.61,280.35,-0.49,0.36,Cyan,5155.44
124,24,chair,VISIBLE,53,0,0.4439,599.87,273.27,0.28,0.32,Grey,14501.05
124,27,chair,VISIBLE,47,0,0.2386,834.93,284.29,-0.75,0.27,Grey,23075.06
124,29,chair,OCCLUDED,3,6,0.933,509.56,266.03,-0.0,-0.03,Grey,10498.35
124,30,car,VISIBLE,2,0,0.176,963.85,147.65,-0.44,-0.44,Grey,4434.53
125,6,car,VISIBLE,124,0,0.5615,235.19,289.44,-0.13,0.7,Grey,232990.82
125,2,car,OCCLUDED,63,61,0.322,643.99,434.97,-0.07,-0.12,Purple,160266.72
125,1,car,OCCLUDED,63,61,0.322,1183.26,406.93,0.33,-0.18,Red,61898.72
125,8,truck,OCCLUDED,63,61,0.322,542.81,228.33,-0.12,-0.68,Grey,2913.99
125,3,car,VISIBLE,116,0,0.1628,878.45,186.18,-0.21,0.76,Grey,46708.06
125,4,car,OCCLUDED,63,61,0.322,1055.61,361.76,0.5,-0.32,Red,36618.2
125,13,car,OUT_OF_BOUNDS,25,99,0.0,-191.44,551.68,-1.99,0.48,Grey,4493.18
125,11,person,OCCLUDED,63,61,0.322,705.39,304.03,-0.28,-0.47,Grey,5659.19
125,9,car,OCCLUDED,63,61,0.322,330.17,354.99,-0.67,-0.27,Grey,30084.14
125,12,car,OUT_OF_BOUNDS,23,101,0.0,1427.03,794.74,1.53,2.78,Grey,4597.82
125,14,chair,OCCLUDED,73,41,0.544,150.9,320.22,-4.49,0.54,Red,2151.27
125,10,chair,OCCLUDED,63,61,0.322,634.25,330.47,-0.16,-0.27,White,1631.45
125,7,person,OCCLUDED,63,61,0.322,53.05,233.64,-1.16,-0.66,Grey,3580.65
125,15,car,OCCLUDED,60,61,0.322,423.95,289.1,-0.44,-0.55,White,4720.41
125,5,truck,LOST,18,106,0.0,174.21,163.31,-0.25,-0.36,Grey,12921.57
125,16,car,LOST,20,97,0.0,872.73,314.06,0.2,-0.44,Grey,8859.77
125,18,car,VISIBLE,65,0,0.6799,588.95,434.06,-0.47,-0.12,Grey,673623.97
125,21,car,VISIBLE,65,0,0.6177,1167.86,303.52,-0.24,0.72,Grey,71382.29
125,22,car,VISIBLE,65,0,0.2059,549.83,157.76,-0.43,0.19,Grey,11590.84
125,19,person,VISIBLE,65,0,0.3327,442.63,58.69,-0.12,0.14,Grey,3227.52
125,20,car,VISIBLE,65,0,0.2931,1107.11,171.0,-0.36,0.5,Grey,33055.9
125,23,chair,VISIBLE,56,0,0.2413,731.82,280.7,-0.7,0.36,Cyan,5177.81
125,24,chair,VISIBLE,54,0,0.4355,599.76,273.48,0.02,0.24,Grey,14515.45
125,27,chair,VISIBLE,48,0,0.2133,834.38,284.56,-0.61,0.27,Grey,23245.45
125,29,chair,OCCLUDED,3,7,0.922,509.56,266.0,-0.0,-0.03,Grey,10498.35
125,30,car,VISIBLE,3,0,0.1728,962.93,147.66,-0.77,-0.13,Grey,4447.44
126,6,car,VISIBLE,125,0,0.5539,234.75,286.82,-0.35,-1.62,Grey,230018.81
126,2,car,OCCLUDED,63,62,0.311,643.92,434.85,-0.07,-0.12,Purple,160266.72
126,1,car,OCCLUDED,63,62,0.311,1183.59,406.75,0.33,-0.18,Red,61898.72
126,8,truck,OCCLUDED,63,62,0.311,542.7,227.65,-0.12,-0.68,Grey,2913.99
126,3,car,VISIBLE,117,0,0.1628,878.25,186.93,-0.2,0.75,Grey,47024.23
126,4,car,OCCLUDED,63,62,0.311,1056.1,361.44,0.5,-0.32,Red,36618.2
126,13,car,OUT_OF_BOUNDS,25,100,0.0,-193.43,552.16,-1.99,0.48,Grey,4493.18
126,11,person,OCCLUDED,63,62,0.311,705.11,303.55,-0.28,-0.47,Grey,5659.19
126,9,car,OCCLUDED,63,62,0.311,329.5,354.72,-0.67,-0.27,Grey,30084.14
126,12,car,OUT_OF_BOUNDS,23,102,0.0,1428.56,797.53,1.53,2.78,Grey,4597.82
126,14,chair,OCCLUDED,73,42,0.533,146.41,320.76,-4.49,0.54,Red,2151.27
126,10,chair,OCCLUDED,63,62,0.311,634.09,330.2,-0.16,-0.27,White,1631.45
126,7,person,OCCLUDED,63,62,0.311,51.89,232.98,-1.16,-0.66,Grey,3580.65
126,15,car,OCCLUDED,60,62,0.311,423.51,288.55,-0.44,-0.55,White,4720.41
126,5,truck,LOST,18,107,0.0,173.95,162.96,-0.25,-0.36,Grey,12921.57
126,16,car,LOST,20,98,0.0,872.93,313.62,0.2,-0.44,Grey,8859.77
126,18,car,VISIBLE,66,0,0.6824,588.51,434.21,-0.44,0.08,Grey,672756.86
126,21,car,VISIBLE,66,0,0.6253,1167.55,304.12,-0.29,0.63,Grey,71833.14
126,22,car,VISIBLE,66,0,0.2128,549.33,157.9,-0.47,0.15,Grey,11638.8
126,19,person,VISIBLE,66,0,0.3119,442.3,58.79,-0.27,0.11,Grey,3218.71
126,20,car,VISIBLE,66,0,0.2947,1106.74,171.46,-0.37,0.47,Grey,33487.0
126,23,chair,VISIBLE,57,0,0.2449,731.14,280.9,-0.69,0.25,Cyan,5173.14
126,24,chair,VISIBLE,55,0,0.4517,599.11,273.49,-0.45,0.08,Grey,14517.31
126,27,chair,VISIBLE,49,0,0.2205,833.77,284.64,-0.61,0.14,Grey,23443.97
126,29,chair,OCCLUDED,3,8,0.911,509.56,265.98,-0.0,-0.03,Grey,10498.35
126,30,car,VISIBLE,4,0,0.1908,962.08,147.67,-0.83,-0.03,Grey,4456.42
127,6,car,VISIBLE,126,0,0.5446,233.59,281.8,-0.91,-4.0,Grey,223971.73
127,2,car,OCCLUDED,63,63,0.3,643.85,434.72,-0.07,-0.12,Purple,160266.72
127,1,car,OCCLUDED,63,63,0.3,1183.92,406.57,0.33,-0.18,Red,61898.72
127,8,truck,OCCLUDED,63,63,0.3,542.58,226.97,-0.12,-0.68,Grey,2913.99
127,3,car,VISIBLE,118,0,0.1628,878.05,187.67,-0.2,0.75,Grey,47339.35
127,4,car,OCCLUDED,63,63,0.3,1056.6,361.12,0.5,-0.32,Red,36618.2
127,13,car,OUT_OF_BOUNDS,25,101,0.0,-195.42,552.64,-1.99,0.48,Grey,4493.18
127,11,person,OCCLUDED,63,63,0.3,704.84,303.08,-0.28,-0.47,Grey,5659.19
127,9,car,OCCLUDED,63,63,0.3,328.83,354.45,-0.67,-0.27,Grey,30084.14
127,12,car,OUT_OF_BOUNDS,23,103,0.0,1430.09,800.31,1.53,2.78,Grey,4597.82
127,14,chair,OCCLUDED,73,43,0.522,141.92,321.3,-4.49,0.54,Red,2151.27
127,10,chair,OCCLUDED,63,63,0.3,633.93,329.93,-0.16,-0.27,White,1631.45
127,7,person,OCCLUDED,63,63,0.3,50.72,232.32,-1.16,-0.66,Grey,3580.65
127,15,car,OCCLUDED,60,63,0.3,423.07,288.0,-0.44,-0.55,White,4720.41
127,5,truck,LOST,18,108,0.0,173.7,162.6,-0.25,-0.36,Grey,12921.57
127,16,car,LOST,20,99,0.0,873.12,313.18,0.2,-0.44,Grey,8859.77
127,18,car,VISIBLE,67,0,0.679,588.05,434.26,-0.45,0.06,Grey,672112.76
127,21,car,VISIBLE,67,0,0.6121,1167.26,304.33,-0.29,0.34,Grey,72170.38
127,22,car,VISIBLE,67,0,0.2187,548.79,158.0,-0.52,0.11,Grey,11664.96
127,19,person,VISIBLE,67,0,0.2796,441.85,58.84,-0.4,0.07,Grey,3211.05
127,20,car,VISIBLE,67,0,0.2934,1106.32,171.86,-0.41,0.42,Grey,33829.21
127,23,chair,VISIBLE,58,0,0.2022,730.74,280.81,-0.49,0.0,Cyan,5030.25
127,24,chair,VISIBLE,56,0,0.4063,598.41,273.54,-0.62,0.06,Grey,14666.44
127,27,chair,VISIBLE,50,0,0.1924,833.05,284.65,-0.68,0.05,Grey,23562.69
127,29,chair,OCCLUDED,3,9,0.9,509.56,265.95,-0.0,-0.03,Grey,10498.35
127,30,car,VISIBLE,5,0,0.1927,960.96,147.61,-1.03,-0.05,Grey,4548.38
128,6,car,VISIBLE,127,0,0.5496,232.59,277.75,-0.98,-4.03,Grey,219095.14
128,2,car,OCCLUDED,63,64,0.289,643.78,434.6,-0.07,-0.12,Purple,160266.72
128,1,car,OCCLUDED,63,64,0.289,1184.25,406.39,0.33,-0.18,Red,61898.72
128,8,truck,OCCLUDED,63,64,0.289,542.46,226.3,-0.12,-0.68,Grey,2913.99
128,3,car,OCCLUDED,118,1,0.989,877.85,188.42,-0.2,0.75,Grey,47339.35
128,4,car,OCCLUDED,63,64,0.289,1057.1,360.79,0.5,-0.32,Red,36618.2
128,13,car,OUT_OF_BOUNDS,25,102,0.0,-197.41,553.11,-1.99,0.48,Grey,4493.18
128,11,person,OCCLUDED,63,64,0.289,704.56,302.6,-0.28,-0.47,Grey,5659.19
128,9,car,OCCLUDED,63,64,0.289,328.16,354.17,-0.67,-0.27,Grey,30084.14
128,12,car,OUT_OF_BOUNDS,23,104,0.0,1431.62,803.09,1.53,2.78,Grey,4597.82
128,14,chair,OCCLUDED,73,44,0.511,137.43,321.84,-4.49,0.54,Red,2151.27
128,10,chair,OCCLUDED,63,64,0.289,633.77,329.66,-0.16,-0.27,White,1631.45
128,7,person,OCCLUDED,63,64,0.289,49.56,231.66,-1.16,-0.66,Grey,3580.65
128,15,car,OCCLUDED,60,64,0.289,422.63,287.45,-0.44,-0.55,White,4720.41
128,5,truck,LOST,18,109,0.0,173.45,162.24,-0.25,-0.36,Grey,12921.57
128,16,car,LOST,20,100,0.0,873.32,312.74,0.2,-0.44,Grey,8859.77
128,18,car,VISIBLE,68,0,0.6801,587.67,434.51,-0.41,0.19,Grey,671080.09
128,21,car,VISIBLE,68,0,0.6152,1167.01,304.29,-0.26,0.07,Grey,72265.34
128,22,car,VISIBLE,68,0,0.2095,548.12,157.81,-0.63,-0.09,Grey,11639.8
128,19,person,VISIBLE,68,0,0.3091,441.42,58.93,-0.42,0.08,Grey,3208.06
128,20,car,VISIBLE,68,0,0.2896,1105.84,172.04,-0.45,0.25,Grey,34016.49
128,23,chair,VISIBLE,59,0,0.2465,730.09,281.07,-0.6,0.19,Cyan,5038.51
128,24,chair,VISIBLE,57,0,0.4169,597.77,273.56,-0.64,0.04,Grey,14771.35
128,27,chair,VISIBLE,51,0,0.1924,832.48,284.75,-0.61,0.08,Grey,23663.28
128,29,chair,OCCLUDED,3,10,0.889,509.56,265.92,-0.0,-0.03,Grey,10498.35
128,30,car,VISIBLE,6,0,0.2011,959.72,147.37,-1.18,-0.18,Grey,4629.29
129,6,car,VISIBLE,128,0,0.5532,232.54,278.44,-0.33,-0.73,Grey,219754.06
129,2,car,OCCLUDED,63,65,0.278,643.71,434.48,-0.07,-0.12,Purple,160266.72
129,1,car,OCCLUDED,63,65,0.278,1184.58,406.21,0.33,-0.18,Red,61898.72
129,8,truck,OCCLUDED,63,65,0.278,542.35,225.62,-0.12,-0.68,Grey,2913.99
129,3,car,OCCLUDED,118,2,0.978,877.64,189.16,-0.2,0.75,Grey,47339.35
129,4,car,OCCLUDED,63,65,0.278,1057.6,360.47,0.5,-0.32,Red,36618.2
129,13,car,OUT_OF_BOUNDS,25,103,0.0,-199.4,553.59,-1.99,0.48,Grey,4493.18
129,11,person,OCCLUDED,63,65,0.278,704.28,302.13,-0.28,-0.47,Grey,5659.19
129,9,car,OCCLUDED,63,65,0.278,327.48,353.9,-0.67,-0.27,Grey,30084.14
129,12,car,OUT_OF_BOUNDS,23,105,0.0,1433.15,805.88,1.53,2.78,Grey,4597.82
129,14,chair,OCCLUDED,73,45,0.5,132.94,322.38,-4.49,0.54,Red,2151.27
129,10,chair,OCCLUDED,63,65,0.278,633.61,329.39,-0.16,-0.27,White,1631.45
129,7,person,OCCLUDED,63,65,0.278,48.39,231.0,-1.16,-0.66,Grey,3580.65
129,15,car,OCCLUDED,60,65,0.278,422.19,286.9,-0.44,-0.55,White,4720.41
129,5,truck,LOST,18,110,0.0,173.19,161.89,-0.25,-0.36,Grey,12921.57
129,16,car,LOST,20,101,0.0,873.52,312.3,0.2,-0.44,Grey,8859.77
129,18,car,VISIBLE,69,0,0.6804,587.41,434.47,-0.3,0.03,Grey,670892.17
129,21,car,VISIBLE,69,0,0.6003,1167.42,304.66,0.21,0.28,Grey,72222.23
129,22,car,VISIBLE,69,0,0.2129,547.49,157.94,-0.63,0.06,Grey,11730.36
129,19,person,VISIBLE,69,0,0.2999,440.64,59.04,-0.67,0.1,Grey,3174.01
129,20,car,VISIBLE,69,0,0.2936,1105.38,172.3,-0.46,0.25,Grey,34180.51
129,23,chair,VISIBLE,60,0,0.2521,729.52,280.82,-0.58,-0.12,Cyan,4805.29
129,24,chair,VISIBLE,58,0,0.3987,597.16,273.47,-0.61,-0.06,Grey,14968.24
129,27,chair,VISIBLE,52,0,0.1924,831.91,284.86,-0.58,0.1,Grey,23763.81
129,29,chair,OCCLUDED,3,11,0.878,509.56,265.9,-0.0,-0.03,Grey,10498.35
129,30,car,VISIBLE,7,0,0.2087,958.04,147.29,-1.53,-0.11,Grey,4778.66
130,6,car,VISIBLE,129,0,0.5449,232.19,279.47,-0.34,0.5,Grey,220551.36
130,2,car,OCCLUDED,63,66,0.267,643.64,434.35,-0.07,-0.12,Purple,160266.72
130,1,car,OCCLUDED,63,66,0.267,1184.91,406.02,0.33,-0.18,Red,61898.72
130,8,truck,OCCLUDED,63,66,0.267,542.23,224.95,-0.12,-0.68,Grey,2913.99
130,3,car,OCCLUDED,118,3,0.967,877.44,189.91,-0.2,0.75,Grey,47339.35
130,4,car,OCCLUDED,63,66,0.267,1058.09,360.15,0.5,-0.32,Red,36618.2
130,13,car,OUT_OF_BOUNDS,25,104,0.0,-201.39,554.06,-1.99,0.48,Grey,4493.18
130,11,person,OCCLUDED,63,66,0.267,704.0,301.66,-0.28,-0.47,Grey,5659.19
130,9,car,OCCLUDED,63,66,0.267,326.81,353.63,-0.67,-0.27,Grey,30084.14
130,12,car,OUT_OF_BOUNDS,23,106,0.0,1434.68,808.66,1.53,2.78,Grey,4597.82
130,14,chair,OCCLUDED,73,46,0.489,128.45,322.92,-4.49,0.54,Red,2151.27
130,10,chair,OCCLUDED,63,66,0.267,633.45,329.13,-0.16,-0.27,White,1631.45
130,7,person,OCCLUDED,63,66,0.267,47.23,230.34,-1.16,-0.66,Grey,3580.65
130,15,car,OCCLUDED,60,66,0.267,421.75,286.35,-0.44,-0.55,White,4720.41
130,5,truck,LOST,18,111,0.0,172.94,161.53,-0.25,-0.36,Grey,12921.57
130,16,car,LOST,20,102,0.0,873.72,311.86,0.2,-0.44,Grey,8859.77
130,18,car,VISIBLE,70,0,0.6795,587.22,434.83,-0.23,0.25,Grey,669835.85
130,21,car,VISIBLE,70,0,0.6033,1167.68,304.66,0.24,0.08,Grey,72053.34
130,22,car,VISIBLE,70,0,0.2068,546.96,158.41,-0.56,0.34,Grey,11927.68
130,19,person,VISIBLE,70,0,0.3505,439.11,59.3,-1.27,0.21,Grey,3368.77
130,20,car,VISIBLE,70,0,0.2943,1104.9,172.25,-0.47,0.04,Grey,34196.41
130,23,chair,VISIBLE,61,0,0.2387,728.82,280.49,-0.66,-0.27,Cyan,4558.12
130,24,chair,VISIBLE,59,0,0.4276,596.32,273.24,-0.78,-0.18,Grey,15041.71
130,27,chair,VISIBLE,53,0,0.1924,831.34,284.96,-0.58,0.1,Grey,23864.29
130,29,chair,OCCLUDED,3,12,0.867,509.56,265.87,-0.0,-0.03,Grey,10498.35
130,30,car,VISIBLE,8,0,0.2163,956.17,147.27,-1.76,-0.05,Grey,4930.89
131,6,car,VISIBLE,130,0,0.5289,231.88,276.86,-0.32,-1.67,Grey,217939.59
131,2,car,OCCLUDED,63,67,0.256,643.57,434.23,-0.07,-0.12,Purple,160266.72
131,1,car,OCCLUDED,63,67,0.256,1185.24,405.84,0.33,-0.18,Red,61898.72
131,8,truck,OCCLUDED,63,67,0.256,542.11,224.27,-0.12,-0.68,Grey,2913.99
131,3,car,OCCLUDED,118,4,0.956,877.24,190.66,-0.2,0.75,Grey,47339.35
131,4,car,OCCLUDED,63,67,0.256,1058.59,359.82,0.5,-0.32,Red,36618.2
131,13,car,OUT_OF_BOUNDS,25,105,0.0,-203.38,554.54,-1.99,0.48,Grey,4493.18
131,11,person,OCCLUDED,63,67,0.256,703.73,301.18,-0.28,-0.47,Grey,5659.19
131,9,car,OCCLUDED,63,67,0.256,326.14,353.36,-0.67,-0.27,Grey,30084.14
131,12,car,OUT_OF_BOUNDS,23,107,0.0,1436.2,811.44,1.53,2.78,Grey,4597.82
131,14,chair,OCCLUDED,73,47,0.478,123.95,323.46,-4.49,0.54,Red,2151.27
131,10,chair,OCCLUDED,63,67,0.256,633.29,328.86,-0.16,-0.27,White,1631.45
131,7,person,OCCLUDED,63,67,0.256,46.07,229.68,-1.16,-0.66,Grey,3580.65
131,15,car,OCCLUDED,60,67,0.256,421.31,285.8,-0.44,-0.55,White,4720.41
131,5,truck,LOST,18,112,0.0,172.69,161.17,-0.25,-0.36,Grey,12921.57
131,16,car,LOST,20,103,0.0,873.92,311.43,0.2,-0.44,Grey,8859.77
131,18,car,VISIBLE,71,0,0.6765,586.97,434.93,-0.24,0.15,Grey,669307.25
131,21,car,VISIBLE,71,0,0.5985,1167.74,304.31,0.12,-0.22,Grey,71973.86
131,22,car,VISIBLE,71,0,0.2,546.29,158.72,-0.64,0.32,Grey,12082.79
131,19,person,VISIBLE,71,0,0.3839,435.86,59.53,-2.66,0.23,Grey,3769.21
131,20,car,VISIBLE,71,0,0.2864,1104.26,172.14,-0.59,-0.06,Grey,34128.9
131,23,chair,VISIBLE,62,0,0.2201,727.61,280.22,-1.05,-0.27,Cyan,4385.06
131,24,chair,VISIBLE,60,0,0.5052,595.62,273.12,-0.72,-0.13,Grey,15009.81
131,27,chair,VISIBLE,54,0,0.1924,830.76,285.06,-0.58,0.1,Grey,23964.71
131,29,chair,OCCLUDED,3,13,0.856,509.56,265.85,-0.0,-0.03,Grey,10498.35
131,30,car,VISIBLE,9,0,0.2115,954.62,147.3,-1.62,0.0,Grey,4970.22
132,6,car,VISIBLE,131,0,0.5416,231.19,276.32,-0.58,-0.88,Grey,216833.05
132,2,car,OCCLUDED,63,68,0.244,643.5,434.11,-0.07,-0.12,Purple,160266.72
132,1,car,OCCLUDED,63,68,0.244,1185.57,405.66,0.33,-0.18,Red,61898.72
132,8,truck,OCCLUDED,63,68,0.244,542.0,223.6,-0.12,-0.68,Grey,2913.99
132,3,car,OCCLUDED,118,5,0.944,877.03,191.4,-0.2,0.75,Grey,47339.35
132,4,car,OCCLUDED,63,68,0.244,1059.09,359.5,0.5,-0.32,Red,36618.2
132,13,car,OUT_OF_BOUNDS,25,106,0.0,-205.38,555.01,-1.99,0.48,Grey,4493.18
132,11,person,OCCLUDED,63,68,0.244,703.45,300.71,-0.28,-0.47,Grey,5659.19
132,9,car,OCCLUDED,63,68,0.244,325.47,353.09,-0.67,-0.27,Grey,30084.14
132,12,car,OUT_OF_BOUNDS,23,108,0.0,1437.73,814.23,1.53,2.78,Grey,4597.82
132,14,chair,OCCLUDED,73,48,0.467,119.46,324.0,-4.49,0.54,Red,2151.27
132,10,chair,OCCLUDED,63,68,0.244,633.13,328.59,-0.16,-0.27,White,1631.45
132,7,person,OCCLUDED,63,68,0.244,44.9,229.02,-1.16,-0.66,Grey,3580.65
132,15,car,OCCLUDED,60,68,0.244,420.87,285.25,-0.44,-0.55,White,4720.41
132,5,truck,LOST,18,113,0.0,172.43,160.82,-0.25,-0.36,Grey,12921.57
132,16,car,LOST,20,104,0.0,874.12,310.99,0.2,-0.44,Grey,8859.77
132,18,car,VISIBLE,72,0,0.6777,586.76,434.49,-0.21,-0.26,Grey,670113.86
132,21,car,VISIBLE,72,0,0.6074,1167.34,304.65,-0.25,0.17,Grey,72417.77
132,22,car,VISIBLE,72,0,0.1996,545.46,158.94,-0.77,0.25,Grey,12212.01
132,19,person,VISIBLE,72,0,0.4012,433.27,59.59,-2.61,0.11,Grey,4053.86
132,20,car,VISIBLE,72,0,0.288,1103.53,171.13,-0.68,-0.73,Grey,33302.22
132,23,chair,VISIBLE,63,0,0.2429,725.99,280.2,-1.45,-0.09,Cyan,4364.74
132,24,chair,VISIBLE,61,0,0.5061,595.03,272.91,-0.63,-0.19,Grey,14932.1
132,27,chair,VISIBLE,55,0,0.1924,830.19,285.17,-0.57,0.1,Grey,24065.07
132,29,chair,OCCLUDED,3,14,0.844,509.56,265.82,-0.0,-0.03,Grey,10498.35
132,30,car,VISIBLE,10,0,0.2407,952.86,147.18,-1.71,-0.08,Grey,4941.75
133,6,car,VISIBLE,132,0,0.5439,230.24,274.79,-0.84,-1.34,Grey,214635.52
133,2,car,OCCLUDED,63,69,0.233,643.43,433.98,-0.07,-0.12,Purple,160266.72
133,1,car,OCCLUDED,63,69,0.233,1185.91,405.48,0.33,-0.18,Red,61898.72
133,8,truck,OCCLUDED,63,69,0.233,541.88,222.92,-0.12,-0.68,Grey,2913.99
133,3,car,OCCLUDED,118,6,0.933,876.83,192.15,-0.2,0.75,Grey,47339.35
133,4,car,OCCLUDED,63,69,0.233,1059.59,359.18,0.5,-0.32,Red,36618.2
133,13,car,OUT_OF_BOUNDS,25,107,0.0,-207.37,555.49,-1.99,0.48,Grey,4493.18
133,11,person,OCCLUDED,63,69,0.233,703.17,300.23,-0.28,-0.47,Grey,5659.19
133,9,car,OCCLUDED,63,69,0.233,324.79,352.81,-0.67,-0.27,Grey,30084.14
133,12,car,OUT_OF_BOUNDS,23,109,0.0,1439.26,817.01,1.53,2.78,Grey,4597.82
133,14,chair,OCCLUDED,73,49,0.456,114.97,324.54,-4.49,0.54,Red,2151.27
133,10,chair,OCCLUDED,63,69,0.233,632.97,328.32,-0.16,-0.27,White,1631.45
133,7,person,OCCLUDED,63,69,0.233,43.74,228.36,-1.16,-0.66,Grey,3580.65
133,15,car,OCCLUDED,60,69,0.233,420.43,284.7,-0.44,-0.55,White,4720.41
133,5,truck,LOST,18,114,0.0,172.18,160.46,-0.25,-0.36,Grey,12921.57
133,16,car,LOST,20,105,0.0,874.32,310.55,0.2,-0.44,Grey,8859.77
133,18,car,VISIBLE,73,0,0.6596,586.21,433.19,-0.46,-0.99,Grey,672507.72
133,21,car,VISIBLE,73,0,0.6012,1166.32,304.81,-0.79,0.16,Grey,73323.43
133,22,car,VISIBLE,73,0,0.1752,543.79,158.8,-1.4,-0.03,Grey,12347.15
133,19,person,VISIBLE,73,0,0.3496,430.93,59.58,-2.42,0.02,Grey,4253.16
133,20,car,VISIBLE,73,0,0.2641,1102.13,169.44,-1.19,-1.4,Grey,32166.39
133,23,chair,VISIBLE,64,0,0.2096,723.23,280.41,-2.37,0.12,Cyan,4539.9
133,24,chair,VISIBLE,62,0,0.498,593.74,272.87,-1.1,-0.09,Grey,14929.07
133,27,chair,OCCLUDED,55,1,0.989,829.62,285.27,-0.57,0.1,Grey,24065.07
133,29,chair,OCCLUDED,3,15,0.833,509.56,265.79,-0.0,-0.03,Grey,10498.35
133,30,car,VISIBLE,11,0,0.2118,950.0,147.28,-2.52,0.05,Grey,5005.52
134,6,car,VISIBLE,133,0,0.5448,229.26,275.34,-0.94,-0.02,Grey,214294.79
134,2,car,OCCLUDED,63,70,0.222,643.36,433.86,-0.07,-0.12,Purple,160266.72
134,1,car,OCCLUDED,63,70,0.222,1186.24,405.3,0.33,-0.18,Red,61898.72
134,8,truck,OCCLUDED,63,70,0.222,541.77,222.24,-0.12,-0.68,Grey,2913.99
134,3,car,OCCLUDED,118,7,0.922,876.63,192.9,-0.2,0.75,Grey,47339.35
134,4,car,OCCLUDED,63,70,0.222,1060.08,358.85,0.5,-0.32,Red,36618.2
134,13,car,OUT_OF_BOUNDS,25,108,0.0,-209.36,555.97,-1.99,0.48,Grey,4493.18
134,11,person,OCCLUDED,63,70,0.222,702.89,299.76,-0.28,-0.47,Grey,5659.19
134,9,car,OCCLUDED,63,70,0.222,324.12,352.54,-0.67,-0.27,Grey,30084.14
134,12,car,OUT_OF_BOUNDS,23,110,0.0,1440.79,819.79,1.53,2.78,Grey,4597.82
134,14,chair,OCCLUDED,73,50,0.444,110.48,325.08,-4.49,0.54,Red,2151.27
134,10,chair,OCCLUDED,63,70,0.222,632.81,328.05,-0.16,-0.27,White,1631.45
134,7,person,OCCLUDED,63,70,0.222,42.58,227.7,-1.16,-0.66,Grey,3580.65
134,15,car,OCCLUDED,60,70,0.222,419.99,284.15,-0.44,-0.55,White,4720.41
134,5,truck,LOST,18,115,0.0,171.93,160.1,-0.25,-0.36,Grey,12921.57
134,16,car,LOST,20,106,0.0,874.52,310.11,0.2,-0.44,Grey,8859.77
134,18,car,VISIBLE,74,0,0.664,585.45,431.88,-0.67,-1.22,Grey,674717.81
134,21,car,VISIBLE,74,0,0.6029,1165.35,304.38,-0.92,-0.25,Grey,73905.78
134,22,car,VISIBLE,74,0,0.1795,541.78,158.66,-1.82,-0.11,Grey,12471.85
134,19,person,VISIBLE,74,0,0.2556,429.38,59.52,-1.81,-0.04,Grey,4430.02
134,20,car,VISIBLE,74,0,0.2732,1100.68,168.44,-1.37,-1.12,Grey,31439.32
134,23,chair,VISIBLE,65,0,0.2221,721.71,280.44,-1.77,0.06,Cyan,4586.01
134,24,chair,VISIBLE,63,0,0.5157,593.78,272.92,-0.3,0.01,Grey,14672.75
134,27,chair,OCCLUDED,55,2,0.978,829.05,285.37,-0.57,0.1,Grey,24065.07
134,29,chair,OCCLUDED,3,16,0.822,509.56,265.77,-0.0,-0.03,Grey,10498.35
134,30,car,VISIBLE,12,0,0.201,946.94,147.24,-2.9,-0.02,Grey,5065.72
135,6,car,VISIBLE,134,0,0.553,228.16,273.95,-1.05,-0.98,Grey,212033.07
135,2,car,OCCLUDED,63,71,0.211,643.29,433.74,-0.07,-0.12,Purple,160266.72
135,1,car,OCCLUDED,63,71,0.211,1186.57,405.12,0.33,-0.18,Red,61898.72
135,8,truck,OCCLUDED,63,71,0.211,541.65,221.57,-0.12,-0.68,Grey,2913.99
135,3,car,OCCLUDED,118,8,0.911,876.42,193.64,-0.2,0.75,Grey,47339.35
135,4,car,OCCLUDED,63,71,0.211,1060.58,358.53,0.5,-0.32,Red,36618.2
135,13,car,OUT_OF_BOUNDS,25,109,0.0,-211.35,556.44,-1.99,0.48,Grey,4493.18
135,11,person,OCCLUDED,63,71,0.211,702.62,299.28,-0.28,-0.47,Grey,5659.19
135,9,car,OCCLUDED,63,71,0.211,323.45,352.27,-0.67,-0.27,Grey,30084.14
135,12,car,OUT_OF_BOUNDS,23,111,0.0,1442.32,822.58,1.53,2.78,Grey,4597.82
135,14,chair,OCCLUDED,73,51,0.433,105.99,325.62,-4.49,0.54,Red,2151.27
135,10,chair,OCCLUDED,63,71,0.211,632.64,327.78,-0.16,-0.27,White,1631.45
135,7,person,OCCLUDED,63,71,0.211,41.41,227.04,-1.16,-0.66,Grey,3580.65
135,15,car,OCCLUDED,60,71,0.211,419.55,283.6,-0.44,-0.55,White,4720.41
135,5,truck,LOST,18,116,0.0,171.67,159.75,-0.25,-0.36,Grey,12921.57
135,16,car,LOST,20,107,0.0,874.72,309.67,0.2,-0.44,Grey,8859.77
135,18,car,VISIBLE,75,0,0.66,584.79,430.62,-0.66,-1.24,Grey,676892.38
135,21,car,VISIBLE,75,0,0.6072,1164.6,304.75,-0.8,0.19,Grey,74643.5
135,22,car,VISIBLE,75,0,0.1943,539.72,158.56,-1.99,-0.1,Grey,12619.03
135,19,person,VISIBLE,75,0,0.3343,428.75,59.43,-0.99,-0.07,Grey,4441.81
135,20,car,VISIBLE,75,0,0.2851,1099.34,167.96,-1.35,-0.67,Grey,31082.6
135,23,chair,VISIBLE,66,0,0.2416,720.25,280.57,-1.56,0.11,Cyan,4725.97
135,24,chair,VISIBLE,64,0,0.5222,593.25,272.81,-0.46,-0.07,Grey,14391.41
135,27,chair,OCCLUDED,55,3,0.967,828.48,285.48,-0.57,0.1,Grey,24065.07
135,29,chair,OCCLUDED,3,17,0.811,509.56,265.74,-0.0,-0.03,Grey,10498.35
135,30,car,VISIBLE,13,0,0.1957,944.17,147.32,-2.81,0.05,Grey,5131.64
136,6,car,VISIBLE,135,0,0.5558,227.05,272.56,-1.09,-1.26,Grey,209747.07
136,2,car,OCCLUDED,63,72,0.2,643.21,433.61,-0.07,-0.12,Purple,160266.72
136,1,car,OCCLUDED,63,72,0.2,1186.9,404.93,0.33,-0.18,Red,61898.72
136,8,truck,OCCLUDED,63,72,0.2,541.53,220.89,-0.12,-0.68,Grey,2913.99
136,3,car,OCCLUDED,118,9,0.9,876.22,194.39,-0.2,0.75,Grey,47339.35
136,4,car,OCCLUDED,63,72,0.2,1061.08,358.21,0.5,-0.32,Red,36618.2
136,13,car,OUT_OF_BOUNDS,25,110,0.0,-213.34,556.92,-1.99,0.48,Grey,4493.18
136,11,person,OCCLUDED,63,72,0.2,702.34,298.81,-0.28,-0.47,Grey,5659.19
136,9,car,OCCLUDED,63,72,0.2,322.77,352.0,-0.67,-0.27,Grey,30084.14
136,12,car,OUT_OF_BOUNDS,23,112,0.0,1443.85,825.36,1.53,2.78,Grey,4597.82
136,14,chair,OCCLUDED,73,52,0.422,101.5,326.16,-4.49,0.54,Red,2151.27
136,10,chair,OCCLUDED,63,72,0.2,632.48,327.51,-0.16,-0.27,White,1631.45
136,7,person,OCCLUDED,63,72,0.2,40.25,226.38,-1.16,-0.66,Grey,3580.65
136,15,car,OCCLUDED,60,72,0.2,419.11,283.05,-0.44,-0.55,White,4720.41
136,5,truck,LOST,18,117,0.0,171.42,159.39,-0.25,-0.36,Grey,12921.57
136,16,car,LOST,20,108,0.0,874.91,309.23,0.2,-0.44,Grey,8859.77
136,18,car,VISIBLE,76,0,0.6539,584.29,429.31,-0.55,-1.29,Grey,679376.56
136,21,car,VISIBLE,76,0,0.6059,1163.95,305.26,-0.7,0.41,Grey,75411.27
136,22,car,VISIBLE,76,0,0.1802,538.07,158.56,-1.76,-0.03,Grey,12740.92
136,19,person,VISIBLE,76,0,0.2718,428.73,59.23,-0.31,-0.16,Grey,4395.95
136,20,car,VISIBLE,76,0,0.3009,1098.28,167.93,-1.15,-0.23,Grey,31068.74
136,23,chair,VISIBLE,67,0,0.2733,719.18,280.58,-1.21,0.04,Cyan,4968.8
136,24,chair,VISIBLE,65,0,0.5094,593.03,272.78,-0.3,-0.05,Grey,14138.68
136,27,chair,OCCLUDED,55,4,0.956,827.9,285.58,-0.57,0.1,Grey,24065.07
136,29,chair,OCCLUDED,3,18,0.8,509.56,265.71,-0.0,-0.03,Grey,10498.35
136,30,car,VISIBLE,14,0,0.2106,941.51,147.34,-2.7,0.03,Grey,5188.54
137,6,car,VISIBLE,136,0,0.5414,225.84,269.49,-1.18,-2.53,Grey,206119.09
137,2,car,OCCLUDED,63,73,0.189,643.14,433.49,-0.07,-0.12,Purple,160266.72
137,1,car,OCCLUDED,63,73,0.189,1187.23,404.75,0.33,-0.18,Red,61898.72
137,8,truck,OCCLUDED,63,73,0.189,541.42,220.22,-0.12,-0.68,Grey,2913.99
137,3,car,OCCLUDED,118,10,0.889,876.02,195.14,-0.2,0.75,Grey,47339.35
137,4,car,OCCLUDED,63,73,0.189,1061.58,357.88,0.5,-0.32,Red,36618.2
137,13,car,OUT_OF_BOUNDS,25,111,0.0,-215.33,557.39,-1.99,0.48,Grey,4493.18
137,11,person,OCCLUDED,63,73,0.189,702.06,298.33,-0.28,-0.47,Grey,5659.19
137,9,car,OCCLUDED,63,73,0.189,322.1,351.73,-0.67,-0.27,Grey,30084.14
137,12,car,OUT_OF_BOUNDS,23,113,0.0,1445.38,828.14,1.53,2.78,Grey,4597.82
137,14,chair,OCCLUDED,73,53,0.411,97.01,326.7,-4.49,0.54,Red,2151.27
137,10,chair,OCCLUDED,63,73,0.189,632.32,327.24,-0.16,-0.27,White,1631.45
137,7,person,OCCLUDED,63,73,0.189,39.09,225.72,-1.16,-0.66,Grey,3580.65
137,15,car,OCCLUDED,60,73,0.189,418.66,282.5,-0.44,-0.55,White,4720.41
137,5,truck,LOST,18,118,0.0,171.17,159.03,-0.25,-0.36,Grey,12921.57
137,16,car,LOST,20,109,0.0,875.11,308.8,0.2,-0.44,Grey,8859.77
137,18,car,VISIBLE,77,0,0.6498,583.82,427.54,-0.5,-1.63,Grey,682984.1
137,21,car,VISIBLE,77,0,0.6097,1163.34,305.41,-0.63,0.23,Grey,76044.68
137,22,car,VISIBLE,77,0,0.1696,536.66,158.68,-1.51,0.07,Grey,12889.14
137,19,person,VISIBLE,77,0,0.2306,428.16,59.05,-0.49,-0.18,Grey,4353.33
137,20,car,VISIBLE,77,0,0.2978,1097.43,168.43,-0.94,0.28,Grey,31303.65
137,23,chair,VISIBLE,68,0,0.2324,718.47,280.75,-0.86,0.13,Cyan,5016.25
137,24,chair,VISIBLE,66,0,0.5031,592.59,272.74,-0.4,-0.05,Grey,13918.65
137,27,chair,OCCLUDED,55,5,0.944,827.33,285.68,-0.57,0.1,Grey,24065.07
137,29,chair,OCCLUDED,3,19,0.789,509.56,265.69,-0.0,-0.03,Grey,10498.35
137,30,car,VISIBLE,15,0,0.2047,939.22,147.37,-2.42,0.03,Grey,5204.49
138,6,car,VISIBLE,137,0,0.5525,224.72,266.08,-1.13,-3.14,Grey,202196.63
138,2,car,OCCLUDED,63,74,0.178,643.07,433.37,-0.07,-0.12,Purple,160266.72
138,1,car,OCCLUDED,63,74,0.178,1187.56,404.57,0.33,-0.18,Red,61898.72
138,8,truck,OCCLUDED,63,74,0.178,541.3,219.54,-0.12,-0.68,Grey,2913.99
138,3,car,OCCLUDED,118,11,0.878,875.81,195.88,-0.2,0.75,Grey,47339.35
138,4,car,OCCLUDED,63,74,0.178,1062.07,357.56,0.5,-0.32,Red,36618.2
138,13,car,OUT_OF_BOUNDS,25,112,0.0,-217.32,557.87,-1.99,0.48,Grey,4493.18
138,11,person,OCCLUDED,63,74,0.178,701.78,297.86,-0.28,-0.47,Grey,5659.19
138,9,car,OCCLUDED,63,74,0.178,321.43,351.46,-0.67,-0.27,Grey,30084.14
138,12,car,OUT_OF_BOUNDS,23,114,0.0,1446.91,830.93,1.53,2.78,Grey,4597.82
138,14,chair,OCCLUDED,73,54,0.4,92.52,327.24,-4.49,0.54,Red,2151.27
138,10,chair,OCCLUDED,63,74,0.178,632.16,326.98,-0.16,-0.27,White,1631.45
138,7,person,OCCLUDED,63,74,0.178,37.92,225.06,-1.16,-0.66,Grey,3580.65
138,15,car,OCCLUDED,60,74,0.178,418.22,281.94,-0.44,-0.55,White,4720.41
138,5,truck,LOST,18,119,0.0,170.91,158.68,-0.25,-0.36,Grey,12921.57
138,16,car,LOST,20,110,0.0,875.31,308.36,0.2,-0.44,Grey,8859.77
138,18,car,VISIBLE,78,0,0.6523,583.31,425.88,-0.5,-1.64,Grey,686235.15
138,21,car,VISIBLE,78,0,0.6277,1162.4,305.48,-0.84,0.12,Grey,76610.55
138,22,car,VISIBLE,78,0,0.1733,535.13,159.08,-1.52,0.31,Grey,13013.72
138,19,person,VISIBLE,78,0,0.2409,428.71,59.16,0.23,0.02,Grey,4113.12
138,20,car,VISIBLE,78,0,0.3207,1096.58,168.43,-0.88,0.08,Grey,31314.66
138,23,chair,VISIBLE,69,0,0.2404,717.89,281.1,-0.66,0.28,Cyan,5038.64
138,24,chair,VISIBLE,67,0,0.4872,590.96,272.72,-1.26,-0.03,Grey,13962.81
138,27,chair,OCCLUDED,55,6,0.933,826.76,285.79,-0.57,0.1,Grey,24065.07
138,29,chair,OCCLUDED,3,20,0.778,509.56,265.66,-0.0,-0.03,Grey,10498.35
138,30,car,VISIBLE,16,0,0.2256,937.06,147.47,-2.24,0.08,Grey,5241.32
139,6,car,VISIBLE,138,0,0.5544,223.63,262.37,-1.1,-3.55,Grey,198003.81
139,2,car,OCCLUDED,63,75,0.167,643.0,433.24,-0.07,-0.12,Purple,160266.72
139,1,car,OCCLUDED,63,75,0.167,1187.89,404.39,0.33,-0.18,Red,61898.72
139,8,truck,OCCLUDED,63,75,0.167,541.19,218.87,-0.12,-0.68,Grey,2913.99
139,3,car,OCCLUDED,118,12,0.867,875.61,196.63,-0.2,0.75,Grey,47339.35
139,4,car,OCCLUDED,63,75,0.167,1062.57,357.24,0.5,-0.32,Red,36618.2
139,13,car,OUT_OF_BOUNDS,25,113,0.0,-219.31,558.34,-1.99,0.48,Grey,4493.18
139,11,person,OCCLUDED,63,75,0.167,701.51,297.39,-0.28,-0.47,Grey,5659.19
139,9,car,OCCLUDED,63,75,0.167,320.76,351.18,-0.67,-0.27,Grey,30084.14
139,12,car,OUT_OF_BOUNDS,23,115,0.0,1448.44,833.71,1.53,2.78,Grey,4597.82
139,14,chair,OCCLUDED,73,55,0.389,88.03,327.78,-4.49,0.54,Red,2151.27
139,10,chair,OCCLUDED,63,75,0.167,632.0,326.71,-0.16,-0.27,White,1631.45
139,7,person,OCCLUDED,63,75,0.167,36.76,224.4,-1.16,-0.66,Grey,3580.65
139,15,car,OCCLUDED,60,75,0.167,417.78,281.39,-0.44,-0.55,White,4720.41
139,5,truck,LOST,18,120,0.0,170.66,158.32,-0.25,-0.36,Grey,12921.57
139,16,car,LOST,20,111,0.0,875.51,307.92,0.2,-0.44,Grey,8859.77
139,18,car,VISIBLE,79,0,0.6581,582.77,424.9,-0.53,-1.18,Grey,687911.86
139,21,car,VISIBLE,79,0,0.6436,1161.53,305.03,-0.86,-0.28,Grey,77041.87
139,22,car,VISIBLE,79,0,0.1773,533.4,159.43,-1.67,0.34,Grey,13116.75
139,19,person,VISIBLE,79,0,0.2109,428.25,59.1,-0.24,-0.03,Grey,4049.78
139,20,car,VISIBLE,79,0,0.3125,1095.67,168.7,-0.9,0.22,Grey,31408.33
139,23,chair,VISIBLE,70,0,0.279,713.58,281.88,-3.22,0.64,Cyan,5728.06
139,24,chair,VISIBLE,68,0,0.5397,588.33,272.78,-2.22,0.04,Grey,14175.9
139,27,chair,OCCLUDED,55,7,0.922,826.19,285.89,-0.57,0.1,Grey,24065.07
139,29,chair,OCCLUDED,3,21,0.767,509.56,265.63,-0.0,-0.03,Grey,10498.35
139,30,car,VISIBLE,17,0,0.2037,934.74,147.69,-2.3,0.18,Grey,5301.27
140,6,car,VISIBLE,139,0,0.5552,222.45,262.66,-1.16,-0.86,Grey,197334.85
140,2,car,OCCLUDED,63,76,0.156,642.93,433.12,-0.07,-0.12,Purple,160266.72
140,1,car,OCCLUDED,63,76,0.156,1188.22,404.21,0.33,-0.18,Red,61898.72
140,8,truck,OCCLUDED,63,76,0.156,541.07,218.19,-0.12,-0.68,Grey,2913.99
140,3,car,OCCLUDED,118,13,0.856,875.41,197.37,-0.2,0.75,Grey,47339.35
140,4,car,OCCLUDED,63,76,0.156,1063.07,356.91,0.5,-0.32,Red,36618.2
140,13,car,OUT_OF_BOUNDS,25,114,0.0,-221.3,558.82,-1.99,0.48,Grey,4493.18
140,11,person,OCCLUDED,63,76,0.156,701.23,296.91,-0.28,-0.47,Grey,5659.19
140,9,car,OCCLUDED,63,76,0.156,320.08,350.91,-0.67,-0.27,Grey,30084.14
140,12,car,OUT_OF_BOUNDS,23,116,0.0,1449.96,836.49,1.53,2.78,Grey,4597.82
140,14,chair,OCCLUDED,73,56,0.378,83.54,328.32,-4.49,0.54,Red,2151.27
140,10,chair,OCCLUDED,63,76,0.156,631.84,326.44,-0.16,-0.27,White,1631.45
140,7,person,OCCLUDED,63,76,0.156,35.59,223.74,-1.16,-0.66,Grey,3580.65
140,15,car,OCCLUDED,60,76,0.156,417.34,280.84,-0.44,-0.55,White,4720.41
140,5,truck,LOST,18,121,0.0,170.41,157.96,-0.25,-0.36,Grey,12921.57
140,16,car,LOST,20,112,0.0,875.71,307.48,0.2,-0.44,Grey,8859.77
140,18,car,VISIBLE,80,0,0.6557,582.11,424.58,-0.62,-0.58,Grey,687880.17
140,21,car,VISIBLE,80,0,0.6513,1160.8,303.77,-0.77,-0.97,Grey,77120.32
140,22,car,VISIBLE,80,0,0.1739,531.16,159.68,-2.07,0.27,Grey,13173.08
140,19,person,VISIBLE,80,0,0.2502,427.27,59.23,-0.76,0.08,Grey,4096.98
140,20,car,VISIBLE,80,0,0.3236,1094.61,169.14,-1.01,0.37,Grey,31539.12
140,23,chair,VISIBLE,71,0,0.2357,713.54,281.87,-0.99,0.18,Cyan,5541.09
140,24,chair,VISIBLE,69,0,0.5128,585.41,272.99,-2.7,0.16,Grey,14323.27
140,27,chair,VISIBLE,56,0,0.1527,817.59,284.63,-1.27,-0.02,Grey,22873.75
140,29,chair,OCCLUDED,3,22,0.756,509.56,265.61,-0.0,-0.03,Grey,10498.35
140,30,car,VISIBLE,18,0,0.212,932.15,147.81,-2.49,0.14,Grey,5345.35
141,6,car,VISIBLE,140,0,0.5737,221.01,267.95,-1.36,3.45,Grey,200815.34
141,2,car,OCCLUDED,63,77,0.144,642.86,433.0,-0.07,-0.12,Purple,160266.72
141,1,car,OCCLUDED,63,77,0.144,1188.56,404.02,0.33,-0.18,Red,61898.72
141,8,truck,OCCLUDED,63,77,0.144,540.95,217.52,-0.12,-0.68,Grey,2913.99
141,3,car,OCCLUDED,118,14,0.844,875.2,198.12,-0.2,0.75,Grey,47339.35
141,4,car,OCCLUDED,63,77,0.144,1063.57,356.59,0.5,-0.32,Red,36618.2
141,13,car,OUT_OF_BOUNDS,25,115,0.0,-223.29,559.3,-1.99,0.48,Grey,4493.18
141,11,person,OCCLUDED,63,77,0.144,700.95,296.44,-0.28,-0.47,Grey,5659.19
141,9,car,OCCLUDED,63,77,0.144,319.41,350.64,-0.67,-0.27,Grey,30084.14
141,12,car,OUT_OF_BOUNDS,23,117,0.0,1451.49,839.28,1.53,2.78,Grey,4597.82
141,14,chair,OCCLUDED,73,57,0.367,79.05,328.86,-4.49,0.54,Red,2151.27
141,10,chair,OCCLUDED,63,77,0.144,631.68,326.17,-0.16,-0.27,White,1631.45
141,7,person,OCCLUDED,63,77,0.144,34.43,223.08,-1.16,-0.66,Grey,3580.65
141,15,car,OCCLUDED,60,77,0.144,416.9,280.29,-0.44,-0.55,White,4720.41
141,5,truck,LOST,18,122,0.0,170.15,157.61,-0.25,-0.36,Grey,12921.57
141,16,car,LOST,20,113,0.0,875.91,307.04,0.2,-0.44,Grey,8859.77
141,18,car,VISIBLE,81,0,0.6525,581.35,423.75,-0.72,-0.75,Grey,688884.98
141,21,car,VISIBLE,81,0,0.6289,1160.31,303.23,-0.57,-0.67,Grey,77433.58
141,22,car,VISIBLE,81,0,0.1629,528.63,159.55,-2.4,-0.01,Grey,13164.96
141,19,person,VISIBLE,81,0,0.2016,427.04,59.23,-0.39,0.02,Grey,3930.82
141,20,car,VISIBLE,81,0,0.3106,1093.45,169.71,-1.11,0.51,Grey,31738.83
141,23,chair,VISIBLE,72,0,0.3098,710.08,282.35,-2.72,0.39,Cyan,5959.43
141,24,chair,VISIBLE,70,0,0.5301,582.08,273.04,-3.15,0.08,Grey,14556.76
141,27,chair,VISIBLE,57,0,0.1527,817.52,284.63,-0.43,-0.0,Grey,22877.73
141,29,chair,VISIBLE,4,0,0.2035,483.21,269.06,-0.8,0.08,Grey,9673.65
141,30,car,VISIBLE,19,0,0.212,929.77,147.91,-2.42,0.11,Grey,5392.74
142,6,car,VISIBLE,141,0,0.569,219.8,268.72,-1.25,1.57,Grey,200375.87
142,2,car,OCCLUDED,63,78,0.133,642.79,432.87,-0.07,-0.12,Purple,160266.72
142,1,car,OCCLUDED,63,78,0.133,1188.89,403.84,0.33,-0.18,Red,61898.72
142,8,truck,OCCLUDED,63,78,0.133,540.84,216.84,-0.12,-0.68,Grey,2913.99
142,3,car,OCCLUDED,118,15,0.833,875.0,198.87,-0.2,0.75,Grey,47339.35
142,4,car,OCCLUDED,63,78,0.133,1064.06,356.27,0.5,-0.32,Red,36618.2
142,13,car,OUT_OF_BOUNDS,25,116,0.0,-225.28,559.77,-1.99,0.48,Grey,4493.18
142,11,person,OCCLUDED,63,78,0.133,700.67,295.96,-0.28,-0.47,Grey,5659.19
142,9,car,OCCLUDED,63,78,0.133,318.74,350.37,-0.67,-0.27,Grey,30084.14
142,12,car,OUT_OF_BOUNDS,23,118,0.0,1453.02,842.06,1.53,2.78,Grey,4597.82
142,14,chair,OCCLUDED,73,58,0.356,74.56,329.4,-4.49,0.54,Red,2151.27
142,10,chair,OCCLUDED,63,78,0.133,631.52,325.9,-0.16,-0.27,White,1631.45
142,7,person,OCCLUDED,63,78,0.133,33.27,222.42,-1.16,-0.66,Grey,3580.65
142,15,car,OCCLUDED,60,78,0.133,416.46,279.74,-0.44,-0.55,White,4720.41
142,5,truck,LOST,18,123,0.0,169.9,157.25,-0.25,-0.36,Grey,12921.57
142,16,car,LOST,20,114,0.0,876.11,306.6,0.2,-0.44,Grey,8859.77
142,18,car,VISIBLE,82,0,0.6527,580.48,422.79,-0.82,-0.9,Grey,690070.57
142,21,car,VISIBLE,82,0,0.6261,1159.45,302.5,-0.77,-0.72,Grey,77646.56
142,22,car,VISIBLE,82,0,0.1806,526.06,159.42,-2.52,-0.1,Grey,13169.86
142,19,person,VISIBLE,82,0,0.183,426.94,59.32,-0.19,0.07,Grey,3580.19
142,20,car,VISIBLE,82,0,0.3049,1092.26,170.04,-1.17,0.38,Grey,31796.53
142,23,chair,VISIBLE,73,0,0.2714,709.05,282.49,-1.53,0.22,Cyan,5830.06
142,24,chair,VISIBLE,71,0,0.5853,579.12,273.01,-3.01,0.0,Grey,14542.02
142,27,chair,VISIBLE,58,0,0.153,815.53,284.7,-1.52,0.05,Grey,22370.07
142,29,chair,VISIBLE,5,0,0.2035,483.1,269.14,-0.32,0.08,Grey,9660.87
142,30,car,VISIBLE,20,0,0.212,927.38,148.0,-2.4,0.1,Grey,5440.11
143,6,car,VISIBLE,142,0,0.5773,218.78,269.07,-1.09,0.72,Grey,199691.0
143,2,car,OCCLUDED,63,79,0.122,642.72,432.75,-0.07,-0.12,Purple,160266.72
143,1,car,OCCLUDED,63,79,0.122,1189.22,403.66,0.33,-0.18,Red,61898.72
143,8,truck,OCCLUDED,63,79,0.122,540.72,216.16,-0.12,-0.68,Grey,2913.99
143,3,car,OCCLUDED,118,16,0.822,874.8,199.61,-0.2,0.75,Grey,47339.35
143,4,car,OCCLUDED,63,79,0.122,1064.56,355.94,0.5,-0.32,Red,36618.2
143,13,car,OUT_OF_BOUNDS,25,117,0.0,-227.27,560.25,-1.99,0.48,Grey,4493.18
143,11,person,OCCLUDED,63,79,0.122,700.4,295.49,-0.28,-0.47,Grey,5659.19
143,9,car,OCCLUDED,63,79,0.122,318.07,350.1,-0.67,-0.27,Grey,30084.14
143,12,car,OUT_OF_BOUNDS,23,119,0.0,1454.55,844.84,1.53,2.78,Grey,4597.82
143,14,chair,OCCLUDED,73,59,0.344,70.07,329.94,-4.49,0.54,Red,2151.27
143,10,chair,OCCLUDED,63,79,0.122,631.36,325.63,-0.16,-0.27,White,1631.45
143,7,person,OCCLUDED,63,79,0.122,32.1,221.76,-1.16,-0.66,Grey,3580.65
143,15,car,OCCLUDED,60,79,0.122,416.02,279.19,-0.44,-0.55,White,4720.41
143,5,truck,LOST,18,124,0.0,169.65,156.89,-0.25,-0.36,Grey,12921.57
143,16,car,LOST,20,115,0.0,876.31,306.17,0.2,-0.44,Grey,8859.77
143,18,car,VISIBLE,83,0,0.6513,579.41,422.21,-0.99,-0.68,Grey,690129.29
143,21,car,VISIBLE,83,0,0.6276,1158.2,302.44,-1.11,-0.25,Grey,78134.93
143,22,car,VISIBLE,83,0,0.1527,523.92,159.47,-2.25,0.01,Grey,13277.22
143,19,person,VISIBLE,83,0,0.2301,423.66,60.1,-2.35,0.56,Grey,3949.44
143,20,car,VISIBLE,83,0,0.3175,1091.24,170.51,-1.07,0.44,Grey,31928.4
143,23,chair,VISIBLE,74,0,0.2298,707.66,282.12,-1.43,-0.19,Cyan,5540.7
143,24,chair,VISIBLE,72,0,0.59,576.54,273.37,-2.71,0.25,Grey,14509.71
143,27,chair,VISIBLE,59,0,0.1615,814.3,285.27,-1.32,0.41,Grey,22278.17
143,29,chair,VISIBLE,6,0,0.2035,482.99,269.23,-0.17,0.08,Grey,9648.11
143,30,car,VISIBLE,21,0,0.212,924.99,148.09,-2.39,0.1,Grey,5487.46
144,6,car,VISIBLE,143,0,0.6023,217.15,274.31,-1.46,3.88,Grey,202822.37
144,2,car,OCCLUDED,63,80,0.111,642.65,432.62,-0.07,-0.12,Purple,160266.72
144,1,car,OCCLUDED,63,80,0.111,1189.55,403.48,0.33,-0.18,Red,61898.72
144,8,truck,OCCLUDED,63,80,0.111,540.6,215.49,-0.12,-0.68,Grey,2913.99
144,3,car,OCCLUDED,118,17,0.811,874.59,200.36,-0.2,0.75,Grey,47339.35
144,4,car,OCCLUDED,63,80,0.111,1065.06,355.62,0.5,-0.32,Red,36618.2
144,13,car,OUT_OF_BOUNDS,25,118,0.0,-229.27,560.72,-1.99,0.48,Grey,4493.18
144,11,person,OCCLUDED,63,80,0.111,700.12,295.01,-0.28,-0.47,Grey,5659.19
144,9,car,OCCLUDED,63,80,0.111,317.39,349.82,-0.67,-0.27,Grey,30084.14
144,12,car,OUT_OF_BOUNDS,23,120,0.0,1456.08,847.63,1.53,2.78,Grey,4597.82
144,14,chair,OCCLUDED,73,60,0.333,65.58,330.48,-4.49,0.54,Red,2151.27
144,10,chair,OCCLUDED,63,80,0.111,631.2,325.36,-0.16,-0.27,White,1631.45
144,7,person,OCCLUDED,63,80,0.111,30.94,221.1,-1.16,-0.66,Grey,3580.65
144,15,car,OCCLUDED,60,80,0.111,415.58,278.64,-0.44,-0.55,White,4720.41
144,5,truck,LOST,18,125,0.0,169.39,156.54,-0.25,-0.36,Grey,12921.57
144,16,car,LOST,20,116,0.0,876.5,305.73,0.2,-0.44,Grey,8859.77
144,18,car,VISIBLE,84,0,0.6606,578.17,421.87,-1.17,-0.44,Grey,689419.75
144,21,car,VISIBLE,84,0,0.6381,1156.89,302.54,-1.25,-0.01,Grey,78866.29
144,22,car,VISIBLE,84,0,0.162,521.85,159.57,-2.13,0.07,Grey,13382.47
144,19,person,VISIBLE,84,0,0.3099,420.75,60.59,-2.75,0.52,Grey,4222.44
144,20,car,VISIBLE,84,0,0.3206,1090.31,171.09,-0.97,0.54,Grey,32147.23
144,23,chair,VISIBLE,75,0,0.2322,705.8,281.95,-1.74,-0.18,Cyan,5306.23
144,24,chair,VISIBLE,73,0,0.5749,574.07,273.71,-2.55,0.32,Grey,14514.48
144,27,chair,VISIBLE,60,0,0.1535,812.36,285.73,-1.76,0.45,Grey,22438.19
144,29,chair,OCCLUDED,6,1,0.989,482.81,269.31,-0.17,0.08,Grey,9648.11
144,30,car,VISIBLE,22,0,0.212,922.6,148.19,-2.39,0.1,Grey,5534.8
145,6,car,VISIBLE,144,0,0.5824,214.85,277.22,-2.05,3.21,Grey,203200.02
145,2,car,OCCLUDED,63,81,0.1,642.58,432.5,-0.07,-0.12,Purple,160266.72
145,1,car,OCCLUDED,63,81,0.1,1189.88,403.3,0.33,-0.18,Red,61898.72
145,8,truck,OCCLUDED,63,81,0.1,540.49,214.81,-0.12,-0.68,Grey,2913.99
145,3,car,OCCLUDED,118,18,0.8,874.39,201.11,-0.2,0.75,Grey,47339.35
145,4,car,OCCLUDED,63,81,0.1,1065.56,355.3,0.5,-0.32,Red,36618.2
145,13,car,OUT_OF_BOUNDS,25,119,0.0,-231.26,561.2,-1.99,0.48,Grey,4493.18
145,11,person,OCCLUDED,63,81,0.1,699.84,294.54,-0.28,-0.47,Grey,5659.19
145,9,car,OCCLUDED,63,81,0.1,316.72,349.55,-0.67,-0.27,Grey,30084.14
145,12,car,OUT_OF_BOUNDS,23,121,0.0,1457.61,850.41,1.53,2.78,Grey,4597.82
145,14,chair,OCCLUDED,73,61,0.322,61.09,331.02,-4.49,0.54,Red,2151.27
145,10,chair,OCCLUDED,63,81,0.1,631.04,325.09,-0.16,-0.27,White,1631.45
145,7,person,OCCLUDED,63,81,0.1,29.78,220.44,-1.16,-0.66,Grey,3580.65
145,15,car,OCCLUDED,60,81,0.1,415.14,278.09,-0.44,-0.55,White,4720.41
145,5,truck,LOST,18,126,0.0,169.14,156.18,-0.25,-0.36,Grey,12921.57
145,16,car,LOST,20,117,0.0,876.7,305.29,0.2,-0.44,Grey,8859.77
145,18,car,VISIBLE,85,0,0.6579,576.69,421.78,-1.39,-0.2,Grey,687884.76
145,21,car,VISIBLE,85,0,0.6603,1155.78,302.89,-1.15,0.24,Grey,79527.03
145,22,car,VISIBLE,85,0,0.1605,520.27,160.03,-1.74,0.34,Grey,13673.57
145,19,person,VISIBLE,85,0,0.3803,418.36,60.98,-2.49,0.42,Grey,4380.47
145,20,car,VISIBLE,85,0,0.3204,1089.33,170.8,-0.98,-0.04,Grey,32137.58
145,23,chair,VISIBLE,76,0,0.2714,696.23,282.58,-7.22,0.39,Cyan,6536.54
145,24,chair,VISIBLE,74,0,0.5058,572.01,274.0,-2.2,0.3,Grey,14389.25
145,27,chair,VISIBLE,61,0,0.1943,809.78,285.99,-2.33,0.32,Grey,22532.96
145,29,chair,OCCLUDED,6,2,0.978,482.64,269.4,-0.17,0.08,Grey,9648.11
145,30,car,VISIBLE,23,0,0.212,920.21,148.28,-2.39,0.1,Grey,5582.12
146,6,car,VISIBLE,145,0,0.5939,212.46,282.32,-2.29,4.53,Grey,205518.02
146,2,car,OCCLUDED,63,82,0.089,642.51,432.38,-0.07,-0.12,Purple,160266.72
146,1,car,OCCLUDED,63,82,0.089,1190.21,403.12,0.33,-0.18,Red,61898.72
146,8,truck,OCCLUDED,63,82,0.089,540.37,214.14,-0.12,-0.68,Grey,2913.99
146,3,car,OCCLUDED,118,19,0.789,874.19,201.85,-0.2,0.75,Grey,47339.35
146,4,car,OCCLUDED,63,82,0.089,1066.05,354.97,0.5,-0.32,Red,36618.2
146,13,car,OUT_OF_BOUNDS,25,120,0.0,-233.25,561.67,-1.99,0.48,Grey,4493.18
146,11,person,OCCLUDED,63,82,0.089,699.56,294.06,-0.28,-0.47,Grey,5659.19
146,9,car,OCCLUDED,63,82,0.089,316.05,349.28,-0.67,-0.27,Grey,30084.14
146,12,car,OUT_OF_BOUNDS,23,122,0.0,1459.14,853.19,1.53,2.78,Grey,4597.82
146,14,chair,OCCLUDED,73,62,0.311,56.6,331.56,-4.49,0.54,Red,2151.27
146,10,chair,OCCLUDED,63,82,0.089,630.88,324.82,-0.16,-0.27,White,1631.45
146,7,person,OCCLUDED,63,82,0.089,28.61,219.78,-1.16,-0.66,Grey,3580.65
146,15,car,OCCLUDED,60,82,0.089,414.7,277.54,-0.44,-0.55,White,4720.41
146,5,truck,LOST,18,127,0.0,168.89,155.82,-0.25,-0.36,Grey,12921.57
146,16,car,LOST,20,118,0.0,876.9,304.85,0.2,-0.44,Grey,8859.77
146,18,car,VISIBLE,86,0,0.6703,574.89,421.88,-1.68,0.01,Grey,685530.75
146,21,car,VISIBLE,86,0,0.6631,1154.99,303.65,-0.9,0.61,Grey,80303.73
146,22,car,VISIBLE,86,0,0.1661,518.73,159.94,-1.6,0.04,Grey,13893.24
146,19,person,VISIBLE,86,0,0.4843,416.36,61.16,-2.15,0.25,Grey,4480.09
146,20,car,VISIBLE,86,0,0.3351,1088.36,171.17,-0.98,0.25,Grey,32451.16
146,23,chair,VISIBLE,77,0,0.2119,688.13,283.1,-7.83,0.48,Cyan,7465.94
146,24,chair,VISIBLE,75,0,0.5374,569.36,274.18,-2.52,0.21,Grey,14319.46
146,27,chair,VISIBLE,62,0,0.1818,806.54,286.14,-2.96,0.2,Grey,22728.15
146,29,chair,OCCLUDED,6,3,0.967,482.47,269.48,-0.17,0.08,Grey,9648.11
146,30,car,OCCLUDED,23,1,0.989,917.81,148.38,-2.39,0.1,Grey,5582.12
146,33,chair,VISIBLE,1,0,0.1606,1232.87,222.21,0.0,0.0,Cyan,2110.31
147,6,car,VISIBLE,146,0,0.5801,210.44,287.32,-2.1,4.86,Grey,208029.22
147,2,car,OCCLUDED,63,83,0.078,642.44,432.25,-0.07,-0.12,Purple,160266.72
147,1,car,OCCLUDED,63,83,0.078,1190.54,402.93,0.33,-0.18,Red,61898.72
147,8,truck,OCCLUDED,63,83,0.078,540.26,213.46,-0.12,-0.68,Grey,2913.99
147,3,car,OCCLUDED,118,20,0.778,873.99,202.6,-0.2,0.75,Grey,47339.35
147,4,car,OCCLUDED,63,83,0.078,1066.55,354.65,0.5,-0.32,Red,36618.2
147,13,car,OUT_OF_BOUNDS,25,121,0.0,-235.24,562.15,-1.99,0.48,Grey,4493.18
147,11,person,OCCLUDED,63,83,0.078,699.29,293.59,-0.28,-0.47,Grey,5659.19
147,9,car,OCCLUDED,63,83,0.078,315.37,349.01,-0.67,-0.27,Grey,30084.14
147,12,car,OUT_OF_BOUNDS,23,123,0.0,1460.67,855.98,1.53,2.78,Grey,4597.82
147,14,chair,OCCLUDED,73,63,0.3,52.11,332.1,-4.49,0.54,Red,2151.27
147,10,chair,OCCLUDED,63,83,0.078,630.72,324.56,-0.16,-0.27,White,1631.45
147,7,person,OCCLUDED,63,83,0.078,27.45,219.12,-1.16,-0.66,Grey,3580.65
147,15,car,OCCLUDED,60,83,0.078,414.26,276.99,-0.44,-0.55,White,4720.41
147,5,truck,LOST,18,128,0.0,168.63,155.47,-0.25,-0.36,Grey,12921.57
147,16,car,LOST,20,119,0.0,877.1,304.41,0.2,-0.44,Grey,8859.77
147,18,car,VISIBLE,87,0,0.6678,572.83,421.91,-1.95,0.03,Grey,683012.37
147,21,car,VISIBLE,87,0,0.6307,1155.03,304.25,-0.24,0.6,Grey,80636.9
147,22,car,VISIBLE,87,0,0.1688,516.37,160.24,-2.14,0.22,Grey,14230.82
147,19,person,VISIBLE,87,0,0.5424,414.54,61.29,-1.92,0.17,Grey,4576.64
147,20,car,VISIBLE,87,0,0.3479,1086.45,171.79,-1.62,0.5,Grey,32892.65
147,23,chair,VISIBLE,78,0,0.2302,689.62,282.61,-1.31,-0.2,Cyan,6507.3
147,24,chair,VISIBLE,76,0,0.5112,564.94,274.3,-3.85,0.15,Grey,14427.52
147,27,chair,VISIBLE,63,0,0.1573,804.53,286.27,-2.3,0.15,Grey,23336.36
147,29,chair,OCCLUDED,6,4,0.956,482.3,269.57,-0.17,0.08,Grey,9648.11
147,30,car,OCCLUDED,23,2,0.978,915.42,148.48,-2.39,0.1,Grey,5582.12
147,33,chair,VISIBLE,2,0,0.2134,1231.88,222.35,-0.99,0.14,Cyan,2088.17
148,6,car,VISIBLE,147,0,0.5729,208.24,289.82,-2.17,3.21,Grey,208161.4
148,2,car,OCCLUDED,63,84,0.067,642.37,432.13,-0.07,-0.12,Purple,160266.72
148,1,car,OCCLUDED,63,84,0.067,1190.87,402.75,0.33,-0.18,Red,61898.72
148,8,truck,OCCLUDED,63,84,0.067,540.14,212.79,-0.12,-0.68,Grey,2913.99
148,3,car,OCCLUDED,118,21,0.767,873.78,203.35,-0.2,0.75,Grey,47339.35
148,4,car,OCCLUDED,63,84,0.067,1067.05,354.33,0.5,-0.32,Red,36618.2
148,13,car,OUT_OF_BOUNDS,25,122,0.0,-237.23,562.63,-1.99,0.48,Grey,4493.18
148,11,person,OCCLUDED,63,84,0.067,699.01,293.12,-0.28,-0.47,Grey,5659.19
148,9,car,OCCLUDED,63,84,0.067,314.7,348.74,-0.67,-0.27,Grey,30084.14
148,12,car,OUT_OF_BOUNDS,23,124,0.0,1462.19,858.76,1.53,2.78,Grey,4597.82
148,14,chair,OCCLUDED,73,64,0.289,47.62,332.64,-4.49,0.54,Red,2151.27
148,10,chair,OCCLUDED,63,84,0.067,630.55,324.29,-0.16,-0.27,White,1631.45
148,7,person,OCCLUDED,63,84,0.067,26.29,218.46,-1.16,-0.66,Grey,3580.65
148,15,car,OCCLUDED,60,84,0.067,413.82,276.44,-0.44,-0.55,White,4720.41
148,5,truck,LOST,18,129,0.0,168.38,155.11,-0.25,-0.36,Grey,12921.57
148,16,car,LOST,20,120,0.0,877.3,303.97,0.2,-0.44,Grey,8859.77
148,18,car,VISIBLE,88,0,0.6807,570.94,421.81,-1.91,-0.06,Grey,680997.23
148,21,car,VISIBLE,88,0,0.6317,1153.63,304.33,-1.05,0.23,Grey,81631.25
148,22,car,VISIBLE,88,0,0.1534,513.23,160.54,-2.84,0.28,Grey,14440.91
148,19,person,VISIBLE,88,0,0.4142,412.69,61.22,-1.87,0.0,Grey,4615.24
148,20,car,VISIBLE,88,0,0.3634,1084.34,170.97,-1.97,-0.42,Grey,32526.56
148,23,chair,VISIBLE,79,0,0.2203,681.0,283.38,-6.43,0.48,Cyan,7488.6
148,24,chair,VISIBLE,77,0,0.509,560.61,274.31,-4.19,0.05,Grey,14305.54
148,27,chair,VISIBLE,64,0,0.1573,802.46,286.49,-2.14,0.2,Grey,23549.37
148,29,chair,OCCLUDED,6,5,0.944,482.12,269.65,-0.17,0.08,Grey,9648.11
148,30,car,OCCLUDED,23,3,0.967,913.03,148.57,-2.39,0.1,Grey,5582.12
148,33,chair,VISIBLE,3,0,0.1904,1230.33,222.5,-1.38,0.14,Cyan,2093.71
149,6,car,VISIBLE,148,0,0.5412,205.41,290.81,-2.63,1.65,Grey,206453.18
149,2,car,OCCLUDED,63,85,0.056,642.3,432.01,-0.07,-0.12,Purple,160266.72
149,1,car,OCCLUDED,63,85,0.056,1191.21,402.57,0.33,-0.18,Red,61898.72
149,8,truck,OCCLUDED,63,85,0.056,540.02,212.11,-0.12,-0.68,Grey,2913.99
149,3,car,OCCLUDED,118,22,0.756,873.58,204.09,-0.2,0.75,Grey,47339.35
149,4,car,OCCLUDED,63,85,0.056,1067.55,354.0,0.5,-0.32,Red,36618.2
149,13,car,OUT_OF_BOUNDS,25,123,0.0,-239.22,563.1,-1.99,0.48,Grey,4493.18
149,11,person,OCCLUDED,63,85,0.056,698.73,292.64,-0.28,-0.47,Grey,5659.19
149,9,car,OCCLUDED,63,85,0.056,314.03,348.47,-0.67,-0.27,Grey,30084.14
149,12,car,OUT_OF_BOUNDS,23,125,0.0,1463.72,861.54,1.53,2.78,Grey,4597.82
149,14,chair,OCCLUDED,73,65,0.278,43.13,333.18,-4.49,0.54,Red,2151.27
149,10,chair,OCCLUDED,63,85,0.056,630.39,324.02,-0.16,-0.27,White,1631.45
149,7,person,OCCLUDED,63,85,0.056,25.12,217.8,-1.16,-0.66,Grey,3580.65
149,15,car,OCCLUDED,60,85,0.056,413.38,275.89,-0.44,-0.55,White,4720.41
149,5,truck,LOST,18,130,0.0,168.13,154.75,-0.25,-0.36,Grey,12921.57
149,16,car,LOST,20,121,0.0,877.5,303.54,0.2,-0.44,Grey,8859.77
149,18,car,VISIBLE,89,0,0.6847,569.25,421.84,-1.75,-0.0,Grey,678922.01
149,21,car,VISIBLE,89,0,0.6506,1151.63,304.37,-1.72,0.1,Grey,82795.92
149,22,car,VISIBLE,89,0,0.1534,510.94,160.73,-2.45,0.22,Grey,14651.99
149,19,person,VISIBLE,89,0,0.2526,411.68,60.78,-1.27,-0.31,Grey,4547.94
149,20,car,VISIBLE,89,0,0.3373,1082.62,169.89,-1.8,-0.88,Grey,32143.35
149,23,chair,VISIBLE,80,0,0.2536,674.12,284.11,-6.74,0.66,Cyan,8077.4
149,24,chair,VISIBLE,78,0,0.4775,556.13,274.31,-4.39,0.01,Grey,14299.57
149,27,chair,VISIBLE,65,0,0.1573,800.39,286.71,-2.09,0.21,Grey,23762.84
149,29,chair,OCCLUDED,6,6,0.933,481.95,269.74,-0.17,0.08,Grey,9648.11
149,30,car,OCCLUDED,23,4,0.956,910.64,148.67,-2.39,0.1,Grey,5582.12
149,33,chair,VISIBLE,4,0,0.1904,1229.55,222.58,-0.96,0.1,Cyan,2088.76
150,6,car,VISIBLE,149,0,0.5157,202.06,285.38,-3.13,-3.31,Grey,198708.98
150,2,car,OCCLUDED,63,86,0.044,642.23,431.88,-0.07,-0.12,Purple,160266.72
150,1,car,OCCLUDED,63,86,0.044,1191.54,402.39,0.33,-0.18,Red,61898.72
150,8,truck,OCCLUDED,63,86,0.044,539.91,211.43,-0.12,-0.68,Grey,2913.99
150,3,car,OCCLUDED,118,23,0.744,873.38,204.84,-0.2,0.75,Grey,47339.35
150,4,car,OCCLUDED,63,86,0.044,1068.04,353.68,0.5,-0.32,Red,36618.2
150,13,car,OUT_OF_BOUNDS,25,124,0.0,-241.21,563.58,-1.99,0.48,Grey,4493.18
150,11,person,OCCLUDED,63,86,0.044,698.45,292.17,-0.28,-0.47,Grey,5659.19
150,9,car,OCCLUDED,63,86,0.044,313.36,348.19,-0.67,-0.27,Grey,30084.14
150,12,car,OUT_OF_BOUNDS,23,126,0.0,1465.25,864.33,1.53,2.78,Grey,4597.82
150,14,chair,OCCLUDED,73,66,0.267,38.63,333.72,-4.49,0.54,Red,2151.27
150,10,chair,OCCLUDED,63,86,0.044,630.23,323.75,-0.16,-0.27,White,1631.45
150,7,person,OCCLUDED,63,86,0.044,23.96,217.14,-1.16,-0.66,Grey,3580.65
150,15,car,OCCLUDED,60,86,0.044,412.94,275.34,-0.44,-0.55,White,4720.41
150,5,truck,LOST,18,131,0.0,167.87,154.4,-0.25,-0.36,Grey,12921.57
150,16,car,LOST,20,122,0.0,877.7,303.1,0.2,-0.44,Grey,8859.77
150,18,car,VISIBLE,90,0,0.6918,567.52,421.95,-1.73,0.08,Grey,676599.26
150,21,car,VISIBLE,90,0,0.6462,1149.82,304.61,-1.79,0.2,Grey,83810.07
150,22,car,VISIBLE,90,0,0.1541,506.77,160.88,-3.65,0.17,Grey,14737.2
150,19,person,VISIBLE,90,0,0.2373,411.13,60.44,-0.76,-0.33,Grey,4398.19
150,20,car,VISIBLE,90,0,0.3255,1080.99,168.84,-1.68,-1.0,Grey,31765.86
150,23,chair,VISIBLE,81,0,0.2669,667.37,284.46,-6.75,0.45,Cyan,8589.25
150,24,chair,VISIBLE,79,0,0.4849,550.32,274.5,-5.39,0.14,Grey,14359.15
150,27,chair,VISIBLE,66,0,0.1573,798.33,286.93,-2.07,0.22,Grey,23976.76
150,29,chair,OCCLUDED,6,7,0.922,481.78,269.82,-0.17,0.08,Grey,9648.11
150,30,car,OCCLUDED,23,5,0.944,908.25,148.76,-2.39,0.1,Grey,5582.12
150,33,chair,VISIBLE,5,0,0.1904,1228.77,222.68,-0.83,0.09,Cyan,2083.8
151,6,car,VISIBLE,150,0,0.5019,198.3,286.12,-3.57,-0.48,Grey,195684.54
151,2,car,OCCLUDED,63,87,0.033,642.16,431.76,-0.07,-0.12,Purple,160266.72
151,1,car,OCCLUDED,63,87,0.033,1191.87,402.21,0.33,-0.18,Red,61898.72
151,8,truck,OCCLUDED,63,87,0.033,539.79,210.76,-0.12,-0.68,Grey,2913.99
151,3,car,OCCLUDED,118,24,0.733,873.17,205.59,-0.2,0.75,Grey,47339.35
151,4,car,OCCLUDED,63,87,0.033,1068.54,353.36,0.5,-0.32,Red,36618.2
151,13,car,OUT_OF_BOUNDS,25,125,0.0,-243.2,564.05,-1.99,0.48,Grey,4493.18
151,11,person,OCCLUDED,63,87,0.033,698.18,291.69,-0.28,-0.47,Grey,5659.19
151,9,car,OCCLUDED,63,87,0.033,312.68,347.92,-0.67,-0.27,Grey,30084.14
151,12,car,OUT_OF_BOUNDS,23,127,0.0,1466.78,867.11,1.53,2.78,Grey,4597.82
151,14,chair,OCCLUDED,73,67,0.256,34.14,334.26,-4.49,0.54,Red,2151.27
151,10,chair,OCCLUDED,63,87,0.033,630.07,323.48,-0.16,-0.27,White,1631.45
151,7,person,OCCLUDED,63,87,0.033,22.8,216.48,-1.16,-0.66,Grey,3580.65
151,15,car,OCCLUDED,60,87,0.033,412.5,274.79,-0.44,-0.55,White,4720.41
151,5,truck,LOST,18,132,0.0,167.62,154.04,-0.25,-0.36,Grey,12921.57
151,16,car,LOST,20,123,0.0,877.9,302.66,0.2,-0.44,Grey,8859.77
151,18,car,VISIBLE,91,0,0.6917,565.68,422.04,-1.81,0.09,Grey,674201.64
151,21,car,VISIBLE,91,0,0.6436,1148.44,304.65,-1.5,0.09,Grey,84481.29
151,22,car,VISIBLE,91,0,0.1626,502.79,160.77,-3.88,-0.02,Grey,14777.41
151,19,person,VISIBLE,91,0,0.2456,410.99,60.12,-0.33,-0.32,Grey,4101.34
151,20,car,VISIBLE,91,0,0.3224,1078.89,168.87,-1.97,-0.28,Grey,31803.39
151,23,chair,VISIBLE,82,0,0.2157,660.75,284.56,-6.66,0.2,Cyan,8785.8
151,24,chair,VISIBLE,80,0,0.4822,545.44,274.6,-5.03,0.11,Grey,14284.27
151,27,chair,VISIBLE,67,0,0.1573,796.25,287.14,-2.07,0.22,Grey,24191.14
151,29,chair,OCCLUDED,6,8,0.911,481.61,269.91,-0.17,0.08,Grey,9648.11
151,30,car,OCCLUDED,23,6,0.933,905.86,148.86,-2.39,0.1,Grey,5582.12
151,33,chair,VISIBLE,6,0,0.1904,1227.99,222.76,-0.8,0.09,Cyan,2078.85
152,6,car,VISIBLE,151,0,0.4841,194.92,290.24,-3.44,2.75,Grey,195739.19
152,2,car,OCCLUDED,63,88,0.022,642.09,431.64,-0.07,-0.12,Purple,160266.72
152,1,car,OCCLUDED,63,88,0.022,1192.2,402.03,0.33,-0.18,Red,61898.72
152,8,truck,OCCLUDED,63,88,0.022,539.68,210.08,-0.12,-0.68,Grey,2913.99
152,3,car,OCCLUDED,118,25,0.722,872.97,206.33,-0.2,0.75,Grey,47339.35
152,4,car,OCCLUDED,63,88,0.022,1069.04,353.03,0.5,-0.32,Red,36618.2
152,13,car,OUT_OF_BOUNDS,25,126,0.0,-245.19,564.53,-1.99,0.48,Grey,4493.18
152,11,person,OCCLUDED,63,88,0.022,697.9,291.22,-0.28,-0.47,Grey,5659.19
152,9,car,OCCLUDED,63,88,0.022,312.01,347.65,-0.67,-0.27,Grey,30084.14
152,12,car,OUT_OF_BOUNDS,23,128,0.0,1468.31,869.89,1.53,2.78,Grey,4597.82
152,14,chair,OCCLUDED,73,68,0.244,29.65,334.8,-4.49,0.54,Red,2151.27
152,10,chair,OCCLUDED,63,88,0.022,629.91,323.21,-0.16,-0.27,White,1631.45
152,7,person,OCCLUDED,63,88,0.022,21.63,215.82,-1.16,-0.66,Grey,3580.65
152,15,car,OCCLUDED,60,88,0.022,412.06,274.24,-0.44,-0.55,White,4720.41
152,5,truck,LOST,18,133,0.0,167.37,153.68,-0.25,-0.36,Grey,12921.57
152,16,car,LOST,20,124,0.0,878.09,302.22,0.2,-0.44,Grey,8859.77
152,18,car,VISIBLE,92,0,0.6862,563.75,422.11,-1.89,0.08,Grey,671746.14
152,21,car,VISIBLE,92,0,0.6369,1146.72,304.87,-1.65,0.18,Grey,85717.96
152,22,car,VISIBLE,92,0,0.1626,499.7,160.88,-3.33,0.06,Grey,14919.79
152,19,person,VISIBLE,92,0,0.1935,410.63,59.73,-0.34,-0.37,Grey,3615.29
152,20,car,VISIBLE,92,0,0.3166,1076.54,168.31,-2.24,-0.48,Grey,31577.96
152,23,chair,VISIBLE,83,0,0.3034,654.86,284.89,-6.12,0.29,Cyan,8836.75
152,24,chair,VISIBLE,81,0,0.515,539.87,274.77,-5.41,0.16,Grey,14442.31
152,27,chair,VISIBLE,68,0,0.1573,794.18,287.36,-2.07,0.22,Grey,24405.98
152,29,chair,OCCLUDED,6,9,0.9,481.43,269.99,-0.17,0.08,Grey,9648.11
152,30,car,OCCLUDED,23,7,0.922,903.47,148.95,-2.39,0.1,Grey,5582.12
152,33,chair,VISIBLE,7,0,0.1904,1227.2,222.84,-0.79,0.09,Cyan,2073.9
153,6,car,VISIBLE,152,0,0.4383,191.8,298.86,-3.22,6.85,Grey,199399.47
153,2,car,OCCLUDED,63,89,0.011,642.02,431.51,-0.07,-0.12,Purple,160266.72
153,1,car,OCCLUDED,63,89,0.011,1192.53,401.84,0.33,-0.18,Red,61898.72
153,8,truck,OCCLUDED,63,89,0.011,539.56,209.41,-0.12,-0.68,Grey,2913.99
153,3,car,OCCLUDED,118,26,0.711,872.77,207.08,-0.2,0.75,Grey,47339.35
153,4,car,OCCLUDED,63,89,0.011,1069.54,352.71,0.5,-0.32,Red,36618.2
153,13,car,OUT_OF_BOUNDS,25,127,0.0,-247.18,565.0,-1.99,0.48,Grey,4493.18
153,11,person,OCCLUDED,63,89,0.011,697.62,290.74,-0.28,-0.47,Grey,5659.19
153,9,car,OCCLUDED,63,89,0.011,311.34,347.38,-0.67,-0.27,Grey,30084.14
153,12,car,OUT_OF_BOUNDS,23,129,0.0,1469.84,872.68,1.53,2.78,Grey,4597.82
153,14,chair,OCCLUDED,73,69,0.233,25.16,335.34,-4.49,0.54,Red,2151.27
153,10,chair,OCCLUDED,63,89,0.011,629.75,322.94,-0.16,-0.27,White,1631.45
153,7,person,OCCLUDED,63,89,0.011,20.47,215.16,-1.16,-0.66,Grey,3580.65
153,15,car,OCCLUDED,60,89,0.011,411.62,273.69,-0.44,-0.55,White,4720.41
153,5,truck,LOST,18,134,0.0,167.11,153.33,-0.25,-0.36,Grey,12921.57
153,16,car,LOST,20,125,0.0,878.29,301.78,0.2,-0.44,Grey,8859.77
153,18,car,VISIBLE,93,0,0.68,561.53,422.31,-2.12,0.17,Grey,668642.73
153,21,car,VISIBLE,93,0,0.6202,1144.78,306.04,-1.85,0.88,Grey,87332.32
153,22,car,VISIBLE,93,0,0.1626,496.59,160.99,-3.17,0.1,Grey,15062.8
153,19,person,VISIBLE,93,0,0.182,409.29,59.53,-1.04,-0.25,Grey,3291.9
153,20,car,VISIBLE,93,0,0.3052,1074.21,168.45,-2.3,-0.04,Grey,31712.7
153,23,chair,VISIBLE,84,0,0.335,648.38,285.43,-6.37,0.46,Cyan,9103.08
153,24,chair,VISIBLE,82,0,0.5032,533.11,275.18,-6.35,0.33,Grey,14671.72
153,27,chair,OCCLUDED,68,1,0.989,792.11,287.58,-2.07,0.22,Grey,24405.98
153,29,chair,OCCLUDED,6,10,0.889,481.26,270.07,-0.17,0.08,Grey,9648.11
153,30,car,OCCLUDED,23,8,0.911,901.08,149.05,-2.39,0.1,Grey,5582.12
153,33,chair,OCCLUDED,7,1,0.989,1226.42,222.93,-0.79,0.09,Cyan,2073.9
154,6,car,VISIBLE,153,0,0.3684,188.37,306.4,-3.37,7.34,Grey,200729.35
154,2,car,OCCLUDED,63,90,0.0,641.95,431.39,-0.07,-0.12,Purple,160266.72
154,1,car,OCCLUDED,63,90,0.0,1192.86,401.66,0.33,-0.18,Red,61898.72
154,8,truck,OCCLUDED,63,90,0.0,539.44,208.73,-0.12,-0.68,Grey,2913.99
154,3,car,OCCLUDED,118,27,0.7,872.56,207.83,-0.2,0.75,Grey,47339.35
154,4,car,OCCLUDED,63,90,0.0,1070.03,352.39,0.5,-0.32,Red,36618.2
154,13,car,OUT_OF_BOUNDS,25,128,0.0,-249.17,565.48,-1.99,0.48,Grey,4493.18
154,11,person,OCCLUDED,63,90,0.0,697.34,290.27,-0.28,-0.47,Grey,5659.19
154,9,car,OCCLUDED,63,90,0.0,310.67,347.11,-0.67,-0.27,Grey,30084.14
154,12,car,OUT_OF_BOUNDS,23,130,0.0,1471.37,875.46,1.53,2.78,Grey,4597.82
154,14,chair,OCCLUDED,73,70,0.222,20.67,335.88,-4.49,0.54,Red,2151.27
154,10,chair,OCCLUDED,63,90,0.0,629.59,322.67,-0.16,-0.27,White,1631.45
154,7,person,OCCLUDED,63,90,0.0,19.3,214.5,-1.16,-0.66,Grey,3580.65
154,15,car,OCCLUDED,60,90,0.0,411.18,273.14,-0.44,-0.55,White,4720.41
154,5,truck,LOST,18,135,0.0,166.86,152.97,-0.25,-0.36,Grey,12921.57
154,16,car,LOST,20,126,0.0,878.49,301.34,0.2,-0.44,Grey,8859.77
154,18,car,VISIBLE,94,0,0.6809,558.85,422.22,-2.52,-0.01,Grey,665640.21
154,21,car,VISIBLE,94,0,0.6387,1142.82,306.94,-1.93,0.89,Grey,88941.6
154,22,car,VISIBLE,94,0,0.1626,493.49,161.09,-3.13,0.1,Grey,15206.45
154,19,person,VISIBLE,94,0,0.2981,404.8,59.93,-3.46,0.21,Grey,3548.0
154,20,car,VISIBLE,94,0,0.3203,1071.86,169.5,-2.34,0.72,Grey,32267.75
154,23,chair,VISIBLE,85,0,0.3417,641.66,285.94,-6.61,0.49,Cyan,9335.01
154,24,chair,VISIBLE,83,0,0.4719,527.05,275.77,-6.15,0.52,Grey,14733.75
154,27,chair,OCCLUDED,68,2,0.978,790.04,287.79,-2.07,0.22,Grey,24405.98
154,29,chair,OCCLUDED,6,11,0.878,481.09,270.16,-0.17,0.08,Grey,9648.11
154,30,car,OCCLUDED,23,9,0.9,898.69,149.14,-2.39,0.1,Grey,5582.12
154,33,chair,OCCLUDED,7,2,0.978,1225.63,223.02,-0.79,0.09,Cyan,2073.9
155,6,car,VISIBLE,154,0,0.3095,185.19,298.56,-3.24,-3.29,Grey,190552.95
155,2,car,LOST,63,91,0.0,641.88,431.27,-0.07,-0.12,Purple,160266.72
155,1,car,LOST,63,91,0.0,1193.19,401.48,0.33,-0.18,Red,61898.72
155,8,truck,LOST,63,91,0.0,539.33,208.06,-0.12,-0.68,Grey,2913.99
155,3,car,VISIBLE,119,0,0.1787,897.18,181.64,0.42,0.07,Grey,18636.99
155,4,car,LOST,63,91,0.0,1070.53,352.06,0.5,-0.32,Red,36618.2
155,13,car,OUT_OF_BOUNDS,25,129,0.0,-251.16,565.96,-1.99,0.48,Grey,4493.18
155,11,person,LOST,63,91,0.0,697.07,289.79,-0.28,-0.47,Grey,5659.19
155,9,car,LOST,63,91,0.0,309.99,346.83,-0.67,-0.27,Grey,30084.14
155,12,car,OUT_OF_BOUNDS,23,131,0.0,1472.9,878.24,1.53,2.78,Grey,4597.82
155,14,chair,OCCLUDED,73,71,0.211,16.18,336.42,-4.49,0.54,Red,2151.27
155,10,chair,LOST,63,91,0.0,629.43,322.41,-0.16,-0.27,White,1631.45
155,7,person,LOST,63,91,0.0,18.14,213.85,-1.16,-0.66,Grey,3580.65
155,15,car,LOST,60,91,0.0,410.74,272.58,-0.44,-0.55,White,4720.41
155,5,truck,LOST,18,136,0.0,166.61,152.61,-0.25,-0.36,Grey,12921.57
155,16,car,LOST,20,127,0.0,878.69,300.9,0.2,-0.44,Grey,8859.77
155,18,car,VISIBLE,95,0,0.6779,555.79,422.1,-2.89,-0.09,Grey,662270.55
155,21,car,VISIBLE,95,0,0.6404,1141.19,307.56,-1.71,0.7,Grey,90237.67
155,22,car,VISIBLE,95,0,0.1626,490.38,161.19,-3.11,0.1,Grey,15350.74
155,19,person,VISIBLE,95,0,0.2922,401.38,60.2,-3.42,0.25,Grey,3785.94
155,20,car,VISIBLE,95,0,0.3322,1069.26,170.42,-2.51,0.85,Grey,32699.65
155,23,chair,VISIBLE,86,0,0.3082,634.13,286.5,-7.25,0.54,Cyan,9534.24
155,24,chair,VISIBLE,84,0,0.4687,518.76,276.02,-7.64,0.33,Grey,14638.53
155,27,chair,OCCLUDED,68,3,0.967,787.97,288.01,-2.07,0.22,Grey,24405.98
155,29,chair,OCCLUDED,6,12,0.867,480.92,270.24,-0.17,0.08,Grey,9648.11
155,30,car,OCCLUDED,23,10,0.889,896.3,149.24,-2.39,0.1,Grey,5582.12
155,33,chair,OCCLUDED,7,3,0.967,1224.84,223.1,-0.79,0.09,Cyan,2073.9
156,6,car,VISIBLE,155,0,0.3173,181.33,299.73,-3.67,-0.17,Grey,187074.06
156,2,car,LOST,63,92,0.0,641.81,431.14,-0.07,-0.12,Purple,160266.72
156,1,car,LOST,63,92,0.0,1193.52,401.3,0.33,-0.18,Red,61898.72
156,8,truck,LOST,63,92,0.0,539.21,207.38,-0.12,-0.68,Grey,2913.99
156,3,car,VISIBLE,120,0,0.3039,894.53,181.64,-1.73,0.02,Grey,19594.55
156,4,car,LOST,63,92,0.0,1071.03,351.74,0.5,-0.32,Red,36618.2
156,13,car,OUT_OF_BOUNDS,25,130,0.0,-253.16,566.43,-1.99,0.48,Grey,4493.18
156,11,person,LOST,63,92,0.0,696.79,289.32,-0.28,-0.47,Grey,5659.19
156,9,car,LOST,63,92,0.0,309.32,346.56,-0.67,-0.27,Grey,30084.14
156,12,car,OUT_OF_BOUNDS,23,132,0.0,1474.43,881.03,1.53,2.78,Grey,4597.82
156,14,chair,OCCLUDED,73,72,0.2,11.69,336.96,-4.49,0.54,Red,2151.27
156,10,chair,LOST,63,92,0.0,629.27,322.14,-0.16,-0.27,White,1631.45
156,7,person,LOST,63,92,0.0,16.98,213.19,-1.16,-0.66,Grey,3580.65
156,15,car,LOST,60,92,0.0,410.3,272.03,-0.44,-0.55,White,4720.41
156,5,truck,LOST,18,137,0.0,166.35,152.26,-0.25,-0.36,Grey,12921.57
156,16,car,LOST,20,128,0.0,878.89,300.47,0.2,-0.44,Grey,8859.77
156,18,car,VISIBLE,96,0,0.6607,552.75,422.05,-3.0,-0.06,Grey,658769.81
156,21,car,VISIBLE,96,0,0.6338,1138.6,307.96,-2.33,0.49,Grey,92146.91
156,22,car,VISIBLE,96,0,0.1626,487.27,161.3,-3.11,0.1,Grey,15495.65
156,19,person,VISIBLE,96,0,0.1828,400.18,60.06,-1.87,-0.02,Grey,3759.01
156,20,car,VISIBLE,96,0,0.3555,1066.3,170.68,-2.83,0.44,Grey,32849.97
156,23,chair,VISIBLE,87,0,0.2588,626.47,286.39,-7.55,0.09,Cyan,9447.45
156,24,chair,VISIBLE,85,0,0.4344,511.19,276.49,-7.59,0.42,Grey,14359.29
156,27,chair,OCCLUDED,68,4,0.956,785.9,288.22,-2.07,0.22,Grey,24405.98
156,29,chair,OCCLUDED,6,13,0.856,480.75,270.33,-0.17,0.08,Grey,9648.11
156,30,car,OCCLUDED,23,11,0.878,893.91,149.33,-2.39,0.1,Grey,5582.12
156,33,chair,OCCLUDED,7,4,0.956,1224.05,223.19,-0.79,0.09,Cyan,2073.9
156,35,chair,VISIBLE,1,0,0.2544,1249.26,216.56,0.0,0.0,Grey,4430.86
157,6,car,VISIBLE,156,0,0.2816,177.35,305.44,-3.89,3.95,Grey,186809.89
157,2,car,LOST,63,93,0.0,641.74,431.02,-0.07,-0.12,Purple,160266.72
157,1,car,LOST,63,93,0.0,1193.86,401.12,0.33,-0.18,Red,61898.72
157,8,truck,LOST,63,93,0.0,539.1,206.7,-0.12,-0.68,Grey,2913.99
157,3,car,VISIBLE,121,0,0.216,887.75,182.88,-5.26,0.87,Grey,21386.32
157,4,car,LOST,63,93,0.0,1071.53,351.42,0.5,-0.32,Red,36618.2
157,13,car,OUT_OF_BOUNDS,25,131,0.0,-255.15,566.91,-1.99,0.48,Grey,4493.18
157,11,person,LOST,63,93,0.0,696.51,288.85,-0.28,-0.47,Grey,5659.19
157,9,car,LOST,63,93,0.0,308.65,346.29,-0.67,-0.27,Grey,30084.14
157,12,car,OUT_OF_BOUNDS,23,133,0.0,1475.95,883.81,1.53,2.78,Grey,4597.82
157,14,chair,OCCLUDED,73,73,0.189,7.2,337.5,-4.49,0.54,Red,2151.27
157,10,chair,LOST,63,93,0.0,629.11,321.87,-0.16,-0.27,White,1631.45
157,7,person,LOST,63,93,0.0,15.81,212.53,-1.16,-0.66,Grey,3580.65
157,15,car,LOST,60,93,0.0,409.86,271.48,-0.44,-0.55,White,4720.41
157,5,truck,LOST,18,138,0.0,166.1,151.9,-0.25,-0.36,Grey,12921.57
157,16,car,LOST,20,129,0.0,879.09,300.03,0.2,-0.44,Grey,8859.77
157,18,car,VISIBLE,97,0,0.6722,549.58,421.9,-3.12,-0.12,Grey,655316.65
157,21,car,VISIBLE,97,0,0.6288,1135.82,308.42,-2.65,0.48,Grey,94088.98
157,22,car,OCCLUDED,96,1,0.989,484.17,161.4,-3.11,0.1,Grey,15495.65
157,19,person,VISIBLE,97,0,0.2619,396.62,60.25,-3.05,0.12,Grey,3982.53
157,20,car,VISIBLE,97,0,0.3501,1062.54,171.76,-3.48,0.89,Grey,33297.51
157,23,chair,VISIBLE,88,0,0.3213,618.23,286.88,-8.03,0.37,Cyan,9497.34
157,24,chair,VISIBLE,86,0,0.5066,502.03,276.89,-8.69,0.41,Grey,14354.54
157,27,chair,OCCLUDED,68,5,0.944,783.83,288.44,-2.07,0.22,Grey,24405.98
157,29,chair,OCCLUDED,6,14,0.844,480.57,270.41,-0.17,0.08,Grey,9648.11
157,30,car,OCCLUDED,23,12,0.867,891.52,149.43,-2.39,0.1,Grey,5582.12
157,33,chair,VISIBLE,8,0,0.1607,1195.72,223.42,-4.65,0.11,Cyan,2561.28
157,35,chair,VISIBLE,2,0,0.2201,1248.13,216.77,-1.13,0.21,Grey,4574.27
158,6,car,VISIBLE,157,0,0.3428,173.18,308.13,-4.09,3.07,Grey,184765.42
158,2,car,LOST,63,94,0.0,641.67,430.9,-0.07,-0.12,Purple,160266.72
158,1,car,LOST,63,94,0.0,1194.19,400.93,0.33,-0.18,Red,61898.72
158,8,truck,LOST,63,94,0.0,538.98,206.03,-0.12,-0.68,Grey,2913.99
158,3,car,VISIBLE,122,0,0.2864,881.45,184.66,-5.99,1.51,Grey,22859.36
158,4,car,LOST,63,94,0.0,1072.02,351.1,0.5,-0.32,Red,36618.2
158,13,car,OUT_OF_BOUNDS,25,132,0.0,-257.14,567.38,-1.99,0.48,Grey,4493.18
158,11,person,LOST,63,94,0.0,696.23,288.37,-0.28,-0.47,Grey,5659.19
158,9,car,LOST,63,94,0.0,307.97,346.02,-0.67,-0.27,Grey,30084.14
158,12,car,OUT_OF_BOUNDS,23,134,0.0,1477.48,886.6,1.53,2.78,Grey,4597.82
158,14,chair,OCCLUDED,73,74,0.178,2.71,338.04,-4.49,0.54,Red,2151.27
158,10,chair,LOST,63,94,0.0,628.95,321.6,-0.16,-0.27,White,1631.45
158,7,person,LOST,63,94,0.0,14.65,211.87,-1.16,-0.66,Grey,3580.65
158,15,car,LOST,60,94,0.0,409.42,270.93,-0.44,-0.55,White,4720.41
158,5,truck,LOST,18,139,0.0,165.85,151.54,-0.25,-0.36,Grey,12921.57
158,16,car,LOST,20,130,0.0,879.29,299.59,0.2,-0.44,Grey,8859.77
158,18,car,VISIBLE,98,0,0.666,546.57,421.81,-3.04,-0.1,Grey,651908.65
158,21,car,VISIBLE,98,0,0.6443,1133.76,309.42,-2.24,0.84,Grey,95867.87
158,22,car,OCCLUDED,96,2,0.978,481.06,161.51,-3.11,0.1,Grey,15495.65
158,19,person,VISIBLE,98,0,0.2235,393.76,59.77,-2.91,-0.3,Grey,3610.36
158,20,car,VISIBLE,98,0,0.3737,1059.03,174.51,-3.5,2.2,Grey,34561.16
158,23,chair,VISIBLE,89,0,0.2683,609.83,287.3,-8.29,0.4,Cyan,9444.22
158,24,chair,VISIBLE,87,0,0.4446,491.44,277.12,-10.02,0.28,Grey,14017.78
158,27,chair,OCCLUDED,68,6,0.933,781.76,288.65,-2.07,0.22,Grey,24405.98
158,29,chair,OCCLUDED,6,15,0.833,480.4,270.5,-0.17,0.08,Grey,9648.11
158,30,car,OCCLUDED,23,13,0.856,889.13,149.52,-2.39,0.1,Grey,5582.12
158,33,chair,VISIBLE,9,0,0.2633,1191.8,223.69,-4.13,0.22,Grey,2743.51
158,35,person,VISIBLE,3,0,0.569,1247.14,216.78,-1.03,0.07,Grey,4744.61
159,6,car,VISIBLE,158,0,0.3531,168.98,309.73,-4.16,2.04,Grey,181574.57
159,2,car,LOST,63,95,0.0,641.6,430.77,-0.07,-0.12,Purple,160266.72
159,1,car,LOST,63,95,0.0,1194.52,400.75,0.33,-0.18,Red,61898.72
159,8,truck,LOST,63,95,0.0,538.86,205.35,-0.12,-0.68,Grey,2913.99
159,3,car,VISIBLE,123,0,0.308,871.02,186.38,-9.1,1.66,Grey,25244.11
159,4,car,LOST,63,95,0.0,1072.52,350.77,0.5,-0.32,Red,36618.2
159,13,car,OUT_OF_BOUNDS,25,133,0.0,-259.13,567.86,-1.99,0.48,Grey,4493.18
159,11,person,LOST,63,95,0.0,695.96,287.9,-0.28,-0.47,Grey,5659.19
159,9,car,LOST,63,95,0.0,307.3,345.75,-0.67,-0.27,Grey,30084.14
159,12,car,OUT_OF_BOUNDS,23,135,0.0,1479.01,889.38,1.53,2.78,Grey,4597.82
159,14,chair,OCCLUDED,73,75,0.167,-1.78,338.58,-4.49,0.54,Red,2151.27
159,10,chair,LOST,63,95,0.0,628.79,321.33,-0.16,-0.27,White,1631.45
159,7,person,LOST,63,95,0.0,13.49,211.21,-1.16,-0.66,Grey,3580.65
159,15,car,LOST,60,95,0.0,408.98,270.38,-0.44,-0.55,White,4720.41
159,5,truck,LOST,18,140,0.0,165.59,151.19,-0.25,-0.36,Grey,12921.57
159,16,car,LOST,20,131,0.0,879.49,299.15,0.2,-0.44,Grey,8859.77
159,18,car,VISIBLE,99,0,0.665,542.97,421.65,-3.43,-0.15,Grey,647997.19
159,21,car,VISIBLE,99,0,0.6696,1130.74,310.18,-2.79,0.79,Grey,98449.91
159,22,car,OCCLUDED,96,3,0.967,477.95,161.61,-3.11,0.1,Grey,15495.65
159,19,person,VISIBLE,99,0,0.4002,387.54,60.2,-5.23,0.21,Grey,3910.64
159,20,car,VISIBLE,99,0,0.3172,1055.02,176.58,-3.86,2.11,Grey,35229.75
159,23,chair,VISIBLE,90,0,0.3673,600.22,287.41,-9.21,0.19,Cyan,9319.88
159,24,chair,VISIBLE,88,0,0.4278,480.87,277.37,-10.41,0.26,Grey,14008.2
159,27,chair,OCCLUDED,68,7,0.922,779.69,288.87,-2.07,0.22,Grey,24405.98
159,29,chair,OCCLUDED,6,16,0.822,480.23,270.58,-0.17,0.08,Grey,9648.11
159,30,car,OCCLUDED,23,14,0.844,886.74,149.62,-2.39,0.1,Grey,5582.12
159,33,chair,VISIBLE,10,0,0.221,1184.09,223.73,-6.64,0.09,Cyan,2763.16
159,35,person,VISIBLE,4,0,0.5689,1244.2,216.9,-2.36,0.1,Grey,5197.43
160,6,car,VISIBLE,159,0,0.2963,164.79,308.38,-4.18,-0.33,Grey,176590.66
160,2,car,LOST,63,96,0.0,641.53,430.65,-0.07,-0.12,Purple,160266.72
160,1,car,LOST,63,96,0.0,1194.85,400.57,0.33,-0.18,Red,61898.72
160,8,truck,LOST,63,96,0.0,538.75,204.68,-0.12,-0.68,Grey,2913.99
160,3,car,VISIBLE,124,0,0.3231,863.6,189.29,-7.92,2.53,Grey,27043.51
160,4,car,LOST,63,96,0.0,1073.02,350.45,0.5,-0.32,Red,36618.2
160,13,car,OUT_OF_BOUNDS,25,134,0.0,-261.12,568.33,-1.99,0.48,Grey,4493.18
160,11,person,LOST,63,96,0.0,695.68,287.42,-0.28,-0.47,Grey,5659.19
160,9,car,LOST,63,96,0.0,306.63,345.48,-0.67,-0.27,Grey,30084.14
160,12,car,OUT_OF_BOUNDS,23,136,0.0,1480.54,892.16,1.53,2.78,Grey,4597.82
160,14,chair,OCCLUDED,73,76,0.156,-6.27,339.12,-4.49,0.54,Red,2151.27
160,10,chair,LOST,63,96,0.0,628.62,321.06,-0.16,-0.27,White,1631.45
160,7,person,LOST,63,96,0.0,12.32,210.55,-1.16,-0.66,Grey,3580.65
160,15,car,LOST,60,96,0.0,408.54,269.83,-0.44,-0.55,White,4720.41
160,5,truck,LOST,18,141,0.0,165.34,150.83,-0.25,-0.36,Grey,12921.57
160,16,car,LOST,20,132,0.0,879.68,298.71,0.2,-0.44,Grey,8859.77
160,18,car,VISIBLE,100,0,0.6581,539.16,421.56,-3.7,-0.1,Grey,643631.37
160,21,car,VISIBLE,100,0,0.7015,1127.83,310.76,-2.87,0.64,Grey,100813.41
160,22,car,OCCLUDED,96,4,0.956,474.85,161.72,-3.11,0.1,Grey,15495.65
160,19,person,VISIBLE,100,0,0.2384,383.74,60.07,-4.23,-0.02,Grey,3878.73
160,20,car,VISIBLE,100,0,0.36,1050.58,179.1,-4.26,2.39,Grey,36312.17
160,23,chair,VISIBLE,91,0,0.2026,592.53,287.59,-8.15,0.19,Cyan,8649.24
160,24,chair,VISIBLE,89,0,0.4642,468.98,277.73,-11.45,0.33,Grey,14460.23
160,27,chair,OCCLUDED,68,8,0.911,777.62,289.08,-2.07,0.22,Grey,24405.98
160,29,chair,OCCLUDED,6,17,0.811,480.06,270.67,-0.17,0.08,Grey,9648.11
160,30,car,OCCLUDED,23,15,0.833,884.35,149.71,-2.39,0.1,Grey,5582.12
160,33,chair,VISIBLE,11,0,0.2506,1175.71,223.8,-7.85,0.08,Cyan,2925.21
160,35,person,VISIBLE,5,0,0.5314,1240.62,216.97,-3.22,0.08,Grey,5689.41
161,6,car,VISIBLE,160,0,0.274,160.56,309.0,-4.22,0.33,Grey,172964.42
161,2,car,LOST,63,97,0.0,641.46,430.52,-0.07,-0.12,Purple,160266.72
161,1,car,LOST,63,97,0.0,1195.18,400.39,0.33,-0.18,Red,61898.72
161,8,truck,LOST,63,97,0.0,538.63,204.0,-0.12,-0.68,Grey,2913.99
161,3,car,VISIBLE,125,0,0.325,857.68,191.94,-6.52,2.62,Grey,28341.7
161,4,car,LOST,63,97,0.0,1073.52,350.13,0.5,-0.32,Red,36618.2
161,13,car,OUT_OF_BOUNDS,25,135,0.0,-263.11,568.81,-1.99,0.48,Grey,4493.18
161,11,person,LOST,63,97,0.0,695.4,286.95,-0.28,-0.47,Grey,5659.19
161,9,car,LOST,63,97,0.0,305.96,345.2,-0.67,-0.27,Grey,30084.14
161,12,car,OUT_OF_BOUNDS,23,137,0.0,1482.07,894.95,1.53,2.78,Grey,4597.82
161,14,chair,OCCLUDED,73,77,0.144,-10.76,339.66,-4.49,0.54,Red,2151.27
161,10,chair,LOST,63,97,0.0,628.46,320.79,-0.16,-0.27,White,1631.45
161,7,person,LOST,63,97,0.0,11.16,209.89,-1.16,-0.66,Grey,3580.65
161,15,car,LOST,60,97,0.0,408.1,269.28,-0.44,-0.55,White,4720.41
161,5,truck,LOST,18,142,0.0,165.09,150.47,-0.25,-0.36,Grey,12921.57
161,16,car,LOST,20,133,0.0,879.88,298.27,0.2,-0.44,Grey,8859.77
161,18,car,VISIBLE,101,0,0.6656,535.3,421.26,-3.81,-0.24,Grey,639657.8
161,21,car,VISIBLE,101,0,0.6963,1124.37,311.23,-3.28,0.52,Grey,103518.1
161,22,car,OCCLUDED,96,5,0.944,471.74,161.82,-3.11,0.1,Grey,15495.65
161,19,person,VISIBLE,101,0,0.2385,379.79,60.02,-4.03,-0.05,Grey,3857.0
161,20,car,VISIBLE,101,0,0.3619,1045.76,180.57,-4.65,1.75,Grey,37058.29
161,23,chair,VISIBLE,92,0,0.1952,582.21,287.78,-9.67,0.19,Cyan,8344.37
161,24,chair,VISIBLE,90,0,0.4416,455.7,278.3,-12.73,0.5,Grey,14504.75
161,27,chair,OCCLUDED,68,9,0.9,775.55,289.3,-2.07,0.22,Grey,24405.98
161,29,chair,OCCLUDED,6,18,0.8,479.88,270.75,-0.17,0.08,Grey,9648.11
161,30,car,OCCLUDED,23,16,0.822,881.96,149.81,-2.39,0.1,Grey,5582.12
161,33,chair,VISIBLE,12,0,0.1594,1171.8,223.52,-5.1,-0.17,Cyan,2709.59
161,35,person,VISIBLE,6,0,0.5741,1236.73,217.19,-3.69,0.18,Grey,5918.57
162,6,car,VISIBLE,161,0,0.3301,156.09,305.56,-4.39,-2.31,Grey,166303.89
162,2,car,LOST,63,98,0.0,641.39,430.4,-0.07,-0.12,Purple,160266.72
162,1,car,LOST,63,98,0.0,1195.51,400.21,0.33,-0.18,Red,61898.72
162,8,truck,LOST,63,98,0.0,538.51,203.33,-0.12,-0.68,Grey,2913.99
162,3,car,VISIBLE,126,0,0.3308,852.69,195.1,-5.45,2.99,Grey,29050.04
162,4,car,LOST,63,98,0.0,1074.01,349.8,0.5,-0.32,Red,36618.2
162,13,car,OUT_OF_BOUNDS,25,136,0.0,-265.1,569.29,-1.99,0.48,Grey,4493.18
162,11,person,LOST,63,98,0.0,695.12,286.47,-0.28,-0.47,Grey,5659.19
162,9,car,LOST,63,98,0.0,305.28,344.93,-0.67,-0.27,Grey,30084.14
162,12,car,OUT_OF_BOUNDS,23,138,0.0,1483.6,897.73,1.53,2.78,Grey,4597.82
162,14,chair,OCCLUDED,73,78,0.133,-15.25,340.2,-4.49,0.54,Red,2151.27
162,10,chair,LOST,63,98,0.0,628.3,320.52,-0.16,-0.27,White,1631.45
162,7,person,LOST,63,98,0.0,10.0,209.23,-1.16,-0.66,Grey,3580.65
162,15,car,LOST,60,98,0.0,407.66,268.73,-0.44,-0.55,White,4720.41
162,5,truck,LOST,18,143,0.0,164.83,150.12,-0.25,-0.36,Grey,12921.57
162,16,car,LOST,20,134,0.0,880.08,297.84,0.2,-0.44,Grey,8859.77
162,18,car,VISIBLE,102,0,0.6582,530.96,421.09,-4.18,-0.19,Grey,634846.14
162,21,car,VISIBLE,102,0,0.6499,1120.59,311.51,-3.63,0.35,Grey,106238.81
162,22,car,OCCLUDED,96,6,0.933,468.63,161.93,-3.11,0.1,Grey,15495.65
162,19,person,VISIBLE,102,0,0.192,376.46,59.66,-3.55,-0.26,Grey,3537.38
162,20,car,VISIBLE,102,0,0.4025,1041.09,181.81,-4.67,1.39,Grey,37716.87
162,23,chair,VISIBLE,93,0,0.2066,573.22,287.86,-9.19,0.11,Cyan,7677.67
162,24,chair,VISIBLE,91,0,0.4248,442.86,278.64,-12.81,0.39,Grey,14401.74
162,27,chair,OCCLUDED,68,10,0.889,773.48,289.51,-2.07,0.22,Grey,24405.98
162,29,chair,OCCLUDED,6,19,0.789,479.71,270.84,-0.17,0.08,Grey,9648.11
162,30,car,OCCLUDED,23,17,0.811,879.57,149.9,-2.39,0.1,Grey,5582.12
162,33,chair,VISIBLE,13,0,0.1594,1166.77,223.51,-5.05,-0.06,Cyan,2709.2
162,35,person,VISIBLE,7,0,0.6309,1230.18,217.39,-5.7,0.2,Grey,6114.99
163,6,car,VISIBLE,162,0,0.301,152.48,303.34,-3.85,-2.25,Grey,161346.9
163,2,car,LOST,63,99,0.0,641.32,430.28,-0.07,-0.12,Purple,160266.72
163,1,car,LOST,63,99,0.0,1195.84,400.03,0.33,-0.18,Red,61898.72
163,8,truck,LOST,63,99,0.0,538.4,202.65,-0.12,-0.68,Grey,2913.99
163,3,car,VISIBLE,127,0,0.3246,848.59,197.78,-4.51,2.77,Grey,29392.14
163,4,car,LOST,63,99,0.0,1074.51,349.48,0.5,-0.32,Red,36618.2
163,13,car,OUT_OF_BOUNDS,25,137,0.0,-267.09,569.76,-1.99,0.48,Grey,4493.18
163,11,person,LOST,63,99,0.0,694.85,286.0,-0.28,-0.47,Grey,5659.19
163,9,car,LOST,63,99,0.0,304.61,344.66,-0.67,-0.27,Grey,30084.14
163,12,car,OUT_OF_BOUNDS,23,139,0.0,1485.13,900.51,1.53,2.78,Grey,4597.82
163,14,chair,OCCLUDED,73,79,0.122,-19.74,340.74,-4.49,0.54,Red,2151.27
163,10,chair,LOST,63,99,0.0,628.14,320.26,-0.16,-0.27,White,1631.45
163,7,person,LOST,63,99,0.0,8.83,208.57,-1.16,-0.66,Grey,3580.65
163,15,car,LOST,60,99,0.0,407.22,268.18,-0.44,-0.55,White,4720.41
163,5,truck,LOST,18,144,0.0,164.58,149.76,-0.25,-0.36,Grey,12921.57
163,16,car,LOST,20,135,0.0,880.28,297.4,0.2,-0.44,Grey,8859.77
163,18,car,VISIBLE,103,0,0.6339,525.4,421.52,-5.14,0.25,Grey,627271.63
163,21,car,VISIBLE,103,0,0.6061,1116.93,311.91,-3.64,0.39,Grey,108911.45
163,22,car,OCCLUDED,96,7,0.922,465.53,162.03,-3.11,0.1,Grey,15495.65
163,19,person,VISIBLE,103,0,0.3466,370.22,60.15,-5.43,0.26,Grey,3902.49
163,20,car,VISIBLE,103,0,0.3739,1036.35,182.2,-4.72,0.7,Grey,37889.33
163,23,chair,VISIBLE,94,0,0.2117,556.43,288.78,-14.5,0.68,Cyan,8385.37
163,24,chair,VISIBLE,92,0,0.4635,429.73,279.03,-13.03,0.39,Grey,14485.27
163,27,chair,OCCLUDED,68,11,0.878,771.41,289.73,-2.07,0.22,Grey,24405.98
163,29,chair,OCCLUDED,6,20,0.778,479.54,270.92,-0.17,0.08,Grey,9648.11
163,30,car,OCCLUDED,23,18,0.8,877.18,150.0,-2.39,0.1,Grey,5582.12
163,33,chair,VISIBLE,14,0,0.1594,1161.74,223.5,-5.04,-0.02,Cyan,2708.8
163,35,person,VISIBLE,8,0,0.6062,1224.05,217.53,-5.99,0.15,Grey,6183.06
164,6,car,VISIBLE,163,0,0.277,148.67,300.23,-3.82,-2.85,Grey,156031.07
164,2,car,LOST,63,100,0.0,641.25,430.15,-0.07,-0.12,Purple,160266.72
164,1,car,LOST,63,100,0.0,1196.17,399.84,0.33,-0.18,Red,61898.72
164,8,truck,LOST,63,100,0.0,538.28,201.98,-0.12,-0.68,Grey,2913.99
164,3,car,VISIBLE,128,0,0.315,844.82,200.42,-3.99,2.68,Grey,28993.59
164,4,car,LOST,63,100,0.0,1075.01,349.16,0.5,-0.32,Red,36618.2
164,13,car,OUT_OF_BOUNDS,25,138,0.0,-269.08,570.24,-1.99,0.48,Grey,4493.18
164,11,person,LOST,63,100,0.0,694.57,285.52,-0.28,-0.47,Grey,5659.19
164,9,car,LOST,63,100,0.0,303.94,344.39,-0.67,-0.27,Grey,30084.14
164,12,car,OUT_OF_BOUNDS,23,140,0.0,1486.66,903.3,1.53,2.78,Grey,4597.82
164,14,chair,OUT_OF_BOUNDS,73,80,0.111,-24.23,341.28,-4.49,0.54,Red,2151.27
164,10,chair,LOST,63,100,0.0,627.98,319.99,-0.16,-0.27,White,1631.45
164,7,person,LOST,63,100,0.0,7.67,207.91,-1.16,-0.66,Grey,3580.65
164,15,car,LOST,60,100,0.0,406.78,267.63,-0.44,-0.55,White,4720.41
164,5,truck,LOST,18,145,0.0,164.33,149.4,-0.25,-0.36,Grey,12921.57
164,16,car,LOST,20,136,0.0,880.48,296.96,0.2,-0.44,Grey,8859.77
164,18,car,VISIBLE,104,0,0.659,520.15,421.66,-5.22,0.17,Grey,620723.19
164,21,car,VISIBLE,104,0,0.5813,1112.9,312.43,-3.91,0.48,Grey,111831.6
164,22,car,OCCLUDED,96,8,0.911,462.42,162.14,-3.11,0.1,Grey,15495.65
164,19,person,VISIBLE,104,0,0.1712,366.8,60.21,-4.02,0.12,Grey,3917.3
164,20,car,VISIBLE,104,0,0.3837,1031.67,182.29,-4.69,0.27,Grey,38051.02
164,23,chair,VISIBLE,95,0,0.1908,544.97,288.7,-12.38,0.15,Cyan,7876.78
164,24,chair,VISIBLE,93,0,0.4542,416.35,279.51,-13.28,0.45,Grey,14632.85
164,27,chair,OCCLUDED,68,12,0.867,769.34,289.94,-2.07,0.22,Grey,24405.98
164,29,chair,OCCLUDED,6,21,0.767,479.37,271.0,-0.17,0.08,Grey,9648.11
164,30,car,OCCLUDED,23,19,0.789,874.79,150.09,-2.39,0.1,Grey,5582.12
164,33,chair,VISIBLE,15,0,0.1594,1156.71,223.5,-5.03,-0.01,Cyan,2708.38
164,35,person,VISIBLE,9,0,0.5985,1217.7,217.78,-6.24,0.23,Grey,6101.68
165,6,car,VISIBLE,164,0,0.2464,145.03,260.85,-3.7,-28.42,Grey,130477.71
165,2,car,LOST,63,101,0.0,641.18,430.03,-0.07,-0.12,Purple,160266.72
165,1,car,LOST,63,101,0.0,1196.51,399.66,0.33,-0.18,Red,61898.72
165,8,truck,LOST,63,101,0.0,538.17,201.3,-0.12,-0.68,Grey,2913.99
165,3,car,VISIBLE,129,0,0.3115,841.16,203.05,-3.75,2.65,Grey,29113.67
165,4,car,LOST,63,101,0.0,1075.51,348.83,0.5,-0.32,Red,36618.2
165,13,car,OUT_OF_BOUNDS,25,139,0.0,-271.07,570.71,-1.99,0.48,Grey,4493.18
165,11,person,LOST,63,101,0.0,694.29,285.05,-0.28,-0.47,Grey,5659.19
165,9,car,LOST,63,101,0.0,303.27,344.12,-0.67,-0.27,Grey,30084.14
165,12,car,OUT_OF_BOUNDS,23,141,0.0,1488.19,906.08,1.53,2.78,Grey,4597.82
165,14,chair,OUT_OF_BOUNDS,73,81,0.1,-28.72,341.82,-4.49,0.54,Red,2151.27
165,10,chair,LOST,63,101,0.0,627.82,319.72,-0.16,-0.27,White,1631.45
165,7,person,LOST,63,101,0.0,6.5,207.25,-1.16,-0.66,Grey,3580.65
165,15,car,LOST,60,101,0.0,406.34,267.08,-0.44,-0.55,White,4720.41
165,5,truck,LOST,18,146,0.0,164.07,149.05,-0.25,-0.36,Grey,12921.57
165,16,car,LOST,20,137,0.0,880.68,296.52,0.2,-0.44,Grey,8859.77
165,18,car,VISIBLE,105,0,0.6641,515.26,421.91,-4.99,0.23,Grey,614356.81
165,21,car,VISIBLE,105,0,0.608,1108.35,312.9,-4.36,0.48,Grey,115071.52
165,22,car,OCCLUDED,96,9,0.9,459.31,162.24,-3.11,0.1,Grey,15495.65
165,19,person,VISIBLE,105,0,0.2146,363.0,60.16,-3.87,0.0,Grey,3975.61
165,20,car,VISIBLE,105,0,0.3602,1027.42,177.28,-4.38,-3.42,Grey,35632.07
165,23,chair,VISIBLE,96,0,0.1965,533.98,288.74,-11.41,0.07,Cyan,7458.76
165,24,chair,VISIBLE,94,0,0.4534,401.37,280.31,-14.47,0.69,Grey,14874.83
165,27,chair,OCCLUDED,68,13,0.856,767.27,290.16,-2.07,0.22,Grey,24405.98
165,29,chair,OCCLUDED,6,22,0.756,479.19,271.09,-0.17,0.08,Grey,9648.11
165,30,car,OCCLUDED,23,20,0.778,872.4,150.19,-2.39,0.1,Grey,5582.12
165,33,chair,VISIBLE,16,0,0.1594,1151.68,223.49,-5.03,-0.01,Cyan,2707.95
165,35,person,VISIBLE,10,0,0.501,1211.3,218.06,-6.35,0.26,Grey,5998.33
166,6,car,VISIBLE,165,0,0.2791,141.61,267.49,-3.5,-3.88,Grey,131132.38
166,2,car,LOST,63,102,0.0,641.11,429.91,-0.07,-0.12,Purple,160266.72
166,1,car,LOST,63,102,0.0,1196.84,399.48,0.33,-0.18,Red,61898.72
166,8,truck,LOST,63,102,0.0,538.05,200.62,-0.12,-0.68,Grey,2913.99
166,3,car,VISIBLE,130,0,0.2801,835.68,205.22,-4.97,2.31,Grey,29843.77
166,4,car,LOST,63,102,0.0,1076.0,348.51,0.5,-0.32,Red,36618.2
166,13,car,OUT_OF_BOUNDS,25,140,0.0,-273.06,571.19,-1.99,0.48,Grey,4493.18
166,11,person,LOST,63,102,0.0,694.01,284.58,-0.28,-0.47,Grey,5659.19
166,9,car,LOST,63,102,0.0,302.59,343.84,-0.67,-0.27,Grey,30084.14
166,12,car,OUT_OF_BOUNDS,23,142,0.0,1489.71,908.86,1.53,2.78,Grey,4597.82
166,14,chair,OUT_OF_BOUNDS,73,82,0.089,-33.21,342.36,-4.49,0.54,Red,2151.27
166,10,chair,LOST,63,102,0.0,627.66,319.45,-0.16,-0.27,White,1631.45
166,7,person,LOST,63,102,0.0,5.34,206.59,-1.16,-0.66,Grey,3580.65
166,15,car,LOST,60,102,0.0,405.89,266.53,-0.44,-0.55,White,4720.41
166,5,truck,LOST,18,147,0.0,163.82,148.69,-0.25,-0.36,Grey,12921.57
166,16,car,LOST,20,138,0.0,880.88,296.08,0.2,-0.44,Grey,8859.77
166,18,car,VISIBLE,106,0,0.6663,510.67,422.16,-4.71,0.24,Grey,608378.19
166,21,car,VISIBLE,106,0,0.641,1104.12,313.27,-4.27,0.4,Grey,118024.71
166,22,car,OCCLUDED,96,10,0.889,456.21,162.35,-3.11,0.1,Grey,15495.65
166,19,person,VISIBLE,106,0,0.2346,359.98,59.71,-3.27,-0.32,Grey,3642.55
166,20,car,VISIBLE,106,0,0.2956,1023.9,177.13,-3.78,-1.13,Grey,35427.02
166,23,chair,VISIBLE,97,0,0.2067,522.01,289.02,-11.8,0.22,Cyan,7208.68
166,24,chair,VISIBLE,95,0,0.4038,387.1,281.15,-14.33,0.8,Grey,14874.69
166,27,chair,OCCLUDED,68,14,0.844,765.2,290.37,-2.07,0.22,Grey,24405.98
166,29,chair,OCCLUDED,6,23,0.744,479.02,271.17,-0.17,0.08,Grey,9648.11
166,30,car,OCCLUDED,23,21,0.767,870.01,150.28,-2.39,0.1,Grey,5582.12
166,33,chair,VISIBLE,17,0,0.1708,1144.16,223.7,-6.77,0.14,Cyan,2761.26
166,35,person,VISIBLE,11,0,0.5629,1205.12,218.33,-6.24,0.26,Grey,5918.26
167,6,car,VISIBLE,166,0,0.3485,137.86,274.88,-3.67,4.01,Grey,131477.84
167,2,car,LOST,63,103,0.0,641.04,429.78,-0.07,-0.12,Purple,160266.72
167,1,car,LOST,63,103,0.0,1197.17,399.3,0.33,-0.18,Red,61898.72
167,8,truck,LOST,63,103,0.0,537.93,199.95,-0.12,-0.68,Grey,2913.99
167,3,car,VISIBLE,131,0,0.2821,831.19,206.93,-4.63,1.89,Grey,30606.86
167,4,car,LOST,63,103,0.0,1076.5,348.19,0.5,-0.32,Red,36618.2
167,13,car,OUT_OF_BOUNDS,25,141,0.0,-275.06,571.66,-1.99,0.48,Grey,4493.18
167,11,person,LOST,63,103,0.0,693.74,284.1,-0.28,-0.47,Grey,5659.19
167,9,car,LOST,63,103,0.0,301.92,343.57,-0.67,-0.27,Grey,30084.14
167,12,car,OUT_OF_BOUNDS,23,143,0.0,1491.24,911.65,1.53,2.78,Grey,4597.82
167,14,chair,OUT_OF_BOUNDS,73,83,0.078,-37.7,342.9,-4.49,0.54,Red,2151.27
167,10,chair,LOST,63,103,0.0,627.5,319.18,-0.16,-0.27,White,1631.45
167,7,person,LOST,63,103,0.0,4.18,205.93,-1.16,-0.66,Grey,3580.65
167,15,car,LOST,60,103,0.0,405.45,265.98,-0.44,-0.55,White,4720.41
167,5,truck,LOST,18,148,0.0,163.57,148.33,-0.25,-0.36,Grey,12921.57
167,16,car,LOST,20,139,0.0,881.08,295.64,0.2,-0.44,Grey,8859.77
167,18,car,VISIBLE,107,0,0.6572,506.48,422.51,-4.35,0.32,Grey,602670.53
167,21,car,VISIBLE,107,0,0.6751,1100.06,313.53,-4.12,0.3,Grey,121019.25
167,22,car,OCCLUDED,96,11,0.878,453.1,162.45,-3.11,0.1,Grey,15495.65
167,19,person,VISIBLE,107,0,0.3455,354.25,60.18,-4.99,0.24,Grey,3875.53
167,20,car,VISIBLE,107,0,0.332,1020.27,175.8,-3.68,-1.28,Grey,34598.51
167,23,chair,VISIBLE,98,0,0.1786,508.01,289.26,-13.34,0.24,Cyan,7247.66
167,24,chair,VISIBLE,96,0,0.4374,374.91,281.91,-12.83,0.77,Grey,14615.61
167,27,chair,OCCLUDED,68,15,0.833,763.13,290.59,-2.07,0.22,Grey,24405.98
167,29,chair,OCCLUDED,6,24,0.733,478.85,271.26,-0.17,0.08,Grey,9648.11
167,30,car,OCCLUDED,23,22,0.756,867.62,150.38,-2.39,0.1,Grey,5582.12
167,33,chair,VISIBLE,18,0,0.1708,1138.45,223.75,-6.03,0.08,Cyan,2775.55
167,35,person,VISIBLE,12,0,0.6445,1198.63,218.38,-6.41,0.11,Grey,5987.8
168,6,car,VISIBLE,167,0,0.2959,134.55,276.44,-3.42,2.3,Grey,129038.47
168,2,car,LOST,63,104,0.0,640.97,429.66,-0.07,-0.12,Purple,160266.72
168,1,car,LOST,63,104,0.0,1197.5,399.12,0.33,-0.18,Red,61898.72
168,8,truck,LOST,63,104,0.0,537.82,199.27,-0.12,-0.68,Grey,2913.99
168,3,car,VISIBLE,132,0,0.2727,824.78,208.36,-5.88,1.57,Grey,31863.14
168,4,car,LOST,63,104,0.0,1077.0,347.86,0.5,-0.32,Red,36618.2
168,13,car,OUT_OF_BOUNDS,25,142,0.0,-277.05,572.14,-1.99,0.48,Grey,4493.18
168,11,person,LOST,63,104,0.0,693.46,283.63,-0.28,-0.47,Grey,5659.19
168,9,car,LOST,63,104,0.0,301.25,343.3,-0.67,-0.27,Grey,30084.14
168,12,car,OUT_OF_BOUNDS,23,144,0.0,1492.77,914.43,1.53,2.78,Grey,4597.82
168,14,chair,OUT_OF_BOUNDS,73,84,0.067,-42.19,343.44,-4.49,0.54,Red,2151.27
168,10,chair,LOST,63,104,0.0,627.34,318.91,-0.16,-0.27,White,1631.45
168,7,person,LOST,63,104,0.0,3.01,205.27,-1.16,-0.66,Grey,3580.65
168,15,car,LOST,60,104,0.0,405.01,265.43,-0.44,-0.55,White,4720.41
168,5,truck,LOST,18,149,0.0,163.31,147.98,-0.25,-0.36,Grey,12921.57
168,16,car,LOST,20,140,0.0,881.28,295.21,0.2,-0.44,Grey,8859.77
168,18,car,VISIBLE,108,0,0.6521,501.95,422.69,-4.47,0.22,Grey,596908.54
168,21,car,VISIBLE,108,0,0.7067,1095.81,313.85,-4.21,0.31,Grey,124131.73
168,22,car,OCCLUDED,96,12,0.867,449.99,162.56,-3.11,0.1,Grey,15495.65
168,19,person,VISIBLE,108,0,0.2116,349.94,60.25,-4.51,0.11,Grey,4037.03
168,20,car,VISIBLE,108,0,0.3497,1016.66,173.88,-3.63,-1.72,Grey,33687.91
168,23,chair,VISIBLE,99,0,0.1542,507.74,299.76,-4.19,7.42,Cyan,11648.11
168,24,chair,VISIBLE,97,0,0.4259,361.68,283.08,-13.11,1.05,Grey,14369.16
168,27,chair,OCCLUDED,68,16,0.822,761.06,290.8,-2.07,0.22,Grey,24405.98
168,29,chair,OCCLUDED,6,25,0.722,478.68,271.34,-0.17,0.08,Grey,9648.11
168,30,car,OCCLUDED,23,23,0.744,865.23,150.47,-2.39,0.1,Grey,5582.12
168,33,chair,VISIBLE,19,0,0.1708,1132.74,223.8,-5.81,0.06,Cyan,2789.86
168,35,person,VISIBLE,13,0,0.6506,1192.28,218.56,-6.37,0.16,Grey,6067.31
169,6,car,VISIBLE,168,0,0.2358,130.75,243.05,-3.69,-22.69,Grey,108115.29
169,2,car,LOST,63,105,0.0,640.9,429.54,-0.07,-0.12,Purple,160266.72
169,1,car,LOST,63,105,0.0,1197.83,398.94,0.33,-0.18,Red,61898.72
169,8,truck,LOST,63,105,0.0,537.7,198.6,-0.12,-0.68,Grey,2913.99
169,3,car,VISIBLE,133,0,0.2872,820.97,209.39,-4.43,1.19,Grey,32652.91
169,4,car,LOST,63,105,0.0,1077.5,347.54,0.5,-0.32,Red,36618.2
169,13,car,OUT_OF_BOUNDS,25,143,0.0,-279.04,572.62,-1.99,0.48,Grey,4493.18
169,11,person,LOST,63,105,0.0,693.18,283.15,-0.28,-0.47,Grey,5659.19
169,9,car,LOST,63,105,0.0,300.57,343.03,-0.67,-0.27,Grey,30084.14
169,12,car,OUT_OF_BOUNDS,23,145,0.0,1494.3,917.21,1.53,2.78,Grey,4597.82
169,14,chair,OUT_OF_BOUNDS,73,85,0.056,-46.69,343.98,-4.49,0.54,Red,2151.27
169,10,chair,LOST,63,105,0.0,627.18,318.64,-0.16,-0.27,White,1631.45
169,7,person,LOST,63,105,0.0,1.85,204.61,-1.16,-0.66,Grey,3580.65
169,15,car,LOST,60,105,0.0,404.57,264.88,-0.44,-0.55,White,4720.41
169,5,truck,LOST,18,150,0.0,163.06,147.62,-0.25,-0.36,Grey,12921.57
169,16,car,LOST,20,141,0.0,881.47,294.77,0.2,-0.44,Grey,8859.77
169,18,car,VISIBLE,109,0,0.653,496.39,423.12,-5.23,0.36,Grey,589467.76
169,21,car,VISIBLE,109,0,0.6821,1091.17,314.14,-4.51,0.3,Grey,127531.78
169,22,car,OCCLUDED,96,13,0.856,446.89,162.66,-3.11,0.1,Grey,15495.65
169,19,person,VISIBLE,109,0,0.2255,347.04,60.31,-3.39,0.08,Grey,4077.6
169,20,car,VISIBLE,109,0,0.3308,1013.26,170.69,-3.47,-2.75,Grey,32206.64
169,23,chair,VISIBLE,100,0,0.1542,498.86,302.72,-7.47,4.29,Cyan,12832.82
169,24,chair,VISIBLE,98,0,0.3726,346.5,284.22,-14.56,1.11,Grey,14366.17
169,27,chair,OCCLUDED,68,17,0.811,758.99,291.02,-2.07,0.22,Grey,24405.98
169,29,chair,OCCLUDED,6,26,0.711,478.51,271.43,-0.17,0.08,Grey,9648.11
169,30,car,OCCLUDED,23,24,0.733,862.84,150.57,-2.39,0.1,Grey,5582.12
169,33,chair,OCCLUDED,19,1,0.989,1126.93,223.86,-5.81,0.06,Cyan,2789.86
169,35,person,VISIBLE,14,0,0.6613,1186.22,218.76,-6.15,0.19,Grey,6128.59
170,6,car,VISIBLE,169,0,0.2852,124.54,255.13,-5.45,1.65,Grey,109700.6
170,2,car,LOST,63,106,0.0,640.83,429.41,-0.07,-0.12,Purple,160266.72
170,1,car,LOST,63,106,0.0,1198.16,398.75,0.33,-0.18,Red,61898.72
170,8,truck,LOST,63,106,0.0,537.59,197.92,-0.12,-0.68,Grey,2913.99
170,3,car,VISIBLE,134,0,0.2615,816.6,210.52,-4.39,1.15,Grey,33284.83
170,4,car,LOST,63,106,0.0,1077.99,347.22,0.5,-0.32,Red,36618.2
170,13,car,OUT_OF_BOUNDS,25,144,0.0,-281.03,573.09,-1.99,0.48,Grey,4493.18
170,11,person,LOST,63,106,0.0,692.9,282.68,-0.28,-0.47,Grey,5659.19
170,9,car,LOST,63,106,0.0,299.9,342.76,-0.67,-0.27,Grey,30084.14
170,12,car,OUT_OF_BOUNDS,23,146,0.0,1495.83,920.0,1.53,2.78,Grey,4597.82
170,14,chair,OUT_OF_BOUNDS,73,86,0.044,-51.18,344.52,-4.49,0.54,Red,2151.27
170,10,chair,LOST,63,106,0.0,627.02,318.37,-0.16,-0.27,White,1631.45
170,7,person,LOST,63,106,0.0,0.69,203.95,-1.16,-0.66,Grey,3580.65
170,15,car,LOST,60,106,0.0,404.13,264.33,-0.44,-0.55,White,4720.41
170,5,truck,LOST,18,151,0.0,162.81,147.26,-0.25,-0.36,Grey,12921.57
170,16,car,LOST,20,142,0.0,881.67,294.33,0.2,-0.44,Grey,8859.77
170,18,car,VISIBLE,110,0,0.65,490.2,424.71,-5.91,1.22,Grey,578997.5
170,21,car,VISIBLE,110,0,0.6853,1086.69,314.53,-4.49,0.36,Grey,130963.67
170,22,car,OCCLUDED,96,14,0.844,443.78,162.77,-3.11,0.1,Grey,15495.65
170,19,person,VISIBLE,110,0,0.2051,344.97,60.06,-2.47,-0.15,Grey,3672.15
170,20,car,VISIBLE,110,0,0.3746,1009.67,168.34,-3.55,-2.47,Grey,31130.41
170,23,chair,VISIBLE,101,0,0.1542,489.98,305.67,-8.46,3.36,Cyan,14074.89
170,24,chair,VISIBLE,99,0,0.3414,327.58,285.06,-17.61,0.92,Grey,14683.47
170,27,chair,OCCLUDED,68,18,0.8,756.92,291.23,-2.07,0.22,Grey,24405.98
170,29,chair,OCCLUDED,6,27,0.7,478.33,271.51,-0.17,0.08,Grey,9648.11
170,30,car,OCCLUDED,23,25,0.722,860.45,150.66,-2.39,0.1,Grey,5582.12
170,33,chair,OCCLUDED,19,2,0.978,1121.13,223.92,-5.81,0.06,Cyan,2789.86
170,35,person,VISIBLE,15,0,0.6794,1179.12,218.82,-6.81,0.1,Grey,6252.41
170,37,truck,VISIBLE,1,0,0.249,1246.29,111.45,0.0,0.0,Grey,2934.85
171,6,car,VISIBLE,170,0,0.2906,119.72,267.92,-5.01,9.44,Grey,112009.13
171,2,car,LOST,63,107,0.0,640.76,429.29,-0.07,-0.12,Purple,160266.72
171,1,car,LOST,63,107,0.0,1198.49,398.57,0.33,-0.18,Red,61898.72
171,8,truck,LOST,63,107,0.0,537.47,197.25,-0.12,-0.68,Grey,2913.99
171,3,car,VISIBLE,135,0,0.3276,811.83,211.75,-4.66,1.21,Grey,33751.42
171,4,car,LOST,63,107,0.0,1078.49,346.89,0.5,-0.32,Red,36618.2
171,13,car,OUT_OF_BOUNDS,25,145,0.0,-283.02,573.57,-1.99,0.48,Grey,4493.18
171,11,person,LOST,63,107,0.0,692.63,282.2,-0.28,-0.47,Grey,5659.19
171,9,car,LOST,63,107,0.0,299.23,342.49,-0.67,-0.27,Grey,30084.14
171,12,car,OUT_OF_BOUNDS,23,147,0.0,1497.36,922.78,1.53,2.78,Grey,4597.82
171,14,chair,OUT_OF_BOUNDS,73,87,0.033,-55.67,345.06,-4.49,0.54,Red,2151.27
171,10,chair,LOST,63,107,0.0,626.86,318.11,-0.16,-0.27,White,1631.45
171,7,person,LOST,63,107,0.0,-0.48,203.29,-1.16,-0.66,Grey,3580.65
171,15,car,LOST,60,107,0.0,403.69,263.77,-0.44,-0.55,White,4720.41
171,5,truck,LOST,18,152,0.0,162.55,146.91,-0.25,-0.36,Grey,12921.57
171,16,car,LOST,20,143,0.0,881.87,293.89,0.2,-0.44,Grey,8859.77
171,18,car,VISIBLE,111,0,0.6481,484.24,426.97,-5.95,1.96,Grey,567561.34
171,21,car,VISIBLE,111,0,0.7099,1081.74,315.04,-4.81,0.47,Grey,134756.08
171,22,car,VISIBLE,97,0,0.161,405.25,148.51,-4.76,-0.57,Grey,8070.23
171,19,person,VISIBLE,111,0,0.2427,340.4,60.35,-3.94,0.16,Grey,3896.31
171,20,car,VISIBLE,111,0,0.4006,1006.08,166.39,-3.58,-2.1,Grey,30407.55
171,23,chair,VISIBLE,102,0,0.1542,481.1,308.62,-8.75,3.08,Grey,15374.32
171,24,chair,VISIBLE,100,0,0.3215,308.88,285.85,-18.37,0.83,Grey,14978.7
171,27,chair,OCCLUDED,68,19,0.789,754.85,291.45,-2.07,0.22,Grey,24405.98
171,29,chair,OCCLUDED,6,28,0.689,478.16,271.6,-0.17,0.08,Grey,9648.11
171,30,car,OCCLUDED,23,26,0.711,858.06,150.76,-2.39,0.1,Grey,5582.12
171,33,chair,OCCLUDED,19,3,0.967,1115.32,223.98,-5.81,0.06,Cyan,2789.86
171,35,person,VISIBLE,16,0,0.5803,1172.78,218.82,-6.48,0.03,Grey,6291.01
171,37,truck,VISIBLE,2,0,0.3232,1244.53,111.26,-1.76,-0.19,Grey,3064.23
172,6,car,VISIBLE,171,0,0.2464,115.36,277.94,-4.56,9.85,Grey,112931.46
172,2,car,LOST,63,108,0.0,640.68,429.17,-0.07,-0.12,Purple,160266.72
172,1,car,LOST,63,108,0.0,1198.82,398.39,0.33,-0.18,Red,61898.72
172,8,truck,LOST,63,108,0.0,537.35,196.57,-0.12,-0.68,Grey,2913.99
172,3,car,VISIBLE,136,0,0.3845,807.85,213.09,-4.18,1.3,Grey,34160.11
172,4,car,LOST,63,108,0.0,1078.99,346.57,0.5,-0.32,Red,36618.2
172,13,car,OUT_OF_BOUNDS,25,146,0.0,-285.01,574.04,-1.99,0.48,Grey,4493.18
172,11,person,LOST,63,108,0.0,692.35,281.73,-0.28,-0.47,Grey,5659.19
172,9,car,LOST,63,108,0.0,298.56,342.21,-0.67,-0.27,Grey,30084.14
172,12,car,OUT_OF_BOUNDS,23,148,0.0,1498.89,925.56,1.53,2.78,Grey,4597.82
172,14,chair,OUT_OF_BOUNDS,73,88,0.022,-60.16,345.6,-4.49,0.54,Red,2151.27
172,10,chair,LOST,63,108,0.0,626.7,317.84,-0.16,-0.27,White,1631.45
172,7,person,LOST,63,108,0.0,-1.64,202.63,-1.16,-0.66,Grey,3580.65
172,15,car,LOST,60,108,0.0,403.25,263.22,-0.44,-0.55,White,4720.41
172,5,truck,LOST,18,153,0.0,162.3,146.55,-0.25,-0.36,Grey,12921.57
172,16,car,LOST,20,144,0.0,882.07,293.45,0.2,-0.44,Grey,8859.77
172,18,car,VISIBLE,112,0,0.6614,478.4,428.87,-5.87,1.91,Grey,557090.14
172,21,car,VISIBLE,112,0,0.6877,1076.89,315.74,-4.84,0.63,Grey,138478.71
172,22,car,VISIBLE,98,0,0.161,404.98,148.48,-1.62,-0.19,Grey,8045.43
172,19,person,VISIBLE,112,0,0.3066,335.76,60.62,-4.43,0.24,Grey,4154.9
172,20,car,VISIBLE,112,0,0.3914,1002.34,165.33,-3.69,-1.38,Grey,29901.58
172,23,chair,VISIBLE,103,0,0.1542,472.22,311.58,-8.84,2.99,Grey,16731.11
172,24,chair,VISIBLE,101,0,0.3467,288.87,286.05,-19.53,0.39,Grey,15705.79
172,27,chair,OCCLUDED,68,20,0.778,752.78,291.67,-2.07,0.22,Grey,24405.98
172,29,chair,OCCLUDED,6,29,0.678,477.99,271.68,-0.17,0.08,Grey,9648.11
172,30,car,OCCLUDED,23,27,0.7,855.67,150.85,-2.39,0.1,Grey,5582.12
172,33,chair,OCCLUDED,19,4,0.956,1109.52,224.03,-5.81,0.06,Cyan,2789.86
172,35,person,VISIBLE,17,0,0.6863,1165.62,218.99,-6.96,0.12,Grey,6405.44
172,37,truck,VISIBLE,3,0,0.3354,1242.05,111.25,-2.27,-0.07,Grey,3271.26
173,6,car,VISIBLE,172,0,0.2037,110.83,250.43,-4.53,-16.31,Grey,95954.61
173,2,car,LOST,63,109,0.0,640.61,429.04,-0.07,-0.12,Purple,160266.72
173,1,car,LOST,63,109,0.0,1199.16,398.21,0.33,-0.18,Red,61898.72
173,8,truck,LOST,63,109,0.0,537.24,195.89,-0.12,-0.68,Grey,2913.99
173,3,car,VISIBLE,137,0,0.4098,801.35,213.89,-5.8,0.95,Grey,35479.25
173,4,car,LOST,63,109,0.0,1079.49,346.25,0.5,-0.32,Red,36618.2
173,13,car,OUT_OF_BOUNDS,25,147,0.0,-287.0,574.52,-1.99,0.48,Grey,4493.18
173,11,person,LOST,63,109,0.0,692.07,281.25,-0.28,-0.47,Grey,5659.19
173,9,car,LOST,63,109,0.0,297.88,341.94,-0.67,-0.27,Grey,30084.14
173,12,car,OUT_OF_BOUNDS,23,149,0.0,1500.42,928.35,1.53,2.78,Grey,4597.82
173,14,chair,OUT_OF_BOUNDS,73,89,0.011,-64.65,346.14,-4.49,0.54,Red,2151.27
173,10,chair,LOST,63,109,0.0,626.53,317.57,-0.16,-0.27,White,1631.45
173,7,person,LOST,63,109,0.0,-2.8,201.97,-1.16,-0.66,Grey,3580.65
173,15,car,LOST,60,109,0.0,402.81,262.67,-0.44,-0.55,White,4720.41
173,5,truck,LOST,18,154,0.0,162.05,146.19,-0.25,-0.36,Grey,12921.57
173,16,car,LOST,20,145,0.0,882.27,293.01,0.2,-0.44,Grey,8859.77
173,18,car,VISIBLE,113,0,0.654,472.65,429.89,-5.78,1.29,Grey,548480.07
173,21,car,VISIBLE,113,0,0.6991,1071.99,316.53,-4.88,0.75,Grey,142316.72
173,22,car,VISIBLE,99,0,0.161,404.69,148.45,-0.69,-0.07,Grey,8020.66
173,19,person,VISIBLE,113,0,0.1854,333.5,60.67,-2.91,0.1,Grey,4139.78
173,20,car,VISIBLE,113,0,0.3688,998.5,164.42,-3.8,-1.05,Grey,29544.64
173,23,chair,VISIBLE,104,0,0.1542,463.34,314.54,-8.87,2.97,Grey,18145.26
173,24,chair,VISIBLE,102,0,0.2933,269.44,287.43,-19.45,1.08,Grey,15896.1
173,27,chair,OCCLUDED,68,21,0.767,750.71,291.88,-2.07,0.22,Grey,24405.98
173,29,chair,OCCLUDED,6,30,0.667,477.82,271.76,-0.17,0.08,Grey,9648.11
173,30,car,OCCLUDED,23,28,0.689,853.28,150.95,-2.39,0.1,Grey,5582.12
173,33,chair,OCCLUDED,19,5,0.944,1103.71,224.09,-5.81,0.06,Cyan,2789.86
173,35,person,VISIBLE,18,0,0.7143,1158.97,219.12,-6.75,0.12,Grey,6411.87
173,37,truck,VISIBLE,4,0,0.2983,1237.5,111.35,-3.86,0.05,Grey,3390.03
173,39,car,VISIBLE,1,0,0.1999,1255.95,535.62,0.0,0.0,Grey,17740.7
174,6,car,VISIBLE,173,0,0.1983,107.3,265.38,-3.83,5.58,Grey,98923.64
174,2,car,LOST,63,110,0.0,640.54,428.92,-0.07,-0.12,Purple,160266.72
174,1,car,LOST,63,110,0.0,1199.49,398.03,0.33,-0.18,Red,61898.72
174,8,truck,LOST,63,110,0.0,537.12,195.22,-0.12,-0.68,Grey,2913.99
174,3,car,VISIBLE,138,0,0.4076,796.4,214.72,-5.2,0.87,Grey,36290.76
174,4,car,LOST,63,110,0.0,1079.98,345.92,0.5,-0.32,Red,36618.2
174,13,car,OUT_OF_BOUNDS,25,148,0.0,-288.99,575.0,-1.99,0.48,Grey,4493.18
174,11,person,LOST,63,110,0.0,691.79,280.78,-0.28,-0.47,Grey,5659.19
174,9,car,LOST,63,110,0.0,297.21,341.67,-0.67,-0.27,Grey,30084.14
174,12,car,OUT_OF_BOUNDS,23,150,0.0,1501.95,931.13,1.53,2.78,Grey,4597.82
174,14,chair,OUT_OF_BOUNDS,73,90,0.0,-69.14,346.68,-4.49,0.54,Red,2151.27
174,10,chair,LOST,63,110,0.0,626.37,317.3,-0.16,-0.27,White,1631.45
174,7,person,LOST,63,110,0.0,-3.97,201.31,-1.16,-0.66,Grey,3580.65
174,15,car,LOST,60,110,0.0,402.37,262.12,-0.44,-0.55,White,4720.41
174,5,truck,LOST,18,155,0.0,161.79,145.84,-0.25,-0.36,Grey,12921.57
174,16,car,LOST,20,146,0.0,882.47,292.58,0.2,-0.44,Grey,8859.77
174,18,car,VISIBLE,114,0,0.6516,466.55,432.7,-6.01,2.35,Green,536151.13
174,21,car,VISIBLE,114,0,0.6838,1067.16,317.22,-4.85,0.7,Grey,146232.01
174,22,car,OCCLUDED,99,1,0.989,404.0,148.38,-0.69,-0.07,Grey,8020.66
174,19,person,VISIBLE,114,0,0.2274,330.16,60.74,-3.21,0.08,Grey,4251.23
174,20,car,VISIBLE,114,0,0.3487,994.46,163.88,-3.96,-0.69,Grey,29247.05
174,23,chair,OCCLUDED,104,1,0.989,454.47,317.5,-8.87,2.97,Grey,18145.26
174,24,chair,VISIBLE,103,0,0.3098,250.93,289.65,-18.8,1.88,Grey,16072.1
174,27,chair,OCCLUDED,68,22,0.756,748.64,292.1,-2.07,0.22,Grey,24405.98
174,29,chair,OCCLUDED,6,31,0.656,477.64,271.85,-0.17,0.08,Grey,9648.11
174,30,car,OCCLUDED,23,29,0.678,850.89,151.04,-2.39,0.1,Grey,5582.12
174,33,chair,VISIBLE,20,0,0.219,1098.35,226.03,-5.75,0.28,Cyan,2545.48
174,35,person,VISIBLE,19,0,0.6913,1152.41,219.28,-6.61,0.15,Grey,6476.24
174,37,truck,VISIBLE,5,0,0.2989,1233.06,111.37,-4.27,0.03,Grey,3397.28
174,39,car,VISIBLE,2,0,0.2054,1255.14,523.29,-0.8,-12.33,Grey,19555.37
175,6,car,VISIBLE,174,0,0.1986,101.86,242.59,-4.95,-14.28,Grey,84240.74
175,2,car,LOST,63,111,0.0,640.47,428.8,-0.07,-0.12,Purple,160266.72
175,1,car,LOST,63,111,0.0,1199.82,397.85,0.33,-0.18,Red,61898.72
175,8,truck,LOST,63,111,0.0,537.0,194.54,-0.12,-0.68,Grey,2913.99
175,3,car,VISIBLE,139,0,0.388,791.06,215.72,-5.3,0.96,Grey,37214.29
175,4,car,LOST,63,111,0.0,1080.48,345.6,0.5,-0.32,Red,36618.2
175,13,car,OUT_OF_BOUNDS,25,149,0.0,-290.98,575.47,-1.99,0.48,Grey,4493.18
175,11,person,LOST,63,111,0.0,691.52,280.31,-0.28,-0.47,Grey,5659.19
175,9,car,LOST,63,111,0.0,296.54,341.4,-0.67,-0.27,Grey,30084.14
175,12,car,OUT_OF_BOUNDS,23,151,0.0,1503.47,933.91,1.53,2.78,Grey,4597.82
175,14,chair,OUT_OF_BOUNDS,73,91,0.0,-73.63,347.22,-4.49,0.54,Red,2151.27
175,10,chair,LOST,63,111,0.0,626.21,317.03,-0.16,-0.27,White,1631.45
175,7,person,LOST,63,111,0.0,-5.13,200.65,-1.16,-0.66,Grey,3580.65
175,15,car,LOST,60,111,0.0,401.93,261.57,-0.44,-0.55,White,4720.41
175,5,truck,LOST,18,156,0.0,161.54,145.48,-0.25,-0.36,Grey,12921.57
175,16,car,LOST,20,147,0.0,882.67,292.14,0.2,-0.44,Grey,8859.77
175,18,car,VISIBLE,115,0,0.625,459.88,432.56,-6.47,0.61,Green,528742.65
175,21,car,VISIBLE,115,0,0.6984,1062.36,317.76,-4.81,0.59,Grey,150183.06
175,22,car,OCCLUDED,99,2,0.978,403.32,148.31,-0.69,-0.07,Grey,8020.66
175,19,person,VISIBLE,115,0,0.1575,327.89,60.49,-2.55,-0.15,Grey,3829.78
175,20,car,VISIBLE,115,0,0.3475,991.27,162.88,-3.42,-0.91,Grey,28710.38
175,23,chair,OCCLUDED,104,2,0.978,445.6,320.47,-8.87,2.97,Grey,18145.26
175,24,chair,VISIBLE,104,0,0.2223,232.14,292.29,-18.79,2.41,Grey,16299.12
175,27,chair,OCCLUDED,68,23,0.744,746.57,292.31,-2.07,0.22,Grey,24405.98
175,29,chair,OCCLUDED,6,32,0.644,477.47,271.93,-0.17,0.08,Grey,9648.11
175,30,car,OCCLUDED,23,30,0.667,848.5,151.14,-2.39,0.1,Grey,5582.12
175,33,chair,VISIBLE,21,0,0.219,1096.41,226.12,-3.08,0.15,Cyan,2575.45
175,35,person,VISIBLE,20,0,0.7241,1145.57,219.46,-6.77,0.17,Grey,6576.68
175,37,truck,VISIBLE,6,0,0.3196,1228.55,111.48,-4.44,0.09,Grey,3424.21
175,39,car,VISIBLE,3,0,0.2115,1253.93,518.36,-1.09,-7.15,Grey,21024.44
175,41,car,VISIBLE,1,0,0.2084,619.38,195.81,0.0,0.0,Grey,52686.76
176,6,car,VISIBLE,175,0,0.2096,97.0,221.77,-4.89,-18.86,Grey,71988.17
176,2,car,LOST,63,112,0.0,640.4,428.67,-0.07,-0.12,Purple,160266.72
176,1,car,LOST,63,112,0.0,1200.15,397.66,0.33,-0.18,Red,61898.72
176,8,truck,LOST,63,112,0.0,536.89,193.87,-0.12,-0.68,Grey,2913.99
176,3,car,VISIBLE,140,0,0.4483,786.09,216.81,-5.07,1.05,Grey,37931.98
176,4,car,LOST,63,112,0.0,1080.98,345.28,0.5,-0.32,Red,36618.2
176,13,car,OUT_OF_BOUNDS,25,150,0.0,-292.97,575.95,-1.99,0.48,Grey,4493.18
176,11,person,LOST,63,112,0.0,691.24,279.83,-0.28,-0.47,Grey,5659.19
176,9,car,LOST,63,112,0.0,295.87,341.13,-0.67,-0.27,Grey,30084.14
176,12,car,OUT_OF_BOUNDS,23,152,0.0,1505.0,936.7,1.53,2.78,Grey,4597.82
176,14,chair,OUT_OF_BOUNDS,73,92,0.0,-78.12,347.76,-4.49,0.54,Red,2151.27
176,10,chair,LOST,63,112,0.0,626.05,316.76,-0.16,-0.27,White,1631.45
176,7,person,LOST,63,112,0.0,-6.3,199.99,-1.16,-0.66,Grey,3580.65
176,15,car,LOST,60,112,0.0,401.49,261.02,-0.44,-0.55,White,4720.41
176,5,truck,LOST,18,157,0.0,161.29,145.12,-0.25,-0.36,Grey,12921.57
176,16,car,LOST,20,148,0.0,882.87,291.7,0.2,-0.44,Grey,8859.77
176,18,car,VISIBLE,116,0,0.6453,453.1,431.76,-6.68,-0.37,Green,522397.36
176,21,car,VISIBLE,116,0,0.6836,1058.12,318.32,-4.41,0.57,Grey,153720.31
176,22,car,OCCLUDED,99,3,0.967,402.63,148.23,-0.69,-0.07,Grey,8020.66
176,19,person,VISIBLE,116,0,0.2709,325.52,60.56,-2.42,0.0,Grey,3575.17
176,20,car,VISIBLE,116,0,0.4099,988.06,161.66,-3.27,-1.12,Grey,27954.22
176,23,chair,OCCLUDED,104,3,0.967,436.73,323.43,-8.87,2.97,Grey,18145.26
176,24,chair,VISIBLE,105,0,0.2815,212.75,294.11,-19.21,1.99,Grey,16829.33
176,27,chair,OCCLUDED,68,24,0.733,744.5,292.53,-2.07,0.22,Grey,24405.98
176,29,chair,OCCLUDED,6,33,0.633,477.3,272.02,-0.17,0.08,Grey,9648.11
176,30,car,OCCLUDED,23,31,0.656,846.11,151.23,-2.39,0.1,Grey,5582.12
176,33,chair,VISIBLE,22,0,0.1748,1087.54,226.42,-7.14,0.25,Cyan,2544.12
176,35,person,VISIBLE,21,0,0.6631,1139.86,219.72,-6.03,0.23,Grey,6540.45
176,37,truck,VISIBLE,7,0,0.3057,1224.13,111.59,-4.42,0.1,Grey,3447.81
176,39,car,VISIBLE,4,0,0.2297,1252.28,513.94,-1.48,-5.24,Grey,22848.76
176,41,car,VISIBLE,2,0,0.2571,612.11,197.22,-7.26,1.41,Grey,54685.18
177,6,car,VISIBLE,176,0,0.4194,92.83,192.84,-4.38,-25.91,Grey,57823.24
177,2,car,LOST,63,113,0.0,640.33,428.55,-0.07,-0.12,Purple,160266.72
177,1,car,LOST,63,113,0.0,1200.48,397.48,0.33,-0.18,Red,61898.72
177,8,truck,LOST,63,113,0.0,536.77,193.19,-0.12,-0.68,Grey,2913.99
177,3,car,VISIBLE,141,0,0.4448,780.1,226.57,-5.72,7.15,Grey,43330.19
177,4,car,LOST,63,113,0.0,1081.48,344.95,0.5,-0.32,Red,36618.2
177,13,car,OUT_OF_BOUNDS,25,151,0.0,-294.96,576.42,-1.99,0.48,Grey,4493.18
177,11,person,LOST,63,113,0.0,690.96,279.36,-0.28,-0.47,Grey,5659.19
177,9,car,LOST,63,113,0.0,295.19,340.85,-0.67,-0.27,Grey,30084.14
177,12,car,OUT_OF_BOUNDS,23,153,0.0,1506.53,939.48,1.53,2.78,Grey,4597.82
177,14,chair,OUT_OF_BOUNDS,73,93,0.0,-82.61,348.3,-4.49,0.54,Red,2151.27
177,10,chair,LOST,63,113,0.0,625.89,316.49,-0.16,-0.27,White,1631.45
177,7,person,LOST,63,113,0.0,-7.46,199.33,-1.16,-0.66,Grey,3580.65
177,15,car,LOST,60,113,0.0,401.05,260.47,-0.44,-0.55,White,4720.41
177,5,truck,LOST,18,158,0.0,161.03,144.77,-0.25,-0.36,Grey,12921.57
177,16,car,LOST,20,149,0.0,883.06,291.26,0.2,-0.44,Grey,8859.77
177,18,car,VISIBLE,117,0,0.692,340.48,441.94,-80.84,7.01,Grey,378685.54
177,21,car,VISIBLE,117,0,0.407,1054.11,284.86,-4.13,-23.25,Grey,125727.97
177,22,car,OCCLUDED,99,4,0.956,401.94,148.16,-0.69,-0.07,Grey,8020.66
177,19,person,VISIBLE,117,0,0.2842,325.02,60.18,-1.08,-0.27,Grey,3366.73
177,20,car,VISIBLE,117,0,0.3699,986.35,161.12,-2.18,-0.71,Grey,27756.35
177,23,chair,OCCLUDED,104,4,0.956,427.86,326.4,-8.87,2.97,Grey,18145.26
177,24,chair,VISIBLE,106,0,0.2815,194.27,295.76,-18.7,1.76,Grey,17146.94
177,27,chair,OCCLUDED,68,25,0.722,742.43,292.74,-2.07,0.22,Grey,24405.98
177,29,chair,OCCLUDED,6,34,0.622,477.13,272.1,-0.17,0.08,Grey,9648.11
177,30,car,OCCLUDED,23,32,0.644,843.72,151.33,-2.39,0.1,Grey,5582.12
177,33,chair,VISIBLE,23,0,0.248,1080.45,226.81,-7.1,0.35,Cyan,2598.19
177,35,person,VISIBLE,22,0,0.676,1135.87,220.2,-4.6,0.41,Grey,6628.08
177,37,truck,VISIBLE,8,0,0.4031,1216.85,111.8,-6.43,0.17,Grey,3650.58
177,39,car,VISIBLE,5,0,0.2944,1244.61,519.76,-5.82,2.5,Grey,28332.51
177,41,car,VISIBLE,3,0,0.2571,609.75,197.87,-3.83,0.87,Grey,55422.23
178,6,car,VISIBLE,177,0,0.4423,88.72,178.19,-4.2,-18.03,Grey,49330.27
178,2,car,LOST,63,114,0.0,640.26,428.43,-0.07,-0.12,Purple,160266.72
178,1,car,LOST,63,114,0.0,1200.81,397.3,0.33,-0.18,Red,61898.72
178,8,truck,LOST,63,114,0.0,536.66,192.52,-0.12,-0.68,Grey,2913.99
178,3,car,VISIBLE,142,0,0.4703,774.27,233.44,-5.79,6.95,Grey,47076.18
178,4,car,LOST,63,114,0.0,1081.97,344.63,0.5,-0.32,Red,36618.2
178,13,car,OUT_OF_BOUNDS,25,152,0.0,-296.95,576.9,-1.99,0.48,Grey,4493.18
178,11,person,LOST,63,114,0.0,690.68,278.88,-0.28,-0.47,Grey,5659.19
178,9,car,LOST,63,114,0.0,294.52,340.58,-0.67,-0.27,Grey,30084.14
178,12,car,OUT_OF_BOUNDS,23,154,0.0,1508.06,942.26,1.53,2.78,Grey,4597.82
178,14,chair,OUT_OF_BOUNDS,73,94,0.0,-87.1,348.84,-4.49,0.54,Red,2151.27
178,10,chair,LOST,63,114,0.0,625.73,316.22,-0.16,-0.27,White,1631.45
178,7,person,LOST,63,114,0.0,-8.62,198.67,-1.16,-0.66,Grey,3580.65
178,15,car,LOST,60,114,0.0,400.61,259.92,-0.44,-0.55,White,4720.41
178,5,truck,LOST,18,159,0.0,160.78,144.41,-0.25,-0.36,Grey,12921.57
178,16,car,LOST,20,150,0.0,883.26,290.82,0.2,-0.44,Grey,8859.77
178,18,car,VISIBLE,118,0,0.678,256.08,451.85,-83.33,9.04,Grey,274677.71
178,21,car,VISIBLE,118,0,0.4203,1050.55,261.6,-3.73,-23.26,Grey,106251.23
178,22,car,VISIBLE,100,0,0.1893,168.43,178.76,-33.28,4.22,Grey,4077.78
178,19,person,VISIBLE,118,0,0.3957,322.0,60.47,-2.43,0.13,Grey,3640.09
178,20,car,VISIBLE,118,0,0.4027,984.18,161.68,-2.17,0.17,Grey,28043.69
178,23,chair,OCCLUDED,104,5,0.944,418.99,329.36,-8.87,2.97,Grey,18145.26
178,24,chair,VISIBLE,107,0,0.2815,175.8,297.41,-18.54,1.69,Grey,17467.4
178,27,chair,OCCLUDED,68,26,0.711,740.36,292.96,-2.07,0.22,Grey,24405.98
178,29,chair,OCCLUDED,6,35,0.611,476.95,272.19,-0.17,0.08,Grey,9648.11
178,30,car,VISIBLE,24,0,0.1542,873.12,152.5,-1.72,0.12,Grey,1851.98
178,33,chair,VISIBLE,24,0,0.2204,1073.03,227.12,-7.33,0.32,Cyan,2509.64
178,35,person,VISIBLE,23,0,0.6571,1131.09,220.49,-4.73,0.32,Grey,6493.77
178,37,truck,VISIBLE,9,0,0.4372,1210.69,112.09,-6.24,0.25,Grey,3836.48
178,39,car,VISIBLE,6,0,0.2959,1239.2,524.63,-5.53,4.16,Grey,31862.54
178,41,car,VISIBLE,4,0,0.2571,607.4,198.51,-2.79,0.71,Grey,56163.88
178,44,car,VISIBLE,1,0,0.578,478.61,295.85,0.0,0.0,Orange,198919.51
178,43,car,VISIBLE,1,0,0.5353,328.57,208.54,0.0,0.0,Grey,48708.77
178,42,car,VISIBLE,1,0,0.392,968.23,459.27,0.0,0.0,Green,324344.52
179,6,car,VISIBLE,178,0,0.5587,85.74,177.13,-3.34,-6.15,Grey,46800.78
179,2,car,LOST,63,115,0.0,640.19,428.3,-0.07,-0.12,Purple,160266.72
179,1,car,LOST,63,115,0.0,1201.14,397.12,0.33,-0.18,Red,61898.72
179,8,truck,LOST,63,115,0.0,536.54,191.84,-0.12,-0.68,Grey,2913.99
179,3,car,VISIBLE,143,0,0.4747,768.31,238.51,-5.91,5.63,Grey,50069.42
179,4,car,LOST,63,115,0.0,1082.47,344.31,0.5,-0.32,Red,36618.2
179,13,car,OUT_OF_BOUNDS,25,153,0.0,-298.95,577.37,-1.99,0.48,Grey,4493.18
179,11,person,LOST,63,115,0.0,690.41,278.41,-0.28,-0.47,Grey,5659.19
179,9,car,LOST,63,115,0.0,293.85,340.31,-0.67,-0.27,Grey,30084.14
179,12,car,OUT_OF_BOUNDS,23,155,0.0,1509.59,945.05,1.53,2.78,Grey,4597.82
179,14,chair,OUT_OF_BOUNDS,73,95,0.0,-91.59,349.38,-4.49,0.54,Red,2151.27
179,10,chair,LOST,63,115,0.0,625.57,315.96,-0.16,-0.27,White,1631.45
179,7,person,LOST,63,115,0.0,-9.79,198.01,-1.16,-0.66,Grey,3580.65
179,15,car,LOST,60,115,0.0,400.17,259.37,-0.44,-0.55,White,4720.41
179,5,truck,LOST,18,160,0.0,160.53,144.05,-0.25,-0.36,Grey,12921.57
179,16,car,LOST,20,151,0.0,883.46,290.38,0.2,-0.44,Grey,8859.77
179,18,car,VISIBLE,119,0,0.6764,195.87,460.69,-67.15,8.9,Grey,203162.37
179,21,car,VISIBLE,119,0,0.3466,1047.63,247.36,-3.16,-16.95,Grey,94158.96
179,22,car,VISIBLE,101,0,0.223,161.33,177.75,-14.95,0.56,Grey,4566.07
179,19,person,VISIBLE,119,0,0.2925,318.27,60.62,-3.34,0.14,Grey,3991.06
179,20,car,VISIBLE,119,0,0.405,981.45,160.9,-2.56,-0.49,Grey,27833.35
179,23,chair,OCCLUDED,104,6,0.933,410.12,332.33,-8.87,2.97,Grey,18145.26
179,24,chair,VISIBLE,108,0,0.2815,157.32,299.07,-18.49,1.66,Grey,17790.71
179,27,chair,OCCLUDED,68,27,0.7,738.29,293.17,-2.07,0.22,Grey,24405.98
179,29,chair,OCCLUDED,6,36,0.6,476.78,272.27,-0.17,0.08,Grey,9648.11
179,30,car,VISIBLE,25,0,0.1884,871.13,152.51,-1.9,0.04,Grey,1857.42
179,33,chair,VISIBLE,25,0,0.2715,1065.37,227.53,-7.56,0.39,Cyan,2543.03
179,35,person,VISIBLE,24,0,0.6346,1125.83,220.76,-5.1,0.29,Grey,6490.6
179,37,truck,VISIBLE,10,0,0.4755,1205.25,112.28,-5.68,0.21,Grey,3945.08
179,39,car,VISIBLE,7,0,0.2988,1235.48,530.99,-4.26,5.7,Grey,33636.23
179,41,car,VISIBLE,5,0,0.2571,605.05,199.16,-2.49,0.67,Grey,56910.14
179,44,car,VISIBLE,2,0,0.5795,470.59,296.81,-8.02,0.97,Orange,201243.45
179,43,car,VISIBLE,2,0,0.5112,322.56,208.88,-6.01,0.34,Grey,49369.18
179,42,car,VISIBLE,2,0,0.3731,967.27,448.66,-0.96,-10.61,Green,338449.04
180,6,car,VISIBLE,179,0,0.596,82.43,178.63,-3.33,-0.8,Grey,45059.51
180,2,car,LOST,63,116,0.0,640.12,428.18,-0.07,-0.12,Purple,160266.72
180,1,car,LOST,63,116,0.0,1201.47,396.94,0.33,-0.18,Red,61898.72
180,8,truck,LOST,63,116,0.0,536.42,191.16,-0.12,-0.68,Grey,2913.99
180,3,car,VISIBLE,144,0,0.4717,762.53,240.81,-5.82,3.3,Grey,51403.1
180,4,car,LOST,63,116,0.0,1082.97,343.98,0.5,-0.32,Red,36618.2
180,13,car,OUT_OF_BOUNDS,25,154,0.0,-300.94,577.85,-1.99,0.48,Grey,4493.18
180,11,person,LOST,63,116,0.0,690.13,277.93,-0.28,-0.47,Grey,5659.19
180,9,car,LOST,63,116,0.0,293.17,340.04,-0.67,-0.27,Grey,30084.14
180,12,car,OUT_OF_BOUNDS,23,156,0.0,1511.12,947.83,1.53,2.78,Grey,4597.82
180,14,chair,OUT_OF_BOUNDS,73,96,0.0,-96.08,349.92,-4.49,0.54,Red,2151.27
180,10,chair,LOST,63,116,0.0,625.41,315.69,-0.16,-0.27,White,1631.45
180,7,person,LOST,63,116,0.0,-10.95,197.35,-1.16,-0.66,Grey,3580.65
180,15,car,LOST,60,116,0.0,399.73,258.82,-0.44,-0.55,White,4720.41
180,5,truck,LOST,18,161,0.0,160.27,143.7,-0.25,-0.36,Grey,12921.57
180,16,car,LOST,20,152,0.0,883.66,289.95,0.2,-0.44,Grey,8859.77
180,18,car,VISIBLE,120,0,0.6562,154.35,471.53,-49.2,10.26,Grey,153408.36
180,21,car,VISIBLE,120,0,0.4176,1042.64,238.97,-4.44,-10.96,Grey,88178.67
180,22,car,VISIBLE,102,0,0.294,152.95,176.62,-10.35,-0.62,Grey,5174.04
180,19,person,VISIBLE,120,0,0.2626,316.75,60.71,-2.07,0.11,Grey,4031.14
180,20,car,VISIBLE,120,0,0.4078,978.12,159.71,-3.1,-0.98,Grey,27510.87
180,23,chair,OCCLUDED,104,7,0.922,401.25,335.3,-8.87,2.97,Grey,18145.26
180,24,chair,VISIBLE,109,0,0.2815,138.86,300.73,-18.48,1.66,Grey,18116.87
180,27,chair,OCCLUDED,68,28,0.689,736.22,293.39,-2.07,0.22,Grey,24405.98
180,29,chair,OCCLUDED,6,37,0.589,476.61,272.36,-0.17,0.08,Grey,9648.11
180,30,car,VISIBLE,26,0,0.2532,868.27,152.53,-2.57,0.03,Grey,1869.4
180,33,chair,VISIBLE,26,0,0.2218,1058.61,227.82,-7.0,0.32,Cyan,2444.33
180,35,person,VISIBLE,25,0,0.6468,1120.59,221.19,-5.2,0.38,Grey,6454.55
180,37,truck,VISIBLE,11,0,0.3943,1200.16,112.22,-5.26,0.02,Grey,4033.63
180,39,car,VISIBLE,8,0,0.3123,1232.66,532.99,-3.25,3.11,Grey,35398.21
180,41,car,OCCLUDED,5,1,0.989,602.56,199.83,-2.49,0.67,Grey,56910.14
180,44,car,VISIBLE,3,0,0.5904,461.55,298.6,-8.74,1.54,Orange,203678.48
180,43,car,VISIBLE,3,0,0.4903,315.93,209.17,-6.45,0.31,Grey,49473.79
180,42,car,VISIBLE,3,0,0.2805,965.97,448.1,-1.2,-3.57,Green,340302.97
180,47,car,VISIBLE,1,0,0.2757,1220.15,224.27,0.0,0.0,Grey,23895.02
181,6,car,VISIBLE,180,0,0.6081,78.68,181.94,-3.62,2.08,Grey,44163.5
181,2,car,LOST,63,117,0.0,640.05,428.05,-0.07,-0.12,Purple,160266.72
181,1,car,LOST,63,117,0.0,1201.81,396.75,0.33,-0.18,Red,61898.72
181,8,truck,LOST,63,117,0.0,536.31,190.49,-0.12,-0.68,Grey,2913.99
181,3,car,VISIBLE,145,0,0.4516,756.63,241.97,-5.87,1.8,Grey,52393.55
181,4,car,LOST,63,117,0.0,1083.47,343.66,0.5,-0.32,Red,36618.2
181,13,car,OUT_OF_BOUNDS,25,155,0.0,-302.93,578.33,-1.99,0.48,Grey,4493.18
181,11,person,LOST,63,117,0.0,689.85,277.46,-0.28,-0.47,Grey,5659.19
181,9,car,LOST,63,117,0.0,292.5,339.77,-0.67,-0.27,Grey,30084.14
181,12,car,OUT_OF_BOUNDS,23,157,0.0,1512.65,950.61,1.53,2.78,Grey,4597.82
181,14,chair,OUT_OF_BOUNDS,73,97,0.0,-100.57,350.46,-4.49,0.54,Red,2151.27
181,10,chair,LOST,63,117,0.0,625.25,315.42,-0.16,-0.27,White,1631.45
181,7,person,LOST,63,117,0.0,-12.11,196.69,-1.16,-0.66,Grey,3580.65
181,15,car,LOST,60,117,0.0,399.29,258.27,-0.44,-0.55,White,4720.41
181,5,truck,LOST,18,162,0.0,160.02,143.34,-0.25,-0.36,Grey,12921.57
181,16,car,LOST,20,153,0.0,883.86,289.51,0.2,-0.44,Grey,8859.77
181,18,car,VISIBLE,121,0,0.6052,125.92,480.31,-34.67,9.22,Grey,120725.41
181,21,car,VISIBLE,121,0,0.3892,1038.04,235.19,-4.56,-5.94,Grey,86111.11
181,22,car,VISIBLE,103,0,0.3425,143.15,175.75,-9.97,-0.8,Grey,5792.7
181,19,person,VISIBLE,121,0,0.2478,315.33,60.48,-1.61,-0.13,Grey,3744.71
181,20,car,VISIBLE,121,0,0.4118,974.67,158.91,-3.35,-0.85,Grey,27286.29
181,23,chair,OCCLUDED,104,8,0.911,392.39,338.26,-8.87,2.97,Grey,18145.26
181,24,chair,VISIBLE,110,0,0.2815,120.38,302.38,-18.48,1.66,Grey,18445.89
181,27,chair,OCCLUDED,68,29,0.678,734.15,293.6,-2.07,0.22,Grey,24405.98
181,29,chair,OCCLUDED,6,38,0.578,476.44,272.44,-0.17,0.08,Grey,9648.11
181,30,car,VISIBLE,27,0,0.2309,864.21,152.7,-3.62,0.13,Grey,1900.94
181,33,chair,VISIBLE,27,0,0.1894,1050.43,228.44,-7.83,0.53,Cyan,2512.4
181,35,person,VISIBLE,26,0,0.4998,1113.69,221.84,-6.39,0.58,Grey,6652.88
181,37,truck,VISIBLE,12,0,0.4544,1195.38,112.2,-4.93,-0.01,Grey,4083.08
181,39,car,VISIBLE,9,0,0.3471,1230.8,522.57,-2.28,-6.36,Grey,38847.27
181,41,car,OCCLUDED,5,2,0.978,600.08,200.49,-2.49,0.67,Grey,56910.14
181,44,car,VISIBLE,4,0,0.5842,451.25,300.03,-9.83,1.47,Orange,205742.11
181,43,car,VISIBLE,4,0,0.5562,306.34,209.59,-8.65,0.39,Grey,49765.1
181,42,car,VISIBLE,4,0,0.3199,964.61,441.23,-1.31,-5.88,Grey,350253.96
181,47,car,VISIBLE,2,0,0.3568,1218.02,225.17,-2.13,0.9,Grey,25010.21
182,6,car,VISIBLE,181,0,0.6029,74.82,186.94,-3.79,4.12,Grey,43582.64
182,2,car,LOST,63,118,0.0,639.98,427.93,-0.07,-0.12,Purple,160266.72
182,1,car,LOST,63,118,0.0,1202.14,396.57,0.33,-0.18,Red,61898.72
182,8,truck,LOST,63,118,0.0,536.19,189.81,-0.12,-0.68,Grey,2913.99
182,3,car,VISIBLE,146,0,0.4421,750.65,241.82,-5.95,0.44,Grey,52404.63
182,4,car,LOST,63,118,0.0,1083.96,343.34,0.5,-0.32,Red,36618.2
182,13,car,OUT_OF_BOUNDS,25,156,0.0,-304.92,578.8,-1.99,0.48,Grey,4493.18
182,11,person,LOST,63,118,0.0,689.57,276.98,-0.28,-0.47,Grey,5659.19
182,9,car,LOST,63,118,0.0,291.83,339.5,-0.67,-0.27,Grey,30084.14
182,12,car,OUT_OF_BOUNDS,23,158,0.0,1514.18,953.4,1.53,2.78,Grey,4597.82
182,14,chair,OUT_OF_BOUNDS,73,98,0.0,-105.06,351.0,-4.49,0.54,Red,2151.27
182,10,chair,LOST,63,118,0.0,625.09,315.15,-0.16,-0.27,White,1631.45
182,7,person,LOST,63,118,0.0,-13.28,196.03,-1.16,-0.66,Grey,3580.65
182,15,car,LOST,60,118,0.0,398.85,257.72,-0.44,-0.55,White,4720.41
182,5,truck,LOST,18,163,0.0,159.77,142.98,-0.25,-0.36,Grey,12921.57
182,16,car,LOST,20,154,0.0,884.06,289.07,0.2,-0.44,Grey,8859.77
182,18,car,VISIBLE,122,0,0.6604,106.08,491.35,-24.28,10.5,Grey,96945.05
182,21,car,VISIBLE,122,0,0.4914,1034.34,234.36,-3.96,-2.36,Grey,86347.6
182,22,car,VISIBLE,104,0,0.4015,133.15,174.97,-9.99,-0.78,Grey,6360.85
182,19,person,VISIBLE,122,0,0.236,312.97,60.5,-2.14,-0.03,Grey,3549.26
182,20,car,VISIBLE,122,0,0.4007,971.3,158.81,-3.36,-0.32,Grey,27543.88
182,23,chair,OCCLUDED,104,9,0.9,383.52,341.23,-8.87,2.97,Grey,18145.26
182,24,chair,OCCLUDED,110,1,0.989,101.9,304.04,-18.48,1.66,Grey,18445.89
182,27,chair,OCCLUDED,68,30,0.667,732.08,293.82,-2.07,0.22,Grey,24405.98
182,29,chair,OCCLUDED,6,39,0.567,476.27,272.53,-0.17,0.08,Grey,9648.11
182,30,car,VISIBLE,28,0,0.1981,859.8,152.82,-4.17,0.12,Grey,1973.35
182,33,chair,VISIBLE,28,0,0.216,1043.73,228.97,-7.04,0.53,Cyan,2635.48
182,35,person,VISIBLE,27,0,0.549,1107.16,222.44,-6.49,0.59,Grey,6701.56
182,37,truck,VISIBLE,13,0,0.4507,1190.55,112.03,-4.86,-0.12,Grey,4167.11
182,39,car,VISIBLE,10,0,0.3766,1229.22,514.55,-1.79,-7.52,Grey,41717.69
182,41,car,OCCLUDED,5,3,0.967,597.59,201.16,-2.49,0.67,Grey,56910.14
182,44,car,VISIBLE,5,0,0.5888,441.11,301.08,-10.05,1.17,Orange,207552.8
182,43,car,VISIBLE,5,0,0.5679,296.81,210.08,-9.26,0.46,Grey,49934.3
182,42,car,VISIBLE,5,0,0.3291,962.83,470.19,-1.64,18.51,Green,315734.86
182,47,car,VISIBLE,3,0,0.4071,1215.94,226.02,-2.1,0.87,Grey,26145.8
183,6,car,VISIBLE,182,0,0.6118,70.79,192.96,-3.96,5.45,Grey,43452.91
183,2,car,LOST,63,119,0.0,639.91,427.81,-0.07,-0.12,Purple,160266.72
183,1,car,LOST,63,119,0.0,1202.47,396.39,0.33,-0.18,Red,61898.72
183,8,truck,LOST,63,119,0.0,536.08,189.14,-0.12,-0.68,Grey,2913.99
183,3,car,VISIBLE,147,0,0.4843,744.73,242.73,-5.93,0.77,Grey,53192.36
183,4,car,LOST,63,119,0.0,1084.46,343.01,0.5,-0.32,Red,36618.2
183,13,car,OUT_OF_BOUNDS,25,157,0.0,-306.91,579.28,-1.99,0.48,Grey,4493.18
183,11,person,LOST,63,119,0.0,689.3,276.51,-0.28,-0.47,Grey,5659.19
183,9,car,LOST,63,119,0.0,291.16,339.22,-0.67,-0.27,Grey,30084.14
183,12,car,OUT_OF_BOUNDS,23,159,0.0,1515.71,956.18,1.53,2.78,Grey,4597.82
183,14,chair,OUT_OF_BOUNDS,73,99,0.0,-109.55,351.54,-4.49,0.54,Red,2151.27
183,10,chair,LOST,63,119,0.0,624.93,314.88,-0.16,-0.27,White,1631.45
183,7,person,LOST,63,119,0.0,-14.44,195.37,-1.16,-0.66,Grey,3580.65
183,15,car,LOST,60,119,0.0,398.41,257.17,-0.44,-0.55,White,4720.41
183,5,truck,LOST,18,164,0.0,159.51,142.63,-0.25,-0.36,Grey,12921.57
183,16,car,LOST,20,155,0.0,884.26,288.63,0.2,-0.44,Grey,8859.77
183,18,car,VISIBLE,123,0,0.6096,91.47,502.61,-17.52,11.03,Grey,79477.95
183,21,car,VISIBLE,123,0,0.3817,1029.71,235.31,-4.42,-0.04,Grey,88833.13
183,22,car,VISIBLE,105,0,0.3211,124.86,175.1,-8.8,-0.14,Grey,6823.72
183,19,person,VISIBLE,123,0,0.3915,307.78,61.09,-4.27,0.4,Grey,3875.54
183,20,car,VISIBLE,123,0,0.4114,967.42,158.31,-3.72,-0.45,Grey,27484.13
183,23,chair,OCCLUDED,104,10,0.889,374.65,344.19,-8.87,2.97,Grey,18145.26
183,24,chair,OCCLUDED,110,2,0.978,83.43,305.69,-18.48,1.66,Grey,18445.89
183,27,chair,OCCLUDED,68,31,0.656,730.01,294.03,-2.07,0.22,Grey,24405.98
183,29,chair,OCCLUDED,6,40,0.556,476.09,272.61,-0.17,0.08,Grey,9648.11
183,30,car,VISIBLE,29,0,0.1802,854.43,152.95,-5.0,0.12,Grey,2131.83
183,33,chair,VISIBLE,29,0,0.1893,1036.61,229.44,-7.09,0.48,Cyan,2669.93
183,35,person,VISIBLE,28,0,0.3761,1100.3,223.1,-6.75,0.63,Grey,6826.9
183,37,truck,VISIBLE,14,0,0.4781,1185.64,111.91,-4.89,-0.12,Grey,4230.76
183,39,car,VISIBLE,11,0,0.4022,1227.64,509.32,-1.65,-5.92,Grey,44110.43
183,41,car,OCCLUDED,5,4,0.956,595.1,201.82,-2.49,0.67,Grey,56910.14
183,44,car,VISIBLE,6,0,0.5973,431.37,301.7,-9.83,0.79,Orange,208997.86
183,43,car,VISIBLE,6,0,0.531,287.37,210.69,-9.39,0.56,Grey,50412.43
183,42,car,VISIBLE,6,0,0.2837,961.0,456.56,-1.77,-3.99,Green,334671.65
183,47,car,VISIBLE,4,0,0.3951,1213.41,227.41,-2.4,1.23,Grey,27547.13
184,6,car,VISIBLE,183,0,0.5468,66.48,200.11,-4.2,6.64,Grey,42837.95
184,2,car,LOST,63,120,0.0,639.84,427.68,-0.07,-0.12,Purple,160266.72
184,1,car,LOST,63,120,0.0,1202.8,396.21,0.33,-0.18,Red,61898.72
184,8,truck,LOST,63,120,0.0,535.96,188.46,-0.12,-0.68,Grey,2913.99
184,3,car,VISIBLE,148,0,0.4894,739.59,242.94,-5.38,0.38,Grey,53577.01
184,4,car,LOST,63,120,0.0,1084.96,342.69,0.5,-0.32,Red,36618.2
184,13,car,OUT_OF_BOUNDS,25,158,0.0,-308.9,579.75,-1.99,0.48,Grey,4493.18
184,11,person,LOST,63,120,0.0,689.02,276.04,-0.28,-0.47,Grey,5659.19
184,9,car,LOST,63,120,0.0,290.48,338.95,-0.67,-0.27,Grey,30084.14
184,12,car,OUT_OF_BOUNDS,23,160,0.0,1517.23,958.96,1.53,2.78,Grey,4597.82
184,14,chair,OUT_OF_BOUNDS,73,100,0.0,-114.04,352.08,-4.49,0.54,Red,2151.27
184,10,chair,LOST,63,120,0.0,624.77,314.61,-0.16,-0.27,White,1631.45
184,7,person,LOST,63,120,0.0,-15.6,194.71,-1.16,-0.66,Grey,3580.65
184,15,car,LOST,60,120,0.0,397.97,256.62,-0.44,-0.55,White,4720.41
184,5,truck,LOST,18,165,0.0,159.26,142.27,-0.25,-0.36,Grey,12921.57
184,16,car,LOST,20,156,0.0,884.46,288.19,0.2,-0.44,Grey,8859.77
184,18,car,VISIBLE,124,0,0.5348,79.62,514.41,-13.55,11.58,Grey,65442.18
184,21,car,VISIBLE,124,0,0.3511,1022.94,237.47,-6.07,1.49,Grey,92418.85
184,22,car,VISIBLE,106,0,0.3522,117.43,175.34,-7.84,0.13,Grey,7272.64
184,19,person,VISIBLE,124,0,0.407,303.55,61.33,-4.25,0.29,Grey,4188.32
184,20,car,VISIBLE,124,0,0.4148,963.81,157.26,-3.65,-0.87,Grey,27018.05
184,23,chair,OCCLUDED,104,11,0.878,365.78,347.16,-8.87,2.97,Grey,18145.26
184,24,chair,OCCLUDED,110,3,0.967,64.95,307.35,-18.48,1.66,Grey,18445.89
184,27,chair,OCCLUDED,68,32,0.644,727.94,294.25,-2.07,0.22,Grey,24405.98
184,29,chair,OCCLUDED,6,41,0.544,475.92,272.69,-0.17,0.08,Grey,9648.11
184,30,car,VISIBLE,30,0,0.1983,849.86,152.83,-4.71,-0.05,Grey,2207.33
184,33,chair,VISIBLE,30,0,0.255,1030.3,229.85,-6.55,0.43,Cyan,2780.35
184,35,person,VISIBLE,29,0,0.3779,1093.36,223.8,-6.88,0.68,Grey,6921.82
184,37,truck,VISIBLE,15,0,0.432,1181.17,111.81,-4.6,-0.11,Grey,4237.52
184,39,car,VISIBLE,12,0,0.4312,1226.22,508.61,-1.48,-2.27,Grey,45461.08
184,41,car,OCCLUDED,5,5,0.944,592.62,202.49,-2.49,0.67,Grey,56910.14
184,44,car,VISIBLE,7,0,0.5816,421.97,302.17,-9.53,0.56,Orange,210729.18
184,43,car,VISIBLE,7,0,0.5241,278.81,210.98,-8.8,0.37,Grey,50643.07
184,42,car,VISIBLE,7,0,0.3234,959.29,447.13,-1.73,-7.8,Green,348208.53
184,47,car,VISIBLE,5,0,0.4017,1210.71,228.35,-2.61,1.03,Grey,28954.71
185,6,car,VISIBLE,184,0,0.5287,62.27,211.29,-4.21,9.82,Grey,42060.89
185,2,car,LOST,63,121,0.0,639.77,427.56,-0.07,-0.12,Purple,160266.72
185,1,car,LOST,63,121,0.0,1203.13,396.03,0.33,-0.18,Red,61898.72
185,8,truck,LOST,63,121,0.0,535.84,187.79,-0.12,-0.68,Grey,2913.99
185,3,car,VISIBLE,149,0,0.5253,734.76,242.84,-4.99,0.05,Grey,53929.48
185,4,car,LOST,63,121,0.0,1085.46,342.37,0.5,-0.32,Red,36618.2
185,13,car,OUT_OF_BOUNDS,25,159,0.0,-310.89,580.23,-1.99,0.48,Grey,4493.18
185,11,person,LOST,63,121,0.0,688.74,275.56,-0.28,-0.47,Grey,5659.19
185,9,car,LOST,63,121,0.0,289.81,338.68,-0.67,-0.27,Grey,30084.14
185,12,car,OUT_OF_BOUNDS,23,161,0.0,1518.76,961.75,1.53,2.78,Grey,4597.82
185,14,chair,OUT_OF_BOUNDS,73,101,0.0,-118.53,352.62,-4.49,0.54,Red,2151.27
185,10,chair,LOST,63,121,0.0,624.61,314.34,-0.16,-0.27,White,1631.45
185,7,person,LOST,63,121,0.0,-16.77,194.05,-1.16,-0.66,Grey,3580.65
185,15,car,LOST,60,121,0.0,397.53,256.07,-0.44,-0.55,White,4720.41
185,5,truck,LOST,18,166,0.0,159.01,141.91,-0.25,-0.36,Grey,12921.57
185,16,car,LOST,20,157,0.0,884.65,287.75,0.2,-0.44,Grey,8859.77
185,18,car,VISIBLE,125,0,0.5604,67.95,527.37,-12.23,12.54,Green,52341.75
185,21,car,VISIBLE,125,0,0.3959,1016.09,239.13,-6.62,1.61,Grey,95808.59
185,22,car,VISIBLE,107,0,0.4039,109.93,176.03,-7.6,0.52,Grey,7763.04
185,19,person,VISIBLE,125,0,0.2758,300.43,61.45,-3.46,0.17,Grey,4397.57
185,20,car,VISIBLE,125,0,0.3896,960.29,156.34,-3.55,-0.91,Grey,26624.37
185,23,chair,OCCLUDED,104,12,0.867,356.91,350.13,-8.87,2.97,Grey,18145.26
185,24,chair,OCCLUDED,110,4,0.956,46.48,309.0,-18.48,1.66,Grey,18445.89
185,27,chair,OCCLUDED,68,33,0.633,725.87,294.46,-2.07,0.22,Grey,24405.98
185,29,chair,OCCLUDED,6,42,0.533,475.75,272.78,-0.17,0.08,Grey,9648.11
185,30,car,VISIBLE,31,0,0.2123,845.8,153.06,-4.25,0.15,Grey,2287.49
185,33,chair,VISIBLE,31,0,0.1882,1023.78,230.38,-6.52,0.5,Cyan,2779.47
185,35,person,VISIBLE,30,0,0.3605,1085.8,224.44,-7.36,0.65,Grey,6998.79
185,37,truck,VISIBLE,16,0,0.4081,1176.98,111.69,-4.31,-0.12,Grey,4246.47
185,39,car,VISIBLE,13,0,0.4085,1225.06,511.59,-1.26,1.4,Grey,45797.38
185,41,car,OCCLUDED,5,6,0.933,590.13,203.15,-2.49,0.67,Grey,56910.14
185,44,car,VISIBLE,8,0,0.6221,412.21,302.35,-9.69,0.3,Orange,212626.67
185,43,car,VISIBLE,8,0,0.5721,269.95,211.71,-8.84,0.62,Grey,50998.66
185,42,car,VISIBLE,8,0,0.2606,957.75,474.29,-1.6,16.68,Green,315293.62
185,47,car,VISIBLE,6,0,0.4289,1208.08,229.31,-2.63,0.98,Grey,30330.27
186,6,car,VISIBLE,185,0,0.5504,57.92,225.16,-4.31,12.66,Grey,40582.43
186,2,car,LOST,63,122,0.0,639.7,427.44,-0.07,-0.12,Purple,160266.72
186,1,car,LOST,63,122,0.0,1203.46,395.85,0.33,-0.18,Red,61898.72
186,8,truck,LOST,63,122,0.0,535.73,187.11,-0.12,-0.68,Grey,2913.99
186,3,car,VISIBLE,150,0,0.5023,729.18,242.56,-5.4,-0.18,Grey,53966.34
186,4,car,LOST,63,122,0.0,1085.95,342.04,0.5,-0.32,Red,36618.2
186,13,car,OUT_OF_BOUNDS,25,160,0.0,-312.88,580.7,-1.99,0.48,Grey,4493.18
186,11,person,LOST,63,122,0.0,688.46,275.09,-0.28,-0.47,Grey,5659.19
186,9,car,LOST,63,122,0.0,289.14,338.41,-0.67,-0.27,Grey,30084.14
186,12,car,OUT_OF_BOUNDS,23,162,0.0,1520.29,964.53,1.53,2.78,Grey,4597.82
186,14,chair,OUT_OF_BOUNDS,73,102,0.0,-123.02,353.16,-4.49,0.54,Red,2151.27
186,10,chair,LOST,63,122,0.0,624.44,314.07,-0.16,-0.27,White,1631.45
186,7,person,LOST,63,122,0.0,-17.93,193.39,-1.16,-0.66,Grey,3580.65
186,15,car,LOST,60,122,0.0,397.09,255.52,-0.44,-0.55,White,4720.41
186,5,truck,LOST,18,167,0.0,158.75,141.56,-0.25,-0.36,Grey,12921.57
186,16,car,LOST,20,158,0.0,884.85,287.31,0.2,-0.44,Grey,8859.77
186,18,car,VISIBLE,126,0,0.4681,56.11,537.16,-11.96,10.62,Green,41026.59
186,21,car,VISIBLE,126,0,0.3427,1008.93,241.82,-6.99,2.37,Grey,97823.53
186,22,car,VISIBLE,108,0,0.4,102.61,176.5,-7.4,0.49,Grey,8106.99
186,19,person,VISIBLE,126,0,0.3587,297.93,61.67,-2.79,0.21,Grey,4458.1
186,20,car,VISIBLE,126,0,0.3855,957.22,155.64,-3.22,-0.76,Grey,26096.43
186,23,chair,OCCLUDED,104,13,0.856,348.04,353.09,-8.87,2.97,Grey,18145.26
186,24,chair,OCCLUDED,110,5,0.944,28.0,310.66,-18.48,1.66,Grey,18445.89
186,27,chair,OCCLUDED,68,34,0.622,723.8,294.68,-2.07,0.22,Grey,24405.98
186,29,chair,OCCLUDED,6,43,0.522,475.58,272.86,-0.17,0.08,Grey,9648.11
186,30,car,VISIBLE,32,0,0.2142,841.97,153.02,-3.96,0.01,Grey,2363.65
186,33,chair,VISIBLE,32,0,0.2217,1017.07,230.97,-6.66,0.57,Cyan,2849.27
186,35,person,VISIBLE,31,0,0.3456,1080.0,224.91,-6.26,0.52,Grey,7037.71
186,37,truck,VISIBLE,17,0,0.4155,1172.72,111.64,-4.28,-0.07,Grey,4318.22
186,39,car,VISIBLE,14,0,0.4473,1224.06,513.83,-1.08,1.99,Grey,46130.65
186,41,car,OCCLUDED,5,7,0.922,587.64,203.82,-2.49,0.67,Grey,56910.14
186,44,car,VISIBLE,9,0,0.6294,401.92,303.07,-10.11,0.59,Orange,215827.57
186,43,car,VISIBLE,9,0,0.5731,261.27,212.0,-8.73,0.39,Grey,51084.88
186,42,car,VISIBLE,9,0,0.3232,956.3,460.23,-1.5,-4.84,Green,334509.04
186,47,car,VISIBLE,7,0,0.4118,1206.3,232.55,-2.03,2.56,Grey,32049.57
187,6,car,VISIBLE,186,0,0.5609,53.56,236.53,-4.34,11.76,Grey,40209.32
187,2,car,LOST,63,123,0.0,639.63,427.31,-0.07,-0.12,Purple,160266.72
187,1,car,LOST,63,123,0.0,1203.79,395.66,0.33,-0.18,Red,61898.72
187,8,truck,LOST,63,123,0.0,535.61,186.44,-0.12,-0.68,Grey,2913.99
187,3,car,VISIBLE,151,0,0.4813,723.6,242.23,-5.53,-0.29,Grey,54064.24
187,4,car,LOST,63,123,0.0,1086.45,341.72,0.5,-0.32,Red,36618.2
187,13,car,OUT_OF_BOUNDS,25,161,0.0,-314.87,581.18,-1.99,0.48,Grey,4493.18
187,11,person,LOST,63,123,0.0,688.19,274.61,-0.28,-0.47,Grey,5659.19
187,9,car,LOST,63,123,0.0,288.47,338.14,-0.67,-0.27,Grey,30084.14
187,12,car,OUT_OF_BOUNDS,23,163,0.0,1521.82,967.31,1.53,2.78,Grey,4597.82
187,14,chair,OUT_OF_BOUNDS,73,103,0.0,-127.52,353.7,-4.49,0.54,Red,2151.27
187,10,chair,LOST,63,123,0.0,624.28,313.8,-0.16,-0.27,White,1631.45
187,7,person,LOST,63,123,0.0,-19.1,192.73,-1.16,-0.66,Grey,3580.65
187,15,car,LOST,60,123,0.0,396.65,254.96,-0.44,-0.55,White,4720.41
187,5,truck,LOST,18,168,0.0,158.5,141.2,-0.25,-0.36,Grey,12921.57
187,16,car,LOST,20,159,0.0,885.05,286.88,0.2,-0.44,Grey,8859.77
187,18,car,VISIBLE,127,0,0.2819,42.57,544.62,-13.07,8.41,Green,29851.71
187,21,car,VISIBLE,127,0,0.1746,1001.46,243.41,-7.33,1.83,Grey,100228.96
187,22,car,VISIBLE,109,0,0.4586,95.46,176.9,-7.23,0.42,Grey,8353.75
187,19,person,VISIBLE,127,0,0.2407,296.62,61.13,-1.75,-0.31,Grey,4159.99
187,20,car,VISIBLE,127,0,0.4176,953.83,154.38,-3.34,-1.11,Grey,25575.77
187,23,chair,OCCLUDED,104,14,0.844,339.17,356.06,-8.87,2.97,Grey,18145.26
187,24,chair,OCCLUDED,110,6,0.933,9.53,312.31,-18.48,1.66,Grey,18445.89
187,27,chair,OCCLUDED,68,35,0.611,721.73,294.89,-2.07,0.22,Grey,24405.98
187,29,chair,OCCLUDED,6,44,0.511,475.4,272.95,-0.17,0.08,Grey,9648.11
187,30,car,VISIBLE,33,0,0.1764,838.25,152.82,-3.79,-0.13,Grey,2399.75
187,33,chair,VISIBLE,33,0,0.2197,1010.63,231.49,-6.5,0.53,Cyan,2874.48
187,35,person,VISIBLE,32,0,0.3737,1076.68,224.9,-4.2,0.15,Grey,6571.96
187,37,truck,VISIBLE,18,0,0.3388,1168.38,111.69,-4.32,0.01,Grey,4396.99
187,39,car,VISIBLE,15,0,0.4382,1223.07,516.46,-1.02,2.44,Grey,46351.68
187,41,car,OCCLUDED,5,8,0.911,585.16,204.49,-2.49,0.67,Grey,56910.14
187,44,car,VISIBLE,10,0,0.6587,391.73,303.86,-10.17,0.73,Orange,218715.62
187,43,car,VISIBLE,10,0,0.6028,252.97,212.13,-8.43,0.21,Grey,51165.43
187,42,car,VISIBLE,10,0,0.4731,954.47,448.82,-1.73,-9.44,Green,350322.66
187,47,car,VISIBLE,8,0,0.4058,1204.4,237.46,-1.94,4.21,Grey,34350.3
188,6,car,VISIBLE,187,0,0.595,49.17,248.57,-4.38,11.95,Grey,40637.73
188,2,car,LOST,63,124,0.0,639.56,427.19,-0.07,-0.12,Purple,160266.72
188,1,car,LOST,63,124,0.0,1204.12,395.48,0.33,-0.18,Red,61898.72
188,8,truck,LOST,63,124,0.0,535.5,185.76,-0.12,-0.68,Grey,2913.99
188,3,car,VISIBLE,152,0,0.4421,718.0,241.47,-5.57,-0.62,Grey,54000.48
188,4,car,LOST,63,124,0.0,1086.95,341.4,0.5,-0.32,Red,36618.2
188,13,car,OUT_OF_BOUNDS,25,162,0.0,-316.86,581.66,-1.99,0.48,Grey,4493.18
188,11,person,LOST,63,124,0.0,687.91,274.14,-0.28,-0.47,Grey,5659.19
188,9,car,LOST,63,124,0.0,287.79,337.86,-0.67,-0.27,Grey,30084.14
188,12,car,OUT_OF_BOUNDS,23,164,0.0,1523.35,970.1,1.53,2.78,Grey,4597.82
188,14,chair,OUT_OF_BOUNDS,73,104,0.0,-132.01,354.24,-4.49,0.54,Red,2151.27
188,10,chair,LOST,63,124,0.0,624.12,313.54,-0.16,-0.27,White,1631.45
188,7,person,OUT_OF_BOUNDS,63,124,0.0,-20.26,192.07,-1.16,-0.66,Grey,3580.65
188,15,car,LOST,60,124,0.0,396.21,254.41,-0.44,-0.55,White,4720.41
188,5,truck,LOST,18,169,0.0,158.25,140.84,-0.25,-0.36,Grey,12921.57
188,16,car,LOST,20,160,0.0,885.25,286.44,0.2,-0.44,Grey,8859.77
188,18,can,VISIBLE,128,0,0.2837,27.47,571.78,-14.49,21.53,Green,16279.92
188,21,car,VISIBLE,128,0,0.401,991.62,245.5,-9.09,2.01,Grey,104249.82
188,22,car,VISIBLE,110,0,0.4849,87.97,176.84,-7.41,0.09,Grey,8641.09
188,19,person,VISIBLE,128,0,0.2706,294.73,61.19,-1.85,-0.06,Grey,3821.88
188,20,car,VISIBLE,128,0,0.4874,950.6,152.84,-3.27,-1.41,Grey,24719.3
188,23,chair,OCCLUDED,104,15,0.833,330.3,359.02,-8.87,2.97,Grey,18145.26
188,24,chair,OCCLUDED,110,7,0.922,-8.95,313.97,-18.48,1.66,Grey,18445.89
188,27,chair,OCCLUDED,68,36,0.6,719.66,295.11,-2.07,0.22,Grey,24405.98
188,29,chair,OCCLUDED,6,45,0.5,475.23,273.03,-0.17,0.08,Grey,9648.11
188,30,car,VISIBLE,34,0,0.1906,834.73,152.78,-3.6,-0.07,Grey,2471.63
188,33,chair,VISIBLE,34,0,0.2188,1004.27,231.97,-6.4,0.5,Cyan,2846.28
188,35,person,VISIBLE,33,0,0.4353,1071.38,224.34,-4.97,-0.35,Grey,6254.76
188,37,truck,VISIBLE,19,0,0.269,1164.47,111.39,-4.04,-0.21,Grey,4398.27
188,39,car,VISIBLE,16,0,0.4488,1221.87,518.78,-1.15,2.36,Grey,46788.86
188,41,car,OCCLUDED,5,9,0.9,582.67,205.15,-2.49,0.67,Grey,56910.14
188,44,car,VISIBLE,11,0,0.6249,382.47,304.59,-9.53,0.74,Orange,221276.16
188,43,car,VISIBLE,11,0,0.5852,243.97,212.31,-8.83,0.19,Grey,51279.96
188,42,car,VISIBLE,11,0,0.2605,953.43,474.77,-1.25,15.33,Green,318464.11
188,47,car,VISIBLE,9,0,0.407,1202.26,240.22,-2.08,3.19,Grey,36270.79
189,6,car,VISIBLE,188,0,0.6158,44.99,280.66,-4.24,26.05,Grey,44227.35
189,2,car,LOST,63,125,0.0,639.49,427.07,-0.07,-0.12,Purple,160266.72
189,1,car,LOST,63,125,0.0,1204.46,395.3,0.33,-0.18,Red,61898.72
189,8,truck,LOST,63,125,0.0,535.38,185.08,-0.12,-0.68,Grey,2913.99
189,3,car,VISIBLE,153,0,0.4433,711.0,242.0,-6.58,0.18,Grey,54255.73
189,4,car,LOST,63,125,0.0,1087.44,341.07,0.5,-0.32,Red,36618.2
189,13,car,OUT_OF_BOUNDS,25,163,0.0,-318.85,582.13,-1.99,0.48,Grey,4493.18
189,11,person,LOST,63,125,0.0,687.63,273.66,-0.28,-0.47,Grey,5659.19
189,9,car,LOST,63,125,0.0,287.12,337.59,-0.67,-0.27,Grey,30084.14
189,12,car,OUT_OF_BOUNDS,23,165,0.0,1524.88,972.88,1.53,2.78,Grey,4597.82
189,14,chair,OUT_OF_BOUNDS,73,105,0.0,-136.5,354.78,-4.49,0.54,Red,2151.27
189,10,chair,LOST,63,125,0.0,623.96,313.27,-0.16,-0.27,White,1631.45
189,7,person,OUT_OF_BOUNDS,63,125,0.0,-21.42,191.41,-1.16,-0.66,Grey,3580.65
189,15,car,LOST,60,125,0.0,395.77,253.86,-0.44,-0.55,White,4720.41
189,5,truck,LOST,18,170,0.0,157.99,140.49,-0.25,-0.36,Grey,12921.57
189,16,car,LOST,20,161,0.0,885.45,286.0,0.2,-0.44,Grey,8859.77
189,18,can,VISIBLE,129,0,0.2837,10.34,586.11,-16.34,16.49,Grey,5532.93
189,21,car,VISIBLE,129,0,0.4662,982.23,246.95,-9.3,1.61,Grey,106626.66
189,22,car,VISIBLE,111,0,0.4658,80.88,177.17,-7.19,0.26,Grey,9078.34
189,19,person,VISIBLE,129,0,0.3984,289.98,61.41,-3.88,0.14,Grey,4029.95
189,20,car,VISIBLE,129,0,0.422,946.65,152.22,-3.74,-0.86,Grey,24550.03
189,23,chair,OCCLUDED,104,16,0.822,321.44,361.99,-8.87,2.97,Grey,18145.26
189,24,chair,OUT_OF_BOUNDS,110,8,0.911,-27.43,315.63,-18.48,1.66,Grey,18445.89
189,27,chair,OCCLUDED,68,37,0.589,717.59,295.32,-2.07,0.22,Grey,24405.98
189,29,chair,OCCLUDED,6,46,0.489,475.06,273.12,-0.17,0.08,Grey,9648.11
189,30,car,VISIBLE,35,0,0.187,831.09,152.81,-3.62,0.0,Grey,2468.84
189,33,chair,VISIBLE,35,0,0.3205,997.87,232.36,-6.4,0.42,Cyan,2945.42
189,35,person,VISIBLE,34,0,0.4756,1065.0,224.27,-5.96,-0.15,Grey,6192.73
189,37,truck,VISIBLE,20,0,0.2629,1160.02,111.44,-4.32,-0.03,Grey,4466.34
189,39,car,VISIBLE,17,0,0.4237,1220.59,517.09,-1.24,-0.48,Grey,48202.01
189,41,car,OCCLUDED,5,10,0.889,580.18,205.82,-2.49,0.67,Grey,56910.14
189,44,car,VISIBLE,12,0,0.6325,373.2,305.3,-9.34,0.71,Orange,223543.44
189,43,car,VISIBLE,12,0,0.5984,234.94,212.96,-8.98,0.51,Grey,51434.6
189,42,car,VISIBLE,12,0,0.4112,952.27,492.26,-1.19,16.84,Green,296929.66
189,47,car,VISIBLE,10,0,0.3745,1199.57,240.95,-2.51,1.47,Grey,37759.27
190,6,car,VISIBLE,189,0,0.5596,40.45,317.61,-4.45,33.68,Grey,44428.46
190,2,car,LOST,63,126,0.0,639.42,426.94,-0.07,-0.12,Purple,160266.72
190,1,car,LOST,63,126,0.0,1204.79,395.12,0.33,-0.18,Red,61898.72
190,8,truck,LOST,63,126,0.0,535.26,184.41,-0.12,-0.68,Grey,2913.99
190,3,car,VISIBLE,154,0,0.4992,703.51,242.25,-7.22,0.23,Grey,54206.85
190,4,car,LOST,63,126,0.0,1087.94,340.75,0.5,-0.32,Red,36618.2
190,13,car,OUT_OF_BOUNDS,25,164,0.0,-320.84,582.61,-1.99,0.48,Grey,4493.18
190,11,person,LOST,63,126,0.0,687.35,273.19,-0.28,-0.47,Grey,5659.19
190,9,car,LOST,63,126,0.0,286.45,337.32,-0.67,-0.27,Grey,30084.14
190,12,car,OUT_OF_BOUNDS,23,166,0.0,1526.41,975.66,1.53,2.78,Grey,4597.82
190,14,chair,OUT_OF_BOUNDS,73,106,0.0,-140.99,355.32,-4.49,0.54,Red,2151.27
190,10,chair,LOST,63,126,0.0,623.8,313.0,-0.16,-0.27,White,1631.45
190,7,person,OUT_OF_BOUNDS,63,126,0.0,-22.59,190.75,-1.16,-0.66,Grey,3580.65
190,15,car,LOST,60,126,0.0,395.33,253.31,-0.44,-0.55,White,4720.41
190,5,truck,LOST,18,171,0.0,157.74,140.13,-0.25,-0.36,Grey,12921.57
190,16,car,LOST,20,162,0.0,885.65,285.56,0.2,-0.44,Grey,8859.77
190,18,can,VISIBLE,130,0,0.2837,-6.79,600.43,-16.89,14.97,Neutral,3252.93
190,21,car,VISIBLE,130,0,0.4113,973.62,247.97,-8.82,1.2,Grey,109889.35
190,22,car,VISIBLE,112,0,0.4229,73.33,177.17,-7.44,0.07,Grey,9497.46
190,19,person,VISIBLE,130,0,0.268,286.21,61.39,-3.8,0.03,Grey,4186.56
190,20,car,VISIBLE,130,0,0.3834,943.3,152.05,-3.47,-0.38,Grey,24519.23
190,23,chair,OCCLUDED,104,17,0.811,312.57,364.95,-8.87,2.97,Grey,18145.26
190,24,chair,OUT_OF_BOUNDS,110,9,0.9,-45.9,317.28,-18.48,1.66,Grey,18445.89
190,27,chair,OCCLUDED,68,38,0.578,715.52,295.54,-2.07,0.22,Grey,24405.98
190,29,chair,OCCLUDED,6,47,0.478,474.89,273.2,-0.17,0.08,Grey,9648.11
190,30,car,VISIBLE,36,0,0.2155,827.49,153.0,-3.61,0.13,Grey,2489.08
190,33,chair,VISIBLE,36,0,0.2459,991.25,232.58,-6.56,0.29,Cyan,3035.45
190,35,person,VISIBLE,35,0,0.5431,1058.13,224.22,-6.6,-0.08,Grey,6108.54
190,37,truck,VISIBLE,21,0,0.2629,1155.64,111.38,-4.36,-0.05,Grey,4519.0
190,39,car,VISIBLE,18,0,0.4337,1219.23,517.32,-1.32,0.02,Grey,49253.57
190,41,car,OCCLUDED,5,11,0.878,577.7,206.48,-2.49,0.67,Grey,56910.14
190,44,car,VISIBLE,13,0,0.6629,364.83,305.95,-8.66,0.67,Orange,225334.82
190,43,car,VISIBLE,13,0,0.6071,225.94,213.01,-8.99,0.19,Grey,51411.49
190,42,car,VISIBLE,13,0,0.4019,950.98,503.99,-1.26,13.26,Green,282872.43
190,47,car,VISIBLE,11,0,0.4182,1197.32,239.15,-2.33,-0.82,Grey,38217.69
191,6,car,VISIBLE,190,0,0.4938,36.05,339.12,-4.42,25.16,Grey,40915.15
191,2,car,LOST,63,127,0.0,639.35,426.82,-0.07,-0.12,Purple,160266.72
191,1,car,LOST,63,127,0.0,1205.12,394.94,0.33,-0.18,Red,61898.72
191,8,truck,LOST,63,127,0.0,535.15,183.73,-0.12,-0.68,Grey,2913.99
191,3,car,VISIBLE,155,0,0.4727,696.06,241.63,-7.38,-0.36,Grey,53818.28
191,4,car,LOST,63,127,0.0,1088.44,340.43,0.5,-0.32,Red,36618.2
191,13,car,OUT_OF_BOUNDS,25,165,0.0,-322.84,583.08,-1.99,0.48,Grey,4493.18
191,11,person,LOST,63,127,0.0,687.08,272.71,-0.28,-0.47,Grey,5659.19
191,9,car,LOST,63,127,0.0,285.77,337.05,-0.67,-0.27,Grey,30084.14
191,12,car,OUT_OF_BOUNDS,23,167,0.0,1527.94,978.45,1.53,2.78,Grey,4597.82
191,14,chair,OUT_OF_BOUNDS,73,107,0.0,-145.48,355.86,-4.49,0.54,Red,2151.27
191,10,chair,LOST,63,127,0.0,623.64,312.73,-0.16,-0.27,White,1631.45
191,7,person,OUT_OF_BOUNDS,63,127,0.0,-23.75,190.1,-1.16,-0.66,Grey,3580.65
191,15,car,LOST,60,127,0.0,394.89,252.76,-0.44,-0.55,White,4720.41
191,5,truck,LOST,18,172,0.0,157.49,139.77,-0.25,-0.36,Grey,12921.57
191,16,car,LOST,20,163,0.0,885.85,285.12,0.2,-0.44,Grey,8859.77
191,18,can,VISIBLE,131,0,0.2837,-23.92,614.76,-17.06,14.52,Neutral,10077.69
191,21,car,VISIBLE,131,0,0.4859,965.8,249.17,-8.12,1.2,Grey,111755.57
191,22,car,VISIBLE,113,0,0.4753,66.0,177.59,-7.36,0.32,Grey,9969.24
191,19,person,VISIBLE,131,0,0.2796,283.34,61.63,-3.15,0.18,Grey,4330.88
191,20,car,VISIBLE,131,0,0.268,940.94,153.31,-2.69,0.77,Grey,24896.3
191,23,chair,OCCLUDED,104,18,0.8,303.7,367.92,-8.87,2.97,Grey,18145.26
191,24,chair,OUT_OF_BOUNDS,110,10,0.889,-64.38,318.94,-18.48,1.66,Grey,18445.89
191,27,chair,OCCLUDED,68,39,0.567,713.45,295.76,-2.07,0.22,Grey,24405.98
191,29,chair,OCCLUDED,6,48,0.467,474.72,273.29,-0.17,0.08,Grey,9648.11
191,30,car,VISIBLE,37,0,0.1609,823.5,152.95,-3.87,0.0,Grey,2456.39
191,33,chair,VISIBLE,37,0,0.3068,983.89,232.94,-7.12,0.33,Cyan,3116.23
191,35,person,VISIBLE,36,0,0.38,1051.2,224.69,-6.83,0.3,Grey,6263.62
191,37,truck,VISIBLE,22,0,0.2629,1151.28,111.31,-4.36,-0.06,Grey,4571.96
191,39,car,VISIBLE,19,0,0.4427,1217.86,518.25,-1.36,0.66,Grey,50140.6
191,41,car,OCCLUDED,5,12,0.867,575.21,207.15,-2.49,0.67,Grey,56910.14
191,44,car,VISIBLE,14,0,0.6355,355.84,306.63,-8.89,0.68,Orange,227115.22
191,43,car,VISIBLE,14,0,0.609,217.44,213.09,-8.65,0.11,Grey,51555.1
191,42,car,VISIBLE,14,0,0.412,949.66,511.0,-1.3,8.88,Green,274935.79
191,47,car,VISIBLE,12,0,0.4003,1194.8,238.99,-2.46,-0.36,Grey,39295.03
192,6,car,VISIBLE,191,0,0.3249,31.14,343.22,-4.77,10.42,Grey,33915.19
192,2,car,LOST,63,128,0.0,639.28,426.7,-0.07,-0.12,Purple,160266.72
192,1,car,LOST,63,128,0.0,1205.45,394.76,0.33,-0.18,Red,61898.72
192,8,truck,LOST,63,128,0.0,535.03,183.06,-0.12,-0.68,Grey,2913.99
192,3,car,VISIBLE,156,0,0.492,690.15,241.81,-6.35,0.02,Grey,54073.94
192,4,car,LOST,63,128,0.0,1088.94,340.1,0.5,-0.32,Red,36618.2
192,13,car,OUT_OF_BOUNDS,25,166,0.0,-324.83,583.56,-1.99,0.48,Grey,4493.18
192,11,person,LOST,63,128,0.0,686.8,272.24,-0.28,-0.47,Grey,5659.19
192,9,car,LOST,63,128,0.0,285.1,336.78,-0.67,-0.27,Grey,30084.14
192,12,car,OUT_OF_BOUNDS,23,168,0.0,1529.47,981.23,1.53,2.78,Grey,4597.82
192,14,chair,OUT_OF_BOUNDS,73,108,0.0,-149.97,356.4,-4.49,0.54,Red,2151.27
192,10,chair,LOST,63,128,0.0,623.48,312.46,-0.16,-0.27,White,1631.45
192,7,person,OUT_OF_BOUNDS,63,128,0.0,-24.91,189.44,-1.16,-0.66,Grey,3580.65
192,15,car,LOST,60,128,0.0,394.45,252.21,-0.44,-0.55,White,4720.41
192,5,truck,LOST,18,173,0.0,157.23,139.42,-0.25,-0.36,Grey,12921.57
192,16,car,LOST,20,164,0.0,886.05,284.68,0.2,-0.44,Grey,8859.77
192,18,can,VISIBLE,132,0,0.2837,-41.05,629.1,-17.11,14.39,Neutral,14941.32
192,21,car,VISIBLE,132,0,0.3221,956.97,249.62,-8.62,0.67,Grey,114727.03
192,22,car,VISIBLE,114,0,0.5213,59.48,177.56,-6.77,0.07,Grey,10089.94
192,19,person,VISIBLE,132,0,0.2707,281.98,61.8,-1.9,0.17,Grey,4022.86
192,20,car,VISIBLE,132,0,0.2176,939.34,147.32,-1.93,-3.96,Grey,21622.53
192,23,chair,OCCLUDED,104,19,0.789,294.83,370.89,-8.87,2.97,Grey,18145.26
192,24,chair,OUT_OF_BOUNDS,110,11,0.878,-82.85,320.59,-18.48,1.66,Grey,18445.89
192,27,chair,OCCLUDED,68,40,0.556,711.38,295.97,-2.07,0.22,Grey,24405.98
192,29,chair,OCCLUDED,6,49,0.456,474.54,273.37,-0.17,0.08,Grey,9648.11
192,30,car,VISIBLE,38,0,0.2206,819.18,153.19,-4.19,0.16,Grey,2498.19
192,33,chair,VISIBLE,38,0,0.2391,976.24,233.25,-7.49,0.31,Cyan,3081.98
192,35,person,VISIBLE,37,0,0.4566,1044.19,224.68,-6.96,0.09,Grey,6199.68
192,37,truck,VISIBLE,23,0,0.2629,1146.91,111.25,-4.37,-0.06,Grey,4625.22
192,39,car,VISIBLE,20,0,0.4694,1216.46,518.25,-1.38,0.2,Grey,51270.03
192,41,car,OCCLUDED,5,13,0.856,572.73,207.81,-2.49,0.67,Grey,56910.14
192,44,car,VISIBLE,15,0,0.6563,346.66,307.33,-9.09,0.69,Orange,229375.49
192,43,car,VISIBLE,15,0,0.649,208.23,213.52,-9.04,0.33,Grey,51970.86
192,42,car,VISIBLE,15,0,0.2542,948.37,483.14,-1.29,-16.83,Green,313042.31
192,47,car,VISIBLE,13,0,0.3483,1192.26,239.0,-2.52,-0.1,Grey,40413.17
193,6,car,VISIBLE,192,0,0.3249,26.65,359.82,-4.57,14.75,Grey,30074.13
193,2,car,LOST,63,129,0.0,639.21,426.57,-0.07,-0.12,Purple,160266.72
193,1,car,LOST,63,129,0.0,1205.78,394.57,0.33,-0.18,Red,61898.72
193,8,truck,LOST,63,129,0.0,534.91,182.38,-0.12,-0.68,Grey,2913.99
193,3,car,VISIBLE,157,0,0.4939,683.81,242.62,-6.35,0.58,Grey,54460.23
193,4,car,LOST,63,129,0.0,1089.43,339.78,0.5,-0.32,Red,36618.2
193,13,car,OUT_OF_BOUNDS,25,167,0.0,-326.82,584.03,-1.99,0.48,Grey,4493.18
193,11,person,LOST,63,129,0.0,686.52,271.77,-0.28,-0.47,Grey,5659.19
193,9,car,LOST,63,129,0.0,284.43,336.51,-0.67,-0.27,Grey,30084.14
193,12,car,OUT_OF_BOUNDS,23,169,0.0,1530.99,984.01,1.53,2.78,Grey,4597.82
193,14,chair,OUT_OF_BOUNDS,73,109,0.0,-154.46,356.94,-4.49,0.54,Red,2151.27
193,10,chair,LOST,63,129,0.0,623.32,312.19,-0.16,-0.27,White,1631.45
193,7,person,OUT_OF_BOUNDS,63,129,0.0,-26.08,188.78,-1.16,-0.66,Grey,3580.65
193,15,car,LOST,60,129,0.0,394.01,251.66,-0.44,-0.55,White,4720.41
193,5,truck,LOST,18,174,0.0,156.98,139.06,-0.25,-0.36,Grey,12921.57
193,16,car,LOST,20,165,0.0,886.24,284.25,0.2,-0.44,Grey,8859.77
193,18,can,VISIBLE,133,0,0.2837,-58.17,643.41,-17.12,14.34,Neutral,17843.84
193,21,car,VISIBLE,133,0,0.3017,948.88,251.65,-8.25,1.62,Grey,116952.26
193,22,car,VISIBLE,115,0,0.3753,54.68,177.84,-5.39,0.22,Grey,10032.1
193,19,person,VISIBLE,133,0,0.2599,278.42,62.31,-3.06,0.41,Grey,3926.36
193,20,car,VISIBLE,133,0,0.1811,937.07,142.56,-2.17,-4.52,Grey,18986.06
193,23,chair,OCCLUDED,104,20,0.778,285.96,373.85,-8.87,2.97,Grey,18145.26
193,24,chair,OUT_OF_BOUNDS,110,12,0.867,-101.33,322.25,-18.48,1.66,Grey,18445.89
193,27,chair,OCCLUDED,68,41,0.544,709.31,296.19,-2.07,0.22,Grey,24405.98
193,29,chair,OCCLUDED,6,50,0.444,474.37,273.45,-0.17,0.08,Grey,9648.11
193,30,car,VISIBLE,39,0,0.2115,815.01,153.64,-4.17,0.37,Grey,2529.94
193,33,chair,VISIBLE,39,0,0.2953,968.75,233.68,-7.49,0.4,Cyan,3120.05
193,35,person,VISIBLE,38,0,0.3941,1036.76,225.18,-7.29,0.37,Grey,6302.0
193,37,truck,VISIBLE,24,0,0.1621,1142.35,111.47,-4.5,0.14,Grey,4545.42
193,39,car,VISIBLE,21,0,0.4378,1215.12,516.85,-1.35,-0.92,Grey,52705.63
193,41,car,OCCLUDED,5,14,0.844,570.24,208.48,-2.49,0.67,Grey,56910.14
193,44,car,VISIBLE,16,0,0.6561,337.65,308.06,-9.04,0.72,Orange,231117.09
193,43,car,VISIBLE,16,0,0.534,198.7,213.94,-9.38,0.4,Grey,52292.88
193,42,car,VISIBLE,16,0,0.2468,946.88,494.12,-1.43,2.63,Green,300173.37
193,47,car,VISIBLE,14,0,0.3377,1189.87,238.63,-2.42,-0.29,Grey,41347.2
194,6,car,VISIBLE,193,0,0.3249,22.16,376.43,-4.51,16.05,Grey,25878.66
194,2,car,LOST,63,130,0.0,639.14,426.45,-0.07,-0.12,Purple,160266.72
194,1,car,LOST,63,130,0.0,1206.11,394.39,0.33,-0.18,Red,61898.72
194,8,truck,LOST,63,130,0.0,534.8,181.71,-0.12,-0.68,Grey,2913.99
194,3,car,VISIBLE,158,0,0.4965,678.67,242.65,-5.5,0.19,Grey,54729.73
194,4,car,LOST,63,130,0.0,1089.93,339.46,0.5,-0.32,Red,36618.2
194,13,car,OUT_OF_BOUNDS,25,168,0.0,-328.81,584.51,-1.99,0.48,Grey,4493.18
194,11,person,LOST,63,130,0.0,686.24,271.29,-0.28,-0.47,Grey,5659.19
194,9,car,LOST,63,130,0.0,283.76,336.23,-0.67,-0.27,Grey,30084.14
194,12,car,OUT_OF_BOUNDS,23,170,0.0,1532.52,986.8,1.53,2.78,Grey,4597.82
194,14,chair,OUT_OF_BOUNDS,73,110,0.0,-158.95,357.48,-4.49,0.54,Red,2151.27
194,10,chair,LOST,63,130,0.0,623.16,311.92,-0.16,-0.27,White,1631.45
194,7,person,OUT_OF_BOUNDS,63,130,0.0,-27.24,188.12,-1.16,-0.66,Grey,3580.65
194,15,car,LOST,60,130,0.0,393.57,251.11,-0.44,-0.55,White,4720.41
194,5,truck,LOST,18,175,0.0,156.73,138.7,-0.25,-0.36,Grey,12921.57
194,16,car,LOST,20,166,0.0,886.44,283.81,0.2,-0.44,Grey,8859.77
194,18,can,OUT_OF_BOUNDS,133,1,0.989,-75.3,657.76,-17.12,14.34,Neutral,17843.84
194,21,car,VISIBLE,134,0,0.3975,941.07,253.14,-7.94,1.53,Grey,118201.14
194,22,car,VISIBLE,116,0,0.3438,51.84,177.97,-3.6,0.16,Grey,9869.45
194,19,person,VISIBLE,134,0,0.374,274.05,62.68,-3.98,0.38,Grey,4068.31
194,20,car,VISIBLE,134,0,0.1746,934.37,140.05,-2.54,-3.12,Grey,17586.88
194,23,chair,OCCLUDED,104,21,0.767,277.09,376.82,-8.87,2.97,Grey,18145.26
194,24,chair,OUT_OF_BOUNDS,110,13,0.856,-119.8,323.91,-18.48,1.66,Grey,18445.89
194,27,chair,OCCLUDED,68,42,0.533,707.23,296.4,-2.07,0.22,Grey,24405.98
194,29,chair,OCCLUDED,6,51,0.433,474.2,273.54,-0.17,0.08,Grey,9648.11
194,30,car,VISIBLE,40,0,0.2397,811.19,153.91,-3.92,0.3,Grey,2535.33
194,33,chair,VISIBLE,40,0,0.3248,962.36,234.25,-6.73,0.52,Cyan,3228.1
194,35,person,VISIBLE,39,0,0.4271,1029.81,225.66,-7.05,0.45,Grey,6327.09
194,37,truck,VISIBLE,25,0,0.1649,1137.51,111.86,-4.74,0.31,Grey,4543.98
194,39,car,VISIBLE,22,0,0.4188,1213.51,516.0,-1.53,-0.87,Grey,54231.53
194,41,car,OCCLUDED,5,15,0.833,567.75,209.14,-2.49,0.67,Grey,56910.14
194,44,car,VISIBLE,17,0,0.6712,328.7,308.91,-8.97,0.81,Orange,232823.36
194,43,car,VISIBLE,17,0,0.6042,189.6,214.1,-9.18,0.23,Grey,52653.44
194,42,car,VISIBLE,17,0,0.4345,945.11,501.25,-1.67,5.78,Green,292607.45
194,47,car,VISIBLE,15,0,0.3489,1187.33,239.24,-2.51,0.34,Grey,42674.28
194,48,person,VISIBLE,1,0,0.1867,18.46,189.93,0.0,0.0,Grey,5555.28
195,6,car,VISIBLE,194,0,0.3249,17.67,393.04,-4.5,16.44,Grey,21328.79
195,2,car,LOST,63,131,0.0,639.07,426.33,-0.07,-0.12,Purple,160266.72
195,1,car,LOST,63,131,0.0,1206.44,394.21,0.33,-0.18,Red,61898.72
195,8,truck,LOST,63,131,0.0,534.68,181.03,-0.12,-0.68,Grey,2913.99
195,3,car,VISIBLE,159,0,0.5211,673.44,241.75,-5.31,-0.58,Grey,54628.09
195,4,car,LOST,63,131,0.0,1090.43,339.13,0.5,-0.32,Red,36618.2
195,13,car,OUT_OF_BOUNDS,25,169,0.0,-330.8,584.99,-1.99,0.48,Grey,4493.18
195,11,person,LOST,63,131,0.0,685.97,270.82,-0.28,-0.47,Grey,5659.19
195,9,car,LOST,63,131,0.0,283.08,335.96,-0.67,-0.27,Grey,30084.14
195,12,car,OUT_OF_BOUNDS,23,171,0.0,1534.05,989.58,1.53,2.78,Grey,4597.82
195,14,chair,OUT_OF_BOUNDS,73,111,0.0,-163.44,358.02,-4.49,0.54,Red,2151.27
195,10,chair,LOST,63,131,0.0,623.0,311.65,-0.16,-0.27,White,1631.45
195,7,person,OUT_OF_BOUNDS,63,131,0.0,-28.4,187.46,-1.16,-0.66,Grey,3580.65
195,15,car,LOST,60,131,0.0,393.12,250.56,-0.44,-0.55,White,4720.41
195,5,truck,LOST,18,176,0.0,156.47,138.35,-0.25,-0.36,Grey,12921.57
195,16,car,LOST,20,167,0.0,886.64,283.37,0.2,-0.44,Grey,8859.77
195,18,can,OUT_OF_BOUNDS,133,2,0.978,-92.42,672.1,-17.12,14.34,Neutral,17843.84
195,21,car,VISIBLE,135,0,0.433,932.55,254.47,-8.34,1.39,Grey,120910.88
195,22,car,VISIBLE,117,0,0.3447,49.36,178.38,-2.82,0.34,Grey,9497.19
195,19,person,VISIBLE,135,0,0.3458,270.33,62.95,-3.79,0.3,Grey,4249.41
195,20,car,VISIBLE,135,0,0.1667,930.86,139.21,-3.22,-1.52,Grey,16922.59
195,23,chair,OCCLUDED,104,22,0.756,268.22,379.78,-8.87,2.97,Grey,18145.26
195,24,chair,OUT_OF_BOUNDS,110,14,0.844,-138.28,325.56,-18.48,1.66,Grey,18445.89
195,27,chair,OCCLUDED,68,43,0.522,705.16,296.62,-2.07,0.22,Grey,24405.98
195,29,chair,OCCLUDED,6,52,0.422,474.03,273.62,-0.17,0.08,Grey,9648.11
195,30,car,VISIBLE,41,0,0.1971,807.27,154.25,-3.92,0.33,Grey,2527.72
195,33,chair,VISIBLE,41,0,0.2965,954.28,234.87,-7.67,0.59,Cyan,3318.52
195,35,person,VISIBLE,40,0,0.3769,1022.14,226.73,-7.48,0.89,Grey,6543.81
195,37,truck,VISIBLE,26,0,0.1649,1132.97,111.97,-4.6,0.17,Grey,4556.69
195,39,car,VISIBLE,23,0,0.3955,1211.49,513.49,-1.88,-2.02,Grey,56543.03
195,41,car,OCCLUDED,5,16,0.822,565.27,209.81,-2.49,0.67,Grey,56910.14
195,44,car,VISIBLE,18,0,0.6607,320.26,309.91,-8.6,0.94,Orange,234614.86
195,43,car,VISIBLE,18,0,0.5665,180.52,214.7,-9.11,0.49,Grey,53390.9
195,42,car,VISIBLE,18,0,0.4309,943.23,506.07,-1.81,5.11,Green,287936.93
195,47,car,VISIBLE,16,0,0.3813,1185.18,238.86,-2.25,-0.16,Grey,43480.14
195,48,person,VISIBLE,2,0,0.1847,15.19,193.31,-3.27,3.38,Grey,4282.97
196,6,car,VISIBLE,195,0,0.3249,13.19,409.63,-4.49,16.55,Grey,16424.51
196,2,car,LOST,63,132,0.0,639.0,426.2,-0.07,-0.12,Purple,160266.72
196,1,car,LOST,63,132,0.0,1206.77,394.03,0.33,-0.18,Red,61898.72
196,8,truck,LOST,63,132,0.0,534.57,180.35,-0.12,-0.68,Grey,2913.99
196,3,car,VISIBLE,160,0,0.4996,669.02,241.87,-4.68,-0.09,Grey,55181.23
196,4,car,LOST,63,132,0.0,1090.93,338.81,0.5,-0.32,Red,36618.2
196,13,car,OUT_OF_BOUNDS,25,170,0.0,-332.79,585.46,-1.99,0.48,Grey,4493.18
196,11,person,LOST,63,132,0.0,685.69,270.34,-0.28,-0.47,Grey,5659.19
196,9,car,LOST,63,132,0.0,282.41,335.69,-0.67,-0.27,Grey,30084.14
196,12,car,OUT_OF_BOUNDS,23,172,0.0,1535.58,992.36,1.53,2.78,Grey,4597.82
196,14,chair,OUT_OF_BOUNDS,73,112,0.0,-167.93,358.56,-4.49,0.54,Red,2151.27
196,10,chair,LOST,63,132,0.0,622.84,311.39,-0.16,-0.27,White,1631.45
196,7,person,OUT_OF_BOUNDS,63,132,0.0,-29.57,186.8,-1.16,-0.66,Grey,3580.65
196,15,car,LOST,60,132,0.0,392.68,250.01,-0.44,-0.55,White,4720.41
196,5,truck,LOST,18,177,0.0,156.22,137.99,-0.25,-0.36,Grey,12921.57
196,16,car,LOST,20,168,0.0,886.84,282.93,0.2,-0.44,Grey,8859.77
196,18,can,OUT_OF_BOUNDS,133,3,0.967,-109.54,686.44,-17.12,14.34,Neutral,17843.84
196,21,car,VISIBLE,136,0,0.3966,924.37,256.1,-8.23,1.56,Grey,124213.17
196,22,car,VISIBLE,118,0,0.4066,46.82,179.0,-2.63,0.53,Grey,8953.91
196,19,person,VISIBLE,136,0,0.2177,267.48,63.33,-3.14,0.36,Grey,4421.55
196,20,car,VISIBLE,136,0,0.1712,927.23,138.44,-3.51,-0.99,Grey,16403.26
196,23,chair,OCCLUDED,104,23,0.744,259.35,382.75,-8.87,2.97,Grey,18145.26
196,24,chair,OUT_OF_BOUNDS,110,15,0.833,-156.76,327.22,-18.48,1.66,Grey,18445.89
196,27,chair,OCCLUDED,68,44,0.511,703.09,296.83,-2.07,0.22,Grey,24405.98
196,29,chair,OCCLUDED,6,53,0.411,473.85,273.71,-0.17,0.08,Grey,9648.11
196,30,car,VISIBLE,42,0,0.2098,803.28,154.34,-3.97,0.16,Grey,2535.33
196,33,chair,VISIBLE,42,0,0.3329,946.84,235.59,-7.52,0.69,Cyan,3432.7
196,35,person,VISIBLE,41,0,0.3928,1023.85,227.82,-1.05,1.03,Grey,8243.29
196,37,truck,VISIBLE,27,0,0.1649,1128.43,112.08,-4.55,0.13,Grey,4569.42
196,39,car,VISIBLE,24,0,0.4674,1209.76,514.51,-1.77,0.11,Grey,57666.16
196,41,car,OCCLUDED,5,17,0.811,562.78,210.48,-2.49,0.67,Grey,56910.14
196,44,car,VISIBLE,19,0,0.692,312.85,311.1,-7.77,1.11,Orange,235543.32
196,43,car,VISIBLE,19,0,0.611,171.43,215.59,-9.1,0.77,Grey,53942.76
196,42,car,VISIBLE,19,0,0.4068,941.73,507.79,-1.6,2.74,Green,287023.6
196,47,car,VISIBLE,17,0,0.3529,1182.89,238.16,-2.28,-0.54,Grey,44265.33
196,48,person,VISIBLE,3,0,0.1847,14.02,195.38,-1.8,2.47,Grey,3793.67
197,6,car,VISIBLE,196,0,0.3249,8.7,426.24,-4.49,16.59,Grey,11165.82
197,2,car,LOST,63,133,0.0,638.93,426.08,-0.07,-0.12,Purple,160266.72
197,1,car,LOST,63,133,0.0,1207.11,393.85,0.33,-0.18,Red,61898.72
197,8,truck,LOST,63,133,0.0,534.45,179.68,-0.12,-0.68,Grey,2913.99
197,3,car,VISIBLE,161,0,0.4815,664.28,243.34,-4.73,1.01,Grey,56178.43
197,4,car,LOST,63,133,0.0,1091.42,338.49,0.5,-0.32,Red,36618.2
197,13,car,OUT_OF_BOUNDS,25,171,0.0,-334.78,585.94,-1.99,0.48,Grey,4493.18
197,11,person,LOST,63,133,0.0,685.41,269.87,-0.28,-0.47,Grey,5659.19
197,9,car,LOST,63,133,0.0,281.74,335.42,-0.67,-0.27,Grey,30084.14
197,12,car,OUT_OF_BOUNDS,23,173,0.0,1537.11,995.15,1.53,2.78,Grey,4597.82
197,14,chair,OUT_OF_BOUNDS,73,113,0.0,-172.42,359.1,-4.49,0.54,Red,2151.27
197,10,chair,LOST,63,133,0.0,622.68,311.12,-0.16,-0.27,White,1631.45
197,7,person,OUT_OF_BOUNDS,63,133,0.0,-30.73,186.14,-1.16,-0.66,Grey,3580.65
197,15,car,LOST,60,133,0.0,392.24,249.46,-0.44,-0.55,White,4720.41
197,5,truck,LOST,18,178,0.0,155.97,137.63,-0.25,-0.36,Grey,12921.57
197,16,car,LOST,20,169,0.0,887.04,282.49,0.2,-0.44,Grey,8859.77
197,18,can,OUT_OF_BOUNDS,133,4,0.956,-126.66,700.78,-17.12,14.34,Neutral,17843.84
197,21,car,VISIBLE,137,0,0.3975,916.68,258.54,-7.85,2.18,Grey,127319.36
197,22,car,VISIBLE,119,0,0.3026,44.5,180.72,-2.4,1.36,Grey,8597.71
197,19,person,VISIBLE,137,0,0.2265,264.68,64.08,-2.9,0.63,Grey,4491.63
197,20,car,VISIBLE,137,0,0.1684,923.45,138.45,-3.69,-0.29,Grey,16255.29
197,23,chair,OCCLUDED,104,24,0.733,250.49,385.72,-8.87,2.97,Grey,18145.26
197,24,chair,OUT_OF_BOUNDS,110,16,0.822,-175.23,328.87,-18.48,1.66,Grey,18445.89
197,27,chair,OCCLUDED,68,45,0.5,701.02,297.05,-2.07,0.22,Grey,24405.98
197,29,chair,OCCLUDED,6,54,0.4,473.68,273.79,-0.17,0.08,Grey,9648.11
197,30,car,VISIBLE,43,0,0.2502,799.38,154.62,-3.93,0.24,Grey,2483.82
197,33,chair,VISIBLE,43,0,0.3377,939.17,236.45,-7.62,0.81,Cyan,3529.43
197,35,person,VISIBLE,42,0,0.342,1013.96,229.0,-7.23,1.13,Grey,7898.25
197,37,truck,VISIBLE,28,0,0.1649,1123.9,112.19,-4.54,0.12,Grey,4582.16
197,39,car,VISIBLE,25,0,0.4604,1208.37,516.28,-1.51,1.27,Grey,58293.15
197,41,car,OCCLUDED,5,18,0.8,560.29,211.14,-2.49,0.67,Grey,56910.14
197,44,car,VISIBLE,20,0,0.6704,307.5,312.19,-6.08,1.1,Orange,235141.25
197,43,car,VISIBLE,20,0,0.5149,163.57,215.97,-8.22,0.5,Grey,53702.26
197,42,car,VISIBLE,20,0,0.3586,940.28,510.81,-1.49,2.93,Green,284150.76
197,47,car,VISIBLE,18,0,0.3374,1180.97,236.99,-2.03,-0.98,Grey,44575.36
197,48,person,VISIBLE,4,0,0.1847,12.85,197.46,-1.36,2.2,Grey,3330.86
198,6,car,OCCLUDED,196,1,0.989,4.21,442.83,-4.49,16.59,Grey,11165.82
198,2,car,LOST,63,134,0.0,638.86,425.96,-0.07,-0.12,Purple,160266.72
198,1,car,LOST,63,134,0.0,1207.44,393.66,0.33,-0.18,Red,61898.72
198,8,truck,LOST,63,134,0.0,534.33,179.0,-0.12,-0.68,Grey,2913.99
198,3,car,VISIBLE,162,0,0.4962,659.6,244.61,-4.7,1.19,Grey,56903.46
198,4,car,LOST,63,134,0.0,1091.92,338.16,0.5,-0.32,Red,36618.2
198,13,car,OUT_OF_BOUNDS,25,172,0.0,-336.77,586.41,-1.99,0.48,Grey,4493.18
198,11,person,LOST,63,134,0.0,685.13,269.39,-0.28,-0.47,Grey,5659.19
198,9,car,LOST,63,134,0.0,281.07,335.15,-0.67,-0.27,Grey,30084.14
198,12,car,OUT_OF_BOUNDS,23,174,0.0,1538.64,997.93,1.53,2.78,Grey,4597.82
198,14,chair,OUT_OF_BOUNDS,73,114,0.0,-176.91,359.64,-4.49,0.54,Red,2151.27
198,10,chair,LOST,63,134,0.0,622.52,310.85,-0.16,-0.27,White,1631.45
198,7,person,OUT_OF_BOUNDS,63,134,0.0,-31.89,185.48,-1.16,-0.66,Grey,3580.65
198,15,car,LOST,60,134,0.0,391.8,248.91,-0.44,-0.55,White,4720.41
198,5,truck,LOST,18,179,0.0,155.71,137.28,-0.25,-0.36,Grey,12921.57
198,16,car,LOST,20,170,0.0,887.24,282.05,0.2,-0.44,Grey,8859.77
198,18,can,OUT_OF_BOUNDS,133,5,0.944,-143.78,715.12,-17.12,14.34,Neutral,17843.84
198,21,car,VISIBLE,138,0,0.1757,906.56,263.24,-9.44,3.94,Grey,130898.83
198,22,car,VISIBLE,120,0,0.2451,42.15,201.57,-2.37,15.01,Grey,11786.46
198,19,person,VISIBLE,138,0,0.2081,261.36,64.82,-3.19,0.71,Grey,4567.37
198,20,car,VISIBLE,138,0,0.1672,919.77,138.11,-3.68,-0.33,Grey,15981.35
198,23,chair,OCCLUDED,104,25,0.722,241.62,388.68,-8.87,2.97,Grey,18145.26
198,24,chair,OUT_OF_BOUNDS,110,17,0.811,-193.71,330.53,-18.48,1.66,Grey,18445.89
198,27,chair,OCCLUDED,68,46,0.489,698.95,297.26,-2.07,0.22,Grey,24405.98
198,29,chair,OCCLUDED,6,55,0.389,473.51,273.88,-0.17,0.08,Grey,9648.11
198,30,car,VISIBLE,44,0,0.2529,795.69,154.91,-3.76,0.28,Grey,2437.62
198,33,chair,VISIBLE,44,0,0.3961,932.61,237.17,-6.88,0.75,Cyan,3496.61
198,35,person,VISIBLE,43,0,0.4417,1004.49,229.94,-8.81,1.0,Grey,7657.3
198,37,truck,VISIBLE,29,0,0.1649,1119.37,112.29,-4.53,0.11,Grey,4594.92
198,39,car,VISIBLE,26,0,0.4383,1207.2,513.76,-1.27,-1.39,Grey,60011.64
198,41,car,OCCLUDED,5,19,0.789,557.81,211.81,-2.49,0.67,Grey,56910.14
198,44,car,VISIBLE,21,0,0.6723,303.34,313.34,-4.74,1.13,Orange,233630.33
198,43,car,VISIBLE,21,0,0.312,157.64,226.37,-6.62,7.42,Grey,59348.08
198,42,car,VISIBLE,21,0,0.3544,938.68,482.0,-1.56,-19.28,Green,324745.29
198,47,car,VISIBLE,19,0,0.2946,1178.72,237.17,-2.18,-0.17,Grey,45546.9
198,48,person,VISIBLE,5,0,0.1847,11.67,199.55,-1.23,2.12,Grey,2894.56
199,6,car,OCCLUDED,196,2,0.978,-0.28,459.42,-4.49,16.59,Grey,11165.82
199,2,car,LOST,63,135,0.0,638.79,425.83,-0.07,-0.12,Purple,160266.72
199,1,car,LOST,63,135,0.0,1207.77,393.48,0.33,-0.18,Red,61898.72
199,8,truck,LOST,63,135,0.0,534.22,178.33,-0.12,-0.68,Grey,2913.99
199,3,car,VISIBLE,163,0,0.4864,655.36,244.5,-4.38,0.28,Grey,56769.74
199,4,car,LOST,63,135,0.0,1092.42,337.84,0.5,-0.32,Red,36618.2
199,13,car,OUT_OF_BOUNDS,25,173,0.0,-338.76,586.89,-1.99,0.48,Grey,4493.18
199,11,person,LOST,63,135,0.0,684.86,268.92,-0.28,-0.47,Grey,5659.19
199,9,car,LOST,63,135,0.0,280.39,334.87,-0.67,-0.27,Grey,30084.14
199,12,car,OUT_OF_BOUNDS,23,175,0.0,1540.17,1000.71,1.53,2.78,Grey,4597.82
199,14,chair,OUT_OF_BOUNDS,73,115,0.0,-181.4,360.18,-4.49,0.54,Red,2151.27
199,10,chair,LOST,63,135,0.0,622.35,310.58,-0.16,-0.27,White,1631.45
199,7,person,OUT_OF_BOUNDS,63,135,0.0,-33.06,184.82,-1.16,-0.66,Grey,3580.65
199,15,car,LOST,60,135,0.0,391.36,248.36,-0.44,-0.55,White,4720.41
199,5,truck,LOST,18,180,0.0,155.46,136.92,-0.25,-0.36,Grey,12921.57
199,16,car,LOST,20,171,0.0,887.44,281.62,0.2,-0.44,Grey,8859.77
199,18,can,OUT_OF_BOUNDS,133,6,0.933,-160.9,729.46,-17.12,14.34,Neutral,17843.84
199,21,car,VISIBLE,139,0,0.4261,899.41,272.95,-7.83,7.99,Grey,140653.46
199,22,car,VISIBLE,121,0,0.2141,39.77,220.51,-2.38,17.76,Grey,14081.31
199,19,person,VISIBLE,139,0,0.2915,258.19,65.37,-3.17,0.6,Grey,4562.01
199,20,car,VISIBLE,139,0,0.1678,916.26,137.18,-3.56,-0.75,Grey,15452.4
199,23,chair,OCCLUDED,104,26,0.711,232.75,391.65,-8.87,2.97,Grey,18145.26
199,24,chair,OUT_OF_BOUNDS,110,18,0.8,-212.18,332.18,-18.48,1.66,Grey,18445.89
199,27,chair,OCCLUDED,68,47,0.478,696.88,297.48,-2.07,0.22,Grey,24405.98
199,29,chair,OCCLUDED,6,56,0.378,473.34,273.96,-0.17,0.08,Grey,9648.11
199,30,car,VISIBLE,45,0,0.22,792.29,155.04,-3.51,0.17,Grey,2373.95
199,33,chair,VISIBLE,45,0,0.371,926.27,238.0,-6.5,0.8,Cyan,3493.97
199,35,person,VISIBLE,44,0,0.4771,995.93,230.37,-8.63,0.6,Grey,7249.06
199,37,truck,VISIBLE,30,0,0.1764,1115.44,112.42,-4.11,0.12,Grey,4715.44
199,39,car,VISIBLE,27,0,0.4878,1206.05,515.83,-1.18,1.03,Grey,60343.72
199,41,car,OCCLUDED,5,20,0.778,555.32,212.47,-2.49,0.67,Grey,56910.14
199,44,car,VISIBLE,22,0,0.6454,300.08,314.76,-3.7,1.34,Orange,232026.49
199,43,car,VISIBLE,22,0,0.2779,153.16,241.84,-5.12,13.06,Grey,67865.86
199,42,car,VISIBLE,22,0,0.3432,937.12,492.45,-1.56,1.53,Green,311535.96
199,47,car,VISIBLE,20,0,0.3094,1176.96,238.28,-1.89,0.73,Grey,46554.84
199,48,person,OCCLUDED,5,1,0.989,10.44,201.66,-1.23,2.12,Grey,2894.56
200,6,car,OCCLUDED,196,3,0.967,-4.77,476.01,-4.49,16.59,Grey,11165.82
200,2,car,LOST,63,136,0.0,638.72,425.71,-0.07,-0.12,Purple,160266.72
200,1,car,LOST,63,136,0.0,1208.1,393.3,0.33,-0.18,Red,61898.72
200,8,truck,LOST,63,136,0.0,534.1,177.65,-0.12,-0.68,Grey,2913.99
200,3,car,VISIBLE,164,0,0.48,650.83,244.79,-4.48,0.29,Grey,56596.89
200,4,car,LOST,63,136,0.0,1092.92,337.52,0.5,-0.32,Red,36618.2
200,13,car,OUT_OF_BOUNDS,25,174,0.0,-340.75,587.36,-1.99,0.48,Grey,4493.18
200,11,person,LOST,63,136,0.0,684.58,268.44,-0.28,-0.47,Grey,5659.19
200,9,car,LOST,63,136,0.0,279.72,334.6,-0.67,-0.27,Grey,30084.14
200,12,car,OUT_OF_BOUNDS,23,176,0.0,1541.7,1003.5,1.53,2.78,Grey,4597.82
200,14,chair,OUT_OF_BOUNDS,73,116,0.0,-185.89,360.72,-4.49,0.54,Red,2151.27
200,10,chair,LOST,63,136,0.0,622.19,310.31,-0.16,-0.27,White,1631.45
200,7,person,OUT_OF_BOUNDS,63,136,0.0,-34.22,184.16,-1.16,-0.66,Grey,3580.65
200,15,car,LOST,60,136,0.0,390.92,247.81,-0.44,-0.55,White,4720.41
200,5,truck,LOST,18,181,0.0,155.21,136.56,-0.25,-0.36,Grey,12921.57
200,16,car,LOST,20,172,0.0,887.64,281.18,0.2,-0.44,Grey,8859.77
200,18,can,OUT_OF_BOUNDS,133,7,0.922,-178.02,743.8,-17.12,14.34,Neutral,17843.84
200,21,car,VISIBLE,140,0,0.5154,892.6,283.88,-7.12,10.04,Grey,152487.23
200,22,car,VISIBLE,122,0,0.2164,37.1,229.89,-2.58,11.89,Grey,14288.18
200,19,person,VISIBLE,140,0,0.3446,255.54,65.59,-2.81,0.33,Grey,4478.84
200,20,car,VISIBLE,140,0,0.1951,913.1,136.16,-3.28,-0.94,Grey,14798.77
200,23,chair,OCCLUDED,104,27,0.7,223.88,394.61,-8.87,2.97,Grey,18145.26
200,24,chair,OUT_OF_BOUNDS,110,19,0.789,-230.66,333.84,-18.48,1.66,Grey,18445.89
200,27,chair,OCCLUDED,68,48,0.467,694.81,297.69,-2.07,0.22,Grey,24405.98
200,29,chair,OCCLUDED,6,57,0.367,473.16,274.05,-0.17,0.08,Grey,9648.11
200,30,car,VISIBLE,46,0,0.236,788.42,155.04,-3.76,0.05,Grey,2304.81
200,33,chair,VISIBLE,46,0,0.3537,919.67,239.06,-6.57,0.98,Cyan,3503.17
200,35,person,VISIBLE,45,0,0.4272,987.83,231.01,-8.26,0.63,Grey,7229.68
200,37,truck,VISIBLE,31,0,0.2295,1116.08,112.48,-0.79,0.08,Grey,5394.08
200,39,car,VISIBLE,28,0,0.5242,1204.93,518.15,-1.14,1.94,Grey,60573.88
200,41,car,OCCLUDED,5,21,0.767,552.83,213.14,-2.49,0.67,Grey,56910.14
200,44,car,VISIBLE,23,0,0.6802,297.13,315.98,-3.18,1.25,Orange,229852.57
200,43,car,VISIBLE,23,0,0.3181,149.82,249.64,-3.87,9.38,Grey,70939.3
200,42,car,VISIBLE,23,0,0.4654,935.75,499.5,-1.43,5.39,Green,302459.46
200,47,car,VISIBLE,21,0,0.2507,1167.44,239.6,-7.23,1.14,Grey,51380.25
200,48,person,OCCLUDED,5,2,0.978,9.21,203.78,-1.23,2.12,Grey,2894.56
200,49,person,VISIBLE,1,0,0.2039,1241.14,183.87,0.0,0.0,Grey,2332.05
201,6,car,OCCLUDED,196,4,0.956,-9.26,492.6,-4.49,16.59,Grey,11165.82
201,2,car,LOST,63,137,0.0,638.65,425.58,-0.07,-0.12,Purple,160266.72
201,1,car,LOST,63,137,0.0,1208.43,393.12,0.33,-0.18,Red,61898.72
201,8,truck,LOST,63,137,0.0,533.99,176.98,-0.12,-0.68,Grey,2913.99
201,3,car,VISIBLE,165,0,0.5066,646.29,245.83,-4.52,0.81,Grey,56838.4
201,4,car,LOST,63,137,0.0,1093.41,337.19,0.5,-0.32,Red,36618.2
201,13,car,OUT_OF_BOUNDS,25,175,0.0,-342.74,587.84,-1.99,0.48,Grey,4493.18
201,11,person,LOST,63,137,0.0,684.3,267.97,-0.28,-0.47,Grey,5659.19
201,9,car,LOST,63,137,0.0,279.05,334.33,-0.67,-0.27,Grey,30084.14
201,12,car,OUT_OF_BOUNDS,23,177,0.0,1543.23,1006.28,1.53,2.78,Grey,4597.82
201,14,chair,OUT_OF_BOUNDS,73,117,0.0,-190.38,361.26,-4.49,0.54,Red,2151.27
201,10,chair,LOST,63,137,0.0,622.03,310.04,-0.16,-0.27,White,1631.45
201,7,person,OUT_OF_BOUNDS,63,137,0.0,-35.39,183.5,-1.16,-0.66,Grey,3580.65
201,15,car,LOST,60,137,0.0,390.48,247.26,-0.44,-0.55,White,4720.41
201,5,truck,LOST,18,182,0.0,154.95,136.21,-0.25,-0.36,Grey,12921.57
201,16,car,LOST,20,173,0.0,887.84,280.74,0.2,-0.44,Grey,8859.77
201,18,can,OUT_OF_BOUNDS,133,8,0.911,-195.14,758.14,-17.12,14.34,Neutral,17843.84
201,21,car,VISIBLE,141,0,0.433,885.4,295.48,-7.17,11.13,Grey,165992.61
201,22,car,VISIBLE,123,0,0.2195,34.11,233.39,-2.87,6.02,Grey,13378.04
201,19,person,VISIBLE,141,0,0.351,253.23,66.12,-2.46,0.47,Grey,4528.51
201,20,car,VISIBLE,141,0,0.181,910.5,135.34,-2.8,-0.85,Grey,14203.88
201,23,chair,OCCLUDED,104,28,0.689,215.01,397.58,-8.87,2.97,Grey,18145.26
201,24,chair,OUT_OF_BOUNDS,110,20,0.778,-249.13,335.5,-18.48,1.66,Grey,18445.89
201,27,chair,OCCLUDED,68,49,0.456,692.74,297.91,-2.07,0.22,Grey,24405.98
201,29,chair,OCCLUDED,6,58,0.356,472.99,274.13,-0.17,0.08,Grey,9648.11
201,30,car,VISIBLE,47,0,0.2362,784.87,155.54,-3.62,0.36,Grey,2286.37
201,33,chair,VISIBLE,47,0,0.3929,914.49,240.16,-5.6,1.06,Cyan,3463.62
201,35,person,VISIBLE,46,0,0.5252,980.26,231.75,-7.77,0.7,Grey,7253.61
201,37,truck,VISIBLE,32,0,0.2856,1127.18,113.19,7.53,0.52,Grey,7381.41
201,39,car,VISIBLE,29,0,0.5013,1203.88,518.47,-1.07,0.8,Grey,61342.47
201,41,car,OCCLUDED,5,22,0.756,550.35,213.8,-2.49,0.67,Grey,56910.14
201,44,car,VISIBLE,24,0,0.6776,294.56,317.12,-2.75,1.17,Orange,227613.63
201,43,car,VISIBLE,24,0,0.2961,145.46,242.57,-4.21,-2.13,Grey,63901.85
201,42,car,VISIBLE,24,0,0.4117,934.39,504.54,-1.38,5.15,Green,296702.53
201,47,car,VISIBLE,22,0,0.3094,1161.35,238.85,-6.43,-0.18,Grey,53641.54
201,48,person,OCCLUDED,5,3,0.967,7.98,205.89,-1.23,2.12,Grey,2894.56
201,49,person,VISIBLE,2,0,0.1986,1238.56,184.64,-2.59,0.77,Grey,2446.82
202,6,car,OCCLUDED,196,5,0.944,-13.75,509.19,-4.49,16.59,Grey,11165.82
202,2,car,LOST,63,138,0.0,638.58,425.46,-0.07,-0.12,Purple,160266.72
202,1,car,LOST,63,138,0.0,1208.76,392.94,0.33,-0.18,Red,61898.72
202,8,truck,LOST,63,138,0.0,533.87,176.3,-0.12,-0.68,Grey,2913.99
202,3,car,VISIBLE,166,0,0.4736,641.61,247.18,-4.63,1.19,Grey,56774.33
202,4,car,LOST,63,138,0.0,1093.91,336.87,0.5,-0.32,Red,36618.2
202,13,car,OUT_OF_BOUNDS,25,176,0.0,-344.73,588.32,-1.99,0.48,Grey,4493.18
202,11,person,LOST,63,138,0.0,684.02,267.5,-0.28,-0.47,Grey,5659.19
202,9,car,LOST,63,138,0.0,278.37,334.06,-0.67,-0.27,Grey,30084.14
202,12,car,OUT_OF_BOUNDS,23,178,0.0,1544.75,1009.06,1.53,2.78,Grey,4597.82
202,14,chair,OUT_OF_BOUNDS,73,118,0.0,-194.87,361.8,-4.49,0.54,Red,2151.27
202,10,chair,LOST,63,138,0.0,621.87,309.77,-0.16,-0.27,White,1631.45
202,7,person,OUT_OF_BOUNDS,63,138,0.0,-36.55,182.84,-1.16,-0.66,Grey,3580.65
202,15,car,LOST,60,138,0.0,390.04,246.71,-0.44,-0.55,White,4720.41
202,5,truck,LOST,18,183,0.0,154.7,135.85,-0.25,-0.36,Grey,12921.57
202,16,car,LOST,20,174,0.0,888.03,280.3,0.2,-0.44,Grey,8859.77
202,18,can,OUT_OF_BOUNDS,133,9,0.9,-212.26,772.48,-17.12,14.34,Neutral,17843.84
202,21,car,VISIBLE,142,0,0.4975,879.61,307.49,-6.21,11.75,Grey,179586.19
202,22,car,VISIBLE,124,0,0.1801,31.7,233.74,-2.55,2.05,Grey,12197.28
202,19,person,VISIBLE,142,0,0.1864,251.55,66.55,-1.91,0.44,Grey,4533.83
202,20,car,VISIBLE,142,0,0.1897,907.87,134.89,-2.69,-0.57,Grey,13769.04
202,23,chair,OCCLUDED,104,29,0.678,206.14,400.54,-8.87,2.97,Grey,18145.26
202,24,chair,OUT_OF_BOUNDS,110,21,0.767,-267.61,337.15,-18.48,1.66,Grey,18445.89
202,27,chair,OCCLUDED,68,50,0.444,690.67,298.12,-2.07,0.22,Grey,24405.98
202,29,chair,OCCLUDED,6,59,0.344,472.82,274.22,-0.17,0.08,Grey,9648.11
202,30,car,VISIBLE,48,0,0.2365,781.57,155.72,-3.4,0.23,Grey,2229.22
202,33,chair,VISIBLE,48,0,0.3428,908.64,241.09,-5.77,0.98,Cyan,3405.88
202,35,person,VISIBLE,47,0,0.5696,973.71,232.93,-6.92,1.04,Grey,7184.1
202,37,truck,VISIBLE,33,0,0.3136,1134.33,114.06,7.26,0.77,Grey,8876.38
202,39,car,VISIBLE,30,0,0.5003,1202.8,514.68,-1.08,-2.41,Grey,63390.82
202,41,car,OCCLUDED,5,23,0.744,547.86,214.47,-2.49,0.67,Grey,56910.14
202,44,car,VISIBLE,25,0,0.6545,291.89,318.2,-2.69,1.11,Orange,225335.23
202,43,car,VISIBLE,25,0,0.2544,142.19,235.55,-3.55,-5.56,Grey,57454.0
202,42,car,VISIBLE,25,0,0.4752,933.1,508.71,-1.32,4.46,Green,291837.8
202,47,car,VISIBLE,23,0,0.3631,1161.76,238.19,-1.65,-0.51,Grey,52994.43
202,48,person,OCCLUDED,5,4,0.956,6.75,208.01,-1.23,2.12,Grey,2894.56
202,49,person,VISIBLE,3,0,0.2259,1235.16,185.12,-3.15,0.57,Grey,2587.78
203,6,car,OCCLUDED,196,6,0.933,-18.24,525.78,-4.49,16.59,Grey,11165.82
203,2,car,LOST,63,139,0.0,638.51,425.34,-0.07,-0.12,Purple,160266.72
203,1,car,LOST,63,139,0.0,1209.09,392.76,0.33,-0.18,Red,61898.72
203,8,truck,LOST,63,139,0.0,533.75,175.62,-0.12,-0.68,Grey,2913.99
203,3,car,VISIBLE,167,0,0.4889,634.57,247.39,-6.32,0.51,Grey,56284.09
203,4,car,LOST,63,139,0.0,1094.41,336.55,0.5,-0.32,Red,36618.2
203,13,car,OUT_OF_BOUNDS,25,177,0.0,-346.73,588.79,-1.99,0.48,Grey,4493.18
203,11,person,LOST,63,139,0.0,683.75,267.02,-0.28,-0.47,Grey,5659.19
203,9,car,LOST,63,139,0.0,277.7,333.79,-0.67,-0.27,Grey,30084.14
203,12,car,OUT_OF_BOUNDS,23,179,0.0,1546.28,1011.85,1.53,2.78,Grey,4597.82
203,14,chair,OUT_OF_BOUNDS,73,119,0.0,-199.36,362.34,-4.49,0.54,Red,2151.27
203,10,chair,LOST,63,139,0.0,621.71,309.5,-0.16,-0.27,White,1631.45
203,7,person,OUT_OF_BOUNDS,63,139,0.0,-37.71,182.18,-1.16,-0.66,Grey,3580.65
203,15,car,LOST,60,139,0.0,389.6,246.16,-0.44,-0.55,White,4720.41
203,5,truck,LOST,18,184,0.0,154.45,135.49,-0.25,-0.36,Grey,12921.57
203,16,car,LOST,20,175,0.0,888.23,279.86,0.2,-0.44,Grey,8859.77
203,18,can,OUT_OF_BOUNDS,133,10,0.889,-229.38,786.82,-17.12,14.34,Neutral,17843.84
203,21,car,VISIBLE,143,0,0.5184,870.55,319.79,-8.21,12.14,Grey,194494.1
203,22,car,VISIBLE,125,0,0.1993,27.45,233.2,-3.74,0.24,Grey,10254.44
203,19,person,VISIBLE,143,0,0.3572,248.73,67.34,-2.55,0.68,Grey,4524.37
203,20,car,VISIBLE,143,0,0.1847,903.65,135.13,-3.76,-0.0,Grey,13104.01
203,23,chair,OCCLUDED,104,30,0.667,197.27,403.51,-8.87,2.97,Grey,18145.26
203,24,chair,OUT_OF_BOUNDS,110,22,0.756,-286.09,338.81,-18.48,1.66,Grey,18445.89
203,27,chair,OCCLUDED,68,51,0.433,688.6,298.34,-2.07,0.22,Grey,24405.98
203,29,chair,OCCLUDED,6,60,0.333,472.65,274.3,-0.17,0.08,Grey,9648.11
203,30,car,VISIBLE,49,0,0.1862,776.18,156.19,-4.79,0.4,Grey,2126.67
203,33,chair,VISIBLE,49,0,0.2661,901.39,242.95,-6.81,1.59,Grey,3320.79
203,35,person,VISIBLE,48,0,0.5381,964.89,234.67,-8.24,1.53,Grey,7171.36
203,37,truck,VISIBLE,34,0,0.3396,1136.09,114.85,3.41,0.78,Grey,10019.31
203,39,car,VISIBLE,31,0,0.5153,1201.22,514.19,-1.44,-1.07,Grey,64859.54
203,41,car,OCCLUDED,5,24,0.733,545.37,215.14,-2.49,0.67,Grey,56910.14
203,44,car,VISIBLE,26,0,0.6475,287.98,320.07,-3.55,1.64,Orange,222666.39
203,43,car,VISIBLE,26,0,0.2515,137.32,230.08,-4.48,-5.49,Grey,51373.99
203,42,car,VISIBLE,26,0,0.4531,931.15,511.9,-1.76,3.57,Green,288840.25
203,47,car,VISIBLE,24,0,0.3815,1156.4,237.91,-4.24,-0.35,Grey,55062.11
203,48,person,OCCLUDED,5,5,0.944,5.52,210.12,-1.23,2.12,Grey,2894.56
203,49,person,VISIBLE,4,0,0.3468,1228.6,186.09,-5.54,0.85,Grey,2775.01
204,6,car,OUT_OF_BOUNDS,196,7,0.922,-22.73,542.36,-4.49,16.59,Grey,11165.82
204,2,car,LOST,63,140,0.0,638.44,425.21,-0.07,-0.12,Purple,160266.72
204,1,car,LOST,63,140,0.0,1209.42,392.57,0.33,-0.18,Red,61898.72
204,8,truck,LOST,63,140,0.0,533.64,174.95,-0.12,-0.68,Grey,2913.99
204,3,car,VISIBLE,168,0,0.375,626.12,265.38,-7.81,12.74,Grey,39842.46
204,4,car,LOST,63,140,0.0,1094.91,336.22,0.5,-0.32,Red,36618.2
204,13,car,OUT_OF_BOUNDS,25,178,0.0,-348.72,589.27,-1.99,0.48,Grey,4493.18
204,11,person,LOST,63,140,0.0,683.47,266.55,-0.28,-0.47,Grey,5659.19
204,9,car,LOST,63,140,0.0,277.03,333.52,-0.67,-0.27,Grey,30084.14
204,12,car,OUT_OF_BOUNDS,23,180,0.0,1547.81,1014.63,1.53,2.78,Grey,4597.82
204,14,chair,OUT_OF_BOUNDS,73,120,0.0,-203.85,362.88,-4.49,0.54,Red,2151.27
204,10,chair,LOST,63,140,0.0,621.55,309.24,-0.16,-0.27,White,1631.45
204,7,person,OUT_OF_BOUNDS,63,140,0.0,-38.88,181.52,-1.16,-0.66,Grey,3580.65
204,15,car,LOST,60,140,0.0,389.16,245.6,-0.44,-0.55,White,4720.41
204,5,truck,LOST,18,185,0.0,154.19,135.14,-0.25,-0.36,Grey,12921.57
204,16,car,LOST,20,176,0.0,888.43,279.42,0.2,-0.44,Grey,8859.77
204,18,can,OUT_OF_BOUNDS,133,11,0.878,-246.5,801.16,-17.12,14.34,Neutral,17843.84
204,21,car,VISIBLE,144,0,0.5184,862.87,329.5,-7.83,10.43,Grey,206158.82
204,22,car,VISIBLE,126,0,0.1993,24.25,237.37,-3.36,2.99,Grey,9299.57
204,19,person,VISIBLE,144,0,0.3572,246.11,67.88,-2.6,0.58,Grey,4537.66
204,20,car,VISIBLE,144,0,0.1847,900.33,134.59,-3.45,-0.38,Grey,12518.29
204,23,chair,OCCLUDED,104,31,0.656,188.41,406.48,-8.87,2.97,Grey,18145.26
204,24,chair,OUT_OF_BOUNDS,110,23,0.744,-304.56,340.46,-18.48,1.66,Grey,18445.89
204,27,chair,OCCLUDED,68,52,0.422,686.53,298.55,-2.07,0.22,Grey,24405.98
204,29,chair,OCCLUDED,6,61,0.322,472.48,274.38,-0.17,0.08,Grey,9648.11
204,30,car,VISIBLE,50,0,0.1862,772.11,156.47,-4.29,0.32,Grey,2071.16
204,33,chair,VISIBLE,50,0,0.2661,894.87,244.1,-6.61,1.28,Grey,3292.91
204,35,person,VISIBLE,49,0,0.5381,957.19,235.75,-7.87,1.21,Grey,7152.12
204,37,truck,VISIBLE,35,0,0.3396,1138.33,115.37,2.59,0.6,Grey,11066.26
204,39,car,VISIBLE,32,0,0.5138,1213.65,541.52,8.28,18.81,Grey,45337.99
204,41,car,OCCLUDED,5,25,0.722,542.89,215.8,-2.49,0.67,Grey,56910.14
204,44,car,VISIBLE,27,0,0.6475,284.04,321.39,-3.82,1.42,Grey,220863.73
204,43,car,VISIBLE,27,0,0.2515,132.35,228.93,-4.82,-2.46,Grey,48934.91
204,42,car,VISIBLE,27,0,0.4531,929.6,514.7,-1.62,3.03,Grey,286070.69
204,47,car,VISIBLE,25,0,0.3815,1152.57,237.78,-3.95,-0.2,Grey,56541.3
204,48,person,OCCLUDED,5,6,0.933,4.29,212.24,-1.23,2.12,Grey,2894.56
204,49,person,VISIBLE,5,0,0.3468,1225.07,186.69,-4.13,0.68,Black,2872.1
205,6,car,OUT_OF_BOUNDS,196,8,0.911,-27.22,558.95,-4.49,16.59,Grey,11165.82
205,2,car,LOST,63,141,0.0,638.37,425.09,-0.07,-0.12,Purple,160266.72
205,1,car,LOST,63,141,0.0,1209.76,392.39,0.33,-0.18,Red,61898.72
205,8,truck,LOST,63,141,0.0,533.52,174.27,-0.12,-0.68,Grey,2913.99
205,3,car,VISIBLE,169,0,0.3551,621.57,278.12,-5.53,12.74,Grey,29023.48
205,4,car,LOST,63,141,0.0,1095.4,335.9,0.5,-0.32,Red,36618.2
205,13,car,OUT_OF_BOUNDS,25,179,0.0,-350.71,589.74,-1.99,0.48,Grey,4493.18
205,11,person,LOST,63,141,0.0,683.19,266.07,-0.28,-0.47,Grey,5659.19
205,9,car,LOST,63,141,0.0,276.36,333.24,-0.67,-0.27,Grey,30084.14
205,12,car,OUT_OF_BOUNDS,23,181,0.0,1549.34,1017.41,1.53,2.78,Grey,4597.82
205,14,chair,OUT_OF_BOUNDS,73,121,0.0,-208.34,363.42,-4.49,0.54,Red,2151.27
205,10,chair,LOST,63,141,0.0,621.39,308.97,-0.16,-0.27,White,1631.45
205,7,person,OUT_OF_BOUNDS,63,141,0.0,-40.04,180.86,-1.16,-0.66,Grey,3580.65
205,15,car,LOST,60,141,0.0,388.72,245.05,-0.44,-0.55,White,4720.41
205,5,truck,LOST,18,186,0.0,153.94,134.78,-0.25,-0.36,Grey,12921.57
205,16,car,LOST,20,177,0.0,888.63,278.99,0.2,-0.44,Grey,8859.77
205,18,can,OUT_OF_BOUNDS,133,12,0.867,-263.62,815.5,-17.12,14.34,Neutral,17843.84
205,21,car,VISIBLE,145,0,0.5184,855.19,339.19,-7.72,9.92,Grey,217985.06
205,22,car,VISIBLE,127,0,0.1993,21.05,241.55,-3.25,3.82,Grey,8243.81
205,19,person,VISIBLE,145,0,0.3572,243.5,68.41,-2.61,0.55,Grey,4550.96
205,20,car,VISIBLE,145,0,0.1847,897.0,134.06,-3.37,-0.49,Grey,11935.48
205,23,chair,OCCLUDED,104,32,0.644,179.54,409.44,-8.87,2.97,Grey,18145.26
205,24,chair,OUT_OF_BOUNDS,110,24,0.733,-323.04,342.12,-18.48,1.66,Grey,18445.89
205,27,chair,OCCLUDED,68,53,0.411,684.46,298.77,-2.07,0.22,Grey,24405.98
205,29,chair,OCCLUDED,6,62,0.311,472.3,274.47,-0.17,0.08,Grey,9648.11
205,30,car,VISIBLE,51,0,0.1862,768.02,156.76,-4.15,0.3,Grey,2016.04
205,33,car,VISIBLE,51,0,0.2643,877.78,250.31,-13.95,4.74,Grey,4305.36
205,35,person,VISIBLE,50,0,0.5381,949.48,236.82,-7.76,1.12,Grey,7132.25
205,37,truck,VISIBLE,36,0,0.3396,1140.57,115.89,2.35,0.54,Grey,12142.5
205,39,car,VISIBLE,33,0,0.4779,1222.47,561.59,8.65,19.69,Grey,33691.82
205,41,car,VISIBLE,6,0,0.5684,798.15,331.83,4.45,3.77,Grey,14890.66
205,44,car,VISIBLE,28,0,0.6475,280.12,322.72,-3.89,1.35,Grey,219038.59
205,43,car,VISIBLE,28,0,0.2515,127.38,227.77,-4.92,-1.54,Grey,46552.98
205,42,car,VISIBLE,28,0,0.4531,928.04,517.5,-1.57,2.86,Grey,283271.03
205,47,car,VISIBLE,26,0,0.3815,1148.74,237.66,-3.86,-0.15,Grey,58006.56
205,48,person,VISIBLE,6,0,0.7978,34.48,216.99,1.91,2.38,Black,976.24
205,49,person,VISIBLE,6,0,0.3468,1221.56,187.3,-3.7,0.62,Grey,2970.68
205,62,car,VISIBLE,1,0,0.7258,1247.33,224.32,0.0,0.0,Grey,2677.18
205,75,person,VISIBLE,1,0,0.7177,1042.61,96.18,0.0,0.0,Grey,1584.87
205,86,car,VISIBLE,1,0,0.6891,1092.84,210.73,0.0,0.0,Grey,2111.43
205,53,car,VISIBLE,1,0,0.6419,1062.08,652.66,0.0,0.0,Grey,58695.4
205,54,car,VISIBLE,1,0,0.6882,97.69,566.52,0.0,0.0,Grey,55325.77
205,57,car,VISIBLE,1,0,0.6456,864.64,525.42,0.0,0.0,Grey,65770.49
205,76,truck,VISIBLE,1,0,0.6054,873.62,183.02,0.0,0.0,Orange,5898.97
205,67,car,VISIBLE,1,0,0.5598,1037.07,363.85,0.0,0.0,Orange,20902.87
205,58,car,VISIBLE,1,0,0.5865,675.91,417.48,0.0,0.0,Black,70338.87
205,52,car,VISIBLE,1,0,0.6152,414.86,667.24,0.0,0.0,Grey,45514.11
205,51,car,VISIBLE,1,0,0.5588,144.47,345.56,0.0,0.0,Grey,19667.83
205,55,car,VISIBLE,1,0,0.5348,243.95,432.11,0.0,0.0,Black,43411.56
205,59,car,VISIBLE,1,0,0.5627,46.26,324.66,0.0,0.0,Grey,9171.39
205,65,car,VISIBLE,1,0,0.5318,464.23,548.13,0.0,0.0,Black,66633.51
205,50,car,VISIBLE,1,0,0.4702,1157.38,439.09,0.0,0.0,Black,47260.73
205,64,car,VISIBLE,1,0,0.5111,342.73,364.28,0.0,0.0,Orange,20948.57
205,63,car,VISIBLE,1,0,0.4666,1074.67,276.68,0.0,0.0,Grey,6519.67
205,81,car,VISIBLE,1,0,0.34,1002.02,201.03,0.0,0.0,Black,1594.67
205,70,car,VISIBLE,1,0,0.465,1176.7,306.31,0.0,0.0,Black,14689.26
205,69,car,VISIBLE,1,0,0.4623,137.99,272.24,0.0,0.0,Grey,9047.12
205,56,car,VISIBLE,1,0,0.482,283.03,288.82,0.0,0.0,Grey,9604.49
205,84,bus,VISIBLE,1,0,0.412,527.6,147.25,0.0,0.0,Grey,1433.97
205,73,car,VISIBLE,1,0,0.3942,250.41,256.14,0.0,0.0,Grey,6849.78
205,79,car,VISIBLE,1,0,0.4095,212.86,170.28,0.0,0.0,Black,2348.04
205,78,car,VISIBLE,1,0,0.2286,730.65,257.28,0.0,0.0,Grey,5222.08
205,83,car,VISIBLE,1,0,0.4571,141.37,181.74,0.0,0.0,Grey,3914.13
205,60,car,VISIBLE,1,0,0.3133,955.74,306.56,0.0,0.0,Black,14983.33
205,85,person,VISIBLE,1,0,0.3814,174.86,194.89,0.0,0.0,Black,654.56
205,72,car,VISIBLE,1,0,0.3293,409.38,315.46,0.0,0.0,Grey,15674.35
205,89,car,VISIBLE,1,0,0.2611,1189.74,179.46,0.0,0.0,Black,1393.83
205,68,car,VISIBLE,1,0,0.1824,825.36,238.52,0.0,0.0,Black,3741.7
205,71,car,VISIBLE,1,0,0.2627,452.01,288.17,0.0,0.0,Grey,7584.29
205,66,car,VISIBLE,1,0,0.2329,916.43,275.23,0.0,0.0,Grey,7767.04
205,74,car,VISIBLE,1,0,0.2572,313.23,222.89,0.0,0.0,Grey,3117.71
205,80,car,VISIBLE,1,0,0.2192,1244.15,376.64,0.0,0.0,Black,9256.89
205,88,person,VISIBLE,1,0,0.2335,1251.79,193.52,0.0,0.0,Black,378.76
205,61,car,VISIBLE,1,0,0.23,37.26,388.73,0.0,0.0,Black,6937.08
205,77,car,VISIBLE,1,0,0.1505,279.0,163.38,0.0,0.0,Grey,1487.42
206,6,car,OUT_OF_BOUNDS,196,9,0.9,-31.71,575.54,-4.49,16.59,Grey,11165.82
206,2,car,LOST,63,142,0.0,638.3,424.97,-0.07,-0.12,Purple,160266.72
206,1,car,LOST,63,142,0.0,1210.09,392.21,0.33,-0.18,Red,61898.72
206,8,truck,LOST,63,142,0.0,533.4,173.6,-0.12,-0.68,Grey,2913.99
206,3,car,VISIBLE,170,0,0.4564,620.64,286.2,-2.31,9.48,Grey,22105.25
206,4,car,LOST,63,142,0.0,1095.9,335.58,0.5,-0.32,Red,36618.2
206,13,car,OUT_OF_BOUNDS,25,180,0.0,-352.7,590.22,-1.99,0.48,Grey,4493.18
206,11,person,LOST,63,142,0.0,682.91,265.6,-0.28,-0.47,Grey,5659.19
206,9,car,LOST,63,142,0.0,275.68,332.97,-0.67,-0.27,Grey,30084.14
206,12,car,OUT_OF_BOUNDS,23,182,0.0,1550.87,1020.2,1.53,2.78,Grey,4597.82
206,14,chair,OUT_OF_BOUNDS,73,122,0.0,-212.84,363.96,-4.49,0.54,Red,2151.27
206,10,chair,LOST,63,142,0.0,621.23,308.7,-0.16,-0.27,White,1631.45
206,7,person,OUT_OF_BOUNDS,63,142,0.0,-41.2,180.2,-1.16,-0.66,Grey,3580.65
206,15,car,LOST,60,142,0.0,388.28,244.5,-0.44,-0.55,White,4720.41
206,5,truck,LOST,18,187,0.0,153.69,134.42,-0.25,-0.36,Grey,12921.57
206,16,car,LOST,20,178,0.0,888.83,278.55,0.2,-0.44,Grey,8859.77
206,18,can,OUT_OF_BOUNDS,133,13,0.856,-280.74,829.84,-17.12,14.34,Neutral,17843.84
206,21,car,VISIBLE,146,0,0.5184,847.52,348.88,-7.69,9.76,Grey,229972.84
206,22,car,VISIBLE,128,0,0.1993,17.86,245.71,-3.21,4.06,Grey,7087.16
206,19,person,VISIBLE,146,0,0.3572,240.89,68.95,-2.61,0.54,Grey,4564.27
206,20,car,VISIBLE,146,0,0.1847,893.66,133.52,-3.34,-0.53,Grey,11355.59
206,23,chair,OCCLUDED,104,33,0.633,170.67,412.41,-8.87,2.97,Grey,18145.26
206,24,chair,OUT_OF_BOUNDS,110,25,0.722,-341.51,343.78,-18.48,1.66,Grey,18445.89
206,27,chair,OCCLUDED,68,54,0.4,682.39,298.98,-2.07,0.22,Grey,24405.98
206,29,chair,OCCLUDED,6,63,0.3,472.13,274.55,-0.17,0.08,Grey,9648.11
206,30,truck,VISIBLE,52,0,0.1554,765.63,157.97,-2.92,0.93,Grey,1858.37
206,33,car,VISIBLE,52,0,0.3069,866.68,254.56,-11.95,4.39,Grey,5081.31
206,35,person,VISIBLE,51,0,0.5381,941.77,237.9,-7.72,1.09,Grey,7111.76
206,37,truck,VISIBLE,37,0,0.3396,1142.82,116.41,2.28,0.53,Grey,13248.02
206,39,car,VISIBLE,34,0,0.4894,1228.39,574.62,6.74,15.03,Grey,26989.65
206,41,car,VISIBLE,7,0,0.6226,798.58,331.98,1.63,1.23,Grey,14841.81
206,44,car,VISIBLE,29,0,0.6475,276.18,324.03,-3.92,1.33,Grey,217190.99
206,43,car,VISIBLE,29,0,0.2515,122.42,226.62,-4.95,-1.27,Grey,44228.21
206,42,car,VISIBLE,29,0,0.4531,926.48,520.29,-1.57,2.82,Grey,280441.27
206,47,car,VISIBLE,27,0,0.3815,1144.91,237.52,-3.84,-0.14,Grey,59457.87
206,48,person,VISIBLE,7,0,0.7965,33.78,217.15,0.08,0.83,Black,983.13
206,49,person,VISIBLE,7,0,0.3468,1218.03,187.9,-3.58,0.61,Grey,3070.76
206,62,car,VISIBLE,2,0,0.7272,1247.32,224.46,-0.01,0.14,Grey,2675.58
206,75,person,VISIBLE,2,0,0.7296,1042.68,96.28,0.07,0.11,Grey,1588.22
206,86,car,VISIBLE,2,0,0.6978,1091.82,210.7,-1.01,-0.03,Grey,2107.8
206,53,car,VISIBLE,2,0,0.6472,1062.13,653.77,0.05,1.11,Grey,57720.16
206,54,car,VISIBLE,2,0,0.6821,97.61,566.83,-0.07,0.31,Grey,55311.68
206,57,car,VISIBLE,2,0,0.6489,864.84,525.63,0.19,0.22,Grey,65796.97
206,76,truck,VISIBLE,2,0,0.6395,873.55,183.09,-0.06,0.07,Orange,5896.85
206,67,car,VISIBLE,2,0,0.5831,1037.01,363.97,-0.06,0.12,Orange,20914.57
206,58,car,VISIBLE,2,0,0.6069,675.95,417.52,0.04,0.05,Black,70366.71
206,52,car,VISIBLE,2,0,0.6205,414.78,667.38,-0.08,0.14,Grey,45418.68
206,51,car,VISIBLE,2,0,0.5685,144.38,345.75,-0.09,0.19,Grey,19687.98
206,55,car,VISIBLE,2,0,0.5395,243.87,432.26,-0.09,0.16,Black,43455.14
206,59,car,VISIBLE,2,0,0.5607,46.14,324.55,-0.12,-0.11,Grey,9096.04
206,65,car,VISIBLE,2,0,0.5654,464.25,548.63,0.01,0.5,Black,66853.72
206,50,car,VISIBLE,2,0,0.521,1157.47,439.11,0.09,0.01,Black,47192.66
206,64,car,VISIBLE,2,0,0.5135,342.65,363.92,-0.08,-0.37,Brown,21061.83
206,63,car,VISIBLE,2,0,0.4853,1074.64,276.74,-0.03,0.06,Grey,6521.02
206,81,car,VISIBLE,2,0,0.3609,1001.49,201.03,-0.53,0.01,Black,1591.76
206,70,car,VISIBLE,2,0,0.4743,1176.68,306.45,-0.02,0.14,Black,14728.71
206,69,car,VISIBLE,2,0,0.4596,137.57,272.44,-0.41,0.21,Grey,9084.28
206,56,car,VISIBLE,2,0,0.4748,283.05,288.84,0.01,0.02,Grey,9561.86
206,84,bus,VISIBLE,2,0,0.3927,527.49,147.45,-0.12,0.2,Grey,1426.13
206,73,car,VISIBLE,2,0,0.4005,250.22,256.28,-0.19,0.14,Grey,6883.34
206,79,car,VISIBLE,2,0,0.4193,212.83,170.41,-0.03,0.13,Black,2346.35
206,78,car,VISIBLE,2,0,0.2942,730.69,256.9,0.04,-0.38,Grey,5119.94
206,83,car,VISIBLE,2,0,0.4574,141.81,181.67,0.44,-0.07,Grey,3924.31
206,60,car,VISIBLE,2,0,0.3469,955.68,306.61,-0.06,0.05,Black,14964.44
206,85,person,VISIBLE,2,0,0.3848,174.59,195.03,-0.26,0.14,Black,640.67
206,72,car,VISIBLE,2,0,0.3262,409.2,315.58,-0.17,0.12,Grey,15713.98
206,89,car,VISIBLE,2,0,0.2679,1189.65,179.43,-0.09,-0.03,Black,1373.36
206,68,car,VISIBLE,2,0,0.2303,825.38,238.52,0.03,0.0,Black,3747.7
206,71,car,VISIBLE,2,0,0.3079,451.83,288.3,-0.18,0.12,Grey,7515.75
206,66,car,VISIBLE,2,0,0.2669,916.4,275.19,-0.03,-0.04,Grey,7750.69
206,74,car,VISIBLE,2,0,0.2602,313.25,223.05,0.02,0.16,Grey,3106.37
206,80,car,VISIBLE,2,0,0.229,1244.25,377.03,0.09,0.39,Black,9297.61
206,88,person,VISIBLE,2,0,0.2482,1251.74,193.49,-0.05,-0.04,Black,376.97
206,61,car,VISIBLE,2,0,0.2255,37.2,388.98,-0.05,0.25,Black,6930.77
206,77,car,VISIBLE,2,0,0.1584,279.04,163.53,0.05,0.15,Grey,1494.07
207,6,car,OUT_OF_BOUNDS,196,10,0.889,-36.2,592.13,-4.49,16.59,Grey,11165.82
207,2,car,LOST,63,143,0.0,638.23,424.84,-0.07,-0.12,Purple,160266.72
207,1,car,LOST,63,143,0.0,1210.42,392.03,0.33,-0.18,Red,61898.72
207,8,truck,LOST,63,143,0.0,533.29,172.92,-0.12,-0.68,Grey,2913.99
207,3,car,VISIBLE,171,0,0.4332,622.7,291.05,0.75,6.23,Grey,18297.91
207,4,car,LOST,63,143,0.0,1096.4,335.25,0.5,-0.32,Red,36618.2
207,13,car,OUT_OF_BOUNDS,25,181,0.0,-354.69,590.69,-1.99,0.48,Grey,4493.18
207,11,person,LOST,63,143,0.0,682.64,265.12,-0.28,-0.47,Grey,5659.19
207,9,car,LOST,63,143,0.0,275.01,332.7,-0.67,-0.27,Grey,30084.14
207,12,car,OUT_OF_BOUNDS,23,183,0.0,1552.4,1022.98,1.53,2.78,Grey,4597.82
207,14,chair,OUT_OF_BOUNDS,73,123,0.0,-217.33,364.5,-4.49,0.54,Red,2151.27
207,10,chair,LOST,63,143,0.0,621.07,308.43,-0.16,-0.27,White,1631.45
207,7,person,OUT_OF_BOUNDS,63,143,0.0,-42.37,179.54,-1.16,-0.66,Grey,3580.65
207,15,car,LOST,60,143,0.0,387.84,243.95,-0.44,-0.55,White,4720.41
207,5,truck,LOST,18,188,0.0,153.43,134.07,-0.25,-0.36,Grey,12921.57
207,16,car,LOST,20,179,0.0,889.03,278.11,0.2,-0.44,Grey,8859.77
207,18,can,OUT_OF_BOUNDS,133,14,0.844,-297.86,844.18,-17.12,14.34,Neutral,17843.84
207,21,car,VISIBLE,147,0,0.5184,839.85,358.58,-7.68,9.71,Grey,242122.13
207,22,car,VISIBLE,129,0,0.1993,14.65,249.89,-3.21,4.14,Grey,5829.63
207,19,person,VISIBLE,147,0,0.3572,238.27,69.5,-2.61,0.54,Grey,4577.6
207,20,car,VISIBLE,147,0,0.1847,890.34,132.97,-3.33,-0.54,Grey,10778.6
207,23,chair,OCCLUDED,104,34,0.622,161.8,415.37,-8.87,2.97,Grey,18145.26
207,24,chair,OUT_OF_BOUNDS,110,26,0.711,-359.99,345.43,-18.48,1.66,Grey,18445.89
207,27,chair,OCCLUDED,68,55,0.389,680.32,299.2,-2.07,0.22,Grey,24405.98
207,29,chair,OCCLUDED,6,64,0.289,471.96,274.64,-0.17,0.08,Grey,9648.11
207,30,truck,VISIBLE,53,0,0.1544,764.5,158.88,-1.66,0.92,Grey,1724.73
207,33,car,VISIBLE,53,0,0.3464,860.09,257.16,-8.2,3.14,Grey,5579.51
207,35,person,VISIBLE,52,0,0.5381,934.07,238.99,-7.71,1.09,Grey,7090.64
207,37,truck,VISIBLE,38,0,0.3396,1145.06,116.94,2.25,0.53,Grey,14382.83
207,39,car,VISIBLE,35,0,0.4756,1231.99,582.75,4.55,10.2,Grey,23253.96
207,41,car,VISIBLE,8,0,0.6525,798.67,332.11,0.56,0.46,Grey,14792.8
207,44,car,VISIBLE,30,0,0.6475,272.25,325.36,-3.92,1.33,Grey,215320.9
207,43,car,VISIBLE,30,0,0.2515,117.46,225.46,-4.96,-1.19,Grey,41960.59
207,42,car,VISIBLE,30,0,0.4531,924.91,523.09,-1.56,2.8,Grey,277581.42
207,47,car,VISIBLE,28,0,0.3815,1141.09,237.39,-3.83,-0.14,Grey,60895.25
207,48,person,VISIBLE,8,0,0.7707,32.95,217.23,-0.55,0.3,Black,996.47
207,49,person,VISIBLE,8,0,0.3468,1214.5,188.5,-3.54,0.6,Grey,3172.33
207,62,car,VISIBLE,3,0,0.7304,1247.33,224.62,0.01,0.15,Grey,2675.85
207,75,person,VISIBLE,3,0,0.7246,1042.72,96.41,0.05,0.12,Grey,1586.39
207,86,car,VISIBLE,3,0,0.7034,1090.67,210.59,-1.11,-0.08,Grey,2096.16
207,53,car,VISIBLE,3,0,0.639,1062.15,654.21,0.03,0.64,Grey,57324.38
207,54,car,VISIBLE,3,0,0.683,97.53,567.14,-0.08,0.32,Grey,55277.78
207,57,car,VISIBLE,3,0,0.6455,865.26,525.85,0.36,0.21,Grey,65709.45
207,76,truck,VISIBLE,3,0,0.6677,873.56,183.21,-0.02,0.11,Orange,5878.58
207,67,car,VISIBLE,3,0,0.6016,1037.03,364.15,-0.0,0.17,Orange,20911.05
207,58,car,VISIBLE,3,0,0.6251,675.95,417.69,0.01,0.13,Black,70430.2
207,52,car,VISIBLE,3,0,0.6211,414.65,667.66,-0.12,0.24,Grey,45191.02
207,51,car,VISIBLE,3,0,0.5636,144.29,346.13,-0.09,0.32,Grey,19681.54
207,55,car,VISIBLE,3,0,0.5355,243.77,432.42,-0.09,0.16,Black,43493.88
207,59,car,VISIBLE,3,0,0.5544,45.9,324.52,-0.21,-0.05,Grey,8997.5
207,65,car,VISIBLE,3,0,0.5721,464.19,548.72,-0.04,0.21,Black,66806.18
207,50,car,VISIBLE,3,0,0.5426,1157.53,439.38,0.07,0.2,Black,47261.89
207,64,car,VISIBLE,3,0,0.526,342.62,364.26,-0.05,0.13,Brown,21006.88
207,63,car,VISIBLE,3,0,0.5035,1074.62,276.93,-0.03,0.15,Grey,6506.91
207,81,car,VISIBLE,3,0,0.3553,1000.5,201.02,-0.86,-0.01,Black,1579.43
207,70,car,VISIBLE,3,0,0.4658,1176.66,306.63,-0.02,0.17,Black,14736.04
207,69,car,VISIBLE,3,0,0.4607,137.28,272.65,-0.33,0.21,Grey,9131.44
207,56,car,VISIBLE,3,0,0.4717,282.98,288.93,-0.04,0.07,Grey,9539.24
207,84,bus,VISIBLE,3,0,0.3994,527.41,147.67,-0.09,0.21,Grey,1424.16
207,73,car,VISIBLE,3,0,0.4037,250.09,256.48,-0.14,0.18,Grey,6903.95
207,79,car,VISIBLE,3,0,0.4133,212.72,170.56,-0.08,0.15,Black,2344.9
207,78,car,VISIBLE,3,0,0.3679,730.67,256.03,-0.0,-0.72,Grey,4949.91
207,83,car,VISIBLE,3,0,0.444,141.88,181.72,0.18,0.02,Grey,3912.19
207,60,car,VISIBLE,3,0,0.3506,955.67,306.74,-0.02,0.11,Black,14925.29
207,85,person,VISIBLE,3,0,0.3787,174.34,195.37,-0.26,0.28,Black,623.87
207,72,car,VISIBLE,3,0,0.3315,409.14,315.77,-0.09,0.17,Grey,15689.29
207,89,car,VISIBLE,3,0,0.2656,1189.65,179.51,-0.03,0.05,Black,1369.36
207,68,car,VISIBLE,3,0,0.2493,825.41,238.57,0.03,0.03,Black,3747.81
207,71,car,VISIBLE,3,0,0.3101,451.75,288.51,-0.12,0.19,Grey,7487.78
207,66,car,VISIBLE,3,0,0.2835,916.53,275.31,0.08,0.08,Grey,7762.43
207,74,car,VISIBLE,3,0,0.2519,313.15,223.25,-0.06,0.19,Grey,3105.9
207,80,car,VISIBLE,3,0,0.2154,1244.18,377.75,-0.02,0.62,Black,9443.43
207,88,person,VISIBLE,3,0,0.2126,1251.73,193.63,-0.02,0.09,Black,372.37
207,61,car,VISIBLE,3,0,0.2269,37.12,389.28,-0.07,0.29,Black,6947.7
207,77,car,VISIBLE,3,0,0.1714,278.99,163.67,-0.02,0.14,Grey,1495.41
207,90,car,VISIBLE,1,0,0.1681,1013.6,251.69,0.0,0.0,Grey,5296.33
207,91,car,VISIBLE,1,0,0.1694,904.63,215.38,0.0,0.0,Black,2561.59
208,6,car,OUT_OF_BOUNDS,196,11,0.878,-40.69,608.72,-4.49,16.59,Grey,11165.82
208,2,car,LOST,63,144,0.0,638.15,424.72,-0.07,-0.12,Purple,160266.72
208,1,car,LOST,63,144,0.0,1210.75,391.85,0.33,-0.18,Red,61898.72
208,8,truck,LOST,63,144,0.0,533.17,172.25,-0.12,-0.68,Grey,2913.99
208,3,car,VISIBLE,172,0,0.4525,626.38,293.41,2.8,3.53,Grey,16481.2
208,4,car,LOST,63,144,0.0,1096.9,334.93,0.5,-0.32,Red,36618.2
208,13,car,OUT_OF_BOUNDS,25,182,0.0,-356.68,591.17,-1.99,0.48,Grey,4493.18
208,11,person,LOST,63,144,0.0,682.36,264.65,-0.28,-0.47,Grey,5659.19
208,9,car,LOST,63,144,0.0,274.34,332.43,-0.67,-0.27,Grey,30084.14
208,12,car,OUT_OF_BOUNDS,23,184,0.0,1553.93,1025.76,1.53,2.78,Grey,4597.82
208,14,chair,OUT_OF_BOUNDS,73,124,0.0,-221.82,365.04,-4.49,0.54,Red,2151.27
208,10,chair,LOST,63,144,0.0,620.91,308.16,-0.16,-0.27,White,1631.45
208,7,person,OUT_OF_BOUNDS,63,144,0.0,-43.53,178.88,-1.16,-0.66,Grey,3580.65
208,15,car,LOST,60,144,0.0,387.4,243.4,-0.44,-0.55,White,4720.41
208,5,truck,LOST,18,189,0.0,153.18,133.71,-0.25,-0.36,Grey,12921.57
208,16,car,LOST,20,180,0.0,889.23,277.67,0.2,-0.44,Grey,8859.77
208,18,can,OUT_OF_BOUNDS,133,15,0.833,-314.98,858.52,-17.12,14.34,Neutral,17843.84
208,21,car,VISIBLE,148,0,0.5184,832.17,368.27,-7.68,9.7,Grey,254432.96
208,22,car,VISIBLE,130,0,0.1993,11.46,254.06,-3.2,4.16,Grey,4471.21
208,19,person,VISIBLE,148,0,0.3572,235.67,70.03,-2.61,0.54,Grey,4590.94
208,20,car,VISIBLE,148,0,0.1847,887.01,132.44,-3.33,-0.54,Grey,10204.53
208,23,chair,OCCLUDED,104,35,0.611,152.93,418.34,-8.87,2.97,Grey,18145.26
208,24,chair,OUT_OF_BOUNDS,110,27,0.7,-378.46,347.09,-18.48,1.66,Grey,18445.89
208,27,chair,OCCLUDED,68,56,0.378,678.25,299.41,-2.07,0.22,Grey,24405.98
208,29,chair,OCCLUDED,6,65,0.278,471.79,274.72,-0.17,0.08,Grey,9648.11
208,30,truck,VISIBLE,54,0,0.1571,764.25,159.57,-0.68,0.76,Grey,1627.29
208,33,car,VISIBLE,54,0,0.3776,856.78,258.56,-4.78,1.92,Grey,5851.0
208,35,person,VISIBLE,53,0,0.5381,926.36,240.06,-7.71,1.08,Grey,7068.9
208,37,truck,VISIBLE,39,0,0.3396,1147.3,117.45,2.25,0.52,Grey,15546.92
208,39,car,VISIBLE,36,0,0.5141,1233.97,586.37,2.75,5.6,Grey,21591.38
208,41,car,VISIBLE,9,0,0.6777,798.63,332.26,0.14,0.25,Grey,14806.34
208,44,car,VISIBLE,31,0,0.6475,268.32,326.68,-3.93,1.32,Grey,213428.35
208,43,car,VISIBLE,31,0,0.2515,112.5,224.31,-4.96,-1.16,Grey,39750.12
208,42,car,VISIBLE,31,0,0.4531,923.36,525.88,-1.56,2.8,Grey,274691.47
208,47,car,VISIBLE,29,0,0.3815,1137.26,237.26,-3.83,-0.13,Grey,62318.68
208,48,person,VISIBLE,9,0,0.7561,32.14,217.4,-0.74,0.21,Black,1008.95
208,49,person,VISIBLE,9,0,0.3468,1210.98,189.1,-3.53,0.6,Black,3275.39
208,62,car,VISIBLE,4,0,0.7431,1247.36,224.76,0.02,0.15,Grey,2672.08
208,75,person,VISIBLE,4,0,0.7233,1042.7,96.54,0.01,0.12,Grey,1584.53
208,86,car,VISIBLE,4,0,0.7165,1089.35,210.5,-1.26,-0.09,Grey,2099.64
208,53,car,VISIBLE,4,0,0.6628,1062.2,655.15,0.04,0.85,Grey,56494.09
208,54,car,VISIBLE,4,0,0.6837,97.36,567.62,-0.14,0.43,Grey,55217.05
208,57,car,VISIBLE,4,0,0.6842,865.62,526.1,0.36,0.24,Grey,65639.88
208,76,truck,VISIBLE,4,0,0.6842,873.6,183.34,0.02,0.13,Orange,5841.09
208,67,car,VISIBLE,4,0,0.6374,1037.12,364.36,0.07,0.19,Orange,20904.92
208,58,car,VISIBLE,4,0,0.643,676.0,417.88,0.04,0.18,Black,70417.82
208,52,car,VISIBLE,4,0,0.6219,414.44,667.99,-0.19,0.3,Grey,44950.64
208,51,car,VISIBLE,4,0,0.5664,144.09,346.46,-0.16,0.32,Grey,19645.27
208,55,car,VISIBLE,4,0,0.513,243.57,432.52,-0.17,0.12,Black,43444.35
208,59,car,VISIBLE,4,0,0.5691,45.67,324.62,-0.22,0.05,Grey,8906.3
208,65,car,VISIBLE,4,0,0.5857,464.13,548.78,-0.05,0.11,Black,66696.4
208,50,car,VISIBLE,4,0,0.5979,1157.61,439.57,0.08,0.2,Black,47271.71
208,64,car,VISIBLE,4,0,0.5677,342.53,364.76,-0.08,0.39,Brown,20918.43
208,63,car,VISIBLE,4,0,0.5387,1074.7,277.15,0.05,0.2,Grey,6510.47
208,81,car,VISIBLE,4,0,0.3714,999.45,200.98,-0.98,-0.03,Black,1559.59
208,70,car,VISIBLE,4,0,0.4859,1176.75,306.87,0.06,0.22,Black,14675.79
208,69,car,VISIBLE,4,0,0.4622,137.08,272.82,-0.24,0.18,Grey,9171.92
208,56,car,VISIBLE,4,0,0.4702,282.83,289.14,-0.12,0.17,Grey,9554.03
208,84,bus,VISIBLE,4,0,0.412,527.34,147.89,-0.08,0.22,Grey,1418.95
208,73,car,VISIBLE,4,0,0.3999,250.03,256.59,-0.09,0.14,Grey,6875.0
208,79,car,VISIBLE,4,0,0.4166,212.69,170.75,-0.05,0.18,Black,2348.58
208,78,car,VISIBLE,4,0,0.4243,731.12,254.9,0.31,-1.01,Grey,4701.43
208,83,car,VISIBLE,4,0,0.4532,141.8,181.78,-0.0,0.05,Grey,3891.69
208,60,car,VISIBLE,4,0,0.3614,955.71,306.92,0.01,0.16,Black,14889.43
208,85,person,VISIBLE,4,0,0.4074,174.12,195.71,-0.23,0.32,Black,611.48
208,72,car,VISIBLE,4,0,0.3191,409.21,316.03,0.02,0.24,Grey,15631.51
208,89,car,VISIBLE,4,0,0.2826,1189.59,179.74,-0.05,0.17,Black,1370.28
208,68,car,VISIBLE,4,0,0.2688,825.41,238.64,0.01,0.06,Black,3742.91
208,71,car,VISIBLE,4,0,0.3186,451.68,288.76,-0.08,0.23,Grey,7486.97
208,66,car,VISIBLE,4,0,0.2997,916.66,275.52,0.12,0.17,Grey,7800.73
208,74,car,VISIBLE,4,0,0.2556,312.79,223.48,-0.27,0.21,Grey,3097.53
208,80,car,VISIBLE,4,0,0.2282,1244.22,378.59,0.02,0.77,Black,9591.45
208,88,person,VISIBLE,4,0,0.1803,1251.72,193.8,-0.01,0.15,Black,370.07
208,61,car,VISIBLE,4,0,0.239,37.03,389.5,-0.09,0.23,Black,6962.67
208,77,car,VISIBLE,4,0,0.1736,278.94,163.76,-0.05,0.11,Grey,1498.47
208,90,car,VISIBLE,2,0,0.1777,1013.62,251.69,0.02,-0.0,Grey,5271.19
208,91,car,VISIBLE,2,0,0.1659,904.02,215.23,-0.62,-0.14,Black,2502.98
208,92,car,VISIBLE,1,0,0.2106,711.11,230.32,0.0,0.0,Grey,3153.15
208,93,car,VISIBLE,1,0,0.181,947.48,200.44,0.0,0.0,Black,1273.03
209,6,car,OUT_OF_BOUNDS,196,12,0.867,-45.18,625.31,-4.49,16.59,Grey,11165.82
209,2,car,LOST,63,145,0.0,638.08,424.6,-0.07,-0.12,Purple,160266.72
209,1,car,LOST,63,145,0.0,1211.08,391.67,0.33,-0.18,Red,61898.72
209,8,truck,LOST,63,145,0.0,533.06,171.57,-0.12,-0.68,Grey,2913.99
209,3,car,VISIBLE,173,0,0.4646,637.16,294.27,8.39,1.66,Grey,14864.78
209,4,car,LOST,63,145,0.0,1097.39,334.61,0.5,-0.32,Red,36618.2
209,13,car,OUT_OF_BOUNDS,25,183,0.0,-358.67,591.65,-1.99,0.48,Grey,4493.18
209,11,person,LOST,63,145,0.0,682.08,264.17,-0.28,-0.47,Grey,5659.19
209,9,car,LOST,63,145,0.0,273.67,332.16,-0.67,-0.27,Grey,30084.14
209,12,car,OUT_OF_BOUNDS,23,185,0.0,1555.46,1028.55,1.53,2.78,Grey,4597.82
209,14,chair,OUT_OF_BOUNDS,73,125,0.0,-226.31,365.58,-4.49,0.54,Red,2151.27
209,10,chair,LOST,63,145,0.0,620.75,307.89,-0.16,-0.27,White,1631.45
209,7,person,OUT_OF_BOUNDS,63,145,0.0,-44.69,178.22,-1.16,-0.66,Grey,3580.65
209,15,car,LOST,60,145,0.0,386.96,242.85,-0.44,-0.55,White,4720.41
209,5,truck,LOST,18,190,0.0,152.93,133.35,-0.25,-0.36,Grey,12921.57
209,16,car,LOST,20,181,0.0,889.43,277.23,0.2,-0.44,Grey,8859.77
209,18,can,OUT_OF_BOUNDS,133,16,0.822,-332.1,872.86,-17.12,14.34,Neutral,17843.84
209,21,car,OCCLUDED,148,1,0.989,824.49,377.98,-7.68,9.7,Grey,254432.96
209,22,car,OCCLUDED,130,1,0.989,8.26,258.21,-3.2,4.16,Grey,4471.21
209,19,person,OCCLUDED,148,1,0.989,233.05,70.57,-2.61,0.54,Grey,4590.94
209,20,car,OCCLUDED,148,1,0.989,883.67,131.9,-3.33,-0.54,Grey,10204.53
209,23,chair,OCCLUDED,104,36,0.6,144.06,421.31,-8.87,2.97,Grey,18145.26
209,24,chair,OUT_OF_BOUNDS,110,28,0.689,-396.94,348.74,-18.48,1.66,Grey,18445.89
209,27,chair,OCCLUDED,68,57,0.367,676.18,299.63,-2.07,0.22,Grey,24405.98
209,29,chair,OCCLUDED,6,66,0.267,471.61,274.81,-0.17,0.08,Grey,9648.11
209,30,truck,VISIBLE,55,0,0.1571,762.0,160.22,-1.78,0.68,Grey,1519.21
209,33,car,VISIBLE,55,0,0.2896,855.88,259.24,-2.06,1.05,Grey,5996.94
209,35,person,OCCLUDED,53,1,0.989,918.64,241.14,-7.71,1.08,Grey,7068.9
209,37,truck,OCCLUDED,39,1,0.989,1149.55,117.98,2.25,0.52,Grey,15546.92
209,39,car,VISIBLE,37,0,0.4988,1234.78,587.17,1.39,2.24,Grey,20989.75
209,41,car,VISIBLE,10,0,0.6348,799.02,332.54,0.31,0.27,Grey,14722.08
209,44,car,OCCLUDED,31,1,0.989,264.39,328.0,-3.93,1.32,Grey,213428.35
209,43,car,OCCLUDED,31,1,0.989,107.53,223.15,-4.96,-1.16,Grey,39750.12
209,42,car,OCCLUDED,31,1,0.989,921.8,528.68,-1.56,2.8,Grey,274691.47
209,47,car,OCCLUDED,29,1,0.989,1133.42,237.14,-3.83,-0.13,Grey,62318.68
209,48,person,VISIBLE,10,0,0.8052,31.3,217.58,-0.81,0.19,Black,1020.89
209,49,person,OCCLUDED,9,1,0.989,1207.45,189.71,-3.53,0.6,Black,3275.39
209,62,car,VISIBLE,5,0,0.7331,1247.47,224.96,0.08,0.18,Grey,2679.19
209,75,person,VISIBLE,5,0,0.728,1042.78,96.7,0.05,0.15,Grey,1585.4
209,86,car,VISIBLE,5,0,0.6559,1087.85,210.46,-1.42,-0.06,Grey,2100.14
209,53,car,VISIBLE,5,0,0.6347,1062.32,655.01,0.09,0.16,Grey,56583.65
209,54,car,VISIBLE,5,0,0.6833,97.17,568.13,-0.17,0.49,Grey,55096.07
209,57,car,VISIBLE,5,0,0.6452,865.99,526.53,0.36,0.37,Grey,65709.52
209,76,truck,VISIBLE,5,0,0.6276,873.75,183.47,0.12,0.13,Orange,5817.45
209,67,car,VISIBLE,5,0,0.5686,1037.3,364.77,0.15,0.35,Orange,20937.87
209,58,car,VISIBLE,5,0,0.5896,675.66,418.11,-0.22,0.21,Black,70339.59
209,52,car,VISIBLE,5,0,0.6265,414.16,668.27,-0.25,0.29,Grey,44750.88
209,51,car,VISIBLE,5,0,0.5691,143.99,346.81,-0.13,0.35,Grey,19649.69
209,55,car,VISIBLE,5,0,0.5465,243.57,432.71,-0.05,0.17,Black,43509.17
209,59,car,VISIBLE,5,0,0.5861,45.43,324.88,-0.24,0.2,Grey,8810.23
209,65,car,VISIBLE,5,0,0.5744,464.06,549.06,-0.07,0.22,Black,66640.74
209,50,car,VISIBLE,5,0,0.5978,1157.68,439.92,0.08,0.3,Black,47332.33
209,64,car,VISIBLE,5,0,0.5171,342.5,365.22,-0.04,0.44,Orange,20826.44
209,63,car,VISIBLE,5,0,0.4705,1075.14,277.48,0.32,0.29,Grey,6542.98
209,81,car,VISIBLE,5,0,0.3202,998.29,201.0,-1.11,0.0,Black,1531.15
209,70,car,VISIBLE,5,0,0.4784,1177.27,307.18,0.38,0.28,Black,14598.27
209,69,car,VISIBLE,5,0,0.5138,136.39,272.93,-0.56,0.13,Grey,9097.74
209,56,car,VISIBLE,5,0,0.4723,282.67,289.49,-0.15,0.29,Grey,9579.39
209,84,bus,VISIBLE,5,0,0.4357,527.32,148.04,-0.04,0.17,Grey,1392.78
209,73,car,VISIBLE,5,0,0.3775,250.0,256.84,-0.04,0.21,Grey,6888.28
209,79,car,VISIBLE,5,0,0.4124,212.84,170.93,0.09,0.18,Black,2358.94
209,78,car,VISIBLE,5,0,0.329,731.63,254.34,0.45,-0.69,Grey,4549.16
209,83,car,VISIBLE,5,0,0.4463,141.74,182.16,-0.04,0.28,Grey,3910.94
209,60,car,VISIBLE,5,0,0.3041,955.81,307.19,0.08,0.24,Black,14868.34
209,85,person,VISIBLE,5,0,0.4833,173.87,195.92,-0.24,0.24,Black,616.6
209,72,car,VISIBLE,5,0,0.3077,409.11,316.28,-0.07,0.25,Grey,15655.08
209,89,car,VISIBLE,5,0,0.2423,1189.61,180.16,-0.0,0.35,Black,1361.17
209,68,car,VISIBLE,5,0,0.1876,825.52,239.0,0.08,0.27,Grey,3724.64
209,71,car,VISIBLE,5,0,0.3183,451.86,288.93,0.1,0.19,Grey,7506.28
209,66,car,VISIBLE,5,0,0.2688,916.8,275.86,0.13,0.28,Grey,7851.33
209,74,car,VISIBLE,5,0,0.2695,312.43,223.75,-0.33,0.25,Grey,3111.46
209,80,car,VISIBLE,5,0,0.2193,1244.58,378.05,0.26,-0.15,Black,9414.96
209,88,person,VISIBLE,5,0,0.1803,1251.69,193.88,-0.02,0.1,Black,367.54
209,61,car,VISIBLE,5,0,0.2718,36.94,389.99,-0.09,0.41,Black,6965.66
209,77,car,VISIBLE,5,0,0.1586,279.07,163.94,0.08,0.16,Grey,1507.84
209,90,car,VISIBLE,3,0,0.1777,1013.63,251.69,0.02,-0.0,Grey,5264.43
209,91,car,VISIBLE,3,0,0.1659,903.87,215.2,-0.29,-0.06,Black,2486.19
209,92,car,VISIBLE,2,0,0.1582,711.22,231.06,0.11,0.74,Grey,3214.3
209,93,car,VISIBLE,2,0,0.181,947.45,200.43,-0.03,-0.01,Black,1270.64
209,94,truck,VISIBLE,1,0,0.1681,816.82,150.35,0.0,0.0,Grey,1166.85
210,6,car,OUT_OF_BOUNDS,196,13,0.856,-49.67,641.9,-4.49,16.59,Grey,11165.82
210,2,car,LOST,63,146,0.0,638.01,424.47,-0.07,-0.12,Purple,160266.72
210,1,car,LOST,63,146,0.0,1211.41,391.48,0.33,-0.18,Red,61898.72
210,8,truck,LOST,63,146,0.0,532.94,170.9,-0.12,-0.68,Grey,2913.99
210,3,car,VISIBLE,174,0,0.5387,644.96,294.19,7.97,0.44,Grey,14386.77
210,4,car,LOST,63,146,0.0,1097.89,334.28,0.5,-0.32,Red,36618.2
210,13,car,OUT_OF_BOUNDS,25,184,0.0,-360.66,592.12,-1.99,0.48,Grey,4493.18
210,11,person,LOST,63,146,0.0,681.8,263.7,-0.28,-0.47,Grey,5659.19
210,9,car,LOST,63,146,0.0,272.99,331.88,-0.67,-0.27,Grey,30084.14
210,12,car,OUT_OF_BOUNDS,23,186,0.0,1556.98,1031.33,1.53,2.78,Grey,4597.82
210,14,chair,OUT_OF_BOUNDS,73,126,0.0,-230.8,366.12,-4.49,0.54,Red,2151.27
210,10,chair,LOST,63,146,0.0,620.59,307.62,-0.16,-0.27,White,1631.45
210,7,person,OUT_OF_BOUNDS,63,146,0.0,-45.86,177.56,-1.16,-0.66,Grey,3580.65
210,15,car,LOST,60,146,0.0,386.52,242.3,-0.44,-0.55,White,4720.41
210,5,truck,LOST,18,191,0.0,152.67,133.0,-0.25,-0.36,Grey,12921.57
210,16,car,LOST,20,182,0.0,889.62,276.79,0.2,-0.44,Grey,8859.77
210,18,can,OUT_OF_BOUNDS,133,17,0.811,-349.22,887.2,-17.12,14.34,Neutral,17843.84
210,21,car,OCCLUDED,148,2,0.978,816.82,387.68,-7.68,9.7,Grey,254432.96
210,22,car,OCCLUDED,130,2,0.978,5.06,262.37,-3.2,4.16,Grey,4471.21
210,19,person,OCCLUDED,148,2,0.978,230.44,71.11,-2.61,0.54,Grey,4590.94
210,20,car,OCCLUDED,148,2,0.978,880.34,131.37,-3.33,-0.54,Grey,10204.53
210,23,chair,OCCLUDED,104,37,0.589,135.19,424.27,-8.87,2.97,Grey,18145.26
210,24,chair,OUT_OF_BOUNDS,110,29,0.678,-415.42,350.4,-18.48,1.66,Grey,18445.89
210,27,chair,OCCLUDED,68,58,0.356,674.11,299.85,-2.07,0.22,Grey,24405.98
210,29,chair,OCCLUDED,6,67,0.256,471.44,274.89,-0.17,0.08,Grey,9648.11
210,30,truck,VISIBLE,56,0,0.1571,759.75,160.86,-2.11,0.65,Grey,1406.8
210,33,car,VISIBLE,56,0,0.2827,856.16,259.25,-0.43,0.33,Grey,5971.0
210,35,person,OCCLUDED,53,2,0.978,910.93,242.22,-7.71,1.08,Grey,7068.9
210,37,truck,OCCLUDED,39,2,0.978,1151.8,118.5,2.25,0.52,Grey,15546.92
210,39,car,VISIBLE,38,0,0.511,1234.87,586.43,0.48,0.16,Grey,20987.2
210,41,car,VISIBLE,11,0,0.6639,799.37,332.78,0.34,0.25,Grey,14651.85
210,44,car,OCCLUDED,31,2,0.978,260.46,329.32,-3.93,1.32,Grey,213428.35
210,43,car,OCCLUDED,31,2,0.978,102.57,221.99,-4.96,-1.16,Grey,39750.12
210,42,car,OCCLUDED,31,2,0.978,920.25,531.48,-1.56,2.8,Grey,274691.47
210,47,car,OCCLUDED,29,2,0.978,1129.59,237.01,-3.83,-0.13,Grey,62318.68
210,48,person,VISIBLE,11,0,0.8155,30.48,217.77,-0.82,0.19,Black,1047.06
210,49,person,OCCLUDED,9,2,0.978,1203.93,190.31,-3.53,0.6,Black,3275.39
210,62,car,VISIBLE,6,0,0.7311,1247.55,225.13,0.08,0.18,Grey,2675.45
210,75,person,VISIBLE,6,0,0.7177,1042.69,96.87,-0.04,0.16,Grey,1567.25
210,86,car,VISIBLE,6,0,0.6554,1086.42,210.45,-1.43,-0.02,Grey,2079.7
210,53,car,VISIBLE,6,0,0.6383,1062.45,655.93,0.12,0.69,Grey,55749.79
210,54,car,VISIBLE,6,0,0.6818,96.98,568.9,-0.19,0.69,Grey,55090.53
210,57,car,VISIBLE,6,0,0.6072,866.26,526.99,0.3,0.43,Grey,65810.51
210,76,truck,VISIBLE,6,0,0.6344,873.89,183.6,0.13,0.13,Orange,5798.37
210,67,car,VISIBLE,6,0,0.5803,1037.43,365.1,0.13,0.33,Orange,20957.15
210,58,car,VISIBLE,6,0,0.6035,675.69,418.38,-0.05,0.26,Black,70431.85
210,52,car,VISIBLE,6,0,0.6245,414.0,668.5,-0.19,0.24,Grey,44596.82
210,51,car,VISIBLE,6,0,0.5736,143.82,346.93,-0.15,0.18,Grey,19607.02
210,55,car,VISIBLE,6,0,0.5335,243.56,432.95,-0.02,0.22,Black,43586.92
210,59,car,VISIBLE,6,0,0.5843,45.21,325.38,-0.22,0.4,Grey,8779.1
210,65,car,VISIBLE,6,0,0.5724,463.98,549.33,-0.08,0.26,Black,66622.81
210,50,car,VISIBLE,6,0,0.6005,1157.8,440.21,0.1,0.29,Black,47366.45
210,64,car,VISIBLE,6,0,0.5454,342.46,365.59,-0.04,0.39,Orange,20781.67
210,63,car,VISIBLE,6,0,0.4726,1075.2,277.7,0.14,0.25,Grey,6573.12
210,81,car,VISIBLE,6,0,0.3461,997.25,201.03,-1.06,0.02,Black,1501.67
210,70,car,VISIBLE,6,0,0.4729,1177.69,307.46,0.41,0.28,Black,14562.62
210,69,car,VISIBLE,6,0,0.4896,135.65,273.31,-0.68,0.3,Grey,9083.15
210,56,car,VISIBLE,6,0,0.4739,282.58,289.76,-0.11,0.28,Grey,9579.88
210,84,bus,VISIBLE,6,0,0.4514,527.23,148.41,-0.07,0.31,Grey,1369.86
210,73,car,VISIBLE,6,0,0.3763,249.93,257.07,-0.07,0.22,Grey,6912.6
210,79,car,VISIBLE,6,0,0.4221,213.01,171.07,0.15,0.15,Black,2365.72
210,78,car,VISIBLE,6,0,0.3402,732.12,253.85,0.48,-0.55,Grey,4402.48
210,83,car,VISIBLE,6,0,0.4672,141.81,182.48,0.04,0.3,Grey,3941.16
210,60,car,VISIBLE,6,0,0.2981,955.9,307.43,0.09,0.24,Black,14840.74
210,85,person,VISIBLE,6,0,0.5228,173.62,196.07,-0.25,0.18,Black,626.97
210,72,car,VISIBLE,6,0,0.3058,409.22,316.47,0.06,0.2,Grey,15650.39
210,89,car,VISIBLE,6,0,0.2209,1189.62,180.67,0.01,0.46,Black,1379.18
210,68,car,VISIBLE,6,0,0.1982,825.57,239.37,0.05,0.33,Grey,3714.11
210,71,car,VISIBLE,6,0,0.3256,452.03,289.15,0.16,0.21,Grey,7527.22
210,66,car,VISIBLE,6,0,0.2774,916.94,276.15,0.14,0.29,Grey,7918.38
210,74,car,VISIBLE,6,0,0.2781,311.98,223.95,-0.42,0.22,Grey,3142.77
210,80,car,VISIBLE,6,0,0.2408,1244.88,379.18,0.29,0.75,Black,9489.87
210,88,person,VISIBLE,6,0,0.1803,1251.66,193.97,-0.03,0.09,Black,365.01
210,61,car,VISIBLE,6,0,0.2796,36.83,390.52,-0.1,0.5,Black,6951.78
210,77,car,VISIBLE,6,0,0.1586,279.1,164.06,0.05,0.13,Grey,1512.79
210,90,car,VISIBLE,4,0,0.1777,1013.65,251.7,0.02,0.01,Grey,5257.66
210,91,car,VISIBLE,4,0,0.1659,903.71,215.17,-0.2,-0.04,Black,2469.45
210,92,car,VISIBLE,3,0,0.1728,711.05,231.78,-0.08,0.73,Grey,3267.99
210,93,car,VISIBLE,3,0,0.181,947.42,200.42,-0.03,-0.01,Black,1268.25
210,94,truck,VISIBLE,2,0,0.1668,816.5,150.2,-0.31,-0.14,Grey,1170.23
210,95,car,VISIBLE,1,0,0.3296,584.23,317.75,0.0,0.0,Black,15142.75
210,96,car,VISIBLE,1,0,0.1675,366.57,246.46,0.0,0.0,Grey,5008.92
211,6,car,OUT_OF_BOUNDS,196,14,0.844,-54.16,658.49,-4.49,16.59,Grey,11165.82
211,2,car,LOST,63,147,0.0,637.94,424.35,-0.07,-0.12,Purple,160266.72
211,1,car,LOST,63,147,0.0,1211.74,391.3,0.33,-0.18,Red,61898.72
211,8,truck,LOST,63,147,0.0,532.82,170.22,-0.12,-0.68,Grey,2913.99
211,3,car,VISIBLE,175,0,0.5629,650.35,293.52,6.16,-0.33,Grey,14516.58
211,4,car,LOST,63,147,0.0,1098.39,333.96,0.5,-0.32,Red,36618.2
211,13,car,OUT_OF_BOUNDS,25,185,0.0,-362.65,592.6,-1.99,0.48,Grey,4493.18
211,11,person,LOST,63,147,0.0,681.52,263.22,-0.28,-0.47,Grey,5659.19
211,9,car,LOST,63,147,0.0,272.32,331.61,-0.67,-0.27,Grey,30084.14
211,12,car,OUT_OF_BOUNDS,23,187,0.0,1558.51,1034.12,1.53,2.78,Grey,4597.82
211,14,chair,OUT_OF_BOUNDS,73,127,0.0,-235.29,366.66,-4.49,0.54,Red,2151.27
211,10,chair,LOST,63,147,0.0,620.42,307.35,-0.16,-0.27,White,1631.45
211,7,person,OUT_OF_BOUNDS,63,147,0.0,-47.02,176.9,-1.16,-0.66,Grey,3580.65
211,15,car,LOST,60,147,0.0,386.08,241.75,-0.44,-0.55,White,4720.41
211,5,truck,LOST,18,192,0.0,152.42,132.64,-0.25,-0.36,Grey,12921.57
211,16,car,LOST,20,183,0.0,889.82,276.36,0.2,-0.44,Grey,8859.77
211,18,can,OUT_OF_BOUNDS,133,18,0.8,-366.34,901.54,-17.12,14.34,Neutral,17843.84
211,21,car,OCCLUDED,148,3,0.967,809.14,397.39,-7.68,9.7,Grey,254432.96
211,22,car,OCCLUDED,130,3,0.967,1.86,266.53,-3.2,4.16,Grey,4471.21
211,19,person,OCCLUDED,148,3,0.967,227.83,71.65,-2.61,0.54,Grey,4590.94
211,20,car,OCCLUDED,148,3,0.967,877.01,130.83,-3.33,-0.54,Grey,10204.53
211,23,chair,OCCLUDED,104,38,0.578,126.32,427.24,-8.87,2.97,Grey,18145.26
211,24,chair,OUT_OF_BOUNDS,110,30,0.667,-433.89,352.05,-18.48,1.66,Grey,18445.89
211,27,chair,OCCLUDED,68,59,0.344,672.04,300.06,-2.07,0.22,Grey,24405.98
211,29,chair,OCCLUDED,6,68,0.244,471.27,274.98,-0.17,0.08,Grey,9648.11
211,30,truck,VISIBLE,57,0,0.1571,757.5,161.51,-2.21,0.65,Grey,1290.04
211,33,car,VISIBLE,57,0,0.3056,857.11,259.02,0.54,-0.06,Grey,5885.33
211,35,person,OCCLUDED,53,3,0.967,903.22,243.29,-7.71,1.08,Grey,7068.9
211,37,truck,OCCLUDED,39,3,0.967,1154.05,119.02,2.25,0.52,Grey,15546.92
211,39,car,VISIBLE,39,0,0.4928,1234.55,582.63,-0.08,-2.62,Grey,21051.39
211,41,car,VISIBLE,12,0,0.6827,799.49,333.01,0.19,0.24,Grey,14645.31
211,44,car,OCCLUDED,31,3,0.967,256.52,330.65,-3.93,1.32,Grey,213428.35
211,43,car,OCCLUDED,31,3,0.967,97.61,220.83,-4.96,-1.16,Grey,39750.12
211,42,car,OCCLUDED,31,3,0.967,918.69,534.28,-1.56,2.8,Grey,274691.47
211,47,car,OCCLUDED,29,3,0.967,1125.76,236.88,-3.83,-0.13,Grey,62318.68
211,48,person,VISIBLE,12,0,0.8184,29.62,217.93,-0.84,0.17,Black,1087.36
211,49,person,OCCLUDED,9,3,0.967,1200.4,190.92,-3.53,0.6,Black,3275.39
211,62,car,VISIBLE,7,0,0.7324,1247.61,225.31,0.07,0.18,Grey,2672.06
211,75,person,VISIBLE,7,0,0.7186,1042.81,96.99,0.06,0.13,Grey,1565.41
211,86,car,VISIBLE,7,0,0.653,1085.14,210.36,-1.32,-0.07,Grey,2061.16
211,53,car,VISIBLE,7,0,0.6421,1062.64,657.01,0.17,0.96,Grey,54765.94
211,54,car,VISIBLE,7,0,0.6794,96.8,569.57,-0.18,0.67,Grey,55071.5
211,57,car,VISIBLE,7,0,0.6318,866.0,527.32,-0.1,0.36,Grey,66087.26
211,76,truck,VISIBLE,7,0,0.6497,873.94,183.72,0.08,0.12,Orange,5780.26
211,67,car,VISIBLE,7,0,0.5923,1037.51,365.38,0.1,0.29,Orange,20964.12
211,58,car,VISIBLE,7,0,0.6199,675.64,418.65,-0.04,0.27,Black,70563.87
211,52,car,VISIBLE,7,0,0.6278,413.82,668.7,-0.18,0.22,Grey,44456.75
211,51,car,VISIBLE,7,0,0.5818,143.66,347.08,-0.16,0.16,Grey,19592.33
211,55,car,VISIBLE,7,0,0.5317,243.48,433.2,-0.06,0.24,Black,43620.28
211,59,car,VISIBLE,7,0,0.5818,45.07,325.63,-0.16,0.3,Grey,8738.17
211,65,car,VISIBLE,7,0,0.5458,463.86,549.65,-0.11,0.3,Black,66682.03
211,50,car,VISIBLE,7,0,0.5959,1157.88,440.42,0.09,0.24,Black,47367.39
211,64,car,VISIBLE,7,0,0.5599,342.38,365.8,-0.07,0.26,Orange,20745.2
211,63,car,VISIBLE,7,0,0.4815,1075.33,277.89,0.13,0.2,Grey,6577.72
211,81,car,VISIBLE,7,0,0.3521,996.34,201.03,-0.96,0.01,Black,1474.35
211,70,car,VISIBLE,7,0,0.4733,1177.99,307.7,0.33,0.25,Black,14557.71
211,69,car,VISIBLE,7,0,0.5072,134.99,273.47,-0.67,0.21,Grey,9067.38
211,56,car,VISIBLE,7,0,0.4683,282.48,290.04,-0.1,0.28,Grey,9574.31
211,84,bus,VISIBLE,7,0,0.475,527.13,148.63,-0.09,0.25,Grey,1340.42
211,73,car,VISIBLE,7,0,0.3775,249.8,257.28,-0.11,0.22,Grey,6944.81
211,79,car,VISIBLE,7,0,0.4141,213.09,171.2,0.1,0.14,Black,2372.23
211,78,car,VISIBLE,7,0,0.4002,732.56,253.48,0.45,-0.43,Grey,4289.23
211,83,car,VISIBLE,7,0,0.4562,141.76,182.76,-0.02,0.29,Grey,3953.67
211,60,car,VISIBLE,7,0,0.3096,955.95,307.68,0.06,0.25,Black,14919.8
211,85,person,VISIBLE,7,0,0.5574,173.37,196.34,-0.25,0.25,Black,637.69
211,72,car,VISIBLE,7,0,0.3085,408.9,316.82,-0.21,0.31,Grey,15669.34
211,89,car,VISIBLE,7,0,0.2243,1189.55,181.04,-0.05,0.4,Black,1394.98
211,68,car,VISIBLE,7,0,0.2192,825.5,239.68,-0.03,0.32,Grey,3702.06
211,71,car,VISIBLE,7,0,0.3075,452.19,289.36,0.16,0.21,Grey,7558.84
211,66,car,VISIBLE,7,0,0.2909,917.03,276.35,0.1,0.23,Grey,7961.38
211,74,car,VISIBLE,7,0,0.2727,311.35,224.06,-0.56,0.14,Grey,3162.26
211,80,car,VISIBLE,7,0,0.2328,1245.14,379.84,0.27,0.69,Black,9485.0
211,88,person,VISIBLE,7,0,0.1803,1251.63,194.05,-0.03,0.08,Black,362.48
211,61,car,VISIBLE,7,0,0.296,36.74,390.89,-0.09,0.41,Black,6934.01
211,77,car,VISIBLE,7,0,0.1586,279.13,164.17,0.03,0.12,Grey,1517.74
211,90,car,VISIBLE,5,0,0.161,1013.81,251.85,0.12,0.11,Grey,5249.42
211,91,car,VISIBLE,5,0,0.1659,903.56,215.15,-0.17,-0.03,Black,2452.76
211,92,car,VISIBLE,4,0,0.2233,710.78,231.89,-0.21,0.29,Grey,3246.47
211,93,car,VISIBLE,4,0,0.1575,944.74,199.76,-1.89,-0.46,Grey,1332.38
211,94,truck,VISIBLE,3,0,0.1775,816.32,150.12,-0.22,-0.11,Grey,1167.11
211,95,car,VISIBLE,2,0,0.3269,584.24,317.93,0.02,0.19,Black,15160.49
211,96,car,VISIBLE,2,0,0.1719,366.54,247.55,-0.03,1.09,Grey,5162.41
211,97,person,VISIBLE,1,0,0.1607,1193.17,197.82,0.0,0.0,Black,458.72
212,6,car,OUT_OF_BOUNDS,196,15,0.833,-58.65,675.08,-4.49,16.59,Grey,11165.82
212,2,car,LOST,63,148,0.0,637.87,424.23,-0.07,-0.12,Purple,160266.72
212,1,car,LOST,63,148,0.0,1212.07,391.12,0.33,-0.18,Red,61898.72
212,8,truck,LOST,63,148,0.0,532.71,169.54,-0.12,-0.68,Grey,2913.99
212,3,car,VISIBLE,176,0,0.6021,654.2,292.64,4.54,-0.72,Grey,14929.53
212,4,car,LOST,63,148,0.0,1098.89,333.64,0.5,-0.32,Red,36618.2
212,13,car,OUT_OF_BOUNDS,25,186,0.0,-364.64,593.07,-1.99,0.48,Grey,4493.18
212,11,person,LOST,63,148,0.0,681.25,262.75,-0.28,-0.47,Grey,5659.19
212,9,car,LOST,63,148,0.0,271.65,331.34,-0.67,-0.27,Grey,30084.14
212,12,car,OUT_OF_BOUNDS,23,188,0.0,1560.04,1036.9,1.53,2.78,Grey,4597.82
212,14,chair,OUT_OF_BOUNDS,73,128,0.0,-239.78,367.2,-4.49,0.54,Red,2151.27
212,10,chair,LOST,63,148,0.0,620.26,307.09,-0.16,-0.27,White,1631.45
212,7,person,OUT_OF_BOUNDS,63,148,0.0,-48.19,176.24,-1.16,-0.66,Grey,3580.65
212,15,car,LOST,60,148,0.0,385.64,241.2,-0.44,-0.55,White,4720.41
212,5,truck,LOST,18,193,0.0,152.17,132.28,-0.25,-0.36,Grey,12921.57
212,16,car,LOST,20,184,0.0,890.02,275.92,0.2,-0.44,Grey,8859.77
212,18,can,OUT_OF_BOUNDS,133,19,0.789,-383.46,915.88,-17.12,14.34,Neutral,17843.84
212,21,car,OCCLUDED,148,4,0.956,801.46,407.09,-7.68,9.7,Grey,254432.96
212,22,car,OCCLUDED,130,4,0.956,-1.34,270.69,-3.2,4.16,Grey,4471.21
212,19,person,OCCLUDED,148,4,0.956,225.22,72.19,-2.61,0.54,Grey,4590.94
212,20,car,OCCLUDED,148,4,0.956,873.68,130.3,-3.33,-0.54,Grey,10204.53
212,23,chair,OCCLUDED,104,39,0.567,117.46,430.2,-8.87,2.97,Grey,18145.26
212,24,chair,OUT_OF_BOUNDS,110,31,0.656,-452.37,353.71,-18.48,1.66,Grey,18445.89
212,27,chair,OCCLUDED,68,60,0.333,669.97,300.28,-2.07,0.22,Grey,24405.98
212,29,chair,OCCLUDED,6,69,0.233,471.1,275.06,-0.17,0.08,Grey,9648.11
212,30,truck,VISIBLE,58,0,0.1571,755.25,162.16,-2.23,0.65,Grey,1168.95
212,33,car,VISIBLE,58,0,0.3345,858.35,258.7,1.03,-0.24,Grey,5777.75
212,35,person,OCCLUDED,53,4,0.956,895.51,244.37,-7.71,1.08,Grey,7068.9
212,37,truck,OCCLUDED,39,4,0.956,1156.29,119.54,2.25,0.52,Grey,15546.92
212,39,car,VISIBLE,40,0,0.517,1234.09,580.64,-0.35,-2.18,Grey,21654.74
212,41,car,VISIBLE,13,0,0.6875,799.58,333.2,0.12,0.2,Grey,14660.44
212,44,car,OCCLUDED,31,4,0.956,252.59,331.97,-3.93,1.32,Grey,213428.35
212,43,car,OCCLUDED,31,4,0.956,92.64,219.66,-4.96,-1.16,Grey,39750.12
212,42,car,OCCLUDED,31,4,0.956,917.13,537.07,-1.56,2.8,Grey,274691.47
212,47,car,OCCLUDED,29,4,0.956,1121.93,236.75,-3.83,-0.13,Grey,62318.68
212,48,person,VISIBLE,13,0,0.8174,28.74,218.03,-0.87,0.12,Black,1126.29
212,49,person,OCCLUDED,9,4,0.956,1196.87,191.52,-3.53,0.6,Black,3275.39
212,62,car,VISIBLE,8,0,0.7422,1247.66,225.46,0.05,0.16,Grey,2669.6
212,75,person,VISIBLE,8,0,0.7139,1042.89,97.1,0.08,0.12,Grey,1566.03
212,86,car,VISIBLE,8,0,0.6714,1083.93,210.28,-1.24,-0.08,Grey,2050.63
212,53,car,VISIBLE,8,0,0.6617,1062.9,658.05,0.23,1.01,Grey,53804.12
212,54,car,VISIBLE,8,0,0.6671,96.69,570.11,-0.13,0.58,Grey,55100.13
212,57,car,VISIBLE,8,0,0.6377,865.78,527.62,-0.18,0.32,Grey,66320.5
212,76,truck,VISIBLE,8,0,0.6787,873.92,183.88,0.01,0.15,Orange,5770.65
212,67,car,VISIBLE,8,0,0.6196,1037.62,365.54,0.11,0.21,Orange,20934.72
212,58,car,VISIBLE,8,0,0.6475,675.67,418.95,0.0,0.28,Black,70741.61
212,52,car,VISIBLE,8,0,0.6285,413.65,668.87,-0.17,0.18,Grey,44354.94
212,51,car,VISIBLE,8,0,0.5827,143.47,347.29,-0.18,0.2,Grey,19620.1
212,55,car,VISIBLE,8,0,0.5539,243.39,433.4,-0.08,0.21,Black,43664.44
212,59,car,VISIBLE,8,0,0.5722,44.89,325.84,-0.18,0.23,Grey,8675.83
212,65,car,VISIBLE,8,0,0.5625,463.78,550.13,-0.08,0.43,Black,66782.49
212,50,car,VISIBLE,8,0,0.6285,1157.95,440.67,0.08,0.25,Black,47400.9
212,64,car,VISIBLE,8,0,0.5546,342.2,365.88,-0.14,0.14,Brown,20797.2
212,63,car,VISIBLE,8,0,0.515,1075.46,278.05,0.13,0.17,Grey,6570.1
212,81,car,VISIBLE,8,0,0.378,995.59,201.01,-0.81,-0.01,Black,1457.09
212,70,car,VISIBLE,8,0,0.487,1178.14,307.88,0.2,0.21,Black,14545.65
212,69,car,VISIBLE,8,0,0.4837,134.51,273.68,-0.54,0.21,Grey,9093.38
212,56,car,VISIBLE,8,0,0.4651,282.41,290.34,-0.08,0.29,Grey,9589.04
212,84,bus,VISIBLE,8,0,0.5143,527.02,148.76,-0.1,0.17,Grey,1306.03
212,73,car,VISIBLE,8,0,0.3709,249.69,257.59,-0.11,0.28,Grey,6962.78
212,79,car,VISIBLE,8,0,0.4045,213.2,171.27,0.11,0.09,Black,2384.53
212,78,car,VISIBLE,8,0,0.4488,732.88,253.25,0.35,-0.29,Grey,4211.22
212,83,car,VISIBLE,8,0,0.4782,141.62,183.1,-0.1,0.33,Grey,3917.62
212,60,car,VISIBLE,8,0,0.3149,956.01,307.92,0.06,0.25,Black,14980.59
212,85,person,VISIBLE,8,0,0.5665,173.1,196.53,-0.26,0.2,Black,648.56
212,72,car,VISIBLE,8,0,0.3156,408.75,317.14,-0.17,0.32,Grey,15659.61
212,89,car,VISIBLE,8,0,0.2409,1189.47,181.34,-0.07,0.33,Black,1400.59
212,68,car,VISIBLE,8,0,0.2435,825.35,239.96,-0.11,0.3,Grey,3704.05
212,71,car,VISIBLE,8,0,0.303,452.25,289.5,0.09,0.16,Grey,7584.02
212,66,car,VISIBLE,8,0,0.2976,917.03,276.5,0.04,0.18,Grey,7979.79
212,74,car,VISIBLE,8,0,0.2674,310.76,224.17,-0.58,0.12,Grey,3192.25
212,80,car,VISIBLE,8,0,0.2357,1245.33,379.26,0.21,-0.2,Black,9323.92
212,88,person,VISIBLE,8,0,0.1803,1251.6,194.13,-0.03,0.08,Black,359.96
212,61,car,VISIBLE,8,0,0.295,36.66,391.15,-0.09,0.3,Black,6917.38
212,77,car,VISIBLE,8,0,0.1586,279.15,164.28,0.03,0.12,Grey,1522.68
212,90,car,VISIBLE,6,0,0.1773,1013.89,252.07,0.09,0.19,Grey,5266.31
212,91,car,OCCLUDED,5,1,0.989,903.39,215.12,-0.17,-0.03,Black,2452.76
212,92,car,VISIBLE,5,0,0.2607,710.54,231.55,-0.23,-0.15,Grey,3190.45
212,93,car,VISIBLE,5,0,0.1833,942.8,199.31,-1.92,-0.46,Grey,1363.19
212,94,truck,VISIBLE,4,0,0.1859,816.22,150.09,-0.13,-0.05,Grey,1161.38
212,95,car,VISIBLE,3,0,0.3393,584.06,318.1,-0.13,0.17,Black,15168.13
212,96,car,VISIBLE,3,0,0.1617,366.55,248.25,-0.01,0.82,Grey,5254.56
212,97,person,VISIBLE,2,0,0.2029,1193.51,198.13,0.34,0.31,Black,450.05
213,6,car,OUT_OF_BOUNDS,196,16,0.822,-63.14,691.67,-4.49,16.59,Grey,11165.82
213,2,car,LOST,63,149,0.0,637.8,424.1,-0.07,-0.12,Purple,160266.72
213,1,car,LOST,63,149,0.0,1212.41,390.94,0.33,-0.18,Red,61898.72
213,8,truck,LOST,63,149,0.0,532.59,168.87,-0.12,-0.68,Grey,2913.99
213,3,car,VISIBLE,177,0,0.5126,658.82,291.75,4.6,-0.84,Grey,15139.16
213,4,car,LOST,63,149,0.0,1099.38,333.31,0.5,-0.32,Red,36618.2
213,13,car,OUT_OF_BOUNDS,25,187,0.0,-366.63,593.55,-1.99,0.48,Grey,4493.18
213,11,person,LOST,63,149,0.0,680.97,262.28,-0.28,-0.47,Grey,5659.19
213,9,car,LOST,63,149,0.0,270.97,331.07,-0.67,-0.27,Grey,30084.14
213,12,car,OUT_OF_BOUNDS,23,189,0.0,1561.57,1039.68,1.53,2.78,Grey,4597.82
213,14,chair,OUT_OF_BOUNDS,73,129,0.0,-244.27,367.74,-4.49,0.54,Red,2151.27
213,10,chair,LOST,63,149,0.0,620.1,306.82,-0.16,-0.27,White,1631.45
213,7,person,OUT_OF_BOUNDS,63,149,0.0,-49.35,175.58,-1.16,-0.66,Grey,3580.65
213,15,car,LOST,60,149,0.0,385.2,240.65,-0.44,-0.55,White,4720.41
213,5,truck,LOST,18,194,0.0,151.91,131.93,-0.25,-0.36,Grey,12921.57
213,16,car,LOST,20,185,0.0,890.22,275.48,0.2,-0.44,Grey,8859.77
213,18,can,OUT_OF_BOUNDS,133,20,0.778,-400.58,930.22,-17.12,14.34,Neutral,17843.84
213,21,car,OCCLUDED,148,5,0.944,793.79,416.79,-7.68,9.7,Grey,254432.96
213,22,car,OCCLUDED,130,5,0.944,-4.54,274.85,-3.2,4.16,Grey,4471.21
213,19,person,OCCLUDED,148,5,0.944,222.61,72.72,-2.61,0.54,Grey,4590.94
213,20,car,OCCLUDED,148,5,0.944,870.35,129.76,-3.33,-0.54,Grey,10204.53
213,23,chair,OCCLUDED,104,40,0.556,108.59,433.17,-8.87,2.97,Grey,18145.26
213,24,chair,OUT_OF_BOUNDS,110,32,0.644,-470.84,355.37,-18.48,1.66,Grey,18445.89
213,27,chair,OCCLUDED,68,61,0.322,667.9,300.49,-2.07,0.22,Grey,24405.98
213,29,chair,OCCLUDED,6,70,0.222,470.92,275.14,-0.17,0.08,Grey,9648.11
213,30,truck,VISIBLE,59,0,0.1571,753.0,162.8,-2.25,0.65,Grey,1043.53
213,33,car,VISIBLE,59,0,0.2693,859.7,258.64,1.26,-0.12,Grey,5729.79
213,35,person,OCCLUDED,53,5,0.944,887.8,245.45,-7.71,1.08,Grey,7068.9
213,37,truck,OCCLUDED,39,5,0.944,1158.54,120.06,2.25,0.52,Grey,15546.92
213,39,car,VISIBLE,41,0,0.4863,1233.43,579.52,-0.56,-1.43,Grey,22356.34
213,41,car,VISIBLE,14,0,0.6058,799.69,333.44,0.12,0.23,Grey,14687.46
213,44,car,OCCLUDED,31,5,0.944,248.66,333.29,-3.93,1.32,Grey,213428.35
213,43,car,OCCLUDED,31,5,0.944,87.68,218.5,-4.96,-1.16,Grey,39750.12
213,42,car,OCCLUDED,31,5,0.944,915.57,539.87,-1.56,2.8,Grey,274691.47
213,47,car,OCCLUDED,29,5,0.944,1118.1,236.62,-3.83,-0.13,Grey,62318.68
213,48,person,VISIBLE,14,0,0.8192,27.7,218.06,-0.99,0.06,Black,1166.14
213,49,person,OCCLUDED,9,5,0.944,1193.34,192.13,-3.53,0.6,Black,3275.39
213,62,car,VISIBLE,9,0,0.7284,1247.64,225.66,0.01,0.19,Grey,2669.04
213,75,person,VISIBLE,9,0,0.7048,1043.06,97.34,0.14,0.2,Grey,1573.5
213,86,car,VISIBLE,9,0,0.6579,1082.7,210.28,-1.23,-0.02,Grey,2034.93
213,53,car,VISIBLE,9,0,0.6283,1063.0,658.31,0.14,0.49,Grey,53553.62
213,54,car,VISIBLE,9,0,0.6725,96.64,570.55,-0.08,0.48,Grey,55146.02
213,57,car,VISIBLE,9,0,0.6029,865.61,527.93,-0.17,0.32,Grey,66560.5
213,76,truck,VISIBLE,9,0,0.6375,873.96,184.01,0.03,0.14,Orange,5782.71
213,67,car,VISIBLE,9,0,0.5609,1037.77,365.77,0.14,0.22,Orange,20947.94
213,58,car,VISIBLE,9,0,0.5917,675.66,419.22,-0.0,0.28,Grey,70908.49
213,52,car,VISIBLE,9,0,0.5867,413.42,669.07,-0.21,0.2,Grey,44229.23
213,51,car,VISIBLE,9,0,0.5908,143.32,347.51,-0.16,0.21,Grey,19630.7
213,55,car,VISIBLE,9,0,0.5377,243.21,433.67,-0.15,0.25,Black,43693.56
213,59,car,VISIBLE,9,0,0.5663,44.58,326.21,-0.27,0.33,Grey,8649.05
213,65,car,VISIBLE,9,0,0.5548,463.51,550.88,-0.21,0.65,Black,67089.21
213,50,car,VISIBLE,9,0,0.5866,1157.97,440.94,0.04,0.26,Black,47455.74
213,64,car,VISIBLE,9,0,0.5021,341.5,365.81,-0.53,-0.0,Brown,20962.24
213,63,car,VISIBLE,9,0,0.4591,1075.54,278.29,0.09,0.22,Grey,6579.33
213,81,car,VISIBLE,9,0,0.3334,994.65,201.07,-0.9,0.04,Black,1434.67
213,70,car,VISIBLE,9,0,0.4615,1178.08,308.1,0.02,0.21,Black,14574.01
213,69,car,VISIBLE,9,0,0.5003,134.0,273.92,-0.51,0.23,Grey,9136.9
213,56,car,VISIBLE,9,0,0.4488,282.33,290.53,-0.08,0.22,Grey,9596.32
213,84,bus,VISIBLE,9,0,0.4398,526.84,148.63,-0.16,-0.04,Grey,1265.25
213,73,car,VISIBLE,9,0,0.3474,249.62,257.97,-0.08,0.35,Grey,6962.06
213,79,car,VISIBLE,9,0,0.3916,213.2,171.25,0.03,0.02,Black,2390.5
213,78,car,VISIBLE,9,0,0.3025,733.22,253.13,0.35,-0.17,Grey,4148.99
213,83,car,VISIBLE,9,0,0.4853,141.62,183.38,-0.03,0.29,Grey,3890.71
213,60,car,VISIBLE,9,0,0.3024,955.87,308.49,-0.08,0.47,Black,15039.28
213,85,person,VISIBLE,9,0,0.5832,172.33,196.61,-0.62,0.12,Black,674.85
213,72,car,VISIBLE,9,0,0.3031,408.7,317.5,-0.08,0.34,Grey,15635.45
213,89,car,VISIBLE,9,0,0.1986,1189.76,181.66,0.18,0.32,Black,1425.74
213,68,car,VISIBLE,9,0,0.1947,825.19,240.38,-0.14,0.38,Grey,3722.88
213,71,car,VISIBLE,9,0,0.2831,452.19,289.6,-0.01,0.12,Grey,7612.76
213,66,car,VISIBLE,9,0,0.256,916.99,276.74,-0.02,0.21,Grey,7985.91
213,74,car,VISIBLE,9,0,0.2477,310.15,224.28,-0.6,0.11,Grey,3204.03
213,80,car,VISIBLE,9,0,0.2111,1245.62,379.11,0.26,-0.17,Black,9192.47
213,88,person,VISIBLE,9,0,0.1803,1251.57,194.22,-0.03,0.08,Black,357.43
213,61,car,VISIBLE,9,0,0.3218,36.59,391.29,-0.08,0.19,Black,6883.0
213,77,car,VISIBLE,9,0,0.1586,279.19,164.39,0.03,0.11,Grey,1527.62
213,90,car,VISIBLE,7,0,0.1773,1013.96,252.19,0.08,0.13,Grey,5266.49
213,91,car,OCCLUDED,5,2,0.978,903.22,215.09,-0.17,-0.03,Black,2452.76
213,92,car,VISIBLE,6,0,0.1687,710.28,231.14,-0.25,-0.33,Grey,3124.48
213,93,car,VISIBLE,6,0,0.1833,941.61,199.03,-1.41,-0.33,Grey,1384.14
213,94,truck,VISIBLE,5,0,0.1637,816.17,150.07,-0.07,-0.02,Grey,1149.63
213,95,car,VISIBLE,4,0,0.318,584.11,318.32,0.0,0.21,Black,15241.33
213,96,car,VISIBLE,4,0,0.1727,366.44,248.49,-0.08,0.41,Grey,5261.13
213,97,person,VISIBLE,3,0,0.2029,1193.61,198.23,0.17,0.16,Black,448.22
214,6,car,OUT_OF_BOUNDS,196,17,0.811,-67.63,708.26,-4.49,16.59,Grey,11165.82
214,2,car,LOST,63,150,0.0,637.73,423.98,-0.07,-0.12,Purple,160266.72
214,1,car,LOST,63,150,0.0,1212.74,390.76,0.33,-0.18,Red,61898.72
214,8,truck,LOST,63,150,0.0,532.48,168.19,-0.12,-0.68,Grey,2913.99
214,3,car,VISIBLE,178,0,0.5494,663.71,290.94,4.8,-0.81,Grey,15202.15
214,4,car,LOST,63,150,0.0,1099.88,332.99,0.5,-0.32,Red,36618.2
214,13,car,OUT_OF_BOUNDS,25,188,0.0,-368.63,594.02,-1.99,0.48,Grey,4493.18
214,11,person,LOST,63,150,0.0,680.69,261.8,-0.28,-0.47,Grey,5659.19
214,9,car,LOST,63,150,0.0,270.3,330.8,-0.67,-0.27,Grey,30084.14
214,12,car,OUT_OF_BOUNDS,23,190,0.0,1563.1,1042.47,1.53,2.78,Grey,4597.82
214,14,chair,OUT_OF_BOUNDS,73,130,0.0,-248.76,368.28,-4.49,0.54,Red,2151.27
214,10,chair,LOST,63,150,0.0,619.94,306.55,-0.16,-0.27,White,1631.45
214,7,person,OUT_OF_BOUNDS,63,150,0.0,-50.51,174.92,-1.16,-0.66,Grey,3580.65
214,15,car,LOST,60,150,0.0,384.76,240.1,-0.44,-0.55,White,4720.41
214,5,truck,LOST,18,195,0.0,151.66,131.57,-0.25,-0.36,Grey,12921.57
214,16,car,LOST,20,186,0.0,890.42,275.04,0.2,-0.44,Grey,8859.77
214,18,can,OUT_OF_BOUNDS,133,21,0.767,-417.7,944.56,-17.12,14.34,Neutral,17843.84
214,21,car,OCCLUDED,148,6,0.933,786.11,426.5,-7.68,9.7,Grey,254432.96
214,22,car,OCCLUDED,130,6,0.933,-7.74,279.0,-3.2,4.16,Grey,4471.21
214,19,person,OCCLUDED,148,6,0.933,220.0,73.26,-2.61,0.54,Grey,4590.94
214,20,car,OCCLUDED,148,6,0.933,867.02,129.23,-3.33,-0.54,Grey,10204.53
214,23,chair,OCCLUDED,104,41,0.544,99.72,436.13,-8.87,2.97,Grey,18145.26
214,24,chair,OUT_OF_BOUNDS,110,33,0.633,-489.32,357.02,-18.48,1.66,Grey,18445.89
214,27,chair,OCCLUDED,68,62,0.311,665.83,300.71,-2.07,0.22,Grey,24405.98
214,29,chair,OCCLUDED,6,71,0.211,470.75,275.23,-0.17,0.08,Grey,9648.11
214,30,truck,OCCLUDED,59,1,0.989,750.75,163.45,-2.25,0.65,Grey,1043.53
214,33,car,VISIBLE,60,0,0.2761,860.95,258.68,1.26,-0.01,Grey,5691.76
214,35,person,OCCLUDED,53,6,0.933,880.09,246.53,-7.71,1.08,Grey,7068.9
214,37,truck,OCCLUDED,39,6,0.933,1160.79,120.59,2.25,0.52,Grey,15546.92
214,39,car,VISIBLE,42,0,0.4757,1232.89,578.54,-0.55,-1.12,Grey,22866.73
214,41,car,VISIBLE,15,0,0.6114,799.73,333.62,0.06,0.19,Grey,14695.38
214,44,car,OCCLUDED,31,6,0.933,244.73,334.61,-3.93,1.32,Grey,213428.35
214,43,car,OCCLUDED,31,6,0.933,82.72,217.34,-4.96,-1.16,Grey,39750.12
214,42,car,OCCLUDED,31,6,0.933,914.02,542.67,-1.56,2.8,Grey,274691.47
214,47,car,OCCLUDED,29,6,0.933,1114.27,236.5,-3.83,-0.13,Grey,62318.68
214,48,person,VISIBLE,15,0,0.8132,26.39,218.12,-1.21,0.06,Black,1174.75
214,49,person,OCCLUDED,9,6,0.933,1189.82,192.73,-3.53,0.6,Black,3275.39
214,62,car,VISIBLE,10,0,0.7285,1247.64,225.91,-0.0,0.23,Grey,2672.65
214,75,person,VISIBLE,10,0,0.6966,1043.29,97.61,0.2,0.26,Grey,1580.52
214,86,car,VISIBLE,10,0,0.6513,1081.49,210.32,-1.22,0.02,Grey,1998.32
214,53,car,VISIBLE,10,0,0.6198,1063.02,658.88,0.06,0.55,Grey,53030.27
214,54,car,VISIBLE,10,0,0.6714,96.59,571.0,-0.06,0.46,Grey,55173.47
214,57,car,VISIBLE,10,0,0.603,865.71,528.22,0.02,0.29,Grey,66654.97
214,76,truck,VISIBLE,10,0,0.6456,874.07,184.25,0.08,0.21,Orange,5798.61
214,67,car,VISIBLE,10,0,0.5635,1037.83,365.91,0.08,0.16,Orange,20931.54
214,58,car,VISIBLE,10,0,0.5991,675.86,419.54,0.14,0.31,Grey,71167.85
214,52,car,VISIBLE,10,0,0.6075,413.12,669.44,-0.28,0.32,Grey,43898.53
214,51,car,VISIBLE,10,0,0.5786,143.19,347.82,-0.14,0.28,Grey,19693.37
214,55,car,VISIBLE,10,0,0.5366,242.94,433.99,-0.23,0.3,Black,43653.55
214,59,car,VISIBLE,10,0,0.5369,44.25,326.55,-0.31,0.33,Grey,8626.65
214,65,car,VISIBLE,10,0,0.5378,463.29,551.51,-0.22,0.64,Black,67336.87
214,50,car,VISIBLE,10,0,0.5879,1158.03,441.18,0.06,0.24,Black,47477.54
214,64,car,VISIBLE,10,0,0.5133,340.96,365.77,-0.54,-0.03,Brown,21132.44
214,63,car,VISIBLE,10,0,0.464,1075.58,278.49,0.06,0.21,Grey,6598.16
214,81,car,VISIBLE,10,0,0.3494,993.88,201.09,-0.82,0.03,Black,1419.4
214,70,car,VISIBLE,10,0,0.4577,1178.3,308.36,0.16,0.25,Black,14653.73
214,69,car,VISIBLE,10,0,0.4653,133.44,274.17,-0.55,0.24,Grey,9187.17
214,56,car,VISIBLE,10,0,0.4443,282.28,290.37,-0.06,-0.05,Grey,9638.77
214,84,bus,VISIBLE,10,0,0.4642,526.71,148.47,-0.14,-0.13,Grey,1242.37
214,73,car,VISIBLE,10,0,0.345,249.59,258.28,-0.05,0.32,Grey,6944.06
214,79,car,VISIBLE,10,0,0.3786,213.14,171.26,-0.03,0.01,Black,2384.85
214,78,car,VISIBLE,10,0,0.3276,733.25,253.22,0.13,0.01,Grey,4143.58
214,83,car,VISIBLE,10,0,0.4729,141.7,183.37,0.05,0.08,Grey,3934.65
214,60,car,VISIBLE,10,0,0.3006,955.71,308.9,-0.14,0.43,Black,15075.57
214,85,person,VISIBLE,10,0,0.6198,171.49,196.83,-0.78,0.19,Black,706.11
214,72,car,VISIBLE,10,0,0.2848,409.24,317.55,0.35,0.13,Grey,15648.54
214,89,car,VISIBLE,10,0,0.1967,1190.19,181.9,0.36,0.27,Black,1436.49
214,68,car,VISIBLE,10,0,0.2055,825.1,240.77,-0.11,0.39,Grey,3751.66
214,71,car,VISIBLE,10,0,0.2794,452.26,289.85,0.05,0.21,Grey,7682.31
214,66,car,VISIBLE,10,0,0.2534,916.85,277.82,-0.11,0.82,Grey,8029.78
214,74,car,VISIBLE,10,0,0.2337,309.62,224.45,-0.55,0.15,Grey,3223.5
214,80,car,VISIBLE,10,0,0.2179,1245.97,379.62,0.33,0.31,Black,9178.58
214,88,person,OCCLUDED,9,1,0.989,1251.53,194.3,-0.03,0.08,Black,357.43
214,61,car,VISIBLE,10,0,0.319,36.49,391.52,-0.09,0.22,Black,6872.3
214,77,car,VISIBLE,10,0,0.1586,279.21,164.5,0.03,0.11,Grey,1532.55
214,90,car,VISIBLE,8,0,0.1682,1014.09,252.95,0.11,0.58,Grey,5314.86
214,91,car,OCCLUDED,5,3,0.967,903.05,215.06,-0.17,-0.03,Black,2452.76
214,92,car,VISIBLE,7,0,0.1756,710.08,230.4,-0.22,-0.62,Grey,3027.78
214,93,car,VISIBLE,7,0,0.1833,940.42,198.75,-1.26,-0.3,Grey,1404.86
214,94,truck,VISIBLE,6,0,0.193,816.0,150.21,-0.14,0.09,Grey,1149.37
214,95,car,VISIBLE,5,0,0.3141,584.02,318.45,-0.07,0.15,Black,15290.02
214,96,car,VISIBLE,5,0,0.1603,366.29,248.36,-0.13,0.04,Grey,5200.69
214,97,person,VISIBLE,4,0,0.2029,1193.72,198.33,0.13,0.12,Black,446.39
215,6,car,OUT_OF_BOUNDS,196,18,0.8,-72.12,724.85,-4.49,16.59,Grey,11165.82
215,2,car,LOST,63,151,0.0,637.66,423.86,-0.07,-0.12,Purple,160266.72
215,1,car,LOST,63,151,0.0,1213.07,390.57,0.33,-0.18,Red,61898.72
215,8,truck,LOST,63,151,0.0,532.36,167.52,-0.12,-0.68,Grey,2913.99
215,3,car,VISIBLE,179,0,0.5399,667.14,290.31,3.84,-0.69,Grey,15218.94
215,4,car,LOST,63,151,0.0,1100.38,332.67,0.5,-0.32,Red,36618.2
215,13,car,OUT_OF_BOUNDS,25,189,0.0,-370.62,594.5,-1.99,0.48,Grey,4493.18
215,11,person,LOST,63,151,0.0,680.41,261.33,-0.28,-0.47,Grey,5659.19
215,9,car,LOST,63,151,0.0,269.63,330.53,-0.67,-0.27,Grey,30084.14
215,12,car,OUT_OF_BOUNDS,23,191,0.0,1564.63,1045.25,1.53,2.78,Grey,4597.82
215,14,chair,OUT_OF_BOUNDS,73,131,0.0,-253.25,368.82,-4.49,0.54,Red,2151.27
215,10,chair,LOST,63,151,0.0,619.78,306.28,-0.16,-0.27,White,1631.45
215,7,person,OUT_OF_BOUNDS,63,151,0.0,-51.68,174.26,-1.16,-0.66,Grey,3580.65
215,15,car,LOST,60,151,0.0,384.32,239.55,-0.44,-0.55,White,4720.41
215,5,truck,LOST,18,196,0.0,151.41,131.21,-0.25,-0.36,Grey,12921.57
215,16,car,LOST,20,187,0.0,890.62,274.6,0.2,-0.44,Grey,8859.77
215,18,can,OUT_OF_BOUNDS,133,22,0.756,-434.82,958.9,-17.12,14.34,Neutral,17843.84
215,21,car,OCCLUDED,148,7,0.922,778.44,436.2,-7.68,9.7,Grey,254432.96
215,22,car,OCCLUDED,130,7,0.922,-10.94,283.16,-3.2,4.16,Grey,4471.21
215,19,person,OCCLUDED,148,7,0.922,217.39,73.8,-2.61,0.54,Grey,4590.94
215,20,car,OCCLUDED,148,7,0.922,863.69,128.69,-3.33,-0.54,Grey,10204.53
215,23,chair,OCCLUDED,104,42,0.533,90.85,439.1,-8.87,2.97,Grey,18145.26
215,24,chair,OUT_OF_BOUNDS,110,34,0.622,-507.8,358.68,-18.48,1.66,Grey,18445.89
215,27,chair,OCCLUDED,68,63,0.3,663.76,300.92,-2.07,0.22,Grey,24405.98
215,29,chair,OCCLUDED,6,72,0.2,470.58,275.31,-0.17,0.08,Grey,9648.11
215,30,truck,OCCLUDED,59,2,0.978,748.51,164.09,-2.25,0.65,Grey,1043.53
215,33,car,VISIBLE,61,0,0.2856,862.09,258.75,1.17,0.05,Grey,5674.19
215,35,person,OCCLUDED,53,7,0.922,872.38,247.61,-7.71,1.08,Grey,7068.9
215,37,truck,OCCLUDED,39,7,0.922,1163.03,121.11,2.25,0.52,Grey,15546.92
215,39,car,VISIBLE,43,0,0.4652,1232.47,577.25,-0.46,-1.24,Grey,23204.42
215,41,car,VISIBLE,16,0,0.5983,799.72,333.73,0.01,0.13,Grey,14714.71
215,44,car,OCCLUDED,31,7,0.922,240.8,335.93,-3.93,1.32,Grey,213428.35
215,43,car,OCCLUDED,31,7,0.922,77.76,216.18,-4.96,-1.16,Grey,39750.12
215,42,car,OCCLUDED,31,7,0.922,912.46,545.47,-1.56,2.8,Grey,274691.47
215,47,car,OCCLUDED,29,7,0.922,1110.44,236.37,-3.83,-0.13,Grey,62318.68
215,48,person,VISIBLE,16,0,0.7979,25.34,218.18,-1.1,0.06,Black,1164.3
215,49,person,OCCLUDED,9,7,0.922,1186.29,193.34,-3.53,0.6,Black,3275.39
215,62,car,VISIBLE,11,0,0.7314,1247.63,226.12,-0.0,0.22,Grey,2677.12
215,75,person,VISIBLE,11,0,0.6904,1043.35,97.83,0.1,0.23,Grey,1574.54
215,86,car,VISIBLE,11,0,0.651,1080.18,210.33,-1.28,0.01,Grey,1980.9
215,53,car,VISIBLE,11,0,0.5894,1063.03,658.87,0.02,0.16,Grey,53029.6
215,54,car,VISIBLE,11,0,0.6711,96.6,571.5,-0.01,0.49,Grey,55249.43
215,57,car,VISIBLE,11,0,0.5698,866.0,528.51,0.21,0.3,Grey,66756.82
215,76,truck,VISIBLE,11,0,0.657,874.16,184.47,0.09,0.22,Orange,5815.51
215,67,car,VISIBLE,11,0,0.5753,1037.97,366.04,0.13,0.14,Orange,20901.11
215,58,car,VISIBLE,11,0,0.5993,676.0,419.86,0.14,0.31,Grey,71434.91
215,52,car,VISIBLE,11,0,0.6047,412.94,669.83,-0.2,0.36,Grey,43566.62
215,51,car,VISIBLE,11,0,0.5768,143.15,348.21,-0.07,0.36,Grey,19757.84
215,55,car,VISIBLE,11,0,0.5436,242.63,434.3,-0.29,0.31,Black,43605.48
215,59,car,VISIBLE,11,0,0.5407,43.94,326.75,-0.31,0.24,Grey,8596.75
215,65,car,VISIBLE,11,0,0.5144,463.09,551.69,-0.21,0.32,Black,67306.05
215,50,car,VISIBLE,11,0,0.5754,1158.08,441.44,0.04,0.25,Black,47521.58
215,64,car,VISIBLE,11,0,0.5169,340.55,366.08,-0.45,0.2,Brown,21191.6
215,63,car,VISIBLE,11,0,0.4616,1075.63,278.69,0.05,0.2,Grey,6605.99
215,81,car,VISIBLE,11,0,0.3575,993.0,201.06,-0.86,-0.02,Black,1413.36
215,70,car,VISIBLE,11,0,0.4506,1178.53,308.59,0.21,0.23,Black,14723.56
215,69,car,VISIBLE,11,0,0.459,132.88,274.38,-0.56,0.22,Grey,9186.4
215,56,car,VISIBLE,11,0,0.4446,282.25,290.31,-0.04,-0.06,Grey,9655.2
215,84,bus,VISIBLE,11,0,0.4812,526.64,148.48,-0.09,-0.03,Grey,1233.43
215,73,car,VISIBLE,11,0,0.3484,249.54,258.5,-0.05,0.25,Grey,6920.43
215,79,car,VISIBLE,11,0,0.3695,213.08,171.31,-0.05,0.04,Black,2370.81
215,78,car,VISIBLE,11,0,0.3294,733.46,253.43,0.19,0.15,Grey,4138.37
215,83,car,VISIBLE,11,0,0.4543,141.66,183.34,-0.02,0.01,Grey,3952.51
215,60,car,VISIBLE,11,0,0.3033,955.67,309.27,-0.07,0.39,Black,15101.66
215,85,person,VISIBLE,11,0,0.624,170.77,197.03,-0.73,0.2,Black,724.39
215,72,car,VISIBLE,11,0,0.2764,409.19,317.87,0.07,0.27,Grey,15604.6
215,89,car,VISIBLE,11,0,0.1912,1190.43,182.02,0.27,0.17,Black,1440.9
215,68,car,VISIBLE,11,0,0.2135,825.06,241.09,-0.06,0.34,Grey,3762.85
215,71,car,VISIBLE,11,0,0.2813,452.31,290.07,0.05,0.22,Grey,7738.65
215,66,car,VISIBLE,11,0,0.2528,916.7,278.56,-0.14,0.77,Grey,8055.14
215,74,car,VISIBLE,11,0,0.1991,309.08,224.64,-0.54,0.18,Grey,3245.26
215,80,car,VISIBLE,11,0,0.2086,1246.32,380.62,0.34,0.79,Black,9211.28
215,88,person,OCCLUDED,9,2,0.978,1251.5,194.39,-0.03,0.08,Black,357.43
215,61,car,VISIBLE,11,0,0.3209,36.41,391.85,-0.09,0.29,Black,6880.48
215,77,car,OCCLUDED,10,1,0.989,279.24,164.62,0.03,0.11,Grey,1532.55
215,90,car,VISIBLE,9,0,0.1862,1014.12,253.59,0.05,0.62,Grey,5358.44
215,91,car,VISIBLE,6,0,0.1618,1116.35,176.07,37.19,-6.85,Grey,960.25
215,92,car,VISIBLE,8,0,0.1775,710.09,229.77,-0.06,-0.62,Grey,2935.9
215,93,car,OCCLUDED,7,1,0.989,939.16,198.45,-1.26,-0.3,Grey,1404.86
215,94,truck,VISIBLE,7,0,0.2132,815.9,150.43,-0.11,0.18,Grey,1152.63
215,95,car,VISIBLE,6,0,0.3134,583.96,318.68,-0.06,0.2,Black,15302.6
215,96,car,VISIBLE,6,0,0.1581,366.15,248.62,-0.13,0.2,Grey,5213.39
215,97,person,VISIBLE,5,0,0.1728,1194.64,198.44,0.69,0.12,Black,448.16
216,6,car,OUT_OF_BOUNDS,196,19,0.789,-76.61,741.43,-4.49,16.59,Grey,11165.82
216,2,car,LOST,63,152,0.0,637.59,423.73,-0.07,-0.12,Purple,160266.72
216,1,car,LOST,63,152,0.0,1213.4,390.39,0.33,-0.18,Red,61898.72
216,8,truck,LOST,63,152,0.0,532.24,166.84,-0.12,-0.68,Grey,2913.99
216,3,car,VISIBLE,180,0,0.5555,669.55,289.82,2.84,-0.55,Grey,15222.85
216,4,car,LOST,63,152,0.0,1100.88,332.34,0.5,-0.32,Red,36618.2
216,13,car,OUT_OF_BOUNDS,25,190,0.0,-372.61,594.98,-1.99,0.48,Grey,4493.18
216,11,person,LOST,63,152,0.0,680.14,260.85,-0.28,-0.47,Grey,5659.19
216,9,car,LOST,63,152,0.0,268.96,330.25,-0.67,-0.27,Grey,30084.14
216,12,car,OUT_OF_BOUNDS,23,192,0.0,1566.16,1048.03,1.53,2.78,Grey,4597.82
216,14,chair,OUT_OF_BOUNDS,73,132,0.0,-257.74,369.36,-4.49,0.54,Red,2151.27
216,10,chair,LOST,63,152,0.0,619.62,306.01,-0.16,-0.27,White,1631.45
216,7,person,OUT_OF_BOUNDS,63,152,0.0,-52.84,173.6,-1.16,-0.66,Grey,3580.65
216,15,car,LOST,60,152,0.0,383.88,239.0,-0.44,-0.55,White,4720.41
216,5,truck,LOST,18,197,0.0,151.15,130.86,-0.25,-0.36,Grey,12921.57
216,16,car,LOST,20,188,0.0,890.82,274.16,0.2,-0.44,Grey,8859.77
216,18,can,OUT_OF_BOUNDS,133,23,0.744,-451.94,973.24,-17.12,14.34,Neutral,17843.84
216,21,car,OCCLUDED,148,8,0.911,770.76,445.9,-7.68,9.7,Grey,254432.96
216,22,car,OCCLUDED,130,8,0.911,-14.14,287.32,-3.2,4.16,Grey,4471.21
216,19,person,OCCLUDED,148,8,0.911,214.78,74.34,-2.61,0.54,Grey,4590.94
216,20,car,OCCLUDED,148,8,0.911,860.36,128.16,-3.33,-0.54,Grey,10204.53
216,23,chair,OCCLUDED,104,43,0.522,81.98,442.07,-8.87,2.97,Grey,18145.26
216,24,chair,OUT_OF_BOUNDS,110,35,0.611,-526.27,360.33,-18.48,1.66,Grey,18445.89
216,27,chair,OCCLUDED,68,64,0.289,661.69,301.14,-2.07,0.22,Grey,24405.98
216,29,chair,OCCLUDED,6,73,0.189,470.41,275.4,-0.17,0.08,Grey,9648.11
216,30,truck,OCCLUDED,59,3,0.967,746.26,164.74,-2.25,0.65,Grey,1043.53
216,33,car,VISIBLE,62,0,0.2987,862.95,258.77,0.96,0.03,Grey,5651.79
216,35,person,OCCLUDED,53,8,0.911,864.67,248.69,-7.71,1.08,Grey,7068.9
216,37,truck,OCCLUDED,39,8,0.911,1165.28,121.63,2.25,0.52,Grey,15546.92
216,39,car,VISIBLE,44,0,0.4531,1232.24,576.48,-0.29,-0.91,Grey,23503.05
216,41,car,VISIBLE,17,0,0.6125,799.62,333.85,-0.06,0.12,Grey,14744.6
216,44,car,OCCLUDED,31,8,0.911,236.87,337.26,-3.93,1.32,Grey,213428.35
216,43,car,OCCLUDED,31,8,0.911,72.79,215.01,-4.96,-1.16,Grey,39750.12
216,42,car,OCCLUDED,31,8,0.911,910.9,548.26,-1.56,2.8,Grey,274691.47
216,47,car,OCCLUDED,29,8,0.911,1106.61,236.24,-3.83,-0.13,Grey,62318.68
216,48,person,VISIBLE,17,0,0.7958,24.56,218.44,-0.88,0.2,Black,1144.55
216,49,person,OCCLUDED,9,8,0.911,1182.76,193.94,-3.53,0.6,Black,3275.39
216,62,car,VISIBLE,12,0,0.7344,1247.64,226.3,0.01,0.19,Grey,2682.28
216,75,person,VISIBLE,12,0,0.6901,1043.38,98.03,0.05,0.2,Grey,1563.86
216,86,car,VISIBLE,12,0,0.6494,1078.88,210.29,-1.3,-0.02,Grey,1941.03
216,53,car,VISIBLE,12,0,0.6057,1063.07,659.56,0.04,0.53,Grey,52413.72
216,54,car,VISIBLE,12,0,0.6668,96.53,571.97,-0.05,0.48,Grey,55263.1
216,57,car,VISIBLE,12,0,0.5778,866.15,528.72,0.17,0.23,Grey,66837.37
216,76,truck,VISIBLE,12,0,0.6689,874.25,184.72,0.09,0.24,Orange,5826.64
216,67,car,VISIBLE,12,0,0.5829,1038.03,366.17,0.07,0.14,Orange,20862.88
216,58,car,VISIBLE,12,0,0.6115,676.36,420.16,0.3,0.3,Black,71594.68
216,52,car,VISIBLE,12,0,0.6168,412.77,670.14,-0.18,0.33,Grey,43301.54
216,51,car,VISIBLE,12,0,0.5688,143.13,348.56,-0.03,0.36,Grey,19811.19
216,55,car,VISIBLE,12,0,0.5363,242.34,434.54,-0.29,0.26,Black,43566.71
216,59,car,VISIBLE,12,0,0.5537,43.58,326.88,-0.34,0.16,Grey,8521.98
216,65,car,VISIBLE,12,0,0.5134,462.92,551.94,-0.18,0.27,Black,67328.39
216,50,car,VISIBLE,12,0,0.5804,1158.14,441.68,0.06,0.25,Black,47556.63
216,64,car,VISIBLE,12,0,0.5231,340.25,366.4,-0.34,0.29,Brown,21218.92
216,63,car,VISIBLE,12,0,0.4568,1075.66,278.91,0.04,0.21,Grey,6616.11
216,81,car,VISIBLE,12,0,0.3508,991.98,200.98,-0.97,-0.06,Black,1407.79
216,70,car,VISIBLE,12,0,0.4355,1178.78,308.76,0.24,0.19,Black,14780.97
216,69,car,VISIBLE,12,0,0.4751,132.36,274.69,-0.53,0.28,Grey,9122.36
216,56,car,VISIBLE,12,0,0.4444,282.26,290.31,-0.01,-0.02,Grey,9659.86
216,84,bus,VISIBLE,12,0,0.4855,526.59,148.58,-0.07,0.06,Grey,1234.62
216,73,car,VISIBLE,12,0,0.3579,249.48,258.73,-0.06,0.23,Grey,6911.64
216,79,car,VISIBLE,12,0,0.3733,213.0,171.4,-0.07,0.07,Black,2352.37
216,78,car,VISIBLE,12,0,0.356,733.7,253.57,0.22,0.15,Grey,4117.11
216,83,car,VISIBLE,12,0,0.4552,141.56,183.24,-0.08,-0.07,Black,3986.32
216,60,car,VISIBLE,12,0,0.2988,955.91,309.25,0.15,0.1,Black,15137.96
216,85,person,VISIBLE,12,0,0.6259,170.23,197.27,-0.6,0.23,Black,728.12
216,72,car,VISIBLE,12,0,0.2816,409.25,318.15,0.06,0.28,Grey,15545.5
216,89,car,VISIBLE,12,0,0.1917,1190.54,182.05,0.16,0.07,Black,1442.05
216,68,car,VISIBLE,12,0,0.2214,825.0,241.26,-0.06,0.22,Grey,3776.3
216,71,car,VISIBLE,12,0,0.2896,452.31,290.27,0.01,0.21,Grey,7786.62
216,66,car,VISIBLE,12,0,0.2515,916.64,279.01,-0.08,0.54,Grey,8070.88
216,74,car,VISIBLE,12,0,0.1996,308.67,224.81,-0.45,0.18,Grey,3239.16
216,80,car,VISIBLE,12,0,0.2157,1246.59,381.38,0.29,0.77,Black,9231.62
216,88,person,OCCLUDED,9,3,0.967,1251.46,194.47,-0.03,0.08,Black,357.43
216,61,car,VISIBLE,12,0,0.3217,36.32,392.2,-0.09,0.33,Black,6904.97
216,77,car,OCCLUDED,10,2,0.978,279.27,164.73,0.03,0.11,Grey,1532.55
216,90,car,VISIBLE,10,0,0.2041,1014.13,254.1,0.03,0.54,Grey,5410.06
216,91,car,VISIBLE,7,0,0.1586,1116.57,176.16,11.31,-1.99,Grey,967.46
216,92,car,VISIBLE,9,0,0.1955,710.13,229.16,0.01,-0.62,Black,2854.11
216,93,car,VISIBLE,8,0,0.1655,903.31,217.02,-13.37,6.31,Black,2414.79
216,94,truck,VISIBLE,8,0,0.2365,815.83,150.71,-0.09,0.25,Grey,1159.58
216,95,car,VISIBLE,7,0,0.3381,583.9,318.92,-0.06,0.24,Black,15296.55
216,96,car,VISIBLE,7,0,0.1667,366.07,248.74,-0.1,0.14,Grey,5199.27
216,97,person,VISIBLE,6,0,0.2071,1195.43,198.71,0.76,0.22,Black,444.52
217,6,car,OUT_OF_BOUNDS,196,20,0.778,-81.1,758.02,-4.49,16.59,Grey,11165.82
217,2,car,LOST,63,153,0.0,637.52,423.61,-0.07,-0.12,Purple,160266.72
217,1,car,LOST,63,153,0.0,1213.73,390.21,0.33,-0.18,Red,61898.72
217,8,truck,LOST,63,153,0.0,532.13,166.17,-0.12,-0.68,Grey,2913.99
217,3,car,VISIBLE,181,0,0.4681,671.62,289.38,2.3,-0.48,Grey,15085.33
217,4,car,LOST,63,153,0.0,1101.37,332.02,0.5,-0.32,Red,36618.2
217,13,car,OUT_OF_BOUNDS,25,191,0.0,-374.6,595.45,-1.99,0.48,Grey,4493.18
217,11,person,LOST,63,153,0.0,679.86,260.38,-0.28,-0.47,Grey,5659.19
217,9,car,LOST,63,153,0.0,268.28,329.98,-0.67,-0.27,Grey,30084.14
217,12,car,OUT_OF_BOUNDS,23,193,0.0,1567.69,1050.82,1.53,2.78,Grey,4597.82
217,14,chair,OUT_OF_BOUNDS,73,133,0.0,-262.23,369.9,-4.49,0.54,Red,2151.27
217,10,chair,LOST,63,153,0.0,619.46,305.74,-0.16,-0.27,White,1631.45
217,7,person,OUT_OF_BOUNDS,63,153,0.0,-54.0,172.94,-1.16,-0.66,Grey,3580.65
217,15,car,LOST,60,153,0.0,383.44,238.45,-0.44,-0.55,White,4720.41
217,5,truck,LOST,18,198,0.0,150.9,130.5,-0.25,-0.36,Grey,12921.57
217,16,car,LOST,20,189,0.0,891.02,273.72,0.2,-0.44,Grey,8859.77
217,18,can,OUT_OF_BOUNDS,133,24,0.733,-469.06,987.58,-17.12,14.34,Neutral,17843.84
217,21,car,OCCLUDED,148,9,0.9,763.08,455.61,-7.68,9.7,Grey,254432.96
217,22,car,OCCLUDED,130,9,0.9,-17.33,291.48,-3.2,4.16,Grey,4471.21
217,19,person,OCCLUDED,148,9,0.9,212.17,74.88,-2.61,0.54,Grey,4590.94
217,20,car,OCCLUDED,148,9,0.9,857.03,127.62,-3.33,-0.54,Grey,10204.53
217,23,chair,OCCLUDED,104,44,0.511,73.11,445.03,-8.87,2.97,Grey,18145.26
217,24,chair,OUT_OF_BOUNDS,110,36,0.6,-544.75,361.99,-18.48,1.66,Grey,18445.89
217,27,chair,OCCLUDED,68,65,0.278,659.62,301.35,-2.07,0.22,Grey,24405.98
217,29,chair,OCCLUDED,6,74,0.178,470.24,275.48,-0.17,0.08,Grey,9648.11
217,30,truck,OCCLUDED,59,4,0.956,744.02,165.38,-2.25,0.65,Grey,1043.53
217,33,car,VISIBLE,63,0,0.2586,863.57,258.78,0.72,0.01,Grey,5631.55
217,35,person,OCCLUDED,53,9,0.9,856.96,249.76,-7.71,1.08,Grey,7068.9
217,37,truck,OCCLUDED,39,9,0.9,1167.53,122.15,2.25,0.52,Grey,15546.92
217,39,car,VISIBLE,45,0,0.4386,1232.14,576.59,-0.16,-0.2,Grey,23676.95
217,41,car,VISIBLE,18,0,0.566,799.47,334.03,-0.12,0.16,Grey,14760.24
217,44,car,OCCLUDED,31,9,0.9,232.93,338.58,-3.93,1.32,Grey,213428.35
217,43,car,OCCLUDED,31,9,0.9,67.83,213.85,-4.96,-1.16,Grey,39750.12
217,42,car,OCCLUDED,31,9,0.9,909.35,551.06,-1.56,2.8,Grey,274691.47
217,47,car,OCCLUDED,29,9,0.9,1102.78,236.11,-3.83,-0.13,Grey,62318.68
217,48,person,VISIBLE,18,0,0.7883,23.88,218.73,-0.74,0.26,Black,1135.66
217,49,person,OCCLUDED,9,9,0.9,1179.23,194.54,-3.53,0.6,Black,3275.39
217,62,car,VISIBLE,13,0,0.7316,1247.67,226.47,0.02,0.18,Grey,2686.98
217,75,person,VISIBLE,13,0,0.7101,1043.43,98.22,0.05,0.2,Grey,1557.17
217,86,car,VISIBLE,13,0,0.6433,1077.64,210.23,-1.26,-0.05,Grey,1907.35
217,53,car,VISIBLE,13,0,0.5501,1063.09,658.89,0.02,-0.31,Grey,52985.01
217,54,car,VISIBLE,13,0,0.6628,96.48,572.33,-0.05,0.39,Grey,55241.83
217,57,car,VISIBLE,13,0,0.5909,866.19,528.9,0.08,0.2,Grey,67000.71
217,76,truck,VISIBLE,13,0,0.6376,874.27,185.02,0.04,0.28,Orange,5819.03
217,67,car,VISIBLE,13,0,0.5524,1038.02,366.41,0.02,0.21,Orange,20842.57
217,58,car,VISIBLE,13,0,0.5999,676.14,420.39,-0.06,0.26,Black,71610.67
217,52,car,VISIBLE,13,0,0.6179,412.7,670.46,-0.11,0.32,Grey,43017.98
217,51,car,VISIBLE,13,0,0.5644,142.81,348.93,-0.24,0.36,Grey,19896.34
217,55,car,VISIBLE,13,0,0.4971,242.0,434.83,-0.33,0.28,Black,43500.31
217,59,car,VISIBLE,13,0,0.5653,43.1,326.76,-0.44,-0.03,Grey,8412.3
217,65,car,VISIBLE,13,0,0.5287,462.83,552.27,-0.11,0.31,Black,67342.39
217,50,car,VISIBLE,13,0,0.5363,1158.2,441.99,0.06,0.29,Black,47592.63
217,64,car,VISIBLE,13,0,0.5401,340.28,366.98,-0.08,0.49,Brown,21120.31
217,63,car,VISIBLE,13,0,0.4344,1075.7,279.2,0.04,0.27,Grey,6634.24
217,81,car,VISIBLE,13,0,0.3262,990.95,200.91,-1.01,-0.06,Black,1411.45
217,70,car,VISIBLE,13,0,0.418,1179.12,309.02,0.31,0.24,Black,14849.3
217,69,car,VISIBLE,13,0,0.4786,131.88,275.11,-0.5,0.38,Grey,9107.15
217,56,car,VISIBLE,13,0,0.4473,282.25,290.36,-0.01,0.03,Grey,9660.71
217,84,bus,VISIBLE,13,0,0.4403,526.63,148.39,0.01,-0.11,Grey,1253.01
217,73,car,VISIBLE,13,0,0.3521,249.33,258.96,-0.12,0.23,Grey,6910.69
217,79,car,VISIBLE,13,0,0.3737,212.96,171.53,-0.05,0.11,Black,2343.4
217,78,car,VISIBLE,13,0,0.2805,733.88,253.81,0.19,0.21,Grey,4114.94
217,83,car,VISIBLE,13,0,0.4552,141.34,183.22,-0.17,-0.03,Grey,4040.81
217,60,car,VISIBLE,13,0,0.2717,956.17,309.46,0.23,0.18,Black,15074.62
217,85,person,VISIBLE,13,0,0.6446,169.74,197.71,-0.53,0.38,Black,723.78
217,72,car,VISIBLE,13,0,0.2897,409.45,318.36,0.16,0.23,Grey,15469.51
217,89,car,VISIBLE,13,0,0.1959,1190.72,182.1,0.17,0.06,Black,1449.63
217,68,car,VISIBLE,13,0,0.1832,825.03,241.38,0.01,0.15,Grey,3784.49
217,71,car,VISIBLE,13,0,0.2923,452.37,290.46,0.04,0.19,Grey,7808.54
217,66,car,VISIBLE,13,0,0.2193,916.67,279.42,-0.01,0.45,Grey,8097.86
217,74,car,VISIBLE,13,0,0.2108,308.4,224.94,-0.32,0.14,Grey,3253.15
217,80,car,VISIBLE,13,0,0.2157,1246.87,381.89,0.28,0.59,Black,9215.19
217,88,person,OCCLUDED,9,4,0.956,1251.43,194.56,-0.03,0.08,Black,357.43
217,61,car,VISIBLE,13,0,0.3037,36.16,392.5,-0.13,0.32,Black,6915.39
217,77,car,OCCLUDED,10,3,0.967,279.3,164.85,0.03,0.11,Grey,1532.55
217,90,car,VISIBLE,11,0,0.1847,1014.22,254.54,0.07,0.46,Grey,5441.74
217,91,car,VISIBLE,8,0,0.1586,1116.63,176.19,3.44,-0.58,Grey,969.79
217,92,car,VISIBLE,10,0,0.1955,710.05,228.74,-0.06,-0.48,Black,2790.61
217,93,car,VISIBLE,9,0,0.1655,903.26,217.02,-4.04,1.89,Black,2416.36
217,94,truck,VISIBLE,9,0,0.2201,815.68,150.84,-0.13,0.16,Grey,1154.9
217,95,car,VISIBLE,8,0,0.3284,583.97,319.18,0.03,0.25,Black,15316.75
217,96,car,VISIBLE,8,0,0.1703,365.99,248.69,-0.09,0.01,Grey,5164.47
217,97,person,VISIBLE,7,0,0.2545,1195.97,198.97,0.61,0.24,Black,454.55
218,6,car,OUT_OF_BOUNDS,196,21,0.767,-85.59,774.61,-4.49,16.59,Grey,11165.82
218,2,car,LOST,63,154,0.0,637.45,423.49,-0.07,-0.12,Purple,160266.72
218,1,car,LOST,63,154,0.0,1214.06,390.03,0.33,-0.18,Red,61898.72
218,8,truck,LOST,63,154,0.0,532.01,165.49,-0.12,-0.68,Grey,2913.99
218,3,car,VISIBLE,182,0,0.484,673.63,289.18,2.1,-0.29,Grey,14923.15
218,4,car,LOST,63,154,0.0,1101.87,331.7,0.5,-0.32,Red,36618.2
218,13,car,OUT_OF_BOUNDS,25,192,0.0,-376.59,595.93,-1.99,0.48,Grey,4493.18
218,11,person,LOST,63,154,0.0,679.58,259.9,-0.28,-0.47,Grey,5659.19
218,9,car,LOST,63,154,0.0,267.61,329.71,-0.67,-0.27,Grey,30084.14
218,12,car,OUT_OF_BOUNDS,23,194,0.0,1569.22,1053.6,1.53,2.78,Grey,4597.82
218,14,chair,OUT_OF_BOUNDS,73,134,0.0,-266.72,370.44,-4.49,0.54,Red,2151.27
218,10,chair,LOST,63,154,0.0,619.3,305.47,-0.16,-0.27,White,1631.45
218,7,person,OUT_OF_BOUNDS,63,154,0.0,-55.17,172.28,-1.16,-0.66,Grey,3580.65
218,15,car,LOST,60,154,0.0,383.0,237.9,-0.44,-0.55,White,4720.41
218,5,truck,LOST,18,199,0.0,150.65,130.14,-0.25,-0.36,Grey,12921.57
218,16,car,LOST,20,190,0.0,891.21,273.29,0.2,-0.44,Grey,8859.77
218,18,can,OUT_OF_BOUNDS,133,25,0.722,-486.18,1001.93,-17.12,14.34,Neutral,17843.84
218,21,car,OCCLUDED,148,10,0.889,755.41,465.31,-7.68,9.7,Grey,254432.96
218,22,car,OUT_OF_BOUNDS,130,10,0.889,-20.53,295.64,-3.2,4.16,Grey,4471.21
218,19,person,OCCLUDED,148,10,0.889,209.56,75.41,-2.61,0.54,Grey,4590.94
218,20,car,OCCLUDED,148,10,0.889,853.69,127.09,-3.33,-0.54,Grey,10204.53
218,23,chair,OCCLUDED,104,45,0.5,64.24,448.0,-8.87,2.97,Grey,18145.26
218,24,chair,OUT_OF_BOUNDS,110,37,0.589,-563.22,363.65,-18.48,1.66,Grey,18445.89
218,27,chair,OCCLUDED,68,66,0.267,657.55,301.57,-2.07,0.22,Grey,24405.98
218,29,chair,OCCLUDED,6,75,0.167,470.06,275.57,-0.17,0.08,Grey,9648.11
218,30,truck,OCCLUDED,59,5,0.944,741.77,166.03,-2.25,0.65,Grey,1043.53
218,33,car,VISIBLE,64,0,0.2415,863.88,258.86,0.44,0.06,Grey,5620.47
218,35,person,OCCLUDED,53,10,0.889,849.25,250.84,-7.71,1.08,Grey,7068.9
218,37,truck,OCCLUDED,39,10,0.889,1169.77,122.67,2.25,0.52,Grey,15546.92
218,39,car,VISIBLE,46,0,0.4458,1232.22,578.96,0.01,1.6,Grey,24023.1
218,41,car,VISIBLE,19,0,0.5585,799.35,334.24,-0.12,0.19,Grey,14769.08
218,44,car,OCCLUDED,31,10,0.889,229.0,339.9,-3.93,1.32,Grey,213428.35
218,43,car,OCCLUDED,31,10,0.889,62.87,212.69,-4.96,-1.16,Grey,39750.12
218,42,car,OCCLUDED,31,10,0.889,907.79,553.86,-1.56,2.8,Grey,274691.47
218,47,car,OCCLUDED,29,10,0.889,1098.95,235.98,-3.83,-0.13,Grey,62318.68
218,48,person,VISIBLE,19,0,0.7785,23.34,219.23,-0.6,0.43,Black,1139.65
218,49,person,OCCLUDED,9,10,0.889,1175.71,195.15,-3.53,0.6,Black,3275.39
218,62,car,VISIBLE,14,0,0.7326,1247.72,226.64,0.03,0.17,Grey,2692.49
218,75,person,VISIBLE,14,0,0.7115,1043.47,98.36,0.04,0.15,Grey,1554.77
218,86,car,VISIBLE,14,0,0.6393,1076.3,210.19,-1.32,-0.04,Grey,1892.51
218,53,car,VISIBLE,14,0,0.5231,1063.14,658.8,0.05,-0.16,Grey,53055.04
218,54,car,VISIBLE,14,0,0.6536,96.35,572.71,-0.1,0.39,Grey,55213.4
218,57,car,VISIBLE,14,0,0.5874,866.32,529.13,0.11,0.22,Grey,67095.7
218,76,truck,VISIBLE,14,0,0.6175,874.26,185.27,0.01,0.26,Orange,5803.22
218,67,car,VISIBLE,14,0,0.5468,1038.13,366.65,0.08,0.23,Orange,20890.93
218,58,car,VISIBLE,14,0,0.6047,676.12,420.66,-0.03,0.26,Black,71637.32
218,52,car,VISIBLE,14,0,0.6174,412.68,670.67,-0.05,0.24,Grey,42826.81
218,51,car,VISIBLE,14,0,0.5894,142.73,349.25,-0.13,0.34,Grey,19978.93
218,55,car,VISIBLE,14,0,0.4884,241.75,435.1,-0.27,0.27,Black,43432.53
218,59,car,VISIBLE,14,0,0.5579,42.59,326.89,-0.49,0.08,Grey,8267.31
218,65,car,VISIBLE,14,0,0.5346,462.7,552.94,-0.13,0.56,Black,67554.46
218,50,car,VISIBLE,14,0,0.5121,1158.26,442.26,0.06,0.28,Black,47609.96
218,64,car,VISIBLE,14,0,0.5382,340.13,367.18,-0.13,0.29,Brown,21136.7
218,63,car,VISIBLE,14,0,0.4235,1075.79,279.45,0.07,0.26,Grey,6653.98
218,81,car,VISIBLE,14,0,0.3133,990.11,200.95,-0.89,0.01,Black,1419.94
218,70,car,VISIBLE,14,0,0.4214,1179.45,309.26,0.32,0.24,Black,14914.11
218,69,car,VISIBLE,14,0,0.4544,131.28,275.66,-0.57,0.5,Grey,9139.04
218,56,car,VISIBLE,14,0,0.4434,282.24,290.4,-0.02,0.04,Grey,9661.87
218,84,bus,VISIBLE,14,0,0.4378,526.68,148.28,0.04,-0.11,Grey,1258.63
218,73,car,VISIBLE,14,0,0.3555,249.25,259.16,-0.1,0.22,Grey,6925.4
218,79,car,VISIBLE,14,0,0.3728,212.97,171.69,-0.01,0.15,Black,2346.5
218,78,car,VISIBLE,14,0,0.2613,734.0,253.85,0.14,0.09,Grey,4075.9
218,83,car,VISIBLE,14,0,0.4636,141.31,183.32,-0.07,0.06,Black,4039.62
218,60,car,VISIBLE,14,0,0.2682,956.48,309.69,0.28,0.21,Black,15019.16
218,85,person,VISIBLE,14,0,0.6653,169.29,197.97,-0.47,0.29,Black,732.65
218,72,car,VISIBLE,14,0,0.297,409.46,318.58,0.06,0.22,Grey,15446.3
218,89,car,VISIBLE,14,0,0.1835,1190.59,182.12,-0.04,0.03,Black,1451.13
218,68,car,VISIBLE,14,0,0.1642,825.13,241.44,0.08,0.09,Grey,3774.52
218,71,car,VISIBLE,14,0,0.2884,452.47,290.63,0.09,0.18,Grey,7804.89
218,66,car,VISIBLE,14,0,0.2155,916.69,279.73,0.01,0.35,Grey,8124.6
218,74,car,VISIBLE,14,0,0.2168,308.25,225.12,-0.2,0.17,Grey,3252.94
218,80,car,VISIBLE,14,0,0.2157,1247.15,382.4,0.28,0.54,Black,9197.73
218,88,person,OCCLUDED,9,5,0.944,1251.4,194.64,-0.03,0.08,Black,357.43
218,61,car,VISIBLE,14,0,0.2954,36.02,392.57,-0.14,0.14,Black,6873.83
218,77,car,OCCLUDED,10,4,0.956,279.33,164.96,0.03,0.11,Grey,1532.55
218,90,car,VISIBLE,12,0,0.181,1014.35,254.75,0.11,0.29,Grey,5442.26
218,91,car,VISIBLE,9,0,0.1586,1116.7,176.23,1.08,-0.15,Grey,972.12
218,92,car,VISIBLE,11,0,0.1955,709.96,228.32,-0.08,-0.43,Black,2727.33
218,93,car,VISIBLE,10,0,0.1655,903.23,217.02,-1.24,0.57,Black,2417.92
218,94,truck,VISIBLE,10,0,0.2006,815.47,150.86,-0.19,0.06,Grey,1144.05
218,95,car,VISIBLE,9,0,0.3422,583.94,319.34,-0.01,0.19,Black,15387.6
218,96,car,VISIBLE,9,0,0.184,365.96,248.69,-0.05,-0.0,Grey,5125.75
218,97,person,VISIBLE,8,0,0.3535,1196.38,199.13,0.47,0.19,Black,458.37
219,6,car,OUT_OF_BOUNDS,196,22,0.756,-90.07,791.2,-4.49,16.59,Grey,11165.82
219,2,car,LOST,63,155,0.0,637.38,423.36,-0.07,-0.12,Purple,160266.72
219,1,car,LOST,63,155,0.0,1214.39,389.85,0.33,-0.18,Red,61898.72
219,8,truck,LOST,63,155,0.0,531.9,164.81,-0.12,-0.68,Grey,2913.99
219,3,car,VISIBLE,183,0,0.522,674.96,289.17,1.56,-0.09,Grey,14858.91
219,4,car,LOST,63,155,0.0,1102.37,331.37,0.5,-0.32,Red,36618.2
219,13,car,OUT_OF_BOUNDS,25,193,0.0,-378.58,596.4,-1.99,0.48,Grey,4493.18
219,11,person,LOST,63,155,0.0,679.3,259.43,-0.28,-0.47,Grey,5659.19
219,9,car,LOST,63,155,0.0,266.94,329.44,-0.67,-0.27,Grey,30084.14
219,12,car,OUT_OF_BOUNDS,23,195,0.0,1570.74,1056.38,1.53,2.78,Grey,4597.82
219,14,chair,OUT_OF_BOUNDS,73,135,0.0,-271.21,370.98,-4.49,0.54,Red,2151.27
219,10,chair,LOST,63,155,0.0,619.14,305.2,-0.16,-0.27,White,1631.45
219,7,person,OUT_OF_BOUNDS,63,155,0.0,-56.33,171.62,-1.16,-0.66,Grey,3580.65
219,15,car,LOST,60,155,0.0,382.56,237.35,-0.44,-0.55,White,4720.41
219,5,truck,LOST,18,200,0.0,150.39,129.79,-0.25,-0.36,Grey,12921.57
219,16,car,LOST,20,191,0.0,891.41,272.85,0.2,-0.44,Grey,8859.77
219,18,can,OUT_OF_BOUNDS,133,26,0.711,-503.3,1016.27,-17.12,14.34,Neutral,17843.84
219,21,car,OCCLUDED,148,11,0.878,747.73,475.01,-7.68,9.7,Grey,254432.96
219,22,car,OUT_OF_BOUNDS,130,11,0.878,-23.73,299.79,-3.2,4.16,Grey,4471.21
219,19,person,OCCLUDED,148,11,0.878,206.94,75.95,-2.61,0.54,Grey,4590.94
219,20,car,OCCLUDED,148,11,0.878,850.36,126.55,-3.33,-0.54,Grey,10204.53
219,23,chair,OCCLUDED,104,46,0.489,55.37,450.96,-8.87,2.97,Grey,18145.26
219,24,chair,OUT_OF_BOUNDS,110,38,0.578,-581.7,365.3,-18.48,1.66,Grey,18445.89
219,27,chair,OCCLUDED,68,67,0.256,655.48,301.78,-2.07,0.22,Grey,24405.98
219,29,chair,OCCLUDED,6,76,0.156,469.89,275.65,-0.17,0.08,Grey,9648.11
219,30,truck,OCCLUDED,59,6,0.933,739.53,166.67,-2.25,0.65,Grey,1043.53
219,33,car,VISIBLE,65,0,0.2531,864.09,258.89,0.27,0.04,Grey,5603.64
219,35,person,OCCLUDED,53,11,0.878,841.54,251.92,-7.71,1.08,Grey,7068.9
219,37,truck,OCCLUDED,39,11,0.878,1172.02,123.19,2.25,0.52,Grey,15546.92
219,39,car,VISIBLE,47,0,0.459,1232.18,578.96,-0.02,0.48,Grey,23935.83
219,41,car,VISIBLE,20,0,0.5489,799.15,334.5,-0.18,0.24,Grey,14781.49
219,44,car,OCCLUDED,31,11,0.878,225.07,341.22,-3.93,1.32,Grey,213428.35
219,43,car,OCCLUDED,31,11,0.878,57.9,211.53,-4.96,-1.16,Grey,39750.12
219,42,car,OCCLUDED,31,11,0.878,906.23,556.65,-1.56,2.8,Grey,274691.47
219,47,car,OCCLUDED,29,11,0.878,1095.12,235.86,-3.83,-0.13,Grey,62318.68
219,48,person,VISIBLE,20,0,0.7857,22.72,219.73,-0.62,0.48,Black,1137.78
219,49,person,OCCLUDED,9,11,0.878,1172.18,195.75,-3.53,0.6,Black,3275.39
219,62,car,VISIBLE,15,0,0.7303,1247.74,226.78,0.03,0.15,Grey,2694.48
219,75,person,VISIBLE,15,0,0.7145,1043.47,98.5,0.01,0.14,Grey,1551.79
219,86,car,VISIBLE,15,0,0.6375,1075.12,210.19,-1.22,-0.02,Grey,1879.7
219,53,car,VISIBLE,15,0,0.5169,1063.18,658.38,0.04,-0.34,Grey,53405.14
219,54,car,VISIBLE,15,0,0.6617,96.2,573.03,-0.14,0.34,Grey,55158.55
219,57,car,VISIBLE,15,0,0.599,866.42,529.59,0.11,0.38,Grey,67310.22
219,76,truck,VISIBLE,15,0,0.6355,874.25,185.44,-0.01,0.19,Orange,5775.44
219,67,car,VISIBLE,15,0,0.5509,1038.15,366.9,0.04,0.24,Orange,20913.26
219,58,car,VISIBLE,15,0,0.6068,676.4,421.03,0.19,0.34,Black,71793.63
219,52,car,VISIBLE,15,0,0.6292,412.53,670.88,-0.11,0.22,Grey,42662.36
219,51,car,VISIBLE,15,0,0.5771,142.59,349.49,-0.13,0.27,Grey,20038.96
219,55,car,VISIBLE,15,0,0.5182,241.45,435.34,-0.29,0.25,Black,43473.16
219,59,car,VISIBLE,15,0,0.5589,42.17,326.96,-0.44,0.07,Grey,8127.18
219,65,car,VISIBLE,15,0,0.5016,462.64,553.45,-0.08,0.52,Black,67718.51
219,50,car,VISIBLE,15,0,0.5393,1158.34,442.55,0.07,0.29,Black,47624.83
219,64,car,VISIBLE,15,0,0.5429,340.0,367.35,-0.13,0.2,Brown,21095.73
219,63,car,VISIBLE,15,0,0.4267,1075.76,279.66,-0.0,0.22,Grey,6660.88
219,81,car,VISIBLE,15,0,0.3326,989.4,201.03,-0.76,0.06,Black,1412.79
219,70,car,VISIBLE,15,0,0.4167,1179.85,309.49,0.38,0.23,Black,14972.04
219,69,car,VISIBLE,15,0,0.4442,130.57,276.3,-0.67,0.6,Grey,9217.22
219,56,car,VISIBLE,15,0,0.4436,282.22,290.48,-0.02,0.07,Grey,9667.34
219,84,bus,VISIBLE,15,0,0.4407,526.74,148.2,0.05,-0.09,Grey,1263.58
219,73,car,VISIBLE,15,0,0.3592,249.12,259.31,-0.11,0.17,Grey,6942.07
219,79,car,VISIBLE,15,0,0.373,213.05,171.83,0.06,0.14,Black,2348.7
219,78,car,VISIBLE,15,0,0.3005,734.14,253.81,0.14,-0.0,Grey,4026.54
219,83,car,VISIBLE,15,0,0.4619,141.31,183.38,-0.02,0.06,Grey,4050.05
219,60,car,VISIBLE,15,0,0.2765,956.67,309.61,0.22,0.01,Black,15044.22
219,85,person,VISIBLE,15,0,0.6635,168.94,198.13,-0.39,0.2,Black,743.9
219,72,car,VISIBLE,15,0,0.3037,409.45,318.77,0.01,0.2,Grey,15433.29
219,89,car,VISIBLE,15,0,0.2121,1190.72,182.22,0.08,0.08,Black,1466.64
219,68,car,VISIBLE,15,0,0.1765,825.14,241.49,0.03,0.06,Grey,3768.6
219,71,car,VISIBLE,15,0,0.2886,452.53,290.75,0.07,0.13,Grey,7797.2
219,66,car,VISIBLE,15,0,0.2142,916.72,279.92,0.03,0.24,Grey,8146.6
219,74,car,VISIBLE,15,0,0.198,307.64,225.25,-0.48,0.14,Grey,3226.75
219,80,car,VISIBLE,15,0,0.2157,1247.42,382.92,0.28,0.52,Black,9179.25
219,88,person,OCCLUDED,9,6,0.933,1251.36,194.73,-0.03,0.08,Black,357.43
219,61,car,VISIBLE,15,0,0.2865,35.91,392.52,-0.12,0.01,Black,6844.31
219,77,car,VISIBLE,11,0,0.1503,279.06,165.42,-0.01,0.16,Grey,1478.55
219,90,car,VISIBLE,13,0,0.1857,1014.45,254.93,0.1,0.21,Grey,5441.57
219,91,car,VISIBLE,10,0,0.1586,1116.76,176.26,0.37,-0.02,Grey,974.44
219,92,car,VISIBLE,12,0,0.1955,709.87,227.91,-0.08,-0.42,Black,2664.28
219,93,car,VISIBLE,11,0,0.1558,902.75,217.24,-0.7,0.32,Black,2399.61
219,94,truck,VISIBLE,11,0,0.2033,815.3,150.94,-0.17,0.08,Grey,1137.66
219,95,car,VISIBLE,10,0,0.3496,583.92,319.5,-0.01,0.17,Black,15464.08
219,96,car,VISIBLE,10,0,0.186,365.95,249.17,-0.02,0.34,Grey,5183.98
219,97,person,VISIBLE,9,0,0.3438,1196.68,199.33,0.35,0.2,Black,462.63
220,6,car,OUT_OF_BOUNDS,196,23,0.744,-94.56,807.79,-4.49,16.59,Grey,11165.82
220,2,car,LOST,63,156,0.0,637.31,423.24,-0.07,-0.12,Purple,160266.72
220,1,car,LOST,63,156,0.0,1214.72,389.67,0.33,-0.18,Red,61898.72
220,8,truck,LOST,63,156,0.0,531.78,164.14,-0.12,-0.68,Grey,2913.99
220,3,car,VISIBLE,184,0,0.5601,675.48,289.23,0.83,0.02,Grey,14749.44
220,4,car,LOST,63,156,0.0,1102.87,331.05,0.5,-0.32,Red,36618.2
220,13,car,OUT_OF_BOUNDS,25,194,0.0,-380.57,596.88,-1.99,0.48,Grey,4493.18
220,11,person,LOST,63,156,0.0,679.03,258.95,-0.28,-0.47,Grey,5659.19
220,9,car,LOST,63,156,0.0,266.27,329.17,-0.67,-0.27,Grey,30084.14
220,12,car,OUT_OF_BOUNDS,23,196,0.0,1572.27,1059.17,1.53,2.78,Grey,4597.82
220,14,chair,OUT_OF_BOUNDS,73,136,0.0,-275.7,371.52,-4.49,0.54,Red,2151.27
220,10,chair,LOST,63,156,0.0,618.98,304.93,-0.16,-0.27,White,1631.45
220,7,person,OUT_OF_BOUNDS,63,156,0.0,-57.49,170.96,-1.16,-0.66,Grey,3580.65
220,15,car,LOST,60,156,0.0,382.12,236.79,-0.44,-0.55,White,4720.41
220,5,truck,LOST,18,201,0.0,150.14,129.43,-0.25,-0.36,Grey,12921.57
220,16,car,LOST,20,192,0.0,891.61,272.41,0.2,-0.44,Grey,8859.77
220,18,can,OUT_OF_BOUNDS,133,27,0.7,-520.42,1030.61,-17.12,14.34,Neutral,17843.84
220,21,car,OCCLUDED,148,12,0.867,740.05,484.72,-7.68,9.7,Grey,254432.96
220,22,car,OUT_OF_BOUNDS,130,12,0.867,-26.93,303.95,-3.2,4.16,Grey,4471.21
220,19,person,OCCLUDED,148,12,0.867,204.33,76.49,-2.61,0.54,Grey,4590.94
220,20,car,OCCLUDED,148,12,0.867,847.03,126.02,-3.33,-0.54,Grey,10204.53
220,23,chair,OCCLUDED,104,47,0.478,46.51,453.93,-8.87,2.97,Grey,18145.26
220,24,chair,OUT_OF_BOUNDS,110,39,0.567,-600.17,366.96,-18.48,1.66,Grey,18445.89
220,27,chair,OCCLUDED,68,68,0.244,653.41,302.0,-2.07,0.22,Grey,24405.98
220,29,chair,OCCLUDED,6,77,0.144,469.72,275.74,-0.17,0.08,Grey,9648.11
220,30,truck,OCCLUDED,59,7,0.922,737.28,167.32,-2.25,0.65,Grey,1043.53
220,33,car,VISIBLE,66,0,0.2777,864.21,258.91,0.17,0.03,Grey,5588.52
220,35,person,OCCLUDED,53,12,0.867,833.83,253.0,-7.71,1.08,Grey,7068.9
220,37,truck,OCCLUDED,39,12,0.867,1174.27,123.72,2.25,0.52,Grey,15546.92
220,39,car,VISIBLE,48,0,0.4896,1232.24,579.12,0.04,0.26,Grey,23896.43
220,41,car,VISIBLE,21,0,0.5496,798.96,334.72,-0.18,0.23,Grey,14838.79
220,44,car,OCCLUDED,31,12,0.867,221.14,342.54,-3.93,1.32,Grey,213428.35
220,43,car,OCCLUDED,31,12,0.867,52.94,210.36,-4.96,-1.16,Grey,39750.12
220,42,car,OCCLUDED,31,12,0.867,904.67,559.45,-1.56,2.8,Grey,274691.47
220,47,car,OCCLUDED,29,12,0.867,1091.28,235.73,-3.83,-0.13,Grey,62318.68
220,48,person,VISIBLE,21,0,0.7854,21.98,220.19,-0.7,0.46,Black,1121.38
220,49,person,OCCLUDED,9,12,0.867,1168.65,196.36,-3.53,0.6,Black,3275.39
220,62,car,VISIBLE,16,0,0.7392,1247.76,226.89,0.02,0.13,Grey,2695.52
220,75,person,VISIBLE,16,0,0.7149,1043.43,98.62,-0.03,0.13,Grey,1543.47
220,86,car,VISIBLE,16,0,0.6332,1074.05,210.24,-1.11,0.03,Grey,1864.08
220,53,car,VISIBLE,16,0,0.5514,1063.28,659.11,0.08,0.41,Grey,52724.15
220,54,car,VISIBLE,16,0,0.6614,96.05,573.26,-0.15,0.27,Grey,55078.33
220,57,car,VISIBLE,16,0,0.623,866.49,529.97,0.08,0.39,Grey,67399.92
220,76,truck,VISIBLE,16,0,0.6443,874.18,185.58,-0.05,0.16,Orange,5742.43
220,67,car,VISIBLE,16,0,0.5671,1038.14,367.13,0.0,0.23,Orange,20928.16
220,58,car,VISIBLE,16,0,0.6312,677.11,421.34,0.55,0.32,Black,71820.34
220,52,car,VISIBLE,16,0,0.6413,412.52,671.01,-0.04,0.16,Grey,42626.15
220,51,car,VISIBLE,16,0,0.5828,142.17,349.7,-0.33,0.23,Grey,20097.67
220,55,car,VISIBLE,16,0,0.511,241.29,435.53,-0.2,0.21,Black,43532.79
220,59,car,VISIBLE,16,0,0.5633,41.85,327.22,-0.36,0.2,Grey,8023.17
220,65,car,VISIBLE,16,0,0.5101,462.51,552.93,-0.11,-0.2,Black,67357.69
220,50,car,VISIBLE,16,0,0.5749,1158.43,442.93,0.09,0.35,Black,47624.6
220,64,car,VISIBLE,16,0,0.5457,339.94,367.45,-0.09,0.13,Brown,21065.8
220,63,car,VISIBLE,16,0,0.4415,1075.69,279.85,-0.05,0.2,Grey,6682.92
220,81,car,VISIBLE,16,0,0.3661,988.44,201.09,-0.9,0.06,Black,1405.86
220,70,car,VISIBLE,16,0,0.4382,1180.09,309.68,0.28,0.2,Black,14988.64
220,69,car,VISIBLE,16,0,0.4771,129.97,276.65,-0.62,0.43,Grey,9247.11
220,56,car,VISIBLE,16,0,0.4414,282.2,290.6,-0.02,0.1,Grey,9677.09
220,84,bus,VISIBLE,16,0,0.4316,526.8,148.12,0.06,-0.08,Grey,1268.91
220,73,car,VISIBLE,16,0,0.3618,249.07,259.49,-0.07,0.17,Grey,6967.93
220,79,car,VISIBLE,16,0,0.36,213.03,171.95,0.0,0.13,Black,2349.7
220,78,car,VISIBLE,16,0,0.3345,734.2,253.71,0.09,-0.06,Grey,3980.42
220,83,car,VISIBLE,16,0,0.4581,141.39,183.46,0.05,0.07,Black,4020.48
220,60,car,VISIBLE,16,0,0.2829,956.86,309.78,0.2,0.12,Black,15001.34
220,85,person,VISIBLE,16,0,0.6598,168.62,198.51,-0.34,0.33,Black,744.82
220,72,car,VISIBLE,16,0,0.3112,409.44,318.92,-0.0,0.17,Grey,15422.15
220,89,car,VISIBLE,16,0,0.2139,1190.66,182.34,-0.02,0.11,Black,1467.49
220,68,car,VISIBLE,16,0,0.1903,825.15,241.51,0.02,0.03,Grey,3752.98
220,71,car,VISIBLE,16,0,0.2909,452.56,290.83,0.04,0.1,Grey,7789.54
220,66,car,VISIBLE,16,0,0.223,916.76,280.03,0.03,0.15,Grey,8163.44
220,74,car,VISIBLE,16,0,0.1947,307.2,225.44,-0.46,0.17,Grey,3192.82
220,80,car,VISIBLE,16,0,0.2157,1247.7,383.43,0.28,0.51,Black,9159.75
220,88,person,OCCLUDED,9,7,0.922,1251.33,194.81,-0.03,0.08,Black,357.43
220,61,car,VISIBLE,16,0,0.2812,35.78,392.5,-0.13,-0.02,Black,6840.29
220,77,car,VISIBLE,12,0,0.1503,279.06,165.42,-0.0,0.05,Grey,1478.33
220,90,car,VISIBLE,14,0,0.1899,1014.55,255.04,0.1,0.14,Grey,5433.2
220,91,car,OCCLUDED,10,1,0.989,1117.13,176.24,0.37,-0.02,Grey,974.44
220,92,car,VISIBLE,13,0,0.1649,710.09,227.73,0.13,-0.26,Black,2703.73
220,93,car,VISIBLE,12,0,0.1626,902.47,217.44,-0.41,0.24,Black,2380.93
220,94,truck,VISIBLE,12,0,0.2113,815.2,151.07,-0.12,0.11,Grey,1131.66
220,95,car,VISIBLE,11,0,0.3467,583.91,319.75,-0.01,0.22,Black,15504.59
220,96,car,VISIBLE,11,0,0.1947,365.91,249.56,-0.03,0.38,Grey,5234.51
220,97,person,VISIBLE,10,0,0.3328,1196.93,199.65,0.28,0.28,Black,464.86
221,6,car,OUT_OF_BOUNDS,196,24,0.733,-99.05,824.38,-4.49,16.59,Grey,11165.82
221,2,car,LOST,63,157,0.0,637.24,423.11,-0.07,-0.12,Purple,160266.72
221,1,car,LOST,63,157,0.0,1215.06,389.48,0.33,-0.18,Red,61898.72
221,8,truck,LOST,63,157,0.0,531.66,163.46,-0.12,-0.68,Grey,2913.99
221,3,car,VISIBLE,185,0,0.4787,675.57,289.19,0.31,-0.02,Grey,14536.41
221,4,car,LOST,63,157,0.0,1103.36,330.73,0.5,-0.32,Red,36618.2
221,13,car,OUT_OF_BOUNDS,25,195,0.0,-382.56,597.36,-1.99,0.48,Grey,4493.18
221,11,person,LOST,63,157,0.0,678.75,258.48,-0.28,-0.47,Grey,5659.19
221,9,car,LOST,63,157,0.0,265.59,328.89,-0.67,-0.27,Grey,30084.14
221,12,car,OUT_OF_BOUNDS,23,197,0.0,1573.8,1061.95,1.53,2.78,Grey,4597.82
221,14,chair,OUT_OF_BOUNDS,73,137,0.0,-280.19,372.06,-4.49,0.54,Red,2151.27
221,10,chair,LOST,63,157,0.0,618.82,304.67,-0.16,-0.27,White,1631.45
221,7,person,OUT_OF_BOUNDS,63,157,0.0,-58.66,170.3,-1.16,-0.66,Grey,3580.65
221,15,car,LOST,60,157,0.0,381.68,236.24,-0.44,-0.55,White,4720.41
221,5,truck,LOST,18,202,0.0,149.89,129.07,-0.25,-0.36,Grey,12921.57
221,16,car,LOST,20,193,0.0,891.81,271.97,0.2,-0.44,Grey,8859.77
221,18,can,OUT_OF_BOUNDS,133,28,0.689,-537.54,1044.95,-17.12,14.34,Neutral,17843.84
221,21,car,OCCLUDED,148,13,0.856,732.38,494.42,-7.68,9.7,Grey,254432.96
221,22,car,OUT_OF_BOUNDS,130,13,0.856,-30.13,308.11,-3.2,4.16,Grey,4471.21
221,19,person,OCCLUDED,148,13,0.856,201.72,77.03,-2.61,0.54,Grey,4590.94
221,20,car,OCCLUDED,148,13,0.856,843.7,125.48,-3.33,-0.54,Grey,10204.53
221,23,chair,OCCLUDED,104,48,0.467,37.64,456.9,-8.87,2.97,Grey,18145.26
221,24,chair,OUT_OF_BOUNDS,110,40,0.556,-618.65,368.61,-18.48,1.66,Grey,18445.89
221,27,chair,OCCLUDED,68,69,0.233,651.34,302.21,-2.07,0.22,Grey,24405.98
221,29,chair,OCCLUDED,6,78,0.133,469.55,275.82,-0.17,0.08,Grey,9648.11
221,30,truck,OCCLUDED,59,8,0.911,735.04,167.96,-2.25,0.65,Grey,1043.53
221,33,car,VISIBLE,67,0,0.2231,864.3,259.19,0.11,0.2,Grey,5615.17
221,35,person,OCCLUDED,53,13,0.856,826.12,254.08,-7.71,1.08,Grey,7068.9
221,37,truck,OCCLUDED,39,13,0.856,1176.51,124.24,2.25,0.52,Grey,15546.92
221,39,car,VISIBLE,49,0,0.4875,1232.41,578.37,0.13,-0.45,Grey,24035.1
221,41,car,VISIBLE,22,0,0.5022,799.02,334.83,-0.02,0.15,Grey,14851.73
221,44,car,OCCLUDED,31,13,0.856,217.21,343.87,-3.93,1.32,Grey,213428.35
221,43,car,OCCLUDED,31,13,0.856,47.98,209.2,-4.96,-1.16,Grey,39750.12
221,42,car,OCCLUDED,31,13,0.856,903.12,562.25,-1.56,2.8,Grey,274691.47
221,47,car,OCCLUDED,29,13,0.856,1087.45,235.6,-3.83,-0.13,Grey,62318.68
221,48,person,VISIBLE,22,0,0.7733,21.2,220.53,-0.75,0.38,Black,1093.88
221,49,person,OCCLUDED,9,13,0.856,1165.12,196.96,-3.53,0.6,Black,3275.39
221,62,car,VISIBLE,17,0,0.7386,1247.78,227.02,0.02,0.13,Grey,2693.86
221,75,person,VISIBLE,17,0,0.7298,1043.11,98.79,-0.23,0.16,Grey,1499.5
221,86,car,VISIBLE,17,0,0.6299,1073.04,210.2,-1.04,-0.01,Grey,1846.69
221,53,car,VISIBLE,17,0,0.5273,1063.42,658.8,0.12,-0.1,Grey,52935.47
221,54,car,VISIBLE,17,0,0.6678,95.91,573.51,-0.14,0.25,Grey,55010.69
221,57,car,VISIBLE,17,0,0.5857,866.62,530.38,0.11,0.4,Grey,67545.92
221,76,truck,VISIBLE,17,0,0.5756,874.14,185.75,-0.04,0.17,Orange,5716.29
221,67,car,VISIBLE,17,0,0.5333,1038.16,367.36,0.02,0.23,Orange,20948.72
221,58,car,VISIBLE,17,0,0.5949,677.91,421.52,0.72,0.22,Black,71866.32
221,52,car,VISIBLE,17,0,0.6394,412.71,671.17,0.12,0.16,Grey,42508.13
221,51,car,VISIBLE,17,0,0.5687,141.99,349.82,-0.23,0.15,Grey,20104.5
221,55,car,VISIBLE,17,0,0.4262,241.26,435.77,-0.08,0.23,Black,43524.98
221,59,car,VISIBLE,17,0,0.5417,41.53,327.32,-0.33,0.13,Grey,7916.98
221,65,car,VISIBLE,17,0,0.4918,462.3,552.82,-0.18,-0.14,Black,67109.29
221,50,car,VISIBLE,17,0,0.5245,1158.55,443.31,0.11,0.37,Black,47593.09
221,64,car,VISIBLE,17,0,0.5309,339.87,367.56,-0.07,0.12,Brown,21051.66
221,63,car,VISIBLE,17,0,0.4363,1076.03,280.14,0.22,0.27,Grey,6707.54
221,81,car,VISIBLE,17,0,0.3431,987.48,201.12,-0.95,0.04,Black,1382.46
221,70,car,VISIBLE,17,0,0.4448,1180.31,309.95,0.24,0.25,Black,15001.42
221,69,car,VISIBLE,17,0,0.4756,129.23,276.97,-0.71,0.35,Grey,9336.48
221,56,car,VISIBLE,17,0,0.4428,282.12,290.69,-0.06,0.09,Grey,9685.96
221,84,bus,VISIBLE,17,0,0.3749,526.75,148.41,-0.01,0.17,Grey,1259.93
221,73,car,VISIBLE,17,0,0.3389,249.04,259.61,-0.04,0.13,Grey,6984.18
221,79,car,VISIBLE,17,0,0.3352,212.93,172.05,-0.07,0.1,Black,2342.41
221,78,car,VISIBLE,17,0,0.2577,734.12,253.59,-0.03,-0.1,Grey,3956.75
221,83,car,VISIBLE,17,0,0.4416,141.33,183.72,-0.03,0.21,Black,3991.66
221,60,car,VISIBLE,17,0,0.2732,956.87,310.14,0.06,0.29,Black,15030.45
221,85,person,VISIBLE,17,0,0.659,168.19,198.95,-0.4,0.4,Black,738.6
221,72,car,VISIBLE,17,0,0.3163,409.43,319.15,-0.01,0.21,Grey,15415.1
221,89,car,VISIBLE,17,0,0.1741,1190.49,182.56,-0.13,0.18,Black,1455.41
221,68,car,VISIBLE,17,0,0.1903,825.15,241.62,0.01,0.09,Grey,3750.05
221,71,car,VISIBLE,17,0,0.2914,452.38,290.92,-0.11,0.09,Grey,7812.18
221,66,car,VISIBLE,17,0,0.2118,916.77,280.17,0.01,0.14,Grey,8176.37
221,74,car,VISIBLE,17,0,0.2004,306.81,225.57,-0.41,0.15,Grey,3147.85
221,80,car,VISIBLE,17,0,0.2157,1247.99,383.94,0.28,0.51,Black,9139.23
221,88,person,OCCLUDED,9,8,0.911,1251.3,194.9,-0.03,0.08,Black,357.43
221,61,car,VISIBLE,17,0,0.2815,35.72,392.51,-0.08,0.01,Black,6819.92
221,77,car,VISIBLE,13,0,0.1503,279.06,165.43,-0.0,0.02,Grey,1478.11
221,90,car,VISIBLE,15,0,0.2109,1014.75,255.0,0.17,0.02,Grey,5386.24
221,91,car,OCCLUDED,10,2,0.978,1117.5,176.21,0.37,-0.02,Grey,974.44
221,92,car,VISIBLE,14,0,0.1649,710.08,227.37,0.03,-0.33,Black,2666.94
221,93,car,VISIBLE,13,0,0.1626,902.26,217.55,-0.27,0.15,Black,2371.56
221,94,truck,VISIBLE,13,0,0.1798,815.12,151.16,-0.1,0.1,Grey,1119.68
221,95,car,VISIBLE,12,0,0.3333,584.14,320.08,0.16,0.3,Black,15499.0
221,96,car,VISIBLE,12,0,0.2011,365.88,250.44,-0.03,0.73,Grey,5373.71
221,97,person,VISIBLE,11,0,0.2862,1197.19,199.87,0.26,0.24,Black,465.15
222,6,car,OUT_OF_BOUNDS,196,25,0.722,-103.54,840.97,-4.49,16.59,Grey,11165.82
222,2,car,LOST,63,158,0.0,637.17,422.99,-0.07,-0.12,Purple,160266.72
222,1,car,LOST,63,158,0.0,1215.39,389.3,0.33,-0.18,Red,61898.72
222,8,truck,LOST,63,158,0.0,531.55,162.79,-0.12,-0.68,Grey,2913.99
222,3,car,VISIBLE,186,0,0.4587,676.02,289.11,0.41,-0.07,Grey,14273.99
222,4,car,LOST,63,158,0.0,1103.86,330.4,0.5,-0.32,Red,36618.2
222,13,car,OUT_OF_BOUNDS,25,196,0.0,-384.55,597.83,-1.99,0.48,Grey,4493.18
222,11,person,LOST,63,158,0.0,678.47,258.01,-0.28,-0.47,Grey,5659.19
222,9,car,LOST,63,158,0.0,264.92,328.62,-0.67,-0.27,Grey,30084.14
222,12,car,OUT_OF_BOUNDS,23,198,0.0,1575.33,1064.73,1.53,2.78,Grey,4597.82
222,14,chair,OUT_OF_BOUNDS,73,138,0.0,-284.68,372.6,-4.49,0.54,Red,2151.27
222,10,chair,LOST,63,158,0.0,618.66,304.4,-0.16,-0.27,White,1631.45
222,7,person,OUT_OF_BOUNDS,63,158,0.0,-59.82,169.64,-1.16,-0.66,Grey,3580.65
222,15,car,LOST,60,158,0.0,381.24,235.69,-0.44,-0.55,White,4720.41
222,5,truck,LOST,18,203,0.0,149.63,128.72,-0.25,-0.36,Grey,12921.57
222,16,car,LOST,20,194,0.0,892.01,271.53,0.2,-0.44,Grey,8859.77
222,18,can,OUT_OF_BOUNDS,133,29,0.678,-554.66,1059.29,-17.12,14.34,Neutral,17843.84
222,21,car,OCCLUDED,148,14,0.844,724.7,504.12,-7.68,9.7,Grey,254432.96
222,22,car,OUT_OF_BOUNDS,130,14,0.844,-33.33,312.27,-3.2,4.16,Grey,4471.21
222,19,person,OCCLUDED,148,14,0.844,199.11,77.57,-2.61,0.54,Grey,4590.94
222,20,car,OCCLUDED,148,14,0.844,840.37,124.95,-3.33,-0.54,Grey,10204.53
222,23,chair,OCCLUDED,104,49,0.456,28.77,459.86,-8.87,2.97,Grey,18145.26
222,24,chair,OUT_OF_BOUNDS,110,41,0.544,-637.13,370.27,-18.48,1.66,Grey,18445.89
222,27,chair,OCCLUDED,68,70,0.222,649.27,302.43,-2.07,0.22,Grey,24405.98
222,29,chair,OCCLUDED,6,79,0.122,469.37,275.91,-0.17,0.08,Grey,9648.11
222,30,truck,OCCLUDED,59,9,0.9,732.79,168.61,-2.25,0.65,Grey,1043.53
222,33,car,VISIBLE,68,0,0.2282,864.4,259.47,0.11,0.26,Grey,5641.15
222,35,person,OCCLUDED,53,14,0.844,818.41,255.16,-7.71,1.08,Grey,7068.9
222,37,truck,OCCLUDED,39,14,0.844,1178.76,124.76,2.25,0.52,Grey,15546.92
222,39,car,VISIBLE,50,0,0.4956,1232.62,578.31,0.19,-0.17,Grey,23958.14
222,41,car,VISIBLE,23,0,0.5001,799.12,334.7,0.07,-0.05,Grey,14909.61
222,44,car,OCCLUDED,31,14,0.844,213.28,345.19,-3.93,1.32,Grey,213428.35
222,43,car,OCCLUDED,31,14,0.844,43.02,208.04,-4.96,-1.16,Grey,39750.12
222,42,car,OCCLUDED,31,14,0.844,901.56,565.05,-1.56,2.8,Grey,274691.47
222,47,car,OCCLUDED,29,14,0.844,1083.62,235.47,-3.83,-0.13,Grey,62318.68
222,48,person,VISIBLE,23,0,0.7692,20.46,220.69,-0.74,0.23,Black,1076.31
222,49,person,OCCLUDED,9,14,0.844,1161.6,197.57,-3.53,0.6,Black,3275.39
222,62,car,VISIBLE,18,0,0.737,1247.82,227.19,0.03,0.16,Grey,2693.4
222,75,person,VISIBLE,18,0,0.7303,1042.76,98.94,-0.31,0.16,Grey,1461.03
222,86,car,VISIBLE,18,0,0.6206,1072.01,210.16,-1.04,-0.04,Grey,1828.68
222,53,car,VISIBLE,18,0,0.5477,1063.51,659.81,0.1,0.68,Grey,52025.6
222,54,car,VISIBLE,18,0,0.6707,95.81,573.75,-0.12,0.25,Grey,54951.64
222,57,car,VISIBLE,18,0,0.5662,866.83,530.76,0.18,0.38,Grey,67597.13
222,76,truck,VISIBLE,18,0,0.5685,874.14,185.91,-0.02,0.16,Orange,5686.28
222,67,car,VISIBLE,18,0,0.5326,1038.26,367.54,0.08,0.2,Orange,20970.05
222,58,car,VISIBLE,18,0,0.5922,678.79,421.74,0.83,0.22,Black,71854.57
222,52,car,VISIBLE,18,0,0.6482,412.79,671.51,0.09,0.29,Grey,42246.48
222,51,car,VISIBLE,18,0,0.5506,141.65,350.06,-0.3,0.22,Grey,20147.77
222,55,car,VISIBLE,18,0,0.4276,241.16,436.11,-0.09,0.3,Black,43565.07
222,59,car,VISIBLE,18,0,0.5592,41.28,327.53,-0.27,0.19,Grey,7831.32
222,65,car,VISIBLE,18,0,0.4991,462.26,552.75,-0.08,-0.09,Black,66969.59
222,50,car,VISIBLE,18,0,0.5266,1158.68,443.65,0.12,0.35,Black,47538.35
222,64,car,VISIBLE,18,0,0.5274,339.92,367.5,0.02,-0.01,Brown,21138.57
222,63,car,VISIBLE,18,0,0.4429,1076.3,280.35,0.26,0.22,Grey,6697.82
222,81,car,VISIBLE,18,0,0.3553,986.54,201.1,-0.94,0.0,Black,1372.35
222,70,car,VISIBLE,18,0,0.4502,1180.5,310.17,0.2,0.23,Black,14974.67
222,69,car,VISIBLE,18,0,0.4613,128.59,277.12,-0.65,0.21,Grey,9380.79
222,56,car,VISIBLE,18,0,0.4422,282.01,290.87,-0.1,0.15,Grey,9698.48
222,84,bus,VISIBLE,18,0,0.342,526.73,148.52,-0.02,0.14,Grey,1261.7
222,73,car,VISIBLE,18,0,0.3378,248.98,259.81,-0.05,0.18,Grey,6974.75
222,79,car,VISIBLE,18,0,0.3348,212.71,172.16,-0.17,0.11,Black,2334.18
222,78,car,VISIBLE,18,0,0.2336,734.04,253.44,-0.07,-0.14,Grey,3901.18
222,83,car,VISIBLE,18,0,0.4294,141.3,183.98,-0.03,0.24,Black,3949.16
222,60,car,VISIBLE,18,0,0.2661,956.8,310.5,-0.03,0.34,Black,15059.25
222,85,person,VISIBLE,18,0,0.6588,167.75,199.18,-0.43,0.28,Black,724.92
222,72,car,VISIBLE,18,0,0.3328,409.38,319.35,-0.04,0.2,Grey,15414.03
222,89,car,VISIBLE,18,0,0.1893,1190.58,182.74,0.03,0.18,Black,1444.75
222,68,car,VISIBLE,18,0,0.1903,825.16,241.74,0.01,0.11,Grey,3747.11
222,71,car,VISIBLE,18,0,0.2942,452.19,291.05,-0.17,0.12,Grey,7835.76
222,66,car,VISIBLE,18,0,0.2,916.76,280.22,0.0,0.08,Grey,8191.9
222,74,car,VISIBLE,18,0,0.189,306.44,225.79,-0.38,0.2,Grey,3128.74
222,80,car,VISIBLE,18,0,0.1534,1247.4,383.21,-0.32,-0.36,Black,9148.58
222,88,person,OCCLUDED,9,9,0.9,1251.26,194.98,-0.03,0.08,Black,357.43
222,61,car,VISIBLE,18,0,0.2869,35.66,392.47,-0.07,-0.03,Black,6790.91
222,77,car,OCCLUDED,13,1,0.989,279.06,165.44,-0.0,0.02,Grey,1478.11
222,90,car,VISIBLE,16,0,0.2138,1014.9,255.13,0.16,0.09,Grey,5379.74
222,91,car,OCCLUDED,10,3,0.967,1117.87,176.19,0.37,-0.02,Grey,974.44
222,92,car,VISIBLE,15,0,0.1649,710.07,227.01,0.01,-0.35,Black,2629.88
222,93,car,VISIBLE,14,0,0.1626,902.06,217.66,-0.22,0.12,Black,2362.1
222,94,truck,VISIBLE,14,0,0.1798,815.0,151.26,-0.11,0.1,Grey,1113.05
222,95,car,VISIBLE,13,0,0.3322,584.43,320.39,0.25,0.31,Black,15513.63
222,96,car,VISIBLE,13,0,0.1972,365.97,251.47,0.05,0.94,Grey,5535.75
222,97,person,VISIBLE,12,0,0.3181,1197.4,199.97,0.23,0.14,Black,467.29
223,6,car,OUT_OF_BOUNDS,196,26,0.711,-108.03,857.56,-4.49,16.59,Grey,11165.82
223,2,car,LOST,63,159,0.0,637.1,422.87,-0.07,-0.12,Purple,160266.72
223,1,car,LOST,63,159,0.0,1215.72,389.12,0.33,-0.18,Red,61898.72
223,8,truck,LOST,63,159,0.0,531.43,162.11,-0.12,-0.68,Grey,2913.99
223,3,car,VISIBLE,187,0,0.4464,678.07,289.12,1.56,-0.01,Grey,13870.95
223,4,car,LOST,63,159,0.0,1104.36,330.08,0.5,-0.32,Red,36618.2
223,13,car,OUT_OF_BOUNDS,25,197,0.0,-386.54,598.31,-1.99,0.48,Grey,4493.18
223,11,person,LOST,63,159,0.0,678.19,257.53,-0.28,-0.47,Grey,5659.19
223,9,car,LOST,63,159,0.0,264.25,328.35,-0.67,-0.27,Grey,30084.14
223,12,car,OUT_OF_BOUNDS,23,199,0.0,1576.86,1067.52,1.53,2.78,Grey,4597.82
223,14,chair,OUT_OF_BOUNDS,73,139,0.0,-289.17,373.14,-4.49,0.54,Red,2151.27
223,10,chair,LOST,63,159,0.0,618.5,304.13,-0.16,-0.27,White,1631.45
223,7,person,OUT_OF_BOUNDS,63,159,0.0,-60.99,168.98,-1.16,-0.66,Grey,3580.65
223,15,car,LOST,60,159,0.0,380.8,235.14,-0.44,-0.55,White,4720.41
223,5,truck,LOST,18,204,0.0,149.38,128.36,-0.25,-0.36,Grey,12921.57
223,16,car,LOST,20,195,0.0,892.21,271.09,0.2,-0.44,Grey,8859.77
223,18,can,OUT_OF_BOUNDS,133,30,0.667,-571.78,1073.63,-17.12,14.34,Neutral,17843.84
223,21,car,OCCLUDED,148,15,0.833,717.03,513.83,-7.68,9.7,Grey,254432.96
223,22,car,OUT_OF_BOUNDS,130,15,0.833,-36.53,316.43,-3.2,4.16,Grey,4471.21
223,19,person,OCCLUDED,148,15,0.833,196.5,78.1,-2.61,0.54,Grey,4590.94
223,20,car,OCCLUDED,148,15,0.833,837.04,124.41,-3.33,-0.54,Grey,10204.53
223,23,chair,OCCLUDED,104,50,0.444,19.9,462.83,-8.87,2.97,Grey,18145.26
223,24,chair,OUT_OF_BOUNDS,110,42,0.533,-655.6,371.92,-18.48,1.66,Grey,18445.89
223,27,chair,OCCLUDED,68,71,0.211,647.2,302.64,-2.07,0.22,Grey,24405.98
223,29,chair,OCCLUDED,6,80,0.111,469.2,275.99,-0.17,0.08,Grey,9648.11
223,30,truck,OCCLUDED,59,10,0.889,730.55,169.26,-2.25,0.65,Grey,1043.53
223,33,car,VISIBLE,69,0,0.2284,864.48,259.78,0.09,0.29,Grey,5672.68
223,35,person,OCCLUDED,53,15,0.833,810.7,256.23,-7.71,1.08,Grey,7068.9
223,37,truck,OCCLUDED,39,15,0.833,1181.01,125.28,2.25,0.52,Grey,15546.92
223,39,car,VISIBLE,51,0,0.51,1232.96,578.65,0.29,0.19,Grey,23804.85
223,41,car,VISIBLE,24,0,0.5153,799.05,334.82,-0.03,0.07,Grey,14932.98
223,44,car,OCCLUDED,31,15,0.833,209.34,346.51,-3.93,1.32,Grey,213428.35
223,43,car,OCCLUDED,31,15,0.833,38.05,206.87,-4.96,-1.16,Grey,39750.12
223,42,car,OCCLUDED,31,15,0.833,900.0,567.84,-1.56,2.8,Grey,274691.47
223,47,car,OCCLUDED,29,15,0.833,1079.79,235.34,-3.83,-0.13,Grey,62318.68
223,48,person,VISIBLE,24,0,0.7661,19.7,220.84,-0.76,0.17,Black,1068.74
223,49,person,OCCLUDED,9,15,0.833,1158.07,198.17,-3.53,0.6,Black,3275.39
223,62,car,VISIBLE,19,0,0.7426,1247.85,227.32,0.03,0.14,Grey,2691.15
223,75,person,VISIBLE,19,0,0.7313,1042.53,99.11,-0.26,0.16,Grey,1433.97
223,86,car,VISIBLE,19,0,0.6204,1070.95,210.12,-1.05,-0.04,Grey,1817.71
223,53,car,VISIBLE,19,0,0.5568,1063.6,660.71,0.09,0.84,Grey,51199.86
223,54,car,VISIBLE,19,0,0.6698,95.73,573.93,-0.09,0.2,Grey,54889.93
223,57,car,VISIBLE,19,0,0.5362,867.0,531.17,0.18,0.4,Grey,67666.81
223,76,truck,VISIBLE,19,0,0.5742,874.13,186.06,-0.01,0.15,Orange,5669.96
223,67,car,VISIBLE,19,0,0.5398,1038.39,367.73,0.11,0.19,Orange,20970.94
223,58,car,VISIBLE,19,0,0.5811,679.7,421.88,0.88,0.16,Grey,71847.57
223,52,car,VISIBLE,19,0,0.6676,412.86,671.88,0.07,0.34,Grey,41956.82
223,51,car,VISIBLE,19,0,0.5586,141.42,350.22,-0.25,0.17,Grey,20200.08
223,55,car,VISIBLE,19,0,0.4519,241.01,436.4,-0.13,0.3,Black,43571.92
223,59,car,VISIBLE,19,0,0.5592,41.06,327.8,-0.24,0.24,Grey,7759.77
223,65,car,VISIBLE,19,0,0.5393,462.23,552.55,-0.05,-0.17,Black,66724.65
223,50,car,VISIBLE,19,0,0.5358,1158.8,443.93,0.12,0.3,Black,47465.12
223,64,car,VISIBLE,19,0,0.5291,340.0,367.69,0.05,0.13,Brown,21142.05
223,63,car,VISIBLE,19,0,0.4457,1076.65,280.51,0.33,0.18,Grey,6676.11
223,81,car,VISIBLE,19,0,0.3362,985.64,201.12,-0.91,0.01,Black,1356.2
223,70,car,VISIBLE,19,0,0.4672,1180.62,310.18,0.15,0.08,Black,14906.69
223,69,car,VISIBLE,19,0,0.4787,127.89,277.31,-0.69,0.2,Grey,9411.24
223,56,car,VISIBLE,19,0,0.4361,281.87,291.06,-0.13,0.18,Grey,9698.93
223,84,bus,VISIBLE,19,0,0.3499,526.7,148.64,-0.03,0.12,Grey,1267.75
223,73,car,VISIBLE,19,0,0.3329,248.89,259.96,-0.08,0.17,Grey,6978.93
223,79,car,VISIBLE,19,0,0.3368,212.58,172.24,-0.15,0.09,Black,2328.21
223,78,car,VISIBLE,19,0,0.2523,734.38,253.62,0.21,0.09,Grey,3896.82
223,83,car,VISIBLE,19,0,0.4095,141.11,184.31,-0.14,0.3,Black,3939.43
223,60,car,VISIBLE,19,0,0.2803,956.77,310.8,-0.03,0.31,Black,15090.64
223,85,person,VISIBLE,19,0,0.6525,167.22,199.48,-0.5,0.29,Black,696.84
223,72,car,VISIBLE,19,0,0.3355,409.32,319.53,-0.05,0.19,Grey,15426.12
223,89,car,VISIBLE,19,0,0.1817,1190.76,182.88,0.14,0.15,Grey,1433.4
223,68,car,VISIBLE,19,0,0.1903,825.17,241.86,0.01,0.12,Grey,3744.17
223,71,car,VISIBLE,19,0,0.2962,452.04,291.18,-0.16,0.12,Grey,7847.84
223,66,car,VISIBLE,19,0,0.1993,916.73,280.2,-0.02,0.01,Grey,8188.03
223,74,car,VISIBLE,19,0,0.1861,306.22,226.0,-0.27,0.21,Grey,3138.43
223,80,car,VISIBLE,19,0,0.1528,1247.11,382.89,-0.31,-0.33,Black,9070.41
223,88,person,OCCLUDED,9,10,0.889,1251.23,195.07,-0.03,0.08,Black,357.43
223,61,car,VISIBLE,19,0,0.289,35.61,392.5,-0.05,0.01,Black,6776.5
223,77,car,OCCLUDED,13,2,0.978,279.06,165.46,-0.0,0.02,Grey,1478.11
223,90,car,VISIBLE,17,0,0.2231,1015.01,255.3,0.12,0.14,Grey,5393.27
223,91,car,OCCLUDED,10,4,0.956,1118.24,176.17,0.37,-0.02,Grey,974.44
223,92,car,VISIBLE,16,0,0.1649,710.06,226.66,-0.01,-0.35,Black,2592.55
223,93,car,OCCLUDED,14,1,0.989,901.84,217.78,-0.22,0.12,Black,2362.1
223,94,truck,VISIBLE,15,0,0.1798,814.88,151.36,-0.12,0.1,Grey,1106.44
223,95,car,VISIBLE,14,0,0.3242,584.71,320.64,0.27,0.26,Black,15584.1
223,96,car,VISIBLE,14,0,0.1879,366.06,252.51,0.08,1.01,Grey,5698.9
223,97,person,VISIBLE,13,0,0.247,1197.66,200.11,0.25,0.14,Black,465.17
224,6,car,OUT_OF_BOUNDS,196,27,0.7,-112.52,874.15,-4.49,16.59,Grey,11165.82
224,2,car,LOST,63,160,0.0,637.03,422.74,-0.07,-0.12,Purple,160266.72
224,1,car,LOST,63,160,0.0,1216.05,388.94,0.33,-0.18,Red,61898.72
224,8,truck,LOST,63,160,0.0,531.31,161.44,-0.12,-0.68,Grey,2913.99
224,3,car,VISIBLE,188,0,0.4294,681.21,289.38,2.67,0.17,Grey,13508.89
224,4,car,LOST,63,160,0.0,1104.86,329.76,0.5,-0.32,Red,36618.2
224,13,car,OUT_OF_BOUNDS,25,198,0.0,-388.53,598.78,-1.99,0.48,Grey,4493.18
224,11,person,LOST,63,160,0.0,677.92,257.06,-0.28,-0.47,Grey,5659.19
224,9,car,LOST,63,160,0.0,263.57,328.08,-0.67,-0.27,Grey,30084.14
224,12,car,OUT_OF_BOUNDS,23,200,0.0,1578.39,1070.3,1.53,2.78,Grey,4597.82
224,14,chair,OUT_OF_BOUNDS,73,140,0.0,-293.66,373.68,-4.49,0.54,Red,2151.27
224,10,chair,LOST,63,160,0.0,618.33,303.86,-0.16,-0.27,White,1631.45
224,7,person,OUT_OF_BOUNDS,63,160,0.0,-62.15,168.32,-1.16,-0.66,Grey,3580.65
224,15,car,LOST,60,160,0.0,380.35,234.59,-0.44,-0.55,White,4720.41
224,5,truck,LOST,18,205,0.0,149.13,128.0,-0.25,-0.36,Grey,12921.57
224,16,car,LOST,20,196,0.0,892.41,270.66,0.2,-0.44,Grey,8859.77
224,18,can,OUT_OF_BOUNDS,133,31,0.656,-588.9,1087.97,-17.12,14.34,Neutral,17843.84
224,21,car,OCCLUDED,148,16,0.822,709.35,523.53,-7.68,9.7,Grey,254432.96
224,22,car,OUT_OF_BOUNDS,130,16,0.822,-39.73,320.58,-3.2,4.16,Grey,4471.21
224,19,person,OCCLUDED,148,16,0.822,193.89,78.64,-2.61,0.54,Grey,4590.94
224,20,car,OCCLUDED,148,16,0.822,833.71,123.88,-3.33,-0.54,Grey,10204.53
224,23,chair,OCCLUDED,104,51,0.433,11.03,465.79,-8.87,2.97,Grey,18145.26
224,24,chair,OUT_OF_BOUNDS,110,43,0.522,-674.08,373.58,-18.48,1.66,Grey,18445.89
224,27,chair,OCCLUDED,68,72,0.2,645.13,302.86,-2.07,0.22,Grey,24405.98
224,29,chair,OCCLUDED,6,81,0.1,469.03,276.07,-0.17,0.08,Grey,9648.11
224,30,truck,OCCLUDED,59,11,0.878,728.3,169.9,-2.25,0.65,Grey,1043.53
224,33,car,VISIBLE,70,0,0.2414,864.49,259.96,0.03,0.21,Grey,5678.79
224,35,person,OCCLUDED,53,16,0.822,802.99,257.31,-7.71,1.08,Grey,7068.9
224,37,truck,OCCLUDED,39,16,0.822,1183.25,125.8,2.25,0.52,Grey,15546.92
224,39,car,VISIBLE,52,0,0.53,1233.27,578.74,0.3,0.12,Grey,23740.95
224,41,car,VISIBLE,25,0,0.5287,799.08,335.08,0.01,0.2,Grey,14879.5
224,44,car,OCCLUDED,31,16,0.822,205.41,347.83,-3.93,1.32,Grey,213428.35
224,43,car,OCCLUDED,31,16,0.822,33.09,205.71,-4.96,-1.16,Grey,39750.12
224,42,car,OCCLUDED,31,16,0.822,898.44,570.64,-1.56,2.8,Grey,274691.47
224,47,car,OCCLUDED,29,16,0.822,1075.96,235.22,-3.83,-0.13,Grey,62318.68
224,48,person,VISIBLE,25,0,0.7578,18.99,220.87,-0.72,0.07,Black,1059.21
224,49,person,OCCLUDED,9,16,0.822,1154.54,198.78,-3.53,0.6,Black,3275.39
224,62,car,VISIBLE,20,0,0.749,1247.9,227.43,0.04,0.12,Grey,2687.61
224,75,person,VISIBLE,20,0,0.7333,1042.45,99.27,-0.13,0.16,Grey,1425.84
224,86,car,VISIBLE,20,0,0.6244,1069.92,210.03,-1.03,-0.07,Grey,1815.13
224,53,car,VISIBLE,20,0,0.592,1063.74,661.75,0.13,0.98,Grey,50267.22
224,54,car,VISIBLE,20,0,0.6593,95.66,574.11,-0.07,0.18,Grey,54822.3
224,57,car,VISIBLE,20,0,0.5481,867.09,531.46,0.11,0.33,Grey,67696.95
224,76,truck,VISIBLE,20,0,0.5775,874.14,186.22,0.0,0.16,Orange,5665.15
224,67,car,VISIBLE,20,0,0.5466,1038.53,367.94,0.13,0.2,Orange,20977.48
224,58,car,VISIBLE,20,0,0.5942,680.51,422.0,0.84,0.14,Grey,71839.36
224,52,car,VISIBLE,20,0,0.6683,412.83,672.04,-0.0,0.21,Grey,41834.74
224,51,car,VISIBLE,20,0,0.5571,141.31,350.48,-0.15,0.23,Grey,20259.63
224,55,car,VISIBLE,20,0,0.4689,240.87,436.69,-0.14,0.3,Black,43558.57
224,59,car,VISIBLE,20,0,0.5675,40.87,328.14,-0.21,0.31,Grey,7712.35
224,65,car,VISIBLE,20,0,0.4821,462.26,552.84,0.01,0.15,Black,66783.67
224,50,car,VISIBLE,20,0,0.5165,1158.9,444.17,0.11,0.26,Black,47429.41
224,64,car,VISIBLE,20,0,0.5343,339.98,368.14,0.01,0.35,Brown,21045.62
224,63,car,VISIBLE,20,0,0.4623,1076.98,280.64,0.33,0.14,Grey,6651.78
224,81,car,VISIBLE,20,0,0.3143,984.86,201.14,-0.82,0.02,Black,1336.99
224,70,car,VISIBLE,20,0,0.4776,1180.79,310.25,0.16,0.07,Black,14848.14
224,69,car,VISIBLE,20,0,0.4778,127.39,277.55,-0.56,0.23,Grey,9436.29
224,56,car,VISIBLE,20,0,0.4253,281.76,291.3,-0.12,0.22,Grey,9707.57
224,84,bus,VISIBLE,20,0,0.3585,526.65,148.84,-0.04,0.18,Grey,1267.34
224,73,car,VISIBLE,20,0,0.3279,248.86,260.15,-0.05,0.18,Grey,6993.11
224,79,car,VISIBLE,20,0,0.334,212.43,172.3,-0.15,0.07,Black,2320.83
224,78,car,VISIBLE,20,0,0.263,734.83,254.0,0.38,0.29,Grey,3918.41
224,83,car,VISIBLE,20,0,0.4196,141.01,184.65,-0.11,0.33,Black,3937.93
224,60,car,VISIBLE,20,0,0.2862,956.66,311.09,-0.08,0.3,Black,15122.62
224,85,person,VISIBLE,20,0,0.6397,166.7,199.69,-0.51,0.23,Black,664.12
224,72,car,VISIBLE,20,0,0.3291,409.24,319.74,-0.08,0.2,Grey,15443.51
224,89,car,VISIBLE,20,0,0.1775,1190.59,183.03,-0.08,0.15,Black,1414.81
224,68,car,VISIBLE,20,0,0.1557,824.97,242.15,-0.14,0.24,Grey,3761.27
224,71,car,VISIBLE,20,0,0.2951,451.9,291.34,-0.14,0.15,Grey,7857.83
224,66,car,VISIBLE,20,0,0.1941,916.75,280.2,0.01,0.0,Grey,8172.1
224,74,car,VISIBLE,20,0,0.1826,305.88,226.17,-0.31,0.18,Grey,3141.51
224,80,car,VISIBLE,20,0,0.1528,1247.06,382.95,-0.12,-0.06,Black,9040.65
224,88,person,OCCLUDED,9,11,0.878,1251.2,195.15,-0.03,0.08,Black,357.43
224,61,car,VISIBLE,20,0,0.2912,35.5,392.52,-0.09,0.02,Black,6765.04
224,77,car,OCCLUDED,13,3,0.967,279.06,165.48,-0.0,0.02,Grey,1478.11
224,90,car,VISIBLE,18,0,0.227,1015.17,255.42,0.15,0.13,Grey,5403.52
224,91,car,OCCLUDED,10,5,0.944,1118.61,176.14,0.37,-0.02,Grey,974.44
224,92,car,OCCLUDED,16,1,0.989,710.05,226.3,-0.01,-0.35,Black,2592.55
224,93,car,OCCLUDED,14,2,0.978,901.61,217.9,-0.22,0.12,Black,2362.1
224,94,truck,VISIBLE,16,0,0.1798,814.76,151.46,-0.12,0.1,Grey,1099.86
224,95,car,VISIBLE,15,0,0.3353,584.75,320.86,0.1,0.23,Black,15581.22
224,96,car,VISIBLE,15,0,0.1798,366.11,252.83,0.06,0.52,Grey,5814.07
224,97,person,VISIBLE,14,0,0.2774,1198.62,200.38,0.75,0.23,Black,491.86
225,6,car,OUT_OF_BOUNDS,196,28,0.689,-117.01,890.74,-4.49,16.59,Grey,11165.82
225,2,car,LOST,63,161,0.0,636.96,422.62,-0.07,-0.12,Purple,160266.72
225,1,car,LOST,63,161,0.0,1216.38,388.76,0.33,-0.18,Red,61898.72
225,8,truck,LOST,63,161,0.0,531.2,160.76,-0.12,-0.68,Grey,2913.99
225,3,car,VISIBLE,189,0,0.3936,684.86,289.69,3.35,0.28,Grey,13289.47
225,4,car,LOST,63,161,0.0,1105.35,329.43,0.5,-0.32,Red,36618.2
225,13,car,OUT_OF_BOUNDS,25,199,0.0,-390.52,599.26,-1.99,0.48,Grey,4493.18
225,11,person,LOST,63,161,0.0,677.64,256.58,-0.28,-0.47,Grey,5659.19
225,9,car,LOST,63,161,0.0,262.9,327.81,-0.67,-0.27,Grey,30084.14
225,12,car,OUT_OF_BOUNDS,23,201,0.0,1579.92,1073.08,1.53,2.78,Grey,4597.82
225,14,chair,OUT_OF_BOUNDS,73,141,0.0,-298.16,374.22,-4.49,0.54,Red,2151.27
225,10,chair,LOST,63,161,0.0,618.17,303.59,-0.16,-0.27,White,1631.45
225,7,person,OUT_OF_BOUNDS,63,161,0.0,-63.31,167.66,-1.16,-0.66,Grey,3580.65
225,15,car,LOST,60,161,0.0,379.91,234.04,-0.44,-0.55,White,4720.41
225,5,truck,LOST,18,206,0.0,148.87,127.65,-0.25,-0.36,Grey,12921.57
225,16,car,LOST,20,197,0.0,892.61,270.22,0.2,-0.44,Grey,8859.77
225,18,can,OUT_OF_BOUNDS,133,32,0.644,-606.02,1102.31,-17.12,14.34,Neutral,17843.84
225,21,car,OCCLUDED,148,17,0.811,701.67,533.23,-7.68,9.7,Grey,254432.96
225,22,car,OUT_OF_BOUNDS,130,17,0.811,-42.92,324.74,-3.2,4.16,Grey,4471.21
225,19,person,OCCLUDED,148,17,0.811,191.28,79.18,-2.61,0.54,Grey,4590.94
225,20,car,OCCLUDED,148,17,0.811,830.38,123.34,-3.33,-0.54,Grey,10204.53
225,23,chair,OCCLUDED,104,52,0.422,2.16,468.76,-8.87,2.97,Grey,18145.26
225,24,chair,OUT_OF_BOUNDS,110,44,0.511,-692.55,375.24,-18.48,1.66,Grey,18445.89
225,27,chair,OCCLUDED,68,73,0.189,643.06,303.07,-2.07,0.22,Grey,24405.98
225,29,chair,OCCLUDED,6,82,0.089,468.86,276.16,-0.17,0.08,Grey,9648.11
225,30,truck,OCCLUDED,59,12,0.867,726.06,170.55,-2.25,0.65,Grey,1043.53
225,33,car,VISIBLE,71,0,0.2152,864.55,260.07,0.05,0.14,Grey,5701.8
225,35,person,OCCLUDED,53,17,0.811,795.28,258.39,-7.71,1.08,Grey,7068.9
225,37,truck,OCCLUDED,39,17,0.811,1185.5,126.32,2.25,0.52,Grey,15546.92
225,39,car,VISIBLE,53,0,0.5179,1233.5,579.04,0.25,0.24,Grey,23610.94
225,41,car,VISIBLE,26,0,0.4717,799.21,335.5,0.1,0.36,Grey,14809.24
225,44,car,OCCLUDED,31,17,0.811,201.48,349.15,-3.93,1.32,Grey,213428.35
225,43,car,OCCLUDED,31,17,0.811,28.13,204.55,-4.96,-1.16,Grey,39750.12
225,42,car,OCCLUDED,31,17,0.811,896.89,573.44,-1.56,2.8,Grey,274691.47
225,47,car,OCCLUDED,29,17,0.811,1072.13,235.09,-3.83,-0.13,Grey,62318.68
225,48,person,VISIBLE,26,0,0.7677,18.34,220.9,-0.67,0.05,Black,1061.0
225,49,person,OCCLUDED,9,17,0.811,1151.01,199.38,-3.53,0.6,Black,3275.39
225,62,car,VISIBLE,21,0,0.7371,1247.9,227.53,0.02,0.11,Grey,2687.53
225,75,person,VISIBLE,21,0,0.7343,1042.58,99.41,0.05,0.14,Grey,1433.97
225,86,car,VISIBLE,21,0,0.6258,1068.99,209.76,-0.97,-0.21,Grey,1822.95
225,53,car,VISIBLE,21,0,0.5684,1063.83,662.41,0.1,0.76,Grey,49699.12
225,54,car,VISIBLE,21,0,0.661,95.56,574.29,-0.09,0.18,Grey,54735.69
225,57,car,VISIBLE,21,0,0.5338,867.21,531.7,0.12,0.26,Grey,67752.08
225,76,truck,VISIBLE,21,0,0.5742,874.22,186.29,0.06,0.09,Orange,5675.29
225,67,car,VISIBLE,21,0,0.5317,1038.83,368.16,0.25,0.22,Orange,21001.3
225,58,car,VISIBLE,21,0,0.5742,681.36,422.08,0.84,0.09,Grey,71645.22
225,52,car,VISIBLE,21,0,0.6536,412.76,672.25,-0.05,0.21,Grey,41687.11
225,51,car,VISIBLE,21,0,0.518,141.33,350.84,-0.03,0.33,Grey,20322.38
225,55,car,VISIBLE,21,0,0.4972,240.56,436.98,-0.25,0.29,Black,43591.96
225,59,car,VISIBLE,21,0,0.5569,40.79,328.5,-0.11,0.34,Grey,7708.88
225,65,car,VISIBLE,21,0,0.5341,462.32,553.75,0.04,0.68,Black,67077.55
225,50,car,VISIBLE,21,0,0.4962,1159.03,444.31,0.12,0.18,Black,47390.07
225,64,car,VISIBLE,21,0,0.5708,339.96,368.67,-0.02,0.48,Brown,20866.47
225,63,car,VISIBLE,21,0,0.4643,1076.88,280.78,0.03,0.14,Grey,6654.71
225,81,car,VISIBLE,21,0,0.2685,984.16,201.11,-0.73,-0.02,Black,1312.88
225,70,car,VISIBLE,21,0,0.4636,1181.06,310.46,0.24,0.17,Black,14846.47
225,69,car,VISIBLE,21,0,0.4751,127.06,278.07,-0.4,0.44,Grey,9467.88
225,56,car,VISIBLE,21,0,0.4187,281.75,291.57,-0.05,0.26,Grey,9724.29
225,84,bus,VISIBLE,21,0,0.3375,526.4,149.38,-0.18,0.42,Grey,1231.77
225,73,car,VISIBLE,21,0,0.3339,248.7,260.36,-0.12,0.2,Grey,7045.06
225,79,car,VISIBLE,21,0,0.2943,212.71,172.62,0.15,0.24,Black,2378.37
225,78,car,VISIBLE,21,0,0.2411,735.45,254.09,0.55,0.14,Grey,3843.16
225,83,car,VISIBLE,21,0,0.4104,140.69,185.06,-0.26,0.39,Black,3925.27
225,60,car,VISIBLE,21,0,0.2943,956.41,311.31,-0.2,0.24,Black,15172.12
225,85,person,VISIBLE,21,0,0.5461,166.03,199.93,-0.62,0.24,Black,633.3
225,72,car,VISIBLE,21,0,0.309,409.26,319.96,-0.0,0.22,Grey,15451.55
225,89,car,VISIBLE,21,0,0.1775,1190.59,183.18,-0.03,0.15,Grey,1406.2
225,68,car,VISIBLE,21,0,0.1557,824.92,242.31,-0.08,0.19,Grey,3763.64
225,71,car,VISIBLE,21,0,0.2757,451.85,291.45,-0.08,0.12,Grey,7843.18
225,66,car,VISIBLE,21,0,0.2004,916.8,280.17,0.03,-0.02,Grey,8157.56
225,74,car,VISIBLE,21,0,0.1809,305.6,226.31,-0.3,0.15,Grey,3155.44
225,80,car,VISIBLE,21,0,0.1528,1247.02,383.0,-0.07,0.01,Black,9010.77
225,88,person,OCCLUDED,9,12,0.867,1251.16,195.24,-0.03,0.08,Black,357.43
225,61,car,VISIBLE,21,0,0.284,35.41,392.49,-0.09,-0.02,Black,6755.32
225,77,car,OCCLUDED,13,4,0.956,279.06,165.5,-0.0,0.02,Grey,1478.11
225,90,car,VISIBLE,19,0,0.2213,1015.18,255.48,0.05,0.09,Grey,5431.62
225,91,car,VISIBLE,11,0,0.1599,1151.44,181.78,4.16,0.64,Grey,1028.86
225,92,car,OCCLUDED,16,2,0.978,710.05,225.95,-0.01,-0.35,Black,2592.55
225,93,car,OCCLUDED,14,3,0.967,901.39,218.02,-0.22,0.12,Black,2362.1
225,94,truck,VISIBLE,17,0,0.1798,814.64,151.56,-0.12,0.1,Grey,1093.29
225,95,car,VISIBLE,16,0,0.3407,584.65,321.0,-0.03,0.17,Black,15575.96
225,96,car,VISIBLE,16,0,0.1799,366.12,252.97,0.02,0.26,Grey,5784.32
225,97,person,VISIBLE,15,0,0.2668,1199.59,200.85,0.9,0.4,Black,510.19
226,6,car,OUT_OF_BOUNDS,196,29,0.678,-121.5,907.33,-4.49,16.59,Grey,11165.82
226,2,car,LOST,63,162,0.0,636.89,422.5,-0.07,-0.12,Purple,160266.72
226,1,car,LOST,63,162,0.0,1216.71,388.58,0.33,-0.18,Red,61898.72
226,8,truck,LOST,63,162,0.0,531.08,160.08,-0.12,-0.68,Grey,2913.99
226,3,car,VISIBLE,190,0,0.3495,691.25,290.3,5.48,0.5,Grey,13532.32
226,4,car,LOST,63,162,0.0,1105.85,329.11,0.5,-0.32,Red,36618.2
226,13,car,OUT_OF_BOUNDS,25,200,0.0,-392.52,599.73,-1.99,0.48,Grey,4493.18
226,11,person,LOST,63,162,0.0,677.36,256.11,-0.28,-0.47,Grey,5659.19
226,9,car,LOST,63,162,0.0,262.23,327.54,-0.67,-0.27,Grey,30084.14
226,12,car,OUT_OF_BOUNDS,23,202,0.0,1581.45,1075.87,1.53,2.78,Grey,4597.82
226,14,chair,OUT_OF_BOUNDS,73,142,0.0,-302.65,374.76,-4.49,0.54,Red,2151.27
226,10,chair,LOST,63,162,0.0,618.01,303.32,-0.16,-0.27,White,1631.45
226,7,person,OUT_OF_BOUNDS,63,162,0.0,-64.48,167.0,-1.16,-0.66,Grey,3580.65
226,15,car,LOST,60,162,0.0,379.47,233.49,-0.44,-0.55,White,4720.41
226,5,truck,LOST,18,207,0.0,148.62,127.29,-0.25,-0.36,Grey,12921.57
226,16,car,LOST,20,198,0.0,892.8,269.78,0.2,-0.44,Grey,8859.77
226,18,can,OUT_OF_BOUNDS,133,33,0.633,-623.14,1116.65,-17.12,14.34,Neutral,17843.84
226,21,car,OCCLUDED,148,18,0.8,694.0,542.94,-7.68,9.7,Grey,254432.96
226,22,car,OUT_OF_BOUNDS,130,18,0.8,-46.12,328.9,-3.2,4.16,Grey,4471.21
226,19,person,OCCLUDED,148,18,0.8,188.67,79.72,-2.61,0.54,Grey,4590.94
226,20,car,OCCLUDED,148,18,0.8,827.05,122.81,-3.33,-0.54,Grey,10204.53
226,23,chair,OCCLUDED,104,53,0.411,-6.71,471.72,-8.87,2.97,Grey,18145.26
226,24,chair,OUT_OF_BOUNDS,110,45,0.5,-711.03,376.89,-18.48,1.66,Grey,18445.89
226,27,chair,OCCLUDED,68,74,0.178,640.99,303.29,-2.07,0.22,Grey,24405.98
226,29,chair,OCCLUDED,6,83,0.078,468.68,276.24,-0.17,0.08,Grey,9648.11
226,30,truck,OCCLUDED,59,13,0.856,723.81,171.19,-2.25,0.65,Grey,1043.53
226,33,car,VISIBLE,72,0,0.2173,864.63,260.26,0.07,0.17,Grey,5741.85
226,35,person,OCCLUDED,53,18,0.8,787.57,259.47,-7.71,1.08,Grey,7068.9
226,37,truck,OCCLUDED,39,18,0.8,1187.75,126.85,2.25,0.52,Grey,15546.92
226,39,car,VISIBLE,54,0,0.5212,1233.74,579.7,0.25,0.53,Grey,23523.64
226,41,car,VISIBLE,27,0,0.4691,799.48,335.93,0.22,0.41,Grey,14699.27
226,44,car,OCCLUDED,31,18,0.8,197.55,350.47,-3.93,1.32,Grey,213428.35
226,43,car,OCCLUDED,31,18,0.8,23.17,203.39,-4.96,-1.16,Grey,39750.12
226,42,car,OCCLUDED,31,18,0.8,895.33,576.23,-1.56,2.8,Grey,274691.47
226,47,car,OCCLUDED,29,18,0.8,1068.3,234.96,-3.83,-0.13,Grey,62318.68
226,48,person,VISIBLE,27,0,0.758,17.73,220.99,-0.63,0.07,Black,1062.32
226,49,person,OCCLUDED,9,18,0.8,1147.49,199.98,-3.53,0.6,Black,3275.39
226,62,car,VISIBLE,22,0,0.7355,1247.95,227.62,0.04,0.09,Grey,2679.97
226,75,person,VISIBLE,22,0,0.7327,1042.52,99.48,-0.03,0.1,Grey,1430.59
226,86,car,VISIBLE,22,0,0.6245,1068.07,209.56,-0.93,-0.21,Grey,1829.6
226,53,car,VISIBLE,22,0,0.5858,1063.81,663.07,0.02,0.68,Grey,49133.51
226,54,car,VISIBLE,22,0,0.6708,95.49,574.41,-0.07,0.14,Grey,54659.12
226,57,car,VISIBLE,22,0,0.5707,867.42,532.04,0.18,0.32,Grey,67821.63
226,76,truck,VISIBLE,22,0,0.5704,874.3,186.33,0.08,0.06,Orange,5682.47
226,67,car,VISIBLE,22,0,0.5344,1039.14,368.39,0.29,0.23,Orange,21035.62
226,58,car,VISIBLE,22,0,0.5652,682.41,422.19,0.99,0.11,Grey,71359.09
226,52,car,VISIBLE,22,0,0.6487,412.75,672.43,-0.02,0.19,Grey,41558.96
226,51,car,VISIBLE,22,0,0.5149,141.37,351.04,0.02,0.24,Grey,20321.85
226,55,car,VISIBLE,22,0,0.5312,240.47,437.24,-0.14,0.27,Black,43670.54
226,59,car,VISIBLE,22,0,0.556,40.7,328.75,-0.09,0.28,Grey,7685.6
226,65,car,VISIBLE,22,0,0.5305,462.37,554.62,0.04,0.81,Black,67393.69
226,50,car,VISIBLE,22,0,0.5264,1159.17,444.5,0.13,0.19,Black,47360.88
226,64,car,VISIBLE,22,0,0.5804,339.93,369.29,-0.03,0.58,Brown,20663.29
226,63,car,VISIBLE,22,0,0.4655,1076.9,280.88,0.02,0.11,Grey,6664.19
226,81,car,VISIBLE,22,0,0.2663,983.58,201.06,-0.63,-0.04,Black,1292.13
226,70,car,VISIBLE,22,0,0.4556,1181.35,310.67,0.27,0.2,Black,14844.52
226,69,car,VISIBLE,22,0,0.4443,126.73,278.63,-0.36,0.52,Grey,9495.31
226,56,car,VISIBLE,22,0,0.4126,281.83,291.98,0.05,0.36,Grey,9700.22
226,84,bus,VISIBLE,22,0,0.3858,526.25,150.08,-0.16,0.62,Grey,1212.24
226,73,car,VISIBLE,22,0,0.3238,248.61,260.51,-0.11,0.17,Grey,7080.11
226,79,car,VISIBLE,22,0,0.2925,212.97,172.77,0.23,0.18,Black,2414.56
226,78,car,VISIBLE,22,0,0.199,735.83,253.92,0.43,-0.07,Grey,3752.32
226,83,car,VISIBLE,22,0,0.4048,140.5,185.4,-0.21,0.36,Black,3890.68
226,60,car,VISIBLE,22,0,0.3017,956.31,311.45,-0.13,0.17,Black,15223.6
226,85,person,VISIBLE,22,0,0.5346,165.28,200.38,-0.72,0.39,Black,609.63
226,72,car,VISIBLE,22,0,0.2997,409.25,320.14,-0.01,0.19,Grey,15454.7
226,89,car,VISIBLE,22,0,0.1775,1190.58,183.33,-0.01,0.15,Grey,1397.45
226,68,car,VISIBLE,22,0,0.1557,824.87,242.48,-0.06,0.17,Grey,3765.99
226,71,car,VISIBLE,22,0,0.276,451.86,291.66,-0.02,0.18,Grey,7829.42
226,66,car,VISIBLE,22,0,0.2039,916.83,280.3,0.03,0.08,Grey,8161.29
226,74,car,VISIBLE,22,0,0.1791,305.46,226.43,-0.19,0.13,Grey,3176.98
226,80,car,OCCLUDED,21,1,0.989,1246.95,383.01,-0.07,0.01,Black,9010.77
226,88,person,OCCLUDED,9,13,0.856,1251.13,195.32,-0.03,0.08,Black,357.43
226,61,car,VISIBLE,22,0,0.2786,35.3,392.6,-0.1,0.07,Black,6738.24
226,77,car,VISIBLE,14,0,0.1537,280.59,166.96,0.21,0.22,Grey,1525.32
226,90,car,VISIBLE,20,0,0.1957,1015.26,255.56,0.07,0.08,Grey,5464.32
226,91,car,VISIBLE,12,0,0.1656,1151.36,181.82,1.19,0.22,Grey,1029.46
226,92,car,VISIBLE,17,0,0.18,597.58,248.06,-26.25,4.89,Black,3143.45
226,93,car,OCCLUDED,14,4,0.956,901.17,218.14,-0.22,0.12,Black,2362.1
226,94,truck,VISIBLE,18,0,0.1798,814.52,151.66,-0.12,0.1,Grey,1086.74
226,95,car,VISIBLE,17,0,0.3535,584.59,321.14,-0.05,0.16,Black,15612.06
226,96,car,VISIBLE,17,0,0.1869,366.07,253.17,-0.02,0.22,Grey,5732.17
226,97,person,VISIBLE,16,0,0.2791,1200.3,201.08,0.76,0.28,Black,525.27
227,6,car,OUT_OF_BOUNDS,196,30,0.667,-125.99,923.92,-4.49,16.59,Grey,11165.82
227,2,car,LOST,63,163,0.0,636.82,422.37,-0.07,-0.12,Purple,160266.72
227,1,car,LOST,63,163,0.0,1217.04,388.39,0.33,-0.18,Red,61898.72
227,8,truck,LOST,63,163,0.0,530.97,159.41,-0.12,-0.68,Grey,2913.99
227,3,car,VISIBLE,191,0,0.3932,698.36,290.82,6.62,0.52,Grey,13754.84
227,4,car,LOST,63,163,0.0,1106.35,328.79,0.5,-0.32,Red,36618.2
227,13,car,OUT_OF_BOUNDS,25,201,0.0,-394.51,600.21,-1.99,0.48,Grey,4493.18
227,11,person,LOST,63,163,0.0,677.08,255.63,-0.28,-0.47,Grey,5659.19
227,9,car,LOST,63,163,0.0,261.56,327.26,-0.67,-0.27,Grey,30084.14
227,12,car,OUT_OF_BOUNDS,23,203,0.0,1582.98,1078.65,1.53,2.78,Grey,4597.82
227,14,chair,OUT_OF_BOUNDS,73,143,0.0,-307.14,375.3,-4.49,0.54,Red,2151.27
227,10,chair,LOST,63,163,0.0,617.85,303.05,-0.16,-0.27,White,1631.45
227,7,person,OUT_OF_BOUNDS,63,163,0.0,-65.64,166.35,-1.16,-0.66,Grey,3580.65
227,15,car,LOST,60,163,0.0,379.03,232.94,-0.44,-0.55,White,4720.41
227,5,truck,LOST,18,208,0.0,148.37,126.93,-0.25,-0.36,Grey,12921.57
227,16,car,LOST,20,199,0.0,893.0,269.34,0.2,-0.44,Grey,8859.77
227,18,can,OUT_OF_BOUNDS,133,34,0.622,-640.26,1130.99,-17.12,14.34,Neutral,17843.84
227,21,car,OCCLUDED,148,19,0.789,686.32,552.64,-7.68,9.7,Grey,254432.96
227,22,car,OUT_OF_BOUNDS,130,19,0.789,-49.32,333.06,-3.2,4.16,Grey,4471.21
227,19,person,OCCLUDED,148,19,0.789,186.06,80.25,-2.61,0.54,Grey,4590.94
227,20,car,OCCLUDED,148,19,0.789,823.72,122.27,-3.33,-0.54,Grey,10204.53
227,23,chair,OCCLUDED,104,54,0.4,-15.58,474.69,-8.87,2.97,Grey,18145.26
227,24,chair,OUT_OF_BOUNDS,110,46,0.489,-729.5,378.55,-18.48,1.66,Grey,18445.89
227,27,chair,OCCLUDED,68,75,0.167,638.92,303.5,-2.07,0.22,Grey,24405.98
227,29,chair,OCCLUDED,6,84,0.067,468.51,276.33,-0.17,0.08,Grey,9648.11
227,30,truck,OCCLUDED,59,14,0.844,721.57,171.84,-2.25,0.65,Grey,1043.53
227,33,car,VISIBLE,73,0,0.2235,864.7,260.45,0.07,0.18,Grey,5779.58
227,35,person,OCCLUDED,53,19,0.789,779.86,260.55,-7.71,1.08,Grey,7068.9
227,37,truck,OCCLUDED,39,19,0.789,1190.0,127.37,2.25,0.52,Grey,15546.92
227,39,car,VISIBLE,55,0,0.5214,1233.97,579.93,0.24,0.32,Grey,23479.22
227,41,car,VISIBLE,28,0,0.4536,799.63,336.08,0.17,0.23,Grey,14649.62
227,44,car,OCCLUDED,31,19,0.789,193.62,351.8,-3.93,1.32,Grey,213428.35
227,43,car,OCCLUDED,31,19,0.789,18.2,202.22,-4.96,-1.16,Grey,39750.12
227,42,car,OCCLUDED,31,19,0.789,893.77,579.03,-1.56,2.8,Grey,274691.47
227,47,car,OCCLUDED,29,19,0.789,1064.47,234.83,-3.83,-0.13,Grey,62318.68
227,48,person,VISIBLE,28,0,0.7475,17.07,221.38,-0.65,0.3,Black,1071.26
227,49,person,OCCLUDED,9,19,0.789,1143.96,200.59,-3.53,0.6,Black,3275.39
227,62,car,VISIBLE,23,0,0.7309,1248.01,227.75,0.05,0.12,Grey,2670.41
227,75,person,VISIBLE,23,0,0.7333,1042.55,99.57,0.01,0.09,Grey,1433.31
227,86,car,VISIBLE,23,0,0.6197,1066.91,209.39,-1.09,-0.18,Grey,1836.31
227,53,car,VISIBLE,23,0,0.5888,1063.92,663.59,0.09,0.57,Grey,48652.14
227,54,car,VISIBLE,23,0,0.6802,95.42,574.53,-0.07,0.12,Grey,54572.71
227,57,car,VISIBLE,23,0,0.5383,867.61,532.44,0.18,0.38,Grey,67930.23
227,76,truck,VISIBLE,23,0,0.5752,874.39,186.39,0.08,0.06,Orange,5688.92
227,67,car,VISIBLE,23,0,0.5398,1039.42,368.66,0.29,0.26,Orange,21084.65
227,58,car,VISIBLE,23,0,0.549,683.63,422.35,1.15,0.14,Grey,71109.01
227,52,car,VISIBLE,23,0,0.6509,412.62,672.78,-0.09,0.3,Grey,41307.18
227,51,car,VISIBLE,23,0,0.5253,141.33,351.25,-0.02,0.22,Grey,20340.28
227,55,car,VISIBLE,23,0,0.5096,240.39,437.49,-0.1,0.26,Black,43757.08
227,59,car,VISIBLE,23,0,0.5672,40.54,329.0,-0.14,0.25,Grey,7645.49
227,65,car,VISIBLE,23,0,0.5302,462.42,555.35,0.05,0.76,Black,67636.45
227,50,car,VISIBLE,23,0,0.5513,1159.27,444.68,0.11,0.18,Black,47358.09
227,64,car,VISIBLE,23,0,0.5712,339.87,369.86,-0.05,0.57,Orange,20507.75
227,63,car,VISIBLE,23,0,0.4654,1076.99,280.99,0.07,0.11,Grey,6685.4
227,81,car,VISIBLE,23,0,0.2653,982.99,200.88,-0.6,-0.13,Black,1264.96
227,70,car,VISIBLE,23,0,0.4445,1181.53,310.85,0.21,0.19,Black,14852.48
227,69,car,VISIBLE,23,0,0.4683,126.44,278.88,-0.31,0.33,Grey,9522.02
227,56,car,VISIBLE,23,0,0.4202,281.87,292.31,0.04,0.35,Grey,9677.31
227,84,bus,VISIBLE,23,0,0.3822,526.15,150.57,-0.12,0.53,Grey,1199.28
227,73,car,VISIBLE,23,0,0.3249,248.48,260.65,-0.12,0.15,Grey,7097.37
227,79,car,VISIBLE,23,0,0.3139,213.13,172.81,0.18,0.08,Black,2434.41
227,78,car,VISIBLE,23,0,0.1774,735.79,253.12,0.11,-0.58,Grey,3578.04
227,83,car,VISIBLE,23,0,0.3972,140.56,185.52,-0.02,0.19,Black,3887.98
227,60,car,VISIBLE,23,0,0.3085,956.29,311.61,-0.06,0.16,Black,15266.67
227,85,person,VISIBLE,23,0,0.5417,164.56,200.69,-0.72,0.33,Black,600.13
227,72,car,VISIBLE,23,0,0.2996,409.26,320.31,0.0,0.18,Grey,15449.08
227,89,car,VISIBLE,23,0,0.1836,1191.53,183.92,0.66,0.46,Black,1466.85
227,68,car,VISIBLE,23,0,0.1557,824.82,242.64,-0.05,0.17,Grey,3768.34
227,71,car,VISIBLE,23,0,0.2776,451.88,291.87,0.01,0.2,Grey,7814.71
227,66,car,VISIBLE,23,0,0.2099,916.9,280.39,0.06,0.09,Grey,8152.43
227,74,car,VISIBLE,23,0,0.1856,305.12,226.68,-0.29,0.21,Grey,3192.13
227,80,car,OCCLUDED,21,2,0.978,1246.89,383.02,-0.07,0.01,Black,9010.77
227,88,person,OCCLUDED,9,14,0.844,1251.1,195.41,-0.03,0.08,Black,357.43
227,61,car,VISIBLE,23,0,0.2891,35.15,392.73,-0.14,0.11,Black,6777.18
227,77,car,VISIBLE,15,0,0.1575,280.56,167.06,0.05,0.14,Grey,1518.17
227,90,car,VISIBLE,21,0,0.195,1015.4,255.6,0.12,0.05,Grey,5476.93
227,91,car,VISIBLE,13,0,0.1608,1151.46,181.92,0.43,0.13,Grey,1022.17
227,92,car,VISIBLE,18,0,0.1827,597.36,248.26,-8.03,1.61,Black,3126.53
227,93,car,OCCLUDED,14,5,0.944,900.94,218.26,-0.22,0.12,Black,2362.1
227,94,truck,OCCLUDED,18,1,0.989,814.4,151.75,-0.12,0.1,Grey,1086.74
227,95,car,VISIBLE,18,0,0.3551,584.65,321.33,0.03,0.18,Black,15647.48
227,96,car,VISIBLE,18,0,0.1905,366.01,253.35,-0.05,0.19,Grey,5688.65
227,97,person,VISIBLE,17,0,0.2583,1200.9,201.38,0.65,0.29,Black,524.37
228,6,car,OUT_OF_BOUNDS,196,31,0.656,-130.48,940.51,-4.49,16.59,Grey,11165.82
228,2,car,LOST,63,164,0.0,636.75,422.25,-0.07,-0.12,Purple,160266.72
228,1,car,LOST,63,164,0.0,1217.37,388.21,0.33,-0.18,Red,61898.72
228,8,truck,LOST,63,164,0.0,530.85,158.73,-0.12,-0.68,Grey,2913.99
228,3,car,VISIBLE,192,0,0.4437,705.2,291.31,6.78,0.5,Grey,14204.93
228,4,car,LOST,63,164,0.0,1106.85,328.46,0.5,-0.32,Red,36618.2
228,13,car,OUT_OF_BOUNDS,25,202,0.0,-396.5,600.69,-1.99,0.48,Grey,4493.18
228,11,person,LOST,63,164,0.0,676.81,255.16,-0.28,-0.47,Grey,5659.19
228,9,car,LOST,63,164,0.0,260.88,326.99,-0.67,-0.27,Grey,30084.14
228,12,car,OUT_OF_BOUNDS,23,204,0.0,1584.5,1081.43,1.53,2.78,Grey,4597.82
228,14,chair,OUT_OF_BOUNDS,73,144,0.0,-311.63,375.84,-4.49,0.54,Red,2151.27
228,10,chair,LOST,63,164,0.0,617.69,302.78,-0.16,-0.27,White,1631.45
228,7,person,OUT_OF_BOUNDS,63,164,0.0,-66.8,165.69,-1.16,-0.66,Grey,3580.65
228,15,car,LOST,60,164,0.0,378.59,232.39,-0.44,-0.55,White,4720.41
228,5,truck,LOST,18,209,0.0,148.11,126.58,-0.25,-0.36,Grey,12921.57
228,16,car,LOST,20,200,0.0,893.2,268.9,0.2,-0.44,Grey,8859.77
228,18,can,OUT_OF_BOUNDS,133,35,0.611,-657.38,1145.33,-17.12,14.34,Neutral,17843.84
228,21,car,OCCLUDED,148,20,0.778,678.64,562.34,-7.68,9.7,Grey,254432.96
228,22,car,OUT_OF_BOUNDS,130,20,0.778,-52.52,337.22,-3.2,4.16,Grey,4471.21
228,19,person,OCCLUDED,148,20,0.778,183.45,80.79,-2.61,0.54,Grey,4590.94
228,20,car,OCCLUDED,148,20,0.778,820.38,121.74,-3.33,-0.54,Grey,10204.53
228,23,chair,OUT_OF_BOUNDS,104,55,0.389,-24.44,477.66,-8.87,2.97,Grey,18145.26
228,24,chair,OUT_OF_BOUNDS,110,47,0.478,-747.98,380.2,-18.48,1.66,Grey,18445.89
228,27,chair,OCCLUDED,68,76,0.156,636.85,303.72,-2.07,0.22,Grey,24405.98
228,29,chair,OCCLUDED,6,85,0.056,468.34,276.41,-0.17,0.08,Grey,9648.11
228,30,truck,OCCLUDED,59,15,0.833,719.32,172.48,-2.25,0.65,Grey,1043.53
228,33,car,VISIBLE,74,0,0.2343,864.75,260.61,0.06,0.16,Grey,5807.19
228,35,person,OCCLUDED,53,20,0.778,772.15,261.63,-7.71,1.08,Grey,7068.9
228,37,truck,OCCLUDED,39,20,0.778,1192.24,127.89,2.25,0.52,Grey,15546.92
228,39,car,VISIBLE,56,0,0.5196,1234.23,580.08,0.25,0.2,Grey,23421.78
228,41,car,VISIBLE,29,0,0.4426,799.74,336.11,0.13,0.08,Grey,14614.19
228,44,car,OCCLUDED,31,20,0.778,189.68,353.12,-3.93,1.32,Grey,213428.35
228,43,car,OCCLUDED,31,20,0.778,13.24,201.06,-4.96,-1.16,Grey,39750.12
228,42,car,OCCLUDED,31,20,0.778,892.22,581.83,-1.56,2.8,Grey,274691.47
228,47,car,OCCLUDED,29,20,0.778,1060.64,234.7,-3.83,-0.13,Grey,62318.68
228,48,person,VISIBLE,29,0,0.7226,16.4,221.82,-0.66,0.4,Black,1078.98
228,49,person,OCCLUDED,9,20,0.778,1140.43,201.19,-3.53,0.6,Black,3275.39
228,62,car,VISIBLE,24,0,0.7266,1248.05,227.89,0.05,0.13,Grey,2662.76
228,75,person,VISIBLE,24,0,0.7343,1042.7,99.74,0.11,0.15,Grey,1455.77
228,86,car,VISIBLE,24,0,0.6276,1065.74,209.25,-1.15,-0.15,Grey,1829.21
228,53,car,VISIBLE,24,0,0.619,1063.99,664.05,0.07,0.49,Grey,48239.26
228,54,car,VISIBLE,24,0,0.6752,95.33,574.68,-0.08,0.14,Grey,54466.58
228,57,car,VISIBLE,24,0,0.5471,867.73,532.74,0.14,0.32,Grey,67963.83
228,76,truck,VISIBLE,24,0,0.577,874.44,186.43,0.06,0.04,Orange,5690.3
228,67,car,VISIBLE,24,0,0.5367,1039.63,368.88,0.23,0.23,Orange,21125.74
228,58,car,VISIBLE,24,0,0.5522,684.59,422.56,1.01,0.19,Grey,70974.8
228,52,car,VISIBLE,24,0,0.6562,412.45,673.12,-0.14,0.33,Grey,41054.53
228,51,car,VISIBLE,24,0,0.5347,141.3,351.48,-0.03,0.22,Grey,20377.33
228,55,car,VISIBLE,24,0,0.4875,240.27,437.73,-0.11,0.24,Black,43797.84
228,59,car,VISIBLE,24,0,0.5772,40.4,329.34,-0.15,0.32,Grey,7621.61
228,65,car,VISIBLE,24,0,0.5155,462.41,555.23,0.01,0.14,Black,67468.22
228,50,car,VISIBLE,24,0,0.5512,1159.37,444.86,0.1,0.18,Black,47353.21
228,64,car,VISIBLE,24,0,0.5639,339.75,370.41,-0.1,0.56,Orange,20425.82
228,63,car,VISIBLE,24,0,0.4666,1076.97,281.11,0.01,0.12,Grey,6696.92
228,81,car,VISIBLE,24,0,0.2737,982.47,200.82,-0.54,-0.08,Black,1241.09
228,70,car,VISIBLE,24,0,0.4622,1181.88,311.11,0.3,0.24,Black,14900.2
228,69,car,VISIBLE,24,0,0.4547,126.17,279.12,-0.28,0.26,Grey,9553.63
228,56,car,VISIBLE,24,0,0.421,281.82,292.59,-0.02,0.3,Grey,9663.73
228,84,bus,VISIBLE,24,0,0.381,526.1,150.95,-0.07,0.43,Grey,1194.17
228,73,car,VISIBLE,24,0,0.3074,248.33,260.82,-0.14,0.16,Grey,7099.25
228,79,car,VISIBLE,24,0,0.2803,213.23,173.0,0.12,0.16,Black,2459.07
228,78,car,VISIBLE,24,0,0.1679,735.85,251.5,0.07,-1.31,Grey,3288.93
228,83,car,VISIBLE,24,0,0.375,140.69,185.6,0.08,0.12,Black,3866.93
228,60,car,VISIBLE,24,0,0.3219,956.34,311.74,0.02,0.14,Black,15295.1
228,85,person,VISIBLE,24,0,0.5048,163.97,200.93,-0.62,0.27,Black,592.88
228,72,car,VISIBLE,24,0,0.3004,409.25,320.52,-0.01,0.2,Grey,15447.79
228,89,car,VISIBLE,24,0,0.2031,1192.26,184.38,0.71,0.46,Black,1522.07
228,68,car,VISIBLE,24,0,0.1544,825.21,242.69,0.25,0.08,Grey,3735.82
228,71,car,VISIBLE,24,0,0.283,451.84,292.09,-0.02,0.21,Grey,7805.54
228,66,car,VISIBLE,24,0,0.2133,917.02,280.5,0.1,0.11,Grey,8145.54
228,74,car,VISIBLE,24,0,0.1763,304.75,226.75,-0.34,0.12,Grey,3193.52
228,80,car,OCCLUDED,21,3,0.967,1246.82,383.04,-0.07,0.01,Black,9010.77
228,88,person,OCCLUDED,9,15,0.833,1251.06,195.49,-0.03,0.08,Black,357.43
228,61,car,VISIBLE,24,0,0.298,34.98,393.0,-0.15,0.22,Black,6823.54
228,77,car,VISIBLE,16,0,0.1518,280.51,167.2,-0.02,0.14,Grey,1518.73
228,90,car,VISIBLE,22,0,0.2093,1015.44,255.73,0.06,0.11,Grey,5489.06
228,91,car,VISIBLE,14,0,0.166,1151.52,182.04,0.17,0.12,Grey,1015.72
228,92,car,VISIBLE,19,0,0.1822,597.4,248.48,-2.38,0.64,Black,3131.8
228,93,car,OCCLUDED,14,6,0.933,900.72,218.38,-0.22,0.12,Black,2362.1
228,94,truck,OCCLUDED,18,2,0.978,814.28,151.85,-0.12,0.1,Grey,1086.74
228,95,car,VISIBLE,19,0,0.3797,584.6,321.6,-0.03,0.24,Black,15690.29
228,96,car,VISIBLE,19,0,0.1936,365.94,253.48,-0.07,0.15,Grey,5646.24
228,97,person,VISIBLE,18,0,0.2667,1201.37,201.6,0.52,0.24,Black,517.28
229,6,car,OUT_OF_BOUNDS,196,32,0.644,-134.97,957.09,-4.49,16.59,Grey,11165.82
229,2,car,LOST,63,165,0.0,636.68,422.13,-0.07,-0.12,Purple,160266.72
229,1,car,LOST,63,165,0.0,1217.71,388.03,0.33,-0.18,Red,61898.72
229,8,truck,LOST,63,165,0.0,530.73,158.06,-0.12,-0.68,Grey,2913.99
229,3,car,VISIBLE,193,0,0.4243,710.19,292.04,5.52,0.66,Grey,14579.77
229,4,car,LOST,63,165,0.0,1107.34,328.14,0.5,-0.32,Red,36618.2
229,13,car,OUT_OF_BOUNDS,25,203,0.0,-398.49,601.16,-1.99,0.48,Grey,4493.18
229,11,person,LOST,63,165,0.0,676.53,254.68,-0.28,-0.47,Grey,5659.19
229,9,car,LOST,63,165,0.0,260.21,326.72,-0.67,-0.27,Grey,30084.14
229,12,car,OUT_OF_BOUNDS,23,205,0.0,1586.03,1084.22,1.53,2.78,Grey,4597.82
229,14,chair,OUT_OF_BOUNDS,73,145,0.0,-316.12,376.38,-4.49,0.54,Red,2151.27
229,10,chair,LOST,63,165,0.0,617.53,302.52,-0.16,-0.27,White,1631.45
229,7,person,OUT_OF_BOUNDS,63,165,0.0,-67.97,165.03,-1.16,-0.66,Grey,3580.65
229,15,car,LOST,60,165,0.0,378.15,231.84,-0.44,-0.55,White,4720.41
229,5,truck,LOST,18,210,0.0,147.86,126.22,-0.25,-0.36,Grey,12921.57
229,16,car,LOST,20,201,0.0,893.4,268.46,0.2,-0.44,Grey,8859.77
229,18,can,OUT_OF_BOUNDS,133,36,0.6,-674.5,1159.67,-17.12,14.34,Neutral,17843.84
229,21,car,OCCLUDED,148,21,0.767,670.97,572.05,-7.68,9.7,Grey,254432.96
229,22,car,OUT_OF_BOUNDS,130,21,0.767,-55.72,341.37,-3.2,4.16,Grey,4471.21
229,19,person,OCCLUDED,148,21,0.767,180.83,81.33,-2.61,0.54,Grey,4590.94
229,20,car,OCCLUDED,148,21,0.767,817.05,121.2,-3.33,-0.54,Grey,10204.53
229,23,chair,OUT_OF_BOUNDS,104,56,0.378,-33.31,480.62,-8.87,2.97,Grey,18145.26
229,24,chair,OUT_OF_BOUNDS,110,48,0.467,-766.46,381.86,-18.48,1.66,Grey,18445.89
229,27,chair,OCCLUDED,68,77,0.144,634.78,303.94,-2.07,0.22,Grey,24405.98
229,29,chair,OCCLUDED,6,86,0.044,468.17,276.5,-0.17,0.08,Grey,9648.11
229,30,truck,OCCLUDED,59,16,0.822,717.08,173.13,-2.25,0.65,Grey,1043.53
229,33,car,VISIBLE,75,0,0.2148,864.76,260.88,0.02,0.24,Grey,5817.43
229,35,person,OCCLUDED,53,21,0.767,764.44,262.7,-7.71,1.08,Grey,7068.9
229,37,truck,OCCLUDED,39,21,0.767,1194.49,128.41,2.25,0.52,Grey,15546.92
229,39,car,VISIBLE,57,0,0.5044,1234.47,580.33,0.24,0.24,Grey,23329.71
229,41,car,VISIBLE,30,0,0.4363,800.02,336.36,0.23,0.2,Grey,14597.93
229,44,car,OCCLUDED,31,21,0.767,185.75,354.44,-3.93,1.32,Grey,213428.35
229,43,car,OCCLUDED,31,21,0.767,8.28,199.9,-4.96,-1.16,Grey,39750.12
229,42,car,OCCLUDED,31,21,0.767,890.66,584.63,-1.56,2.8,Grey,274691.47
229,47,car,OCCLUDED,29,21,0.767,1056.81,234.58,-3.83,-0.13,Grey,62318.68
229,48,person,VISIBLE,30,0,0.7179,15.71,222.44,-0.68,0.55,Black,1057.51
229,49,person,OCCLUDED,9,21,0.767,1136.91,201.8,-3.53,0.6,Black,3275.39
229,62,car,VISIBLE,25,0,0.7142,1248.08,228.13,0.03,0.21,Grey,2649.96
229,75,person,VISIBLE,25,0,0.7277,1042.68,100.03,0.02,0.25,Grey,1466.91
229,86,car,VISIBLE,25,0,0.6214,1064.57,209.2,-1.16,-0.08,Grey,1808.3
229,53,car,VISIBLE,25,0,0.6136,1064.03,664.37,0.04,0.37,Grey,47957.41
229,54,car,VISIBLE,25,0,0.669,95.22,574.88,-0.11,0.18,Grey,54337.59
229,57,car,VISIBLE,25,0,0.5801,867.79,533.2,0.08,0.42,Grey,68079.35
229,76,truck,VISIBLE,25,0,0.5621,874.6,186.57,0.13,0.12,Orange,5699.51
229,67,car,VISIBLE,25,0,0.5261,1039.73,369.2,0.14,0.29,Orange,21139.08
229,58,car,VISIBLE,25,0,0.5216,685.53,422.88,0.96,0.28,Grey,70916.18
229,52,car,VISIBLE,25,0,0.64,411.92,673.33,-0.42,0.24,Grey,40911.45
229,51,car,VISIBLE,25,0,0.5365,141.24,351.67,-0.05,0.2,Grey,20390.61
229,55,car,VISIBLE,25,0,0.455,240.15,438.12,-0.11,0.35,Black,43785.63
229,59,car,VISIBLE,25,0,0.5715,40.23,329.75,-0.16,0.38,Grey,7581.49
229,65,car,VISIBLE,25,0,0.523,462.4,555.44,-0.0,0.19,Black,67481.72
229,50,car,VISIBLE,25,0,0.5534,1159.45,445.01,0.09,0.16,Black,47331.27
229,64,car,VISIBLE,25,0,0.5527,339.66,370.89,-0.09,0.5,Orange,20392.82
229,63,car,VISIBLE,25,0,0.4708,1076.83,281.38,-0.1,0.22,Grey,6718.38
229,81,car,VISIBLE,25,0,0.2694,981.83,200.74,-0.61,-0.08,Black,1219.97
229,70,car,VISIBLE,25,0,0.4483,1182.24,311.38,0.34,0.26,Black,14929.94
229,69,car,VISIBLE,25,0,0.4309,125.54,279.74,-0.53,0.51,Grey,9705.31
229,56,car,VISIBLE,25,0,0.4094,281.71,292.77,-0.09,0.22,Grey,9648.72
229,84,bus,VISIBLE,25,0,0.2975,526.12,151.29,-0.0,0.36,Grey,1201.65
229,73,car,VISIBLE,25,0,0.3178,248.16,261.09,-0.17,0.23,Grey,7070.75
229,79,car,VISIBLE,25,0,0.2619,213.12,173.3,-0.04,0.26,Black,2458.53
229,78,car,VISIBLE,25,0,0.1679,736.03,250.93,0.15,-0.79,Grey,3156.37
229,83,car,VISIBLE,25,0,0.3481,140.74,185.81,0.06,0.18,Black,3844.15
229,60,car,VISIBLE,25,0,0.3249,956.61,311.96,0.19,0.2,Black,15248.18
229,85,person,VISIBLE,25,0,0.4847,163.45,201.51,-0.55,0.49,Black,583.87
229,72,car,VISIBLE,25,0,0.3128,409.23,320.88,-0.02,0.31,Grey,15430.09
229,89,car,VISIBLE,25,0,0.2115,1192.91,184.86,0.67,0.47,Black,1559.34
229,68,car,VISIBLE,25,0,0.1544,825.27,242.83,0.13,0.12,Grey,3728.94
229,71,car,VISIBLE,25,0,0.2823,451.75,292.39,-0.07,0.28,Grey,7826.33
229,66,car,VISIBLE,25,0,0.2049,917.11,280.63,0.09,0.12,Grey,8165.16
229,74,car,VISIBLE,25,0,0.1596,304.44,227.12,-0.33,0.29,Grey,3202.31
229,80,car,OCCLUDED,21,4,0.956,1246.76,383.05,-0.07,0.01,Black,9010.77
229,88,person,OCCLUDED,9,16,0.822,1251.03,195.58,-0.03,0.08,Black,357.43
229,61,car,VISIBLE,25,0,0.2942,34.88,393.38,-0.12,0.33,Black,6882.41
229,77,car,VISIBLE,17,0,0.1509,280.4,167.38,-0.08,0.17,Grey,1525.79
229,90,car,VISIBLE,23,0,0.1992,1015.5,255.75,0.07,0.05,Grey,5477.19
229,91,car,VISIBLE,15,0,0.166,1151.56,182.11,0.08,0.09,Grey,1011.46
229,92,car,VISIBLE,20,0,0.1697,597.6,248.82,-0.57,0.43,Black,3146.55
229,93,car,OCCLUDED,14,7,0.922,900.5,218.5,-0.22,0.12,Black,2362.1
229,94,truck,OCCLUDED,18,3,0.967,814.16,151.95,-0.12,0.1,Grey,1086.74
229,95,car,VISIBLE,20,0,0.374,584.59,321.86,-0.02,0.25,Black,15691.87
229,96,car,VISIBLE,20,0,0.1948,365.88,253.3,-0.06,-0.08,Grey,5537.91
229,97,person,VISIBLE,19,0,0.2751,1201.78,201.98,0.45,0.34,Black,505.58
229,104,car,VISIBLE,1,0,0.1503,411.69,229.56,0.0,0.0,Grey,2752.72
230,6,car,OUT_OF_BOUNDS,196,33,0.633,-139.46,973.68,-4.49,16.59,Grey,11165.82
230,2,car,LOST,63,166,0.0,636.61,422.0,-0.07,-0.12,Purple,160266.72
230,1,car,LOST,63,166,0.0,1218.04,387.85,0.33,-0.18,Red,61898.72
230,8,truck,LOST,63,166,0.0,530.62,157.38,-0.12,-0.68,Grey,2913.99
230,3,car,VISIBLE,194,0,0.3944,712.96,292.67,3.6,0.64,Grey,14786.24
230,4,car,LOST,63,166,0.0,1107.84,327.82,0.5,-0.32,Red,36618.2
230,13,car,OUT_OF_BOUNDS,25,204,0.0,-400.48,601.64,-1.99,0.48,Grey,4493.18
230,11,person,LOST,63,166,0.0,676.25,254.21,-0.28,-0.47,Grey,5659.19
230,9,car,LOST,63,166,0.0,259.54,326.45,-0.67,-0.27,Grey,30084.14
230,12,car,OUT_OF_BOUNDS,23,206,0.0,1587.56,1087.0,1.53,2.78,Grey,4597.82
230,14,chair,OUT_OF_BOUNDS,73,146,0.0,-320.61,376.92,-4.49,0.54,Red,2151.27
230,10,chair,LOST,63,166,0.0,617.37,302.25,-0.16,-0.27,White,1631.45
230,7,person,OUT_OF_BOUNDS,63,166,0.0,-69.13,164.37,-1.16,-0.66,Grey,3580.65
230,15,car,LOST,60,166,0.0,377.71,231.29,-0.44,-0.55,White,4720.41
230,5,truck,LOST,18,211,0.0,147.61,125.86,-0.25,-0.36,Grey,12921.57
230,16,car,LOST,20,202,0.0,893.6,268.03,0.2,-0.44,Grey,8859.77
230,18,can,OUT_OF_BOUNDS,133,37,0.589,-691.62,1174.01,-17.12,14.34,Neutral,17843.84
230,21,car,OCCLUDED,148,22,0.756,663.29,581.75,-7.68,9.7,Grey,254432.96
230,22,car,OUT_OF_BOUNDS,130,22,0.756,-58.92,345.53,-3.2,4.16,Grey,4471.21
230,19,person,OCCLUDED,148,22,0.756,178.22,81.87,-2.61,0.54,Grey,4590.94
230,20,car,OCCLUDED,148,22,0.756,813.72,120.67,-3.33,-0.54,Grey,10204.53
230,23,chair,OUT_OF_BOUNDS,104,57,0.367,-42.18,483.59,-8.87,2.97,Grey,18145.26
230,24,chair,OUT_OF_BOUNDS,110,49,0.456,-784.93,383.52,-18.48,1.66,Grey,18445.89
230,27,chair,OCCLUDED,68,78,0.133,632.71,304.15,-2.07,0.22,Grey,24405.98
230,29,chair,OCCLUDED,6,87,0.033,468.0,276.58,-0.17,0.08,Grey,9648.11
230,30,truck,OCCLUDED,59,17,0.811,714.83,173.77,-2.25,0.65,Grey,1043.53
230,33,car,VISIBLE,76,0,0.2306,864.68,261.13,-0.05,0.25,Grey,5808.34
230,35,person,OCCLUDED,53,22,0.756,756.73,263.78,-7.71,1.08,Grey,7068.9
230,37,truck,OCCLUDED,39,22,0.756,1196.74,128.93,2.25,0.52,Grey,15546.92
230,39,car,VISIBLE,58,0,0.5016,1234.69,580.53,0.23,0.21,Grey,23184.35
230,41,car,VISIBLE,31,0,0.4524,800.31,336.52,0.27,0.18,Grey,14566.14
230,44,car,OCCLUDED,31,22,0.756,181.82,355.76,-3.93,1.32,Grey,213428.35
230,43,car,OCCLUDED,31,22,0.756,3.31,198.74,-4.96,-1.16,Grey,39750.12
230,42,car,OCCLUDED,31,22,0.756,889.1,587.42,-1.56,2.8,Grey,274691.47
230,47,car,OCCLUDED,29,22,0.756,1052.98,234.45,-3.83,-0.13,Grey,62318.68
230,48,person,VISIBLE,31,0,0.764,14.8,222.98,-0.84,0.54,Black,1074.42
230,49,person,OCCLUDED,9,22,0.756,1133.38,202.4,-3.53,0.6,Black,3275.39
230,62,car,VISIBLE,26,0,0.7076,1248.12,228.36,0.04,0.22,Grey,2639.8
230,75,person,VISIBLE,26,0,0.7258,1042.64,100.3,-0.03,0.26,Grey,1471.69
230,86,car,VISIBLE,26,0,0.6221,1063.57,209.19,-1.05,-0.03,Grey,1778.42
230,53,car,VISIBLE,26,0,0.6281,1064.12,664.64,0.08,0.3,Grey,47706.05
230,54,car,VISIBLE,26,0,0.6705,95.09,575.09,-0.12,0.2,Grey,54187.42
230,57,car,VISIBLE,26,0,0.5478,868.01,533.75,0.18,0.51,Grey,68176.25
230,76,truck,VISIBLE,26,0,0.5579,874.81,186.75,0.19,0.15,Orange,5714.07
230,67,car,VISIBLE,26,0,0.525,1039.86,369.52,0.13,0.31,Orange,21121.88
230,58,car,VISIBLE,26,0,0.5003,686.68,423.19,1.09,0.3,Grey,70924.98
230,52,car,VISIBLE,26,0,0.6442,411.53,673.45,-0.4,0.16,Grey,40839.62
230,51,car,VISIBLE,26,0,0.5298,141.19,351.82,-0.05,0.17,Grey,20366.53
230,55,car,VISIBLE,26,0,0.403,239.98,438.49,-0.16,0.36,Black,43707.42
230,59,car,VISIBLE,26,0,0.5624,40.09,330.19,-0.14,0.42,Grey,7553.46
230,65,car,VISIBLE,26,0,0.5334,462.5,555.93,0.06,0.4,Black,67685.39
230,50,car,VISIBLE,26,0,0.5198,1159.55,445.24,0.09,0.21,Black,47313.79
230,64,car,VISIBLE,26,0,0.5388,339.54,371.23,-0.11,0.39,Orange,20354.38
230,63,car,VISIBLE,26,0,0.4713,1076.86,281.63,-0.01,0.25,Grey,6711.56
230,81,car,VISIBLE,26,0,0.2506,981.17,200.76,-0.64,-0.01,Black,1201.46
230,70,car,VISIBLE,26,0,0.4551,1182.6,311.65,0.36,0.27,Black,14950.23
230,69,car,VISIBLE,26,0,0.4092,125.02,280.52,-0.53,0.7,Grey,9831.31
230,56,car,VISIBLE,26,0,0.4115,281.61,292.99,-0.1,0.21,Grey,9633.31
230,84,bus,VISIBLE,26,0,0.24,526.2,151.56,0.05,0.3,Grey,1196.84
230,73,car,VISIBLE,26,0,0.3267,248.06,261.27,-0.12,0.2,Grey,7063.91
230,79,car,VISIBLE,26,0,0.2681,213.0,173.61,-0.1,0.29,Black,2454.01
230,78,car,VISIBLE,26,0,0.1679,736.23,250.34,0.18,-0.64,Grey,3025.41
230,83,car,VISIBLE,26,0,0.3562,140.82,186.0,0.08,0.19,Black,3833.74
230,60,car,VISIBLE,26,0,0.3423,956.77,312.23,0.17,0.24,Black,15262.6
230,85,person,VISIBLE,26,0,0.4813,163.0,201.98,-0.48,0.47,Black,582.57
230,72,car,VISIBLE,26,0,0.3335,409.2,321.27,-0.02,0.36,Grey,15405.67
230,89,car,VISIBLE,26,0,0.23,1193.37,185.18,0.52,0.37,Black,1579.71
230,68,car,OCCLUDED,25,1,0.989,825.4,242.94,0.13,0.12,Grey,3728.94
230,71,car,VISIBLE,26,0,0.2891,451.74,292.69,-0.03,0.29,Grey,7833.26
230,66,car,VISIBLE,26,0,0.1964,917.17,280.68,0.07,0.07,Grey,8182.56
230,74,car,VISIBLE,26,0,0.1582,304.1,227.43,-0.34,0.3,Grey,3198.53
230,80,car,OCCLUDED,21,5,0.944,1246.69,383.06,-0.07,0.01,Black,9010.77
230,88,person,OCCLUDED,9,17,0.811,1250.99,195.66,-0.03,0.08,Black,357.43
230,61,car,VISIBLE,26,0,0.2876,34.81,393.89,-0.08,0.46,Black,6930.99
230,77,car,VISIBLE,18,0,0.1637,280.27,167.63,-0.12,0.23,Grey,1533.06
230,90,car,VISIBLE,24,0,0.1858,1015.76,256.0,0.2,0.19,Grey,5479.92
230,91,car,VISIBLE,16,0,0.166,1151.61,182.18,0.06,0.08,Grey,1007.21
230,92,car,VISIBLE,21,0,0.1728,597.98,249.28,0.1,0.45,Black,3197.63
230,93,car,OCCLUDED,14,8,0.911,900.27,218.63,-0.22,0.12,Black,2362.1
230,94,truck,OCCLUDED,18,4,0.956,814.04,152.05,-0.12,0.1,Grey,1086.74
230,95,car,VISIBLE,21,0,0.3651,584.39,322.2,-0.14,0.32,Black,15708.62
230,96,car,VISIBLE,21,0,0.1976,365.83,253.21,-0.06,-0.09,Grey,5462.93
230,97,person,VISIBLE,20,0,0.3301,1202.07,202.37,0.33,0.37,Black,498.4
230,104,car,VISIBLE,2,0,0.152,411.59,229.76,-0.11,0.2,Grey,2774.73
231,6,car,OUT_OF_BOUNDS,196,34,0.622,-143.95,990.27,-4.49,16.59,Grey,11165.82
231,2,car,LOST,63,167,0.0,636.54,421.88,-0.07,-0.12,Purple,160266.72
231,1,car,LOST,63,167,0.0,1218.37,387.67,0.33,-0.18,Red,61898.72
231,8,truck,LOST,63,167,0.0,530.5,156.71,-0.12,-0.68,Grey,2913.99
231,3,car,VISIBLE,195,0,0.4088,714.94,293.26,2.47,0.6,Grey,15045.28
231,4,car,LOST,63,167,0.0,1108.34,327.49,0.5,-0.32,Red,36618.2
231,13,car,OUT_OF_BOUNDS,25,205,0.0,-402.47,602.11,-1.99,0.48,Grey,4493.18
231,11,person,LOST,63,167,0.0,675.97,253.74,-0.28,-0.47,Grey,5659.19
231,9,car,LOST,63,167,0.0,258.87,326.18,-0.67,-0.27,Grey,30084.14
231,12,car,OUT_OF_BOUNDS,23,207,0.0,1589.09,1089.78,1.53,2.78,Grey,4597.82
231,14,chair,OUT_OF_BOUNDS,73,147,0.0,-325.1,377.47,-4.49,0.54,Red,2151.27
231,10,chair,LOST,63,167,0.0,617.21,301.98,-0.16,-0.27,White,1631.45
231,7,person,OUT_OF_BOUNDS,63,167,0.0,-70.29,163.71,-1.16,-0.66,Grey,3580.65
231,15,car,LOST,60,167,0.0,377.27,230.74,-0.44,-0.55,White,4720.41
231,5,truck,LOST,18,212,0.0,147.35,125.51,-0.25,-0.36,Grey,12921.57
231,16,car,LOST,20,203,0.0,893.8,267.59,0.2,-0.44,Grey,8859.77
231,18,can,OUT_OF_BOUNDS,133,38,0.578,-708.74,1188.35,-17.12,14.34,Neutral,17843.84
231,21,car,OCCLUDED,148,23,0.744,655.62,591.45,-7.68,9.7,Grey,254432.96
231,22,car,OUT_OF_BOUNDS,130,23,0.744,-62.12,349.69,-3.2,4.16,Grey,4471.21
231,19,person,OCCLUDED,148,23,0.744,175.61,82.41,-2.61,0.54,Grey,4590.94
231,20,car,OCCLUDED,148,23,0.744,810.39,120.13,-3.33,-0.54,Grey,10204.53
231,23,chair,OUT_OF_BOUNDS,104,58,0.356,-51.05,486.55,-8.87,2.97,Grey,18145.26
231,24,chair,OUT_OF_BOUNDS,110,50,0.444,-803.41,385.17,-18.48,1.66,Grey,18445.89
231,27,chair,OCCLUDED,68,79,0.122,630.64,304.37,-2.07,0.22,Grey,24405.98
231,29,chair,OCCLUDED,6,88,0.022,467.82,276.67,-0.17,0.08,Grey,9648.11
231,30,truck,OCCLUDED,59,18,0.8,712.59,174.42,-2.25,0.65,Grey,1043.53
231,33,car,VISIBLE,77,0,0.2349,864.66,261.32,-0.03,0.21,Grey,5786.3
231,35,person,OCCLUDED,53,23,0.744,749.02,264.86,-7.71,1.08,Grey,7068.9
231,37,truck,OCCLUDED,39,23,0.744,1198.98,129.45,2.25,0.52,Grey,15546.92
231,39,car,VISIBLE,59,0,0.5079,1234.84,580.48,0.17,0.03,Grey,23135.1
231,41,car,VISIBLE,32,0,0.4403,800.52,336.58,0.23,0.09,Grey,14513.49
231,44,car,OCCLUDED,31,23,0.744,177.89,357.08,-3.93,1.32,Grey,213428.35
231,43,car,OCCLUDED,31,23,0.744,-1.65,197.57,-4.96,-1.16,Grey,39750.12
231,42,car,OCCLUDED,31,23,0.744,887.54,590.22,-1.56,2.8,Grey,274691.47
231,47,car,OCCLUDED,29,23,0.744,1049.14,234.32,-3.83,-0.13,Grey,62318.68
231,48,person,VISIBLE,32,0,0.788,13.76,223.56,-0.98,0.57,Black,1118.21
231,49,person,OCCLUDED,9,23,0.744,1129.85,203.01,-3.53,0.6,Black,3275.39
231,62,car,VISIBLE,27,0,0.7107,1248.16,228.51,0.04,0.17,Grey,2631.6
231,75,person,VISIBLE,27,0,0.728,1042.7,100.52,0.04,0.23,Grey,1480.85
231,86,car,VISIBLE,27,0,0.6032,1062.45,209.31,-1.1,0.07,Grey,1758.34
231,53,car,VISIBLE,27,0,0.6369,1064.26,664.88,0.12,0.26,Grey,47474.64
231,54,car,VISIBLE,27,0,0.672,94.97,575.26,-0.12,0.18,Grey,54062.24
231,57,car,VISIBLE,27,0,0.55,868.23,534.21,0.21,0.47,Grey,68274.96
231,76,truck,VISIBLE,27,0,0.5605,874.95,186.97,0.15,0.2,Orange,5729.8
231,67,car,VISIBLE,27,0,0.5192,1040.07,369.77,0.19,0.27,Orange,21106.79
231,58,car,VISIBLE,27,0,0.5174,688.02,423.53,1.27,0.33,Grey,70873.66
231,52,car,VISIBLE,27,0,0.6584,411.54,673.74,-0.11,0.25,Grey,40638.18
231,51,car,VISIBLE,27,0,0.5268,141.11,351.98,-0.07,0.16,Grey,20343.38
231,55,car,VISIBLE,27,0,0.4299,239.86,438.88,-0.13,0.38,Black,43691.56
231,59,car,VISIBLE,27,0,0.5552,39.96,330.75,-0.14,0.52,Grey,7575.25
231,65,car,VISIBLE,27,0,0.531,462.61,556.71,0.1,0.67,Black,68059.12
231,50,car,VISIBLE,27,0,0.4951,1159.62,445.5,0.08,0.24,Black,47307.27
231,64,car,VISIBLE,27,0,0.5207,339.38,371.52,-0.15,0.33,Orange,20377.51
231,63,car,VISIBLE,27,0,0.4675,1077.04,281.86,0.12,0.23,Grey,6707.2
231,81,car,VISIBLE,27,0,0.2715,980.54,200.62,-0.64,-0.1,Black,1191.4
231,70,car,VISIBLE,27,0,0.4449,1182.9,311.9,0.32,0.26,Black,14963.89
231,69,car,VISIBLE,27,0,0.4062,124.19,281.32,-0.74,0.77,Grey,9984.86
231,56,car,VISIBLE,27,0,0.4136,281.45,293.19,-0.14,0.21,Grey,9637.92
231,84,bus,VISIBLE,27,0,0.2257,526.27,151.83,0.06,0.28,Grey,1194.79
231,73,car,VISIBLE,27,0,0.3191,247.9,261.47,-0.14,0.2,Grey,7066.44
231,79,car,VISIBLE,27,0,0.2513,212.72,174.0,-0.22,0.37,Black,2444.85
231,78,car,VISIBLE,27,0,0.1679,736.41,249.77,0.18,-0.59,Grey,2896.05
231,83,car,VISIBLE,27,0,0.3421,140.83,186.27,0.03,0.24,Black,3844.75
231,60,car,VISIBLE,27,0,0.3115,957.07,312.39,0.26,0.19,Black,15236.19
231,85,person,VISIBLE,27,0,0.4696,162.61,202.59,-0.42,0.57,Black,586.39
231,72,car,VISIBLE,27,0,0.3432,409.14,321.67,-0.05,0.39,Grey,15386.02
231,89,car,VISIBLE,27,0,0.2343,1193.41,185.44,0.19,0.3,Black,1585.62
231,68,car,OCCLUDED,25,2,0.978,825.53,243.06,0.13,0.12,Grey,3728.94
231,71,car,VISIBLE,27,0,0.2939,451.81,292.94,0.04,0.27,Grey,7813.69
231,66,car,VISIBLE,27,0,0.1875,917.16,280.79,0.01,0.1,Grey,8233.17
231,74,car,VISIBLE,27,0,0.1699,303.79,227.69,-0.31,0.28,Grey,3211.09
231,80,car,VISIBLE,22,0,0.1883,1263.83,387.69,1.94,0.55,Black,4347.2
231,88,person,OCCLUDED,9,18,0.8,1250.96,195.75,-0.03,0.08,Black,357.43
231,61,car,VISIBLE,27,0,0.2868,34.79,394.33,-0.04,0.45,Black,6903.8
231,77,car,VISIBLE,19,0,0.1648,280.15,167.83,-0.12,0.21,Grey,1541.23
231,90,car,VISIBLE,25,0,0.185,1015.93,256.24,0.18,0.22,Grey,5471.68
231,91,car,VISIBLE,17,0,0.166,1151.65,182.25,0.05,0.07,Grey,1002.95
231,92,car,VISIBLE,22,0,0.1776,598.52,249.72,0.4,0.44,Black,3263.04
231,93,car,OCCLUDED,14,9,0.9,900.05,218.75,-0.22,0.12,Black,2362.1
231,94,truck,OCCLUDED,18,5,0.944,813.92,152.15,-0.12,0.1,Grey,1086.74
231,95,car,VISIBLE,22,0,0.3572,584.12,322.56,-0.23,0.35,Black,15732.12
231,96,car,VISIBLE,22,0,0.1998,365.81,253.58,-0.03,0.23,Grey,5485.59
231,97,person,VISIBLE,21,0,0.3116,1202.35,202.93,0.3,0.5,Black,478.89
231,104,car,VISIBLE,3,0,0.1543,411.52,229.98,-0.08,0.21,Grey,2799.41
231,105,car,VISIBLE,1,0,0.1518,485.58,259.87,0.0,0.0,Grey,5858.17
232,6,car,OUT_OF_BOUNDS,196,35,0.611,-148.44,1006.86,-4.49,16.59,Grey,11165.82
232,2,car,LOST,63,168,0.0,636.47,421.76,-0.07,-0.12,Purple,160266.72
232,1,car,LOST,63,168,0.0,1218.7,387.49,0.33,-0.18,Red,61898.72
232,8,truck,LOST,63,168,0.0,530.39,156.03,-0.12,-0.68,Grey,2913.99
232,3,car,VISIBLE,196,0,0.4102,716.5,293.63,1.83,0.44,Grey,15187.77
232,4,car,LOST,63,168,0.0,1108.84,327.17,0.5,-0.32,Red,36618.2
232,13,car,OUT_OF_BOUNDS,25,206,0.0,-404.46,602.59,-1.99,0.48,Grey,4493.18
232,11,person,LOST,63,168,0.0,675.7,253.26,-0.28,-0.47,Grey,5659.19
232,9,car,LOST,63,168,0.0,258.19,325.9,-0.67,-0.27,Grey,30084.14
232,12,car,OUT_OF_BOUNDS,23,208,0.0,1590.62,1092.57,1.53,2.78,Grey,4597.82
232,14,chair,OUT_OF_BOUNDS,73,148,0.0,-329.59,378.01,-4.49,0.54,Red,2151.27
232,10,chair,LOST,63,168,0.0,617.05,301.71,-0.16,-0.27,White,1631.45
232,7,person,OUT_OF_BOUNDS,63,168,0.0,-71.46,163.05,-1.16,-0.66,Grey,3580.65
232,15,car,LOST,60,168,0.0,376.83,230.19,-0.44,-0.55,White,4720.41
232,5,truck,LOST,18,213,0.0,147.1,125.15,-0.25,-0.36,Grey,12921.57
232,16,car,LOST,20,204,0.0,894.0,267.15,0.2,-0.44,Grey,8859.77
232,18,can,OUT_OF_BOUNDS,133,39,0.567,-725.86,1202.69,-17.12,14.34,Neutral,17843.84
232,21,car,OCCLUDED,148,24,0.733,647.94,601.16,-7.68,9.7,Grey,254432.96
232,22,car,OUT_OF_BOUNDS,130,24,0.733,-65.32,353.85,-3.2,4.16,Grey,4471.21
232,19,person,OCCLUDED,148,24,0.733,173.0,82.94,-2.61,0.54,Grey,4590.94
232,20,car,OCCLUDED,148,24,0.733,807.06,119.6,-3.33,-0.54,Grey,10204.53
232,23,chair,OUT_OF_BOUNDS,104,59,0.344,-59.92,489.52,-8.87,2.97,Grey,18145.26
232,24,chair,OUT_OF_BOUNDS,110,51,0.433,-821.88,386.83,-18.48,1.66,Grey,18445.89
232,27,chair,OCCLUDED,68,80,0.111,628.57,304.58,-2.07,0.22,Grey,24405.98
232,29,chair,OCCLUDED,6,89,0.011,467.65,276.75,-0.17,0.08,Grey,9648.11
232,30,truck,OCCLUDED,59,19,0.789,710.34,175.07,-2.25,0.65,Grey,1043.53
232,33,car,VISIBLE,78,0,0.2454,864.64,261.62,-0.03,0.27,Grey,5782.63
232,35,person,OCCLUDED,53,24,0.733,741.31,265.94,-7.71,1.08,Grey,7068.9
232,37,truck,OCCLUDED,39,24,0.733,1201.23,129.98,2.25,0.52,Grey,15546.92
232,39,car,VISIBLE,60,0,0.511,1234.93,580.55,0.12,0.06,Grey,23043.85
232,41,car,VISIBLE,33,0,0.4519,800.62,336.33,0.14,-0.15,Grey,14460.53
232,44,car,OCCLUDED,31,24,0.733,173.96,358.41,-3.93,1.32,Grey,213428.35
232,43,car,OCCLUDED,31,24,0.733,-6.61,196.41,-4.96,-1.16,Grey,39750.12
232,42,car,OCCLUDED,31,24,0.733,885.99,593.02,-1.56,2.8,Grey,274691.47
232,47,car,OCCLUDED,29,24,0.733,1045.31,234.19,-3.83,-0.13,Grey,62318.68
232,48,person,VISIBLE,33,0,0.7949,12.9,224.06,-0.89,0.52,Black,1157.57
232,49,person,OCCLUDED,9,24,0.733,1126.32,203.61,-3.53,0.6,Black,3275.39
232,62,car,VISIBLE,28,0,0.7133,1248.18,228.62,0.03,0.13,Grey,2624.24
232,75,person,VISIBLE,28,0,0.7273,1042.76,100.69,0.05,0.19,Grey,1484.33
232,86,car,VISIBLE,28,0,0.6137,1061.46,209.38,-1.02,0.07,Grey,1743.5
232,53,car,VISIBLE,28,0,0.6476,1064.38,665.11,0.12,0.24,Grey,47253.08
232,54,car,VISIBLE,28,0,0.6576,94.86,575.38,-0.11,0.14,Grey,53946.01
232,57,car,VISIBLE,28,0,0.5747,868.3,534.62,0.11,0.43,Grey,68355.68
232,76,truck,VISIBLE,28,0,0.5653,875.07,187.25,0.13,0.26,Orange,5760.65
232,67,car,VISIBLE,28,0,0.5193,1040.21,370.07,0.15,0.29,Orange,21128.29
232,58,car,VISIBLE,28,0,0.518,690.11,423.81,1.84,0.29,Grey,71078.09
232,52,car,VISIBLE,28,0,0.6706,411.58,674.01,-0.01,0.27,Grey,40436.95
232,51,car,VISIBLE,28,0,0.5386,140.94,352.19,-0.14,0.19,Grey,20346.97
232,55,car,VISIBLE,28,0,0.3922,239.72,439.24,-0.14,0.36,Black,43695.29
232,59,car,VISIBLE,28,0,0.5433,39.74,331.36,-0.2,0.59,Grey,7599.89
232,65,car,VISIBLE,28,0,0.5279,462.38,557.48,-0.13,0.74,Black,68408.33
232,50,car,VISIBLE,28,0,0.5038,1159.65,445.75,0.05,0.25,Black,47323.72
232,64,car,VISIBLE,28,0,0.5199,339.24,371.69,-0.14,0.21,Orange,20440.24
232,63,car,VISIBLE,28,0,0.4638,1077.26,282.03,0.19,0.19,Grey,6716.11
232,81,car,VISIBLE,28,0,0.2538,980.16,200.56,-0.46,-0.07,Black,1167.79
232,70,car,VISIBLE,28,0,0.4399,1183.26,312.15,0.34,0.25,Black,14971.05
232,69,car,VISIBLE,28,0,0.4198,123.19,281.61,-0.92,0.43,Grey,10005.5
232,56,car,VISIBLE,28,0,0.4204,281.28,293.47,-0.16,0.25,Grey,9674.88
232,84,bus,VISIBLE,28,0,0.2454,526.51,151.91,0.19,0.14,Grey,1223.6
232,73,car,VISIBLE,28,0,0.3158,247.79,261.56,-0.12,0.12,Grey,7068.08
232,79,car,VISIBLE,28,0,0.2542,212.38,174.28,-0.3,0.31,Black,2421.35
232,78,car,VISIBLE,28,0,0.1679,736.6,249.19,0.18,-0.58,Grey,2768.29
232,83,car,VISIBLE,28,0,0.3421,140.88,186.47,0.04,0.21,Black,3850.63
232,60,car,VISIBLE,28,0,0.3262,957.27,312.51,0.22,0.14,Black,15229.6
232,85,person,VISIBLE,28,0,0.44,162.34,202.99,-0.31,0.44,Black,593.22
232,72,car,VISIBLE,28,0,0.368,409.09,322.01,-0.05,0.36,Grey,15377.51
232,89,car,VISIBLE,28,0,0.2461,1193.27,185.66,-0.05,0.24,Black,1585.71
232,68,car,OCCLUDED,25,3,0.967,825.65,243.18,0.13,0.12,Grey,3728.94
232,71,car,VISIBLE,28,0,0.3005,451.94,293.06,0.11,0.16,Grey,7809.96
232,66,car,VISIBLE,28,0,0.1777,917.08,280.94,-0.05,0.14,Grey,8278.68
232,74,car,VISIBLE,28,0,0.1905,303.44,227.93,-0.34,0.25,Grey,3225.96
232,80,car,VISIBLE,23,0,0.1866,1263.73,388.88,0.52,0.99,Black,4396.54
232,88,person,OCCLUDED,9,19,0.789,1250.93,195.83,-0.03,0.08,Black,357.43
232,61,car,VISIBLE,28,0,0.2879,34.68,394.85,-0.09,0.49,Black,6828.72
232,77,car,VISIBLE,20,0,0.1658,280.04,167.99,-0.12,0.17,Grey,1542.85
232,90,car,VISIBLE,26,0,0.1793,1016.0,256.47,0.1,0.23,Grey,5469.91
232,91,car,VISIBLE,18,0,0.166,1151.7,182.32,0.05,0.07,Grey,998.71
232,92,car,VISIBLE,23,0,0.1735,598.95,250.28,0.43,0.52,Black,3341.63
232,93,car,OCCLUDED,14,10,0.889,899.83,218.87,-0.22,0.12,Black,2362.1
232,94,truck,OCCLUDED,18,6,0.933,813.8,152.25,-0.12,0.1,Grey,1086.74
232,95,car,VISIBLE,23,0,0.3667,584.06,322.85,-0.11,0.3,Black,15769.51
232,96,car,VISIBLE,23,0,0.2059,365.79,254.15,-0.02,0.47,Grey,5552.45
232,97,person,VISIBLE,22,0,0.2901,1202.66,203.47,0.31,0.53,Black,456.57
232,104,car,VISIBLE,4,0,0.1613,411.44,230.19,-0.08,0.21,Grey,2826.83
232,105,car,VISIBLE,2,0,0.1522,485.57,260.05,-0.01,0.18,Grey,5885.38
233,6,car,OUT_OF_BOUNDS,196,36,0.6,-152.93,1023.45,-4.49,16.59,Grey,11165.82
233,2,car,LOST,63,169,0.0,636.4,421.63,-0.07,-0.12,Purple,160266.72
233,1,car,LOST,63,169,0.0,1219.03,387.3,0.33,-0.18,Red,61898.72
233,8,truck,LOST,63,169,0.0,530.27,155.36,-0.12,-0.68,Grey,2913.99
233,3,car,VISIBLE,197,0,0.4029,717.61,293.81,1.33,0.25,Grey,15350.66
233,4,car,LOST,63,169,0.0,1109.33,326.85,0.5,-0.32,Red,36618.2
233,13,car,OUT_OF_BOUNDS,25,207,0.0,-406.45,603.06,-1.99,0.48,Grey,4493.18
233,11,person,LOST,63,169,0.0,675.42,252.79,-0.28,-0.47,Grey,5659.19
233,9,car,LOST,63,169,0.0,257.52,325.63,-0.67,-0.27,Grey,30084.14
233,12,car,OUT_OF_BOUNDS,23,209,0.0,1592.15,1095.35,1.53,2.78,Grey,4597.82
233,14,chair,OUT_OF_BOUNDS,73,149,0.0,-334.08,378.55,-4.49,0.54,Red,2151.27
233,10,chair,LOST,63,169,0.0,616.89,301.44,-0.16,-0.27,White,1631.45
233,7,person,OUT_OF_BOUNDS,63,169,0.0,-72.62,162.39,-1.16,-0.66,Grey,3580.65
233,15,car,LOST,60,169,0.0,376.39,229.64,-0.44,-0.55,White,4720.41
233,5,truck,LOST,18,214,0.0,146.85,124.79,-0.25,-0.36,Grey,12921.57
233,16,car,LOST,20,205,0.0,894.2,266.71,0.2,-0.44,Grey,8859.77
233,18,can,OUT_OF_BOUNDS,133,40,0.556,-742.98,1217.03,-17.12,14.34,Neutral,17843.84
233,21,car,OCCLUDED,148,25,0.722,640.26,610.86,-7.68,9.7,Grey,254432.96
233,22,car,OUT_OF_BOUNDS,130,25,0.722,-68.51,358.01,-3.2,4.16,Grey,4471.21
233,19,person,OCCLUDED,148,25,0.722,170.39,83.48,-2.61,0.54,Grey,4590.94
233,20,car,OCCLUDED,148,25,0.722,803.73,119.06,-3.33,-0.54,Grey,10204.53
233,23,chair,OUT_OF_BOUNDS,104,60,0.333,-68.79,492.49,-8.87,2.97,Grey,18145.26
233,24,chair,OUT_OF_BOUNDS,110,52,0.422,-840.36,388.48,-18.48,1.66,Grey,18445.89
233,27,chair,OCCLUDED,68,81,0.1,626.5,304.8,-2.07,0.22,Grey,24405.98
233,29,chair,OCCLUDED,6,90,0.0,467.48,276.83,-0.17,0.08,Grey,9648.11
233,30,truck,OCCLUDED,59,20,0.778,708.1,175.71,-2.25,0.65,Grey,1043.53
233,33,car,VISIBLE,79,0,0.2352,864.63,261.77,-0.01,0.19,Grey,5782.73
233,35,person,OCCLUDED,53,25,0.722,733.6,267.02,-7.71,1.08,Grey,7068.9
233,37,truck,OCCLUDED,39,25,0.722,1203.48,130.5,2.25,0.52,Grey,15546.92
233,39,car,VISIBLE,61,0,0.5065,1234.97,580.49,0.06,-0.03,Grey,22960.11
233,41,car,VISIBLE,34,0,0.4301,800.75,335.99,0.13,-0.28,Grey,14427.81
233,44,car,OCCLUDED,31,25,0.722,170.03,359.73,-3.93,1.32,Grey,213428.35
233,43,car,OCCLUDED,31,25,0.722,-11.57,195.25,-4.96,-1.16,Grey,39750.12
233,42,car,OCCLUDED,31,25,0.722,884.43,595.82,-1.56,2.8,Grey,274691.47
233,47,car,OCCLUDED,29,25,0.722,1041.48,234.06,-3.83,-0.13,Grey,62318.68
233,48,person,VISIBLE,34,0,0.8027,12.19,224.41,-0.77,0.4,Black,1193.92
233,49,person,OCCLUDED,9,25,0.722,1122.8,204.22,-3.53,0.6,Black,3275.39
233,62,car,VISIBLE,29,0,0.7117,1248.24,228.69,0.05,0.09,Grey,2615.89
233,75,person,VISIBLE,29,0,0.7338,1042.92,100.84,0.13,0.16,Grey,1490.58
233,86,car,VISIBLE,29,0,0.6043,1060.44,209.38,-1.02,0.02,Grey,1734.3
233,53,car,VISIBLE,29,0,0.65,1064.47,665.33,0.1,0.23,Grey,47047.28
233,54,car,VISIBLE,29,0,0.6566,94.8,575.5,-0.08,0.12,Grey,53858.9
233,57,car,VISIBLE,29,0,0.5715,868.33,534.92,0.05,0.34,Grey,68516.69
233,76,truck,VISIBLE,29,0,0.5643,875.15,187.5,0.1,0.25,Orange,5797.89
233,67,car,VISIBLE,29,0,0.5157,1040.35,370.25,0.14,0.22,Orange,21172.43
233,58,car,VISIBLE,29,0,0.5159,693.84,423.94,3.16,0.18,Grey,71746.53
233,52,car,VISIBLE,29,0,0.6634,411.52,674.36,-0.04,0.32,Grey,40181.53
233,51,car,VISIBLE,29,0,0.5459,140.8,352.32,-0.15,0.15,Grey,20344.09
233,55,car,VISIBLE,29,0,0.4569,239.59,439.54,-0.13,0.32,Black,43772.67
233,59,car,VISIBLE,29,0,0.5541,39.42,331.75,-0.28,0.45,Grey,7579.46
233,65,car,VISIBLE,29,0,0.5174,462.17,558.4,-0.19,0.87,Black,68834.25
233,50,car,VISIBLE,29,0,0.4805,1159.67,446.02,0.02,0.27,Black,47379.67
233,64,car,VISIBLE,29,0,0.5259,339.13,371.75,-0.12,0.11,Orange,20497.61
233,63,car,VISIBLE,29,0,0.4641,1077.43,282.16,0.18,0.15,Grey,6719.15
233,81,car,VISIBLE,29,0,0.2464,979.7,200.47,-0.46,-0.08,Black,1151.41
233,70,car,VISIBLE,29,0,0.4246,1183.61,312.35,0.35,0.21,Black,15012.95
233,69,car,VISIBLE,29,0,0.4099,122.39,281.62,-0.84,0.14,Grey,9968.04
233,56,car,VISIBLE,29,0,0.4164,281.13,293.69,-0.15,0.23,Grey,9711.39
233,84,bus,VISIBLE,29,0,0.2442,526.61,151.97,0.12,0.08,Grey,1244.19
233,73,car,VISIBLE,29,0,0.3231,247.72,261.67,-0.08,0.11,Grey,7062.7
233,79,car,VISIBLE,29,0,0.2228,211.97,174.44,-0.38,0.2,Black,2404.24
233,78,car,VISIBLE,29,0,0.1679,736.79,248.62,0.19,-0.57,Grey,2642.13
233,83,car,VISIBLE,29,0,0.3351,140.84,186.57,-0.02,0.14,Black,3861.15
233,60,car,VISIBLE,29,0,0.3319,957.42,312.56,0.17,0.08,Black,15230.29
233,85,person,VISIBLE,29,0,0.4131,162.16,203.47,-0.22,0.47,Black,602.18
233,72,car,VISIBLE,29,0,0.3719,408.99,322.34,-0.08,0.34,Grey,15389.77
233,89,car,VISIBLE,29,0,0.2442,1192.81,185.79,-0.33,0.17,Black,1571.79
233,68,car,OCCLUDED,25,4,0.956,825.78,243.3,0.13,0.12,Grey,3728.94
233,71,car,VISIBLE,29,0,0.2992,452.0,293.1,0.07,0.07,Grey,7806.69
233,66,car,VISIBLE,29,0,0.1837,917.11,281.14,0.0,0.18,Grey,8323.49
233,74,car,VISIBLE,29,0,0.1845,303.02,228.06,-0.4,0.17,Grey,3239.07
233,80,car,VISIBLE,24,0,0.1849,1263.7,388.9,0.13,0.32,Black,4375.65
233,88,person,OCCLUDED,9,20,0.778,1250.89,195.92,-0.03,0.08,Black,357.43
233,61,car,VISIBLE,29,0,0.296,34.58,395.3,-0.1,0.46,Black,6752.88
233,77,car,VISIBLE,21,0,0.1629,280.1,168.15,0.01,0.16,Grey,1554.72
233,90,car,VISIBLE,27,0,0.161,1015.97,256.68,0.01,0.21,Grey,5475.35
233,91,car,VISIBLE,19,0,0.166,1151.74,182.39,0.05,0.07,Grey,994.46
233,92,car,VISIBLE,24,0,0.1726,598.96,250.72,0.14,0.47,Black,3390.35
233,93,car,OCCLUDED,14,11,0.878,899.6,218.99,-0.22,0.12,Black,2362.1
233,94,truck,OCCLUDED,18,7,0.922,813.68,152.35,-0.12,0.1,Grey,1086.74
233,95,car,VISIBLE,24,0,0.3728,584.18,323.09,0.05,0.26,Black,15805.01
233,96,car,VISIBLE,24,0,0.2135,365.76,254.41,-0.03,0.32,Grey,5573.37
233,97,person,VISIBLE,23,0,0.3072,1202.72,203.06,0.14,-0.13,Black,478.02
233,104,car,VISIBLE,5,0,0.1587,411.12,230.29,-0.24,0.13,Grey,2866.21
233,105,car,VISIBLE,3,0,0.1502,485.49,260.07,-0.06,0.08,Grey,5929.18
234,6,car,OUT_OF_BOUNDS,196,37,0.589,-157.42,1040.04,-4.49,16.59,Grey,11165.82
234,2,car,LOST,63,170,0.0,636.33,421.51,-0.07,-0.12,Purple,160266.72
234,1,car,LOST,63,170,0.0,1219.36,387.12,0.33,-0.18,Red,61898.72
234,8,truck,LOST,63,170,0.0,530.15,154.68,-0.12,-0.68,Grey,2913.99
234,3,car,VISIBLE,198,0,0.3974,720.3,294.0,2.28,0.22,Grey,15423.49
234,4,car,LOST,63,170,0.0,1109.83,326.52,0.5,-0.32,Red,36618.2
234,13,car,OUT_OF_BOUNDS,25,208,0.0,-408.44,603.54,-1.99,0.48,Grey,4493.18
234,11,person,LOST,63,170,0.0,675.14,252.31,-0.28,-0.47,Grey,5659.19
234,9,car,LOST,63,170,0.0,256.85,325.36,-0.67,-0.27,Grey,30084.14
234,12,car,OUT_OF_BOUNDS,23,210,0.0,1593.68,1098.13,1.53,2.78,Grey,4597.82
234,14,chair,OUT_OF_BOUNDS,73,150,0.0,-338.57,379.09,-4.49,0.54,Red,2151.27
234,10,chair,LOST,63,170,0.0,616.73,301.17,-0.16,-0.27,White,1631.45
234,7,person,OUT_OF_BOUNDS,63,170,0.0,-73.79,161.73,-1.16,-0.66,Grey,3580.65
234,15,car,LOST,60,170,0.0,375.95,229.09,-0.44,-0.55,White,4720.41
234,5,truck,LOST,18,215,0.0,146.59,124.44,-0.25,-0.36,Grey,12921.57
234,16,car,LOST,20,206,0.0,894.4,266.27,0.2,-0.44,Grey,8859.77
234,18,can,OUT_OF_BOUNDS,133,41,0.544,-760.1,1231.37,-17.12,14.34,Neutral,17843.84
234,21,car,OCCLUDED,148,26,0.711,632.59,620.56,-7.68,9.7,Grey,254432.96
234,22,car,OUT_OF_BOUNDS,130,26,0.711,-71.71,362.16,-3.2,4.16,Grey,4471.21
234,19,person,OCCLUDED,148,26,0.711,167.78,84.02,-2.61,0.54,Grey,4590.94
234,20,car,OCCLUDED,148,26,0.711,800.4,118.52,-3.33,-0.54,Grey,10204.53
234,23,chair,OUT_OF_BOUNDS,104,61,0.322,-77.66,495.45,-8.87,2.97,Grey,18145.26
234,24,chair,OUT_OF_BOUNDS,110,53,0.411,-858.83,390.14,-18.48,1.66,Grey,18445.89
234,27,chair,OCCLUDED,68,82,0.089,624.43,305.01,-2.07,0.22,Grey,24405.98
234,29,chair,LOST,6,91,0.0,467.31,276.92,-0.17,0.08,Grey,9648.11
234,30,truck,OCCLUDED,59,21,0.767,705.85,176.36,-2.25,0.65,Grey,1043.53
234,33,car,VISIBLE,80,0,0.2249,864.64,261.98,0.0,0.2,Grey,5796.24
234,35,person,OCCLUDED,53,26,0.711,725.89,268.1,-7.71,1.08,Grey,7068.9
234,37,truck,OCCLUDED,39,26,0.711,1205.72,131.02,2.25,0.52,Grey,15546.92
234,39,car,VISIBLE,62,0,0.5051,1235.01,580.6,0.05,0.07,Grey,22883.38
234,41,car,VISIBLE,35,0,0.4269,800.82,335.74,0.09,-0.26,Grey,14389.51
234,44,car,OCCLUDED,31,26,0.711,166.09,361.05,-3.93,1.32,Grey,213428.35
234,43,car,OCCLUDED,31,26,0.711,-16.54,194.09,-4.96,-1.16,Grey,39750.12
234,42,car,OCCLUDED,31,26,0.711,882.87,598.61,-1.56,2.8,Grey,274691.47
234,47,car,OCCLUDED,29,26,0.711,1037.65,233.94,-3.83,-0.13,Grey,62318.68
234,48,person,VISIBLE,35,0,0.8003,11.53,224.48,-0.69,0.17,Black,1224.83
234,49,person,OCCLUDED,9,26,0.711,1119.27,204.82,-3.53,0.6,Black,3275.39
234,62,car,VISIBLE,30,0,0.7077,1248.32,228.75,0.06,0.07,Grey,2607.99
234,75,person,VISIBLE,30,0,0.7321,1043.12,100.94,0.18,0.12,Grey,1499.1
234,86,car,VISIBLE,30,0,0.6062,1059.36,209.42,-1.06,0.03,Grey,1725.4
234,53,car,VISIBLE,30,0,0.6426,1064.69,665.56,0.18,0.23,Grey,46808.2
234,54,car,VISIBLE,30,0,0.6638,94.75,575.65,-0.06,0.15,Grey,53797.02
234,57,car,VISIBLE,30,0,0.545,868.38,535.35,0.05,0.4,Grey,68723.66
234,76,truck,VISIBLE,30,0,0.552,875.18,187.76,0.05,0.26,Orange,5830.18
234,67,car,VISIBLE,30,0,0.5158,1040.46,370.44,0.13,0.19,Orange,21225.31
234,58,car,VISIBLE,30,0,0.4921,697.39,424.11,3.43,0.17,Grey,72345.76
234,52,car,VISIBLE,30,0,0.6596,411.1,674.84,-0.31,0.43,Grey,39812.84
234,51,car,VISIBLE,30,0,0.5562,140.7,352.42,-0.11,0.11,Grey,20333.54
234,55,car,VISIBLE,30,0,0.442,239.48,439.75,-0.12,0.25,Black,43846.89
234,59,car,VISIBLE,30,0,0.5447,39.07,332.0,-0.33,0.31,Grey,7534.05
234,65,car,VISIBLE,30,0,0.5447,462.14,558.66,-0.08,0.44,Black,68960.47
234,50,car,VISIBLE,30,0,0.4653,1159.68,446.22,0.02,0.22,Black,47382.4
234,64,car,VISIBLE,30,0,0.5346,339.1,371.82,-0.06,0.08,Orange,20528.41
234,63,car,VISIBLE,30,0,0.4686,1077.61,282.27,0.18,0.12,Grey,6736.22
234,81,car,VISIBLE,30,0,0.2197,979.12,200.43,-0.54,-0.06,Black,1120.3
234,70,car,VISIBLE,30,0,0.4242,1183.91,312.54,0.32,0.2,Black,15083.33
234,69,car,VISIBLE,30,0,0.385,121.54,281.46,-0.84,-0.07,Grey,9921.82
234,56,car,VISIBLE,30,0,0.4174,281.05,293.84,-0.11,0.18,Grey,9746.18
234,84,bus,VISIBLE,30,0,0.2456,526.63,152.06,0.05,0.09,Grey,1269.72
234,73,car,VISIBLE,30,0,0.3159,247.69,261.8,-0.05,0.13,Grey,7050.01
234,79,car,VISIBLE,30,0,0.2192,211.82,174.5,-0.22,0.1,Black,2385.15
234,78,car,OCCLUDED,29,1,0.989,736.97,248.05,0.19,-0.57,Grey,2642.13
234,83,car,VISIBLE,30,0,0.3412,140.68,186.66,-0.11,0.1,Black,3880.6
234,60,car,VISIBLE,30,0,0.3408,957.5,312.56,0.1,0.02,Black,15240.77
234,85,person,VISIBLE,30,0,0.4164,162.02,203.78,-0.16,0.36,Black,613.82
234,72,car,VISIBLE,30,0,0.3571,408.91,322.53,-0.08,0.23,Grey,15406.64
234,89,car,VISIBLE,30,0,0.2405,1192.12,185.9,-0.58,0.12,Black,1551.76
234,68,car,OCCLUDED,25,5,0.944,825.9,243.42,0.13,0.12,Grey,3728.94
234,71,car,VISIBLE,30,0,0.2924,452.02,293.09,0.04,0.02,Grey,7803.22
234,66,car,VISIBLE,30,0,0.1794,917.1,281.26,-0.01,0.13,Grey,8352.29
234,74,car,VISIBLE,30,0,0.1938,302.51,228.06,-0.47,0.06,Grey,3258.88
234,80,car,VISIBLE,25,0,0.1713,1263.64,388.61,0.0,-0.11,Black,4333.42
234,88,person,OCCLUDED,9,21,0.767,1250.86,196.0,-0.03,0.08,Black,357.43
234,61,car,VISIBLE,30,0,0.3053,34.48,395.5,-0.1,0.29,Black,6683.38
234,77,car,VISIBLE,22,0,0.1596,280.19,168.26,0.06,0.13,Grey,1558.13
234,90,car,VISIBLE,28,0,0.1603,1015.91,256.86,-0.04,0.19,Grey,5484.13
234,91,car,OCCLUDED,19,1,0.989,1151.79,182.47,0.05,0.07,Grey,994.46
234,92,car,VISIBLE,25,0,0.1749,598.87,251.01,-0.03,0.34,Black,3421.88
234,93,truck,VISIBLE,15,0,0.1853,931.03,158.91,1.62,-3.39,Grey,1524.62
234,94,truck,OCCLUDED,18,8,0.911,813.56,152.45,-0.12,0.1,Grey,1086.74
234,95,car,VISIBLE,25,0,0.3687,584.03,323.36,-0.09,0.27,Black,15839.39
234,96,car,VISIBLE,25,0,0.2161,365.75,254.53,-0.02,0.19,Grey,5586.28
234,97,person,VISIBLE,24,0,0.3391,1202.76,202.67,0.07,-0.31,Black,495.05
234,104,car,VISIBLE,6,0,0.1556,410.79,230.34,-0.31,0.08,Grey,2904.38
234,105,car,VISIBLE,4,0,0.1524,485.45,260.09,-0.05,0.03,Grey,5945.94
235,6,car,OUT_OF_BOUNDS,196,38,0.578,-161.91,1056.63,-4.49,16.59,Grey,11165.82
235,2,car,LOST,63,171,0.0,636.26,421.39,-0.07,-0.12,Purple,160266.72
235,1,car,LOST,63,171,0.0,1219.69,386.94,0.33,-0.18,Red,61898.72
235,8,truck,LOST,63,171,0.0,530.04,154.0,-0.12,-0.68,Grey,2913.99
235,3,car,VISIBLE,199,0,0.3651,723.5,294.1,2.93,0.13,Grey,15385.69
235,4,car,LOST,63,171,0.0,1110.33,326.2,0.5,-0.32,Red,36618.2
235,13,car,OUT_OF_BOUNDS,25,209,0.0,-410.43,604.02,-1.99,0.48,Grey,4493.18
235,11,person,LOST,63,171,0.0,674.86,251.84,-0.28,-0.47,Grey,5659.19
235,9,car,LOST,63,171,0.0,256.18,325.09,-0.67,-0.27,Grey,30084.14
235,12,car,OUT_OF_BOUNDS,23,211,0.0,1595.21,1100.92,1.53,2.78,Grey,4597.82
235,14,chair,OUT_OF_BOUNDS,73,151,0.0,-343.06,379.63,-4.49,0.54,Red,2151.27
235,10,chair,LOST,63,171,0.0,616.57,300.9,-0.16,-0.27,White,1631.45
235,7,person,OUT_OF_BOUNDS,63,171,0.0,-74.95,161.07,-1.16,-0.66,Grey,3580.65
235,15,car,LOST,60,171,0.0,375.51,228.54,-0.44,-0.55,White,4720.41
235,5,truck,LOST,18,216,0.0,146.34,124.08,-0.25,-0.36,Grey,12921.57
235,16,car,LOST,20,207,0.0,894.59,265.83,0.2,-0.44,Grey,8859.77
235,18,can,OUT_OF_BOUNDS,133,42,0.533,-777.22,1245.71,-17.12,14.34,Neutral,17843.84
235,21,car,OCCLUDED,148,27,0.7,624.91,630.27,-7.68,9.7,Grey,254432.96
235,22,car,OUT_OF_BOUNDS,130,27,0.7,-74.91,366.32,-3.2,4.16,Grey,4471.21
235,19,person,OCCLUDED,148,27,0.7,165.17,84.56,-2.61,0.54,Grey,4590.94
235,20,car,OCCLUDED,148,27,0.7,797.07,117.99,-3.33,-0.54,Grey,10204.53
235,23,chair,OUT_OF_BOUNDS,104,62,0.311,-86.52,498.42,-8.87,2.97,Grey,18145.26
235,24,chair,OUT_OF_BOUNDS,110,54,0.4,-877.31,391.79,-18.48,1.66,Grey,18445.89
235,27,chair,OCCLUDED,68,83,0.078,622.35,305.23,-2.07,0.22,Grey,24405.98
235,29,chair,LOST,6,92,0.0,467.13,277.0,-0.17,0.08,Grey,9648.11
235,30,truck,OCCLUDED,59,22,0.756,703.61,177.0,-2.25,0.65,Grey,1043.53
235,33,car,VISIBLE,81,0,0.2169,864.64,261.97,0.0,0.05,Grey,5768.86
235,35,person,OCCLUDED,53,27,0.7,718.18,269.17,-7.71,1.08,Grey,7068.9
235,37,truck,OCCLUDED,39,27,0.7,1207.97,131.54,2.25,0.52,Grey,15546.92
235,39,car,VISIBLE,63,0,0.5091,1235.1,580.69,0.08,0.08,Grey,22855.59
235,41,car,VISIBLE,36,0,0.4205,800.92,335.69,0.1,-0.11,Grey,14387.85
235,44,car,OCCLUDED,31,27,0.7,162.16,362.37,-3.93,1.32,Grey,213428.35
235,43,car,OUT_OF_BOUNDS,31,27,0.7,-21.5,192.92,-4.96,-1.16,Grey,39750.12
235,42,car,OCCLUDED,31,27,0.7,881.32,601.41,-1.56,2.8,Grey,274691.47
235,47,car,OCCLUDED,29,27,0.7,1033.82,233.81,-3.83,-0.13,Grey,62318.68
235,48,person,VISIBLE,36,0,0.7931,10.89,224.6,-0.66,0.14,Black,1225.59
235,49,person,OCCLUDED,9,27,0.7,1115.74,205.42,-3.53,0.6,Black,3275.39
235,62,car,VISIBLE,31,0,0.699,1248.38,228.88,0.06,0.11,Grey,2600.12
235,75,person,VISIBLE,31,0,0.7331,1043.31,101.02,0.18,0.09,Grey,1509.49
235,86,car,VISIBLE,31,0,0.5872,1058.28,209.43,-1.07,0.01,Grey,1724.16
235,53,car,VISIBLE,31,0,0.6569,1064.5,665.82,-0.08,0.25,Grey,46510.44
235,54,car,VISIBLE,31,0,0.6735,94.67,575.78,-0.07,0.13,Grey,53732.34
235,57,car,VISIBLE,31,0,0.5467,868.51,535.6,0.11,0.29,Grey,68921.71
235,76,truck,VISIBLE,31,0,0.5493,875.14,187.96,-0.01,0.22,Orange,5845.13
235,67,car,VISIBLE,31,0,0.5146,1040.53,370.59,0.08,0.17,Orange,21231.59
235,58,car,VISIBLE,31,0,0.4854,700.63,424.19,3.3,0.11,Grey,72775.79
235,52,car,VISIBLE,31,0,0.6579,410.65,675.28,-0.4,0.44,Grey,39487.44
235,51,car,VISIBLE,31,0,0.5573,140.57,352.5,-0.12,0.09,Grey,20318.32
235,55,car,VISIBLE,31,0,0.4376,239.29,439.95,-0.17,0.21,Black,43932.85
235,59,car,VISIBLE,31,0,0.5509,38.62,331.99,-0.41,0.08,Grey,7435.98
235,65,car,VISIBLE,31,0,0.5677,462.01,558.83,-0.11,0.25,Black,68987.18
235,50,car,VISIBLE,31,0,0.5004,1159.68,446.42,0.0,0.2,Black,47425.28
235,64,car,VISIBLE,31,0,0.5317,339.01,371.95,-0.08,0.12,Orange,20532.8
235,63,car,VISIBLE,31,0,0.4741,1077.77,282.44,0.17,0.15,Grey,6774.1
235,81,car,VISIBLE,31,0,0.2146,978.3,200.51,-0.74,0.04,Black,1121.91
235,70,car,VISIBLE,31,0,0.4166,1184.11,312.7,0.24,0.17,Black,15112.59
235,69,car,VISIBLE,31,0,0.3744,120.67,281.52,-0.86,0.02,Grey,9921.61
235,56,car,VISIBLE,31,0,0.4184,280.98,294.02,-0.08,0.18,Grey,9765.46
235,84,bus,VISIBLE,31,0,0.2541,526.64,152.17,0.02,0.1,Grey,1289.03
235,73,car,VISIBLE,31,0,0.3229,247.57,261.97,-0.09,0.16,Grey,7049.5
235,79,car,VISIBLE,31,0,0.2197,211.69,174.52,-0.16,0.05,Black,2381.68
235,78,car,OCCLUDED,29,2,0.978,737.16,247.48,0.19,-0.57,Grey,2642.13
235,83,car,VISIBLE,31,0,0.3159,140.53,186.79,-0.14,0.12,Black,3889.62
235,60,car,VISIBLE,31,0,0.3437,957.5,312.62,0.03,0.05,Black,15248.94
235,85,person,VISIBLE,31,0,0.4094,161.88,203.96,-0.15,0.23,Black,627.88
235,72,car,VISIBLE,31,0,0.3435,408.95,322.69,0.0,0.18,Grey,15400.5
235,89,car,VISIBLE,31,0,0.2099,1192.12,185.3,-0.18,-0.38,Black,1511.29
235,68,car,OCCLUDED,25,6,0.933,826.03,243.54,0.13,0.12,Grey,3728.94
235,71,car,VISIBLE,31,0,0.2888,451.89,293.17,-0.08,0.06,Grey,7762.83
235,66,car,VISIBLE,31,0,0.1748,917.0,281.21,-0.07,0.01,Grey,8482.74
235,74,car,VISIBLE,31,0,0.1741,302.18,228.28,-0.38,0.17,Grey,3287.06
235,80,car,VISIBLE,26,0,0.1794,1263.61,388.32,-0.02,-0.24,Black,4286.94
235,88,person,OCCLUDED,9,22,0.756,1250.83,196.09,-0.03,0.08,Black,357.43
235,61,car,VISIBLE,31,0,0.3014,34.44,395.9,-0.06,0.36,Black,6653.67
235,77,car,VISIBLE,23,0,0.1575,280.31,168.33,0.1,0.09,Grey,1557.33
235,90,car,VISIBLE,29,0,0.1755,1015.9,257.04,-0.02,0.18,Grey,5484.82
235,91,car,OCCLUDED,19,2,0.978,1151.84,182.54,0.05,0.07,Grey,994.46
235,92,car,VISIBLE,26,0,0.1559,598.72,251.49,-0.11,0.44,Black,3476.15
235,93,truck,VISIBLE,16,0,0.1692,931.01,158.86,0.47,-1.06,Grey,1518.87
235,94,truck,OCCLUDED,18,9,0.9,813.44,152.55,-0.12,0.1,Grey,1086.74
235,95,car,VISIBLE,26,0,0.3443,583.89,323.65,-0.12,0.29,Black,15874.64
235,96,car,VISIBLE,26,0,0.1987,365.73,255.05,-0.02,0.42,Grey,5659.7
235,97,person,VISIBLE,25,0,0.3675,1202.82,202.43,0.06,-0.26,Black,508.36
235,104,car,VISIBLE,7,0,0.152,410.72,230.41,-0.14,0.07,Grey,2909.54
235,105,car,VISIBLE,5,0,0.1502,485.51,260.14,0.03,0.05,Grey,5987.14
236,6,car,OUT_OF_BOUNDS,196,39,0.567,-166.4,1073.22,-4.49,16.59,Grey,11165.82
236,2,car,LOST,63,172,0.0,636.19,421.26,-0.07,-0.12,Purple,160266.72
236,1,car,LOST,63,172,0.0,1220.02,386.76,0.33,-0.18,Red,61898.72
236,8,truck,LOST,63,172,0.0,529.92,153.33,-0.12,-0.68,Grey,2913.99
236,3,car,VISIBLE,200,0,0.3712,725.13,294.12,2.02,0.06,Grey,15438.81
236,4,car,LOST,63,172,0.0,1110.83,325.88,0.5,-0.32,Red,36618.2
236,13,car,OUT_OF_BOUNDS,25,210,0.0,-412.42,604.49,-1.99,0.48,Grey,4493.18
236,11,person,LOST,63,172,0.0,674.59,251.36,-0.28,-0.47,Grey,5659.19
236,9,car,LOST,63,172,0.0,255.5,324.82,-0.67,-0.27,Grey,30084.14
236,12,car,OUT_OF_BOUNDS,23,212,0.0,1596.74,1103.7,1.53,2.78,Grey,4597.82
236,14,chair,OUT_OF_BOUNDS,73,152,0.0,-347.55,380.17,-4.49,0.54,Red,2151.27
236,10,chair,LOST,63,172,0.0,616.41,300.63,-0.16,-0.27,White,1631.45
236,7,person,OUT_OF_BOUNDS,63,172,0.0,-76.11,160.41,-1.16,-0.66,Grey,3580.65
236,15,car,LOST,60,172,0.0,375.07,227.99,-0.44,-0.55,White,4720.41
236,5,truck,LOST,18,217,0.0,146.09,123.72,-0.25,-0.36,Grey,12921.57
236,16,car,LOST,20,208,0.0,894.79,265.4,0.2,-0.44,Grey,8859.77
236,18,can,OUT_OF_BOUNDS,133,43,0.522,-794.34,1260.05,-17.12,14.34,Neutral,17843.84
236,21,car,OCCLUDED,148,28,0.689,617.23,639.97,-7.68,9.7,Grey,254432.96
236,22,car,OUT_OF_BOUNDS,130,28,0.689,-78.11,370.48,-3.2,4.16,Grey,4471.21
236,19,person,OCCLUDED,148,28,0.689,162.56,85.1,-2.61,0.54,Grey,4590.94
236,20,car,OCCLUDED,148,28,0.689,793.74,117.45,-3.33,-0.54,Grey,10204.53
236,23,chair,OUT_OF_BOUNDS,104,63,0.3,-95.39,501.38,-8.87,2.97,Grey,18145.26
236,24,chair,OUT_OF_BOUNDS,110,55,0.389,-895.79,393.45,-18.48,1.66,Grey,18445.89
236,27,chair,OCCLUDED,68,84,0.067,620.28,305.44,-2.07,0.22,Grey,24405.98
236,29,chair,LOST,6,93,0.0,466.96,277.09,-0.17,0.08,Grey,9648.11
236,30,truck,OCCLUDED,59,23,0.744,701.36,177.65,-2.25,0.65,Grey,1043.53
236,33,car,VISIBLE,82,0,0.1915,864.68,261.32,0.03,-0.44,Grey,5591.21
236,35,person,OCCLUDED,53,28,0.689,710.47,270.25,-7.71,1.08,Grey,7068.9
236,37,truck,OCCLUDED,39,28,0.689,1210.22,132.06,2.25,0.52,Grey,15546.92
236,39,car,VISIBLE,64,0,0.5132,1235.24,580.93,0.12,0.2,Grey,22736.92
236,41,car,VISIBLE,37,0,0.4173,801.07,335.67,0.13,-0.04,Grey,14396.37
236,44,car,OCCLUDED,31,28,0.689,158.23,363.69,-3.93,1.32,Grey,213428.35
236,43,car,OUT_OF_BOUNDS,31,28,0.689,-26.46,191.76,-4.96,-1.16,Grey,39750.12
236,42,car,OCCLUDED,31,28,0.689,879.76,604.21,-1.56,2.8,Grey,274691.47
236,47,car,OCCLUDED,29,28,0.689,1029.99,233.68,-3.83,-0.13,Grey,62318.68
236,48,person,VISIBLE,37,0,0.7813,10.21,224.9,-0.68,0.25,Black,1185.58
236,49,person,OCCLUDED,9,28,0.689,1112.21,206.03,-3.53,0.6,Black,3275.39
236,62,car,VISIBLE,32,0,0.7018,1248.41,229.05,0.05,0.15,Grey,2591.71
236,75,person,VISIBLE,32,0,0.7314,1043.5,101.09,0.19,0.08,Grey,1523.77
236,86,car,VISIBLE,32,0,0.5983,1057.19,209.38,-1.09,-0.03,Grey,1718.17
236,53,car,VISIBLE,32,0,0.6605,1064.41,666.12,-0.08,0.29,Grey,46184.19
236,54,car,VISIBLE,32,0,0.6765,94.63,575.96,-0.05,0.17,Grey,53667.31
236,57,car,VISIBLE,32,0,0.5164,868.62,535.92,0.1,0.32,Grey,69004.1
236,76,truck,VISIBLE,32,0,0.5439,875.08,188.16,-0.05,0.2,Orange,5853.42
236,67,car,VISIBLE,32,0,0.5169,1040.43,370.77,-0.04,0.18,Orange,21197.6
236,58,car,VISIBLE,32,0,0.5249,702.78,424.48,2.49,0.23,Grey,72643.52
236,52,car,VISIBLE,32,0,0.6706,410.53,675.79,-0.2,0.48,Grey,39091.1
236,51,car,VISIBLE,32,0,0.554,140.5,352.72,-0.09,0.18,Grey,20356.15
236,55,car,VISIBLE,32,0,0.4554,239.18,440.19,-0.13,0.23,Black,43980.84
236,59,car,VISIBLE,32,0,0.5525,38.37,332.19,-0.3,0.16,Grey,7396.49
236,65,car,VISIBLE,32,0,0.5509,462.54,558.85,0.33,0.09,Black,69255.46
236,50,car,VISIBLE,32,0,0.5071,1159.75,446.56,0.05,0.17,Black,47399.69
236,64,car,VISIBLE,32,0,0.5117,338.94,372.22,-0.07,0.22,Orange,20520.96
236,63,car,VISIBLE,32,0,0.486,1077.99,282.58,0.2,0.15,Grey,6815.91
236,81,car,VISIBLE,32,0,0.2223,977.45,200.62,-0.81,0.09,Black,1130.34
236,70,car,VISIBLE,32,0,0.4186,1184.17,312.91,0.12,0.2,Black,15124.23
236,69,car,VISIBLE,32,0,0.3491,119.78,281.75,-0.89,0.16,Grey,10013.58
236,56,car,VISIBLE,32,0,0.4177,280.95,294.29,-0.04,0.24,Grey,9795.47
236,84,bus,VISIBLE,32,0,0.2971,526.72,152.61,0.06,0.34,Grey,1330.8
236,73,car,VISIBLE,32,0,0.3194,247.55,262.14,-0.05,0.17,Grey,7054.81
236,79,car,VISIBLE,32,0,0.2281,211.61,174.57,-0.1,0.05,Black,2375.38
236,78,car,OCCLUDED,29,3,0.967,737.35,246.9,0.19,-0.57,Grey,2642.13
236,83,car,VISIBLE,32,0,0.3103,140.54,186.91,-0.03,0.12,Black,3912.06
236,60,car,VISIBLE,32,0,0.3434,957.49,312.75,0.0,0.1,Black,15262.41
236,85,person,VISIBLE,32,0,0.4198,161.75,204.02,-0.14,0.11,Black,638.76
236,72,car,VISIBLE,32,0,0.3455,409.03,322.88,0.06,0.19,Grey,15398.35
236,89,car,VISIBLE,32,0,0.2292,1191.45,185.55,-0.52,0.06,Black,1502.8
236,68,car,VISIBLE,26,0,0.1551,822.57,243.13,-0.23,0.07,Black,4048.35
236,71,car,VISIBLE,32,0,0.2836,451.81,293.32,-0.09,0.12,Grey,7720.48
236,66,car,VISIBLE,32,0,0.1753,917.19,281.07,0.12,-0.09,Grey,8486.6
236,74,car,VISIBLE,32,0,0.168,302.0,228.47,-0.24,0.18,Grey,3295.67
236,80,car,VISIBLE,27,0,0.1635,1263.6,388.0,-0.01,-0.29,Black,4252.78
236,88,person,OCCLUDED,9,23,0.744,1250.79,196.17,-0.03,0.08,Black,357.43
236,61,car,VISIBLE,32,0,0.2744,34.36,396.14,-0.07,0.28,Black,6670.86
236,77,car,VISIBLE,24,0,0.1753,280.48,168.44,0.15,0.11,Grey,1553.79
236,90,car,VISIBLE,30,0,0.1725,1015.88,257.2,-0.02,0.17,Grey,5492.14
236,91,car,OCCLUDED,19,3,0.967,1151.88,182.62,0.05,0.07,Grey,994.46
236,92,car,VISIBLE,27,0,0.1559,598.78,251.89,0.01,0.41,Black,3522.01
236,93,truck,VISIBLE,17,0,0.1629,930.89,158.91,0.06,-0.28,Grey,1518.13
236,94,truck,OCCLUDED,18,10,0.889,813.32,152.64,-0.12,0.1,Grey,1086.74
236,95,car,VISIBLE,27,0,0.3349,583.64,324.06,-0.22,0.37,Black,15892.2
236,96,car,VISIBLE,27,0,0.1989,365.63,255.38,-0.07,0.36,Grey,5699.74
236,97,person,VISIBLE,26,0,0.4311,1202.9,202.36,0.08,-0.13,Black,518.47
236,104,car,VISIBLE,8,0,0.159,410.88,230.49,0.07,0.08,Grey,2891.45
236,105,car,VISIBLE,6,0,0.1535,485.36,260.34,-0.1,0.16,Grey,5987.71
237,6,car,OUT_OF_BOUNDS,196,40,0.556,-170.89,1089.81,-4.49,16.59,Grey,11165.82
237,2,car,LOST,63,173,0.0,636.12,421.14,-0.07,-0.12,Purple,160266.72
237,1,car,LOST,63,173,0.0,1220.36,386.58,0.33,-0.18,Red,61898.72
237,8,truck,LOST,63,173,0.0,529.8,152.65,-0.12,-0.68,Grey,2913.99
237,3,car,VISIBLE,201,0,0.389,727.02,294.51,1.93,0.29,Grey,15488.5
237,4,car,LOST,63,173,0.0,1111.32,325.55,0.5,-0.32,Red,36618.2
237,13,car,OUT_OF_BOUNDS,25,211,0.0,-414.41,604.97,-1.99,0.48,Grey,4493.18
237,11,person,LOST,63,173,0.0,674.31,250.89,-0.28,-0.47,Grey,5659.19
237,9,car,LOST,63,173,0.0,254.83,324.55,-0.67,-0.27,Grey,30084.14
237,12,car,OUT_OF_BOUNDS,23,213,0.0,1598.26,1106.48,1.53,2.78,Grey,4597.82
237,14,chair,OUT_OF_BOUNDS,73,153,0.0,-352.04,380.71,-4.49,0.54,Red,2151.27
237,10,chair,LOST,63,173,0.0,616.24,300.37,-0.16,-0.27,White,1631.45
237,7,person,OUT_OF_BOUNDS,63,173,0.0,-77.28,159.75,-1.16,-0.66,Grey,3580.65
237,15,car,LOST,60,173,0.0,374.63,227.43,-0.44,-0.55,White,4720.41
237,5,truck,LOST,18,218,0.0,145.83,123.37,-0.25,-0.36,Grey,12921.57
237,16,car,LOST,20,209,0.0,894.99,264.96,0.2,-0.44,Grey,8859.77
237,18,can,OUT_OF_BOUNDS,133,44,0.511,-811.46,1274.39,-17.12,14.34,Neutral,17843.84
237,21,car,OCCLUDED,148,29,0.678,609.56,649.67,-7.68,9.7,Grey,254432.96
237,22,car,OUT_OF_BOUNDS,130,29,0.678,-81.31,374.64,-3.2,4.16,Grey,4471.21
237,19,person,OCCLUDED,148,29,0.678,159.95,85.63,-2.61,0.54,Grey,4590.94
237,20,car,OCCLUDED,148,29,0.678,790.41,116.92,-3.33,-0.54,Grey,10204.53
237,23,chair,OUT_OF_BOUNDS,104,64,0.289,-104.26,504.35,-8.87,2.97,Grey,18145.26
237,24,chair,OUT_OF_BOUNDS,110,56,0.378,-914.26,395.11,-18.48,1.66,Grey,18445.89
237,27,chair,OCCLUDED,68,85,0.056,618.21,305.66,-2.07,0.22,Grey,24405.98
237,29,chair,LOST,6,94,0.0,466.79,277.17,-0.17,0.08,Grey,9648.11
237,30,truck,OCCLUDED,59,24,0.733,699.12,178.29,-2.25,0.65,Grey,1043.53
237,33,car,VISIBLE,83,0,0.1883,864.75,260.29,0.05,-0.85,Grey,5308.61
237,35,person,OCCLUDED,53,29,0.678,702.76,271.33,-7.71,1.08,Grey,7068.9
237,37,truck,OCCLUDED,39,29,0.678,1212.46,132.58,2.25,0.52,Grey,15546.92
237,39,car,VISIBLE,65,0,0.497,1235.39,581.54,0.14,0.49,Grey,22596.66
237,41,car,VISIBLE,38,0,0.3793,801.87,335.48,0.6,-0.15,Grey,14561.11
237,44,car,OCCLUDED,31,29,0.678,154.3,365.02,-3.93,1.32,Grey,213428.35
237,43,car,OUT_OF_BOUNDS,31,29,0.678,-31.43,190.6,-4.96,-1.16,Grey,39750.12
237,42,car,OCCLUDED,31,29,0.678,878.2,607.0,-1.56,2.8,Grey,274691.47
237,47,car,OCCLUDED,29,29,0.678,1026.16,233.55,-3.83,-0.13,Grey,62318.68
237,48,person,VISIBLE,38,0,0.7694,9.45,225.19,-0.73,0.28,Black,1109.21
237,49,person,OCCLUDED,9,29,0.678,1108.69,206.63,-3.53,0.6,Black,3275.39
237,62,car,VISIBLE,33,0,0.7013,1248.5,229.35,0.07,0.26,Grey,2577.88
237,75,person,VISIBLE,33,0,0.7299,1043.71,101.19,0.2,0.09,Grey,1550.86
237,86,car,VISIBLE,33,0,0.6,1056.01,209.22,-1.15,-0.12,Grey,1734.49
237,53,car,VISIBLE,33,0,0.6644,1064.42,666.44,-0.02,0.31,Grey,45861.69
237,54,car,VISIBLE,33,0,0.6793,94.55,576.17,-0.07,0.2,Grey,53589.69
237,57,car,VISIBLE,33,0,0.5024,868.68,536.33,0.08,0.38,Grey,69063.63
237,76,truck,VISIBLE,33,0,0.5296,875.03,188.35,-0.05,0.19,Orange,5858.55
237,67,car,VISIBLE,33,0,0.52,1040.4,371.01,-0.03,0.22,Orange,21130.52
237,58,car,VISIBLE,33,0,0.5229,704.58,424.85,2.0,0.33,Grey,72309.35
237,52,car,VISIBLE,33,0,0.6711,410.39,676.29,-0.16,0.5,Grey,38682.09
237,51,car,VISIBLE,33,0,0.5476,140.5,353.01,-0.02,0.26,Grey,20385.01
237,55,car,VISIBLE,33,0,0.4855,239.04,440.58,-0.13,0.34,Black,44074.82
237,59,car,VISIBLE,33,0,0.5164,38.05,332.52,-0.31,0.29,Grey,7327.99
237,65,car,VISIBLE,33,0,0.5659,463.13,558.9,0.52,0.06,Black,69453.7
237,50,car,VISIBLE,33,0,0.4992,1159.88,446.85,0.1,0.25,Black,47370.89
237,64,car,VISIBLE,33,0,0.4774,338.84,372.4,-0.09,0.2,Orange,20529.63
237,63,car,VISIBLE,33,0,0.4786,1078.18,282.74,0.19,0.15,Grey,6832.65
237,81,car,VISIBLE,33,0,0.2432,976.06,200.72,-1.22,0.1,Black,1167.7
237,70,car,VISIBLE,33,0,0.4385,1184.07,313.04,-0.04,0.15,Black,15179.64
237,69,car,VISIBLE,33,0,0.4396,119.12,282.7,-0.72,0.72,Grey,10298.5
237,56,car,VISIBLE,33,0,0.4149,280.94,294.59,-0.03,0.28,Grey,9841.57
237,84,bus,VISIBLE,33,0,0.2973,526.75,153.57,0.04,0.78,Grey,1406.79
237,73,car,VISIBLE,33,0,0.3269,247.5,262.3,-0.05,0.16,Grey,7058.77
237,79,car,VISIBLE,33,0,0.2194,211.86,174.73,0.14,0.12,Black,2403.02
237,78,car,OCCLUDED,29,4,0.956,737.54,246.33,0.19,-0.57,Grey,2642.13
237,83,car,VISIBLE,33,0,0.3303,140.51,187.07,-0.03,0.15,Black,3958.96
237,60,car,VISIBLE,33,0,0.3434,957.46,312.98,-0.02,0.19,Black,15288.9
237,85,person,VISIBLE,33,0,0.4046,161.6,204.07,-0.14,0.07,Black,648.81
237,72,car,VISIBLE,33,0,0.3338,409.09,323.08,0.06,0.2,Grey,15369.09
237,89,car,VISIBLE,33,0,0.2061,1190.47,185.75,-0.85,0.16,Black,1472.68
237,68,car,VISIBLE,27,0,0.1551,822.56,243.12,-0.08,0.02,Black,4048.62
237,71,car,VISIBLE,33,0,0.2784,451.84,293.56,-0.0,0.21,Grey,7745.54
237,66,car,VISIBLE,33,0,0.1744,917.65,280.96,0.36,-0.11,Grey,8393.23
237,74,car,VISIBLE,33,0,0.1564,301.71,228.75,-0.28,0.25,Grey,3260.67
237,80,car,VISIBLE,28,0,0.1682,1263.9,387.96,0.21,-0.12,Black,4182.57
237,88,person,OCCLUDED,9,24,0.733,1250.76,196.26,-0.03,0.08,Black,357.43
237,61,car,VISIBLE,33,0,0.2743,34.28,396.1,-0.07,0.06,Black,6713.63
237,77,car,VISIBLE,25,0,0.1754,280.68,168.62,0.18,0.15,Grey,1538.48
237,90,car,VISIBLE,31,0,0.1541,1016.06,257.48,0.12,0.24,Grey,5513.38
237,91,car,OCCLUDED,19,4,0.956,1151.93,182.69,0.05,0.07,Grey,994.46
237,92,car,VISIBLE,28,0,0.1559,598.85,252.29,0.05,0.4,Black,3568.06
237,93,truck,VISIBLE,18,0,0.1751,930.64,159.12,-0.15,0.07,Grey,1536.2
237,94,truck,OCCLUDED,18,11,0.878,813.2,152.74,-0.12,0.1,Grey,1086.74
237,95,car,VISIBLE,28,0,0.3286,583.36,324.99,-0.26,0.76,Black,15979.66
237,96,car,VISIBLE,28,0,0.1841,365.55,256.04,-0.08,0.57,Grey,5793.36
237,97,person,VISIBLE,27,0,0.4768,1203.07,202.44,0.15,0.02,Black,518.39
237,104,car,VISIBLE,9,0,0.1609,411.19,230.56,0.24,0.07,Grey,2865.21
237,105,car,VISIBLE,7,0,0.1614,484.94,260.66,-0.32,0.27,Grey,5933.14
238,6,car,OUT_OF_BOUNDS,196,41,0.544,-175.38,1106.4,-4.49,16.59,Grey,11165.82
238,2,car,LOST,63,174,0.0,636.05,421.01,-0.07,-0.12,Purple,160266.72
238,1,car,LOST,63,174,0.0,1220.69,386.39,0.33,-0.18,Red,61898.72
238,8,truck,LOST,63,174,0.0,529.69,151.98,-0.12,-0.68,Grey,2913.99
238,3,car,VISIBLE,202,0,0.4358,728.63,294.74,1.71,0.24,Grey,15615.41
238,4,car,LOST,63,174,0.0,1111.82,325.23,0.5,-0.32,Red,36618.2
238,13,car,OUT_OF_BOUNDS,25,212,0.0,-416.41,605.44,-1.99,0.48,Grey,4493.18
238,11,person,LOST,63,174,0.0,674.03,250.41,-0.28,-0.47,Grey,5659.19
238,9,car,LOST,63,174,0.0,254.16,324.27,-0.67,-0.27,Grey,30084.14
238,12,car,OUT_OF_BOUNDS,23,214,0.0,1599.79,1109.27,1.53,2.78,Grey,4597.82
238,14,chair,OUT_OF_BOUNDS,73,154,0.0,-356.53,381.25,-4.49,0.54,Red,2151.27
238,10,chair,LOST,63,174,0.0,616.08,300.1,-0.16,-0.27,White,1631.45
238,7,person,OUT_OF_BOUNDS,63,174,0.0,-78.44,159.09,-1.16,-0.66,Grey,3580.65
238,15,car,LOST,60,174,0.0,374.19,226.88,-0.44,-0.55,White,4720.41
238,5,truck,LOST,18,219,0.0,145.58,123.01,-0.25,-0.36,Grey,12921.57
238,16,car,LOST,20,210,0.0,895.19,264.52,0.2,-0.44,Grey,8859.77
238,18,can,OUT_OF_BOUNDS,133,45,0.5,-828.58,1288.73,-17.12,14.34,Neutral,17843.84
238,21,car,OCCLUDED,148,30,0.667,601.88,659.38,-7.68,9.7,Grey,254432.96
238,22,car,OUT_OF_BOUNDS,130,30,0.667,-84.51,378.8,-3.2,4.16,Grey,4471.21
238,19,person,OCCLUDED,148,30,0.667,157.34,86.17,-2.61,0.54,Grey,4590.94
238,20,car,OCCLUDED,148,30,0.667,787.07,116.38,-3.33,-0.54,Grey,10204.53
238,23,chair,OUT_OF_BOUNDS,104,65,0.278,-113.13,507.31,-8.87,2.97,Grey,18145.26
238,24,chair,OUT_OF_BOUNDS,110,57,0.367,-932.74,396.76,-18.48,1.66,Grey,18445.89
238,27,chair,OCCLUDED,68,86,0.044,616.14,305.87,-2.07,0.22,Grey,24405.98
238,29,chair,LOST,6,95,0.0,466.62,277.26,-0.17,0.08,Grey,9648.11
238,30,truck,OCCLUDED,59,25,0.722,696.87,178.94,-2.25,0.65,Grey,1043.53
238,33,car,VISIBLE,84,0,0.1671,864.61,259.62,-0.08,-0.73,Grey,5094.65
238,35,person,OCCLUDED,53,30,0.667,695.05,272.41,-7.71,1.08,Grey,7068.9
238,37,truck,OCCLUDED,39,30,0.667,1214.71,133.11,2.25,0.52,Grey,15546.92
238,39,car,VISIBLE,66,0,0.4934,1235.55,582.08,0.15,0.52,Grey,22486.81
238,41,car,VISIBLE,39,0,0.3508,802.13,335.38,0.36,-0.11,Grey,14556.56
238,44,car,OCCLUDED,31,30,0.667,150.37,366.34,-3.93,1.32,Grey,213428.35
238,43,car,OUT_OF_BOUNDS,31,30,0.667,-36.39,189.43,-4.96,-1.16,Grey,39750.12
238,42,car,OCCLUDED,31,30,0.667,876.64,609.8,-1.56,2.8,Grey,274691.47
238,47,car,OCCLUDED,29,30,0.667,1022.33,233.42,-3.83,-0.13,Grey,62318.68
238,48,person,VISIBLE,39,0,0.7648,8.8,225.45,-0.67,0.26,Black,1042.5
238,49,person,OCCLUDED,9,30,0.667,1105.16,207.24,-3.53,0.6,Black,3275.39
238,62,car,VISIBLE,34,0,0.7001,1248.6,229.68,0.09,0.3,Grey,2561.94
238,75,person,VISIBLE,34,0,0.7262,1043.98,101.38,0.25,0.16,Grey,1582.53
238,86,car,VISIBLE,34,0,0.5928,1055.17,209.12,-0.94,-0.1,Grey,1736.85
238,53,car,VISIBLE,34,0,0.669,1064.45,666.8,0.01,0.34,Grey,45524.0
238,54,car,VISIBLE,34,0,0.6922,94.42,576.32,-0.11,0.16,Grey,53500.17
238,57,car,VISIBLE,34,0,0.5236,868.8,536.76,0.11,0.41,Grey,69088.09
238,76,truck,VISIBLE,34,0,0.531,874.98,188.52,-0.05,0.18,Orange,5869.09
238,67,car,VISIBLE,34,0,0.5224,1040.47,371.32,0.03,0.28,Orange,21104.12
238,58,car,VISIBLE,34,0,0.5328,706.26,425.19,1.78,0.34,Grey,71965.59
238,52,car,VISIBLE,34,0,0.6653,410.32,676.64,-0.1,0.39,Grey,38397.5
238,51,car,VISIBLE,34,0,0.554,140.36,353.26,-0.11,0.25,Grey,20419.27
238,55,car,VISIBLE,34,0,0.4884,238.84,441.08,-0.18,0.45,Black,44069.05
238,59,car,VISIBLE,34,0,0.5541,37.63,332.78,-0.38,0.26,Grey,7239.37
238,65,car,VISIBLE,34,0,0.5617,463.42,559.46,0.35,0.41,Black,69768.93
238,50,car,VISIBLE,34,0,0.4673,1159.97,447.07,0.09,0.23,Black,47318.09
238,64,car,VISIBLE,34,0,0.4672,339.29,372.52,0.28,0.14,Orange,20569.74
238,63,car,VISIBLE,34,0,0.4719,1078.24,282.86,0.1,0.13,Grey,6819.2
238,81,car,VISIBLE,34,0,0.2308,974.71,200.88,-1.31,0.14,Black,1189.36
238,70,car,VISIBLE,34,0,0.4175,1184.19,313.24,0.08,0.18,Black,15265.07
238,69,car,VISIBLE,34,0,0.4529,118.47,283.51,-0.67,0.78,Grey,10441.47
238,56,car,VISIBLE,34,0,0.4189,280.94,294.81,-0.0,0.24,Grey,9877.97
238,84,bus,VISIBLE,34,0,0.2899,526.72,154.0,-0.01,0.54,Grey,1428.37
238,73,car,VISIBLE,34,0,0.3129,247.44,262.4,-0.05,0.12,Grey,7078.32
238,79,car,VISIBLE,34,0,0.2007,211.96,175.01,0.11,0.23,Black,2435.33
238,78,car,OCCLUDED,29,5,0.944,737.73,245.75,0.19,-0.57,Grey,2642.13
238,83,car,VISIBLE,34,0,0.3424,141.4,187.19,0.61,0.12,Black,3984.3
238,60,car,VISIBLE,34,0,0.3562,957.43,313.31,-0.02,0.29,Black,15296.72
238,85,person,VISIBLE,34,0,0.3826,161.49,204.03,-0.12,-0.01,Black,655.4
238,72,car,VISIBLE,34,0,0.3216,409.1,323.36,0.03,0.25,Grey,15365.26
238,89,car,VISIBLE,34,0,0.217,1190.66,185.95,-0.12,0.19,Black,1494.3
238,68,car,VISIBLE,28,0,0.1551,822.54,243.12,-0.03,0.0,Black,4048.89
238,71,car,VISIBLE,34,0,0.2737,451.81,293.93,-0.02,0.32,Grey,7743.21
238,66,car,VISIBLE,34,0,0.1708,918.14,280.99,0.45,-0.01,Grey,8247.51
238,74,car,VISIBLE,34,0,0.1573,301.51,229.0,-0.22,0.25,Grey,3226.84
238,80,car,VISIBLE,29,0,0.1713,1264.26,387.28,0.32,-0.51,Black,4028.37
238,88,person,OCCLUDED,9,25,0.722,1250.73,196.34,-0.03,0.08,Black,357.43
238,61,car,VISIBLE,34,0,0.273,34.23,396.15,-0.06,0.05,Black,6738.41
238,77,car,VISIBLE,26,0,0.182,280.78,168.81,0.13,0.18,Grey,1523.12
238,90,car,VISIBLE,32,0,0.1541,1016.12,257.69,0.08,0.22,Grey,5522.1
238,91,car,OCCLUDED,19,5,0.944,1151.97,182.76,0.05,0.07,Grey,994.46
238,92,car,VISIBLE,29,0,0.1559,598.91,252.69,0.06,0.4,Black,3614.3
238,93,truck,VISIBLE,19,0,0.2269,930.49,159.49,-0.15,0.28,Grey,1557.0
238,94,truck,OCCLUDED,18,12,0.867,813.08,152.84,-0.12,0.1,Grey,1086.74
238,95,car,VISIBLE,29,0,0.312,583.22,325.85,-0.17,0.83,Black,16107.97
238,96,car,VISIBLE,29,0,0.1882,365.46,255.89,-0.09,0.07,Grey,5751.13
238,97,person,VISIBLE,28,0,0.5083,1203.26,202.41,0.18,-0.02,Black,505.73
238,104,car,VISIBLE,10,0,0.1621,411.49,230.67,0.28,0.1,Grey,2836.71
238,105,car,VISIBLE,8,0,0.1644,484.57,261.03,-0.35,0.34,Grey,5865.54
239,6,car,OUT_OF_BOUNDS,196,42,0.533,-179.87,1122.99,-4.49,16.59,Grey,11165.82
239,2,car,LOST,63,175,0.0,635.98,420.89,-0.07,-0.12,Purple,160266.72
239,1,car,LOST,63,175,0.0,1221.02,386.21,0.33,-0.18,Red,61898.72
239,8,truck,LOST,63,175,0.0,529.57,151.3,-0.12,-0.68,Grey,2913.99
239,3,car,VISIBLE,203,0,0.4605,731.23,294.89,2.33,0.18,Grey,15775.85
239,4,car,LOST,63,175,0.0,1112.32,324.91,0.5,-0.32,Red,36618.2
239,13,car,OUT_OF_BOUNDS,25,213,0.0,-418.4,605.92,-1.99,0.48,Grey,4493.18
239,11,person,LOST,63,175,0.0,673.75,249.94,-0.28,-0.47,Grey,5659.19
239,9,car,LOST,63,175,0.0,253.48,324.0,-0.67,-0.27,Grey,30084.14
239,12,car,OUT_OF_BOUNDS,23,215,0.0,1601.32,1112.05,1.53,2.78,Grey,4597.82
239,14,chair,OUT_OF_BOUNDS,73,155,0.0,-361.02,381.79,-4.49,0.54,Red,2151.27
239,10,chair,LOST,63,175,0.0,615.92,299.83,-0.16,-0.27,White,1631.45
239,7,person,OUT_OF_BOUNDS,63,175,0.0,-79.6,158.43,-1.16,-0.66,Grey,3580.65
239,15,car,LOST,60,175,0.0,373.75,226.33,-0.44,-0.55,White,4720.41
239,5,truck,LOST,18,220,0.0,145.33,122.65,-0.25,-0.36,Grey,12921.57
239,16,car,LOST,20,211,0.0,895.39,264.08,0.2,-0.44,Grey,8859.77
239,18,can,OUT_OF_BOUNDS,133,46,0.489,-845.7,1303.07,-17.12,14.34,Neutral,17843.84
239,21,car,OCCLUDED,148,31,0.656,594.21,669.08,-7.68,9.7,Grey,254432.96
239,22,car,OUT_OF_BOUNDS,130,31,0.656,-87.71,382.96,-3.2,4.16,Grey,4471.21
239,19,person,OCCLUDED,148,31,0.656,154.73,86.71,-2.61,0.54,Grey,4590.94
239,20,car,OCCLUDED,148,31,0.656,783.74,115.85,-3.33,-0.54,Grey,10204.53
239,23,chair,OUT_OF_BOUNDS,104,66,0.267,-122.0,510.28,-8.87,2.97,Grey,18145.26
239,24,chair,OUT_OF_BOUNDS,110,58,0.356,-951.21,398.42,-18.48,1.66,Grey,18445.89
239,27,chair,OCCLUDED,68,87,0.033,614.07,306.09,-2.07,0.22,Grey,24405.98
239,29,chair,LOST,6,96,0.0,466.45,277.34,-0.17,0.08,Grey,9648.11
239,30,truck,OCCLUDED,59,26,0.711,694.63,179.59,-2.25,0.65,Grey,1043.53
239,33,car,VISIBLE,85,0,0.1671,864.59,259.2,-0.04,-0.51,Grey,4956.73
239,35,person,OCCLUDED,53,31,0.656,687.34,273.49,-7.71,1.08,Grey,7068.9
239,37,truck,OCCLUDED,39,31,0.656,1216.96,133.63,2.25,0.52,Grey,15546.92
239,39,car,VISIBLE,67,0,0.4936,1235.7,582.59,0.16,0.52,Grey,22321.9
239,41,car,VISIBLE,40,0,0.3781,802.25,335.42,0.19,-0.01,Grey,14513.17
239,44,car,OCCLUDED,31,31,0.656,146.43,367.66,-3.93,1.32,Grey,213428.35
239,43,car,OUT_OF_BOUNDS,31,31,0.656,-41.35,188.27,-4.96,-1.16,Grey,39750.12
239,42,car,OCCLUDED,31,31,0.656,875.09,612.6,-1.56,2.8,Grey,274691.47
239,47,car,OCCLUDED,29,31,0.656,1018.5,233.3,-3.83,-0.13,Grey,62318.68
239,48,person,VISIBLE,40,0,0.7517,8.25,225.58,-0.59,0.17,Black,983.45
239,49,person,OCCLUDED,9,31,0.656,1101.63,207.84,-3.53,0.6,Black,3275.39
239,62,car,VISIBLE,35,0,0.6971,1248.62,229.96,0.05,0.29,Grey,2553.03
239,75,person,VISIBLE,35,0,0.7342,1044.11,101.63,0.17,0.22,Grey,1604.67
239,86,car,VISIBLE,35,0,0.591,1054.26,209.07,-0.92,-0.07,Grey,1737.58
239,53,car,VISIBLE,35,0,0.6731,1064.5,667.23,0.04,0.4,Grey,45135.1
239,54,car,VISIBLE,35,0,0.686,94.31,576.46,-0.12,0.14,Grey,53413.92
239,57,car,VISIBLE,35,0,0.5417,868.95,537.21,0.14,0.44,Grey,69163.61
239,76,truck,VISIBLE,35,0,0.5351,875.0,188.67,-0.0,0.16,Orange,5884.67
239,67,car,VISIBLE,35,0,0.5306,1040.58,371.57,0.09,0.26,Orange,21084.92
239,58,car,VISIBLE,35,0,0.58,707.94,425.38,1.71,0.23,Grey,71570.37
239,52,car,VISIBLE,35,0,0.6613,410.15,676.98,-0.14,0.36,Grey,38114.23
239,51,car,VISIBLE,35,0,0.5552,140.05,353.52,-0.25,0.26,Grey,20492.35
239,55,car,VISIBLE,35,0,0.5032,238.62,441.6,-0.21,0.5,Black,44050.58
239,59,car,VISIBLE,35,0,0.6076,37.25,332.92,-0.38,0.18,Grey,7142.86
239,65,car,VISIBLE,35,0,0.5437,463.8,560.19,0.37,0.63,Black,70210.59
239,50,car,VISIBLE,35,0,0.4922,1160.07,447.43,0.1,0.32,Black,47306.91
239,64,car,VISIBLE,35,0,0.4529,339.27,372.38,0.08,-0.06,Orange,20645.94
239,63,car,VISIBLE,35,0,0.4644,1078.45,282.98,0.18,0.12,Grey,6800.05
239,81,car,VISIBLE,35,0,0.2276,973.75,200.99,-1.06,0.12,Black,1192.18
239,70,car,VISIBLE,35,0,0.4017,1184.44,313.44,0.2,0.2,Black,15356.72
239,69,car,VISIBLE,35,0,0.4421,117.72,283.73,-0.72,0.39,Grey,10381.26
239,56,car,VISIBLE,35,0,0.424,280.94,295.06,-0.0,0.25,Grey,9894.32
239,84,bus,VISIBLE,35,0,0.3019,526.72,154.11,-0.0,0.23,Grey,1426.04
239,73,car,VISIBLE,35,0,0.3191,247.37,262.54,-0.07,0.13,Grey,7097.39
239,79,car,VISIBLE,35,0,0.2003,212.09,175.34,0.13,0.3,Black,2476.29
239,78,car,OCCLUDED,29,6,0.933,737.92,245.18,0.19,-0.57,Grey,2642.13
239,83,car,VISIBLE,35,0,0.351,142.01,187.3,0.61,0.12,Black,3994.0
239,60,car,VISIBLE,35,0,0.3594,957.35,313.7,-0.07,0.35,Black,15298.81
239,85,person,VISIBLE,35,0,0.3324,161.38,203.97,-0.11,-0.05,Black,671.34
239,72,car,VISIBLE,35,0,0.3285,409.07,323.62,-0.01,0.26,Grey,15335.91
239,89,car,VISIBLE,35,0,0.2101,1190.55,186.19,-0.12,0.22,Black,1499.2
239,68,car,OCCLUDED,28,1,0.989,822.51,243.12,-0.03,0.0,Black,4048.89
239,71,car,VISIBLE,35,0,0.2719,451.89,294.21,0.05,0.29,Grey,7780.12
239,66,car,VISIBLE,35,0,0.1732,918.53,280.89,0.41,-0.07,Grey,8073.12
239,74,car,VISIBLE,35,0,0.1609,301.12,229.27,-0.34,0.26,Grey,3196.98
239,80,car,VISIBLE,30,0,0.1664,1264.59,386.21,0.32,-0.9,Black,3867.2
239,88,person,OCCLUDED,9,26,0.711,1250.69,196.43,-0.03,0.08,Black,357.43
239,61,car,VISIBLE,35,0,0.2985,34.19,396.43,-0.05,0.21,Black,6726.99
239,77,car,VISIBLE,27,0,0.1748,280.93,168.96,0.14,0.16,Grey,1514.72
239,90,car,VISIBLE,33,0,0.1541,1016.18,257.88,0.07,0.2,Grey,5530.81
239,91,car,OCCLUDED,19,6,0.933,1152.02,182.84,0.05,0.07,Grey,994.46
239,92,car,VISIBLE,30,0,0.1559,598.98,253.09,0.06,0.4,Black,3660.72
239,93,truck,VISIBLE,20,0,0.2362,930.37,159.71,-0.13,0.24,Grey,1564.79
239,94,truck,OCCLUDED,18,13,0.856,812.96,152.94,-0.12,0.1,Grey,1086.74
239,95,car,VISIBLE,30,0,0.2792,583.09,326.38,-0.14,0.62,Black,16226.96
239,96,car,VISIBLE,30,0,0.1869,365.38,255.89,-0.08,0.02,Grey,5726.85
239,97,person,VISIBLE,29,0,0.4216,1203.43,202.4,0.17,-0.01,Black,494.63
239,104,car,VISIBLE,11,0,0.1568,411.7,230.81,0.23,0.13,Grey,2813.27
239,105,car,VISIBLE,9,0,0.1624,484.4,261.4,-0.22,0.36,Grey,5805.92
240,6,car,OUT_OF_BOUNDS,196,43,0.522,-184.35,1139.58,-4.49,16.59,Grey,11165.82
240,2,car,LOST,63,176,0.0,635.91,420.77,-0.07,-0.12,Purple,160266.72
240,1,car,LOST,63,176,0.0,1221.35,386.03,0.33,-0.18,Red,61898.72
240,8,truck,LOST,63,176,0.0,529.46,150.63,-0.12,-0.68,Grey,2913.99
240,3,car,VISIBLE,204,0,0.4482,733.69,295.04,2.43,0.16,Grey,15892.11
240,4,car,LOST,63,176,0.0,1112.82,324.58,0.5,-0.32,Red,36618.2
240,13,car,OUT_OF_BOUNDS,25,214,0.0,-420.39,606.39,-1.99,0.48,Grey,4493.18
240,11,person,LOST,63,176,0.0,673.48,249.47,-0.28,-0.47,Grey,5659.19
240,9,car,LOST,63,176,0.0,252.81,323.73,-0.67,-0.27,Grey,30084.14
240,12,car,OUT_OF_BOUNDS,23,216,0.0,1602.85,1114.83,1.53,2.78,Grey,4597.82
240,14,chair,OUT_OF_BOUNDS,73,156,0.0,-365.51,382.33,-4.49,0.54,Red,2151.27
240,10,chair,LOST,63,176,0.0,615.76,299.56,-0.16,-0.27,White,1631.45
240,7,person,OUT_OF_BOUNDS,63,176,0.0,-80.77,157.77,-1.16,-0.66,Grey,3580.65
240,15,car,LOST,60,176,0.0,373.31,225.78,-0.44,-0.55,White,4720.41
240,5,truck,LOST,18,221,0.0,145.07,122.3,-0.25,-0.36,Grey,12921.57
240,16,car,LOST,20,212,0.0,895.59,263.64,0.2,-0.44,Grey,8859.77
240,18,can,OUT_OF_BOUNDS,133,47,0.478,-862.82,1317.41,-17.12,14.34,Neutral,17843.84
240,21,car,OCCLUDED,148,32,0.644,586.53,678.78,-7.68,9.7,Grey,254432.96
240,22,car,OUT_OF_BOUNDS,130,32,0.644,-90.91,387.11,-3.2,4.16,Grey,4471.21
240,19,person,OCCLUDED,148,32,0.644,152.11,87.25,-2.61,0.54,Grey,4590.94
240,20,car,OCCLUDED,148,32,0.644,780.41,115.31,-3.33,-0.54,Grey,10204.53
240,23,chair,OUT_OF_BOUNDS,104,67,0.256,-130.87,513.25,-8.87,2.97,Grey,18145.26
240,24,chair,OUT_OF_BOUNDS,110,59,0.344,-969.69,400.07,-18.48,1.66,Grey,18445.89
240,27,chair,OCCLUDED,68,88,0.022,612.0,306.3,-2.07,0.22,Grey,24405.98
240,29,chair,LOST,6,97,0.0,466.27,277.43,-0.17,0.08,Grey,9648.11
240,30,truck,OCCLUDED,59,27,0.7,692.38,180.23,-2.25,0.65,Grey,1043.53
240,33,car,VISIBLE,86,0,0.1671,864.57,258.8,-0.02,-0.44,Grey,4819.15
240,35,person,OCCLUDED,53,32,0.644,679.63,274.57,-7.71,1.08,Grey,7068.9
240,37,truck,OCCLUDED,39,32,0.644,1219.2,134.15,2.25,0.52,Grey,15546.92
240,39,car,VISIBLE,68,0,0.503,1235.8,582.67,0.12,0.21,Grey,22293.41
240,41,car,VISIBLE,41,0,0.3873,801.47,335.42,-0.48,0.0,Grey,14352.51
240,44,car,OCCLUDED,31,32,0.644,142.5,368.98,-3.93,1.32,Grey,213428.35
240,43,car,OUT_OF_BOUNDS,31,32,0.644,-46.31,187.11,-4.96,-1.16,Grey,39750.12
240,42,car,OCCLUDED,31,32,0.644,873.53,615.4,-1.56,2.8,Grey,274691.47
240,47,car,OCCLUDED,29,32,0.644,1014.67,233.17,-3.83,-0.13,Grey,62318.68
240,48,person,VISIBLE,41,0,0.739,7.8,225.73,-0.49,0.16,Black,939.05
240,49,person,OCCLUDED,9,32,0.644,1098.1,208.45,-3.53,0.6,Black,3275.39
240,62,car,VISIBLE,36,0,0.6952,1248.59,230.19,-0.01,0.25,Grey,2553.45
240,75,person,VISIBLE,36,0,0.7328,1044.15,101.81,0.08,0.19,Grey,1614.74
240,86,car,VISIBLE,36,0,0.5815,1053.24,209.07,-0.99,-0.02,Grey,1725.89
240,53,car,VISIBLE,36,0,0.6722,1064.5,667.59,0.01,0.38,Grey,44814.8
240,54,car,VISIBLE,36,0,0.676,94.22,576.66,-0.1,0.19,Grey,53300.94
240,57,car,VISIBLE,36,0,0.5339,869.24,537.5,0.24,0.34,Grey,69243.63
240,76,truck,VISIBLE,36,0,0.5444,875.1,188.87,0.07,0.19,Orange,5914.11
240,67,car,VISIBLE,36,0,0.5406,1040.71,371.84,0.12,0.26,Orange,21059.51
240,58,car,VISIBLE,36,0,0.5993,709.34,425.51,1.49,0.16,Grey,70808.7
240,52,car,VISIBLE,36,0,0.6588,409.98,677.27,-0.17,0.31,Grey,37871.48
240,51,car,VISIBLE,36,0,0.5564,139.69,353.69,-0.33,0.19,Grey,20540.31
240,55,car,VISIBLE,36,0,0.5529,238.45,442.08,-0.17,0.48,Black,44087.92
240,59,car,VISIBLE,36,0,0.5725,36.84,333.13,-0.4,0.2,Grey,7069.99
240,65,car,VISIBLE,36,0,0.5435,464.33,560.43,0.48,0.36,Black,70453.78
240,50,car,VISIBLE,36,0,0.4968,1160.19,447.73,0.11,0.3,Black,47265.6
240,64,car,VISIBLE,36,0,0.4706,338.96,372.38,-0.2,-0.01,Orange,20718.06
240,63,car,VISIBLE,36,0,0.461,1078.64,283.09,0.19,0.11,Grey,6796.16
240,81,car,VISIBLE,36,0,0.2172,973.09,200.9,-0.78,-0.03,Black,1188.79
240,70,car,VISIBLE,36,0,0.4009,1184.4,313.63,0.03,0.2,Black,15377.46
240,69,car,VISIBLE,36,0,0.4399,116.98,283.9,-0.74,0.24,Grey,10272.39
240,56,car,VISIBLE,36,0,0.4198,280.92,295.32,-0.02,0.26,Grey,9919.03
240,84,bus,VISIBLE,36,0,0.3455,526.74,153.82,0.01,-0.13,Grey,1405.11
240,73,car,VISIBLE,36,0,0.3281,247.22,262.81,-0.12,0.22,Grey,7097.77
240,79,car,VISIBLE,36,0,0.2114,212.03,175.56,-0.0,0.24,Black,2488.18
240,78,car,OCCLUDED,29,7,0.922,738.1,244.61,0.19,-0.57,Grey,2642.13
240,83,car,VISIBLE,36,0,0.3568,142.66,187.46,0.64,0.15,Black,3970.62
240,60,car,VISIBLE,36,0,0.3559,957.45,314.06,0.05,0.37,Black,15272.43
240,85,person,VISIBLE,36,0,0.2989,161.25,204.0,-0.13,0.01,Black,692.52
240,72,car,VISIBLE,36,0,0.3476,409.05,323.92,-0.02,0.29,Grey,15300.67
240,89,car,VISIBLE,36,0,0.2163,1190.49,186.34,-0.08,0.17,Black,1493.13
240,68,car,OCCLUDED,28,2,0.978,822.47,243.12,-0.03,0.0,Black,4048.89
240,71,car,VISIBLE,36,0,0.2792,451.86,294.54,-0.01,0.32,Grey,7833.6
240,66,car,VISIBLE,36,0,0.1703,918.88,281.4,0.36,0.33,Grey,8026.66
240,74,car,VISIBLE,36,0,0.1524,300.67,229.5,-0.41,0.24,Grey,3189.66
240,80,car,VISIBLE,31,0,0.17,1264.84,385.51,0.27,-0.76,Black,3768.74
240,88,person,OCCLUDED,9,27,0.7,1250.66,196.51,-0.03,0.08,Black,357.43
240,61,car,VISIBLE,36,0,0.3026,34.06,397.06,-0.1,0.5,Black,6714.46
240,77,car,VISIBLE,28,0,0.1753,281.04,169.13,0.12,0.16,Grey,1515.23
240,90,car,VISIBLE,34,0,0.1541,1016.24,258.09,0.06,0.2,Grey,5539.52
240,91,car,OCCLUDED,19,7,0.922,1152.06,182.91,0.05,0.07,Grey,994.46
240,92,car,VISIBLE,31,0,0.1559,599.04,253.5,0.06,0.4,Grey,3707.33
240,93,truck,VISIBLE,21,0,0.1962,930.31,159.7,-0.08,0.06,Grey,1546.9
240,94,truck,OCCLUDED,18,14,0.844,812.84,153.04,-0.12,0.1,Grey,1086.74
240,95,car,VISIBLE,31,0,0.2698,583.1,327.38,-0.04,0.89,Black,16416.74
240,96,car,VISIBLE,31,0,0.1898,365.31,256.32,-0.07,0.31,Grey,5775.89
240,97,person,VISIBLE,30,0,0.4286,1203.62,202.44,0.18,0.03,Black,483.11
240,104,car,VISIBLE,12,0,0.1539,411.74,230.97,0.1,0.15,Grey,2800.34
240,105,car,VISIBLE,10,0,0.1673,484.24,261.8,-0.18,0.39,Grey,5740.58
