frame,track_id,class_name,confidence,x1,y1,x2,y2,center_x,center_y,width,height,area,aspect_ratio,shape_type,color,color_hsv,raw_track_id,memory_state,velocity_x,velocity_y
2,1,person,0.9341,470.2,118.73,853.97,616.24,662.08,367.48,383.77,497.51,190930.56,0.77,Vertical Oblong,Blue,"(95, 70, 51)",1,VISIBLE,0.0,0.0
3,1,motorcycle,0.9305,417.49,168.89,887.37,663.73,652.43,416.31,469.88,494.85,232520.05,0.95,Spherical / Regular,Blue,"(87, 69, 58)",1,VISIBLE,-9.65,48.83
4,1,motorcycle,0.9328,383.65,197.35,906.75,692.75,645.2,445.05,523.1,495.4,259144.09,1.06,Spherical / Regular,Green,"(84, 68, 65)",1,VISIBLE,-7.96,34.77
5,1,motorcycle,0.9287,361.07,217.26,921.33,710.73,641.2,464.0,560.26,493.46,276465.53,1.14,Spherical / Regular,Green,"(72, 66, 68)",1,VISIBLE,-5.19,23.69
6,1,motorcycle,0.9278,346.59,226.86,929.06,720.17,637.83,473.52,582.47,493.31,287336.19,1.18,Spherical / Regular,Green,"(52, 65, 70)",1,VISIBLE,-3.92,13.77
7,1,motorcycle,0.9276,338.25,231.73,932.34,724.39,635.29,478.06,594.09,492.67,292689.57,1.21,Spherical / Regular,Green,"(50, 64, 71)",1,VISIBLE,-2.95,7.31
8,1,person,0.9274,401.09,166.03,880.46,664.63,640.77,415.33,479.38,498.6,239016.52,0.96,Spherical / Regular,Green,"(49, 65, 65)",1,VISIBLE,2.95,-41.72
9,1,person,0.9308,441.19,120.48,844.87,624.34,643.03,372.41,403.68,503.86,203399.18,0.8,Vertical Oblong,Green,"(65, 67, 53)",1,VISIBLE,2.46,-42.56
10,1,person,0.9269,467.06,90.66,821.68,598.09,644.37,344.37,354.63,507.42,179946.59,0.7,Vertical Oblong,Blue,"(93, 67, 52)",1,VISIBLE,1.68,-32.39
11,1,person,0.9381,481.29,72.33,807.27,582.64,644.28,327.48,325.98,510.3,166350.91,0.64,Vertical Oblong,Green,"(84, 68, 53)",1,VISIBLE,0.44,-21.54
12,1,person,0.9316,489.15,62.57,799.07,574.92,644.11,318.75,309.92,512.35,158787.46,0.6,Vertical Oblong,Green,"(81, 70, 54)",1,VISIBLE,0.01,-12.58
13,1,person,0.9382,490.28,58.1,796.17,573.26,643.22,315.68,305.89,515.15,157582.73,0.59,Vertical Oblong,Green,"(62, 73, 55)",1,VISIBLE,-0.62,-5.92
14,1,person,0.9416,488.09,58.11,795.76,575.32,641.92,316.71,307.67,517.21,159131.7,0.59,Vertical Oblong,Green,"(55, 76, 57)",1,VISIBLE,-1.09,-1.05
15,1,person,0.933,484.12,60.25,797.26,577.7,640.69,318.97,313.14,517.45,162032.95,0.61,Vertical Oblong,Green,"(53, 77, 58)",1,VISIBLE,-1.19,1.27
16,1,person,0.9302,481.01,62.23,799.12,581.43,640.07,321.83,318.11,519.19,165160.78,0.61,Vertical Oblong,Green,"(51, 75, 58)",1,VISIBLE,-0.8,2.38
17,1,motorcycle,0.9321,409.77,126.69,851.82,640.23,630.79,383.46,442.05,513.55,227012.82,0.86,Spherical / Regular,Green,"(44, 71, 63)",1,VISIBLE,-6.73,43.85
18,1,motorcycle,0.924,358.76,171.52,889.89,682.02,624.32,426.77,531.13,510.5,271140.45,1.04,Spherical / Regular,Green,"(44, 70, 69)",1,VISIBLE,-6.55,43.47
19,1,motorcycle,0.9275,324.61,200.9,914.88,709.33,619.75,455.12,590.27,508.43,300114.01,1.16,Spherical / Regular,Green,"(50, 70, 71)",1,VISIBLE,-5.17,32.88
20,1,motorcycle,0.9259,303.64,217.69,929.74,725.75,616.69,471.72,626.09,508.06,318094.79,1.23,Horizontal Oblong,Green,"(52, 69, 73)",1,VISIBLE,-3.69,21.49
21,1,motorcycle,0.9237,291.95,228.75,937.15,734.31,614.55,481.53,645.19,505.57,326187.35,1.28,Horizontal Oblong,Green,"(54, 71, 71)",1,VISIBLE,-2.6,13.31
22,1,motorcycle,0.9228,286.98,232.54,937.34,737.3,612.16,484.92,650.36,504.77,328280.18,1.29,Horizontal Oblong,Green,"(55, 71, 71)",1,VISIBLE,-2.45,6.37
22,2,person,0.9283,483.56,71.19,804.47,590.95,644.01,331.07,320.92,519.77,166803.48,0.62,Vertical Oblong,Green,"(46, 84, 62)",2,VISIBLE,0.0,0.0
23,1,motorcycle,0.917,286.2,232.8,933.29,737.0,609.74,484.9,647.09,504.2,326265.65,1.28,Horizontal Oblong,Green,"(55, 72, 72)",1,VISIBLE,-2.43,1.9
23,2,person,0.9188,482.76,71.43,803.82,591.02,643.29,331.23,321.06,519.58,166819.54,0.62,Vertical Oblong,Green,"(44, 88, 64)",2,VISIBLE,-0.73,0.16
24,1,motorcycle,0.9248,288.0,238.79,927.8,734.95,607.9,486.87,639.8,496.15,317441.15,1.29,Horizontal Oblong,Green,"(69, 71, 68)",1,VISIBLE,-2.02,1.95
24,2,person,0.9244,487.02,71.97,803.91,591.38,645.46,331.68,316.88,519.41,164592.76,0.61,Vertical Oblong,Green,"(46, 89, 63)",2,VISIBLE,1.3,0.36
25,1,motorcycle,0.9209,290.32,239.76,928.43,731.9,609.38,485.83,638.1,492.14,314034.14,1.3,Horizontal Oblong,Green,"(66, 72, 67)",1,VISIBLE,0.43,-0.14
25,2,person,0.9198,476.4,71.95,803.78,591.56,640.09,331.75,327.39,519.62,170114.65,0.63,Vertical Oblong,Green,"(44, 88, 67)",2,VISIBLE,-3.37,0.16
26,1,motorcycle,0.9175,292.65,237.23,929.07,728.83,610.86,483.03,636.41,491.6,312862.25,1.29,Horizontal Oblong,Green,"(80, 72, 66)",1,VISIBLE,1.17,-2.0
26,2,person,0.9199,470.85,71.66,803.71,591.67,637.28,331.67,332.86,520.01,173089.7,0.64,Vertical Oblong,Green,"(46, 88, 67)",2,VISIBLE,-2.98,-0.01
27,1,motorcycle,0.9308,294.61,240.58,929.61,726.03,612.11,483.3,635.0,485.45,308260.07,1.31,Horizontal Oblong,Green,"(81, 72, 66)",1,VISIBLE,1.23,-0.41
27,2,person,0.9256,467.29,70.94,803.95,592.66,635.62,331.8,336.65,521.72,175637.05,0.65,Vertical Oblong,Green,"(45, 90, 66)",2,VISIBLE,-2.06,0.09
28,1,motorcycle,0.9322,295.98,242.57,930.01,723.67,612.99,483.12,634.03,481.1,305029.41,1.32,Horizontal Oblong,Green,"(81, 71, 65)",1,VISIBLE,0.99,-0.25
28,2,person,0.9252,467.39,70.34,804.63,592.57,636.01,331.45,337.24,522.23,176117.11,0.65,Vertical Oblong,Green,"(44, 89, 67)",2,VISIBLE,-0.34,-0.21
29,1,motorcycle,0.9376,296.2,243.82,930.22,721.6,613.21,482.71,634.01,477.78,302917.44,1.33,Horizontal Oblong,Green,"(84, 70, 65)",1,VISIBLE,0.45,-0.36
29,2,person,0.9165,468.38,69.82,805.48,591.36,636.93,330.59,337.1,521.54,175810.74,0.65,Vertical Oblong,Green,"(44, 90, 71)",2,VISIBLE,0.54,-0.67
30,1,motorcycle,0.9381,295.81,244.07,930.77,720.25,613.29,482.16,634.97,476.19,302362.34,1.33,Horizontal Oblong,Blue,"(87, 68, 67)",1,VISIBLE,0.19,-0.49
30,2,person,0.9118,468.85,70.04,806.49,591.6,637.67,330.82,337.64,521.56,176100.43,0.65,Vertical Oblong,Green,"(43, 90, 71)",2,VISIBLE,0.68,-0.04
31,1,motorcycle,0.9392,295.25,243.64,932.67,719.45,613.96,481.55,637.42,475.81,303290.18,1.34,Horizontal Oblong,Green,"(84, 68, 68)",1,VISIBLE,0.53,-0.58
31,2,person,0.9221,470.88,69.73,807.37,591.74,639.12,330.74,336.49,522.0,175648.06,0.64,Vertical Oblong,Green,"(43, 91, 73)",2,VISIBLE,1.22,-0.07
32,1,motorcycle,0.9389,294.51,242.87,934.7,718.84,614.61,480.85,640.18,475.97,304706.36,1.35,Horizontal Oblong,Green,"(81, 69, 67)",1,VISIBLE,0.61,-0.66
32,2,person,0.9172,470.51,69.64,808.32,592.12,639.42,330.88,337.81,522.48,176497.62,0.65,Vertical Oblong,Green,"(44, 90, 75)",2,VISIBLE,0.57,0.08
33,1,motorcycle,0.9425,292.04,242.85,938.54,718.26,615.29,480.56,646.49,475.41,307351.68,1.36,Horizontal Oblong,Green,"(69, 69, 66)",1,VISIBLE,0.66,-0.41
33,2,person,0.9136,472.33,69.38,808.86,592.2,640.6,330.79,336.53,522.82,175941.34,0.64,Vertical Oblong,Green,"(44, 89, 76)",2,VISIBLE,1.0,-0.04
34,1,motorcycle,0.9445,290.88,241.21,941.91,718.04,616.39,479.63,651.03,476.82,310427.77,1.37,Horizontal Oblong,Green,"(55, 69, 67)",1,VISIBLE,0.97,-0.77
34,2,person,0.9053,474.21,69.92,809.7,592.84,641.95,331.38,335.49,522.92,175434.88,0.64,Vertical Oblong,Green,"(44, 88, 74)",2,VISIBLE,1.25,0.4
35,1,motorcycle,0.9447,289.53,241.48,944.73,718.05,617.13,479.77,655.2,476.57,312248.17,1.37,Horizontal Oblong,Green,"(55, 70, 68)",1,VISIBLE,0.81,-0.13
35,2,person,0.9187,476.17,70.7,809.82,594.09,642.99,332.4,333.65,523.39,174626.97,0.64,Vertical Oblong,Green,"(46, 88, 71)",2,VISIBLE,1.1,0.83
36,1,motorcycle,0.9429,287.88,241.98,946.85,718.27,617.37,480.12,658.98,476.29,313864.06,1.38,Horizontal Oblong,Green,"(68, 70, 67)",1,VISIBLE,0.41,0.21
36,2,person,0.9177,477.91,69.79,810.06,595.13,643.98,332.46,332.16,525.34,174495.35,0.63,Vertical Oblong,Green,"(52, 87, 68)",2,VISIBLE,1.02,0.29
37,1,motorcycle,0.9393,286.68,241.91,948.93,718.32,617.8,480.11,662.24,476.41,315502.83,1.39,Horizontal Oblong,Green,"(66, 71, 66)",1,VISIBLE,0.43,0.06
37,2,person,0.8987,478.24,70.42,811.14,594.8,644.69,332.61,332.9,524.38,174567.16,0.63,Vertical Oblong,Green,"(71, 85, 66)",2,VISIBLE,0.8,0.19
38,1,motorcycle,0.9415,285.68,241.71,950.95,718.53,618.31,480.12,665.28,476.82,317218.79,1.4,Horizontal Oblong,Green,"(62, 71, 66)",1,VISIBLE,0.49,0.02
38,2,person,0.9109,479.1,71.16,811.31,595.46,645.2,333.31,332.21,524.3,174178.3,0.63,Vertical Oblong,Blue,"(90, 83, 62)",2,VISIBLE,0.6,0.55
39,1,motorcycle,0.9419,284.8,240.85,952.86,718.59,618.83,479.72,668.06,477.74,319160.05,1.4,Horizontal Oblong,Green,"(60, 72, 64)",1,VISIBLE,0.51,-0.27
39,2,person,0.9183,479.93,71.06,811.8,595.98,645.87,333.52,331.87,524.91,174204.3,0.63,Vertical Oblong,Blue,"(94, 82, 58)",2,VISIBLE,0.64,0.31
40,1,motorcycle,0.9413,284.26,239.67,955.01,718.61,619.63,479.14,670.76,478.93,321248.96,1.4,Horizontal Oblong,Green,"(57, 72, 65)",1,VISIBLE,0.72,-0.49
40,2,person,0.9243,479.96,70.54,812.34,596.44,646.15,333.49,332.38,525.9,174795.75,0.63,Vertical Oblong,Blue,"(95, 82, 56)",2,VISIBLE,0.39,0.07
41,1,motorcycle,0.9402,283.7,238.02,957.42,718.38,620.56,478.2,673.71,480.36,323625.6,1.4,Horizontal Oblong,Green,"(55, 72, 64)",1,VISIBLE,0.86,-0.8
41,2,person,0.9243,478.84,69.31,813.0,596.81,645.92,333.06,334.16,527.49,176266.53,0.63,Vertical Oblong,Blue,"(95, 81, 54)",2,VISIBLE,-0.04,-0.28
42,1,motorcycle,0.9393,283.33,237.22,959.89,718.09,621.61,477.66,676.56,480.86,325332.23,1.41,Horizontal Oblong,Green,"(55, 72, 65)",1,VISIBLE,0.99,-0.62
42,2,person,0.925,477.65,68.3,813.99,596.76,645.82,332.53,336.34,528.46,177745.09,0.64,Vertical Oblong,Blue,"(95, 80, 54)",2,VISIBLE,-0.08,-0.45
43,1,motorcycle,0.9388,283.16,235.88,962.47,717.74,622.81,476.81,679.31,481.86,327330.69,1.41,Horizontal Oblong,Green,"(55, 73, 65)",1,VISIBLE,1.14,-0.78
43,2,person,0.9294,478.09,67.54,814.97,596.59,646.53,332.06,336.88,529.05,178226.35,0.64,Vertical Oblong,Blue,"(95, 80, 53)",2,VISIBLE,0.47,-0.46
44,1,motorcycle,0.9364,283.28,235.29,964.97,716.68,624.12,475.99,681.68,481.39,328156.98,1.42,Horizontal Oblong,Green,"(54, 73, 66)",1,VISIBLE,1.26,-0.81
44,2,person,0.9238,480.69,66.72,816.17,596.19,648.43,331.46,335.48,529.46,177623.68,0.63,Vertical Oblong,Blue,"(95, 78, 53)",2,VISIBLE,1.47,-0.57
45,1,motorcycle,0.9394,283.47,234.12,967.47,715.74,625.47,474.93,684.0,481.62,329428.86,1.42,Horizontal Oblong,Green,"(50, 73, 67)",1,VISIBLE,1.32,-0.98
45,2,person,0.9215,485.5,66.12,817.3,596.16,651.4,331.14,331.8,530.05,175868.41,0.63,Vertical Oblong,Blue,"(95, 75, 53)",2,VISIBLE,2.52,-0.39
46,1,motorcycle,0.9341,283.8,233.39,970.14,715.18,626.97,474.28,686.33,481.79,330667.61,1.42,Horizontal Oblong,Green,"(47, 73, 69)",1,VISIBLE,1.45,-0.75
46,2,person,0.9194,491.0,65.73,818.59,596.78,654.8,331.25,327.59,531.05,173966.69,0.62,Vertical Oblong,Blue,"(95, 74, 54)",2,VISIBLE,3.13,-0.04
47,1,motorcycle,0.9359,284.36,233.35,972.59,714.95,628.48,474.15,688.23,481.6,331449.6,1.43,Horizontal Oblong,Green,"(46, 74, 70)",1,VISIBLE,1.49,-0.32
47,2,person,0.9149,494.58,66.0,819.82,597.61,657.2,331.8,325.24,531.61,172901.09,0.61,Vertical Oblong,Blue,"(94, 74, 54)",2,VISIBLE,2.62,0.37
48,1,motorcycle,0.9375,285.05,234.3,973.23,715.02,629.14,474.66,688.18,480.73,330826.47,1.43,Horizontal Oblong,Green,"(44, 74, 71)",1,VISIBLE,0.91,0.26
48,2,person,0.9224,499.36,66.78,821.1,598.61,660.23,332.7,321.73,531.83,171107.69,0.6,Vertical Oblong,Blue,"(92, 73, 54)",2,VISIBLE,2.91,0.74
49,1,motorcycle,0.9397,285.73,234.15,974.62,715.02,630.17,474.59,688.89,480.87,331267.34,1.43,Horizontal Oblong,Green,"(43, 70, 72)",1,VISIBLE,1.0,0.03
49,2,person,0.9263,502.91,66.92,822.81,600.26,662.86,333.59,319.9,533.34,170615.93,0.6,Vertical Oblong,Green,"(66, 73, 55)",2,VISIBLE,2.71,0.85
50,1,motorcycle,0.9309,286.42,231.41,976.36,714.85,631.39,473.13,689.94,483.44,333541.83,1.43,Horizontal Oblong,Green,"(40, 66, 74)",1,VISIBLE,1.15,-1.01
50,2,person,0.929,505.38,67.22,824.53,601.82,664.96,334.52,319.15,534.6,170616.72,0.6,Vertical Oblong,Green,"(58, 73, 58)",2,VISIBLE,2.28,0.91
51,1,motorcycle,0.9303,287.13,227.86,979.61,714.43,633.37,471.15,692.48,486.57,336940.64,1.42,Horizontal Oblong,Green,"(40, 65, 74)",1,VISIBLE,1.73,-1.69
51,2,person,0.9219,507.08,67.21,826.21,602.37,666.64,334.79,319.12,535.15,170778.05,0.6,Vertical Oblong,Green,"(55, 73, 57)",2,VISIBLE,1.87,0.46
52,1,motorcycle,0.934,288.03,227.21,983.42,713.83,635.72,470.52,695.39,486.62,338388.91,1.43,Horizontal Oblong,Green,"(39, 64, 75)",1,VISIBLE,2.17,-0.95
52,2,person,0.9185,508.77,66.88,827.94,601.82,668.36,334.35,319.17,534.94,170736.36,0.6,Vertical Oblong,Green,"(52, 72, 58)",2,VISIBLE,1.76,-0.17
53,1,motorcycle,0.9268,288.84,220.39,987.56,712.73,638.2,466.56,698.71,492.34,344003.45,1.42,Horizontal Oblong,Green,"(39, 64, 73)",1,VISIBLE,2.38,-3.06
53,2,person,0.9244,510.42,66.2,829.53,599.83,669.98,333.02,319.11,533.63,170288.52,0.6,Vertical Oblong,Green,"(55, 70, 56)",2,VISIBLE,1.66,-0.99
54,1,motorcycle,0.9256,289.4,212.75,991.24,711.08,640.32,461.91,701.84,498.33,349749.5,1.41,Horizontal Oblong,Green,"(38, 65, 73)",1,VISIBLE,2.2,-4.17
54,2,person,0.9207,511.46,65.05,831.51,598.77,671.49,331.91,320.05,533.71,170812.52,0.6,Vertical Oblong,Green,"(55, 67, 56)",2,VISIBLE,1.56,-1.07
55,1,motorcycle,0.9214,289.51,207.87,994.14,709.45,641.83,458.66,704.62,501.58,353426.84,1.4,Horizontal Oblong,Green,"(38, 64, 73)",1,VISIBLE,1.71,-3.53
55,2,person,0.9187,511.65,63.75,833.4,597.79,672.52,330.77,321.75,534.03,171825.25,0.6,Vertical Oblong,Green,"(52, 63, 56)",2,VISIBLE,1.19,-1.12
56,1,motorcycle,0.9265,288.91,204.15,996.13,708.03,642.52,456.09,707.23,503.89,356362.22,1.4,Horizontal Oblong,Green,"(38, 62, 73)",1,VISIBLE,1.0,-2.86
56,2,person,0.9151,516.52,63.53,834.84,597.97,675.68,330.75,318.32,534.44,170122.1,0.6,Vertical Oblong,Green,"(66, 60, 55)",2,VISIBLE,2.57,-0.35
57,1,motorcycle,0.9329,287.83,200.77,998.44,706.96,643.14,453.86,710.61,506.19,359702.86,1.4,Horizontal Oblong,Green,"(40, 62, 72)",1,VISIBLE,0.73,-2.41
57,2,person,0.9229,514.35,61.97,835.47,597.49,674.91,329.73,321.12,535.52,171966.05,0.6,Vertical Oblong,Green,"(50, 64, 57)",2,VISIBLE,0.23,-0.82
58,1,motorcycle,0.9463,286.58,199.57,1000.53,706.58,643.55,453.08,713.95,507.01,361979.66,1.41,Horizontal Oblong,Green,"(40, 62, 70)",1,VISIBLE,0.51,-1.28
58,2,person,0.9259,512.19,60.57,835.77,597.01,673.98,328.79,323.58,536.44,173583.82,0.6,Vertical Oblong,Green,"(46, 65, 58)",2,VISIBLE,-0.58,-0.9
59,1,motorcycle,0.9388,285.63,198.55,1002.18,705.53,643.9,452.04,716.55,506.98,363272.69,1.41,Horizontal Oblong,Green,"(41, 62, 70)",1,VISIBLE,0.4,-1.11
59,2,person,0.9186,510.18,58.82,835.62,596.49,672.9,327.65,325.43,537.67,174974.68,0.61,Vertical Oblong,Green,"(46, 65, 60)",2,VISIBLE,-0.93,-1.07
60,1,motorcycle,0.9324,284.14,198.63,1003.11,704.77,643.62,451.7,718.97,506.14,363899.85,1.42,Horizontal Oblong,Green,"(41, 61, 66)",1,VISIBLE,-0.08,-0.57
60,2,person,0.881,519.1,58.53,835.25,596.72,677.18,327.62,316.15,538.19,170148.39,0.59,Vertical Oblong,Green,"(46, 66, 60)",2,VISIBLE,2.71,-0.34
61,1,motorcycle,0.9172,282.39,200.93,1003.38,704.18,642.88,452.55,720.99,503.25,362839.39,1.43,Horizontal Oblong,Green,"(42, 60, 63)",1,VISIBLE,-0.54,0.43
61,2,person,0.7098,505.25,57.85,834.34,598.24,669.8,328.04,329.09,540.39,177838.28,0.61,Vertical Oblong,Green,"(43, 63, 58)",2,VISIBLE,-4.35,0.19
62,1,motorcycle,0.9432,280.72,224.71,1003.08,703.87,641.9,464.29,722.36,479.17,346133.8,1.51,Horizontal Oblong,Green,"(44, 59, 59)",1,VISIBLE,-0.85,8.34
62,2,person,0.9115,495.49,57.97,833.33,600.43,664.41,329.2,337.84,542.46,183263.68,0.62,Vertical Oblong,Green,"(48, 62, 56)",2,VISIBLE,-5.08,0.87
63,1,motorcycle,0.9422,278.92,241.84,1003.68,703.56,641.3,472.7,724.76,461.71,334631.12,1.57,Horizontal Oblong,Green,"(46, 57, 56)",1,VISIBLE,-0.68,8.39
63,2,person,0.9199,487.14,60.13,832.33,602.51,659.74,331.32,345.18,542.38,187221.24,0.64,Vertical Oblong,Green,"(47, 61, 55)",2,VISIBLE,-4.8,1.74
63,3,car,0.6008,0.03,337.43,38.9,383.16,19.47,360.3,38.87,45.73,1777.7,0.85,Spherical / Regular,Blue,"(87, 45, 71)",3,VISIBLE,0.0,0.0
64,1,motorcycle,0.9417,277.25,253.19,1004.01,703.55,640.63,478.37,726.77,450.36,327306.56,1.61,Horizontal Oblong,Green,"(46, 57, 55)",1,VISIBLE,-0.67,6.49
64,2,person,0.9204,482.39,68.52,831.61,603.92,657.0,336.22,349.21,535.4,186967.92,0.65,Vertical Oblong,Green,"(46, 59, 54)",2,VISIBLE,-3.35,3.95
64,3,car,0.6591,0.02,337.94,52.05,384.06,26.03,361.0,52.03,46.12,2399.26,1.13,Spherical / Regular,Blue,"(88, 46, 71)",3,VISIBLE,6.57,0.7
65,1,motorcycle,0.9407,275.76,259.97,1004.46,703.41,640.11,481.69,728.7,443.44,323136.71,1.64,Horizontal Oblong,Green,"(44, 57, 55)",1,VISIBLE,-0.57,4.27
65,2,person,0.9181,478.74,74.38,830.95,601.04,654.85,337.71,352.21,526.66,185495.25,0.67,Vertical Oblong,Green,"(44, 60, 54)",2,VISIBLE,-2.51,2.23
65,3,car,0.761,0.62,338.69,69.45,384.48,35.04,361.58,68.83,45.79,3151.76,1.5,Horizontal Oblong,Green,"(81, 45, 62)",3,VISIBLE,8.27,0.62
66,1,motorcycle,0.9394,274.42,263.03,1005.67,702.98,640.05,483.0,731.26,439.95,321715.7,1.66,Horizontal Oblong,Green,"(44, 56, 56)",1,VISIBLE,-0.22,2.2
66,2,person,0.9042,475.91,77.6,831.69,596.15,653.8,336.88,355.77,518.55,184485.97,0.69,Vertical Oblong,Green,"(47, 61, 54)",2,VISIBLE,-1.49,0.08
66,3,car,0.7966,10.42,338.91,89.97,385.05,50.19,361.98,79.54,46.14,3670.55,1.72,Horizontal Oblong,Green,"(81, 44, 64)",3,VISIBLE,13.09,0.46
67,1,motorcycle,0.9387,273.19,263.25,1007.73,701.99,640.46,482.62,734.54,438.73,322268.92,1.67,Horizontal Oblong,Green,"(43, 57, 58)",1,VISIBLE,0.23,0.39
67,2,person,0.9191,474.93,79.3,833.26,596.28,654.09,337.79,358.33,516.97,185248.19,0.69,Vertical Oblong,Green,"(51, 62, 53)",2,VISIBLE,-0.24,0.67
67,3,car,0.7949,26.13,338.66,110.16,384.84,68.14,361.75,84.04,46.18,3880.91,1.82,Horizontal Oblong,Green,"(80, 46, 64)",3,VISIBLE,16.49,-0.02
68,1,motorcycle,0.9372,271.79,261.56,1009.32,700.79,640.55,481.18,737.52,439.23,323942.49,1.68,Horizontal Oblong,Green,"(43, 57, 59)",1,VISIBLE,0.13,-0.89
68,2,person,0.9257,475.7,80.44,832.99,603.06,654.34,341.75,357.28,522.61,186719.86,0.68,Vertical Oblong,Green,"(81, 62, 51)",2,VISIBLE,0.1,2.97
68,3,car,0.7778,44.65,338.17,130.09,384.4,87.37,361.28,85.45,46.23,3950.19,1.85,Horizontal Oblong,Green,"(81, 44, 68)",3,VISIBLE,18.41,-0.33
69,1,motorcycle,0.9336,270.3,259.46,1009.95,699.86,640.13,479.66,739.66,440.41,325748.44,1.68,Horizontal Oblong,Green,"(42, 56, 60)",1,VISIBLE,-0.26,-1.33
69,2,person,0.9192,478.2,80.4,831.35,608.73,654.77,344.56,353.15,528.33,186576.35,0.67,Vertical Oblong,Green,"(84, 60, 49)",2,VISIBLE,0.33,2.86
69,3,car,0.7949,64.8,337.52,149.85,383.61,107.32,360.57,85.04,46.09,3919.22,1.85,Horizontal Oblong,Green,"(81, 43, 63)",3,VISIBLE,19.49,-0.6
70,1,motorcycle,0.9335,268.41,257.28,1010.33,699.14,639.37,478.21,741.91,441.86,327823.86,1.68,Horizontal Oblong,Green,"(43, 56, 63)",1,VISIBLE,-0.61,-1.41
70,2,person,0.9155,480.46,78.68,828.8,609.59,654.63,344.13,348.34,530.91,184936.76,0.66,Vertical Oblong,Blue,"(93, 62, 50)",2,VISIBLE,-0.0,0.56
70,3,car,0.7883,85.2,337.1,168.67,382.92,126.93,360.01,83.48,45.82,3824.58,1.82,Horizontal Oblong,Green,"(81, 43, 66)",3,VISIBLE,19.57,-0.57
71,1,motorcycle,0.9324,266.43,254.89,1010.29,698.51,638.36,476.7,743.86,443.62,329991.06,1.68,Horizontal Oblong,Green,"(44, 57, 62)",1,VISIBLE,-0.89,-1.48
71,2,person,0.9144,484.32,77.06,826.34,609.74,655.33,343.4,342.02,532.68,182184.58,0.64,Vertical Oblong,Green,"(84, 62, 51)",2,VISIBLE,0.49,-0.35
71,3,car,0.7875,105.96,336.9,187.04,382.56,146.5,359.73,81.08,45.66,3701.95,1.78,Horizontal Oblong,Green,"(80, 44, 67)",3,VISIBLE,19.57,-0.37
71,4,car,0.2649,234.81,345.48,329.79,401.54,282.3,373.51,94.98,56.06,5324.42,1.69,Horizontal Oblong,Green,"(43, 54, 85)",4,VISIBLE,0.0,0.0
72,1,motorcycle,0.9347,264.47,252.45,1010.14,697.94,637.3,475.2,745.68,445.49,332190.54,1.67,Horizontal Oblong,Green,"(45, 58, 61)",1,VISIBLE,-1.01,-1.5
72,2,person,0.923,483.97,75.52,824.46,607.74,654.22,341.63,340.48,532.22,181211.01,0.64,Vertical Oblong,Green,"(81, 63, 53)",2,VISIBLE,-0.63,-1.34
72,3,car,0.8039,126.19,336.96,205.18,382.25,165.68,359.6,78.98,45.29,3576.88,1.74,Horizontal Oblong,Green,"(80, 44, 66)",3,VISIBLE,19.3,-0.2
72,4,car,0.2649,242.49,345.42,337.49,401.38,289.99,373.4,95.0,55.96,5315.95,1.7,Horizontal Oblong,Green,"(54, 52, 76)",4,VISIBLE,7.69,-0.11
73,1,motorcycle,0.9318,262.57,249.63,1009.85,697.26,636.21,473.44,747.28,447.63,334504.94,1.67,Horizontal Oblong,Green,"(46, 60, 59)",1,VISIBLE,-1.07,-1.67
73,2,person,0.9166,485.74,74.06,823.51,604.89,654.63,339.48,337.77,530.83,179300.69,0.64,Vertical Oblong,Green,"(84, 65, 55)",2,VISIBLE,0.1,-1.91
73,3,car,0.7846,146.65,336.84,223.43,381.99,185.04,359.41,76.78,45.15,3466.69,1.7,Horizontal Oblong,Green,"(81, 42, 65)",3,VISIBLE,19.34,-0.19
73,4,car,0.2649,250.17,345.36,345.19,401.22,297.68,373.29,95.02,55.86,5307.47,1.7,Horizontal Oblong,Green,"(58, 50, 56)",4,VISIBLE,7.69,-0.11
74,1,motorcycle,0.934,261.21,247.04,1010.2,696.83,635.7,471.94,748.99,449.79,336890.87,1.67,Horizontal Oblong,Green,"(46, 60, 59)",1,VISIBLE,-0.67,-1.56
74,2,person,0.9175,484.8,72.51,823.41,601.59,654.1,337.05,338.61,529.08,179152.09,0.64,Vertical Oblong,Green,"(84, 65, 55)",2,VISIBLE,-0.33,-2.27
74,3,car,0.7868,167.38,336.83,242.49,381.87,204.93,359.35,75.12,45.04,3382.83,1.67,Horizontal Oblong,Green,"(80, 43, 64)",3,VISIBLE,19.73,-0.1
74,4,can,0.2297,288.97,345.74,360.36,400.8,324.67,373.27,71.38,55.06,3930.1,1.3,Horizontal Oblong,Green,"(62, 54, 57)",4,VISIBLE,21.2,-0.05
75,1,motorcycle,0.9362,260.52,245.17,1010.93,696.61,635.73,470.89,750.42,451.45,338773.85,1.66,Horizontal Oblong,Green,"(46, 60, 59)",1,VISIBLE,-0.19,-1.2
75,2,person,0.9215,481.99,70.96,823.87,598.67,652.93,334.82,341.87,527.71,180410.24,0.65,Vertical Oblong,Green,"(84, 66, 55)",2,VISIBLE,-0.92,-2.25
75,3,car,0.8063,187.88,336.8,261.62,381.5,224.75,359.15,73.74,44.7,3296.12,1.65,Horizontal Oblong,Green,"(81, 43, 67)",3,VISIBLE,19.79,-0.17
75,4,can,0.2297,307.59,345.84,370.68,400.55,339.14,373.19,63.09,54.71,3451.56,1.15,Spherical / Regular,Green,"(66, 57, 56)",4,VISIBLE,16.49,-0.07
76,1,motorcycle,0.9363,260.21,243.98,1012.58,696.54,636.4,470.26,752.37,452.56,340492.28,1.66,Horizontal Oblong,Green,"(47, 60, 60)",1,VISIBLE,0.41,-0.8
76,2,person,0.9239,479.59,69.6,824.65,596.92,652.12,333.26,345.06,527.32,181956.03,0.65,Vertical Oblong,Blue,"(93, 67, 55)",2,VISIBLE,-0.84,-1.76
76,3,car,0.8023,208.21,337.06,280.79,381.42,244.5,359.24,72.58,44.37,3220.35,1.64,Horizontal Oblong,Green,"(80, 43, 68)",3,VISIBLE,19.76,0.01
77,1,motorcycle,0.9371,260.68,244.0,1013.79,696.52,637.23,470.26,753.1,452.52,340792.63,1.66,Horizontal Oblong,Green,"(48, 60, 59)",1,VISIBLE,0.71,-0.24
77,2,person,0.9224,479.05,68.6,825.3,596.27,652.18,332.44,346.25,527.67,182704.85,0.66,Vertical Oblong,Blue,"(94, 67, 54)",2,VISIBLE,-0.21,-1.11
77,3,car,0.8005,228.69,337.81,300.16,381.65,264.42,359.73,71.47,43.84,3133.03,1.63,Horizontal Oblong,Green,"(81, 43, 68)",3,VISIBLE,19.88,0.35
78,1,motorcycle,0.9374,260.98,244.53,1016.15,696.54,638.57,470.53,755.17,452.0,341338.5,1.67,Horizontal Oblong,Green,"(49, 60, 58)",1,VISIBLE,1.14,0.12
78,2,person,0.9276,477.07,67.95,825.61,596.34,651.34,332.14,348.53,528.39,184162.44,0.66,Vertical Oblong,Blue,"(95, 68, 54)",2,VISIBLE,-0.65,-0.53
78,3,car,0.7548,249.2,338.36,319.42,382.03,284.31,360.19,70.21,43.68,3066.51,1.61,Horizontal Oblong,Green,"(81, 42, 68)",3,VISIBLE,19.88,0.43
79,1,motorcycle,0.9378,261.12,245.42,1018.21,696.39,639.67,470.9,757.1,450.96,341421.87,1.68,Horizontal Oblong,Green,"(50, 58, 57)",1,VISIBLE,1.11,0.3
79,2,person,0.9234,477.8,67.65,825.88,596.5,651.84,332.07,348.08,528.85,184082.98,0.66,Vertical Oblong,Blue,"(94, 68, 53)",2,VISIBLE,0.16,-0.21
79,3,car,0.7661,269.23,338.81,338.36,382.31,303.79,360.56,69.14,43.5,3007.66,1.59,Horizontal Oblong,Green,"(80, 42, 70)",3,VISIBLE,19.6,0.38
79,5,car,0.3809,0.0,328.89,98.14,362.48,49.07,345.68,98.14,33.59,3296.99,2.92,Horizontal Oblong,Green,"(66, 51, 59)",5,VISIBLE,0.0,0.0
80,1,motorcycle,0.9378,261.21,246.23,1019.29,696.16,640.25,471.2,758.08,449.93,341083.91,1.68,Horizontal Oblong,Green,"(52, 58, 57)",1,VISIBLE,0.74,0.29
80,2,person,0.9204,481.36,67.6,826.26,597.0,653.81,332.3,344.9,529.4,182589.42,0.65,Vertical Oblong,Blue,"(95, 68, 52)",2,VISIBLE,1.43,0.09
80,3,car,0.7632,289.05,338.97,356.93,382.49,322.99,360.73,67.89,43.52,2954.46,1.56,Horizontal Oblong,Green,"(81, 42, 71)",3,VISIBLE,19.32,0.23
80,5,car,0.3486,0.0,329.17,112.44,362.88,56.22,346.03,112.44,33.72,3791.37,3.33,Horizontal Oblong,Green,"(52, 49, 62)",5,VISIBLE,7.15,0.34
81,1,motorcycle,0.9404,261.12,247.31,1020.0,695.81,640.56,471.56,758.89,448.5,340361.81,1.69,Horizontal Oblong,Green,"(58, 57, 56)",1,VISIBLE,0.44,0.34
81,2,person,0.9203,488.77,68.01,826.89,597.06,657.83,332.53,338.12,529.04,178879.7,0.64,Vertical Oblong,Blue,"(95, 67, 52)",2,VISIBLE,3.24,0.19
81,3,car,0.7483,308.83,338.99,372.09,382.15,340.46,360.57,63.26,43.16,2730.24,1.47,Horizontal Oblong,Green,"(73, 45, 66)",3,VISIBLE,18.02,-0.04
81,5,car,0.2128,8.08,329.6,131.01,362.6,69.54,346.1,122.93,33.0,4057.17,3.72,Horizontal Oblong,Green,"(46, 52, 64)",5,VISIBLE,11.47,0.15
82,1,motorcycle,0.9374,261.44,247.98,1021.5,695.3,641.47,471.64,760.06,447.31,339983.94,1.7,Horizontal Oblong,Green,"(62, 56, 56)",1,VISIBLE,0.77,0.16
82,2,person,0.9235,484.57,68.64,827.79,597.33,656.18,332.99,343.22,528.69,181456.93,0.65,Vertical Oblong,Blue,"(98, 66, 52)",2,VISIBLE,-0.18,0.37
82,3,car,0.5708,328.59,339.15,381.98,382.24,355.28,360.7,53.38,43.09,2300.53,1.24,Horizontal Oblong,Green,"(66, 45, 62)",3,VISIBLE,15.78,0.07
82,5,car,0.1954,31.21,329.97,154.36,362.01,92.79,345.99,123.15,32.04,3945.79,3.84,Horizontal Oblong,Green,"(42, 53, 68)",5,VISIBLE,19.71,-0.03
83,1,motorcycle,0.935,261.9,247.97,1023.74,694.74,642.82,471.35,761.85,446.77,340370.6,1.71,Horizontal Oblong,Green,"(62, 55, 56)",1,VISIBLE,1.18,-0.15
83,2,person,0.9196,483.71,69.08,829.2,597.55,656.45,333.32,345.49,528.48,182583.29,0.65,Vertical Oblong,Blue,"(95, 65, 52)",2,VISIBLE,0.14,0.34
83,3,car,0.5708,348.47,339.35,397.74,382.26,373.1,360.81,49.27,42.91,2114.06,1.15,Spherical / Regular,Green,"(60, 45, 63)",3,VISIBLE,17.21,0.1
83,5,car,0.2103,55.84,330.54,178.66,361.9,117.25,346.22,122.82,31.36,3851.76,3.92,Horizontal Oblong,Green,"(50, 50, 67)",5,VISIBLE,23.04,0.15
84,1,motorcycle,0.9391,262.9,248.78,1025.96,694.16,644.43,471.47,763.06,445.38,339848.32,1.71,Horizontal Oblong,Green,"(62, 54, 56)",1,VISIBLE,1.48,0.03
84,2,person,0.9268,480.78,69.22,830.94,597.74,655.86,333.48,350.16,528.52,185063.46,0.66,Vertical Oblong,Blue,"(95, 64, 51)",2,VISIBLE,-0.38,0.22
84,3,car,0.5708,368.35,339.55,413.5,382.28,390.92,360.92,45.15,42.73,1929.09,1.06,Spherical / Regular,Blue,"(98, 45, 104)",3,VISIBLE,17.64,0.11
84,5,car,0.2549,83.16,330.63,201.63,361.89,142.4,346.26,118.47,31.26,3703.35,3.79,Horizontal Oblong,Green,"(46, 52, 69)",5,VISIBLE,24.51,0.07
85,1,motorcycle,0.9411,264.11,249.6,1028.4,693.39,646.25,471.5,764.3,443.79,339186.6,1.72,Horizontal Oblong,Green,"(62, 55, 55)",1,VISIBLE,1.72,0.03
85,2,person,0.932,477.43,68.85,832.64,597.5,655.03,333.18,355.21,528.64,187778.84,0.67,Vertical Oblong,Blue,"(95, 63, 51)",2,VISIBLE,-0.69,-0.15
85,3,car,0.5708,388.23,339.75,429.26,382.3,408.74,361.03,41.03,42.55,1745.63,0.96,Spherical / Regular,Blue,"(98, 45, 102)",3,VISIBLE,17.77,0.11
85,5,car,0.2154,110.8,330.7,225.77,361.78,168.28,346.24,114.97,31.09,3574.05,3.7,Horizontal Oblong,Green,"(44, 53, 68)",5,VISIBLE,25.48,0.01
86,1,motorcycle,0.9405,265.28,249.3,1031.37,692.29,648.33,470.79,766.09,442.99,339368.91,1.73,Horizontal Oblong,Green,"(62, 55, 55)",1,VISIBLE,1.97,-0.48
86,2,person,0.9248,476.71,68.25,834.44,596.89,655.57,332.57,357.73,528.65,189111.98,0.68,Vertical Oblong,Blue,"(99, 64, 50)",2,VISIBLE,0.17,-0.47
86,3,car,0.5708,408.11,339.96,445.02,382.32,426.56,361.14,36.91,42.36,1563.68,0.87,Spherical / Regular,Blue,"(99, 56, 52)",3,VISIBLE,17.8,0.11
86,5,car,0.2619,136.77,330.1,248.64,361.93,192.7,346.02,111.86,31.83,3560.25,3.51,Horizontal Oblong,Green,"(50, 49, 70)",5,VISIBLE,24.74,-0.16
87,1,motorcycle,0.9392,266.58,247.93,1033.99,691.4,650.28,469.67,767.41,443.47,340326.25,1.73,Horizontal Oblong,Green,"(58, 55, 55)",1,VISIBLE,1.96,-0.94
87,2,person,0.9265,476.53,67.42,835.98,596.18,656.26,331.8,359.46,528.76,190064.57,0.68,Vertical Oblong,Blue,"(95, 64, 50)",2,VISIBLE,0.53,-0.68
87,3,car,0.5708,427.98,340.16,460.78,382.34,444.38,361.25,32.79,42.18,1383.23,0.78,Vertical Oblong,Blue,"(99, 57, 46)",3,VISIBLE,17.81,0.11
87,5,car,0.1963,161.91,330.02,270.78,362.19,216.35,346.11,108.87,32.16,3501.73,3.38,Horizontal Oblong,Green,"(60, 47, 71)",5,VISIBLE,23.97,0.02
88,1,motorcycle,0.9381,267.94,246.75,1036.28,690.67,652.11,468.71,768.34,443.93,341088.38,1.73,Horizontal Oblong,Green,"(58, 55, 56)",1,VISIBLE,1.87,-0.95
88,2,person,0.9217,480.89,66.65,837.64,595.27,659.26,330.96,356.75,528.62,188586.16,0.67,Vertical Oblong,Blue,"(99, 63, 50)",2,VISIBLE,2.27,-0.79
88,5,car,0.2104,188.88,329.52,293.4,362.26,241.14,345.89,104.52,32.74,3421.67,3.19,Horizontal Oblong,Green,"(50, 47, 75)",5,VISIBLE,24.55,-0.15
89,1,motorcycle,0.938,269.76,245.83,1039.14,690.23,654.45,468.03,769.38,444.39,341904.66,1.73,Horizontal Oblong,Green,"(55, 55, 56)",1,VISIBLE,2.2,-0.76
89,2,person,0.9257,481.13,66.13,838.82,593.75,659.97,329.94,357.69,527.61,188724.05,0.68,Vertical Oblong,Blue,"(99, 62, 49)",2,VISIBLE,1.18,-0.95
89,5,car,0.2104,212.85,329.38,315.09,362.3,263.97,345.84,102.25,32.91,3365.49,3.11,Horizontal Oblong,Green,"(43, 48, 79)",5,VISIBLE,23.35,-0.08
90,1,motorcycle,0.938,271.76,245.04,1042.48,690.06,657.12,467.55,770.72,445.02,342985.32,1.73,Horizontal Oblong,Green,"(55, 55, 55)",1,VISIBLE,2.53,-0.56
90,2,person,0.9284,480.29,65.86,839.72,592.59,660.0,329.23,359.43,526.72,189320.53,0.68,Vertical Oblong,Blue,"(100, 62, 49)",2,VISIBLE,0.37,-0.79
90,5,car,0.2104,236.81,329.24,336.78,362.33,286.8,345.79,99.97,33.09,3308.49,3.02,Horizontal Oblong,Green,"(46, 45, 78)",5,VISIBLE,22.98,-0.06
91,1,motorcycle,0.9359,273.78,244.65,1045.57,689.92,659.68,467.28,771.8,445.27,343655.9,1.73,Horizontal Oblong,Green,"(55, 56, 54)",1,VISIBLE,2.55,-0.35
91,2,person,0.9272,481.86,65.6,840.73,591.8,661.3,328.7,358.87,526.2,188840.28,0.68,Vertical Oblong,Blue,"(99, 62, 48)",2,VISIBLE,1.02,-0.6
91,5,car,0.1936,259.95,329.69,358.56,362.4,309.25,346.04,98.61,32.71,3225.78,3.01,Horizontal Oblong,Green,"(55, 44, 78)",5,VISIBLE,22.62,0.16
92,1,motorcycle,0.9355,275.69,244.36,1048.13,689.82,661.91,467.09,772.44,445.45,344086.49,1.73,Horizontal Oblong,Green,"(55, 57, 55)",1,VISIBLE,2.33,-0.24
92,2,person,0.9282,484.3,65.41,841.08,591.24,662.69,328.33,356.78,525.83,187606.27,0.68,Vertical Oblong,Blue,"(99, 60, 48)",2,VISIBLE,1.28,-0.44
92,5,car,0.1936,283.69,329.7,380.27,362.44,331.98,346.07,96.58,32.74,3162.22,2.95,Horizontal Oblong,Green,"(72, 44, 76)",5,VISIBLE,22.69,0.07
93,1,motorcycle,0.9325,277.19,244.38,1049.83,689.8,663.51,467.09,772.64,445.42,344150.17,1.73,Horizontal Oblong,Green,"(55, 58, 56)",1,VISIBLE,1.82,-0.07
93,2,person,0.9253,487.41,65.59,841.42,591.15,664.42,328.37,354.01,525.56,186053.49,0.67,Vertical Oblong,Blue,"(100, 60, 49)",2,VISIBLE,1.59,-0.1
93,5,car,0.1785,305.55,330.22,390.03,362.41,347.79,346.32,84.48,32.19,2719.58,2.62,Horizontal Oblong,Blue,"(88, 48, 75)",5,VISIBLE,17.87,0.19
94,1,motorcycle,0.9314,278.08,244.86,1050.84,689.86,664.46,467.36,772.76,445.0,343874.78,1.74,Horizontal Oblong,Green,"(54, 58, 56)",1,VISIBLE,1.21,0.17
94,2,person,0.9296,495.2,66.64,841.02,591.1,668.11,328.87,345.82,524.46,181367.29,0.66,Vertical Oblong,Blue,"(100, 58, 48)",2,VISIBLE,3.06,0.32
94,5,car,0.2048,326.46,331.26,397.53,362.49,361.99,346.88,71.07,31.23,2219.14,2.28,Horizontal Oblong,Blue,"(93, 48, 73)",5,VISIBLE,15.31,0.45
95,1,motorcycle,0.9313,278.21,245.49,1051.11,690.06,664.66,467.78,772.9,444.57,343605.61,1.74,Horizontal Oblong,Green,"(52, 58, 58)",1,VISIBLE,0.5,0.34
95,2,person,0.9338,499.76,68.73,840.59,591.49,670.18,330.11,340.83,522.75,178168.98,0.65,Vertical Oblong,Blue,"(100, 56, 48)",2,VISIBLE,2.36,0.96
95,5,car,0.2048,349.08,331.65,413.14,362.53,381.11,347.09,64.06,30.88,1978.01,2.07,Horizontal Oblong,Blue,"(98, 50, 75)",5,VISIBLE,17.97,0.29
95,3,car,0.2112,93.16,335.11,162.49,368.97,127.82,352.04,69.33,33.86,2347.68,2.05,Horizontal Oblong,Green,"(41, 46, 93)",6,VISIBLE,-22.36,-0.77
96,1,motorcycle,0.9328,277.86,245.8,1049.49,689.68,663.68,467.74,771.63,443.89,342514.7,1.74,Horizontal Oblong,Green,"(50, 58, 58)",1,VISIBLE,-0.54,0.08
96,2,person,0.9385,501.68,71.36,839.71,591.98,670.7,331.67,338.03,520.62,175983.32,0.65,Vertical Oblong,Blue,"(100, 55, 48)",2,VISIBLE,1.07,1.38
96,5,car,0.2048,371.71,332.04,428.76,362.57,400.23,347.3,57.05,30.53,1741.74,1.87,Horizontal Oblong,Blue,"(100, 50, 76)",5,VISIBLE,18.78,0.24
96,3,car,0.155,108.4,335.97,163.45,366.41,135.93,351.19,55.05,30.44,1675.65,1.81,Horizontal Oblong,Green,"(39, 47, 97)",6,VISIBLE,-1.04,-0.83
97,1,motorcycle,0.9333,277.17,245.53,1047.06,689.32,662.12,467.43,769.89,443.79,341669.18,1.73,Horizontal Oblong,Green,"(55, 57, 56)",1,VISIBLE,-1.25,-0.2
97,2,person,0.9395,501.84,73.76,838.21,591.75,670.02,332.76,336.38,517.99,174238.17,0.65,Vertical Oblong,Blue,"(100, 55, 48)",2,VISIBLE,-0.15,1.17
97,5,car,0.2048,394.34,332.42,444.37,362.6,419.35,347.51,50.04,30.18,1510.35,1.66,Horizontal Oblong,Blue,"(101, 55, 58)",5,VISIBLE,19.02,0.21
97,3,car,0.155,113.68,336.25,164.72,365.85,139.2,351.05,51.04,29.6,1510.78,1.72,Horizontal Oblong,Green,"(50, 44, 83)",6,VISIBLE,1.98,-0.35
98,1,motorcycle,0.9306,276.5,245.22,1044.39,688.76,660.44,466.99,767.89,443.54,340592.95,1.73,Horizontal Oblong,Green,"(60, 57, 54)",1,VISIBLE,-1.55,-0.36
98,2,person,0.9357,499.03,75.78,836.02,591.03,667.52,333.4,336.98,515.25,173629.86,0.65,Vertical Oblong,Blue,"(100, 56, 47)",2,VISIBLE,-1.79,0.81
98,5,car,0.2048,416.96,332.81,459.99,362.64,438.47,347.72,43.03,29.84,1283.81,1.44,Horizontal Oblong,Blue,"(100, 55, 53)",5,VISIBLE,19.09,0.21
98,3,car,0.155,118.96,336.52,165.99,365.28,142.48,350.9,47.03,28.76,1352.64,1.64,Horizontal Oblong,Green,"(48, 42, 85)",6,VISIBLE,2.89,-0.21
98,7,car,0.2238,154.83,336.04,205.67,364.29,180.25,350.16,50.84,28.25,1436.34,1.8,Horizontal Oblong,Green,"(38, 41, 102)",7,VISIBLE,0.0,0.0
99,1,motorcycle,0.9284,276.33,245.19,1041.46,688.01,658.9,466.6,765.13,442.82,338812.71,1.73,Horizontal Oblong,Green,"(66, 56, 55)",1,VISIBLE,-1.55,-0.38
99,2,person,0.9289,496.26,77.12,833.26,589.63,664.76,333.38,336.99,512.51,172712.92,0.66,Vertical Oblong,Blue,"(100, 55, 47)",2,VISIBLE,-2.47,0.22
99,5,car,0.2048,439.59,333.19,475.6,362.68,457.6,347.94,36.02,29.49,1062.15,1.22,Spherical / Regular,Blue,"(100, 50, 43)",5,VISIBLE,19.11,0.21
99,3,can,0.1662,124.42,337.8,158.74,373.5,141.58,355.65,34.31,35.7,1225.07,0.96,Spherical / Regular,Green,"(47, 42, 85)",6,VISIBLE,0.24,3.26
99,7,car,0.2166,169.83,336.09,216.58,364.33,193.2,350.21,46.75,28.24,1320.28,1.66,Horizontal Oblong,Green,"(37, 41, 106)",7,VISIBLE,12.95,0.05
100,1,motorcycle,0.9311,276.84,245.43,1038.66,687.06,657.75,466.24,761.82,441.64,336447.17,1.72,Horizontal Oblong,Green,"(66, 55, 55)",1,VISIBLE,-1.27,-0.36
100,2,person,0.9384,495.29,77.58,830.33,588.5,662.81,333.04,335.04,510.91,171177.05,0.66,Vertical Oblong,Blue,"(100, 55, 47)",2,VISIBLE,-2.11,-0.17
100,3,can,0.1662,129.77,338.43,157.01,376.03,143.39,357.23,27.24,37.6,1024.26,0.72,Vertical Oblong,Green,"(39, 53, 111)",6,VISIBLE,1.34,2.08
100,7,car,0.2166,175.01,336.09,219.55,364.34,197.28,350.22,44.54,28.25,1258.13,1.58,Horizontal Oblong,Green,"(43, 45, 92)",7,VISIBLE,6.74,0.02
101,1,motorcycle,0.9282,277.93,246.12,1036.65,686.65,657.29,466.38,758.72,440.53,334236.36,1.72,Horizontal Oblong,Green,"(81, 55, 54)",1,VISIBLE,-0.7,-0.01
101,2,person,0.9363,493.86,78.15,827.99,587.33,660.93,332.74,334.13,509.18,170130.51,0.66,Vertical Oblong,Blue,"(100, 55, 48)",2,VISIBLE,-1.95,-0.26
101,3,can,0.1662,135.11,339.06,155.28,378.55,145.19,358.81,20.17,39.5,796.63,0.51,Vertical Oblong,Green,"(40, 61, 105)",6,VISIBLE,1.67,1.73
101,7,car,0.2166,180.19,336.1,222.51,364.36,201.35,350.23,42.32,28.26,1195.93,1.5,Horizontal Oblong,Green,"(44, 43, 86)",7,VISIBLE,4.87,0.02
101,5,car,0.3481,217.42,336.98,266.79,366.28,242.1,351.63,49.37,29.31,1446.96,1.68,Horizontal Oblong,Green,"(37, 43, 108)",8,VISIBLE,-69.69,1.36
102,1,motorcycle,0.9269,279.96,247.24,1034.9,686.32,657.43,466.78,754.94,439.08,331481.32,1.72,Horizontal Oblong,Green,"(84, 55, 54)",1,VISIBLE,-0.11,0.27
102,2,person,0.9356,491.72,79.28,825.67,586.54,658.69,332.91,333.95,507.26,169396.47,0.66,Vertical Oblong,Blue,"(100, 55, 49)",2,VISIBLE,-2.15,0.04
102,7,car,0.2166,185.38,336.1,225.48,364.37,205.43,350.23,40.1,28.27,1133.69,1.42,Horizontal Oblong,Green,"(38, 43, 91)",7,VISIBLE,4.32,0.01
102,5,car,0.3844,232.33,337.24,282.13,367.3,257.23,352.27,49.8,30.06,1496.91,1.66,Horizontal Oblong,Yellow,"(34, 46, 116)",8,VISIBLE,-10.32,0.86
103,1,motorcycle,0.9288,282.94,248.9,1033.35,685.87,658.15,467.39,750.41,436.98,327911.89,1.72,Horizontal Oblong,Green,"(84, 54, 53)",1,VISIBLE,0.47,0.51
103,2,person,0.9355,489.39,80.02,823.1,585.71,656.25,332.86,333.71,505.69,168751.98,0.66,Vertical Oblong,Blue,"(100, 56, 49)",2,VISIBLE,-2.36,-0.02
103,5,car,0.3844,237.63,337.35,287.7,367.73,262.66,352.54,50.06,30.37,1520.53,1.65,Horizontal Oblong,Green,"(35, 47, 101)",8,VISIBLE,0.71,0.45
104,1,motorcycle,0.931,286.68,252.03,1032.34,685.51,659.51,468.77,745.66,433.48,323227.42,1.72,Horizontal Oblong,Green,"(84, 54, 53)",1,VISIBLE,1.1,1.12
104,2,person,0.9353,487.01,82.32,821.34,585.78,654.17,334.05,334.33,503.46,168321.22,0.66,Vertical Oblong,Blue,"(100, 55, 50)",2,VISIBLE,-2.16,0.82
104,5,car,0.3844,242.94,337.47,293.27,368.15,268.1,352.81,50.33,30.68,1544.31,1.64,Horizontal Oblong,Green,"(43, 46, 92)",8,VISIBLE,4.02,0.32
104,7,car,0.3988,281.4,338.53,330.14,367.39,305.77,352.96,48.74,28.85,1406.24,1.69,Horizontal Oblong,Yellow,"(34, 45, 123)",9,VISIBLE,36.41,0.96
105,1,motorcycle,0.9327,291.37,254.16,1031.43,684.94,661.4,469.55,740.06,430.77,318796.29,1.72,Horizontal Oblong,Blue,"(87, 53, 53)",1,VISIBLE,1.65,0.88
105,2,person,0.9357,484.89,84.59,820.8,585.47,652.85,335.03,335.9,500.87,168245.56,0.67,Vertical Oblong,Blue,"(100, 54, 50)",2,VISIBLE,-1.58,0.93
105,5,car,0.3844,248.24,337.58,298.84,368.57,273.54,353.08,50.59,31.0,1568.26,1.63,Horizontal Oblong,Green,"(38, 47, 96)",8,VISIBLE,5.01,0.28
105,7,car,0.3988,282.8,338.59,331.61,367.46,307.2,353.02,48.8,28.88,1409.13,1.69,Horizontal Oblong,Green,"(37, 46, 95)",9,VISIBLE,11.93,0.33
106,1,motorcycle,0.9305,296.79,255.37,1030.7,684.3,663.75,469.83,733.91,428.93,314795.92,1.71,Horizontal Oblong,Green,"(84, 52, 54)",1,VISIBLE,2.14,0.46
106,2,person,0.9367,484.35,87.2,821.17,585.05,652.76,336.12,336.82,497.85,167685.15,0.68,Vertical Oblong,Blue,"(100, 53, 50)",2,VISIBLE,-0.53,1.05
106,7,car,0.3988,284.21,338.64,333.07,367.54,308.64,353.09,48.86,28.9,1412.02,1.69,Horizontal Oblong,Green,"(41, 46, 98)",9,VISIBLE,4.58,0.15
106,10,car,0.5744,999.36,352.36,1072.12,396.85,1035.74,374.6,72.76,44.49,3236.88,1.64,Horizontal Oblong,Green,"(62, 50, 56)",10,VISIBLE,0.0,0.0
106,11,car,0.2857,324.34,340.11,370.21,366.94,347.27,353.52,45.87,26.82,1230.53,1.71,Horizontal Oblong,Yellow,"(32, 41, 111)",11,VISIBLE,0.0,0.0
107,1,motorcycle,0.9297,302.98,256.86,1029.96,683.54,666.47,470.2,726.98,426.68,310185.31,1.7,Horizontal Oblong,Green,"(81, 52, 56)",1,VISIBLE,2.55,0.39
107,2,person,0.9397,485.96,89.11,821.46,584.19,653.71,336.65,335.5,495.08,166101.16,0.68,Vertical Oblong,Blue,"(100, 52, 51)",2,VISIBLE,0.51,0.68
107,10,car,0.6075,1017.93,352.61,1091.33,397.09,1054.63,374.85,73.41,44.49,3265.69,1.65,Horizontal Oblong,Green,"(62, 59, 55)",10,VISIBLE,18.89,0.25
107,11,car,0.2857,325.61,340.12,371.89,366.85,348.75,353.49,46.28,26.72,1236.77,1.73,Horizontal Oblong,Green,"(44, 42, 92)",11,VISIBLE,1.48,-0.04
108,1,motorcycle,0.9271,309.24,258.17,1028.95,682.69,669.09,470.43,719.71,424.52,305531.53,1.7,Horizontal Oblong,Green,"(81, 51, 56)",1,VISIBLE,2.6,0.28
108,2,person,0.9373,486.21,91.21,821.48,582.98,653.85,337.09,335.27,491.76,164874.58,0.68,Vertical Oblong,Blue,"(100, 51, 50)",2,VISIBLE,0.25,0.52
108,10,car,0.6769,1040.96,352.98,1115.66,397.17,1078.31,375.08,74.7,44.18,3300.33,1.69,Horizontal Oblong,Green,"(66, 56, 55)",10,VISIBLE,22.24,0.23
108,11,car,0.2857,326.89,340.14,373.57,366.76,350.23,353.45,46.68,26.62,1242.92,1.75,Horizontal Oblong,Green,"(47, 40, 93)",11,VISIBLE,1.48,-0.04
109,1,motorcycle,0.9241,314.83,259.21,1027.39,681.23,671.11,470.22,712.56,422.01,300706.01,1.69,Horizontal Oblong,Green,"(69, 50, 57)",1,VISIBLE,2.19,-0.06
109,2,person,0.9372,488.28,93.11,822.14,581.7,655.21,337.4,333.86,488.59,163121.11,0.68,Vertical Oblong,Blue,"(99, 51, 52)",2,VISIBLE,1.03,0.37
109,10,car,0.7135,1069.18,352.92,1144.35,398.14,1106.77,375.53,75.17,45.22,3398.99,1.66,Horizontal Oblong,Green,"(62, 57, 52)",10,VISIBLE,26.59,0.39
110,1,motorcycle,0.9208,319.51,259.98,1024.0,679.27,671.75,469.62,704.5,419.29,295392.28,1.68,Horizontal Oblong,Green,"(66, 50, 59)",1,VISIBLE,1.11,-0.44
110,2,person,0.9387,489.64,94.91,821.35,580.06,655.5,337.48,331.71,485.15,160931.32,0.68,Vertical Oblong,Blue,"(100, 52, 54)",2,VISIBLE,0.51,0.17
110,10,car,0.6448,1097.59,353.09,1173.71,398.93,1135.65,376.01,76.12,45.84,3489.1,1.66,Horizontal Oblong,Green,"(55, 53, 52)",10,VISIBLE,28.2,0.45
110,12,car,0.3302,0.01,321.43,63.37,370.84,31.69,346.14,63.36,49.41,3130.14,1.28,Horizontal Oblong,Green,"(39, 42, 70)",12,VISIBLE,0.0,0.0
111,1,motorcycle,0.9192,323.27,260.51,1020.17,677.4,671.72,468.95,696.9,416.9,290535.47,1.67,Horizontal Oblong,Green,"(66, 50, 58)",1,VISIBLE,0.31,-0.6
111,2,person,0.9429,491.35,96.5,819.6,578.87,655.47,337.69,328.25,482.37,158336.49,0.68,Vertical Oblong,Blue,"(98, 53, 54)",2,VISIBLE,0.14,0.19
111,10,car,0.7062,1125.17,353.38,1202.26,399.84,1163.71,376.61,77.09,46.46,3581.53,1.66,Horizontal Oblong,Green,"(55, 55, 53)",10,VISIBLE,28.1,0.56
111,12,car,0.4079,0.0,321.91,79.7,370.83,39.85,346.37,79.69,48.93,3899.26,1.63,Horizontal Oblong,Green,"(39, 47, 80)",12,VISIBLE,8.16,0.23
112,1,motorcycle,0.9136,326.49,261.03,1015.59,675.42,671.04,468.23,689.1,414.39,285555.13,1.66,Horizontal Oblong,Green,"(62, 51, 61)",1,VISIBLE,-0.38,-0.69
112,2,person,0.9456,492.17,97.65,817.23,578.36,654.7,338.01,325.06,480.71,156260.34,0.68,Vertical Oblong,Blue,"(95, 53, 57)",2,VISIBLE,-0.5,0.28
112,10,car,0.7508,1150.76,353.68,1229.43,400.28,1190.1,376.98,78.67,46.6,3665.88,1.69,Horizontal Oblong,Green,"(50, 53, 58)",10,VISIBLE,26.9,0.43
112,12,car,0.4765,0.02,322.49,99.88,370.31,49.95,346.4,99.86,47.82,4775.35,2.09,Horizontal Oblong,Green,"(38, 48, 80)",12,VISIBLE,9.52,0.09
112,13,car,0.67,967.51,347.21,1027.62,389.29,997.56,368.25,60.11,42.09,2529.64,1.43,Horizontal Oblong,Green,"(66, 43, 63)",13,VISIBLE,0.0,0.0
113,1,motorcycle,0.9132,329.41,261.77,1010.42,673.2,669.91,467.48,681.01,411.43,280188.11,1.66,Horizontal Oblong,Green,"(62, 51, 61)",1,VISIBLE,-0.9,-0.73
113,2,person,0.9379,488.97,98.86,814.32,577.5,651.64,338.18,325.35,478.64,155725.11,0.68,Vertical Oblong,Blue,"(95, 55, 59)",2,VISIBLE,-2.29,0.21
113,10,car,0.6761,1176.02,354.11,1255.25,401.05,1215.63,377.58,79.23,46.94,3718.99,1.69,Horizontal Oblong,Green,"(44, 54, 62)",10,VISIBLE,25.95,0.55
113,12,car,0.4742,0.12,322.83,123.04,370.0,61.58,346.42,122.92,47.17,5797.95,2.61,Horizontal Oblong,Green,"(38, 48, 77)",12,VISIBLE,11.0,0.04
113,13,car,0.7038,982.65,347.58,1042.38,390.31,1012.51,368.95,59.73,42.74,2552.77,1.4,Horizontal Oblong,Green,"(62, 48, 62)",13,VISIBLE,14.95,0.69
114,1,motorcycle,0.9164,331.93,262.98,1004.18,670.92,668.06,466.95,672.25,407.94,274239.21,1.65,Horizontal Oblong,Green,"(60, 51, 63)",1,VISIBLE,-1.57,-0.59
114,2,person,0.9378,487.02,100.41,810.6,576.91,648.81,338.66,323.58,476.5,154185.31,0.68,Vertical Oblong,Blue,"(95, 55, 60)",2,VISIBLE,-2.67,0.4
114,10,car,0.6871,1200.17,354.68,1279.64,401.78,1239.9,378.23,79.47,47.09,3742.53,1.69,Horizontal Oblong,Green,"(43, 53, 62)",10,VISIBLE,24.77,0.62
114,12,car,0.4674,8.63,323.1,147.05,370.35,77.84,346.73,138.42,47.25,6539.77,2.93,Horizontal Oblong,Green,"(38, 45, 75)",12,VISIBLE,14.68,0.23
114,13,car,0.7221,1001.34,348.09,1061.55,391.55,1031.44,369.82,60.2,43.47,2616.82,1.39,Horizontal Oblong,Green,"(62, 47, 59)",13,VISIBLE,17.74,0.82
115,1,motorcycle,0.918,333.86,264.38,997.22,668.66,665.54,466.52,663.37,404.28,268185.73,1.64,Horizontal Oblong,Green,"(60, 51, 62)",1,VISIBLE,-2.23,-0.48
115,2,person,0.9406,485.0,102.39,807.31,576.34,646.15,339.36,322.31,473.95,152756.66,0.68,Vertical Oblong,Blue,"(95, 55, 60)",2,VISIBLE,-2.66,0.61
115,10,car,0.7355,1223.95,356.04,1293.47,402.33,1258.71,379.19,69.51,46.29,3217.44,1.5,Horizontal Oblong,Green,"(55, 55, 55)",10,VISIBLE,20.6,0.85
115,12,car,0.5882,24.35,323.59,170.19,371.37,97.27,347.48,145.84,47.78,6967.92,3.05,Horizontal Oblong,Green,"(38, 44, 78)",12,VISIBLE,18.01,0.6
115,13,car,0.6732,1023.44,348.74,1083.33,392.8,1053.38,370.77,59.89,44.07,2639.05,1.36,Horizontal Oblong,Green,"(62, 48, 59)",13,VISIBLE,20.68,0.91
116,1,motorcycle,0.916,335.12,266.04,990.19,666.7,662.66,466.37,655.06,400.66,262455.02,1.63,Horizontal Oblong,Green,"(50, 52, 66)",1,VISIBLE,-2.69,-0.25
116,2,person,0.9415,482.61,104.29,802.22,576.2,642.41,340.25,319.61,471.9,150826.63,0.68,Vertical Oblong,Blue,"(95, 55, 60)",2,VISIBLE,-3.42,0.8
116,10,car,0.6197,1246.93,356.5,1299.59,403.04,1273.26,379.77,52.66,46.54,2450.93,1.13,Spherical / Regular,Green,"(60, 56, 62)",10,VISIBLE,16.36,0.67
116,12,car,0.552,46.21,324.19,191.42,370.95,118.82,347.57,145.21,46.76,6790.18,3.11,Horizontal Oblong,Green,"(38, 44, 81)",12,VISIBLE,20.48,0.24
116,13,car,0.6586,1045.94,349.22,1106.04,393.76,1075.99,371.49,60.09,44.54,2676.41,1.35,Horizontal Oblong,Green,"(60, 46, 59)",13,VISIBLE,22.03,0.78
117,1,motorcycle,0.9127,335.78,267.66,982.69,664.58,659.23,466.12,646.91,396.92,256768.48,1.63,Horizontal Oblong,Green,"(58, 52, 65)",1,VISIBLE,-3.2,-0.25
117,2,person,0.9476,476.96,106.09,796.62,576.42,636.79,341.26,319.65,470.33,150341.42,0.68,Vertical Oblong,Blue,"(95, 54, 59)",2,VISIBLE,-4.96,0.95
117,10,car,0.6197,1270.66,357.08,1317.31,403.69,1293.99,380.39,46.65,46.62,2174.75,1.0,Spherical / Regular,Green,"(55, 60, 52)",10,VISIBLE,19.42,0.63
117,12,car,0.3987,75.58,324.58,211.79,370.74,143.68,347.66,136.21,46.16,6287.93,2.95,Horizontal Oblong,Green,"(38, 44, 82)",12,VISIBLE,23.55,0.14
117,13,car,0.7565,1067.81,349.71,1128.44,394.52,1098.13,372.12,60.64,44.81,2716.95,1.35,Horizontal Oblong,Green,"(66, 44, 58)",13,VISIBLE,22.1,0.67
118,1,motorcycle,0.9156,335.83,268.56,975.5,661.94,655.66,465.25,639.67,393.38,251635.43,1.63,Horizontal Oblong,Green,"(62, 52, 66)",1,VISIBLE,-3.46,-0.68
118,2,person,0.9456,472.89,107.42,791.44,576.22,632.17,341.82,318.56,468.79,149336.98,0.68,Vertical Oblong,Blue,"(95, 53, 60)",2,VISIBLE,-4.73,0.68
118,10,car,0.6197,1294.39,357.65,1335.03,404.34,1314.71,381.0,40.64,46.69,1897.65,0.87,Spherical / Regular,Neutral,"(0, 0, 0)",10,VISIBLE,20.33,0.62
118,12,car,0.24,111.08,325.14,230.82,371.53,170.95,348.33,119.74,46.39,5554.38,2.58,Horizontal Oblong,Green,"(35, 44, 86)",12,VISIBLE,26.15,0.51
118,13,car,0.694,1089.34,349.95,1150.23,394.87,1119.79,372.41,60.89,44.92,2734.96,1.36,Horizontal Oblong,Green,"(66, 45, 57)",13,VISIBLE,21.79,0.41
119,1,motorcycle,0.9189,335.52,269.36,968.62,659.07,652.07,464.21,633.1,389.71,246727.86,1.62,Horizontal Oblong,Green,"(69, 51, 62)",1,VISIBLE,-3.55,-0.93
119,2,person,0.9474,470.59,109.4,785.36,575.71,627.98,342.55,314.77,466.31,146779.14,0.68,Vertical Oblong,Blue,"(94, 53, 60)",2,VISIBLE,-4.35,0.72
119,10,car,0.6197,1318.12,358.22,1352.75,404.99,1335.44,381.61,34.63,46.77,1619.64,0.74,Vertical Oblong,Neutral,"(0, 0, 0)",10,VISIBLE,20.61,0.61
119,12,car,0.4078,122.13,325.7,248.68,372.2,185.41,348.95,126.55,46.5,5884.3,2.72,Horizontal Oblong,Green,"(36, 46, 86)",12,VISIBLE,17.96,0.58
119,13,car,0.653,1110.37,350.02,1171.46,394.83,1140.92,372.43,61.09,44.81,2737.56,1.36,Horizontal Oblong,Green,"(72, 48, 58)",13,VISIBLE,21.33,0.13
120,1,motorcycle,0.916,334.61,269.88,961.75,656.45,648.18,463.16,627.14,386.57,242433.4,1.62,Horizontal Oblong,Green,"(72, 51, 64)",1,VISIBLE,-3.79,-1.01
120,2,person,0.9416,467.3,111.65,778.76,575.03,623.03,343.34,311.46,463.38,144323.26,0.67,Vertical Oblong,Blue,"(94, 52, 63)",2,VISIBLE,-4.77,0.77
120,10,car,0.6197,1341.85,358.8,1370.47,405.64,1356.16,382.22,28.62,46.85,1340.71,0.61,Vertical Oblong,Neutral,"(0, 0, 0)",10,VISIBLE,20.69,0.61
120,12,car,0.3919,137.05,327.91,266.36,372.86,201.7,350.38,129.31,44.95,5812.13,2.88,Horizontal Oblong,Green,"(36, 43, 86)",12,VISIBLE,16.8,1.18
120,13,car,0.588,1130.54,349.94,1191.66,394.68,1161.1,372.31,61.11,44.74,2734.02,1.37,Horizontal Oblong,Green,"(73, 46, 57)",13,VISIBLE,20.53,-0.04
121,1,motorcycle,0.912,332.6,271.0,953.96,653.56,643.28,462.28,621.36,382.56,237708.71,1.62,Horizontal Oblong,Green,"(84, 49, 59)",1,VISIBLE,-4.57,-0.92
121,2,person,0.9408,467.27,114.08,772.78,573.51,620.02,343.8,305.52,459.42,140361.08,0.67,Vertical Oblong,Blue,"(94, 52, 63)",2,VISIBLE,-3.53,0.55
121,10,car,0.6197,1365.58,359.37,1388.19,406.29,1376.89,382.83,22.61,46.92,1060.86,0.48,Vertical Oblong,Neutral,"(0, 0, 0)",10,VISIBLE,20.71,0.61
121,12,car,0.6207,153.52,327.6,283.01,372.84,218.26,350.22,129.49,45.24,5857.84,2.86,Horizontal Oblong,Yellow,"(34, 46, 93)",12,VISIBLE,16.63,0.24
121,13,car,0.6717,1150.5,349.77,1211.16,394.71,1180.83,372.24,60.66,44.94,2725.84,1.35,Horizontal Oblong,Green,"(73, 45, 55)",13,VISIBLE,19.97,-0.06
121,14,car,0.2835,0.0,326.93,45.36,372.52,22.68,349.72,45.36,45.59,2067.82,1.0,Spherical / Regular,Green,"(38, 46, 75)",14,VISIBLE,0.0,0.0
122,1,motorcycle,0.9121,330.25,272.23,946.61,650.95,638.43,461.59,616.36,378.72,233428.67,1.63,Horizontal Oblong,Green,"(84, 49, 57)",1,VISIBLE,-4.77,-0.76
122,2,person,0.938,465.38,116.71,766.48,571.68,615.93,344.19,301.1,454.97,136992.63,0.66,Vertical Oblong,Blue,"(94, 52, 61)",2,VISIBLE,-3.93,0.44
122,12,car,0.6482,169.59,326.85,298.95,371.97,234.27,349.41,129.35,45.12,5835.84,2.87,Horizontal Oblong,Yellow,"(34, 44, 99)",12,VISIBLE,16.19,-0.5
122,13,car,0.6113,1169.33,349.68,1230.15,394.88,1199.74,372.28,60.82,45.2,2748.81,1.35,Horizontal Oblong,Green,"(80, 42, 60)",13,VISIBLE,19.23,0.01
122,14,car,0.4504,0.0,322.02,57.09,373.32,28.54,347.67,57.09,51.3,2928.49,1.11,Spherical / Regular,Green,"(50, 48, 76)",14,VISIBLE,5.86,-2.06
123,1,motorcycle,0.9115,327.7,273.49,938.2,648.48,632.95,460.99,610.51,374.99,228934.41,1.63,Horizontal Oblong,Green,"(84, 49, 55)",1,VISIBLE,-5.27,-0.65
123,2,person,0.9413,462.06,118.97,759.78,570.2,610.92,344.59,297.72,451.24,134340.65,0.66,Vertical Oblong,Blue,"(94, 51, 59)",2,VISIBLE,-4.68,0.41
123,12,car,0.3608,185.9,326.65,297.03,369.29,241.47,347.97,111.13,42.64,4738.39,2.61,Horizontal Oblong,Yellow,"(34, 43, 96)",12,VISIBLE,9.89,-1.16
123,13,car,0.636,1187.26,349.66,1248.71,394.92,1217.98,372.29,61.45,45.27,2781.49,1.36,Horizontal Oblong,Green,"(81, 41, 63)",13,VISIBLE,18.54,0.01
123,14,car,0.4573,0.0,320.74,72.37,374.39,36.19,347.56,72.37,53.65,3883.17,1.35,Horizontal Oblong,Green,"(66, 48, 79)",14,VISIBLE,7.11,-0.69
123,15,car,0.4816,851.8,340.14,972.45,373.94,912.12,357.04,120.66,33.8,4078.4,3.57,Horizontal Oblong,Green,"(43, 53, 90)",15,VISIBLE,0.0,0.0
124,1,motorcycle,0.9074,325.23,274.88,929.68,645.78,627.45,460.33,604.46,370.89,224188.61,1.63,Horizontal Oblong,Green,"(84, 48, 52)",1,VISIBLE,-5.43,-0.65
124,2,person,0.9428,459.82,121.58,752.87,568.53,606.34,345.06,293.05,446.95,130978.05,0.66,Vertical Oblong,Blue,"(94, 50, 56)",2,VISIBLE,-4.61,0.45
124,12,car,0.331,204.76,326.88,308.38,367.99,256.57,347.44,103.62,41.11,4260.48,2.52,Horizontal Oblong,Yellow,"(34, 40, 86)",12,VISIBLE,13.54,-0.72
124,13,car,0.5616,1196.35,349.65,1266.25,395.98,1231.3,372.82,69.89,46.34,3238.67,1.51,Horizontal Oblong,Green,"(72, 45, 57)",13,VISIBLE,14.88,0.37
124,14,car,0.6218,0.0,321.5,90.28,375.49,45.14,348.49,90.28,53.99,4874.06,1.67,Horizontal Oblong,Green,"(60, 47, 82)",14,VISIBLE,8.4,0.44
124,15,car,0.6046,866.62,340.77,984.0,374.16,925.31,357.46,117.38,33.39,3918.89,3.52,Horizontal Oblong,Green,"(43, 53, 80)",15,VISIBLE,13.19,0.43
125,1,motorcycle,0.9093,322.45,277.02,921.07,643.49,621.76,460.26,598.62,366.48,219381.29,1.63,Horizontal Oblong,Blue,"(90, 48, 51)",1,VISIBLE,-5.61,-0.25
125,2,person,0.9412,457.62,125.0,746.35,567.54,601.99,346.27,288.73,442.54,127771.69,0.65,Vertical Oblong,Blue,"(95, 50, 55)",2,VISIBLE,-4.43,0.99
125,12,car,0.2627,218.6,327.37,326.68,369.05,272.64,348.21,108.08,41.68,4504.93,2.59,Horizontal Oblong,Green,"(37, 44, 86)",12,VISIBLE,15.31,0.33
125,13,car,0.5648,1208.53,349.85,1282.75,398.15,1245.64,374.0,74.22,48.3,3584.93,1.54,Horizontal Oblong,Green,"(72, 44, 57)",13,VISIBLE,14.5,0.94
125,14,car,0.5594,0.0,322.77,111.2,376.31,55.6,349.54,111.2,53.54,5953.5,2.08,Horizontal Oblong,Green,"(81, 46, 90)",14,VISIBLE,9.84,0.86
125,15,car,0.585,882.84,341.23,998.47,374.64,940.65,357.93,115.62,33.41,3863.44,3.46,Horizontal Oblong,Green,"(44, 54, 78)",15,VISIBLE,14.7,0.46
126,1,motorcycle,0.9078,319.31,278.99,912.83,641.96,616.07,460.48,593.52,362.98,215432.67,1.64,Horizontal Oblong,Green,"(84, 48, 50)",1,VISIBLE,-5.67,0.08
126,2,person,0.9372,455.44,127.94,740.49,566.44,597.97,347.19,285.05,438.5,124992.46,0.65,Vertical Oblong,Blue,"(94, 50, 54)",2,VISIBLE,-4.14,0.94
126,12,car,0.3697,233.82,328.12,346.11,369.66,289.96,348.89,112.29,41.54,4664.25,2.7,Horizontal Oblong,Green,"(38, 44, 83)",12,VISIBLE,16.72,0.57
126,13,car,0.4777,1223.03,350.63,1291.66,399.85,1257.34,375.24,68.63,49.23,3378.5,1.39,Horizontal Oblong,Green,"(66, 44, 60)",13,VISIBLE,12.54,1.15
126,14,car,0.6254,0.0,324.0,127.45,376.99,63.72,350.49,127.45,52.99,6753.34,2.41,Horizontal Oblong,Blue,"(87, 45, 91)",14,VISIBLE,8.64,0.93
126,15,car,0.4829,900.48,341.7,1013.69,375.44,957.08,358.57,113.21,33.74,3819.14,3.36,Horizontal Oblong,Green,"(42, 53, 83)",15,VISIBLE,15.91,0.58
127,1,motorcycle,0.911,316.44,280.73,905.65,640.27,611.04,460.5,589.21,359.54,211844.02,1.64,Horizontal Oblong,Blue,"(90, 48, 50)",1,VISIBLE,-5.22,0.04
127,2,person,0.9321,451.72,131.03,734.9,564.34,593.31,347.68,283.18,433.31,122707.08,0.65,Vertical Oblong,Blue,"(94, 49, 54)",2,VISIBLE,-4.5,0.63
127,12,car,0.4585,249.66,328.59,363.63,370.63,306.64,349.61,113.98,42.05,4792.21,2.71,Horizontal Oblong,Green,"(38, 46, 84)",12,VISIBLE,16.69,0.68
127,13,car,0.4777,1238.13,350.88,1307.41,400.95,1272.77,375.92,69.28,50.07,3468.67,1.38,Horizontal Oblong,Green,"(60, 52, 56)",13,VISIBLE,14.56,0.82
127,14,car,0.4245,0.0,325.0,144.21,377.11,72.1,351.05,144.21,52.11,7514.51,2.77,Horizontal Oblong,Green,"(81, 46, 86)",14,VISIBLE,8.46,0.67
127,15,car,0.5106,917.23,342.18,1029.61,376.14,973.42,359.16,112.38,33.96,3816.18,3.31,Horizontal Oblong,Green,"(43, 54, 82)",15,VISIBLE,16.21,0.59
128,1,motorcycle,0.9155,314.05,281.9,899.24,638.43,606.64,460.17,585.19,356.53,208641.97,1.64,Horizontal Oblong,Green,"(84, 48, 49)",1,VISIBLE,-4.65,-0.22
128,2,person,0.9337,447.18,133.51,729.01,562.58,588.1,348.05,281.83,429.07,120923.0,0.66,Vertical Oblong,Blue,"(94, 49, 52)",2,VISIBLE,-5.0,0.44
128,12,car,0.3343,264.89,328.9,367.51,370.29,316.2,349.59,102.62,41.38,4246.69,2.48,Horizontal Oblong,Green,"(37, 46, 92)",12,VISIBLE,11.7,0.19
128,13,car,0.4777,1253.23,351.14,1323.16,402.05,1288.19,376.59,69.92,50.91,3559.93,1.37,Horizontal Oblong,Green,"(54, 53, 59)",13,VISIBLE,15.17,0.72
128,14,car,0.5177,1.24,325.49,160.14,377.22,80.69,351.36,158.91,51.73,8219.59,3.07,Horizontal Oblong,Green,"(72, 46, 87)",14,VISIBLE,8.55,0.41
128,15,car,0.4993,932.97,342.37,1046.24,376.77,989.6,359.57,113.26,34.41,3897.37,3.29,Horizontal Oblong,Green,"(44, 53, 77)",15,VISIBLE,16.19,0.46
129,1,motorcycle,0.92,311.83,282.76,893.23,636.55,602.53,459.66,581.4,353.8,205698.27,1.64,Horizontal Oblong,Blue,"(90, 59, 53)",1,VISIBLE,-4.27,-0.42
129,2,person,0.9353,442.51,135.6,724.25,560.52,583.38,348.06,281.74,424.92,119715.4,0.66,Vertical Oblong,Blue,"(95, 60, 52)",2,VISIBLE,-4.8,0.14
129,12,car,0.5356,272.59,328.61,374.76,370.3,323.67,349.45,102.17,41.68,4258.64,2.45,Horizontal Oblong,Green,"(38, 48, 85)",12,VISIBLE,8.74,-0.04
129,13,car,0.4777,1268.34,351.39,1338.91,403.15,1303.62,377.27,70.57,51.75,3652.28,1.36,Horizontal Oblong,Green,"(52, 58, 40)",13,VISIBLE,15.35,0.69
129,14,car,0.7304,9.9,325.34,177.84,376.95,93.87,351.14,167.94,51.61,8666.91,3.25,Horizontal Oblong,Green,"(69, 47, 79)",14,VISIBLE,11.79,-0.02
129,15,car,0.4244,947.87,342.11,1061.46,377.33,1004.66,359.72,113.59,35.22,4000.66,3.23,Horizontal Oblong,Green,"(44, 53, 74)",15,VISIBLE,15.4,0.24
129,16,car,0.4027,850.23,342.81,901.15,371.45,875.69,357.13,50.92,28.64,1458.22,1.78,Horizontal Oblong,Yellow,"(34, 63, 94)",16,VISIBLE,0.0,0.0
130,1,motorcycle,0.9169,310.41,283.44,887.39,634.64,598.9,459.04,576.98,351.2,202634.8,1.64,Horizontal Oblong,Blue,"(90, 60, 54)",1,VISIBLE,-3.82,-0.56
130,2,person,0.9356,440.42,136.88,719.95,559.25,580.18,348.06,279.52,422.37,118062.29,0.66,Vertical Oblong,Blue,"(98, 62, 50)",2,VISIBLE,-3.68,0.05
130,12,car,0.5189,281.76,328.42,383.19,369.47,332.48,348.95,101.44,41.05,4164.33,2.47,Horizontal Oblong,Green,"(38, 46, 82)",12,VISIBLE,8.78,-0.37
130,13,car,0.4777,1283.44,351.65,1354.66,404.25,1319.05,377.95,71.22,52.6,3745.72,1.35,Horizontal Oblong,Neutral,"(0, 0, 0)",13,VISIBLE,15.4,0.68
130,14,car,0.6772,23.01,324.74,194.13,376.6,108.57,350.67,171.13,51.86,8874.23,3.3,Horizontal Oblong,Green,"(69, 47, 83)",14,VISIBLE,13.83,-0.34
130,15,car,0.4386,962.13,341.82,1077.8,377.3,1019.96,359.56,115.68,35.49,4104.83,3.26,Horizontal Oblong,Green,"(43, 55, 76)",15,VISIBLE,15.33,-0.04
130,16,car,0.5559,857.24,342.74,912.21,371.37,884.72,357.06,54.98,28.63,1573.95,1.92,Horizontal Oblong,Yellow,"(33, 62, 99)",16,VISIBLE,9.03,-0.08
131,1,motorcycle,0.9152,309.42,284.24,882.81,632.97,596.12,458.61,573.4,348.73,199959.84,1.64,Horizontal Oblong,Green,"(84, 62, 61)",1,VISIBLE,-3.1,-0.47
131,2,person,0.9328,439.27,138.1,716.22,558.12,577.74,348.11,276.95,420.01,116322.75,0.66,Vertical Oblong,Blue,"(95, 64, 56)",2,VISIBLE,-2.81,0.05
131,12,car,0.5683,292.9,328.42,390.49,368.51,341.69,348.47,97.59,40.09,3911.91,2.43,Horizontal Oblong,Green,"(38, 47, 82)",12,VISIBLE,9.09,-0.45
131,13,car,0.4777,1298.54,351.91,1370.41,405.34,1334.47,378.63,71.86,53.44,3840.25,1.34,Horizontal Oblong,Neutral,"(0, 0, 0)",13,VISIBLE,15.42,0.68
131,14,car,0.6927,38.52,324.33,210.93,376.46,124.73,350.4,172.41,52.13,8987.96,3.31,Horizontal Oblong,Green,"(55, 47, 84)",14,VISIBLE,15.46,-0.29
131,15,car,0.4156,976.32,341.67,1093.01,377.3,1034.67,359.49,116.68,35.63,4156.92,3.28,Horizontal Oblong,Green,"(46, 59, 73)",15,VISIBLE,14.89,-0.06
131,16,car,0.443,867.95,342.65,924.9,371.49,896.43,357.07,56.96,28.84,1642.65,1.97,Horizontal Oblong,Yellow,"(34, 60, 89)",16,VISIBLE,10.9,-0.01
132,1,motorcycle,0.9165,309.14,284.85,879.42,631.47,594.28,458.16,570.27,346.62,197668.56,1.65,Horizontal Oblong,Green,"(73, 63, 62)",1,VISIBLE,-2.21,-0.45
132,2,person,0.9333,438.33,139.37,713.62,556.85,575.98,348.11,275.29,417.48,114926.87,0.66,Vertical Oblong,Blue,"(95, 64, 57)",2,VISIBLE,-2.08,0.01
132,12,car,0.5135,304.9,328.56,395.15,367.32,350.02,347.94,90.25,38.76,3498.29,2.33,Horizontal Oblong,Green,"(42, 47, 79)",12,VISIBLE,8.56,-0.5
132,14,car,0.6131,56.02,324.27,221.56,376.33,138.79,350.3,165.54,52.05,8616.57,3.18,Horizontal Oblong,Green,"(54, 47, 78)",14,VISIBLE,14.48,-0.15
132,15,car,0.4112,990.41,341.34,1107.88,377.16,1049.14,359.25,117.47,35.83,4208.69,3.28,Horizontal Oblong,Green,"(44, 59, 69)",15,VISIBLE,14.6,-0.18
132,16,car,0.443,873.25,342.61,931.87,371.53,902.56,357.07,58.62,28.92,1695.26,2.03,Horizontal Oblong,Green,"(37, 54, 87)",16,VISIBLE,7.56,-0.0
133,1,motorcycle,0.918,309.24,285.57,876.95,629.78,593.1,457.68,567.71,344.21,195409.88,1.65,Horizontal Oblong,Green,"(81, 64, 61)",1,VISIBLE,-1.49,-0.48
133,2,person,0.9326,438.68,140.9,711.95,555.97,575.32,348.43,273.27,415.07,113425.66,0.66,Vertical Oblong,Blue,"(98, 64, 56)",2,VISIBLE,-1.09,0.23
133,12,car,0.4401,317.54,329.27,396.58,367.04,357.06,348.16,79.04,37.78,2985.93,2.09,Horizontal Oblong,Green,"(40, 47, 79)",12,VISIBLE,7.49,0.0
133,14,car,0.6324,74.19,324.64,238.28,376.54,156.24,350.59,164.09,51.9,8515.82,3.16,Horizontal Oblong,Green,"(54, 45, 79)",14,VISIBLE,16.56,0.16
133,15,car,0.4557,1004.91,341.5,1122.56,377.56,1063.73,359.53,117.66,36.06,4243.12,3.26,Horizontal Oblong,Green,"(40, 60, 74)",15,VISIBLE,14.59,0.14
133,16,car,0.443,878.56,342.56,938.83,371.57,908.69,357.07,60.27,29.0,1748.15,2.08,Horizontal Oblong,Green,"(38, 55, 86)",16,VISIBLE,6.56,-0.0
134,1,motorcycle,0.9177,309.62,286.22,875.79,628.33,592.7,457.28,566.17,342.11,193690.4,1.65,Horizontal Oblong,Green,"(81, 62, 62)",1,VISIBLE,-0.72,-0.42
134,2,person,0.9318,439.2,142.16,710.58,555.3,574.89,348.73,271.38,413.15,112118.81,0.66,Vertical Oblong,Blue,"(98, 65, 53)",2,VISIBLE,-0.62,0.28
134,12,car,0.4401,329.77,329.52,403.08,366.52,366.42,348.02,73.31,37.01,2712.67,1.98,Horizontal Oblong,Green,"(38, 47, 75)",12,VISIBLE,8.8,-0.09
134,14,car,0.6552,92.46,324.96,250.1,376.94,171.28,350.95,157.64,51.98,8194.43,3.03,Horizontal Oblong,Green,"(60, 46, 79)",14,VISIBLE,15.5,0.3
134,15,car,0.4157,1018.78,342.2,1137.91,378.17,1078.34,360.18,119.13,35.97,4285.21,3.31,Horizontal Oblong,Green,"(41, 59, 71)",15,VISIBLE,14.61,0.5
134,16,car,0.443,883.86,342.52,945.79,371.6,914.83,357.06,61.93,29.08,1801.3,2.13,Horizontal Oblong,Green,"(35, 55, 86)",16,VISIBLE,6.26,-0.0
135,1,motorcycle,0.9194,310.73,286.65,874.83,627.08,592.78,456.86,564.1,340.44,192039.93,1.66,Horizontal Oblong,Green,"(81, 62, 62)",1,VISIBLE,-0.16,-0.41
135,2,person,0.9333,439.92,144.06,710.64,554.72,575.28,349.39,270.72,410.66,111174.89,0.66,Vertical Oblong,Blue,"(98, 64, 54)",2,VISIBLE,0.09,0.54
135,12,car,0.4401,342.0,329.77,409.57,366.01,375.79,347.89,67.57,36.23,2448.27,1.86,Horizontal Oblong,Green,"(38, 48, 75)",12,VISIBLE,9.19,-0.12
135,14,car,0.7001,110.39,325.25,262.41,377.02,186.4,351.13,152.02,51.77,7869.85,2.94,Horizontal Oblong,Green,"(54, 46, 83)",14,VISIBLE,15.23,0.22
135,15,car,0.348,1033.02,342.86,1152.83,378.57,1092.93,360.72,119.81,35.71,4278.83,3.35,Horizontal Oblong,Green,"(42, 60, 69)",15,VISIBLE,14.59,0.52
135,16,car,0.443,889.16,342.48,952.75,371.64,920.96,357.06,63.59,29.17,1854.73,2.18,Horizontal Oblong,Green,"(36, 55, 85)",16,VISIBLE,6.17,-0.0
136,1,motorcycle,0.9173,312.56,287.38,874.73,625.5,593.65,456.44,562.17,338.13,190083.09,1.66,Horizontal Oblong,Blue,"(93, 55, 47)",1,VISIBLE,0.56,-0.42
136,2,person,0.9316,441.37,145.95,711.56,554.58,576.47,350.26,270.2,408.63,110410.51,0.66,Vertical Oblong,Blue,"(98, 59, 47)",2,VISIBLE,0.86,0.78
136,12,car,0.4401,354.23,330.03,416.07,365.49,385.15,347.76,61.84,35.46,2192.73,1.74,Horizontal Oblong,Green,"(58, 47, 58)",12,VISIBLE,9.31,-0.13
136,14,car,0.6992,128.3,325.52,275.72,377.1,202.01,351.31,147.41,51.58,7603.0,2.86,Horizontal Oblong,Green,"(54, 46, 89)",14,VISIBLE,15.5,0.19
136,15,car,0.3676,1047.38,343.35,1167.98,378.92,1107.68,361.13,120.6,35.57,4290.33,3.39,Horizontal Oblong,Green,"(42, 61, 71)",15,VISIBLE,14.7,0.45
137,1,motorcycle,0.9164,315.28,287.87,875.86,624.18,595.57,456.02,560.58,336.31,188531.52,1.67,Horizontal Oblong,Blue,"(94, 53, 47)",1,VISIBLE,1.51,-0.42
137,2,person,0.9272,444.89,148.14,713.14,554.81,579.01,351.47,268.26,406.67,109092.64,0.66,Vertical Oblong,Blue,"(100, 59, 48)",2,VISIBLE,2.04,1.08
137,12,car,0.4401,366.46,330.28,422.57,364.97,394.51,347.62,56.1,34.69,1946.05,1.62,Horizontal Oblong,Blue,"(90, 47, 49)",12,VISIBLE,9.35,-0.13
137,14,car,0.6419,145.64,325.58,290.38,377.08,218.01,351.33,144.74,51.5,7453.21,2.81,Horizontal Oblong,Green,"(72, 46, 97)",14,VISIBLE,15.85,0.07
137,15,car,0.415,1062.15,343.38,1183.3,379.14,1122.72,361.26,121.15,35.76,4332.01,3.39,Horizontal Oblong,Green,"(40, 61, 71)",15,VISIBLE,14.94,0.22
137,16,car,0.2317,853.76,347.68,896.09,378.11,874.92,362.89,42.34,30.42,1288.01,1.39,Horizontal Oblong,Yellow,"(32, 41, 104)",17,VISIBLE,-14.26,2.04
138,1,motorcycle,0.9188,318.8,288.21,878.05,623.4,598.42,455.81,559.25,335.19,187458.71,1.67,Horizontal Oblong,Blue,"(90, 54, 49)",1,VISIBLE,2.45,-0.28
138,2,person,0.9297,449.34,149.41,715.32,554.54,582.33,351.97,265.98,405.13,107756.63,0.66,Vertical Oblong,Blue,"(95, 61, 51)",2,VISIBLE,2.93,0.67
138,12,car,0.4401,378.69,330.53,429.06,364.45,403.88,347.49,50.37,33.91,1708.24,1.49,Horizontal Oblong,Blue,"(87, 51, 47)",12,VISIBLE,9.36,-0.13
138,14,car,0.6498,162.85,325.37,307.36,376.91,235.1,351.14,144.51,51.54,7448.02,2.8,Horizontal Oblong,Green,"(72, 45, 93)",14,VISIBLE,16.72,-0.11
138,15,car,0.3518,1076.87,343.89,1199.22,379.38,1138.05,361.64,122.35,35.49,4341.58,3.45,Horizontal Oblong,Green,"(42, 60, 69)",15,VISIBLE,15.21,0.33
138,16,car,0.2317,853.58,347.69,897.09,378.21,875.33,362.95,43.51,30.52,1327.79,1.43,Horizontal Oblong,Yellow,"(25, 43, 93)",17,VISIBLE,-3.99,0.65
139,1,motorcycle,0.9088,322.94,288.29,880.55,622.56,601.75,455.43,557.61,334.27,186390.42,1.67,Horizontal Oblong,Green,"(84, 54, 48)",1,VISIBLE,3.06,-0.35
139,2,person,0.9337,455.09,150.3,718.9,553.79,587.0,352.05,263.82,403.49,106447.2,0.65,Vertical Oblong,Blue,"(95, 60, 50)",2,VISIBLE,4.15,0.25
139,14,car,0.7205,179.47,325.2,324.14,376.57,251.81,350.89,144.67,51.37,7432.55,2.82,Horizontal Oblong,Green,"(80, 45, 90)",14,VISIBLE,16.71,-0.21
139,15,car,0.3273,1091.77,344.3,1216.19,379.5,1153.98,361.9,124.42,35.21,4380.2,3.53,Horizontal Oblong,Green,"(46, 60, 64)",15,VISIBLE,15.72,0.28
139,16,car,0.2317,853.4,347.7,898.08,378.31,875.74,363.01,44.68,30.61,1367.8,1.46,Horizontal Oblong,Green,"(50, 41, 85)",17,VISIBLE,-0.91,0.23
140,1,motorcycle,0.9081,327.59,288.61,883.39,621.88,605.49,455.25,555.8,333.28,185234.54,1.67,Horizontal Oblong,Blue,"(90, 48, 52)",1,VISIBLE,3.54,-0.23
140,2,person,0.9273,460.58,150.79,722.66,552.59,591.62,351.69,262.08,401.8,105304.14,0.65,Vertical Oblong,Blue,"(95, 51, 52)",2,VISIBLE,4.48,-0.17
140,14,car,0.7103,195.82,325.0,341.93,376.62,268.88,350.81,146.11,51.62,7542.41,2.83,Horizontal Oblong,Green,"(54, 45, 103)",14,VISIBLE,16.96,-0.12
140,15,car,0.3759,1106.42,344.18,1232.47,379.53,1169.45,361.86,126.06,35.34,4455.45,3.57,Horizontal Oblong,Green,"(44, 61, 68)",15,VISIBLE,15.54,0.05
141,1,motorcycle,0.9066,332.8,289.18,886.26,621.23,609.53,455.21,553.46,332.05,183777.27,1.67,Horizontal Oblong,Blue,"(94, 48, 54)",1,VISIBLE,3.89,-0.1
141,2,person,0.9295,462.99,151.04,726.53,552.37,594.76,351.71,263.55,401.33,105769.47,0.66,Vertical Oblong,Blue,"(99, 50, 56)",2,VISIBLE,3.54,-0.04
141,14,car,0.6797,212.1,325.27,358.76,376.77,285.43,351.02,146.66,51.5,7552.86,2.85,Horizontal Oblong,Green,"(80, 44, 104)",14,VISIBLE,16.68,0.11
141,15,car,0.3821,1120.12,343.47,1248.21,379.93,1184.16,361.7,128.09,36.46,4670.17,3.51,Horizontal Oblong,Green,"(43, 58, 70)",15,VISIBLE,14.97,-0.09
142,1,motorcycle,0.9111,337.84,290.1,890.19,621.09,614.02,455.6,552.35,330.99,182824.42,1.67,Horizontal Oblong,Blue,"(94, 47, 54)",1,VISIBLE,4.31,0.24
142,2,person,0.9336,464.85,151.61,730.51,552.68,597.68,352.15,265.67,401.07,106552.96,0.66,Vertical Oblong,Blue,"(95, 50, 56)",2,VISIBLE,3.11,0.3
142,14,car,0.7063,228.08,325.4,375.2,376.93,301.64,351.16,147.12,51.52,7579.94,2.86,Horizontal Oblong,Green,"(81, 44, 105)",14,VISIBLE,16.35,0.14
142,15,car,0.3517,1135.81,344.08,1263.52,380.36,1199.66,362.22,127.71,36.27,4632.68,3.52,Horizontal Oblong,Green,"(44, 57, 69)",15,VISIBLE,15.34,0.34
142,16,car,0.2005,835.88,348.7,873.69,372.71,854.79,360.71,37.82,24.01,907.92,1.58,Horizontal Oblong,Green,"(66, 39, 86)",18,VISIBLE,-5.16,-0.47
143,1,motorcycle,0.9111,342.63,291.16,893.55,621.31,618.09,456.23,550.92,330.16,181889.09,1.67,Horizontal Oblong,Blue,"(94, 47, 55)",1,VISIBLE,4.14,0.52
143,2,person,0.9302,466.19,152.41,734.65,553.28,600.42,352.84,268.46,400.87,107617.24,0.67,Vertical Oblong,Blue,"(98, 50, 58)",2,VISIBLE,2.85,0.58
143,14,car,0.7556,243.18,325.72,390.97,377.11,317.07,351.41,147.79,51.39,7594.75,2.88,Horizontal Oblong,Green,"(81, 47, 110)",14,VISIBLE,15.71,0.22
143,15,car,0.2444,1147.53,344.65,1277.19,380.59,1212.36,362.62,129.66,35.94,4659.81,3.61,Horizontal Oblong,Green,"(46, 56, 68)",15,VISIBLE,13.49,0.38
143,16,car,0.5368,843.4,349.51,881.04,372.87,862.22,361.19,37.63,23.35,878.82,1.61,Horizontal Oblong,Green,"(66, 39, 85)",18,VISIBLE,3.66,0.2
144,1,motorcycle,0.9125,347.17,291.99,896.68,621.58,621.92,456.79,549.5,329.59,181108.49,1.67,Horizontal Oblong,Blue,"(93, 47, 55)",1,VISIBLE,3.93,0.54
144,2,person,0.9307,468.28,153.42,739.07,554.31,603.67,353.87,270.79,400.88,108556.08,0.68,Vertical Oblong,Blue,"(94, 50, 58)",2,VISIBLE,3.13,0.89
144,14,car,0.732,257.65,326.08,404.86,377.25,331.25,351.67,147.2,51.17,7532.01,2.88,Horizontal Oblong,Green,"(54, 46, 109)",14,VISIBLE,14.64,0.24
144,15,car,0.2007,1167.3,345.11,1286.75,380.08,1227.03,362.59,119.44,34.97,4176.98,3.42,Horizontal Oblong,Green,"(46, 56, 64)",15,VISIBLE,14.31,0.1
144,16,car,0.6855,852.48,350.26,890.03,372.98,871.25,361.62,37.56,22.72,853.14,1.65,Horizontal Oblong,Green,"(66, 38, 89)",18,VISIBLE,7.42,0.36
144,19,car,0.3045,942.3,347.93,980.82,382.94,961.56,365.44,38.52,35.01,1348.5,1.1,Spherical / Regular,Yellow,"(25, 42, 118)",19,VISIBLE,0.0,0.0
145,1,motorcycle,0.9152,351.14,292.89,900.11,621.75,625.63,457.32,548.97,328.86,180532.45,1.67,Horizontal Oblong,Blue,"(94, 47, 54)",1,VISIBLE,3.77,0.54
145,2,person,0.9289,472.49,154.61,742.56,555.13,607.53,354.87,270.07,400.52,108167.41,0.67,Vertical Oblong,Blue,"(95, 50, 58)",2,VISIBLE,3.64,0.97
145,14,car,0.6574,271.16,326.4,417.38,377.44,344.27,351.92,146.22,51.05,7464.2,2.86,Horizontal Oblong,Green,"(72, 45, 108)",14,VISIBLE,13.5,0.25
145,15,car,0.2644,1178.38,345.01,1291.35,380.19,1234.87,362.6,112.97,35.17,3973.68,3.21,Horizontal Oblong,Green,"(43, 51, 65)",15,VISIBLE,9.78,0.03
145,16,car,0.6424,862.27,350.96,899.68,373.52,880.97,362.24,37.41,22.57,844.2,1.66,Horizontal Oblong,Green,"(75, 39, 92)",18,VISIBLE,9.03,0.54
145,19,car,0.2399,950.11,348.16,998.72,385.01,974.41,366.59,48.61,36.85,1791.13,1.32,Horizontal Oblong,Orange,"(24, 46, 124)",19,VISIBLE,12.85,1.15
146,1,motorcycle,0.9153,354.66,293.63,902.91,621.26,628.79,457.45,548.25,327.63,179621.54,1.67,Horizontal Oblong,Blue,"(94, 47, 54)",1,VISIBLE,3.34,0.25
146,2,person,0.9295,476.6,155.26,745.81,555.75,611.21,355.5,269.21,400.49,107816.69,0.67,Vertical Oblong,Blue,"(94, 50, 58)",2,VISIBLE,3.67,0.74
146,14,car,0.6743,283.37,326.48,427.84,377.28,355.6,351.88,144.47,50.79,7337.82,2.84,Horizontal Oblong,Green,"(81, 45, 108)",14,VISIBLE,11.99,0.05
146,15,car,0.3567,1189.2,345.56,1292.57,379.97,1240.89,362.76,103.37,34.4,3556.3,3.0,Horizontal Oblong,Green,"(43, 51, 66)",15,VISIBLE,7.15,0.13
146,16,car,0.571,872.21,351.16,908.85,373.56,890.53,362.36,36.64,22.4,820.81,1.64,Horizontal Oblong,Green,"(73, 40, 90)",18,VISIBLE,9.4,0.25
146,19,car,0.37,959.26,348.0,1003.56,382.3,981.41,365.15,44.31,34.31,1520.15,1.29,Horizontal Oblong,Yellow,"(34, 40, 103)",19,VISIBLE,8.75,-0.66
147,1,motorcycle,0.9142,357.54,293.85,905.98,620.51,631.76,457.18,548.44,326.66,179156.31,1.68,Horizontal Oblong,Blue,"(95, 47, 54)",1,VISIBLE,3.09,-0.11
147,2,person,0.9325,480.76,155.75,748.72,555.65,614.74,355.7,267.96,399.9,107159.51,0.67,Vertical Oblong,Blue,"(95, 50, 59)",2,VISIBLE,3.57,0.36
147,14,car,0.6936,294.54,326.5,436.66,377.09,365.6,351.79,142.12,50.59,7189.35,2.81,Horizontal Oblong,Green,"(81, 46, 102)",14,VISIBLE,10.59,-0.05
147,15,car,0.3617,1200.62,346.7,1291.77,379.86,1246.19,363.28,91.15,33.16,3022.55,2.75,Horizontal Oblong,Green,"(46, 51, 63)",15,VISIBLE,5.86,0.4
147,16,car,0.544,880.52,351.65,917.16,373.84,898.84,362.74,36.64,22.19,813.09,1.65,Horizontal Oblong,Green,"(73, 42, 89)",18,VISIBLE,8.64,0.34
147,19,car,0.2979,969.24,348.27,1010.94,380.37,990.09,364.32,41.71,32.1,1338.93,1.3,Horizontal Oblong,Green,"(38, 42, 105)",19,VISIBLE,8.7,-0.78
148,1,motorcycle,0.9126,359.34,293.91,908.55,619.88,633.95,456.89,549.22,325.97,179028.32,1.68,Horizontal Oblong,Blue,"(94, 47, 54)",1,VISIBLE,2.46,-0.23
148,2,person,0.9349,483.84,156.02,751.21,555.46,617.52,355.74,267.37,399.44,106798.53,0.67,Vertical Oblong,Blue,"(94, 50, 59)",2,VISIBLE,3.02,0.14
148,14,car,0.5789,304.53,326.26,442.49,377.05,373.51,351.65,137.96,50.79,7006.51,2.72,Horizontal Oblong,Green,"(73, 45, 99)",14,VISIBLE,8.71,-0.11
148,15,car,0.3901,1210.62,347.04,1289.93,380.56,1250.28,363.8,79.32,33.52,2658.79,2.37,Horizontal Oblong,Green,"(46, 48, 64)",15,VISIBLE,4.61,0.48
148,16,car,0.6492,887.87,351.77,924.39,373.99,906.13,362.88,36.52,22.22,811.31,1.64,Horizontal Oblong,Green,"(81, 41, 89)",18,VISIBLE,7.69,0.2
148,19,car,0.2947,978.32,348.6,1018.16,379.27,998.24,363.94,39.84,30.67,1222.09,1.3,Horizontal Oblong,Yellow,"(33, 39, 125)",19,VISIBLE,8.32,-0.5
149,1,motorcycle,0.9164,360.0,294.12,910.41,619.24,635.21,456.68,550.4,325.13,178949.56,1.69,Horizontal Oblong,Blue,"(95, 47, 54)",1,VISIBLE,1.62,-0.22
149,2,person,0.932,485.79,156.15,753.08,555.23,619.43,355.69,267.29,399.08,106669.66,0.67,Vertical Oblong,Blue,"(95, 50, 58)",2,VISIBLE,2.24,0.01
149,14,car,0.7201,313.24,326.1,446.09,376.85,379.66,351.47,132.85,50.75,6741.76,2.62,Horizontal Oblong,Blue,"(90, 46, 96)",14,VISIBLE,6.92,-0.16
149,15,car,0.3901,1222.72,347.51,1293.93,380.73,1258.33,364.12,71.22,33.21,2365.4,2.14,Horizontal Oblong,Green,"(43, 43, 62)",15,VISIBLE,7.02,0.37
149,16,car,0.6628,894.24,351.74,930.44,374.11,912.34,362.92,36.2,22.36,809.57,1.62,Horizontal Oblong,Green,"(81, 40, 88)",18,VISIBLE,6.66,0.09
149,19,car,0.2929,986.68,348.69,1025.22,378.61,1005.95,363.65,38.55,29.92,1153.25,1.29,Horizontal Oblong,Yellow,"(34, 42, 111)",19,VISIBLE,7.89,-0.35
150,1,motorcycle,0.9154,359.76,293.84,911.37,618.74,635.56,456.29,551.61,324.9,179217.23,1.7,Horizontal Oblong,Blue,"(94, 47, 53)",1,VISIBLE,0.74,-0.34
150,2,person,0.9319,488.29,156.31,754.85,555.24,621.57,355.77,266.56,398.93,106338.8,0.67,Vertical Oblong,Blue,"(95, 50, 58)",2,VISIBLE,2.17,0.06
150,14,car,0.6441,321.34,326.01,447.65,375.97,384.5,350.99,126.31,49.96,6311.03,2.53,Horizontal Oblong,Blue,"(90, 46, 93)",14,VISIBLE,5.46,-0.39
150,15,car,0.3901,1234.82,347.98,1297.93,380.89,1266.37,364.44,63.11,32.91,2076.96,1.92,Horizontal Oblong,Yellow,"(33, 42, 80)",15,VISIBLE,7.74,0.33
150,16,car,0.6391,899.19,351.68,935.0,374.3,917.09,362.99,35.8,22.61,809.63,1.58,Horizontal Oblong,Green,"(81, 41, 89)",18,VISIBLE,5.33,0.07
150,19,car,0.3727,993.77,348.86,1032.38,378.9,1013.08,363.88,38.61,30.04,1159.92,1.29,Horizontal Oblong,Yellow,"(34, 40, 103)",19,VISIBLE,7.36,0.06
151,1,motorcycle,0.9149,358.54,293.63,911.57,618.47,635.05,456.05,553.03,324.84,179645.44,1.7,Horizontal Oblong,Blue,"(95, 47, 54)",1,VISIBLE,-0.14,-0.27
151,2,person,0.9322,488.86,156.35,755.45,555.76,622.15,356.06,266.59,399.4,106477.39,0.67,Vertical Oblong,Blue,"(95, 50, 59)",2,VISIBLE,1.06,0.21
151,14,car,0.5777,328.47,326.19,448.35,375.63,388.41,350.91,119.88,49.44,5926.99,2.42,Horizontal Oblong,Blue,"(89, 46, 92)",14,VISIBLE,4.38,-0.17
151,15,car,0.3901,1246.92,348.45,1301.93,381.06,1274.42,364.76,55.01,32.6,1793.49,1.69,Horizontal Oblong,Yellow,"(28, 40, 92)",15,VISIBLE,7.96,0.32
151,16,car,0.6382,902.66,351.78,938.5,374.61,920.58,363.2,35.85,22.83,818.27,1.57,Horizontal Oblong,Green,"(81, 41, 90)",18,VISIBLE,4.04,0.17
151,19,car,0.4058,999.21,348.83,1038.15,379.68,1018.68,364.26,38.94,30.84,1200.96,1.26,Horizontal Oblong,Yellow,"(34, 45, 93)",19,VISIBLE,6.13,0.28
152,1,motorcycle,0.9141,356.18,293.95,911.25,618.47,633.72,456.21,555.07,324.53,180136.37,1.71,Horizontal Oblong,Blue,"(94, 47, 53)",1,VISIBLE,-0.98,0.03
152,2,person,0.9367,488.11,156.4,755.12,555.89,621.62,356.14,267.01,399.49,106670.33,0.67,Vertical Oblong,Blue,"(95, 52, 58)",2,VISIBLE,-0.06,0.13
152,14,car,0.5306,334.64,326.38,448.73,375.44,391.69,350.91,114.09,49.06,5597.17,2.33,Horizontal Oblong,Blue,"(88, 47, 91)",14,VISIBLE,3.61,-0.05
152,15,car,0.3901,1259.02,348.93,1305.93,381.22,1282.47,365.07,46.91,32.3,1514.99,1.45,Horizontal Oblong,Green,"(44, 45, 58)",15,VISIBLE,8.02,0.32
152,16,car,0.6724,905.5,351.99,940.89,374.95,923.19,363.47,35.38,22.96,812.17,1.54,Horizontal Oblong,Green,"(81, 40, 91)",18,VISIBLE,3.04,0.24
152,19,car,0.4191,1003.52,349.0,1042.45,380.35,1022.98,364.67,38.93,31.35,1220.59,1.24,Horizontal Oblong,Yellow,"(32, 48, 93)",19,VISIBLE,4.85,0.38
152,20,can,0.3301,1042.0,364.83,1061.31,393.54,1051.65,379.19,19.31,28.71,554.28,0.67,Vertical Oblong,Green,"(52, 45, 98)",20,VISIBLE,0.0,0.0
153,1,motorcycle,0.9151,353.45,293.78,910.65,618.05,632.05,455.92,557.2,324.27,180681.36,1.72,Horizontal Oblong,Blue,"(95, 47, 53)",1,VISIBLE,-1.46,-0.2
153,2,person,0.9345,488.66,155.95,754.25,556.02,621.45,355.99,265.59,400.07,106253.48,0.66,Vertical Oblong,Blue,"(95, 51, 58)",2,VISIBLE,-0.13,-0.07
153,14,car,0.4912,340.39,326.67,448.48,375.47,394.43,351.07,108.09,48.8,5274.85,2.22,Horizontal Oblong,Blue,"(90, 46, 90)",14,VISIBLE,3.01,0.1
153,15,car,0.3901,1271.12,349.4,1309.93,381.39,1290.52,365.39,38.81,31.99,1241.44,1.21,Spherical / Regular,Blue,"(94, 47, 45)",15,VISIBLE,8.04,0.32
153,16,car,0.6803,907.45,352.17,942.59,375.22,925.02,363.69,35.14,23.05,809.89,1.52,Horizontal Oblong,Blue,"(85, 41, 92)",18,VISIBLE,2.19,0.23
153,19,car,0.398,1007.34,349.68,1046.06,380.9,1026.7,365.29,38.72,31.22,1208.88,1.24,Horizontal Oblong,Yellow,"(32, 45, 104)",19,VISIBLE,4.06,0.54
153,20,can,0.7224,1045.62,362.99,1066.23,394.0,1055.93,378.49,20.62,31.0,639.28,0.67,Vertical Oblong,Green,"(54, 44, 93)",20,VISIBLE,4.27,-0.69
153,21,car,0.2841,1235.71,347.93,1279.9,382.46,1257.8,365.19,44.19,34.53,1525.74,1.28,Horizontal Oblong,Green,"(50, 53, 50)",21,VISIBLE,0.0,0.0
154,1,motorcycle,0.9161,350.82,292.94,910.09,617.27,630.46,455.1,559.27,324.33,181387.16,1.72,Horizontal Oblong,Blue,"(94, 47, 52)",1,VISIBLE,-1.55,-0.63
154,2,person,0.9368,491.78,155.45,753.7,555.78,622.74,355.62,261.92,400.32,104852.99,0.65,Vertical Oblong,Blue,"(95, 52, 57)",2,VISIBLE,0.86,-0.28
154,14,car,0.5345,345.85,327.08,447.5,375.34,396.68,351.21,101.65,48.26,4906.21,2.11,Horizontal Oblong,Blue,"(87, 46, 89)",14,VISIBLE,2.47,0.13
154,16,car,0.682,908.99,352.15,943.81,375.36,926.4,363.75,34.82,23.21,808.01,1.5,Horizontal Oblong,Green,"(81, 41, 91)",18,VISIBLE,1.62,0.11
154,19,car,0.4909,1010.5,350.07,1049.33,381.03,1029.92,365.55,38.83,30.97,1202.43,1.25,Horizontal Oblong,Yellow,"(31, 46, 113)",19,VISIBLE,3.47,0.35
154,20,can,0.6217,1051.22,362.49,1073.31,394.22,1062.26,378.36,22.1,31.73,701.11,0.7,Vertical Oblong,Green,"(52, 45, 94)",20,VISIBLE,5.72,-0.31
154,21,car,0.3185,1238.63,347.85,1279.96,382.72,1259.3,365.29,41.34,34.87,1441.5,1.19,Spherical / Regular,Green,"(50, 52, 53)",21,VISIBLE,1.49,0.09
155,1,motorcycle,0.9175,348.4,292.07,909.69,616.37,629.05,454.22,561.29,324.3,182024.69,1.73,Horizontal Oblong,Blue,"(98, 47, 52)",1,VISIBLE,-1.45,-0.81
155,2,person,0.9393,493.46,154.33,753.66,555.84,623.56,355.08,260.2,401.5,104472.42,0.65,Vertical Oblong,Blue,"(99, 52, 57)",2,VISIBLE,0.83,-0.46
155,14,car,0.4944,351.85,326.91,446.66,374.95,399.26,350.93,94.81,48.04,4554.47,1.97,Horizontal Oblong,Blue,"(87, 43, 89)",14,VISIBLE,2.55,-0.16
155,16,car,0.6772,909.97,352.03,944.91,375.42,927.44,363.73,34.94,23.39,817.23,1.49,Horizontal Oblong,Green,"(81, 41, 92)",18,VISIBLE,1.21,0.01
155,19,car,0.5562,1013.49,350.38,1052.76,381.23,1033.13,365.81,39.27,30.86,1211.91,1.27,Horizontal Oblong,Yellow,"(31, 43, 119)",19,VISIBLE,3.29,0.28
155,20,can,0.6218,1058.81,362.25,1081.0,394.49,1069.91,378.37,22.18,32.24,715.19,0.69,Vertical Oblong,Green,"(52, 45, 99)",20,VISIBLE,7.06,-0.08
155,21,car,0.2592,1242.48,348.44,1280.0,382.94,1261.24,365.69,37.52,34.5,1294.59,1.09,Spherical / Regular,Green,"(50, 56, 54)",21,VISIBLE,1.81,0.31
156,1,motorcycle,0.9166,346.27,291.22,909.32,615.6,627.8,453.41,563.06,324.38,182645.3,1.74,Horizontal Oblong,Blue,"(95, 47, 52)",1,VISIBLE,-1.31,-0.81
156,2,person,0.9386,493.99,152.76,753.72,555.66,623.85,354.21,259.73,402.9,104645.22,0.64,Vertical Oblong,Blue,"(95, 53, 56)",2,VISIBLE,0.46,-0.75
156,14,car,0.5345,359.56,326.93,444.73,374.63,402.15,350.78,85.16,47.7,4061.98,1.79,Horizontal Oblong,Green,"(81, 41, 92)",14,VISIBLE,2.79,-0.15
156,16,car,0.6734,910.71,351.91,945.78,375.53,928.24,363.72,35.07,23.62,828.29,1.48,Horizontal Oblong,Green,"(81, 44, 94)",18,VISIBLE,0.93,0.0
156,19,car,0.5822,1015.98,350.34,1055.04,381.5,1035.51,365.92,39.07,31.16,1217.37,1.25,Horizontal Oblong,Yellow,"(31, 44, 125)",19,VISIBLE,2.66,0.17
156,20,can,0.685,1066.2,362.5,1088.23,394.69,1077.21,378.59,22.03,32.19,709.11,0.68,Vertical Oblong,Green,"(46, 46, 103)",20,VISIBLE,7.24,0.13
156,21,car,0.1944,1246.98,349.17,1280.02,383.03,1263.5,366.1,33.04,33.86,1118.87,0.98,Spherical / Regular,Green,"(46, 56, 53)",21,VISIBLE,2.12,0.38
157,1,motorcycle,0.9156,344.27,290.25,909.03,615.07,626.65,452.66,564.76,324.82,183443.86,1.74,Horizontal Oblong,Blue,"(95, 47, 51)",1,VISIBLE,-1.19,-0.77
157,2,person,0.9367,494.11,151.91,753.85,555.1,623.98,353.5,259.74,403.19,104722.82,0.64,Vertical Oblong,Blue,"(98, 52, 55)",2,VISIBLE,0.22,-0.72
157,14,car,0.5556,366.79,327.04,443.08,374.33,404.93,350.69,76.3,47.29,3607.74,1.61,Horizontal Oblong,Green,"(81, 42, 88)",14,VISIBLE,2.79,-0.11
157,16,car,0.6875,911.46,351.9,946.48,375.53,928.97,363.72,35.02,23.63,827.67,1.48,Horizontal Oblong,Green,"(81, 43, 93)",18,VISIBLE,0.79,-0.0
157,19,car,0.5442,1018.01,350.57,1056.91,381.74,1037.46,366.15,38.9,31.17,1212.3,1.25,Horizontal Oblong,Yellow,"(31, 46, 120)",19,VISIBLE,2.16,0.21
157,20,can,0.612,1073.35,362.3,1094.62,395.16,1083.99,378.73,21.28,32.86,699.14,0.65,Vertical Oblong,Green,"(50, 46, 101)",20,VISIBLE,6.91,0.13
157,21,car,0.1802,1251.21,350.39,1280.02,383.02,1265.62,366.71,28.82,32.63,940.13,0.88,Spherical / Regular,Green,"(47, 56, 50)",21,VISIBLE,2.12,0.54
158,1,motorcycle,0.9085,342.21,289.67,908.75,614.8,625.48,452.24,566.53,325.13,184196.18,1.74,Horizontal Oblong,Blue,"(94, 48, 51)",1,VISIBLE,-1.18,-0.53
158,2,person,0.9379,494.89,151.05,753.9,554.59,624.39,352.82,259.01,403.54,104520.61,0.64,Vertical Oblong,Blue,"(95, 53, 55)",2,VISIBLE,0.36,-0.69
158,14,car,0.4333,375.61,326.88,441.14,374.01,408.38,350.45,65.52,47.13,3087.94,1.39,Horizontal Oblong,Blue,"(90, 41, 98)",14,VISIBLE,3.24,-0.2
158,16,car,0.6712,911.65,352.01,946.93,375.64,929.29,363.83,35.28,23.63,833.54,1.49,Horizontal Oblong,Green,"(81, 43, 92)",18,VISIBLE,0.46,0.08
158,19,car,0.5583,1020.04,350.96,1058.36,381.85,1039.2,366.4,38.33,30.89,1183.85,1.24,Horizontal Oblong,Yellow,"(31, 47, 121)",19,VISIBLE,1.87,0.24
158,20,can,0.5013,1079.87,363.44,1100.63,395.34,1090.25,379.39,20.76,31.9,662.28,0.65,Vertical Oblong,Green,"(50, 47, 101)",20,VISIBLE,6.46,0.5
158,21,car,0.1802,1254.5,351.02,1280.05,383.1,1267.27,367.06,25.55,32.08,819.58,0.8,Vertical Oblong,Green,"(42, 50, 50)",21,VISIBLE,1.8,0.41
159,1,motorcycle,0.9116,340.38,288.71,908.45,614.85,624.42,451.78,568.07,326.15,185273.3,1.74,Horizontal Oblong,Blue,"(95, 48, 51)",1,VISIBLE,-1.1,-0.48
159,2,person,0.9367,494.89,150.28,753.94,554.12,624.41,352.2,259.05,403.84,104612.29,0.64,Vertical Oblong,Blue,"(98, 54, 56)",2,VISIBLE,0.12,-0.64
159,14,car,0.4333,383.22,326.91,440.46,373.73,411.84,350.32,57.24,46.82,2680.03,1.22,Spherical / Regular,Blue,"(90, 41, 98)",14,VISIBLE,3.4,-0.15
159,16,car,0.662,911.69,352.3,947.13,375.86,929.41,364.08,35.44,23.56,834.82,1.5,Horizontal Oblong,Green,"(81, 42, 92)",18,VISIBLE,0.22,0.2
159,19,car,0.5572,1021.57,351.27,1059.55,382.05,1040.56,366.66,37.98,30.78,1169.2,1.23,Horizontal Oblong,Yellow,"(31, 48, 118)",19,VISIBLE,1.51,0.25
159,20,can,0.6096,1086.03,363.33,1105.95,395.17,1095.99,379.25,19.92,31.84,634.2,0.63,Vertical Oblong,Green,"(48, 48, 100)",20,VISIBLE,5.96,0.05
159,21,car,0.1802,1257.79,351.65,1280.07,383.18,1268.93,367.41,22.28,31.54,702.59,0.71,Vertical Oblong,Green,"(42, 50, 75)",21,VISIBLE,1.7,0.37
160,1,motorcycle,0.9196,338.63,287.7,908.1,615.18,623.37,451.44,569.48,327.49,186498.53,1.74,Horizontal Oblong,Blue,"(94, 48, 51)",1,VISIBLE,-1.06,-0.38
160,2,person,0.9368,495.18,149.84,753.93,554.25,624.55,352.04,258.75,404.42,104643.99,0.64,Vertical Oblong,Blue,"(95, 55, 55)",2,VISIBLE,0.13,-0.3
160,14,car,0.4333,390.84,326.93,439.79,373.45,415.31,350.19,48.95,46.52,2277.17,1.05,Spherical / Regular,Blue,"(98, 41, 97)",14,VISIBLE,3.45,-0.14
160,16,car,0.6618,911.43,352.71,947.03,376.11,929.23,364.41,35.6,23.4,833.19,1.52,Horizontal Oblong,Green,"(76, 44, 91)",18,VISIBLE,-0.06,0.29
160,19,car,0.5917,1022.57,351.49,1060.56,382.37,1041.57,366.93,37.99,30.87,1172.88,1.23,Horizontal Oblong,Yellow,"(32, 50, 116)",19,VISIBLE,1.16,0.26
160,20,can,0.6045,1091.66,364.57,1110.77,395.51,1101.21,380.04,19.1,30.94,591.07,0.62,Vertical Oblong,Green,"(48, 48, 101)",20,VISIBLE,5.44,0.57
160,21,car,0.1802,1261.08,352.27,1280.09,383.26,1270.59,367.77,19.01,30.99,589.15,0.61,Vertical Oblong,Green,"(42, 54, 48)",21,VISIBLE,1.67,0.36
161,1,motorcycle,0.9207,337.0,287.49,907.58,615.58,622.29,451.53,570.58,328.09,187201.36,1.74,Horizontal Oblong,Blue,"(94, 49, 50)",1,VISIBLE,-1.07,-0.05
161,2,person,0.9349,493.47,149.22,753.95,554.74,623.71,351.98,260.48,405.52,105630.25,0.64,Vertical Oblong,Blue,"(95, 55, 55)",2,VISIBLE,-0.55,-0.14
161,14,car,0.4333,398.45,326.95,439.11,373.17,418.78,350.06,40.67,46.21,1879.34,0.88,Spherical / Regular,Blue,"(98, 44, 104)",14,VISIBLE,3.46,-0.13
161,16,car,0.67,911.33,352.97,946.76,376.23,929.05,364.6,35.43,23.26,824.03,1.52,Horizontal Oblong,Green,"(76, 44, 92)",18,VISIBLE,-0.15,0.22
161,19,car,0.6219,1023.42,351.57,1061.53,382.62,1042.48,367.1,38.12,31.04,1183.32,1.23,Horizontal Oblong,Yellow,"(32, 48, 108)",19,VISIBLE,0.98,0.19
161,20,can,0.5629,1096.26,366.45,1115.71,395.52,1105.98,380.99,19.45,29.07,565.42,0.67,Vertical Oblong,Green,"(47, 48, 101)",20,VISIBLE,4.97,0.83
161,21,car,0.1802,1264.37,352.9,1280.11,383.35,1272.24,368.12,15.74,30.45,479.27,0.52,Vertical Oblong,Green,"(39, 54, 54)",21,VISIBLE,1.66,0.36
162,1,motorcycle,0.9207,335.68,287.21,907.36,615.99,621.52,451.6,571.68,328.77,187951.31,1.74,Horizontal Oblong,Blue,"(94, 49, 50)",1,VISIBLE,-0.86,0.03
162,2,person,0.9334,491.53,148.59,754.2,555.29,622.87,351.94,262.67,406.7,106828.05,0.65,Vertical Oblong,Blue,"(95, 55, 54)",2,VISIBLE,-0.76,-0.07
162,14,car,0.4333,406.06,326.97,438.44,372.88,422.25,349.93,32.38,45.91,1486.55,0.71,Vertical Oblong,Blue,"(98, 41, 91)",14,VISIBLE,3.47,-0.13
162,16,car,0.6699,911.37,352.97,946.49,376.21,928.93,364.59,35.12,23.25,816.37,1.51,Horizontal Oblong,Green,"(76, 44, 91)",18,VISIBLE,-0.12,0.06
162,19,car,0.6027,1024.15,351.36,1062.44,382.83,1043.29,367.1,38.3,31.47,1205.14,1.22,Spherical / Regular,Yellow,"(34, 50, 103)",19,VISIBLE,0.87,0.06
162,20,can,0.4391,1100.54,367.26,1120.47,395.39,1110.5,381.33,19.93,28.13,560.6,0.71,Vertical Oblong,Green,"(48, 50, 102)",20,VISIBLE,4.66,0.49
162,21,car,0.1802,1267.67,353.52,1280.14,383.43,1273.9,368.48,12.47,29.91,372.94,0.42,Vertical Oblong,Green,"(41, 51, 58)",21,VISIBLE,1.66,0.35
163,1,motorcycle,0.9194,334.31,287.03,907.27,616.43,620.79,451.73,572.96,329.4,188733.2,1.74,Horizontal Oblong,Blue,"(95, 49, 51)",1,VISIBLE,-0.77,0.1
163,2,person,0.9325,491.54,147.92,754.75,556.24,623.15,352.08,263.2,408.32,107470.48,0.64,Vertical Oblong,Blue,"(99, 55, 54)",2,VISIBLE,-0.03,0.08
163,14,car,0.4333,413.67,327.0,437.76,372.6,425.72,349.8,24.09,45.61,1098.8,0.53,Vertical Oblong,Blue,"(98, 37, 106)",14,VISIBLE,3.47,-0.13
163,16,car,0.6676,911.77,352.98,946.25,376.11,929.01,364.55,34.48,23.14,797.66,1.49,Horizontal Oblong,Green,"(73, 43, 86)",18,VISIBLE,0.02,-0.01
163,19,car,0.6218,1024.98,351.26,1063.65,382.82,1044.32,367.04,38.67,31.56,1220.5,1.23,Horizontal Oblong,Yellow,"(34, 49, 100)",19,VISIBLE,0.97,-0.02
163,20,can,0.4713,1105.54,367.78,1125.32,395.41,1115.43,381.59,19.78,27.63,546.43,0.72,Vertical Oblong,Green,"(46, 49, 99)",20,VISIBLE,4.84,0.34
164,1,motorcycle,0.9231,333.06,286.91,907.05,617.28,620.05,452.1,573.99,330.37,189627.94,1.74,Horizontal Oblong,Blue,"(94, 49, 51)",1,VISIBLE,-0.75,0.29
164,2,person,0.9316,491.46,147.31,755.5,556.75,623.48,352.03,264.04,409.44,108108.86,0.64,Vertical Oblong,Blue,"(98, 55, 54)",2,VISIBLE,0.23,-0.01
164,16,car,0.6797,912.07,352.94,946.02,376.03,929.05,364.49,33.96,23.08,783.9,1.47,Horizontal Oblong,Green,"(73, 42, 86)",18,VISIBLE,0.03,-0.05
164,19,car,0.6108,1026.0,351.2,1065.23,382.79,1045.62,367.0,39.23,31.59,1239.42,1.24,Horizontal Oblong,Yellow,"(34, 48, 99)",19,VISIBLE,1.2,-0.04
164,20,can,0.426,1110.02,368.1,1130.0,395.48,1120.01,381.79,19.97,27.39,546.99,0.73,Vertical Oblong,Green,"(50, 49, 95)",20,VISIBLE,4.66,0.24
165,1,motorcycle,0.9259,331.39,286.72,906.48,618.51,618.94,452.62,575.09,331.79,190807.32,1.73,Horizontal Oblong,Blue,"(95, 49, 50)",1,VISIBLE,-1.01,0.45
165,2,person,0.9311,490.08,146.74,756.14,557.94,623.11,352.34,266.06,411.2,109401.26,0.65,Vertical Oblong,Blue,"(98, 55, 54)",2,VISIBLE,-0.19,0.21
165,16,car,0.6686,912.29,353.08,945.84,376.03,929.07,364.55,33.55,22.95,770.08,1.46,Horizontal Oblong,Green,"(75, 43, 87)",18,VISIBLE,0.02,0.04
165,19,car,0.5164,1027.18,351.28,1066.45,382.75,1046.82,367.01,39.27,31.47,1235.89,1.25,Horizontal Oblong,Yellow,"(34, 47, 97)",19,VISIBLE,1.2,0.0
165,20,can,0.5223,1115.13,368.08,1134.73,395.47,1124.93,381.78,19.61,27.39,537.09,0.72,Vertical Oblong,Green,"(50, 49, 95)",20,VISIBLE,4.84,0.06
166,1,motorcycle,0.9278,329.56,286.84,905.71,620.27,617.63,453.56,576.16,333.43,192106.73,1.73,Horizontal Oblong,Blue,"(94, 50, 51)",1,VISIBLE,-1.21,0.79
166,2,person,0.935,488.71,145.89,756.4,559.12,622.56,352.5,267.69,413.23,110617.29,0.65,Vertical Oblong,Blue,"(95, 56, 54)",2,VISIBLE,-0.45,0.18
166,16,car,0.6916,912.43,353.47,945.67,376.2,929.05,364.84,33.24,22.73,755.58,1.46,Horizontal Oblong,Green,"(73, 43, 87)",18,VISIBLE,-0.0,0.21
166,19,car,0.5677,1028.06,351.5,1067.48,382.9,1047.77,367.2,39.42,31.4,1237.7,1.26,Horizontal Oblong,Yellow,"(34, 48, 106)",19,VISIBLE,1.03,0.13
166,20,can,0.6375,1120.0,368.12,1139.16,395.73,1129.58,381.92,19.15,27.61,528.84,0.69,Vertical Oblong,Green,"(50, 51, 95)",20,VISIBLE,4.71,0.12
167,1,motorcycle,0.9285,327.3,286.71,904.82,622.04,616.06,454.37,577.52,335.33,193658.73,1.72,Horizontal Oblong,Blue,"(94, 50, 51)",1,VISIBLE,-1.47,0.81
167,2,person,0.9291,488.59,144.73,756.47,559.86,622.53,352.3,267.88,415.13,111206.12,0.65,Vertical Oblong,Blue,"(95, 56, 54)",2,VISIBLE,-0.15,-0.09
167,16,car,0.6788,912.21,353.85,945.31,376.44,928.76,365.14,33.1,22.58,747.59,1.47,Horizontal Oblong,Green,"(73, 43, 88)",18,VISIBLE,-0.2,0.28
167,19,car,0.5534,1028.85,351.9,1068.32,383.3,1048.58,367.6,39.46,31.4,1239.1,1.26,Horizontal Oblong,Yellow,"(33, 46, 102)",19,VISIBLE,0.88,0.32
167,20,can,0.6061,1124.28,365.82,1144.25,396.43,1134.27,381.13,19.97,30.62,611.53,0.65,Vertical Oblong,Green,"(48, 52, 94)",20,VISIBLE,4.69,-0.52
168,1,motorcycle,0.9283,324.66,286.62,903.98,623.78,614.32,455.2,579.32,337.16,195320.55,1.72,Horizontal Oblong,Blue,"(94, 51, 52)",1,VISIBLE,-1.66,0.82
168,2,person,0.9325,488.18,143.96,756.45,560.77,622.32,352.36,268.27,416.81,111815.97,0.64,Vertical Oblong,Blue,"(96, 57, 54)",2,VISIBLE,-0.2,0.02
168,16,car,0.6768,911.7,354.16,944.88,376.79,928.29,365.48,33.17,22.63,750.86,1.47,Horizontal Oblong,Green,"(75, 44, 86)",18,VISIBLE,-0.39,0.31
168,19,car,0.5507,1029.26,352.32,1068.95,383.85,1049.1,368.08,39.7,31.53,1251.57,1.26,Horizontal Oblong,Yellow,"(32, 45, 103)",19,VISIBLE,0.63,0.44
168,20,can,0.4843,1126.87,362.71,1148.56,396.9,1137.71,379.81,21.7,34.19,741.75,0.63,Vertical Oblong,Green,"(50, 52, 96)",20,VISIBLE,3.82,-1.08
169,1,motorcycle,0.9308,322.26,286.5,903.4,625.16,612.83,455.83,581.14,338.66,196806.57,1.72,Horizontal Oblong,Blue,"(94, 51, 51)",1,VISIBLE,-1.54,0.69
169,2,person,0.9314,486.98,143.44,756.07,561.35,621.53,352.39,269.09,417.9,112453.5,0.64,Vertical Oblong,Blue,"(94, 57, 54)",2,VISIBLE,-0.61,0.03
169,16,car,0.6477,911.07,354.21,944.3,377.1,927.68,365.65,33.23,22.88,760.35,1.45,Horizontal Oblong,Green,"(74, 46, 87)",18,VISIBLE,-0.54,0.22
169,19,car,0.5308,1029.46,352.82,1069.48,384.37,1049.47,368.6,40.01,31.54,1262.14,1.27,Horizontal Oblong,Yellow,"(34, 48, 107)",19,VISIBLE,0.44,0.49
169,20,can,0.5341,1129.84,364.14,1151.39,397.43,1140.62,380.79,21.55,33.29,717.62,0.65,Vertical Oblong,Green,"(50, 50, 100)",20,VISIBLE,3.18,0.36
170,1,motorcycle,0.9304,319.42,286.44,902.78,626.42,611.1,456.43,583.35,339.98,198325.96,1.72,Horizontal Oblong,Blue,"(94, 51, 52)",1,VISIBLE,-1.67,0.63
170,2,person,0.9317,485.68,142.83,755.38,561.89,620.53,352.36,269.7,419.06,113021.86,0.64,Vertical Oblong,Blue,"(98, 58, 56)",2,VISIBLE,-0.88,-0.02
170,16,car,0.6342,910.19,354.39,943.56,377.41,926.87,365.9,33.37,23.02,768.22,1.45,Horizontal Oblong,Green,"(76, 45, 85)",18,VISIBLE,-0.73,0.24
170,19,car,0.5263,1029.56,353.2,1069.88,384.72,1049.72,368.96,40.32,31.52,1270.72,1.28,Horizontal Oblong,Yellow,"(34, 46, 107)",19,VISIBLE,0.31,0.4
170,20,can,0.5791,1133.35,365.42,1154.66,397.62,1144.01,381.52,21.31,32.2,686.34,0.66,Vertical Oblong,Green,"(50, 48, 100)",20,VISIBLE,3.33,0.62
171,1,motorcycle,0.9321,316.18,286.36,901.59,627.51,608.88,456.94,585.41,341.14,199708.74,1.72,Horizontal Oblong,Blue,"(94, 52, 52)",1,VISIBLE,-2.05,0.54
171,2,person,0.9336,484.43,141.91,754.63,562.42,619.53,352.16,270.2,420.51,113621.05,0.64,Vertical Oblong,Blue,"(95, 60, 56)",2,VISIBLE,-0.96,-0.14
171,16,car,0.6139,909.36,354.58,942.87,377.58,926.12,366.08,33.51,23.0,770.77,1.46,Horizontal Oblong,Green,"(76, 45, 88)",18,VISIBLE,-0.75,0.2
171,19,car,0.507,1029.77,353.52,1070.17,384.73,1049.97,369.13,40.4,31.21,1261.03,1.29,Horizontal Oblong,Yellow,"(34, 45, 110)",19,VISIBLE,0.27,0.24
171,20,can,0.6306,1136.69,366.4,1157.66,398.24,1147.17,382.32,20.97,31.84,667.5,0.66,Vertical Oblong,Green,"(48, 49, 100)",20,VISIBLE,3.22,0.75
171,12,car,0.5508,828.81,349.87,887.0,392.21,857.9,371.04,58.19,42.34,2463.74,1.37,Horizontal Oblong,Blue,"(95, 46, 88)",22,VISIBLE,12.44,0.46
172,1,motorcycle,0.9305,312.67,285.76,899.97,628.69,606.32,457.22,587.3,342.93,201399.44,1.71,Horizontal Oblong,Blue,"(94, 52, 53)",1,VISIBLE,-2.41,0.37
172,2,person,0.9325,482.45,140.27,753.64,562.33,618.04,351.3,271.19,422.06,114460.67,0.64,Vertical Oblong,Blue,"(95, 60, 57)",2,VISIBLE,-1.33,-0.65
172,16,car,0.5942,908.5,354.78,942.07,377.61,925.28,366.2,33.57,22.82,766.2,1.47,Horizontal Oblong,Green,"(76, 43, 89)",18,VISIBLE,-0.81,0.14
172,19,car,0.4431,1029.95,353.5,1070.65,384.51,1050.3,369.01,40.7,31.01,1261.98,1.31,Horizontal Oblong,Yellow,"(34, 45, 104)",19,VISIBLE,0.31,-0.01
172,20,can,0.1981,1139.83,359.83,1160.9,398.56,1150.37,379.19,21.07,38.73,816.07,0.54,Vertical Oblong,Green,"(48, 48, 94)",20,VISIBLE,3.2,-1.96
172,12,car,0.5616,831.65,350.46,889.63,392.7,860.64,371.58,57.98,42.23,2448.54,1.37,Horizontal Oblong,Blue,"(95, 47, 92)",22,VISIBLE,5.65,0.52
173,1,motorcycle,0.9316,309.31,285.18,898.43,630.08,603.87,457.63,589.12,344.91,203190.22,1.71,Horizontal Oblong,Blue,"(90, 52, 53)",1,VISIBLE,-2.44,0.39
173,2,person,0.9316,481.3,138.24,752.22,562.6,616.76,350.42,270.92,424.36,114969.69,0.64,Vertical Oblong,Blue,"(94, 60, 56)",2,VISIBLE,-1.3,-0.81
173,16,car,0.554,907.99,354.79,941.28,377.42,924.64,366.11,33.29,22.63,753.45,1.47,Horizontal Oblong,Green,"(73, 45, 88)",18,VISIBLE,-0.7,-0.02
173,19,car,0.3669,1030.06,353.21,1071.1,384.12,1050.58,368.66,41.03,30.91,1268.58,1.33,Horizontal Oblong,Yellow,"(34, 46, 106)",19,VISIBLE,0.29,-0.24
173,20,person,0.2828,1142.52,355.5,1164.38,398.3,1153.45,376.9,21.86,42.8,935.79,0.51,Vertical Oblong,Green,"(43, 49, 96)",20,VISIBLE,3.12,-2.2
173,12,car,0.4349,835.97,351.02,893.33,393.3,864.65,372.16,57.37,42.28,2425.33,1.36,Horizontal Oblong,Blue,"(93, 48, 90)",22,VISIBLE,4.5,0.56
174,1,motorcycle,0.9332,306.1,284.34,896.58,631.96,601.34,458.15,590.48,347.62,205260.21,1.7,Horizontal Oblong,Blue,"(94, 53, 52)",1,VISIBLE,-2.5,0.48
174,2,person,0.9326,479.86,136.88,750.81,563.35,615.34,350.11,270.95,426.47,115552.39,0.64,Vertical Oblong,Blue,"(95, 61, 55)",2,VISIBLE,-1.39,-0.46
174,16,car,0.4754,907.75,354.88,940.53,377.33,924.14,366.11,32.78,22.45,736.11,1.46,Horizontal Oblong,Green,"(73, 44, 89)",18,VISIBLE,-0.56,-0.01
174,19,car,0.407,1030.23,353.27,1071.57,383.81,1050.9,368.54,41.34,30.54,1262.34,1.35,Horizontal Oblong,Yellow,"(34, 46, 106)",19,VISIBLE,0.31,-0.16
174,20,can,0.301,1145.52,353.46,1167.82,398.15,1156.67,375.81,22.3,44.68,996.41,0.5,Vertical Oblong,Green,"(40, 49, 96)",20,VISIBLE,3.19,-1.43
174,12,car,0.4405,840.8,351.25,897.21,393.85,869.0,372.55,56.41,42.6,2402.88,1.32,Horizontal Oblong,Blue,"(90, 47, 84)",22,VISIBLE,4.4,0.44
175,1,motorcycle,0.9378,302.89,283.71,895.16,634.14,599.02,458.93,592.27,350.43,207548.36,1.69,Horizontal Oblong,Blue,"(94, 55, 51)",1,VISIBLE,-2.37,0.69
175,2,person,0.9312,479.3,135.51,749.56,565.0,614.43,350.26,270.26,429.49,116074.71,0.63,Vertical Oblong,Blue,"(99, 64, 55)",2,VISIBLE,-1.05,-0.04
175,16,car,0.4144,907.81,355.09,939.99,377.35,923.9,366.22,32.17,22.26,716.04,1.45,Horizontal Oblong,Green,"(76, 43, 91)",18,VISIBLE,-0.33,0.08
175,19,car,0.4315,1030.45,353.2,1072.44,383.46,1051.44,368.33,41.98,30.26,1270.25,1.39,Horizontal Oblong,Yellow,"(34, 45, 106)",19,VISIBLE,0.47,-0.2
175,20,person,0.342,1148.2,350.98,1170.86,398.02,1159.53,374.5,22.66,47.04,1065.87,0.48,Vertical Oblong,Green,"(40, 50, 97)",20,VISIBLE,2.96,-1.34
175,12,car,0.4093,845.9,351.4,902.02,393.97,873.96,372.69,56.12,42.57,2388.93,1.32,Horizontal Oblong,Blue,"(87, 45, 82)",22,VISIBLE,4.79,0.23
176,1,motorcycle,0.9372,299.96,283.32,893.83,636.52,596.89,459.92,593.87,353.2,209754.92,1.68,Horizontal Oblong,Blue,"(94, 57, 51)",1,VISIBLE,-2.2,0.9
176,2,person,0.9308,478.39,134.2,748.53,566.22,613.46,350.21,270.14,432.02,116707.65,0.63,Vertical Oblong,Blue,"(94, 68, 56)",2,VISIBLE,-0.99,-0.04
176,16,car,0.4362,908.13,354.88,940.2,377.45,924.17,366.16,32.06,22.57,723.66,1.42,Horizontal Oblong,Green,"(76, 45, 90)",18,VISIBLE,0.09,-0.01
176,19,car,0.4936,1031.47,353.2,1073.38,383.45,1052.43,368.32,41.91,30.25,1267.59,1.39,Horizontal Oblong,Yellow,"(34, 45, 107)",19,VISIBLE,0.83,-0.06
176,20,can,0.5429,1152.2,355.32,1174.23,397.96,1163.21,376.64,22.03,42.64,939.5,0.52,Vertical Oblong,Green,"(41, 47, 94)",20,VISIBLE,3.47,1.1
176,12,car,0.3559,850.19,351.54,907.69,394.48,878.94,373.01,57.5,42.93,2468.67,1.34,Horizontal Oblong,Green,"(81, 45, 78)",22,VISIBLE,4.92,0.3
177,1,motorcycle,0.9371,297.93,283.16,893.16,639.14,595.54,461.15,595.24,355.97,211888.46,1.67,Horizontal Oblong,Blue,"(95, 60, 50)",1,VISIBLE,-1.61,1.13
177,2,person,0.9298,476.97,132.86,748.28,567.55,612.62,350.21,271.31,434.69,117936.3,0.62,Vertical Oblong,Blue,"(94, 73, 60)",2,VISIBLE,-0.88,-0.02
177,16,car,0.4351,909.34,354.52,941.31,377.62,925.32,366.07,31.97,23.09,738.29,1.38,Horizontal Oblong,Green,"(75, 43, 80)",18,VISIBLE,0.84,-0.07
177,19,car,0.5643,1033.52,353.63,1075.18,383.62,1054.35,368.63,41.67,29.99,1249.47,1.39,Horizontal Oblong,Yellow,"(34, 42, 107)",19,VISIBLE,1.6,0.19
177,20,can,0.3124,1157.35,356.12,1178.27,397.76,1167.81,376.94,20.92,41.63,870.98,0.5,Vertical Oblong,Green,"(42, 46, 91)",20,VISIBLE,4.26,0.54
177,12,car,0.452,856.28,351.55,913.38,394.93,884.83,373.24,57.1,43.38,2476.88,1.32,Horizontal Oblong,Green,"(81, 46, 79)",22,VISIBLE,5.6,0.25
178,1,motorcycle,0.9354,296.7,282.87,893.17,641.84,594.94,462.35,596.47,358.97,214115.79,1.66,Horizontal Oblong,Blue,"(94, 62, 51)",1,VISIBLE,-0.91,1.18
178,2,person,0.9263,476.47,131.48,748.88,568.02,612.68,349.75,272.42,436.54,118919.61,0.62,Vertical Oblong,Blue,"(94, 76, 61)",2,VISIBLE,-0.23,-0.32
178,16,car,0.361,911.82,353.98,943.23,377.57,927.53,365.77,31.41,23.59,741.03,1.33,Horizontal Oblong,Green,"(73, 44, 82)",18,VISIBLE,1.79,-0.23
178,19,car,0.5402,1036.23,353.99,1078.04,383.97,1057.13,368.98,41.82,29.98,1253.6,1.39,Horizontal Oblong,Yellow,"(34, 42, 110)",19,VISIBLE,2.43,0.31
178,20,can,0.2719,1163.49,361.2,1183.15,397.81,1173.32,379.5,19.65,36.61,719.44,0.54,Vertical Oblong,Green,"(44, 46, 90)",20,VISIBLE,5.13,1.96
178,12,car,0.5337,863.12,351.95,919.58,394.92,891.35,373.44,56.46,42.98,2426.64,1.31,Horizontal Oblong,Green,"(80, 47, 78)",22,VISIBLE,6.24,0.21
179,1,motorcycle,0.935,296.36,282.38,894.33,644.41,595.35,463.39,597.97,362.03,216482.1,1.65,Horizontal Oblong,Blue,"(95, 62, 52)",1,VISIBLE,0.01,1.08
179,2,person,0.9257,477.26,130.49,750.6,568.66,613.93,349.58,273.34,438.17,119770.25,0.62,Vertical Oblong,Blue,"(94, 79, 62)",2,VISIBLE,0.81,-0.22
179,16,car,0.3467,916.22,353.34,945.91,377.5,931.07,365.42,29.69,24.15,717.04,1.23,Horizontal Oblong,Green,"(76, 41, 88)",18,VISIBLE,3.02,-0.32
179,19,car,0.5356,1039.92,354.23,1081.58,384.23,1060.75,369.23,41.66,30.0,1249.76,1.39,Horizontal Oblong,Yellow,"(34, 41, 108)",19,VISIBLE,3.26,0.27
179,20,can,0.1663,1169.46,364.01,1188.79,398.36,1179.13,381.19,19.33,34.35,664.03,0.56,Vertical Oblong,Green,"(44, 45, 91)",20,VISIBLE,5.6,1.76
179,12,car,0.506,870.68,352.08,926.35,395.02,898.52,373.55,55.67,42.95,2390.93,1.3,Horizontal Oblong,Green,"(81, 47, 83)",22,VISIBLE,6.89,0.14
180,1,motorcycle,0.9362,296.43,281.32,895.74,647.04,596.08,464.18,599.32,365.72,219185.7,1.64,Horizontal Oblong,Blue,"(95, 62, 54)",1,VISIBLE,0.52,0.87
180,2,person,0.9285,479.03,129.19,752.81,569.26,615.92,349.23,273.78,440.07,120481.65,0.62,Vertical Oblong,Blue,"(94, 80, 61)",2,VISIBLE,1.64,-0.31
180,16,car,0.2846,922.47,352.75,949.43,377.75,935.95,365.25,26.96,25.01,674.13,1.08,Spherical / Regular,Green,"(71, 42, 97)",18,VISIBLE,4.32,-0.21
180,19,car,0.4856,1043.69,354.44,1085.33,384.26,1064.51,369.35,41.63,29.82,1241.64,1.4,Horizontal Oblong,Yellow,"(34, 43, 108)",19,VISIBLE,3.61,0.16
180,20,can,0.2848,1176.7,367.65,1195.27,398.43,1185.98,383.04,18.57,30.78,571.76,0.6,Vertical Oblong,Green,"(47, 46, 95)",20,VISIBLE,6.48,1.83
180,12,car,0.4956,878.41,352.2,933.83,395.0,906.12,373.6,55.42,42.79,2371.59,1.3,Horizontal Oblong,Green,"(81, 46, 85)",22,VISIBLE,7.39,0.08
181,1,motorcycle,0.9324,296.8,280.42,894.68,649.41,595.74,464.92,597.89,368.98,220610.81,1.62,Horizontal Oblong,Blue,"(95, 64, 55)",1,VISIBLE,-0.08,0.78
181,2,person,0.9231,481.47,127.36,754.75,569.89,618.11,348.63,273.27,442.52,120930.32,0.62,Vertical Oblong,Blue,"(95, 80, 58)",2,VISIBLE,2.02,-0.51
181,16,car,0.192,929.19,351.95,952.9,377.66,941.04,364.81,23.71,25.71,609.41,0.92,Spherical / Regular,Green,"(75, 38, 102)",18,VISIBLE,4.86,-0.38
181,19,car,0.5899,1048.41,354.42,1089.48,384.03,1068.94,369.22,41.07,29.61,1216.09,1.39,Horizontal Oblong,Yellow,"(31, 43, 100)",19,VISIBLE,4.19,-0.04
181,20,can,0.355,1183.23,369.91,1201.53,398.15,1192.38,384.03,18.3,28.24,516.82,0.65,Vertical Oblong,Green,"(52, 46, 93)",20,VISIBLE,6.42,1.24
181,12,car,0.4954,885.94,352.11,941.4,394.8,913.67,373.46,55.45,42.69,2367.19,1.3,Horizontal Oblong,Green,"(81, 46, 89)",22,VISIBLE,7.5,-0.08
182,1,motorcycle,0.9331,297.27,279.34,893.09,651.11,595.18,465.23,595.82,371.77,221506.43,1.6,Horizontal Oblong,Blue,"(95, 64, 56)",1,VISIBLE,-0.42,0.45
182,2,person,0.9238,481.72,125.36,756.57,570.51,619.14,347.94,274.85,445.16,122350.08,0.62,Vertical Oblong,Blue,"(95, 81, 57)",2,VISIBLE,1.33,-0.64
182,16,car,0.192,933.14,351.46,955.09,377.69,944.11,364.58,21.95,26.23,575.65,0.84,Spherical / Regular,Green,"(67, 39, 107)",18,VISIBLE,3.61,-0.27
182,19,car,0.5518,1053.29,354.25,1094.48,383.61,1073.89,368.93,41.19,29.36,1209.23,1.4,Horizontal Oblong,Yellow,"(31, 43, 99)",19,VISIBLE,4.71,-0.22
182,20,can,0.2082,1190.39,371.01,1208.6,397.81,1199.49,384.41,18.21,26.8,488.15,0.68,Vertical Oblong,Green,"(54, 47, 93)",20,VISIBLE,6.91,0.64
182,12,car,0.5368,893.89,351.95,949.22,394.41,921.55,373.18,55.34,42.46,2349.4,1.3,Horizontal Oblong,Green,"(81, 46, 89)",22,VISIBLE,7.77,-0.22
183,1,motorcycle,0.9292,297.72,277.39,892.43,652.28,595.07,464.84,594.71,374.89,222948.8,1.59,Horizontal Oblong,Blue,"(95, 65, 56)",1,VISIBLE,-0.2,-0.14
183,2,person,0.918,483.04,123.13,758.67,570.42,620.86,346.77,275.62,447.29,123283.75,0.62,Vertical Oblong,Blue,"(98, 80, 55)",2,VISIBLE,1.6,-1.0
183,16,car,0.192,937.09,350.97,957.28,377.73,947.18,364.35,20.19,26.75,540.04,0.75,Vertical Oblong,Blue,"(100, 41, 121)",18,VISIBLE,3.23,-0.24
183,19,car,0.5382,1058.35,354.08,1099.06,383.57,1078.7,368.82,40.71,29.49,1200.55,1.38,Horizontal Oblong,Yellow,"(32, 44, 98)",19,VISIBLE,4.79,-0.14
183,20,can,0.3263,1197.83,371.47,1215.94,397.21,1206.89,384.34,18.11,25.75,466.27,0.7,Vertical Oblong,Green,"(53, 48, 91)",20,VISIBLE,7.25,0.14
183,12,car,0.6408,902.06,351.66,958.01,394.08,930.04,372.87,55.95,42.42,2373.46,1.32,Horizontal Oblong,Green,"(81, 45, 88)",22,VISIBLE,8.27,-0.28
184,1,motorcycle,0.9274,297.8,275.48,894.88,653.08,596.34,464.28,597.08,377.6,225456.83,1.58,Horizontal Oblong,Blue,"(95, 65, 58)",1,VISIBLE,0.83,-0.43
184,2,person,0.9207,484.18,120.92,760.66,570.35,622.42,345.64,276.48,449.43,124257.68,0.62,Vertical Oblong,Blue,"(95, 78, 54)",2,VISIBLE,1.57,-1.1
184,16,car,0.192,941.04,350.48,959.47,377.76,950.25,364.12,18.43,27.28,502.59,0.68,Vertical Oblong,Blue,"(98, 41, 125)",18,VISIBLE,3.12,-0.23
184,19,car,0.4316,1062.4,353.64,1103.38,383.09,1082.89,368.36,40.99,29.44,1206.85,1.39,Horizontal Oblong,Yellow,"(32, 45, 100)",19,VISIBLE,4.37,-0.36
184,20,can,0.1619,1204.86,370.4,1223.31,396.94,1214.08,383.67,18.46,26.54,489.76,0.7,Vertical Oblong,Green,"(54, 48, 91)",20,VISIBLE,7.21,-0.43
184,12,car,0.6517,910.28,351.34,965.11,393.68,937.69,372.51,54.83,42.34,2321.65,1.29,Horizontal Oblong,Green,"(80, 45, 86)",22,VISIBLE,7.84,-0.34
185,1,motorcycle,0.932,297.68,273.97,899.95,654.23,598.81,464.1,602.26,380.25,229011.0,1.58,Horizontal Oblong,Blue,"(95, 66, 60)",1,VISIBLE,1.98,-0.25
185,2,person,0.9248,484.8,118.97,762.26,570.43,623.53,344.7,277.46,451.46,125262.61,0.61,Vertical Oblong,Blue,"(100, 77, 53)",2,VISIBLE,1.25,-0.98
185,16,car,0.192,944.99,349.99,961.66,377.79,953.32,363.89,16.66,27.8,463.3,0.6,Vertical Oblong,Blue,"(98, 42, 123)",18,VISIBLE,3.08,-0.23
185,19,car,0.5403,1067.38,353.35,1108.72,382.89,1088.05,368.12,41.35,29.54,1221.58,1.4,Horizontal Oblong,Yellow,"(30, 45, 99)",19,VISIBLE,4.92,-0.28
185,20,can,0.1619,1211.48,371.23,1229.81,396.7,1220.64,383.97,18.33,25.47,466.81,0.72,Vertical Oblong,Green,"(58, 51, 89)",20,VISIBLE,6.76,0.08
185,12,car,0.6005,917.54,350.9,972.06,393.5,944.8,372.2,54.52,42.6,2322.83,1.28,Horizontal Oblong,Green,"(81, 44, 85)",22,VISIBLE,7.33,-0.32
186,1,motorcycle,0.9309,297.34,272.81,903.74,655.54,600.54,464.17,606.4,382.73,232086.85,1.58,Horizontal Oblong,Blue,"(94, 66, 61)",1,VISIBLE,1.8,-0.02
186,2,person,0.9301,486.97,117.47,764.02,571.83,625.49,344.65,277.05,454.36,125880.52,0.61,Vertical Oblong,Blue,"(99, 76, 53)",2,VISIBLE,1.75,-0.33
186,16,car,0.192,948.94,349.5,963.85,377.83,956.4,363.66,14.9,28.32,422.16,0.53,Vertical Oblong,Blue,"(100, 42, 121)",18,VISIBLE,3.07,-0.23
186,19,car,0.5681,1071.71,353.14,1113.69,382.9,1092.7,368.02,41.98,29.76,1249.41,1.41,Horizontal Oblong,Yellow,"(31, 47, 101)",19,VISIBLE,4.73,-0.15
186,20,can,0.2036,1218.51,370.23,1237.5,396.36,1228.0,383.29,18.99,26.12,496.07,0.73,Vertical Oblong,Green,"(58, 50, 87)",20,VISIBLE,7.18,-0.45
186,12,car,0.6333,925.37,350.86,978.81,393.42,952.09,372.14,53.44,42.56,2274.52,1.26,Horizontal Oblong,Green,"(81, 44, 85)",22,VISIBLE,7.3,-0.14
187,1,motorcycle,0.9294,296.78,272.1,906.4,657.47,601.59,464.78,609.62,385.37,234929.56,1.58,Horizontal Oblong,Blue,"(95, 66, 62)",1,VISIBLE,1.28,0.42
187,2,person,0.9306,488.47,116.4,765.94,574.21,627.2,345.3,277.47,457.81,127028.6,0.61,Vertical Oblong,Blue,"(100, 77, 52)",2,VISIBLE,1.72,0.36
187,19,car,0.4214,1076.43,353.07,1118.35,383.05,1097.39,368.06,41.92,29.98,1256.81,1.4,Horizontal Oblong,Yellow,"(30, 47, 101)",19,VISIBLE,4.7,-0.02
187,20,can,0.1663,1225.61,369.24,1245.79,396.17,1235.7,382.7,20.18,26.93,543.37,0.75,Vertical Oblong,Green,"(55, 48, 84)",20,VISIBLE,7.54,-0.55
187,12,car,0.674,933.04,351.05,985.96,393.53,959.5,372.29,52.92,42.48,2247.98,1.25,Horizontal Oblong,Green,"(80, 43, 90)",22,VISIBLE,7.38,0.06
188,1,motorcycle,0.9293,296.15,272.12,908.56,659.68,602.36,465.9,612.41,387.56,237345.14,1.58,Horizontal Oblong,Blue,"(94, 66, 63)",1,VISIBLE,0.92,0.91
188,2,person,0.9369,490.38,115.92,767.35,576.57,628.87,346.24,276.96,460.65,127583.98,0.6,Vertical Oblong,Blue,"(99, 77, 52)",2,VISIBLE,1.68,0.77
188,19,car,0.4911,1080.86,353.34,1122.76,383.06,1101.81,368.2,41.9,29.72,1245.42,1.41,Horizontal Oblong,Yellow,"(31, 47, 102)",19,VISIBLE,4.5,0.09
188,20,can,0.3425,1232.55,368.06,1253.73,396.17,1243.14,382.12,21.18,28.1,595.18,0.75,Vertical Oblong,Green,"(55, 52, 85)",20,VISIBLE,7.47,-0.58
188,12,car,0.6934,940.21,351.3,993.29,393.69,966.75,372.5,53.08,42.39,2250.34,1.25,Horizontal Oblong,Green,"(66, 42, 84)",22,VISIBLE,7.29,0.16
189,1,motorcycle,0.9327,295.2,272.33,910.1,662.07,602.65,467.2,614.9,389.74,239649.45,1.58,Horizontal Oblong,Blue,"(94, 66, 63)",1,VISIBLE,0.48,1.18
189,2,person,0.9308,488.89,114.66,768.67,578.33,628.78,346.5,279.78,463.66,129723.52,0.6,Vertical Oblong,Blue,"(100, 78, 52)",2,VISIBLE,0.44,0.4
189,19,car,0.4955,1085.35,353.61,1128.1,383.44,1106.73,368.53,42.74,29.84,1275.36,1.43,Horizontal Oblong,Yellow,"(30, 49, 105)",19,VISIBLE,4.79,0.26
189,20,can,0.1656,1239.3,367.04,1261.02,396.0,1250.16,381.52,21.71,28.97,628.99,0.75,Vertical Oblong,Green,"(50, 52, 86)",20,VISIBLE,7.16,-0.59
189,12,car,0.6192,946.56,351.63,1000.92,393.71,973.74,372.67,54.36,42.08,2287.42,1.29,Horizontal Oblong,Green,"(73, 42, 82)",22,VISIBLE,7.08,0.17
190,1,motorcycle,0.929,294.64,272.32,911.16,664.57,602.9,468.45,616.51,392.25,241829.46,1.57,Horizontal Oblong,Blue,"(94, 66, 64)",1,VISIBLE,0.32,1.23
190,2,person,0.9316,488.47,113.91,769.74,580.33,629.11,347.12,281.27,466.42,131189.05,0.6,Vertical Oblong,Blue,"(99, 78, 52)",2,VISIBLE,0.36,0.56
190,19,car,0.4964,1089.65,353.96,1132.8,383.68,1111.22,368.82,43.15,29.72,1282.49,1.45,Horizontal Oblong,Yellow,"(32, 51, 106)",19,VISIBLE,4.59,0.28
190,20,can,0.2848,1245.86,366.66,1267.93,396.27,1256.89,381.47,22.07,29.61,653.67,0.75,Vertical Oblong,Green,"(48, 51, 87)",20,VISIBLE,6.86,-0.22
190,12,car,0.4841,954.18,352.35,1008.09,393.79,981.13,373.07,53.91,41.44,2234.02,1.3,Horizontal Oblong,Green,"(81, 42, 85)",22,VISIBLE,7.3,0.33
191,1,motorcycle,0.9319,294.33,272.23,912.21,667.05,603.27,469.64,617.88,394.82,243953.65,1.56,Horizontal Oblong,Blue,"(94, 66, 65)",1,VISIBLE,0.35,1.2
191,2,person,0.9288,486.41,113.19,770.88,581.53,628.65,347.36,284.47,468.34,133229.83,0.61,Vertical Oblong,Blue,"(100, 76, 51)",2,VISIBLE,-0.21,0.34
191,19,car,0.3888,1093.72,354.04,1137.58,383.86,1115.65,368.95,43.86,29.82,1308.22,1.47,Horizontal Oblong,Yellow,"(31, 50, 105)",19,VISIBLE,4.47,0.18
191,20,can,0.2848,1252.61,366.19,1275.18,396.21,1263.9,381.2,22.57,30.03,677.6,0.75,Vertical Oblong,Green,"(46, 53, 89)",20,VISIBLE,6.96,-0.25
191,12,car,0.5277,962.03,352.71,1015.43,393.99,988.73,373.35,53.4,41.27,2203.93,1.29,Horizontal Oblong,Blue,"(87, 42, 91)",22,VISIBLE,7.51,0.3
192,1,motorcycle,0.9377,294.03,272.07,913.29,669.15,603.66,470.61,619.26,397.08,245894.42,1.56,Horizontal Oblong,Blue,"(93, 66, 65)",1,VISIBLE,0.38,1.04
192,2,person,0.9273,485.25,112.11,771.97,581.63,628.61,346.87,286.71,469.51,134616.21,0.61,Vertical Oblong,Blue,"(99, 75, 51)",2,VISIBLE,-0.09,-0.24
192,19,car,0.3804,1098.12,354.35,1141.42,384.01,1119.77,369.18,43.31,29.66,1284.4,1.46,Horizontal Oblong,Yellow,"(30, 49, 105)",19,VISIBLE,4.23,0.21
192,20,can,0.2848,1259.37,365.72,1282.43,396.16,1270.9,380.94,23.06,30.44,701.94,0.76,Vertical Oblong,Green,"(47, 53, 89)",20,VISIBLE,6.99,-0.26
192,12,car,0.4937,970.02,353.03,1023.39,393.98,996.71,373.5,53.37,40.94,2185.37,1.3,Horizontal Oblong,Blue,"(87, 43, 92)",22,VISIBLE,7.83,0.2
192,16,car,0.1832,949.68,353.76,976.74,376.12,963.21,364.94,27.06,22.35,604.91,1.21,Spherical / Regular,Green,"(50, 40, 85)",23,VISIBLE,1.72,0.08
193,1,motorcycle,0.9377,293.79,271.27,912.77,670.94,603.28,471.11,618.98,399.67,247386.58,1.55,Horizontal Oblong,Blue,"(94, 66, 63)",1,VISIBLE,-0.15,0.66
193,2,person,0.9182,483.02,111.16,773.61,581.29,628.31,346.23,290.59,470.13,136614.81,0.62,Vertical Oblong,Blue,"(100, 74, 50)",2,VISIBLE,-0.23,-0.52
193,19,car,0.4003,1102.42,354.31,1145.99,384.12,1124.2,369.21,43.58,29.81,1298.88,1.46,Horizontal Oblong,Yellow,"(30, 48, 101)",19,VISIBLE,4.37,0.09
193,20,can,0.1576,1266.01,365.39,1285.38,396.41,1275.7,380.9,19.37,31.03,600.9,0.62,Vertical Oblong,Green,"(52, 51, 89)",20,VISIBLE,5.45,-0.11
193,12,car,0.4553,977.4,352.98,1030.75,393.97,1004.08,373.48,53.36,40.99,2187.07,1.3,Horizontal Oblong,Blue,"(86, 43, 90)",22,VISIBLE,7.51,0.04
193,16,car,0.2434,952.73,353.53,980.0,376.09,966.36,364.81,27.26,22.56,615.04,1.21,Spherical / Regular,Green,"(47, 45, 85)",23,VISIBLE,2.72,-0.07
194,1,motorcycle,0.9391,293.5,269.83,914.28,672.56,603.89,471.2,620.78,402.73,250006.69,1.54,Horizontal Oblong,Blue,"(94, 66, 63)",1,VISIBLE,0.38,0.26
194,2,person,0.9254,480.36,109.56,774.83,581.04,627.6,345.3,294.48,471.48,138840.94,0.62,Vertical Oblong,Blue,"(100, 70, 50)",2,VISIBLE,-0.57,-0.8
194,19,car,0.3879,1107.05,353.65,1150.28,383.99,1128.67,368.82,43.23,30.34,1311.74,1.42,Horizontal Oblong,Yellow,"(33, 50, 101)",19,VISIBLE,4.43,-0.25
194,20,can,0.1576,1272.74,364.95,1291.49,396.44,1282.11,380.69,18.75,31.49,590.34,0.6,Vertical Oblong,Green,"(43, 46, 101)",20,VISIBLE,6.13,-0.18
194,12,car,0.4,985.18,352.87,1038.29,393.6,1011.73,373.24,53.11,40.73,2163.27,1.3,Horizontal Oblong,Green,"(81, 43, 91)",22,VISIBLE,7.61,-0.16
194,16,car,0.2434,953.8,353.46,981.14,376.04,967.47,364.75,27.34,22.58,617.27,1.21,Spherical / Regular,Green,"(47, 43, 85)",23,VISIBLE,1.59,-0.06
195,1,motorcycle,0.9406,293.51,268.72,916.13,674.21,604.82,471.46,622.61,405.49,252465.79,1.54,Horizontal Oblong,Blue,"(94, 66, 62)",1,VISIBLE,0.77,0.27
195,2,person,0.929,480.14,107.57,776.15,581.53,628.15,344.55,296.01,473.96,140297.45,0.62,Vertical Oblong,Blue,"(100, 68, 49)",2,VISIBLE,0.21,-0.77
195,19,car,0.2906,1112.46,353.24,1155.21,383.71,1133.84,368.47,42.76,30.47,1302.97,1.4,Horizontal Oblong,Yellow,"(32, 50, 101)",19,VISIBLE,4.95,-0.32
195,20,can,0.1576,1279.46,364.52,1297.6,396.46,1288.53,380.49,18.13,31.95,579.22,0.57,Vertical Oblong,Neutral,"(0, 0, 0)",20,VISIBLE,6.33,-0.2
195,12,car,0.5185,992.78,352.39,1046.32,393.2,1019.55,372.8,53.54,40.82,2185.49,1.31,Horizontal Oblong,Green,"(80, 44, 91)",22,VISIBLE,7.75,-0.35
195,16,car,0.2935,958.94,352.9,988.82,376.14,973.88,364.52,29.88,23.24,694.59,1.29,Horizontal Oblong,Green,"(47, 42, 84)",23,VISIBLE,4.96,-0.18
196,1,motorcycle,0.9394,293.39,268.01,918.12,676.03,605.75,472.02,624.74,408.02,254903.15,1.53,Horizontal Oblong,Blue,"(93, 67, 62)",1,VISIBLE,0.88,0.47
196,2,person,0.9316,482.46,105.45,777.62,581.52,630.04,343.48,295.16,476.07,140516.0,0.62,Vertical Oblong,Blue,"(100, 68, 49)",2,VISIBLE,1.39,-0.98
196,19,car,0.4529,1117.72,353.33,1160.77,383.15,1139.24,368.24,43.05,29.82,1283.47,1.44,Horizontal Oblong,Yellow,"(32, 47, 103)",19,VISIBLE,5.27,-0.26
196,20,can,0.1576,1286.19,364.08,1303.7,396.49,1294.95,380.29,17.51,32.41,567.53,0.54,Vertical Oblong,Neutral,"(0, 0, 0)",20,VISIBLE,6.39,-0.2
196,12,car,0.362,1001.21,352.43,1054.45,392.72,1027.83,372.57,53.24,40.29,2144.85,1.32,Horizontal Oblong,Green,"(81, 43, 87)",22,VISIBLE,8.12,-0.26
196,16,car,0.2167,963.74,352.39,996.49,375.7,980.12,364.05,32.75,23.31,763.39,1.41,Horizontal Oblong,Green,"(46, 40, 80)",23,VISIBLE,5.85,-0.39
197,1,motorcycle,0.9412,292.86,267.58,920.44,677.98,606.65,472.78,627.58,410.4,257559.1,1.53,Horizontal Oblong,Blue,"(90, 67, 61)",1,VISIBLE,0.89,0.67
197,2,person,0.9267,485.17,103.45,778.81,582.23,631.99,342.84,293.64,478.78,140590.97,0.61,Vertical Oblong,Blue,"(100, 68, 49)",2,VISIBLE,1.78,-0.74
197,19,car,0.3061,1123.56,353.29,1166.77,382.93,1145.16,368.11,43.21,29.64,1280.66,1.46,Horizontal Oblong,Yellow,"(31, 46, 103)",19,VISIBLE,5.73,-0.17
197,20,can,0.1576,1292.92,363.65,1309.81,396.51,1301.36,380.08,16.9,32.87,555.27,0.51,Vertical Oblong,Neutral,"(0, 0, 0)",20,VISIBLE,6.41,-0.2
197,12,car,0.4619,1009.46,352.2,1062.71,392.52,1036.08,372.36,53.25,40.32,2146.88,1.32,Horizontal Oblong,Green,"(81, 44, 85)",22,VISIBLE,8.22,-0.23
197,16,car,0.177,967.59,352.54,1004.07,376.56,985.83,364.55,36.48,24.01,875.97,1.52,Horizontal Oblong,Green,"(44, 40, 86)",23,VISIBLE,5.76,0.24
198,1,motorcycle,0.943,291.7,267.31,923.4,680.19,607.55,473.75,631.7,412.88,260813.41,1.53,Horizontal Oblong,Green,"(66, 64, 63)",1,VISIBLE,0.9,0.88
198,2,person,0.9362,482.47,102.03,780.25,583.25,631.36,342.64,297.78,481.21,143294.53,0.62,Vertical Oblong,Blue,"(98, 66, 50)",2,VISIBLE,0.09,-0.36
198,19,car,0.3505,1130.6,353.89,1172.89,382.95,1151.75,368.42,42.3,29.06,1228.98,1.46,Horizontal Oblong,Yellow,"(31, 46, 102)",19,VISIBLE,6.32,0.17
198,12,car,0.5381,1018.13,352.34,1071.24,392.46,1044.69,372.4,53.11,40.11,2130.36,1.32,Horizontal Oblong,Green,"(81, 45, 86)",22,VISIBLE,8.48,-0.04
198,16,car,0.281,974.41,352.76,1010.7,377.28,992.56,365.02,36.28,24.52,889.8,1.48,Horizontal Oblong,Green,"(44, 41, 79)",23,VISIBLE,6.43,0.4
199,1,motorcycle,0.941,290.13,267.22,926.29,682.75,608.21,474.99,636.16,415.53,264345.08,1.53,Horizontal Oblong,Green,"(50, 60, 68)",1,VISIBLE,0.73,1.13
199,2,person,0.9332,480.4,101.36,782.0,583.85,631.2,342.6,301.6,482.49,145520.96,0.63,Vertical Oblong,Blue,"(94, 63, 51)",2,VISIBLE,-0.08,-0.13
199,19,car,0.4407,1137.86,354.35,1179.4,383.31,1158.63,368.83,41.54,28.96,1203.03,1.43,Horizontal Oblong,Yellow,"(31, 45, 106)",19,VISIBLE,6.72,0.34
199,12,car,0.6029,1027.0,352.55,1080.34,392.46,1053.67,372.5,53.34,39.9,2128.51,1.34,Horizontal Oblong,Green,"(80, 44, 89)",22,VISIBLE,8.83,0.06
199,16,car,0.2686,983.07,353.05,1017.08,377.22,1000.07,365.13,34.02,24.17,822.31,1.41,Horizontal Oblong,Green,"(43, 40, 83)",23,VISIBLE,7.19,0.2
200,1,motorcycle,0.9409,288.9,267.08,928.69,685.4,608.8,476.24,639.79,418.32,267641.1,1.53,Horizontal Oblong,Green,"(44, 59, 69)",1,VISIBLE,0.63,1.22
200,2,person,0.931,479.23,100.69,783.59,585.2,631.41,342.95,304.36,484.51,147463.96,0.63,Vertical Oblong,Blue,"(94, 64, 51)",2,VISIBLE,0.12,0.2
200,19,car,0.3594,1145.5,354.88,1185.7,383.41,1165.6,369.14,40.2,28.53,1146.83,1.41,Horizontal Oblong,Yellow,"(34, 46, 108)",19,VISIBLE,6.89,0.32
200,12,car,0.5697,1036.25,352.8,1089.48,392.5,1062.86,372.65,53.23,39.7,2113.12,1.34,Horizontal Oblong,Green,"(72, 45, 90)",22,VISIBLE,9.09,0.12
200,16,car,0.1811,994.31,353.53,1023.51,376.86,1008.91,365.2,29.21,23.33,681.25,1.25,Horizontal Oblong,Green,"(68, 41, 77)",23,VISIBLE,8.34,0.1
201,1,motorcycle,0.9348,288.05,266.26,931.05,687.57,609.55,476.91,643.0,421.31,270902.49,1.53,Horizontal Oblong,Green,"(43, 59, 68)",1,VISIBLE,0.72,0.84
201,2,person,0.9334,478.23,99.86,785.03,585.92,631.63,342.89,306.8,486.06,149123.96,0.63,Vertical Oblong,Green,"(84, 64, 52)",2,VISIBLE,0.19,0.02
201,19,car,0.4203,1152.09,354.87,1193.04,382.77,1172.57,368.82,40.95,27.9,1142.5,1.47,Horizontal Oblong,Yellow,"(32, 46, 111)",19,VISIBLE,6.94,-0.13
201,12,car,0.6162,1045.27,352.91,1098.88,392.09,1072.08,372.5,53.6,39.18,2100.26,1.37,Horizontal Oblong,Green,"(62, 46, 87)",22,VISIBLE,9.17,-0.07
201,16,car,0.1811,1001.39,353.69,1029.69,376.93,1015.54,365.31,28.3,23.24,657.55,1.22,Spherical / Regular,Yellow,"(27, 42, 96)",23,VISIBLE,7.14,0.11
201,24,car,0.2259,780.07,334.04,884.08,376.4,832.08,355.22,104.01,42.36,4406.09,2.46,Horizontal Oblong,Blue,"(96, 65, 75)",24,VISIBLE,0.0,0.0
202,1,motorcycle,0.9337,286.95,265.0,933.96,689.35,610.45,477.18,647.02,424.34,274557.55,1.52,Horizontal Oblong,Green,"(43, 59, 66)",1,VISIBLE,0.85,0.43
202,2,person,0.9321,476.71,98.62,786.93,586.0,631.82,342.31,310.22,487.38,151195.53,0.64,Vertical Oblong,Green,"(81, 62, 52)",2,VISIBLE,0.19,-0.4
202,19,car,0.3932,1159.3,354.33,1200.49,382.03,1179.89,368.18,41.19,27.7,1140.92,1.49,Horizontal Oblong,Yellow,"(31, 46, 107)",19,VISIBLE,7.21,-0.49
202,12,car,0.6189,1055.21,353.15,1108.77,391.99,1081.99,372.57,53.56,38.85,2080.44,1.38,Horizontal Oblong,Green,"(72, 46, 90)",22,VISIBLE,9.69,0.03
202,16,car,0.1811,1008.48,353.84,1035.87,376.99,1022.17,365.41,27.38,23.15,634.0,1.18,Spherical / Regular,Yellow,"(30, 40, 96)",23,VISIBLE,6.79,0.11
202,24,car,0.2259,780.14,334.12,884.74,376.36,832.44,355.24,104.6,42.24,4418.59,2.48,Horizontal Oblong,Blue,"(95, 61, 74)",24,VISIBLE,0.37,0.02
203,1,motorcycle,0.9358,285.86,263.68,937.4,690.86,611.63,477.27,651.55,427.18,278325.26,1.53,Horizontal Oblong,Green,"(41, 58, 67)",1,VISIBLE,1.08,0.2
203,2,person,0.9332,475.12,96.45,788.78,586.38,631.95,341.42,313.66,489.93,153671.23,0.64,Vertical Oblong,Green,"(66, 60, 53)",2,VISIBLE,0.15,-0.75
203,19,car,0.4847,1167.03,354.34,1208.82,381.67,1187.92,368.01,41.79,27.33,1142.11,1.53,Horizontal Oblong,Yellow,"(30, 46, 113)",19,VISIBLE,7.79,-0.27
203,12,car,0.642,1065.99,353.25,1119.08,391.8,1092.54,372.52,53.09,38.54,2046.34,1.38,Horizontal Oblong,Green,"(60, 46, 91)",22,VISIBLE,10.29,-0.02
203,16,car,0.1811,1015.57,353.99,1042.04,377.05,1028.8,365.52,26.47,23.06,610.61,1.15,Spherical / Regular,Yellow,"(32, 41, 122)",23,VISIBLE,6.68,0.11
203,24,car,0.2259,780.2,334.2,885.4,376.33,832.8,355.26,105.2,42.12,4430.94,2.5,Horizontal Oblong,Blue,"(98, 59, 77)",24,VISIBLE,0.36,0.02
204,1,motorcycle,0.9358,284.98,262.11,940.75,692.09,612.87,477.1,655.77,429.98,281964.49,1.53,Horizontal Oblong,Green,"(41, 57, 66)",1,VISIBLE,1.19,-0.06
204,2,person,0.9303,475.26,93.58,790.52,587.17,632.89,340.37,315.25,493.6,155607.39,0.64,Vertical Oblong,Green,"(55, 58, 53)",2,VISIBLE,0.7,-0.95
204,19,car,0.3266,1175.41,353.94,1216.82,381.57,1196.11,367.75,41.41,27.63,1144.04,1.5,Horizontal Oblong,Yellow,"(29, 47, 118)",19,VISIBLE,8.07,-0.26
204,12,car,0.6245,1077.46,353.22,1129.92,391.8,1103.69,372.51,52.46,38.58,2023.61,1.36,Horizontal Oblong,Green,"(60, 46, 89)",22,VISIBLE,10.9,-0.02
204,16,car,0.1811,1022.65,354.14,1048.22,377.12,1035.43,365.63,25.56,22.98,587.38,1.11,Spherical / Regular,Green,"(42, 45, 75)",23,VISIBLE,6.64,0.11
205,1,motorcycle,0.9366,284.07,261.1,943.66,693.41,613.87,477.25,659.59,432.31,285148.59,1.53,Horizontal Oblong,Green,"(38, 57, 67)",1,VISIBLE,1.06,0.09
205,2,person,0.9277,474.29,91.55,792.19,587.49,633.24,339.52,317.9,495.94,157660.6,0.64,Vertical Oblong,Green,"(54, 59, 54)",2,VISIBLE,0.46,-0.88
205,19,car,0.4027,1183.78,353.8,1225.58,381.96,1204.68,367.88,41.79,28.16,1176.78,1.48,Horizontal Oblong,Yellow,"(29, 47, 120)",19,VISIBLE,8.42,0.01
205,12,car,0.6015,1090.33,353.35,1140.97,392.0,1115.65,372.68,50.64,38.65,1957.26,1.31,Horizontal Oblong,Green,"(60, 47, 81)",22,VISIBLE,11.64,0.11
205,16,car,0.1811,1029.74,354.29,1054.39,377.18,1042.07,365.74,24.65,22.89,564.31,1.08,Spherical / Regular,Green,"(43, 47, 74)",23,VISIBLE,6.63,0.11
205,24,car,0.1573,867.8,342.34,925.97,376.6,896.88,359.47,58.17,34.27,1993.3,1.7,Horizontal Oblong,Green,"(38, 54, 90)",25,VISIBLE,22.54,1.48
206,1,motorcycle,0.9376,282.94,260.29,946.38,694.87,614.66,477.58,663.44,434.58,288314.38,1.53,Horizontal Oblong,Green,"(38, 57, 66)",1,VISIBLE,0.87,0.25
206,2,person,0.9294,473.74,89.37,793.88,588.88,633.81,339.13,320.15,499.52,159918.98,0.64,Vertical Oblong,Green,"(48, 61, 54)",2,VISIBLE,0.54,-0.54
206,19,car,0.3334,1192.97,354.16,1234.93,382.62,1213.95,368.39,41.96,28.46,1194.08,1.47,Horizontal Oblong,Yellow,"(30, 46, 122)",19,VISIBLE,9.01,0.36
206,12,car,0.5108,1104.59,353.67,1152.3,392.34,1128.45,373.01,47.71,38.67,1844.94,1.23,Horizontal Oblong,Green,"(50, 45, 79)",22,VISIBLE,12.45,0.26
206,24,car,0.3603,828.71,339.71,933.84,377.72,881.27,358.71,105.12,38.02,3996.44,2.77,Horizontal Oblong,Green,"(81, 57, 81)",25,VISIBLE,-4.17,-0.08
207,1,motorcycle,0.9407,281.75,259.82,949.03,696.54,615.39,478.18,667.29,436.72,291419.62,1.53,Horizontal Oblong,Green,"(39, 57, 66)",1,VISIBLE,0.77,0.5
207,2,person,0.9243,473.81,88.13,795.72,590.53,634.76,339.33,321.91,502.4,161728.53,0.64,Vertical Oblong,Green,"(47, 64, 57)",2,VISIBLE,0.83,-0.02
207,19,car,0.3136,1202.61,354.58,1244.74,383.49,1223.67,369.03,42.13,28.91,1217.78,1.46,Horizontal Oblong,Yellow,"(28, 47, 122)",19,VISIBLE,9.51,0.56
207,12,car,0.466,1122.11,354.07,1164.59,392.8,1143.35,373.44,42.47,38.73,1645.0,1.1,Spherical / Regular,Green,"(50, 43, 84)",22,VISIBLE,14.17,0.38
207,24,car,0.3432,837.27,338.88,944.38,378.99,890.82,358.93,107.11,40.11,4296.25,2.67,Horizontal Oblong,Green,"(50, 56, 82)",25,VISIBLE,5.44,0.13
208,1,motorcycle,0.9444,280.2,259.47,951.85,698.48,616.03,478.98,671.65,439.01,294859.87,1.53,Horizontal Oblong,Green,"(41, 58, 65)",1,VISIBLE,0.68,0.71
208,2,person,0.9265,473.88,86.91,797.72,591.57,635.8,339.24,323.84,504.66,163428.89,0.64,Vertical Oblong,Green,"(46, 66, 58)",2,VISIBLE,0.97,-0.07
208,19,car,0.4129,1212.82,355.18,1255.11,384.27,1233.96,369.73,42.29,29.09,1230.3,1.45,Horizontal Oblong,Yellow,"(28, 47, 124)",19,VISIBLE,10.06,0.65
208,12,car,0.2535,1140.7,354.87,1177.46,393.14,1159.08,374.01,36.76,38.26,1406.62,0.96,Spherical / Regular,Green,"(43, 44, 83)",22,VISIBLE,15.26,0.51
208,24,car,0.4091,827.82,338.36,957.37,379.86,892.59,359.11,129.55,41.5,5376.7,3.12,Horizontal Oblong,Green,"(72, 57, 78)",25,VISIBLE,2.87,0.16
209,1,motorcycle,0.9422,278.21,259.24,954.5,700.24,616.35,479.74,676.29,441.0,298243.75,1.53,Horizontal Oblong,Green,"(42, 58, 64)",1,VISIBLE,0.43,0.75
209,2,person,0.9293,472.9,84.47,799.74,592.61,636.32,338.54,326.85,508.14,166083.68,0.64,Vertical Oblong,Green,"(47, 67, 58)",2,VISIBLE,0.66,-0.51
209,19,car,0.3506,1223.58,355.82,1266.04,384.45,1244.81,370.13,42.46,28.63,1215.72,1.48,Horizontal Oblong,Yellow,"(27, 45, 122)",19,VISIBLE,10.61,0.48
209,12,car,0.4043,1147.03,355.32,1191.39,393.69,1169.21,374.5,44.36,38.37,1702.05,1.16,Spherical / Regular,Yellow,"(33, 42, 87)",22,VISIBLE,11.67,0.5
209,24,car,0.3956,848.75,339.17,965.12,380.64,906.93,359.9,116.37,41.47,4826.16,2.81,Horizontal Oblong,Green,"(68, 57, 78)",25,VISIBLE,10.9,0.6
210,1,motorcycle,0.9417,276.15,259.05,958.43,701.79,617.29,480.42,682.28,442.74,302070.43,1.54,Horizontal Oblong,Green,"(43, 57, 65)",1,VISIBLE,0.78,0.7
210,2,person,0.9269,472.14,84.39,801.84,593.87,636.99,339.13,329.69,509.48,167971.93,0.65,Vertical Oblong,Green,"(46, 66, 59)",2,VISIBLE,0.67,0.26
210,19,car,0.2728,1234.06,355.69,1277.18,384.61,1255.62,370.15,43.12,28.92,1246.8,1.49,Horizontal Oblong,Yellow,"(27, 46, 119)",19,VISIBLE,10.75,0.16
210,12,car,0.3709,1155.6,355.49,1206.05,394.22,1180.82,374.85,50.46,38.73,1954.24,1.3,Horizontal Oblong,Yellow,"(30, 46, 89)",22,VISIBLE,11.63,0.4
210,24,car,0.6679,865.02,339.78,978.47,381.03,921.75,360.4,113.45,41.25,4680.07,2.75,Horizontal Oblong,Green,"(47, 57, 84)",25,VISIBLE,13.64,0.53
211,1,motorcycle,0.9413,274.22,258.83,960.91,703.38,617.56,481.11,686.69,444.55,305269.65,1.54,Horizontal Oblong,Green,"(44, 57, 65)",1,VISIBLE,0.43,0.69
211,2,person,0.9243,471.93,82.75,803.94,595.02,637.94,338.88,332.01,512.27,170074.7,0.65,Vertical Oblong,Green,"(47, 66, 59)",2,VISIBLE,0.86,-0.09
211,19,car,0.2645,1245.32,355.46,1283.97,385.2,1264.65,370.33,38.65,29.74,1149.54,1.3,Horizontal Oblong,Yellow,"(27, 45, 120)",19,VISIBLE,9.54,0.17
211,12,car,0.1874,1164.78,353.88,1219.41,393.86,1192.09,373.87,54.63,39.97,2183.89,1.37,Horizontal Oblong,Green,"(37, 42, 86)",22,VISIBLE,11.38,-0.57
211,24,car,0.7019,877.48,339.83,999.67,381.06,938.58,360.44,122.19,41.24,5038.75,2.96,Horizontal Oblong,Green,"(44, 56, 91)",25,VISIBLE,15.87,0.19
212,1,motorcycle,0.9415,272.53,258.57,963.66,704.84,618.09,481.71,691.13,446.27,308426.91,1.55,Horizontal Oblong,Green,"(44, 57, 65)",1,VISIBLE,0.5,0.63
212,2,person,0.9297,471.06,81.76,805.89,596.16,638.48,338.96,334.83,514.41,172238.46,0.65,Vertical Oblong,Green,"(47, 67, 59)",2,VISIBLE,0.64,0.02
212,19,car,0.1735,1256.38,354.95,1287.26,384.04,1271.82,369.49,30.89,29.08,898.22,1.06,Spherical / Regular,Yellow,"(27, 48, 118)",19,VISIBLE,7.89,-0.53
212,12,car,0.2031,1175.57,353.39,1222.53,392.7,1199.05,373.04,46.96,39.31,1846.1,1.19,Spherical / Regular,Yellow,"(33, 44, 95)",22,VISIBLE,8.28,-0.75
212,24,car,0.7578,888.68,339.95,1011.11,380.76,949.9,360.35,122.43,40.81,4996.08,3.0,Horizontal Oblong,Green,"(44, 54, 91)",25,VISIBLE,12.69,-0.01
213,1,motorcycle,0.9407,270.94,258.34,967.04,705.98,618.99,482.16,696.1,447.63,311599.73,1.56,Horizontal Oblong,Green,"(45, 55, 64)",1,VISIBLE,0.78,0.51
213,2,person,0.9258,471.43,80.14,807.63,597.32,639.53,338.73,336.2,517.18,173874.87,0.65,Vertical Oblong,Green,"(47, 67, 59)",2,VISIBLE,0.93,-0.15
213,19,car,0.1735,1266.74,354.89,1294.84,384.01,1280.79,369.45,28.1,29.12,818.22,0.97,Spherical / Regular,Yellow,"(29, 55, 123)",19,VISIBLE,8.64,-0.19
213,12,car,0.3391,1187.35,353.8,1232.7,392.21,1210.02,373.0,45.35,38.41,1741.9,1.18,Spherical / Regular,Green,"(43, 46, 86)",22,VISIBLE,10.17,-0.25
213,24,car,0.7555,895.04,340.04,1024.41,380.59,959.72,360.31,129.37,40.54,5244.83,3.19,Horizontal Oblong,Green,"(44, 53, 84)",25,VISIBLE,10.69,-0.03
214,1,motorcycle,0.9387,269.46,257.67,969.54,707.48,619.5,482.58,700.07,449.81,314900.88,1.56,Horizontal Oblong,Green,"(45, 56, 62)",1,VISIBLE,0.59,0.44
214,2,person,0.9255,472.18,78.84,809.21,598.22,640.69,338.53,337.03,519.39,175047.97,0.65,Vertical Oblong,Green,"(48, 68, 57)",2,VISIBLE,1.09,-0.19
214,19,car,0.1735,1277.1,354.84,1302.42,383.99,1289.76,369.41,25.32,29.15,738.03,0.87,Spherical / Regular,Yellow,"(30, 57, 116)",19,VISIBLE,8.87,-0.08
214,12,car,0.3056,1200.11,354.17,1247.11,391.78,1223.61,372.97,47.0,37.61,1767.34,1.25,Horizontal Oblong,Green,"(46, 47, 75)",22,VISIBLE,12.56,-0.1
214,24,car,0.7706,904.32,339.99,1038.97,380.76,971.65,360.37,134.65,40.77,5489.59,3.3,Horizontal Oblong,Green,"(44, 52, 82)",25,VISIBLE,11.55,0.03
215,1,motorcycle,0.94,268.15,257.2,973.05,709.43,620.6,483.31,704.9,452.23,318777.47,1.56,Horizontal Oblong,Green,"(44, 56, 61)",1,VISIBLE,0.95,0.65
215,2,person,0.9204,473.9,77.7,811.17,599.34,642.54,338.52,337.26,521.64,175928.94,0.65,Vertical Oblong,Green,"(50, 66, 58)",2,VISIBLE,1.62,-0.06
215,19,car,0.1735,1287.46,354.78,1310.0,383.96,1298.73,369.37,22.54,29.18,657.65,0.77,Vertical Oblong,Neutral,"(0, 0, 0)",19,VISIBLE,8.94,-0.06
215,12,car,0.489,1214.46,354.71,1264.58,391.79,1239.52,373.25,50.12,37.08,1858.49,1.35,Horizontal Oblong,Green,"(52, 44, 84)",22,VISIBLE,14.9,0.16
215,24,car,0.756,925.24,340.42,1054.78,381.09,990.01,360.76,129.53,40.67,5268.24,3.18,Horizontal Oblong,Green,"(44, 50, 86)",25,VISIBLE,16.32,0.28
216,1,motorcycle,0.9417,267.1,256.72,976.46,711.54,621.78,484.13,709.36,454.83,322634.11,1.56,Horizontal Oblong,Green,"(44, 57, 61)",1,VISIBLE,1.11,0.77
216,2,person,0.9193,475.23,76.42,813.33,600.85,644.28,338.63,338.1,524.43,177310.24,0.64,Vertical Oblong,Green,"(48, 66, 57)",2,VISIBLE,1.71,0.06
216,19,car,0.1735,1297.82,354.72,1317.58,383.94,1307.7,369.33,19.75,29.22,577.09,0.68,Vertical Oblong,Neutral,"(0, 0, 0)",19,VISIBLE,8.96,-0.04
216,12,car,0.5456,1228.63,355.29,1278.65,392.08,1253.64,373.69,50.02,36.79,1840.33,1.36,Horizontal Oblong,Green,"(60, 43, 84)",22,VISIBLE,14.36,0.35
216,24,car,0.5458,953.45,340.47,1070.98,381.43,1012.21,360.95,117.53,40.96,4814.16,2.87,Horizontal Oblong,Green,"(44, 49, 86)",25,VISIBLE,20.44,0.22
217,1,motorcycle,0.9431,266.08,256.18,980.26,713.41,623.17,484.79,714.18,457.22,326539.43,1.56,Horizontal Oblong,Green,"(43, 58, 62)",1,VISIBLE,1.31,0.7
217,2,person,0.9185,475.61,74.68,815.56,602.69,645.58,338.69,339.96,528.01,179499.93,0.64,Vertical Oblong,Green,"(50, 66, 57)",2,VISIBLE,1.43,0.05
217,19,car,0.1735,1308.18,354.66,1325.15,383.91,1316.67,369.29,16.97,29.25,496.34,0.58,Vertical Oblong,Neutral,"(0, 0, 0)",19,VISIBLE,8.96,-0.04
217,12,car,0.3566,1244.97,355.22,1286.63,393.37,1265.8,374.29,41.67,38.14,1589.18,1.09,Spherical / Regular,Green,"(46, 46, 77)",22,VISIBLE,12.82,0.53
217,24,car,0.5128,962.24,340.09,1086.43,381.49,1024.33,360.79,124.19,41.4,5141.98,3.0,Horizontal Oblong,Green,"(41, 48, 91)",25,VISIBLE,14.62,-0.05
218,1,motorcycle,0.9398,265.23,254.6,983.86,714.86,624.54,484.73,718.63,460.26,330754.83,1.56,Horizontal Oblong,Green,"(43, 58, 63)",1,VISIBLE,1.35,0.16
218,2,person,0.9014,477.21,72.98,817.99,604.06,647.6,338.52,340.78,531.08,180979.36,0.64,Vertical Oblong,Green,"(52, 66, 56)",2,VISIBLE,1.84,-0.1
218,12,car,0.3566,1258.69,355.41,1298.51,393.64,1278.6,374.53,39.82,38.23,1522.41,1.04,Spherical / Regular,Green,"(43, 45, 83)",22,VISIBLE,12.81,0.32
218,24,car,0.5102,972.04,339.49,1103.37,381.7,1037.7,360.6,131.33,42.21,5543.28,3.11,Horizontal Oblong,Green,"(36, 46, 90)",25,VISIBLE,13.74,-0.15
219,1,motorcycle,0.9394,264.61,253.7,986.68,715.92,625.65,484.81,722.06,462.22,333749.37,1.56,Horizontal Oblong,Green,"(44, 58, 64)",1,VISIBLE,1.18,0.1
219,2,person,0.9004,477.5,71.57,819.92,605.32,648.71,338.44,342.42,533.76,182770.35,0.64,Vertical Oblong,Green,"(54, 67, 55)",2,VISIBLE,1.33,-0.08
219,12,car,0.3566,1272.41,355.6,1310.39,393.92,1291.4,374.76,37.98,38.32,1455.31,0.99,Spherical / Regular,Green,"(40, 51, 117)",22,VISIBLE,12.8,0.26
219,24,car,0.4883,984.35,341.63,1120.68,381.24,1052.52,361.43,136.34,39.61,5400.42,3.44,Horizontal Oblong,Green,"(36, 45, 91)",25,VISIBLE,14.49,0.54
220,1,motorcycle,0.9371,263.82,251.69,990.49,716.64,627.15,484.17,726.67,464.94,337860.49,1.56,Horizontal Oblong,Green,"(45, 58, 63)",1,VISIBLE,1.41,-0.42
220,2,person,0.9088,478.54,70.14,821.47,605.95,650.01,338.05,342.94,535.81,183749.17,0.64,Vertical Oblong,Green,"(54, 67, 54)",2,VISIBLE,1.31,-0.3
220,12,car,0.3566,1286.13,355.79,1322.26,394.2,1304.2,374.99,36.13,38.41,1387.87,0.94,Spherical / Regular,Neutral,"(0, 0, 0)",22,VISIBLE,12.8,0.24
220,24,car,0.2894,998.08,340.69,1139.39,380.66,1068.73,360.67,141.31,39.97,5648.36,3.54,Horizontal Oblong,Green,"(35, 47, 90)",25,VISIBLE,15.7,-0.37
221,1,motorcycle,0.937,262.74,250.12,993.94,717.11,628.34,483.62,731.2,466.99,341462.74,1.57,Horizontal Oblong,Green,"(46, 57, 62)",1,VISIBLE,1.25,-0.51
221,2,person,0.9252,477.54,68.49,822.8,607.08,650.17,337.78,345.26,538.59,185954.46,0.64,Vertical Oblong,Green,"(81, 63, 53)",2,VISIBLE,0.51,-0.27
221,12,car,0.3566,1299.85,355.98,1334.14,394.48,1316.99,375.23,34.29,38.5,1320.11,0.89,Spherical / Regular,Neutral,"(0, 0, 0)",22,VISIBLE,12.8,0.24
221,24,car,0.3484,1012.9,339.79,1157.01,380.29,1084.95,360.04,144.11,40.5,5836.22,3.56,Horizontal Oblong,Green,"(38, 46, 85)",25,VISIBLE,16.06,-0.56
221,26,car,0.1945,936.47,340.12,1008.58,379.46,972.53,359.79,72.11,39.35,2837.19,1.83,Horizontal Oblong,Green,"(50, 68, 67)",26,VISIBLE,0.0,0.0
222,1,motorcycle,0.9378,261.45,248.56,996.86,717.38,629.16,482.97,735.4,468.82,344773.51,1.57,Horizontal Oblong,Green,"(47, 57, 60)",1,VISIBLE,0.95,-0.6
222,2,person,0.9245,477.91,67.07,824.14,607.65,651.02,337.36,346.23,540.58,187166.09,0.64,Vertical Oblong,Green,"(84, 63, 52)",2,VISIBLE,0.75,-0.38
222,12,car,0.3566,1313.57,356.16,1346.02,394.75,1329.79,375.46,32.44,38.59,1252.01,0.84,Spherical / Regular,Neutral,"(0, 0, 0)",22,VISIBLE,12.8,0.23
222,24,car,0.3458,1028.58,339.43,1156.03,380.0,1092.31,359.71,127.45,40.57,5170.66,3.14,Horizontal Oblong,Green,"(43, 46, 86)",25,VISIBLE,9.96,-0.39
222,26,car,0.1945,942.52,339.97,1014.27,379.49,978.39,359.73,71.74,39.52,2835.29,1.82,Horizontal Oblong,Green,"(48, 69, 64)",26,VISIBLE,5.87,-0.06
223,1,motorcycle,0.937,259.96,247.15,1000.15,717.63,630.05,482.39,740.19,470.48,348242.82,1.57,Horizontal Oblong,Green,"(50, 57, 60)",1,VISIBLE,0.91,-0.59
223,2,person,0.9293,477.32,65.94,825.89,608.45,651.61,337.2,348.56,542.5,189095.68,0.64,Vertical Oblong,Blue,"(94, 62, 52)",2,VISIBLE,0.63,-0.23
223,24,car,0.48,1045.28,339.5,1167.76,381.09,1106.52,360.29,122.48,41.59,5093.78,2.95,Horizontal Oblong,Green,"(46, 51, 83)",25,VISIBLE,12.94,0.29
223,26,car,0.1945,948.57,339.83,1019.95,379.52,984.26,359.67,71.38,39.69,2833.26,1.8,Horizontal Oblong,Green,"(50, 71, 58)",26,VISIBLE,5.87,-0.06
223,28,can,0.2691,201.7,361.23,262.46,431.68,232.08,396.45,60.76,70.45,4280.14,0.86,Spherical / Regular,Green,"(74, 58, 107)",28,VISIBLE,0.0,0.0
223,27,car,0.3712,1225.91,356.04,1272.26,383.3,1249.08,369.67,46.36,27.25,1263.33,1.7,Horizontal Oblong,Green,"(40, 59, 81)",27,VISIBLE,0.0,0.0
224,1,motorcycle,0.9349,258.54,246.5,1003.48,717.99,631.01,482.24,744.94,471.49,351230.99,1.58,Horizontal Oblong,Green,"(50, 56, 59)",1,VISIBLE,0.94,-0.28
224,2,person,0.929,476.87,65.15,827.69,609.46,652.28,337.31,350.82,544.31,190954.85,0.64,Vertical Oblong,Blue,"(94, 62, 52)",2,VISIBLE,0.66,0.01
224,24,car,0.6234,1062.17,339.87,1188.37,381.99,1125.27,360.93,126.21,42.13,5316.6,3.0,Horizontal Oblong,Green,"(47, 52, 79)",25,VISIBLE,17.01,0.53
224,28,can,0.2691,204.18,361.43,262.98,431.66,233.58,396.54,58.8,70.23,4129.37,0.84,Spherical / Regular,Green,"(39, 67, 110)",28,VISIBLE,1.5,0.09
224,27,car,0.3038,1238.22,353.48,1276.81,384.53,1257.51,369.0,38.59,31.04,1198.01,1.24,Horizontal Oblong,Green,"(39, 42, 73)",27,VISIBLE,8.43,-0.67
225,1,motorcycle,0.9358,256.96,246.04,1007.67,718.24,632.31,482.14,750.71,472.21,354490.79,1.59,Horizontal Oblong,Green,"(50, 56, 58)",1,VISIBLE,1.2,-0.16
225,2,person,0.9233,479.24,64.89,829.46,610.78,654.35,337.83,350.22,545.89,191180.33,0.64,Vertical Oblong,Blue,"(94, 62, 52)",2,VISIBLE,1.65,0.37
225,24,car,0.6662,1080.1,340.64,1214.52,382.93,1147.31,361.78,134.41,42.29,5684.67,3.18,Horizontal Oblong,Green,"(46, 52, 79)",25,VISIBLE,20.53,0.76
225,28,can,0.2691,206.66,361.62,263.49,431.64,235.07,396.63,56.83,70.02,3979.45,0.81,Vertical Oblong,Green,"(35, 76, 113)",28,VISIBLE,1.5,0.09
225,27,car,0.3038,1242.46,352.79,1278.73,384.83,1260.59,368.81,36.26,32.03,1161.51,1.13,Spherical / Regular,Yellow,"(30, 49, 77)",27,VISIBLE,4.69,-0.34
226,1,motorcycle,0.9341,255.62,246.26,1011.22,718.3,633.42,482.28,755.6,472.04,356671.25,1.6,Horizontal Oblong,Green,"(48, 57, 57)",1,VISIBLE,1.13,0.05
226,2,person,0.915,482.46,64.92,831.65,612.2,657.06,338.56,349.19,547.28,191105.03,0.64,Vertical Oblong,Blue,"(94, 63, 53)",2,VISIBLE,2.39,0.62
226,24,car,0.6224,1098.15,341.57,1236.83,384.26,1167.49,362.91,138.68,42.69,5919.81,3.25,Horizontal Oblong,Green,"(44, 53, 78)",25,VISIBLE,20.29,1.02
226,27,car,0.3038,1246.71,352.11,1280.64,385.13,1263.67,368.62,33.93,33.02,1120.4,1.03,Spherical / Regular,Green,"(35, 55, 93)",27,VISIBLE,3.56,-0.23
227,1,motorcycle,0.9341,254.28,246.65,1014.67,718.24,634.48,482.45,760.4,471.59,358592.62,1.61,Horizontal Oblong,Green,"(48, 58, 58)",1,VISIBLE,1.08,0.13
227,2,person,0.9143,489.65,64.99,834.08,613.63,661.86,339.31,344.43,548.64,188969.63,0.63,Vertical Oblong,Blue,"(94, 65, 53)",2,VISIBLE,4.08,0.71
227,24,car,0.718,1116.48,342.84,1258.11,385.65,1187.3,364.24,141.63,42.81,6063.01,3.31,Horizontal Oblong,Green,"(46, 53, 78)",25,VISIBLE,19.95,1.24
227,27,car,0.3038,1250.95,351.42,1282.55,385.43,1266.75,368.42,31.6,34.01,1074.68,0.93,Spherical / Regular,Green,"(41, 69, 71)",27,VISIBLE,3.22,-0.21
228,1,motorcycle,0.9328,253.48,246.97,1017.08,718.13,635.28,482.55,763.6,471.16,359777.03,1.62,Horizontal Oblong,Green,"(47, 59, 58)",1,VISIBLE,0.89,0.11
228,2,person,0.9177,496.02,64.74,836.2,614.84,666.11,339.79,340.18,550.1,187134.97,0.62,Vertical Oblong,Blue,"(93, 65, 53)",2,VISIBLE,4.2,0.55
228,24,car,0.6981,1135.27,344.2,1277.6,386.86,1206.44,365.53,142.33,42.66,6072.23,3.34,Horizontal Oblong,Green,"(46, 53, 77)",25,VISIBLE,19.38,1.27
229,1,motorcycle,0.9303,252.63,247.49,1019.98,718.09,636.3,482.79,767.35,470.59,361110.4,1.63,Horizontal Oblong,Green,"(47, 58, 58)",1,VISIBLE,0.98,0.2
229,2,person,0.9186,500.84,64.31,838.3,616.01,669.57,340.16,337.46,551.69,186174.06,0.61,Vertical Oblong,Blue,"(94, 64, 54)",2,VISIBLE,3.68,0.42
229,24,car,0.7356,1155.14,345.43,1289.47,388.02,1222.3,366.72,134.33,42.6,5721.78,3.15,Horizontal Oblong,Green,"(46, 56, 77)",25,VISIBLE,16.92,1.22
230,1,motorcycle,0.9291,252.18,247.49,1023.29,718.13,637.73,482.81,771.11,470.64,362912.67,1.64,Horizontal Oblong,Green,"(47, 57, 58)",1,VISIBLE,1.3,0.07
230,2,person,0.9181,501.94,62.99,839.67,616.94,670.81,339.97,337.73,553.96,187087.27,0.61,Vertical Oblong,Blue,"(94, 63, 54)",2,VISIBLE,1.97,-0.01
230,24,car,0.6637,1175.01,345.99,1294.95,388.02,1234.98,367.01,119.94,42.03,5041.2,2.85,Horizontal Oblong,Green,"(47, 56, 76)",25,VISIBLE,13.95,0.56
230,28,can,0.5234,228.62,353.34,270.81,400.04,249.72,376.69,42.19,46.7,1970.32,0.9,Spherical / Regular,Green,"(81, 45, 56)",29,VISIBLE,2.5,-2.77
231,1,motorcycle,0.9307,252.05,247.08,1026.33,718.21,639.19,482.64,774.28,471.13,364788.25,1.64,Horizontal Oblong,Green,"(48, 56, 58)",1,VISIBLE,1.41,-0.09
231,2,person,0.9182,499.98,60.78,840.94,617.9,670.46,339.34,340.96,557.12,189955.14,0.61,Vertical Oblong,Blue,"(94, 62, 54)",2,VISIBLE,0.35,-0.44
231,24,car,0.5906,1195.27,346.03,1296.23,387.75,1245.75,366.89,100.96,41.71,4211.34,2.42,Horizontal Oblong,Green,"(50, 57, 76)",25,VISIBLE,11.72,0.09
231,28,can,0.5234,230.2,353.35,272.22,400.08,251.21,376.72,42.02,46.73,1963.64,0.9,Spherical / Regular,Green,"(81, 47, 69)",29,VISIBLE,1.8,-0.81
231,30,car,0.3953,0.01,328.66,55.66,408.68,27.84,368.67,55.65,80.03,4453.44,0.7,Vertical Oblong,Blue,"(87, 46, 63)",30,VISIBLE,0.0,0.0
232,1,motorcycle,0.9302,252.11,246.54,1028.34,718.28,640.22,482.41,776.22,471.74,366177.22,1.65,Horizontal Oblong,Green,"(49, 55, 57)",1,VISIBLE,1.15,-0.19
232,2,person,0.9231,499.53,57.84,842.18,618.38,670.85,338.11,342.65,560.54,192070.82,0.61,Vertical Oblong,Blue,"(94, 63, 53)",2,VISIBLE,0.38,-0.99
232,24,car,0.5431,1215.46,346.15,1295.03,387.31,1255.25,366.73,79.57,41.16,3275.14,1.93,Horizontal Oblong,Green,"(47, 53, 79)",25,VISIBLE,10.16,-0.09
232,28,can,0.5234,231.78,353.35,273.63,400.12,252.71,376.74,41.85,46.77,1956.95,0.89,Spherical / Regular,Grey/Brown,"(0, 0, 0)",29,VISIBLE,1.59,-0.23
232,30,car,0.3122,0.26,328.11,75.33,407.81,37.8,367.96,75.07,79.7,5982.67,0.94,Spherical / Regular,Blue,"(87, 44, 68)",30,VISIBLE,9.96,-0.71
233,1,motorcycle,0.931,252.47,245.94,1029.98,718.22,641.22,482.08,777.51,472.28,367201.24,1.65,Horizontal Oblong,Green,"(50, 53, 57)",1,VISIBLE,1.04,-0.29
233,2,person,0.9264,508.58,54.98,843.41,618.68,675.99,336.83,334.83,563.7,188743.41,0.59,Vertical Oblong,Blue,"(98, 62, 54)",2,VISIBLE,3.71,-1.19
233,24,car,0.1908,1236.7,346.54,1292.59,386.52,1264.65,366.53,55.9,39.97,2234.3,1.4,Horizontal Oblong,Green,"(43, 53, 78)",25,VISIBLE,9.63,-0.17
233,30,car,0.4234,0.16,326.98,68.69,411.69,34.43,369.33,68.53,84.71,5805.54,0.81,Vertical Oblong,Blue,"(96, 45, 102)",30,VISIBLE,0.63,0.75
234,1,motorcycle,0.9339,252.91,245.22,1032.92,718.11,642.92,481.67,780.01,472.88,368854.31,1.65,Horizontal Oblong,Green,"(55, 53, 55)",1,VISIBLE,1.5,-0.38
234,2,person,0.9309,515.45,52.28,844.65,618.8,680.05,335.54,329.2,566.52,186499.4,0.58,Vertical Oblong,Blue,"(95, 61, 53)",2,VISIBLE,3.95,-1.26
234,24,car,0.1908,1256.54,347.01,1297.55,386.48,1277.04,366.74,41.01,39.47,1618.65,1.04,Spherical / Regular,Green,"(42, 52, 73)",25,VISIBLE,11.57,0.1
234,30,car,0.5446,0.08,325.09,77.61,414.41,38.84,369.75,77.53,89.31,6924.37,0.87,Spherical / Regular,Blue,"(100, 50, 100)",30,VISIBLE,3.28,0.52
234,28,can,0.2164,322.86,354.73,358.98,398.85,340.92,376.79,36.13,44.12,1593.99,0.82,Spherical / Regular,Green,"(80, 43, 63)",32,VISIBLE,31.35,-0.05
234,31,car,0.4204,52.23,328.1,137.8,406.37,95.01,367.24,85.58,78.28,6698.68,1.09,Spherical / Regular,Blue,"(88, 46, 73)",31,VISIBLE,0.0,0.0
235,1,motorcycle,0.9341,253.49,244.54,1036.32,717.99,644.9,481.27,782.83,473.44,370626.16,1.65,Horizontal Oblong,Green,"(60, 53, 54)",1,VISIBLE,1.84,-0.39
235,2,person,0.9237,517.18,50.09,846.03,619.44,681.6,334.77,328.84,569.35,187228.83,0.58,Vertical Oblong,Blue,"(98, 62, 54)",2,VISIBLE,2.27,-0.92
235,24,car,0.1908,1276.39,347.47,1302.5,386.44,1289.44,366.96,26.12,38.97,1017.85,0.67,Vertical Oblong,Green,"(47, 54, 50)",25,VISIBLE,12.15,0.18
235,30,car,0.4902,0.03,324.08,97.98,415.13,49.0,369.61,97.95,91.04,8917.57,1.08,Spherical / Regular,Blue,"(99, 53, 90)",30,VISIBLE,8.1,0.05
235,28,can,0.2164,324.38,354.75,359.71,398.78,342.04,376.77,35.33,44.03,1555.51,0.8,Vertical Oblong,Green,"(81, 39, 83)",32,VISIBLE,10.19,-0.03
235,31,car,0.3388,72.76,328.35,156.51,406.28,114.63,367.32,83.75,77.93,6526.39,1.07,Spherical / Regular,Blue,"(92, 46, 83)",31,VISIBLE,19.62,0.08
236,1,motorcycle,0.932,254.07,243.95,1039.59,717.88,646.83,480.91,785.52,473.93,372280.32,1.66,Horizontal Oblong,Green,"(60, 53, 53)",1,VISIBLE,1.9,-0.36
236,2,person,0.9252,518.67,49.07,847.98,620.07,683.32,334.57,329.31,571.0,188036.03,0.58,Vertical Oblong,Blue,"(94, 62, 54)",2,VISIBLE,1.89,-0.41
236,24,car,0.1908,1296.23,347.93,1307.46,386.41,1301.84,367.17,11.23,38.48,431.92,0.29,Vertical Oblong,Neutral,"(0, 0, 0)",25,VISIBLE,12.33,0.2
236,30,car,0.4815,-0.0,323.29,124.37,415.46,62.18,369.37,124.37,92.17,11463.41,1.35,Horizontal Oblong,Blue,"(99, 50, 96)",30,VISIBLE,11.66,-0.15
236,28,can,0.2164,325.9,354.78,360.43,398.72,343.17,376.75,34.53,43.94,1517.18,0.79,Vertical Oblong,Yellow,"(34, 37, 55)",32,VISIBLE,3.84,-0.02
236,31,car,0.3609,98.91,328.77,181.4,406.01,140.16,367.39,82.49,77.23,6370.71,1.07,Spherical / Regular,Blue,"(92, 46, 113)",31,VISIBLE,23.75,0.08
237,1,motorcycle,0.9333,254.67,243.76,1043.78,717.85,649.22,480.81,789.11,474.1,374117.04,1.66,Horizontal Oblong,Green,"(60, 53, 54)",1,VISIBLE,2.25,-0.19
237,2,person,0.9184,510.64,48.7,850.12,620.87,680.38,334.79,339.49,572.17,194246.04,0.59,Vertical Oblong,Blue,"(95, 62, 56)",2,VISIBLE,-1.5,0.03
237,24,car,0.1908,1312.41,348.39,1316.07,386.37,1314.24,367.38,3.66,37.98,139.15,0.1,Vertical Oblong,Neutral,"(0, 0, 0)",25,VISIBLE,12.37,0.21
237,30,car,0.316,0.02,322.91,152.03,415.43,76.03,369.17,152.01,92.52,14064.23,1.64,Horizontal Oblong,Blue,"(98, 48, 95)",30,VISIBLE,13.18,-0.19
237,31,car,0.398,129.17,329.53,210.2,406.16,169.68,367.84,81.03,76.63,6208.93,1.06,Spherical / Regular,Blue,"(98, 45, 110)",31,VISIBLE,27.8,0.34
238,1,motorcycle,0.9323,255.59,244.07,1046.46,717.82,651.03,480.94,790.88,473.75,374679.77,1.67,Horizontal Oblong,Green,"(60, 53, 53)",1,VISIBLE,1.93,0.04
238,2,person,0.9142,512.84,48.82,851.89,621.94,682.37,335.38,339.05,573.12,194319.21,0.59,Vertical Oblong,Blue,"(94, 60, 56)",2,VISIBLE,0.94,0.42
238,24,car,0.1908,1317.36,348.86,1335.92,386.33,1326.64,367.6,18.55,37.48,695.35,0.5,Vertical Oblong,Neutral,"(0, 0, 0)",25,VISIBLE,12.39,0.21
238,30,car,0.3461,0.0,323.08,182.56,415.83,91.28,369.45,182.56,92.75,16932.85,1.97,Horizontal Oblong,Blue,"(96, 48, 87)",30,VISIBLE,14.63,0.14
238,31,car,0.3879,160.44,330.09,240.26,406.39,200.35,368.24,79.82,76.3,6090.27,1.05,Spherical / Regular,Blue,"(95, 43, 82)",31,VISIBLE,29.8,0.38
239,1,motorcycle,0.9324,256.44,244.91,1050.62,717.81,653.53,481.36,794.18,472.9,375562.61,1.68,Horizontal Oblong,Green,"(60, 53, 53)",1,VISIBLE,2.33,0.3
239,2,person,0.9085,509.54,49.24,853.88,623.91,681.71,336.58,344.34,574.67,197880.62,0.6,Vertical Oblong,Blue,"(93, 61, 59)",2,VISIBLE,-0.18,0.96
239,30,car,0.3933,0.11,324.38,213.53,416.24,106.82,370.31,213.42,91.85,19603.45,2.32,Horizontal Oblong,Green,"(54, 57, 97)",30,VISIBLE,15.27,0.64
239,31,car,0.3167,191.25,330.98,270.12,407.15,230.68,369.07,78.86,76.17,6007.19,1.04,Spherical / Regular,Blue,"(92, 45, 85)",31,VISIBLE,30.18,0.69
240,1,motorcycle,0.9331,257.24,246.31,1053.91,717.86,655.58,482.09,796.67,471.55,375665.99,1.69,Horizontal Oblong,Green,"(66, 52, 53)",1,VISIBLE,2.13,0.6
240,2,person,0.908,511.11,49.73,855.13,625.86,683.12,337.8,344.02,576.13,198202.12,0.6,Vertical Oblong,Blue,"(87, 62, 58)",2,VISIBLE,0.93,1.14
240,30,car,0.3657,7.04,325.83,245.23,416.68,126.14,371.25,238.19,90.85,21638.37,2.62,Horizontal Oblong,Green,"(35, 64, 101)",30,VISIBLE,18.1,0.85
240,31,car,0.3971,221.26,331.81,298.96,407.61,260.11,369.71,77.7,75.8,5889.52,1.03,Spherical / Regular,Blue,"(93, 46, 87)",31,VISIBLE,29.65,0.66
