frame,master_track_id,class_name,state,frames_visible,frames_occluded,confidence_decay,centroid_x,centroid_y,velocity_x,velocity_y,color,area
2,1,person,VISIBLE,1,0,0.9517,764.2,374.27,0.0,0.0,Yellow,225194.39
2,2,car,VISIBLE,1,0,0.5983,199.52,393.96,0.0,0.0,Grey,842.04
2,3,car,VISIBLE,1,0,0.4208,364.66,395.26,0.0,0.0,Grey,1733.93
2,4,car,VISIBLE,1,0,0.2904,271.54,392.28,0.0,0.0,White,562.28
2,5,can,VISIBLE,1,0,0.5293,516.08,406.4,0.0,0.0,Green,722.79
3,1,person,VISIBLE,2,0,0.9487,763.5,374.83,-0.7,0.56,Yellow,225169.04
3,2,car,VISIBLE,2,0,0.5973,199.91,393.86,0.38,-0.1,Grey,837.34
3,3,car,VISIBLE,2,0,0.4206,364.63,395.15,-0.04,-0.11,Grey,1719.75
3,4,car,VISIBLE,2,0,0.285,271.46,392.21,-0.08,-0.08,White,558.85
3,5,can,VISIBLE,2,0,0.523,515.68,406.35,-0.4,-0.05,Green,724.52
4,1,person,VISIBLE,3,0,0.9513,762.4,375.64,-0.97,0.74,Yellow,225569.74
4,2,car,VISIBLE,3,0,0.6077,200.48,393.75,0.51,-0.11,Grey,836.62
4,3,car,VISIBLE,3,0,0.4178,364.75,395.0,0.07,-0.14,Grey,1718.08
4,4,car,VISIBLE,3,0,0.2802,271.35,392.17,-0.1,-0.05,White,555.94
4,5,can,VISIBLE,3,0,0.5298,515.28,406.28,-0.4,-0.06,Green,724.27
5,1,person,VISIBLE,4,0,0.9512,761.11,376.88,-1.2,1.09,Yellow,225044.37
5,2,car,VISIBLE,4,0,0.6242,201.06,393.54,0.56,-0.18,Grey,835.75
5,3,car,VISIBLE,4,0,0.4407,364.9,394.81,0.13,-0.17,Grey,1698.64
5,4,car,VISIBLE,4,0,0.2821,271.46,392.12,0.05,-0.05,White,564.66
5,5,can,VISIBLE,4,0,0.5082,514.84,406.12,-0.43,-0.14,Green,714.99
6,1,person,VISIBLE,5,0,0.9561,760.18,376.74,-1.0,0.23,Yellow,222744.85
6,2,car,VISIBLE,5,0,0.6275,201.64,393.65,0.58,0.03,Grey,824.23
6,3,car,VISIBLE,5,0,0.4323,365.06,394.82,0.15,-0.05,Grey,1683.5
6,4,car,VISIBLE,5,0,0.2916,272.74,392.17,0.91,0.02,Grey,629.89
6,5,can,VISIBLE,5,0,0.5032,514.34,406.17,-0.48,-0.01,Green,710.33
7,1,person,VISIBLE,6,0,0.9537,759.36,376.33,-0.88,-0.22,Yellow,219882.82
7,2,car,VISIBLE,6,0,0.6228,202.17,393.93,0.54,0.2,Grey,808.04
7,3,car,VISIBLE,6,0,0.4059,365.16,394.94,0.11,0.07,Grey,1673.62
7,4,car,VISIBLE,6,0,0.3167,273.5,392.33,0.81,0.12,Grey,671.73
7,5,can,VISIBLE,6,0,0.4999,513.86,406.31,-0.48,0.1,Green,707.21
8,1,person,VISIBLE,7,0,0.9424,758.73,372.3,-0.7,-2.89,Yellow,215224.38
8,2,car,VISIBLE,7,0,0.6216,202.58,394.25,0.45,0.28,Grey,792.48
8,3,car,VISIBLE,7,0,0.4185,365.26,395.05,0.11,0.1,Grey,1669.91
8,4,car,VISIBLE,7,0,0.306,272.82,392.6,-0.24,0.22,Grey,629.97
8,5,can,VISIBLE,7,0,0.4955,513.33,406.58,-0.51,0.22,Green,717.02
9,1,person,VISIBLE,8,0,0.9456,758.12,371.19,-0.64,-1.65,Yellow,213026.36
9,2,car,VISIBLE,8,0,0.6141,202.81,394.5,0.3,0.26,Grey,781.48
9,3,car,VISIBLE,8,0,0.384,365.38,395.19,0.11,0.13,Grey,1662.07
9,4,car,VISIBLE,8,0,0.2889,271.8,392.81,-0.78,0.21,White,582.77
9,5,can,VISIBLE,8,0,0.4252,512.71,406.75,-0.58,0.18,Green,715.7
10,1,person,VISIBLE,9,0,0.9473,757.24,372.32,-0.81,0.3,Yellow,213684.96
10,2,car,VISIBLE,9,0,0.6005,203.17,394.62,0.34,0.17,Grey,780.41
10,3,car,VISIBLE,9,0,0.3947,365.43,395.15,0.07,0.01,Grey,1655.11
10,4,car,VISIBLE,9,0,0.2889,271.65,392.93,-0.34,0.15,White,576.08
10,5,can,VISIBLE,9,0,0.4644,511.64,406.82,-0.93,0.11,Green,679.12
11,1,person,VISIBLE,10,0,0.9507,756.58,373.8,-0.71,1.13,Yellow,215162.74
11,2,car,VISIBLE,10,0,0.6011,203.55,394.41,0.37,-0.1,Grey,781.49
11,3,car,VISIBLE,10,0,0.3787,365.58,395.08,0.13,-0.05,Grey,1648.64
11,4,car,VISIBLE,10,0,0.2889,271.5,393.06,-0.21,0.14,White,569.43
11,5,can,VISIBLE,10,0,0.4806,510.71,406.67,-0.93,-0.07,Green,646.48
12,1,person,VISIBLE,11,0,0.9522,755.76,375.28,-0.78,1.37,Yellow,216933.97
12,2,car,VISIBLE,11,0,0.605,204.02,394.16,0.44,-0.21,Grey,787.31
12,3,car,VISIBLE,11,0,0.3806,365.68,394.94,0.11,-0.11,Grey,1640.02
12,4,car,VISIBLE,11,0,0.2889,271.36,393.19,-0.16,0.13,White,562.81
12,5,can,VISIBLE,11,0,0.5123,510.0,406.5,-0.77,-0.14,Green,619.4
13,1,person,VISIBLE,12,0,0.9522,755.0,375.71,-0.77,0.72,Yellow,216885.21
13,2,car,VISIBLE,12,0,0.586,204.56,393.8,0.51,-0.32,Grey,792.69
13,3,car,VISIBLE,12,0,0.4115,365.86,394.72,0.16,-0.19,Grey,1637.83
13,4,car,VISIBLE,12,0,0.2889,271.21,393.32,-0.15,0.13,White,556.24
13,5,can,VISIBLE,12,0,0.4879,509.37,406.16,-0.68,-0.27,Green,592.83
14,1,person,VISIBLE,13,0,0.9423,754.61,375.92,-0.51,0.36,Yellow,216677.62
14,2,car,VISIBLE,13,0,0.5841,205.19,393.59,0.59,-0.24,Grey,797.4
14,3,car,VISIBLE,13,0,0.4121,366.15,394.62,0.25,-0.13,Grey,1635.28
14,4,car,VISIBLE,13,0,0.2889,271.07,393.45,-0.15,0.13,White,549.69
14,5,can,VISIBLE,13,0,0.5025,508.93,405.95,-0.51,-0.23,Green,576.49
15,1,person,VISIBLE,14,0,0.9446,753.87,376.72,-0.67,0.67,Yellow,215325.02
15,2,car,VISIBLE,14,0,0.5767,205.93,393.58,0.7,-0.08,Grey,797.11
15,3,car,VISIBLE,14,0,0.4135,366.44,394.63,0.27,-0.02,Grey,1626.5
15,4,car,OCCLUDED,13,1,0.989,270.92,393.58,-0.15,0.13,White,549.69
15,5,can,VISIBLE,14,0,0.4789,508.63,405.77,-0.36,-0.19,Green,566.75
16,1,person,VISIBLE,15,0,0.9521,752.86,376.91,-0.91,0.34,Yellow,212046.51
16,2,car,VISIBLE,15,0,0.5777,206.71,393.69,0.75,0.05,Grey,795.62
16,3,car,VISIBLE,15,0,0.4221,366.75,394.71,0.3,0.05,Grey,1623.05
16,4,car,OCCLUDED,13,2,0.978,270.77,393.71,-0.15,0.13,White,549.69
16,5,can,VISIBLE,15,0,0.4791,508.36,405.76,-0.3,-0.07,Green,564.45
17,1,person,VISIBLE,16,0,0.9481,751.55,373.71,-1.19,-2.14,Yellow,205570.28
17,2,car,VISIBLE,16,0,0.5854,207.34,393.75,0.67,0.06,Grey,795.78
17,3,car,VISIBLE,16,0,0.4218,366.99,394.77,0.26,0.06,Grey,1619.94
17,4,car,OCCLUDED,13,3,0.967,270.62,393.84,-0.15,0.13,White,549.69
17,5,can,VISIBLE,16,0,0.4723,508.05,405.82,-0.3,0.02,Green,563.59
18,1,person,VISIBLE,17,0,0.9415,749.62,369.09,-1.71,-3.87,Yellow,198408.91
18,2,car,VISIBLE,17,0,0.5883,208.12,393.88,0.75,0.1,Grey,798.32
18,3,car,VISIBLE,17,0,0.4154,367.28,394.88,0.28,0.09,Grey,1626.42
18,4,car,OCCLUDED,13,4,0.956,270.47,393.97,-0.15,0.13,White,549.69
18,5,can,VISIBLE,17,0,0.4647,507.82,405.85,-0.25,0.02,Green,574.32
19,1,person,VISIBLE,18,0,0.9436,747.39,368.6,-2.07,-1.5,Yellow,195004.86
19,2,car,VISIBLE,18,0,0.5865,208.74,393.86,0.66,0.02,Grey,806.69
19,3,car,VISIBLE,18,0,0.4283,367.6,394.95,0.31,0.08,Grey,1629.4
19,4,car,VISIBLE,14,0,0.2941,274.29,392.24,0.41,-0.13,Grey,706.65
19,5,can,VISIBLE,18,0,0.4447,507.6,405.74,-0.24,-0.07,Green,582.48
20,1,person,VISIBLE,19,0,0.949,744.63,372.67,-2.55,2.4,Yellow,195620.32
20,2,car,VISIBLE,19,0,0.5719,209.35,393.83,0.63,-0.01,Grey,817.01
20,3,car,VISIBLE,19,0,0.4359,367.92,395.01,0.32,0.07,Grey,1626.2
20,4,car,VISIBLE,15,0,0.2941,274.31,392.23,0.14,-0.04,Grey,707.4
20,5,can,VISIBLE,19,0,0.4513,507.41,405.65,-0.2,-0.08,Green,584.77
21,1,person,VISIBLE,20,0,0.9539,741.44,376.72,-3.0,3.55,Yellow,195931.07
21,2,car,VISIBLE,20,0,0.5741,210.09,393.68,0.71,-0.11,Grey,836.27
21,3,car,VISIBLE,20,0,0.4364,368.48,395.02,0.48,0.03,Grey,1608.51
21,4,car,VISIBLE,16,0,0.2941,274.32,392.24,0.05,-0.01,Grey,708.15
21,5,can,VISIBLE,20,0,0.4492,507.38,405.45,-0.08,-0.17,Green,589.9
22,1,person,VISIBLE,21,0,0.9443,738.3,380.22,-3.1,3.52,Yellow,196729.16
22,2,car,VISIBLE,21,0,0.5487,211.19,393.59,0.98,-0.1,Grey,848.44
22,3,car,VISIBLE,21,0,0.4247,369.47,395.02,0.84,0.01,Grey,1593.28
22,4,car,OCCLUDED,16,1,0.989,274.37,392.23,0.05,-0.01,Grey,708.15
22,5,can,VISIBLE,21,0,0.4612,507.73,405.28,0.22,-0.17,Green,600.38
23,1,person,VISIBLE,22,0,0.9456,735.27,382.55,-3.05,2.68,Yellow,196938.57
23,2,car,VISIBLE,22,0,0.5232,212.88,393.35,1.48,-0.2,Grey,836.69
23,3,car,VISIBLE,22,0,0.46,370.81,394.81,1.19,-0.14,Grey,1561.99
23,4,car,OCCLUDED,16,2,0.978,274.42,392.22,0.05,-0.01,Grey,708.15
23,5,can,VISIBLE,22,0,0.3835,508.43,404.62,0.56,-0.52,Green,601.25
24,1,person,VISIBLE,23,0,0.9451,732.07,383.88,-3.16,1.74,Yellow,196386.83
24,2,car,VISIBLE,23,0,0.5201,215.51,393.07,2.28,-0.25,Grey,802.3
24,3,car,VISIBLE,23,0,0.4649,372.37,394.4,1.45,-0.33,Grey,1521.26
24,4,car,OCCLUDED,16,3,0.967,274.46,392.21,0.05,-0.01,Grey,708.15
24,5,can,VISIBLE,23,0,0.3737,509.61,403.73,0.99,-0.78,Green,589.45
25,1,person,VISIBLE,24,0,0.9417,728.83,383.75,-3.22,0.43,Yellow,194354.39
25,2,car,VISIBLE,24,0,0.5734,218.25,392.61,2.6,-0.4,Grey,784.81
25,3,car,VISIBLE,24,0,0.4635,374.61,393.91,2.01,-0.44,Grey,1474.73
25,4,car,OCCLUDED,16,4,0.956,274.51,392.2,0.05,-0.01,Grey,708.15
25,5,can,VISIBLE,24,0,0.3189,511.57,403.05,1.67,-0.71,Green,576.8
26,1,person,VISIBLE,25,0,0.9463,725.22,382.15,-3.49,-0.99,Yellow,192622.36
26,2,car,VISIBLE,25,0,0.5391,221.71,392.01,3.21,-0.53,Grey,787.59
26,3,car,VISIBLE,25,0,0.4619,377.69,393.38,2.75,-0.51,Grey,1453.93
26,4,car,OCCLUDED,16,5,0.944,274.56,392.19,0.05,-0.01,Grey,708.15
26,5,can,VISIBLE,25,0,0.4787,514.36,402.39,2.45,-0.67,Green,577.4
27,1,person,VISIBLE,26,0,0.9431,721.73,379.11,-3.49,-2.43,Yellow,188713.66
27,2,car,VISIBLE,26,0,0.4813,225.94,391.51,3.92,-0.51,Grey,771.93
27,3,car,VISIBLE,26,0,0.4709,381.37,392.78,3.41,-0.57,Grey,1440.12
27,4,car,OCCLUDED,16,6,0.933,274.61,392.18,0.05,-0.01,Grey,708.15
27,5,can,VISIBLE,26,0,0.5161,517.68,401.66,3.07,-0.71,Green,577.02
28,1,person,VISIBLE,27,0,0.9339,717.64,374.06,-3.91,-4.26,Yellow,182165.11
28,2,car,VISIBLE,27,0,0.536,231.2,391.06,4.86,-0.47,Grey,754.63
28,3,car,VISIBLE,27,0,0.4856,385.87,392.35,4.17,-0.47,Grey,1425.76
28,4,car,OCCLUDED,16,7,0.922,274.65,392.17,0.05,-0.01,Grey,708.15
28,5,can,VISIBLE,27,0,0.4394,521.87,401.11,3.85,-0.6,Green,568.07
29,1,person,VISIBLE,28,0,0.9354,712.87,366.91,-4.52,-6.28,Yellow,175738.03
29,2,car,VISIBLE,28,0,0.5326,237.43,390.61,5.82,-0.46,Grey,752.84
29,3,car,VISIBLE,28,0,0.4906,391.36,391.89,5.09,-0.46,Grey,1403.81
29,4,car,OCCLUDED,16,8,0.911,274.7,392.16,0.05,-0.01,Grey,708.15
29,5,can,VISIBLE,28,0,0.3869,527.1,400.56,4.81,-0.56,Green,569.16
30,1,person,VISIBLE,29,0,0.9229,706.51,358.52,-5.8,-7.76,Yellow,170154.07
30,2,car,VISIBLE,29,0,0.5108,244.79,390.18,6.9,-0.44,Grey,748.42
30,3,car,VISIBLE,29,0,0.4995,397.99,391.64,6.17,-0.31,Grey,1384.74
30,4,car,OCCLUDED,16,9,0.9,274.75,392.15,0.05,-0.01,Grey,708.15
30,5,can,VISIBLE,29,0,0.3733,533.14,400.03,5.68,-0.54,Green,581.85
31,1,person,VISIBLE,30,0,0.9303,699.01,354.25,-6.99,-5.32,Yellow,167328.07
31,2,car,VISIBLE,30,0,0.5549,253.05,389.84,7.85,-0.37,Grey,748.74
31,3,car,VISIBLE,30,0,0.5297,405.66,391.32,7.23,-0.32,Grey,1367.98
31,4,car,OCCLUDED,16,10,0.889,274.8,392.14,0.05,-0.01,Grey,708.15
31,5,can,VISIBLE,30,0,0.3733,537.11,399.47,4.48,-0.55,Green,583.23
32,1,person,VISIBLE,31,0,0.933,689.85,355.77,-8.51,-0.52,Yellow,167315.38
32,2,car,VISIBLE,31,0,0.5413,262.46,389.61,8.94,-0.27,Grey,742.65
32,3,car,VISIBLE,31,0,0.5347,414.74,390.97,8.52,-0.34,Grey,1344.33
32,4,car,OCCLUDED,16,11,0.878,274.85,392.13,0.05,-0.01,Grey,708.15
32,5,can,VISIBLE,31,0,0.3733,541.08,398.91,4.12,-0.56,Yellow,584.59
33,1,person,VISIBLE,32,0,0.9355,680.32,360.52,-9.22,3.16,Black,171573.86
33,2,car,VISIBLE,32,0,0.4693,273.17,388.65,10.18,-0.75,Grey,746.49
33,3,car,VISIBLE,32,0,0.5306,424.88,390.53,9.66,-0.41,Grey,1360.81
33,4,car,OCCLUDED,16,12,0.867,274.89,392.12,0.05,-0.01,Grey,708.15
33,5,can,VISIBLE,32,0,0.3733,545.03,398.35,4.01,-0.56,Orange,585.94
34,1,person,VISIBLE,33,0,0.9431,673.38,364.74,-7.62,3.91,Black,177951.71
34,2,car,VISIBLE,33,0,0.5268,284.84,387.94,11.22,-0.72,Grey,749.46
34,3,car,VISIBLE,33,0,0.5689,435.92,390.11,10.62,-0.42,Grey,1360.69
34,4,car,OCCLUDED,16,13,0.856,274.94,392.11,0.05,-0.01,Grey,708.15
34,5,can,VISIBLE,33,0,0.3733,549.0,397.78,3.98,-0.56,Orange,587.27
35,1,person,VISIBLE,34,0,0.9395,669.52,367.74,-4.99,3.28,Black,185754.84
35,2,car,VISIBLE,34,0,0.5333,297.87,387.16,12.49,-0.76,Grey,745.01
35,3,car,VISIBLE,34,0,0.5761,448.4,389.39,11.92,-0.62,Grey,1339.79
35,4,car,OCCLUDED,16,14,0.844,274.99,392.1,0.05,-0.01,Grey,708.15
35,5,can,VISIBLE,34,0,0.3733,552.97,397.23,3.97,-0.56,Orange,588.58
36,1,person,VISIBLE,35,0,0.9413,666.91,369.78,-3.32,2.41,Grey,194825.0
36,2,car,VISIBLE,35,0,0.5288,311.61,386.31,13.37,-0.83,Grey,733.07
36,3,car,VISIBLE,35,0,0.5165,461.75,388.75,12.92,-0.64,Grey,1320.08
36,4,car,OCCLUDED,16,15,0.833,275.04,392.09,0.05,-0.01,Grey,708.15
36,5,can,OCCLUDED,34,1,0.989,556.94,396.67,3.97,-0.56,Orange,588.58
37,1,person,VISIBLE,36,0,0.9434,666.1,370.64,-1.57,1.33,Grey,203526.0
37,2,car,VISIBLE,36,0,0.4935,326.31,385.49,14.3,-0.83,Grey,711.04
37,3,car,VISIBLE,36,0,0.4483,476.27,387.94,14.04,-0.76,Grey,1313.3
37,4,car,OCCLUDED,16,16,0.822,275.09,392.09,0.05,-0.01,Grey,708.15
37,5,can,OCCLUDED,34,2,0.978,560.91,396.12,3.97,-0.56,Orange,588.58
38,1,person,VISIBLE,37,0,0.943,666.16,370.91,-0.42,0.58,Grey,211836.91
38,2,car,VISIBLE,37,0,0.5088,341.85,384.96,15.16,-0.62,Grey,678.18
38,3,car,VISIBLE,37,0,0.4628,489.98,386.93,13.81,-0.93,Grey,1284.21
38,4,car,OCCLUDED,16,17,0.811,275.13,392.08,0.05,-0.01,Grey,708.15
38,5,can,OCCLUDED,34,3,0.967,564.88,395.56,3.97,-0.56,Orange,588.58
39,1,person,VISIBLE,38,0,0.95,667.13,371.51,0.55,0.6,Grey,219897.93
39,2,car,VISIBLE,38,0,0.5191,357.78,384.5,15.7,-0.5,Grey,648.47
39,3,car,VISIBLE,38,0,0.4628,502.08,386.23,12.62,-0.77,Orange,1268.17
39,4,car,OCCLUDED,16,18,0.8,275.18,392.07,0.05,-0.01,Grey,708.15
39,5,can,OCCLUDED,34,4,0.956,568.85,395.0,3.97,-0.56,Orange,588.58
40,1,person,VISIBLE,39,0,0.9442,668.74,373.23,1.29,1.39,Grey,228767.73
40,2,car,VISIBLE,39,0,0.5404,374.21,384.22,16.21,-0.35,Grey,626.4
40,3,car,VISIBLE,39,0,0.4628,514.19,385.52,12.26,-0.72,Orange,1252.23
40,4,car,OCCLUDED,16,19,0.789,275.23,392.06,0.05,-0.01,Grey,708.15
40,5,can,OCCLUDED,34,5,0.944,572.82,394.45,3.97,-0.56,Orange,588.58
41,1,person,VISIBLE,40,0,0.9442,667.74,374.35,-0.31,1.19,Grey,236345.5
41,2,car,VISIBLE,40,0,0.5651,390.88,384.03,16.53,-0.24,Grey,628.81
41,3,car,VISIBLE,40,0,0.4628,526.3,384.81,12.16,-0.71,Orange,1236.39
41,4,car,OCCLUDED,16,20,0.778,275.28,392.05,0.05,-0.01,Grey,708.15
41,5,can,OCCLUDED,34,6,0.933,576.79,393.89,3.97,-0.56,Orange,588.58
42,1,person,VISIBLE,41,0,0.9441,668.79,367.09,0.64,-4.72,Grey,234809.28
42,2,car,VISIBLE,41,0,0.5645,408.32,383.96,17.17,-0.12,Grey,632.22
42,3,car,VISIBLE,41,0,0.4628,538.4,384.11,12.12,-0.71,Grey,1220.65
42,4,car,OCCLUDED,16,21,0.767,275.32,392.04,0.05,-0.01,Grey,708.15
42,5,can,OCCLUDED,34,7,0.922,580.76,393.33,3.97,-0.56,Orange,588.58
43,1,person,VISIBLE,42,0,0.9472,669.43,359.41,0.64,-6.79,Black,233009.73
43,2,car,VISIBLE,42,0,0.5674,426.15,384.05,17.63,0.02,Grey,641.69
43,3,car,VISIBLE,42,0,0.4628,550.51,383.39,12.11,-0.71,Grey,1205.01
43,4,car,OCCLUDED,16,22,0.756,275.37,392.03,0.05,-0.01,Grey,708.15
43,5,can,OCCLUDED,34,8,0.911,584.73,392.78,3.97,-0.56,Orange,588.58
44,1,person,VISIBLE,43,0,0.9472,669.26,356.56,0.08,-4.03,Black,236054.82
44,2,car,VISIBLE,43,0,0.4063,444.08,384.02,17.84,-0.01,Grey,641.75
44,3,car,OCCLUDED,42,1,0.989,562.63,382.69,12.11,-0.71,Grey,1205.01
44,4,car,OCCLUDED,16,23,0.744,275.42,392.02,0.05,-0.01,Grey,708.15
44,5,can,OCCLUDED,34,9,0.9,588.7,392.22,3.97,-0.56,Orange,588.58
45,1,person,VISIBLE,44,0,0.9472,669.1,353.7,-0.09,-3.21,Grey,239007.09
45,2,car,VISIBLE,44,0,0.4063,460.78,383.85,17.04,-0.12,Grey,638.64
45,3,car,OCCLUDED,42,2,0.978,574.74,381.98,12.11,-0.71,Grey,1205.01
45,4,car,OCCLUDED,16,24,0.733,275.47,392.01,0.05,-0.01,Grey,708.15
45,5,can,OCCLUDED,34,10,0.889,592.67,391.66,3.97,-0.56,Orange,588.58
45,7,bicycle,VISIBLE,1,0,0.9458,633.28,511.69,0.0,0.0,Orange,236590.63
46,1,person,VISIBLE,45,0,0.9472,668.93,350.85,-0.15,-2.96,Grey,241866.55
46,2,car,VISIBLE,45,0,0.4063,477.47,383.68,16.79,-0.16,Grey,635.54
46,3,car,OCCLUDED,42,3,0.967,586.85,381.27,12.11,-0.71,Grey,1205.01
46,4,car,OCCLUDED,16,25,0.722,275.52,392.0,0.05,-0.01,Grey,708.15
46,5,can,OCCLUDED,34,11,0.878,596.64,391.11,3.97,-0.56,Orange,588.58
46,7,bicycle,VISIBLE,2,0,0.944,630.2,510.89,-3.08,-0.8,Yellow,246049.26
47,1,person,VISIBLE,46,0,0.9449,663.4,350.37,-3.92,-1.23,Grey,239541.87
47,2,car,VISIBLE,46,0,0.4063,494.16,383.51,16.72,-0.17,Grey,632.43
47,3,car,OCCLUDED,42,4,0.956,598.97,380.56,12.11,-0.71,Grey,1205.01
47,4,car,OCCLUDED,16,26,0.711,275.56,391.99,0.05,-0.01,Grey,708.15
47,5,can,OCCLUDED,34,12,0.867,600.61,390.55,3.97,-0.56,Orange,588.58
47,7,bicycle,VISIBLE,3,0,0.944,629.13,510.73,-1.67,-0.35,Yellow,249318.99
48,1,person,VISIBLE,47,0,0.9505,657.06,353.04,-5.62,1.5,Yellow,239370.51
48,2,car,VISIBLE,47,0,0.4063,510.86,383.34,16.7,-0.17,Grey,629.32
48,3,car,OCCLUDED,42,5,0.944,611.08,379.85,12.11,-0.71,Grey,1205.01
48,4,car,OCCLUDED,16,27,0.7,275.61,391.98,0.05,-0.01,Grey,708.15
48,5,can,OCCLUDED,34,13,0.856,604.58,389.99,3.97,-0.56,Orange,588.58
48,7,bicycle,VISIBLE,4,0,0.944,628.07,510.56,-1.25,-0.23,Yellow,252593.59
49,1,person,VISIBLE,48,0,0.9528,650.78,356.85,-6.08,3.11,Yellow,242310.42
49,2,car,VISIBLE,48,0,0.4063,527.55,383.16,16.7,-0.17,Grey,626.21
49,3,car,OCCLUDED,42,6,0.933,623.19,379.14,12.11,-0.71,Grey,1205.01
49,4,car,OCCLUDED,16,28,0.689,275.66,391.97,0.05,-0.01,Grey,708.15
49,5,can,OCCLUDED,34,14,0.844,608.55,389.44,3.97,-0.56,Orange,588.58
49,7,bicycle,VISIBLE,5,0,0.944,626.99,510.39,-1.12,-0.18,Yellow,255873.04
50,1,person,VISIBLE,49,0,0.9553,646.43,358.92,-4.87,2.39,Yellow,245125.01
50,2,car,OCCLUDED,48,1,0.989,544.25,382.99,16.7,-0.17,Grey,626.21
50,3,car,OCCLUDED,42,7,0.922,635.31,378.43,12.11,-0.71,Grey,1205.01
50,4,car,OCCLUDED,16,29,0.678,275.71,391.96,0.05,-0.01,Grey,708.15
50,5,can,OCCLUDED,34,15,0.833,612.52,388.88,3.97,-0.56,Orange,588.58
50,7,bicycle,OCCLUDED,5,1,0.989,625.87,510.21,-1.12,-0.18,Yellow,255873.04
51,1,person,VISIBLE,50,0,0.9542,643.47,359.56,-3.53,1.17,Yellow,247974.47
51,2,car,OCCLUDED,48,2,0.978,560.94,382.82,16.7,-0.17,Grey,626.21
51,3,car,OCCLUDED,42,8,0.911,647.42,377.72,12.11,-0.71,Grey,1205.01
51,4,car,OCCLUDED,16,30,0.667,275.76,391.95,0.05,-0.01,Grey,708.15
51,5,can,OCCLUDED,34,16,0.822,616.49,388.32,3.97,-0.56,Orange,588.58
51,7,bicycle,OCCLUDED,5,2,0.978,624.75,510.03,-1.12,-0.18,Yellow,255873.04
52,1,person,VISIBLE,51,0,0.95,642.16,358.98,-1.97,-0.06,Yellow,250273.82
52,2,car,OCCLUDED,48,3,0.967,577.64,382.65,16.7,-0.17,Grey,626.21
52,3,car,OCCLUDED,42,9,0.9,659.53,377.01,12.11,-0.71,Grey,1205.01
52,4,car,OCCLUDED,16,31,0.656,275.8,391.95,0.05,-0.01,Grey,708.15
52,5,can,OCCLUDED,34,17,0.811,620.46,387.76,3.97,-0.56,Orange,588.58
52,7,bicycle,OCCLUDED,5,3,0.967,623.63,509.85,-1.12,-0.18,Yellow,255873.04
53,1,person,VISIBLE,52,0,0.9517,642.13,356.06,-0.62,-2.06,Green,251181.31
53,2,car,OCCLUDED,48,4,0.956,594.34,382.48,16.7,-0.17,Grey,626.21
53,3,car,OCCLUDED,42,10,0.889,671.65,376.3,12.11,-0.71,Grey,1205.01
53,4,car,OCCLUDED,16,32,0.644,275.85,391.94,0.05,-0.01,Grey,708.15
53,5,can,OCCLUDED,34,18,0.8,624.43,387.21,3.97,-0.56,Orange,588.58
53,7,bicycle,OCCLUDED,5,4,0.956,622.5,509.66,-1.12,-0.18,Yellow,255873.04
54,1,person,VISIBLE,53,0,0.9459,643.25,349.75,0.6,-5.04,Green,248464.55
54,2,car,OCCLUDED,48,5,0.944,611.03,382.31,16.7,-0.17,Grey,626.21
54,3,car,OCCLUDED,42,11,0.878,683.76,375.59,12.11,-0.71,Grey,1205.01
54,4,car,OCCLUDED,16,33,0.633,275.9,391.93,0.05,-0.01,Grey,708.15
54,5,can,OCCLUDED,34,19,0.789,628.4,386.65,3.97,-0.56,Orange,588.58
54,7,bicycle,VISIBLE,6,0,0.9386,619.13,516.34,-1.44,0.78,Yellow,294376.77
55,1,person,VISIBLE,54,0,0.936,645.27,333.77,1.59,-12.7,Green,238876.8
55,2,car,OCCLUDED,48,6,0.933,627.73,382.14,16.7,-0.17,Grey,626.21
55,3,car,OCCLUDED,42,12,0.867,695.87,374.88,12.11,-0.71,Grey,1205.01
55,4,car,OCCLUDED,16,34,0.622,275.95,391.92,0.05,-0.01,Grey,708.15
55,5,can,OCCLUDED,34,20,0.778,632.37,386.09,3.97,-0.56,Orange,588.58
55,7,bicycle,VISIBLE,7,0,0.9362,620.75,517.19,0.7,0.83,Yellow,295619.16
56,1,person,VISIBLE,55,0,0.9399,647.91,324.88,2.33,-10.03,Green,234511.42
56,2,car,OCCLUDED,48,7,0.922,644.43,381.97,16.7,-0.17,Grey,626.21
56,3,car,VISIBLE,43,0,0.3696,822.61,387.03,18.29,-0.02,Grey,1580.83
56,4,car,OCCLUDED,16,35,0.611,275.99,391.91,0.05,-0.01,Grey,708.15
56,5,can,OCCLUDED,34,21,0.767,636.34,385.54,3.97,-0.56,Orange,588.58
56,7,bicycle,VISIBLE,8,0,0.9312,622.87,517.85,1.69,0.71,Yellow,297422.75
57,1,person,VISIBLE,56,0,0.9475,651.38,327.39,3.12,-1.25,Green,237690.45
57,2,car,OCCLUDED,48,8,0.911,661.12,381.8,16.7,-0.17,Grey,626.21
57,3,car,VISIBLE,44,0,0.5379,839.18,386.95,17.08,-0.06,Grey,1581.59
57,4,car,OCCLUDED,16,36,0.6,276.04,391.9,0.05,-0.01,Grey,708.15
57,5,can,OCCLUDED,34,22,0.756,640.31,384.98,3.97,-0.56,Orange,588.58
57,7,bicycle,VISIBLE,9,0,0.9338,626.56,520.84,3.09,2.31,Yellow,296060.68
58,1,person,VISIBLE,57,0,0.9534,655.01,336.06,3.48,5.69,Green,246286.57
58,2,car,OCCLUDED,48,9,0.9,677.82,381.63,16.7,-0.17,Grey,626.21
58,3,car,VISIBLE,45,0,0.5379,844.85,386.92,9.09,-0.04,Yellow,1590.69
58,4,car,OCCLUDED,16,37,0.589,276.09,391.89,0.05,-0.01,Grey,708.15
58,5,can,OCCLUDED,34,23,0.744,644.28,384.42,3.97,-0.56,Orange,588.58
58,7,bicycle,VISIBLE,10,0,0.9391,630.46,522.78,3.66,2.05,Yellow,296493.67
59,1,person,VISIBLE,58,0,0.9585,658.88,348.38,3.75,10.33,Green,256962.13
59,2,car,VISIBLE,49,0,0.4068,894.25,386.5,30.68,0.18,Grey,1553.35
59,3,car,VISIBLE,46,0,0.5379,850.52,386.89,6.7,-0.03,Yellow,1599.81
59,4,car,OCCLUDED,16,38,0.578,276.14,391.88,0.05,-0.01,Grey,708.15
59,5,can,OCCLUDED,34,24,0.733,648.25,383.87,3.97,-0.56,Orange,588.58
59,7,bicycle,VISIBLE,11,0,0.9391,633.02,524.28,2.89,1.67,Yellow,296630.91
60,1,person,VISIBLE,59,0,0.9562,662.63,357.24,3.75,9.3,Green,264342.58
60,2,car,VISIBLE,50,0,0.3865,910.62,386.48,20.67,0.04,Yellow,1578.96
60,3,car,VISIBLE,47,0,0.5379,856.18,386.87,5.97,-0.03,Yellow,1608.96
60,4,car,OCCLUDED,16,39,0.567,276.19,391.87,0.05,-0.01,Grey,708.15
60,5,can,OCCLUDED,34,25,0.722,652.22,383.31,3.97,-0.56,Orange,588.58
60,7,bicycle,VISIBLE,12,0,0.9391,635.58,525.79,2.66,1.55,Green,296731.36
61,1,person,VISIBLE,60,0,0.9529,666.85,359.09,4.08,4.08,Green,267186.98
61,2,car,VISIBLE,51,0,0.3865,916.46,386.47,10.28,0.01,Yellow,1581.94
61,3,car,OCCLUDED,47,1,0.989,862.15,386.84,5.97,-0.03,Yellow,1608.96
61,4,car,OCCLUDED,16,40,0.556,276.23,391.86,0.05,-0.01,Grey,708.15
61,5,can,OCCLUDED,34,26,0.711,656.19,382.75,3.97,-0.56,Orange,588.58
61,7,bicycle,VISIBLE,13,0,0.9345,643.26,524.87,6.17,-0.18,Blue,300634.77
62,1,person,VISIBLE,61,0,0.9523,671.71,355.59,4.63,-1.23,Green,264749.37
62,2,car,VISIBLE,52,0,0.3865,922.3,386.47,7.17,0.0,Yellow,1584.92
62,3,car,VISIBLE,48,0,0.4025,965.86,387.08,40.18,0.06,Grey,1557.43
62,4,car,OCCLUDED,16,41,0.544,276.28,391.85,0.05,-0.01,Grey,708.15
62,5,can,OCCLUDED,34,27,0.7,660.16,382.2,3.97,-0.56,Orange,588.58
62,7,bicycle,VISIBLE,14,0,0.9471,649.75,524.46,6.4,-0.34,Blue,303316.24
63,1,person,VISIBLE,62,0,0.947,675.1,347.11,3.76,-6.3,Green,258811.82
63,2,car,VISIBLE,53,0,0.3865,928.13,386.47,6.24,-0.0,Yellow,1587.89
63,3,car,VISIBLE,49,0,0.4025,967.16,387.07,12.96,0.02,Yellow,1576.62
63,4,car,OCCLUDED,16,42,0.533,276.33,391.84,0.05,-0.01,Grey,708.15
63,5,can,OCCLUDED,34,28,0.689,664.13,381.64,3.97,-0.56,Orange,588.58
63,7,bicycle,VISIBLE,15,0,0.9507,654.4,523.81,5.18,-0.55,Blue,305982.59
64,1,person,VISIBLE,63,0,0.9482,675.95,340.5,1.72,-6.52,Green,255114.33
64,2,car,OCCLUDED,53,1,0.989,934.37,386.46,6.24,-0.0,Yellow,1587.89
64,3,car,VISIBLE,50,0,0.4025,968.46,387.08,4.8,0.01,Yellow,1595.85
64,4,car,OCCLUDED,16,43,0.522,276.38,391.83,0.05,-0.01,Grey,708.15
64,5,can,OCCLUDED,34,29,0.678,668.1,381.08,3.97,-0.56,Orange,588.58
64,7,bicycle,VISIBLE,16,0,0.9502,657.12,523.61,3.45,-0.31,Brown,307743.79
65,1,person,VISIBLE,64,0,0.9494,676.58,341.72,0.96,-1.1,Green,257828.45
65,2,car,VISIBLE,54,0,0.392,1034.64,388.96,39.15,0.87,Grey,1725.77
65,3,car,OCCLUDED,50,1,0.989,973.26,387.09,4.8,0.01,Yellow,1595.85
65,4,car,OCCLUDED,16,44,0.511,276.43,391.82,0.05,-0.01,Grey,708.15
65,5,can,OCCLUDED,34,30,0.667,672.07,380.53,3.97,-0.56,Orange,588.58
65,7,bicycle,VISIBLE,17,0,0.9437,658.25,522.37,1.83,-0.96,Green,311037.02
66,1,person,VISIBLE,65,0,0.9508,676.26,345.32,0.07,2.19,Green,263107.84
66,2,car,VISIBLE,55,0,0.392,1036.03,389.01,12.71,0.3,Yellow,1734.91
66,3,car,OCCLUDED,50,2,0.978,978.06,387.1,4.8,0.01,Yellow,1595.85
66,4,car,OCCLUDED,16,45,0.5,276.47,391.81,0.05,-0.01,Grey,708.15
66,5,can,OCCLUDED,34,31,0.656,676.04,379.97,3.97,-0.56,Orange,588.58
66,7,bicycle,VISIBLE,18,0,0.9478,658.18,522.31,0.5,-0.33,Green,312552.77
67,1,person,VISIBLE,66,0,0.9549,674.97,349.39,-0.88,3.51,Green,269148.94
67,2,car,VISIBLE,56,0,0.392,1037.41,389.08,4.78,0.13,Yellow,1744.02
67,3,car,VISIBLE,51,0,0.455,1082.22,390.25,27.98,0.74,Grey,1634.33
67,4,car,OCCLUDED,16,46,0.489,276.52,391.81,0.05,-0.01,Grey,708.15
67,5,can,OCCLUDED,34,32,0.644,680.01,379.41,3.97,-0.56,Orange,588.58
67,7,bicycle,VISIBLE,19,0,0.9481,657.54,522.04,-0.3,-0.28,Green,314259.48
68,1,person,VISIBLE,67,0,0.9504,672.98,352.86,-1.66,3.48,Black,275610.27
68,2,car,OCCLUDED,56,1,0.989,1042.19,389.21,4.78,0.13,Yellow,1744.02
68,3,car,VISIBLE,52,0,0.455,1083.34,390.31,9.18,0.26,Yellow,1661.93
68,4,car,OCCLUDED,16,47,0.478,276.57,391.8,0.05,-0.01,Grey,708.15
68,5,can,OCCLUDED,34,33,0.633,683.98,378.86,3.97,-0.56,Orange,588.58
68,7,bicycle,VISIBLE,20,0,0.9459,656.86,521.76,-0.56,-0.28,Green,315828.86
69,1,person,VISIBLE,68,0,0.9471,670.83,353.13,-2.0,1.24,Black,280386.12
69,2,car,VISIBLE,57,0,0.389,1127.63,390.94,33.01,0.69,Grey,1735.12
69,3,car,VISIBLE,53,0,0.455,1084.45,390.36,3.53,0.11,Yellow,1689.59
69,4,car,OCCLUDED,16,48,0.467,276.62,391.79,0.05,-0.01,Grey,708.15
69,5,can,OCCLUDED,34,34,0.622,687.95,378.3,3.97,-0.56,Orange,588.58
69,7,bicycle,VISIBLE,21,0,0.9401,656.66,521.49,-0.31,-0.28,Green,317135.51
70,1,person,VISIBLE,69,0,0.9289,667.87,352.43,-2.67,-0.13,Black,284340.93
70,2,car,VISIBLE,58,0,0.389,1128.78,390.96,10.71,0.22,Yellow,1760.94
70,3,car,OCCLUDED,53,1,0.989,1087.99,390.47,3.53,0.11,Yellow,1689.59
70,4,car,OCCLUDED,16,49,0.456,276.66,391.78,0.05,-0.01,Grey,708.15
70,5,can,OCCLUDED,34,35,0.611,691.92,377.74,3.97,-0.56,Orange,588.58
70,7,bicycle,VISIBLE,22,0,0.941,656.2,521.19,-0.41,-0.29,Green,318797.34
71,1,person,VISIBLE,70,0,0.9111,665.85,348.14,-2.21,-3.04,Black,283885.54
71,2,car,VISIBLE,59,0,0.389,1129.92,390.98,4.01,0.08,Yellow,1786.7
71,3,car,OCCLUDED,53,2,0.978,1091.52,390.58,3.53,0.11,Yellow,1689.59
71,4,car,OCCLUDED,16,50,0.444,276.71,391.77,0.05,-0.01,Grey,708.15
71,5,can,OCCLUDED,34,36,0.6,695.89,377.19,3.97,-0.56,Orange,588.58
71,7,bicycle,VISIBLE,23,0,0.9395,655.96,521.3,-0.29,-0.01,Green,319769.38
72,1,person,VISIBLE,71,0,0.9448,665.84,326.76,-0.67,-15.88,Black,267380.44
72,2,car,OCCLUDED,59,1,0.989,1133.93,391.06,4.01,0.08,Yellow,1786.7
72,3,car,OCCLUDED,53,3,0.967,1095.05,390.7,3.53,0.11,Yellow,1689.59
72,4,car,OCCLUDED,16,51,0.433,276.76,391.76,0.05,-0.01,Grey,708.15
72,5,can,OCCLUDED,34,37,0.589,699.86,376.63,3.97,-0.56,Orange,588.58
72,7,bicycle,VISIBLE,24,0,0.9385,655.12,521.25,-0.68,-0.04,Green,321210.56
73,1,person,VISIBLE,72,0,0.9493,666.31,315.78,0.13,-12.45,Black,258224.72
73,2,car,VISIBLE,60,0,0.3061,1229.16,391.06,35.94,0.05,Grey,1502.82
73,3,car,OCCLUDED,53,4,0.956,1098.59,390.81,3.53,0.11,Yellow,1689.59
73,4,car,OCCLUDED,16,52,0.422,276.81,391.75,0.05,-0.01,Grey,708.15
73,5,can,OCCLUDED,34,38,0.578,703.83,376.07,3.97,-0.56,Orange,588.58
73,7,bicycle,VISIBLE,25,0,0.9379,653.83,520.77,-1.11,-0.34,Green,323673.22
74,1,person,VISIBLE,73,0,0.9542,666.79,312.33,0.38,-6.14,Black,255221.85
74,2,car,VISIBLE,61,0,0.3061,1230.76,391.06,11.9,0.02,Yellow,1508.11
74,3,car,OCCLUDED,53,5,0.944,1102.12,390.92,3.53,0.11,Yellow,1689.59
74,4,car,OCCLUDED,16,53,0.411,276.86,391.74,0.05,-0.01,Grey,708.15
74,5,can,OCCLUDED,34,39,0.567,707.8,375.52,3.97,-0.56,Orange,588.58
74,7,bicycle,VISIBLE,26,0,0.9403,652.38,519.22,-1.34,-1.19,Green,328135.59
75,1,person,VISIBLE,74,0,0.9524,666.92,318.33,0.2,2.35,Black,259645.01
75,2,car,VISIBLE,62,0,0.3061,1232.36,391.07,4.69,0.01,Yellow,1513.4
75,3,car,OCCLUDED,53,6,0.933,1105.65,391.04,3.53,0.11,Yellow,1689.59
75,4,car,OCCLUDED,16,54,0.4,276.9,391.73,0.05,-0.01,Grey,708.15
75,5,can,OCCLUDED,34,40,0.556,711.77,374.96,3.97,-0.56,Orange,588.58
75,7,bicycle,VISIBLE,27,0,0.9364,650.71,518.29,-1.58,-1.01,Green,331961.23
76,1,person,VISIBLE,75,0,0.9553,666.55,327.55,-0.2,7.16,Black,267067.45
76,2,car,OCCLUDED,62,1,0.989,1237.04,391.08,4.69,0.01,Yellow,1513.4
76,3,car,OCCLUDED,53,7,0.922,1109.19,391.15,3.53,0.11,Yellow,1689.59
76,4,car,OCCLUDED,16,55,0.389,276.95,391.72,0.05,-0.01,Grey,708.15
76,5,can,OCCLUDED,34,41,0.544,715.74,374.4,3.97,-0.56,Orange,588.58
76,7,bicycle,VISIBLE,28,0,0.9384,649.35,518.18,-1.43,-0.38,Green,334491.97
77,1,person,VISIBLE,76,0,0.9607,664.85,339.01,-1.25,10.17,Black,276187.82
77,2,car,OCCLUDED,62,2,0.978,1241.73,391.09,4.69,0.01,Yellow,1513.4
77,3,car,OCCLUDED,53,8,0.911,1112.72,391.26,3.53,0.11,Yellow,1689.59
77,4,car,OCCLUDED,16,56,0.378,277.0,391.71,0.05,-0.01,Grey,708.15
77,5,can,OCCLUDED,34,42,0.533,719.71,373.85,3.97,-0.56,Orange,588.58
77,7,bicycle,VISIBLE,29,0,0.9399,648.15,519.59,-1.26,0.87,Green,334322.63
78,1,person,VISIBLE,77,0,0.9628,662.89,350.44,-1.74,11.05,Black,284741.93
78,2,car,OCCLUDED,62,3,0.967,1246.42,391.1,4.69,0.01,Yellow,1513.4
78,3,car,OCCLUDED,53,9,0.9,1116.25,391.38,3.53,0.11,Yellow,1689.59
78,4,car,OCCLUDED,16,57,0.367,277.05,391.7,0.05,-0.01,Grey,708.15
78,5,can,OCCLUDED,34,43,0.522,723.68,373.29,3.97,-0.56,Orange,588.58
78,7,bicycle,VISIBLE,30,0,0.9416,646.27,520.21,-1.69,0.69,Green,335331.25
79,1,person,VISIBLE,78,0,0.9586,659.97,358.72,-2.56,9.11,Black,290967.16
79,2,car,OCCLUDED,62,4,0.956,1251.11,391.11,4.69,0.01,Yellow,1513.4
79,3,car,OCCLUDED,53,10,0.889,1119.79,391.49,3.53,0.11,Yellow,1689.59
79,4,car,OCCLUDED,16,58,0.356,277.1,391.69,0.05,-0.01,Grey,708.15
79,5,can,OCCLUDED,34,44,0.511,727.65,372.73,3.97,-0.56,Orange,588.58
79,7,bicycle,VISIBLE,31,0,0.9453,643.84,521.28,-2.21,0.96,Green,335360.97
80,1,person,VISIBLE,79,0,0.9473,655.62,362.63,-3.82,5.47,Black,296934.16
80,2,car,OCCLUDED,62,5,0.944,1255.8,391.12,4.69,0.01,Yellow,1513.4
80,3,car,OCCLUDED,53,11,0.878,1123.32,391.6,3.53,0.11,Yellow,1689.59
80,4,car,OCCLUDED,16,59,0.344,277.14,391.68,0.05,-0.01,Grey,708.15
80,5,can,OCCLUDED,34,45,0.5,731.62,372.18,3.97,-0.56,Orange,588.58
80,7,bicycle,VISIBLE,32,0,0.9453,642.24,521.68,-1.78,0.57,Green,336615.83
81,1,person,VISIBLE,80,0,0.9601,651.21,365.73,-4.23,3.81,Black,301969.21
81,2,car,OCCLUDED,62,6,0.933,1260.49,391.13,4.69,0.01,Yellow,1513.4
81,3,car,OCCLUDED,53,12,0.867,1126.85,391.72,3.53,0.11,Yellow,1689.59
81,4,car,OCCLUDED,16,60,0.333,277.19,391.67,0.05,-0.01,Grey,708.15
81,5,can,OCCLUDED,34,46,0.489,735.59,371.62,3.97,-0.56,Orange,588.58
81,7,bicycle,VISIBLE,33,0,0.9453,640.64,522.08,-1.65,0.45,Green,337862.56
82,1,person,VISIBLE,81,0,0.9641,646.31,367.18,-4.7,2.15,Black,305540.95
82,2,car,OCCLUDED,62,7,0.922,1265.18,391.13,4.69,0.01,Yellow,1513.4
82,3,car,OCCLUDED,53,13,0.856,1130.39,391.83,3.53,0.11,Yellow,1689.59
82,4,car,OCCLUDED,16,61,0.322,277.24,391.66,0.05,-0.01,Grey,708.15
82,5,can,OCCLUDED,34,47,0.478,739.56,371.06,3.97,-0.56,Orange,588.58
82,7,bicycle,VISIBLE,34,0,0.9453,639.05,522.48,-1.62,0.41,Green,339101.16
83,1,person,VISIBLE,82,0,0.9666,642.64,367.14,-3.97,0.62,Black,308222.19
83,2,car,OCCLUDED,62,8,0.911,1269.87,391.14,4.69,0.01,Yellow,1513.4
83,3,car,OCCLUDED,53,14,0.844,1133.92,391.94,3.53,0.11,Yellow,1689.59
83,4,car,OCCLUDED,16,62,0.311,277.29,391.66,0.05,-0.01,Grey,708.15
83,5,can,OCCLUDED,34,48,0.467,743.53,370.51,3.97,-0.56,Orange,588.58
83,7,bicycle,VISIBLE,35,0,0.9453,637.44,522.88,-1.6,0.41,Green,340331.64
84,1,person,VISIBLE,83,0,0.964,639.75,366.76,-3.21,-0.08,Black,309813.38
84,2,car,OCCLUDED,62,9,0.9,1274.56,391.15,4.69,0.01,Yellow,1513.4
84,3,car,OCCLUDED,53,15,0.833,1137.45,392.06,3.53,0.11,Yellow,1689.59
84,4,car,OCCLUDED,16,63,0.3,277.33,391.65,0.05,-0.01,Grey,708.15
84,5,can,OCCLUDED,34,49,0.456,747.5,369.95,3.97,-0.56,Orange,588.58
84,7,bicycle,VISIBLE,36,0,0.9453,635.85,523.28,-1.6,0.4,Green,341553.98
85,1,person,VISIBLE,84,0,0.961,638.0,366.5,-2.19,-0.21,Black,312541.11
85,2,car,OCCLUDED,62,10,0.889,1279.25,391.16,4.69,0.01,Yellow,1513.4
85,3,car,OCCLUDED,53,16,0.822,1140.99,392.17,3.53,0.11,Yellow,1689.59
85,4,car,OCCLUDED,16,64,0.289,277.38,391.64,0.05,-0.01,Grey,708.15
85,5,can,OCCLUDED,34,50,0.444,751.46,369.39,3.97,-0.56,Orange,588.58
85,7,bicycle,OCCLUDED,36,1,0.989,634.24,523.68,-1.6,0.4,Green,341553.98
86,1,person,VISIBLE,85,0,0.9606,636.17,365.18,-1.94,-0.99,Green,313065.1
86,2,car,OCCLUDED,62,11,0.878,1283.94,391.17,4.69,0.01,Yellow,1513.4
86,3,car,OCCLUDED,53,17,0.811,1144.52,392.28,3.53,0.11,Yellow,1689.59
86,4,car,OCCLUDED,16,65,0.278,277.43,391.63,0.05,-0.01,Grey,708.15
86,5,can,OCCLUDED,34,51,0.433,755.43,368.83,3.97,-0.56,Orange,588.58
86,7,bicycle,OCCLUDED,36,2,0.978,632.64,524.08,-1.6,0.4,Green,341553.98
87,1,person,VISIBLE,86,0,0.9593,634.85,361.53,-1.51,-2.85,Green,310754.4
87,2,car,OCCLUDED,62,12,0.867,1288.63,391.18,4.69,0.01,Yellow,1513.4
87,3,car,OCCLUDED,53,18,0.8,1148.05,392.4,3.53,0.11,Yellow,1689.59
87,4,car,OCCLUDED,16,66,0.267,277.48,391.62,0.05,-0.01,Grey,708.15
87,5,can,OCCLUDED,34,52,0.422,759.4,368.28,3.97,-0.56,Orange,588.58
87,7,bicycle,OCCLUDED,36,3,0.967,631.04,524.49,-1.6,0.4,Green,341553.98
88,1,person,VISIBLE,87,0,0.9486,632.68,354.69,-1.97,-5.64,Black,305220.29
88,2,car,OCCLUDED,62,13,0.856,1293.32,391.19,4.69,0.01,Yellow,1513.4
88,3,car,OCCLUDED,53,19,0.789,1151.59,392.51,3.53,0.11,Yellow,1689.59
88,4,car,OCCLUDED,16,67,0.256,277.53,391.61,0.05,-0.01,Grey,708.15
88,5,can,OCCLUDED,34,53,0.411,763.37,367.72,3.97,-0.56,Orange,588.58
88,7,bicycle,VISIBLE,37,0,0.9387,645.19,522.12,1.15,-0.08,Green,339328.04
89,1,person,VISIBLE,88,0,0.9512,630.0,346.97,-2.47,-7.09,Black,298692.08
89,2,car,OCCLUDED,62,14,0.844,1298.01,391.2,4.69,0.01,Yellow,1513.4
89,3,car,OCCLUDED,53,20,0.778,1155.12,392.62,3.53,0.11,Yellow,1689.59
89,4,car,OCCLUDED,16,68,0.244,277.57,391.6,0.05,-0.01,Grey,708.15
89,5,can,OCCLUDED,34,54,0.4,767.34,367.16,3.97,-0.56,Orange,588.58
89,7,bicycle,VISIBLE,38,0,0.9382,644.8,522.81,0.08,0.46,Green,338348.4
90,1,person,VISIBLE,89,0,0.9523,627.94,343.28,-2.18,-4.71,Black,295432.38
90,2,car,OUT_OF_BOUNDS,62,15,0.833,1302.7,391.21,4.69,0.01,Yellow,1513.4
90,3,car,OCCLUDED,53,21,0.767,1158.65,392.74,3.53,0.11,Yellow,1689.59
90,4,car,OCCLUDED,16,69,0.233,277.62,391.59,0.05,-0.01,Grey,708.15
90,5,can,OCCLUDED,34,55,0.389,771.31,366.61,3.97,-0.56,Orange,588.58
90,7,bicycle,VISIBLE,39,0,0.9412,644.11,522.99,-0.46,0.27,Green,338006.77
91,1,person,VISIBLE,90,0,0.9508,626.43,342.86,-1.71,-1.71,Black,293832.14
91,2,car,OUT_OF_BOUNDS,62,16,0.822,1307.38,391.22,4.69,0.01,Yellow,1513.4
91,3,car,OCCLUDED,53,22,0.756,1162.19,392.85,3.53,0.11,Yellow,1689.59
91,4,car,OCCLUDED,16,70,0.222,277.67,391.58,0.05,-0.01,Grey,708.15
91,5,can,OCCLUDED,34,56,0.378,775.28,366.05,3.97,-0.56,Orange,588.58
91,7,bicycle,VISIBLE,40,0,0.9453,643.15,524.04,-0.8,0.82,Green,335900.42
92,1,person,VISIBLE,91,0,0.9539,624.29,346.79,-2.02,2.24,Black,296454.0
92,2,car,OUT_OF_BOUNDS,62,17,0.811,1312.07,391.23,4.69,0.01,Yellow,1513.4
92,3,car,OCCLUDED,53,23,0.744,1165.72,392.96,3.53,0.11,Yellow,1689.59
92,4,car,OCCLUDED,16,71,0.211,277.72,391.57,0.05,-0.01,Grey,708.15
92,5,can,OCCLUDED,34,57,0.367,779.25,365.49,3.97,-0.56,Orange,588.58
92,7,bicycle,VISIBLE,41,0,0.938,642.08,524.9,-0.99,0.85,Green,333936.54
93,1,person,VISIBLE,92,0,0.9574,624.14,351.06,-0.7,3.66,Black,300386.95
93,2,car,OUT_OF_BOUNDS,62,18,0.8,1316.76,391.24,4.69,0.01,Yellow,1513.4
93,3,car,OCCLUDED,53,24,0.733,1169.25,393.08,3.53,0.11,Yellow,1689.59
93,4,car,OCCLUDED,16,72,0.2,277.76,391.56,0.05,-0.01,Grey,708.15
93,5,can,OCCLUDED,34,58,0.356,783.22,364.94,3.97,-0.56,Orange,588.58
93,7,bicycle,VISIBLE,42,0,0.9368,640.98,525.25,-1.07,0.5,Green,332694.6
94,1,person,VISIBLE,93,0,0.9539,623.75,355.21,-0.49,4.0,Black,306464.77
94,2,car,OUT_OF_BOUNDS,62,19,0.789,1321.45,391.25,4.69,0.01,Yellow,1513.4
94,3,car,OCCLUDED,53,25,0.722,1172.79,393.19,3.53,0.11,Yellow,1689.59
94,4,car,OCCLUDED,16,73,0.189,277.81,391.55,0.05,-0.01,Grey,708.15
94,5,can,OCCLUDED,34,59,0.344,787.19,364.38,3.97,-0.56,Orange,588.58
94,7,bicycle,VISIBLE,43,0,0.9368,640.15,525.77,-0.9,0.52,Green,331461.22
95,1,person,VISIBLE,94,0,0.9532,623.98,358.41,0.02,3.44,Black,310523.14
95,2,car,OUT_OF_BOUNDS,62,20,0.778,1326.14,391.25,4.69,0.01,Yellow,1513.4
95,3,car,OCCLUDED,53,26,0.711,1176.32,393.3,3.53,0.11,Yellow,1689.59
95,4,car,OCCLUDED,16,74,0.178,277.86,391.54,0.05,-0.01,Grey,708.15
95,5,can,OCCLUDED,34,60,0.333,791.16,363.82,3.97,-0.56,Orange,588.58
95,7,bicycle,VISIBLE,44,0,0.9368,639.34,526.3,-0.84,0.52,Green,330229.65
96,1,person,VISIBLE,95,0,0.9515,624.41,359.82,0.31,2.02,Black,312806.83
96,2,car,OUT_OF_BOUNDS,62,21,0.767,1330.83,391.26,4.69,0.01,Yellow,1513.4
96,3,car,OCCLUDED,53,27,0.7,1179.85,393.42,3.53,0.11,Yellow,1689.59
96,4,car,OCCLUDED,16,75,0.167,277.91,391.53,0.05,-0.01,Grey,708.15
96,5,can,OCCLUDED,34,61,0.322,795.13,363.27,3.97,-0.56,Orange,588.58
96,7,bicycle,VISIBLE,45,0,0.9368,638.52,526.83,-0.82,0.53,Green,328999.88
97,1,person,VISIBLE,96,0,0.9503,624.81,356.18,0.37,-1.94,Black,309290.32
97,2,car,OUT_OF_BOUNDS,62,22,0.756,1335.52,391.27,4.69,0.01,Yellow,1513.4
97,3,car,OCCLUDED,53,28,0.689,1183.39,393.53,3.53,0.11,Yellow,1689.59
97,4,car,OCCLUDED,16,76,0.156,277.96,391.52,0.05,-0.01,Grey,708.15
97,5,can,OCCLUDED,34,62,0.311,799.1,362.71,3.97,-0.56,Orange,588.58
97,7,bicycle,VISIBLE,46,0,0.9409,642.46,524.06,2.51,-1.78,Green,332154.18
98,1,person,VISIBLE,97,0,0.9451,625.21,352.52,0.39,-3.14,Black,304764.84
98,2,car,OUT_OF_BOUNDS,62,23,0.744,1340.21,391.28,4.69,0.01,Yellow,1513.4
98,3,car,OCCLUDED,53,29,0.678,1186.92,393.64,3.53,0.11,Yellow,1689.59
98,4,car,OCCLUDED,16,77,0.144,278.0,391.52,0.05,-0.01,Grey,708.15
98,5,can,OCCLUDED,34,63,0.3,803.07,362.15,3.97,-0.56,Orange,588.58
98,7,bicycle,VISIBLE,47,0,0.9363,646.64,522.65,3.68,-1.52,Green,332661.98
99,1,person,VISIBLE,98,0,0.9362,625.96,350.53,0.64,-2.34,Black,301307.14
99,2,car,OUT_OF_BOUNDS,62,24,0.733,1344.9,391.29,4.69,0.01,Yellow,1513.4
99,3,car,OCCLUDED,53,30,0.667,1190.45,393.76,3.53,0.11,Yellow,1689.59
99,4,car,OCCLUDED,16,78,0.133,278.05,391.51,0.05,-0.01,Grey,708.15
99,5,can,OCCLUDED,34,64,0.289,807.04,361.6,3.97,-0.56,Orange,588.58
99,7,bicycle,VISIBLE,48,0,0.9376,650.63,520.77,3.9,-1.77,Green,333829.12
100,1,person,VISIBLE,99,0,0.9402,626.43,345.39,0.53,-4.3,Green,295714.31
100,2,car,OUT_OF_BOUNDS,62,25,0.722,1349.59,391.3,4.69,0.01,Yellow,1513.4
100,3,car,OCCLUDED,53,31,0.656,1193.99,393.87,3.53,0.11,Yellow,1689.59
100,4,car,OCCLUDED,16,79,0.122,278.1,391.5,0.05,-0.01,Grey,708.15
100,5,can,OCCLUDED,34,65,0.278,811.01,361.04,3.97,-0.56,Orange,588.58
100,7,bicycle,VISIBLE,49,0,0.9388,654.53,519.36,3.9,-1.52,Green,333613.58
100,17,can,VISIBLE,1,0,0.4929,52.62,349.52,0.0,0.0,Black,6624.57
101,1,person,VISIBLE,100,0,0.9456,626.4,337.54,0.14,-6.78,Green,288241.97
101,2,car,OUT_OF_BOUNDS,62,26,0.711,1354.28,391.31,4.69,0.01,Yellow,1513.4
101,3,car,OCCLUDED,53,32,0.644,1197.52,393.98,3.53,0.11,Yellow,1689.59
101,4,car,OCCLUDED,16,80,0.111,278.15,391.49,0.05,-0.01,Grey,708.15
101,5,can,OCCLUDED,34,66,0.267,814.98,360.48,3.97,-0.56,Orange,588.58
101,7,bicycle,VISIBLE,50,0,0.9414,657.76,518.62,3.43,-0.98,Green,332471.56
101,17,can,VISIBLE,2,0,0.4929,54.48,349.56,1.85,0.04,Black,6610.14
102,1,person,VISIBLE,101,0,0.9394,617.03,331.52,-6.52,-6.25,Green,245081.01
102,2,car,OUT_OF_BOUNDS,62,27,0.7,1358.97,391.32,4.69,0.01,Yellow,1513.4
102,3,car,OCCLUDED,53,33,0.633,1201.05,394.1,3.53,0.11,Yellow,1689.59
102,4,car,OCCLUDED,16,81,0.1,278.2,391.48,0.05,-0.01,Grey,708.15
102,5,can,OCCLUDED,34,67,0.256,818.95,359.93,3.97,-0.56,Orange,588.58
102,7,bicycle,VISIBLE,51,0,0.9414,660.53,517.62,2.97,-0.99,Green,332284.22
102,17,can,VISIBLE,3,0,0.4929,56.33,349.6,1.85,0.04,Black,6595.71
103,1,person,VISIBLE,102,0,0.9392,611.1,328.7,-6.11,-3.85,Green,213475.48
103,2,car,OUT_OF_BOUNDS,62,28,0.689,1363.66,391.33,4.69,0.01,Yellow,1513.4
103,3,car,VISIBLE,54,0,0.4136,1181.93,359.06,3.07,-0.61,Grey,998.77
103,4,car,OCCLUDED,16,82,0.089,278.24,391.47,0.05,-0.01,Grey,708.15
103,5,can,OCCLUDED,34,68,0.244,822.92,359.37,3.97,-0.56,Orange,588.58
103,7,bicycle,VISIBLE,52,0,0.9414,663.3,516.62,2.83,-1.0,Green,332078.74
103,17,can,OCCLUDED,3,1,0.989,58.17,349.64,1.85,0.04,Black,6595.71
104,1,person,VISIBLE,103,0,0.9573,608.25,328.17,-3.82,-1.53,Green,189945.52
104,2,car,OUT_OF_BOUNDS,62,29,0.678,1368.35,391.34,4.69,0.01,Yellow,1513.4
104,3,car,VISIBLE,55,0,0.4851,1172.95,360.2,-5.37,0.61,Grey,966.09
104,4,car,OCCLUDED,16,83,0.078,278.29,391.46,0.05,-0.01,Grey,708.15
104,5,can,OCCLUDED,34,69,0.233,826.89,358.81,3.97,-0.56,Orange,588.58
104,7,bicycle,VISIBLE,53,0,0.9414,666.06,515.62,2.78,-1.0,Green,331855.13
104,17,can,OCCLUDED,3,2,0.978,60.02,349.68,1.85,0.04,Black,6595.71
105,1,person,VISIBLE,104,0,0.9409,608.06,329.43,-1.28,0.43,Green,173854.66
105,2,car,OUT_OF_BOUNDS,62,30,0.667,1373.04,391.35,4.69,0.01,Yellow,1513.4
105,3,car,VISIBLE,56,0,0.4513,1161.22,361.43,-9.82,1.05,Grey,938.8
105,4,car,OCCLUDED,16,84,0.067,278.34,391.45,0.05,-0.01,Grey,708.15
105,5,can,OCCLUDED,34,70,0.222,830.86,358.26,3.97,-0.56,Orange,588.58
105,7,bicycle,VISIBLE,54,0,0.9414,668.83,514.62,2.77,-1.0,Green,331613.39
105,17,can,OCCLUDED,3,3,0.967,61.87,349.72,1.85,0.04,Black,6595.71
106,1,person,VISIBLE,105,0,0.9391,610.1,329.43,1.04,0.13,Green,162149.11
106,2,car,OUT_OF_BOUNDS,62,31,0.656,1377.73,391.36,4.69,0.01,Yellow,1513.4
106,3,car,VISIBLE,57,0,0.4365,1148.07,362.63,-12.16,1.16,Grey,938.61
106,4,car,OCCLUDED,16,85,0.056,278.39,391.44,0.05,-0.01,Grey,708.15
106,5,can,OCCLUDED,34,71,0.211,834.83,357.7,3.97,-0.56,Orange,588.58
106,7,bicycle,VISIBLE,55,0,0.9414,671.6,513.62,2.77,-1.0,Green,331353.51
106,17,can,OCCLUDED,3,4,0.956,63.72,349.76,1.85,0.04,Black,6595.71
107,1,person,VISIBLE,106,0,0.9434,612.63,328.12,2.09,-0.88,Black,152928.43
107,2,car,OUT_OF_BOUNDS,62,32,0.644,1382.41,391.37,4.69,0.01,Yellow,1513.4
107,3,car,VISIBLE,58,0,0.4206,1134.76,363.38,-12.96,0.87,Grey,913.37
107,4,car,OCCLUDED,16,86,0.044,278.43,391.43,0.05,-0.01,Grey,708.15
107,5,can,OCCLUDED,34,72,0.2,838.8,357.14,3.97,-0.56,Orange,588.58
107,7,bicycle,OCCLUDED,55,1,0.989,674.36,512.62,2.77,-1.0,Green,331353.51
107,17,can,OCCLUDED,3,5,0.944,65.57,349.8,1.85,0.04,Black,6595.71
108,1,person,VISIBLE,107,0,0.9364,614.38,325.95,1.85,-1.78,Black,145186.03
108,2,car,OUT_OF_BOUNDS,62,33,0.633,1387.1,391.38,4.69,0.01,Yellow,1513.4
108,3,car,VISIBLE,59,0,0.3877,1122.01,364.2,-12.81,0.83,Grey,919.1
108,4,car,OCCLUDED,16,87,0.033,278.48,391.42,0.05,-0.01,Grey,708.15
108,5,can,OCCLUDED,34,73,0.189,842.77,356.59,3.97,-0.56,Orange,588.58
108,7,bicycle,OCCLUDED,55,2,0.978,677.13,511.63,2.77,-1.0,Green,331353.51
108,17,can,OCCLUDED,3,6,0.933,67.42,349.84,1.85,0.04,Black,6595.71
109,1,person,VISIBLE,108,0,0.9364,614.69,324.39,0.77,-1.63,Black,133551.34
109,2,car,OUT_OF_BOUNDS,62,34,0.622,1391.79,391.38,4.69,0.01,Yellow,1513.4
109,3,car,VISIBLE,60,0,0.408,1109.68,365.33,-12.48,1.04,Grey,942.93
109,4,car,OCCLUDED,16,88,0.022,278.53,391.41,0.05,-0.01,Grey,708.15
109,5,can,OCCLUDED,34,74,0.178,846.74,356.03,3.97,-0.56,Orange,588.58
109,7,bicycle,OCCLUDED,55,3,0.967,679.9,510.63,2.77,-1.0,Green,331353.51
109,17,can,OCCLUDED,3,7,0.922,69.27,349.88,1.85,0.04,Black,6595.71
110,1,person,VISIBLE,109,0,0.9217,615.93,321.24,1.1,-2.69,Black,129006.46
110,2,car,OUT_OF_BOUNDS,62,35,0.611,1396.48,391.39,4.69,0.01,Yellow,1513.4
110,3,car,VISIBLE,61,0,0.4154,1098.2,365.95,-11.78,0.75,Grey,928.39
110,4,car,OCCLUDED,16,89,0.011,278.58,391.4,0.05,-0.01,Grey,708.15
110,5,can,OCCLUDED,34,75,0.167,850.71,355.47,3.97,-0.56,Orange,588.58
110,7,bicycle,OCCLUDED,55,4,0.956,682.67,509.63,2.77,-1.0,Green,331353.51
110,17,can,OCCLUDED,3,8,0.911,71.12,349.92,1.85,0.04,Black,6595.71
111,1,person,VISIBLE,110,0,0.9162,617.61,321.0,1.51,-0.98,Black,126559.33
111,2,car,OUT_OF_BOUNDS,62,36,0.6,1401.17,391.4,4.69,0.01,Yellow,1513.4
111,3,car,VISIBLE,62,0,0.4403,1087.63,367.03,-10.93,0.98,Grey,915.54
111,4,car,OCCLUDED,16,90,0.0,278.63,391.39,0.05,-0.01,Grey,708.15
111,5,can,VISIBLE,35,0,0.4183,1164.06,370.66,6.82,-0.41,Green,527.88
111,7,bicycle,OCCLUDED,55,5,0.944,685.43,508.64,2.77,-1.0,Green,331353.51
111,17,can,OCCLUDED,3,9,0.9,72.97,349.96,1.85,0.04,Black,6595.71
112,1,person,VISIBLE,111,0,0.9162,618.46,319.47,1.05,-1.36,Black,119194.52
112,2,car,OUT_OF_BOUNDS,62,37,0.589,1405.86,391.41,4.69,0.01,Yellow,1513.4
112,3,car,VISIBLE,63,0,0.4218,1077.65,368.27,-10.27,1.16,Grey,902.48
112,4,car,LOST,16,91,0.0,278.67,391.38,0.05,-0.01,Grey,708.15
112,5,can,VISIBLE,36,0,0.4183,1163.35,370.76,1.55,-0.05,Yellow,531.27
112,7,bicycle,OCCLUDED,55,6,0.933,688.2,507.64,2.77,-1.0,Green,331353.51
112,17,can,OCCLUDED,3,10,0.889,74.82,350.0,1.85,0.04,Black,6595.71
113,1,person,VISIBLE,112,0,0.9162,619.32,317.94,0.91,-1.48,Black,112046.91
113,2,car,OUT_OF_BOUNDS,62,38,0.578,1410.55,391.42,4.69,0.01,Yellow,1513.4
113,3,car,VISIBLE,64,0,0.413,1068.43,369.04,-9.53,0.89,Grey,885.01
113,4,car,LOST,16,92,0.0,278.72,391.38,0.05,-0.01,Grey,708.15
113,5,can,VISIBLE,37,0,0.4183,1162.64,370.87,-0.03,0.05,Orange,534.66
113,7,bicycle,VISIBLE,56,0,0.9452,591.64,504.21,-7.17,-1.24,Green,128328.32
113,17,can,OCCLUDED,3,11,0.878,76.67,350.04,1.85,0.04,Black,6595.71
114,1,person,VISIBLE,113,0,0.9162,620.17,316.41,0.87,-1.51,Black,105116.51
114,2,car,OUT_OF_BOUNDS,62,39,0.567,1415.24,391.43,4.69,0.01,Yellow,1513.4
114,3,car,VISIBLE,65,0,0.4385,1059.71,370.09,-8.96,1.0,Grey,907.43
114,4,car,LOST,16,93,0.0,278.77,391.37,0.05,-0.01,Grey,708.15
114,5,can,OCCLUDED,37,1,0.989,1162.61,370.92,-0.03,0.05,Orange,534.66
114,7,bicycle,VISIBLE,57,0,0.9352,593.88,502.93,-0.58,-1.26,Green,124916.09
114,17,can,OCCLUDED,3,12,0.867,78.52,350.08,1.85,0.04,Black,6595.71
115,1,person,VISIBLE,114,0,0.9162,621.02,314.89,0.86,-1.52,Black,98403.33
115,2,car,OUT_OF_BOUNDS,62,40,0.556,1419.93,391.44,4.69,0.01,Yellow,1513.4
115,3,car,VISIBLE,66,0,0.3345,1051.94,371.05,-8.13,0.97,Grey,887.18
115,4,car,LOST,16,94,0.0,278.82,391.36,0.05,-0.01,Grey,708.15
115,5,can,OCCLUDED,37,2,0.978,1162.58,370.97,-0.03,0.05,Orange,534.66
115,7,bicycle,VISIBLE,58,0,0.9215,596.32,501.59,1.53,-1.32,Green,120581.62
115,17,can,OCCLUDED,3,13,0.856,80.37,350.12,1.85,0.04,Black,6595.71
116,1,person,VISIBLE,115,0,0.9162,621.87,313.36,0.85,-1.53,Black,91907.35
116,2,car,OUT_OF_BOUNDS,62,41,0.544,1424.62,391.45,4.69,0.01,Yellow,1513.4
116,3,car,VISIBLE,67,0,0.3151,1044.39,371.95,-7.72,0.92,Grey,889.84
116,4,car,LOST,16,95,0.0,278.87,391.35,0.05,-0.01,Grey,708.15
116,5,can,OCCLUDED,37,3,0.967,1162.54,371.03,-0.03,0.05,Orange,534.66
116,7,bicycle,VISIBLE,59,0,0.9241,598.7,500.21,2.13,-1.36,Green,116070.86
116,17,can,OCCLUDED,3,14,0.844,82.22,350.16,1.85,0.04,Black,6595.71
117,1,person,OCCLUDED,115,1,0.989,622.72,311.83,0.85,-1.53,Black,91907.35
117,2,car,OUT_OF_BOUNDS,62,42,0.533,1429.31,391.46,4.69,0.01,Yellow,1513.4
117,3,car,VISIBLE,68,0,0.3242,1037.39,372.62,-7.22,0.75,Grey,877.86
117,4,car,LOST,16,96,0.0,278.91,391.34,0.05,-0.01,Grey,708.15
117,5,can,OCCLUDED,37,4,0.956,1162.51,371.08,-0.03,0.05,Orange,534.66
117,7,bicycle,VISIBLE,60,0,0.9226,601.57,499.94,2.65,-0.59,Green,111548.75
117,17,can,OCCLUDED,3,15,0.833,84.07,350.2,1.85,0.04,Black,6595.71
117,21,car,VISIBLE,1,0,0.3048,967.88,368.68,0.0,0.0,Grey,374.75
118,1,person,OCCLUDED,115,2,0.978,623.57,310.31,0.85,-1.53,Black,91907.35
118,2,car,OUT_OF_BOUNDS,62,43,0.522,1434.0,391.47,4.69,0.01,Yellow,1513.4
118,3,car,VISIBLE,69,0,0.3956,1030.12,373.22,-7.26,0.64,Grey,907.2
118,4,car,LOST,16,97,0.0,278.96,391.33,0.05,-0.01,Grey,708.15
118,5,can,OCCLUDED,37,5,0.944,1162.48,371.13,-0.03,0.05,Orange,534.66
118,7,bicycle,VISIBLE,61,0,0.9179,603.38,499.66,2.06,-0.38,Green,107085.02
118,17,can,OCCLUDED,3,16,0.822,85.92,350.24,1.85,0.04,Black,6595.71
118,21,car,VISIBLE,2,0,0.3048,967.38,368.74,-0.5,0.05,Grey,373.34
119,1,person,OCCLUDED,115,3,0.967,624.43,308.78,0.85,-1.53,Black,91907.35
119,2,car,OUT_OF_BOUNDS,62,44,0.511,1438.69,391.48,4.69,0.01,Yellow,1513.4
119,3,car,VISIBLE,70,0,0.3236,1023.18,373.72,-7.03,0.54,Grey,898.78
119,4,car,LOST,16,98,0.0,279.01,391.32,0.05,-0.01,Grey,708.15
119,5,can,VISIBLE,38,0,0.3433,1102.02,377.77,-7.08,0.82,Green,380.06
119,7,bicycle,VISIBLE,62,0,0.9277,604.76,498.9,1.59,-0.65,Green,102889.03
119,17,can,OCCLUDED,3,17,0.811,87.77,350.28,1.85,0.04,Black,6595.71
119,21,car,VISIBLE,3,0,0.3048,966.88,368.79,-0.5,0.05,Brown,371.92
120,1,person,OCCLUDED,115,4,0.956,625.28,307.25,0.85,-1.53,Black,91907.35
120,2,car,OUT_OF_BOUNDS,62,45,0.5,1443.38,391.49,4.69,0.01,Yellow,1513.4
120,3,car,VISIBLE,71,0,0.3,1016.15,374.41,-7.03,0.65,Grey,898.68
120,4,car,LOST,16,99,0.0,279.06,391.31,0.05,-0.01,Grey,708.15
120,5,can,VISIBLE,39,0,0.3433,1101.53,377.81,-2.47,0.27,Yellow,382.47
120,7,bicycle,VISIBLE,63,0,0.9279,605.77,497.96,1.18,-0.85,Green,99765.88
120,17,can,OCCLUDED,3,18,0.8,89.62,350.32,1.85,0.04,Black,6595.71
120,21,car,OCCLUDED,3,1,0.989,966.38,368.84,-0.5,0.05,Brown,371.92
120,23,car,VISIBLE,1,0,0.3215,946.35,371.0,0.0,0.0,Grey,386.3
121,1,person,OCCLUDED,115,5,0.944,626.13,305.72,0.85,-1.53,Black,91907.35
121,2,car,OUT_OF_BOUNDS,62,46,0.489,1448.07,391.5,4.69,0.01,Yellow,1513.4
121,3,car,VISIBLE,72,0,0.3246,1009.04,375.48,-7.09,0.94,Grey,894.06
121,4,car,LOST,16,100,0.0,279.1,391.3,0.05,-0.01,Grey,708.15
121,5,can,VISIBLE,40,0,0.3433,1101.03,377.84,-1.09,0.1,Orange,384.89
121,7,bicycle,VISIBLE,64,0,0.9279,607.38,497.24,1.48,-0.76,Brown,96262.79
121,17,can,OCCLUDED,3,19,0.789,91.47,350.36,1.85,0.04,Black,6595.71
121,21,car,OCCLUDED,3,2,0.978,965.88,368.9,-0.5,0.05,Brown,371.92
121,23,car,VISIBLE,2,0,0.3328,940.82,371.79,-5.53,0.79,Grey,382.06
121,24,can,VISIBLE,1,0,0.419,1086.63,379.58,0.0,0.0,Green,402.11
122,1,person,OCCLUDED,115,6,0.933,626.98,304.2,0.85,-1.53,Black,91907.35
122,2,car,OUT_OF_BOUNDS,62,47,0.478,1452.75,391.5,4.69,0.01,Yellow,1513.4
122,3,car,VISIBLE,73,0,0.3314,1002.15,376.48,-6.95,0.98,Grey,910.38
122,4,car,LOST,16,101,0.0,279.15,391.29,0.05,-0.01,Grey,708.15
122,5,can,OCCLUDED,40,1,0.989,1099.93,377.94,-1.09,0.1,Orange,384.89
122,7,bicycle,VISIBLE,65,0,0.9185,607.92,496.16,0.83,-0.98,Green,93531.37
122,17,can,OCCLUDED,3,20,0.778,93.32,350.4,1.85,0.04,Black,6595.71
122,21,car,OCCLUDED,3,3,0.967,965.38,368.95,-0.5,0.05,Brown,371.92
122,23,car,VISIBLE,3,0,0.3328,938.93,372.03,-2.98,0.41,Grey,381.15
122,24,can,VISIBLE,2,0,0.4554,1081.71,380.15,-4.93,0.58,Green,397.35
123,1,person,OCCLUDED,115,7,0.922,627.83,302.67,0.85,-1.53,Black,91907.35
123,2,car,OUT_OF_BOUNDS,62,48,0.467,1457.44,391.51,4.69,0.01,Yellow,1513.4
123,3,car,VISIBLE,74,0,0.3151,995.23,377.53,-6.93,1.03,Grey,924.49
123,4,car,LOST,16,102,0.0,279.2,391.28,0.05,-0.01,Grey,708.15
123,5,can,OCCLUDED,40,2,0.978,1098.84,378.04,-1.09,0.1,Orange,384.89
123,7,bicycle,VISIBLE,66,0,0.928,608.49,495.71,0.64,-0.61,Green,90700.66
123,17,can,OCCLUDED,3,21,0.767,95.17,350.44,1.85,0.04,Black,6595.71
123,21,car,OCCLUDED,3,4,0.956,964.87,369.01,-0.5,0.05,Brown,371.92
123,23,car,VISIBLE,4,0,0.3328,937.04,372.29,-2.22,0.3,Brown,380.22
123,24,can,VISIBLE,3,0,0.4554,1079.93,380.38,-2.72,0.33,Yellow,397.72
124,1,person,OCCLUDED,115,8,0.911,628.69,301.14,0.85,-1.53,Black,91907.35
124,2,car,OUT_OF_BOUNDS,62,49,0.456,1462.13,391.52,4.69,0.01,Yellow,1513.4
124,3,car,VISIBLE,75,0,0.3011,988.25,378.5,-6.96,0.99,Grey,924.35
124,4,car,LOST,16,103,0.0,279.25,391.27,0.05,-0.01,Grey,708.15
124,5,can,OCCLUDED,40,3,0.967,1097.75,378.14,-1.09,0.1,Orange,384.89
124,7,bicycle,VISIBLE,67,0,0.928,609.61,494.99,0.98,-0.69,Green,87626.22
124,17,can,OCCLUDED,3,22,0.756,97.02,350.48,1.85,0.04,Black,6595.71
124,21,car,OCCLUDED,3,5,0.944,964.37,369.06,-0.5,0.05,Brown,371.92
124,23,car,VISIBLE,5,0,0.3328,935.14,372.54,-1.99,0.27,Brown,379.28
124,24,can,VISIBLE,4,0,0.4554,1078.16,380.6,-2.06,0.25,Orange,398.04
125,1,person,VISIBLE,116,0,0.9378,621.4,347.61,0.22,2.21,Black,97830.57
125,2,car,OUT_OF_BOUNDS,62,50,0.444,1466.82,391.53,4.69,0.01,Yellow,1513.4
125,3,car,VISIBLE,76,0,0.3208,981.04,379.34,-7.14,0.88,Grey,956.96
125,4,car,LOST,16,104,0.0,279.3,391.26,0.05,-0.01,Grey,708.15
125,5,can,OCCLUDED,40,4,0.956,1096.66,378.24,-1.09,0.1,Orange,384.89
125,7,bicycle,VISIBLE,68,0,0.928,610.74,494.27,1.08,-0.71,Green,84598.18
125,17,can,OCCLUDED,3,23,0.744,98.87,350.52,1.85,0.04,Black,6595.71
125,21,car,OCCLUDED,3,6,0.933,963.87,369.12,-0.5,0.05,Brown,371.92
125,23,car,OCCLUDED,5,1,0.989,933.16,372.81,-1.99,0.27,Brown,379.28
125,24,can,VISIBLE,5,0,0.4554,1076.39,380.82,-1.86,0.23,Orange,398.34
126,1,person,VISIBLE,117,0,0.9395,620.7,350.11,-0.43,2.41,Black,96623.03
126,2,car,OUT_OF_BOUNDS,62,51,0.433,1471.51,391.54,4.69,0.01,Yellow,1513.4
126,3,car,VISIBLE,77,0,0.3208,973.88,380.23,-7.15,0.89,Grey,969.11
126,4,car,LOST,16,105,0.0,279.34,391.25,0.05,-0.01,Grey,708.15
126,5,can,OCCLUDED,40,5,0.944,1095.57,378.34,-1.09,0.1,Orange,384.89
126,7,bicycle,VISIBLE,69,0,0.928,611.86,493.55,1.11,-0.72,Green,81616.56
126,17,can,OCCLUDED,3,24,0.733,100.72,350.56,1.85,0.04,Black,6595.71
126,21,car,OCCLUDED,3,7,0.922,963.37,369.17,-0.5,0.05,Brown,371.92
126,23,car,OCCLUDED,5,2,0.978,931.17,373.07,-1.99,0.27,Brown,379.28
126,24,can,OCCLUDED,5,1,0.989,1074.54,381.05,-1.86,0.23,Orange,398.34
127,1,person,VISIBLE,118,0,0.9393,620.0,353.73,-0.62,3.26,Black,95238.37
127,2,car,OUT_OF_BOUNDS,62,52,0.422,1476.2,391.55,4.69,0.01,Yellow,1513.4
127,3,car,VISIBLE,78,0,0.3568,967.23,380.73,-6.8,0.62,Grey,985.05
127,4,car,LOST,16,106,0.0,279.39,391.24,0.05,-0.01,Grey,708.15
127,5,can,OCCLUDED,40,6,0.933,1094.48,378.44,-1.09,0.1,Orange,384.89
127,7,bicycle,VISIBLE,70,0,0.928,612.99,492.82,1.12,-0.72,Green,78681.34
127,17,can,OCCLUDED,3,25,0.722,102.57,350.6,1.85,0.04,Black,6595.71
127,21,car,OCCLUDED,3,8,0.911,962.87,369.23,-0.5,0.05,Brown,371.92
127,23,car,OCCLUDED,5,3,0.967,929.18,373.34,-1.99,0.27,Brown,379.28
127,24,can,VISIBLE,6,0,0.4555,1046.22,385.19,-11.12,1.6,Green,401.47
128,1,person,VISIBLE,119,0,0.9395,618.91,356.43,-0.95,2.87,Black,93146.74
128,2,car,OUT_OF_BOUNDS,62,53,0.411,1480.89,391.56,4.69,0.01,Yellow,1513.4
128,3,car,VISIBLE,79,0,0.344,960.69,381.22,-6.62,0.52,Grey,965.57
128,4,car,LOST,16,107,0.0,279.44,391.24,0.05,-0.01,Grey,708.15
128,5,can,OCCLUDED,40,7,0.922,1093.39,378.54,-1.09,0.1,Orange,384.89
128,7,bicycle,VISIBLE,71,0,0.928,614.12,492.11,1.12,-0.72,Green,75792.52
128,17,can,OCCLUDED,3,26,0.711,104.42,350.64,1.85,0.04,Black,6595.71
128,21,car,OCCLUDED,3,9,0.9,962.37,369.28,-0.5,0.05,Brown,371.92
128,23,car,OCCLUDED,5,4,0.956,927.19,373.6,-1.99,0.27,Brown,379.28
128,24,can,VISIBLE,7,0,0.5757,1041.27,385.74,-6.8,0.86,Green,401.39
129,1,person,VISIBLE,120,0,0.9392,617.02,357.33,-1.6,1.49,Black,90176.37
129,2,car,OUT_OF_BOUNDS,62,54,0.4,1485.58,391.57,4.69,0.01,Yellow,1513.4
129,3,car,VISIBLE,80,0,0.344,953.8,381.93,-6.81,0.65,Grey,970.08
129,4,car,LOST,16,108,0.0,279.49,391.23,0.05,-0.01,Grey,708.15
129,5,can,OCCLUDED,40,8,0.911,1092.29,378.65,-1.09,0.1,Orange,384.89
129,7,bicycle,OCCLUDED,71,1,0.989,615.24,491.38,1.12,-0.72,Green,75792.52
129,17,can,OCCLUDED,3,27,0.7,106.27,350.68,1.85,0.04,Black,6595.71
129,21,car,OCCLUDED,3,10,0.889,961.86,369.34,-0.5,0.05,Brown,371.92
129,23,car,VISIBLE,6,0,0.4295,883.77,379.0,-7.79,0.98,Grey,346.71
129,24,can,VISIBLE,8,0,0.4772,1034.93,386.22,-6.48,0.6,Green,390.65
130,1,person,VISIBLE,121,0,0.9373,615.57,358.58,-1.5,1.32,Black,86980.8
130,2,car,OUT_OF_BOUNDS,62,55,0.389,1490.27,391.58,4.69,0.01,Yellow,1513.4
130,3,car,VISIBLE,81,0,0.3056,947.96,382.87,-6.13,0.86,Grey,967.02
130,4,car,LOST,16,109,0.0,279.54,391.22,0.05,-0.01,Grey,708.15
130,5,can,OCCLUDED,40,9,0.9,1091.2,378.75,-1.09,0.1,Orange,384.89
130,7,bicycle,OCCLUDED,71,2,0.978,616.36,490.66,1.12,-0.72,Green,75792.52
130,17,can,OCCLUDED,3,28,0.689,108.12,350.72,1.85,0.04,Black,6595.71
130,21,car,OCCLUDED,3,11,0.878,961.36,369.39,-0.5,0.05,Brown,371.92
130,23,car,VISIBLE,7,0,0.4059,879.19,379.25,-5.54,0.47,Grey,354.69
130,24,can,VISIBLE,9,0,0.4772,1031.61,386.51,-4.27,0.39,Green,385.56
131,1,person,VISIBLE,122,0,0.9321,615.1,359.02,-0.78,0.7,Black,83774.61
131,2,car,OUT_OF_BOUNDS,62,56,0.378,1494.96,391.59,4.69,0.01,Yellow,1513.4
131,3,car,VISIBLE,82,0,0.3236,942.24,383.72,-5.84,0.85,Grey,930.28
131,4,car,LOST,16,110,0.0,279.58,391.21,0.05,-0.01,Grey,708.15
131,5,can,OCCLUDED,40,10,0.889,1090.11,378.85,-1.09,0.1,Orange,384.89
131,7,bicycle,OCCLUDED,71,3,0.967,617.49,489.94,1.12,-0.72,Green,75792.52
131,17,can,OCCLUDED,3,29,0.678,109.97,350.76,1.85,0.04,Black,6595.71
131,21,car,OCCLUDED,3,12,0.867,960.86,369.45,-0.5,0.05,Brown,371.92
131,23,car,VISIBLE,8,0,0.3956,873.53,379.89,-5.63,0.59,Grey,369.16
131,24,can,VISIBLE,10,0,0.5158,1024.01,387.63,-6.6,0.9,Green,408.63
132,1,person,VISIBLE,123,0,0.9339,614.43,362.07,-0.7,2.35,Black,82020.06
132,2,car,OUT_OF_BOUNDS,62,57,0.367,1499.65,391.6,4.69,0.01,Yellow,1513.4
132,3,car,VISIBLE,83,0,0.3299,936.29,384.65,-5.92,0.91,Grey,924.98
132,4,car,LOST,16,111,0.0,279.63,391.2,0.05,-0.01,Grey,708.15
132,5,can,OCCLUDED,40,11,0.878,1089.02,378.95,-1.09,0.1,Orange,384.89
132,7,bicycle,OCCLUDED,71,4,0.956,618.61,489.22,1.12,-0.72,Green,75792.52
132,17,can,OCCLUDED,3,30,0.667,111.82,350.8,1.85,0.04,Black,6595.71
132,21,car,OCCLUDED,3,13,0.856,960.36,369.5,-0.5,0.05,Brown,371.92
132,23,car,VISIBLE,9,0,0.374,867.18,380.94,-6.13,0.91,Grey,369.1
132,24,can,VISIBLE,11,0,0.3308,1016.53,388.69,-7.22,1.01,Green,424.49
133,1,person,VISIBLE,124,0,0.9398,612.84,360.26,-1.33,-0.57,Black,78106.46
133,2,car,OUT_OF_BOUNDS,62,58,0.356,1504.34,391.61,4.69,0.01,Yellow,1513.4
133,3,car,VISIBLE,84,0,0.3396,930.58,385.92,-5.77,1.16,Grey,920.36
133,4,car,LOST,16,112,0.0,279.68,391.19,0.05,-0.01,Grey,708.15
133,5,can,OCCLUDED,40,12,0.867,1087.93,379.05,-1.09,0.1,Orange,384.89
133,7,bicycle,OCCLUDED,71,5,0.944,619.74,488.5,1.12,-0.72,Green,75792.52
133,17,can,OCCLUDED,3,31,0.656,113.67,350.84,1.85,0.04,Black,6595.71
133,21,car,OCCLUDED,3,14,0.844,959.86,369.56,-0.5,0.05,Brown,371.92
133,23,car,VISIBLE,10,0,0.361,860.28,381.94,-6.67,0.98,Grey,362.36
133,24,can,VISIBLE,12,0,0.3308,1010.92,389.41,-6.09,0.81,Green,432.42
134,1,person,VISIBLE,125,0,0.9419,611.71,356.88,-1.19,-2.53,Black,74475.27
134,2,car,OUT_OF_BOUNDS,62,59,0.344,1509.03,391.62,4.69,0.01,Yellow,1513.4
134,3,car,VISIBLE,85,0,0.3259,925.01,386.95,-5.63,1.07,Grey,898.07
134,4,car,LOST,16,113,0.0,279.73,391.18,0.05,-0.01,Grey,708.15
134,5,can,OCCLUDED,40,13,0.856,1086.84,379.15,-1.09,0.1,Orange,384.89
134,7,bicycle,OCCLUDED,71,6,0.933,620.86,487.78,1.12,-0.72,Green,75792.52
134,17,can,OCCLUDED,3,32,0.644,115.52,350.88,1.85,0.04,Black,6595.71
134,21,car,OCCLUDED,3,15,0.833,959.36,369.61,-0.5,0.05,Brown,371.92
134,23,car,VISIBLE,11,0,0.4279,853.52,383.07,-6.73,1.08,Grey,358.15
134,24,can,VISIBLE,13,0,0.4653,1004.04,390.67,-6.65,1.13,Green,461.9
135,1,person,VISIBLE,126,0,0.9352,611.0,353.48,-0.85,-3.15,Black,71518.0
135,2,car,OUT_OF_BOUNDS,62,60,0.333,1513.72,391.62,4.69,0.01,Yellow,1513.4
135,3,car,VISIBLE,86,0,0.2886,919.44,388.07,-5.59,1.1,Grey,913.22
135,4,car,LOST,16,114,0.0,279.77,391.17,0.05,-0.01,Grey,708.15
135,5,can,OCCLUDED,40,14,0.844,1085.75,379.25,-1.09,0.1,Orange,384.89
135,7,bicycle,OCCLUDED,71,7,0.922,621.99,487.06,1.12,-0.72,Green,75792.52
135,17,can,OCCLUDED,3,33,0.633,117.37,350.92,1.85,0.04,Black,6595.71
135,21,car,VISIBLE,4,0,0.3231,810.04,385.56,-7.01,0.75,Grey,497.84
135,23,car,VISIBLE,12,0,0.467,847.51,384.3,-6.23,1.18,Grey,362.12
135,24,can,VISIBLE,14,0,0.5867,997.83,391.99,-6.34,1.26,Green,449.19
136,1,person,VISIBLE,127,0,0.9339,610.48,350.84,-0.62,-2.79,Black,68816.25
136,2,car,OUT_OF_BOUNDS,62,61,0.322,1518.41,391.63,4.69,0.01,Yellow,1513.4
136,3,car,VISIBLE,87,0,0.3551,913.85,389.02,-5.59,1.0,Grey,924.06
136,4,car,LOST,16,115,0.0,279.82,391.16,0.05,-0.01,Grey,708.15
136,5,can,OCCLUDED,40,15,0.833,1084.65,379.35,-1.09,0.1,Orange,384.89
136,7,bicycle,OCCLUDED,71,8,0.911,623.11,486.34,1.12,-0.72,Green,75792.52
136,17,can,OCCLUDED,3,34,0.622,119.22,350.96,1.85,0.04,Black,6595.71
136,21,car,VISIBLE,5,0,0.3089,804.5,386.29,-5.99,0.74,Grey,481.6
136,23,car,VISIBLE,13,0,0.4448,841.59,385.41,-6.02,1.14,Grey,349.65
136,24,can,VISIBLE,15,0,0.5867,991.78,392.99,-6.13,1.08,Green,456.15
137,1,person,VISIBLE,128,0,0.9351,610.24,351.36,-0.36,-0.47,Black,67668.79
137,2,car,OUT_OF_BOUNDS,62,62,0.311,1523.1,391.64,4.69,0.01,Yellow,1513.4
137,3,car,VISIBLE,88,0,0.3462,908.67,390.21,-5.3,1.13,Grey,944.97
137,4,car,LOST,16,116,0.0,279.87,391.15,0.05,-0.01,Grey,708.15
137,5,can,OCCLUDED,40,16,0.822,1083.56,379.46,-1.09,0.1,Orange,384.89
137,7,bicycle,OCCLUDED,71,9,0.9,624.24,485.62,1.12,-0.72,Green,75792.52
137,17,can,OCCLUDED,3,35,0.611,121.07,351.0,1.85,0.04,Black,6595.71
137,21,car,VISIBLE,6,0,0.3089,801.23,386.73,-4.08,0.53,Grey,474.87
137,23,car,VISIBLE,14,0,0.4663,835.75,386.41,-5.89,1.04,Grey,353.29
137,24,can,VISIBLE,16,0,0.6259,986.54,394.38,-5.5,1.3,Green,452.5
138,1,person,VISIBLE,129,0,0.9368,609.68,354.81,-0.5,2.28,Black,67621.03
138,2,car,OUT_OF_BOUNDS,62,63,0.3,1527.78,391.65,4.69,0.01,Yellow,1513.4
138,3,car,VISIBLE,89,0,0.3085,903.08,391.1,-5.5,0.96,Grey,979.03
138,4,car,LOST,16,117,0.0,279.92,391.14,0.05,-0.01,Grey,708.15
138,5,can,OCCLUDED,40,17,0.811,1082.47,379.56,-1.09,0.1,Orange,384.89
138,7,bicycle,OCCLUDED,71,10,0.889,625.36,484.9,1.12,-0.72,Green,75792.52
138,17,can,OCCLUDED,3,36,0.6,122.92,351.04,1.85,0.04,Black,6595.71
138,21,car,VISIBLE,7,0,0.3089,797.96,387.17,-3.51,0.47,Grey,468.19
138,23,car,VISIBLE,15,0,0.426,830.39,387.6,-5.52,1.14,Grey,350.54
138,24,can,VISIBLE,17,0,0.6261,981.41,395.38,-5.24,1.09,Green,429.59
139,1,person,VISIBLE,130,0,0.9273,609.0,359.32,-0.62,3.84,Black,68184.9
139,2,car,OUT_OF_BOUNDS,62,64,0.289,1532.47,391.66,4.69,0.01,Yellow,1513.4
139,3,car,VISIBLE,90,0,0.3547,897.84,391.94,-5.32,0.88,Grey,1006.35
139,4,car,LOST,16,118,0.0,279.97,391.13,0.05,-0.01,Grey,708.15
139,5,can,OCCLUDED,40,18,0.8,1081.38,379.66,-1.09,0.1,Orange,384.89
139,7,bicycle,OCCLUDED,71,11,0.878,626.49,484.18,1.12,-0.72,Green,75792.52
139,17,can,OCCLUDED,3,37,0.589,124.77,351.08,1.85,0.04,Black,6595.71
139,21,car,VISIBLE,8,0,0.3089,794.7,387.61,-3.34,0.45,Grey,461.55
139,23,car,VISIBLE,16,0,0.3984,824.92,388.6,-5.48,1.04,Grey,347.7
139,24,can,VISIBLE,18,0,0.4804,976.58,396.24,-4.96,0.93,Green,428.7
140,1,person,VISIBLE,131,0,0.9243,608.0,364.07,-0.89,4.48,Black,69035.12
140,2,car,OUT_OF_BOUNDS,62,65,0.278,1537.16,391.67,4.69,0.01,Yellow,1513.4
140,3,car,VISIBLE,91,0,0.4362,893.08,392.78,-4.93,0.85,Grey,984.44
140,4,car,LOST,16,119,0.0,280.01,391.12,0.05,-0.01,Grey,708.15
140,5,can,OCCLUDED,40,19,0.789,1080.29,379.76,-1.09,0.1,Orange,384.89
140,7,bicycle,OCCLUDED,71,12,0.867,627.61,483.46,1.12,-0.72,Green,75792.52
140,17,can,OCCLUDED,3,38,0.578,126.62,351.12,1.85,0.04,Black,6595.71
140,21,car,OCCLUDED,8,1,0.989,791.36,388.06,-3.34,0.45,Grey,461.55
140,23,car,VISIBLE,17,0,0.3907,819.85,389.46,-5.2,0.91,Grey,356.16
140,24,can,VISIBLE,19,0,0.6772,971.9,397.19,-4.76,0.95,Green,418.23
141,1,person,VISIBLE,132,0,0.9209,607.41,367.73,-0.68,3.9,Black,69211.54
141,2,car,OUT_OF_BOUNDS,62,66,0.267,1541.85,391.68,4.69,0.01,Yellow,1513.4
141,3,car,VISIBLE,92,0,0.337,888.19,393.48,-4.9,0.74,Grey,968.88
141,4,car,LOST,16,120,0.0,280.06,391.11,0.05,-0.01,Grey,708.15
141,5,can,OCCLUDED,40,20,0.778,1079.2,379.86,-1.09,0.1,Orange,384.89
141,7,bicycle,OCCLUDED,71,13,0.856,628.74,482.73,1.12,-0.72,Green,75792.52
141,17,can,OCCLUDED,3,39,0.567,128.47,351.16,1.85,0.04,Black,6595.71
141,21,car,OCCLUDED,8,2,0.978,788.02,388.51,-3.34,0.45,Grey,461.55
141,23,car,VISIBLE,18,0,0.3253,814.91,390.1,-5.01,0.72,Grey,360.36
141,24,can,VISIBLE,20,0,0.6423,967.23,398.09,-4.69,0.91,Green,406.82
142,1,person,VISIBLE,133,0,0.9182,606.31,369.54,-0.98,2.44,Black,69028.41
142,2,car,OUT_OF_BOUNDS,62,67,0.256,1546.54,391.69,4.69,0.01,Yellow,1513.4
142,3,car,VISIBLE,93,0,0.4017,883.14,394.3,-5.0,0.8,Grey,969.57
142,4,car,LOST,16,121,0.0,280.11,391.1,0.05,-0.01,Grey,708.15
142,5,can,OCCLUDED,40,21,0.767,1078.11,379.96,-1.09,0.1,Orange,384.89
142,7,bicycle,OCCLUDED,71,14,0.844,629.86,482.01,1.12,-0.72,Green,75792.52
142,17,can,OCCLUDED,3,40,0.556,130.32,351.2,1.85,0.04,Black,6595.71
142,21,car,OCCLUDED,8,3,0.967,784.68,388.95,-3.34,0.45,Grey,461.55
142,23,car,VISIBLE,19,0,0.2829,809.69,390.8,-5.16,0.71,Grey,370.86
142,24,can,VISIBLE,21,0,0.649,962.79,398.9,-4.52,0.84,Green,412.3
143,1,person,VISIBLE,134,0,0.9228,605.53,368.39,-0.83,-0.08,Black,68192.45
143,2,car,OUT_OF_BOUNDS,62,68,0.244,1551.23,391.7,4.69,0.01,Yellow,1513.4
143,3,car,VISIBLE,94,0,0.3803,878.22,395.25,-4.95,0.91,Grey,951.66
143,4,car,LOST,16,122,0.0,280.16,391.09,0.05,-0.01,Grey,708.15
143,5,can,OCCLUDED,40,22,0.756,1077.02,380.06,-1.09,0.1,Orange,384.89
143,7,bicycle,OCCLUDED,71,15,0.833,630.98,481.29,1.12,-0.72,Green,75792.52
143,17,can,OCCLUDED,3,41,0.544,132.17,351.24,1.85,0.04,Black,6595.71
143,21,car,VISIBLE,9,0,0.3534,766.21,393.61,-5.99,1.18,Grey,518.95
143,23,car,VISIBLE,20,0,0.2829,804.4,391.64,-5.25,0.8,Grey,374.93
143,24,can,VISIBLE,22,0,0.6692,957.9,399.69,-4.78,0.81,Green,429.64
144,1,person,VISIBLE,135,0,0.9181,604.21,370.37,-1.18,1.36,Black,67890.73
144,2,car,OUT_OF_BOUNDS,62,69,0.233,1555.92,391.71,4.69,0.01,Yellow,1513.4
144,3,car,VISIBLE,95,0,0.3214,872.92,396.01,-5.19,0.81,Grey,962.89
144,4,car,LOST,16,123,0.0,280.21,391.09,0.05,-0.01,Grey,708.15
144,5,can,OCCLUDED,40,23,0.744,1075.92,380.17,-1.09,0.1,Orange,384.89
144,7,bicycle,OCCLUDED,71,16,0.822,632.11,480.57,1.12,-0.72,Green,75792.52
144,17,can,OCCLUDED,3,42,0.533,134.02,351.28,1.85,0.04,Black,6595.71
144,21,car,VISIBLE,10,0,0.3647,762.26,394.26,-4.56,0.81,Grey,510.99
144,23,car,VISIBLE,21,0,0.2829,799.11,392.48,-5.28,0.83,Grey,379.0
144,24,can,VISIBLE,23,0,0.6965,953.41,401.06,-4.57,1.2,Green,418.18
145,1,person,VISIBLE,136,0,0.9214,602.66,369.47,-1.44,-0.22,Black,65782.36
145,2,car,OUT_OF_BOUNDS,62,70,0.222,1560.61,391.72,4.69,0.01,Yellow,1513.4
145,3,car,VISIBLE,96,0,0.4083,867.63,397.25,-5.26,1.11,Grey,992.62
145,4,car,LOST,16,124,0.0,280.25,391.08,0.05,-0.01,Grey,708.15
145,5,can,OCCLUDED,40,24,0.733,1074.83,380.27,-1.09,0.1,Orange,384.89
145,7,bicycle,OCCLUDED,71,17,0.811,633.23,479.85,1.12,-0.72,Green,75792.52
145,17,can,OCCLUDED,3,43,0.522,135.87,351.32,1.85,0.04,Black,6595.71
145,21,car,VISIBLE,11,0,0.3489,756.75,395.02,-5.23,0.78,Grey,498.09
145,23,car,VISIBLE,22,0,0.4514,793.73,393.78,-5.35,1.16,Grey,364.11
145,24,can,VISIBLE,24,0,0.6229,948.64,402.22,-4.71,1.17,Green,412.65
146,1,person,VISIBLE,137,0,0.9259,601.58,368.07,-1.19,-1.05,Black,63836.26
146,2,car,OUT_OF_BOUNDS,62,71,0.211,1565.3,391.73,4.69,0.01,Yellow,1513.4
146,3,car,VISIBLE,97,0,0.3637,862.61,398.26,-5.09,1.04,Grey,981.87
146,4,car,LOST,16,125,0.0,280.3,391.07,0.05,-0.01,Grey,708.15
146,5,can,OCCLUDED,40,25,0.722,1073.74,380.37,-1.09,0.1,Orange,384.89
146,7,bicycle,OCCLUDED,71,18,0.8,634.36,479.13,1.12,-0.72,Green,75792.52
146,17,can,OCCLUDED,3,44,0.511,137.72,351.36,1.85,0.04,Black,6595.71
146,21,car,VISIBLE,12,0,0.3425,751.12,396.03,-5.51,0.94,Grey,509.06
146,23,car,VISIBLE,23,0,0.5053,788.4,394.81,-5.33,1.07,Grey,366.34
146,24,can,VISIBLE,25,0,0.5923,943.38,403.37,-5.09,1.15,Green,424.66
147,1,person,VISIBLE,138,0,0.9303,600.94,366.58,-0.8,-1.35,Black,62377.08
147,2,car,OUT_OF_BOUNDS,62,72,0.2,1569.99,391.74,4.69,0.01,Yellow,1513.4
147,3,car,VISIBLE,98,0,0.3535,857.29,399.27,-5.25,1.02,Grey,981.3
147,4,car,LOST,16,126,0.0,280.35,391.06,0.05,-0.01,Grey,708.15
147,5,can,OCCLUDED,40,26,0.711,1072.65,380.47,-1.09,0.1,Orange,384.89
147,7,bicycle,OCCLUDED,71,19,0.789,635.48,478.41,1.12,-0.72,Green,75792.52
147,17,can,OCCLUDED,3,45,0.5,139.57,351.4,1.85,0.04,Black,6595.71
147,21,car,VISIBLE,13,0,0.3527,744.97,397.36,-5.96,1.21,Grey,511.58
147,23,car,VISIBLE,24,0,0.4954,783.27,395.55,-5.19,0.83,Grey,372.32
147,24,can,VISIBLE,26,0,0.803,938.5,404.45,-4.95,1.1,Green,441.22
148,1,person,VISIBLE,139,0,0.9279,600.37,365.09,-0.64,-1.46,Black,61007.63
148,2,car,OUT_OF_BOUNDS,62,73,0.189,1574.68,391.74,4.69,0.01,Yellow,1513.4
148,3,car,VISIBLE,99,0,0.399,852.11,400.22,-5.21,0.97,Grey,962.24
148,4,car,LOST,16,127,0.0,280.4,391.05,0.05,-0.01,Grey,708.15
148,5,can,OCCLUDED,40,27,0.7,1071.56,380.57,-1.09,0.1,Orange,384.89
148,7,bicycle,OCCLUDED,71,20,0.778,636.61,477.69,1.12,-0.72,Green,75792.52
148,17,can,OCCLUDED,3,46,0.489,141.42,351.44,1.85,0.04,Black,6595.71
148,21,car,VISIBLE,14,0,0.3372,738.64,398.21,-6.21,0.96,Grey,512.45
148,23,car,VISIBLE,25,0,0.4476,777.62,396.38,-5.51,0.83,Grey,363.88
148,24,can,VISIBLE,27,0,0.6313,933.62,405.26,-4.9,0.9,Green,443.22
149,1,person,VISIBLE,140,0,0.9301,599.76,365.19,-0.62,-0.36,Black,60463.7
149,2,car,OUT_OF_BOUNDS,62,74,0.178,1579.37,391.75,4.69,0.01,Yellow,1513.4
149,3,car,VISIBLE,100,0,0.3761,846.83,401.01,-5.26,0.85,Grey,933.02
149,4,car,LOST,16,128,0.0,280.44,391.04,0.05,-0.01,Grey,708.15
149,5,can,OCCLUDED,40,28,0.689,1070.47,380.67,-1.09,0.1,Orange,384.89
149,7,bicycle,OCCLUDED,71,21,0.767,637.73,476.97,1.12,-0.72,Green,75792.52
149,17,can,OCCLUDED,3,47,0.478,143.27,351.48,1.85,0.04,Black,6595.71
149,21,car,VISIBLE,15,0,0.3372,733.62,399.04,-5.38,0.88,Grey,513.04
149,23,car,VISIBLE,26,0,0.4912,772.31,397.23,-5.37,0.84,Grey,360.41
149,24,can,VISIBLE,28,0,0.5069,928.12,406.02,-5.32,0.81,Green,480.0
150,1,person,VISIBLE,141,0,0.9329,599.05,367.82,-0.69,1.73,Black,60232.46
150,2,car,OUT_OF_BOUNDS,62,75,0.167,1584.06,391.76,4.69,0.01,Yellow,1513.4
150,3,car,VISIBLE,101,0,0.4366,841.43,402.11,-5.35,1.02,Grey,945.47
150,4,car,LOST,16,129,0.0,280.49,391.03,0.05,-0.01,Grey,708.15
150,5,can,OCCLUDED,40,29,0.678,1069.38,380.77,-1.09,0.1,Orange,384.89
150,7,bicycle,OCCLUDED,71,22,0.756,638.86,476.25,1.12,-0.72,Green,75792.52
150,17,can,OCCLUDED,3,48,0.467,145.12,351.52,1.85,0.04,Black,6595.71
150,21,car,VISIBLE,16,0,0.2992,727.57,400.17,-5.85,1.05,Grey,524.98
150,23,car,VISIBLE,27,0,0.5051,766.88,398.27,-5.41,0.99,Grey,353.83
150,24,can,VISIBLE,29,0,0.7295,923.27,406.87,-5.0,0.83,Green,496.54
151,1,person,VISIBLE,142,0,0.9305,598.28,373.65,-0.74,4.6,Black,61299.5
151,2,car,OUT_OF_BOUNDS,62,76,0.156,1588.75,391.77,4.69,0.01,Yellow,1513.4
151,3,car,VISIBLE,102,0,0.3706,836.46,403.12,-5.09,1.02,Grey,947.46
151,4,car,LOST,16,130,0.0,280.54,391.02,0.05,-0.01,Grey,708.15
151,5,can,OCCLUDED,40,30,0.667,1068.28,380.87,-1.09,0.1,Orange,384.89
151,7,bicycle,OCCLUDED,71,23,0.744,639.98,475.53,1.12,-0.72,Green,75792.52
151,17,can,OCCLUDED,3,49,0.456,146.97,351.56,1.85,0.04,Black,6595.71
151,21,car,VISIBLE,17,0,0.3183,721.79,401.3,-5.8,1.1,Grey,523.99
151,23,car,VISIBLE,28,0,0.504,761.47,399.22,-5.4,0.95,Grey,347.64
151,24,can,VISIBLE,30,0,0.5947,918.29,407.81,-4.98,0.9,Green,497.92
152,1,person,VISIBLE,143,0,0.9246,597.72,379.52,-0.62,5.49,Black,62117.96
152,2,car,OUT_OF_BOUNDS,62,77,0.144,1593.44,391.78,4.69,0.01,Yellow,1513.4
152,3,car,VISIBLE,103,0,0.3119,831.51,404.22,-4.99,1.07,Grey,943.1
152,4,car,LOST,16,131,0.0,280.59,391.01,0.05,-0.01,Grey,708.15
152,5,can,OCCLUDED,40,31,0.656,1067.19,380.98,-1.09,0.1,Orange,384.89
152,7,bicycle,OCCLUDED,71,24,0.733,641.11,474.81,1.12,-0.72,Green,75792.52
152,17,can,OCCLUDED,3,50,0.444,148.82,351.6,1.85,0.04,Black,6595.71
152,21,car,VISIBLE,18,0,0.3183,716.36,402.26,-5.54,1.01,Grey,526.45
152,23,car,VISIBLE,29,0,0.5524,756.25,400.4,-5.28,1.12,Grey,343.57
152,24,can,VISIBLE,31,0,0.5731,914.12,408.87,-4.41,1.01,Green,480.07
153,1,person,VISIBLE,144,0,0.9289,597.92,384.9,-0.04,5.41,Black,62866.12
153,2,car,OUT_OF_BOUNDS,62,78,0.133,1598.13,391.79,4.69,0.01,Yellow,1513.4
153,3,car,VISIBLE,104,0,0.3299,826.66,405.25,-4.89,1.04,Grey,948.52
153,4,car,LOST,16,132,0.0,280.64,391.0,0.05,-0.01,Grey,708.15
153,5,can,OCCLUDED,40,32,0.644,1066.1,381.08,-1.09,0.1,Orange,384.89
153,7,bicycle,OCCLUDED,71,25,0.722,642.23,474.09,1.12,-0.72,Green,75792.52
153,17,can,OCCLUDED,3,51,0.433,150.67,351.64,1.85,0.04,Black,6595.71
153,21,car,VISIBLE,19,0,0.3217,710.91,403.29,-5.47,1.02,Grey,519.63
153,23,car,VISIBLE,30,0,0.5262,751.34,401.31,-5.02,0.97,Grey,344.97
153,24,can,VISIBLE,32,0,0.7366,909.24,410.12,-4.74,1.18,Green,491.75
154,1,person,VISIBLE,145,0,0.9335,598.24,388.2,0.21,3.93,Black,63018.29
154,2,car,OUT_OF_BOUNDS,62,79,0.122,1602.81,391.8,4.69,0.01,Yellow,1513.4
154,3,car,VISIBLE,105,0,0.3329,821.97,406.17,-4.75,0.96,Grey,956.93
154,4,car,LOST,16,133,0.0,280.68,390.99,0.05,-0.01,Grey,708.15
154,5,can,OCCLUDED,40,33,0.633,1065.01,381.18,-1.09,0.1,Orange,384.89
154,7,bicycle,OCCLUDED,71,26,0.711,643.36,473.36,1.12,-0.72,Green,75792.52
154,17,can,OCCLUDED,3,52,0.422,152.52,351.68,1.85,0.04,Black,6595.71
154,21,car,VISIBLE,20,0,0.306,705.83,404.21,-5.2,0.95,Grey,514.9
154,23,car,VISIBLE,31,0,0.5487,746.27,402.37,-5.06,1.04,Grey,338.9
154,24,can,VISIBLE,33,0,0.7131,904.91,411.25,-4.45,1.15,Green,503.8
155,1,person,VISIBLE,146,0,0.9366,598.39,389.97,0.17,2.42,Black,62745.6
155,2,car,OUT_OF_BOUNDS,62,80,0.111,1607.5,391.81,4.69,0.01,Yellow,1513.4
155,3,car,VISIBLE,106,0,0.3683,817.32,407.05,-4.68,0.9,Grey,970.98
155,4,car,LOST,16,134,0.0,280.73,390.98,0.05,-0.01,Grey,708.15
155,5,can,OCCLUDED,40,34,0.622,1063.92,381.28,-1.09,0.1,Orange,384.89
155,7,bicycle,OCCLUDED,71,27,0.7,644.48,472.64,1.12,-0.72,Green,75792.52
155,17,can,OCCLUDED,3,53,0.411,154.37,351.72,1.85,0.04,Black,6595.71
155,21,car,VISIBLE,21,0,0.362,701.04,405.48,-4.91,1.17,Grey,524.0
155,23,car,VISIBLE,32,0,0.4907,741.67,403.45,-4.74,1.07,Grey,341.46
155,24,can,VISIBLE,34,0,0.7032,900.87,412.35,-4.16,1.11,Green,523.22
156,1,person,VISIBLE,147,0,0.9367,598.72,390.95,0.28,1.41,Black,62251.5
156,2,car,OUT_OF_BOUNDS,62,81,0.1,1612.19,391.82,4.69,0.01,Yellow,1513.4
156,3,car,VISIBLE,107,0,0.4153,813.05,407.99,-4.39,0.93,Grey,976.82
156,4,car,LOST,16,135,0.0,280.78,390.97,0.05,-0.01,Grey,708.15
156,5,can,OCCLUDED,40,35,0.611,1062.83,381.38,-1.09,0.1,Orange,384.89
156,7,bicycle,OCCLUDED,71,28,0.689,645.6,471.92,1.12,-0.72,Green,75792.52
156,17,can,OCCLUDED,3,54,0.4,156.22,351.76,1.85,0.04,Black,6595.71
156,21,car,VISIBLE,22,0,0.4408,696.09,406.51,-4.94,1.08,Grey,538.05
156,23,car,VISIBLE,33,0,0.4829,736.95,404.51,-4.73,1.07,Grey,345.34
156,24,can,VISIBLE,35,0,0.6446,896.34,413.01,-4.42,0.8,Green,567.46
157,1,person,VISIBLE,148,0,0.9362,598.26,391.61,-0.24,0.89,Black,61759.67
157,2,car,OUT_OF_BOUNDS,62,82,0.089,1616.88,391.83,4.69,0.01,Yellow,1513.4
157,3,car,VISIBLE,108,0,0.3739,808.89,408.88,-4.23,0.91,Grey,1004.32
157,4,car,LOST,16,136,0.0,280.83,390.96,0.05,-0.01,Grey,708.15
157,5,can,OCCLUDED,40,36,0.6,1061.74,381.48,-1.09,0.1,Orange,384.89
157,7,bicycle,OCCLUDED,71,29,0.678,646.73,471.2,1.12,-0.72,Green,75792.52
157,17,can,OCCLUDED,3,55,0.389,158.07,351.8,1.85,0.04,Black,6595.71
157,21,car,VISIBLE,23,0,0.3386,691.79,407.56,-4.49,1.05,Grey,534.02
157,23,car,VISIBLE,34,0,0.417,732.49,405.31,-4.54,0.87,Grey,349.02
157,24,can,VISIBLE,36,0,0.7709,892.41,413.89,-4.07,0.86,Green,581.39
158,1,person,VISIBLE,149,0,0.938,597.79,391.52,-0.4,0.21,Black,61123.31
158,2,car,OUT_OF_BOUNDS,62,83,0.078,1621.57,391.84,4.69,0.01,Yellow,1513.4
158,3,car,VISIBLE,109,0,0.3437,804.8,409.77,-4.13,0.89,Grey,1010.42
158,4,car,LOST,16,137,0.0,280.88,390.95,0.05,-0.01,Grey,708.15
158,5,can,OCCLUDED,40,37,0.589,1060.65,381.58,-1.09,0.1,Orange,384.89
158,7,bicycle,OCCLUDED,71,30,0.667,647.85,470.48,1.12,-0.72,Green,75792.52
158,17,can,OCCLUDED,3,56,0.378,159.92,351.84,1.85,0.04,Black,6595.71
158,21,car,VISIBLE,24,0,0.4605,687.5,408.51,-4.35,0.98,Grey,562.49
158,23,car,VISIBLE,35,0,0.3687,728.18,406.16,-4.38,0.86,Grey,353.55
158,24,can,VISIBLE,37,0,0.7442,888.78,414.8,-3.76,0.89,Green,583.21
159,1,person,VISIBLE,150,0,0.9368,597.59,388.91,-0.26,-1.77,Black,59298.93
159,2,car,OUT_OF_BOUNDS,62,84,0.067,1626.26,391.85,4.69,0.01,Yellow,1513.4
159,3,car,VISIBLE,110,0,0.3746,800.86,410.71,-4.0,0.92,Grey,1011.15
159,4,car,LOST,16,138,0.0,280.92,390.95,0.05,-0.01,Grey,708.15
159,5,can,OCCLUDED,40,38,0.578,1059.55,381.68,-1.09,0.1,Orange,384.89
159,7,bicycle,OCCLUDED,71,31,0.656,648.98,469.76,1.12,-0.72,Green,75792.52
159,17,can,OCCLUDED,3,57,0.367,161.77,351.88,1.85,0.04,Black,6595.71
159,21,car,VISIBLE,25,0,0.4652,683.42,409.31,-4.16,0.86,Grey,573.96
159,23,car,VISIBLE,36,0,0.3331,724.15,407.36,-4.13,1.09,Grey,361.47
159,24,can,VISIBLE,38,0,0.7352,885.36,415.58,-3.53,0.81,Green,577.9
160,1,person,VISIBLE,151,0,0.9372,597.53,384.31,-0.11,-3.75,Black,56946.8
160,2,car,OUT_OF_BOUNDS,62,85,0.056,1630.95,391.86,4.69,0.01,Yellow,1513.4
160,3,car,VISIBLE,111,0,0.3262,797.06,411.35,-3.86,0.72,Grey,1022.71
160,4,car,LOST,16,139,0.0,280.97,390.94,0.05,-0.01,Grey,708.15
160,5,can,OCCLUDED,40,39,0.567,1058.46,381.79,-1.09,0.1,Orange,384.89
160,7,bicycle,OCCLUDED,71,32,0.644,650.1,469.04,1.12,-0.72,Green,75792.52
160,17,can,OCCLUDED,3,58,0.356,163.62,351.92,1.85,0.04,Black,6595.71
160,21,car,VISIBLE,26,0,0.499,679.48,410.21,-4.01,0.89,Grey,577.77
160,23,car,VISIBLE,37,0,0.3871,720.24,408.15,-3.98,0.89,Grey,361.08
160,24,can,VISIBLE,39,0,0.688,882.21,416.24,-3.26,0.71,Green,576.36
161,1,person,VISIBLE,152,0,0.9359,597.59,379.74,0.0,-4.33,Black,54795.99
161,2,car,OUT_OF_BOUNDS,62,86,0.044,1635.64,391.86,4.69,0.01,Yellow,1513.4
161,3,car,VISIBLE,112,0,0.3262,792.88,412.2,-4.08,0.81,Grey,1031.27
161,4,car,LOST,16,140,0.0,281.02,390.93,0.05,-0.01,Grey,708.15
161,5,can,OCCLUDED,40,40,0.556,1057.37,381.89,-1.09,0.1,Orange,384.89
161,7,bicycle,OCCLUDED,71,33,0.633,651.23,468.32,1.12,-0.72,Green,75792.52
161,17,can,OCCLUDED,3,59,0.344,165.47,351.96,1.85,0.04,Black,6595.71
161,21,car,VISIBLE,27,0,0.5159,675.62,410.86,-3.9,0.72,Grey,576.83
161,23,car,VISIBLE,38,0,0.3445,716.34,408.75,-3.93,0.69,Grey,352.4
161,24,can,VISIBLE,40,0,0.7042,878.86,416.81,-3.32,0.61,Green,591.72
162,1,person,VISIBLE,153,0,0.9347,597.75,377.24,0.12,-3.04,Black,53510.86
162,2,car,OUT_OF_BOUNDS,62,87,0.033,1640.33,391.87,4.69,0.01,Yellow,1513.4
162,3,car,VISIBLE,113,0,0.3069,789.56,412.63,-3.55,0.55,Grey,1045.67
162,4,car,LOST,16,141,0.0,281.07,390.92,0.05,-0.01,Grey,708.15
162,5,can,OCCLUDED,40,41,0.544,1056.28,381.99,-1.09,0.1,Orange,384.89
162,7,bicycle,OCCLUDED,71,34,0.622,652.35,467.6,1.12,-0.72,Green,75792.52
162,17,can,OCCLUDED,3,60,0.333,167.32,352.0,1.85,0.04,Black,6595.71
162,21,car,VISIBLE,28,0,0.5228,671.78,411.22,-3.86,0.46,Grey,581.5
162,23,car,VISIBLE,39,0,0.3664,712.74,409.44,-3.69,0.68,Grey,358.92
162,24,can,VISIBLE,41,0,0.8147,875.85,417.38,-3.11,0.58,Green,589.89
163,1,person,VISIBLE,154,0,0.9304,598.12,375.49,0.29,-2.14,Black,52834.36
163,2,car,OUT_OF_BOUNDS,62,88,0.022,1645.02,391.88,4.69,0.01,Yellow,1513.4
163,3,car,VISIBLE,114,0,0.3107,786.17,412.96,-3.44,0.39,Grey,1051.44
163,4,car,LOST,16,142,0.0,281.11,390.91,0.05,-0.01,Grey,708.15
163,5,can,OCCLUDED,40,42,0.533,1055.19,382.09,-1.09,0.1,Orange,384.89
163,7,bicycle,OCCLUDED,71,35,0.611,653.48,466.88,1.12,-0.72,Green,75792.52
163,17,can,OCCLUDED,3,61,0.322,169.17,352.04,1.85,0.04,Black,6595.71
163,21,car,VISIBLE,29,0,0.5086,668.25,411.7,-3.63,0.48,Grey,608.59
163,23,car,VISIBLE,40,0,0.458,709.12,409.97,-3.65,0.58,Grey,360.22
163,24,can,VISIBLE,42,0,0.8475,873.26,418.12,-2.74,0.7,Green,577.6
164,1,person,VISIBLE,155,0,0.9274,598.75,378.5,0.54,1.47,Black,53084.0
164,2,car,OUT_OF_BOUNDS,62,89,0.011,1649.71,391.89,4.69,0.01,Yellow,1513.4
164,3,car,VISIBLE,115,0,0.317,783.04,413.32,-3.22,0.37,Grey,1036.71
164,4,car,LOST,16,143,0.0,281.16,390.9,0.05,-0.01,Grey,708.15
164,5,can,OCCLUDED,40,43,0.522,1054.1,382.19,-1.09,0.1,Orange,384.89
164,7,bicycle,OCCLUDED,71,36,0.6,654.6,466.16,1.12,-0.72,Green,75792.52
164,17,can,OCCLUDED,3,62,0.311,171.02,352.08,1.85,0.04,Black,6595.71
164,21,car,VISIBLE,30,0,0.3191,664.75,411.7,-3.54,0.15,Grey,627.82
164,23,car,VISIBLE,41,0,0.5148,705.87,410.31,-3.37,0.42,Grey,357.3
164,24,can,VISIBLE,43,0,0.8578,870.54,418.7,-2.73,0.61,Green,565.04
165,1,person,VISIBLE,156,0,0.9244,599.7,380.69,0.82,1.97,Black,53193.27
165,2,car,OUT_OF_BOUNDS,62,90,0.0,1654.4,391.9,4.69,0.01,Yellow,1513.4
165,3,car,VISIBLE,116,0,0.3053,780.11,413.73,-3.02,0.4,Grey,1032.48
165,4,car,LOST,16,144,0.0,281.21,390.89,0.05,-0.01,Grey,708.15
165,5,can,OCCLUDED,40,44,0.511,1053.01,382.29,-1.09,0.1,Orange,384.89
165,7,bicycle,OCCLUDED,71,37,0.589,655.73,465.44,1.12,-0.72,Green,75792.52
165,17,can,OCCLUDED,3,63,0.3,172.87,352.12,1.85,0.04,Black,6595.71
165,21,car,VISIBLE,31,0,0.312,660.87,412.06,-3.78,0.3,Grey,695.0
165,23,car,VISIBLE,42,0,0.5394,702.84,410.62,-3.13,0.34,Grey,350.12
165,24,can,VISIBLE,44,0,0.8074,867.87,419.21,-2.69,0.54,Green,557.09
166,1,person,VISIBLE,157,0,0.9216,600.66,383.0,0.92,2.2,Black,53464.25
166,2,car,OUT_OF_BOUNDS,62,91,0.0,1659.09,391.91,4.69,0.01,Yellow,1513.4
166,3,car,VISIBLE,117,0,0.299,777.26,413.98,-2.89,0.29,Grey,1030.78
166,4,car,LOST,16,145,0.0,281.26,390.88,0.05,-0.01,Grey,708.15
166,5,can,OCCLUDED,40,45,0.5,1051.91,382.39,-1.09,0.1,Orange,384.89
166,7,bicycle,OCCLUDED,71,38,0.578,656.85,464.72,1.12,-0.72,Green,75792.52
166,17,can,OCCLUDED,3,64,0.289,174.72,352.16,1.85,0.04,Black,6595.71
166,21,car,VISIBLE,32,0,0.312,657.01,412.51,-3.84,0.41,Grey,723.76
166,23,car,VISIBLE,43,0,0.5916,699.49,411.16,-3.28,0.48,Grey,342.46
166,24,can,VISIBLE,45,0,0.7178,865.31,419.62,-2.6,0.46,Green,554.82
167,1,person,VISIBLE,158,0,0.9178,601.85,383.64,1.11,1.12,Black,53350.66
167,2,car,OUT_OF_BOUNDS,62,92,0.0,1663.78,391.92,4.69,0.01,Yellow,1513.4
167,3,car,VISIBLE,118,0,0.3056,774.56,414.25,-2.77,0.28,Grey,1040.81
167,4,car,LOST,16,146,0.0,281.31,390.87,0.05,-0.01,Grey,708.15
167,5,can,OCCLUDED,40,46,0.489,1050.82,382.5,-1.09,0.1,Orange,384.89
167,7,bicycle,OCCLUDED,71,39,0.567,657.98,463.99,1.12,-0.72,Green,75792.52
167,17,can,OCCLUDED,3,65,0.278,176.57,352.2,1.85,0.04,Black,6595.71
167,21,car,VISIBLE,33,0,0.312,653.14,412.97,-3.86,0.44,Grey,752.97
167,23,car,VISIBLE,44,0,0.528,696.43,411.5,-3.12,0.38,Grey,339.5
167,24,can,VISIBLE,46,0,0.7717,862.36,419.91,-2.84,0.34,Green,600.18
168,1,person,VISIBLE,159,0,0.9125,603.12,383.53,1.23,0.25,Black,52862.34
168,2,car,OUT_OF_BOUNDS,62,93,0.0,1668.47,391.93,4.69,0.01,Yellow,1513.4
168,3,car,VISIBLE,119,0,0.3179,771.86,414.68,-2.72,0.38,Grey,1063.59
168,4,car,LOST,16,147,0.0,281.35,390.86,0.05,-0.01,Grey,708.15
168,5,can,OCCLUDED,40,47,0.478,1049.73,382.6,-1.09,0.1,Orange,384.89
168,7,bicycle,OCCLUDED,71,40,0.556,659.1,463.27,1.12,-0.72,Green,75792.52
168,17,can,OCCLUDED,3,66,0.267,178.42,352.24,1.85,0.04,Black,6595.71
168,21,car,VISIBLE,34,0,0.312,649.27,413.43,-3.86,0.45,Grey,782.62
168,23,car,VISIBLE,45,0,0.5901,693.42,411.76,-3.05,0.3,Grey,343.46
168,24,can,VISIBLE,47,0,0.8745,859.75,420.28,-2.68,0.36,Green,612.78
169,1,person,VISIBLE,160,0,0.907,604.67,384.12,1.45,0.49,Black,52868.8
169,2,car,OUT_OF_BOUNDS,62,94,0.0,1673.15,391.94,4.69,0.01,Yellow,1513.4
169,3,car,VISIBLE,120,0,0.3675,769.27,414.93,-2.63,0.29,Grey,1055.03
169,4,car,LOST,16,148,0.0,281.4,390.85,0.05,-0.01,Grey,708.15
169,5,can,OCCLUDED,40,48,0.467,1048.64,382.7,-1.09,0.1,Orange,384.89
169,7,bicycle,OCCLUDED,71,41,0.544,660.22,462.55,1.12,-0.72,Green,75792.52
169,17,can,OCCLUDED,3,67,0.256,180.27,352.28,1.85,0.04,Black,6595.71
169,21,car,VISIBLE,35,0,0.312,645.41,413.88,-3.86,0.45,Grey,812.72
169,23,car,VISIBLE,46,0,0.6191,690.41,411.94,-3.02,0.21,Grey,349.96
169,24,can,VISIBLE,48,0,0.871,857.87,420.52,-2.13,0.28,Green,607.64
170,1,person,VISIBLE,161,0,0.9094,606.1,383.05,1.43,-0.6,Black,52360.39
170,2,car,OUT_OF_BOUNDS,62,95,0.0,1677.84,391.95,4.69,0.01,Yellow,1513.4
170,3,car,VISIBLE,121,0,0.3972,766.87,415.13,-2.47,0.23,Grey,1047.53
170,4,car,LOST,16,149,0.0,281.45,390.84,0.05,-0.01,Grey,708.15
170,5,can,OCCLUDED,40,49,0.456,1047.55,382.8,-1.09,0.1,Orange,384.89
170,7,bicycle,OCCLUDED,71,42,0.533,661.35,461.83,1.12,-0.72,Green,75792.52
170,17,can,OCCLUDED,3,68,0.244,182.12,352.32,1.85,0.04,Black,6595.71
170,21,car,VISIBLE,36,0,0.312,641.55,414.33,-3.86,0.45,Black,843.26
170,23,car,VISIBLE,47,0,0.5328,688.03,412.05,-2.57,0.14,Grey,354.54
170,24,can,VISIBLE,49,0,0.8488,855.63,420.7,-2.2,0.21,Green,625.07
171,1,person,VISIBLE,162,0,0.9121,607.37,385.32,1.32,1.41,Black,52998.53
171,2,car,OUT_OF_BOUNDS,62,96,0.0,1682.53,391.96,4.69,0.01,Yellow,1513.4
171,3,car,VISIBLE,122,0,0.3225,764.71,415.33,-2.25,0.21,Grey,1047.94
171,4,car,LOST,16,150,0.0,281.5,390.83,0.05,-0.01,Grey,708.15
171,5,can,OCCLUDED,40,50,0.444,1046.46,382.9,-1.09,0.1,Orange,384.89
171,7,bicycle,OCCLUDED,71,43,0.522,662.47,461.11,1.12,-0.72,Green,75792.52
171,17,can,OCCLUDED,3,69,0.233,183.97,352.36,1.85,0.04,Black,6595.71
171,21,car,OCCLUDED,36,1,0.989,637.69,414.78,-3.86,0.45,Black,843.26
171,23,car,VISIBLE,48,0,0.4654,685.67,412.03,-2.42,0.03,Grey,366.27
171,24,can,VISIBLE,50,0,0.8612,853.73,420.89,-1.99,0.2,Green,626.42
172,1,person,VISIBLE,163,0,0.9203,608.67,384.4,1.31,-0.22,Black,52750.28
172,2,car,OUT_OF_BOUNDS,62,97,0.0,1687.22,391.97,4.69,0.01,Yellow,1513.4
172,3,car,VISIBLE,123,0,0.3239,762.52,415.43,-2.21,0.13,Grey,1063.52
172,4,car,LOST,16,151,0.0,281.54,390.82,0.05,-0.01,Grey,708.15
172,5,can,OCCLUDED,40,51,0.433,1045.37,383.0,-1.09,0.1,Orange,384.89
172,7,bicycle,OCCLUDED,71,44,0.511,663.6,460.39,1.12,-0.72,Green,75792.52
172,17,can,OCCLUDED,3,70,0.222,185.82,352.4,1.85,0.04,Black,6595.71
172,21,car,OCCLUDED,36,2,0.978,633.82,415.23,-3.86,0.45,Black,843.26
172,23,car,VISIBLE,49,0,0.3489,683.02,412.08,-2.58,0.05,Grey,360.42
172,24,can,VISIBLE,51,0,0.8307,851.87,421.08,-1.9,0.19,Green,635.34
173,1,person,VISIBLE,164,0,0.9228,610.16,382.0,1.43,-1.75,Black,52142.09
173,2,car,OUT_OF_BOUNDS,62,98,0.0,1691.91,391.98,4.69,0.01,Yellow,1513.4
173,3,car,VISIBLE,124,0,0.3887,760.3,415.55,-2.22,0.12,Grey,1066.89
173,4,car,LOST,16,152,0.0,281.59,390.81,0.05,-0.01,Grey,708.15
173,5,can,OCCLUDED,40,52,0.422,1044.28,383.1,-1.09,0.1,Orange,384.89
173,7,bicycle,OCCLUDED,71,45,0.5,664.72,459.67,1.12,-0.72,Green,75792.52
173,17,can,OCCLUDED,3,71,0.211,187.67,352.44,1.85,0.04,Black,6595.71
173,21,car,OCCLUDED,36,3,0.967,629.96,415.68,-3.86,0.45,Black,843.26
173,23,car,VISIBLE,50,0,0.3299,680.57,412.07,-2.49,0.01,Grey,351.92
173,24,can,VISIBLE,52,0,0.8063,850.19,421.22,-1.75,0.16,Green,638.61
174,1,person,VISIBLE,165,0,0.9282,611.78,379.4,1.56,-2.34,Black,51634.58
174,2,car,OUT_OF_BOUNDS,62,99,0.0,1696.6,391.99,4.69,0.01,Yellow,1513.4
174,3,car,VISIBLE,125,0,0.3948,758.28,415.65,-2.08,0.11,Grey,1058.02
174,4,car,LOST,16,153,0.0,281.64,390.81,0.05,-0.01,Grey,708.15
174,5,can,OCCLUDED,40,53,0.411,1043.18,383.2,-1.09,0.1,Orange,384.89
174,7,bicycle,OCCLUDED,71,46,0.489,665.85,458.95,1.12,-0.72,Green,75792.52
174,17,can,OCCLUDED,3,72,0.2,189.52,352.48,1.85,0.04,Black,6595.71
174,21,car,OCCLUDED,36,4,0.956,626.1,416.14,-3.86,0.45,Black,843.26
174,23,car,VISIBLE,51,0,0.3299,677.88,412.2,-2.63,0.09,Grey,350.83
174,24,can,VISIBLE,53,0,0.7305,848.19,421.21,-1.92,0.04,Green,654.77
175,1,person,VISIBLE,166,0,0.9283,613.34,378.74,1.56,-1.17,Black,51698.1
175,2,car,OUT_OF_BOUNDS,62,100,0.0,1701.29,391.99,4.69,0.01,Yellow,1513.4
175,3,car,VISIBLE,126,0,0.3333,756.27,415.68,-2.03,0.05,Grey,1062.97
175,4,car,LOST,16,154,0.0,281.69,390.8,0.05,-0.01,Grey,708.15
175,5,can,OCCLUDED,40,54,0.4,1042.09,383.31,-1.09,0.1,Orange,384.89
175,7,bicycle,OCCLUDED,71,47,0.478,666.97,458.23,1.12,-0.72,Green,75792.52
175,17,can,OCCLUDED,3,73,0.189,191.37,352.52,1.85,0.04,Black,6595.71
175,21,car,OCCLUDED,36,5,0.944,622.23,416.59,-3.86,0.45,Black,843.26
175,23,car,VISIBLE,52,0,0.3299,675.18,412.33,-2.67,0.11,Grey,349.7
175,24,can,VISIBLE,54,0,0.8002,846.35,421.31,-1.87,0.08,Green,673.09
176,1,person,VISIBLE,167,0,0.93,614.76,380.61,1.47,0.96,Black,52340.63
176,2,car,OUT_OF_BOUNDS,62,101,0.0,1705.98,392.0,4.69,0.01,Yellow,1513.4
176,3,car,VISIBLE,127,0,0.4137,754.25,415.75,-2.02,0.07,Grey,1077.56
176,4,car,LOST,16,155,0.0,281.74,390.79,0.05,-0.01,Grey,708.15
176,5,can,OCCLUDED,40,55,0.389,1041.0,383.41,-1.09,0.1,Orange,384.89
176,7,bicycle,OCCLUDED,71,48,0.467,668.1,457.51,1.12,-0.72,Green,75792.52
176,17,can,OCCLUDED,3,74,0.178,193.22,352.56,1.85,0.04,Black,6595.71
176,21,car,OCCLUDED,36,6,0.933,618.37,417.04,-3.86,0.45,Black,843.26
176,23,car,VISIBLE,53,0,0.3299,672.49,412.44,-2.69,0.12,Grey,348.54
176,24,can,VISIBLE,55,0,0.845,844.84,421.43,-1.62,0.11,Green,672.47
177,1,person,VISIBLE,168,0,0.9275,615.97,383.76,1.28,2.49,Black,53315.24
177,2,car,OUT_OF_BOUNDS,62,102,0.0,1710.67,392.01,4.69,0.01,Yellow,1513.4
177,3,car,VISIBLE,128,0,0.4385,752.21,415.75,-2.04,0.02,Grey,1074.14
177,4,car,LOST,16,156,0.0,281.78,390.78,0.05,-0.01,Grey,708.15
177,5,can,OCCLUDED,40,56,0.378,1039.91,383.51,-1.09,0.1,Orange,384.89
177,7,bicycle,OCCLUDED,71,49,0.456,669.22,456.79,1.12,-0.72,Green,75792.52
177,17,can,OCCLUDED,3,75,0.167,195.07,352.6,1.85,0.04,Black,6595.71
177,21,car,OCCLUDED,36,7,0.922,614.5,417.49,-3.86,0.45,Black,843.26
177,23,car,VISIBLE,54,0,0.3299,669.79,412.57,-2.69,0.12,Grey,347.36
177,24,can,VISIBLE,56,0,0.8779,843.39,421.52,-1.5,0.1,Green,663.61
178,1,person,VISIBLE,169,0,0.9244,617.1,387.56,1.17,3.41,Black,54735.24
178,2,car,OUT_OF_BOUNDS,62,103,0.0,1715.36,392.02,4.69,0.01,Yellow,1513.4
178,3,car,VISIBLE,129,0,0.3863,750.13,415.63,-2.06,-0.08,Grey,1093.62
178,4,car,LOST,16,157,0.0,281.83,390.77,0.05,-0.01,Grey,708.15
178,5,can,OCCLUDED,40,57,0.367,1038.82,383.61,-1.09,0.1,Orange,384.89
178,7,bicycle,OCCLUDED,71,50,0.444,670.35,456.07,1.12,-0.72,Green,75792.52
178,17,can,OCCLUDED,3,76,0.156,196.92,352.64,1.85,0.04,Black,6595.71
178,21,car,OCCLUDED,36,8,0.911,610.64,417.94,-3.86,0.45,Black,843.26
178,23,car,VISIBLE,55,0,0.3299,667.1,412.69,-2.69,0.12,Grey,346.14
178,24,can,VISIBLE,57,0,0.8614,842.08,421.51,-1.37,0.02,Green,651.6
179,1,person,VISIBLE,170,0,0.921,618.47,390.67,1.31,3.2,Black,56064.54
179,2,car,OUT_OF_BOUNDS,62,104,0.0,1720.05,392.03,4.69,0.01,Yellow,1513.4
179,3,car,VISIBLE,130,0,0.3397,748.42,415.47,-1.82,-0.14,Grey,1102.1
179,4,car,LOST,16,158,0.0,281.88,390.76,0.05,-0.01,Grey,708.15
179,5,can,OCCLUDED,40,58,0.356,1037.73,383.71,-1.09,0.1,Orange,384.89
179,7,bicycle,OCCLUDED,71,51,0.433,671.47,455.34,1.12,-0.72,Green,75792.52
179,17,can,OCCLUDED,3,77,0.144,198.77,352.68,1.85,0.04,Black,6595.71
179,21,car,OCCLUDED,36,9,0.9,606.78,418.39,-3.86,0.45,Black,843.26
179,23,car,OCCLUDED,55,1,0.989,664.41,412.82,-2.69,0.12,Grey,346.14
179,24,can,VISIBLE,58,0,0.8654,840.66,421.44,-1.4,-0.05,Green,646.01
180,1,person,VISIBLE,171,0,0.9232,619.61,392.63,1.19,2.33,Black,57120.92
180,2,car,OUT_OF_BOUNDS,62,105,0.0,1724.74,392.04,4.69,0.01,Yellow,1513.4
180,3,car,VISIBLE,131,0,0.3381,746.59,415.35,-1.83,-0.13,Grey,1110.56
180,4,car,LOST,16,159,0.0,281.93,390.75,0.05,-0.01,Grey,708.15
180,5,can,OCCLUDED,40,59,0.344,1036.64,383.81,-1.09,0.1,Orange,384.89
180,7,bicycle,OCCLUDED,71,52,0.422,672.6,454.62,1.12,-0.72,Green,75792.52
180,17,can,OCCLUDED,3,78,0.133,200.62,352.72,1.85,0.04,Black,6595.71
180,21,car,OCCLUDED,36,10,0.889,602.91,418.84,-3.86,0.45,Black,843.26
180,23,car,OCCLUDED,55,2,0.978,661.71,412.94,-2.69,0.12,Grey,346.14
180,24,can,VISIBLE,59,0,0.8467,839.19,421.31,-1.45,-0.1,Green,638.75
181,1,person,VISIBLE,172,0,0.9284,620.62,394.28,1.06,1.85,Black,58298.47
181,2,car,OUT_OF_BOUNDS,62,106,0.0,1729.43,392.05,4.69,0.01,Yellow,1513.4
181,3,car,VISIBLE,132,0,0.3141,744.74,415.26,-1.84,-0.09,Grey,1107.86
181,4,car,LOST,16,160,0.0,281.98,390.74,0.05,-0.01,Grey,708.15
181,5,can,OCCLUDED,40,60,0.333,1035.54,383.91,-1.09,0.1,Orange,384.89
181,7,bicycle,OCCLUDED,71,53,0.411,673.72,453.9,1.12,-0.72,Green,75792.52
181,17,can,OCCLUDED,3,79,0.122,202.47,352.76,1.85,0.04,Black,6595.71
181,21,car,OCCLUDED,36,11,0.878,599.05,419.29,-3.86,0.45,Black,843.26
181,23,car,OCCLUDED,55,3,0.967,659.02,413.07,-2.69,0.12,Grey,346.14
181,24,can,VISIBLE,60,0,0.853,837.9,421.22,-1.34,-0.09,Green,631.91
182,1,person,VISIBLE,173,0,0.9332,621.49,394.87,0.92,0.97,Black,58940.35
182,2,car,OUT_OF_BOUNDS,62,107,0.0,1734.12,392.06,4.69,0.01,Yellow,1513.4
182,3,car,VISIBLE,133,0,0.3297,742.78,415.32,-1.93,0.01,Grey,1108.32
182,4,car,LOST,16,161,0.0,282.02,390.73,0.05,-0.01,Grey,708.15
182,5,can,OCCLUDED,40,61,0.322,1034.45,384.02,-1.09,0.1,Orange,384.89
182,7,bicycle,OCCLUDED,71,54,0.4,674.85,453.18,1.12,-0.72,Green,75792.52
182,17,can,OCCLUDED,3,80,0.111,204.32,352.8,1.85,0.04,Black,6595.71
182,21,car,OCCLUDED,36,12,0.867,595.19,419.75,-3.86,0.45,Black,843.26
182,23,car,OCCLUDED,55,4,0.956,656.33,413.19,-2.69,0.12,Grey,346.14
182,24,can,VISIBLE,61,0,0.8124,836.48,421.11,-1.4,-0.11,Green,644.22
183,1,person,VISIBLE,174,0,0.935,622.04,394.42,0.66,-0.02,Black,59114.55
183,2,car,OUT_OF_BOUNDS,62,108,0.0,1738.81,392.07,4.69,0.01,Yellow,1513.4
183,3,car,VISIBLE,134,0,0.3397,741.04,415.49,-1.79,0.12,Grey,1114.29
183,4,car,LOST,16,162,0.0,282.07,390.72,0.05,-0.01,Grey,708.15
183,5,can,OCCLUDED,40,62,0.311,1033.36,384.12,-1.09,0.1,Orange,384.89
183,7,bicycle,OCCLUDED,71,55,0.389,675.97,452.46,1.12,-0.72,Green,75792.52
183,17,can,OCCLUDED,3,81,0.1,206.17,352.84,1.85,0.04,Black,6595.71
183,21,car,OCCLUDED,36,13,0.856,591.32,420.2,-3.86,0.45,Black,843.26
183,23,car,OCCLUDED,55,5,0.944,653.63,413.32,-2.69,0.12,Grey,346.14
183,24,can,VISIBLE,62,0,0.7844,835.29,421.02,-1.25,-0.09,Green,656.06
184,1,person,VISIBLE,175,0,0.9345,622.41,393.65,0.46,-0.55,Black,58986.92
184,2,car,OUT_OF_BOUNDS,62,109,0.0,1743.5,392.08,4.69,0.01,Yellow,1513.4
184,3,car,VISIBLE,135,0,0.353,739.22,415.6,-1.82,0.11,Grey,1114.7
184,4,car,LOST,16,163,0.0,282.12,390.71,0.05,-0.01,Grey,708.15
184,5,can,OCCLUDED,40,63,0.3,1032.27,384.22,-1.09,0.1,Orange,384.89
184,7,bicycle,OCCLUDED,71,56,0.378,677.09,451.74,1.12,-0.72,Green,75792.52
184,17,can,OCCLUDED,3,82,0.089,208.02,352.88,1.85,0.04,Black,6595.71
184,21,car,OCCLUDED,36,14,0.844,587.46,420.65,-3.86,0.45,Black,843.26
184,23,car,OCCLUDED,55,6,0.933,650.94,413.44,-2.69,0.12,Grey,346.14
184,24,can,VISIBLE,63,0,0.7588,834.19,421.03,-1.14,-0.02,Green,662.26
185,1,person,VISIBLE,176,0,0.9341,622.98,391.62,0.54,-1.59,Black,58466.03
185,2,car,OUT_OF_BOUNDS,62,110,0.0,1748.18,392.09,4.69,0.01,Yellow,1513.4
185,3,car,VISIBLE,136,0,0.3502,737.32,415.72,-1.87,0.12,Grey,1118.14
185,4,car,LOST,16,164,0.0,282.17,390.7,0.05,-0.01,Grey,708.15
185,5,can,OCCLUDED,40,64,0.289,1031.18,384.32,-1.09,0.1,Orange,384.89
185,7,bicycle,OCCLUDED,71,57,0.367,678.22,451.02,1.12,-0.72,Green,75792.52
185,17,can,OCCLUDED,3,83,0.078,209.87,352.92,1.85,0.04,Black,6595.71
185,21,car,OCCLUDED,36,15,0.833,583.59,421.1,-3.86,0.45,Black,843.26
185,23,car,OCCLUDED,55,7,0.922,648.24,413.57,-2.69,0.12,Grey,346.14
185,24,can,VISIBLE,64,0,0.7471,832.88,421.13,-1.26,0.07,Green,692.43
186,1,person,VISIBLE,177,0,0.9356,623.43,388.94,0.48,-2.36,Black,57649.48
186,2,car,OUT_OF_BOUNDS,62,111,0.0,1752.87,392.1,4.69,0.01,Yellow,1513.4
186,3,car,VISIBLE,137,0,0.3292,735.39,415.75,-1.91,0.06,Grey,1110.93
186,4,car,LOST,16,165,0.0,282.21,390.69,0.05,-0.01,Grey,708.15
186,5,can,OCCLUDED,40,65,0.278,1030.09,384.42,-1.09,0.1,Orange,384.89
186,7,bicycle,OCCLUDED,71,58,0.356,679.34,450.3,1.12,-0.72,Green,75792.52
186,17,can,OCCLUDED,3,84,0.067,211.72,352.96,1.85,0.04,Black,6595.71
186,21,car,OCCLUDED,36,16,0.822,579.73,421.55,-3.86,0.45,Black,843.26
186,23,car,OCCLUDED,55,8,0.911,645.55,413.69,-2.69,0.12,Grey,346.14
186,24,can,VISIBLE,65,0,0.7915,831.62,421.24,-1.26,0.09,Green,719.0
187,1,person,VISIBLE,178,0,0.9322,623.89,385.77,0.47,-2.92,Black,56663.07
187,2,car,OUT_OF_BOUNDS,62,112,0.0,1757.56,392.11,4.69,0.01,Yellow,1513.4
187,3,car,VISIBLE,138,0,0.3708,733.62,415.88,-1.81,0.1,Grey,1115.71
187,4,car,LOST,16,166,0.0,282.26,390.68,0.05,-0.01,Grey,708.15
187,5,can,OCCLUDED,40,66,0.267,1029.0,384.52,-1.09,0.1,Orange,384.89
187,7,bicycle,OCCLUDED,71,59,0.344,680.47,449.58,1.12,-0.72,Green,75792.52
187,17,can,OCCLUDED,3,85,0.056,213.57,353.0,1.85,0.04,Black,6595.71
187,21,car,OCCLUDED,36,17,0.811,575.87,422.0,-3.86,0.45,Black,843.26
187,23,car,OCCLUDED,55,9,0.9,642.86,413.81,-2.69,0.12,Grey,346.14
187,24,can,VISIBLE,66,0,0.8113,830.28,421.36,-1.31,0.11,Green,739.35
188,1,person,VISIBLE,179,0,0.9312,624.14,381.65,0.32,-3.76,Black,55420.31
188,2,car,OUT_OF_BOUNDS,62,113,0.0,1762.25,392.11,4.69,0.01,Yellow,1513.4
188,3,car,VISIBLE,139,0,0.3578,731.84,415.81,-1.79,-0.02,Grey,1146.23
188,4,car,LOST,16,167,0.0,282.31,390.67,0.05,-0.01,Grey,708.15
188,5,can,OCCLUDED,40,67,0.256,1027.91,384.62,-1.09,0.1,Orange,384.89
188,7,bicycle,OCCLUDED,71,60,0.333,681.59,448.86,1.12,-0.72,Green,75792.52
188,17,can,OCCLUDED,3,86,0.044,215.42,353.04,1.85,0.04,Black,6595.71
188,21,car,OCCLUDED,36,18,0.8,572.0,422.45,-3.86,0.45,Black,843.26
188,23,car,OCCLUDED,55,10,0.889,640.16,413.94,-2.69,0.12,Grey,346.14
188,24,can,VISIBLE,67,0,0.8376,828.83,421.41,-1.42,0.07,Green,733.18
189,1,person,VISIBLE,180,0,0.9342,624.37,377.13,0.25,-4.29,Black,53962.3
189,2,car,OUT_OF_BOUNDS,62,114,0.0,1766.94,392.12,4.69,0.01,Yellow,1513.4
189,3,car,VISIBLE,140,0,0.3841,730.11,415.69,-1.75,-0.08,Grey,1150.32
189,4,car,LOST,16,168,0.0,282.36,390.67,0.05,-0.01,Grey,708.15
189,5,can,OCCLUDED,40,68,0.244,1026.81,384.72,-1.09,0.1,Orange,384.89
189,7,bicycle,OCCLUDED,71,61,0.322,682.72,448.14,1.12,-0.72,Green,75792.52
189,17,can,OCCLUDED,3,87,0.033,217.27,353.08,1.85,0.04,Black,6595.71
189,21,car,OCCLUDED,36,19,0.789,568.14,422.91,-3.86,0.45,Black,843.26
189,23,car,OCCLUDED,55,11,0.878,637.47,414.06,-2.69,0.12,Grey,346.14
189,24,can,VISIBLE,68,0,0.8309,827.61,421.42,-1.28,0.03,Green,719.46
190,1,person,VISIBLE,181,0,0.9353,625.12,374.73,0.6,-2.97,Black,53200.33
190,2,car,OUT_OF_BOUNDS,62,115,0.0,1771.63,392.13,4.69,0.01,Yellow,1513.4
190,3,car,VISIBLE,141,0,0.404,728.25,415.66,-1.82,-0.05,Grey,1154.39
190,4,car,LOST,16,169,0.0,282.41,390.66,0.05,-0.01,Grey,708.15
190,5,can,OCCLUDED,40,69,0.233,1025.72,384.83,-1.09,0.1,Orange,384.89
190,7,bicycle,OCCLUDED,71,62,0.311,683.84,447.42,1.12,-0.72,Green,75792.52
190,17,can,OCCLUDED,3,88,0.022,219.12,353.12,1.85,0.04,Black,6595.71
190,21,car,OCCLUDED,36,20,0.778,564.28,423.36,-3.86,0.45,Black,843.26
190,23,car,OCCLUDED,55,12,0.867,634.78,414.19,-2.69,0.12,Grey,346.14
190,24,can,VISIBLE,69,0,0.826,826.61,421.44,-1.09,0.02,Green,705.91
191,1,person,VISIBLE,182,0,0.9316,626.04,374.36,0.83,-1.15,Black,53290.59
191,2,car,OUT_OF_BOUNDS,62,116,0.0,1776.32,392.14,4.69,0.01,Yellow,1513.4
191,3,car,VISIBLE,142,0,0.4028,726.47,415.68,-1.8,-0.0,Grey,1155.6
191,4,car,LOST,16,170,0.0,282.45,390.65,0.05,-0.01,Grey,708.15
191,5,can,OCCLUDED,40,70,0.222,1024.63,384.93,-1.09,0.1,Orange,384.89
191,7,bicycle,OCCLUDED,71,63,0.3,684.97,446.7,1.12,-0.72,Green,75792.52
191,17,can,OCCLUDED,3,89,0.011,220.97,353.16,1.85,0.04,Black,6595.71
191,21,car,OCCLUDED,36,21,0.767,560.41,423.81,-3.86,0.45,Black,843.26
191,23,car,OCCLUDED,55,13,0.856,632.08,414.31,-2.69,0.12,Grey,346.14
191,24,can,VISIBLE,70,0,0.8539,825.55,421.49,-1.07,0.04,Green,706.61
192,1,person,VISIBLE,183,0,0.9277,627.25,376.73,1.1,1.31,Black,53938.73
192,2,car,OUT_OF_BOUNDS,62,117,0.0,1781.01,392.15,4.69,0.01,Yellow,1513.4
192,3,car,VISIBLE,143,0,0.4249,724.47,415.73,-1.94,0.03,Grey,1172.17
192,4,car,LOST,16,171,0.0,282.5,390.64,0.05,-0.01,Grey,708.15
192,5,can,OCCLUDED,40,71,0.211,1023.54,385.03,-1.09,0.1,Orange,384.89
192,7,bicycle,OCCLUDED,71,64,0.289,686.09,445.97,1.12,-0.72,Green,75792.52
192,17,can,OCCLUDED,3,90,0.0,222.82,353.2,1.85,0.04,Black,6595.71
192,21,car,OCCLUDED,36,22,0.756,556.55,424.26,-3.86,0.45,Black,843.26
192,23,car,OCCLUDED,55,14,0.844,629.39,414.44,-2.69,0.12,Grey,346.14
192,24,can,VISIBLE,71,0,0.8606,824.46,421.56,-1.08,0.07,Green,714.49
193,1,person,VISIBLE,184,0,0.9247,629.03,381.0,1.57,3.39,Black,54764.24
193,2,car,OUT_OF_BOUNDS,62,118,0.0,1785.7,392.16,4.69,0.01,Yellow,1513.4
193,3,car,VISIBLE,144,0,0.437,722.25,415.84,-2.14,0.09,Grey,1198.52
193,4,car,LOST,16,172,0.0,282.55,390.63,0.05,-0.01,Grey,708.15
193,5,can,OCCLUDED,40,72,0.2,1022.45,385.13,-1.09,0.1,Orange,384.89
193,7,bicycle,OCCLUDED,71,65,0.278,687.22,445.25,1.12,-0.72,Green,75792.52
193,17,can,LOST,3,91,0.0,224.67,353.24,1.85,0.04,Black,6595.71
193,21,car,OCCLUDED,36,23,0.744,552.68,424.71,-3.86,0.45,Black,843.26
193,23,car,OCCLUDED,55,15,0.833,626.7,414.56,-2.69,0.12,Grey,346.14
193,24,can,VISIBLE,72,0,0.8641,823.3,421.8,-1.14,0.19,Green,713.79
194,1,person,VISIBLE,185,0,0.9275,630.89,385.52,1.78,4.18,Black,55764.7
194,2,car,OUT_OF_BOUNDS,62,119,0.0,1790.39,392.17,4.69,0.01,Yellow,1513.4
194,3,car,VISIBLE,145,0,0.4778,720.05,416.04,-2.17,0.17,Grey,1219.32
194,4,car,LOST,16,173,0.0,282.6,390.62,0.05,-0.01,Grey,708.15
194,5,can,OCCLUDED,40,73,0.189,1021.36,385.23,-1.09,0.1,Orange,384.89
194,7,bicycle,OCCLUDED,71,66,0.267,688.34,444.53,1.12,-0.72,Green,75792.52
194,17,can,LOST,3,92,0.0,226.52,353.28,1.85,0.04,Black,6595.71
194,21,car,OCCLUDED,36,24,0.733,548.82,425.16,-3.86,0.45,Black,843.26
194,23,car,OCCLUDED,55,16,0.822,624.0,414.69,-2.69,0.12,Grey,346.14
194,24,can,VISIBLE,73,0,0.8614,822.11,422.08,-1.18,0.25,Green,716.86
195,1,person,VISIBLE,186,0,0.9228,632.96,389.99,1.98,4.38,Black,56999.19
195,2,car,OUT_OF_BOUNDS,62,120,0.0,1795.08,392.18,4.69,0.01,Yellow,1513.4
195,3,car,VISIBLE,146,0,0.4847,718.03,416.21,-2.07,0.17,Grey,1242.07
195,4,car,LOST,16,174,0.0,282.65,390.61,0.05,-0.01,Grey,708.15
195,5,can,OCCLUDED,40,74,0.178,1020.27,385.33,-1.09,0.1,Orange,384.89
195,7,bicycle,OCCLUDED,71,67,0.256,689.47,443.81,1.12,-0.72,Green,75792.52
195,17,can,LOST,3,93,0.0,228.37,353.32,1.85,0.04,Black,6595.71
195,21,car,OCCLUDED,36,25,0.722,544.96,425.61,-3.86,0.45,Black,843.26
195,23,car,OCCLUDED,55,17,0.811,621.31,414.81,-2.69,0.12,Grey,346.14
195,24,can,VISIBLE,74,0,0.8497,820.88,422.25,-1.21,0.19,Green,720.05
196,1,person,VISIBLE,187,0,0.9216,635.5,393.37,2.37,3.68,Black,57767.77
196,2,car,OUT_OF_BOUNDS,62,121,0.0,1799.77,392.19,4.69,0.01,Yellow,1513.4
196,3,car,VISIBLE,147,0,0.4758,716.27,416.45,-1.86,0.22,Grey,1268.17
196,4,car,LOST,16,175,0.0,282.69,390.6,0.05,-0.01,Grey,708.15
196,5,can,OCCLUDED,40,75,0.167,1019.17,385.43,-1.09,0.1,Orange,384.89
196,7,bicycle,OCCLUDED,71,68,0.244,690.59,443.09,1.12,-0.72,Green,75792.52
196,17,can,LOST,3,94,0.0,230.22,353.36,1.85,0.04,Black,6595.71
196,21,car,OCCLUDED,36,26,0.711,541.09,426.06,-3.86,0.45,Black,843.26
196,23,car,OCCLUDED,55,18,0.8,618.61,414.93,-2.69,0.12,Grey,346.14
196,24,can,VISIBLE,75,0,0.835,819.85,422.37,-1.09,0.14,Green,728.45
197,1,person,VISIBLE,188,0,0.9162,638.0,395.46,2.46,2.57,Black,58385.0
197,2,car,OUT_OF_BOUNDS,62,122,0.0,1804.46,392.2,4.69,0.01,Yellow,1513.4
197,3,car,VISIBLE,148,0,0.5326,714.34,416.43,-1.91,0.05,Grey,1303.69
197,4,car,LOST,16,176,0.0,282.74,390.59,0.05,-0.01,Grey,708.15
197,5,can,OCCLUDED,40,76,0.156,1018.08,385.53,-1.09,0.1,Orange,384.89
197,7,bicycle,OCCLUDED,71,69,0.233,691.71,442.37,1.12,-0.72,Green,75792.52
197,17,can,LOST,3,95,0.0,232.07,353.4,1.85,0.04,Black,6595.71
197,21,car,OCCLUDED,36,27,0.7,537.23,426.52,-3.86,0.45,Black,843.26
197,23,car,OCCLUDED,55,19,0.789,615.92,415.06,-2.69,0.12,Grey,346.14
197,24,can,VISIBLE,76,0,0.815,818.57,422.38,-1.22,0.05,Green,753.09
198,1,person,VISIBLE,189,0,0.9107,640.28,395.8,2.33,1.01,Black,58818.68
198,2,car,OUT_OF_BOUNDS,62,123,0.0,1809.15,392.21,4.69,0.01,Yellow,1513.4
198,3,car,VISIBLE,149,0,0.5135,712.41,416.4,-1.92,-0.0,Grey,1318.69
198,4,car,LOST,16,177,0.0,282.79,390.58,0.05,-0.01,Grey,708.15
198,5,can,OCCLUDED,40,77,0.144,1016.99,385.64,-1.09,0.1,Orange,384.89
198,7,bicycle,OCCLUDED,71,70,0.222,692.84,441.65,1.12,-0.72,Green,75792.52
198,17,can,LOST,3,96,0.0,233.92,353.44,1.85,0.04,Black,6595.71
198,21,car,OCCLUDED,36,28,0.689,533.37,426.97,-3.86,0.45,Black,843.26
198,23,car,OCCLUDED,55,20,0.778,613.23,415.18,-2.69,0.12,Grey,346.14
198,24,can,VISIBLE,77,0,0.8088,817.11,422.37,-1.39,0.01,Green,779.72
199,1,person,VISIBLE,190,0,0.9114,642.06,394.56,1.95,-0.57,Black,58858.29
199,2,car,OUT_OF_BOUNDS,62,124,0.0,1813.84,392.22,4.69,0.01,Yellow,1513.4
199,3,car,VISIBLE,150,0,0.4162,710.87,416.21,-1.66,-0.13,Grey,1284.42
199,4,car,LOST,16,178,0.0,282.84,390.57,0.05,-0.01,Grey,708.15
199,5,can,OCCLUDED,40,78,0.133,1015.9,385.74,-1.09,0.1,Orange,384.89
199,7,bicycle,OCCLUDED,71,71,0.211,693.96,440.93,1.12,-0.72,Green,75792.52
199,17,can,LOST,3,97,0.0,235.77,353.48,1.85,0.04,Black,6595.71
199,21,car,OCCLUDED,36,29,0.678,529.5,427.42,-3.86,0.45,Black,843.26
199,23,car,OCCLUDED,55,21,0.767,610.53,415.31,-2.69,0.12,Grey,346.14
199,24,can,VISIBLE,78,0,0.8476,815.6,422.37,-1.47,0.0,Green,805.98
200,1,person,VISIBLE,191,0,0.9196,643.82,393.3,1.81,-1.05,Black,59260.37
200,2,car,OUT_OF_BOUNDS,62,125,0.0,1818.53,392.23,4.69,0.01,Yellow,1513.4
200,3,car,VISIBLE,151,0,0.4611,709.69,416.05,-1.32,-0.16,Grey,1241.2
200,4,car,LOST,16,179,0.0,282.88,390.56,0.05,-0.01,Grey,708.15
200,5,can,OCCLUDED,40,79,0.122,1014.81,385.84,-1.09,0.1,Orange,384.89
200,7,bicycle,OCCLUDED,71,72,0.2,695.09,440.21,1.12,-0.72,Green,75792.52
200,17,can,LOST,3,98,0.0,237.62,353.52,1.85,0.04,Black,6595.71
200,21,car,OCCLUDED,36,30,0.667,525.64,427.87,-3.86,0.45,Black,843.26
200,23,car,OCCLUDED,55,22,0.756,607.84,415.43,-2.69,0.12,Grey,346.14
200,24,can,VISIBLE,79,0,0.8482,814.05,422.25,-1.53,-0.08,Green,819.65
201,1,person,VISIBLE,192,0,0.9214,645.71,391.37,1.87,-1.67,Black,59432.23
201,2,car,OUT_OF_BOUNDS,62,126,0.0,1823.21,392.23,4.69,0.01,Yellow,1513.4
201,3,car,VISIBLE,152,0,0.4873,708.55,415.82,-1.2,-0.2,Grey,1164.31
201,4,car,LOST,16,180,0.0,282.93,390.55,0.05,-0.01,Grey,708.15
201,5,can,OCCLUDED,40,80,0.111,1013.72,385.94,-1.09,0.1,Orange,384.89
201,7,bicycle,OCCLUDED,71,73,0.189,696.21,439.49,1.12,-0.72,Green,75792.52
201,17,can,LOST,3,99,0.0,239.47,353.56,1.85,0.04,Black,6595.71
201,21,car,OCCLUDED,36,31,0.656,521.77,428.32,-3.86,0.45,Black,843.26
201,23,car,OCCLUDED,55,23,0.744,605.15,415.56,-2.69,0.12,Grey,346.14
201,24,can,VISIBLE,80,0,0.8346,812.6,422.09,-1.47,-0.14,Green,812.66
202,1,person,VISIBLE,193,0,0.9208,647.28,388.66,1.66,-2.39,Black,59604.52
202,2,car,OUT_OF_BOUNDS,62,127,0.0,1827.9,392.24,4.69,0.01,Yellow,1513.4
202,3,car,VISIBLE,153,0,0.4468,707.56,415.57,-1.05,-0.24,Grey,1096.81
202,4,car,LOST,16,181,0.0,282.98,390.54,0.05,-0.01,Grey,708.15
202,5,can,OCCLUDED,40,81,0.1,1012.63,386.04,-1.09,0.1,Orange,384.89
202,7,bicycle,OCCLUDED,71,74,0.178,697.34,438.77,1.12,-0.72,Green,75792.52
202,17,can,LOST,3,100,0.0,241.32,353.6,1.85,0.04,Black,6595.71
202,21,car,VISIBLE,37,0,0.492,576.2,414.82,-2.59,0.15,Grey,557.95
202,23,car,OCCLUDED,55,24,0.733,602.45,415.68,-2.69,0.12,Grey,346.14
202,24,can,VISIBLE,81,0,0.8539,810.97,421.9,-1.58,-0.17,Green,798.2
203,1,person,VISIBLE,194,0,0.9216,648.45,384.82,1.31,-3.41,Black,59525.12
203,2,car,OUT_OF_BOUNDS,62,128,0.0,1832.59,392.25,4.69,0.01,Yellow,1513.4
203,3,car,VISIBLE,154,0,0.4004,706.68,414.86,-0.93,-0.57,Grey,1033.35
203,4,car,LOST,16,182,0.0,283.03,390.53,0.05,-0.01,Grey,708.15
203,5,can,OCCLUDED,40,82,0.089,1011.54,386.14,-1.09,0.1,Orange,384.89
203,7,bicycle,OCCLUDED,71,75,0.167,698.46,438.05,1.12,-0.72,Green,75792.52
203,17,can,LOST,3,101,0.0,243.17,353.64,1.85,0.04,Black,6595.71
203,21,car,VISIBLE,38,0,0.5356,575.35,414.92,-1.37,0.11,Grey,642.33
203,23,car,OCCLUDED,55,25,0.722,599.76,415.8,-2.69,0.12,Grey,346.14
203,24,can,VISIBLE,82,0,0.885,809.31,421.88,-1.64,-0.07,Green,773.4
204,1,person,VISIBLE,195,0,0.9244,648.8,380.74,0.64,-3.88,Black,59258.73
204,2,car,OUT_OF_BOUNDS,62,129,0.0,1837.28,392.26,4.69,0.01,Yellow,1513.4
204,3,car,VISIBLE,155,0,0.3407,706.16,414.56,-0.64,-0.38,Grey,922.5
204,4,car,LOST,16,183,0.0,283.08,390.52,0.05,-0.01,Grey,708.15
204,5,can,OCCLUDED,40,83,0.078,1010.44,386.24,-1.09,0.1,Orange,384.89
204,7,bicycle,OCCLUDED,71,76,0.156,699.59,437.33,1.12,-0.72,Green,75792.52
204,17,can,LOST,3,102,0.0,245.02,353.68,1.85,0.04,Black,6595.71
204,21,car,VISIBLE,39,0,0.5451,572.98,415.16,-2.07,0.2,Grey,642.15
204,23,car,OCCLUDED,55,26,0.711,597.07,415.93,-2.69,0.12,Grey,346.14
204,24,can,VISIBLE,83,0,0.8924,807.4,421.79,-1.82,-0.08,Green,755.99
205,1,person,VISIBLE,196,0,0.9223,646.65,373.59,-1.31,-6.17,Black,57898.93
205,2,car,OUT_OF_BOUNDS,62,130,0.0,1841.97,392.27,4.69,0.01,Yellow,1513.4
205,3,car,VISIBLE,156,0,0.3599,705.78,413.92,-0.46,-0.56,Grey,815.18
205,4,car,LOST,16,184,0.0,283.12,390.52,0.05,-0.01,Grey,708.15
205,5,can,OCCLUDED,40,84,0.067,1009.35,386.35,-1.09,0.1,Orange,384.89
205,7,bicycle,OCCLUDED,71,77,0.144,700.71,436.6,1.12,-0.72,Green,75792.52
205,17,can,LOST,3,103,0.0,246.87,353.72,1.85,0.04,Black,6595.71
205,21,car,VISIBLE,40,0,0.569,569.95,415.31,-2.74,0.17,Grey,636.86
205,23,car,OCCLUDED,55,27,0.7,594.37,416.05,-2.69,0.12,Grey,346.14
205,24,can,VISIBLE,84,0,0.8573,805.4,421.85,-1.95,0.01,Green,763.08
206,1,person,VISIBLE,197,0,0.9289,642.19,368.59,-3.52,-5.35,Black,57926.29
206,2,car,OUT_OF_BOUNDS,62,131,0.0,1846.66,392.28,4.69,0.01,Yellow,1513.4
206,3,car,VISIBLE,157,0,0.2978,705.47,414.19,-0.36,0.01,Grey,646.24
206,4,car,LOST,16,185,0.0,283.17,390.51,0.05,-0.01,Grey,708.15
206,5,can,OCCLUDED,40,85,0.056,1008.26,386.45,-1.09,0.1,Orange,384.89
206,7,bicycle,OCCLUDED,71,78,0.133,701.84,435.88,1.12,-0.72,Green,75792.52
206,17,can,LOST,3,104,0.0,248.72,353.76,1.85,0.04,Black,6595.71
206,21,car,VISIBLE,41,0,0.5988,566.46,415.12,-3.26,-0.08,Grey,625.46
206,23,car,OCCLUDED,55,28,0.689,591.68,416.18,-2.69,0.12,Grey,346.14
206,24,can,VISIBLE,85,0,0.8165,803.23,421.91,-2.11,0.05,Green,769.26
207,1,person,VISIBLE,198,0,0.9324,636.72,365.76,-4.89,-3.58,Black,60656.65
207,2,car,OUT_OF_BOUNDS,62,132,0.0,1851.35,392.29,4.69,0.01,Yellow,1513.4
207,3,car,VISIBLE,158,0,0.2978,704.75,413.97,-0.61,-0.15,Black,541.5
207,4,car,LOST,16,186,0.0,283.22,390.5,0.05,-0.01,Grey,708.15
207,5,can,OCCLUDED,40,86,0.044,1007.17,386.55,-1.09,0.1,Orange,384.89
207,7,bicycle,OCCLUDED,71,79,0.122,702.96,435.16,1.12,-0.72,Green,75792.52
207,17,can,LOST,3,105,0.0,250.57,353.8,1.85,0.04,Black,6595.71
207,21,car,VISIBLE,42,0,0.4607,562.87,415.21,-3.5,0.03,Grey,642.2
207,23,car,OCCLUDED,55,29,0.678,588.98,416.3,-2.69,0.12,Grey,346.14
207,24,can,VISIBLE,86,0,0.7892,800.87,421.95,-2.28,0.04,Green,795.62
208,1,person,VISIBLE,199,0,0.9214,632.28,365.32,-4.57,-1.39,Grey,65723.22
208,2,car,OUT_OF_BOUNDS,62,133,0.0,1856.04,392.3,4.69,0.01,Yellow,1513.4
208,3,car,VISIBLE,159,0,0.2978,704.02,413.75,-0.69,-0.19,Black,434.98
208,4,car,LOST,16,187,0.0,283.27,390.49,0.05,-0.01,Grey,708.15
208,5,can,OCCLUDED,40,87,0.033,1006.08,386.65,-1.09,0.1,Orange,384.89
208,7,bicycle,OCCLUDED,71,80,0.111,704.09,434.44,1.12,-0.72,Green,75792.52
208,17,can,LOST,3,106,0.0,252.42,353.84,1.85,0.04,Black,6595.71
208,21,car,VISIBLE,43,0,0.5552,558.84,415.09,-3.87,-0.07,Grey,648.18
208,23,car,OCCLUDED,55,30,0.667,586.29,416.43,-2.69,0.12,Grey,346.14
208,24,can,VISIBLE,87,0,0.805,798.25,421.98,-2.51,0.03,Green,837.75
209,1,person,VISIBLE,200,0,0.9229,627.92,365.93,-4.42,0.01,Grey,73630.41
209,2,car,OUT_OF_BOUNDS,62,134,0.0,1860.73,392.31,4.69,0.01,Yellow,1513.4
209,3,car,VISIBLE,160,0,0.2978,703.29,413.54,-0.72,-0.21,Black,326.67
209,4,car,LOST,16,188,0.0,283.32,390.48,0.05,-0.01,Grey,708.15
209,5,can,OCCLUDED,40,88,0.022,1004.99,386.75,-1.09,0.1,Orange,384.89
209,7,bicycle,OCCLUDED,71,81,0.1,705.21,433.72,1.12,-0.72,Green,75792.52
209,17,can,LOST,3,107,0.0,254.27,353.88,1.85,0.04,Black,6595.71
209,21,car,VISIBLE,44,0,0.4722,555.02,415.14,-3.83,0.02,Grey,636.44
209,23,car,OCCLUDED,55,31,0.656,583.6,416.55,-2.69,0.12,Grey,346.14
209,24,can,VISIBLE,88,0,0.8022,795.57,422.11,-2.64,0.1,Green,848.33
210,1,person,VISIBLE,201,0,0.9252,627.43,366.32,-1.67,0.27,Grey,79408.23
210,2,car,OUT_OF_BOUNDS,62,135,0.0,1865.42,392.32,4.69,0.01,Yellow,1513.4
210,3,car,VISIBLE,161,0,0.2978,702.57,413.34,-0.72,-0.21,Black,216.59
210,4,car,LOST,16,189,0.0,283.36,390.47,0.05,-0.01,Grey,708.15
210,5,can,OCCLUDED,40,89,0.011,1003.9,386.85,-1.09,0.1,Orange,384.89
210,7,bicycle,OCCLUDED,71,82,0.089,706.33,433.0,1.12,-0.72,Green,75792.52
210,17,can,LOST,3,108,0.0,256.12,353.92,1.85,0.04,Black,6595.71
210,21,car,VISIBLE,45,0,0.3156,550.98,414.99,-3.98,-0.1,Grey,615.97
210,23,car,OCCLUDED,55,32,0.644,580.9,416.68,-2.69,0.12,Grey,346.14
210,24,can,VISIBLE,89,0,0.8504,792.84,422.14,-2.7,0.06,Green,852.4
211,1,person,VISIBLE,202,0,0.9328,629.38,364.72,0.86,-1.04,Grey,82509.27
211,2,car,OUT_OF_BOUNDS,62,136,0.0,1870.11,392.33,4.69,0.01,Yellow,1513.4
211,3,car,VISIBLE,162,0,0.2978,701.84,413.12,-0.73,-0.21,Black,104.71
211,4,car,LOST,16,190,0.0,283.41,390.46,0.05,-0.01,Grey,708.15
211,5,can,OCCLUDED,40,90,0.0,1002.8,386.95,-1.09,0.1,Orange,384.89
211,7,bicycle,VISIBLE,72,0,0.8597,607.18,518.63,0.28,0.01,Orange,54403.75
211,17,can,LOST,3,109,0.0,257.97,353.96,1.85,0.04,Black,6595.71
211,21,car,VISIBLE,46,0,0.3156,547.54,414.96,-3.61,-0.05,Grey,612.18
211,23,car,OCCLUDED,55,33,0.633,578.21,416.8,-2.69,0.12,Grey,346.14
211,24,can,VISIBLE,90,0,0.8448,790.14,422.38,-2.69,0.18,Green,848.77
212,1,person,VISIBLE,203,0,0.9295,632.15,363.18,2.2,-1.39,Grey,83563.44
212,2,car,OUT_OF_BOUNDS,62,137,0.0,1874.8,392.34,4.69,0.01,Yellow,1513.4
212,3,car,OCCLUDED,162,1,0.989,701.11,412.91,-0.73,-0.21,Black,104.71
212,4,car,LOST,16,191,0.0,283.46,390.45,0.05,-0.01,Grey,708.15
212,5,can,LOST,40,91,0.0,1001.71,387.05,-1.09,0.1,Orange,384.89
212,7,bicycle,VISIBLE,73,0,0.8666,605.12,519.33,-1.36,0.49,Orange,56276.56
212,17,can,LOST,3,110,0.0,259.82,354.0,1.85,0.04,Black,6595.71
212,21,car,VISIBLE,47,0,0.3156,544.09,414.93,-3.49,-0.04,Grey,608.36
212,23,car,OCCLUDED,55,34,0.622,575.52,416.92,-2.69,0.12,Grey,346.14
212,24,can,VISIBLE,91,0,0.8061,787.72,422.66,-2.51,0.25,Green,836.9
213,1,person,VISIBLE,204,0,0.9262,631.63,365.38,0.3,1.13,Grey,87096.48
213,2,car,OUT_OF_BOUNDS,62,138,0.0,1879.49,392.35,4.69,0.01,Yellow,1513.4
213,3,car,OCCLUDED,162,2,0.978,700.39,412.7,-0.73,-0.21,Black,104.71
213,4,car,LOST,16,192,0.0,283.51,390.44,0.05,-0.01,Grey,708.15
213,5,can,LOST,40,92,0.0,1000.62,387.16,-1.09,0.1,Orange,384.89
213,7,bicycle,VISIBLE,74,0,0.8546,606.08,521.81,0.26,1.88,Orange,59609.0
213,17,can,LOST,3,111,0.0,261.67,354.04,1.85,0.04,Black,6595.71
213,21,car,VISIBLE,48,0,0.5033,539.39,415.58,-4.34,0.44,Grey,619.58
213,23,car,OCCLUDED,55,35,0.611,572.82,417.05,-2.69,0.12,Grey,346.14
213,24,can,VISIBLE,92,0,0.8095,784.64,423.0,-2.91,0.31,Green,859.96
214,1,person,VISIBLE,205,0,0.9322,627.89,369.85,-2.53,3.47,Grey,93513.77
214,2,car,OUT_OF_BOUNDS,62,139,0.0,1884.18,392.35,4.69,0.01,Yellow,1513.4
214,3,car,OCCLUDED,162,3,0.967,699.66,412.48,-0.73,-0.21,Black,104.71
214,4,car,LOST,16,193,0.0,283.55,390.43,0.05,-0.01,Grey,708.15
214,5,can,LOST,40,93,0.0,999.53,387.26,-1.09,0.1,Orange,384.89
214,7,bicycle,VISIBLE,75,0,0.8546,606.0,522.84,0.03,1.29,Orange,61211.69
214,17,can,LOST,3,112,0.0,263.52,354.08,1.85,0.04,Black,6595.71
214,21,car,VISIBLE,49,0,0.5362,534.5,416.11,-4.73,0.5,Grey,624.3
214,23,car,OCCLUDED,55,36,0.6,570.13,417.17,-2.69,0.12,Grey,346.14
214,24,can,VISIBLE,93,0,0.8475,781.36,423.4,-3.17,0.38,Green,877.38
215,1,person,VISIBLE,206,0,0.9396,623.62,375.32,-3.75,4.87,Grey,100503.27
215,2,car,OUT_OF_BOUNDS,62,140,0.0,1888.87,392.36,4.69,0.01,Yellow,1513.4
215,3,car,OCCLUDED,162,4,0.956,698.93,412.27,-0.73,-0.21,Black,104.71
215,4,car,LOST,16,194,0.0,283.6,390.42,0.05,-0.01,Grey,708.15
215,5,can,LOST,40,94,0.0,998.44,387.36,-1.09,0.1,Orange,384.89
215,7,bicycle,VISIBLE,76,0,0.8546,605.94,523.87,-0.04,1.11,Orange,62826.65
215,17,can,LOST,3,113,0.0,265.37,354.12,1.85,0.04,Black,6595.71
215,21,car,VISIBLE,50,0,0.3862,529.65,416.84,-4.81,0.66,Grey,628.6
215,23,car,OCCLUDED,55,37,0.589,567.43,417.3,-2.69,0.12,Grey,346.14
215,24,can,VISIBLE,94,0,0.8766,777.86,424.1,-3.4,0.6,Green,869.42
216,1,person,VISIBLE,207,0,0.9438,620.14,380.54,-3.56,5.12,Grey,106698.08
216,2,car,OUT_OF_BOUNDS,62,141,0.0,1893.55,392.37,4.69,0.01,Yellow,1513.4
216,3,car,OCCLUDED,162,5,0.944,698.21,412.06,-0.73,-0.21,Black,104.71
216,4,car,LOST,16,195,0.0,283.65,390.41,0.05,-0.01,Grey,708.15
216,5,can,LOST,40,95,0.0,997.35,387.46,-1.09,0.1,Orange,384.89
216,7,bicycle,VISIBLE,77,0,0.8546,605.87,524.9,-0.06,1.06,Orange,64453.9
216,17,can,LOST,3,114,0.0,267.22,354.16,1.85,0.04,Black,6595.71
216,21,car,VISIBLE,51,0,0.525,524.92,417.19,-4.75,0.45,Grey,635.07
216,23,car,OCCLUDED,55,38,0.578,564.74,417.42,-2.69,0.12,Grey,346.14
216,24,can,VISIBLE,95,0,0.8329,774.59,424.7,-3.31,0.6,Green,825.87
217,1,person,VISIBLE,208,0,0.9458,618.86,385.17,-1.96,4.77,Grey,111129.12
217,2,car,OUT_OF_BOUNDS,62,142,0.0,1898.24,392.38,4.69,0.01,Yellow,1513.4
217,3,car,OCCLUDED,162,6,0.933,697.48,411.85,-0.73,-0.21,Black,104.71
217,4,car,LOST,16,196,0.0,283.7,390.4,0.05,-0.01,Grey,708.15
217,5,can,LOST,40,96,0.0,996.26,387.56,-1.09,0.1,Orange,384.89
217,7,bicycle,VISIBLE,78,0,0.8546,605.8,525.94,-0.07,1.04,Orange,66093.44
217,17,can,LOST,3,115,0.0,269.07,354.2,1.85,0.04,Black,6595.71
217,21,car,VISIBLE,52,0,0.5069,520.24,417.57,-4.7,0.4,Grey,627.24
217,23,car,OCCLUDED,55,39,0.567,562.05,417.55,-2.69,0.12,Grey,346.14
217,24,can,VISIBLE,96,0,0.7638,771.5,425.08,-3.16,0.44,Green,804.89
218,1,person,VISIBLE,209,0,0.9434,618.92,387.04,-0.54,2.74,Grey,114160.32
218,2,car,OUT_OF_BOUNDS,62,143,0.0,1902.93,392.39,4.69,0.01,Yellow,1513.4
218,3,car,OCCLUDED,162,7,0.922,696.75,411.63,-0.73,-0.21,Black,104.71
218,4,car,LOST,16,197,0.0,283.75,390.39,0.05,-0.01,Grey,708.15
218,5,can,LOST,40,97,0.0,995.17,387.66,-1.09,0.1,Orange,384.89
218,7,bicycle,OCCLUDED,78,1,0.989,605.73,526.98,-0.07,1.04,Orange,66093.44
218,17,can,LOST,3,116,0.0,270.92,354.24,1.85,0.04,Black,6595.71
218,21,car,VISIBLE,53,0,0.3619,515.41,417.8,-4.79,0.28,Grey,640.13
218,23,car,OCCLUDED,55,40,0.556,559.35,417.67,-2.69,0.12,Grey,346.14
218,24,can,VISIBLE,97,0,0.7164,767.8,425.5,-3.53,0.43,Green,822.2
219,1,person,VISIBLE,210,0,0.9476,619.21,387.14,0.04,0.9,Grey,116547.79
219,2,car,OUT_OF_BOUNDS,62,144,0.0,1907.62,392.4,4.69,0.01,Yellow,1513.4
219,3,car,OCCLUDED,162,8,0.911,696.03,411.42,-0.73,-0.21,Black,104.71
219,4,car,LOST,16,198,0.0,283.79,390.38,0.05,-0.01,Grey,708.15
219,5,can,LOST,40,98,0.0,994.07,387.76,-1.09,0.1,Orange,384.89
219,7,bicycle,OCCLUDED,78,2,0.978,605.67,528.02,-0.07,1.04,Orange,66093.44
219,17,can,LOST,3,117,0.0,272.77,354.28,1.85,0.04,Black,6595.71
219,21,car,VISIBLE,54,0,0.5138,510.75,418.37,-4.7,0.48,Grey,653.66
219,23,car,OCCLUDED,55,41,0.544,556.66,417.8,-2.69,0.12,Grey,346.14
219,24,can,VISIBLE,98,0,0.795,763.89,425.81,-3.8,0.35,Green,858.89
220,1,person,VISIBLE,211,0,0.9516,620.29,385.65,0.76,-0.78,Grey,118512.7
220,2,car,OUT_OF_BOUNDS,62,145,0.0,1912.31,392.41,4.69,0.01,Yellow,1513.4
220,3,car,OCCLUDED,162,9,0.9,695.3,411.21,-0.73,-0.21,Black,104.71
220,4,car,LOST,16,199,0.0,283.84,390.38,0.05,-0.01,Grey,708.15
220,5,can,LOST,40,99,0.0,992.98,387.86,-1.09,0.1,Orange,384.89
220,7,bicycle,OCCLUDED,78,3,0.967,605.6,529.06,-0.07,1.04,Orange,66093.44
220,17,can,LOST,3,118,0.0,274.62,354.32,1.85,0.04,Black,6595.71
220,21,car,VISIBLE,55,0,0.5994,506.26,418.66,-4.55,0.35,Grey,636.46
220,23,car,OCCLUDED,55,42,0.533,553.97,417.92,-2.69,0.12,Grey,346.14
220,24,can,VISIBLE,99,0,0.6965,760.01,426.31,-3.86,0.46,Green,902.8
221,1,person,VISIBLE,212,0,0.9527,621.74,382.76,1.24,-2.25,Grey,119695.18
221,2,car,OUT_OF_BOUNDS,62,146,0.0,1917.0,392.42,4.69,0.01,Yellow,1513.4
221,3,car,OCCLUDED,162,10,0.889,694.57,411.0,-0.73,-0.21,Black,104.71
221,4,car,LOST,16,200,0.0,283.89,390.37,0.05,-0.01,Grey,708.15
221,5,can,LOST,40,100,0.0,991.89,387.97,-1.09,0.1,Orange,384.89
221,7,bicycle,OCCLUDED,78,4,0.956,605.53,530.11,-0.07,1.04,Orange,66093.44
221,17,can,LOST,3,119,0.0,276.47,354.36,1.85,0.04,Black,6595.71
221,21,car,VISIBLE,56,0,0.6358,501.85,419.25,-4.46,0.52,Grey,626.14
221,23,car,OCCLUDED,55,43,0.522,551.27,418.04,-2.69,0.12,Grey,346.14
221,24,can,VISIBLE,100,0,0.6913,756.82,427.07,-3.39,0.67,Green,910.49
222,1,person,VISIBLE,213,0,0.9517,623.09,377.75,1.32,-4.19,Grey,119845.07
222,2,car,OUT_OF_BOUNDS,62,147,0.0,1921.69,392.43,4.69,0.01,Yellow,1513.4
222,3,car,OCCLUDED,162,11,0.878,693.84,410.78,-0.73,-0.21,Black,104.71
222,4,car,LOST,16,201,0.0,283.94,390.36,0.05,-0.01,Grey,708.15
222,5,can,LOST,40,101,0.0,990.8,388.07,-1.09,0.1,Orange,384.89
222,7,bicycle,OCCLUDED,78,5,0.944,605.46,531.15,-0.07,1.04,Orange,66093.44
222,17,can,LOST,3,120,0.0,278.32,354.4,1.85,0.04,Black,6595.71
222,21,car,VISIBLE,57,0,0.6623,497.38,420.13,-4.46,0.77,Grey,648.72
222,23,car,OCCLUDED,55,44,0.511,548.58,418.17,-2.69,0.12,Grey,346.14
222,24,can,VISIBLE,101,0,0.5648,754.03,427.92,-2.97,0.79,Green,920.22
223,1,person,VISIBLE,214,0,0.9511,624.78,374.96,1.58,-3.21,Grey,120628.67
223,2,car,OUT_OF_BOUNDS,62,148,0.0,1926.38,392.44,4.69,0.01,Yellow,1513.4
223,3,car,OCCLUDED,162,12,0.867,693.12,410.57,-0.73,-0.21,Black,104.71
223,4,car,LOST,16,202,0.0,283.99,390.35,0.05,-0.01,Grey,708.15
223,5,can,LOST,40,102,0.0,989.71,388.17,-1.09,0.1,Orange,384.89
223,7,bicycle,OCCLUDED,78,6,0.933,605.4,532.19,-0.07,1.04,Orange,66093.44
223,17,can,LOST,3,121,0.0,280.17,354.44,1.85,0.04,Black,6595.71
223,21,car,VISIBLE,58,0,0.6942,493.13,421.29,-4.31,1.04,Grey,662.34
223,23,car,OCCLUDED,55,45,0.5,545.89,418.29,-2.69,0.12,Grey,346.14
223,24,can,VISIBLE,102,0,0.5615,751.25,428.98,-2.83,0.98,Green,925.53
224,1,person,VISIBLE,215,0,0.9524,627.27,375.21,2.22,-0.79,Grey,123504.79
224,2,car,OUT_OF_BOUNDS,62,149,0.0,1931.07,392.45,4.69,0.01,Yellow,1513.4
224,3,car,OCCLUDED,162,13,0.856,692.39,410.36,-0.73,-0.21,Black,104.71
224,4,car,LOST,16,203,0.0,284.03,390.34,0.05,-0.01,Grey,708.15
224,5,can,LOST,40,103,0.0,988.62,388.27,-1.09,0.1,Orange,384.89
224,7,bicycle,OCCLUDED,78,7,0.922,605.33,533.23,-0.07,1.04,Orange,66093.44
224,17,can,LOST,3,122,0.0,282.02,354.48,1.85,0.04,Black,6595.71
224,21,car,VISIBLE,59,0,0.6273,489.02,422.48,-4.17,1.14,Grey,651.83
224,23,car,OCCLUDED,55,46,0.489,543.19,418.42,-2.69,0.12,Grey,346.14
224,24,can,VISIBLE,103,0,0.4285,748.96,429.85,-2.46,0.9,Green,910.67
225,1,person,VISIBLE,216,0,0.9531,629.81,376.94,2.44,0.97,Grey,127009.67
225,2,car,OUT_OF_BOUNDS,62,150,0.0,1935.76,392.46,4.69,0.01,Yellow,1513.4
225,3,car,OCCLUDED,162,14,0.844,691.66,410.15,-0.73,-0.21,Black,104.71
225,4,car,LOST,16,204,0.0,284.08,390.33,0.05,-0.01,Grey,708.15
225,5,can,LOST,40,104,0.0,987.53,388.37,-1.09,0.1,Orange,384.89
225,7,bicycle,OCCLUDED,78,8,0.911,605.26,534.27,-0.07,1.04,Orange,66093.44
225,17,can,LOST,3,123,0.0,283.87,354.52,1.85,0.04,Black,6595.71
225,21,car,VISIBLE,60,0,0.6058,485.07,423.51,-4.01,1.07,Grey,662.44
225,23,car,OCCLUDED,55,47,0.478,540.5,418.54,-2.69,0.12,Grey,346.14
225,24,can,VISIBLE,104,0,0.3154,747.59,430.46,-1.7,0.7,Green,884.62
226,1,person,VISIBLE,217,0,0.9551,632.79,382.03,2.82,3.85,Grey,132817.94
226,2,car,OUT_OF_BOUNDS,62,151,0.0,1940.45,392.47,4.69,0.01,Yellow,1513.4
226,3,car,OCCLUDED,162,15,0.833,690.94,409.93,-0.73,-0.21,Black,104.71
226,4,car,LOST,16,205,0.0,284.13,390.32,0.05,-0.01,Grey,708.15
226,5,can,LOST,40,105,0.0,986.43,388.47,-1.09,0.1,Orange,384.89
226,7,bicycle,OCCLUDED,78,9,0.9,605.2,535.31,-0.07,1.04,Orange,66093.44
226,17,can,LOST,3,124,0.0,285.72,354.56,1.85,0.04,Black,6595.71
226,21,car,VISIBLE,61,0,0.6869,481.12,424.38,-3.97,0.93,Grey,680.14
226,23,car,OCCLUDED,55,48,0.467,537.8,418.67,-2.69,0.12,Grey,346.14
226,24,can,VISIBLE,105,0,0.3154,745.08,431.18,-2.27,0.72,Green,880.12
227,1,person,VISIBLE,218,0,0.9577,635.78,387.18,2.94,4.76,Grey,139430.35
227,2,car,OUT_OF_BOUNDS,62,152,0.0,1945.14,392.48,4.69,0.01,Yellow,1513.4
227,3,car,OCCLUDED,162,16,0.822,690.21,409.72,-0.73,-0.21,Black,104.71
227,4,car,LOST,16,206,0.0,284.18,390.31,0.05,-0.01,Grey,708.15
227,5,can,LOST,40,106,0.0,985.34,388.57,-1.09,0.1,Orange,384.89
227,7,bicycle,OCCLUDED,78,10,0.889,605.13,536.36,-0.07,1.04,Orange,66093.44
227,17,can,LOST,3,125,0.0,287.57,354.6,1.85,0.04,Black,6595.71
227,21,car,VISIBLE,62,0,0.5977,477.62,425.19,-3.65,0.84,Grey,683.91
227,23,car,OCCLUDED,55,49,0.456,535.11,418.79,-2.69,0.12,Grey,346.14
227,24,can,VISIBLE,106,0,0.3154,742.58,431.9,-2.43,0.72,Black,875.32
228,1,person,VISIBLE,219,0,0.9573,639.35,392.01,3.38,4.81,Grey,146945.87
228,2,car,OUT_OF_BOUNDS,62,153,0.0,1949.83,392.48,4.69,0.01,Yellow,1513.4
228,3,car,OCCLUDED,162,17,0.811,689.48,409.51,-0.73,-0.21,Black,104.71
228,4,car,LOST,16,207,0.0,284.22,390.3,0.05,-0.01,Grey,708.15
228,5,can,LOST,40,107,0.0,984.25,388.68,-1.09,0.1,Orange,384.89
228,7,bicycle,OCCLUDED,78,11,0.878,605.06,537.4,-0.07,1.04,Orange,66093.44
228,17,can,LOST,3,126,0.0,289.42,354.64,1.85,0.04,Black,6595.71
228,21,car,VISIBLE,63,0,0.5458,474.17,426.0,-3.5,0.82,Grey,677.2
228,23,car,OCCLUDED,55,50,0.444,532.42,418.91,-2.69,0.12,Grey,346.14
228,24,can,VISIBLE,107,0,0.3154,740.07,432.62,-2.49,0.72,Black,870.2
229,1,person,VISIBLE,220,0,0.9545,643.14,395.66,3.67,4.0,Grey,154561.88
229,2,car,OUT_OF_BOUNDS,62,154,0.0,1954.52,392.49,4.69,0.01,Yellow,1513.4
229,3,car,OCCLUDED,162,18,0.8,688.76,409.3,-0.73,-0.21,Black,104.71
229,4,car,LOST,16,208,0.0,284.27,390.29,0.05,-0.01,Grey,708.15
229,5,can,LOST,40,108,0.0,983.16,388.78,-1.09,0.1,Orange,384.89
229,7,bicycle,OCCLUDED,78,12,0.867,605.0,538.44,-0.07,1.04,Orange,66093.44
229,17,can,LOST,3,127,0.0,291.27,354.68,1.85,0.04,Black,6595.71
229,21,car,VISIBLE,64,0,0.5007,470.99,426.88,-3.28,0.86,Grey,666.93
229,23,car,OCCLUDED,55,51,0.433,529.72,419.04,-2.69,0.12,Grey,346.14
229,24,can,VISIBLE,108,0,0.3154,737.56,433.35,-2.5,0.72,Black,864.78
230,1,person,VISIBLE,221,0,0.9526,646.88,398.39,3.72,3.11,Grey,162493.22
230,2,car,OUT_OF_BOUNDS,62,155,0.0,1959.21,392.5,4.69,0.01,Yellow,1513.4
230,3,car,OCCLUDED,162,19,0.789,688.03,409.09,-0.73,-0.21,Black,104.71
230,4,car,LOST,16,209,0.0,284.32,390.28,0.05,-0.01,Grey,708.15
230,5,can,LOST,40,109,0.0,982.07,388.88,-1.09,0.1,Orange,384.89
230,7,bicycle,OCCLUDED,78,13,0.856,604.93,539.48,-0.07,1.04,Orange,66093.44
230,17,can,LOST,3,128,0.0,293.12,354.72,1.85,0.04,Black,6595.71
230,21,car,VISIBLE,65,0,0.5404,467.65,427.74,-3.32,0.86,Grey,669.16
230,23,car,OCCLUDED,55,52,0.422,527.03,419.16,-2.69,0.12,Grey,346.14
230,24,can,VISIBLE,109,0,0.3154,735.05,434.06,-2.5,0.72,Black,859.05
231,1,person,VISIBLE,222,0,0.949,650.24,399.86,3.46,1.96,Grey,170345.29
231,2,car,OUT_OF_BOUNDS,62,156,0.0,1963.9,392.51,4.69,0.01,Yellow,1513.4
231,3,car,OCCLUDED,162,20,0.778,687.3,408.87,-0.73,-0.21,Black,104.71
231,4,car,LOST,16,210,0.0,284.37,390.27,0.05,-0.01,Grey,708.15
231,5,can,LOST,40,110,0.0,980.98,388.98,-1.09,0.1,Orange,384.89
231,7,bicycle,OCCLUDED,78,14,0.844,604.86,540.52,-0.07,1.04,Orange,66093.44
231,17,can,LOST,3,129,0.0,294.97,354.76,1.85,0.04,Black,6595.71
231,21,car,VISIBLE,66,0,0.591,464.52,428.71,-3.19,0.94,Grey,680.83
231,23,car,OCCLUDED,55,53,0.411,524.34,419.29,-2.69,0.12,Grey,346.14
231,24,can,OCCLUDED,109,1,0.989,732.55,434.79,-2.5,0.72,Black,859.05
232,1,person,VISIBLE,223,0,0.9513,653.09,401.22,3.03,1.54,Grey,178638.89
232,2,car,OUT_OF_BOUNDS,62,157,0.0,1968.58,392.52,4.69,0.01,Yellow,1513.4
232,3,car,OCCLUDED,162,21,0.767,686.58,408.66,-0.73,-0.21,Black,104.71
232,4,car,LOST,16,211,0.0,284.42,390.26,0.05,-0.01,Grey,708.15
232,5,can,LOST,40,111,0.0,979.89,389.08,-1.09,0.1,Orange,384.89
232,7,bicycle,OCCLUDED,78,15,0.833,604.79,541.56,-0.07,1.04,Orange,66093.44
232,17,can,LOST,3,130,0.0,296.82,354.8,1.85,0.04,Black,6595.71
232,21,car,VISIBLE,67,0,0.5423,461.51,429.59,-3.06,0.89,Grey,680.14
232,23,car,VISIBLE,56,0,0.5029,508.5,427.27,-2.86,0.23,Grey,437.91
232,24,can,OCCLUDED,109,2,0.978,730.04,435.51,-2.5,0.72,Black,859.05
233,1,person,VISIBLE,224,0,0.9522,655.39,402.75,2.52,1.54,Grey,186326.18
233,2,car,OUT_OF_BOUNDS,62,158,0.0,1973.27,392.53,4.69,0.01,Yellow,1513.4
233,3,car,OCCLUDED,162,22,0.756,685.85,408.45,-0.73,-0.21,Black,104.71
233,4,car,LOST,16,212,0.0,284.46,390.25,0.05,-0.01,Grey,708.15
233,5,can,LOST,40,112,0.0,978.8,389.18,-1.09,0.1,Orange,384.89
233,7,bicycle,OCCLUDED,78,16,0.822,604.73,542.6,-0.07,1.04,Orange,66093.44
233,17,can,LOST,3,131,0.0,298.67,354.84,1.85,0.04,Black,6595.71
233,21,car,VISIBLE,68,0,0.5298,458.45,430.42,-3.06,0.85,Grey,686.42
233,23,car,VISIBLE,57,0,0.598,506.09,428.0,-2.55,0.58,Grey,422.14
233,24,can,OCCLUDED,109,3,0.967,727.54,436.23,-2.5,0.72,Black,859.05
234,1,person,VISIBLE,225,0,0.9528,657.58,403.94,2.29,1.29,Grey,193807.57
234,2,car,OUT_OF_BOUNDS,62,159,0.0,1977.96,392.54,4.69,0.01,Yellow,1513.4
234,3,car,OCCLUDED,162,23,0.744,685.12,408.24,-0.73,-0.21,Black,104.71
234,4,car,LOST,16,213,0.0,284.51,390.24,0.05,-0.01,Grey,708.15
234,5,can,LOST,40,113,0.0,977.7,389.28,-1.09,0.1,Orange,384.89
234,7,bicycle,OCCLUDED,78,17,0.811,604.66,543.65,-0.07,1.04,Orange,66093.44
234,17,can,LOST,3,132,0.0,300.52,354.88,1.85,0.04,Black,6595.71
234,21,car,VISIBLE,69,0,0.5673,455.3,431.46,-3.12,0.98,Grey,679.04
234,23,car,VISIBLE,58,0,0.5666,503.0,428.93,-2.93,0.82,Grey,425.25
234,24,can,OCCLUDED,109,4,0.956,725.03,436.95,-2.5,0.72,Black,859.05
235,1,person,VISIBLE,226,0,0.953,659.93,404.38,2.34,0.69,Grey,201489.79
235,2,car,OUT_OF_BOUNDS,62,160,0.0,1982.65,392.55,4.69,0.01,Yellow,1513.4
235,3,car,OCCLUDED,162,24,0.733,684.4,408.02,-0.73,-0.21,Black,104.71
235,4,car,LOST,16,214,0.0,284.56,390.24,0.05,-0.01,Grey,708.15
235,5,can,LOST,40,114,0.0,976.61,389.38,-1.09,0.1,Orange,384.89
235,7,bicycle,OCCLUDED,78,18,0.8,604.59,544.69,-0.07,1.04,Orange,66093.44
235,17,can,LOST,3,133,0.0,302.37,354.92,1.85,0.04,Black,6595.71
235,21,car,VISIBLE,70,0,0.575,451.93,432.56,-3.3,1.07,Grey,681.65
235,23,car,VISIBLE,59,0,0.5479,499.44,430.22,-3.37,1.15,Grey,423.59
235,24,can,OCCLUDED,109,5,0.944,722.53,437.67,-2.5,0.72,Black,859.05
236,1,person,VISIBLE,227,0,0.9458,661.9,402.84,2.08,-0.87,Grey,209160.23
236,2,car,OUT_OF_BOUNDS,62,161,0.0,1987.34,392.56,4.69,0.01,Yellow,1513.4
236,3,car,OCCLUDED,162,25,0.722,683.67,407.81,-0.73,-0.21,Black,104.71
236,4,car,LOST,16,215,0.0,284.61,390.23,0.05,-0.01,Grey,708.15
236,5,can,LOST,40,115,0.0,975.52,389.49,-1.09,0.1,Orange,384.89
236,7,bicycle,OCCLUDED,78,19,0.789,604.53,545.73,-0.07,1.04,Orange,66093.44
236,17,can,LOST,3,134,0.0,304.22,354.96,1.85,0.04,Black,6595.71
236,21,car,VISIBLE,71,0,0.4979,448.67,433.81,-3.27,1.19,Grey,684.59
236,23,car,VISIBLE,60,0,0.5984,495.83,431.65,-3.54,1.35,Grey,438.92
236,24,can,OCCLUDED,109,6,0.933,720.02,438.39,-2.5,0.72,Black,859.05
237,1,person,VISIBLE,228,0,0.9501,663.4,400.3,1.67,-2.03,Grey,216283.29
237,2,car,OUT_OF_BOUNDS,62,162,0.0,1992.03,392.57,4.69,0.01,Yellow,1513.4
237,3,car,OCCLUDED,162,26,0.711,682.94,407.6,-0.73,-0.21,Black,104.71
237,4,car,LOST,16,216,0.0,284.65,390.22,0.05,-0.01,Grey,708.15
237,5,can,LOST,40,116,0.0,974.43,389.59,-1.09,0.1,Orange,384.89
237,7,bicycle,OCCLUDED,78,20,0.778,604.46,546.77,-0.07,1.04,Orange,66093.44
237,17,can,LOST,3,135,0.0,306.07,355.0,1.85,0.04,Black,6595.71
237,21,car,VISIBLE,72,0,0.4584,445.5,434.69,-3.2,0.98,Grey,670.54
237,23,car,VISIBLE,61,0,0.4434,492.24,432.87,-3.58,1.26,Grey,453.52
237,24,can,OCCLUDED,109,7,0.922,717.52,439.11,-2.5,0.72,Black,859.05
238,1,person,VISIBLE,229,0,0.9568,664.06,397.69,0.96,-2.44,Grey,223728.48
238,2,car,OUT_OF_BOUNDS,62,163,0.0,1996.72,392.58,4.69,0.01,Yellow,1513.4
238,3,car,OCCLUDED,162,27,0.7,682.21,407.39,-0.73,-0.21,Black,104.71
238,4,car,LOST,16,217,0.0,284.7,390.21,0.05,-0.01,Grey,708.15
238,5,can,LOST,40,117,0.0,973.34,389.69,-1.09,0.1,Orange,384.89
238,7,bicycle,OCCLUDED,78,21,0.767,604.39,547.81,-0.07,1.04,Orange,66093.44
238,17,can,LOST,3,136,0.0,307.92,355.04,1.85,0.04,Black,6595.71
238,21,car,VISIBLE,73,0,0.4697,442.49,436.06,-3.07,1.25,Grey,682.06
238,23,car,VISIBLE,62,0,0.5663,488.56,433.88,-3.64,1.09,Grey,460.44
238,24,can,OCCLUDED,109,8,0.911,715.02,439.83,-2.5,0.72,Black,859.05
239,1,person,VISIBLE,230,0,0.961,664.84,394.23,0.83,-3.16,Grey,230834.3
239,2,car,OUT_OF_BOUNDS,62,164,0.0,2001.41,392.59,4.69,0.01,Yellow,1513.4
239,3,car,OCCLUDED,162,28,0.689,681.49,407.17,-0.73,-0.21,Black,104.71
239,4,car,LOST,16,218,0.0,284.75,390.2,0.05,-0.01,Grey,708.15
239,5,can,LOST,40,118,0.0,972.25,389.79,-1.09,0.1,Orange,384.89
239,7,bicycle,OCCLUDED,78,22,0.756,604.33,548.85,-0.07,1.04,Orange,66093.44
239,17,can,LOST,3,137,0.0,309.77,355.08,1.85,0.04,Black,6595.71
239,21,car,VISIBLE,74,0,0.5042,439.23,437.6,-3.2,1.45,Grey,675.57
239,23,car,VISIBLE,63,0,0.5837,484.81,435.04,-3.72,1.13,Grey,478.03
239,24,can,OCCLUDED,109,9,0.9,712.51,440.55,-2.5,0.72,Black,859.05
240,1,person,VISIBLE,231,0,0.9602,665.63,390.19,0.8,-3.78,Grey,238081.54
240,2,car,OUT_OF_BOUNDS,62,165,0.0,2006.1,392.6,4.69,0.01,Yellow,1513.4
240,3,car,OCCLUDED,162,29,0.678,680.76,406.96,-0.73,-0.21,Black,104.71
240,4,car,LOST,16,219,0.0,284.8,390.19,0.05,-0.01,Grey,708.15
240,5,can,LOST,40,119,0.0,971.16,389.89,-1.09,0.1,Orange,384.89
240,7,bicycle,OCCLUDED,78,23,0.744,604.26,549.9,-0.07,1.04,Orange,66093.44
240,17,can,LOST,3,138,0.0,311.62,355.12,1.85,0.04,Black,6595.71
240,21,car,VISIBLE,75,0,0.5855,435.87,438.98,-3.31,1.4,Grey,696.72
240,23,car,VISIBLE,64,0,0.5005,481.2,436.21,-3.64,1.16,Grey,479.82
240,24,can,OCCLUDED,109,10,0.889,710.01,441.27,-2.5,0.72,Black,859.05
