frame,track_id,class_name,confidence,x1,y1,x2,y2,center_x,center_y,width,height,area,aspect_ratio,shape_type,color,color_hsv,lab,chroma,raw_track_id,memory_state,velocity_x,velocity_y
2,6,car,0.777,10.93,247.32,361.15,548.45,186.04,397.88,350.22,301.14,105463.82,1.16,Spherical / Regular,Grey,"(102, 49, 88)","(32.55, -2.0, -5.0)",5.39,6,VISIBLE,0.0,0.0
2,2,car,0.748,485.85,305.48,832.11,576.68,658.98,441.08,346.26,271.2,93904.2,1.28,Horizontal Oblong,Grey,"(109, 78, 94)","(31.37, 4.0, -1.0)",4.12,2,VISIBLE,0.0,0.0
2,1,car,0.7428,991.6,318.35,1279.69,534.26,1135.64,426.3,288.09,215.92,62202.37,1.33,Horizontal Oblong,Grey,"(98, 43, 81)","(31.37, -2.0, -2.0)",2.83,1,VISIBLE,0.0,0.0
2,8,truck,0.6317,512.83,277.69,595.06,330.82,553.94,304.25,82.23,53.14,4369.6,1.55,Horizontal Oblong,Grey,"(50, 7, 180)","(72.94, -1.0, 1.0)",1.41,8,VISIBLE,0.0,0.0
2,3,car,0.6263,824.53,331.22,937.91,438.79,881.22,385.01,113.38,107.57,12196.11,1.05,Spherical / Regular,Grey,"(94, 16, 140)","(56.08, -1.0, 0.0)",1.0,3,VISIBLE,0.0,0.0
2,4,car,0.6201,896.24,317.54,1066.86,477.9,981.55,397.72,170.62,160.36,27360.23,1.06,Spherical / Regular,Grey,"(90, 35, 91)","(34.51, 0.0, 0.0)",0.0,4,VISIBLE,0.0,0.0
2,13,car,0.5969,0.0,297.72,108.12,693.42,54.06,495.57,108.12,395.7,42783.14,0.27,Vertical Oblong,Grey,"(99, 42, 61)","(23.14, -1.0, -3.0)",3.16,13,VISIBLE,0.0,0.0
2,11,person,0.5763,678.11,330.63,751.15,381.87,714.63,356.25,73.03,51.24,3742.12,1.43,Horizontal Oblong,Grey,"(98, 72, 92)","(35.29, -6.0, -7.0)",9.22,11,VISIBLE,0.0,0.0
2,9,car,0.5496,341.93,318.72,487.79,465.19,414.86,391.95,145.86,146.48,21365.07,1.0,Spherical / Regular,Orange,"(19, 64, 143)","(49.41, 2.0, 10.0)",10.2,9,VISIBLE,0.0,0.0
2,12,car,0.5535,1197.78,327.9,1280.0,651.98,1238.89,489.94,82.22,324.08,26647.21,0.25,Vertical Oblong,Grey,"(30, 18, 96)","(40.39, -1.0, 2.0)",2.24,12,VISIBLE,0.0,0.0
2,14,chair,0.3966,571.2,335.66,620.91,381.13,596.05,358.4,49.71,45.47,2260.18,1.09,Spherical / Regular,Grey,"(98, 76, 98)","(37.25, -6.0, -7.0)",9.22,14,VISIBLE,0.0,0.0
2,10,chair,0.3021,635.12,352.5,672.63,381.17,653.87,366.83,37.51,28.67,1075.37,1.31,Horizontal Oblong,Cyan,"(97, 101, 86)","(31.37, -7.0, -8.0)",10.63,10,VISIBLE,0.0,0.0
2,7,person,0.2024,200.19,282.58,257.34,333.7,228.77,308.14,57.14,51.12,2921.24,1.12,Spherical / Regular,Grey,"(98, 78, 90)","(34.12, -6.0, -7.0)",9.22,7,VISIBLE,0.0,0.0
2,15,car,0.18,428.96,320.98,520.76,409.03,474.86,365.0,91.8,88.05,8083.24,1.04,Spherical / Regular,Grey,"(84, 55, 128)","(48.82, 1.0, 5.0)",5.1,15,VISIBLE,0.0,0.0
2,5,truck,0.1566,131.39,165.39,279.4,253.23,205.4,209.31,148.01,87.83,13000.17,1.69,Horizontal Oblong,Grey,"(102, 20, 162)","(64.71, -2.0, -4.0)",4.47,5,VISIBLE,0.0,0.0
3,6,car,0.7683,8.03,246.79,360.39,549.03,184.21,397.91,352.37,302.24,106500.05,1.17,Spherical / Regular,Grey,"(102, 49, 87)","(32.16, -2.0, -5.0)",5.39,6,VISIBLE,-1.83,0.03
3,2,car,0.7449,484.66,305.07,832.95,577.36,658.81,441.22,348.29,272.29,94835.94,1.28,Horizontal Oblong,Grey,"(108, 78, 94)","(31.37, 4.0, 0.0)",4.0,2,VISIBLE,-0.17,0.14
3,1,car,0.7423,992.28,318.06,1279.67,534.51,1135.97,426.28,287.39,216.46,62207.56,1.33,Horizontal Oblong,Grey,"(99, 43, 81)","(31.37, -2.0, -2.0)",2.83,1,VISIBLE,0.33,-0.02
3,8,truck,0.5913,512.39,277.41,595.06,330.6,553.72,304.01,82.67,53.2,4397.91,1.55,Horizontal Oblong,Grey,"(50, 7, 180)","(72.94, -1.0, 1.0)",1.41,8,VISIBLE,-0.22,-0.25
3,3,car,0.6196,824.75,330.99,938.33,438.76,881.54,384.88,113.57,107.77,12239.4,1.05,Spherical / Regular,Grey,"(93, 16, 139)","(56.08, -1.0, 0.0)",1.0,3,VISIBLE,0.32,-0.13
3,4,car,0.6043,896.56,317.28,1067.76,478.11,982.16,397.69,171.2,160.83,27533.78,1.06,Spherical / Regular,Grey,"(90, 35, 90)","(34.51, 0.0, 0.0)",0.0,4,VISIBLE,0.61,-0.03
3,13,car,0.6251,0.0,300.26,105.38,693.11,52.69,496.68,105.37,392.85,41396.21,0.27,Vertical Oblong,Grey,"(99, 40, 61)","(23.14, -2.0, -3.0)",3.61,13,VISIBLE,-1.37,1.12
3,11,person,0.5835,678.92,330.46,751.38,381.86,715.15,356.16,72.47,51.4,3724.39,1.41,Horizontal Oblong,Grey,"(97, 71, 92)","(34.9, -6.0, -6.0)",8.49,11,VISIBLE,0.52,-0.09
3,9,car,0.545,340.87,318.05,487.37,465.18,414.12,391.61,146.5,147.13,21554.37,1.0,Spherical / Regular,Orange,"(19, 64, 144)","(49.41, 2.0, 11.0)",11.18,9,VISIBLE,-0.74,-0.34
3,12,car,0.5401,1199.75,328.47,1280.0,654.6,1239.88,491.53,80.25,326.13,26171.12,0.25,Vertical Oblong,Grey,"(34, 18, 95)","(40.0, -1.0, 2.0)",2.24,12,VISIBLE,0.99,1.6
3,14,chair,0.4293,571.2,335.18,620.83,381.04,596.02,358.11,49.63,45.86,2276.19,1.08,Spherical / Regular,Grey,"(97, 77, 98)","(37.25, -6.0, -7.0)",9.22,14,VISIBLE,-0.04,-0.28
3,10,chair,0.3774,634.92,352.27,672.97,381.15,653.95,366.71,38.05,28.88,1098.93,1.32,Horizontal Oblong,Cyan,"(97, 101, 86)","(31.37, -7.0, -8.0)",10.63,10,VISIBLE,0.07,-0.12
3,7,person,0.1548,203.64,282.61,256.59,333.38,230.11,308.0,52.95,50.78,2688.62,1.04,Spherical / Regular,Grey,"(99, 73, 90)","(34.31, -5.0, -7.0)",8.6,7,VISIBLE,1.35,-0.14
3,15,car,0.1723,429.55,320.75,520.47,405.68,475.01,363.21,90.92,84.93,7722.06,1.07,Spherical / Regular,Grey,"(84, 55, 125)","(47.45, 0.0, 5.0)",5.0,15,VISIBLE,0.15,-1.79
3,5,truck,0.1739,131.01,165.17,279.25,252.79,205.13,208.98,148.25,87.62,12989.16,1.69,Horizontal Oblong,Grey,"(102, 20, 162)","(64.71, -2.0, -4.0)",4.47,5,VISIBLE,-0.26,-0.33
4,6,car,0.7547,5.05,246.26,359.63,549.59,182.34,397.92,354.58,303.33,107556.28,1.17,Spherical / Regular,Grey,"(102, 49, 88)","(32.55, -2.0, -5.0)",5.39,6,VISIBLE,-1.86,0.02
4,2,car,0.7422,483.12,304.5,833.63,578.25,658.37,441.38,350.51,273.76,95953.08,1.28,Horizontal Oblong,Grey,"(108, 78, 94)","(31.37, 4.0, -1.0)",4.12,2,VISIBLE,-0.35,0.15
4,1,car,0.7429,993.54,317.57,1279.61,534.97,1136.58,426.27,286.07,217.4,62190.72,1.32,Horizontal Oblong,Grey,"(99, 44, 82)","(30.98, -2.0, -2.0)",2.83,1,VISIBLE,0.52,-0.02
4,8,truck,0.5614,512.12,277.01,595.17,330.3,553.65,303.65,83.05,53.29,4425.75,1.56,Horizontal Oblong,Grey,"(50, 7, 180)","(72.94, -1.0, 1.0)",1.41,8,VISIBLE,-0.12,-0.32
4,3,car,0.5988,825.05,330.69,938.88,438.73,881.96,384.71,113.83,108.04,12298.0,1.05,Spherical / Regular,Grey,"(94, 16, 139)","(55.69, -1.0, 0.0)",1.0,3,VISIBLE,0.39,-0.15
4,4,car,0.6223,897.16,317.15,1069.0,478.26,983.08,397.71,171.83,161.1,27682.59,1.07,Spherical / Regular,Grey,"(90, 35, 90)","(34.12, 0.0, 0.0)",0.0,4,VISIBLE,0.83,-0.0
4,13,car,0.6264,0.01,302.17,101.59,693.97,50.8,498.07,101.59,391.8,39802.25,0.26,Vertical Oblong,Grey,"(99, 40, 61)","(23.53, -2.0, -3.0)",3.61,13,VISIBLE,-1.73,1.3
4,11,person,0.5833,679.41,330.14,751.65,381.86,715.53,356.0,72.24,51.72,3736.07,1.4,Horizontal Oblong,Grey,"(98, 71, 92)","(35.29, -6.0, -6.0)",8.49,11,VISIBLE,0.42,-0.14
4,9,car,0.5336,339.21,317.62,486.96,464.95,413.08,391.29,147.75,147.34,21769.82,1.0,Spherical / Regular,Orange,"(19, 63, 145)","(49.41, 2.0, 10.0)",10.2,9,VISIBLE,-0.95,-0.33
4,12,car,0.5171,1202.75,328.79,1280.0,653.98,1241.37,491.38,77.25,325.18,25121.87,0.24,Vertical Oblong,Grey,"(34, 18, 94)","(39.61, -1.0, 1.0)",1.41,12,VISIBLE,1.35,0.37
4,14,chair,0.4487,570.98,334.77,620.54,380.97,595.76,357.87,49.56,46.2,2290.01,1.07,Spherical / Regular,Grey,"(98, 77, 98)","(37.25, -6.0, -7.0)",9.22,14,VISIBLE,-0.19,-0.25
4,10,chair,0.3647,634.63,351.98,672.73,381.12,653.68,366.55,38.1,29.14,1110.22,1.31,Horizontal Oblong,Cyan,"(97, 101, 86)","(31.37, -7.0, -8.0)",10.63,10,VISIBLE,-0.16,-0.15
4,7,person,0.1548,204.57,282.61,256.35,333.28,230.46,307.95,51.78,50.67,2623.83,1.02,Spherical / Regular,Grey,"(99, 72, 90)","(34.12, -5.0, -7.0)",8.6,7,VISIBLE,0.65,-0.08
4,15,car,0.151,429.06,320.51,519.73,404.87,474.4,362.69,90.68,84.36,7649.12,1.07,Spherical / Regular,Grey,"(90, 55, 125)","(47.06, 1.0, 4.0)",4.12,15,VISIBLE,-0.39,-0.9
4,5,truck,0.178,130.58,164.74,279.17,252.32,204.88,208.53,148.59,87.58,13013.85,1.7,Horizontal Oblong,Grey,"(102, 20, 162)","(64.71, -2.0, -4.0)",4.47,5,VISIBLE,-0.26,-0.41
5,6,car,0.7478,2.45,245.6,358.67,550.17,180.56,397.88,356.23,304.56,108494.06,1.17,Spherical / Regular,Grey,"(102, 49, 87)","(32.16, -2.0, -4.0)",4.47,6,VISIBLE,-1.8,-0.02
5,2,car,0.7455,481.11,303.77,834.58,579.33,657.84,441.55,353.47,275.56,97400.75,1.28,Horizontal Oblong,Grey,"(106, 78, 94)","(31.37, 4.0, 0.0)",4.0,2,VISIBLE,-0.48,0.17
5,1,car,0.7498,994.94,316.93,1279.6,535.35,1137.27,426.14,284.66,218.42,62177.11,1.3,Horizontal Oblong,Grey,"(99, 44, 81)","(30.98, -2.0, -2.0)",2.83,1,VISIBLE,0.64,-0.1
5,8,truck,0.508,513.28,276.41,595.05,329.01,554.16,302.71,81.77,52.59,4300.75,1.55,Horizontal Oblong,Grey,"(50, 7, 180)","(73.33, -1.0, 1.0)",1.41,8,VISIBLE,0.33,-0.76
5,3,car,0.6001,825.91,330.68,939.46,438.41,882.68,384.54,113.55,107.73,12232.89,1.05,Spherical / Regular,Grey,"(93, 16, 139)","(55.69, -1.0, 0.0)",1.0,3,VISIBLE,0.62,-0.16
5,4,car,0.5892,897.98,316.81,1070.57,478.33,984.27,397.57,172.6,161.52,27877.25,1.07,Spherical / Regular,Grey,"(90, 36, 90)","(34.12, -1.0, 0.0)",1.0,4,VISIBLE,1.08,-0.09
5,13,car,0.6226,0.0,304.47,97.5,692.48,48.75,498.48,97.49,388.01,37828.32,0.25,Vertical Oblong,Grey,"(99, 40, 62)","(23.92, -2.0, -3.0)",3.61,13,VISIBLE,-1.96,0.67
5,11,person,0.6245,679.6,329.64,751.96,381.71,715.78,355.68,72.36,52.07,3767.54,1.39,Horizontal Oblong,Grey,"(98, 72, 93)","(35.29, -6.0, -7.0)",9.22,11,VISIBLE,0.3,-0.27
5,9,car,0.5426,338.01,316.9,486.64,464.78,412.32,390.84,148.63,147.88,21978.92,1.01,Spherical / Regular,Orange,"(19, 63, 144)","(49.41, 2.0, 11.0)",11.18,9,VISIBLE,-0.82,-0.41
5,12,car,0.4924,1206.12,327.51,1280.0,652.77,1243.06,490.14,73.88,325.25,24028.11,0.23,Vertical Oblong,Grey,"(34, 19, 94)","(39.61, -1.0, 2.0)",2.24,12,VISIBLE,1.58,-0.76
5,14,chair,0.4958,571.05,334.34,620.32,381.03,595.68,357.69,49.27,46.7,2300.85,1.06,Spherical / Regular,Grey,"(97, 78, 97)","(36.86, -6.0, -7.0)",9.22,14,VISIBLE,-0.11,-0.21
5,10,chair,0.448,633.89,351.64,672.9,380.96,653.4,366.3,39.0,29.33,1143.82,1.33,Horizontal Oblong,Cyan,"(97, 101, 86)","(31.37, -7.0, -8.0)",10.63,10,VISIBLE,-0.25,-0.22
5,7,person,0.1548,205.51,282.62,256.12,333.18,230.82,307.9,50.61,50.57,2559.29,1.0,Spherical / Regular,Grey,"(99, 70, 89)","(34.12, -5.0, -6.0)",7.81,7,VISIBLE,0.44,-0.06
5,15,car,0.151,429.0,320.37,519.39,403.46,474.2,361.91,90.4,83.09,7511.03,1.09,Spherical / Regular,Grey,"(87, 55, 125)","(47.06, 0.0, 4.0)",4.0,15,VISIBLE,-0.26,-0.81
5,5,truck,0.1811,130.15,164.25,278.9,251.22,204.52,207.74,148.75,86.97,12937.17,1.71,Horizontal Oblong,Grey,"(102, 20, 162)","(64.71, -2.0, -4.0)",4.47,5,VISIBLE,-0.32,-0.68
6,6,car,0.7517,0.42,244.89,357.47,550.87,178.95,397.88,357.05,305.97,109246.74,1.17,Spherical / Regular,Grey,"(103, 48, 87)","(32.16, -1.0, -5.0)",5.1,6,VISIBLE,-1.67,-0.01
6,2,car,0.7357,478.92,301.97,834.98,580.08,656.95,441.03,356.06,278.1,99021.23,1.28,Horizontal Oblong,Grey,"(108, 77, 95)","(31.37, 4.0, -1.0)",4.12,2,VISIBLE,-0.77,-0.32
6,1,car,0.7444,996.3,316.29,1279.66,535.73,1137.98,426.01,283.36,219.44,62180.06,1.29,Horizontal Oblong,Grey,"(99, 44, 81)","(30.98, -1.0, -2.0)",2.24,1,VISIBLE,0.69,-0.12
6,8,truck,0.4723,514.21,275.92,594.8,327.85,554.51,301.88,80.59,51.93,4184.9,1.55,Horizontal Oblong,Grey,"(66, 4, 181)","(73.33, -1.0, 1.0)",1.41,8,VISIBLE,0.34,-0.8
6,3,car,0.6001,826.68,330.54,940.16,438.04,883.42,384.29,113.48,107.5,12198.87,1.06,Spherical / Regular,Grey,"(94, 16, 139)","(55.69, -1.0, 0.0)",1.0,3,VISIBLE,0.7,-0.23
6,4,car,0.5771,898.75,316.44,1072.53,477.96,985.64,397.2,173.77,161.52,28067.93,1.08,Spherical / Regular,Grey,"(90, 36, 91)","(34.51, 0.0, 0.0)",0.0,4,VISIBLE,1.28,-0.29
6,13,car,0.6002,0.0,304.46,93.23,692.33,46.62,498.4,93.23,387.86,36161.34,0.24,Vertical Oblong,Grey,"(100, 40, 63)","(24.71, -1.0, -3.0)",3.16,13,VISIBLE,-2.08,0.15
6,11,person,0.6073,679.8,328.96,752.19,381.55,715.99,355.25,72.38,52.59,3806.4,1.38,Horizontal Oblong,Grey,"(98, 71, 93)","(35.69, -6.0, -6.0)",8.49,11,VISIBLE,0.24,-0.37
6,9,car,0.533,336.5,316.06,486.31,464.58,411.4,390.32,149.81,148.52,22250.56,1.01,Spherical / Regular,Orange,"(19, 62, 143)","(49.41, 2.0, 10.0)",10.2,9,VISIBLE,-0.89,-0.49
6,12,car,0.4827,1209.32,326.26,1280.0,649.71,1244.66,487.98,70.68,323.45,22860.67,0.22,Vertical Oblong,Grey,"(34, 19, 95)","(39.61, -1.0, 1.0)",1.41,12,VISIBLE,1.59,-1.74
6,14,chair,0.481,570.7,334.01,619.98,381.05,595.34,357.53,49.28,47.04,2318.08,1.05,Spherical / Regular,Grey,"(98, 78, 98)","(37.25, -6.0, -7.0)",9.22,14,VISIBLE,-0.27,-0.17
6,10,chair,0.3624,633.44,351.23,672.7,380.51,653.07,365.87,39.26,29.27,1149.21,1.34,Horizontal Oblong,Cyan,"(96, 100, 85)","(31.37, -8.0, -8.0)",11.31,10,VISIBLE,-0.3,-0.37
6,7,person,0.1548,206.45,282.62,255.89,333.08,231.17,307.85,49.44,50.46,2494.99,0.98,Spherical / Regular,Grey,"(99, 70, 90)","(34.31, -5.0, -6.0)",7.81,7,VISIBLE,0.38,-0.05
6,15,car,0.151,428.93,320.23,519.06,402.05,474.0,361.14,90.12,81.82,7373.64,1.1,Spherical / Regular,Grey,"(95, 55, 125)","(46.47, 1.0, 4.0)",4.12,15,VISIBLE,-0.22,-0.79
6,5,truck,0.2454,129.68,163.7,278.59,250.16,204.14,206.93,148.91,86.46,12874.31,1.72,Horizontal Oblong,Grey,"(102, 20, 162)","(64.71, -2.0, -4.0)",4.47,5,VISIBLE,-0.37,-0.77
7,6,car,0.773,-0.81,244.28,356.32,551.58,177.76,397.93,357.13,307.3,109746.8,1.16,Spherical / Regular,Grey,"(103, 48, 87)","(32.16, -1.0, -5.0)",5.1,6,VISIBLE,-1.33,0.03
7,2,car,0.7338,476.39,300.6,835.79,580.82,656.09,440.71,359.4,280.22,100710.94,1.28,Horizontal Oblong,Grey,"(108, 78, 94)","(31.76, 4.0, 0.0)",4.0,2,VISIBLE,-0.83,-0.32
7,1,car,0.7491,997.91,315.49,1279.75,536.04,1138.83,425.76,281.84,220.56,62162.76,1.28,Horizontal Oblong,Grey,"(99, 45, 81)","(30.98, -1.0, -2.0)",2.24,1,VISIBLE,0.8,-0.21
7,8,truck,0.4852,514.42,275.44,594.78,326.81,554.6,301.13,80.36,51.37,4128.21,1.56,Horizontal Oblong,Grey,"(58, 4, 181)","(73.33, -1.0, 1.0)",1.41,8,VISIBLE,0.17,-0.77
7,3,car,0.5961,827.34,330.27,941.01,437.68,884.18,383.97,113.66,107.41,12208.87,1.06,Spherical / Regular,Grey,"(94, 16, 140)","(56.08, -1.0, 0.0)",1.0,3,VISIBLE,0.74,-0.29
7,4,car,0.6039,899.54,315.95,1073.95,477.98,986.74,396.97,174.41,162.02,28259.23,1.08,Spherical / Regular,Grey,"(90, 36, 91)","(34.51, 0.0, 0.0)",0.0,4,VISIBLE,1.16,-0.25
7,13,car,0.5824,0.0,304.72,89.11,696.4,44.55,500.56,89.11,391.68,34901.94,0.23,Vertical Oblong,Grey,"(100, 39, 64)","(24.71, -1.0, -3.0)",3.16,13,VISIBLE,-2.07,1.56
7,11,person,0.5948,679.15,328.31,752.42,381.32,715.78,354.81,73.27,53.01,3884.19,1.38,Horizontal Oblong,Grey,"(98, 73, 93)","(35.29, -6.0, -7.0)",9.22,11,VISIBLE,-0.07,-0.42
7,9,car,0.5163,335.08,315.54,485.87,464.39,410.48,389.97,150.79,148.85,22444.06,1.01,Spherical / Regular,Orange,"(19, 62, 142)","(49.41, 2.0, 10.0)",10.2,9,VISIBLE,-0.92,-0.39
7,12,car,0.4586,1212.66,325.69,1280.0,647.35,1246.33,486.52,67.34,321.66,21659.66,0.21,Vertical Oblong,Grey,"(50, 19, 94)","(39.61, -1.0, 1.0)",1.41,12,VISIBLE,1.65,-1.55
7,14,chair,0.4803,570.24,333.62,619.63,380.88,594.94,357.25,49.39,47.26,2334.26,1.05,Spherical / Regular,Grey,"(97, 78, 98)","(37.25, -6.0, -7.0)",9.22,14,VISIBLE,-0.37,-0.25
7,10,chair,0.3725,633.31,350.71,672.6,380.04,652.95,365.38,39.29,29.33,1152.21,1.34,Horizontal Oblong,Cyan,"(97, 101, 86)","(31.37, -7.0, -8.0)",10.63,10,VISIBLE,-0.17,-0.46
7,7,chair,0.1948,197.07,281.24,250.19,332.37,223.63,306.81,53.12,51.13,2715.99,1.04,Spherical / Regular,Grey,"(99, 70, 90)","(34.12, -5.0, -7.0)",8.6,7,VISIBLE,-5.16,-0.75
7,15,car,0.1626,428.1,319.24,519.31,413.52,473.71,366.38,91.22,94.28,8599.83,0.97,Spherical / Regular,Grey,"(30, 58, 132)","(48.63, 1.0, 6.0)",6.08,15,VISIBLE,-0.27,3.43
7,5,truck,0.2577,129.38,163.17,278.45,249.16,203.92,206.16,149.07,85.99,12818.48,1.73,Horizontal Oblong,Grey,"(102, 20, 162)","(64.71, -2.0, -4.0)",4.47,5,VISIBLE,-0.26,-0.77
8,6,car,0.7614,-1.36,243.63,355.13,552.04,176.88,397.84,356.49,308.41,109945.04,1.16,Spherical / Regular,Grey,"(103, 48, 87)","(32.16, -1.0, -5.0)",5.1,6,VISIBLE,-1.01,-0.06
8,2,car,0.7352,474.69,299.54,836.72,581.5,655.71,440.52,362.03,281.96,102078.96,1.28,Horizontal Oblong,Grey,"(113, 78, 95)","(31.76, 4.0, -1.0)",4.12,2,VISIBLE,-0.52,-0.23
8,1,car,0.7506,999.27,314.68,1279.89,536.28,1139.58,425.48,280.62,221.6,62185.96,1.27,Horizontal Oblong,Grey,"(99, 44, 81)","(30.98, -1.0, -2.0)",2.24,1,VISIBLE,0.77,-0.26
8,8,truck,0.5123,514.8,274.89,594.93,325.82,554.86,300.36,80.14,50.93,4081.31,1.57,Horizontal Oblong,Grey,"(50, 4, 181)","(73.33, -1.0, 1.0)",1.41,8,VISIBLE,0.24,-0.77
8,3,car,0.5865,827.8,329.69,941.74,437.79,884.77,383.74,113.94,108.1,12316.5,1.05,Spherical / Regular,Grey,"(94, 16, 140)","(56.08, -1.0, 0.0)",1.0,3,VISIBLE,0.64,-0.25
8,4,car,0.6345,900.24,315.69,1075.53,477.82,987.88,396.75,175.28,162.13,28418.56,1.08,Spherical / Regular,Grey,"(91, 36, 90)","(34.12, 0.0, 0.0)",0.0,4,VISIBLE,1.15,-0.22
8,13,car,0.5982,-0.0,305.89,84.9,696.87,42.45,501.38,84.9,390.98,33192.51,0.22,Vertical Oblong,Grey,"(100, 38, 64)","(25.1, -1.0, -3.0)",3.16,13,VISIBLE,-2.09,1.04
8,11,person,0.6029,679.54,327.76,752.78,380.98,716.16,354.37,73.24,53.22,3897.67,1.38,Horizontal Oblong,Grey,"(98, 74, 93)","(35.29, -6.0, -7.0)",9.22,11,VISIBLE,0.24,-0.44
8,9,car,0.5427,334.15,315.02,485.33,464.28,409.74,389.65,151.19,149.26,22566.38,1.01,Spherical / Regular,Orange,"(19, 61, 140)","(49.41, 2.0, 10.0)",10.2,9,VISIBLE,-0.79,-0.34
8,12,car,0.4676,1215.77,324.35,1280.0,645.85,1247.88,485.1,64.23,321.5,20650.09,0.2,Vertical Oblong,Grey,"(50, 18, 93)","(38.43, -1.0, 0.0)",1.0,12,VISIBLE,1.58,-1.46
8,14,chair,0.4909,569.63,333.02,619.24,380.39,594.43,356.71,49.62,47.37,2350.21,1.05,Spherical / Regular,Grey,"(97, 78, 97)","(36.86, -7.0, -7.0)",9.9,14,VISIBLE,-0.46,-0.46
8,10,chair,0.4357,633.14,350.14,672.71,379.55,652.92,364.85,39.56,29.41,1163.41,1.35,Horizontal Oblong,Cyan,"(97, 101, 86)","(31.37, -7.0, -8.0)",10.63,10,VISIBLE,-0.07,-0.51
8,7,chair,0.2614,189.78,279.74,245.72,331.73,217.75,305.74,55.94,51.99,2908.33,1.08,Spherical / Regular,Grey,"(98, 76, 90)","(34.12, -6.0, -7.0)",9.22,7,VISIBLE,-5.67,-0.97
8,15,car,0.1911,427.69,318.42,520.04,421.77,473.86,370.1,92.35,103.35,9543.91,0.89,Spherical / Regular,Grey,"(24, 59, 131)","(47.84, 2.0, 6.0)",6.32,15,VISIBLE,0.03,3.63
8,5,truck,0.2315,129.12,162.63,278.26,248.14,203.69,205.39,149.14,85.5,12751.8,1.74,Horizontal Oblong,Grey,"(102, 20, 161)","(64.71, -2.0, -4.0)",4.47,5,VISIBLE,-0.24,-0.78
9,6,car,0.7546,-1.52,243.13,354.12,552.71,176.3,397.92,355.64,309.59,110100.75,1.15,Spherical / Regular,Grey,"(102, 48, 86)","(31.76, -2.0, -4.0)",4.47,6,VISIBLE,-0.71,0.04
9,2,car,0.763,473.02,299.05,837.7,582.31,655.36,440.68,364.68,283.26,103298.77,1.29,Horizontal Oblong,Grey,"(106, 78, 94)","(31.76, 4.0, 0.0)",4.0,2,VISIBLE,-0.4,0.04
9,1,car,0.7509,1000.5,314.01,1279.97,536.57,1140.24,425.29,279.47,222.56,62199.07,1.26,Horizontal Oblong,Grey,"(95, 43, 81)","(30.98, -1.0, -2.0)",2.24,1,VISIBLE,0.69,-0.21
9,8,truck,0.5292,515.0,274.19,594.96,324.83,554.98,299.51,79.96,50.64,4049.56,1.58,Horizontal Oblong,Grey,"(50, 4, 181)","(73.33, -1.0, 1.0)",1.41,8,VISIBLE,0.15,-0.82
9,3,car,0.67,828.17,328.86,942.59,437.1,885.38,382.98,114.42,108.24,12385.04,1.06,Spherical / Regular,Grey,"(90, 17, 138)","(55.69, -1.0, 0.0)",1.0,3,VISIBLE,0.62,-0.61
9,4,car,0.6663,900.73,315.35,1077.08,477.58,988.91,396.47,176.35,162.23,28609.09,1.09,Spherical / Regular,Grey,"(90, 36, 89)","(33.73, 0.0, 0.0)",0.0,4,VISIBLE,1.06,-0.27
9,13,car,0.5346,-0.0,299.83,80.86,698.67,40.43,499.25,80.86,398.84,32250.72,0.2,Vertical Oblong,Grey,"(100, 38, 67)","(27.06, -1.0, -3.0)",3.16,13,VISIBLE,-2.04,-1.18
9,11,person,0.6481,680.04,327.24,753.05,380.54,716.55,353.89,73.01,53.3,3891.61,1.37,Horizontal Oblong,Grey,"(98, 74, 92)","(35.29, -6.0, -7.0)",9.22,11,VISIBLE,0.34,-0.47
9,9,car,0.5811,333.57,315.34,484.63,463.94,409.1,389.64,151.05,148.59,22444.92,1.02,Spherical / Regular,Orange,"(19, 61, 144)","(49.8, 2.0, 10.0)",10.2,9,VISIBLE,-0.68,-0.11
9,12,car,0.4273,1219.01,320.67,1280.0,644.95,1249.5,482.81,60.99,324.28,19778.31,0.19,Vertical Oblong,Grey,"(50, 19, 92)","(38.43, -1.0, 0.0)",1.0,12,VISIBLE,1.61,-2.04
9,14,chair,0.5262,569.56,332.5,618.79,379.76,594.18,356.13,49.24,47.26,2326.81,1.04,Spherical / Regular,Grey,"(97, 78, 97)","(36.86, -7.0, -7.0)",9.9,14,VISIBLE,-0.32,-0.54
9,10,chair,0.4821,633.29,349.46,673.21,379.12,653.25,364.29,39.92,29.65,1183.63,1.35,Horizontal Oblong,Cyan,"(97, 101, 86)","(31.37, -7.0, -8.0)",10.63,10,VISIBLE,0.21,-0.54
9,7,person,0.2837,185.22,278.53,242.95,331.0,214.09,304.77,57.73,52.47,3029.08,1.1,Spherical / Regular,Grey,"(98, 78, 90)","(34.12, -6.0, -7.0)",9.22,7,VISIBLE,-4.27,-0.97
9,15,car,0.2193,428.08,317.73,519.1,425.32,473.59,371.53,91.03,107.59,9794.06,0.85,Spherical / Regular,Brown,"(20, 60, 128)","(46.67, 2.0, 7.0)",7.28,15,VISIBLE,-0.18,2.09
9,5,truck,0.2444,128.82,162.04,278.11,247.33,203.47,204.68,149.29,85.28,12732.02,1.75,Horizontal Oblong,Grey,"(102, 20, 161)","(64.31, -2.0, -4.0)",4.47,5,VISIBLE,-0.23,-0.72
9,16,car,0.1867,801.02,318.22,897.62,403.83,849.32,361.03,96.6,85.6,8269.29,1.13,Spherical / Regular,Grey,"(84, 29, 140)","(51.76, 1.0, 4.0)",4.12,16,VISIBLE,0.0,0.0
10,6,car,0.7729,-1.43,242.05,353.08,553.45,175.82,397.75,354.51,311.39,110392.18,1.14,Spherical / Regular,Grey,"(103, 48, 86)","(31.76, -1.0, -5.0)",5.1,6,VISIBLE,-0.55,-0.11
10,2,car,0.7628,471.74,298.65,838.69,583.27,655.21,440.96,366.95,284.63,104443.42,1.29,Horizontal Oblong,Grey,"(108, 78, 95)","(31.76, 4.0, 0.0)",4.0,2,VISIBLE,-0.22,0.21
10,1,car,0.7559,1001.62,313.6,1280.02,537.2,1140.82,425.4,278.4,223.61,62251.74,1.25,Spherical / Regular,Grey,"(98, 43, 82)","(31.37, -1.0, -2.0)",2.24,1,VISIBLE,0.62,0.01
10,8,truck,0.5016,514.96,273.68,594.83,324.22,554.9,298.95,79.87,50.54,4036.91,1.58,Horizontal Oblong,Grey,"(81, 7, 182)","(73.33, -1.0, 1.0)",1.41,8,VISIBLE,-0.01,-0.64
10,3,car,0.6328,828.44,328.21,943.44,436.87,885.94,382.54,115.0,108.65,12494.95,1.06,Spherical / Regular,Grey,"(93, 17, 139)","(56.08, -1.0, 0.0)",1.0,3,VISIBLE,0.58,-0.49
10,4,car,0.6731,901.22,315.16,1078.42,477.53,989.82,396.34,177.2,162.37,28772.23,1.09,Spherical / Regular,Grey,"(90, 36, 89)","(33.73, 0.0, 0.0)",0.0,4,VISIBLE,0.96,-0.16
10,13,car,0.4553,0.0,293.89,76.61,695.96,38.31,494.92,76.6,402.07,30800.12,0.19,Vertical Oblong,Grey,"(100, 39, 72)","(28.24, -1.0, -3.0)",3.16,13,VISIBLE,-2.1,-3.38
10,11,person,0.6456,680.72,326.89,753.35,380.29,717.03,353.59,72.62,53.4,3878.38,1.36,Horizontal Oblong,Grey,"(98, 73, 93)","(35.29, -6.0, -7.0)",9.22,11,VISIBLE,0.45,-0.35
10,9,car,0.5402,333.02,314.23,483.89,463.82,408.46,389.02,150.87,149.59,22568.57,1.01,Spherical / Regular,Orange,"(19, 60, 145)","(50.59, 2.0, 10.0)",10.2,9,VISIBLE,-0.66,-0.46
10,12,car,0.4173,1222.58,318.2,1280.0,646.29,1251.29,482.24,57.42,328.09,18839.71,0.18,Vertical Oblong,Grey,"(50, 17, 88)","(36.86, -1.0, 0.0)",1.0,12,VISIBLE,1.73,-1.01
10,14,chair,0.4976,569.23,332.17,618.5,379.38,593.86,355.78,49.26,47.21,2325.98,1.04,Spherical / Regular,Grey,"(97, 81, 97)","(36.86, -6.0, -7.0)",9.22,14,VISIBLE,-0.31,-0.41
10,10,chair,0.4691,633.3,348.95,673.3,378.89,653.3,363.92,40.0,29.93,1197.25,1.34,Horizontal Oblong,Cyan,"(96, 98, 85)","(31.37, -8.0, -7.0)",10.63,10,VISIBLE,0.1,-0.42
10,7,person,0.3799,181.51,277.16,240.61,330.45,211.06,303.81,59.1,53.29,3149.52,1.11,Spherical / Regular,Grey,"(98, 77, 90)","(34.12, -6.0, -7.0)",9.22,7,VISIBLE,-3.4,-0.96
10,15,car,0.1969,429.17,317.17,518.66,428.15,473.92,372.66,89.49,110.97,9931.21,0.81,Spherical / Regular,Grey,"(20, 62, 127)","(46.27, 2.0, 6.0)",6.32,15,VISIBLE,0.17,1.42
10,5,truck,0.1939,128.61,161.53,278.15,246.71,203.38,204.12,149.54,85.18,12737.83,1.76,Horizontal Oblong,Grey,"(102, 20, 161)","(64.31, -2.0, -4.0)",4.47,5,VISIBLE,-0.13,-0.61
10,16,car,0.1867,801.21,318.2,897.66,403.52,849.44,360.86,96.44,85.32,8228.29,1.13,Spherical / Regular,Grey,"(94, 31, 141)","(50.98, 1.0, 4.0)",4.12,16,VISIBLE,0.12,-0.17
11,6,car,0.7717,-1.23,240.94,351.96,554.34,175.36,397.64,353.19,313.39,110686.14,1.13,Spherical / Regular,Grey,"(103, 49, 86)","(31.76, -1.0, -5.0)",5.1,6,VISIBLE,-0.49,-0.11
11,2,car,0.7591,470.59,297.98,839.54,584.08,655.06,441.03,368.95,286.11,105560.16,1.29,Horizontal Oblong,Grey,"(110, 79, 95)","(31.76, 4.0, 0.0)",4.0,2,VISIBLE,-0.17,0.11
11,1,car,0.7547,1002.56,313.26,1280.04,537.77,1141.3,425.51,277.48,224.51,62298.56,1.24,Spherical / Regular,Grey,"(95, 42, 82)","(31.37, -1.0, -2.0)",2.24,1,VISIBLE,0.52,0.08
11,8,truck,0.5008,514.78,273.25,594.72,323.91,554.75,298.58,79.93,50.67,4049.79,1.58,Horizontal Oblong,Grey,"(66, 7, 183)","(73.73, -1.0, 1.0)",1.41,8,VISIBLE,-0.11,-0.45
11,3,car,0.6331,829.22,327.95,943.99,437.09,886.61,382.52,114.77,109.14,12526.67,1.05,Spherical / Regular,Grey,"(93, 16, 139)","(55.69, -1.0, 0.0)",1.0,3,VISIBLE,0.64,-0.16
11,4,car,0.6771,901.8,314.94,1079.68,477.62,990.74,396.28,177.89,162.67,28937.33,1.09,Spherical / Regular,Grey,"(90, 36, 89)","(34.12, 0.0, 0.0)",0.0,4,VISIBLE,0.93,-0.09
11,13,car,0.4068,0.01,299.05,72.57,692.79,36.29,495.92,72.57,393.74,28572.07,0.18,Vertical Oblong,Grey,"(100, 39, 74)","(29.41, -1.0, -3.0)",3.16,13,VISIBLE,-2.04,-0.32
11,11,person,0.6394,681.02,326.7,753.64,380.17,717.33,353.44,72.61,53.47,3882.47,1.36,Horizontal Oblong,Grey,"(98, 72, 92)","(35.29, -6.0, -7.0)",9.22,11,VISIBLE,0.34,-0.21
11,9,car,0.5414,332.47,313.1,483.21,463.7,407.84,388.4,150.74,150.6,22700.32,1.0,Spherical / Regular,Orange,"(19, 60, 145)","(50.59, 2.0, 10.0)",10.2,9,VISIBLE,-0.63,-0.58
11,12,car,0.4001,1225.85,317.1,1280.0,648.13,1252.92,482.61,54.15,331.03,17926.73,0.16,Vertical Oblong,Grey,"(81, 17, 85)","(35.69, -1.0, 0.0)",1.0,12,VISIBLE,1.66,-0.04
11,14,chair,0.5058,568.85,332.0,618.07,379.13,593.46,355.56,49.21,47.13,2319.57,1.04,Spherical / Regular,Grey,"(98, 81, 97)","(36.86, -6.0, -7.0)",9.22,14,VISIBLE,-0.38,-0.27
11,10,chair,0.4749,633.1,348.57,673.45,378.81,653.28,363.69,40.35,30.24,1220.43,1.33,Horizontal Oblong,Cyan,"(96, 100, 85)","(31.37, -8.0, -7.0)",10.63,10,VISIBLE,0.01,-0.29
11,7,person,0.4007,178.34,275.81,238.99,330.05,208.67,302.93,60.65,54.24,3289.58,1.12,Spherical / Regular,Grey,"(98, 76, 91)","(34.51, -6.0, -7.0)",9.22,7,VISIBLE,-2.7,-0.9
11,15,car,0.1973,429.47,316.94,518.39,428.35,473.93,372.65,88.91,111.41,9905.49,0.8,Spherical / Regular,Grey,"(20, 63, 126)","(45.88, 2.0, 6.0)",6.32,15,VISIBLE,0.06,0.42
11,5,truck,0.2143,128.34,160.94,278.09,246.21,203.21,203.57,149.75,85.27,12768.35,1.76,Horizontal Oblong,Grey,"(102, 20, 161)","(64.31, -2.0, -4.0)",4.47,5,VISIBLE,-0.15,-0.57
11,16,car,0.1552,802.18,317.61,898.22,403.28,850.2,360.45,96.04,85.68,8228.57,1.12,Spherical / Regular,Grey,"(94, 30, 140)","(50.2, 1.0, 3.0)",3.16,16,VISIBLE,0.57,-0.34
12,6,car,0.7615,-0.97,240.05,350.67,555.17,174.85,397.61,351.64,315.13,110812.1,1.12,Spherical / Regular,Grey,"(103, 48, 86)","(31.76, -1.0, -5.0)",5.1,6,VISIBLE,-0.51,-0.05
12,2,car,0.767,469.47,297.5,840.23,585.01,654.85,441.26,370.76,287.51,106595.98,1.29,Horizontal Oblong,Grey,"(111, 80, 95)","(31.76, 4.0, -1.0)",4.12,2,VISIBLE,-0.2,0.19
12,1,car,0.7592,1003.59,313.09,1280.05,538.34,1141.82,425.72,276.47,225.24,62272.48,1.23,Spherical / Regular,Grey,"(95, 41, 81)","(31.37, -1.0, -2.0)",2.24,1,VISIBLE,0.52,0.17
12,8,truck,0.5124,514.67,272.94,594.65,323.82,554.66,298.38,79.99,50.88,4069.95,1.57,Horizontal Oblong,Grey,"(84, 7, 183)","(73.92, -1.0, 0.0)",1.0,8,VISIBLE,-0.09,-0.28
12,3,car,0.6478,829.01,327.79,944.29,437.31,886.65,382.55,115.28,109.53,12625.75,1.05,Spherical / Regular,Grey,"(93, 16, 138)","(55.29, -1.0, 0.0)",1.0,3,VISIBLE,0.22,-0.03
12,4,car,0.6781,902.27,314.9,1080.72,477.83,991.49,396.36,178.45,162.92,29074.25,1.1,Spherical / Regular,Grey,"(90, 36, 89)","(34.12, 0.0, 0.0)",0.0,4,VISIBLE,0.81,0.03
12,13,car,0.4306,0.01,304.09,68.36,687.7,34.18,495.89,68.36,383.6,26222.24,0.18,Vertical Oblong,Grey,"(100, 39, 77)","(30.59, -1.0, -3.0)",3.16,13,VISIBLE,-2.09,-0.11
12,11,person,0.6489,680.78,326.62,753.78,380.16,717.28,353.39,73.0,53.54,3908.24,1.36,Horizontal Oblong,Grey,"(98, 74, 92)","(35.29, -6.0, -7.0)",9.22,11,VISIBLE,0.07,-0.1
12,9,car,0.5425,331.66,312.39,482.48,463.79,407.07,388.09,150.82,151.41,22835.4,1.0,Spherical / Regular,Orange,"(19, 60, 146)","(50.98, 2.0, 10.0)",10.2,9,VISIBLE,-0.73,-0.39
12,12,car,0.3822,1228.8,315.02,1280.0,651.52,1254.4,483.27,51.2,336.51,17228.44,0.15,Vertical Oblong,Grey,"(84, 16, 87)","(36.08, -1.0, 0.0)",1.0,12,VISIBLE,1.53,0.45
12,14,chair,0.5001,568.01,331.86,617.46,379.11,592.74,355.48,49.45,47.25,2336.36,1.05,Spherical / Regular,Grey,"(98, 79, 97)","(36.86, -6.0, -7.0)",9.22,14,VISIBLE,-0.62,-0.14
12,10,chair,0.5004,633.01,348.36,673.61,378.81,653.31,363.59,40.6,30.44,1235.97,1.33,Horizontal Oblong,Cyan,"(96, 100, 85)","(31.37, -8.0, -7.0)",10.63,10,VISIBLE,0.03,-0.16
12,7,person,0.3608,175.85,275.73,237.51,329.79,206.68,302.76,61.66,54.05,3332.73,1.14,Spherical / Regular,Grey,"(98, 77, 91)","(34.51, -6.0, -7.0)",9.22,7,VISIBLE,-2.2,-0.39
12,15,car,0.2057,429.31,316.81,516.67,424.94,472.99,370.87,87.36,108.13,9446.05,0.81,Spherical / Regular,Grey,"(25, 61, 127)","(46.08, 2.0, 6.0)",6.32,15,VISIBLE,-0.64,-1.11
12,5,truck,0.1998,127.98,160.5,277.79,245.86,202.88,203.18,149.8,85.37,12788.4,1.75,Horizontal Oblong,Grey,"(102, 20, 161)","(64.31, -2.0, -4.0)",4.47,5,VISIBLE,-0.28,-0.45
12,16,car,0.1976,802.8,317.18,898.67,403.58,850.73,360.38,95.87,86.4,8283.29,1.11,Spherical / Regular,Grey,"(94, 31, 139)","(49.8, 1.0, 3.0)",3.16,16,VISIBLE,0.55,-0.15
13,6,car,0.7589,-0.72,239.29,349.16,555.96,174.22,397.62,349.88,316.67,110797.14,1.1,Spherical / Regular,Grey,"(102, 48, 86)","(31.76, -2.0, -4.0)",4.47,6,VISIBLE,-0.59,-0.01
13,2,car,0.7663,469.23,297.15,840.84,586.03,655.04,441.59,371.61,288.88,107350.43,1.29,Horizontal Oblong,Grey,"(105, 81, 95)","(31.76, 4.0, 0.0)",4.0,2,VISIBLE,0.07,0.29
13,1,car,0.7602,1004.63,312.99,1280.05,538.93,1142.34,425.96,275.42,225.94,62228.59,1.22,Spherical / Regular,Grey,"(95, 41, 82)","(31.37, -1.0, -1.0)",1.41,1,VISIBLE,0.52,0.22
13,8,truck,0.5259,514.41,272.61,594.85,323.84,554.63,298.22,80.44,51.23,4121.46,1.57,Horizontal Oblong,Grey,"(66, 7, 183)","(73.73, -1.0, 1.0)",1.41,8,VISIBLE,-0.05,-0.19
13,3,car,0.6573,829.26,327.62,944.88,437.21,887.07,382.41,115.62,109.59,12671.05,1.06,Spherical / Regular,Grey,"(90, 17, 139)","(55.69, -1.0, 0.0)",1.0,3,VISIBLE,0.36,-0.1
13,4,car,0.68,902.78,314.92,1081.41,478.05,992.1,396.49,178.63,163.13,29139.47,1.1,Spherical / Regular,Grey,"(90, 36, 88)","(34.12, -1.0, 0.0)",1.0,4,VISIBLE,0.66,0.09
13,13,car,0.298,0.0,306.99,64.05,685.85,32.02,496.42,64.04,378.86,24262.99,0.17,Vertical Oblong,Grey,"(100, 38, 80)","(31.76, -1.0, -3.0)",3.16,13,VISIBLE,-2.14,0.33
13,11,person,0.6133,680.0,326.53,753.9,380.23,716.95,353.38,73.9,53.71,3968.58,1.38,Horizontal Oblong,Grey,"(98, 75, 92)","(34.9, -6.0, -7.0)",9.22,11,VISIBLE,-0.21,-0.04
13,9,car,0.5691,330.55,312.17,481.81,463.9,406.18,388.04,151.27,151.73,22952.18,1.0,Spherical / Regular,Orange,"(19, 60, 145)","(51.37, 2.0, 10.0)",10.2,9,VISIBLE,-0.84,-0.16
13,12,car,0.3654,1231.68,316.85,1280.0,652.62,1255.84,484.73,48.32,335.77,16223.32,0.14,Vertical Oblong,Grey,"(84, 18, 83)","(34.51, -1.0, 0.0)",1.0,12,VISIBLE,1.47,1.16
13,14,chair,0.5049,567.7,331.73,616.74,379.23,592.22,355.48,49.03,47.5,2329.18,1.03,Spherical / Regular,Grey,"(98, 81, 98)","(36.86, -6.0, -7.0)",9.22,14,VISIBLE,-0.55,-0.04
13,10,chair,0.503,632.75,348.23,673.49,378.91,653.12,363.57,40.75,30.67,1249.86,1.33,Horizontal Oblong,Cyan,"(96, 101, 85)","(31.37, -8.0, -7.5)",10.97,10,VISIBLE,-0.12,-0.06
13,7,person,0.39,174.09,275.21,235.97,329.77,205.03,302.49,61.87,54.56,3375.97,1.13,Spherical / Regular,Grey,"(98, 76, 91)","(34.51, -6.0, -7.0)",9.22,7,VISIBLE,-1.81,-0.31
13,15,car,0.2617,429.0,316.79,514.71,421.62,471.85,369.2,85.71,104.83,8985.38,0.82,Spherical / Regular,Grey,"(21, 60, 130)","(47.06, 2.0, 6.0)",6.32,15,VISIBLE,-0.99,-1.5
13,5,truck,0.1867,127.62,160.24,277.52,245.75,202.57,202.99,149.9,85.5,12817.5,1.75,Horizontal Oblong,Grey,"(102, 20, 160)","(64.31, -2.0, -4.0)",4.47,5,VISIBLE,-0.3,-0.26
13,16,car,0.2085,803.12,316.9,899.04,403.33,851.08,360.12,95.92,86.43,8290.33,1.11,Spherical / Regular,Grey,"(84, 30, 137)","(49.41, 1.0, 3.0)",3.16,16,VISIBLE,0.41,-0.23
14,6,car,0.776,-0.49,238.62,347.67,556.63,173.59,397.62,348.17,318.01,110721.42,1.09,Spherical / Regular,Grey,"(103, 48, 87)","(32.16, -1.0, -5.0)",5.1,6,VISIBLE,-0.62,-0.0
14,2,car,0.7512,469.07,297.3,841.86,587.38,655.47,442.34,372.79,290.08,108138.61,1.29,Horizontal Oblong,Grey,"(113, 78, 95)","(31.76, 4.0, -1.0)",4.12,2,VISIBLE,0.32,0.61
14,1,car,0.7638,1005.71,312.97,1280.04,539.78,1142.88,426.37,274.34,226.8,62220.43,1.21,Spherical / Regular,Grey,"(95, 41, 83)","(31.76, -1.0, -1.0)",1.41,1,VISIBLE,0.53,0.36
14,8,truck,0.4986,514.28,272.43,595.03,323.9,554.65,298.16,80.74,51.47,4155.57,1.57,Horizontal Oblong,Grey,"(90, 6, 184)","(73.73, -1.0, 0.0)",1.0,8,VISIBLE,0.0,-0.1
14,3,car,0.6383,830.03,327.74,945.41,437.34,887.72,382.54,115.38,109.6,12646.42,1.05,Spherical / Regular,Grey,"(90, 16, 140)","(56.08, -1.0, 0.0)",1.0,3,VISIBLE,0.56,0.06
14,4,car,0.6608,903.38,315.02,1082.19,478.4,992.78,396.71,178.81,163.39,29215.55,1.09,Spherical / Regular,Grey,"(90, 36, 88)","(33.73, 0.0, 0.0)",0.0,4,VISIBLE,0.68,0.19
14,13,car,0.3142,0.0,314.7,59.88,685.89,29.94,500.3,59.88,371.19,22226.42,0.16,Vertical Oblong,Grey,"(100, 37, 84)","(33.33, -1.0, -2.0)",2.24,13,VISIBLE,-2.1,2.81
14,11,person,0.6303,680.04,326.52,754.36,380.46,717.2,353.49,74.32,53.94,4008.83,1.38,Horizontal Oblong,Grey,"(98, 74, 92)","(35.29, -6.0, -7.0)",9.22,11,VISIBLE,0.11,0.07
14,9,car,0.5474,329.17,312.24,481.27,464.14,405.22,388.19,152.1,151.89,23103.56,1.0,Spherical / Regular,Orange,"(19, 60, 145)","(51.37, 2.0, 10.0)",10.2,9,VISIBLE,-0.92,0.06
14,12,car,0.3538,1234.19,315.13,1280.0,655.35,1257.1,485.24,45.81,340.22,15584.51,0.13,Vertical Oblong,Grey,"(90, 17, 81)","(32.94, -1.0, 0.0)",1.0,12,VISIBLE,1.32,0.7
14,14,chair,0.5157,567.58,331.69,616.47,379.53,592.02,355.61,48.89,47.84,2339.02,1.02,Spherical / Regular,Grey,"(98, 79, 97)","(36.86, -6.0, -7.0)",9.22,14,VISIBLE,-0.3,0.08
14,10,chair,0.4798,632.88,348.2,672.93,379.03,652.91,363.61,40.05,30.83,1234.84,1.3,Horizontal Oblong,Cyan,"(96, 97, 85)","(31.37, -8.0, -7.0)",10.63,10,VISIBLE,-0.19,0.01
14,7,person,0.3489,173.31,275.41,233.06,329.69,203.18,302.55,59.75,54.28,3243.3,1.1,Spherical / Regular,Grey,"(98, 73, 91)","(34.9, -6.0, -7.0)",9.22,7,VISIBLE,-1.84,-0.05
14,15,car,0.2658,427.88,316.82,513.18,418.18,470.53,367.5,85.3,101.36,8645.75,0.84,Spherical / Regular,Grey,"(25, 59, 132)","(47.84, 2.0, 6.0)",6.32,15,VISIBLE,-1.22,-1.64
14,5,truck,0.1751,127.3,160.07,277.33,245.75,202.32,202.91,150.03,85.68,12854.86,1.75,Horizontal Oblong,Grey,"(102, 20, 161)","(64.31, -2.0, -4.0)",4.47,5,VISIBLE,-0.27,-0.14
14,16,car,0.2011,803.24,317.06,899.55,404.02,851.39,360.54,96.31,86.96,8374.61,1.11,Spherical / Regular,Grey,"(96, 31, 138)","(49.8, 1.0, 3.0)",3.16,16,VISIBLE,0.34,0.23
15,6,car,0.7613,-0.31,238.16,345.99,557.39,172.84,397.77,346.3,319.23,110549.6,1.08,Spherical / Regular,Grey,"(103, 48, 86)","(31.76, -1.0, -5.0)",5.1,6,VISIBLE,-0.71,0.1
15,2,car,0.7526,468.46,297.42,842.82,588.71,655.64,443.06,374.36,291.29,109048.12,1.29,Horizontal Oblong,Grey,"(111, 79, 95)","(31.76, 4.0, 0.0)",4.0,2,VISIBLE,0.22,0.69
15,1,car,0.7674,1006.65,313.0,1280.04,540.84,1143.35,426.92,273.38,227.84,62286.29,1.2,Spherical / Regular,Grey,"(95, 38, 83)","(31.76, -1.0, -1.0)",1.41,1,VISIBLE,0.49,0.49
15,8,truck,0.4906,514.21,272.36,595.1,323.94,554.65,298.15,80.89,51.58,4172.52,1.57,Horizontal Oblong,Grey,"(90, 6, 184)","(74.12, -1.0, 0.0)",1.0,8,VISIBLE,0.0,-0.04
15,3,car,0.6282,829.92,327.56,946.01,437.48,887.96,382.52,116.09,109.92,12760.24,1.06,Spherical / Regular,Grey,"(90, 16, 140)","(56.47, -1.0, 0.0)",1.0,3,VISIBLE,0.34,0.0
15,4,car,0.6381,903.97,315.15,1083.11,478.78,993.54,396.96,179.14,163.63,29312.36,1.09,Spherical / Regular,Grey,"(90, 36, 88)","(33.73, 0.0, 0.0)",0.0,4,VISIBLE,0.73,0.23
15,13,car,0.3319,0.0,319.4,55.69,684.95,27.85,502.18,55.69,365.54,20356.87,0.15,Vertical Oblong,Grey,"(100, 37, 86)","(34.12, -1.0, -2.0)",2.24,13,VISIBLE,-2.1,2.16
15,11,person,0.6309,680.3,326.59,754.95,380.69,717.62,353.64,74.65,54.1,4038.13,1.38,Horizontal Oblong,Grey,"(97, 75, 92)","(35.29, -6.0, -7.0)",9.22,11,VISIBLE,0.33,0.12
15,9,car,0.5484,327.62,312.43,480.76,464.58,404.19,388.5,153.14,152.16,23300.56,1.01,Spherical / Regular,Orange,"(19, 59, 144)","(51.37, 2.0, 10.0)",10.2,9,VISIBLE,-1.0,0.24
15,12,car,0.3055,1237.53,312.99,1280.0,656.1,1258.76,484.54,42.47,343.12,14573.52,0.12,Vertical Oblong,Grey,"(90, 20, 76)","(31.37, -1.0, 0.0)",1.0,12,VISIBLE,1.56,-0.28
15,14,chair,0.521,567.37,331.71,616.36,379.97,591.86,355.84,48.99,48.26,2364.38,1.02,Spherical / Regular,Grey,"(98, 81, 98)","(36.86, -6.0, -7.0)",9.22,14,VISIBLE,-0.2,0.18
15,10,chair,0.4957,632.94,348.34,672.83,379.29,652.89,363.82,39.89,30.95,1234.67,1.29,Horizontal Oblong,Cyan,"(97, 101, 86)","(31.37, -7.0, -8.0)",10.63,10,VISIBLE,-0.07,0.14
15,7,person,0.4092,172.4,275.72,230.23,329.53,201.32,302.62,57.83,53.81,3111.78,1.07,Spherical / Regular,Grey,"(98, 73, 91)","(34.9, -5.0, -7.0)",8.6,7,VISIBLE,-1.86,0.04
15,15,car,0.3022,426.71,316.97,511.41,416.71,469.06,366.84,84.7,99.74,8447.88,0.85,Spherical / Regular,Grey,"(21, 59, 133)","(48.24, 2.0, 6.0)",6.32,15,VISIBLE,-1.4,-0.96
15,5,truck,0.1751,126.98,159.71,277.15,245.4,202.07,202.55,150.17,85.69,12868.2,1.75,Horizontal Oblong,Grey,"(102, 20, 161)","(64.31, -2.0, -4.0)",4.47,5,VISIBLE,-0.26,-0.29
15,16,car,0.1866,803.42,317.28,899.85,403.41,851.64,360.35,96.43,86.12,8304.94,1.12,Spherical / Regular,Grey,"(95, 33, 136)","(48.24, 1.0, 4.0)",4.12,16,VISIBLE,0.27,-0.07
16,6,car,0.7571,-0.17,237.64,344.52,558.45,172.17,398.04,344.69,320.81,110579.2,1.07,Spherical / Regular,Grey,"(103, 48, 87)","(31.76, -1.0, -5.0)",5.1,6,VISIBLE,-0.68,0.22
16,2,car,0.7533,468.02,297.55,843.3,589.99,655.66,443.77,375.28,292.45,109748.53,1.28,Horizontal Oblong,Grey,"(113, 81, 95)","(31.76, 4.0, 0.0)",4.0,2,VISIBLE,0.08,0.7
16,1,car,0.7716,1007.59,312.93,1280.03,541.9,1143.81,427.41,272.44,228.97,62378.64,1.19,Spherical / Regular,Grey,"(95, 37, 83)","(31.76, -1.0, 0.0)",1.0,1,VISIBLE,0.47,0.49
16,8,truck,0.5112,514.12,272.3,595.03,323.94,554.57,298.12,80.91,51.65,4178.82,1.57,Horizontal Oblong,Grey,"(90, 6, 184)","(73.73, -1.0, 0.0)",1.0,8,VISIBLE,-0.06,-0.03
16,3,car,0.6145,829.8,327.48,946.63,437.67,888.22,382.57,116.82,110.19,12873.01,1.06,Spherical / Regular,Grey,"(90, 16, 141)","(56.47, -1.0, 0.0)",1.0,3,VISIBLE,0.28,0.04
16,4,car,0.6083,904.41,315.13,1084.43,479.2,994.42,397.16,180.01,164.07,29535.22,1.1,Spherical / Regular,Grey,"(90, 35, 88)","(33.33, 0.0, 0.0)",0.0,4,VISIBLE,0.84,0.21
16,13,car,0.2751,0.0,302.17,51.27,686.93,25.63,494.55,51.27,384.75,19724.65,0.13,Vertical Oblong,Grey,"(100, 37, 87)","(34.51, -1.0, -2.0)",2.24,13,VISIBLE,-2.18,-4.69
16,11,person,0.6355,680.68,326.64,755.47,380.88,718.07,353.76,74.79,54.24,4056.72,1.38,Horizontal Oblong,Grey,"(98, 74, 93)","(35.29, -6.0, -7.0)",9.22,11,VISIBLE,0.41,0.12
16,9,car,0.5376,326.13,312.1,480.42,465.01,403.28,388.56,154.29,152.91,23592.56,1.01,Spherical / Regular,Orange,"(18, 59, 144)","(51.37, 2.0, 10.0)",10.2,9,VISIBLE,-0.94,0.11
16,12,car,0.2875,1240.81,315.9,1280.0,657.03,1260.4,486.47,39.19,341.13,13370.64,0.11,Vertical Oblong,Grey,"(90, 19, 74)","(29.41, -1.0, 0.0)",1.0,12,VISIBLE,1.62,1.26
16,14,chair,0.5046,566.73,331.7,616.18,380.31,591.45,356.01,49.45,48.61,2403.68,1.02,Spherical / Regular,Grey,"(98, 81, 97)","(36.86, -6.0, -7.0)",9.22,14,VISIBLE,-0.35,0.17
16,10,chair,0.5111,632.89,348.46,672.94,379.49,652.92,363.97,40.05,31.03,1242.89,1.29,Horizontal Oblong,Cyan,"(97, 96, 85)","(31.37, -8.0, -7.0)",10.63,10,VISIBLE,-0.0,0.16
16,7,person,0.473,171.4,275.98,227.9,329.25,199.65,302.62,56.5,53.26,3009.3,1.06,Spherical / Regular,Grey,"(98, 73, 91)","(34.51, -6.0, -7.0)",9.22,7,VISIBLE,-1.72,0.0
16,15,car,0.3025,426.38,317.1,510.15,415.48,468.27,366.29,83.77,98.38,8241.43,0.85,Spherical / Regular,Grey,"(21, 58, 133)","(48.24, 2.0, 6.0)",6.32,15,VISIBLE,-0.98,-0.67
16,5,truck,0.1751,126.66,159.34,276.96,245.05,201.81,202.2,150.3,85.7,12881.53,1.75,Horizontal Oblong,Grey,"(102, 20, 161)","(64.31, -2.0, -4.0)",4.47,5,VISIBLE,-0.26,-0.34
16,16,car,0.2437,803.34,317.55,899.82,404.78,851.58,361.16,96.48,87.24,8416.4,1.11,Spherical / Regular,Grey,"(94, 32, 135)","(48.63, 1.0, 4.0)",4.12,16,VISIBLE,0.04,0.55
17,6,car,0.7792,-0.07,237.04,343.12,559.44,171.52,398.24,343.2,322.4,110646.67,1.06,Spherical / Regular,Grey,"(102, 48, 86)","(31.76, -2.0, -5.0)",5.39,6,VISIBLE,-0.66,0.2
17,2,car,0.7567,466.94,296.97,843.91,591.07,655.43,444.02,376.96,294.1,110866.23,1.28,Horizontal Oblong,Grey,"(106, 80, 95)","(31.37, 4.0, 0.0)",4.0,2,VISIBLE,-0.14,0.39
17,1,car,0.7763,1008.76,312.58,1280.02,542.61,1144.39,427.6,271.26,230.04,62399.98,1.18,Spherical / Regular,Grey,"(95, 36, 82)","(31.37, -1.0, 0.0)",1.0,1,VISIBLE,0.55,0.27
17,8,truck,0.5318,513.89,272.18,595.12,323.81,554.5,298.0,81.23,51.63,4194.07,1.57,Horizontal Oblong,Grey,"(50, 7, 183)","(73.73, -1.0, 1.0)",1.41,8,VISIBLE,-0.07,-0.1
17,3,car,0.6265,828.09,327.68,947.16,437.7,887.63,382.69,119.08,110.02,13100.75,1.08,Spherical / Regular,Grey,"(84, 16, 140)","(56.47, -1.0, 0.0)",1.0,3,VISIBLE,-0.33,0.09
17,4,car,0.6086,904.56,315.02,1085.87,479.51,995.21,397.26,181.31,164.49,29823.87,1.1,Spherical / Regular,Grey,"(90, 36, 86)","(32.55, 0.0, 0.0)",0.0,4,VISIBLE,0.81,0.13
17,13,car,0.2682,0.0,310.64,46.95,685.73,23.48,498.19,46.95,375.09,17611.76,0.13,Vertical Oblong,Grey,"(100, 37, 86)","(34.51, -1.0, -2.0)",2.24,13,VISIBLE,-2.16,1.14
17,11,person,0.6078,681.07,326.68,755.9,380.99,718.49,353.84,74.83,54.31,4064.04,1.38,Horizontal Oblong,Grey,"(98, 75, 92)","(34.9, -6.0, -7.0)",9.22,11,VISIBLE,0.41,0.09
17,9,car,0.5684,324.98,311.53,479.85,465.18,402.41,388.36,154.87,153.65,23795.7,1.01,Spherical / Regular,Brown,"(19, 58, 142)","(51.76, 2.0, 9.0)",9.22,9,VISIBLE,-0.88,-0.11
17,12,car,0.2632,1243.9,322.17,1280.0,660.08,1261.95,491.12,36.1,337.91,12197.67,0.11,Vertical Oblong,Grey,"(90, 21, 66)","(26.27, -1.0, 0.0)",1.0,12,VISIBLE,1.57,3.64
17,14,chair,0.4851,566.11,331.47,615.9,380.53,591.01,356.0,49.79,49.06,2442.5,1.01,Spherical / Regular,Grey,"(97, 81, 97)","(36.86, -6.0, -7.0)",9.22,14,VISIBLE,-0.42,0.05
17,10,chair,0.4929,632.5,348.37,672.48,379.47,652.49,363.92,39.98,31.09,1243.32,1.29,Horizontal Oblong,Cyan,"(97, 96, 85)","(31.37, -8.0, -7.0)",10.63,10,VISIBLE,-0.3,0.01
17,7,person,0.5417,170.33,275.44,226.31,329.1,198.32,302.27,55.99,53.66,3004.49,1.04,Spherical / Regular,Grey,"(98, 71, 91)","(34.9, -5.0, -7.0)",8.6,7,VISIBLE,-1.45,-0.24
17,15,car,0.3409,425.98,317.09,508.95,413.58,467.47,365.34,82.96,96.5,8005.64,0.86,Spherical / Regular,Grey,"(21, 58, 134)","(49.02, 2.0, 6.0)",6.32,15,VISIBLE,-0.85,-0.87
17,5,truck,0.1751,126.35,158.98,276.78,244.7,201.56,201.84,150.43,85.72,12894.88,1.76,Horizontal Oblong,Grey,"(102, 20, 161)","(64.31, -2.0, -4.0)",4.47,5,VISIBLE,-0.25,-0.35
17,16,car,0.2016,803.12,317.3,900.39,403.6,851.75,360.45,97.27,86.3,8394.4,1.13,Spherical / Regular,Grey,"(84, 34, 134)","(47.65, 0.0, 4.0)",4.0,16,VISIBLE,0.14,-0.33
18,6,car,0.777,-0.01,236.46,341.69,560.36,170.84,398.41,341.7,323.9,110677.74,1.05,Spherical / Regular,Grey,"(103, 48, 86)","(31.76, -1.0, -5.0)",5.1,6,VISIBLE,-0.68,0.18
18,2,car,0.7496,466.05,296.3,844.6,592.21,655.33,444.26,378.55,295.92,112019.45,1.28,Horizontal Oblong,Grey,"(111, 79, 95)","(31.76, 4.0, 0.0)",4.0,2,VISIBLE,-0.11,0.28
18,1,car,0.7799,1010.12,312.14,1280.01,543.16,1145.07,427.65,269.89,231.02,62349.33,1.17,Spherical / Regular,Grey,"(95, 36, 82)","(31.76, -1.0, 0.0)",1.0,1,VISIBLE,0.64,0.12
18,8,truck,0.5357,513.61,272.12,595.02,323.35,554.32,297.74,81.42,51.22,4170.41,1.59,Horizontal Oblong,Grey,"(50, 7, 183)","(73.73, -1.0, 1.0)",1.41,8,VISIBLE,-0.15,-0.21
18,3,car,0.5923,826.01,327.68,947.94,437.58,886.97,382.63,121.94,109.9,13400.59,1.11,Spherical / Regular,Grey,"(90, 15, 141)","(56.86, -1.0, 0.0)",1.0,3,VISIBLE,-0.55,-0.01
18,4,car,0.6003,904.71,314.73,1087.84,479.67,996.28,397.2,183.13,164.94,30205.5,1.11,Spherical / Regular,Grey,"(90, 35, 87)","(32.94, 0.0, 0.0)",0.0,4,VISIBLE,0.98,-0.01
18,13,car,0.2933,0.0,319.24,42.72,684.88,21.36,502.06,42.72,365.64,15619.51,0.12,Vertical Oblong,Grey,"(100, 37, 84)","(33.33, -1.0, -2.0)",2.24,13,VISIBLE,-2.13,3.05
18,11,person,0.5895,680.74,326.57,756.36,381.03,718.55,353.8,75.62,54.46,4118.12,1.39,Horizontal Oblong,Grey,"(98, 75, 92)","(34.9, -6.0, -7.0)",9.22,11,VISIBLE,0.17,0.0
18,9,car,0.5234,324.13,310.56,479.17,465.34,401.65,387.95,155.04,154.78,23996.11,1.0,Spherical / Regular,Orange,"(18, 59, 145)","(51.76, 2.0, 10.0)",10.2,9,VISIBLE,-0.8,-0.32
18,12,car,0.2368,1246.96,331.65,1280.0,660.71,1263.48,496.18,33.04,329.05,10873.37,0.1,Vertical Oblong,Grey,"(90, 21, 63)","(24.71, -1.0, 0.0)",1.0,12,VISIBLE,1.54,4.63
18,14,chair,0.4942,565.8,331.22,615.77,380.45,590.79,355.84,49.97,49.23,2460.15,1.02,Spherical / Regular,Grey,"(98, 81, 97)","(36.86, -6.0, -7.0)",9.22,14,VISIBLE,-0.28,-0.1
18,10,chair,0.4556,632.04,348.02,672.13,379.37,652.09,363.69,40.09,31.35,1256.96,1.28,Horizontal Oblong,Cyan,"(97, 100, 86)","(31.37, -7.0, -8.0)",10.63,10,VISIBLE,-0.37,-0.16
18,7,person,0.5294,168.67,274.83,224.94,328.85,196.81,301.84,56.27,54.02,3039.51,1.04,Spherical / Regular,Grey,"(98, 71, 92)","(34.9, -5.0, -7.0)",8.6,7,VISIBLE,-1.49,-0.37
18,15,car,0.2577,424.82,316.88,508.2,411.28,466.51,364.08,83.38,94.4,7871.34,0.88,Spherical / Regular,Grey,"(42, 58, 134)","(48.63, 2.0, 6.0)",6.32,15,VISIBLE,-0.92,-1.14
18,5,truck,0.1751,126.03,158.61,276.6,244.34,201.31,201.48,150.57,85.73,12908.22,1.76,Horizontal Oblong,Grey,"(102, 20, 161)","(64.31, -2.0, -4.0)",4.47,5,VISIBLE,-0.25,-0.36
18,16,car,0.2016,803.2,317.26,900.72,403.51,851.96,360.38,97.52,86.24,8410.71,1.13,Spherical / Regular,Grey,"(94, 34, 136)","(48.24, 1.0, 3.0)",3.16,16,VISIBLE,0.18,-0.15
19,6,car,0.7654,0.02,235.9,340.33,561.01,170.18,398.46,340.31,325.1,110635.81,1.05,Spherical / Regular,Grey,"(103, 47, 86)","(31.76, -1.0, -5.0)",5.1,6,VISIBLE,-0.67,0.09
19,2,car,0.7414,464.12,295.69,845.0,593.17,654.56,444.43,380.89,297.48,113307.79,1.28,Horizontal Oblong,Grey,"(108, 79, 95)","(31.37, 4.0, 0.0)",4.0,2,VISIBLE,-0.57,0.21
19,1,car,0.7709,1011.38,311.56,1280.01,543.53,1145.69,427.55,268.63,231.97,62312.67,1.16,Spherical / Regular,Grey,"(95, 36, 82)","(31.76, -1.0, 0.0)",1.0,1,VISIBLE,0.63,-0.04
19,8,truck,0.5391,513.47,271.97,594.77,322.81,554.12,297.39,81.3,50.84,4133.09,1.6,Horizontal Oblong,Grey,"(66, 6, 184)","(73.73, -1.0, 1.0)",1.41,8,VISIBLE,-0.18,-0.3
19,3,car,0.5783,823.42,327.49,948.99,437.24,886.21,382.36,125.57,109.75,13780.64,1.14,Spherical / Regular,Grey,"(87, 15, 140)","(56.86, -1.0, 0.0)",1.0,3,VISIBLE,-0.71,-0.19
19,4,car,0.606,904.95,314.43,1089.83,479.74,997.39,397.08,184.88,165.31,30562.15,1.12,Spherical / Regular,Grey,"(90, 35, 86)","(32.94, 0.0, 0.0)",0.0,4,VISIBLE,1.08,-0.08
19,13,car,0.2733,0.0,317.86,38.74,686.63,19.37,502.25,38.74,368.77,14285.25,0.11,Vertical Oblong,Grey,"(100, 38, 79)","(31.37, -1.0, -2.0)",2.24,13,VISIBLE,-2.03,1.05
19,11,person,0.5835,679.98,326.34,757.34,380.95,718.66,353.64,77.36,54.61,4224.82,1.42,Horizontal Oblong,Grey,"(98, 75, 92)","(34.9, -6.0, -7.0)",9.22,11,VISIBLE,0.13,-0.11
19,9,car,0.5349,322.96,309.75,478.75,465.49,400.86,387.62,155.78,155.74,24261.18,1.0,Spherical / Regular,Brown,"(19, 59, 143)","(51.37, 2.0, 9.0)",9.22,9,VISIBLE,-0.8,-0.33
19,12,car,0.1989,1249.95,337.25,1280.0,662.18,1264.97,499.71,30.05,324.94,9764.68,0.09,Vertical Oblong,Grey,"(90, 21, 60)","(23.92, -1.0, 0.0)",1.0,12,VISIBLE,1.51,3.86
19,14,chair,0.522,565.43,331.0,615.39,380.15,590.41,355.57,49.96,49.16,2455.81,1.02,Spherical / Regular,Grey,"(98, 78, 97)","(36.08, -6.0, -7.0)",9.22,14,VISIBLE,-0.35,-0.21
19,10,chair,0.4538,631.53,347.51,671.83,379.19,651.68,363.35,40.3,31.67,1276.42,1.27,Horizontal Oblong,Grey,"(97, 100, 86)","(31.37, -7.0, -7.0)",9.9,10,VISIBLE,-0.4,-0.29
19,7,person,0.4838,167.03,274.31,224.28,328.48,195.66,301.39,57.25,54.18,3101.65,1.06,Spherical / Regular,Grey,"(99, 65, 91)","(35.29, -5.0, -6.0)",7.81,7,VISIBLE,-1.25,-0.42
19,15,car,0.224,422.51,316.25,507.97,409.77,465.24,363.01,85.47,93.52,7992.66,0.91,Spherical / Regular,Grey,"(81, 57, 132)","(47.45, 2.0, 6.0)",6.32,15,VISIBLE,-1.17,-1.09
19,5,truck,0.1751,125.71,158.25,276.41,243.99,201.06,201.12,150.7,85.74,12921.57,1.76,Horizontal Oblong,Grey,"(102, 20, 161)","(64.31, -2.0, -4.0)",4.47,5,VISIBLE,-0.25,-0.36
19,16,car,0.2016,803.28,317.23,901.05,403.42,852.16,360.32,97.78,86.19,8426.99,1.13,Spherical / Regular,Grey,"(93, 34, 133)","(47.84, 1.0, 3.0)",3.16,16,VISIBLE,0.2,-0.09
20,6,car,0.7548,0.04,235.23,338.98,561.63,169.51,398.43,338.93,326.4,110627.55,1.04,Spherical / Regular,Grey,"(103, 47, 86)","(31.76, -1.0, -5.0)",5.1,6,VISIBLE,-0.67,0.01
20,2,car,0.736,461.84,295.14,845.83,593.81,653.84,444.48,383.99,298.67,114683.91,1.29,Horizontal Oblong,Grey,"(111, 78, 95)","(31.76, 4.0, 0.0)",4.0,2,VISIBLE,-0.68,0.09
20,1,car,0.7733,1012.68,310.87,1280.0,543.8,1146.34,427.34,267.33,232.93,62267.51,1.15,Spherical / Regular,Grey,"(95, 35, 83)","(31.76, -1.0, 0.0)",1.0,1,VISIBLE,0.64,-0.16
20,8,truck,0.5211,513.17,271.64,594.69,322.3,553.93,296.97,81.52,50.66,4129.99,1.61,Horizontal Oblong,Grey,"(50, 7, 184)","(73.73, -1.0, 1.0)",1.41,8,VISIBLE,-0.19,-0.39
20,3,car,0.5807,819.95,327.16,949.95,436.92,884.95,382.04,130.0,109.76,14268.9,1.18,Spherical / Regular,Grey,"(90, 16, 139)","(56.08, -1.0, 0.0)",1.0,3,VISIBLE,-1.09,-0.28
20,4,car,0.6258,905.38,314.32,1091.57,479.69,998.47,397.0,186.19,165.36,30789.7,1.13,Spherical / Regular,Grey,"(90, 35, 86)","(32.55, 0.0, 0.0)",0.0,4,VISIBLE,1.08,-0.08
20,13,car,0.217,0.0,315.58,35.04,688.27,17.52,501.92,35.04,372.69,13060.28,0.09,Vertical Oblong,Grey,"(100, 38, 75)","(29.41, -1.0, -2.0)",2.24,13,VISIBLE,-1.9,0.09
20,11,person,0.5958,679.56,326.03,757.6,380.79,718.58,353.41,78.04,54.76,4273.28,1.43,Horizontal Oblong,Grey,"(98, 75, 92)","(34.9, -6.0, -7.0)",9.22,11,VISIBLE,-0.02,-0.2
20,9,car,0.5547,322.02,309.13,477.97,465.61,399.99,387.37,155.95,156.48,24403.56,1.0,Spherical / Regular,Orange,"(18, 59, 145)","(51.76, 2.0, 10.0)",10.2,9,VISIBLE,-0.84,-0.27
20,12,car,0.1989,1253.0,341.4,1280.0,663.6,1266.5,502.5,27.0,322.2,8697.86,0.08,Vertical Oblong,Black,"(94, 22, 58)","(21.96, -1.0, -1.0)",1.41,12,VISIBLE,1.52,3.11
20,14,chair,0.4869,564.75,330.64,615.11,379.71,589.93,355.18,50.36,49.07,2471.02,1.03,Spherical / Regular,Grey,"(98, 77, 97)","(36.86, -6.0, -7.0)",9.22,14,VISIBLE,-0.44,-0.34
20,10,chair,0.4782,630.93,347.11,671.72,379.07,651.32,363.09,40.79,31.96,1303.51,1.28,Horizontal Oblong,Grey,"(97, 99, 86)","(31.37, -7.0, -7.0)",9.9,10,VISIBLE,-0.37,-0.27
20,7,person,0.3246,166.85,274.47,222.02,328.09,194.44,301.28,55.16,53.62,2957.73,1.03,Spherical / Regular,Grey,"(100, 64, 92)","(34.9, -4.0, -6.0)",7.21,7,VISIBLE,-1.23,-0.21
20,15,car,0.2511,418.9,315.83,507.51,408.84,463.2,362.34,88.61,93.01,8241.47,0.95,Spherical / Regular,Grey,"(30, 56, 131)","(48.63, 2.0, 5.0)",5.39,15,VISIBLE,-1.77,-0.8
20,16,car,0.2016,803.36,317.2,901.38,403.33,852.37,360.26,98.03,86.13,8443.24,1.14,Spherical / Regular,Grey,"(100, 34, 134)","(47.45, 1.0, 3.0)",3.16,16,VISIBLE,0.2,-0.07
21,6,car,0.76,0.05,234.67,337.68,561.91,168.86,398.29,337.64,327.24,110487.59,1.03,Spherical / Regular,Grey,"(102, 47, 85)","(31.76, -2.0, -4.0)",4.47,6,VISIBLE,-0.65,-0.1
21,2,car,0.7376,460.13,294.51,847.9,594.31,654.01,444.41,387.77,299.8,116252.55,1.29,Horizontal Oblong,Grey,"(106, 78, 95)","(31.37, 4.0, 0.0)",4.0,2,VISIBLE,-0.08,-0.02
21,1,car,0.7672,1013.85,310.13,1280.0,543.89,1146.93,427.01,266.15,233.76,62214.65,1.14,Spherical / Regular,Grey,"(94, 35, 82)","(31.76, -1.0, 0.0)",1.0,1,VISIBLE,0.6,-0.27
21,8,truck,0.5339,512.9,271.03,594.59,321.89,553.74,296.46,81.69,50.85,4154.41,1.61,Horizontal Oblong,Grey,"(50, 7, 183)","(73.73, -1.0, 1.0)",1.41,8,VISIBLE,-0.19,-0.47
21,3,car,0.5884,822.81,326.7,950.76,436.57,886.78,381.64,127.95,109.87,14057.26,1.16,Spherical / Regular,Grey,"(84, 16, 140)","(56.47, -1.0, 1.0)",1.41,3,VISIBLE,0.96,-0.37
21,4,car,0.6387,905.91,314.31,1092.86,479.59,999.38,396.95,186.95,165.28,30899.32,1.13,Spherical / Regular,Grey,"(90, 35, 85)","(32.16, 0.0, 0.0)",0.0,4,VISIBLE,0.96,-0.06
21,13,car,0.1624,0.0,310.36,31.22,694.04,15.61,502.2,31.22,383.68,11979.96,0.08,Vertical Oblong,Grey,"(100, 40, 69)","(27.25, -1.0, -2.0)",2.24,13,VISIBLE,-1.91,0.22
21,11,person,0.5817,679.72,325.6,757.84,380.51,718.78,353.06,78.12,54.9,4288.75,1.42,Horizontal Oblong,Grey,"(97, 75, 91)","(34.51, -6.0, -7.0)",9.22,11,VISIBLE,0.13,-0.31
21,9,car,0.5889,321.19,308.32,477.57,465.47,399.38,386.89,156.37,157.14,24573.45,1.0,Spherical / Regular,Orange,"(19, 60, 142)","(51.37, 2.0, 10.0)",10.2,9,VISIBLE,-0.68,-0.41
21,12,car,0.1989,1256.06,345.55,1280.0,665.01,1268.03,505.28,23.94,319.47,7647.77,0.07,Vertical Oblong,Black,"(94, 24, 55)","(21.18, -1.0, -1.0)",1.41,12,VISIBLE,1.53,2.88
21,14,chair,0.5118,563.92,330.08,614.5,379.35,589.21,354.71,50.59,49.27,2492.27,1.03,Spherical / Regular,Grey,"(98, 78, 97)","(36.08, -6.0, -7.0)",9.22,14,VISIBLE,-0.64,-0.43
21,10,chair,0.5037,630.39,346.79,671.79,378.93,651.09,362.86,41.39,32.14,1330.55,1.29,Horizontal Oblong,Cyan,"(96, 97, 85)","(31.37, -8.0, -7.0)",10.63,10,VISIBLE,-0.27,-0.24
21,7,person,0.3335,164.63,274.43,219.36,327.71,192.0,301.07,54.73,53.28,2916.16,1.03,Spherical / Regular,Grey,"(99, 63, 91)","(34.9, -4.0, -6.0)",7.21,7,VISIBLE,-2.08,-0.21
21,15,car,0.2711,417.05,315.43,507.38,408.82,462.22,362.13,90.33,93.39,8436.2,0.97,Spherical / Regular,Grey,"(30, 57, 130)","(47.25, 1.0, 6.0)",6.08,15,VISIBLE,-1.23,-0.39
21,16,car,0.1889,803.05,316.28,901.09,403.14,852.07,359.71,98.04,86.86,8516.45,1.13,Spherical / Regular,Grey,"(90, 33, 133)","(47.06, 1.0, 4.0)",4.12,16,VISIBLE,-0.15,-0.41
22,6,car,0.7669,0.04,234.03,336.52,562.38,168.28,398.2,336.47,328.35,110480.25,1.02,Spherical / Regular,Grey,"(103, 46, 86)","(31.76, -1.0, -4.0)",4.12,6,VISIBLE,-0.6,-0.09
22,2,car,0.727,458.61,292.57,850.92,595.08,654.77,443.82,392.31,302.52,118681.38,1.3,Horizontal Oblong,Grey,"(113, 77, 96)","(31.76, 4.0, 0.0)",4.0,2,VISIBLE,0.5,-0.41
22,1,car,0.7654,1015.12,309.36,1280.0,544.22,1147.56,426.79,264.88,234.86,62210.33,1.13,Spherical / Regular,Grey,"(94, 33, 82)","(31.76, -1.0, 0.0)",1.0,1,VISIBLE,0.63,-0.24
22,8,truck,0.4959,512.61,270.45,594.6,321.32,553.6,295.88,81.99,50.87,4170.89,1.61,Horizontal Oblong,Grey,"(50, 7, 184)","(74.12, -1.0, 1.0)",1.41,8,VISIBLE,-0.15,-0.54
22,3,car,0.5431,825.09,326.39,951.45,436.35,888.27,381.37,126.36,109.95,13893.99,1.15,Spherical / Regular,Grey,"(90, 16, 140)","(56.47, -1.0, 0.0)",1.0,3,VISIBLE,1.33,-0.3
22,4,car,0.6264,906.48,314.08,1093.98,479.23,1000.23,396.65,187.51,165.15,30966.6,1.14,Spherical / Regular,Grey,"(90, 34, 86)","(32.55, 0.0, 0.0)",0.0,4,VISIBLE,0.88,-0.23
22,13,car,0.1624,-0.0,309.48,27.24,695.87,13.62,502.68,27.24,386.39,10525.8,0.07,Vertical Oblong,Grey,"(100, 40, 62)","(24.31, -1.0, -2.0)",2.24,13,VISIBLE,-1.97,0.4
22,11,person,0.5763,680.1,325.01,757.8,380.22,718.95,352.62,77.7,55.21,4290.02,1.41,Horizontal Oblong,Grey,"(98, 75, 91)","(34.51, -6.0, -7.0)",9.22,11,VISIBLE,0.16,-0.4
22,9,car,0.5583,320.24,308.06,477.41,465.29,398.83,386.67,157.17,157.23,24712.16,1.0,Spherical / Regular,Orange,"(18, 59, 144)","(51.37, 2.0, 10.0)",10.2,9,VISIBLE,-0.59,-0.28
22,12,car,0.1989,1259.12,349.69,1280.0,666.42,1269.56,508.06,20.88,316.73,6614.39,0.07,Vertical Oblong,Black,"(99, 26, 54)","(20.78, -1.0, -2.0)",2.24,12,VISIBLE,1.53,2.81
22,14,chair,0.4795,563.33,329.54,614.05,379.09,588.69,354.31,50.72,49.55,2513.17,1.02,Spherical / Regular,Cyan,"(98, 81, 97)","(36.08, -6.0, -8.0)",10.0,14,VISIBLE,-0.55,-0.41
22,10,chair,0.4709,629.91,346.62,671.86,378.69,650.88,362.65,41.95,32.07,1345.54,1.31,Horizontal Oblong,Grey,"(97, 96, 86)","(31.76, -7.0, -7.0)",9.9,10,VISIBLE,-0.23,-0.22
22,7,person,0.554,160.88,273.87,216.32,326.97,188.6,300.42,55.44,53.1,2943.95,1.04,Spherical / Regular,Grey,"(99, 65, 91)","(34.51, -4.0, -7.0)",8.06,7,VISIBLE,-3.0,-0.52
22,15,car,0.2178,415.43,315.05,507.67,408.13,461.55,361.59,92.23,93.08,8585.09,0.99,Spherical / Regular,Grey,"(27, 56, 131)","(48.63, 2.0, 6.0)",6.32,15,VISIBLE,-0.83,-0.49
22,16,car,0.1889,803.03,316.01,901.26,403.03,852.14,359.52,98.23,87.02,8547.92,1.13,Spherical / Regular,Grey,"(96, 33, 132)","(47.06, 1.0, 3.0)",3.16,16,VISIBLE,0.01,-0.26
23,6,car,0.7547,0.04,233.2,335.1,562.93,167.57,398.06,335.07,329.73,110481.68,1.02,Spherical / Regular,Grey,"(102, 46, 86)","(31.76, -2.0, -4.0)",4.47,6,VISIBLE,-0.68,-0.12
23,2,car,0.7403,457.09,290.79,853.06,595.83,655.07,443.31,395.97,305.04,120786.25,1.3,Horizontal Oblong,Grey,"(111, 77, 96)","(31.76, 4.0, 0.0)",4.0,2,VISIBLE,0.37,-0.48
23,1,car,0.793,1016.04,308.47,1280.0,544.52,1148.02,426.49,263.96,236.05,62306.22,1.12,Spherical / Regular,Grey,"(90, 33, 83)","(32.16, -1.0, 0.0)",1.0,1,VISIBLE,0.51,-0.28
23,8,truck,0.4796,512.27,270.02,594.52,320.48,553.39,295.25,82.26,50.46,4150.63,1.63,Horizontal Oblong,Grey,"(50, 7, 184)","(74.12, -1.0, 1.0)",1.41,8,VISIBLE,-0.19,-0.61
23,3,car,0.5228,826.75,325.68,952.48,436.19,889.62,380.93,125.73,110.51,13894.15,1.14,Spherical / Regular,Grey,"(90, 16, 141)","(56.86, -1.0, 0.0)",1.0,3,VISIBLE,1.34,-0.39
23,4,car,0.6356,907.15,313.53,1095.08,478.88,1001.12,396.21,187.93,165.35,31072.97,1.14,Spherical / Regular,Grey,"(90, 34, 86)","(32.94, 0.0, 0.0)",0.0,4,VISIBLE,0.88,-0.38
23,13,car,0.1624,-0.0,308.6,23.26,697.7,11.63,503.15,23.26,389.1,9050.04,0.06,Vertical Oblong,Grey,"(100, 40, 58)","(22.75, -2.0, -2.0)",2.83,13,VISIBLE,-1.98,0.45
23,11,person,0.596,680.55,324.34,757.91,379.94,719.23,352.14,77.36,55.61,4301.77,1.39,Horizontal Oblong,Grey,"(98, 75, 92)","(34.51, -6.0, -7.0)",9.22,11,VISIBLE,0.24,-0.45
23,9,car,0.5492,319.44,307.71,477.97,465.89,398.71,386.8,158.53,158.18,25076.05,1.0,Spherical / Regular,Orange,"(19, 59, 145)","(51.37, 2.0, 10.0)",10.2,9,VISIBLE,-0.26,0.0
23,12,car,0.1989,1262.17,353.84,1280.0,667.84,1271.09,510.84,17.83,313.99,5597.74,0.06,Vertical Oblong,Grey,"(98, 27, 58)","(22.75, -2.0, -2.0)",2.83,12,VISIBLE,1.53,2.79
23,14,chair,0.4913,562.3,328.97,613.75,378.88,588.03,353.92,51.45,49.91,2567.81,1.03,Spherical / Regular,Cyan,"(98, 78, 97)","(36.86, -6.0, -8.0)",10.0,14,VISIBLE,-0.63,-0.4
23,10,chair,0.4394,629.61,346.38,671.87,378.23,650.74,362.3,42.27,31.85,1345.99,1.33,Horizontal Oblong,Cyan,"(97, 97, 85)","(31.37, -8.0, -7.0)",10.63,10,VISIBLE,-0.17,-0.31
23,7,person,0.6011,157.84,272.81,213.92,326.36,185.88,299.58,56.09,53.55,3003.11,1.05,Spherical / Regular,Grey,"(99, 68, 91)","(34.51, -5.0, -7.0)",8.6,7,VISIBLE,-2.8,-0.74
23,15,car,0.1796,414.12,314.55,508.74,412.48,461.43,363.52,94.62,97.92,9265.52,0.97,Spherical / Regular,Brown,"(21, 56, 131)","(48.24, 2.0, 7.0)",7.28,15,VISIBLE,-0.33,1.2
23,16,car,0.1889,803.0,315.75,901.43,402.92,852.22,359.33,98.42,87.17,8579.44,1.13,Spherical / Regular,Grey,"(100, 34, 134)","(46.27, 1.0, 3.0)",3.16,16,VISIBLE,0.05,-0.21
24,6,car,0.7649,0.03,232.34,333.34,563.51,166.68,397.93,333.31,331.17,110382.21,1.01,Spherical / Regular,Grey,"(102, 46, 86)","(31.76, -1.0, -4.0)",4.12,6,VISIBLE,-0.82,-0.14
24,2,car,0.7448,455.68,289.42,854.68,596.57,655.18,443.0,399.0,307.15,122553.2,1.3,Horizontal Oblong,Grey,"(111, 78, 97)","(32.16, 4.0, 0.0)",4.0,2,VISIBLE,0.18,-0.37
24,1,car,0.8121,1017.08,307.56,1280.0,544.81,1148.54,426.18,262.92,237.25,62377.85,1.11,Spherical / Regular,Grey,"(90, 32, 83)","(32.55, -1.0, 0.0)",1.0,1,VISIBLE,0.52,-0.3
24,8,truck,0.4783,512.16,269.62,594.55,319.96,553.36,294.79,82.39,50.34,4147.98,1.64,Horizontal Oblong,Grey,"(84, 7, 185)","(74.12, -1.0, 1.0)",1.41,8,VISIBLE,-0.09,-0.5
24,3,car,0.5593,827.77,325.09,953.9,435.99,890.84,380.54,126.12,110.9,13986.79,1.14,Spherical / Regular,Grey,"(90, 15, 141)","(56.86, -1.0, 0.0)",1.0,3,VISIBLE,1.26,-0.39
24,4,car,0.6512,907.69,312.92,1096.11,478.54,1001.9,395.73,188.42,165.62,31206.37,1.14,Spherical / Regular,Grey,"(90, 34, 87)","(33.33, 0.0, 0.0)",0.0,4,VISIBLE,0.81,-0.45
24,13,car,0.1624,-0.0,307.72,19.28,699.54,9.64,503.63,19.28,391.81,7552.68,0.05,Vertical Oblong,Grey,"(100, 36, 63)","(25.1, -1.5, -2.0)",2.5,13,VISIBLE,-1.99,0.47
24,11,person,0.6306,680.74,323.73,758.15,379.68,719.45,351.71,77.41,55.96,4331.33,1.38,Horizontal Oblong,Grey,"(98, 75, 92)","(34.9, -6.0, -7.0)",9.22,11,VISIBLE,0.22,-0.44
24,9,car,0.5332,318.53,307.37,478.3,466.59,398.42,386.98,159.77,159.22,25438.63,1.0,Spherical / Regular,Orange,"(18, 59, 146)","(51.37, 2.0, 10.0)",10.2,9,VISIBLE,-0.28,0.13
24,12,car,0.1989,1265.23,357.99,1280.0,669.25,1272.61,513.62,14.77,311.26,4597.82,0.05,Vertical Oblong,Grey,"(100, 28, 58)","(22.75, -2.0, -2.0)",2.83,12,VISIBLE,1.53,2.78
24,14,chair,0.4997,561.67,328.41,613.57,378.62,587.62,353.52,51.9,50.21,2605.86,1.03,Spherical / Regular,Cyan,"(98, 78, 97)","(36.86, -6.0, -8.0)",10.0,14,VISIBLE,-0.47,-0.41
24,10,chair,0.4341,629.41,346.09,672.17,377.81,650.79,361.95,42.77,31.72,1356.61,1.35,Horizontal Oblong,Cyan,"(97, 99, 86)","(31.76, -7.0, -8.0)",10.63,10,VISIBLE,-0.02,-0.34
24,7,person,0.646,155.66,272.07,212.13,325.99,183.9,299.03,56.47,53.92,3044.74,1.05,Spherical / Regular,Grey,"(99, 66, 92)","(34.9, -4.0, -7.0)",8.06,7,VISIBLE,-2.23,-0.61
24,15,car,0.1542,413.86,314.04,509.53,417.7,461.69,365.87,95.67,103.66,9916.92,0.92,Spherical / Regular,Brown,"(24, 57, 132)","(48.24, 3.0, 7.0)",7.62,15,VISIBLE,0.09,2.01
24,16,car,0.1594,803.5,314.45,901.39,402.5,852.44,358.48,97.9,88.05,8619.48,1.11,Spherical / Regular,Grey,"(99, 34, 132)","(46.27, 1.0, 3.0)",3.16,16,VISIBLE,0.18,-0.66
25,6,car,0.7716,0.02,231.54,331.77,563.76,165.89,397.65,331.75,332.22,110213.53,1.0,Spherical / Regular,Grey,"(102, 45, 85)","(31.76, -2.0, -4.0)",4.47,6,VISIBLE,-0.8,-0.23
25,2,car,0.7535,454.28,288.48,855.87,597.26,655.08,442.87,401.59,308.77,124001.27,1.3,Horizontal Oblong,Grey,"(105, 78, 96)","(32.16, 4.0, 0.0)",4.0,2,VISIBLE,-0.02,-0.2
25,1,car,0.8189,1017.94,306.82,1280.0,545.06,1148.97,425.94,262.06,238.24,62432.62,1.1,Spherical / Regular,Grey,"(90, 31, 84)","(32.94, -1.0, 0.0)",1.0,1,VISIBLE,0.46,-0.26
25,8,truck,0.5128,511.75,269.31,594.77,319.45,553.26,294.38,83.02,50.14,4162.93,1.66,Horizontal Oblong,Grey,"(50, 7, 184)","(74.12, -1.0, 1.0)",1.41,8,VISIBLE,-0.09,-0.44
25,3,car,0.5606,829.02,324.47,954.41,435.93,891.71,380.2,125.39,111.46,13975.56,1.12,Spherical / Regular,Grey,"(90, 16, 140)","(56.47, -1.0, 0.0)",1.0,3,VISIBLE,0.99,-0.36
25,4,car,0.6485,908.14,312.44,1097.15,478.26,1002.64,395.35,189.01,165.82,31340.65,1.14,Spherical / Regular,Grey,"(90, 35, 86)","(32.94, -1.0, 1.0)",1.41,4,VISIBLE,0.77,-0.4
25,13,car,0.1624,-0.0,306.85,15.29,701.37,7.65,504.11,15.29,394.52,6033.73,0.04,Vertical Oblong,Grey,"(102, 34, 65)","(25.88, -1.0, -3.0)",3.16,13,VISIBLE,-1.99,0.48
25,11,person,0.6264,681.52,323.24,758.39,379.4,719.96,351.32,76.87,56.16,4317.17,1.37,Horizontal Oblong,Grey,"(97, 77, 91)","(34.51, -6.0, -7.0)",9.22,11,VISIBLE,0.42,-0.4
25,9,car,0.5675,317.39,307.07,478.28,466.96,397.83,387.02,160.89,159.89,25724.62,1.01,Spherical / Regular,Orange,"(19, 60, 145)","(50.98, 1.0, 10.0)",10.05,9,VISIBLE,-0.49,0.06
25,14,chair,0.5122,561.21,327.78,613.33,378.35,587.27,353.07,52.12,50.57,2635.65,1.03,Spherical / Regular,Grey,"(98, 78, 97)","(36.86, -6.0, -7.0)",9.22,14,VISIBLE,-0.39,-0.44
25,10,chair,0.3924,629.12,345.72,672.16,377.34,650.64,361.53,43.04,31.62,1360.84,1.36,Horizontal Oblong,Cyan,"(97, 99, 86)","(31.76, -7.0, -7.5)",10.26,10,VISIBLE,-0.11,-0.4
25,7,person,0.62,153.17,270.92,210.53,325.47,181.85,298.2,57.36,54.55,3128.75,1.05,Spherical / Regular,Grey,"(99, 67, 92)","(34.9, -5.0, -7.0)",8.6,7,VISIBLE,-2.1,-0.77
25,15,car,0.1608,415.25,313.55,509.9,415.08,462.57,364.32,94.65,101.53,9609.41,0.93,Spherical / Regular,Grey,"(33, 58, 129)","(46.67, 2.0, 6.0)",6.32,15,VISIBLE,0.64,-0.49
25,16,car,0.1754,803.95,313.34,901.78,402.4,852.86,357.87,97.83,89.05,8712.06,1.1,Spherical / Regular,Grey,"(94, 34, 131)","(45.49, 1.0, 4.0)",4.12,16,VISIBLE,0.35,-0.62
26,6,car,0.7617,0.01,230.72,330.28,564.22,165.14,397.47,330.26,333.5,110141.59,0.99,Spherical / Regular,Grey,"(102, 45, 86)","(31.76, -2.0, -4.0)",4.47,6,VISIBLE,-0.76,-0.2
26,2,car,0.7556,452.72,287.8,856.91,598.14,654.81,442.97,404.19,310.34,125436.61,1.3,Horizontal Oblong,Grey,"(111, 79, 97)","(32.16, 4.0, 0.0)",4.0,2,VISIBLE,-0.19,0.01
26,1,car,0.8188,1018.81,306.21,1279.98,545.33,1149.39,425.77,261.17,239.12,62452.09,1.09,Spherical / Regular,Grey,"(90, 30, 85)","(33.33, -1.0, 0.0)",1.0,1,VISIBLE,0.43,-0.2
26,8,truck,0.497,511.35,269.0,594.63,319.04,552.99,294.02,83.27,50.04,4167.14,1.66,Horizontal Oblong,Grey,"(50, 7, 184)","(74.12, -1.0, 1.0)",1.41,8,VISIBLE,-0.22,-0.38
26,3,car,0.5563,830.59,323.98,955.23,435.93,892.91,379.95,124.64,111.95,13954.01,1.11,Spherical / Regular,Grey,"(90, 16, 140)","(56.47, -1.0, 0.0)",1.0,3,VISIBLE,1.13,-0.28
26,4,car,0.6288,908.51,312.09,1098.05,478.09,1003.28,395.09,189.54,165.99,31463.18,1.14,Spherical / Regular,Grey,"(90, 35, 87)","(33.14, 0.0, 0.0)",0.0,4,VISIBLE,0.67,-0.3
26,13,car,0.1624,-0.0,305.97,11.31,703.2,5.65,504.58,11.31,397.23,4493.18,0.03,Vertical Oblong,Grey,"(100, 36, 67)","(27.06, -1.0, -3.0)",3.16,13,VISIBLE,-1.99,0.48
26,11,person,0.6233,681.87,322.71,758.52,379.15,720.19,350.93,76.65,56.44,4325.93,1.36,Horizontal Oblong,Grey,"(98, 78, 92)","(34.51, -6.0, -7.0)",9.22,11,VISIBLE,0.3,-0.39
26,9,car,0.5608,315.89,306.67,477.97,467.24,396.93,386.95,162.08,160.57,26025.89,1.01,Spherical / Regular,Orange,"(18, 60, 144)","(51.37, 2.0, 10.0)",10.2,9,VISIBLE,-0.78,-0.02
26,14,chair,0.5065,560.66,327.36,612.97,377.92,586.82,352.64,52.31,50.56,2644.77,1.03,Spherical / Regular,Grey,"(98, 77, 97)","(36.86, -6.0, -7.0)",9.22,14,VISIBLE,-0.43,-0.43
26,10,chair,0.3708,628.87,345.28,671.94,376.81,650.4,361.05,43.07,31.54,1358.25,1.37,Horizontal Oblong,Cyan,"(97, 98, 87)","(32.16, -7.0, -8.0)",10.63,10,VISIBLE,-0.2,-0.46
26,7,person,0.6119,151.2,269.85,209.46,324.96,180.33,297.41,58.26,55.11,3210.73,1.06,Spherical / Regular,Grey,"(99, 65, 93)","(35.69, -4.0, -7.0)",8.06,7,VISIBLE,-1.69,-0.78
26,15,car,0.1608,414.69,313.12,510.15,415.65,462.42,364.39,95.46,102.54,9788.45,0.93,Spherical / Regular,Brown,"(30, 58, 129)","(46.27, 3.0, 6.0)",6.71,15,VISIBLE,0.08,-0.1
26,16,car,0.1754,804.15,312.66,901.96,402.23,853.06,357.44,97.81,89.57,8761.32,1.09,Spherical / Regular,Grey,"(90, 35, 129)","(45.29, 1.0, 3.5)",3.64,16,VISIBLE,0.24,-0.48
27,6,car,0.7589,0.01,229.87,328.75,565.18,164.38,397.52,328.74,335.31,110229.18,0.98,Spherical / Regular,Grey,"(102, 45, 86)","(31.76, -2.0, -4.0)",4.47,6,VISIBLE,-0.76,-0.02
27,2,car,0.7553,450.97,287.13,857.7,599.2,654.33,443.17,406.73,312.06,126926.17,1.3,Horizontal Oblong,Grey,"(108, 79, 97)","(32.16, 4.0, 0.0)",4.0,2,VISIBLE,-0.39,0.14
27,1,car,0.8242,1019.56,305.75,1279.99,545.93,1149.77,425.84,260.42,240.18,62549.03,1.08,Spherical / Regular,Grey,"(90, 30, 84)","(33.33, -1.0, 0.0)",1.0,1,VISIBLE,0.4,-0.01
27,8,truck,0.4699,510.85,268.66,594.73,318.74,552.79,293.7,83.88,50.08,4200.25,1.67,Horizontal Oblong,Grey,"(30, 8, 185)","(74.12, -1.0, 1.0)",1.41,8,VISIBLE,-0.21,-0.34
27,3,car,0.5256,831.88,323.52,956.32,435.85,894.1,379.69,124.44,112.34,13978.48,1.11,Spherical / Regular,Grey,"(90, 15, 140)","(56.08, -1.0, 0.0)",1.0,3,VISIBLE,1.17,-0.27
27,4,car,0.6196,908.78,311.79,1098.79,478.04,1003.78,394.92,190.01,166.24,31588.25,1.14,Spherical / Regular,Grey,"(90, 35, 87)","(33.73, 0.0, 0.0)",0.0,4,VISIBLE,0.56,-0.21
27,11,person,0.624,682.53,322.05,758.9,378.96,720.72,350.51,76.37,56.91,4346.54,1.34,Horizontal Oblong,Grey,"(98, 77, 92)","(34.9, -6.0, -7.0)",9.22,11,VISIBLE,0.45,-0.42
27,9,car,0.5482,314.56,306.31,477.17,467.36,395.87,386.84,162.62,161.05,26189.81,1.01,Spherical / Regular,Orange,"(19, 59, 145)","(50.98, 2.0, 10.0)",10.2,9,VISIBLE,-0.98,-0.09
27,14,chair,0.5297,560.55,327.16,612.6,377.44,586.57,352.3,52.05,50.29,2617.52,1.04,Spherical / Regular,Grey,"(98, 77, 97)","(36.86, -6.0, -7.0)",9.22,14,VISIBLE,-0.3,-0.37
27,10,chair,0.3444,628.68,344.84,671.43,376.23,650.05,360.53,42.76,31.39,1341.99,1.36,Horizontal Oblong,Grey,"(97, 98, 86)","(32.16, -7.0, -7.0)",9.9,10,VISIBLE,-0.3,-0.49
27,7,person,0.6063,148.87,269.24,208.78,324.69,178.82,296.96,59.91,55.45,3322.13,1.08,Spherical / Regular,Grey,"(100, 64, 93)","(35.29, -4.0, -6.5)",7.63,7,VISIBLE,-1.56,-0.54
27,15,car,0.1608,414.13,312.69,510.41,416.23,462.27,364.46,96.28,103.54,9969.13,0.93,Spherical / Regular,Grey,"(42, 59, 126)","(45.88, 2.0, 6.0)",6.32,15,VISIBLE,-0.08,0.02
27,16,car,0.1754,804.35,311.97,902.15,402.06,853.25,357.01,97.8,90.09,8810.55,1.09,Spherical / Regular,Grey,"(95, 36, 130)","(45.1, 1.0, 3.0)",3.16,16,VISIBLE,0.21,-0.45
28,6,car,0.7622,0.01,229.01,327.57,565.73,163.79,397.37,327.56,336.73,110299.13,0.97,Spherical / Regular,Grey,"(102, 45, 85)","(31.76, -2.0, -4.0)",4.47,6,VISIBLE,-0.64,-0.11
28,2,car,0.7605,449.16,286.82,858.33,600.6,653.74,443.71,409.17,313.78,128388.52,1.3,Horizontal Oblong,Grey,"(110, 80, 97)","(32.16, 4.0, 0.0)",4.0,2,VISIBLE,-0.53,0.42
28,1,car,0.8339,1020.37,305.39,1279.99,547.45,1150.18,426.42,259.62,242.06,62843.62,1.07,Spherical / Regular,Grey,"(90, 29, 84)","(33.33, -1.0, 0.0)",1.0,1,VISIBLE,0.4,0.4
28,8,truck,0.4765,510.32,268.27,594.73,318.47,552.52,293.37,84.41,50.2,4237.21,1.68,Horizontal Oblong,Grey,"(50, 8, 185)","(74.12, -1.0, 1.0)",1.41,8,VISIBLE,-0.25,-0.33
28,3,car,0.5276,832.91,323.08,957.1,435.75,895.01,379.42,124.19,112.67,13992.42,1.1,Spherical / Regular,Grey,"(90, 15, 140)","(56.08, -1.0, 0.0)",1.0,3,VISIBLE,0.99,-0.27
28,4,car,0.6419,909.02,311.48,1099.66,478.17,1004.34,394.83,190.64,166.69,31778.15,1.14,Spherical / Regular,Grey,"(90, 34, 88)","(33.73, 0.0, 0.0)",0.0,4,VISIBLE,0.56,-0.13
28,11,person,0.6409,682.62,321.47,760.12,378.9,721.37,350.18,77.5,57.43,4451.22,1.35,Horizontal Oblong,Grey,"(98, 78, 93)","(34.9, -6.0, -7.0)",9.22,11,VISIBLE,0.59,-0.35
28,9,car,0.5598,312.98,305.87,476.49,467.11,394.74,386.49,163.5,161.24,26363.07,1.01,Spherical / Regular,Orange,"(19, 59, 143)","(50.98, 2.0, 10.0)",10.2,9,VISIBLE,-1.08,-0.27
28,14,chair,0.5192,560.37,327.05,612.24,377.05,586.3,352.05,51.87,50.0,2593.57,1.04,Spherical / Regular,Grey,"(98, 77, 97)","(36.08, -6.0, -7.0)",9.22,14,VISIBLE,-0.28,-0.28
28,10,chair,0.2937,628.52,344.55,671.06,375.86,649.79,360.2,42.54,31.31,1332.03,1.36,Horizontal Oblong,Grey,"(97, 98, 87)","(32.16, -7.0, -7.0)",9.9,10,VISIBLE,-0.28,-0.38
28,7,person,0.4783,147.43,269.3,206.81,324.24,177.12,296.77,59.39,54.94,3262.7,1.08,Spherical / Regular,Grey,"(99, 64, 92)","(35.29, -5.0, -6.0)",7.81,7,VISIBLE,-1.66,-0.3
28,15,car,0.1608,413.57,312.25,510.67,416.8,462.12,364.53,97.1,104.55,10151.46,0.93,Spherical / Regular,Brown,"(30, 59, 125)","(45.49, 3.0, 6.0)",6.71,15,VISIBLE,-0.13,0.05
28,16,car,0.1754,804.55,311.28,902.34,401.88,853.44,356.58,97.78,90.61,8859.77,1.08,Spherical / Regular,Grey,"(100, 37, 130)","(44.9, 1.0, 3.0)",3.16,16,VISIBLE,0.2,-0.44
29,6,car,0.7645,0.03,228.05,326.21,566.21,163.12,397.13,326.18,338.16,110301.9,0.96,Spherical / Regular,Grey,"(102, 45, 85)","(31.76, -2.0, -4.0)",4.47,6,VISIBLE,-0.66,-0.2
29,2,car,0.7559,447.73,286.76,858.9,601.81,653.31,444.28,411.17,315.04,129535.88,1.31,Horizontal Oblong,Grey,"(106, 79, 96)","(31.76, 4.0, 0.0)",4.0,2,VISIBLE,-0.46,0.53
29,1,car,0.8352,1020.97,305.12,1279.99,547.79,1150.48,426.45,259.02,242.68,62858.71,1.07,Spherical / Regular,Grey,"(90, 29, 85)","(33.33, -1.0, 0.0)",1.0,1,VISIBLE,0.33,0.15
29,8,truck,0.4456,510.03,267.93,594.38,318.15,552.2,293.04,84.35,50.22,4236.18,1.68,Horizontal Oblong,Grey,"(34, 7, 183)","(74.12, -1.0, 2.0)",2.24,8,VISIBLE,-0.3,-0.33
29,3,car,0.5253,833.06,322.67,957.93,435.7,895.49,379.18,124.87,113.03,14113.83,1.1,Spherical / Regular,Grey,"(84, 16, 139)","(55.69, -1.0, 0.0)",1.0,3,VISIBLE,0.64,-0.24
29,4,car,0.6244,909.21,311.15,1100.56,478.13,1004.89,394.64,191.35,166.98,31952.47,1.15,Spherical / Regular,Grey,"(90, 34, 87)","(33.73, -1.0, 1.0)",1.41,4,VISIBLE,0.55,-0.17
29,11,person,0.6425,682.93,321.06,760.92,378.75,721.93,349.9,77.99,57.69,4499.23,1.35,Horizontal Oblong,Grey,"(98, 77, 91)","(34.51, -6.0, -7.0)",9.22,11,VISIBLE,0.57,-0.3
29,9,car,0.5543,311.64,305.35,475.54,466.8,393.59,386.07,163.91,161.45,26463.08,1.02,Spherical / Regular,Orange,"(19, 60, 145)","(50.98, 2.0, 10.0)",10.2,9,VISIBLE,-1.13,-0.37
29,14,chair,0.5208,560.5,326.89,611.87,376.72,586.18,351.81,51.37,49.83,2559.81,1.03,Spherical / Regular,Grey,"(98, 77, 97)","(36.08, -6.0, -7.0)",9.22,14,VISIBLE,-0.17,-0.26
29,10,chair,0.2535,628.45,344.28,670.79,375.37,649.62,359.82,42.34,31.1,1316.68,1.36,Horizontal Oblong,Cyan,"(97, 99, 87)","(32.16, -7.0, -8.0)",10.63,10,VISIBLE,-0.2,-0.38
29,7,person,0.496,145.07,268.63,204.52,323.86,174.8,296.24,59.46,55.22,3283.48,1.08,Spherical / Regular,Grey,"(99, 65, 92)","(35.29, -4.0, -6.0)",7.21,7,VISIBLE,-2.13,-0.46
29,15,car,0.1811,414.32,311.93,508.73,411.97,461.53,361.95,94.41,100.04,9445.29,0.94,Spherical / Regular,Grey,"(86, 60, 124)","(44.71, 2.0, 6.0)",6.32,15,VISIBLE,-0.46,-1.79
30,6,car,0.7681,0.06,227.04,324.76,566.94,162.41,396.99,324.71,339.9,110368.36,0.96,Spherical / Regular,Grey,"(102, 44, 85)","(31.76, -2.0, -4.0)",4.47,6,VISIBLE,-0.7,-0.16
30,2,car,0.7513,446.52,287.11,859.17,602.82,652.84,444.97,412.64,315.71,130274.31,1.31,Horizontal Oblong,Grey,"(113, 79, 96)","(31.76, 4.0, 0.0)",4.0,2,VISIBLE,-0.47,0.63
30,1,car,0.8288,1021.53,304.79,1280.0,548.04,1150.77,426.41,258.46,243.25,62871.51,1.06,Spherical / Regular,Grey,"(90, 28, 85)","(33.73, -1.0, 0.0)",1.0,1,VISIBLE,0.3,0.02
30,8,truck,0.4719,510.07,267.55,593.98,317.56,552.03,292.55,83.91,50.01,4196.57,1.68,Horizontal Oblong,Grey,"(42, 8, 184)","(74.12, -1.0, 1.0)",1.41,8,VISIBLE,-0.22,-0.44
30,3,car,0.5,833.17,321.9,958.86,435.58,896.02,378.74,125.68,113.68,14287.01,1.11,Spherical / Regular,Grey,"(90, 16, 138)","(55.29, -1.0, 0.0)",1.0,3,VISIBLE,0.56,-0.38
30,4,car,0.6151,909.53,310.85,1101.87,478.24,1005.7,394.54,192.34,167.39,32195.13,1.15,Spherical / Regular,Grey,"(90, 34, 89)","(34.51, 0.0, 1.0)",1.0,4,VISIBLE,0.73,-0.12
30,11,person,0.6349,683.84,320.5,761.36,378.51,722.6,349.5,77.52,58.0,4496.56,1.34,Horizontal Oblong,Grey,"(98, 78, 92)","(34.51, -6.0, -7.0)",9.22,11,VISIBLE,0.64,-0.37
30,9,car,0.54,310.53,304.83,474.51,466.77,392.52,385.8,163.98,161.95,26555.19,1.01,Spherical / Regular,Orange,"(18, 59, 144)","(50.98, 2.0, 10.0)",10.2,9,VISIBLE,-1.09,-0.3
30,14,chair,0.5147,560.46,326.73,611.63,376.42,586.05,351.57,51.17,49.69,2542.78,1.03,Spherical / Regular,Grey,"(98, 77, 97)","(36.86, -6.0, -7.0)",9.22,14,VISIBLE,-0.15,-0.24
30,10,chair,0.2666,628.24,343.98,670.55,374.94,649.4,359.46,42.31,30.97,1310.32,1.37,Horizontal Oblong,Cyan,"(97, 97, 87)","(32.16, -7.0, -8.0)",10.63,10,VISIBLE,-0.22,-0.37
30,7,person,0.6028,142.26,268.0,202.51,323.64,172.38,295.82,60.25,55.64,3352.55,1.08,Spherical / Regular,Grey,"(100, 65, 92)","(35.29, -4.0, -6.0)",7.21,7,VISIBLE,-2.32,-0.43
30,15,car,0.1811,414.11,311.53,508.41,411.11,461.26,361.32,94.3,99.58,9390.99,0.95,Spherical / Regular,Grey,"(94, 59, 124)","(44.71, 2.0, 5.0)",5.39,15,VISIBLE,-0.32,-0.98
31,6,car,0.7898,0.08,226.17,323.51,567.76,161.8,396.97,323.43,341.59,110480.47,0.95,Spherical / Regular,Grey,"(102, 44, 85)","(31.76, -2.0, -4.0)",4.47,6,VISIBLE,-0.64,-0.07
31,2,car,0.7411,445.16,287.09,859.4,603.72,652.28,445.41,414.24,316.63,131161.7,1.31,Horizontal Oblong,Grey,"(108, 80, 96)","(31.76, 4.0, 0.0)",4.0,2,VISIBLE,-0.54,0.5
31,1,car,0.8335,1022.24,304.39,1280.0,548.24,1151.12,426.32,257.76,243.85,62854.85,1.06,Spherical / Regular,Grey,"(90, 28, 85)","(33.73, -1.0, 0.0)",1.0,1,VISIBLE,0.34,-0.07
31,8,truck,0.4657,510.12,266.97,593.9,317.12,552.01,292.05,83.78,50.16,4202.11,1.67,Horizontal Oblong,Grey,"(30, 8, 183)","(74.12, -1.0, 2.0)",2.24,8,VISIBLE,-0.08,-0.49
31,3,car,0.4591,833.22,321.01,959.24,435.35,896.23,378.18,126.02,114.34,14409.66,1.1,Spherical / Regular,Grey,"(90, 17, 138)","(55.69, -1.0, 0.0)",1.0,3,VISIBLE,0.32,-0.51
31,4,car,0.6353,910.1,310.57,1102.96,478.24,1006.53,394.4,192.86,167.67,32336.46,1.15,Spherical / Regular,Grey,"(90, 34, 89)","(34.51, 0.0, 1.0)",1.0,4,VISIBLE,0.8,-0.13
31,11,person,0.6311,685.33,319.96,761.54,378.14,723.44,349.05,76.21,58.18,4434.03,1.31,Horizontal Oblong,Grey,"(98, 78, 92)","(34.51, -6.0, -7.0)",9.22,11,VISIBLE,0.78,-0.43
31,9,car,0.5373,309.59,303.91,473.27,466.83,391.43,385.37,163.68,162.92,26666.82,1.0,Spherical / Regular,Brown,"(19, 59, 142)","(50.59, 2.0, 9.0)",9.22,9,VISIBLE,-1.09,-0.39
31,14,chair,0.4995,560.26,326.46,610.8,376.24,585.53,351.35,50.54,49.79,2516.29,1.02,Spherical / Regular,Grey,"(98, 77, 96)","(36.86, -6.0, -7.0)",9.22,14,VISIBLE,-0.4,-0.23
31,10,chair,0.3333,627.75,343.56,670.18,374.8,648.97,359.18,42.42,31.25,1325.62,1.36,Horizontal Oblong,Cyan,"(97, 98, 87)","(32.16, -7.0, -8.0)",10.63,10,VISIBLE,-0.37,-0.31
31,7,person,0.6229,140.47,267.36,200.24,323.11,170.36,295.24,59.78,55.75,3332.58,1.07,Spherical / Regular,Grey,"(100, 67, 92)","(35.29, -4.0, -7.0)",8.06,7,VISIBLE,-2.12,-0.54
31,15,car,0.1811,413.89,311.12,508.08,410.25,460.99,360.69,94.19,99.13,9336.8,0.95,Spherical / Regular,Grey,"(84, 59, 124)","(44.31, 2.0, 5.0)",5.39,15,VISIBLE,-0.29,-0.74
32,6,car,0.7859,0.1,225.34,322.51,568.62,161.3,396.98,322.41,343.28,110676.2,0.94,Spherical / Regular,Grey,"(102, 44, 85)","(31.76, -2.0, -4.0)",4.47,6,VISIBLE,-0.53,-0.01
32,2,car,0.7413,443.78,287.19,859.66,604.41,651.72,445.8,415.88,317.23,131927.92,1.31,Horizontal Oblong,Grey,"(111, 79, 96)","(31.76, 4.0, 0.0)",4.0,2,VISIBLE,-0.55,0.43
32,1,car,0.8285,1022.84,303.89,1280.0,548.48,1151.42,426.18,257.16,244.59,62899.54,1.05,Spherical / Regular,Grey,"(84, 27, 85)","(33.73, -1.0, 0.0)",1.0,1,VISIBLE,0.31,-0.11
32,8,truck,0.4852,510.16,266.35,594.0,316.85,552.08,291.6,83.84,50.5,4234.1,1.66,Horizontal Oblong,Grey,"(30, 7, 183)","(74.12, -1.0, 1.0)",1.41,8,VISIBLE,0.03,-0.46
32,3,car,0.4652,833.35,320.26,959.23,435.01,896.29,377.63,125.88,114.75,14445.24,1.1,Spherical / Regular,Grey,"(90, 17, 138)","(55.29, -1.0, 0.0)",1.0,3,VISIBLE,0.14,-0.53
32,4,car,0.6296,910.63,310.21,1103.99,478.25,1007.31,394.23,193.36,168.04,32491.53,1.15,Spherical / Regular,Grey,"(90, 33, 89)","(34.51, 0.0, 1.0)",1.0,4,VISIBLE,0.79,-0.16
32,11,person,0.6132,686.84,319.45,761.6,377.72,724.22,348.59,74.76,58.27,4356.04,1.28,Horizontal Oblong,Grey,"(98, 78, 92)","(34.9, -6.0, -7.0)",9.22,11,VISIBLE,0.78,-0.45
32,9,car,0.5672,308.43,302.97,472.32,466.64,390.38,384.8,163.9,163.67,26824.17,1.0,Spherical / Regular,Brown,"(19, 58, 140)","(50.2, 2.0, 8.0)",8.25,9,VISIBLE,-1.07,-0.51
32,14,chair,0.5118,559.69,325.72,610.48,376.38,585.08,351.05,50.8,50.65,2573.01,1.0,Spherical / Regular,Grey,"(98, 77, 97)","(36.86, -6.0, -7.0)",9.22,14,VISIBLE,-0.43,-0.28
32,10,chair,0.3523,627.48,343.21,669.94,374.74,648.71,358.98,42.46,31.53,1338.82,1.35,Horizontal Oblong,Cyan,"(96, 100, 87)","(32.16, -8.0, -7.0)",10.63,10,VISIBLE,-0.29,-0.24
32,7,person,0.6505,138.86,266.62,198.57,322.52,168.71,294.57,59.71,55.89,3337.04,1.07,Spherical / Regular,Grey,"(99, 68, 92)","(35.29, -5.0, -7.0)",8.6,7,VISIBLE,-1.78,-0.63
32,15,car,0.1811,413.68,310.72,507.76,409.39,460.72,360.06,94.08,98.67,9282.72,0.95,Spherical / Regular,Grey,"(94, 59, 122)","(44.71, 2.0, 5.0)",5.39,15,VISIBLE,-0.27,-0.66
33,6,car,0.7807,0.1,224.55,321.51,569.09,160.81,396.82,321.41,344.54,110737.8,0.93,Spherical / Regular,Grey,"(101, 43, 85)","(31.76, -2.0, -4.0)",4.47,6,VISIBLE,-0.51,-0.11
33,2,car,0.7528,442.8,286.53,859.48,605.28,651.14,445.9,416.68,318.75,132816.58,1.31,Horizontal Oblong,Grey,"(106, 79, 95)","(31.76, 4.0, 0.0)",4.0,2,VISIBLE,-0.57,0.2
33,1,car,0.8268,1023.69,303.33,1280.0,548.5,1151.85,425.91,256.31,245.17,62839.97,1.05,Spherical / Regular,Grey,"(84, 27, 85)","(33.73, -1.0, 0.0)",1.0,1,VISIBLE,0.39,-0.22
33,8,truck,0.4587,510.27,265.8,593.87,316.69,552.07,291.24,83.6,50.89,4254.46,1.64,Horizontal Oblong,Grey,"(50, 7, 183)","(74.12, -1.0, 1.0)",1.41,8,VISIBLE,0.0,-0.39
33,3,car,0.5113,833.39,319.6,959.04,434.61,896.21,377.1,125.65,115.02,14452.13,1.09,Spherical / Regular,Grey,"(84, 17, 138)","(55.29, -1.0, 0.0)",1.0,3,VISIBLE,-0.01,-0.53
33,4,car,0.6316,911.1,309.89,1104.72,478.24,1007.91,394.07,193.61,168.35,32594.86,1.15,Spherical / Regular,Grey,"(66, 34, 88)","(34.51, -1.0, 2.0)",2.24,4,VISIBLE,0.66,-0.16
33,11,person,0.5985,687.15,318.95,762.0,377.27,724.58,348.11,74.86,58.32,4365.68,1.28,Horizontal Oblong,Grey,"(98, 78, 92)","(34.9, -6.0, -7.0)",9.22,11,VISIBLE,0.48,-0.47
33,9,car,0.595,307.23,301.78,471.79,466.19,389.51,383.98,164.56,164.41,27055.83,1.0,Spherical / Regular,Brown,"(19, 58, 140)","(50.2, 1.0, 8.0)",8.06,9,VISIBLE,-0.93,-0.73
33,14,chair,0.505,559.1,324.92,610.43,376.26,584.76,350.59,51.33,51.34,2635.34,1.0,Spherical / Regular,Grey,"(98, 77, 97)","(36.86, -6.0, -7.0)",9.22,14,VISIBLE,-0.35,-0.41
33,10,chair,0.3658,626.91,342.95,670.08,374.69,648.5,358.82,43.17,31.74,1370.07,1.36,Horizontal Oblong,Grey,"(97, 98, 87)","(32.16, -7.0, -7.0)",9.9,10,VISIBLE,-0.24,-0.18
33,7,person,0.6845,137.59,265.44,197.0,321.88,167.29,293.66,59.41,56.44,3353.03,1.05,Spherical / Regular,Grey,"(100, 68, 91)","(34.9, -4.5, -7.0)",8.32,7,VISIBLE,-1.53,-0.83
33,15,car,0.1608,414.71,310.47,505.86,404.47,460.28,357.47,91.15,93.99,8567.36,0.97,Spherical / Regular,Grey,"(94, 61, 119)","(43.53, 1.0, 5.0)",5.1,15,VISIBLE,-0.39,-2.01
34,6,car,0.7808,0.1,223.64,320.56,569.48,160.33,396.56,320.46,345.84,110824.89,0.93,Spherical / Regular,Grey,"(102, 42, 85)","(31.76, -2.0, -4.0)",4.47,6,VISIBLE,-0.49,-0.22
34,2,car,0.749,442.23,285.89,859.81,605.91,651.02,445.9,417.59,320.02,133637.08,1.3,Horizontal Oblong,Grey,"(111, 78, 97)","(31.76, 4.0, 0.0)",4.0,2,VISIBLE,-0.26,0.06
34,1,car,0.8277,1024.5,302.62,1280.0,548.6,1152.25,425.61,255.51,245.99,62850.67,1.04,Spherical / Regular,Grey,"(84, 27, 85)","(33.73, -1.0, 0.0)",1.0,1,VISIBLE,0.4,-0.28
34,8,truck,0.4592,510.32,265.4,593.62,316.24,551.97,290.82,83.3,50.85,4235.78,1.64,Horizontal Oblong,Grey,"(50, 9, 183)","(74.12, -1.0, 1.0)",1.41,8,VISIBLE,-0.07,-0.41
34,3,car,0.5111,833.48,319.11,959.01,434.23,896.24,376.67,125.53,115.13,14451.65,1.09,Spherical / Regular,Grey,"(90, 17, 138)","(55.29, -1.0, 0.0)",1.0,3,VISIBLE,0.02,-0.46
34,4,car,0.6281,911.48,309.49,1105.41,478.07,1008.44,393.78,193.92,168.58,32691.74,1.15,Spherical / Regular,Grey,"(50, 33, 88)","(34.51, 0.0, 1.0)",1.0,4,VISIBLE,0.57,-0.25
34,11,person,0.5946,687.49,318.42,762.24,376.72,724.87,347.57,74.75,58.3,4357.67,1.28,Horizontal Oblong,Grey,"(98, 78, 93)","(34.9, -6.0, -7.0)",9.22,11,VISIBLE,0.35,-0.52
34,9,car,0.5764,306.34,300.91,471.39,465.79,388.86,383.35,165.05,164.88,27213.63,1.0,Spherical / Regular,Brown,"(19, 59, 141)","(50.2, 1.0, 8.0)",8.06,9,VISIBLE,-0.73,-0.66
34,14,chair,0.4795,558.49,324.21,610.4,375.79,584.44,350.0,51.91,51.59,2677.99,1.01,Spherical / Regular,Grey,"(98, 77, 98)","(36.86, -6.0, -7.0)",9.22,14,VISIBLE,-0.33,-0.53
34,10,chair,0.3589,626.58,342.64,669.99,374.51,648.28,358.58,43.41,31.87,1383.39,1.36,Horizontal Oblong,Cyan,"(97, 97, 87)","(32.16, -7.0, -8.0)",10.63,10,VISIBLE,-0.22,-0.23
34,7,person,0.6729,136.25,264.18,195.22,321.27,165.73,292.73,58.98,57.09,3366.97,1.03,Spherical / Regular,Grey,"(99, 67, 92)","(34.9, -5.0, -6.0)",7.81,7,VISIBLE,-1.55,-0.9
34,15,car,0.1608,414.83,310.11,505.12,402.53,459.97,356.32,90.29,92.42,8344.18,0.98,Spherical / Regular,Grey,"(96, 61, 119)","(43.92, 2.0, 5.0)",5.39,15,VISIBLE,-0.33,-1.41
35,6,car,0.767,0.12,222.77,319.68,569.85,159.9,396.31,319.56,347.08,110912.34,0.92,Spherical / Regular,Grey,"(102, 43, 85)","(31.76, -2.0, -4.0)",4.47,6,VISIBLE,-0.45,-0.24
35,2,car,0.7508,441.66,285.27,859.69,606.75,650.67,446.01,418.03,321.48,134389.64,1.3,Horizontal Oblong,Grey,"(111, 78, 97)","(31.76, 4.0, 0.0)",4.0,2,VISIBLE,-0.32,0.09
35,1,car,0.821,1025.47,301.87,1280.0,548.7,1152.74,425.29,254.53,246.83,62824.75,1.03,Spherical / Regular,Grey,"(84, 26, 85)","(33.73, -1.0, 0.0)",1.0,1,VISIBLE,0.46,-0.31
35,8,truck,0.4111,510.37,264.94,593.48,315.49,551.93,290.21,83.11,50.54,4200.57,1.64,Horizontal Oblong,Grey,"(50, 8, 183)","(74.12, -1.0, 1.0)",1.41,8,VISIBLE,-0.05,-0.55
35,3,car,0.5413,833.51,318.73,958.81,433.88,896.16,376.31,125.3,115.14,14427.82,1.09,Spherical / Regular,Grey,"(90, 17, 138)","(55.69, -1.0, 0.0)",1.0,3,VISIBLE,-0.05,-0.39
35,4,car,0.639,911.82,308.98,1106.22,477.88,1009.02,393.43,194.41,168.89,32834.38,1.15,Spherical / Regular,Grey,"(50, 34, 88)","(34.51, -1.0, 2.0)",2.24,4,VISIBLE,0.57,-0.32
35,11,person,0.5978,687.36,317.65,762.51,376.22,724.93,346.94,75.15,58.58,4402.18,1.28,Horizontal Oblong,Grey,"(98, 78, 92)","(34.9, -6.0, -7.0)",9.22,11,VISIBLE,0.15,-0.6
35,9,car,0.5771,305.14,300.18,470.78,465.71,387.96,382.94,165.64,165.52,27417.17,1.0,Spherical / Regular,Brown,"(19, 59, 141)","(50.2, 1.0, 9.0)",9.06,9,VISIBLE,-0.85,-0.48
35,14,chair,0.4769,557.83,323.67,610.13,375.24,583.98,349.45,52.31,51.57,2697.49,1.01,Spherical / Regular,Grey,"(98, 76, 97)","(36.86, -6.0, -7.0)",9.22,14,VISIBLE,-0.42,-0.54
35,10,chair,0.3695,626.45,342.2,670.04,374.24,648.24,358.22,43.59,32.03,1396.49,1.36,Horizontal Oblong,Cyan,"(97, 96, 87)","(31.76, -7.0, -8.0)",10.63,10,VISIBLE,-0.09,-0.32
35,7,person,0.6408,134.73,263.14,193.68,320.76,164.2,291.95,58.95,57.62,3397.03,1.02,Spherical / Regular,Grey,"(98, 67, 91)","(34.9, -5.0, -6.0)",7.81,7,VISIBLE,-1.54,-0.81
36,6,car,0.7667,0.15,221.96,318.67,570.13,159.41,396.04,318.52,348.17,110897.7,0.91,Spherical / Regular,Grey,"(102, 43, 85)","(31.76, -2.0, -4.0)",4.47,6,VISIBLE,-0.48,-0.26
36,2,car,0.7406,441.29,284.68,859.73,607.46,650.51,446.07,418.44,322.79,135067.49,1.3,Horizontal Oblong,Grey,"(113, 78, 96)","(31.76, 4.0, 0.0)",4.0,2,VISIBLE,-0.21,0.07
36,1,car,0.8147,1026.41,301.08,1280.0,548.75,1153.21,424.91,253.59,247.67,62806.05,1.02,Spherical / Regular,Grey,"(84, 26, 85)","(34.12, -1.0, 0.0)",1.0,1,VISIBLE,0.47,-0.35
36,8,truck,0.4407,510.35,264.44,593.64,314.42,551.99,289.43,83.29,49.98,4162.85,1.67,Horizontal Oblong,Grey,"(50, 9, 184)","(74.12, -1.0, 1.0)",1.41,8,VISIBLE,0.03,-0.71
36,3,car,0.5155,833.87,318.39,958.8,433.57,896.34,375.98,124.93,115.18,14389.77,1.08,Spherical / Regular,Grey,"(94, 18, 138)","(55.29, -1.0, 0.0)",1.0,3,VISIBLE,0.11,-0.35
36,4,car,0.6374,912.13,308.42,1107.08,477.71,1009.61,393.07,194.94,169.29,33002.35,1.15,Spherical / Regular,Grey,"(66, 33, 88)","(34.12, 0.0, 2.0)",2.0,4,VISIBLE,0.58,-0.35
36,11,person,0.5979,687.51,316.91,762.5,375.64,725.0,346.28,74.99,58.73,4403.8,1.28,Horizontal Oblong,Grey,"(98, 77, 93)","(35.29, -6.0, -7.0)",9.22,11,VISIBLE,0.1,-0.64
36,9,car,0.5904,304.42,299.68,469.99,465.49,387.2,382.58,165.57,165.8,27452.12,1.0,Spherical / Regular,Brown,"(19, 59, 140)","(50.2, 1.0, 8.0)",8.06,9,VISIBLE,-0.78,-0.4
36,14,chair,0.4854,557.11,323.12,609.7,374.85,583.4,348.99,52.6,51.73,2720.72,1.02,Spherical / Regular,Grey,"(98, 76, 97)","(36.86, -6.0, -7.0)",9.22,14,VISIBLE,-0.53,-0.49
36,10,chair,0.3797,626.33,341.79,670.19,373.96,648.26,357.88,43.86,32.17,1411.11,1.36,Horizontal Oblong,Grey,"(97, 96, 87)","(32.16, -7.0, -7.0)",9.9,10,VISIBLE,-0.02,-0.34
36,7,person,0.6185,133.49,262.42,192.51,320.33,163.0,291.38,59.02,57.91,3418.08,1.02,Spherical / Regular,Grey,"(99, 66, 92)","(35.29, -5.0, -6.0)",7.81,7,VISIBLE,-1.3,-0.65
37,6,car,0.7601,0.17,221.29,317.89,570.36,159.03,395.83,317.72,349.07,110905.25,0.91,Spherical / Regular,Grey,"(101, 42, 85)","(31.76, -2.0, -4.0)",4.47,6,VISIBLE,-0.41,-0.23
37,2,car,0.7505,441.27,283.83,860.55,607.85,650.91,445.84,419.28,324.01,135851.66,1.29,Horizontal Oblong,Grey,"(106, 79, 97)","(31.76, 4.0, 0.0)",4.0,2,VISIBLE,0.22,-0.14
37,1,car,0.813,1027.47,300.49,1280.0,548.95,1153.73,424.72,252.53,248.46,62744.89,1.02,Spherical / Regular,Grey,"(84, 26, 85)","(34.12, -1.0, 0.0)",1.0,1,VISIBLE,0.51,-0.24
37,8,truck,0.3686,510.33,264.1,593.76,313.4,552.05,288.75,83.43,49.3,4113.03,1.69,Horizontal Oblong,Grey,"(42, 9, 185)","(74.51, -1.0, 2.0)",2.24,8,VISIBLE,0.04,-0.69
37,3,car,0.5574,834.18,318.04,958.83,433.23,896.5,375.64,124.65,115.18,14356.89,1.08,Spherical / Regular,Grey,"(88, 19, 138)","(55.29, -2.0, 0.0)",2.0,3,VISIBLE,0.15,-0.35
37,4,car,0.6343,912.54,307.93,1107.86,477.64,1010.2,392.79,195.32,169.7,33146.12,1.15,Spherical / Regular,Grey,"(50, 35, 87)","(34.12, -1.0, 2.0)",2.24,4,VISIBLE,0.59,-0.3
37,11,person,0.6374,687.23,316.32,762.59,375.19,724.91,345.76,75.36,58.86,4435.93,1.28,Horizontal Oblong,Grey,"(98, 77, 92)","(34.9, -6.0, -7.0)",9.22,11,VISIBLE,-0.04,-0.56
37,9,car,0.5971,303.48,299.19,469.32,465.22,386.4,382.2,165.84,166.04,27535.97,1.0,Spherical / Regular,Brown,"(20, 59, 140)","(50.2, 1.0, 9.0)",9.06,9,VISIBLE,-0.8,-0.39
37,14,chair,0.481,556.62,322.57,609.47,374.53,583.05,348.55,52.85,51.96,2746.33,1.02,Spherical / Regular,Grey,"(98, 76, 97)","(36.86, -6.0, -7.0)",9.22,14,VISIBLE,-0.41,-0.45
37,10,chair,0.3565,626.09,341.44,670.01,373.34,648.05,357.39,43.92,31.9,1400.86,1.38,Horizontal Oblong,Grey,"(97, 97, 86)","(31.76, -7.0, -7.0)",9.9,10,VISIBLE,-0.15,-0.44
37,7,person,0.6528,132.08,262.12,190.86,319.65,161.47,290.89,58.78,57.53,3381.19,1.02,Spherical / Regular,Grey,"(99, 66, 92)","(34.9, -4.0, -6.0)",7.21,7,VISIBLE,-1.46,-0.54
38,6,car,0.7568,0.19,220.76,317.13,570.71,158.66,395.74,316.94,349.96,110916.0,0.91,Spherical / Regular,Grey,"(102, 42, 85)","(31.76, -2.0, -4.0)",4.47,6,VISIBLE,-0.38,-0.13
38,2,car,0.744,441.12,283.23,861.34,608.27,651.23,445.75,420.23,325.03,136587.83,1.29,Horizontal Oblong,Grey,"(113, 78, 96)","(31.76, 4.0, 0.0)",4.0,2,VISIBLE,0.29,-0.1
38,1,car,0.8092,1028.55,300.05,1280.0,549.21,1154.27,424.63,251.45,249.15,62650.21,1.01,Spherical / Regular,Grey,"(84, 25, 86)","(34.12, -1.0, 0.0)",1.0,1,VISIBLE,0.53,-0.14
38,8,truck,0.3605,510.41,263.78,593.96,312.56,552.18,288.17,83.55,48.78,4075.37,1.71,Horizontal Oblong,Grey,"(30, 7, 185)","(74.9, 0.0, 1.0)",1.0,8,VISIBLE,0.11,-0.61
38,3,car,0.5423,834.16,317.79,958.98,432.98,896.57,375.38,124.82,115.19,14378.67,1.08,Spherical / Regular,Grey,"(90, 18, 139)","(55.69, -1.0, 0.0)",1.0,3,VISIBLE,0.09,-0.28
38,4,car,0.6289,912.86,307.61,1108.54,477.56,1010.7,392.58,195.67,169.95,33254.15,1.15,Spherical / Regular,Grey,"(50, 34, 86)","(33.73, -1.0, 2.0)",2.24,4,VISIBLE,0.53,-0.23
38,11,person,0.6389,687.21,315.78,762.82,374.88,725.02,345.33,75.61,59.1,4468.59,1.28,Horizontal Oblong,Grey,"(98, 76, 93)","(35.29, -6.0, -7.0)",9.22,11,VISIBLE,0.06,-0.46
38,9,car,0.5986,302.51,298.77,468.89,465.02,385.7,381.89,166.38,166.25,27659.91,1.0,Spherical / Regular,Brown,"(19, 58, 138)","(49.8, 1.0, 8.0)",8.06,9,VISIBLE,-0.73,-0.33
38,14,chair,0.4887,556.29,322.02,609.23,374.35,582.76,348.19,52.95,52.33,2770.69,1.01,Spherical / Regular,Grey,"(98, 77, 97)","(36.86, -6.0, -7.0)",9.22,14,VISIBLE,-0.32,-0.39
38,10,chair,0.3449,625.95,341.17,670.11,372.9,648.03,357.04,44.15,31.73,1401.05,1.39,Horizontal Oblong,Cyan,"(97, 97, 87)","(32.16, -7.0, -8.0)",10.63,10,VISIBLE,-0.06,-0.38
38,7,person,0.6641,130.12,261.55,189.0,318.87,159.56,290.21,58.88,57.32,3374.75,1.03,Spherical / Regular,Grey,"(99, 66, 92)","(34.9, -4.0, -7.0)",8.06,7,VISIBLE,-1.78,-0.63
38,15,car,0.2882,415.32,307.89,501.53,395.9,458.43,351.9,86.21,88.0,7586.74,0.98,Spherical / Regular,Grey,"(98, 61, 120)","(44.31, 2.0, 4.0)",4.47,17,VISIBLE,-0.37,-1.2
39,6,car,0.7668,0.18,220.25,316.62,571.15,158.4,395.7,316.44,350.9,111039.82,0.9,Spherical / Regular,Grey,"(102, 42, 85)","(31.76, -2.0, -4.0)",4.47,6,VISIBLE,-0.3,-0.06
39,2,car,0.7419,440.94,282.84,862.01,608.75,651.48,445.8,421.08,325.91,137232.71,1.29,Horizontal Oblong,Grey,"(113, 79, 97)","(31.76, 4.0, 0.0)",4.0,2,VISIBLE,0.26,0.0
39,1,car,0.8039,1029.65,299.7,1280.0,549.44,1154.83,424.57,250.35,249.74,62522.57,1.0,Spherical / Regular,Grey,"(84, 25, 85)","(34.12, -1.0, 0.0)",1.0,1,VISIBLE,0.54,-0.08
39,8,truck,0.3465,510.45,263.35,594.25,311.8,552.35,287.57,83.8,48.45,4060.17,1.73,Horizontal Oblong,Grey,"(30, 7, 185)","(74.9, 0.0, 2.0)",2.0,8,VISIBLE,0.15,-0.6
39,3,car,0.549,833.85,317.48,959.18,432.78,896.52,375.13,125.33,115.3,14450.51,1.09,Spherical / Regular,Grey,"(90, 19, 138)","(55.29, -1.0, 0.0)",1.0,3,VISIBLE,-0.01,-0.26
39,4,car,0.6268,913.33,307.29,1109.22,477.45,1011.27,392.37,195.89,170.16,33332.87,1.15,Spherical / Regular,Grey,"(42, 34, 85)","(33.73, -1.0, 2.0)",2.24,4,VISIBLE,0.56,-0.22
39,11,person,0.6433,687.48,315.23,762.98,374.66,725.23,344.94,75.5,59.43,4486.76,1.27,Horizontal Oblong,Grey,"(98, 77, 93)","(35.29, -6.0, -7.0)",9.22,11,VISIBLE,0.17,-0.41
39,9,car,0.5996,301.49,298.49,468.68,464.67,385.08,381.58,167.2,166.18,27785.05,1.01,Spherical / Regular,Brown,"(19, 59, 139)","(50.2, 1.0, 9.0)",9.06,9,VISIBLE,-0.65,-0.32
39,14,chair,0.5151,555.92,321.54,609.0,374.23,582.46,347.88,53.08,52.69,2796.52,1.01,Spherical / Regular,Grey,"(98, 77, 97)","(36.86, -6.0, -7.0)",9.22,14,VISIBLE,-0.31,-0.33
39,10,chair,0.3304,625.8,340.79,670.3,372.59,648.05,356.69,44.5,31.8,1415.05,1.4,Horizontal Oblong,Cyan,"(97, 97, 87)","(32.16, -7.0, -8.0)",10.63,10,VISIBLE,-0.0,-0.36
39,7,person,0.6517,128.42,261.44,186.68,318.23,157.55,289.84,58.26,56.8,3308.74,1.03,Spherical / Regular,Grey,"(99, 67, 92)","(34.9, -4.0, -7.0)",8.06,7,VISIBLE,-1.94,-0.45
39,15,car,0.2561,415.21,307.7,501.09,395.95,458.15,351.82,85.88,88.25,7579.05,0.97,Spherical / Regular,Grey,"(96, 61, 119)","(44.31, 1.0, 4.0)",4.12,17,VISIBLE,-0.3,-0.41
40,6,car,0.7629,0.16,219.64,315.93,571.49,158.05,395.56,315.77,351.86,111106.89,0.9,Spherical / Regular,Grey,"(102, 42, 85)","(31.76, -1.0, -4.0)",4.12,6,VISIBLE,-0.34,-0.11
40,2,car,0.739,440.76,282.37,862.5,609.24,651.63,445.81,421.74,326.87,137854.3,1.29,Horizontal Oblong,Grey,"(111, 79, 96)","(31.37, 4.0, 0.0)",4.0,2,VISIBLE,0.19,0.01
40,1,car,0.7995,1030.66,299.39,1280.0,549.63,1155.33,424.51,249.34,250.24,62393.25,1.0,Spherical / Regular,Grey,"(84, 24, 85)","(34.12, -1.0, 0.0)",1.0,1,VISIBLE,0.52,-0.07
40,8,truck,0.3102,510.47,262.83,594.4,311.09,552.43,286.96,83.93,48.26,4050.73,1.74,Horizontal Oblong,Grey,"(42, 7, 185)","(74.9, 0.0, 2.0)",2.0,8,VISIBLE,0.1,-0.61
40,3,car,0.5228,833.56,317.15,959.23,432.48,896.4,374.81,125.67,115.33,14493.5,1.09,Spherical / Regular,Grey,"(93, 18, 137)","(55.29, -1.0, 0.0)",1.0,3,VISIBLE,-0.09,-0.3
40,4,car,0.6208,913.77,306.86,1110.29,477.36,1012.03,392.11,196.53,170.5,33507.44,1.15,Spherical / Regular,Grey,"(50, 33, 85)","(33.73, -1.0, 2.0)",2.24,4,VISIBLE,0.7,-0.25
40,11,person,0.6358,687.5,314.54,763.1,374.47,725.3,344.5,75.6,59.93,4530.59,1.26,Horizontal Oblong,Grey,"(98, 77, 93)","(34.9, -6.0, -7.0)",9.22,11,VISIBLE,0.1,-0.43
40,9,car,0.5918,300.45,298.18,468.75,464.29,384.6,381.24,168.3,166.12,27957.49,1.01,Spherical / Regular,Brown,"(19, 60, 140)","(50.2, 1.0, 8.0)",8.06,9,VISIBLE,-0.53,-0.34
40,14,chair,0.5267,555.37,320.94,608.79,374.06,582.08,347.5,53.42,53.13,2837.89,1.01,Spherical / Regular,Grey,"(98, 76, 98)","(37.25, -6.0, -7.0)",9.22,14,VISIBLE,-0.36,-0.37
40,10,chair,0.3674,625.77,340.33,670.61,372.39,648.19,356.36,44.85,32.06,1437.63,1.4,Horizontal Oblong,Grey,"(97, 97, 86)","(32.16, -7.0, -7.0)",9.9,10,VISIBLE,0.1,-0.34
40,7,person,0.6554,126.82,261.34,184.71,317.77,155.76,289.56,57.89,56.43,3266.75,1.03,Spherical / Regular,Grey,"(99, 68, 92)","(34.9, -4.0, -7.0)",8.06,7,VISIBLE,-1.83,-0.33
40,15,car,0.321,414.8,307.33,500.71,395.73,457.75,351.53,85.91,88.39,7593.81,0.97,Spherical / Regular,Grey,"(96, 61, 120)","(44.31, 2.0, 4.0)",4.47,17,VISIBLE,-0.37,-0.33
41,6,car,0.7707,0.14,218.92,315.15,571.62,157.65,395.27,315.01,352.69,111102.16,0.89,Spherical / Regular,Grey,"(101, 42, 84)","(31.76, -2.0, -4.0)",4.47,6,VISIBLE,-0.38,-0.24
41,2,car,0.7355,440.19,281.9,862.99,609.58,651.59,445.74,422.8,327.68,138544.31,1.29,Horizontal Oblong,Grey,"(106, 80, 96)","(31.37, 4.0, 0.0)",4.0,2,VISIBLE,0.03,-0.04
41,1,car,0.7953,1031.42,298.95,1280.0,549.63,1155.71,424.29,248.58,250.67,62312.28,0.99,Spherical / Regular,Grey,"(84, 25, 85)","(34.12, -1.0, 1.0)",1.41,1,VISIBLE,0.42,-0.17
41,8,truck,0.2969,510.5,262.22,594.42,310.42,552.46,286.32,83.93,48.21,4045.71,1.74,Horizontal Oblong,Grey,"(30, 7, 185)","(74.51, -1.0, 2.0)",2.24,8,VISIBLE,0.05,-0.63
41,3,car,0.5357,833.08,316.71,959.27,432.04,896.17,374.37,126.19,115.32,14552.37,1.09,Spherical / Regular,Grey,"(90, 18, 137)","(55.29, -1.0, 0.0)",1.0,3,VISIBLE,-0.18,-0.4
41,4,car,0.6335,914.28,306.4,1111.33,477.29,1012.8,391.84,197.05,170.89,33673.06,1.15,Spherical / Regular,Grey,"(50, 33, 83)","(32.94, -1.0, 2.0)",2.24,4,VISIBLE,0.75,-0.26
41,11,person,0.5889,686.67,313.84,763.36,374.28,725.02,344.06,76.69,60.44,4634.91,1.27,Horizontal Oblong,Grey,"(98, 77, 93)","(35.29, -6.0, -7.0)",9.22,11,VISIBLE,-0.17,-0.44
41,9,car,0.5966,299.67,297.67,468.63,463.84,384.15,380.76,168.96,166.17,28075.66,1.02,Spherical / Regular,Brown,"(20, 61, 140)","(50.59, 1.0, 9.0)",9.06,9,VISIBLE,-0.48,-0.44
41,14,chair,0.5105,555.08,320.28,608.4,373.45,581.74,346.86,53.32,53.17,2835.33,1.0,Spherical / Regular,Grey,"(98, 76, 98)","(37.25, -6.0, -7.0)",9.22,14,VISIBLE,-0.35,-0.55
41,10,chair,0.3988,625.63,339.7,670.52,372.03,648.08,355.87,44.88,32.32,1450.84,1.39,Horizontal Oblong,Grey,"(97, 97, 86)","(31.37, -7.0, -7.0)",9.9,10,VISIBLE,-0.05,-0.45
41,7,person,0.667,125.13,260.9,182.94,317.28,154.03,289.09,57.81,56.38,3259.33,1.03,Spherical / Regular,Grey,"(99, 68, 91)","(34.9, -5.0, -7.0)",8.6,7,VISIBLE,-1.76,-0.43
41,15,car,0.2436,414.16,306.72,500.13,395.1,457.14,350.91,85.97,88.38,7597.48,0.97,Spherical / Regular,Grey,"(80, 61, 117)","(43.92, 1.0, 5.0)",5.1,17,VISIBLE,-0.54,-0.53
42,6,car,0.7702,0.12,218.05,314.32,571.72,157.22,394.88,314.2,353.67,111122.52,0.89,Spherical / Regular,Grey,"(102, 41, 85)","(31.76, -2.0, -4.0)",4.47,6,VISIBLE,-0.41,-0.34
42,2,car,0.7384,439.53,281.27,863.44,609.84,651.49,445.56,423.9,328.57,139281.45,1.29,Horizontal Oblong,Grey,"(113, 79, 97)","(31.37, 4.0, 0.0)",4.0,2,VISIBLE,-0.07,-0.14
42,1,car,0.8034,1032.09,298.44,1280.0,549.64,1156.05,424.04,247.91,251.2,62275.2,0.99,Spherical / Regular,Grey,"(84, 25, 85)","(34.12, -1.0, 0.0)",1.0,1,VISIBLE,0.36,-0.23
42,8,truck,0.3167,510.53,261.6,594.29,309.64,552.41,285.62,83.76,48.05,4024.46,1.74,Horizontal Oblong,Grey,"(30, 7, 185)","(74.9, 0.0, 1.0)",1.0,8,VISIBLE,-0.02,-0.68
42,3,car,0.493,832.31,316.15,959.25,431.43,895.78,373.79,126.94,115.27,14632.86,1.1,Spherical / Regular,Grey,"(90, 17, 137)","(55.29, -1.0, 0.0)",1.0,3,VISIBLE,-0.33,-0.53
42,4,car,0.6347,914.75,305.95,1112.13,477.06,1013.44,391.5,197.38,171.11,33773.31,1.15,Spherical / Regular,Grey,"(50, 32, 83)","(32.55, -1.0, 2.0)",2.24,4,VISIBLE,0.67,-0.32
42,11,person,0.6015,686.39,312.88,763.93,374.07,725.16,343.48,77.54,61.19,4744.81,1.27,Horizontal Oblong,Grey,"(99, 75, 93)","(34.9, -6.0, -7.0)",9.22,11,VISIBLE,0.05,-0.54
42,9,car,0.5792,298.67,297.08,467.8,463.48,383.24,380.28,169.14,166.39,28142.93,1.02,Spherical / Regular,Brown,"(19, 61, 140)","(50.2, 1.0, 9.0)",9.06,9,VISIBLE,-0.78,-0.46
42,14,chair,0.5152,554.91,319.42,607.85,372.92,581.38,346.17,52.94,53.5,2832.4,0.99,Spherical / Regular,Grey,"(98, 75, 99)","(37.25, -6.0, -7.0)",9.22,14,VISIBLE,-0.36,-0.65
42,10,chair,0.3616,625.48,339.15,670.19,371.6,647.83,355.38,44.7,32.44,1450.39,1.38,Horizontal Oblong,Cyan,"(97, 97, 86)","(31.37, -7.0, -8.0)",10.63,10,VISIBLE,-0.18,-0.48
42,7,person,0.6603,123.37,260.1,181.4,316.8,152.38,288.45,58.03,56.7,3290.07,1.02,Spherical / Regular,Grey,"(98, 66, 91)","(34.9, -5.0, -5.0)",7.07,7,VISIBLE,-1.68,-0.58
42,15,car,0.2242,414.12,306.09,499.61,394.74,456.87,350.42,85.49,88.65,7578.44,0.96,Spherical / Regular,Grey,"(95, 60, 118)","(43.92, 2.0, 4.0)",4.47,17,VISIBLE,-0.36,-0.51
43,6,car,0.7598,0.11,217.23,313.71,571.72,156.91,394.47,313.6,354.49,111167.81,0.88,Spherical / Regular,Grey,"(102, 41, 84)","(31.76, -2.0, -4.0)",4.47,6,VISIBLE,-0.34,-0.39
43,2,car,0.7512,438.55,280.51,863.79,610.08,651.17,445.29,425.24,329.58,140148.03,1.29,Horizontal Oblong,Grey,"(111, 80, 96)","(31.37, 4.0, 0.0)",4.0,2,VISIBLE,-0.24,-0.22
43,1,car,0.7976,1032.7,297.75,1280.0,549.69,1156.35,423.72,247.3,251.94,62303.86,0.98,Spherical / Regular,Grey,"(84, 24, 85)","(34.12, -1.0, 0.0)",1.0,1,VISIBLE,0.32,-0.29
43,8,truck,0.3106,510.45,260.77,594.05,308.88,552.25,284.83,83.6,48.11,4022.35,1.74,Horizontal Oblong,Grey,"(30, 7, 186)","(74.9, -1.0, 2.0)",2.24,8,VISIBLE,-0.12,-0.76
43,3,car,0.5046,831.87,315.96,959.03,431.0,895.45,373.48,127.17,115.04,14628.79,1.11,Spherical / Regular,Grey,"(87, 18, 137)","(55.29, -1.0, 0.0)",1.0,3,VISIBLE,-0.33,-0.38
43,4,car,0.6378,915.5,305.06,1112.95,476.73,1014.23,390.9,197.45,171.67,33894.85,1.15,Spherical / Regular,Grey,"(66, 33, 82)","(31.76, -1.0, 2.0)",2.24,4,VISIBLE,0.75,-0.52
43,11,person,0.6262,686.06,312.17,764.31,373.73,725.18,342.95,78.25,61.56,4816.92,1.27,Horizontal Oblong,Grey,"(98, 75, 93)","(35.29, -6.0, -7.0)",9.22,11,VISIBLE,0.03,-0.53
43,9,car,0.5922,297.75,296.47,466.9,462.98,382.33,379.72,169.15,166.52,28166.72,1.02,Spherical / Regular,Brown,"(20, 61, 139)","(50.2, 1.0, 9.0)",9.06,9,VISIBLE,-0.87,-0.53
43,14,chair,0.5285,554.3,318.53,607.38,372.42,580.84,345.48,53.08,53.9,2860.65,0.98,Spherical / Regular,Grey,"(98, 75, 99)","(37.25, -6.0, -7.0)",9.22,14,VISIBLE,-0.48,-0.68
43,10,chair,0.3638,625.04,338.6,670.32,370.92,647.68,354.76,45.28,32.33,1463.59,1.4,Horizontal Oblong,Cyan,"(97, 97, 86)","(31.37, -7.0, -8.0)",10.63,10,VISIBLE,-0.16,-0.57
43,7,person,0.6244,121.73,259.0,180.15,316.33,150.94,287.66,58.42,57.34,3349.87,1.02,Spherical / Regular,Grey,"(98, 67, 92)","(34.9, -5.0, -6.0)",7.81,7,VISIBLE,-1.52,-0.72
43,15,car,0.1734,417.49,305.59,498.93,379.82,458.21,342.71,81.44,74.23,6045.19,1.1,Spherical / Regular,Grey,"(98, 53, 122)","(45.88, -1.0, 0.0)",1.0,17,VISIBLE,0.83,-5.55
44,6,car,0.751,0.09,216.12,312.97,571.64,156.53,393.88,312.88,355.52,111233.73,0.88,Spherical / Regular,Grey,"(102, 41, 84)","(31.76, -1.0, -4.0)",4.12,6,VISIBLE,-0.37,-0.53
44,2,car,0.7464,437.44,279.68,864.12,610.45,650.78,445.06,426.68,330.77,141130.77,1.29,Horizontal Oblong,Grey,"(111, 81, 97)","(31.37, 4.0, 0.0)",4.0,2,VISIBLE,-0.35,-0.23
44,1,car,0.8012,1033.09,296.98,1280.0,549.59,1156.55,423.29,246.91,252.61,62370.18,0.98,Spherical / Regular,Grey,"(84, 24, 85)","(34.12, -1.0, 0.0)",1.0,1,VISIBLE,0.23,-0.39
44,8,truck,0.3194,510.27,259.99,593.76,308.43,552.01,284.21,83.49,48.44,4044.17,1.72,Horizontal Oblong,Grey,"(30, 7, 185)","(74.9, 0.0, 1.0)",1.0,8,VISIBLE,-0.2,-0.66
44,3,car,0.5138,831.12,315.6,958.9,430.47,895.01,373.03,127.78,114.86,14677.11,1.11,Spherical / Regular,Grey,"(90, 18, 138)","(55.29, -1.0, 0.0)",1.0,3,VISIBLE,-0.41,-0.42
44,4,car,0.6357,916.09,304.29,1113.86,476.39,1014.97,390.34,197.77,172.09,34035.35,1.15,Spherical / Regular,Grey,"(84, 33, 82)","(31.76, -1.0, 2.0)",2.24,4,VISIBLE,0.75,-0.55
44,11,person,0.5614,685.58,311.57,764.53,373.34,725.06,342.45,78.94,61.77,4876.6,1.28,Horizontal Oblong,Grey,"(98, 74, 92)","(34.9, -6.0, -7.0)",9.22,11,VISIBLE,-0.08,-0.51
44,9,car,0.6116,296.81,295.83,465.88,462.43,381.34,379.13,169.07,166.6,28167.38,1.01,Spherical / Regular,Brown,"(19, 60, 138)","(50.2, 1.0, 8.0)",8.06,9,VISIBLE,-0.95,-0.57
44,14,chair,0.5102,554.0,317.84,607.1,371.9,580.55,344.87,53.09,54.06,2870.34,0.98,Spherical / Regular,Grey,"(98, 75, 99)","(37.25, -6.0, -7.0)",9.22,14,VISIBLE,-0.35,-0.63
44,10,chair,0.3927,624.78,338.01,670.65,370.44,647.71,354.22,45.87,32.43,1487.62,1.41,Horizontal Oblong,Cyan,"(97, 97, 85)","(31.37, -7.0, -8.0)",10.63,10,VISIBLE,-0.02,-0.55
44,7,person,0.6327,120.42,257.92,178.21,315.66,149.31,286.79,57.79,57.74,3336.92,1.0,Spherical / Regular,Grey,"(99, 67, 91)","(34.9, -5.0, -6.0)",7.81,7,VISIBLE,-1.59,-0.83
44,15,car,0.1852,418.2,304.78,498.41,370.95,458.31,337.86,80.22,66.17,5308.21,1.21,Spherical / Regular,Grey,"(99, 45, 116)","(45.49, -2.0, -5.0)",5.39,17,VISIBLE,0.32,-5.05
45,6,car,0.7307,0.09,215.02,312.68,571.53,156.38,393.28,312.59,356.52,111444.61,0.88,Spherical / Regular,Grey,"(101, 41, 84)","(31.76, -2.0, -4.0)",4.47,6,VISIBLE,-0.21,-0.58
45,2,car,0.75,436.38,278.69,864.41,610.75,650.39,444.72,428.03,332.06,142130.44,1.29,Horizontal Oblong,Grey,"(107, 81, 97)","(31.37, 4.0, 1.0)",4.12,2,VISIBLE,-0.37,-0.31
45,1,car,0.8005,1033.51,296.27,1280.0,549.49,1156.75,422.88,246.49,253.22,62416.5,0.97,Spherical / Regular,Grey,"(81, 24, 85)","(34.12, -1.0, 1.0)",1.41,1,VISIBLE,0.22,-0.4
45,8,truck,0.2967,510.06,259.23,593.47,307.9,551.76,283.57,83.41,48.67,4059.53,1.71,Horizontal Oblong,Grey,"(30, 9, 185)","(74.9, 0.0, 2.0)",2.0,8,VISIBLE,-0.23,-0.65
45,3,car,0.5617,830.62,315.03,958.84,429.86,894.73,372.45,128.22,114.82,14722.03,1.12,Spherical / Regular,Grey,"(87, 18, 137)","(54.9, -2.0, 0.0)",2.0,3,VISIBLE,-0.32,-0.54
45,4,car,0.6447,916.56,303.54,1114.72,476.06,1015.64,389.8,198.17,172.52,34187.93,1.15,Spherical / Regular,Grey,"(55, 33, 82)","(31.37, -1.0, 2.0)",2.24,4,VISIBLE,0.69,-0.54
45,11,person,0.5646,684.8,311.18,764.53,372.91,724.67,342.04,79.74,61.72,4921.56,1.29,Horizontal Oblong,Grey,"(98, 75, 92)","(34.9, -6.0, -7.0)",9.22,11,VISIBLE,-0.3,-0.44
45,9,car,0.6202,295.88,295.29,465.85,461.69,380.86,378.49,169.97,166.4,28281.68,1.02,Spherical / Regular,Brown,"(19, 61, 139)","(50.2, 1.0, 9.0)",9.06,9,VISIBLE,-0.62,-0.62
45,14,chair,0.5299,553.74,317.23,606.81,371.14,580.27,344.18,53.07,53.91,2861.05,0.98,Spherical / Regular,Grey,"(98, 76, 98)","(37.25, -6.0, -7.0)",9.22,14,VISIBLE,-0.3,-0.67
45,10,chair,0.4011,624.31,337.52,670.53,369.77,647.42,353.65,46.22,32.25,1490.5,1.43,Horizontal Oblong,Cyan,"(97, 98, 86)","(31.76, -7.0, -8.0)",10.63,10,VISIBLE,-0.21,-0.57
45,7,person,0.6467,119.43,257.25,176.36,314.89,147.9,286.07,56.94,57.63,3281.64,0.99,Spherical / Regular,Grey,"(99, 67, 91)","(34.51, -5.0, -7.0)",8.6,7,VISIBLE,-1.47,-0.75
45,15,car,0.1688,418.96,303.99,498.06,365.46,458.51,334.72,79.1,61.47,4862.61,1.29,Horizontal Oblong,Grey,"(97, 45, 113)","(45.1, -4.0, -4.0)",5.66,17,VISIBLE,0.24,-3.71
46,6,car,0.7287,0.09,213.82,312.02,571.36,156.05,392.59,311.94,357.54,111530.95,0.87,Spherical / Regular,Grey,"(102, 40, 85)","(31.76, -1.0, -4.0)",4.12,6,VISIBLE,-0.29,-0.65
46,2,car,0.7484,435.48,277.79,865.2,611.26,650.34,444.52,429.72,333.47,143298.11,1.29,Horizontal Oblong,Grey,"(113, 79, 97)","(31.37, 4.0, 0.0)",4.0,2,VISIBLE,-0.15,-0.23
46,1,car,0.8032,1033.98,295.63,1280.0,549.45,1156.99,422.54,246.02,253.81,62443.05,0.97,Spherical / Regular,Grey,"(81, 23, 86)","(34.12, -1.0, 1.0)",1.41,1,VISIBLE,0.23,-0.36
46,8,truck,0.2864,509.89,258.51,593.31,307.47,551.6,282.99,83.43,48.96,4084.2,1.7,Horizontal Oblong,Grey,"(30, 10, 185)","(74.9, 0.0, 1.0)",1.0,8,VISIBLE,-0.19,-0.6
46,3,car,0.5719,831.47,314.5,958.97,429.25,895.22,371.87,127.5,114.76,14630.97,1.11,Spherical / Regular,Grey,"(93, 17, 138)","(55.29, -1.0, 0.0)",1.0,3,VISIBLE,0.25,-0.56
46,4,car,0.6508,916.9,302.83,1115.37,475.61,1016.14,389.22,198.47,172.78,34291.46,1.15,Spherical / Regular,Grey,"(81, 32, 82)","(31.37, -1.0, 2.0)",2.24,4,VISIBLE,0.55,-0.57
46,11,person,0.5476,684.32,310.9,764.63,372.47,724.47,341.68,80.31,61.57,4944.25,1.3,Horizontal Oblong,Grey,"(98, 75, 93)","(34.9, -6.0, -7.0)",9.22,11,VISIBLE,-0.22,-0.38
46,9,car,0.6249,295.12,294.92,467.71,461.12,381.41,378.02,172.59,166.2,28685.75,1.04,Spherical / Regular,Brown,"(19, 61, 140)","(50.2, 2.0, 9.0)",9.22,9,VISIBLE,0.2,-0.52
46,14,chair,0.5099,553.3,316.72,606.69,370.49,580.0,343.61,53.39,53.77,2870.8,0.99,Spherical / Regular,Grey,"(98, 75, 99)","(37.25, -6.0, -7.0)",9.22,14,VISIBLE,-0.29,-0.61
46,10,chair,0.4107,624.02,336.96,670.47,368.9,647.25,352.93,46.45,31.94,1483.63,1.45,Horizontal Oblong,Cyan,"(97, 99, 87)","(32.16, -7.0, -8.0)",10.63,10,VISIBLE,-0.19,-0.67
46,7,person,0.6223,118.36,256.12,175.59,314.21,146.97,285.16,57.23,58.09,3324.14,0.99,Spherical / Regular,Grey,"(99, 67, 91)","(34.9, -5.0, -7.0)",8.6,7,VISIBLE,-1.09,-0.86
46,15,car,0.1865,421.02,303.32,497.88,363.19,459.45,333.25,76.86,59.87,4602.01,1.28,Horizontal Oblong,Grey,"(98, 46, 111)","(44.31, -4.0, -5.0)",6.4,17,VISIBLE,0.73,-2.14
47,6,car,0.7256,0.09,212.81,311.02,571.49,155.56,392.15,310.93,358.68,111526.15,0.87,Spherical / Regular,Grey,"(101, 40, 85)","(31.76, -2.0, -4.0)",4.47,6,VISIBLE,-0.44,-0.5
47,2,car,0.7409,434.87,277.01,866.04,611.79,650.45,444.4,431.17,334.78,144347.94,1.29,Horizontal Oblong,Grey,"(113, 79, 96)","(31.37, 4.0, 1.0)",4.12,2,VISIBLE,0.04,-0.16
47,1,car,0.8027,1034.52,295.0,1280.0,549.41,1157.26,422.2,245.48,254.41,62453.81,0.96,Spherical / Regular,Grey,"(81, 23, 85)","(34.12, -1.0, 1.0)",1.41,1,VISIBLE,0.26,-0.34
47,8,truck,0.3209,509.71,257.87,593.35,307.08,551.53,282.47,83.65,49.21,4116.12,1.7,Horizontal Oblong,Grey,"(23, 11, 185)","(74.51, 0.0, 1.0)",1.0,8,VISIBLE,-0.1,-0.54
47,3,car,0.5637,831.78,313.95,959.14,428.89,895.46,371.42,127.37,114.93,14638.6,1.11,Spherical / Regular,Grey,"(90, 18, 137)","(55.29, -1.0, 0.0)",1.0,3,VISIBLE,0.24,-0.49
47,4,car,0.6392,917.24,302.14,1116.14,475.17,1016.69,388.65,198.9,173.03,34416.22,1.15,Spherical / Regular,Grey,"(81, 32, 82)","(31.37, -1.0, 2.0)",2.24,4,VISIBLE,0.55,-0.57
47,11,person,0.5472,684.54,310.53,764.51,372.01,724.53,341.27,79.97,61.48,4916.62,1.3,Horizontal Oblong,Grey,"(98, 76, 92)","(34.9, -6.0, -7.0)",9.22,11,VISIBLE,-0.03,-0.41
47,9,car,0.6316,294.44,294.36,470.47,460.56,382.46,377.46,176.03,166.2,29256.25,1.06,Spherical / Regular,Orange,"(19, 63, 142)","(50.59, 2.0, 10.0)",10.2,9,VISIBLE,0.79,-0.55
47,14,chair,0.5037,553.07,316.32,606.4,370.08,579.73,343.2,53.33,53.75,2866.59,0.99,Spherical / Regular,Grey,"(98, 75, 99)","(37.25, -6.0, -7.0)",9.22,14,VISIBLE,-0.27,-0.47
47,10,chair,0.425,624.0,336.25,670.26,368.11,647.13,352.18,46.26,31.86,1473.73,1.45,Horizontal Oblong,Cyan,"(97, 98, 87)","(31.76, -7.0, -8.0)",10.63,10,VISIBLE,-0.14,-0.73
47,7,person,0.621,117.37,255.85,174.46,313.47,145.92,284.66,57.08,57.62,3289.08,0.99,Spherical / Regular,Grey,"(100, 66, 91)","(34.9, -4.0, -7.0)",8.06,7,VISIBLE,-1.07,-0.61
47,15,car,0.1906,421.65,302.64,497.9,362.74,459.77,332.69,76.25,60.1,4582.45,1.27,Horizontal Oblong,Grey,"(98, 46, 110)","(43.92, -4.0, -5.0)",6.4,17,VISIBLE,0.45,-1.04
48,6,car,0.7286,0.09,211.9,310.2,571.77,155.15,391.83,310.11,359.87,111600.98,0.86,Spherical / Regular,Grey,"(102, 40, 85)","(31.76, -1.0, -4.0)",4.12,6,VISIBLE,-0.42,-0.37
48,2,car,0.7451,434.09,276.33,866.79,612.3,650.44,444.31,432.71,335.97,145376.37,1.29,Horizontal Oblong,Grey,"(113, 79, 97)","(31.76, 4.0, 1.0)",4.12,2,VISIBLE,0.0,-0.11
48,1,car,0.8036,1035.2,294.41,1280.0,549.39,1157.6,421.9,244.8,254.98,62418.51,0.96,Spherical / Regular,Grey,"(81, 23, 86)","(34.12, -1.0, 1.0)",1.41,1,VISIBLE,0.32,-0.32
48,8,truck,0.3404,509.58,257.4,593.34,306.62,551.46,282.01,83.76,49.22,4122.76,1.7,Horizontal Oblong,Grey,"(20, 9, 185)","(74.9, 0.0, 2.0)",2.0,8,VISIBLE,-0.08,-0.49
48,3,car,0.5686,831.68,313.6,959.84,428.56,895.76,371.08,128.15,114.96,14731.72,1.11,Spherical / Regular,Grey,"(90, 18, 137)","(55.29, -1.0, 0.0)",1.0,3,VISIBLE,0.28,-0.38
48,4,car,0.6389,917.66,301.56,1117.14,474.25,1017.4,387.91,199.49,172.7,34450.62,1.16,Spherical / Regular,Grey,"(50, 32, 82)","(31.37, -1.0, 2.0)",2.24,4,VISIBLE,0.66,-0.69
48,11,person,0.561,685.62,310.04,764.68,371.6,725.15,340.82,79.06,61.55,4866.53,1.28,Horizontal Oblong,Grey,"(98, 75, 92)","(34.9, -6.0, -7.0)",9.22,11,VISIBLE,0.43,-0.44
48,9,car,0.6398,293.65,293.87,472.61,459.68,383.13,376.77,178.96,165.81,29674.1,1.08,Spherical / Regular,Orange,"(19, 62, 143)","(50.59, 2.0, 10.0)",10.2,9,VISIBLE,0.71,-0.64
48,14,chair,0.5105,552.82,315.92,606.17,369.64,579.49,342.78,53.35,53.72,2866.13,0.99,Spherical / Regular,Grey,"(98, 75, 99)","(37.25, -6.0, -7.0)",9.22,14,VISIBLE,-0.25,-0.43
48,10,chair,0.43,624.12,335.66,670.05,367.69,647.09,351.68,45.93,32.02,1470.86,1.43,Horizontal Oblong,Cyan,"(97, 95, 87)","(32.16, -7.0, -8.0)",10.63,10,VISIBLE,-0.07,-0.57
48,7,person,0.5521,117.02,256.08,173.65,312.93,145.33,284.5,56.63,56.85,3219.35,1.0,Spherical / Regular,Grey,"(99, 64, 91)","(34.9, -4.0, -6.0)",7.21,7,VISIBLE,-0.73,-0.29
48,15,car,0.1922,420.32,302.16,497.88,365.69,459.1,333.92,77.56,63.53,4927.35,1.22,Spherical / Regular,Grey,"(98, 46, 113)","(44.71, -3.0, -5.0)",5.83,17,VISIBLE,-0.34,0.55
49,6,car,0.7499,0.08,211.02,309.28,572.08,154.68,391.55,309.19,361.06,111637.2,0.86,Spherical / Regular,Grey,"(101, 39, 84)","(31.76, -2.0, -4.0)",4.47,6,VISIBLE,-0.45,-0.31
49,2,car,0.7433,433.17,275.72,867.46,612.8,650.31,444.26,434.29,337.08,146391.13,1.29,Horizontal Oblong,Grey,"(108, 79, 96)","(31.37, 4.0, 1.0)",4.12,2,VISIBLE,-0.09,-0.07
49,1,car,0.8012,1036.05,293.82,1280.0,549.34,1158.03,421.58,243.95,255.52,62333.15,0.95,Spherical / Regular,Grey,"(50, 23, 86)","(34.12, -1.0, 1.0)",1.41,1,VISIBLE,0.39,-0.32
49,8,truck,0.3431,509.47,257.04,593.41,306.05,551.44,281.54,83.94,49.0,4113.16,1.71,Horizontal Oblong,Grey,"(30, 13, 183)","(74.12, 0.0, 2.0)",2.0,8,VISIBLE,-0.04,-0.47
49,3,car,0.5781,832.15,313.19,960.3,428.38,896.23,370.78,128.15,115.19,14761.53,1.11,Spherical / Regular,Grey,"(90, 18, 137)","(55.29, -1.0, 0.0)",1.0,3,VISIBLE,0.41,-0.32
49,4,car,0.6433,917.87,301.2,1118.23,473.67,1018.05,387.43,200.36,172.47,34554.96,1.16,Spherical / Regular,Grey,"(50, 33, 82)","(30.98, -1.0, 2.0)",2.24,4,VISIBLE,0.65,-0.54
49,11,person,0.5364,686.44,309.59,765.07,371.28,725.76,340.43,78.63,61.69,4850.8,1.27,Horizontal Oblong,Grey,"(98, 75, 92)","(34.9, -6.0, -7.0)",9.22,11,VISIBLE,0.55,-0.4
49,9,car,0.6483,292.95,293.53,473.87,459.01,383.41,376.27,180.93,165.49,29940.77,1.09,Spherical / Regular,Orange,"(19, 62, 143)","(50.59, 2.0, 10.0)",10.2,9,VISIBLE,0.41,-0.55
49,14,chair,0.5166,552.52,315.6,605.92,369.19,579.22,342.39,53.4,53.59,2861.51,1.0,Spherical / Regular,Grey,"(98, 76, 98)","(37.25, -6.0, -7.0)",9.22,14,VISIBLE,-0.27,-0.4
49,10,chair,0.4455,624.21,335.16,670.0,367.78,647.11,351.47,45.78,32.62,1493.71,1.4,Horizontal Oblong,Cyan,"(97, 95, 87)","(31.76, -7.0, -8.0)",10.63,10,VISIBLE,-0.01,-0.31
49,7,person,0.4529,116.61,256.53,172.03,312.54,144.32,284.54,55.42,56.01,3104.23,0.99,Spherical / Regular,Grey,"(100, 63, 91)","(34.51, -4.0, -6.0)",7.21,7,VISIBLE,-0.93,-0.07
49,15,car,0.2059,419.22,301.62,498.06,364.92,458.64,333.27,78.84,63.3,4990.17,1.25,Spherical / Regular,Grey,"(98, 45, 113)","(44.71, -4.0, -5.0)",6.4,17,VISIBLE,-0.42,-0.29
50,6,car,0.731,0.08,210.16,308.27,572.32,154.18,391.24,308.19,362.16,111615.15,0.85,Spherical / Regular,Grey,"(102, 39, 84)","(31.76, -1.0, -4.0)",4.12,6,VISIBLE,-0.49,-0.31
50,2,car,0.7456,431.74,275.24,868.06,613.33,649.9,444.28,436.32,338.09,147513.72,1.29,Horizontal Oblong,Grey,"(113, 78, 96)","(31.37, 5.0, 0.0)",5.0,2,VISIBLE,-0.32,-0.0
50,1,car,0.798,1036.88,293.21,1280.0,549.44,1158.44,421.32,243.12,256.23,62295.4,0.95,Spherical / Regular,Grey,"(50, 22, 86)","(34.51, -1.0, 1.0)",1.41,1,VISIBLE,0.41,-0.27
50,8,truck,0.3171,509.37,256.69,593.41,305.33,551.39,281.01,84.04,48.64,4088.3,1.73,Horizontal Oblong,Grey,"(30, 12, 184)","(74.51, 0.0, 2.0)",2.0,8,VISIBLE,-0.05,-0.52
50,3,car,0.5931,832.49,312.8,960.59,427.93,896.54,370.37,128.09,115.13,14746.77,1.11,Spherical / Regular,Grey,"(94, 18, 138)","(55.29, -1.0, 0.0)",1.0,3,VISIBLE,0.34,-0.39
50,4,car,0.6408,918.07,300.83,1119.03,472.7,1018.55,386.76,200.96,171.88,34540.26,1.17,Spherical / Regular,Grey,"(50, 32, 83)","(31.37, -1.0, 2.0)",2.24,4,VISIBLE,0.55,-0.63
50,11,person,0.5395,687.72,309.21,765.53,371.03,726.62,340.12,77.81,61.81,4809.78,1.26,Horizontal Oblong,Grey,"(98, 75, 92)","(34.9, -6.0, -7.0)",9.22,11,VISIBLE,0.77,-0.34
50,9,car,0.6421,292.53,293.12,473.57,458.54,383.05,375.83,181.04,165.42,29946.67,1.09,Spherical / Regular,Orange,"(19, 62, 143)","(50.59, 2.0, 10.0)",10.2,9,VISIBLE,-0.13,-0.47
50,14,chair,0.5089,552.15,315.35,605.49,368.55,578.82,341.95,53.33,53.2,2837.6,1.0,Spherical / Regular,Grey,"(98, 75, 98)","(37.25, -6.0, -7.0)",9.22,14,VISIBLE,-0.36,-0.43
50,10,chair,0.4464,624.26,334.55,669.76,367.56,647.01,351.05,45.49,33.01,1501.69,1.38,Horizontal Oblong,Cyan,"(97, 100, 87)","(32.16, -7.0, -8.0)",10.63,10,VISIBLE,-0.07,-0.38
50,7,person,0.5764,113.14,255.05,171.18,312.44,142.16,283.74,58.04,57.39,3331.15,1.01,Spherical / Regular,Grey,"(100, 64, 91)","(34.9, -4.0, -6.0)",7.21,7,VISIBLE,-1.79,-0.57
50,15,car,0.2228,419.94,301.23,498.13,363.07,459.03,332.15,78.19,61.84,4835.17,1.26,Horizontal Oblong,Grey,"(98, 46, 113)","(44.31, -4.0, -5.0)",6.4,17,VISIBLE,0.15,-0.87
51,6,car,0.7349,0.08,209.34,307.31,572.49,153.7,390.92,307.23,363.15,111570.25,0.85,Spherical / Regular,Grey,"(101, 39, 84)","(31.76, -1.0, -4.0)",4.12,6,VISIBLE,-0.48,-0.32
51,2,car,0.7474,430.25,274.7,868.57,613.81,649.41,444.25,438.32,339.11,148638.0,1.29,Horizontal Oblong,Grey,"(111, 81, 96)","(31.37, 5.0, 0.0)",5.0,2,VISIBLE,-0.44,-0.02
51,1,car,0.8017,1037.74,292.57,1280.0,549.28,1158.87,420.93,242.26,256.71,62189.03,0.94,Spherical / Regular,Grey,"(50, 22, 86)","(34.51, -1.0, 1.0)",1.41,1,VISIBLE,0.42,-0.36
51,8,truck,0.2947,509.34,256.33,593.42,304.07,551.38,280.2,84.08,47.74,4013.84,1.76,Horizontal Oblong,Grey,"(26, 14, 184)","(74.51, 0.0, 2.0)",2.0,8,VISIBLE,-0.02,-0.72
51,3,car,0.5929,832.85,312.5,961.0,427.45,896.92,369.98,128.16,114.95,14731.06,1.11,Spherical / Regular,Grey,"(90, 17, 137)","(55.29, -1.0, 0.0)",1.0,3,VISIBLE,0.37,-0.39
51,4,car,0.6522,918.25,300.32,1119.88,471.77,1019.06,386.05,201.63,171.45,34568.85,1.18,Spherical / Regular,Grey,"(81, 33, 83)","(30.98, -1.0, 2.0)",2.24,4,VISIBLE,0.52,-0.69
51,11,person,0.5447,688.49,308.89,765.79,370.75,727.14,339.82,77.3,61.87,4782.36,1.25,Spherical / Regular,Grey,"(98, 76, 92)","(34.9, -6.0, -7.0)",9.22,11,VISIBLE,0.59,-0.31
51,9,car,0.6384,292.01,292.46,471.53,458.52,381.77,375.49,179.52,166.06,29810.84,1.08,Spherical / Regular,Orange,"(19, 63, 143)","(50.59, 2.0, 11.0)",11.18,9,VISIBLE,-0.93,-0.38
51,14,chair,0.4971,551.58,315.01,605.08,367.9,578.33,341.46,53.5,52.9,2829.98,1.01,Spherical / Regular,Grey,"(98, 76, 99)","(37.25, -6.0, -7.0)",9.22,14,VISIBLE,-0.45,-0.48
51,10,chair,0.4718,624.07,333.77,669.3,367.33,646.69,350.55,45.23,33.55,1517.72,1.35,Horizontal Oblong,Cyan,"(97, 97, 87)","(32.16, -7.0, -8.0)",10.63,10,VISIBLE,-0.25,-0.47
51,7,person,0.5667,111.01,255.4,169.08,311.94,140.04,283.67,58.07,56.54,3283.28,1.03,Spherical / Regular,Grey,"(100, 65, 91)","(34.9, -4.0, -6.0)",7.21,7,VISIBLE,-2.02,-0.22
51,15,car,0.215,420.62,300.84,497.9,361.03,459.26,330.93,77.28,60.18,4651.19,1.28,Horizontal Oblong,Grey,"(98, 48, 111)","(43.92, -4.0, -5.0)",6.4,17,VISIBLE,0.2,-1.11
52,6,car,0.7232,0.08,208.65,306.46,572.67,153.27,390.66,306.38,364.03,111531.64,0.84,Spherical / Regular,Grey,"(101, 39, 84)","(31.76, -1.0, -4.0)",4.12,6,VISIBLE,-0.44,-0.27
52,2,car,0.7463,428.92,274.02,869.13,614.27,649.02,444.14,440.21,340.25,149782.2,1.29,Horizontal Oblong,Grey,"(113, 79, 96)","(31.37, 5.0, 0.0)",5.0,2,VISIBLE,-0.4,-0.08
52,1,car,0.7963,1038.51,291.91,1280.0,549.25,1159.26,420.58,241.49,257.33,62142.47,0.94,Spherical / Regular,Grey,"(66, 22, 86)","(34.51, -1.0, 1.0)",1.41,1,VISIBLE,0.4,-0.35
52,8,truck,0.2148,509.36,255.9,593.32,302.28,551.34,279.09,83.95,46.38,3893.47,1.81,Horizontal Oblong,Grey,"(20, 12, 185)","(74.51, 0.0, 2.0)",2.0,8,VISIBLE,-0.03,-0.99
52,3,car,0.592,833.34,312.11,961.27,427.02,897.31,369.56,127.93,114.91,14701.2,1.11,Spherical / Regular,Grey,"(94, 17, 138)","(55.29, -1.0, 0.0)",1.0,3,VISIBLE,0.38,-0.4
52,4,car,0.6606,918.38,299.79,1120.83,471.5,1019.6,385.64,202.44,171.71,34761.53,1.18,Spherical / Regular,Grey,"(81, 33, 83)","(31.37, -1.0, 2.0)",2.24,4,VISIBLE,0.54,-0.49
52,11,person,0.509,688.53,308.31,765.87,370.31,727.2,339.31,77.34,62.0,4795.35,1.25,Spherical / Regular,Grey,"(98, 76, 91)","(34.51, -6.0, -7.0)",9.22,11,VISIBLE,0.22,-0.45
52,9,car,0.6285,291.89,291.78,467.53,458.42,379.71,375.1,175.64,166.64,29269.31,1.05,Spherical / Regular,Orange,"(19, 62, 142)","(50.2, 1.0, 10.0)",10.05,9,VISIBLE,-1.72,-0.39
52,14,chair,0.4783,550.92,314.72,604.76,367.5,577.84,341.11,53.83,52.79,2841.62,1.02,Spherical / Regular,Grey,"(98, 75, 99)","(37.25, -6.0, -7.0)",9.22,14,VISIBLE,-0.48,-0.38
52,10,chair,0.4933,623.91,333.05,669.01,366.95,646.46,350.0,45.1,33.9,1528.77,1.33,Horizontal Oblong,Cyan,"(97, 97, 88)","(32.16, -7.0, -8.0)",10.63,10,VISIBLE,-0.23,-0.53
52,7,person,0.6234,108.84,254.59,167.53,311.47,138.19,283.03,58.69,56.89,3338.78,1.03,Spherical / Regular,Grey,"(99, 66, 91)","(34.9, -4.0, -6.0)",7.21,7,VISIBLE,-1.91,-0.52
52,15,car,0.2202,418.87,300.34,497.71,359.33,458.29,329.83,78.84,58.99,4650.69,1.34,Horizontal Oblong,Grey,"(98, 46, 112)","(43.92, -4.0, -5.0)",6.4,17,VISIBLE,-0.62,-1.1
53,6,car,0.7444,0.07,207.92,305.55,572.73,152.81,390.32,305.48,364.81,111441.76,0.84,Spherical / Regular,Grey,"(101, 39, 83)","(31.76, -2.0, -4.0)",4.47,6,VISIBLE,-0.45,-0.32
53,2,car,0.7556,427.75,273.4,869.8,614.58,648.78,443.99,442.05,341.19,150822.61,1.3,Horizontal Oblong,Grey,"(113, 79, 97)","(31.37, 5.0, 1.0)",5.1,2,VISIBLE,-0.3,-0.13
53,1,car,0.7941,1039.08,291.16,1280.0,549.15,1159.54,420.16,240.92,257.99,62154.76,0.93,Spherical / Regular,Grey,"(50, 23, 86)","(34.51, -1.0, 1.0)",1.41,1,VISIBLE,0.32,-0.4
53,8,truck,0.237,509.43,255.41,592.87,300.51,551.15,277.96,83.44,45.1,3763.16,1.85,Horizontal Oblong,Grey,"(20, 13, 184)","(74.51, 0.0, 2.0)",2.0,8,VISIBLE,-0.14,-1.09
53,3,car,0.6019,833.99,311.57,961.17,426.61,897.58,369.09,127.18,115.04,14631.08,1.11,Spherical / Regular,Grey,"(90, 18, 137)","(55.29, -2.0, 0.0)",2.0,3,VISIBLE,0.31,-0.45
53,4,car,0.6646,918.46,299.21,1121.65,471.09,1020.06,385.15,203.19,171.89,34926.57,1.18,Spherical / Regular,Grey,"(50, 32, 82)","(30.59, -1.0, 2.0)",2.24,4,VISIBLE,0.48,-0.49
53,11,person,0.4935,687.55,307.57,765.9,369.85,726.72,338.71,78.34,62.28,4879.29,1.26,Horizontal Oblong,Grey,"(98, 76, 91)","(34.51, -6.0, -7.0)",9.22,11,VISIBLE,-0.27,-0.56
53,9,car,0.6425,291.53,291.18,465.08,458.19,378.3,374.68,173.55,167.01,28985.06,1.04,Spherical / Regular,Orange,"(19, 62, 141)","(50.2, 1.0, 10.0)",10.05,9,VISIBLE,-1.5,-0.41
53,14,chair,0.4772,550.05,314.52,604.77,367.39,577.41,340.95,54.72,52.86,2892.48,1.04,Spherical / Regular,Grey,"(98, 74, 98)","(37.25, -6.0, -7.0)",9.22,14,VISIBLE,-0.44,-0.22
53,10,chair,0.507,623.46,332.45,669.1,366.82,646.28,349.63,45.64,34.37,1568.74,1.33,Horizontal Oblong,Cyan,"(97, 97, 87)","(31.76, -7.0, -8.0)",10.63,10,VISIBLE,-0.2,-0.41
53,7,person,0.706,107.45,252.8,166.16,311.0,136.8,281.9,58.71,58.19,3416.57,1.01,Spherical / Regular,Grey,"(99, 66, 91)","(34.9, -4.0, -6.0)",7.21,7,VISIBLE,-1.54,-0.95
53,15,car,0.2373,417.32,299.64,497.44,358.28,457.38,328.96,80.12,58.63,4697.74,1.37,Horizontal Oblong,Grey,"(98, 48, 110)","(43.53, -4.0, -5.0)",6.4,17,VISIBLE,-0.82,-0.94
54,6,car,0.7308,0.07,207.29,304.64,572.75,152.36,390.02,304.57,365.46,111309.66,0.83,Spherical / Regular,Grey,"(101, 39, 83)","(31.76, -1.0, -4.0)",4.12,6,VISIBLE,-0.45,-0.31
54,2,car,0.7593,426.79,272.64,870.42,614.89,648.6,443.77,443.63,342.25,151830.93,1.3,Horizontal Oblong,Grey,"(113, 79, 97)","(31.76, 5.0, 1.0)",5.1,2,VISIBLE,-0.21,-0.2
54,1,car,0.7964,1039.49,290.3,1280.0,549.13,1159.75,419.71,240.51,258.83,62251.09,0.93,Spherical / Regular,Grey,"(50, 22, 86)","(34.51, -1.0, 1.0)",1.41,1,VISIBLE,0.24,-0.43
54,8,truck,0.2502,509.48,254.74,592.56,298.6,551.02,276.67,83.08,43.87,3644.34,1.89,Horizontal Oblong,Grey,"(26, 9, 185)","(74.51, 0.0, 2.0)",2.0,8,VISIBLE,-0.13,-1.23
54,3,car,0.5981,835.05,310.8,961.32,426.28,898.19,368.54,126.26,115.48,14580.78,1.09,Spherical / Regular,Grey,"(90, 17, 138)","(55.69, -1.0, 0.0)",1.0,3,VISIBLE,0.52,-0.52
54,4,car,0.6691,918.52,298.57,1122.43,470.48,1020.48,384.52,203.91,171.91,35054.76,1.19,Spherical / Regular,Grey,"(69, 32, 83)","(31.37, 0.0, 2.0)",2.0,4,VISIBLE,0.44,-0.59
54,11,person,0.5178,685.58,306.65,765.67,369.33,725.63,337.99,80.09,62.68,5020.17,1.28,Horizontal Oblong,Grey,"(98, 77, 91)","(34.51, -6.0, -7.0)",9.22,11,VISIBLE,-0.85,-0.67
54,9,car,0.6376,290.66,290.67,463.73,457.79,377.19,374.23,173.07,167.12,28924.14,1.04,Spherical / Regular,Brown,"(19, 61, 140)","(50.2, 1.0, 9.0)",9.06,9,VISIBLE,-1.23,-0.44
54,14,chair,0.4999,549.4,313.78,604.64,366.92,577.02,340.35,55.24,53.14,2935.27,1.04,Spherical / Regular,Grey,"(99, 74, 99)","(37.25, -6.0, -7.0)",9.22,14,VISIBLE,-0.41,-0.49
54,10,chair,0.4905,622.99,331.97,668.82,366.65,645.9,349.31,45.83,34.68,1589.3,1.32,Horizontal Oblong,Cyan,"(97, 97, 88)","(31.76, -7.0, -8.0)",10.63,10,VISIBLE,-0.32,-0.35
54,7,person,0.7226,105.95,251.04,164.94,310.47,135.44,280.76,58.99,59.43,3505.6,0.99,Spherical / Regular,Grey,"(99, 67, 91)","(34.9, -5.0, -6.0)",7.81,7,VISIBLE,-1.41,-1.09
54,15,car,0.2091,415.9,299.09,497.15,356.64,456.52,327.87,81.25,57.55,4675.92,1.41,Horizontal Oblong,Grey,"(98, 50, 112)","(43.53, -4.0, -5.0)",6.4,17,VISIBLE,-0.85,-1.05
55,6,car,0.7192,0.08,206.61,303.61,572.75,151.84,389.68,303.53,366.14,111134.24,0.83,Spherical / Regular,Grey,"(101, 39, 83)","(31.76, -1.0, -4.0)",4.12,6,VISIBLE,-0.49,-0.33
55,2,car,0.7221,426.1,272.13,871.42,614.93,648.76,443.53,445.31,342.8,152651.82,1.3,Horizontal Oblong,Grey,"(111, 80, 97)","(31.76, 5.0, 1.0)",5.1,2,VISIBLE,0.05,-0.22
55,1,car,0.7941,1040.18,289.6,1280.0,549.16,1160.09,419.38,239.82,259.56,62248.29,0.92,Spherical / Regular,Grey,"(50, 22, 86)","(34.51, -1.0, 1.0)",1.41,1,VISIBLE,0.31,-0.36
55,8,truck,0.2699,509.49,254.18,592.44,296.59,550.96,275.38,82.95,42.41,3518.0,1.96,Horizontal Oblong,Grey,"(26, 7, 184)","(74.51, 0.0, 2.0)",2.0,8,VISIBLE,-0.08,-1.27
55,3,car,0.607,836.04,310.1,961.7,426.11,898.87,368.11,125.66,116.0,14576.56,1.08,Spherical / Regular,Grey,"(90, 18, 138)","(55.29, -1.0, 0.0)",1.0,3,VISIBLE,0.63,-0.46
55,4,car,0.6721,918.61,298.02,1123.1,470.18,1020.85,384.1,204.48,172.15,35201.99,1.19,Spherical / Regular,Grey,"(81, 33, 82)","(30.98, -1.0, 2.0)",2.24,4,VISIBLE,0.4,-0.47
55,11,person,0.5258,683.76,305.61,765.53,368.84,724.65,337.23,81.77,63.23,5170.44,1.29,Horizontal Oblong,Grey,"(98, 78, 91)","(34.51, -6.0, -7.0)",9.22,11,VISIBLE,-0.94,-0.74
55,9,car,0.6378,289.96,289.95,463.68,457.44,376.82,373.69,173.72,167.49,29096.61,1.04,Spherical / Regular,Brown,"(19, 62, 139)","(49.8, 1.0, 9.0)",9.06,9,VISIBLE,-0.63,-0.51
55,14,chair,0.5154,548.94,313.04,604.56,366.39,576.75,339.72,55.62,53.35,2967.34,1.04,Spherical / Regular,Grey,"(98, 74, 99)","(37.25, -6.0, -7.0)",9.22,14,VISIBLE,-0.31,-0.59
55,10,chair,0.503,622.55,331.56,668.79,366.52,645.67,349.04,46.24,34.96,1616.42,1.32,Horizontal Oblong,Cyan,"(97, 97, 88)","(31.76, -7.0, -8.0)",10.63,10,VISIBLE,-0.26,-0.29
55,7,person,0.691,104.1,249.48,163.98,309.73,134.04,279.61,59.88,60.25,3607.86,0.99,Spherical / Regular,Grey,"(99, 66, 91)","(34.9, -4.0, -6.0)",7.21,7,VISIBLE,-1.41,-1.13
55,15,car,0.21,412.79,298.35,496.9,356.39,454.85,327.37,84.11,58.04,4881.77,1.45,Horizontal Oblong,Grey,"(98, 48, 112)","(43.92, -4.0, -5.0)",6.4,17,VISIBLE,-1.43,-0.66
56,6,car,0.7402,0.08,206.0,302.45,572.81,151.27,389.41,302.37,366.81,110912.94,0.82,Spherical / Regular,Grey,"(102, 38, 83)","(31.76, -1.0, -4.0)",4.12,6,VISIBLE,-0.55,-0.29
56,2,car,0.7279,425.3,271.77,872.15,615.11,648.73,443.44,446.85,343.34,153420.87,1.3,Horizontal Oblong,Grey,"(113, 79, 97)","(31.37, 5.0, 1.0)",5.1,2,VISIBLE,-0.01,-0.13
56,1,car,0.8004,1040.8,289.14,1280.0,549.27,1160.4,419.21,239.2,260.12,62221.67,0.92,Spherical / Regular,Grey,"(50, 21, 86)","(34.51, -1.0, 1.0)",1.41,1,VISIBLE,0.31,-0.23
56,8,truck,0.2195,509.47,253.8,592.26,294.94,550.86,274.37,82.78,41.14,3405.97,2.01,Horizontal Oblong,Grey,"(26, 7, 184)","(74.51, 0.0, 2.0)",2.0,8,VISIBLE,-0.09,-1.09
56,3,car,0.6067,836.67,309.57,961.96,425.9,899.31,367.73,125.29,116.33,14575.57,1.08,Spherical / Regular,Grey,"(90, 18, 138)","(55.69, -1.0, 0.0)",1.0,3,VISIBLE,0.5,-0.4
56,4,car,0.677,918.85,297.62,1123.74,470.0,1021.3,383.81,204.89,172.38,35318.0,1.19,Spherical / Regular,Grey,"(90, 34, 84)","(31.37, -1.0, 1.0)",1.41,4,VISIBLE,0.43,-0.34
56,11,person,0.5507,682.95,304.77,765.62,368.32,724.28,336.54,82.67,63.54,5252.97,1.3,Horizontal Oblong,Grey,"(98, 77, 91)","(34.51, -6.0, -7.0)",9.22,11,VISIBLE,-0.53,-0.7
56,9,car,0.6383,289.27,289.47,463.57,457.35,376.42,373.41,174.3,167.88,29261.53,1.04,Spherical / Regular,Orange,"(19, 62, 139)","(50.2, 1.0, 10.0)",10.05,9,VISIBLE,-0.47,-0.35
56,14,chair,0.5124,548.54,312.36,604.42,366.02,576.48,339.19,55.87,53.66,2998.03,1.04,Spherical / Regular,Grey,"(98, 73, 99)","(37.25, -6.0, -7.0)",9.22,14,VISIBLE,-0.28,-0.55
56,10,chair,0.5024,621.95,331.21,668.51,366.47,645.23,348.84,46.55,35.26,1641.55,1.32,Horizontal Oblong,Cyan,"(97, 97, 87)","(31.76, -7.0, -8.0)",10.63,10,VISIBLE,-0.39,-0.23
56,7,person,0.6499,102.76,248.58,162.76,308.95,132.76,278.76,60.0,60.37,3622.11,0.99,Spherical / Regular,Grey,"(99, 66, 92)","(34.9, -4.0, -6.0)",7.21,7,VISIBLE,-1.32,-0.93
56,15,car,0.2108,411.06,298.01,496.25,355.3,453.66,326.66,85.19,57.29,4880.63,1.49,Horizontal Oblong,Grey,"(97, 48, 111)","(43.92, -4.0, -5.0)",6.4,17,VISIBLE,-1.26,-0.7
57,6,car,0.7417,0.09,205.33,301.3,573.07,150.69,389.2,301.21,367.75,110770.1,0.82,Spherical / Regular,Grey,"(101, 37, 83)","(31.76, -2.0, -3.0)",3.61,6,VISIBLE,-0.57,-0.23
57,2,car,0.7317,424.56,271.29,872.93,615.42,648.74,443.35,448.37,344.14,154299.53,1.3,Horizontal Oblong,Grey,"(111, 78, 97)","(31.37, 4.0, 1.0)",4.12,2,VISIBLE,0.01,-0.1
57,1,car,0.7987,1041.33,288.56,1280.0,549.51,1160.66,419.04,238.67,260.95,62281.31,0.91,Spherical / Regular,Grey,"(50, 22, 86)","(34.51, -1.0, 2.0)",2.24,1,VISIBLE,0.28,-0.19
57,8,truck,0.1723,509.44,253.58,592.1,293.79,550.77,273.68,82.66,40.21,3323.83,2.06,Horizontal Oblong,Grey,"(30, 7, 183)","(74.12, -1.0, 2.0)",2.24,8,VISIBLE,-0.09,-0.81
57,3,car,0.5978,837.51,309.13,961.99,425.79,899.75,367.46,124.48,116.66,14521.92,1.07,Spherical / Regular,Grey,"(90, 18, 138)","(55.69, -1.0, 0.0)",1.0,3,VISIBLE,0.46,-0.31
57,4,car,0.6779,919.11,297.14,1124.38,470.0,1021.75,383.57,205.28,172.86,35483.32,1.19,Spherical / Regular,Grey,"(60, 35, 83)","(30.98, -1.0, 2.0)",2.24,4,VISIBLE,0.44,-0.27
57,11,person,0.5421,682.51,304.15,765.65,367.94,724.08,336.04,83.14,63.79,5303.18,1.3,Horizontal Oblong,Grey,"(98, 76, 92)","(34.51, -6.0, -7.0)",9.22,11,VISIBLE,-0.3,-0.56
57,9,car,0.623,288.53,289.18,463.58,457.29,376.06,373.23,175.05,168.11,29427.64,1.04,Spherical / Regular,Orange,"(19, 63, 140)","(49.8, 1.0, 10.0)",10.05,9,VISIBLE,-0.4,-0.23
57,14,chair,0.4805,548.13,311.89,604.22,365.77,576.17,338.83,56.09,53.88,3021.92,1.04,Spherical / Regular,Grey,"(98, 72, 99)","(37.25, -6.0, -7.0)",9.22,14,VISIBLE,-0.3,-0.42
57,10,chair,0.5171,621.77,330.98,668.17,366.4,644.97,348.69,46.4,35.42,1643.22,1.31,Horizontal Oblong,Cyan,"(97, 94, 87)","(31.76, -7.0, -8.0)",10.63,10,VISIBLE,-0.3,-0.17
57,7,person,0.6788,102.0,248.09,161.56,308.3,131.78,278.2,59.56,60.21,3585.88,0.99,Spherical / Regular,Grey,"(99, 62, 92)","(35.29, -4.0, -5.0)",6.4,7,VISIBLE,-1.08,-0.68
57,15,car,0.2146,410.1,297.75,495.93,354.34,453.02,326.05,85.83,56.59,4857.57,1.52,Horizontal Oblong,Grey,"(96, 47, 112)","(44.31, -4.0, -4.0)",5.66,17,VISIBLE,-0.83,-0.64
58,6,car,0.7281,0.08,204.63,300.29,573.48,150.19,389.06,300.21,368.84,110729.4,0.81,Spherical / Regular,Grey,"(101, 36, 83)","(31.76, -1.0, -3.0)",3.16,6,VISIBLE,-0.53,-0.17
58,2,car,0.7281,423.92,270.67,873.47,615.77,648.7,443.22,449.55,345.1,155138.11,1.3,Horizontal Oblong,Grey,"(113, 77, 97)","(31.76, 5.0, 1.0)",5.1,2,VISIBLE,-0.03,-0.12
58,1,car,0.812,1041.99,288.24,1280.0,549.66,1161.0,418.95,238.01,261.42,62219.71,0.91,Spherical / Regular,Grey,"(50, 21, 87)","(34.9, -1.0, 1.0)",1.41,1,VISIBLE,0.31,-0.12
58,8,truck,0.1575,509.41,253.41,591.82,293.01,550.61,273.21,82.41,39.61,3264.03,2.08,Horizontal Oblong,Grey,"(30, 7, 183)","(74.12, -1.0, 3.0)",3.16,8,VISIBLE,-0.14,-0.57
58,3,car,0.5851,838.33,308.63,962.34,425.72,900.34,367.17,124.01,117.09,14519.45,1.06,Spherical / Regular,Grey,"(90, 18, 137)","(55.29, -1.0, 0.0)",1.0,3,VISIBLE,0.55,-0.29
58,4,car,0.6772,919.34,296.61,1125.07,469.88,1022.2,383.25,205.73,173.27,35647.29,1.19,Spherical / Regular,Grey,"(84, 34, 83)","(30.98, -1.0, 1.0)",1.41,4,VISIBLE,0.45,-0.31
58,11,person,0.5313,682.11,303.73,765.67,367.55,723.89,335.64,83.56,63.82,5332.43,1.31,Horizontal Oblong,Grey,"(98, 76, 92)","(34.9, -6.0, -7.0)",9.22,11,VISIBLE,-0.22,-0.45
58,9,car,0.6194,287.7,289.05,463.07,457.14,375.38,373.1,175.38,168.1,29479.96,1.04,Spherical / Regular,Orange,"(19, 62, 140)","(49.8, 1.0, 10.0)",10.05,9,VISIBLE,-0.59,-0.17
58,14,chair,0.5074,547.8,311.19,603.87,365.58,575.83,338.39,56.07,54.39,3049.8,1.03,Spherical / Regular,Grey,"(99, 70, 99)","(37.25, -5.0, -7.0)",8.6,14,VISIBLE,-0.33,-0.44
58,10,chair,0.5165,621.74,330.85,667.85,366.06,644.79,348.46,46.11,35.21,1623.69,1.31,Horizontal Oblong,Cyan,"(97, 94, 87)","(31.76, -7.0, -8.0)",10.63,10,VISIBLE,-0.21,-0.22
58,7,person,0.6715,101.47,247.74,160.41,307.73,130.94,277.74,58.94,59.99,3535.72,0.98,Spherical / Regular,Grey,"(99, 60, 92)","(35.69, -4.0, -5.0)",6.4,7,VISIBLE,-0.91,-0.53
58,15,car,0.1974,410.1,297.47,495.69,353.63,452.9,325.55,85.59,56.16,4807.16,1.52,Horizontal Oblong,Grey,"(96, 48, 112)","(44.71, -4.0, -5.0)",6.4,17,VISIBLE,-0.33,-0.54
59,6,car,0.7257,0.09,203.95,299.19,573.89,149.64,388.92,299.1,369.94,110648.22,0.81,Spherical / Regular,Grey,"(100, 36, 83)","(31.76, -1.0, -3.0)",3.16,6,VISIBLE,-0.54,-0.15
59,2,car,0.7254,423.2,270.23,874.06,616.0,648.63,443.12,450.86,345.77,155895.41,1.3,Horizontal Oblong,Grey,"(113, 78, 98)","(31.37, 5.0, 1.0)",5.1,2,VISIBLE,-0.06,-0.11
59,1,car,0.816,1042.78,288.01,1280.0,549.81,1161.39,418.91,237.22,261.8,62104.44,0.91,Spherical / Regular,Grey,"(50, 21, 87)","(34.9, -1.0, 2.0)",2.24,1,VISIBLE,0.37,-0.06
59,8,truck,0.1802,509.32,253.22,591.64,292.64,550.48,272.93,82.32,39.42,3245.22,2.09,Horizontal Oblong,Grey,"(30, 7, 183)","(74.12, -1.0, 2.0)",2.24,8,VISIBLE,-0.14,-0.37
59,3,car,0.5742,838.82,308.15,963.02,425.64,900.92,366.9,124.21,117.49,14592.83,1.06,Spherical / Regular,Grey,"(90, 18, 137)","(54.9, -1.0, 0.0)",1.0,3,VISIBLE,0.57,-0.28
59,4,car,0.6726,919.74,296.16,1125.84,470.03,1022.79,383.09,206.11,173.87,35836.6,1.19,Spherical / Regular,Grey,"(50, 34, 81)","(30.59, -1.0, 2.0)",2.24,4,VISIBLE,0.55,-0.2
59,11,person,0.5462,681.59,303.43,765.81,367.26,723.7,335.34,84.22,63.83,5375.61,1.32,Horizontal Oblong,Grey,"(98, 76, 91)","(34.51, -6.0, -7.0)",9.22,11,VISIBLE,-0.2,-0.34
59,9,car,0.6212,286.42,288.85,462.76,456.97,374.59,372.91,176.34,168.11,29645.36,1.05,Spherical / Regular,Brown,"(19, 61, 139)","(49.8, 1.0, 9.0)",9.06,9,VISIBLE,-0.73,-0.18
59,14,chair,0.5197,547.62,310.58,603.49,365.58,575.56,338.08,55.86,55.0,3072.25,1.02,Spherical / Regular,Grey,"(99, 71, 99)","(37.25, -5.0, -7.0)",8.6,14,VISIBLE,-0.29,-0.34
59,10,chair,0.5143,621.82,330.68,667.92,365.73,644.87,348.2,46.1,35.05,1615.86,1.32,Horizontal Oblong,Cyan,"(97, 95, 87)","(32.16, -7.0, -8.0)",10.63,10,VISIBLE,-0.01,-0.24
59,7,person,0.6246,100.49,246.99,159.2,307.37,129.85,277.18,58.71,60.37,3544.46,0.97,Spherical / Regular,Grey,"(99, 61, 92)","(35.69, -4.0, -5.0)",6.4,7,VISIBLE,-1.04,-0.55
59,15,car,0.1819,410.95,297.0,495.1,353.91,453.02,325.45,84.15,56.91,4788.89,1.48,Horizontal Oblong,Grey,"(96, 47, 112)","(44.31, -4.0, -5.0)",6.4,17,VISIBLE,-0.01,-0.23
60,6,car,0.6028,0.09,130.09,385.04,583.69,192.56,356.89,384.95,453.61,174617.12,0.85,Spherical / Regular,Grey,"(100, 35, 59)","(23.53, -1.0, -2.0)",2.24,6,VISIBLE,29.89,-22.46
60,2,car,0.7254,422.4,269.7,874.72,616.28,648.56,442.99,452.32,346.58,156764.96,1.31,Horizontal Oblong,Pink,"(165, 81, 137)","(40.39, 18.0, 6.0)",18.97,2,VISIBLE,-0.07,-0.12
60,1,car,0.816,1043.44,287.55,1280.0,549.91,1161.72,418.73,236.56,262.36,62064.81,0.9,Spherical / Regular,Red,"(5, 123, 81)","(21.96, 17.0, 9.0)",19.24,1,VISIBLE,0.34,-0.14
60,8,truck,0.1802,509.28,252.91,591.44,291.59,550.36,272.25,82.17,38.68,3178.51,2.12,Horizontal Oblong,Grey,"(69, 11, 172)","(69.8, -4.0, 2.0)",4.47,8,VISIBLE,-0.12,-0.59
60,3,car,0.5742,839.49,307.65,963.37,425.47,901.43,366.56,123.88,117.83,14596.95,1.05,Spherical / Regular,Red,"(173, 50, 157)","(56.86, 11.0, 4.0)",11.7,3,VISIBLE,0.53,-0.32
60,4,car,0.6726,919.99,295.66,1126.58,469.89,1023.28,382.77,206.59,174.22,35992.25,1.19,Spherical / Regular,Yellow,"(26, 129, 95)","(25.1, 21.0, 11.0)",23.71,4,VISIBLE,0.51,-0.28
60,11,person,0.5462,680.98,302.87,765.86,366.87,723.42,334.87,84.88,64.0,5431.88,1.33,Horizontal Oblong,Grey,"(11, 28, 174)","(66.27, 5.0, 3.0)",5.83,11,VISIBLE,-0.26,-0.44
60,9,car,0.6212,285.56,288.51,462.26,456.77,373.91,372.64,176.71,168.26,29732.9,1.05,Spherical / Regular,Grey,"(15, 33, 198)","(73.73, 4.0, 6.0)",7.21,9,VISIBLE,-0.7,-0.24
60,14,chair,0.5197,547.25,309.99,603.22,365.33,575.24,337.66,55.97,55.34,3097.46,1.01,Spherical / Regular,White,"(15, 27, 219)","(83.92, 2.0, 7.0)",7.28,14,VISIBLE,-0.31,-0.4
60,10,chair,0.5143,621.66,330.38,667.76,365.49,644.71,347.94,46.11,35.11,1618.98,1.31,Horizontal Oblong,White,"(14, 26, 216)","(82.75, 2.0, 6.0)",6.32,10,VISIBLE,-0.12,-0.26
60,7,person,0.6246,99.38,246.22,157.99,306.82,128.68,276.52,58.6,60.61,3551.8,0.97,Spherical / Regular,Grey,"(30, 16, 79)","(33.73, -1.0, 3.0)",3.16,7,VISIBLE,-1.12,-0.63
60,15,car,0.1819,410.44,296.57,494.72,353.23,452.58,324.9,84.27,56.66,4775.32,1.49,Horizontal Oblong,White,"(19, 26, 231)","(89.02, 1.0, 6.0)",6.08,17,VISIBLE,-0.31,-0.46
61,6,car,0.5969,0.08,78.29,445.61,590.1,222.85,334.19,445.53,511.81,228027.05,0.87,Spherical / Regular,Grey,"(100, 36, 63)","(25.49, -1.0, -2.0)",2.24,6,VISIBLE,30.16,-22.63
61,2,car,0.7254,421.6,269.18,875.38,616.56,648.49,442.87,453.78,347.39,157636.87,1.31,Horizontal Oblong,Red,"(173, 83, 138)","(41.57, 19.0, 5.0)",19.65,2,VISIBLE,-0.07,-0.12
61,1,car,0.816,1044.11,287.09,1280.0,550.02,1162.05,418.56,235.89,262.93,62024.42,0.9,Spherical / Regular,Red,"(4, 123, 80)","(21.96, 17.0, 9.0)",19.24,1,VISIBLE,0.34,-0.17
61,8,truck,0.1802,509.24,252.6,591.25,290.55,550.24,271.57,82.01,37.95,3112.04,2.16,Horizontal Oblong,Grey,"(80, 15, 170)","(69.02, -4.0, 1.0)",4.12,8,VISIBLE,-0.12,-0.65
61,3,car,0.5742,840.16,307.14,963.72,425.3,901.94,366.22,123.56,118.17,14600.85,1.05,Spherical / Regular,Red,"(170, 59, 156)","(56.08, 12.0, 5.0)",13.0,3,VISIBLE,0.52,-0.33
61,4,car,0.6726,920.24,295.16,1127.31,469.74,1023.78,382.45,207.06,174.58,36148.23,1.19,Spherical / Regular,Orange,"(12, 133, 94)","(23.92, 21.0, 11.0)",23.71,4,VISIBLE,0.5,-0.31
61,11,person,0.5462,680.38,302.31,765.92,366.47,723.15,334.39,85.54,64.16,5488.38,1.33,Horizontal Oblong,Grey,"(96, 27, 171)","(64.31, 5.0, 1.0)",5.1,11,VISIBLE,-0.27,-0.47
61,9,car,0.6212,284.7,288.17,461.77,456.58,373.23,372.38,177.07,168.41,29820.54,1.05,Spherical / Regular,Grey,"(15, 33, 202)","(74.9, 5.0, 6.0)",7.81,9,VISIBLE,-0.68,-0.26
61,14,chair,0.5197,546.88,309.4,602.96,365.09,574.92,337.25,56.08,55.68,3122.74,1.01,Spherical / Regular,White,"(14, 25, 219)","(83.92, 2.0, 6.0)",6.32,14,VISIBLE,-0.31,-0.41
61,10,chair,0.5143,621.49,330.08,667.6,365.26,644.55,347.67,46.11,35.18,1622.1,1.31,Horizontal Oblong,White,"(11, 24, 215)","(82.35, 3.0, 5.0)",5.83,10,VISIBLE,-0.15,-0.26
61,7,person,0.6246,98.27,245.44,156.77,306.28,127.52,275.86,58.5,60.84,3559.09,0.96,Spherical / Regular,Grey,"(30, 16, 80)","(34.12, -1.0, 3.0)",3.16,7,VISIBLE,-1.15,-0.65
61,15,car,0.1819,409.94,296.14,494.34,352.56,452.14,324.35,84.4,56.42,4761.68,1.5,Horizontal Oblong,White,"(17, 26, 232)","(89.02, 1.0, 5.0)",5.1,17,VISIBLE,-0.4,-0.52
61,18,car,0.6235,201.05,123.16,1250.02,719.74,725.54,421.45,1048.96,596.57,625784.03,1.76,Horizontal Oblong,Cyan,"(98, 70, 114)","(36.86, 9.0, 5.0)",10.3,18,VISIBLE,0.0,0.0
61,21,car,0.5128,1149.28,144.52,1280.0,419.23,1214.64,281.88,130.72,274.71,35911.65,0.48,Vertical Oblong,Grey,"(30, 31, 148)","(58.04, 0.0, 1.0)",1.0,21,VISIBLE,0.0,0.0
61,22,car,0.4831,445.41,129.42,678.15,269.47,561.78,199.44,232.73,140.05,32594.05,1.66,Horizontal Oblong,Grey,"(95, 22, 155)","(61.96, -3.0, -2.0)",3.61,22,VISIBLE,0.0,0.0
61,19,person,0.382,418.26,22.02,464.11,90.26,441.18,56.14,45.85,68.24,3128.68,0.67,Vertical Oblong,Grey,"(111, 23, 122)","(49.02, 0.0, -4.0)",4.0,19,VISIBLE,0.0,0.0
61,20,car,0.3455,993.82,98.1,1234.31,233.01,1114.07,165.56,240.49,134.91,32443.76,1.78,Horizontal Oblong,Grey,"(98, 25, 125)","(50.78, -3.0, -4.0)",5.0,20,VISIBLE,0.0,0.0
61,23,chair,0.2694,804.88,233.86,890.52,319.9,847.7,276.88,85.64,86.04,7368.69,1.0,Spherical / Regular,Cyan,"(98, 89, 103)","(38.04, -7.0, -9.0)",11.4,23,VISIBLE,0.0,0.0
62,6,car,0.6068,0.08,44.8,485.03,594.32,242.55,319.56,484.96,549.52,266491.14,0.88,Spherical / Regular,Grey,"(100, 36, 73)","(29.02, -1.0, -2.0)",2.24,6,VISIBLE,22.85,-17.03
62,2,car,0.7254,420.8,268.65,876.03,616.85,648.42,442.75,455.24,348.19,158511.13,1.31,Horizontal Oblong,Pink,"(160, 82, 138)","(41.57, 19.0, 5.0)",19.65,2,VISIBLE,-0.07,-0.12
62,1,car,0.816,1044.77,286.63,1280.0,550.13,1162.39,418.38,235.23,263.5,61983.28,0.89,Spherical / Regular,Red,"(4, 123, 80)","(21.96, 17.0, 9.0)",19.24,1,VISIBLE,0.33,-0.17
62,8,truck,0.1802,509.2,252.29,591.06,289.5,550.13,270.89,81.86,37.21,3045.79,2.2,Horizontal Oblong,Grey,"(80, 15, 170)","(68.63, -5.0, 1.0)",5.1,8,VISIBLE,-0.12,-0.67
62,3,car,0.5742,840.84,306.63,964.08,425.14,902.46,365.88,123.24,118.51,14604.53,1.04,Spherical / Regular,Red,"(170, 64, 155)","(54.9, 12.0, 7.0)",13.89,3,VISIBLE,0.52,-0.33
62,4,car,0.6726,920.5,294.67,1128.04,469.59,1024.27,382.13,207.54,174.93,36304.55,1.19,Spherical / Regular,Red,"(9, 134, 94)","(23.92, 21.0, 11.0)",23.71,4,VISIBLE,0.5,-0.32
62,11,person,0.5462,679.77,301.76,765.97,366.08,722.87,333.92,86.2,64.33,5545.1,1.34,Horizontal Oblong,Grey,"(96, 28, 168)","(63.53, 5.0, 1.0)",5.1,11,VISIBLE,-0.28,-0.47
62,9,car,0.6212,283.84,287.83,461.28,456.39,372.56,372.11,177.43,168.56,29908.3,1.05,Spherical / Regular,Grey,"(15, 33, 202)","(74.9, 5.0, 6.0)",7.81,9,VISIBLE,-0.68,-0.26
62,14,chair,0.5197,546.5,308.82,602.69,364.84,574.6,336.83,56.19,56.03,3148.1,1.0,Spherical / Regular,White,"(14, 25, 219)","(83.92, 2.0, 5.0)",5.39,14,VISIBLE,-0.32,-0.41
62,10,chair,0.5143,621.33,329.78,667.44,365.02,644.38,347.4,46.11,35.24,1625.21,1.31,Horizontal Oblong,White,"(11, 24, 215)","(82.35, 3.0, 5.0)",5.83,10,VISIBLE,-0.16,-0.27
62,7,person,0.6246,97.16,244.66,155.55,305.74,126.36,275.2,58.39,61.08,3566.32,0.96,Spherical / Regular,Grey,"(30, 15, 81)","(34.12, -1.0, 3.0)",3.16,7,VISIBLE,-1.16,-0.66
62,15,car,0.1819,409.43,295.71,493.96,351.88,451.69,323.79,84.53,56.17,4747.99,1.5,Horizontal Oblong,White,"(17, 25, 217)","(83.53, 1.0, 5.0)",5.1,17,VISIBLE,-0.43,-0.55
62,18,car,0.6229,195.95,123.2,1248.47,719.88,722.21,421.54,1052.52,596.69,628023.65,1.76,Horizontal Oblong,Cyan,"(98, 70, 114)","(36.86, 9.0, 5.0)",10.3,18,VISIBLE,-3.33,0.09
62,21,car,0.5185,1147.31,144.35,1280.0,422.4,1213.65,283.38,132.69,278.05,36894.42,0.48,Vertical Oblong,Grey,"(30, 31, 147)","(57.65, 0.0, 1.0)",1.0,21,VISIBLE,-0.99,1.5
62,22,car,0.4833,446.31,129.42,677.74,265.63,562.02,197.52,231.43,136.21,31524.01,1.7,Horizontal Oblong,Grey,"(95, 22, 155)","(62.35, -3.0, -2.0)",3.61,22,VISIBLE,0.25,-1.92
62,19,person,0.3574,417.99,22.08,464.26,90.28,441.12,56.18,46.27,68.2,3155.96,0.68,Vertical Oblong,Grey,"(110, 22, 123)","(49.41, 0.0, -4.0)",4.0,19,VISIBLE,-0.06,0.04
62,20,car,0.3333,993.82,98.12,1234.2,234.11,1114.01,166.12,240.38,135.99,32688.01,1.77,Horizontal Oblong,Grey,"(98, 25, 125)","(50.59, -3.0, -4.0)",5.0,20,VISIBLE,-0.05,0.56
62,23,chair,0.2927,802.91,234.12,887.66,319.96,845.29,277.04,84.75,85.84,7274.66,0.99,Spherical / Regular,Cyan,"(98, 89, 103)","(37.65, -7.0, -9.0)",11.4,23,VISIBLE,-2.41,0.16
63,6,car,0.6037,0.07,25.42,508.12,596.63,254.09,311.03,508.05,571.21,290201.82,0.89,Spherical / Regular,Grey,"(100, 35, 81)","(33.73, -1.0, -1.0)",1.41,6,VISIBLE,14.93,-11.08
63,2,car,0.7254,420.0,268.13,876.69,617.13,648.35,442.63,456.7,349.0,159387.75,1.31,Horizontal Oblong,Red,"(170, 85, 138)","(41.96, 19.0, 5.0)",19.65,2,VISIBLE,-0.07,-0.12
63,1,car,0.816,1045.44,286.17,1280.0,550.24,1162.72,418.2,234.56,264.07,61941.38,0.89,Spherical / Regular,Red,"(4, 121, 80)","(21.96, 17.0, 8.0)",18.79,1,VISIBLE,0.33,-0.17
63,8,truck,0.1802,509.16,251.98,590.86,288.45,550.01,270.22,81.7,36.47,2979.78,2.24,Horizontal Oblong,Grey,"(80, 16, 169)","(68.24, -4.0, 1.0)",4.12,8,VISIBLE,-0.12,-0.68
63,3,car,0.5742,841.51,306.12,964.43,424.97,902.97,365.54,122.92,118.85,14607.99,1.03,Spherical / Regular,Red,"(170, 69, 152)","(52.94, 12.0, 7.0)",13.89,3,VISIBLE,0.51,-0.34
63,4,car,0.6726,920.75,294.17,1128.77,469.45,1024.76,381.81,208.02,175.28,36461.21,1.19,Spherical / Regular,Red,"(9, 135, 94)","(23.92, 21.0, 12.0)",24.19,4,VISIBLE,0.49,-0.32
63,11,person,0.5462,679.17,301.2,766.03,365.69,722.6,333.45,86.86,64.49,5602.03,1.35,Horizontal Oblong,Grey,"(97, 29, 164)","(61.96, 5.0, 1.0)",5.1,11,VISIBLE,-0.27,-0.47
63,9,car,0.6212,282.98,287.49,460.78,456.2,371.88,371.84,177.8,168.71,29996.17,1.05,Spherical / Regular,Grey,"(15, 33, 202)","(74.9, 5.0, 6.0)",7.81,9,VISIBLE,-0.68,-0.26
63,14,chair,0.5197,546.13,308.23,602.43,364.6,574.28,336.41,56.3,56.37,3173.53,1.0,Spherical / Regular,White,"(14, 25, 217)","(83.14, 2.0, 6.0)",6.32,14,VISIBLE,-0.32,-0.41
63,10,chair,0.5143,621.16,329.48,667.28,364.79,644.22,347.13,46.11,35.31,1628.33,1.31,Horizontal Oblong,White,"(11, 24, 213)","(81.57, 3.0, 5.0)",5.83,10,VISIBLE,-0.16,-0.27
63,7,person,0.6246,96.05,243.88,154.34,305.2,125.2,274.54,58.29,61.31,3573.51,0.95,Spherical / Regular,Grey,"(30, 16, 81)","(34.12, -1.0, 3.0)",3.16,7,VISIBLE,-1.16,-0.66
63,15,car,0.1819,408.92,295.28,493.58,351.2,451.25,323.24,84.65,55.92,4734.23,1.51,Horizontal Oblong,White,"(19, 26, 213)","(82.75, 1.0, 5.0)",5.1,17,VISIBLE,-0.44,-0.55
63,18,car,0.6204,190.29,122.79,1246.4,719.97,718.35,421.38,1056.11,597.17,630679.76,1.77,Horizontal Oblong,Cyan,"(98, 70, 114)","(36.86, 9.0, 5.0)",10.3,18,VISIBLE,-3.7,-0.08
63,21,car,0.5256,1143.97,144.19,1280.0,425.72,1211.98,284.95,136.03,281.53,38297.51,0.48,Vertical Oblong,Grey,"(30, 32, 146)","(57.65, 0.0, 1.0)",1.0,21,VISIBLE,-1.46,1.56
63,22,car,0.4724,447.09,129.36,677.34,262.82,562.22,196.09,230.25,133.46,30728.49,1.73,Horizontal Oblong,Grey,"(95, 22, 158)","(63.14, -3.0, -2.0)",3.61,22,VISIBLE,0.21,-1.58
63,19,person,0.354,417.52,22.13,464.72,90.17,441.12,56.15,47.2,68.04,3211.85,0.69,Vertical Oblong,Grey,"(110, 22, 124)","(49.8, 0.0, -4.0)",4.0,19,VISIBLE,-0.02,-0.01
63,20,car,0.3287,994.03,98.05,1233.94,234.51,1113.99,166.28,239.91,136.45,32736.31,1.76,Horizontal Oblong,Grey,"(98, 27, 125)","(50.59, -3.0, -4.0)",5.0,20,VISIBLE,-0.03,0.28
63,23,chair,0.2866,799.72,234.22,884.1,320.6,841.91,277.41,84.38,86.38,7288.29,0.98,Spherical / Regular,Cyan,"(99, 90, 103)","(37.65, -7.0, -9.0)",11.4,23,VISIBLE,-3.09,0.31
64,6,car,0.6102,0.06,16.17,519.39,597.68,259.72,306.93,519.32,581.51,301992.05,0.89,Spherical / Regular,Grey,"(99, 35, 85)","(34.9, -1.0, -1.0)",1.41,6,VISIBLE,8.42,-6.2
64,2,car,0.7254,419.2,267.6,877.35,617.41,648.27,442.51,458.15,349.81,160266.72,1.31,Horizontal Oblong,Purple,"(150, 86, 139)","(41.96, 19.0, 6.0)",19.92,2,VISIBLE,-0.07,-0.12
64,1,car,0.816,1046.1,285.7,1280.0,550.34,1163.05,418.02,233.9,264.64,61898.72,0.88,Spherical / Regular,Red,"(4, 121, 80)","(21.96, 17.0, 8.0)",18.79,1,VISIBLE,0.33,-0.18
64,8,truck,0.1802,509.12,251.67,590.67,287.41,549.9,269.54,81.54,35.74,2913.99,2.28,Horizontal Oblong,Grey,"(80, 16, 168)","(67.84, -4.0, 1.0)",4.12,8,VISIBLE,-0.12,-0.68
64,3,car,0.5742,842.18,305.61,964.78,424.8,903.48,365.21,122.59,119.18,14611.23,1.03,Spherical / Regular,Pink,"(167, 74, 148)","(49.8, 12.0, 8.0)",14.42,3,VISIBLE,0.51,-0.34
64,4,car,0.6726,921.01,293.67,1129.51,469.3,1025.26,381.49,208.5,175.63,36618.2,1.19,Spherical / Regular,Red,"(8, 136, 95)","(23.92, 21.0, 12.0)",24.19,4,VISIBLE,0.5,-0.32
64,11,person,0.5462,678.56,300.64,766.08,365.3,722.32,332.97,87.52,64.66,5659.19,1.35,Horizontal Oblong,Grey,"(96, 29, 162)","(61.57, 5.0, 1.0)",5.1,11,VISIBLE,-0.28,-0.47
64,9,car,0.6212,282.13,287.14,460.29,456.0,371.21,371.57,178.16,168.86,30084.14,1.06,Spherical / Regular,Grey,"(14, 33, 202)","(75.29, 5.0, 6.0)",7.81,9,VISIBLE,-0.67,-0.27
64,14,chair,0.5197,545.75,307.64,602.16,364.36,573.96,336.0,56.41,56.71,3199.04,0.99,Spherical / Regular,White,"(14, 25, 212)","(80.78, 2.0, 6.0)",6.32,14,VISIBLE,-0.32,-0.41
64,10,chair,0.5143,621.0,329.18,667.12,364.55,644.06,346.87,46.12,35.38,1631.45,1.3,Horizontal Oblong,White,"(11, 24, 213)","(81.57, 3.0, 5.0)",5.83,10,VISIBLE,-0.16,-0.27
64,7,person,0.6246,94.94,243.11,153.12,304.65,124.03,273.88,58.18,61.55,3580.65,0.95,Spherical / Regular,Grey,"(30, 15, 81)","(34.12, -1.0, 3.0)",3.16,7,VISIBLE,-1.16,-0.66
64,15,car,0.1819,408.42,294.85,493.2,350.53,450.81,322.69,84.78,55.68,4720.41,1.52,Horizontal Oblong,White,"(19, 26, 204)","(81.18, 1.0, 5.0)",5.1,17,VISIBLE,-0.44,-0.55
64,18,car,0.6288,183.2,122.91,1244.07,720.01,713.64,421.46,1060.87,597.11,633451.52,1.78,Horizontal Oblong,Cyan,"(97, 70, 115)","(37.25, 9.0, 5.0)",10.3,18,VISIBLE,-4.41,0.03
64,21,car,0.5358,1141.15,144.3,1280.0,428.22,1210.57,286.26,138.85,283.92,39423.64,0.49,Vertical Oblong,Grey,"(30, 32, 145)","(57.25, 0.0, 2.0)",2.0,21,VISIBLE,-1.43,1.38
64,22,car,0.4602,447.79,129.3,676.89,259.45,562.34,194.37,229.1,130.15,29817.82,1.76,Horizontal Oblong,Grey,"(95, 22, 158)","(63.14, -3.0, -2.0)",3.61,22,VISIBLE,0.15,-1.67
64,19,person,0.3532,418.54,22.16,465.41,90.89,441.98,56.53,46.87,68.74,3221.47,0.68,Vertical Oblong,Grey,"(108, 22, 123)","(49.41, 0.0, -4.0)",4.0,19,VISIBLE,0.59,0.26
64,20,car,0.3457,994.21,97.94,1233.7,235.11,1113.95,166.52,239.49,137.18,32851.97,1.75,Horizontal Oblong,Grey,"(98, 27, 126)","(50.98, -3.0, -4.0)",5.0,20,VISIBLE,-0.03,0.26
64,23,chair,0.2878,795.91,234.29,879.76,319.96,837.83,277.13,83.86,85.67,7183.68,0.98,Spherical / Regular,Cyan,"(98, 89, 103)","(38.04, -7.0, -9.0)",11.4,23,VISIBLE,-3.78,-0.11
65,6,car,0.6165,0.05,13.66,523.0,597.9,261.52,305.78,522.95,584.24,305526.71,0.9,Spherical / Regular,Grey,"(100, 34, 89)","(36.08, -1.0, -1.0)",1.41,6,VISIBLE,3.79,-2.66
65,18,car,0.6331,176.19,121.29,1242.2,719.63,709.19,420.46,1066.01,598.33,637830.39,1.78,Horizontal Oblong,Cyan,"(98, 70, 115)","(37.25, 9.0, 5.0)",10.3,18,VISIBLE,-4.43,-0.69
65,21,car,0.546,1137.97,144.23,1280.0,432.07,1208.98,288.15,142.03,287.83,40881.74,0.49,Vertical Oblong,Grey,"(30, 32, 144)","(56.86, 0.0, 2.0)",2.0,21,VISIBLE,-1.54,1.74
65,22,car,0.4452,448.28,129.24,676.95,254.65,562.61,191.94,228.66,125.41,28676.1,1.82,Horizontal Oblong,Grey,"(95, 22, 157)","(63.14, -3.0, -2.0)",3.61,22,VISIBLE,0.24,-2.2
65,19,person,0.3649,417.04,22.27,466.05,91.04,441.55,56.65,49.01,68.77,3370.91,0.71,Vertical Oblong,Grey,"(113, 23, 124)","(49.8, 1.0, -4.0)",4.12,19,VISIBLE,-0.12,0.17
65,20,car,0.3277,994.53,97.85,1233.93,235.01,1114.23,166.43,239.4,137.15,32834.8,1.75,Horizontal Oblong,Grey,"(98, 27, 125)","(49.8, -3.0, -4.0)",5.0,20,VISIBLE,0.18,0.01
65,23,chair,0.3592,790.59,234.42,875.73,319.99,833.16,277.2,85.14,85.57,7285.16,0.99,Spherical / Regular,Cyan,"(99, 88, 103)","(38.04, -6.0, -9.0)",10.82,23,VISIBLE,-4.41,0.02
66,6,car,0.6309,0.04,15.16,521.83,597.73,260.94,306.45,521.79,582.56,303976.84,0.9,Spherical / Regular,Grey,"(99, 34, 91)","(36.47, -1.0, -1.0)",1.41,6,VISIBLE,0.72,-0.33
66,18,car,0.6369,168.87,120.75,1240.35,719.49,704.61,420.12,1071.49,598.74,641545.68,1.79,Horizontal Oblong,Cyan,"(98, 70, 116)","(37.25, 9.0, 5.0)",10.3,18,VISIBLE,-4.54,-0.45
66,21,car,0.5454,1138.74,144.24,1280.0,434.09,1209.37,289.17,141.26,289.85,40942.41,0.49,Vertical Oblong,Grey,"(33, 32, 142)","(55.69, 0.0, 1.0)",1.0,21,VISIBLE,-0.19,1.23
66,22,car,0.4347,448.51,129.19,676.83,249.38,562.67,189.29,228.32,120.19,27441.47,1.9,Horizontal Oblong,Grey,"(95, 23, 157)","(62.75, -3.0, -2.0)",3.61,22,VISIBLE,0.11,-2.52
66,19,person,0.4007,415.48,22.37,466.75,91.42,441.12,56.9,51.27,69.05,3540.06,0.74,Vertical Oblong,Grey,"(110, 22, 125)","(50.59, 0.0, -4.0)",4.0,19,VISIBLE,-0.34,0.22
66,20,car,0.315,995.08,97.93,1234.15,237.63,1114.62,167.78,239.07,139.7,33397.98,1.71,Horizontal Oblong,Grey,"(98, 25, 138)","(55.69, -3.0, -4.0)",5.0,20,VISIBLE,0.32,0.95
66,23,chair,0.3597,783.98,234.61,871.53,320.67,827.75,277.64,87.55,86.06,7534.64,1.02,Spherical / Regular,Cyan,"(98, 87, 103)","(38.04, -6.0, -9.0)",10.82,23,VISIBLE,-5.11,0.31
67,6,car,0.6243,0.03,18.76,518.21,597.23,259.12,308.0,518.18,578.47,299752.4,0.9,Spherical / Regular,Grey,"(95, 34, 93)","(36.86, -1.0, 0.0)",1.0,6,VISIBLE,-1.05,0.99
67,18,car,0.6241,160.31,122.12,1238.52,719.47,699.42,420.8,1078.21,597.35,644073.96,1.8,Horizontal Oblong,Cyan,"(98, 70, 116)","(37.25, 9.0, 5.0)",10.3,18,VISIBLE,-5.0,0.34
67,21,car,0.5505,1139.06,143.97,1280.0,436.15,1209.53,290.06,140.94,292.18,41179.42,0.48,Vertical Oblong,Grey,"(90, 33, 141)","(55.29, 0.0, 0.0)",0.0,21,VISIBLE,0.05,1.0
67,22,car,0.4065,448.76,129.13,676.55,241.68,562.66,185.41,227.79,112.55,25638.61,2.02,Horizontal Oblong,Grey,"(96, 24, 153)","(61.18, -3.0, -2.0)",3.61,22,VISIBLE,0.02,-3.47
67,19,person,0.4024,414.64,22.43,467.24,91.47,440.94,56.95,52.61,69.04,3632.19,0.76,Vertical Oblong,Grey,"(106, 22, 127)","(50.98, 0.0, -4.0)",4.0,19,VISIBLE,-0.22,0.1
67,20,car,0.3117,995.66,97.95,1234.08,239.4,1114.87,168.67,238.42,141.46,33726.08,1.69,Horizontal Oblong,Grey,"(98, 25, 141)","(57.06, -3.0, -4.0)",5.0,20,VISIBLE,0.28,0.91
67,23,chair,0.3573,777.54,234.79,867.16,321.74,822.35,278.26,89.62,86.95,7792.35,1.03,Spherical / Regular,Cyan,"(98, 87, 103)","(38.04, -6.0, -9.0)",10.82,23,VISIBLE,-5.32,0.53
68,6,car,0.6389,0.02,23.45,514.0,596.42,257.01,309.94,513.97,572.97,294492.51,0.9,Spherical / Regular,Grey,"(94, 34, 93)","(36.86, -1.0, 0.0)",1.0,6,VISIBLE,-1.79,1.65
68,18,car,0.6303,151.99,123.0,1236.64,719.64,694.31,421.32,1084.65,596.64,647146.96,1.82,Horizontal Oblong,Cyan,"(97, 70, 116)","(37.25, 9.0, 5.0)",10.3,18,VISIBLE,-5.07,0.47
68,21,car,0.5586,1138.25,143.36,1280.0,438.37,1209.12,290.87,141.75,295.0,41817.74,0.48,Vertical Oblong,Grey,"(90, 33, 139)","(54.9, 0.0, 0.0)",0.0,21,VISIBLE,-0.27,0.86
68,22,car,0.4072,448.94,129.04,676.52,234.12,562.73,181.58,227.58,105.08,23913.23,2.17,Horizontal Oblong,Grey,"(95, 25, 150)","(60.39, -3.0, -2.0)",3.61,22,VISIBLE,0.06,-3.72
68,19,person,0.4048,414.21,22.37,467.66,91.53,440.93,56.95,53.45,69.17,3696.91,0.77,Vertical Oblong,Grey,"(106, 22, 126)","(50.98, 0.0, -4.0)",4.0,19,VISIBLE,-0.07,0.03
68,20,car,0.3359,996.12,97.99,1233.82,239.92,1114.97,168.95,237.69,141.93,33736.1,1.67,Horizontal Oblong,Grey,"(98, 25, 141)","(56.86, -3.0, -4.0)",5.0,20,VISIBLE,0.15,0.47
68,23,chair,0.3003,772.44,234.82,862.79,322.44,817.62,278.63,90.35,87.62,7916.54,1.03,Spherical / Regular,Cyan,"(98, 87, 104)","(38.04, -6.0, -9.0)",10.82,23,VISIBLE,-4.91,0.41
69,6,car,0.646,0.05,27.86,509.54,595.65,254.79,311.76,509.49,567.79,289284.7,0.9,Spherical / Regular,Grey,"(99, 35, 95)","(37.25, 0.0, 0.0)",0.0,6,VISIBLE,-2.09,1.77
69,18,car,0.6332,143.3,123.02,1234.31,719.8,688.81,421.41,1091.01,596.78,651097.85,1.83,Horizontal Oblong,Cyan,"(98, 70, 117)","(37.25, 10.0, 5.0)",11.18,18,VISIBLE,-5.38,0.2
69,21,car,0.551,1136.23,142.35,1280.0,439.52,1208.12,290.94,143.77,297.17,42723.37,0.48,Vertical Oblong,Grey,"(90, 33, 138)","(54.51, 0.0, 0.0)",0.0,21,VISIBLE,-0.79,0.31
69,22,car,0.4104,449.21,128.93,676.24,227.33,562.72,178.13,227.03,98.4,22339.35,2.31,Horizontal Oblong,Grey,"(95, 24, 149)","(60.0, -3.0, -2.0)",3.61,22,VISIBLE,0.01,-3.53
69,19,person,0.4066,414.47,22.19,467.79,91.51,441.13,56.85,53.32,69.32,3696.11,0.77,Vertical Oblong,Grey,"(108, 21, 126)","(50.98, 0.0, -3.0)",3.0,19,VISIBLE,0.12,-0.06
69,20,car,0.3105,996.85,97.96,1233.72,240.55,1115.29,169.25,236.88,142.59,33777.36,1.66,Horizontal Oblong,Grey,"(98, 25, 144)","(58.04, -3.0, -4.0)",5.0,20,VISIBLE,0.27,0.35
69,23,chair,0.2834,767.97,234.82,858.87,323.19,813.42,279.0,90.9,88.38,8033.24,1.03,Spherical / Regular,Cyan,"(99, 84, 104)","(38.43, -6.0, -9.0)",10.82,23,VISIBLE,-4.41,0.39
70,6,car,0.6562,0.07,31.63,505.62,595.37,252.85,313.5,505.56,563.75,285005.82,0.9,Spherical / Regular,Grey,"(94, 35, 96)","(37.65, 0.0, 0.0)",0.0,6,VISIBLE,-1.99,1.75
70,18,car,0.6404,133.74,123.03,1231.65,719.91,682.69,421.47,1097.91,596.88,655321.29,1.84,Horizontal Oblong,Cyan,"(98, 70, 117)","(37.65, 10.0, 5.0)",11.18,18,VISIBLE,-5.89,0.1
70,21,car,0.5554,1133.88,141.34,1280.0,440.83,1206.94,291.08,146.12,299.49,43761.06,0.49,Vertical Oblong,Grey,"(90, 34, 138)","(54.51, 0.0, 0.0)",0.0,21,VISIBLE,-1.06,0.2
70,22,car,0.3893,449.51,128.88,675.66,221.69,562.59,175.29,226.15,92.81,20989.86,2.44,Horizontal Oblong,Grey,"(95, 24, 149)","(60.0, -3.0, -2.0)",3.61,22,VISIBLE,-0.09,-3.05
70,19,person,0.4092,414.83,22.08,467.61,91.44,441.22,56.76,52.78,69.36,3661.04,0.76,Vertical Oblong,Grey,"(106, 21, 126)","(50.78, 0.0, -3.0)",3.0,19,VISIBLE,0.1,-0.08
70,20,car,0.3112,997.32,97.87,1233.65,241.58,1115.48,169.73,236.32,143.7,33960.86,1.64,Horizontal Oblong,Grey,"(98, 25, 146)","(59.22, -3.0, -4.0)",5.0,20,VISIBLE,0.22,0.43
70,23,chair,0.2595,761.92,234.96,854.4,324.39,808.16,279.68,92.48,89.43,8270.7,1.03,Spherical / Regular,Cyan,"(99, 83, 104)","(38.43, -6.0, -9.0)",10.82,23,VISIBLE,-5.0,0.59
71,6,car,0.6511,0.08,34.64,502.3,595.48,251.19,315.06,502.22,560.83,281660.92,0.9,Spherical / Regular,Grey,"(94, 35, 98)","(38.04, 0.0, 1.0)",1.0,6,VISIBLE,-1.76,1.62
71,18,car,0.6301,125.14,123.17,1228.66,719.98,676.9,421.57,1103.52,596.81,658592.08,1.85,Horizontal Oblong,Cyan,"(98, 70, 118)","(37.65, 10.0, 5.0)",11.18,18,VISIBLE,-5.82,0.1
71,21,car,0.554,1131.96,140.09,1280.0,442.07,1205.98,291.08,148.04,301.98,44704.38,0.49,Vertical Oblong,Grey,"(90, 34, 138)","(54.12, -1.0, 0.0)",1.0,21,VISIBLE,-0.99,0.06
71,22,car,0.367,450.05,128.98,674.97,217.97,562.51,173.47,224.92,88.99,20014.79,2.53,Horizontal Oblong,Grey,"(94, 23, 149)","(60.0, -3.0, -2.0)",3.61,22,VISIBLE,-0.08,-2.18
71,19,person,0.3366,415.91,21.9,467.3,91.26,441.61,56.58,51.39,69.36,3564.32,0.74,Vertical Oblong,Grey,"(105, 21, 125)","(50.59, 0.0, -4.0)",4.0,19,VISIBLE,0.3,-0.15
71,20,car,0.3225,997.95,97.8,1233.42,242.62,1115.69,170.21,235.47,144.83,34102.2,1.63,Horizontal Oblong,Grey,"(98, 25, 148)","(59.61, -3.0, -4.0)",5.0,20,VISIBLE,0.21,0.47
71,23,chair,0.1945,757.14,235.03,849.45,323.44,803.29,279.24,92.32,88.41,8161.65,1.04,Spherical / Regular,Cyan,"(99, 85, 104)","(38.43, -6.0, -9.0)",10.82,23,VISIBLE,-4.91,-0.13
72,6,car,0.651,0.09,36.87,499.77,595.48,249.93,316.18,499.68,558.6,279123.42,0.89,Spherical / Regular,Grey,"(94, 35, 100)","(38.43, 0.0, 2.0)",2.0,6,VISIBLE,-1.41,1.27
72,18,car,0.63,117.06,123.86,1225.87,720.02,671.47,421.94,1108.81,596.16,661028.27,1.86,Horizontal Oblong,Cyan,"(98, 70, 118)","(37.65, 9.0, 5.0)",10.3,18,VISIBLE,-5.55,0.29
72,21,car,0.5646,1130.34,139.32,1280.0,444.62,1205.17,291.97,149.66,305.31,45692.45,0.49,Vertical Oblong,Grey,"(90, 34, 136)","(53.33, -1.0, 0.0)",1.0,21,VISIBLE,-0.86,0.64
72,22,car,0.3622,450.48,129.13,674.34,215.59,562.41,172.36,223.86,86.46,19355.64,2.59,Horizontal Oblong,Grey,"(95, 24, 149)","(60.0, -3.0, -2.0)",3.61,22,VISIBLE,-0.09,-1.44
72,19,person,0.3518,416.62,21.85,467.25,91.16,441.93,56.5,50.63,69.31,3509.25,0.73,Vertical Oblong,Grey,"(105, 21, 125)","(50.2, -1.0, -4.0)",4.12,19,VISIBLE,0.32,-0.1
72,20,car,0.3345,998.41,97.74,1233.36,243.55,1115.88,170.65,234.95,145.81,34258.2,1.61,Horizontal Oblong,Grey,"(98, 26, 147)","(60.0, -3.0, -4.0)",5.0,20,VISIBLE,0.2,0.45
72,23,chair,0.2414,753.54,235.22,844.9,322.5,799.22,278.86,91.36,87.27,7973.38,1.05,Spherical / Regular,Cyan,"(99, 83, 104)","(38.43, -6.0, -9.0)",10.82,23,VISIBLE,-4.32,-0.3
72,24,chair,0.2078,616.54,214.27,746.88,317.44,681.71,265.85,130.34,103.17,13447.24,1.26,Horizontal Oblong,Grey,"(96, 48, 125)","(49.41, -5.0, -5.0)",7.07,24,VISIBLE,0.0,0.0
73,6,car,0.6615,0.1,38.43,497.86,595.36,248.98,316.89,497.76,556.93,277216.94,0.89,Spherical / Regular,Grey,"(94, 35, 104)","(39.61, 0.0, 2.0)",2.0,6,VISIBLE,-1.09,0.88
73,18,car,0.6319,109.48,124.54,1223.51,720.04,666.49,422.29,1114.04,595.5,663409.94,1.87,Horizontal Oblong,Cyan,"(98, 70, 118)","(37.65, 10.0, 5.0)",11.18,18,VISIBLE,-5.14,0.33
73,21,car,0.558,1128.97,138.15,1280.0,444.59,1204.49,291.37,151.03,306.44,46280.96,0.49,Vertical Oblong,Grey,"(94, 33, 137)","(53.33, -1.0, -1.0)",1.41,21,VISIBLE,-0.74,-0.23
73,22,car,0.3755,450.74,129.22,673.93,213.36,562.34,171.29,223.19,84.14,18779.4,2.65,Horizontal Oblong,Grey,"(96, 24, 151)","(60.39, -2.0, -2.0)",2.83,22,VISIBLE,-0.08,-1.18
73,19,person,0.3902,417.54,21.87,467.65,91.27,442.59,56.57,50.1,69.4,3477.04,0.72,Vertical Oblong,Grey,"(106, 22, 124)","(49.8, 0.0, -4.0)",4.0,19,VISIBLE,0.56,0.02
73,20,car,0.3376,998.92,97.78,1233.19,245.38,1116.05,171.58,234.28,147.6,34578.43,1.59,Horizontal Oblong,Grey,"(98, 25, 147)","(59.61, -3.0, -4.0)",5.0,20,VISIBLE,0.18,0.79
73,23,chair,0.1893,756.4,235.42,839.34,312.35,797.87,273.89,82.94,76.93,6381.15,1.08,Spherical / Regular,Cyan,"(99, 85, 104)","(38.04, -6.0, -9.0)",10.82,23,VISIBLE,-2.24,-3.57
73,24,chair,0.2693,613.64,214.19,743.31,318.94,678.47,266.56,129.68,104.75,13583.8,1.24,Spherical / Regular,Grey,"(97, 51, 125)","(49.02, -5.0, -5.0)",7.07,24,VISIBLE,-3.23,0.71
73,3,car,0.1644,697.77,118.35,1002.77,166.62,850.27,142.48,305.0,48.27,14722.17,6.32,Horizontal Oblong,Orange,"(16, 35, 200)","(75.69, 2.0, 10.0)",10.2,25,VISIBLE,-3.99,-17.42
74,6,car,0.6637,0.1,39.42,496.78,595.42,248.44,317.42,496.68,556.0,276156.23,0.89,Spherical / Regular,Grey,"(94, 35, 109)","(40.78, 0.0, 2.0)",2.0,6,VISIBLE,-0.7,0.63
74,18,car,0.6314,101.22,126.5,1221.63,720.05,661.43,423.28,1120.41,593.55,665016.59,1.89,Horizontal Oblong,Cyan,"(98, 70, 119)","(37.65, 10.0, 5.0)",11.18,18,VISIBLE,-5.09,0.79
74,21,car,0.5686,1127.54,137.79,1280.0,444.17,1203.77,290.98,152.46,306.38,46711.63,0.5,Vertical Oblong,Grey,"(92, 34, 136)","(53.33, -1.0, -1.0)",1.41,21,VISIBLE,-0.72,-0.34
74,22,car,0.3567,450.78,129.33,673.45,210.89,562.11,170.11,222.67,81.56,18161.15,2.73,Horizontal Oblong,Grey,"(96, 24, 151)","(60.39, -2.0, -2.0)",2.83,22,VISIBLE,-0.18,-1.18
74,19,person,0.3644,418.05,21.9,468.26,91.24,443.15,56.57,50.21,69.34,3481.27,0.72,Vertical Oblong,Grey,"(104, 22, 123)","(49.41, -1.0, -3.5)",3.64,19,VISIBLE,0.56,0.0
74,20,car,0.3411,999.54,97.85,1233.09,247.05,1116.32,172.45,233.55,149.2,34846.14,1.57,Horizontal Oblong,Grey,"(98, 25, 148)","(60.0, -3.0, -4.0)",5.0,20,VISIBLE,0.24,0.85
74,23,chair,0.1888,749.47,235.6,834.67,314.58,792.07,275.09,85.2,78.97,6728.91,1.08,Spherical / Regular,Cyan,"(99, 83, 104)","(38.43, -6.0, -9.0)",10.82,23,VISIBLE,-4.73,-0.23
74,24,chair,0.2236,609.22,214.14,740.18,320.03,674.7,267.08,130.96,105.89,13866.94,1.24,Spherical / Regular,Grey,"(96, 51, 125)","(49.02, -5.0, -5.0)",7.07,24,VISIBLE,-3.61,0.58
74,3,car,0.1749,699.79,118.36,1003.68,167.28,851.73,142.82,303.89,48.92,14865.78,6.21,Horizontal Oblong,Orange,"(15, 35, 201)","(75.69, 2.0, 10.0)",10.2,25,VISIBLE,-0.17,-4.99
75,6,car,0.6533,0.1,39.99,496.67,595.39,248.38,317.69,496.56,555.4,275790.65,0.89,Spherical / Regular,Grey,"(90, 35, 114)","(42.35, 0.0, 2.0)",2.0,6,VISIBLE,-0.25,0.38
75,18,car,0.6369,94.8,129.08,1218.67,720.05,656.74,424.56,1123.88,590.97,664175.8,1.9,Horizontal Oblong,Cyan,"(98, 70, 119)","(37.65, 10.0, 5.0)",11.18,18,VISIBLE,-4.81,1.14
75,21,car,0.5668,1125.79,136.89,1280.0,445.03,1202.89,290.96,154.21,308.14,47519.23,0.5,Vertical Oblong,Grey,"(94, 34, 135)","(52.94, -1.0, -1.0)",1.41,21,VISIBLE,-0.83,-0.12
75,22,car,0.3593,451.01,129.44,672.88,208.35,561.94,168.9,221.87,78.91,17507.18,2.81,Horizontal Oblong,Grey,"(95, 24, 151)","(60.78, -2.0, -2.0)",2.83,22,VISIBLE,-0.17,-1.2
75,19,person,0.3637,420.35,21.87,468.9,91.71,444.62,56.79,48.55,69.84,3390.67,0.7,Vertical Oblong,Grey,"(105, 22, 123)","(49.02, 0.0, -4.0)",4.0,19,VISIBLE,1.2,0.16
75,20,car,0.319,1000.26,97.95,1233.0,248.49,1116.63,173.22,232.74,150.54,35035.98,1.55,Horizontal Oblong,Grey,"(98, 25, 147)","(59.61, -3.0, -4.0)",5.0,20,VISIBLE,0.29,0.79
75,23,chair,0.2902,743.71,235.5,830.52,317.74,787.11,276.62,86.8,82.24,7138.74,1.06,Spherical / Regular,Cyan,"(98, 83, 104)","(38.43, -6.0, -9.0)",10.82,23,VISIBLE,-4.89,1.0
75,24,chair,0.1923,603.77,214.59,736.75,320.65,670.26,267.62,132.99,106.06,14104.34,1.25,Spherical / Regular,Grey,"(96, 49, 125)","(49.02, -5.0, -5.0)",7.07,24,VISIBLE,-4.19,0.55
75,3,car,0.1806,701.77,118.38,1005.34,168.3,853.55,143.34,303.57,49.92,15153.27,6.08,Horizontal Oblong,Orange,"(15, 35, 204)","(77.25, 3.0, 10.0)",10.44,25,VISIBLE,1.22,-1.13
75,14,chair,0.1891,353.49,271.84,403.95,313.9,378.72,292.87,50.46,42.06,2122.3,1.2,Spherical / Regular,Red,"(9, 72, 168)","(54.12, 18.0, 8.0)",19.7,26,VISIBLE,-12.52,-2.87
76,6,car,0.6502,0.1,40.25,496.3,595.47,248.2,317.86,496.2,555.22,275495.85,0.89,Spherical / Regular,Grey,"(90, 34, 119)","(43.53, 0.0, 3.0)",3.0,6,VISIBLE,-0.2,0.23
76,18,car,0.6295,86.32,129.9,1216.28,720.04,651.3,424.97,1129.96,590.14,666827.62,1.91,Horizontal Oblong,Cyan,"(98, 70, 119)","(37.65, 10.0, 5.0)",11.18,18,VISIBLE,-5.25,0.63
76,21,car,0.5638,1124.41,136.6,1280.0,446.96,1202.21,291.78,155.59,310.36,48288.5,0.5,Vertical Oblong,Grey,"(93, 35, 132)","(52.16, -1.0, -1.0)",1.41,21,VISIBLE,-0.73,0.54
76,22,car,0.3679,451.45,129.49,672.35,204.7,561.9,167.1,220.9,75.21,16614.37,2.94,Horizontal Oblong,Grey,"(94, 24, 151)","(60.78, -2.0, -2.0)",2.83,22,VISIBLE,-0.08,-1.62
76,19,person,0.3365,422.35,21.83,469.46,92.04,445.91,56.93,47.11,70.21,3307.45,0.67,Vertical Oblong,Grey,"(104, 23, 121)","(48.63, -1.0, -4.0)",4.12,19,VISIBLE,1.26,0.15
76,20,car,0.3192,1000.87,98.04,1233.07,250.26,1116.97,174.15,232.21,152.22,35346.73,1.53,Horizontal Oblong,Grey,"(98, 25, 148)","(60.0, -3.0, -4.0)",5.0,20,VISIBLE,0.33,0.89
76,23,chair,0.21,744.39,235.77,825.95,310.86,785.17,273.32,81.57,75.09,6124.69,1.09,Spherical / Regular,Cyan,"(99, 85, 104)","(38.04, -6.0, -9.0)",10.82,23,VISIBLE,-2.83,-2.01
76,24,chair,0.248,600.79,214.38,731.02,320.32,665.91,267.35,130.23,105.95,13797.68,1.23,Spherical / Regular,Grey,"(96, 50, 125)","(49.02, -5.0, -5.0)",7.07,24,VISIBLE,-4.31,-0.02
76,3,car,0.1637,703.57,118.36,1007.06,169.33,855.32,143.85,303.49,50.97,15467.99,5.95,Horizontal Oblong,Orange,"(16, 35, 203)","(76.47, 2.0, 10.0)",10.2,25,VISIBLE,1.6,0.01
76,14,chair,0.2409,349.49,271.98,399.55,314.49,374.52,293.23,50.06,42.5,2127.56,1.18,Spherical / Regular,Red,"(10, 70, 168)","(54.71, 17.0, 7.0)",18.38,26,VISIBLE,-6.7,-0.61
77,6,car,0.6462,0.1,40.37,494.81,595.65,247.45,318.01,494.71,555.28,274704.19,0.89,Spherical / Regular,Grey,"(90, 34, 122)","(44.71, 1.0, 3.0)",3.16,6,VISIBLE,-0.58,0.17
77,18,car,0.6224,78.05,131.55,1213.75,720.03,645.9,425.79,1135.7,588.48,668339.44,1.93,Horizontal Oblong,Cyan,"(99, 70, 120)","(38.04, 10.0, 5.0)",11.18,18,VISIBLE,-5.35,0.76
77,21,car,0.5487,1123.03,136.86,1280.0,443.83,1201.52,290.35,156.97,306.97,48184.83,0.51,Vertical Oblong,Grey,"(95, 34, 133)","(52.55, -1.0, -2.0)",2.24,21,VISIBLE,-0.7,-0.84
77,22,car,0.3832,451.87,129.55,672.09,201.72,561.98,165.63,220.23,72.17,15894.16,3.05,Horizontal Oblong,Grey,"(95, 24, 154)","(61.96, -2.0, -2.0)",2.83,22,VISIBLE,0.03,-1.51
77,19,person,0.355,423.59,21.82,469.83,92.45,446.71,57.14,46.23,70.63,3265.64,0.65,Vertical Oblong,Grey,"(106, 24, 121)","(48.63, 0.0, -4.0)",4.0,19,VISIBLE,0.94,0.18
77,20,car,0.3111,1001.33,98.19,1233.19,251.53,1117.26,174.86,231.86,153.34,35553.36,1.51,Horizontal Oblong,Grey,"(98, 25, 146)","(59.61, -3.0, -4.0)",5.0,20,VISIBLE,0.3,0.76
77,23,chair,0.1683,744.95,235.97,820.64,306.86,782.79,271.41,75.69,70.89,5365.48,1.07,Spherical / Regular,Cyan,"(99, 85, 104)","(38.04, -6.0, -9.0)",10.82,23,VISIBLE,-2.51,-1.93
77,24,chair,0.244,596.46,214.65,726.07,320.98,661.27,267.82,129.61,106.33,13781.51,1.22,Spherical / Regular,Grey,"(98, 50, 125)","(49.41, -5.0, -5.0)",7.07,24,VISIBLE,-4.54,0.32
77,3,car,0.159,705.02,118.39,1010.19,171.54,857.6,144.97,305.17,53.15,16219.6,5.74,Horizontal Oblong,Grey,"(15, 34, 205)","(77.25, 2.0, 10.0)",10.2,25,VISIBLE,2.08,0.79
77,14,chair,0.2415,344.17,272.5,394.21,315.44,369.19,293.97,50.03,42.95,2148.83,1.17,Spherical / Regular,Yellow,"(33, 71, 166)","(53.73, 18.0, 6.0)",18.97,26,VISIBLE,-5.74,0.33
78,6,car,0.6439,0.09,40.41,493.58,595.98,246.83,318.19,493.49,555.58,274171.11,0.89,Spherical / Regular,Grey,"(90, 34, 124)","(45.1, 1.0, 3.0)",3.16,6,VISIBLE,-0.61,0.18
78,18,car,0.6263,64.94,135.91,1210.89,720.02,637.91,427.97,1145.95,584.11,669365.57,1.96,Horizontal Oblong,Cyan,"(98, 70, 120)","(38.04, 10.0, 5.0)",11.18,18,VISIBLE,-7.2,1.75
78,21,car,0.5573,1121.6,136.22,1280.0,447.74,1200.8,291.98,158.4,311.52,49343.66,0.51,Vertical Oblong,Grey,"(95, 34, 132)","(51.76, -1.0, -2.0)",2.24,21,VISIBLE,-0.71,0.89
78,22,car,0.3812,452.14,129.62,671.94,199.47,562.04,164.54,219.8,69.84,15351.94,3.15,Horizontal Oblong,Grey,"(95, 24, 155)","(62.35, -2.0, -2.0)",2.83,22,VISIBLE,0.05,-1.22
78,19,person,0.3343,425.32,21.85,470.56,92.66,447.94,57.26,45.24,70.81,3203.85,0.64,Vertical Oblong,Grey,"(107, 26, 121)","(48.63, 0.0, -4.0)",4.0,19,VISIBLE,1.14,0.14
78,20,car,0.3308,1001.34,98.28,1233.32,253.06,1117.33,175.67,231.97,154.78,35904.62,1.5,Horizontal Oblong,Grey,"(98, 25, 146)","(59.22, -3.0, -4.0)",5.0,20,VISIBLE,0.14,0.8
78,23,chair,0.1683,742.9,236.12,815.89,304.35,779.4,270.23,72.99,68.23,4980.03,1.07,Spherical / Regular,Cyan,"(98, 87, 104)","(38.43, -6.0, -9.0)",10.82,23,VISIBLE,-3.13,-1.41
78,24,chair,0.2913,593.75,214.94,721.24,320.91,657.49,267.93,127.49,105.96,13508.9,1.2,Spherical / Regular,Grey,"(98, 49, 126)","(49.41, -5.0, -5.0)",7.07,24,VISIBLE,-4.0,0.17
78,3,car,0.1726,705.9,118.5,1012.88,173.39,859.39,145.95,306.98,54.88,16848.38,5.59,Horizontal Oblong,Grey,"(15, 33, 208)","(78.43, 2.0, 10.0)",10.2,25,VISIBLE,1.87,0.92
78,14,chair,0.2155,338.24,273.29,388.56,315.92,363.4,294.61,50.32,42.63,2144.93,1.18,Spherical / Regular,Orange,"(11, 72, 167)","(54.51, 17.0, 7.0)",18.38,26,VISIBLE,-5.77,0.54
78,27,person,0.1784,772.68,208.54,890.15,346.85,831.42,277.7,117.47,138.31,16247.65,0.85,Spherical / Regular,Grey,"(101, 72, 111)","(40.0, -3.0, -5.0)",5.83,27,VISIBLE,0.0,0.0
79,6,car,0.6519,0.08,40.41,493.0,595.92,246.54,318.17,492.92,555.52,273823.86,0.89,Spherical / Regular,Grey,"(90, 34, 127)","(45.88, 1.0, 4.0)",4.12,6,VISIBLE,-0.39,0.03
79,18,car,0.6381,58.77,139.45,1208.2,720.02,633.49,429.73,1149.43,580.57,667322.44,1.98,Horizontal Oblong,Cyan,"(99, 71, 120)","(37.65, 10.0, 5.0)",11.18,18,VISIBLE,-5.26,1.76
79,21,car,0.5751,1120.07,136.38,1280.0,452.07,1200.03,294.22,159.93,315.69,50489.02,0.51,Vertical Oblong,Grey,"(96, 35, 129)","(50.59, -1.0, -2.0)",2.24,21,VISIBLE,-0.75,1.84
79,22,car,0.3885,452.42,129.7,671.86,197.53,562.14,163.62,219.44,67.83,14883.63,3.24,Horizontal Oblong,Grey,"(93, 23, 156)","(62.35, -2.0, -2.0)",2.83,22,VISIBLE,0.09,-1.02
79,19,person,0.3331,426.28,21.86,471.46,92.91,448.87,57.38,45.18,71.06,3210.1,0.64,Vertical Oblong,Grey,"(106, 26, 121)","(48.63, 0.0, -4.0)",4.0,19,VISIBLE,0.99,0.13
79,20,car,0.3266,1000.85,98.53,1233.58,253.88,1117.21,176.2,232.73,155.35,36154.62,1.5,Horizontal Oblong,Grey,"(98, 26, 145)","(58.43, -3.0, -4.0)",5.0,20,VISIBLE,-0.04,0.61
79,23,chair,0.1683,740.85,236.27,811.14,301.84,776.0,269.06,70.29,65.57,4608.94,1.07,Spherical / Regular,Cyan,"(99, 86, 104)","(38.43, -6.0, -9.0)",10.82,23,VISIBLE,-3.32,-1.25
79,24,chair,0.1714,586.59,215.41,718.14,321.36,652.36,268.39,131.55,105.95,13938.36,1.24,Spherical / Regular,Grey,"(97, 49, 126)","(49.41, -5.0, -5.0)",7.07,24,VISIBLE,-4.79,0.37
79,3,car,0.163,706.68,118.7,1015.6,175.01,861.14,146.85,308.92,56.31,17396.07,5.49,Horizontal Oblong,Grey,"(16, 33, 208)","(78.04, 2.0, 9.0)",9.22,25,VISIBLE,1.79,0.91
79,14,chair,0.1914,332.34,274.04,382.52,316.73,357.43,295.38,50.18,42.69,2142.23,1.18,Spherical / Regular,Orange,"(16, 72, 166)","(53.53, 18.0, 7.0)",19.31,26,VISIBLE,-5.91,0.71
79,27,person,0.2444,769.81,208.67,880.8,347.88,825.31,278.28,110.99,139.21,15451.53,0.8,Spherical / Regular,Grey,"(101, 73, 110)","(39.22, -3.0, -6.0)",6.71,27,VISIBLE,-6.11,0.58
80,6,car,0.6508,0.07,40.37,491.81,595.85,245.94,318.11,491.74,555.48,273152.7,0.89,Spherical / Regular,Grey,"(84, 34, 129)","(46.27, 1.0, 4.0)",4.12,6,VISIBLE,-0.54,-0.03
80,18,car,0.6545,53.55,143.0,1206.02,720.01,629.78,431.5,1152.47,577.01,664986.09,2.0,Horizontal Oblong,Cyan,"(98, 71, 120)","(37.65, 10.0, 5.0)",11.18,18,VISIBLE,-4.17,1.77
80,21,car,0.5773,1118.11,136.83,1280.0,453.68,1199.06,295.25,161.89,316.85,51293.69,0.51,Vertical Oblong,Grey,"(95, 35, 128)","(50.2, -1.0, -1.0)",1.41,21,VISIBLE,-0.91,1.27
80,22,car,0.3734,452.68,129.73,671.8,196.24,562.24,162.98,219.12,66.51,14574.1,3.29,Horizontal Oblong,Grey,"(93, 23, 156)","(62.75, -2.0, -2.0)",2.83,22,VISIBLE,0.1,-0.75
80,19,person,0.3187,426.4,21.87,472.24,92.48,449.32,57.17,45.84,70.61,3237.17,0.65,Vertical Oblong,Grey,"(105, 25, 121)","(48.63, -0.5, -4.0)",4.03,19,VISIBLE,0.61,-0.11
80,20,car,0.3135,999.98,98.72,1234.09,254.65,1117.04,176.68,234.1,155.93,36503.18,1.5,Horizontal Oblong,Grey,"(98, 27, 144)","(58.04, -3.0, -4.0)",5.0,20,VISIBLE,-0.14,0.52
80,23,chair,0.1683,738.81,236.42,806.39,299.33,772.6,267.88,67.59,62.91,4252.21,1.07,Spherical / Regular,Cyan,"(99, 86, 105)","(38.43, -6.0, -9.0)",10.82,23,VISIBLE,-3.37,-1.2
80,24,chair,0.2331,580.58,215.75,714.24,322.11,647.41,268.93,133.66,106.36,14215.66,1.26,Horizontal Oblong,Grey,"(96, 49, 126)","(49.8, -5.0, -5.0)",7.07,24,VISIBLE,-4.91,0.49
80,3,car,0.17,707.34,118.82,1017.38,176.54,862.36,147.68,310.05,57.73,17898.05,5.37,Horizontal Oblong,Grey,"(16, 32, 208)","(78.43, 2.0, 9.0)",9.22,25,VISIBLE,1.39,0.85
80,14,chair,0.1914,327.86,274.55,378.02,317.29,352.94,295.92,50.16,42.74,2144.05,1.17,Spherical / Regular,Orange,"(11, 72, 168)","(55.29, 17.0, 7.0)",18.38,26,VISIBLE,-4.92,0.59
80,27,person,0.1753,767.0,209.15,905.48,349.85,836.24,279.5,138.49,140.7,19484.71,0.98,Spherical / Regular,Grey,"(101, 65, 112)","(40.78, -2.0, 0.0)",2.0,27,VISIBLE,5.82,1.03
81,6,car,0.647,0.06,40.31,491.38,595.88,245.72,318.09,491.32,555.57,272962.28,0.88,Spherical / Regular,Grey,"(90, 34, 132)","(47.06, 1.0, 4.0)",4.12,6,VISIBLE,-0.32,-0.02
81,18,car,0.6598,47.63,145.7,1204.32,720.01,625.97,432.85,1156.69,574.31,664292.38,2.01,Horizontal Oblong,Blue,"(100, 71, 120)","(37.65, 11.0, 5.0)",12.08,18,VISIBLE,-3.92,1.48
81,21,car,0.5716,1116.32,137.46,1280.0,451.46,1198.16,294.46,163.68,314.0,51395.0,0.52,Vertical Oblong,Grey,"(98, 35, 128)","(50.2, -1.0, -2.0)",2.24,21,VISIBLE,-0.9,-0.17
81,22,car,0.3356,452.82,129.75,671.6,194.75,562.21,162.25,218.78,65.0,14221.09,3.37,Horizontal Oblong,Grey,"(93, 23, 157)","(62.75, -2.0, -2.0)",2.83,22,VISIBLE,0.01,-0.74
81,19,person,0.349,427.3,21.84,472.55,92.17,449.93,57.0,45.25,70.33,3182.38,0.64,Vertical Oblong,Grey,"(106, 26, 121)","(48.63, 0.0, -4.0)",4.0,19,VISIBLE,0.61,-0.15
81,20,car,0.3125,999.19,98.81,1234.5,255.05,1116.85,176.93,235.31,156.24,36765.2,1.51,Horizontal Oblong,Grey,"(98, 27, 144)","(58.04, -3.0, -4.0)",5.0,20,VISIBLE,-0.17,0.33
81,23,chair,0.1798,736.19,236.85,801.75,300.18,768.97,268.51,65.56,63.33,4152.02,1.04,Spherical / Regular,Cyan,"(99, 83, 105)","(38.43, -6.0, -9.0)",10.82,23,VISIBLE,-3.55,0.09
81,24,chair,0.2817,575.21,216.15,709.13,322.93,642.17,269.54,133.92,106.78,14299.53,1.25,Spherical / Regular,Grey,"(96, 49, 127)","(49.8, -5.0, -5.0)",7.07,24,VISIBLE,-5.14,0.58
81,3,car,0.1555,707.81,118.75,1019.88,178.95,863.85,148.85,312.06,60.2,18787.65,5.18,Horizontal Oblong,Grey,"(15, 32, 212)","(79.61, 2.0, 9.0)",9.22,25,VISIBLE,1.46,1.07
81,14,chair,0.1914,323.39,275.06,373.53,317.86,348.46,296.46,50.14,42.8,2145.86,1.17,Spherical / Regular,Orange,"(11, 70, 164)","(54.12, 17.0, 6.5)",18.2,26,VISIBLE,-4.61,0.55
81,27,person,0.1796,762.45,209.16,920.72,350.89,841.59,280.03,158.27,141.73,22431.06,1.12,Spherical / Regular,Grey,"(100, 57, 112)","(41.57, -2.0, 1.0)",2.24,27,VISIBLE,5.49,0.68
82,6,car,0.6497,0.04,40.19,490.57,595.88,245.31,318.03,490.53,555.69,272579.59,0.88,Spherical / Regular,Grey,"(84, 34, 134)","(47.45, 1.0, 4.0)",4.12,6,VISIBLE,-0.39,-0.05
82,18,car,0.6746,41.18,147.54,1202.6,720.0,621.89,433.77,1161.43,572.46,664870.5,2.03,Horizontal Oblong,Cyan,"(99, 72, 120)","(37.65, 11.0, 5.0)",12.08,18,VISIBLE,-4.03,1.08
82,21,car,0.5788,1114.27,137.86,1280.0,447.81,1197.14,292.83,165.73,309.95,51365.94,0.53,Vertical Oblong,Grey,"(98, 35, 128)","(50.2, -1.0, -2.0)",2.24,21,VISIBLE,-0.99,-1.19
82,22,car,0.3214,452.9,129.74,671.37,192.97,562.13,161.35,218.47,63.23,13813.51,3.46,Horizontal Oblong,Grey,"(93, 23, 158)","(63.53, -1.0, -2.0)",2.24,22,VISIBLE,-0.05,-0.85
82,19,person,0.3434,427.69,21.81,472.8,91.97,450.24,56.89,45.11,70.17,3165.27,0.64,Vertical Oblong,Grey,"(106, 27, 121)","(48.63, 0.0, -4.0)",4.0,19,VISIBLE,0.41,-0.13
82,20,car,0.3081,998.65,98.76,1234.73,255.53,1116.69,177.15,236.08,156.77,37011.22,1.51,Horizontal Oblong,Grey,"(98, 27, 142)","(57.65, -3.0, -4.0)",5.0,20,VISIBLE,-0.16,0.25
82,23,chair,0.1879,733.37,237.14,797.94,301.04,765.65,269.09,64.58,63.9,4126.2,1.01,Spherical / Regular,Cyan,"(99, 87, 105)","(38.43, -6.0, -9.0)",10.82,23,VISIBLE,-3.39,0.43
82,24,chair,0.4274,571.98,216.16,704.6,323.11,638.29,269.64,132.62,106.95,14184.49,1.24,Spherical / Regular,Grey,"(98, 48, 127)","(49.8, -5.0, -5.0)",7.07,24,VISIBLE,-4.26,0.24
82,3,car,0.1572,708.02,118.67,1022.36,182.1,865.19,150.38,314.35,63.43,19938.43,4.96,Horizontal Oblong,Grey,"(15, 30, 212)","(80.0, 2.0, 9.0)",9.22,25,VISIBLE,1.38,1.4
82,14,chair,0.1914,318.92,275.57,369.04,318.42,343.98,297.0,50.12,42.85,2147.66,1.17,Spherical / Regular,Orange,"(11, 70, 166)","(54.12, 17.0, 7.0)",18.38,26,VISIBLE,-4.52,0.54
82,27,person,0.219,758.44,209.27,929.71,351.89,844.08,280.58,171.27,142.61,24425.06,1.2,Spherical / Regular,Grey,"(100, 55, 114)","(41.96, -1.0, 2.0)",2.24,27,VISIBLE,3.39,0.59
83,6,car,0.6479,0.04,40.14,489.4,595.82,244.72,317.98,489.37,555.68,271933.28,0.88,Spherical / Regular,Grey,"(84, 34, 135)","(47.84, 1.0, 4.0)",4.12,6,VISIBLE,-0.53,-0.05
83,18,car,0.6705,34.78,148.36,1200.7,720.0,617.74,434.18,1165.92,571.64,666488.71,2.04,Horizontal Oblong,Blue,"(100, 72, 121)","(37.65, 11.0, 5.0)",12.08,18,VISIBLE,-4.12,0.61
83,21,car,0.5786,1112.46,138.46,1280.0,445.75,1196.23,292.11,167.54,307.28,51481.54,0.55,Vertical Oblong,Grey,"(98, 35, 129)","(50.2, -1.0, -2.0)",2.24,21,VISIBLE,-0.93,-0.87
83,22,car,0.2667,452.97,129.74,671.22,191.15,562.1,160.45,218.24,61.41,13402.82,3.55,Horizontal Oblong,Grey,"(93, 23, 159)","(63.53, -1.0, -2.0)",2.24,22,VISIBLE,-0.04,-0.89
83,19,person,0.3607,427.64,21.81,472.83,91.89,450.23,56.85,45.2,70.08,3167.46,0.64,Vertical Oblong,Grey,"(106, 27, 121)","(48.63, 0.0, -4.0)",4.0,19,VISIBLE,0.11,-0.07
83,20,car,0.3063,998.19,98.68,1234.76,255.99,1116.48,177.33,236.58,157.31,37216.52,1.5,Horizontal Oblong,Grey,"(98, 29, 142)","(57.25, -3.0, -4.0)",5.0,20,VISIBLE,-0.2,0.21
83,23,chair,0.1578,731.28,237.38,795.08,302.73,763.18,270.05,63.8,65.35,4169.42,0.98,Spherical / Regular,Cyan,"(99, 87, 104)","(38.43, -6.0, -9.0)",10.82,23,VISIBLE,-2.75,0.8
83,24,chair,0.3411,568.17,216.4,701.24,323.32,634.71,269.86,133.07,106.91,14226.49,1.24,Spherical / Regular,Grey,"(96, 49, 127)","(49.8, -5.0, -5.0)",7.07,24,VISIBLE,-3.79,0.23
83,3,car,0.1609,708.15,118.62,1024.0,186.18,866.07,152.4,315.85,67.56,21337.75,4.68,Horizontal Oblong,Grey,"(15, 29, 210)","(80.0, 2.0, 9.0)",9.22,25,VISIBLE,1.03,1.83
83,14,chair,0.1914,314.45,276.08,364.55,318.99,339.5,297.54,50.1,42.9,2149.47,1.17,Spherical / Regular,Orange,"(20, 73, 163)","(53.33, 17.0, 6.0)",18.03,26,VISIBLE,-4.49,0.54
83,27,person,0.1928,754.24,209.18,934.41,352.67,844.33,280.93,180.16,143.49,25851.4,1.26,Horizontal Oblong,Grey,"(99, 55, 115)","(42.35, -1.0, 3.0)",3.16,27,VISIBLE,1.19,0.42
84,6,car,0.6448,0.03,40.15,487.93,595.67,243.98,317.91,487.9,555.52,271037.56,0.88,Spherical / Regular,Grey,"(81, 34, 136)","(48.24, 1.0, 4.0)",4.12,6,VISIBLE,-0.68,-0.06
84,18,car,0.6827,28.68,149.18,1198.83,720.0,613.76,434.59,1170.15,570.82,667943.95,2.05,Horizontal Oblong,Cyan,"(98, 72, 120)","(37.65, 11.0, 5.0)",12.08,18,VISIBLE,-4.02,0.47
84,21,car,0.6044,1110.56,139.09,1280.0,446.19,1195.28,292.64,169.44,307.1,52035.05,0.55,Vertical Oblong,Grey,"(98, 36, 127)","(49.8, -1.0, -2.0)",2.24,21,VISIBLE,-0.94,0.11
84,22,car,0.2521,453.0,129.82,671.78,189.38,562.39,159.6,218.78,59.56,13031.55,3.67,Horizontal Oblong,Grey,"(92, 23, 159)","(63.92, -1.0, -2.0)",2.24,22,VISIBLE,0.19,-0.86
84,19,person,0.3334,427.73,21.81,472.72,91.58,450.23,56.7,44.98,69.77,3138.56,0.64,Vertical Oblong,Grey,"(106, 27, 121)","(48.63, 0.0, -4.0)",4.0,19,VISIBLE,0.03,-0.13
84,20,car,0.3454,998.13,98.63,1234.41,256.01,1116.27,177.32,236.28,157.38,37185.07,1.5,Horizontal Oblong,Grey,"(98, 29, 141)","(57.25, -3.0, -4.0)",5.0,20,VISIBLE,-0.2,0.05
84,23,chair,0.1578,728.99,237.62,791.03,302.48,760.01,270.05,62.04,64.86,4023.6,0.96,Spherical / Regular,Cyan,"(98, 86, 104)","(38.43, -6.0, -9.0)",10.82,23,VISIBLE,-3.04,0.24
84,24,chair,0.3197,564.25,216.28,698.59,323.35,631.42,269.81,134.34,107.08,14384.81,1.25,Spherical / Regular,Grey,"(96, 48, 127)","(49.8, -5.0, -5.0)",7.07,24,VISIBLE,-3.44,0.04
84,3,car,0.1574,708.39,118.59,1025.6,189.37,867.0,153.98,317.21,70.78,22452.61,4.48,Horizontal Oblong,Grey,"(15, 28, 208)","(79.22, 2.0, 8.0)",8.25,25,VISIBLE,0.95,1.65
84,14,chair,0.1914,309.97,276.6,360.05,319.55,335.01,298.08,50.08,42.96,2151.27,1.17,Spherical / Regular,Red,"(10, 70, 168)","(55.1, 16.0, 7.0)",17.46,26,VISIBLE,-4.49,0.54
84,27,person,0.1928,750.87,209.25,941.98,353.57,846.43,281.41,191.11,144.32,27581.09,1.32,Horizontal Oblong,Grey,"(99, 55, 123)","(42.75, 0.0, 4.0)",4.0,27,VISIBLE,1.83,0.47
85,6,car,0.6386,0.03,40.14,485.79,595.83,242.91,317.99,485.75,555.69,269928.88,0.87,Spherical / Regular,Grey,"(84, 33, 137)","(48.63, 1.0, 4.0)",4.12,6,VISIBLE,-0.95,0.03
85,18,car,0.6886,22.15,149.75,1196.96,720.0,609.56,434.88,1174.81,570.25,669929.59,2.06,Horizontal Oblong,Blue,"(100, 72, 121)","(37.65, 11.0, 5.0)",12.08,18,VISIBLE,-4.15,0.34
85,21,car,0.6063,1108.39,139.31,1280.0,449.05,1194.2,294.18,171.61,309.74,53153.98,0.55,Vertical Oblong,Grey,"(98, 37, 126)","(49.41, -1.0, -2.0)",2.24,21,VISIBLE,-1.04,1.11
85,22,car,0.2595,452.91,129.8,671.75,187.64,562.33,158.72,218.84,57.85,12659.31,3.78,Horizontal Oblong,Grey,"(92, 22, 160)","(64.31, -1.0, -2.0)",2.24,22,VISIBLE,0.02,-0.87
85,19,person,0.3613,427.11,21.85,472.58,91.45,449.85,56.65,45.47,69.6,3164.28,0.65,Vertical Oblong,Grey,"(109, 28, 122)","(48.63, 0.0, -4.0)",4.0,19,VISIBLE,-0.26,-0.07
85,20,car,0.3312,998.04,98.55,1233.93,255.35,1115.99,176.95,235.88,156.8,36987.47,1.5,Horizontal Oblong,Grey,"(98, 29, 142)","(56.86, -3.0, -4.0)",5.0,20,VISIBLE,-0.26,-0.24
85,23,chair,0.1519,724.89,237.65,786.9,303.53,755.89,270.59,62.01,65.89,4085.66,0.94,Spherical / Regular,Cyan,"(99, 85, 104)","(38.43, -6.0, -9.0)",10.82,23,VISIBLE,-3.79,0.45
85,24,chair,0.335,560.34,216.01,695.34,323.37,627.84,269.69,135.0,107.36,14493.97,1.26,Horizontal Oblong,Grey,"(98, 48, 127)","(49.8, -5.0, -5.0)",7.07,24,VISIBLE,-3.54,-0.08
85,3,car,0.1574,708.85,118.58,1027.57,192.14,868.21,155.36,318.72,73.56,23444.5,4.33,Horizontal Oblong,Grey,"(15, 27, 205)","(78.04, 2.0, 7.0)",7.28,25,VISIBLE,1.14,1.46
85,27,person,0.1663,746.82,208.63,938.68,353.56,842.75,281.1,191.86,144.92,27804.85,1.32,Horizontal Oblong,Grey,"(98, 54, 122)","(42.35, 0.0, 4.0)",4.0,27,VISIBLE,-2.02,-0.08
86,6,car,0.6256,0.03,40.16,484.17,596.31,242.1,318.24,484.14,556.15,269253.81,0.87,Spherical / Regular,Grey,"(69, 33, 138)","(49.02, 1.0, 5.0)",5.1,6,VISIBLE,-0.85,0.18
86,18,car,0.7038,14.97,150.35,1195.2,720.0,605.09,435.17,1180.23,569.65,672318.39,2.07,Horizontal Oblong,Cyan,"(98, 72, 121)","(37.65, 11.0, 5.0)",12.08,18,VISIBLE,-4.37,0.31
86,21,car,0.6094,1105.8,139.44,1280.0,451.95,1192.9,295.7,174.2,312.52,54439.98,0.56,Vertical Oblong,Grey,"(98, 37, 126)","(49.41, -1.0, -2.0)",2.24,21,VISIBLE,-1.22,1.39
86,22,car,0.231,452.72,129.73,671.28,185.99,562.0,157.86,218.56,56.27,12297.88,3.88,Horizontal Oblong,Grey,"(93, 21, 159)","(63.92, -1.0, -1.0)",1.41,22,VISIBLE,-0.23,-0.86
86,19,person,0.3445,426.46,21.86,472.54,91.39,449.5,56.62,46.08,69.53,3204.3,0.66,Vertical Oblong,Grey,"(109, 27, 122)","(48.24, 0.0, -4.0)",4.0,19,VISIBLE,-0.32,-0.04
86,20,car,0.3571,998.05,98.42,1233.54,253.31,1115.79,175.87,235.49,154.89,36476.33,1.52,Horizontal Oblong,Grey,"(98, 30, 142)","(56.86, -3.0, -4.0)",5.0,20,VISIBLE,-0.21,-0.83
86,23,chair,0.1567,720.87,237.78,783.63,304.93,752.25,271.36,62.75,67.15,4213.79,0.93,Spherical / Regular,Cyan,"(98, 83, 104)","(38.43, -6.0, -8.0)",10.0,23,VISIBLE,-3.69,0.67
86,24,chair,0.404,557.74,215.45,692.06,323.78,624.9,269.62,134.31,108.33,14550.18,1.24,Spherical / Regular,Grey,"(97, 47, 127)","(50.2, -5.0, -5.0)",7.07,24,VISIBLE,-3.12,-0.08
86,3,car,0.1662,708.78,118.57,1046.97,217.22,877.88,167.89,338.2,98.64,33360.99,3.43,Horizontal Oblong,Grey,"(16, 26, 190)","(73.33, 3.0, 4.0)",5.0,25,VISIBLE,7.11,9.21
86,27,person,0.1663,743.26,208.52,943.28,354.21,843.27,281.36,200.02,145.69,29141.33,1.37,Horizontal Oblong,Grey,"(98, 54, 129)","(42.75, 0.0, 5.0)",5.0,27,VISIBLE,-0.24,0.16
87,6,car,0.6261,0.04,40.17,482.72,597.44,241.38,318.81,482.68,557.26,268980.26,0.87,Spherical / Regular,Grey,"(81, 33, 139)","(49.41, 1.0, 5.0)",5.1,6,VISIBLE,-0.76,0.45
87,18,car,0.7052,6.69,150.78,1193.38,720.0,600.04,435.39,1186.69,569.22,675484.03,2.08,Horizontal Oblong,Cyan,"(98, 71, 121)","(37.65, 11.0, 5.0)",12.08,18,VISIBLE,-4.85,0.24
87,21,car,0.5959,1103.2,139.63,1280.0,453.1,1191.6,296.36,176.8,313.47,55421.95,0.56,Vertical Oblong,Grey,"(98, 38, 125)","(49.02, -1.0, -2.0)",2.24,21,VISIBLE,-1.28,0.89
87,22,car,0.2355,452.52,129.63,670.42,184.66,561.47,157.15,217.9,55.03,11990.57,3.96,Horizontal Oblong,Grey,"(92, 21, 159)","(63.92, -1.0, -1.0)",1.41,22,VISIBLE,-0.44,-0.76
87,19,person,0.3715,425.87,21.82,472.28,91.75,449.07,56.79,46.41,69.92,3245.1,0.66,Vertical Oblong,Grey,"(106, 27, 122)","(48.63, 0.0, -4.0)",4.0,19,VISIBLE,-0.39,0.1
87,20,car,0.3637,998.13,98.16,1233.11,248.58,1115.62,173.37,234.98,150.42,35344.94,1.56,Horizontal Oblong,Grey,"(98, 30, 140)","(56.08, -3.0, -4.0)",5.0,20,VISIBLE,-0.19,-2.0
87,23,chair,0.2026,717.73,237.84,781.18,305.91,749.45,271.87,63.45,68.07,4318.69,0.93,Spherical / Regular,Cyan,"(98, 84, 104)","(38.43, -6.0, -8.0)",10.0,23,VISIBLE,-3.06,0.57
87,24,chair,0.3219,559.26,215.23,687.87,323.98,623.56,269.6,128.61,108.76,13987.34,1.18,Spherical / Regular,Grey,"(98, 48, 127)","(49.8, -5.0, -5.0)",7.07,24,VISIBLE,-1.87,-0.03
87,3,car,0.1956,708.55,118.4,1058.89,228.87,883.72,173.63,350.35,110.48,38705.08,3.17,Horizontal Oblong,Grey,"(18, 25, 186)","(72.16, 3.0, 3.0)",4.24,25,VISIBLE,6.22,6.78
87,27,person,0.1688,740.7,208.82,899.61,354.25,820.15,281.53,158.91,145.43,23111.03,1.09,Spherical / Regular,Grey,"(100, 58, 112)","(41.18, -1.0, 1.0)",1.41,27,VISIBLE,-16.25,0.17
88,6,car,0.6197,0.03,40.31,481.41,595.58,240.72,317.95,481.38,555.28,267301.17,0.87,Spherical / Regular,Grey,"(55, 33, 140)","(49.8, 1.0, 5.0)",5.1,6,VISIBLE,-0.69,-0.47
88,18,car,0.7026,-0.24,150.98,1191.65,720.0,595.71,435.49,1191.89,569.02,678211.37,2.09,Horizontal Oblong,Cyan,"(98, 70, 121)","(37.65, 11.0, 5.0)",12.08,18,VISIBLE,-4.49,0.14
88,21,car,0.5871,1100.86,139.61,1280.0,453.34,1190.43,296.47,179.14,313.73,56200.76,0.57,Vertical Oblong,Grey,"(98, 38, 125)","(49.02, -1.0, -2.0)",2.24,21,VISIBLE,-1.2,0.34
88,22,car,0.2213,452.27,129.55,669.9,183.64,561.08,156.6,217.63,54.09,11772.47,4.02,Horizontal Oblong,Grey,"(90, 20, 160)","(64.71, -1.0, -1.0)",1.41,22,VISIBLE,-0.4,-0.61
88,19,person,0.3705,425.33,21.85,471.6,92.05,448.47,56.95,46.27,70.2,3248.57,0.66,Vertical Oblong,Grey,"(106, 27, 121)","(48.43, 0.0, -4.0)",4.0,19,VISIBLE,-0.54,0.15
88,20,car,0.368,998.25,97.99,1232.5,243.25,1115.38,170.62,234.25,145.26,34026.29,1.61,Horizontal Oblong,Grey,"(98, 33, 130)","(52.55, -3.0, -5.0)",5.83,20,VISIBLE,-0.23,-2.52
88,23,chair,0.1636,715.47,237.87,779.11,306.74,747.29,272.3,63.65,68.88,4383.91,0.92,Spherical / Regular,Cyan,"(98, 86, 104)","(38.43, -6.0, -9.0)",10.82,23,VISIBLE,-2.43,0.47
88,24,chair,0.3121,555.31,215.05,683.5,324.07,619.41,269.56,128.19,109.01,13974.74,1.18,Spherical / Regular,Grey,"(96, 47, 127)","(49.8, -5.0, -5.0)",7.07,24,VISIBLE,-3.47,-0.04
88,3,car,0.2702,708.18,118.23,1066.5,235.42,887.34,176.83,358.32,117.19,41991.94,3.06,Horizontal Oblong,Grey,"(30, 24, 183)","(71.37, 2.0, 2.0)",2.83,25,VISIBLE,4.4,4.27
88,27,person,0.2188,738.32,209.14,868.18,354.54,803.25,281.84,129.86,145.4,18881.37,0.89,Spherical / Regular,Grey,"(102, 71, 114)","(40.39, -1.0, -1.0)",1.41,27,VISIBLE,-16.71,0.26
89,6,car,0.6028,0.03,40.47,479.38,590.28,239.71,315.37,479.35,549.81,263553.14,0.87,Spherical / Regular,Grey,"(66, 33, 140)","(50.2, 1.0, 4.0)",4.12,6,VISIBLE,-0.92,-1.94
89,18,car,0.703,-4.08,151.0,1189.85,720.0,592.88,435.5,1193.92,569.0,679345.71,2.1,Horizontal Oblong,Cyan,"(99, 71, 122)","(38.04, 12.0, 5.0)",13.0,18,VISIBLE,-3.32,0.05
89,21,car,0.5831,1098.57,139.59,1280.0,452.66,1189.29,296.13,181.43,313.06,56798.54,0.58,Vertical Oblong,Grey,"(98, 38, 125)","(49.02, -1.0, -2.0)",2.24,21,VISIBLE,-1.16,-0.14
89,22,car,0.2375,451.74,129.49,669.23,182.83,560.49,156.16,217.49,53.33,11599.41,4.08,Horizontal Oblong,Grey,"(92, 19, 160)","(64.71, -1.0, -1.0)",1.41,22,VISIBLE,-0.54,-0.49
89,19,person,0.3861,424.49,21.95,470.74,92.11,447.62,57.03,46.26,70.16,3245.34,0.66,Vertical Oblong,Grey,"(109, 26, 121)","(48.24, 0.0, -4.0)",4.0,19,VISIBLE,-0.76,0.1
89,20,car,0.3617,998.14,97.95,1231.8,239.94,1114.97,168.95,233.67,142.0,33179.58,1.65,Horizontal Oblong,Grey,"(98, 34, 122)","(48.63, -3.0, -5.0)",5.83,20,VISIBLE,-0.35,-1.93
89,23,chair,0.1636,712.58,237.98,776.01,307.39,744.29,272.68,63.43,69.42,4402.89,0.91,Spherical / Regular,Cyan,"(99, 86, 104)","(38.43, -6.0, -9.0)",10.82,23,VISIBLE,-2.83,0.41
89,24,chair,0.3787,553.13,214.89,679.06,324.51,616.1,269.7,125.94,109.62,13805.3,1.15,Spherical / Regular,Grey,"(98, 47, 127)","(50.2, -5.0, -5.0)",7.07,24,VISIBLE,-3.36,0.09
89,3,car,0.3059,707.59,118.14,1070.24,238.54,888.91,178.34,362.65,120.4,43662.7,3.01,Horizontal Oblong,Grey,"(50, 23, 183)","(70.98, 2.0, 2.0)",2.83,25,VISIBLE,2.42,2.34
89,27,person,0.2188,735.27,209.22,853.79,354.97,794.53,282.1,118.52,145.75,17274.37,0.81,Spherical / Regular,Grey,"(102, 76, 113)","(39.61, -1.0, -4.0)",4.12,27,VISIBLE,-11.12,0.26
90,6,car,0.5935,0.03,40.64,477.92,583.26,238.98,311.95,477.89,542.62,259313.05,0.88,Spherical / Regular,Grey,"(50, 32, 138)","(50.59, 1.0, 4.0)",4.12,6,VISIBLE,-0.79,-2.98
90,18,car,0.7047,-5.73,151.11,1187.67,720.0,590.97,435.56,1193.4,568.89,678907.4,2.1,Horizontal Oblong,Cyan,"(98, 70, 122)","(38.04, 12.0, 5.0)",13.0,18,VISIBLE,-2.34,0.05
90,21,car,0.5858,1096.19,139.79,1280.0,452.19,1188.09,295.99,183.81,312.39,57421.74,0.59,Vertical Oblong,Grey,"(98, 38, 124)","(49.02, -1.0, -2.0)",2.24,21,VISIBLE,-1.18,-0.14
90,22,car,0.2159,451.09,129.53,668.23,182.13,559.66,155.83,217.13,52.6,11421.04,4.13,Horizontal Oblong,Grey,"(92, 20, 161)","(65.1, -1.0, -1.0)",1.41,22,VISIBLE,-0.74,-0.38
90,19,person,0.3699,423.93,22.08,470.06,92.19,447.0,57.14,46.13,70.11,3234.17,0.66,Vertical Oblong,Grey,"(106, 27, 120)","(47.84, 0.0, -4.0)",4.0,19,VISIBLE,-0.66,0.1
90,20,car,0.3611,997.97,97.96,1231.13,236.92,1114.55,167.44,233.16,138.95,32398.68,1.68,Horizontal Oblong,Grey,"(98, 36, 118)","(46.67, -3.0, -5.0)",5.83,20,VISIBLE,-0.4,-1.63
90,23,chair,0.1636,709.69,238.09,772.9,308.04,741.3,273.06,63.21,69.95,4421.62,0.9,Spherical / Regular,Cyan,"(98, 86, 104)","(38.43, -6.0, -9.0)",10.82,23,VISIBLE,-2.95,0.39
90,24,chair,0.4177,550.9,215.05,675.53,324.97,613.22,270.01,124.63,109.92,13699.43,1.13,Spherical / Regular,Grey,"(98, 47, 127)","(50.2, -5.0, -5.0)",7.07,24,VISIBLE,-3.02,0.24
90,3,car,0.3128,706.61,118.2,1071.31,239.86,888.96,179.03,364.7,121.66,44369.01,3.0,Horizontal Oblong,Grey,"(42, 23, 183)","(70.98, 2.0, 2.0)",2.83,25,VISIBLE,0.76,1.19
90,27,chair,0.1534,736.15,209.74,874.82,354.99,805.49,282.37,138.67,145.25,20142.6,0.95,Spherical / Regular,Grey,"(101, 63, 113)","(40.78, 0.0, 1.0)",1.0,27,VISIBLE,4.33,0.27
91,6,car,0.5625,0.03,40.78,476.91,568.56,238.47,304.67,476.88,527.78,251687.74,0.9,Spherical / Regular,Grey,"(50, 30, 135)","(51.37, 1.0, 4.0)",4.12,6,VISIBLE,-0.59,-5.99
91,18,car,0.7172,-5.98,151.73,1186.97,720.0,590.5,435.86,1192.94,568.27,677914.9,2.1,Horizontal Oblong,Cyan,"(99, 71, 123)","(38.04, 12.0, 5.0)",13.0,18,VISIBLE,-1.03,0.23
91,21,car,0.5967,1093.89,140.03,1280.0,452.8,1186.94,296.42,186.11,312.77,58210.92,0.6,Vertical Oblong,Grey,"(98, 38, 124)","(48.63, -1.0, -2.0)",2.24,21,VISIBLE,-1.16,0.26
91,22,car,0.2154,450.45,129.65,667.17,181.52,558.81,155.58,216.72,51.86,11240.19,4.18,Horizontal Oblong,Grey,"(92, 20, 161)","(64.71, -1.0, -1.0)",1.41,22,VISIBLE,-0.82,-0.28
91,19,person,0.3839,423.16,22.18,469.03,92.33,446.09,57.25,45.87,70.15,3217.46,0.65,Vertical Oblong,Grey,"(108, 27, 119)","(47.45, 0.0, -4.0)",4.0,19,VISIBLE,-0.83,0.12
91,20,car,0.3831,997.59,97.94,1230.41,235.81,1114.0,166.87,232.82,137.87,32098.99,1.69,Horizontal Oblong,Grey,"(98, 35, 118)","(46.27, -3.0, -5.0)",5.83,20,VISIBLE,-0.5,-0.89
91,23,chair,0.1636,706.8,238.2,769.79,308.69,738.3,273.44,62.99,70.49,4440.12,0.89,Spherical / Regular,Cyan,"(98, 87, 104)","(38.43, -7.0, -9.0)",11.4,23,VISIBLE,-2.98,0.38
91,24,chair,0.3695,548.31,215.39,672.36,325.58,610.33,270.49,124.05,110.19,13668.42,1.13,Spherical / Regular,Grey,"(98, 47, 127)","(50.2, -5.0, -5.0)",7.07,24,VISIBLE,-2.92,0.41
91,3,car,0.3395,705.63,118.39,1070.54,240.75,888.08,179.57,364.91,122.35,44647.96,2.98,Horizontal Oblong,Grey,"(41, 23, 183)","(70.98, 2.0, 2.0)",2.83,25,VISIBLE,-0.38,0.73
91,27,chair,0.1534,734.13,209.94,869.78,355.32,801.96,282.63,135.65,145.38,19720.55,0.93,Spherical / Regular,Grey,"(102, 64, 114)","(40.78, 0.0, 1.0)",1.0,27,VISIBLE,-1.17,0.27
92,6,car,0.5663,0.04,40.97,475.86,552.29,237.95,296.63,475.82,511.32,243298.92,0.93,Spherical / Regular,Grey,"(41, 30, 133)","(50.98, 0.0, 3.0)",3.0,6,VISIBLE,-0.54,-7.42
92,18,car,0.7015,-5.41,151.45,1184.35,720.0,589.47,435.73,1189.76,568.54,676432.59,2.09,Horizontal Oblong,Cyan,"(98, 71, 123)","(38.04, 12.0, 5.0)",13.0,18,VISIBLE,-1.03,-0.03
92,21,car,0.6108,1091.44,140.24,1280.0,454.38,1185.72,297.31,188.56,314.13,59233.08,0.6,Vertical Oblong,Grey,"(98, 38, 123)","(48.24, -1.0, -2.0)",2.24,21,VISIBLE,-1.21,0.7
92,22,car,0.2259,449.93,129.74,666.04,180.9,557.98,155.32,216.1,51.16,11055.98,4.22,Horizontal Oblong,Grey,"(92, 19, 160)","(64.71, -1.0, -1.0)",1.41,22,VISIBLE,-0.82,-0.27
92,19,person,0.3584,419.81,22.33,468.12,91.94,443.96,57.13,48.31,69.6,3362.47,0.69,Vertical Oblong,Grey,"(106, 24, 124)","(49.41, 0.0, -4.0)",4.0,19,VISIBLE,-1.74,-0.05
92,20,car,0.388,996.97,97.93,1229.63,234.78,1113.3,166.36,232.66,136.84,31838.33,1.7,Horizontal Oblong,Grey,"(98, 37, 117)","(45.88, -4.0, -5.0)",6.4,20,VISIBLE,-0.64,-0.63
92,23,chair,0.1582,703.94,238.38,767.63,309.23,735.78,273.81,63.7,70.85,4512.88,0.9,Spherical / Regular,Cyan,"(98, 85, 104)","(38.43, -7.0, -9.0)",11.4,23,VISIBLE,-2.65,0.37
92,24,chair,0.384,546.05,215.8,669.41,326.2,607.73,271.0,123.36,110.4,13618.94,1.12,Spherical / Regular,Grey,"(98, 47, 127)","(49.8, -5.0, -5.0)",7.07,24,VISIBLE,-2.7,0.48
92,3,car,0.3416,704.76,118.52,1068.91,240.5,886.83,179.51,364.15,121.98,44418.68,2.99,Horizontal Oblong,Grey,"(39, 23, 183)","(70.98, 2.0, 2.0)",2.83,25,VISIBLE,-0.99,0.18
92,27,chair,0.1523,741.01,210.3,889.31,355.97,815.16,283.13,148.3,145.67,21603.15,1.02,Spherical / Regular,Grey,"(101, 51, 117)","(41.57, 0.0, 3.0)",3.0,27,VISIBLE,8.89,0.43
93,6,car,0.5552,0.04,41.09,475.0,542.49,237.52,291.79,474.96,501.4,238140.51,0.95,Spherical / Regular,Grey,"(41, 29, 130)","(50.2, 0.0, 3.0)",3.0,6,VISIBLE,-0.46,-5.62
93,18,car,0.7126,-4.45,151.03,1182.25,720.0,588.9,435.52,1186.7,568.97,675194.55,2.09,Horizontal Oblong,Cyan,"(99, 72, 124)","(38.04, 12.0, 5.0)",13.0,18,VISIBLE,-0.71,-0.16
93,21,car,0.6173,1089.52,140.28,1280.0,456.04,1184.76,298.16,190.48,315.76,60147.55,0.6,Vertical Oblong,Grey,"(98, 39, 122)","(48.24, -1.0, -2.0)",2.24,21,VISIBLE,-1.03,0.81
93,22,car,0.2167,449.35,129.83,664.74,180.33,557.04,155.08,215.4,50.5,10877.58,4.27,Horizontal Oblong,Grey,"(92, 19, 161)","(64.71, -1.0, -1.0)",1.41,22,VISIBLE,-0.9,-0.25
93,19,person,0.3453,419.43,22.4,467.4,91.96,443.42,57.18,47.98,69.56,3337.03,0.69,Vertical Oblong,Grey,"(109, 24, 123)","(49.41, 0.0, -4.0)",4.0,19,VISIBLE,-0.91,0.02
93,20,car,0.3773,996.14,98.04,1228.94,234.21,1112.54,166.13,232.81,136.17,31701.29,1.71,Horizontal Oblong,Grey,"(99, 36, 117)","(46.27, -3.0, -5.0)",5.83,20,VISIBLE,-0.72,-0.35
93,23,chair,0.1581,702.43,238.38,765.56,309.62,733.99,274.0,63.12,71.23,4496.42,0.89,Spherical / Regular,Cyan,"(98, 86, 103)","(38.04, -6.0, -8.0)",10.0,23,VISIBLE,-2.05,0.25
93,24,chair,0.2941,544.02,216.0,666.26,326.88,605.14,271.44,122.24,110.88,13553.47,1.1,Spherical / Regular,Grey,"(98, 45, 127)","(50.2, -5.0, -5.0)",7.07,24,VISIBLE,-2.62,0.45
93,3,car,0.3591,703.74,118.63,1066.46,239.93,885.1,179.28,362.72,121.3,43998.79,2.99,Horizontal Oblong,Grey,"(50, 23, 183)","(70.98, 2.0, 2.0)",2.83,25,VISIBLE,-1.51,-0.11
93,27,chair,0.2013,734.21,210.36,904.87,356.74,819.54,283.55,170.66,146.38,24981.72,1.17,Spherical / Regular,Grey,"(100, 51, 122)","(41.96, 1.0, 4.0)",4.12,27,VISIBLE,5.73,0.42
94,6,car,0.5514,0.05,41.18,474.62,533.81,237.34,287.49,474.57,492.63,233787.73,0.96,Spherical / Regular,Grey,"(41, 29, 128)","(49.41, 0.0, 3.0)",3.0,6,VISIBLE,-0.27,-4.69
94,18,car,0.6954,-3.4,151.12,1180.42,720.0,588.51,435.56,1183.82,568.87,673443.35,2.08,Horizontal Oblong,Cyan,"(99, 72, 124)","(38.43, 12.0, 5.0)",13.0,18,VISIBLE,-0.49,-0.02
94,21,car,0.6127,1087.6,140.32,1280.0,458.52,1183.8,299.42,192.4,318.2,61220.21,0.6,Vertical Oblong,Grey,"(98, 39, 122)","(47.84, -1.0, -2.0)",2.24,21,VISIBLE,-0.98,1.12
94,22,car,0.2191,448.77,129.89,663.35,179.92,556.06,154.9,214.59,50.03,10735.13,4.29,Horizontal Oblong,Grey,"(92, 19, 161)","(65.1, -1.0, -1.0)",1.41,22,VISIBLE,-0.96,-0.2
94,19,person,0.3366,417.46,22.5,466.5,91.42,441.98,56.96,49.04,68.92,3380.07,0.71,Vertical Oblong,Grey,"(106, 24, 124)","(49.8, 0.0, -4.0)",4.0,19,VISIBLE,-1.28,-0.15
94,20,car,0.3483,995.26,98.13,1228.3,234.24,1111.78,166.19,233.04,136.11,31718.24,1.71,Horizontal Oblong,Grey,"(99, 35, 117)","(45.88, -4.0, -5.0)",6.4,20,VISIBLE,-0.75,-0.06
94,23,chair,0.1547,700.82,238.24,763.62,310.31,732.22,274.27,62.81,72.07,4526.67,0.87,Spherical / Regular,Cyan,"(98, 86, 103)","(38.04, -6.0, -8.0)",10.0,23,VISIBLE,-1.86,0.27
94,24,chair,0.3359,542.19,216.23,664.93,327.71,603.56,271.97,122.74,111.48,13683.29,1.1,Spherical / Regular,Grey,"(96, 45, 126)","(49.8, -5.0, -5.0)",7.07,24,VISIBLE,-1.89,0.51
94,3,car,0.3573,703.25,118.59,1064.27,239.23,883.76,178.91,361.02,120.64,43552.79,2.99,Horizontal Oblong,Grey,"(50, 23, 183)","(70.98, 2.0, 2.0)",2.83,25,VISIBLE,-1.39,-0.29
94,27,chair,0.2519,734.75,210.39,914.33,356.39,824.54,283.39,179.58,146.0,26218.26,1.23,Spherical / Regular,Grey,"(98, 51, 131)","(42.35, 1.0, 5.0)",5.1,27,VISIBLE,5.22,0.01
95,6,car,0.5485,0.06,41.21,474.45,528.18,237.26,284.7,474.4,486.97,231020.2,0.97,Spherical / Regular,Grey,"(42, 29, 127)","(49.02, 0.0, 2.0)",2.0,6,VISIBLE,-0.14,-3.37
95,18,car,0.7094,-2.41,150.72,1178.98,720.0,588.28,435.36,1181.39,569.28,672538.13,2.08,Horizontal Oblong,Cyan,"(99, 71, 124)","(38.43, 12.0, 5.0)",13.0,18,VISIBLE,-0.3,-0.14
95,21,car,0.6117,1085.81,140.35,1280.0,460.85,1182.91,300.6,194.19,320.5,62236.75,0.61,Vertical Oblong,Grey,"(98, 38, 122)","(47.45, -1.0, -2.0)",2.24,21,VISIBLE,-0.92,1.16
95,22,car,0.2224,448.31,129.95,662.47,179.62,555.39,154.79,214.15,49.66,10635.39,4.31,Horizontal Oblong,Grey,"(92, 19, 161)","(65.1, -1.0, -1.0)",1.41,22,VISIBLE,-0.76,-0.14
95,19,person,0.358,416.22,22.52,465.98,91.04,441.1,56.78,49.76,68.51,3409.26,0.73,Vertical Oblong,Grey,"(106, 23, 125)","(50.2, 0.0, -4.0)",4.0,19,VISIBLE,-1.0,-0.17
95,20,car,0.3538,994.63,98.23,1227.82,235.15,1111.22,166.69,233.19,136.92,31928.56,1.7,Horizontal Oblong,Grey,"(98, 36, 117)","(46.27, -4.0, -5.0)",6.4,20,VISIBLE,-0.61,0.33
95,23,chair,0.1547,698.54,238.27,761.16,310.91,729.85,274.59,62.63,72.63,4548.8,0.86,Spherical / Regular,Cyan,"(98, 84, 103)","(38.43, -7.0, -8.0)",10.63,23,VISIBLE,-2.22,0.3
95,24,chair,0.2925,539.78,216.53,663.34,328.26,601.56,272.4,123.56,111.73,13805.99,1.11,Spherical / Regular,Grey,"(96, 45, 127)","(49.8, -5.0, -5.0)",7.07,24,VISIBLE,-1.97,0.45
95,3,car,0.359,702.84,118.54,1062.62,239.07,882.73,178.81,359.78,120.54,43366.96,2.98,Horizontal Oblong,Grey,"(50, 23, 183)","(70.98, 2.0, 2.0)",2.83,25,VISIBLE,-1.14,-0.16
95,27,chair,0.2474,739.19,210.38,920.48,356.13,829.83,283.25,181.29,145.75,26422.96,1.24,Spherical / Regular,Grey,"(87, 52, 133)","(42.75, 2.0, 5.0)",5.39,27,VISIBLE,5.27,-0.09
96,6,car,0.5511,0.06,41.22,474.32,525.18,237.19,283.2,474.27,483.97,229529.53,0.98,Spherical / Regular,Grey,"(42, 29, 127)","(48.63, 0.0, 2.0)",2.0,6,VISIBLE,-0.09,-2.06
96,18,car,0.7074,-1.58,151.23,1179.77,720.0,589.09,435.61,1181.35,568.77,671915.1,2.08,Horizontal Oblong,Cyan,"(98, 72, 124)","(38.43, 12.0, 5.0)",13.0,18,VISIBLE,0.48,0.14
96,21,car,0.6,1082.93,140.4,1280.0,462.37,1181.46,301.39,197.07,321.97,63450.7,0.61,Vertical Oblong,Grey,"(98, 38, 122)","(47.84, -1.0, -2.0)",2.24,21,VISIBLE,-1.28,0.9
96,22,car,0.225,448.06,129.99,661.98,179.55,555.02,154.77,213.91,49.55,10600.34,4.32,Horizontal Oblong,Grey,"(92, 19, 160)","(64.71, -1.0, -1.0)",1.41,22,VISIBLE,-0.49,-0.05
96,19,person,0.358,415.89,22.52,465.72,90.69,440.81,56.61,49.82,68.18,3396.76,0.73,Vertical Oblong,Grey,"(106, 22, 125)","(50.59, 0.0, -3.0)",3.0,19,VISIBLE,-0.51,-0.17
96,20,car,0.3387,994.22,98.33,1227.58,233.63,1110.9,165.98,233.36,135.3,31574.08,1.72,Horizontal Oblong,Grey,"(98, 37, 115)","(45.49, -4.0, -5.0)",6.4,20,VISIBLE,-0.41,-0.4
96,23,chair,0.1547,696.26,238.3,758.71,311.5,727.48,274.9,62.44,73.2,4570.73,0.85,Spherical / Regular,Cyan,"(98, 85, 104)","(38.43, -6.0, -8.0)",10.0,23,VISIBLE,-2.32,0.31
96,24,chair,0.2223,538.68,216.77,661.3,328.6,599.99,272.69,122.62,111.83,13712.69,1.1,Spherical / Regular,Grey,"(96, 45, 127)","(50.2, -5.0, -5.0)",7.07,24,VISIBLE,-1.69,0.34
96,3,car,0.3621,702.64,118.51,1061.51,239.02,882.07,178.77,358.87,120.51,43246.75,2.98,Horizontal Oblong,Grey,"(50, 23, 183)","(70.98, 2.0, 2.0)",2.83,25,VISIBLE,-0.8,-0.08
96,27,chair,0.2167,739.06,210.37,923.41,355.95,831.24,283.16,184.35,145.58,26836.98,1.27,Horizontal Oblong,Grey,"(73, 52, 133)","(42.75, 1.0, 6.0)",6.08,27,VISIBLE,2.56,-0.09
97,6,car,0.5543,0.06,41.23,474.36,525.08,237.21,283.15,474.3,483.85,229489.75,0.98,Spherical / Regular,Grey,"(42, 29, 127)","(48.63, 0.0, 2.0)",2.0,6,VISIBLE,-0.01,-0.65
97,18,car,0.6925,-0.93,151.07,1178.95,720.0,589.01,435.53,1179.88,568.93,671268.95,2.07,Horizontal Oblong,Blue,"(100, 71, 124)","(38.43, 12.0, 5.0)",13.0,18,VISIBLE,0.08,-0.02
97,21,car,0.6063,1081.7,140.46,1280.0,463.45,1180.85,301.95,198.3,322.98,64046.09,0.61,Vertical Oblong,Grey,"(99, 37, 122)","(47.84, -1.0, -2.0)",2.24,21,VISIBLE,-0.82,0.67
97,22,car,0.2183,447.98,129.98,662.1,179.61,555.04,154.8,214.12,49.63,10627.19,4.31,Horizontal Oblong,Grey,"(93, 19, 161)","(64.71, -1.0, -1.0)",1.41,22,VISIBLE,-0.13,0.0
97,19,person,0.367,417.17,22.52,465.59,90.42,441.38,56.47,48.42,67.9,3287.88,0.71,Vertical Oblong,Grey,"(106, 23, 125)","(50.59, 0.0, -4.0)",4.0,19,VISIBLE,0.25,-0.15
97,20,car,0.3122,993.92,98.36,1227.42,233.19,1110.67,165.77,233.5,134.83,31482.32,1.73,Horizontal Oblong,Grey,"(99, 37, 116)","(45.49, -4.0, -5.0)",6.4,20,VISIBLE,-0.28,-0.26
97,23,chair,0.1547,693.98,238.34,756.25,312.09,725.12,275.21,62.26,73.76,4592.46,0.84,Spherical / Regular,Cyan,"(98, 82, 104)","(38.43, -6.0, -8.0)",10.0,23,VISIBLE,-2.36,0.31
97,24,chair,0.1949,536.88,216.99,660.83,328.56,598.85,272.77,123.95,111.56,13828.05,1.11,Spherical / Regular,Grey,"(96, 43, 126)","(50.2, -5.0, -5.0)",7.07,24,VISIBLE,-1.3,0.16
97,3,car,0.3648,702.41,118.46,1060.77,238.84,881.59,178.65,358.36,120.38,43139.64,2.98,Horizontal Oblong,Grey,"(60, 24, 183)","(70.98, 2.0, 2.0)",2.83,25,VISIBLE,-0.58,-0.1
97,27,chair,0.2098,734.62,210.37,924.21,355.87,829.42,283.12,189.59,145.5,27585.55,1.3,Horizontal Oblong,Grey,"(87, 52, 134)","(42.35, 2.0, 5.0)",5.39,27,VISIBLE,-0.51,-0.06
98,6,car,0.5543,0.06,41.18,474.65,525.45,237.35,283.32,474.59,484.27,229830.15,0.98,Spherical / Regular,Grey,"(42, 29, 127)","(48.63, 0.0, 2.0)",2.0,6,VISIBLE,0.1,-0.08
98,18,car,0.6964,-0.46,150.9,1178.75,720.0,589.14,435.45,1179.21,569.1,671088.16,2.07,Horizontal Oblong,Cyan,"(99, 71, 124)","(38.43, 12.0, 5.0)",13.0,18,VISIBLE,0.12,-0.06
98,21,car,0.6085,1081.47,140.41,1280.0,464.63,1180.73,302.52,198.53,324.22,64368.08,0.61,Vertical Oblong,Grey,"(98, 37, 122)","(47.45, -1.0, -2.0)",2.24,21,VISIBLE,-0.33,0.6
98,22,car,0.2178,447.99,129.91,662.32,179.75,555.16,154.83,214.33,49.84,10682.13,4.3,Horizontal Oblong,Grey,"(92, 19, 160)","(64.71, -1.0, -1.0)",1.41,22,VISIBLE,0.04,0.02
98,19,person,0.3504,418.61,22.5,465.55,90.1,442.08,56.3,46.94,67.59,3173.08,0.69,Vertical Oblong,Grey,"(107, 24, 124)","(50.2, 0.0, -4.0)",4.0,19,VISIBLE,0.57,-0.16
98,20,car,0.3074,993.67,98.36,1227.43,234.12,1110.55,166.24,233.77,135.76,31736.13,1.72,Horizontal Oblong,Grey,"(99, 37, 115)","(45.49, -4.0, -5.0)",6.4,20,VISIBLE,-0.17,0.25
98,23,chair,0.1547,691.71,238.37,753.79,312.69,722.75,275.53,62.08,74.32,4613.98,0.84,Spherical / Regular,Cyan,"(98, 78, 105)","(38.82, -6.0, -8.0)",10.0,23,VISIBLE,-2.36,0.31
98,24,chair,0.2199,536.8,217.21,660.96,328.39,598.88,272.8,124.16,111.18,13804.15,1.12,Spherical / Regular,Grey,"(96, 43, 126)","(49.8, -5.0, -4.0)",6.4,24,VISIBLE,-0.37,0.07
98,3,car,0.3604,702.29,118.43,1060.43,238.73,881.36,178.58,358.13,120.3,43083.92,2.98,Horizontal Oblong,Grey,"(66, 24, 183)","(70.98, 2.0, 2.0)",2.83,25,VISIBLE,-0.33,-0.08
98,27,chair,0.1563,728.53,210.18,926.0,356.81,827.27,283.5,197.47,146.63,28954.34,1.35,Horizontal Oblong,Grey,"(98, 51, 132)","(42.35, 1.0, 5.0)",5.1,27,VISIBLE,-1.66,0.25
99,6,car,0.5515,0.06,41.16,474.72,525.14,237.39,283.15,474.66,483.98,229723.85,0.98,Spherical / Regular,Grey,"(42, 29, 126)","(48.63, 0.0, 2.0)",2.0,6,VISIBLE,0.05,-0.14
99,18,car,0.6998,-0.14,150.73,1179.23,720.0,589.54,435.36,1179.37,569.27,671387.25,2.07,Horizontal Oblong,Blue,"(100, 71, 124)","(38.82, 12.0, 5.0)",13.0,18,VISIBLE,0.32,-0.08
99,21,car,0.6284,1081.26,140.57,1280.0,465.04,1180.63,302.81,198.74,324.47,64485.97,0.61,Vertical Oblong,Grey,"(99, 38, 121)","(47.45, -1.0, -2.0)",2.24,21,VISIBLE,-0.17,0.38
99,22,car,0.2197,448.06,129.8,662.7,179.96,555.38,154.88,214.64,50.16,10766.02,4.28,Horizontal Oblong,Grey,"(93, 18, 160)","(64.71, -1.0, -1.0)",1.41,22,VISIBLE,0.17,0.04
99,19,person,0.3463,419.39,22.5,465.52,90.03,442.45,56.27,46.13,67.54,3115.46,0.68,Vertical Oblong,Grey,"(108, 24, 124)","(49.41, 0.0, -4.0)",4.0,19,VISIBLE,0.43,-0.07
99,20,car,0.2967,993.7,98.34,1227.43,234.19,1110.57,166.27,233.73,135.85,31752.1,1.72,Horizontal Oblong,Grey,"(99, 37, 115)","(45.49, -4.0, -5.0)",6.4,20,VISIBLE,-0.04,0.09
99,23,chair,0.1547,689.43,238.4,751.33,313.28,720.38,275.84,61.9,74.88,4635.3,0.83,Spherical / Regular,Cyan,"(98, 78, 105)","(39.22, -6.0, -8.0)",10.0,23,VISIBLE,-2.37,0.31
99,24,chair,0.2464,536.24,217.17,661.97,328.38,599.11,272.78,125.74,111.21,13983.08,1.13,Spherical / Regular,Grey,"(96, 44, 126)","(49.8, -5.0, -5.0)",7.07,24,VISIBLE,0.05,0.0
99,3,car,0.3567,702.29,118.31,1060.42,238.61,881.35,178.46,358.13,120.3,43084.4,2.98,Horizontal Oblong,Grey,"(69, 24, 183)","(70.98, 3.0, 2.0)",3.61,25,VISIBLE,-0.1,-0.11
99,27,person,0.2981,724.41,210.72,883.39,356.72,803.9,283.72,158.99,146.0,23211.83,1.09,Spherical / Regular,Grey,"(100, 49, 111)","(41.18, -1.0, 2.0)",2.24,27,VISIBLE,-16.85,0.23
100,6,car,0.553,0.06,41.17,474.94,526.13,237.5,283.65,474.89,484.96,230303.56,0.98,Spherical / Regular,Grey,"(42, 29, 126)","(48.63, 0.0, 2.0)",2.0,6,VISIBLE,0.09,0.31
100,18,car,0.6991,0.05,150.85,1179.87,720.0,589.96,435.42,1179.82,569.15,671496.49,2.07,Horizontal Oblong,Cyan,"(99, 70, 124)","(38.43, 12.0, 5.0)",13.0,18,VISIBLE,0.39,0.02
100,21,car,0.6011,1080.35,140.6,1280.0,464.1,1180.18,302.35,199.65,323.5,64586.44,0.62,Vertical Oblong,Grey,"(98, 38, 122)","(47.45, -1.0, -2.0)",2.24,21,VISIBLE,-0.37,-0.21
100,22,car,0.2243,448.15,129.85,663.19,180.39,555.67,155.12,215.04,50.54,10868.08,4.25,Horizontal Oblong,Grey,"(92, 19, 160)","(64.31, -1.0, -1.0)",1.41,22,VISIBLE,0.25,0.18
100,19,person,0.3333,419.64,22.49,465.76,90.1,442.7,56.3,46.12,67.6,3117.78,0.68,Vertical Oblong,Grey,"(106, 24, 123)","(49.41, 0.0, -4.0)",4.0,19,VISIBLE,0.3,-0.0
100,20,car,0.2908,993.85,98.36,1227.47,234.37,1110.66,166.36,233.62,136.01,31774.69,1.72,Horizontal Oblong,Grey,"(98, 38, 115)","(45.49, -4.0, -5.0)",6.4,20,VISIBLE,0.05,0.1
100,24,chair,0.2638,539.37,217.25,663.38,328.09,601.37,272.67,124.01,110.84,13744.82,1.12,Spherical / Regular,Grey,"(96, 44, 126)","(49.8, -5.0, -4.0)",6.4,24,VISIBLE,1.6,-0.07
100,3,car,0.3589,702.3,118.3,1060.47,238.74,881.38,178.52,358.17,120.44,43137.98,2.97,Horizontal Oblong,Grey,"(66, 24, 183)","(70.98, 3.0, 2.0)",3.61,25,VISIBLE,-0.01,0.01
100,27,person,0.3202,722.31,211.62,852.82,356.72,787.56,284.17,130.51,145.1,18937.31,0.9,Spherical / Regular,Grey,"(102, 61, 113)","(41.57, -1.0, -1.0)",1.41,27,VISIBLE,-16.49,0.38
101,6,car,0.5518,0.06,41.18,475.25,526.04,237.65,283.61,475.19,484.86,230402.57,0.98,Spherical / Regular,Grey,"(42, 29, 128)","(49.02, 0.0, 2.0)",2.0,6,VISIBLE,0.14,0.06
101,18,car,0.6986,0.15,151.15,1180.64,720.0,590.4,435.58,1180.49,568.85,671520.33,2.08,Horizontal Oblong,Blue,"(100, 71, 123)","(38.43, 12.0, 5.0)",13.0,18,VISIBLE,0.42,0.11
101,21,car,0.5984,1079.38,140.48,1280.0,462.63,1179.69,301.55,200.62,322.16,64630.95,0.62,Vertical Oblong,Grey,"(98, 38, 122)","(47.84, -1.0, -2.0)",2.24,21,VISIBLE,-0.45,-0.62
101,22,car,0.2112,448.16,129.98,663.75,180.99,555.96,155.48,215.59,51.01,10997.17,4.23,Horizontal Oblong,Grey,"(92, 19, 160)","(64.31, -1.0, -1.0)",1.41,22,VISIBLE,0.28,0.31
101,19,person,0.3208,420.59,22.54,466.32,90.91,443.45,56.73,45.73,68.37,3126.76,0.67,Vertical Oblong,Grey,"(108, 25, 123)","(49.41, 1.0, -4.0)",4.12,19,VISIBLE,0.62,0.3
101,20,car,0.2527,993.72,98.67,1227.88,236.11,1110.8,167.39,234.16,137.44,32181.96,1.7,Horizontal Oblong,Grey,"(98, 38, 117)","(46.67, -4.0, -5.0)",6.4,20,VISIBLE,0.11,0.75
101,24,chair,0.2378,538.89,217.11,663.83,327.76,601.36,272.44,124.94,110.66,13826.0,1.13,Spherical / Regular,Grey,"(96, 44, 126)","(49.8, -5.0, -5.0)",7.07,24,VISIBLE,0.47,-0.19
101,3,car,0.3735,702.26,118.39,1060.48,239.35,881.37,178.87,358.22,120.95,43328.67,2.96,Horizontal Oblong,Grey,"(69, 23, 183)","(70.98, 2.0, 2.0)",2.83,25,VISIBLE,-0.01,0.25
101,27,person,0.4651,721.78,213.53,832.28,356.81,777.03,285.17,110.5,143.28,15832.24,0.77,Vertical Oblong,Grey,"(102, 66, 111)","(40.78, -3.0, -5.0)",5.83,27,VISIBLE,-12.32,0.82
102,6,car,0.5527,0.05,41.19,475.3,526.08,237.68,283.64,475.24,484.88,230437.02,0.98,Spherical / Regular,Grey,"(41, 29, 128)","(49.41, 0.0, 2.0)",2.0,6,VISIBLE,0.05,0.04
102,18,car,0.7047,0.19,151.42,1181.18,720.0,590.68,435.71,1180.99,568.58,671483.65,2.08,Horizontal Oblong,Cyan,"(99, 72, 123)","(38.04, 12.0, 5.0)",13.0,18,VISIBLE,0.33,0.13
102,21,car,0.6017,1078.07,140.34,1280.0,461.2,1179.03,300.77,201.93,320.86,64792.98,0.63,Vertical Oblong,Grey,"(98, 39, 123)","(48.24, -1.0, -2.0)",2.24,21,VISIBLE,-0.59,-0.73
102,22,car,0.2123,448.03,130.09,664.44,181.47,556.23,155.78,216.41,51.38,11118.38,4.21,Horizontal Oblong,Grey,"(92, 19, 159)","(63.92, -1.0, -1.0)",1.41,22,VISIBLE,0.28,0.3
102,19,person,0.3267,421.13,22.6,466.81,91.64,443.97,57.12,45.68,69.04,3153.87,0.66,Vertical Oblong,Grey,"(108, 26, 122)","(49.02, 0.0, -4.0)",4.0,19,VISIBLE,0.55,0.37
102,20,car,0.254,993.97,98.67,1227.78,236.94,1110.88,167.8,233.81,138.27,32328.23,1.69,Horizontal Oblong,Grey,"(98, 39, 117)","(46.27, -4.0, -5.0)",6.4,20,VISIBLE,0.09,0.51
102,24,chair,0.2825,541.96,216.73,665.05,327.17,603.5,271.95,123.09,110.44,13593.83,1.11,Spherical / Regular,Grey,"(98, 44, 126)","(49.8, -5.0, -5.0)",7.07,24,VISIBLE,1.64,-0.4
102,3,car,0.3787,702.32,118.54,1060.49,240.1,881.41,179.32,358.17,121.55,43537.57,2.95,Horizontal Oblong,Grey,"(66, 23, 182)","(70.98, 2.0, 2.0)",2.83,25,VISIBLE,0.02,0.39
102,27,person,0.5159,721.99,214.72,819.98,356.66,770.98,285.69,97.99,141.94,13908.25,0.69,Vertical Oblong,Grey,"(100, 61, 108)","(40.0, -3.0, -5.0)",5.83,27,VISIBLE,-7.93,0.61
103,6,car,0.5527,0.05,41.21,475.13,529.0,237.59,285.1,475.08,487.79,231735.05,0.97,Spherical / Regular,Grey,"(41, 29, 129)","(49.8, 0.0, 2.0)",2.0,6,VISIBLE,-0.04,1.04
103,18,car,0.7039,0.19,151.46,1181.46,720.0,590.82,435.73,1181.27,568.54,671599.09,2.08,Horizontal Oblong,Blue,"(100, 73, 123)","(38.04, 13.0, 5.0)",13.93,18,VISIBLE,0.2,0.05
103,21,car,0.6084,1077.01,140.4,1280.0,460.03,1178.51,300.22,202.99,319.63,64881.11,0.64,Vertical Oblong,Grey,"(98, 39, 123)","(48.24, -1.0, -2.0)",2.24,21,VISIBLE,-0.55,-0.61
103,22,car,0.2114,447.73,130.17,664.96,181.82,556.35,155.99,217.23,51.65,11219.6,4.21,Horizontal Oblong,Grey,"(92, 19, 159)","(63.92, -1.0, -1.0)",1.41,22,VISIBLE,0.16,0.24
103,19,person,0.3157,420.03,22.71,467.19,91.66,443.61,57.18,47.16,68.95,3251.79,0.68,Vertical Oblong,Grey,"(108, 26, 123)","(49.41, 0.0, -4.0)",4.0,19,VISIBLE,-0.09,0.16
103,20,car,0.2494,994.22,98.67,1227.72,238.63,1110.97,168.65,233.5,139.96,32681.54,1.67,Horizontal Oblong,Grey,"(98, 38, 120)","(47.84, -4.0, -5.0)",6.4,20,VISIBLE,0.09,0.75
103,24,chair,0.2782,544.14,216.35,666.15,326.18,605.14,271.26,122.01,109.83,13400.18,1.11,Spherical / Regular,Grey,"(98, 45, 125)","(49.41, -5.0, -5.0)",7.07,24,VISIBLE,1.64,-0.6
103,3,car,0.378,702.46,118.67,1060.36,240.31,881.41,179.49,357.9,121.64,43534.67,2.94,Horizontal Oblong,Grey,"(69, 24, 183)","(70.59, 2.0, 2.0)",2.83,25,VISIBLE,0.01,0.24
103,27,person,0.478,722.8,215.38,813.66,356.47,768.23,285.92,90.86,141.09,12819.68,0.64,Vertical Oblong,Grey,"(100, 58, 107)","(40.0, -3.0, -5.0)",5.83,27,VISIBLE,-4.31,0.35
104,6,car,0.5519,0.05,41.23,474.87,528.29,237.46,284.76,474.82,487.06,231263.98,0.97,Spherical / Regular,Grey,"(41, 29, 129)","(49.41, 0.0, 3.0)",3.0,6,VISIBLE,-0.1,0.07
104,18,car,0.7066,0.17,151.41,1181.52,720.0,590.84,435.71,1181.36,568.59,671705.26,2.08,Horizontal Oblong,Cyan,"(99, 73, 123)","(38.04, 13.0, 5.0)",13.93,18,VISIBLE,0.07,-0.0
104,21,car,0.6039,1075.89,140.45,1280.0,458.6,1177.94,299.53,204.11,318.15,64936.03,0.64,Vertical Oblong,Grey,"(98, 40, 124)","(48.63, -1.0, -2.0)",2.24,21,VISIBLE,-0.56,-0.67
104,22,car,0.2107,447.39,130.21,665.21,181.95,556.3,156.08,217.82,51.74,11269.81,4.21,Horizontal Oblong,Grey,"(92, 20, 159)","(64.31, -1.0, -1.0)",1.41,22,VISIBLE,0.02,0.13
104,19,person,0.306,418.67,22.84,467.44,91.71,443.06,57.27,48.77,68.87,3358.6,0.71,Vertical Oblong,Grey,"(107, 25, 124)","(49.8, 0.0, -4.0)",4.0,19,VISIBLE,-0.41,0.11
104,20,car,0.2583,994.43,98.65,1227.55,239.53,1110.99,169.09,233.12,140.88,32841.13,1.65,Horizontal Oblong,Grey,"(98, 38, 120)","(47.84, -4.0, -5.0)",6.4,20,VISIBLE,0.04,0.53
104,24,chair,0.3111,545.16,215.92,667.4,325.67,606.28,270.8,122.24,109.75,13415.73,1.11,Spherical / Regular,Grey,"(98, 45, 126)","(49.41, -5.0, -5.0)",7.07,24,VISIBLE,1.29,-0.51
104,3,car,0.3783,702.53,118.78,1060.08,239.94,881.3,179.36,357.54,121.16,43319.1,2.95,Horizontal Oblong,Grey,"(69, 24, 182)","(70.59, 2.0, 2.0)",2.83,25,VISIBLE,-0.07,-0.02
104,27,person,0.4341,723.87,215.76,811.36,356.3,767.62,286.03,87.49,140.54,12295.92,0.62,Vertical Oblong,Grey,"(100, 60, 106)","(39.61, -3.0, -5.0)",5.83,27,VISIBLE,-1.72,0.18
105,6,car,0.5536,0.05,41.22,474.53,528.31,237.29,284.76,474.48,487.09,231114.58,0.97,Spherical / Regular,Grey,"(41, 29, 129)","(49.41, 0.0, 2.0)",2.0,6,VISIBLE,-0.15,0.02
105,18,car,0.7063,0.13,151.15,1181.48,720.0,590.81,435.58,1181.35,568.85,672007.35,2.08,Horizontal Oblong,Blue,"(100, 73, 122)","(38.04, 13.0, 5.0)",13.93,18,VISIBLE,-0.01,-0.09
105,21,car,0.6014,1074.0,140.39,1279.99,457.49,1177.0,298.94,205.99,317.1,65320.07,0.65,Vertical Oblong,Grey,"(99, 39, 124)","(48.63, -1.0, -3.0)",3.16,21,VISIBLE,-0.83,-0.61
105,22,car,0.216,446.9,130.26,664.99,181.94,555.94,156.1,218.1,51.68,11270.6,4.22,Horizontal Oblong,Grey,"(93, 20, 159)","(64.31, -1.0, -1.0)",1.41,22,VISIBLE,-0.24,0.05
105,19,person,0.2881,419.46,22.92,467.48,92.16,443.47,57.54,48.02,69.24,3324.95,0.69,Vertical Oblong,Grey,"(108, 26, 122)","(48.63, 0.0, -4.0)",4.0,19,VISIBLE,0.17,0.22
105,20,car,0.2633,994.41,98.65,1227.26,239.73,1110.83,169.19,232.86,141.08,32851.86,1.65,Horizontal Oblong,Grey,"(99, 38, 120)","(47.45, -4.0, -5.0)",6.4,20,VISIBLE,-0.1,0.23
105,24,chair,0.3187,545.93,215.65,667.95,325.25,606.94,270.45,122.02,109.61,13374.08,1.11,Spherical / Regular,Grey,"(98, 44, 125)","(49.41, -5.0, -5.0)",7.07,24,VISIBLE,0.85,-0.39
105,3,car,0.3682,702.43,118.88,1059.78,239.3,881.1,179.09,357.36,120.42,43033.15,2.97,Horizontal Oblong,Grey,"(69, 24, 182)","(70.59, 3.0, 2.0)",3.61,25,VISIBLE,-0.16,-0.2
105,27,person,0.4301,724.96,215.65,811.41,356.15,768.19,285.9,86.44,140.51,12145.7,0.62,Vertical Oblong,Grey,"(102, 62, 107)","(39.22, -3.0, -6.0)",6.71,27,VISIBLE,-0.12,-0.04
106,6,car,0.5602,0.05,41.19,474.03,532.23,237.04,286.71,473.98,491.04,232743.36,0.97,Spherical / Regular,Grey,"(39, 29, 130)","(49.8, 0.0, 3.0)",3.0,6,VISIBLE,-0.22,1.37
106,18,car,0.7038,0.1,150.83,1181.4,720.0,590.75,435.42,1181.3,569.17,672353.93,2.08,Horizontal Oblong,Blue,"(100, 73, 123)","(38.04, 13.0, 5.0)",13.93,18,VISIBLE,-0.04,-0.14
106,21,car,0.6014,1071.29,140.49,1279.99,456.59,1175.64,298.54,208.7,316.1,65969.47,0.66,Vertical Oblong,Grey,"(98, 39, 125)","(49.02, -1.0, -2.0)",2.24,21,VISIBLE,-1.2,-0.46
106,22,car,0.2122,446.21,130.31,664.55,181.93,555.38,156.12,218.34,51.62,11270.59,4.23,Horizontal Oblong,Grey,"(93, 19, 159)","(63.92, -1.0, -1.0)",1.41,22,VISIBLE,-0.47,0.03
106,19,person,0.269,420.21,22.97,467.37,92.43,443.79,57.7,47.16,69.46,3275.74,0.68,Vertical Oblong,Grey,"(110, 26, 122)","(48.63, 1.0, -4.0)",4.12,19,VISIBLE,0.27,0.18
106,20,car,0.2612,994.2,98.72,1227.09,238.3,1110.65,168.51,232.89,139.58,32505.73,1.67,Horizontal Oblong,Grey,"(99, 39, 120)","(47.45, -4.0, -5.0)",6.4,20,VISIBLE,-0.16,-0.41
106,24,chair,0.2569,545.69,215.61,667.9,325.23,606.8,270.42,122.2,109.62,13395.93,1.11,Spherical / Regular,Grey,"(98, 44, 126)","(49.41, -5.0, -5.0)",7.07,24,VISIBLE,0.15,-0.14
106,3,car,0.3633,702.62,119.01,1059.57,238.68,881.09,178.84,356.95,119.67,42717.33,2.98,Horizontal Oblong,Grey,"(69, 24, 182)","(70.59, 2.0, 2.0)",2.83,25,VISIBLE,-0.06,-0.23
106,27,person,0.3054,726.16,215.07,813.28,355.67,769.72,285.37,87.12,140.59,12248.93,0.62,Vertical Oblong,Grey,"(102, 66, 106)","(38.82, -3.0, -6.0)",6.71,27,VISIBLE,1.04,-0.38
107,6,car,0.5606,0.05,41.15,473.51,533.99,236.78,287.57,473.46,492.83,233338.89,0.96,Spherical / Regular,Grey,"(41, 29, 130)","(49.8, 0.0, 3.0)",3.0,6,VISIBLE,-0.25,1.01
107,18,car,0.7027,0.07,150.56,1181.3,720.0,590.68,435.28,1181.23,569.44,672635.65,2.07,Horizontal Oblong,Blue,"(100, 73, 123)","(38.04, 13.0, 5.0)",13.93,18,VISIBLE,-0.06,-0.14
107,21,car,0.5991,1068.61,140.6,1279.99,455.85,1174.3,298.23,211.38,315.26,66638.55,0.67,Vertical Oblong,Grey,"(98, 39, 126)","(49.02, -1.0, -2.0)",2.24,21,VISIBLE,-1.3,-0.36
107,22,car,0.2151,445.37,130.36,664.01,182.15,554.69,156.26,218.63,51.78,11321.51,4.22,Horizontal Oblong,Grey,"(92, 20, 160)","(64.71, -1.0, -1.0)",1.41,22,VISIBLE,-0.62,0.1
107,19,person,0.2665,419.86,23.07,467.14,91.97,443.5,57.52,47.28,68.9,3257.34,0.69,Vertical Oblong,Grey,"(110, 25, 124)","(49.41, 1.0, -4.0)",4.12,19,VISIBLE,-0.12,-0.07
107,20,car,0.2491,993.81,98.82,1226.8,236.41,1110.31,167.61,232.98,137.59,32056.14,1.69,Horizontal Oblong,Grey,"(98, 41, 115)","(45.88, -4.0, -5.0)",6.4,20,VISIBLE,-0.29,-0.75
107,24,chair,0.3031,546.5,215.65,667.76,325.51,607.13,270.58,121.26,109.86,13321.58,1.1,Spherical / Regular,Grey,"(98, 44, 125)","(49.41, -5.0, -5.0)",7.07,24,VISIBLE,0.28,0.07
107,3,car,0.3558,702.75,119.09,1059.47,237.68,881.11,178.39,356.72,118.6,42306.21,3.01,Horizontal Oblong,Grey,"(66, 24, 183)","(70.98, 3.0, 1.0)",3.16,25,VISIBLE,-0.01,-0.39
107,27,person,0.2526,727.76,214.1,815.66,355.27,771.71,284.68,87.9,141.17,12409.56,0.62,Vertical Oblong,Grey,"(102, 67, 107)","(38.43, -3.0, -5.0)",5.83,27,VISIBLE,1.7,-0.59
108,6,car,0.5523,0.05,41.08,473.3,537.29,236.67,289.18,473.25,496.2,234826.77,0.95,Spherical / Regular,Grey,"(39, 29, 130)","(50.2, 0.0, 3.0)",3.0,6,VISIBLE,-0.15,1.43
108,18,car,0.6968,0.04,150.38,1181.17,720.0,590.61,435.19,1181.13,569.62,672796.64,2.07,Horizontal Oblong,Cyan,"(99, 73, 123)","(38.04, 12.0, 5.0)",13.0,18,VISIBLE,-0.07,-0.1
108,21,car,0.6026,1066.65,140.74,1279.99,455.73,1173.32,298.24,213.34,314.98,67198.81,0.68,Vertical Oblong,Grey,"(98, 39, 126)","(49.02, -1.0, -2.0)",2.24,21,VISIBLE,-1.08,-0.1
108,22,car,0.2076,444.54,130.38,663.36,182.25,553.95,156.31,218.82,51.86,11349.1,4.22,Horizontal Oblong,Grey,"(92, 20, 160)","(64.31, -1.0, -1.0)",1.41,22,VISIBLE,-0.71,0.07
108,19,person,0.2717,419.67,23.12,466.6,91.61,443.14,57.37,46.93,68.49,3214.48,0.69,Vertical Oblong,Grey,"(109, 25, 123)","(49.41, 0.0, -4.0)",4.0,19,VISIBLE,-0.29,-0.13
108,20,car,0.2657,993.15,99.24,1226.74,235.43,1109.95,167.34,233.59,136.18,31811.17,1.72,Horizontal Oblong,Grey,"(98, 41, 116)","(45.88, -4.0, -5.0)",6.4,20,VISIBLE,-0.34,-0.42
108,24,chair,0.2606,546.19,215.78,667.12,325.95,606.65,270.86,120.93,110.17,13322.22,1.1,Spherical / Regular,Grey,"(98, 44, 125)","(49.41, -5.0, -5.0)",7.07,24,VISIBLE,-0.25,0.22
108,3,car,0.3568,702.84,119.14,1059.42,236.51,881.13,177.82,356.58,117.38,41854.47,3.04,Horizontal Oblong,Grey,"(50, 24, 183)","(70.98, 3.0, 2.0)",3.61,25,VISIBLE,0.01,-0.51
108,27,person,0.185,729.62,212.93,818.06,355.03,773.84,283.98,88.44,142.1,12567.2,0.62,Vertical Oblong,Grey,"(102, 69, 107)","(38.82, -3.0, -5.0)",5.83,27,VISIBLE,2.0,-0.67
109,6,car,0.5515,0.05,41.0,472.79,538.16,236.42,289.58,472.74,497.16,235026.61,0.95,Spherical / Regular,Grey,"(37, 29, 130)","(49.8, 0.0, 3.0)",3.0,6,VISIBLE,-0.22,0.71
109,18,car,0.7053,0.03,149.93,1181.02,720.0,590.52,434.97,1181.0,570.07,673247.25,2.07,Horizontal Oblong,Blue,"(100, 74, 123)","(38.04, 13.0, 5.0)",13.93,18,VISIBLE,-0.08,-0.19
109,21,car,0.5842,1065.52,140.81,1279.99,455.85,1172.75,298.33,214.47,315.04,67566.51,0.68,Vertical Oblong,Grey,"(98, 39, 126)","(49.02, -1.0, -2.0)",2.24,21,VISIBLE,-0.72,0.04
109,22,car,0.1998,443.54,130.27,662.87,182.37,553.21,156.32,219.33,52.1,11427.29,4.21,Horizontal Oblong,Grey,"(92, 20, 160)","(64.31, -1.0, -1.0)",1.41,22,VISIBLE,-0.73,0.03
109,19,person,0.2744,420.08,23.07,466.08,91.84,443.08,57.45,46.0,68.77,3163.27,0.67,Vertical Oblong,Grey,"(113, 25, 122)","(48.63, 1.0, -4.0)",4.12,19,VISIBLE,-0.13,0.02
109,20,car,0.2596,992.23,99.31,1226.6,236.2,1109.41,167.76,234.37,136.88,32081.14,1.71,Horizontal Oblong,Grey,"(99, 39, 119)","(47.06, -4.0, -5.0)",6.4,20,VISIBLE,-0.47,0.17
109,24,chair,0.3029,545.89,215.92,666.98,326.42,606.43,271.17,121.09,110.49,13379.42,1.1,Spherical / Regular,Grey,"(96, 44, 125)","(49.41, -5.0, -5.0)",7.07,24,VISIBLE,-0.23,0.28
109,3,car,0.3388,702.71,119.01,1059.49,236.43,881.1,177.72,356.78,117.43,41895.29,3.04,Horizontal Oblong,Grey,"(66, 24, 183)","(70.98, 3.0, 1.0)",3.16,25,VISIBLE,-0.02,-0.23
109,27,person,0.185,730.61,212.54,816.52,354.78,773.56,283.66,85.91,142.24,12220.7,0.6,Vertical Oblong,Grey,"(102, 69, 107)","(38.04, -3.0, -5.0)",5.83,27,VISIBLE,0.41,-0.43
109,23,chair,0.187,704.89,238.65,756.9,313.39,730.89,276.02,52.02,74.73,3887.54,0.7,Vertical Oblong,Cyan,"(97, 84, 101)","(37.65, -7.0, -8.0)",10.63,28,VISIBLE,0.03,0.11
110,6,car,0.5531,0.05,40.88,472.37,537.51,236.21,289.19,472.32,496.63,234567.85,0.95,Spherical / Regular,Grey,"(34, 29, 130)","(49.8, 0.0, 3.0)",3.0,6,VISIBLE,-0.21,-0.06
110,18,car,0.6941,0.01,149.92,1180.83,720.0,590.42,434.96,1180.82,570.08,673167.8,2.07,Horizontal Oblong,Blue,"(100, 74, 124)","(38.04, 13.0, 5.0)",13.93,18,VISIBLE,-0.1,-0.06
110,21,car,0.5747,1064.3,140.77,1279.99,456.13,1172.15,298.45,215.69,315.36,68020.54,0.68,Vertical Oblong,Grey,"(98, 40, 125)","(48.63, -1.0, -2.0)",2.24,21,VISIBLE,-0.64,0.09
110,22,car,0.1903,442.39,130.16,662.53,182.45,552.46,156.3,220.13,52.29,11510.28,4.21,Horizontal Oblong,Grey,"(92, 20, 160)","(64.31, -1.0, -1.0)",1.41,22,VISIBLE,-0.74,-0.0
110,19,person,0.3177,419.56,22.87,465.84,91.44,442.7,57.16,46.28,68.57,3173.18,0.67,Vertical Oblong,Grey,"(112, 24, 123)","(49.02, 1.0, -4.0)",4.12,19,VISIBLE,-0.3,-0.2
110,20,car,0.2903,991.38,99.31,1226.24,236.38,1108.81,167.84,234.86,137.07,32191.35,1.71,Horizontal Oblong,Grey,"(98, 39, 120)","(47.45, -4.0, -5.0)",6.4,20,VISIBLE,-0.57,0.11
110,24,chair,0.2653,545.82,216.16,666.34,326.8,606.08,271.48,120.51,110.64,13334.16,1.09,Spherical / Regular,Grey,"(98, 44, 125)","(49.02, -5.0, -5.0)",7.07,24,VISIBLE,-0.32,0.3
110,3,car,0.3343,702.38,118.66,1059.4,236.05,880.89,177.36,357.02,117.39,41910.1,3.04,Horizontal Oblong,Grey,"(55, 24, 183)","(71.37, 3.0, 2.0)",3.61,25,VISIBLE,-0.15,-0.32
110,27,chair,0.1665,739.15,211.19,860.56,355.37,799.86,283.28,121.41,144.18,17504.51,0.84,Spherical / Regular,Grey,"(106, 57, 118)","(41.57, 3.0, 2.0)",3.61,27,VISIBLE,18.53,-0.39
110,23,chair,0.1773,704.91,238.6,758.03,314.23,731.47,276.42,53.12,75.63,4017.28,0.7,Vertical Oblong,Cyan,"(98, 85, 101)","(37.65, -7.0, -8.0)",10.63,28,VISIBLE,0.41,0.31
111,6,car,0.5617,0.05,40.78,471.78,535.25,235.92,288.01,471.73,494.47,233255.8,0.95,Spherical / Regular,Grey,"(34, 29, 129)","(49.41, 0.0, 3.0)",3.0,6,VISIBLE,-0.27,-0.84
111,18,car,0.6915,0.0,150.0,1180.32,720.0,590.16,435.0,1180.32,570.0,672783.13,2.07,Horizontal Oblong,Blue,"(100, 74, 124)","(38.04, 13.0, 5.0)",13.93,18,VISIBLE,-0.21,0.01
111,21,car,0.5907,1063.45,140.8,1280.0,456.43,1171.72,298.61,216.54,315.64,68349.56,0.69,Vertical Oblong,Grey,"(98, 40, 125)","(48.63, -1.0, -2.0)",2.24,21,VISIBLE,-0.49,0.14
111,22,car,0.1895,441.3,130.05,662.25,182.51,551.78,156.28,220.95,52.45,11589.74,4.21,Horizontal Oblong,Grey,"(92, 20, 159)","(64.31, -1.0, -1.0)",1.41,22,VISIBLE,-0.7,-0.02
111,19,person,0.327,419.79,22.64,465.39,91.69,442.59,57.16,45.59,69.05,3148.12,0.66,Vertical Oblong,Grey,"(108, 25, 122)","(49.02, 0.0, -4.0)",4.0,19,VISIBLE,-0.17,-0.05
111,20,car,0.2907,990.71,99.24,1225.91,237.49,1108.31,168.37,235.21,138.26,32519.26,1.7,Horizontal Oblong,Grey,"(99, 39, 120)","(47.45, -4.0, -5.0)",6.4,20,VISIBLE,-0.52,0.4
111,24,chair,0.2246,542.44,216.29,665.77,327.64,604.1,271.97,123.33,111.36,13733.69,1.11,Spherical / Regular,Grey,"(96, 45, 125)","(49.41, -5.0, -5.0)",7.07,24,VISIBLE,-1.48,0.43
111,3,car,0.3285,701.93,118.39,1059.02,235.4,880.48,176.89,357.08,117.01,41781.39,3.05,Horizontal Oblong,Grey,"(50, 24, 184)","(71.37, 3.0, 2.0)",3.61,25,VISIBLE,-0.34,-0.42
111,27,chair,0.2033,745.66,210.21,891.66,355.89,818.66,283.05,145.99,145.69,21269.18,1.0,Spherical / Regular,Grey,"(102, 51, 131)","(41.96, 2.0, 4.0)",4.47,27,VISIBLE,18.72,-0.28
111,23,chair,0.1783,704.97,238.61,759.04,316.15,732.01,277.38,54.07,77.54,4193.1,0.7,Vertical Oblong,Cyan,"(98, 85, 101)","(37.65, -7.0, -8.0)",10.63,28,VISIBLE,0.5,0.77
112,6,car,0.5642,0.05,40.71,471.27,535.68,235.66,288.19,471.21,494.97,233236.24,0.95,Spherical / Regular,Grey,"(34, 29, 129)","(49.41, 0.0, 3.0)",3.0,6,VISIBLE,-0.26,-0.13
112,18,car,0.7009,-0.0,149.78,1179.8,720.0,589.9,434.89,1179.81,570.22,672751.4,2.07,Horizontal Oblong,Blue,"(100, 75, 124)","(38.04, 13.0, 5.0)",13.93,18,VISIBLE,-0.25,-0.07
112,21,car,0.5988,1062.54,140.85,1280.0,457.16,1171.27,299.0,217.45,316.3,68781.64,0.69,Vertical Oblong,Grey,"(98, 41, 125)","(48.63, -1.0, -2.0)",2.24,21,VISIBLE,-0.46,0.32
112,22,car,0.2006,440.43,129.96,661.77,182.6,551.1,156.28,221.34,52.63,11649.93,4.21,Horizontal Oblong,Grey,"(90, 20, 160)","(64.71, -1.0, -1.0)",1.41,22,VISIBLE,-0.68,-0.01
112,19,person,0.3517,419.85,22.5,465.04,91.5,442.44,57.0,45.19,69.0,3118.03,0.65,Vertical Oblong,Grey,"(108, 25, 122)","(49.02, 0.0, -4.0)",4.0,19,VISIBLE,-0.15,-0.13
112,20,car,0.3006,990.19,99.2,1225.44,238.04,1107.81,168.62,235.25,138.83,32660.97,1.69,Horizontal Oblong,Grey,"(98, 39, 121)","(48.04, -4.0, -5.0)",6.4,20,VISIBLE,-0.5,0.3
112,24,chair,0.2232,540.85,216.4,665.53,328.25,603.19,272.32,124.67,111.85,13945.07,1.11,Spherical / Regular,Grey,"(98, 45, 125)","(49.41, -5.0, -5.0)",7.07,24,VISIBLE,-1.08,0.38
112,3,car,0.3133,701.63,118.25,1058.22,234.52,879.93,176.39,356.59,116.26,41458.09,3.07,Horizontal Oblong,Grey,"(41, 24, 184)","(71.37, 3.0, 2.0)",3.61,25,VISIBLE,-0.49,-0.48
112,27,chair,0.2355,750.29,209.7,912.08,356.56,831.19,283.13,161.79,146.86,23759.77,1.1,Spherical / Regular,Grey,"(81, 50, 136)","(42.75, 2.0, 5.0)",5.39,27,VISIBLE,14.38,-0.03
112,23,chair,0.2163,704.85,238.6,760.53,318.57,732.69,278.59,55.68,79.97,4452.86,0.7,Vertical Oblong,Cyan,"(98, 86, 101)","(37.25, -7.0, -8.0)",10.63,28,VISIBLE,0.63,1.07
113,6,car,0.5587,0.05,40.73,470.41,535.49,235.23,288.11,470.36,494.77,232718.35,0.95,Spherical / Regular,Grey,"(34, 29, 129)","(49.41, 0.0, 3.0)",3.0,6,VISIBLE,-0.38,-0.1
113,18,car,0.6835,-0.01,150.16,1179.26,720.0,589.63,435.08,1179.27,569.84,671991.6,2.07,Horizontal Oblong,Blue,"(100, 76, 124)","(38.04, 12.0, 5.0)",13.0,18,VISIBLE,-0.27,0.11
113,21,car,0.5919,1062.04,141.03,1280.0,457.41,1171.02,299.22,217.96,316.38,68959.49,0.69,Vertical Oblong,Grey,"(98, 41, 125)","(48.63, -1.0, -2.0)",2.24,21,VISIBLE,-0.31,0.25
113,22,car,0.2046,439.8,129.96,661.42,182.87,550.61,156.41,221.63,52.9,11725.0,4.19,Horizontal Oblong,Grey,"(92, 19, 160)","(64.31, -1.0, -1.0)",1.41,22,VISIBLE,-0.55,0.09
113,19,person,0.3647,419.89,22.47,464.89,91.94,442.39,57.2,44.99,69.47,3125.87,0.65,Vertical Oblong,Grey,"(109, 24, 123)","(49.22, 1.0, -4.0)",4.12,19,VISIBLE,-0.08,0.1
113,20,car,0.3009,989.8,99.15,1224.92,239.26,1107.36,169.21,235.12,140.11,32942.14,1.68,Horizontal Oblong,Grey,"(98, 39, 122)","(48.63, -4.0, -5.0)",6.4,20,VISIBLE,-0.47,0.5
113,24,chair,0.319,539.81,216.66,665.3,328.34,602.55,272.5,125.49,111.68,14014.85,1.12,Spherical / Regular,Grey,"(98, 46, 125)","(49.41, -5.0, -5.0)",7.07,24,VISIBLE,-0.77,0.24
113,3,car,0.307,701.12,118.27,1058.24,235.62,879.68,176.94,357.12,117.35,41907.87,3.04,Horizontal Oblong,Grey,"(42, 24, 183)","(71.37, 3.0, 2.0)",3.61,25,VISIBLE,-0.32,0.25
113,27,chair,0.2681,753.5,209.97,923.17,357.01,838.33,283.49,169.67,147.04,24948.68,1.15,Spherical / Regular,Grey,"(60, 50, 138)","(43.92, 2.0, 6.0)",6.32,27,VISIBLE,9.32,0.24
113,23,chair,0.1906,703.9,238.69,762.0,320.41,732.95,279.55,58.1,81.71,4747.6,0.71,Vertical Oblong,Cyan,"(98, 87, 101)","(37.25, -7.0, -8.0)",10.63,28,VISIBLE,0.37,1.0
114,6,car,0.5596,0.05,40.8,470.22,535.68,235.14,288.24,470.17,494.88,232675.87,0.95,Spherical / Regular,Grey,"(34, 29, 129)","(49.41, 0.0, 3.0)",3.0,6,VISIBLE,-0.18,0.06
114,18,car,0.6809,-0.01,150.55,1178.83,720.0,589.41,435.28,1178.84,569.45,671289.86,2.07,Horizontal Oblong,Cyan,"(99, 75, 124)","(38.04, 12.0, 5.0)",13.0,18,VISIBLE,-0.23,0.17
114,21,car,0.5815,1061.54,141.15,1280.0,457.88,1170.77,299.52,218.46,316.73,69192.41,0.69,Vertical Oblong,Grey,"(98, 41, 125)","(48.63, -1.0, -2.0)",2.24,21,VISIBLE,-0.27,0.28
114,22,car,0.1987,439.54,130.07,661.29,183.01,550.41,156.54,221.75,52.95,11741.05,4.19,Horizontal Oblong,Grey,"(90, 20, 159)","(63.92, -1.0, -1.0)",1.41,22,VISIBLE,-0.3,0.12
114,19,person,0.4004,419.75,22.41,465.0,92.23,442.38,57.32,45.26,69.83,3160.1,0.65,Vertical Oblong,Grey,"(110, 26, 121)","(48.24, 1.0, -4.0)",4.12,19,VISIBLE,-0.04,0.11
114,20,car,0.298,989.76,99.17,1224.54,240.26,1107.15,169.72,234.79,141.09,33125.78,1.66,Horizontal Oblong,Grey,"(98, 39, 122)","(48.63, -4.0, -5.0)",6.4,20,VISIBLE,-0.29,0.51
114,24,chair,0.3129,540.72,216.83,665.32,328.17,603.02,272.5,124.59,111.34,13872.19,1.12,Spherical / Regular,Grey,"(98, 47, 125)","(49.02, -5.0, -5.0)",7.07,24,VISIBLE,0.09,0.07
114,3,car,0.298,700.84,118.37,1058.39,237.03,879.61,177.7,357.54,118.66,42425.99,3.01,Horizontal Oblong,Grey,"(55, 24, 183)","(71.37, 2.0, 2.0)",2.83,25,VISIBLE,-0.14,0.6
114,27,chair,0.2751,755.41,210.48,928.25,357.27,841.83,283.88,172.83,146.78,25369.29,1.18,Spherical / Regular,Grey,"(54, 51, 139)","(43.92, 2.0, 6.0)",6.32,27,VISIBLE,5.24,0.34
114,23,chair,0.1699,703.0,238.91,763.04,320.88,733.02,279.9,60.04,81.97,4921.47,0.73,Vertical Oblong,Cyan,"(98, 87, 101)","(37.25, -7.0, -8.0)",10.63,28,VISIBLE,0.16,0.54
115,6,car,0.5556,0.05,40.89,470.14,536.46,235.09,288.68,470.09,495.57,232960.71,0.95,Spherical / Regular,Grey,"(34, 29, 129)","(49.41, 0.0, 3.0)",3.0,6,VISIBLE,-0.08,0.32
115,18,car,0.6747,-0.01,150.86,1178.56,720.0,589.28,435.43,1178.57,569.14,670767.77,2.07,Horizontal Oblong,Cyan,"(99, 75, 122)","(38.04, 11.0, 5.0)",12.08,18,VISIBLE,-0.16,0.16
115,21,car,0.5778,1062.17,141.27,1280.0,457.98,1171.09,299.62,217.83,316.71,68987.32,0.69,Vertical Oblong,Grey,"(99, 42, 125)","(48.24, -1.0, -3.0)",3.16,21,VISIBLE,0.14,0.16
115,22,car,0.1989,439.43,130.21,661.26,183.08,550.34,156.64,221.84,52.87,11728.02,4.2,Horizontal Oblong,Grey,"(92, 20, 159)","(64.31, -1.0, -1.0)",1.41,22,VISIBLE,-0.14,0.11
115,19,person,0.4121,419.77,22.44,465.1,92.43,442.43,57.43,45.34,69.99,3173.29,0.65,Vertical Oblong,Grey,"(110, 26, 121)","(48.63, 1.0, -4.0)",4.12,19,VISIBLE,0.03,0.11
115,20,car,0.2897,989.91,99.25,1224.28,241.17,1107.1,170.21,234.37,141.92,33262.29,1.65,Horizontal Oblong,Grey,"(98, 39, 122)","(48.63, -4.0, -5.0)",6.4,20,VISIBLE,-0.12,0.5
115,24,chair,0.3376,540.09,216.85,665.12,327.76,602.61,272.31,125.03,110.91,13866.98,1.13,Spherical / Regular,Grey,"(98, 47, 125)","(49.41, -5.0, -5.0)",7.07,24,VISIBLE,-0.26,-0.12
115,3,car,0.2847,700.52,118.5,1058.57,238.77,879.55,178.64,358.05,120.27,43063.5,2.98,Horizontal Oblong,Grey,"(60, 24, 182)","(70.98, 3.0, 2.0)",3.61,25,VISIBLE,-0.09,0.84
115,27,chair,0.2756,756.59,211.12,929.4,357.33,843.0,284.23,172.81,146.21,25266.83,1.18,Spherical / Regular,Grey,"(50, 50, 140)","(43.92, 2.0, 6.0)",6.32,27,VISIBLE,2.39,0.35
115,23,chair,0.1799,702.63,239.2,763.93,321.16,733.28,280.18,61.3,81.95,5023.42,0.75,Vertical Oblong,Cyan,"(98, 87, 101)","(37.25, -7.0, -8.0)",10.63,28,VISIBLE,0.23,0.36
116,6,car,0.5522,0.05,40.95,470.08,535.65,235.06,288.3,470.03,494.7,232522.07,0.95,Spherical / Regular,Grey,"(34, 29, 129)","(49.8, 0.0, 3.0)",3.0,6,VISIBLE,-0.05,-0.17
116,18,car,0.6785,-0.01,150.83,1178.39,720.0,589.19,435.41,1178.39,569.17,670709.63,2.07,Horizontal Oblong,Cyan,"(97, 75, 121)","(38.04, 10.0, 5.0)",11.18,18,VISIBLE,-0.11,0.04
116,21,car,0.5792,1062.29,141.36,1280.0,459.05,1171.15,300.21,217.71,317.69,69164.02,0.69,Vertical Oblong,Grey,"(98, 43, 124)","(47.84, -1.0, -2.0)",2.24,21,VISIBLE,0.08,0.45
116,22,car,0.1938,439.35,130.38,661.19,183.1,550.27,156.74,221.84,52.72,11695.5,4.21,Horizontal Oblong,Grey,"(92, 20, 159)","(64.12, -1.0, -1.0)",1.41,22,VISIBLE,-0.09,0.1
116,19,person,0.4111,419.78,22.52,465.2,92.56,442.49,57.54,45.42,70.04,3181.32,0.65,Vertical Oblong,Grey,"(109, 26, 121)","(48.63, 0.0, -4.0)",4.0,19,VISIBLE,0.05,0.11
116,20,car,0.2972,990.25,99.43,1224.1,241.65,1107.17,170.54,233.85,142.22,33258.4,1.64,Horizontal Oblong,Grey,"(98, 40, 122)","(48.63, -4.0, -5.0)",6.4,20,VISIBLE,0.02,0.38
116,24,chair,0.3476,538.65,216.94,664.87,327.49,601.76,272.21,126.22,110.54,13952.56,1.14,Spherical / Regular,Grey,"(98, 46, 126)","(49.41, -5.0, -5.0)",7.07,24,VISIBLE,-0.67,-0.1
116,3,car,0.2636,700.34,118.62,1058.58,240.38,879.46,179.5,358.23,121.77,43621.46,2.94,Horizontal Oblong,Grey,"(66, 24, 182)","(70.59, 2.0, 2.0)",2.83,25,VISIBLE,-0.09,0.86
116,27,chair,0.2859,757.36,211.43,928.24,357.2,842.8,284.31,170.88,145.77,24909.06,1.17,Spherical / Regular,Grey,"(46, 50, 140)","(43.92, 2.0, 6.0)",6.32,27,VISIBLE,0.58,0.17
116,23,chair,0.1984,702.5,239.47,764.8,320.75,733.65,280.11,62.3,81.28,5063.68,0.77,Vertical Oblong,Cyan,"(98, 88, 100)","(37.25, -7.0, -8.0)",10.63,28,VISIBLE,0.33,0.06
116,29,chair,0.1509,461.68,211.36,557.44,321.13,509.56,266.25,95.77,109.77,10511.84,0.87,Spherical / Regular,Grey,"(93, 21, 148)","(59.61, -4.0, -2.0)",4.47,29,VISIBLE,0.0,0.0
117,6,car,0.5471,0.05,41.05,470.19,533.62,235.12,287.34,470.14,492.57,231573.72,0.95,Spherical / Regular,Grey,"(34, 29, 129)","(49.41, 0.0, 3.0)",3.0,6,VISIBLE,0.02,-0.73
117,18,car,0.6779,-0.0,150.51,1178.25,720.0,589.12,435.25,1178.25,569.49,671005.75,2.07,Horizontal Oblong,Brown,"(97, 73, 120)","(37.65, 8.0, 5.0)",9.43,18,VISIBLE,-0.08,-0.1
117,21,car,0.5835,1061.85,141.8,1280.0,459.12,1170.92,300.46,218.16,317.32,69225.73,0.69,Vertical Oblong,Grey,"(98, 43, 125)","(48.24, -1.0, -2.0)",2.24,21,VISIBLE,-0.13,0.31
117,22,car,0.1931,439.63,130.52,661.12,183.08,550.38,156.8,221.49,52.57,11643.27,4.21,Horizontal Oblong,Grey,"(92, 20, 160)","(63.92, -1.0, -1.0)",1.41,22,VISIBLE,0.05,0.07
117,19,person,0.4053,419.77,22.63,465.38,92.68,442.57,57.65,45.61,70.05,3194.72,0.65,Vertical Oblong,Grey,"(110, 26, 122)","(49.02, 1.0, -4.0)",4.12,19,VISIBLE,0.07,0.11
117,20,car,0.3063,990.72,99.55,1223.98,241.71,1107.35,170.63,233.26,142.16,33160.45,1.64,Horizontal Oblong,Grey,"(98, 40, 122)","(48.24, -4.0, -5.0)",6.4,20,VISIBLE,0.13,0.18
117,24,chair,0.3132,536.91,216.84,664.6,327.5,600.75,272.17,127.69,110.66,14130.73,1.15,Spherical / Regular,Grey,"(97, 47, 127)","(49.8, -6.0, -5.0)",7.81,24,VISIBLE,-0.9,-0.06
117,3,car,0.2364,700.24,118.76,1059.21,242.76,879.73,180.76,358.97,124.0,44512.94,2.89,Horizontal Oblong,Grey,"(69, 24, 182)","(70.59, 2.0, 2.0)",2.83,25,VISIBLE,0.16,1.14
117,27,chair,0.3271,758.14,211.72,926.17,356.78,842.15,284.25,168.03,145.06,24374.38,1.16,Spherical / Regular,Grey,"(50, 50, 139)","(43.92, 2.0, 6.0)",6.32,27,VISIBLE,-0.28,0.0
117,23,chair,0.207,701.77,239.37,765.3,321.28,733.53,280.33,63.52,81.91,5203.21,0.78,Vertical Oblong,Cyan,"(97, 89, 100)","(37.25, -7.0, -8.0)",10.63,28,VISIBLE,0.02,0.17
117,29,chair,0.1509,461.69,211.35,557.43,321.08,509.56,266.22,95.74,109.73,10505.09,0.87,Spherical / Regular,Grey,"(93, 24, 148)","(59.61, -4.0, -2.0)",4.47,29,VISIBLE,-0.0,-0.03
118,6,car,0.5424,0.05,41.14,470.53,532.38,235.29,286.76,470.48,491.24,231117.98,0.96,Spherical / Regular,Grey,"(34, 30, 128)","(49.41, 0.0, 3.0)",3.0,6,VISIBLE,0.13,-0.62
118,18,car,0.6824,-0.0,150.08,1178.22,720.0,589.11,435.04,1178.22,569.92,671490.87,2.07,Horizontal Oblong,Brown,"(95, 71, 117)","(37.65, 7.0, 5.0)",8.6,18,VISIBLE,-0.03,-0.18
118,21,car,0.5883,1061.56,142.3,1280.0,459.35,1170.78,300.83,218.44,317.05,69256.09,0.69,Vertical Oblong,Grey,"(99, 43, 125)","(47.84, -1.0, -2.0)",2.24,21,VISIBLE,-0.14,0.35
118,22,car,0.1904,439.88,130.58,661.11,183.03,550.5,156.81,221.23,52.46,11604.84,4.22,Horizontal Oblong,Grey,"(92, 20, 160)","(64.31, -1.0, -1.0)",1.41,22,VISIBLE,0.1,0.03
118,19,person,0.3884,419.74,22.71,465.49,92.85,442.62,57.78,45.75,70.14,3208.55,0.65,Vertical Oblong,Grey,"(109, 26, 122)","(49.02, 0.0, -4.0)",4.0,19,VISIBLE,0.05,0.12
118,20,car,0.3141,991.16,99.58,1223.93,241.33,1107.54,170.46,232.77,141.75,32995.51,1.64,Horizontal Oblong,Grey,"(99, 40, 122)","(48.63, -4.0, -5.0)",6.4,20,VISIBLE,0.17,-0.07
118,24,chair,0.3435,535.82,216.79,664.31,327.56,600.07,272.18,128.49,110.77,14233.4,1.16,Spherical / Regular,Grey,"(97, 47, 127)","(49.8, -6.0, -5.0)",7.81,24,VISIBLE,-0.75,-0.01
118,3,car,0.2101,700.2,118.79,1059.55,244.39,879.88,181.59,359.35,125.6,45132.8,2.86,Horizontal Oblong,Grey,"(69, 24, 181)","(70.59, 2.0, 2.0)",2.83,25,VISIBLE,0.15,0.92
118,27,chair,0.3245,758.46,211.86,923.62,356.4,841.04,284.13,165.16,144.54,23871.97,1.14,Spherical / Regular,Grey,"(54, 50, 138)","(43.92, 2.0, 6.0)",6.32,27,VISIBLE,-0.86,-0.08
118,23,chair,0.1924,701.04,239.26,765.49,321.49,733.27,280.38,64.45,82.24,5300.58,0.78,Vertical Oblong,Cyan,"(98, 89, 100)","(37.25, -7.0, -8.0)",10.63,28,VISIBLE,-0.18,0.09
118,29,chair,0.1509,461.7,211.35,557.42,321.03,509.56,266.19,95.71,109.69,10498.35,0.87,Spherical / Regular,Grey,"(93, 24, 149)","(59.61, -4.0, -2.0)",4.47,29,VISIBLE,-0.0,-0.03
119,6,car,0.5481,0.05,41.22,470.58,531.78,235.32,286.5,470.52,490.56,230821.91,0.96,Spherical / Regular,Grey,"(34, 30, 128)","(49.41, 0.0, 3.0)",3.0,6,VISIBLE,0.06,-0.37
119,18,car,0.6903,-0.0,149.65,1179.5,720.0,589.75,434.82,1179.5,570.35,672728.76,2.07,Horizontal Oblong,Grey,"(93, 69, 115)","(37.65, 4.0, 5.0)",6.4,18,VISIBLE,0.44,-0.2
119,21,car,0.5922,1061.08,142.6,1280.0,459.71,1170.54,301.15,218.92,317.11,69420.2,0.69,Vertical Oblong,Grey,"(98, 44, 124)","(47.84, -1.0, -2.0)",2.24,21,VISIBLE,-0.21,0.34
119,22,car,0.194,440.22,130.63,661.14,182.99,550.68,156.81,220.92,52.37,11568.41,4.22,Horizontal Oblong,Grey,"(93, 20, 159)","(63.53, -1.0, -1.0)",1.41,22,VISIBLE,0.16,0.01
119,19,person,0.3819,419.81,22.77,465.56,92.91,442.69,57.84,45.75,70.14,3208.83,0.65,Vertical Oblong,Grey,"(109, 27, 122)","(48.63, 0.0, -4.0)",4.0,19,VISIBLE,0.06,0.08
119,20,car,0.3092,991.6,99.61,1223.93,240.96,1107.77,170.28,232.33,141.35,32840.28,1.64,Horizontal Oblong,Grey,"(98, 41, 121)","(48.63, -4.0, -5.0)",6.4,20,VISIBLE,0.21,-0.14
119,24,chair,0.3716,534.64,216.74,664.4,327.54,599.52,272.14,129.76,110.8,14377.34,1.17,Spherical / Regular,Grey,"(96, 48, 127)","(49.8, -6.0, -5.0)",7.81,24,VISIBLE,-0.61,-0.03
119,3,car,0.2063,700.29,118.82,1059.7,245.06,879.99,181.94,359.41,126.23,45368.56,2.85,Horizontal Oblong,Grey,"(69, 24, 181)","(70.59, 2.0, 2.0)",2.83,25,VISIBLE,0.13,0.52
119,27,chair,0.3393,758.6,211.93,921.08,356.0,839.84,283.96,162.48,144.07,23408.35,1.13,Spherical / Regular,Grey,"(55, 50, 138)","(43.92, 2.0, 5.0)",5.39,27,VISIBLE,-1.1,-0.14
119,23,chair,0.1935,701.57,239.44,765.59,320.65,733.58,280.04,64.02,81.21,5199.19,0.79,Vertical Oblong,Cyan,"(98, 89, 100)","(37.25, -7.0, -8.0)",10.63,28,VISIBLE,0.17,-0.21
120,6,car,0.5511,0.05,41.32,470.8,532.62,235.43,286.97,470.74,491.3,231276.52,0.96,Spherical / Regular,Grey,"(34, 30, 128)","(49.41, 0.0, 3.0)",3.0,6,VISIBLE,0.09,0.22
120,18,car,0.6781,-0.0,149.3,1181.35,720.0,590.67,434.65,1181.35,570.7,674191.2,2.07,Horizontal Oblong,Grey,"(90, 69, 113)","(37.25, 2.0, 5.0)",5.39,18,VISIBLE,0.78,-0.18
120,21,car,0.599,1060.01,142.87,1280.0,459.93,1170.01,301.4,219.99,317.07,69750.45,0.69,Vertical Oblong,Grey,"(98, 44, 124)","(47.84, -1.0, -2.0)",2.24,21,VISIBLE,-0.44,0.27
120,22,car,0.1928,440.41,130.71,661.15,182.97,550.78,156.84,220.74,52.26,11535.74,4.22,Horizontal Oblong,Grey,"(93, 20, 159)","(63.53, -1.0, -1.0)",1.41,22,VISIBLE,0.12,0.02
120,19,person,0.3807,419.71,22.83,465.61,92.93,442.66,57.88,45.9,70.1,3217.91,0.65,Vertical Oblong,Grey,"(108, 26, 122)","(48.63, 0.0, -4.0)",4.0,19,VISIBLE,0.0,0.05
120,20,car,0.3089,991.98,99.62,1223.94,240.35,1107.96,169.99,231.96,140.72,32641.72,1.65,Horizontal Oblong,Grey,"(98, 41, 120)","(48.24, -4.0, -5.0)",6.4,20,VISIBLE,0.2,-0.25
120,24,chair,0.3655,533.99,216.69,664.69,327.38,599.34,272.04,130.7,110.69,14467.94,1.18,Spherical / Regular,Grey,"(96, 47, 127)","(49.8, -5.0, -5.0)",7.07,24,VISIBLE,-0.31,-0.08
120,3,car,0.1896,700.54,119.1,1059.39,245.28,879.97,182.19,358.85,126.18,45280.08,2.84,Horizontal Oblong,Grey,"(72, 23, 181)","(70.2, 2.0, 2.0)",2.83,25,VISIBLE,0.02,0.33
120,27,chair,0.3122,758.6,212.02,918.76,355.3,838.68,283.66,160.16,143.28,22947.8,1.12,Spherical / Regular,Grey,"(54, 48, 136)","(43.53, 2.0, 5.0)",5.39,27,VISIBLE,-1.14,-0.26
120,23,chair,0.1966,701.71,239.35,765.4,320.03,733.55,279.69,63.69,80.69,5138.99,0.79,Vertical Oblong,Cyan,"(98, 89, 100)","(37.25, -7.0, -8.0)",10.63,28,VISIBLE,0.03,-0.31
121,6,car,0.5531,0.05,41.47,470.64,532.68,235.35,287.07,470.58,491.21,231154.16,0.96,Spherical / Regular,Grey,"(39, 29, 128)","(49.41, 0.0, 3.0)",3.0,6,VISIBLE,-0.03,0.14
121,18,car,0.6857,-0.0,149.08,1181.65,720.0,590.82,434.54,1181.65,570.92,674623.51,2.07,Horizontal Oblong,Grey,"(90, 68, 111)","(37.65, 2.0, 4.0)",4.47,18,VISIBLE,0.34,-0.13
121,21,car,0.6006,1058.78,143.05,1280.0,460.0,1169.39,301.52,221.22,316.94,70115.57,0.7,Vertical Oblong,Grey,"(99, 43, 125)","(48.24, -1.0, -2.0)",2.24,21,VISIBLE,-0.56,0.17
121,22,car,0.2063,440.46,130.91,661.38,182.94,550.92,156.93,220.92,52.03,11493.96,4.25,Horizontal Oblong,Grey,"(90, 19, 158)","(63.53, -1.0, -1.0)",1.41,22,VISIBLE,0.13,0.07
121,19,person,0.4091,419.63,22.98,465.9,93.09,442.77,58.03,46.26,70.1,3243.3,0.66,Vertical Oblong,Grey,"(107, 26, 122)","(49.02, 0.0, -4.0)",4.0,19,VISIBLE,0.07,0.12
121,20,car,0.2985,992.37,99.74,1223.85,239.93,1108.11,169.84,231.48,140.19,32450.79,1.65,Horizontal Oblong,Grey,"(98, 41, 120)","(47.84, -4.0, -5.0)",6.4,20,VISIBLE,0.16,-0.18
121,24,chair,0.4281,533.73,216.9,665.33,327.74,599.53,272.32,131.59,110.84,14585.76,1.19,Spherical / Regular,Grey,"(96, 47, 127)","(49.8, -6.0, -5.0)",7.81,24,VISIBLE,0.04,0.17
121,3,car,0.1728,701.0,119.44,1058.06,244.99,879.53,182.22,357.06,125.55,44828.93,2.84,Horizontal Oblong,Grey,"(81, 24, 181)","(70.59, 2.0, 2.0)",2.83,25,VISIBLE,-0.3,0.12
121,27,chair,0.3124,758.12,212.12,917.07,355.03,837.6,283.58,158.94,142.91,22714.12,1.11,Spherical / Regular,Grey,"(54, 45, 133)","(43.53, 2.0, 5.0)",5.39,27,VISIBLE,-1.1,-0.14
121,23,chair,0.1894,701.99,239.64,765.5,319.62,733.74,279.63,63.51,79.98,5079.61,0.79,Vertical Oblong,Cyan,"(97, 89, 100)","(37.25, -7.0, -8.0)",10.63,28,VISIBLE,0.14,-0.14
122,6,car,0.5565,0.03,41.55,470.83,533.8,235.43,287.68,470.8,492.25,231751.28,0.96,Spherical / Regular,Grey,"(41, 29, 129)","(49.41, 0.0, 3.0)",3.0,6,VISIBLE,0.05,0.46
122,18,car,0.6756,-0.0,148.9,1180.65,720.0,590.32,434.45,1180.65,571.1,674262.72,2.07,Horizontal Oblong,Grey,"(87, 67, 109)","(37.65, 0.0, 4.0)",4.0,18,VISIBLE,-0.25,-0.1
122,21,car,0.6043,1057.78,143.55,1280.0,460.49,1168.89,302.02,222.22,316.94,70429.29,0.7,Vertical Oblong,Grey,"(98, 43, 125)","(48.24, -1.0, -2.0)",2.24,21,VISIBLE,-0.52,0.4
122,22,car,0.2021,440.53,131.16,661.33,183.13,550.93,157.14,220.8,51.98,11476.34,4.25,Horizontal Oblong,Grey,"(94, 19, 159)","(63.53, -1.0, -1.0)",1.41,22,VISIBLE,0.05,0.17
122,19,person,0.3986,419.75,23.2,465.86,93.26,442.81,58.23,46.11,70.06,3230.2,0.66,Vertical Oblong,Grey,"(107, 26, 120)","(47.84, 0.0, -4.0)",4.0,19,VISIBLE,0.05,0.17
122,20,car,0.2698,992.2,100.05,1223.76,240.08,1107.98,170.07,231.55,140.02,32422.55,1.65,Horizontal Oblong,Grey,"(98, 41, 123)","(48.63, -4.0, -5.0)",6.4,20,VISIBLE,-0.04,0.11
122,24,chair,0.4647,533.75,217.28,665.35,327.74,599.55,272.51,131.6,110.46,14536.17,1.19,Spherical / Regular,Grey,"(96, 49, 127)","(49.8, -6.0, -5.0)",7.81,24,VISIBLE,0.03,0.19
122,3,car,0.1628,700.85,119.75,1057.26,248.13,879.05,183.94,356.41,128.37,45753.25,2.78,Horizontal Oblong,Grey,"(81, 23, 181)","(70.2, 2.0, 1.0)",2.24,25,VISIBLE,-0.42,1.24
122,27,chair,0.296,757.0,212.15,916.47,355.13,836.74,283.64,159.47,142.97,22800.01,1.12,Spherical / Regular,Grey,"(60, 43, 127)","(43.53, 1.0, 5.0)",5.1,27,VISIBLE,-0.93,0.0
122,23,chair,0.2459,702.36,239.86,765.21,319.3,733.79,279.58,62.86,79.44,4993.46,0.79,Vertical Oblong,Cyan,"(97, 89, 100)","(37.25, -7.0, -8.0)",10.63,28,VISIBLE,0.07,-0.08
123,6,car,0.5599,0.01,41.63,470.83,535.36,235.42,288.5,470.81,493.73,232455.96,0.95,Spherical / Regular,Grey,"(34, 29, 129)","(49.41, 0.0, 3.0)",3.0,6,VISIBLE,0.01,0.71
123,18,car,0.6755,-0.0,148.64,1179.7,720.0,589.85,434.32,1179.7,571.36,674028.57,2.06,Horizontal Oblong,Grey,"(86, 67, 107)","(37.65, -1.0, 3.0)",3.16,18,VISIBLE,-0.41,-0.12
123,21,car,0.6067,1056.81,144.0,1280.0,460.54,1168.41,302.27,223.19,316.54,70647.25,0.71,Vertical Oblong,Grey,"(98, 43, 125)","(48.24, -1.0, -2.0)",2.24,21,VISIBLE,-0.5,0.29
123,22,car,0.1991,440.21,131.36,661.19,183.38,550.7,157.37,220.98,52.02,11495.25,4.25,Horizontal Oblong,Grey,"(93, 20, 159)","(63.53, -1.0, -1.0)",1.41,22,VISIBLE,-0.15,0.21
123,19,person,0.3847,419.78,23.41,465.84,93.45,442.81,58.43,46.06,70.04,3226.29,0.66,Vertical Oblong,Grey,"(108, 27, 121)","(48.24, 0.0, -4.0)",4.0,19,VISIBLE,0.02,0.19
123,20,car,0.2768,991.97,100.31,1223.69,240.15,1107.83,170.23,231.72,139.84,32403.86,1.66,Horizontal Oblong,Grey,"(98, 41, 123)","(49.02, -4.0, -5.0)",6.4,20,VISIBLE,-0.12,0.15
123,24,chair,0.4564,533.6,217.59,665.25,328.37,599.43,272.98,131.65,110.79,14585.71,1.19,Spherical / Regular,Grey,"(96, 49, 127)","(49.8, -6.0, -5.0)",7.81,24,VISIBLE,-0.08,0.38
123,3,car,0.1628,700.89,119.96,1056.81,249.41,878.85,184.69,355.92,129.45,46072.57,2.75,Horizontal Oblong,Grey,"(81, 23, 180)","(70.2, 2.0, 1.0)",2.24,25,VISIBLE,-0.27,0.89
123,27,chair,0.2695,755.77,212.41,915.28,355.61,835.53,284.01,159.52,143.21,22843.76,1.11,Spherical / Regular,Grey,"(60, 40, 116)","(43.53, -1.0, 4.0)",4.12,27,VISIBLE,-1.13,0.26
123,23,chair,0.241,701.48,239.72,764.76,320.11,733.12,279.91,63.28,80.38,5086.44,0.79,Vertical Oblong,Cyan,"(97, 89, 100)","(37.25, -7.0, -8.0)",10.63,28,VISIBLE,-0.44,0.21
123,30,car,0.1689,915.18,125.1,1013.39,171.09,964.28,148.1,98.21,45.99,4516.36,2.14,Horizontal Oblong,Grey,"(66, 23, 161)","(65.49, -2.0, 1.0)",2.24,30,VISIBLE,0.0,0.0
124,6,car,0.5602,0.0,41.73,470.72,535.34,235.36,288.53,470.72,493.62,232354.34,0.95,Spherical / Regular,Grey,"(41, 29, 129)","(49.41, -1.0, 3.0)",3.16,6,VISIBLE,-0.04,0.24
124,18,car,0.6783,0.0,148.33,1178.9,720.0,589.45,434.16,1178.9,571.67,673944.95,2.06,Horizontal Oblong,Grey,"(84, 64, 104)","(37.25, -2.0, 3.0)",3.61,18,VISIBLE,-0.4,-0.15
124,21,car,0.6179,1056.05,144.25,1280.0,461.02,1168.03,302.64,223.95,316.77,70939.75,0.71,Vertical Oblong,Grey,"(98, 44, 125)","(47.84, -1.0, -2.0)",2.24,21,VISIBLE,-0.41,0.34
124,22,car,0.1971,439.5,131.55,661.09,183.63,550.29,157.59,221.59,52.08,11540.99,4.25,Horizontal Oblong,Grey,"(90, 19, 159)","(63.53, -1.0, -1.0)",1.41,22,VISIBLE,-0.33,0.22
124,19,person,0.3685,419.65,23.56,465.95,93.55,442.8,58.55,46.3,69.99,3240.46,0.66,Vertical Oblong,Grey,"(105, 27, 120)","(48.24, 0.0, -4.0)",4.0,19,VISIBLE,-0.0,0.15
124,20,car,0.2745,991.48,100.53,1223.55,240.15,1107.51,170.34,232.07,139.62,32401.16,1.66,Horizontal Oblong,Grey,"(98, 41, 123)","(48.63, -4.0, -5.0)",6.4,20,VISIBLE,-0.26,0.12
124,24,chair,0.4439,534.54,217.78,665.19,328.76,599.87,273.27,130.65,110.99,14501.05,1.18,Spherical / Regular,Grey,"(96, 49, 127)","(49.8, -6.0, -5.0)",7.81,24,VISIBLE,0.28,0.32
124,3,car,0.1628,700.94,120.17,1056.37,250.69,878.65,185.43,355.43,130.52,46390.84,2.72,Horizontal Oblong,Grey,"(81, 23, 179)","(70.2, 2.0, 1.0)",2.24,25,VISIBLE,-0.22,0.79
124,27,chair,0.2386,754.53,212.54,915.33,356.04,834.93,284.29,160.8,143.5,23075.06,1.12,Spherical / Regular,Grey,"(60, 39, 108)","(43.14, -2.0, 4.0)",4.47,27,VISIBLE,-0.75,0.27
124,23,chair,0.2402,700.89,239.71,764.33,320.98,732.61,280.35,63.43,81.27,5155.44,0.78,Vertical Oblong,Cyan,"(97, 88, 100)","(37.25, -7.0, -8.0)",10.63,28,VISIBLE,-0.49,0.36
124,30,car,0.176,914.57,125.15,1013.12,170.15,963.84,147.65,98.55,45.0,4434.53,2.19,Horizontal Oblong,Grey,"(66, 23, 161)","(65.1, -2.0, 2.0)",2.83,30,VISIBLE,-0.44,-0.44
125,6,car,0.5615,-0.0,41.77,470.37,537.1,235.18,289.44,470.37,495.33,232990.82,0.95,Spherical / Regular,Grey,"(50, 28, 129)","(49.8, 0.0, 2.0)",2.0,6,VISIBLE,-0.13,0.7
125,18,car,0.6799,0.0,148.11,1177.89,720.0,588.94,434.05,1177.89,571.89,673623.97,2.06,Horizontal Oblong,Grey,"(85, 61, 102)","(37.25, -3.0, 2.0)",3.61,18,VISIBLE,-0.47,-0.12
125,21,car,0.6177,1055.71,144.39,1280.0,462.65,1167.86,303.52,224.29,318.26,71382.29,0.7,Vertical Oblong,Grey,"(98, 44, 124)","(47.84, -1.0, -2.0)",2.24,21,VISIBLE,-0.24,0.72
125,22,car,0.2059,438.69,131.69,660.96,183.84,549.82,157.77,222.27,52.15,11590.84,4.26,Horizontal Oblong,Grey,"(93, 19, 159)","(63.53, -1.0, -1.0)",1.41,22,VISIBLE,-0.43,0.19
125,19,person,0.3327,419.54,23.75,465.73,93.63,442.63,58.69,46.19,69.88,3227.52,0.66,Vertical Oblong,Grey,"(109, 28, 121)","(48.63, 0.0, -4.0)",4.0,19,VISIBLE,-0.12,0.14
125,20,car,0.2931,990.66,100.04,1223.56,241.97,1107.11,171.01,232.9,141.93,33055.9,1.64,Horizontal Oblong,Grey,"(98, 42, 123)","(48.63, -4.0, -5.0)",6.4,20,VISIBLE,-0.36,0.5
125,24,chair,0.4355,534.51,217.87,665.02,329.09,599.77,273.48,130.51,111.22,14515.45,1.17,Spherical / Regular,Grey,"(96, 49, 126)","(49.8, -6.0, -5.0)",7.81,24,VISIBLE,0.02,0.24
125,3,car,0.1628,700.98,120.38,1055.92,251.98,878.45,186.18,354.94,131.59,46708.06,2.7,Horizontal Oblong,Grey,"(88, 23, 180)","(70.2, 2.0, 1.0)",2.24,25,VISIBLE,-0.21,0.76
125,27,chair,0.2133,753.38,212.81,915.37,356.3,834.38,284.55,162.0,143.49,23245.45,1.13,Spherical / Regular,Grey,"(69, 36, 105)","(43.14, -4.0, 2.0)",4.47,27,VISIBLE,-0.61,0.27
125,23,chair,0.2413,700.14,239.84,763.5,321.57,731.82,280.71,63.35,81.73,5177.81,0.78,Vertical Oblong,Cyan,"(97, 91, 101)","(37.25, -7.0, -9.0)",11.4,28,VISIBLE,-0.7,0.36
125,30,car,0.1728,913.22,125.29,1012.64,170.03,962.93,147.66,99.42,44.74,4447.44,2.22,Horizontal Oblong,Grey,"(66, 22, 163)","(65.88, -1.0, 1.0)",1.41,30,VISIBLE,-0.77,-0.13
126,6,car,0.5539,0.02,41.84,469.47,531.81,234.74,286.83,469.45,489.97,230018.81,0.96,Spherical / Regular,Grey,"(55, 28, 127)","(49.02, -1.0, 2.0)",2.24,6,VISIBLE,-0.35,-1.62
126,18,car,0.6824,0.0,148.43,1177.03,720.0,588.51,434.21,1177.03,571.57,672756.86,2.06,Horizontal Oblong,Grey,"(84, 61, 99)","(37.25, -4.0, 1.0)",4.12,18,VISIBLE,-0.44,0.08
126,21,car,0.6253,1055.09,144.42,1280.0,463.81,1167.55,304.11,224.91,319.39,71833.14,0.7,Vertical Oblong,Grey,"(98, 44, 124)","(47.45, -1.0, -2.0)",2.24,21,VISIBLE,-0.29,0.63
126,22,car,0.2128,437.89,131.79,660.77,184.01,549.33,157.9,222.88,52.22,11638.8,4.27,Horizontal Oblong,Grey,"(92, 19, 160)","(63.53, -1.0, -1.0)",1.41,22,VISIBLE,-0.47,0.15
126,19,person,0.3119,419.26,23.86,465.34,93.72,442.3,58.79,46.07,69.86,3218.71,0.66,Vertical Oblong,Grey,"(106, 28, 120)","(48.63, 0.0, -4.0)",4.0,19,VISIBLE,-0.27,0.11
126,20,car,0.2947,990.0,99.74,1223.47,243.18,1106.73,171.46,233.46,143.44,33487.0,1.63,Horizontal Oblong,Grey,"(98, 43, 122)","(48.63, -4.0, -5.0)",6.4,20,VISIBLE,-0.37,0.47
126,24,chair,0.4517,533.86,217.87,664.36,329.11,599.11,273.49,130.5,111.24,14517.31,1.17,Spherical / Regular,Grey,"(96, 50, 127)","(49.8, -6.0, -5.0)",7.81,24,VISIBLE,-0.45,0.08
126,3,car,0.1628,701.03,120.59,1055.48,253.26,878.25,186.92,354.45,132.67,47024.23,2.67,Horizontal Oblong,Grey,"(87, 23, 179)","(69.8, 2.0, 1.0)",2.24,25,VISIBLE,-0.2,0.75
126,27,chair,0.2205,752.19,212.79,915.34,356.49,833.77,284.64,163.15,143.7,23443.97,1.14,Spherical / Regular,Grey,"(75, 42, 105)","(43.14, -5.0, 2.0)",5.39,27,VISIBLE,-0.61,0.14
126,23,chair,0.2449,699.59,239.92,762.69,321.89,731.14,280.91,63.1,81.98,5173.14,0.77,Vertical Oblong,Cyan,"(97, 91, 101)","(37.25, -8.0, -8.0)",11.31,28,VISIBLE,-0.69,0.25
126,30,car,0.1908,912.06,125.4,1012.1,169.94,962.08,147.67,100.04,44.55,4456.42,2.25,Horizontal Oblong,Grey,"(66, 21, 165)","(66.67, -2.0, 1.0)",2.24,30,VISIBLE,-0.83,-0.03
127,6,car,0.5446,0.01,42.09,467.18,521.51,233.59,281.8,467.17,479.42,223971.73,0.97,Spherical / Regular,Grey,"(66, 27, 124)","(48.24, -1.0, 2.0)",2.24,6,VISIBLE,-0.91,-4.0
127,18,car,0.679,0.0,148.53,1176.11,720.0,588.05,434.26,1176.11,571.47,672112.76,2.06,Horizontal Oblong,Grey,"(83, 62, 97)","(37.25, -6.0, 1.0)",6.08,18,VISIBLE,-0.45,0.06
127,21,car,0.6121,1054.51,144.3,1280.0,464.36,1167.25,304.33,225.49,320.06,72170.38,0.7,Vertical Oblong,Grey,"(98, 44, 123)","(47.06, -1.0, -2.0)",2.24,21,VISIBLE,-0.29,0.34
127,22,car,0.2187,437.2,131.86,660.38,184.13,548.79,157.99,223.18,52.27,11664.96,4.27,Horizontal Oblong,Grey,"(93, 20, 160)","(64.31, -1.0, -1.0)",1.41,22,VISIBLE,-0.52,0.11
127,19,person,0.2796,418.85,23.94,464.85,93.75,441.85,58.85,46.0,69.81,3211.05,0.66,Vertical Oblong,Grey,"(105, 27, 121)","(48.63, 0.0, -4.0)",4.0,19,VISIBLE,-0.4,0.07
127,20,car,0.2934,989.38,99.54,1223.25,244.18,1106.32,171.86,233.88,144.64,33829.21,1.62,Horizontal Oblong,Grey,"(98, 42, 123)","(49.02, -4.0, -5.0)",6.4,20,VISIBLE,-0.41,0.42
127,24,chair,0.4063,532.54,217.88,664.29,329.2,598.42,273.54,131.75,111.32,14666.44,1.18,Spherical / Regular,Grey,"(96, 50, 127)","(49.8, -6.0, -5.0)",7.81,24,VISIBLE,-0.62,0.06
127,3,car,0.1628,701.07,120.8,1055.03,254.54,878.05,187.67,353.96,133.74,47339.35,2.65,Horizontal Oblong,Grey,"(87, 22, 178)","(69.8, 2.0, 1.0)",2.24,25,VISIBLE,-0.2,0.75
127,27,chair,0.1924,750.93,212.92,915.18,356.38,833.06,284.65,164.25,143.46,23562.69,1.14,Spherical / Regular,Grey,"(80, 52, 106)","(43.14, -7.0, 2.0)",7.28,27,VISIBLE,-0.68,0.05
127,23,chair,0.2022,699.79,240.17,761.69,321.44,730.74,280.8,61.9,81.27,5030.25,0.76,Vertical Oblong,Cyan,"(97, 91, 101)","(37.25, -8.0, -8.0)",11.31,28,VISIBLE,-0.49,0.0
127,30,car,0.1927,910.52,125.06,1011.41,170.15,960.97,147.61,100.88,45.08,4548.38,2.24,Horizontal Oblong,Grey,"(66, 21, 165)","(66.67, -1.0, 1.0)",1.41,30,VISIBLE,-1.03,-0.05
128,6,car,0.5496,0.0,42.25,465.17,513.26,232.58,277.75,465.16,471.01,219095.14,0.99,Spherical / Regular,Grey,"(66, 27, 120)","(46.67, -1.0, 2.0)",2.24,6,VISIBLE,-0.98,-4.03
128,18,car,0.6801,0.0,149.03,1175.34,720.0,587.67,434.52,1175.34,570.97,671080.09,2.06,Horizontal Oblong,Grey,"(83, 64, 96)","(37.25, -6.0, 1.0)",6.08,18,VISIBLE,-0.41,0.19
128,21,car,0.6152,1054.02,144.4,1280.0,464.18,1167.01,304.29,225.98,319.78,72265.34,0.71,Vertical Oblong,Grey,"(98, 45, 122)","(47.06, -1.0, -2.0)",2.24,21,VISIBLE,-0.26,0.07
128,22,car,0.2095,436.59,131.72,659.64,183.91,548.11,157.81,223.05,52.18,11639.8,4.27,Horizontal Oblong,Grey,"(92, 19, 159)","(63.53, -1.0, -1.0)",1.41,22,VISIBLE,-0.63,-0.09
128,19,person,0.3091,418.41,24.07,464.42,93.79,441.41,58.93,46.02,69.72,3208.06,0.66,Vertical Oblong,Grey,"(103, 28, 121)","(48.63, 0.0, -4.0)",4.0,19,VISIBLE,-0.42,0.08
128,20,car,0.2896,988.82,99.37,1222.86,244.71,1105.84,172.04,234.05,145.34,34016.49,1.61,Horizontal Oblong,Grey,"(98, 42, 123)","(48.63, -4.0, -5.0)",6.4,20,VISIBLE,-0.45,0.25
128,24,chair,0.4169,531.41,217.92,664.13,329.21,597.77,273.57,132.73,111.29,14771.35,1.19,Spherical / Regular,Grey,"(96, 50, 127)","(49.8, -6.0, -5.0)",7.81,24,VISIBLE,-0.64,0.04
128,27,chair,0.1924,749.98,213.04,914.98,356.46,832.48,284.75,164.99,143.42,23663.28,1.15,Spherical / Regular,Grey,"(80, 54, 105)","(42.75, -7.0, 2.0)",7.28,27,VISIBLE,-0.61,0.08
128,23,chair,0.2465,699.26,240.21,760.92,321.93,730.09,281.07,61.66,81.72,5038.51,0.75,Vertical Oblong,Cyan,"(97, 91, 101)","(37.25, -8.0, -8.0)",11.31,28,VISIBLE,-0.6,0.19
128,30,car,0.2011,908.74,124.66,1010.69,170.07,959.72,147.37,101.95,45.41,4629.29,2.25,Horizontal Oblong,Grey,"(50, 21, 168)","(67.84, -1.0, 2.0)",2.24,30,VISIBLE,-1.18,-0.18
129,6,car,0.5532,0.03,42.15,465.04,514.73,232.53,278.44,465.01,472.58,219754.06,0.98,Spherical / Regular,Grey,"(66, 27, 120)","(47.06, -2.0, 2.0)",2.83,6,VISIBLE,-0.33,-0.73
129,18,car,0.6804,0.0,148.95,1174.83,720.0,587.42,434.47,1174.83,571.05,670892.17,2.06,Horizontal Oblong,Grey,"(83, 65, 97)","(37.25, -7.0, 1.0)",7.07,18,VISIBLE,-0.3,0.03
129,21,car,0.6003,1054.84,144.28,1280.0,465.04,1167.42,304.66,225.16,320.76,72222.23,0.7,Vertical Oblong,Grey,"(98, 44, 122)","(47.06, -1.0, -2.0)",2.24,21,VISIBLE,0.21,0.28
129,22,car,0.2129,435.98,131.64,658.99,184.24,547.49,157.94,223.01,52.6,11730.36,4.24,Horizontal Oblong,Grey,"(90, 19, 159)","(63.92, -1.0, -1.0)",1.41,22,VISIBLE,-0.63,0.06
129,19,person,0.2999,417.89,24.16,463.39,93.92,440.64,59.04,45.5,69.76,3174.01,0.65,Vertical Oblong,Grey,"(106, 27, 120)","(48.63, 0.0, -4.0)",4.0,19,VISIBLE,-0.67,0.1
129,20,car,0.2936,988.46,99.21,1222.3,245.38,1105.38,172.29,233.84,146.17,34180.51,1.6,Horizontal Oblong,Grey,"(98, 42, 123)","(49.02, -4.0, -5.0)",6.4,20,VISIBLE,-0.46,0.25
129,24,chair,0.3987,530.07,217.69,664.26,329.24,597.16,273.46,134.19,111.55,14968.24,1.2,Spherical / Regular,Grey,"(96, 50, 127)","(49.8, -6.0, -5.0)",7.81,24,VISIBLE,-0.61,-0.06
129,27,chair,0.1924,749.04,213.17,914.78,356.55,831.91,284.86,165.74,143.38,23763.81,1.16,Spherical / Regular,Grey,"(81, 52, 106)","(43.14, -7.0, 2.0)",7.28,27,VISIBLE,-0.58,0.1
129,23,chair,0.2521,699.63,240.62,759.41,321.02,729.52,280.82,59.77,80.39,4805.29,0.74,Vertical Oblong,Cyan,"(97, 93, 100)","(36.86, -8.0, -8.0)",11.31,28,VISIBLE,-0.58,-0.12
129,30,car,0.2087,906.08,124.3,1010.0,170.28,958.04,147.29,103.92,45.98,4778.66,2.26,Horizontal Oblong,Grey,"(42, 21, 170)","(68.24, -1.0, 1.0)",1.41,30,VISIBLE,-1.53,-0.11
130,6,car,0.5449,0.05,41.95,464.33,516.98,232.19,279.46,464.29,475.03,220551.36,0.98,Spherical / Regular,Grey,"(66, 26, 120)","(47.06, -2.0, 2.0)",2.83,6,VISIBLE,-0.34,0.5
130,18,car,0.6795,0.0,149.65,1174.43,720.0,587.22,434.83,1174.43,570.35,669835.85,2.06,Horizontal Oblong,Grey,"(83, 68, 97)","(37.25, -7.0, 1.0)",7.07,18,VISIBLE,-0.23,0.25
130,21,car,0.6033,1055.36,144.28,1280.0,465.04,1167.68,304.66,224.64,320.75,72053.34,0.7,Vertical Oblong,Grey,"(98, 44, 121)","(46.67, -1.0, -2.0)",2.24,21,VISIBLE,0.24,0.08
130,22,car,0.2068,435.26,131.71,658.66,185.1,546.96,158.41,223.41,53.39,11927.68,4.18,Horizontal Oblong,Grey,"(88, 19, 160)","(64.71, -2.0, 0.0)",2.0,22,VISIBLE,-0.56,0.34
130,19,person,0.3505,415.26,23.98,462.96,94.61,439.11,59.3,47.7,70.63,3368.77,0.68,Vertical Oblong,Grey,"(105, 28, 121)","(48.63, 0.0, -4.0)",4.0,19,VISIBLE,-1.27,0.21
130,20,car,0.2943,988.09,99.06,1221.71,245.44,1104.9,172.25,233.62,146.38,34196.41,1.6,Horizontal Oblong,Grey,"(98, 41, 123)","(49.02, -4.0, -5.0)",6.4,20,VISIBLE,-0.47,0.04
130,24,chair,0.4276,528.78,217.56,663.86,328.91,596.32,273.24,135.09,111.35,15041.71,1.21,Spherical / Regular,Grey,"(96, 49, 127)","(50.2, -6.0, -5.0)",7.81,24,VISIBLE,-0.78,-0.18
130,27,chair,0.1924,748.09,213.29,914.58,356.63,831.33,284.96,166.49,143.34,23864.29,1.16,Spherical / Regular,Grey,"(81, 52, 106)","(43.14, -7.0, 2.0)",7.28,27,VISIBLE,-0.58,0.1
130,23,chair,0.2387,700.04,240.89,757.6,320.08,728.82,280.48,57.56,79.19,4558.12,0.73,Vertical Oblong,Cyan,"(97, 92, 100)","(36.86, -8.0, -8.0)",11.31,28,VISIBLE,-0.66,-0.27
130,30,car,0.2163,903.04,124.07,1009.31,170.47,956.17,147.27,106.27,46.4,4930.89,2.29,Horizontal Oblong,Grey,"(42, 21, 173)","(69.8, -1.0, 2.0)",2.24,30,VISIBLE,-1.76,-0.05
131,6,car,0.5289,0.06,41.83,463.7,511.89,231.88,276.86,463.64,470.06,217939.59,0.99,Spherical / Regular,Grey,"(68, 26, 119)","(46.67, -2.0, 2.0)",2.83,6,VISIBLE,-0.32,-1.67
131,18,car,0.6765,0.0,149.86,1173.93,720.0,586.96,434.93,1173.93,570.14,669307.25,2.06,Horizontal Oblong,Grey,"(84, 69, 97)","(37.65, -7.0, 1.0)",7.07,18,VISIBLE,-0.24,0.15
131,21,car,0.5985,1055.49,144.02,1280.0,464.6,1167.75,304.31,224.51,320.58,71973.86,0.7,Vertical Oblong,Grey,"(98, 44, 120)","(46.67, -1.0, -2.0)",2.24,21,VISIBLE,0.12,-0.22
131,22,car,0.2,434.21,131.77,658.37,185.67,546.29,158.72,224.17,53.9,12082.79,4.16,Horizontal Oblong,Grey,"(90, 19, 161)","(64.71, -1.0, 0.0)",1.0,22,VISIBLE,-0.64,0.32
131,19,person,0.3839,409.49,23.8,462.23,95.27,435.86,59.53,52.74,71.47,3769.21,0.74,Vertical Oblong,Grey,"(105, 26, 123)","(49.41, 0.0, -4.0)",4.0,19,VISIBLE,-2.66,0.23
131,20,car,0.2864,987.5,99.07,1221.02,245.22,1104.26,172.15,233.52,146.15,34128.9,1.6,Horizontal Oblong,Grey,"(98, 42, 124)","(49.02, -4.0, -5.0)",6.4,20,VISIBLE,-0.59,-0.06
131,24,chair,0.5052,528.23,217.45,663.02,328.8,595.63,273.13,134.79,111.36,15009.81,1.21,Spherical / Regular,Grey,"(96, 51, 127)","(50.2, -6.0, -5.0)",7.81,24,VISIBLE,-0.72,-0.13
131,27,chair,0.1924,747.14,213.41,914.38,356.71,830.76,285.06,167.23,143.3,23964.71,1.17,Spherical / Regular,Grey,"(81, 53, 106)","(42.75, -7.0, 1.0)",7.07,27,VISIBLE,-0.58,0.1
131,23,chair,0.2201,699.62,241.05,755.59,319.39,727.61,280.22,55.97,78.34,4385.06,0.71,Vertical Oblong,Cyan,"(97, 92, 100)","(37.25, -7.0, -8.0)",10.63,28,VISIBLE,-1.05,-0.27
131,30,car,0.2115,901.0,124.12,1008.23,170.47,954.62,147.29,107.23,46.35,4970.22,2.31,Horizontal Oblong,Grey,"(42, 20, 175)","(70.2, -1.0, 2.0)",2.24,30,VISIBLE,-1.62,0.0
132,6,car,0.5416,0.07,41.77,462.31,510.87,231.19,276.32,462.23,469.1,216833.05,0.99,Spherical / Regular,Grey,"(68, 26, 118)","(46.67, -2.0, 2.0)",2.83,6,VISIBLE,-0.58,-0.88
132,18,car,0.6777,0.0,148.98,1173.53,720.0,586.77,434.49,1173.53,571.02,670113.86,2.06,Horizontal Oblong,Grey,"(83, 71, 97)","(37.65, -7.0, 1.0)",7.07,18,VISIBLE,-0.21,-0.26
132,21,car,0.6074,1054.68,143.95,1280.0,465.35,1167.34,304.65,225.32,321.4,72417.77,0.7,Vertical Oblong,Grey,"(98, 44, 119)","(46.27, -1.0, -2.0)",2.24,21,VISIBLE,-0.25,0.17
132,22,car,0.1996,432.93,131.81,657.99,186.07,545.46,158.94,225.06,54.26,12212.01,4.15,Horizontal Oblong,Grey,"(87, 19, 160)","(64.71, -2.0, 0.0)",2.0,22,VISIBLE,-0.77,0.25
132,19,person,0.4012,405.12,23.59,461.42,95.6,433.27,59.6,56.3,72.01,4053.86,0.78,Vertical Oblong,Grey,"(105, 25, 125)","(50.2, -1.0, -4.0)",4.12,19,VISIBLE,-2.61,0.11
132,20,car,0.288,987.04,99.67,1220.03,242.6,1103.53,171.14,232.99,142.93,33302.22,1.63,Horizontal Oblong,Grey,"(98, 42, 122)","(48.63, -4.0, -5.0)",6.4,20,VISIBLE,-0.68,-0.73
132,24,chair,0.5061,527.8,217.39,662.27,328.44,595.03,272.92,134.47,111.04,14932.1,1.21,Spherical / Regular,Grey,"(96, 50, 127)","(50.2, -6.0, -5.0)",7.81,24,VISIBLE,-0.63,-0.19
132,27,chair,0.1924,746.2,213.53,914.18,356.8,830.19,285.17,167.98,143.26,24065.07,1.17,Spherical / Regular,Grey,"(81, 53, 106)","(42.94, -7.0, 2.0)",7.28,27,VISIBLE,-0.57,0.1
132,23,chair,0.2429,698.05,241.15,753.93,319.26,725.99,280.21,55.88,78.11,4364.74,0.72,Vertical Oblong,Cyan,"(97, 90, 100)","(37.25, -8.0, -8.0)",11.31,28,VISIBLE,-1.45,-0.09
132,30,car,0.2407,899.18,124.16,1006.54,170.19,952.86,147.17,107.36,46.03,4941.75,2.33,Horizontal Oblong,Grey,"(33, 19, 176)","(70.59, -1.0, 2.0)",2.24,30,VISIBLE,-1.71,-0.08
133,6,car,0.5439,0.08,41.65,460.39,507.93,230.24,274.79,460.31,466.28,214635.52,0.99,Spherical / Regular,Grey,"(73, 25, 118)","(46.67, -2.0, 1.0)",2.24,6,VISIBLE,-0.84,-1.34
133,18,car,0.6596,0.0,146.39,1172.41,720.0,586.21,433.2,1172.41,573.61,672507.72,2.04,Horizontal Oblong,Grey,"(84, 69, 97)","(37.65, -7.0, 0.0)",7.0,18,VISIBLE,-0.46,-0.99
133,21,car,0.6012,1052.64,143.56,1280.0,466.05,1166.32,304.8,227.36,322.5,73323.43,0.71,Vertical Oblong,Grey,"(99, 44, 117)","(45.88, -1.0, -2.0)",2.24,21,VISIBLE,-0.79,0.16
133,22,car,0.1752,430.49,131.55,657.09,186.04,543.79,158.79,226.6,54.49,12347.15,4.16,Horizontal Oblong,Grey,"(90, 18, 160)","(64.71, -2.0, -1.0)",2.24,22,VISIBLE,-1.4,-0.03
133,19,person,0.3496,401.55,23.38,460.3,95.78,430.93,59.58,58.74,72.4,4253.16,0.81,Spherical / Regular,Grey,"(107, 24, 128)","(50.98, 0.0, -4.0)",4.0,19,VISIBLE,-2.42,0.02
133,20,car,0.2641,986.04,100.17,1218.23,238.71,1102.13,169.44,232.19,138.54,32166.39,1.68,Horizontal Oblong,Grey,"(98, 41, 122)","(49.02, -4.0, -5.0)",6.4,20,VISIBLE,-1.19,-1.4
133,24,chair,0.498,526.51,217.35,660.97,328.38,593.74,272.86,134.46,111.03,14929.07,1.21,Spherical / Regular,Grey,"(96, 50, 127)","(50.2, -6.0, -5.0)",7.81,24,VISIBLE,-1.1,-0.09
133,23,chair,0.2096,694.35,241.1,752.1,319.72,723.22,280.41,57.75,78.62,4539.9,0.73,Vertical Oblong,Cyan,"(97, 93, 101)","(37.25, -7.0, -9.0)",11.4,28,VISIBLE,-2.37,0.12
133,30,car,0.2118,896.12,124.06,1003.88,170.51,950.0,147.29,107.76,46.45,5005.52,2.32,Horizontal Oblong,Grey,"(30, 16, 178)","(71.37, -1.0, 2.0)",2.24,30,VISIBLE,-2.52,0.05
134,6,car,0.5448,0.08,41.57,458.44,509.1,229.26,275.33,458.36,467.52,214294.79,0.98,Spherical / Regular,Grey,"(72, 25, 118)","(47.06, -2.0, 1.0)",2.24,6,VISIBLE,-0.94,-0.02
134,18,car,0.664,0.0,143.76,1170.9,720.0,585.45,431.88,1170.9,576.24,674717.81,2.03,Horizontal Oblong,Grey,"(84, 68, 98)","(37.65, -7.0, 0.0)",7.0,18,VISIBLE,-0.67,-1.22
134,21,car,0.6029,1050.7,143.22,1280.0,465.53,1165.35,304.38,229.3,322.31,73905.78,0.71,Vertical Oblong,Grey,"(98, 43, 117)","(45.88, -2.0, -2.0)",2.83,21,VISIBLE,-0.92,-0.25
134,22,car,0.1795,427.51,131.37,656.06,185.94,541.78,158.65,228.55,54.57,12471.85,4.19,Horizontal Oblong,Grey,"(90, 18, 160)","(64.71, -2.0, -1.0)",2.24,22,VISIBLE,-1.82,-0.11
134,19,person,0.2556,398.85,23.25,459.92,95.79,429.38,59.52,61.07,72.54,4430.02,0.84,Spherical / Regular,Grey,"(107, 23, 129)","(51.37, 0.0, -4.0)",4.0,19,VISIBLE,-1.81,-0.04
134,20,car,0.2732,984.77,100.63,1216.59,236.25,1100.68,168.44,231.82,135.62,31439.32,1.71,Horizontal Oblong,Grey,"(98, 40, 121)","(48.63, -4.0, -5.0)",6.4,20,VISIBLE,-1.37,-1.12
134,24,chair,0.5157,527.73,217.38,659.83,328.46,593.78,272.92,132.1,111.07,14672.75,1.19,Spherical / Regular,Grey,"(96, 51, 127)","(49.8, -6.0, -5.0)",7.81,24,VISIBLE,-0.3,0.01
134,23,chair,0.2221,692.64,241.01,750.78,319.88,721.71,280.45,58.15,78.87,4586.01,0.74,Vertical Oblong,Cyan,"(97, 92, 101)","(37.25, -8.0, -8.0)",11.31,28,VISIBLE,-1.77,0.06
134,30,car,0.201,892.54,123.96,1001.34,170.52,946.94,147.24,108.8,46.56,5065.72,2.34,Horizontal Oblong,Grey,"(30, 15, 180)","(72.55, -1.0, 3.0)",3.16,30,VISIBLE,-2.9,-0.02
135,6,car,0.553,0.08,41.54,456.24,506.36,228.16,273.95,456.16,464.83,212033.07,0.98,Spherical / Regular,Grey,"(73, 25, 118)","(47.06, -2.0, 1.0)",2.24,6,VISIBLE,-1.05,-0.98
135,18,car,0.66,-0.0,141.25,1169.58,720.0,584.79,430.62,1169.58,578.75,676892.38,2.02,Horizontal Oblong,Grey,"(84, 67, 98)","(38.04, -7.0, 0.0)",7.0,18,VISIBLE,-0.66,-1.24
135,21,car,0.6072,1049.2,143.04,1280.0,466.46,1164.6,304.75,230.8,323.42,74643.5,0.71,Vertical Oblong,Grey,"(99, 42, 117)","(45.49, -2.0, -2.0)",2.83,21,VISIBLE,-0.8,0.19
135,22,car,0.1943,424.14,131.26,655.3,185.85,539.72,158.56,231.16,54.59,12619.03,4.23,Horizontal Oblong,Grey,"(90, 18, 160)","(64.71, -2.0, -1.0)",2.24,22,VISIBLE,-1.99,-0.1
135,19,person,0.3343,398.12,23.18,459.37,95.69,428.75,59.43,61.25,72.52,4441.81,0.84,Spherical / Regular,Grey,"(109, 23, 128)","(51.37, 0.0, -4.0)",4.0,19,VISIBLE,-0.99,-0.07
135,20,car,0.2851,983.6,100.82,1215.08,235.1,1099.34,167.96,231.48,134.28,31082.6,1.72,Horizontal Oblong,Grey,"(98, 40, 122)","(48.63, -4.0, -5.0)",6.4,20,VISIBLE,-1.35,-0.67
135,24,chair,0.5222,528.35,217.38,658.16,328.25,593.26,272.81,129.81,110.86,14391.41,1.17,Spherical / Regular,Grey,"(96, 51, 126)","(49.8, -6.0, -5.0)",7.81,24,VISIBLE,-0.46,-0.07
135,23,chair,0.2416,690.48,240.88,750.01,320.27,720.24,280.58,59.53,79.39,4725.97,0.75,Vertical Oblong,Cyan,"(97, 92, 101)","(37.25, -7.0, -9.0)",11.4,28,VISIBLE,-1.56,0.11
135,30,car,0.1957,889.3,123.94,999.04,170.7,944.17,147.32,109.74,46.76,5131.64,2.35,Horizontal Oblong,Grey,"(28, 14, 181)","(72.55, -1.0, 3.0)",3.16,30,VISIBLE,-2.81,0.05
136,6,car,0.5558,0.08,41.54,454.02,503.59,227.05,272.57,453.94,462.05,209747.07,0.98,Spherical / Regular,Grey,"(73, 26, 118)","(46.67, -2.0, 1.0)",2.24,6,VISIBLE,-1.09,-1.26
136,18,car,0.6539,-0.0,138.63,1168.58,720.0,584.29,429.32,1168.58,581.37,679376.56,2.01,Horizontal Oblong,Grey,"(83, 68, 98)","(38.04, -7.0, 0.0)",7.0,18,VISIBLE,-0.55,-1.29
136,21,car,0.6059,1047.89,142.81,1280.0,467.71,1163.95,305.26,232.11,324.9,75411.27,0.71,Vertical Oblong,Grey,"(98, 42, 116)","(45.49, -2.0, -2.0)",2.83,21,VISIBLE,-0.7,0.41
136,22,car,0.1802,421.66,131.19,654.47,185.92,538.06,158.55,232.81,54.73,12740.92,4.25,Horizontal Oblong,Grey,"(90, 18, 159)","(64.31, -2.0, -1.0)",2.24,22,VISIBLE,-1.76,-0.03
136,19,person,0.2718,398.35,23.06,459.11,95.4,428.73,59.23,60.76,72.35,4395.95,0.84,Spherical / Regular,Grey,"(105, 25, 128)","(50.98, -1.0, -4.0)",4.12,19,VISIBLE,-0.31,-0.16
136,20,car,0.3009,982.41,100.89,1214.15,234.96,1098.28,167.93,231.74,134.07,31068.74,1.73,Horizontal Oblong,Grey,"(98, 43, 118)","(46.27, -5.0, -5.0)",7.07,20,VISIBLE,-1.15,-0.23
136,24,chair,0.5094,529.07,217.51,656.98,328.05,593.03,272.78,127.9,110.54,14138.68,1.16,Spherical / Regular,Grey,"(96, 51, 126)","(49.8, -6.0, -5.0)",7.81,24,VISIBLE,-0.3,-0.05
136,23,chair,0.2733,688.22,240.46,750.14,320.7,719.18,280.58,61.92,80.24,4968.8,0.77,Vertical Oblong,Cyan,"(97, 92, 101)","(37.25, -8.0, -8.0)",11.31,28,VISIBLE,-1.21,0.04
136,30,car,0.2106,886.1,123.93,996.92,170.75,941.51,147.34,110.81,46.82,5188.54,2.37,Horizontal Oblong,Grey,"(30, 14, 180)","(72.55, -1.0, 4.0)",4.12,30,VISIBLE,-2.7,0.03
137,6,car,0.5414,0.06,41.25,451.61,497.72,225.83,269.49,451.55,456.47,206119.09,0.99,Spherical / Regular,Grey,"(81, 26, 117)","(46.27, -2.0, 0.0)",2.0,6,VISIBLE,-1.18,-2.53
137,18,car,0.6498,-0.0,135.07,1167.63,720.0,583.82,427.53,1167.63,584.93,682984.1,2.0,Horizontal Oblong,Grey,"(84, 66, 98)","(38.04, -7.0, 0.0)",7.0,18,VISIBLE,-0.5,-1.63
137,21,car,0.6097,1046.68,142.45,1280.0,468.38,1163.34,305.41,233.32,325.93,76044.68,0.72,Vertical Oblong,Grey,"(99, 42, 116)","(45.49, -2.0, -2.0)",2.83,21,VISIBLE,-0.63,0.23
137,22,car,0.1696,419.85,131.09,653.48,186.26,536.67,158.68,233.63,55.17,12889.14,4.23,Horizontal Oblong,Grey,"(90, 18, 159)","(63.53, -2.0, -1.0)",2.24,22,VISIBLE,-1.51,0.07
137,19,person,0.2306,397.85,23.14,458.47,94.96,428.16,59.05,60.62,71.82,4353.33,0.84,Spherical / Regular,Grey,"(107, 24, 129)","(51.37, 0.0, -4.0)",4.0,19,VISIBLE,-0.49,-0.18
137,20,car,0.2978,981.45,100.95,1213.42,235.9,1097.44,168.43,231.97,134.95,31303.65,1.72,Horizontal Oblong,Grey,"(98, 43, 121)","(47.45, -4.0, -5.0)",6.4,20,VISIBLE,-0.94,0.28
137,24,chair,0.5031,529.43,217.64,655.74,327.83,592.59,272.74,126.31,110.19,13918.65,1.15,Spherical / Regular,Grey,"(96, 51, 126)","(49.41, -6.0, -5.0)",7.81,24,VISIBLE,-0.4,-0.05
137,23,chair,0.2324,687.27,240.56,749.68,320.93,718.48,280.75,62.41,80.37,5016.25,0.78,Vertical Oblong,Cyan,"(97, 92, 101)","(37.25, -8.0, -8.0)",11.31,28,VISIBLE,-0.86,0.13
137,30,car,0.2047,883.45,124.03,994.98,170.7,939.22,147.36,111.52,46.67,5204.49,2.39,Horizontal Oblong,Grey,"(27, 13, 179)","(72.35, -1.0, 4.0)",4.12,30,VISIBLE,-2.42,0.03
138,6,car,0.5525,0.04,41.1,449.4,491.07,224.72,266.09,449.35,449.97,202196.63,1.0,Spherical / Regular,Grey,"(81, 27, 116)","(45.88, -2.0, 0.0)",2.0,6,VISIBLE,-1.13,-3.14
138,18,car,0.6523,-0.0,131.77,1166.62,720.0,583.31,425.89,1166.62,588.23,686235.15,1.98,Horizontal Oblong,Grey,"(84, 66, 99)","(38.43, -7.0, 0.0)",7.0,18,VISIBLE,-0.5,-1.64
138,21,car,0.6277,1044.81,142.61,1280.0,468.35,1162.41,305.48,235.19,325.74,76610.55,0.72,Vertical Oblong,Grey,"(98, 42, 115)","(45.1, -2.0, -2.0)",2.83,21,VISIBLE,-0.84,0.12
138,22,car,0.1733,418.14,131.27,652.13,186.89,535.13,159.08,233.99,55.62,13013.72,4.21,Horizontal Oblong,Grey,"(87, 18, 159)","(63.92, -2.0, 0.0)",2.0,22,VISIBLE,-1.52,0.31
138,19,person,0.2409,400.06,23.26,457.35,95.06,428.71,59.16,57.28,71.8,4113.12,0.8,Spherical / Regular,Grey,"(105, 26, 125)","(50.2, -1.0, -4.0)",4.12,19,VISIBLE,0.23,0.02
138,20,car,0.3207,980.5,100.98,1212.66,235.87,1096.58,168.42,232.16,134.88,31314.66,1.72,Horizontal Oblong,Grey,"(98, 43, 120)","(47.45, -4.0, -5.0)",6.4,20,VISIBLE,-0.88,0.08
138,24,chair,0.4872,527.4,217.8,654.52,327.63,590.96,272.71,127.12,109.84,13962.81,1.16,Spherical / Regular,Grey,"(96, 51, 126)","(49.41, -6.0, -5.0)",7.81,24,VISIBLE,-1.26,-0.03
138,23,chair,0.2404,686.71,240.7,749.08,321.49,717.89,281.09,62.36,80.8,5038.64,0.77,Vertical Oblong,Cyan,"(97, 92, 101)","(37.25, -8.0, -8.0)",11.31,28,VISIBLE,-0.66,0.28
138,30,car,0.2256,880.91,124.13,993.2,170.81,937.05,147.47,112.29,46.68,5241.32,2.41,Horizontal Oblong,Grey,"(30, 14, 180)","(72.94, -1.0, 4.0)",4.12,30,VISIBLE,-2.24,0.08
139,6,car,0.5544,0.03,40.98,447.23,483.75,223.63,262.37,447.19,442.77,198003.81,1.01,Spherical / Regular,Grey,"(84, 28, 115)","(45.88, -2.0, 0.0)",2.0,6,VISIBLE,-1.1,-3.55
139,18,car,0.6581,-0.0,129.8,1165.55,720.0,582.77,424.9,1165.55,590.2,687911.86,1.97,Horizontal Oblong,Grey,"(84, 66, 99)","(38.43, -7.0, 0.0)",7.0,18,VISIBLE,-0.53,-1.18
139,21,car,0.6436,1043.07,142.45,1280.0,467.62,1161.54,305.04,236.93,325.17,77041.87,0.73,Vertical Oblong,Grey,"(99, 42, 115)","(45.1, -2.0, -3.0)",3.61,21,VISIBLE,-0.86,-0.28
139,22,car,0.1773,416.19,131.45,650.62,187.41,533.41,159.43,234.43,55.95,13116.75,4.19,Horizontal Oblong,Grey,"(90, 18, 159)","(63.92, -2.0, -1.0)",2.24,22,VISIBLE,-1.67,0.34
139,19,person,0.2109,400.02,23.24,456.49,94.96,428.26,59.1,56.46,71.72,4049.78,0.79,Vertical Oblong,Grey,"(107, 26, 127)","(50.59, 0.0, -4.0)",4.0,19,VISIBLE,-0.24,-0.03
139,20,car,0.3125,979.49,101.12,1211.85,236.29,1095.67,168.7,232.37,135.17,31408.33,1.72,Horizontal Oblong,Grey,"(99, 43, 122)","(48.63, -4.0, -5.0)",6.4,20,VISIBLE,-0.9,0.22
139,24,chair,0.5397,523.86,217.81,652.79,327.76,588.32,272.79,128.94,109.95,14175.9,1.17,Spherical / Regular,Grey,"(96, 51, 126)","(49.41, -6.0, -5.0)",7.81,24,VISIBLE,-2.22,0.04
139,23,chair,0.279,678.78,240.73,748.37,323.04,713.58,281.88,69.59,82.31,5728.06,0.85,Spherical / Regular,Cyan,"(97, 91, 101)","(37.65, -7.0, -8.0)",10.63,28,VISIBLE,-3.22,0.64
139,30,car,0.2037,877.95,124.35,991.52,171.03,934.74,147.69,113.57,46.68,5301.27,2.43,Horizontal Oblong,Grey,"(29, 14, 181)","(72.94, -1.0, 4.0)",4.12,30,VISIBLE,-2.3,0.18
140,6,car,0.5552,0.02,40.86,444.87,484.46,222.45,262.66,444.84,443.6,197334.85,1.0,Spherical / Regular,Grey,"(83, 28, 116)","(46.27, -2.0, 0.0)",2.0,6,VISIBLE,-1.16,-0.86
140,18,car,0.6557,-0.0,129.15,1164.22,720.0,582.11,424.58,1164.22,590.85,687880.17,1.97,Horizontal Oblong,Grey,"(83, 66, 99)","(38.43, -7.0, 0.0)",7.0,18,VISIBLE,-0.62,-0.58
140,21,car,0.6513,1041.6,142.03,1280.0,465.52,1160.8,303.78,238.4,323.49,77120.32,0.74,Vertical Oblong,Grey,"(98, 43, 116)","(45.49, -2.0, -2.0)",2.83,21,VISIBLE,-0.77,-0.97
140,22,car,0.1739,413.9,131.59,648.43,187.76,531.17,159.68,234.53,56.17,13173.08,4.18,Horizontal Oblong,Grey,"(88, 18, 159)","(63.92, -2.0, 0.0)",2.0,22,VISIBLE,-2.07,0.27
140,19,person,0.2502,398.8,23.26,455.74,95.21,427.27,59.23,56.94,71.95,4096.98,0.79,Vertical Oblong,Grey,"(105, 26, 126)","(50.59, -1.0, -4.0)",4.12,19,VISIBLE,-0.76,0.08
140,20,car,0.3236,978.37,101.31,1210.85,236.97,1094.61,169.14,232.48,135.66,31539.12,1.71,Horizontal Oblong,Grey,"(98, 42, 121)","(48.24, -4.0, -5.0)",6.4,20,VISIBLE,-1.01,0.37
140,24,chair,0.5128,520.44,217.88,650.39,328.1,585.41,272.99,129.94,110.23,14323.27,1.18,Spherical / Regular,Grey,"(96, 50, 126)","(49.8, -6.0, -5.0)",7.81,24,VISIBLE,-2.7,0.16
140,23,chair,0.2357,679.63,241.02,747.45,322.72,713.54,281.87,67.82,81.7,5541.09,0.83,Spherical / Regular,Cyan,"(97, 92, 101)","(37.25, -8.0, -8.0)",11.31,28,VISIBLE,-0.99,0.18
140,30,car,0.212,874.75,124.53,989.56,171.09,932.16,147.81,114.81,46.56,5345.35,2.47,Horizontal Oblong,Grey,"(33, 14, 181)","(72.94, -1.0, 4.0)",4.12,30,VISIBLE,-2.49,0.14
140,27,chair,0.1527,737.91,212.86,897.26,356.4,817.58,284.63,159.35,143.54,22873.75,1.11,Spherical / Regular,Grey,"(81, 47, 106)","(43.14, -6.0, 2.0)",6.32,31,VISIBLE,-1.27,-0.02
141,6,car,0.5737,0.02,40.77,441.99,495.13,221.01,267.95,441.97,454.36,200815.34,0.97,Spherical / Regular,Grey,"(81, 27, 118)","(47.06, -2.0, 0.0)",2.0,6,VISIBLE,-1.36,3.45
141,18,car,0.6525,0.0,127.51,1162.69,720.0,581.35,423.75,1162.69,592.49,688884.98,1.96,Horizontal Oblong,Grey,"(84, 65, 100)","(38.82, -7.0, 0.0)",7.0,18,VISIBLE,-0.72,-0.75
141,21,car,0.6289,1040.62,141.49,1280.0,464.97,1160.31,303.23,239.38,323.48,77433.58,0.74,Vertical Oblong,Grey,"(99, 43, 116)","(45.49, -2.0, -3.0)",3.61,21,VISIBLE,-0.57,-0.67
141,22,car,0.1629,411.08,131.55,646.18,187.55,528.63,159.55,235.1,56.0,13164.96,4.2,Horizontal Oblong,Grey,"(90, 18, 159)","(63.92, -1.0, -1.0)",1.41,22,VISIBLE,-2.4,-0.01
141,19,person,0.2016,399.64,23.36,454.44,95.1,427.04,59.23,54.79,71.74,3930.82,0.76,Vertical Oblong,Grey,"(106, 28, 125)","(50.2, 0.0, -4.0)",4.0,19,VISIBLE,-0.39,0.02
141,20,car,0.3106,977.06,101.54,1209.85,237.88,1093.45,169.71,232.79,136.34,31738.83,1.71,Horizontal Oblong,Grey,"(99, 42, 121)","(47.84, -4.0, -5.0)",6.4,20,VISIBLE,-1.11,0.51
141,24,chair,0.5301,516.01,217.95,648.14,328.13,582.08,273.04,132.12,110.18,14556.76,1.2,Spherical / Regular,Grey,"(96, 50, 126)","(49.8, -6.0, -5.0)",7.81,24,VISIBLE,-3.15,0.08
141,23,chair,0.3098,673.93,241.13,746.22,323.57,710.08,282.35,72.29,82.44,5959.43,0.88,Spherical / Regular,Cyan,"(97, 93, 101)","(37.25, -7.0, -9.0)",11.4,28,VISIBLE,-2.72,0.39
141,30,car,0.212,871.84,124.63,987.69,171.18,929.76,147.91,115.85,46.55,5392.74,2.49,Horizontal Oblong,Grey,"(33, 13, 181)","(73.33, -1.0, 4.0)",4.12,30,VISIBLE,-2.42,0.11
141,27,chair,0.1527,737.83,212.86,897.2,356.41,817.52,284.64,159.37,143.55,22877.73,1.11,Spherical / Regular,Grey,"(81, 44, 106)","(43.53, -6.0, 2.0)",6.32,31,VISIBLE,-0.43,-0.0
141,29,chair,0.2035,438.29,215.22,528.12,322.9,483.21,269.06,89.84,107.68,9673.65,0.83,Spherical / Regular,Grey,"(93, 27, 149)","(60.0, -4.0, -2.0)",4.47,32,VISIBLE,-0.8,0.08
142,6,car,0.569,0.02,40.79,439.57,496.65,219.79,268.72,439.55,455.86,200375.87,0.96,Spherical / Regular,Grey,"(81, 27, 119)","(47.45, -2.0, 0.0)",2.0,6,VISIBLE,-1.25,1.57
142,18,car,0.6527,0.01,125.59,1160.95,720.0,580.48,422.79,1160.93,594.41,690070.57,1.95,Horizontal Oblong,Grey,"(84, 65, 101)","(38.82, -7.0, 0.0)",7.0,18,VISIBLE,-0.82,-0.9
142,21,car,0.6261,1038.91,141.46,1280.0,463.53,1159.46,302.49,241.09,322.07,77646.56,0.75,Vertical Oblong,Grey,"(98, 43, 117)","(45.49, -2.0, -3.0)",3.61,21,VISIBLE,-0.77,-0.72
142,22,car,0.1806,407.87,131.56,644.24,187.27,526.06,159.41,236.37,55.72,13169.86,4.24,Horizontal Oblong,Grey,"(88, 18, 158)","(63.53, -2.0, -1.0)",2.24,22,VISIBLE,-2.52,-0.1
142,19,person,0.183,401.83,23.68,452.05,94.97,426.94,59.33,50.22,71.29,3580.19,0.7,Vertical Oblong,Grey,"(106, 28, 125)","(49.8, 0.0, -4.0)",4.0,19,VISIBLE,-0.19,0.07
142,20,car,0.3049,975.74,101.82,1208.78,238.26,1092.26,170.04,233.05,136.44,31796.53,1.71,Horizontal Oblong,Grey,"(98, 42, 121)","(48.24, -4.0, -5.0)",6.4,20,VISIBLE,-1.17,0.38
142,24,chair,0.5853,513.21,217.85,645.03,328.17,579.12,273.01,131.82,110.32,14542.02,1.19,Spherical / Regular,Grey,"(96, 49, 126)","(49.8, -6.0, -5.0)",7.81,24,VISIBLE,-3.01,0.0
142,23,chair,0.2714,673.61,241.36,744.49,323.62,709.05,282.49,70.88,82.26,5830.06,0.86,Spherical / Regular,Cyan,"(98, 93, 101)","(37.25, -7.0, -9.0)",11.4,28,VISIBLE,-1.53,0.22
142,30,car,0.212,868.93,124.73,985.82,171.27,927.37,148.0,116.89,46.54,5440.11,2.51,Horizontal Oblong,Grey,"(30, 13, 181)","(73.33, -1.0, 4.0)",4.12,30,VISIBLE,-2.4,0.1
142,27,chair,0.153,737.0,213.49,894.06,355.91,815.53,284.7,157.07,142.42,22370.07,1.1,Spherical / Regular,Grey,"(80, 43, 107)","(43.53, -6.0, 2.0)",6.32,31,VISIBLE,-1.52,0.05
142,29,chair,0.2035,438.19,215.35,528.0,322.94,483.1,269.14,89.8,107.58,9660.87,0.83,Spherical / Regular,Grey,"(93, 27, 149)","(60.0, -5.0, -2.0)",5.39,32,VISIBLE,-0.32,0.08
143,6,car,0.5773,0.02,40.86,437.53,497.28,218.77,269.07,437.51,456.42,199691.0,0.96,Spherical / Regular,Grey,"(81, 27, 120)","(48.24, -2.0, 0.0)",2.0,6,VISIBLE,-1.09,0.72
143,18,car,0.6513,0.04,124.42,1158.79,720.0,579.42,422.21,1158.75,595.58,690129.29,1.95,Horizontal Oblong,Grey,"(84, 65, 101)","(38.82, -7.0, 0.0)",7.0,18,VISIBLE,-0.99,-0.68
143,21,car,0.6276,1036.4,142.07,1280.0,462.82,1158.2,302.45,243.6,320.75,78134.93,0.76,Vertical Oblong,Grey,"(98, 43, 115)","(45.49, -2.0, -3.0)",3.61,21,VISIBLE,-1.11,-0.25
143,22,car,0.1527,404.93,131.57,642.91,187.37,523.92,159.47,237.97,55.79,13277.22,4.27,Horizontal Oblong,Grey,"(90, 18, 159)","(63.53, -1.0, -1.0)",1.41,22,VISIBLE,-2.25,0.01
143,19,person,0.2301,396.38,23.9,450.94,96.29,423.66,60.09,54.56,72.39,3949.44,0.75,Vertical Oblong,Grey,"(108, 25, 126)","(50.39, 0.0, -4.0)",4.0,19,VISIBLE,-2.35,0.56
143,20,car,0.3175,974.74,101.99,1207.73,239.03,1091.24,170.51,232.99,137.04,31928.4,1.7,Horizontal Oblong,Grey,"(98, 42, 121)","(48.63, -4.0, -5.0)",6.4,20,VISIBLE,-1.07,0.44
143,24,chair,0.59,511.08,217.95,642.0,328.78,576.54,273.36,130.92,110.83,14509.71,1.18,Spherical / Regular,Grey,"(96, 50, 126)","(49.8, -6.0, -5.0)",7.81,24,VISIBLE,-2.71,0.25
143,23,chair,0.2298,673.41,241.68,741.92,322.56,707.67,282.12,68.51,80.88,5540.7,0.85,Spherical / Regular,Cyan,"(98, 93, 101)","(37.25, -7.0, -9.0)",11.4,28,VISIBLE,-1.43,-0.19
143,30,car,0.212,866.02,124.83,983.95,171.36,924.98,148.1,117.93,46.53,5487.46,2.53,Horizontal Oblong,Grey,"(30, 12, 181)","(73.33, -1.0, 4.0)",4.12,30,VISIBLE,-2.39,0.1
143,27,chair,0.1615,735.72,214.4,892.88,356.14,814.3,285.27,157.17,141.75,22278.17,1.11,Spherical / Regular,Grey,"(77, 42, 107)","(43.53, -6.0, 2.0)",6.32,31,VISIBLE,-1.32,0.41
143,29,chair,0.2035,438.1,215.49,527.87,322.97,482.98,269.23,89.77,107.48,9648.11,0.84,Spherical / Regular,Grey,"(93, 28, 149)","(60.0, -5.0, -2.0)",5.39,32,VISIBLE,-0.17,0.08
144,6,car,0.6023,0.01,40.8,434.29,507.82,217.15,274.31,434.29,467.03,202822.37,0.93,Spherical / Regular,Grey,"(76, 26, 123)","(49.02, -2.0, 1.0)",2.24,6,VISIBLE,-1.46,3.88
144,18,car,0.6606,0.05,123.74,1156.3,720.0,578.17,421.87,1156.25,596.26,689419.75,1.94,Horizontal Oblong,Grey,"(84, 65, 101)","(39.22, -7.0, 0.0)",7.0,18,VISIBLE,-1.17,-0.44
144,21,car,0.6381,1033.78,142.39,1280.0,462.69,1156.89,302.54,246.22,320.31,78866.29,0.77,Vertical Oblong,Grey,"(98, 44, 115)","(45.1, -2.0, -3.0)",3.61,21,VISIBLE,-1.25,-0.01
144,22,car,0.162,402.18,131.61,641.51,187.53,521.85,159.57,239.32,55.92,13382.47,4.28,Horizontal Oblong,Grey,"(88, 18, 159)","(63.92, -2.0, 0.0)",2.0,22,VISIBLE,-2.13,0.07
144,19,person,0.3099,391.94,23.95,449.55,97.24,420.75,60.59,57.62,73.29,4222.44,0.79,Vertical Oblong,Grey,"(106, 24, 127)","(50.59, -1.0, -4.0)",4.12,19,VISIBLE,-2.75,0.52
144,20,car,0.3206,973.76,102.13,1206.86,240.05,1090.31,171.09,233.09,137.92,32147.23,1.69,Horizontal Oblong,Grey,"(98, 42, 124)","(49.41, -4.0, -5.0)",6.4,20,VISIBLE,-0.97,0.54
144,24,chair,0.5749,508.73,218.17,639.4,329.25,574.06,273.71,130.67,111.08,14514.48,1.18,Spherical / Regular,Grey,"(96, 51, 126)","(49.8, -6.0, -5.0)",7.81,24,VISIBLE,-2.55,0.32
144,23,chair,0.2322,672.61,241.98,738.98,321.92,705.8,281.95,66.37,79.94,5306.23,0.83,Spherical / Regular,Cyan,"(97, 93, 100)","(36.86, -8.0, -9.0)",12.04,28,VISIBLE,-1.74,-0.18
144,30,car,0.212,863.11,124.93,982.08,171.45,922.59,148.19,118.97,46.52,5534.8,2.56,Horizontal Oblong,Grey,"(30, 12, 182)","(73.33, -1.0, 4.0)",4.12,30,VISIBLE,-2.39,0.1
144,27,chair,0.1535,733.07,214.98,891.64,356.48,812.35,285.73,158.57,141.5,22438.19,1.12,Spherical / Regular,Grey,"(76, 42, 107)","(43.53, -6.0, 2.0)",6.32,31,VISIBLE,-1.76,0.45
145,6,car,0.5824,0.01,40.77,429.7,513.68,214.85,277.22,429.68,472.91,203200.02,0.91,Spherical / Regular,Grey,"(80, 26, 124)","(49.41, -2.0, 1.0)",2.24,6,VISIBLE,-2.05,3.21
145,18,car,0.6579,0.03,123.56,1153.35,720.0,576.69,421.78,1153.32,596.44,687884.76,1.93,Horizontal Oblong,Grey,"(84, 64, 102)","(39.22, -7.0, 0.0)",7.0,18,VISIBLE,-1.39,-0.2
145,21,car,0.6603,1031.57,142.83,1280.0,462.95,1155.78,302.89,248.43,320.11,79527.03,0.78,Vertical Oblong,Grey,"(99, 44, 115)","(45.1, -2.0, -3.0)",3.61,21,VISIBLE,-1.15,0.24
145,22,car,0.1605,398.87,131.87,641.67,188.19,520.27,160.03,242.79,56.32,13673.57,4.31,Horizontal Oblong,Grey,"(88, 17, 160)","(64.71, -1.0, 0.0)",1.0,22,VISIBLE,-1.74,0.34
145,19,person,0.3803,388.71,24.04,448.01,97.91,418.36,60.97,59.3,73.87,4380.47,0.8,Spherical / Regular,Grey,"(107, 24, 126)","(50.59, 0.0, -4.0)",4.0,19,VISIBLE,-2.49,0.42
145,20,car,0.3204,972.82,101.84,1205.84,239.76,1089.33,170.8,233.02,137.92,32137.58,1.69,Horizontal Oblong,Grey,"(98, 42, 124)","(49.02, -4.0, -5.0)",6.4,20,VISIBLE,-0.98,-0.04
145,24,chair,0.5058,507.6,218.15,636.43,329.85,572.02,274.0,128.82,111.7,14389.25,1.15,Spherical / Regular,Grey,"(96, 51, 126)","(49.41, -6.0, -5.0)",7.81,24,VISIBLE,-2.2,0.3
145,23,chair,0.2714,656.21,241.74,736.24,323.42,696.22,282.58,80.03,81.68,6536.54,0.98,Spherical / Regular,Cyan,"(97, 92, 101)","(37.25, -7.0, -9.0)",11.4,28,VISIBLE,-7.22,0.39
145,30,car,0.212,860.2,125.03,980.21,171.54,920.2,148.29,120.01,46.51,5582.12,2.58,Horizontal Oblong,Grey,"(33, 12, 180)","(72.94, -1.0, 4.0)",4.12,30,VISIBLE,-2.39,0.1
145,27,chair,0.1943,729.86,215.5,889.7,356.48,809.78,285.99,159.84,140.97,22532.96,1.13,Spherical / Regular,Grey,"(76, 41, 107)","(43.92, -6.0, 2.0)",6.32,31,VISIBLE,-2.33,0.32
146,6,car,0.5939,0.0,40.49,424.92,524.15,212.46,282.32,424.92,483.66,205518.02,0.88,Spherical / Regular,Grey,"(72, 25, 127)","(50.2, -2.0, 2.0)",2.83,6,VISIBLE,-2.29,4.53
146,18,car,0.6703,0.02,123.75,1149.76,720.0,574.89,421.88,1149.74,596.25,685530.75,1.93,Horizontal Oblong,Grey,"(84, 65, 102)","(39.61, -7.0, 0.0)",7.0,18,VISIBLE,-1.68,0.01
146,21,car,0.6631,1029.99,143.05,1280.0,464.26,1155.0,303.65,250.01,321.2,80303.73,0.78,Vertical Oblong,Grey,"(98, 45, 113)","(44.31, -2.0, -3.0)",3.61,21,VISIBLE,-0.9,0.61
146,22,car,0.1661,395.36,131.79,642.1,188.1,518.73,159.95,246.74,56.31,13893.24,4.38,Horizontal Oblong,Grey,"(88, 17, 161)","(65.1, -1.0, 0.0)",1.0,22,VISIBLE,-1.6,0.04
146,19,person,0.4843,386.2,24.01,446.51,98.3,416.36,61.16,60.31,74.28,4480.09,0.81,Spherical / Regular,Grey,"(106, 23, 127)","(50.59, 0.0, -3.0)",3.0,19,VISIBLE,-2.15,0.25
146,20,car,0.3351,971.71,101.62,1205.0,240.72,1088.36,171.17,233.29,139.1,32451.16,1.68,Horizontal Oblong,Grey,"(98, 41, 125)","(49.41, -4.0, -5.0)",6.4,20,VISIBLE,-0.98,0.25
146,24,chair,0.5374,505.42,218.19,633.3,330.16,569.36,274.17,127.88,111.97,14319.46,1.14,Spherical / Regular,Grey,"(96, 51, 126)","(49.41, -6.0, -5.0)",7.81,24,VISIBLE,-2.52,0.21
146,23,chair,0.2119,643.12,241.64,733.15,324.56,688.13,283.1,90.03,82.93,7465.94,1.09,Spherical / Regular,Cyan,"(97, 90, 102)","(37.65, -7.0, -8.0)",10.63,28,VISIBLE,-7.83,0.48
146,27,chair,0.1818,726.03,215.57,887.06,356.71,806.55,286.14,161.03,141.14,22728.15,1.14,Spherical / Regular,Grey,"(76, 41, 107)","(43.92, -6.0, 2.0)",6.32,31,VISIBLE,-2.96,0.2
146,33,chair,0.1606,1211.03,198.05,1254.71,246.37,1232.87,222.21,43.67,48.32,2110.31,0.9,Spherical / Regular,Cyan,"(98, 79, 98)","(36.86, -6.0, -8.0)",10.0,33,VISIBLE,0.0,0.0
147,6,car,0.5801,0.0,40.19,420.89,534.45,210.45,287.32,420.89,494.26,208029.22,0.85,Spherical / Regular,Grey,"(72, 24, 130)","(50.98, -3.0, 2.0)",3.61,6,VISIBLE,-2.1,4.86
147,18,car,0.6678,0.01,123.82,1145.65,720.0,572.83,421.91,1145.64,596.18,683012.37,1.92,Horizontal Oblong,Grey,"(84, 65, 102)","(39.61, -7.0, 0.0)",7.0,18,VISIBLE,-1.95,0.03
147,21,car,0.6307,1030.07,142.93,1280.0,465.58,1155.04,304.26,249.93,322.64,80636.9,0.77,Vertical Oblong,Grey,"(99, 44, 112)","(43.53, -2.0, -3.0)",3.61,21,VISIBLE,-0.24,0.6
147,22,car,0.1688,391.18,131.82,641.55,188.66,516.36,160.24,250.36,56.84,14230.82,4.4,Horizontal Oblong,Grey,"(87, 17, 161)","(65.1, -1.0, 0.0)",1.0,22,VISIBLE,-2.14,0.22
147,19,person,0.5424,383.91,23.93,445.16,98.64,414.54,61.28,61.26,74.71,4576.64,0.82,Spherical / Regular,Grey,"(108, 23, 130)","(50.98, 0.0, -3.0)",3.0,19,VISIBLE,-1.92,0.17
147,20,car,0.3479,969.52,101.46,1203.39,242.11,1086.45,171.78,233.86,140.65,32892.65,1.66,Horizontal Oblong,Grey,"(98, 41, 127)","(49.8, -4.0, -5.0)",6.4,20,VISIBLE,-1.62,0.5
147,24,chair,0.5112,500.67,218.18,629.2,330.42,564.94,274.3,128.54,112.24,14427.52,1.15,Spherical / Regular,Grey,"(96, 52, 126)","(49.41, -6.0, -5.0)",7.81,24,VISIBLE,-3.85,0.15
147,23,chair,0.2302,649.54,242.02,729.7,323.2,689.62,282.61,80.16,81.18,6507.3,0.99,Spherical / Regular,Cyan,"(97, 92, 101)","(37.25, -7.0, -9.0)",11.4,28,VISIBLE,-1.31,-0.2
147,27,chair,0.1573,722.63,215.04,886.43,357.51,804.53,286.28,163.8,142.46,23336.36,1.15,Spherical / Regular,Grey,"(76, 40, 107)","(43.53, -6.0, 2.0)",6.32,31,VISIBLE,-2.3,0.15
147,33,chair,0.2134,1210.19,198.29,1253.58,246.42,1231.88,222.35,43.39,48.13,2088.17,0.9,Spherical / Regular,Cyan,"(98, 79, 99)","(36.86, -6.0, -8.0)",10.0,33,VISIBLE,-0.99,0.14
148,6,car,0.5729,-0.0,39.92,416.48,539.73,208.24,289.83,416.48,499.81,208161.4,0.83,Spherical / Regular,Grey,"(72, 24, 131)","(51.37, -3.0, 2.0)",3.61,6,VISIBLE,-2.17,3.21
148,18,car,0.6807,0.0,123.62,1141.88,720.0,570.94,421.81,1141.88,596.38,680997.23,1.91,Horizontal Oblong,Grey,"(84, 65, 102)","(39.61, -7.0, 0.0)",7.0,18,VISIBLE,-1.91,-0.06
148,21,car,0.6317,1027.27,142.83,1280.0,465.83,1153.64,304.33,252.73,323.0,81631.25,0.78,Vertical Oblong,Grey,"(99, 45, 112)","(43.14, -2.0, -3.0)",3.61,21,VISIBLE,-1.05,0.23
148,22,car,0.1534,387.7,131.78,638.76,189.3,513.23,160.54,251.06,57.52,14440.91,4.36,Horizontal Oblong,Grey,"(84, 16, 162)","(65.88, -2.0, 0.0)",2.0,22,VISIBLE,-2.84,0.28
148,19,person,0.4142,381.94,23.7,443.44,98.74,412.69,61.22,61.5,75.04,4615.24,0.82,Spherical / Regular,Grey,"(106, 23, 130)","(51.37, 0.0, -3.0)",3.0,19,VISIBLE,-1.87,0.0
148,20,car,0.3634,967.49,101.38,1201.19,240.55,1084.34,170.96,233.7,139.18,32526.56,1.68,Horizontal Oblong,Grey,"(98, 42, 126)","(49.41, -5.0, -5.0)",7.07,20,VISIBLE,-1.97,-0.42
148,24,chair,0.509,496.7,218.34,624.51,330.27,560.6,274.31,127.81,111.93,14305.54,1.14,Spherical / Regular,Grey,"(96, 51, 126)","(49.41, -6.0, -5.0)",7.81,24,VISIBLE,-4.19,0.05
148,23,chair,0.2203,636.03,241.74,725.96,325.01,681.0,283.38,89.93,83.27,7488.6,1.08,Spherical / Regular,Cyan,"(97, 89, 102)","(38.04, -7.0, -9.0)",11.4,28,VISIBLE,-6.43,0.48
148,27,chair,0.1573,719.91,215.17,885.01,357.81,802.46,286.49,165.09,142.64,23549.37,1.16,Spherical / Regular,Grey,"(73, 39, 107)","(43.92, -6.0, 3.0)",6.71,31,VISIBLE,-2.14,0.2
148,33,chair,0.1904,1208.52,198.5,1252.14,246.5,1230.33,222.5,43.62,48.0,2093.71,0.91,Spherical / Regular,Cyan,"(98, 79, 99)","(36.86, -6.0, -8.0)",10.0,33,VISIBLE,-1.38,0.14
149,6,car,0.5412,0.0,39.54,410.82,542.08,205.41,290.81,410.82,502.54,206453.18,0.82,Spherical / Regular,Grey,"(72, 24, 132)","(51.37, -3.0, 2.0)",3.61,6,VISIBLE,-2.63,1.65
149,18,car,0.6847,-0.0,123.67,1138.5,720.0,569.25,421.83,1138.5,596.33,678922.01,1.91,Horizontal Oblong,Grey,"(84, 64, 102)","(39.61, -7.0, 0.0)",7.0,18,VISIBLE,-1.75,-0.0
149,21,car,0.6506,1023.27,143.12,1280.0,465.62,1151.63,304.37,256.73,322.5,82795.92,0.8,Spherical / Regular,Grey,"(99, 45, 112)","(43.14, -2.0, -4.0)",4.47,21,VISIBLE,-1.72,0.1
149,22,car,0.1534,384.34,131.8,637.54,189.66,510.94,160.73,253.2,57.87,14651.99,4.38,Horizontal Oblong,Grey,"(84, 16, 163)","(65.88, -1.0, 0.0)",1.0,22,VISIBLE,-2.45,0.22
149,19,person,0.2526,381.23,23.43,442.12,98.13,411.68,60.78,60.89,74.7,4547.94,0.82,Spherical / Regular,Grey,"(106, 24, 128)","(50.98, 0.0, -4.0)",4.0,19,VISIBLE,-1.27,-0.31
149,20,car,0.3373,965.56,101.24,1199.67,238.54,1082.62,169.89,234.11,137.3,32143.35,1.71,Horizontal Oblong,Grey,"(98, 41, 126)","(49.8, -4.0, -5.0)",6.4,20,VISIBLE,-1.8,-0.88
149,24,chair,0.4775,492.16,218.42,620.1,330.19,556.13,274.3,127.94,111.76,14299.57,1.14,Spherical / Regular,Grey,"(96, 52, 126)","(49.41, -6.0, -5.0)",7.81,24,VISIBLE,-4.39,0.01
149,23,chair,0.2536,626.52,241.69,721.72,326.53,674.12,284.11,95.2,84.84,8077.4,1.12,Spherical / Regular,Cyan,"(97, 89, 103)","(38.04, -8.0, -8.0)",11.31,28,VISIBLE,-6.74,0.66
149,27,chair,0.1573,717.2,215.3,883.58,358.12,800.39,286.71,166.38,142.82,23762.84,1.16,Spherical / Regular,Grey,"(72, 37, 108)","(43.92, -5.0, 3.0)",5.83,31,VISIBLE,-2.09,0.21
149,33,chair,0.1904,1207.74,198.64,1251.36,246.53,1229.55,222.59,43.62,47.89,2088.76,0.91,Spherical / Regular,Cyan,"(99, 80, 99)","(36.86, -6.0, -8.0)",10.0,33,VISIBLE,-0.96,0.1
150,6,car,0.5157,0.01,39.51,404.11,531.25,202.06,285.38,404.1,491.73,198708.98,0.82,Spherical / Regular,Grey,"(71, 24, 130)","(50.98, -3.0, 2.0)",3.61,6,VISIBLE,-3.13,-3.31
150,18,car,0.6918,-0.0,123.9,1135.05,720.0,567.52,421.95,1135.05,596.1,676599.26,1.9,Horizontal Oblong,Grey,"(84, 64, 102)","(39.61, -7.0, 0.0)",7.0,18,VISIBLE,-1.73,0.08
150,21,car,0.6462,1019.64,143.66,1280.0,465.56,1149.82,304.61,260.36,321.91,83810.07,0.81,Spherical / Regular,Grey,"(99, 46, 112)","(43.14, -2.0, -4.0)",4.47,21,VISIBLE,-1.79,0.2
150,22,car,0.1541,379.71,131.88,633.84,189.87,506.77,160.88,254.13,57.99,14737.2,4.38,Horizontal Oblong,Grey,"(81, 17, 163)","(65.88, -2.0, 0.0)",2.0,22,VISIBLE,-3.65,0.17
150,19,person,0.2373,381.43,23.42,440.84,97.45,411.14,60.43,59.41,74.03,4398.19,0.8,Spherical / Regular,Grey,"(106, 24, 128)","(51.37, 0.0, -4.0)",4.0,19,VISIBLE,-0.76,-0.33
150,20,car,0.3255,963.77,101.09,1198.21,236.59,1080.99,168.84,234.43,135.5,31765.86,1.73,Horizontal Oblong,Grey,"(98, 41, 127)","(50.2, -4.0, -5.0)",6.4,20,VISIBLE,-1.68,-1.0
150,24,chair,0.4849,486.22,218.49,614.41,330.51,550.32,274.5,128.19,112.02,14359.15,1.14,Spherical / Regular,Grey,"(96, 51, 126)","(49.41, -6.0, -5.0)",7.81,24,VISIBLE,-5.39,0.14
150,23,chair,0.2669,617.28,241.59,717.45,327.34,667.36,284.47,100.17,85.75,8589.25,1.17,Spherical / Regular,Cyan,"(97, 87, 103)","(38.43, -7.0, -8.0)",10.63,28,VISIBLE,-6.75,0.45
150,27,chair,0.1573,714.49,215.43,882.16,358.43,798.32,286.93,167.67,143.0,23976.76,1.17,Spherical / Regular,Grey,"(69, 37, 108)","(44.31, -6.0, 3.0)",6.71,31,VISIBLE,-2.07,0.22
150,33,chair,0.1904,1206.96,198.79,1250.58,246.56,1228.77,222.67,43.62,47.77,2083.8,0.91,Spherical / Regular,Cyan,"(99, 81, 100)","(36.86, -6.0, -8.0)",10.0,33,VISIBLE,-0.83,0.09
151,6,car,0.5019,0.01,39.4,396.59,532.83,198.3,286.12,396.58,493.43,195684.54,0.8,Spherical / Regular,Grey,"(69, 24, 130)","(50.98, -2.0, 2.0)",2.83,6,VISIBLE,-3.57,-0.48
151,18,car,0.6917,-0.0,124.08,1131.36,720.0,565.68,422.04,1131.36,595.92,674201.64,1.9,Horizontal Oblong,Grey,"(84, 65, 102)","(39.61, -7.0, 0.0)",7.0,18,VISIBLE,-1.81,0.09
151,21,car,0.6436,1016.88,144.11,1280.0,465.19,1148.44,304.65,263.12,321.08,84481.29,0.82,Spherical / Regular,Grey,"(100, 46, 112)","(43.14, -2.0, -4.0)",4.47,21,VISIBLE,-1.5,0.09
151,22,car,0.1626,375.33,131.79,630.26,189.76,502.8,160.77,254.94,57.97,14777.41,4.4,Horizontal Oblong,Grey,"(81, 16, 164)","(66.27, -1.0, 0.0)",1.0,22,VISIBLE,-3.88,-0.02
151,19,person,0.2456,382.95,23.54,439.02,96.69,410.98,60.12,56.07,73.15,4101.34,0.77,Vertical Oblong,Grey,"(106, 26, 127)","(50.98, 0.0, -4.0)",4.0,19,VISIBLE,-0.33,-0.32
151,20,car,0.3224,961.68,101.04,1196.1,236.7,1078.89,168.87,234.43,135.66,31803.39,1.73,Horizontal Oblong,Grey,"(98, 40, 128)","(50.59, -4.0, -5.0)",6.4,20,VISIBLE,-1.97,-0.28
151,24,chair,0.4822,481.85,218.44,609.04,330.75,545.45,274.6,127.18,112.31,14284.27,1.13,Spherical / Regular,Grey,"(96, 52, 126)","(49.41, -6.0, -5.0)",7.81,24,VISIBLE,-5.03,0.11
151,23,chair,0.2157,609.44,241.75,712.05,327.37,660.75,284.56,102.62,85.62,8785.8,1.2,Spherical / Regular,Cyan,"(97, 86, 103)","(38.43, -7.0, -8.0)",10.63,28,VISIBLE,-6.66,0.2
151,27,chair,0.1573,711.77,215.56,880.74,358.73,796.25,287.14,168.96,143.17,24191.14,1.18,Spherical / Regular,Grey,"(68, 36, 108)","(44.31, -6.0, 3.0)",6.71,31,VISIBLE,-2.07,0.22
151,33,chair,0.1904,1206.18,198.93,1249.8,246.59,1227.99,222.76,43.62,47.66,2078.85,0.92,Spherical / Regular,Cyan,"(98, 84, 101)","(36.47, -6.0, -8.0)",10.0,33,VISIBLE,-0.8,0.09
152,6,car,0.4841,0.01,39.18,389.83,541.31,194.92,290.25,389.82,502.12,195739.19,0.78,Vertical Oblong,Grey,"(69, 24, 131)","(51.76, -3.0, 2.0)",3.61,6,VISIBLE,-3.44,2.75
152,18,car,0.6862,-0.0,124.22,1127.5,720.0,563.75,422.11,1127.51,595.78,671746.14,1.89,Horizontal Oblong,Grey,"(84, 65, 102)","(39.61, -7.0, 0.0)",7.0,18,VISIBLE,-1.89,0.08
152,21,car,0.6369,1013.44,144.08,1280.0,465.65,1146.72,304.87,266.56,321.57,85717.96,0.83,Spherical / Regular,Grey,"(99, 46, 112)","(43.14, -2.0, -4.0)",4.47,21,VISIBLE,-1.65,0.18
152,22,car,0.1626,371.45,131.79,627.94,189.96,499.69,160.88,256.49,58.17,14919.79,4.41,Horizontal Oblong,Grey,"(81, 16, 165)","(67.06, -1.0, 0.0)",1.0,22,VISIBLE,-3.33,0.06
152,19,person,0.1935,385.49,23.78,435.78,95.67,410.64,59.72,50.29,71.89,3615.29,0.7,Vertical Oblong,Grey,"(106, 28, 124)","(49.8, 0.0, -4.0)",4.0,19,VISIBLE,-0.34,-0.37
152,20,car,0.3166,959.24,101.01,1193.84,235.61,1076.54,168.31,234.6,134.6,31577.96,1.74,Horizontal Oblong,Grey,"(98, 41, 126)","(49.8, -5.0, -5.0)",7.07,20,VISIBLE,-2.24,-0.48
152,24,chair,0.515,475.78,218.43,603.95,331.12,539.86,274.77,128.17,112.68,14442.31,1.14,Spherical / Regular,Grey,"(96, 51, 126)","(49.41, -6.0, -5.0)",7.81,24,VISIBLE,-5.41,0.16
152,23,chair,0.3034,603.21,242.12,706.5,327.67,654.85,284.9,103.29,85.56,8836.75,1.21,Spherical / Regular,Cyan,"(97, 87, 103)","(38.43, -7.0, -8.0)",10.63,28,VISIBLE,-6.12,0.29
152,27,chair,0.1573,709.06,215.68,879.31,359.04,794.19,287.36,170.25,143.35,24405.98,1.19,Spherical / Regular,Grey,"(68, 35, 108)","(44.31, -5.0, 3.0)",5.83,31,VISIBLE,-2.07,0.22
152,33,chair,0.1904,1205.39,199.07,1249.02,246.62,1227.21,222.85,43.62,47.54,2073.9,0.92,Spherical / Regular,Cyan,"(98, 85, 99)","(36.47, -6.0, -8.0)",10.0,33,VISIBLE,-0.79,0.09
153,6,car,0.4383,0.0,38.95,383.6,558.77,191.8,298.86,383.6,519.81,199399.47,0.74,Vertical Oblong,Grey,"(72, 23, 135)","(52.55, -3.0, 2.0)",3.61,6,VISIBLE,-3.22,6.85
153,18,car,0.68,-0.0,124.63,1123.07,720.0,561.53,422.31,1123.07,595.37,668642.73,1.89,Horizontal Oblong,Grey,"(84, 64, 102)","(39.61, -7.0, 0.0)",7.0,18,VISIBLE,-2.12,0.17
153,21,car,0.6202,1009.56,144.58,1280.0,467.5,1144.78,306.04,270.44,322.92,87332.32,0.84,Spherical / Regular,Grey,"(100, 47, 110)","(42.75, -2.0, -4.0)",4.47,21,VISIBLE,-1.85,0.88
153,22,car,0.1626,367.57,131.8,625.61,190.17,496.59,160.98,258.04,58.37,15062.8,4.42,Horizontal Oblong,Grey,"(50, 16, 170)","(69.02, -1.0, 1.0)",1.41,22,VISIBLE,-3.17,0.1
153,19,person,0.182,386.09,24.06,432.49,95.0,409.29,59.53,46.4,70.94,3291.9,0.65,Vertical Oblong,Grey,"(108, 28, 120)","(48.24, 0.0, -4.0)",4.0,19,VISIBLE,-1.04,-0.25
153,20,car,0.3052,956.66,101.01,1191.76,235.9,1074.21,168.45,235.11,134.89,31712.7,1.74,Horizontal Oblong,Grey,"(98, 42, 127)","(50.2, -5.0, -5.0)",7.07,20,VISIBLE,-2.3,-0.04
153,24,chair,0.5032,468.33,218.55,597.89,331.8,533.11,275.17,129.56,113.24,14671.72,1.14,Spherical / Regular,Grey,"(96, 53, 127)","(49.41, -6.0, -5.0)",7.81,24,VISIBLE,-6.35,0.33
153,23,chair,0.335,595.68,242.24,701.08,328.61,648.38,285.42,105.4,86.37,9103.08,1.22,Spherical / Regular,Cyan,"(97, 87, 103)","(38.43, -7.0, -8.0)",10.63,28,VISIBLE,-6.37,0.46
154,6,car,0.3684,0.0,40.0,376.73,572.81,188.37,306.4,376.73,532.82,200729.35,0.71,Vertical Oblong,Grey,"(72, 24, 135)","(53.33, -3.0, 2.0)",3.61,6,VISIBLE,-3.37,7.34
154,18,car,0.6809,-0.0,124.45,1117.7,720.0,558.85,422.23,1117.7,595.55,665640.21,1.88,Horizontal Oblong,Grey,"(84, 65, 102)","(40.0, -7.0, 0.0)",7.0,18,VISIBLE,-2.52,-0.01
154,21,car,0.6387,1005.63,144.86,1280.0,469.02,1142.81,306.94,274.37,324.16,88941.6,0.85,Spherical / Regular,Grey,"(100, 47, 110)","(42.35, -2.0, -4.0)",4.47,21,VISIBLE,-1.93,0.89
154,22,car,0.1626,363.69,131.8,623.28,190.38,493.48,161.09,259.59,58.58,15206.45,4.43,Horizontal Oblong,Grey,"(50, 16, 174)","(70.39, -1.0, 1.0)",1.41,22,VISIBLE,-3.13,0.1
154,19,person,0.2981,380.04,24.1,429.55,95.76,404.8,59.93,49.51,71.66,3548.0,0.69,Vertical Oblong,Grey,"(107, 27, 123)","(49.41, 0.0, -4.0)",4.0,19,VISIBLE,-3.46,0.21
154,20,car,0.3203,954.08,101.01,1189.63,238.0,1071.86,169.51,235.55,136.99,32267.75,1.72,Horizontal Oblong,Grey,"(98, 41, 128)","(50.59, -5.0, -5.0)",7.07,20,VISIBLE,-2.34,0.72
154,24,chair,0.4719,462.35,218.84,591.74,332.71,527.04,275.78,129.39,113.87,14733.75,1.14,Spherical / Regular,Grey,"(96, 53, 127)","(49.41, -6.0, -5.0)",7.81,24,VISIBLE,-6.15,0.52
154,23,chair,0.3417,588.29,242.21,695.04,329.66,641.66,285.93,106.75,87.45,9335.01,1.22,Spherical / Regular,Cyan,"(97, 87, 103)","(38.43, -8.0, -8.0)",11.31,28,VISIBLE,-6.61,0.49
155,6,car,0.3095,0.01,41.3,370.36,555.82,185.18,298.56,370.35,514.52,190552.95,0.72,Vertical Oblong,Grey,"(69, 23, 136)","(53.73, -3.0, 2.0)",3.61,6,VISIBLE,-3.24,-3.29
155,18,car,0.6779,-0.0,124.21,1111.59,720.0,555.79,422.11,1111.59,595.79,662270.55,1.87,Horizontal Oblong,Grey,"(84, 65, 102)","(40.0, -7.0, 0.0)",7.0,18,VISIBLE,-2.89,-0.09
155,21,car,0.6404,1002.39,145.03,1280.0,470.09,1141.2,307.56,277.61,325.05,90237.67,0.85,Spherical / Regular,Grey,"(100, 47, 110)","(41.96, -2.0, -4.0)",4.47,21,VISIBLE,-1.71,0.7
155,22,car,0.1626,359.81,131.8,620.95,190.59,490.38,161.19,261.15,58.78,15350.74,4.44,Horizontal Oblong,Grey,"(34, 16, 176)","(71.37, -1.0, 1.0)",1.41,22,VISIBLE,-3.11,0.1
155,19,person,0.2922,375.22,24.03,427.55,96.38,401.39,60.2,52.33,72.35,3785.94,0.72,Vertical Oblong,Grey,"(108, 26, 123)","(49.02, 0.0, -4.0)",4.0,19,VISIBLE,-3.42,0.25
155,20,car,0.3322,951.29,101.12,1187.24,239.71,1069.26,170.42,235.95,138.59,32699.65,1.7,Horizontal Oblong,Grey,"(98, 41, 129)","(50.59, -5.0, -5.0)",7.07,20,VISIBLE,-2.51,0.85
155,24,chair,0.4687,454.37,219.19,583.16,332.85,518.77,276.02,128.79,113.66,14638.53,1.13,Spherical / Regular,Grey,"(96, 52, 127)","(49.8, -6.0, -5.0)",7.81,24,VISIBLE,-7.64,0.33
155,23,chair,0.3082,579.83,242.61,688.44,330.39,634.13,286.5,108.61,87.79,9534.24,1.24,Spherical / Regular,Cyan,"(97, 85, 103)","(38.43, -8.0, -8.0)",11.31,28,VISIBLE,-7.25,0.54
155,3,car,0.1787,806.24,130.41,988.12,232.88,897.18,181.65,181.88,102.47,18636.99,1.77,Horizontal Oblong,Grey,"(66, 12, 176)","(70.98, -2.0, 1.0)",2.24,34,VISIBLE,0.42,0.07
156,6,car,0.3173,0.03,41.76,362.62,557.7,181.32,299.73,362.59,515.94,187074.06,0.7,Vertical Oblong,Grey,"(68, 23, 137)","(54.51, -3.0, 2.0)",3.61,6,VISIBLE,-3.67,-0.17
156,18,car,0.6607,-0.0,124.1,1105.5,720.0,552.75,422.05,1105.5,595.9,658769.81,1.86,Horizontal Oblong,Grey,"(84, 66, 102)","(40.0, -7.0, 0.0)",7.0,18,VISIBLE,-3.0,-0.06
156,21,car,0.6338,997.2,145.04,1280.0,470.87,1138.6,307.95,282.8,325.84,92146.91,0.87,Spherical / Regular,Grey,"(100, 48, 109)","(41.96, -2.0, -4.0)",4.47,21,VISIBLE,-2.33,0.49
156,22,car,0.1626,355.93,131.81,618.62,190.79,487.28,161.3,262.7,58.99,15495.65,4.45,Horizontal Oblong,Grey,"(36, 16, 180)","(72.94, -1.0, 2.0)",2.24,22,VISIBLE,-3.11,0.1
156,19,person,0.1828,374.29,23.76,426.06,96.37,400.17,60.07,51.77,72.61,3759.01,0.71,Vertical Oblong,Grey,"(106, 28, 124)","(49.41, 0.0, -4.0)",4.0,19,VISIBLE,-1.87,-0.02
156,20,car,0.3555,948.06,101.22,1184.53,240.14,1066.29,170.68,236.47,138.92,32849.97,1.7,Horizontal Oblong,Grey,"(98, 40, 129)","(50.98, -5.0, -5.0)",7.07,20,VISIBLE,-2.83,0.44
156,24,chair,0.4344,447.9,219.77,574.48,333.2,511.19,276.49,126.59,113.43,14359.29,1.12,Spherical / Regular,Grey,"(96, 52, 126)","(49.41, -6.0, -5.0)",7.81,24,VISIBLE,-7.59,0.42
156,23,chair,0.2588,572.36,242.74,680.57,330.04,626.47,286.39,108.22,87.3,9447.45,1.24,Spherical / Regular,Cyan,"(97, 85, 103)","(38.43, -8.0, -8.0)",11.31,28,VISIBLE,-7.55,0.09
156,3,car,0.3039,802.25,128.56,986.81,234.73,894.53,181.64,184.56,106.17,19594.55,1.74,Horizontal Oblong,Grey,"(55, 13, 175)","(70.98, -2.0, 1.0)",2.24,34,VISIBLE,-1.73,0.02
156,35,chair,0.2544,1218.52,180.52,1280.0,252.6,1249.26,216.56,61.48,72.07,4430.86,0.85,Spherical / Regular,Grey,"(98, 64, 105)","(41.18, -6.0, -7.0)",9.22,35,VISIBLE,0.0,0.0
157,6,car,0.2816,0.03,42.05,354.66,568.83,177.34,305.44,354.62,526.79,186809.89,0.67,Vertical Oblong,Grey,"(69, 22, 139)","(55.29, -3.0, 2.0)",3.61,6,VISIBLE,-3.89,3.95
157,18,car,0.6722,-0.0,123.8,1099.15,720.0,549.58,421.9,1099.15,596.2,655316.65,1.84,Horizontal Oblong,Grey,"(84, 65, 103)","(40.0, -7.0, 0.0)",7.0,18,VISIBLE,-3.12,-0.12
157,21,car,0.6288,991.64,145.28,1280.0,471.57,1135.82,308.43,288.36,326.29,94088.98,0.88,Spherical / Regular,Grey,"(100, 50, 109)","(41.57, -2.0, -4.0)",4.47,21,VISIBLE,-2.65,0.48
157,19,person,0.2619,369.39,23.68,423.84,96.82,396.62,60.25,54.46,73.13,3982.53,0.74,Vertical Oblong,Grey,"(108, 27, 125)","(49.8, 0.0, -4.0)",4.0,19,VISIBLE,-3.05,0.12
157,20,car,0.3501,944.43,101.28,1180.64,242.24,1062.53,171.76,236.21,140.96,33297.51,1.68,Horizontal Oblong,Grey,"(98, 40, 130)","(51.37, -4.0, -5.0)",6.4,20,VISIBLE,-3.48,0.89
157,24,chair,0.5066,438.78,220.16,565.28,333.63,502.03,276.9,126.5,113.47,14354.54,1.11,Spherical / Regular,Grey,"(96, 51, 126)","(49.41, -6.0, -5.0)",7.81,24,VISIBLE,-8.69,0.41
157,23,chair,0.3213,563.99,243.11,672.47,330.66,618.23,286.89,108.47,87.56,9497.34,1.24,Spherical / Regular,Cyan,"(97, 86, 103)","(38.43, -8.0, -8.0)",11.31,28,VISIBLE,-8.03,0.37
157,3,car,0.216,791.24,127.48,984.27,238.27,887.75,182.88,193.03,110.79,21386.32,1.74,Horizontal Oblong,Grey,"(66, 13, 175)","(70.59, -2.0, 0.0)",2.0,34,VISIBLE,-5.26,0.87
157,35,chair,0.2201,1216.26,180.89,1280.0,252.65,1248.13,216.77,63.74,71.76,4574.27,0.89,Spherical / Regular,Grey,"(98, 52, 106)","(41.57, -5.0, -6.0)",7.81,35,VISIBLE,-1.13,0.21
157,33,chair,0.1607,1169.7,198.8,1221.73,248.04,1195.72,223.42,52.02,49.23,2561.28,1.06,Spherical / Regular,Cyan,"(99, 80, 101)","(37.65, -6.0, -8.0)",10.0,36,VISIBLE,-4.65,0.11
158,6,car,0.3428,0.02,41.37,346.33,574.9,173.18,308.13,346.31,533.53,184765.42,0.65,Vertical Oblong,Grey,"(66, 22, 140)","(55.69, -3.0, 2.0)",3.61,6,VISIBLE,-4.09,3.07
158,18,car,0.666,-0.0,123.63,1093.13,720.0,546.56,421.82,1093.13,596.37,651908.65,1.83,Horizontal Oblong,Grey,"(84, 66, 103)","(40.0, -7.0, 0.0)",7.0,18,VISIBLE,-3.04,-0.1
158,21,car,0.6443,987.52,145.53,1279.99,473.31,1133.76,309.42,292.47,327.78,95867.87,0.89,Spherical / Regular,Grey,"(100, 51, 108)","(41.18, -2.0, -4.0)",4.47,21,VISIBLE,-2.24,0.84
158,19,person,0.2235,368.65,23.83,418.87,95.72,393.76,59.78,50.22,71.89,3610.36,0.7,Vertical Oblong,Grey,"(108, 28, 124)","(49.41, 0.0, -4.0)",4.0,19,VISIBLE,-2.91,-0.3
158,20,car,0.3737,941.05,101.28,1177.01,247.75,1059.03,174.51,235.96,146.47,34561.16,1.61,Horizontal Oblong,Grey,"(98, 40, 131)","(51.37, -5.0, -5.0)",7.07,20,VISIBLE,-3.5,2.2
158,24,chair,0.4446,429.6,220.45,553.29,333.78,491.44,277.12,123.69,113.33,14017.78,1.09,Spherical / Regular,Grey,"(96, 51, 126)","(49.41, -6.0, -5.0)",7.81,24,VISIBLE,-10.02,0.28
158,23,chair,0.2683,555.92,243.5,663.73,331.1,609.82,287.3,107.82,87.59,9444.22,1.23,Spherical / Regular,Cyan,"(97, 85, 103)","(38.43, -8.0, -8.0)",11.31,28,VISIBLE,-8.29,0.4
158,3,car,0.2864,782.29,127.03,980.61,242.29,881.45,184.66,198.33,115.26,22859.36,1.72,Horizontal Oblong,Grey,"(81, 14, 175)","(70.98, -2.0, 0.0)",2.0,34,VISIBLE,-5.99,1.51
158,33,chair,0.2633,1164.33,198.72,1219.27,248.66,1191.8,223.69,54.94,49.94,2743.51,1.1,Spherical / Regular,Grey,"(99, 80, 102)","(37.65, -5.0, -8.0)",9.43,36,VISIBLE,-4.13,0.22
158,35,person,0.569,1214.28,180.69,1280.0,252.88,1247.14,216.78,65.72,72.19,4744.61,0.91,Spherical / Regular,Grey,"(99, 46, 108)","(41.96, -5.0, -5.0)",7.07,35,VISIBLE,-1.03,0.07
159,6,car,0.3531,0.01,41.08,337.95,578.38,168.98,309.73,337.94,537.3,181574.57,0.63,Vertical Oblong,Grey,"(68, 21, 141)","(56.47, -3.0, 2.0)",3.61,6,VISIBLE,-4.16,2.04
159,18,car,0.665,-0.0,123.29,1085.94,720.0,542.97,421.64,1085.94,596.71,647997.19,1.82,Horizontal Oblong,Grey,"(84, 67, 102)","(40.0, -7.0, 0.0)",7.0,18,VISIBLE,-3.43,-0.15
159,21,car,0.6696,981.59,145.16,1279.88,475.21,1130.74,310.18,298.29,330.05,98449.91,0.9,Spherical / Regular,Grey,"(100, 52, 105)","(40.39, -2.0, -4.0)",4.47,21,VISIBLE,-2.79,0.79
159,19,person,0.4002,360.66,23.83,414.42,96.57,387.54,60.2,53.76,72.75,3910.64,0.74,Vertical Oblong,Grey,"(107, 26, 125)","(50.2, 0.0, -4.0)",4.0,19,VISIBLE,-5.23,0.21
159,20,car,0.3172,937.74,101.49,1172.3,251.68,1055.02,176.58,234.56,150.2,35229.75,1.56,Horizontal Oblong,Grey,"(98, 39, 131)","(51.76, -5.0, -5.0)",7.07,20,VISIBLE,-3.86,2.11
159,24,chair,0.4278,418.93,220.83,542.81,333.91,480.87,277.37,123.88,113.08,14008.2,1.1,Spherical / Regular,Grey,"(96, 51, 126)","(49.8, -6.0, -5.0)",7.81,24,VISIBLE,-10.41,0.26
159,23,chair,0.3673,546.28,244.21,654.17,330.6,600.23,287.4,107.89,86.38,9319.88,1.25,Spherical / Regular,Cyan,"(97, 85, 103)","(38.43, -8.0, -8.0)",11.31,28,VISIBLE,-9.21,0.19
159,3,car,0.308,765.37,126.65,976.67,246.12,871.02,186.38,211.3,119.47,25244.11,1.77,Horizontal Oblong,Grey,"(84, 15, 174)","(70.59, -2.0, 0.0)",2.0,34,VISIBLE,-9.1,1.66
159,33,chair,0.221,1156.58,198.61,1211.59,248.84,1184.09,223.72,55.01,50.23,2763.16,1.09,Spherical / Regular,Cyan,"(99, 82, 102)","(37.65, -6.0, -8.0)",10.0,36,VISIBLE,-6.64,0.09
159,35,person,0.5689,1208.45,180.56,1279.96,253.24,1244.2,216.9,71.51,72.68,5197.43,0.98,Spherical / Regular,Grey,"(99, 47, 108)","(42.35, -5.0, -5.0)",7.07,35,VISIBLE,-2.36,0.1
160,6,car,0.2963,0.01,40.47,329.58,576.29,164.79,308.38,329.57,535.82,176590.66,0.62,Vertical Oblong,Grey,"(66, 21, 143)","(57.65, -3.0, 2.0)",3.61,6,VISIBLE,-4.18,-0.33
160,18,car,0.6581,-0.0,123.12,1078.32,720.0,539.16,421.56,1078.32,596.88,643631.37,1.81,Horizontal Oblong,Grey,"(84, 68, 102)","(39.61, -7.0, 0.0)",7.0,18,VISIBLE,-3.7,-0.1
160,21,car,0.7015,975.84,144.94,1279.81,476.59,1127.82,310.77,303.98,331.65,100813.41,0.92,Spherical / Regular,Grey,"(100, 52, 104)","(40.0, -2.0, -4.0)",4.47,21,VISIBLE,-2.87,0.64
160,19,person,0.2384,357.1,23.68,410.38,96.47,383.74,60.07,53.28,72.8,3878.73,0.73,Vertical Oblong,Grey,"(106, 26, 125)","(49.8, 0.0, -4.0)",4.0,19,VISIBLE,-4.23,-0.02
160,20,car,0.36,933.47,101.58,1167.69,256.61,1050.58,179.09,234.22,155.04,36312.17,1.51,Horizontal Oblong,Grey,"(98, 39, 131)","(51.76, -5.0, -4.0)",6.4,20,VISIBLE,-4.26,2.39
160,24,chair,0.4642,405.39,220.88,532.57,334.57,468.98,277.73,127.19,113.69,14460.23,1.12,Spherical / Regular,Grey,"(96, 51, 126)","(49.8, -6.0, -5.0)",7.81,24,VISIBLE,-11.45,0.33
160,23,chair,0.2026,541.68,245.07,643.38,330.11,592.53,287.59,101.7,85.04,8649.24,1.2,Spherical / Regular,Cyan,"(97, 87, 103)","(38.04, -7.0, -8.0)",10.63,28,VISIBLE,-8.15,0.19
160,3,car,0.3231,754.94,127.07,972.26,251.51,863.6,189.29,217.32,124.44,27043.51,1.75,Horizontal Oblong,Grey,"(81, 15, 174)","(70.2, -2.0, 0.0)",2.0,34,VISIBLE,-7.92,2.53
160,33,chair,0.2506,1146.72,198.57,1204.7,249.03,1175.71,223.8,57.97,50.46,2925.21,1.15,Spherical / Regular,Cyan,"(99, 78, 103)","(38.43, -6.0, -8.0)",10.0,36,VISIBLE,-7.85,0.08
160,35,person,0.5314,1201.65,180.47,1279.6,253.46,1240.63,216.97,77.95,72.99,5689.41,1.07,Spherical / Regular,Grey,"(99, 46, 108)","(42.35, -5.0, -5.0)",7.07,35,VISIBLE,-3.22,0.08
161,6,car,0.274,0.0,39.67,321.11,578.32,160.55,308.99,321.1,538.65,172964.42,0.6,Vertical Oblong,Grey,"(66, 20, 145)","(58.43, -3.0, 2.0)",3.61,6,VISIBLE,-4.22,0.33
161,18,car,0.6656,0.0,122.52,1070.6,720.0,535.3,421.26,1070.6,597.48,639657.8,1.79,Horizontal Oblong,Grey,"(84, 67, 101)","(39.61, -7.0, 0.0)",7.0,18,VISIBLE,-3.81,-0.24
161,21,car,0.6963,968.86,144.81,1279.87,477.65,1124.37,311.23,311.01,332.84,103518.1,0.93,Spherical / Regular,Grey,"(100, 53, 103)","(38.82, -2.0, -4.0)",4.47,21,VISIBLE,-3.28,0.52
161,19,person,0.2385,353.26,23.67,406.33,96.36,379.8,60.02,53.06,72.69,3857.0,0.73,Vertical Oblong,Grey,"(107, 25, 125)","(49.8, 0.0, -4.0)",4.0,19,VISIBLE,-4.03,-0.05
161,20,car,0.3619,928.86,101.32,1162.66,259.82,1045.76,180.57,233.81,158.5,37058.29,1.48,Horizontal Oblong,Grey,"(98, 39, 129)","(51.37, -5.0, -4.0)",6.4,20,VISIBLE,-4.65,1.75
161,24,chair,0.4416,392.22,221.18,519.18,335.42,455.7,278.3,126.97,114.24,14504.75,1.11,Spherical / Regular,Grey,"(96, 50, 126)","(49.8, -6.0, -5.0)",7.81,24,VISIBLE,-12.73,0.5
161,23,chair,0.1952,532.84,245.52,631.57,330.04,582.21,287.78,98.72,84.52,8344.37,1.17,Spherical / Regular,Cyan,"(97, 87, 103)","(38.43, -8.0, -8.0)",11.31,28,VISIBLE,-9.67,0.19
161,3,car,0.325,747.91,127.4,967.46,256.49,857.69,191.95,219.55,129.09,28341.7,1.7,Horizontal Oblong,Grey,"(81, 15, 174)","(70.59, -2.0, 0.0)",2.0,34,VISIBLE,-6.52,2.62
161,33,chair,0.1594,1144.78,198.45,1198.81,248.6,1171.79,223.53,54.04,50.15,2709.59,1.08,Spherical / Regular,Cyan,"(99, 78, 103)","(38.04, -6.0, -8.0)",10.0,36,VISIBLE,-5.1,-0.17
161,35,person,0.5741,1196.32,180.57,1277.14,253.8,1236.73,217.19,80.82,73.23,5918.57,1.1,Spherical / Regular,Grey,"(99, 48, 107)","(41.96, -5.0, -5.0)",7.07,35,VISIBLE,-3.69,0.18
162,6,car,0.3301,0.0,39.21,312.19,571.91,156.1,305.56,312.19,532.7,166303.89,0.59,Vertical Oblong,Grey,"(60, 19, 150)","(60.78, -3.0, 3.0)",4.24,6,VISIBLE,-4.39,-2.31
162,18,car,0.6582,0.0,122.17,1061.91,720.0,530.95,421.08,1061.91,597.83,634846.14,1.78,Horizontal Oblong,Grey,"(84, 68, 101)","(39.61, -7.0, 0.0)",7.0,18,VISIBLE,-4.18,-0.19
162,21,car,0.6499,961.25,144.82,1279.92,478.2,1120.59,311.51,318.67,333.38,106238.81,0.96,Spherical / Regular,Grey,"(100, 53, 101)","(38.04, -2.0, -4.0)",4.47,21,VISIBLE,-3.63,0.35
162,19,person,0.192,351.73,23.9,401.18,95.43,376.45,59.66,49.46,71.53,3537.38,0.69,Vertical Oblong,Grey,"(106, 26, 124)","(49.8, 0.0, -4.0)",4.0,19,VISIBLE,-3.55,-0.26
162,20,car,0.4025,924.1,101.21,1158.08,262.4,1041.09,181.8,233.98,161.19,37716.87,1.45,Horizontal Oblong,Grey,"(97, 38, 130)","(51.37, -5.0, -4.0)",6.4,20,VISIBLE,-4.67,1.39
162,24,chair,0.4248,379.64,221.69,506.07,335.6,442.85,278.65,126.42,113.92,14401.74,1.11,Spherical / Regular,Grey,"(96, 50, 127)","(49.8, -6.0, -5.0)",7.81,24,VISIBLE,-12.81,0.39
162,23,chair,0.2066,527.44,245.92,618.99,329.8,573.21,287.86,91.54,83.87,7677.67,1.09,Spherical / Regular,Cyan,"(97, 85, 102)","(38.04, -7.0, -8.0)",10.63,28,VISIBLE,-9.19,0.11
162,3,car,0.3308,742.82,129.0,962.56,261.2,852.69,195.1,219.74,132.2,29050.04,1.66,Horizontal Oblong,Grey,"(81, 16, 175)","(70.59, -3.0, 0.0)",3.0,34,VISIBLE,-5.45,2.99
162,33,chair,0.1594,1139.8,198.4,1193.74,248.63,1166.77,223.52,53.94,50.23,2709.2,1.07,Spherical / Regular,Cyan,"(98, 77, 101)","(38.04, -6.0, -8.0)",10.0,36,VISIBLE,-5.05,-0.06
162,35,person,0.6309,1188.39,180.81,1271.96,253.98,1230.18,217.39,83.57,73.17,6114.99,1.14,Spherical / Regular,Grey,"(99, 49, 107)","(41.96, -5.0, -5.0)",7.07,35,VISIBLE,-5.7,0.2
163,6,car,0.301,0.01,38.79,304.95,567.89,152.48,303.34,304.95,529.1,161346.9,0.58,Vertical Oblong,Grey,"(60, 19, 154)","(62.75, -3.0, 3.0)",4.24,6,VISIBLE,-3.85,-2.25
163,18,car,0.6339,0.02,123.04,1050.79,720.0,525.4,421.52,1050.77,596.96,627271.63,1.76,Horizontal Oblong,Grey,"(84, 69, 101)","(39.22, -7.0, 0.0)",7.0,18,VISIBLE,-5.14,0.25
163,21,car,0.6061,953.91,144.89,1279.96,478.93,1116.93,311.91,326.05,334.03,108911.45,0.98,Spherical / Regular,Grey,"(100, 54, 100)","(38.04, -2.0, -5.0)",5.39,21,VISIBLE,-3.64,0.39
163,19,person,0.3466,343.32,23.88,397.12,96.42,370.22,60.15,53.8,72.54,3902.49,0.74,Vertical Oblong,Grey,"(106, 24, 125)","(50.59, 0.0, -3.0)",3.0,19,VISIBLE,-5.43,0.26
163,20,car,0.3739,919.18,101.36,1153.52,263.05,1036.35,182.2,234.33,161.69,37889.33,1.45,Horizontal Oblong,Grey,"(97, 39, 130)","(51.76, -5.0, -4.0)",6.4,20,VISIBLE,-4.72,0.7
163,24,chair,0.4635,366.18,222.05,493.27,336.02,429.72,279.04,127.09,113.97,14485.27,1.12,Spherical / Regular,Grey,"(96, 50, 127)","(50.2, -6.0, -5.0)",7.81,24,VISIBLE,-13.03,0.39
163,23,chair,0.2117,507.31,246.1,605.56,331.46,556.43,288.78,98.24,85.35,8385.37,1.15,Spherical / Regular,Cyan,"(97, 86, 103)","(38.04, -7.0, -8.0)",10.63,28,VISIBLE,-14.5,0.68
163,3,car,0.3246,739.64,130.33,957.53,265.22,848.58,197.77,217.89,134.89,29392.14,1.62,Horizontal Oblong,Grey,"(80, 16, 175)","(70.98, -3.0, 1.0)",3.16,34,VISIBLE,-4.51,2.77
163,33,chair,0.1594,1134.81,198.35,1188.66,248.66,1161.74,223.51,53.85,50.31,2708.8,1.07,Spherical / Regular,Cyan,"(98, 78, 101)","(37.65, -6.0, -8.0)",10.0,36,VISIBLE,-5.04,-0.02
163,35,person,0.6062,1182.06,180.72,1266.05,254.33,1224.05,217.52,83.99,73.62,6183.06,1.14,Spherical / Regular,Grey,"(99, 51, 107)","(41.96, -5.0, -5.0)",7.07,35,VISIBLE,-5.99,0.15
164,6,car,0.277,0.02,37.81,297.31,562.66,148.67,300.23,297.29,524.84,156031.07,0.57,Vertical Oblong,Grey,"(60, 18, 160)","(64.71, -3.0, 3.0)",4.24,6,VISIBLE,-3.82,-2.85
164,18,car,0.659,0.01,123.31,1040.29,720.0,520.15,421.65,1040.27,596.69,620723.19,1.74,Horizontal Oblong,Grey,"(84, 71, 100)","(38.82, -7.0, 0.0)",7.0,18,VISIBLE,-5.22,0.17
164,21,car,0.5813,945.83,145.1,1279.98,479.76,1112.9,312.43,334.16,334.67,111831.6,1.0,Spherical / Regular,Grey,"(100, 54, 100)","(37.65, -3.0, -5.0)",5.83,21,VISIBLE,-3.91,0.48
164,19,person,0.1712,339.98,23.7,393.62,96.72,366.8,60.21,53.64,73.03,3917.3,0.73,Vertical Oblong,Grey,"(106, 24, 125)","(50.59, 0.0, -3.0)",3.0,19,VISIBLE,-4.02,0.12
164,20,car,0.3837,914.24,101.28,1149.1,263.29,1031.67,182.28,234.87,162.01,38051.02,1.45,Horizontal Oblong,Grey,"(96, 39, 130)","(51.76, -5.0, -4.0)",6.4,20,VISIBLE,-4.69,0.27
164,24,chair,0.4542,353.05,221.71,479.64,337.31,416.34,279.51,126.58,115.6,14632.85,1.09,Spherical / Regular,Grey,"(96, 49, 128)","(50.2, -6.0, -5.0)",7.81,24,VISIBLE,-13.28,0.45
164,23,chair,0.1908,498.08,246.71,591.86,330.7,544.97,288.71,93.78,83.99,7876.78,1.12,Spherical / Regular,Cyan,"(97, 86, 103)","(38.04, -7.0, -8.0)",10.63,28,VISIBLE,-12.38,0.15
164,3,car,0.315,736.78,133.33,952.85,267.51,844.82,200.42,216.08,134.18,28993.59,1.61,Horizontal Oblong,Grey,"(80, 16, 174)","(70.59, -3.0, 1.0)",3.16,34,VISIBLE,-3.99,2.68
164,33,chair,0.1594,1129.83,198.31,1183.59,248.69,1156.71,223.5,53.75,50.39,2708.38,1.07,Spherical / Regular,Cyan,"(98, 78, 101)","(37.65, -6.0, -8.0)",10.0,36,VISIBLE,-5.03,-0.01
164,35,person,0.5985,1176.33,180.91,1259.08,254.66,1217.71,217.78,82.74,73.74,6101.68,1.12,Spherical / Regular,Grey,"(99, 52, 108)","(41.96, -5.0, -6.0)",7.81,35,VISIBLE,-6.24,0.23
165,6,car,0.2464,0.02,35.9,290.03,485.8,145.03,260.85,290.02,449.9,130477.71,0.64,Vertical Oblong,Grey,"(66, 19, 149)","(60.39, -3.0, 2.0)",3.61,6,VISIBLE,-3.7,-28.42
165,18,car,0.6641,0.01,123.83,1030.51,720.0,515.26,421.91,1030.5,596.17,614356.81,1.73,Horizontal Oblong,Grey,"(84, 71, 99)","(38.43, -7.0, 0.0)",7.0,18,VISIBLE,-4.99,0.23
165,21,car,0.608,936.7,145.31,1280.0,480.5,1108.35,312.91,343.3,335.19,115071.52,1.02,Spherical / Regular,Grey,"(100, 54, 99)","(37.25, -2.0, -5.0)",5.39,21,VISIBLE,-4.36,0.48
165,19,person,0.2146,335.8,23.62,390.19,96.71,362.99,60.16,54.39,73.09,3975.61,0.74,Vertical Oblong,Grey,"(108, 25, 125)","(50.59, 0.0, -4.0)",4.0,19,VISIBLE,-3.87,0.0
165,20,car,0.3602,910.12,101.34,1144.73,253.22,1027.42,177.28,234.62,151.87,35632.07,1.54,Horizontal Oblong,Grey,"(98, 39, 129)","(51.37, -5.0, -4.0)",6.4,20,VISIBLE,-4.38,-3.42
165,24,chair,0.4534,337.75,221.85,464.98,338.76,401.37,280.3,127.23,116.91,14874.83,1.09,Spherical / Regular,Grey,"(96, 48, 128)","(50.59, -6.0, -5.0)",7.81,24,VISIBLE,-14.47,0.69
165,23,chair,0.1965,488.95,247.33,579.01,330.15,533.98,288.74,90.06,82.82,7458.76,1.09,Spherical / Regular,Cyan,"(97, 84, 102)","(38.04, -7.0, -8.0)",10.63,28,VISIBLE,-11.41,0.07
165,3,car,0.3115,733.29,135.58,949.04,270.52,841.17,203.05,215.75,134.94,29113.67,1.6,Horizontal Oblong,Grey,"(81, 16, 172)","(69.8, -3.0, 0.0)",3.0,34,VISIBLE,-3.75,2.65
165,33,chair,0.1594,1124.85,198.26,1178.51,248.72,1151.68,223.49,53.66,50.47,2707.95,1.06,Spherical / Regular,Cyan,"(99, 77, 100)","(37.25, -6.0, -8.0)",10.0,36,VISIBLE,-5.03,-0.01
165,35,person,0.501,1170.26,181.53,1252.35,254.6,1211.3,218.06,82.09,73.07,5998.33,1.12,Spherical / Regular,Grey,"(99, 50, 108)","(42.35, -5.0, -5.0)",7.07,35,VISIBLE,-6.35,0.26
166,6,car,0.2791,0.03,35.92,283.18,499.05,141.6,267.48,283.15,463.13,131132.38,0.61,Vertical Oblong,Grey,"(60, 19, 155)","(63.14, -3.0, 3.0)",4.24,6,VISIBLE,-3.5,-3.88
166,18,car,0.6663,0.0,124.32,1021.33,720.0,510.67,422.16,1021.32,595.68,608378.19,1.71,Horizontal Oblong,Grey,"(84, 74, 98)","(38.04, -8.0, 0.0)",8.0,18,VISIBLE,-4.71,0.24
166,21,car,0.641,928.22,145.53,1280.01,481.02,1104.11,313.28,351.79,335.5,118024.71,1.05,Spherical / Regular,Grey,"(100, 54, 99)","(37.25, -2.0, -5.0)",5.39,21,VISIBLE,-4.27,0.4
166,19,person,0.2346,334.58,23.85,385.38,95.56,359.98,59.71,50.8,71.7,3642.55,0.71,Vertical Oblong,Grey,"(106, 24, 123)","(49.8, 0.0, -4.0)",4.0,19,VISIBLE,-3.27,-0.32
166,20,car,0.2956,906.54,101.67,1141.26,252.6,1023.9,177.14,234.71,150.94,35427.02,1.56,Horizontal Oblong,Grey,"(97, 39, 129)","(51.37, -5.0, -4.0)",6.4,20,VISIBLE,-3.78,-1.13
166,24,chair,0.4038,324.13,222.1,450.07,340.21,387.1,281.15,125.94,118.11,14874.69,1.07,Spherical / Regular,Grey,"(96, 47, 128)","(50.2, -6.0, -5.0)",7.81,24,VISIBLE,-14.33,0.8
166,23,chair,0.2067,478.57,247.54,565.46,330.5,522.02,289.02,86.89,82.97,7208.68,1.05,Spherical / Regular,Cyan,"(97, 86, 103)","(38.04, -7.0, -8.0)",10.63,28,VISIBLE,-11.8,0.22
166,3,car,0.2801,725.82,137.3,945.54,273.13,835.68,205.21,219.72,135.83,29843.77,1.62,Horizontal Oblong,Grey,"(80, 16, 171)","(69.02, -3.0, 1.0)",3.16,34,VISIBLE,-4.97,2.31
166,33,chair,0.1708,1116.74,198.53,1171.58,248.87,1144.16,223.7,54.84,50.35,2761.26,1.09,Spherical / Regular,Cyan,"(99, 76, 100)","(37.65, -6.0, -8.0)",10.0,36,VISIBLE,-6.77,0.14
166,35,person,0.5629,1164.71,181.71,1245.52,254.95,1205.12,218.33,80.81,73.23,5918.26,1.1,Spherical / Regular,Grey,"(99, 49, 108)","(41.96, -4.0, -5.0)",6.4,35,VISIBLE,-6.24,0.26
167,6,car,0.3485,0.04,36.38,275.68,513.37,137.86,274.88,275.64,476.99,131477.84,0.58,Vertical Oblong,Grey,"(60, 18, 165)","(66.67, -3.0, 3.0)",4.24,6,VISIBLE,-3.67,4.01
167,18,car,0.6572,0.0,125.03,1012.95,720.0,506.48,422.52,1012.95,594.97,602670.53,1.7,Horizontal Oblong,Grey,"(84, 76, 97)","(38.04, -8.0, 0.0)",8.0,18,VISIBLE,-4.35,0.32
167,21,car,0.6751,920.1,145.41,1280.01,481.65,1100.05,313.53,359.91,336.24,121019.25,1.07,Spherical / Regular,Grey,"(100, 55, 99)","(37.25, -2.0, -5.0)",5.39,21,VISIBLE,-4.12,0.3
167,19,person,0.3455,327.55,23.9,380.96,96.47,354.25,60.19,53.41,72.57,3875.53,0.74,Vertical Oblong,Grey,"(109, 22, 125)","(50.59, 0.0, -4.0)",4.0,19,VISIBLE,-4.99,0.24
167,20,car,0.332,903.16,101.94,1137.38,249.65,1020.27,175.79,234.22,147.72,34598.51,1.59,Horizontal Oblong,Grey,"(98, 39, 129)","(50.98, -5.0, -4.0)",6.4,20,VISIBLE,-3.68,-1.28
167,24,chair,0.4374,313.76,222.16,436.07,341.66,374.92,281.91,122.31,119.5,14615.61,1.02,Spherical / Regular,Grey,"(96, 48, 127)","(50.2, -6.0, -5.0)",7.81,24,VISIBLE,-12.83,0.77
167,23,chair,0.1786,464.32,247.79,551.71,330.74,508.02,289.26,87.38,82.94,7247.66,1.05,Spherical / Regular,Cyan,"(97, 87, 102)","(38.04, -7.0, -8.0)",10.63,28,VISIBLE,-13.34,0.24
167,3,car,0.2821,719.78,138.25,942.61,275.61,831.2,206.93,222.83,137.36,30606.86,1.62,Horizontal Oblong,Grey,"(80, 16, 168)","(68.24, -3.0, 1.0)",3.16,34,VISIBLE,-4.63,1.89
167,33,chair,0.1708,1110.9,198.56,1166.0,248.94,1138.45,223.75,55.1,50.37,2775.55,1.09,Spherical / Regular,Cyan,"(98, 78, 100)","(37.65, -6.0, -8.0)",10.0,36,VISIBLE,-6.03,0.08
167,35,person,0.6445,1157.94,181.59,1239.33,255.16,1198.63,218.38,81.39,73.57,5987.8,1.11,Spherical / Regular,Grey,"(99, 49, 107)","(41.96, -5.0, -5.0)",7.07,35,VISIBLE,-6.41,0.11
168,6,car,0.2959,0.04,36.62,269.07,516.27,134.56,276.44,269.03,479.65,129038.47,0.56,Vertical Oblong,Grey,"(60, 18, 168)","(68.24, -3.0, 3.0)",4.24,6,VISIBLE,-3.42,2.3
168,18,car,0.6521,0.03,125.39,1003.88,720.0,501.95,422.69,1003.86,594.61,596908.54,1.69,Horizontal Oblong,Grey,"(84, 78, 96)","(37.65, -8.0, 0.0)",8.0,18,VISIBLE,-4.47,0.22
168,21,car,0.7067,911.61,145.37,1280.01,482.32,1095.81,313.84,368.4,336.95,124131.73,1.09,Spherical / Regular,Grey,"(100, 54, 99)","(37.25, -3.0, -5.0)",5.83,21,VISIBLE,-4.21,0.31
168,19,person,0.2116,322.3,23.74,377.59,96.75,349.95,60.24,55.29,73.02,4037.03,0.76,Vertical Oblong,Grey,"(106, 22, 126)","(50.59, 0.0, -3.0)",3.0,19,VISIBLE,-4.51,0.11
168,20,car,0.3497,899.51,101.99,1133.82,245.77,1016.67,173.88,234.31,143.78,33687.91,1.63,Horizontal Oblong,Grey,"(97, 39, 129)","(50.59, -5.0, -4.0)",6.4,20,VISIBLE,-3.63,-1.72
168,24,chair,0.4259,302.18,222.71,421.18,343.46,361.68,283.08,119.0,120.75,14369.16,0.99,Spherical / Regular,Grey,"(96, 49, 127)","(50.2, -6.0, -5.0)",7.81,24,VISIBLE,-13.11,1.05
168,23,chair,0.1542,451.07,248.37,564.41,351.15,507.74,299.76,113.34,102.77,11648.11,1.1,Spherical / Regular,Cyan,"(97, 94, 98)","(36.47, -8.0, -7.0)",10.63,28,VISIBLE,-4.19,7.42
168,3,car,0.2727,710.48,138.66,939.08,278.05,824.78,208.35,228.59,139.39,31863.14,1.64,Horizontal Oblong,Grey,"(72, 16, 166)","(67.84, -3.0, 1.0)",3.16,34,VISIBLE,-5.88,1.57
168,33,chair,0.1708,1105.06,198.6,1160.42,249.0,1132.74,223.8,55.36,50.4,2789.86,1.1,Spherical / Regular,Cyan,"(98, 79, 100)","(37.65, -6.0, -8.0)",10.0,36,VISIBLE,-5.81,0.06
168,35,person,0.6506,1151.0,181.81,1233.55,255.3,1192.28,218.56,82.55,73.49,6067.31,1.12,Spherical / Regular,Grey,"(98, 50, 108)","(41.96, -5.0, -5.0)",7.07,35,VISIBLE,-6.37,0.16
169,6,car,0.2358,0.03,36.28,261.46,449.82,130.75,243.05,261.44,413.54,108115.29,0.63,Vertical Oblong,Grey,"(72, 18, 152)","(61.57, -3.0, 2.0)",3.61,6,VISIBLE,-3.69,-22.69
169,18,car,0.653,0.02,126.23,992.77,720.0,496.39,423.11,992.75,593.77,589467.76,1.67,Horizontal Oblong,Grey,"(84, 80, 95)","(37.25, -8.0, 0.0)",8.0,18,VISIBLE,-5.23,0.36
169,21,car,0.6821,902.33,145.31,1280.01,482.98,1091.17,314.15,377.68,337.67,127531.78,1.12,Spherical / Regular,Grey,"(101, 54, 99)","(37.25, -2.0, -5.0)",5.39,21,VISIBLE,-4.51,0.3
169,19,person,0.2255,319.2,23.69,374.88,96.92,347.04,60.3,55.68,73.23,4077.6,0.76,Vertical Oblong,Grey,"(108, 22, 126)","(50.98, 0.0, -4.0)",4.0,19,VISIBLE,-3.39,0.08
169,20,car,0.3308,896.09,101.97,1130.42,239.41,1013.25,170.69,234.33,137.44,32206.64,1.7,Horizontal Oblong,Grey,"(98, 40, 129)","(50.59, -5.0, -5.0)",7.07,20,VISIBLE,-3.47,-2.75
169,24,chair,0.3726,287.24,223.61,405.76,344.82,346.5,284.22,118.52,121.21,14366.17,0.98,Spherical / Regular,Grey,"(96, 50, 127)","(50.2, -6.0, -5.0)",7.81,24,VISIBLE,-14.56,1.11
169,23,chair,0.1542,439.35,248.8,558.37,356.63,498.86,302.71,119.02,107.82,12832.82,1.1,Spherical / Regular,Cyan,"(96, 94, 99)","(37.25, -8.0, -7.0)",10.63,28,VISIBLE,-7.47,4.29
169,3,car,0.2872,705.28,138.83,936.66,279.95,820.97,209.39,231.38,141.12,32652.91,1.64,Horizontal Oblong,Grey,"(80, 16, 159)","(64.71, -3.0, 1.0)",3.16,34,VISIBLE,-4.43,1.19
169,35,person,0.6613,1144.7,181.86,1227.75,255.66,1186.22,218.76,83.05,73.79,6128.59,1.13,Spherical / Regular,Grey,"(99, 46, 108)","(41.96, -4.0, -5.0)",6.4,35,VISIBLE,-6.15,0.19
170,6,car,0.2852,0.03,34.87,249.05,475.39,124.54,255.13,249.02,440.52,109700.6,0.57,Vertical Oblong,Grey,"(66, 18, 158)","(64.31, -3.0, 2.0)",3.61,6,VISIBLE,-5.45,1.65
170,18,car,0.65,0.01,129.41,980.39,720.0,490.2,424.71,980.38,590.59,578997.5,1.66,Horizontal Oblong,Grey,"(84, 81, 94)","(36.86, -9.0, 0.0)",9.0,18,VISIBLE,-5.91,1.22
170,21,car,0.6853,893.37,145.17,1280.01,483.89,1086.69,314.53,386.64,338.72,130963.67,1.14,Spherical / Regular,Grey,"(100, 54, 99)","(37.25, -2.0, -5.0)",5.39,21,VISIBLE,-4.49,0.36
170,19,person,0.2051,319.58,23.9,370.35,96.22,344.96,60.06,50.78,72.32,3672.15,0.7,Vertical Oblong,Grey,"(107, 23, 124)","(49.41, 0.0, -4.0)",4.0,19,VISIBLE,-2.47,-0.15
170,20,car,0.3746,892.39,101.99,1126.96,234.7,1009.67,168.34,234.57,132.71,31130.41,1.77,Horizontal Oblong,Grey,"(98, 40, 128)","(50.2, -5.0, -5.0)",7.07,20,VISIBLE,-3.55,-2.47
170,24,chair,0.3414,266.46,225.0,388.7,345.11,327.58,285.05,122.24,120.12,14683.47,1.02,Spherical / Regular,Grey,"(96, 49, 128)","(50.59, -6.0, -5.0)",7.81,24,VISIBLE,-17.61,0.92
170,23,chair,0.1542,427.63,249.23,552.32,362.11,489.98,305.67,124.7,112.87,14074.89,1.1,Spherical / Regular,Cyan,"(93, 94, 99)","(37.65, -8.0, -6.0)",10.0,28,VISIBLE,-8.46,3.36
170,3,car,0.2615,700.13,139.07,933.06,281.97,816.59,210.52,232.93,142.9,33284.83,1.63,Horizontal Oblong,Grey,"(76, 16, 154)","(62.75, -3.0, 1.0)",3.16,34,VISIBLE,-4.39,1.15
170,35,person,0.6794,1136.84,181.86,1221.41,255.79,1179.12,218.82,84.58,73.93,6252.41,1.14,Spherical / Regular,Grey,"(99, 45, 108)","(42.35, -5.0, -5.0)",7.07,35,VISIBLE,-6.81,0.1
170,37,truck,0.249,1212.58,89.68,1280.0,133.21,1246.29,111.45,67.42,43.53,2934.85,1.55,Horizontal Oblong,Grey,"(50, 5, 171)","(69.8, -1.0, 1.0)",1.41,37,VISIBLE,0.0,0.0
171,6,car,0.2906,0.03,33.96,239.41,501.87,119.72,267.92,239.38,467.91,112009.13,0.51,Vertical Oblong,Grey,"(66, 18, 164)","(66.67, -3.0, 2.0)",3.61,6,VISIBLE,-5.01,9.44
171,18,car,0.6481,0.01,133.95,968.46,720.0,484.23,426.98,968.46,586.05,567561.34,1.65,Horizontal Oblong,Grey,"(84, 83, 93)","(36.47, -9.0, 0.0)",9.0,18,VISIBLE,-5.95,1.96
171,21,car,0.7099,883.51,145.09,1279.97,484.99,1081.74,315.04,396.46,339.9,134756.08,1.17,Spherical / Regular,Grey,"(100, 53, 99)","(37.25, -2.0, -5.0)",5.39,21,VISIBLE,-4.81,0.47
171,19,person,0.2427,313.7,23.87,367.1,96.83,340.4,60.35,53.41,72.95,3896.31,0.73,Vertical Oblong,Grey,"(106, 23, 126)","(50.78, 0.0, -4.0)",4.0,19,VISIBLE,-3.94,0.16
171,20,car,0.4006,888.41,101.79,1123.74,231.0,1006.07,166.39,235.33,129.21,30407.55,1.82,Horizontal Oblong,Grey,"(98, 42, 125)","(49.41, -5.0, -5.0)",7.07,20,VISIBLE,-3.58,-2.1
171,24,chair,0.3215,246.56,225.76,371.21,345.93,308.88,285.84,124.65,120.16,14978.7,1.04,Spherical / Regular,Grey,"(96, 49, 128)","(50.59, -6.0, -5.0)",7.81,24,VISIBLE,-18.37,0.83
171,23,chair,0.1542,415.91,249.66,546.28,367.59,481.1,308.62,130.37,117.92,15374.32,1.11,Spherical / Regular,Grey,"(89, 93, 99)","(37.65, -8.0, -4.0)",8.94,28,VISIBLE,-8.75,3.08
171,3,car,0.3276,695.71,139.08,927.94,284.42,811.83,211.75,232.23,145.34,33751.42,1.6,Horizontal Oblong,Grey,"(80, 16, 152)","(61.96, -3.0, 1.0)",3.16,34,VISIBLE,-4.66,1.21
171,35,person,0.5803,1130.34,181.77,1215.23,255.88,1172.78,218.83,84.89,74.11,6291.01,1.15,Spherical / Regular,Grey,"(98, 45, 107)","(41.96, -5.0, -5.0)",7.07,35,VISIBLE,-6.48,0.03
171,37,truck,0.3232,1209.19,89.58,1279.87,132.94,1244.53,111.26,70.67,43.36,3064.23,1.63,Horizontal Oblong,Grey,"(50, 5, 171)","(69.8, -1.0, 1.0)",1.41,37,VISIBLE,-1.76,-0.19
171,22,car,0.161,279.73,132.44,530.78,164.58,405.26,148.51,251.05,32.15,8070.23,7.81,Horizontal Oblong,Grey,"(30, 11, 181)","(73.33, -1.0, 2.0)",2.24,38,VISIBLE,-4.76,-0.57
172,6,car,0.2464,0.03,33.13,230.68,522.75,115.35,277.94,230.65,489.63,112931.46,0.47,Vertical Oblong,Grey,"(66, 18, 167)","(67.45, -4.0, 3.0)",5.0,6,VISIBLE,-4.56,9.85
172,18,car,0.6614,0.01,137.74,956.79,720.0,478.4,428.87,956.77,582.26,557090.14,1.64,Horizontal Oblong,Grey,"(83, 86, 91)","(35.69, -9.0, 1.0)",9.06,18,VISIBLE,-5.87,1.91
172,21,car,0.6877,873.84,145.25,1279.95,486.23,1076.9,315.74,406.11,340.99,138478.71,1.19,Spherical / Regular,Grey,"(100, 53, 98)","(37.25, -2.0, -4.0)",4.47,21,VISIBLE,-4.84,0.63
172,19,person,0.3066,307.52,23.84,364.0,97.41,335.76,60.63,56.48,73.57,4154.9,0.77,Vertical Oblong,Grey,"(106, 22, 126)","(50.98, -1.0, -3.0)",3.16,19,VISIBLE,-4.43,0.24
172,20,car,0.3914,884.77,101.75,1119.91,228.91,1002.34,165.33,235.14,127.16,29901.58,1.85,Horizontal Oblong,Grey,"(98, 42, 124)","(48.63, -5.0, -5.0)",7.07,20,VISIBLE,-3.69,-1.38
172,24,chair,0.3467,223.83,225.67,353.9,346.42,288.86,286.04,130.07,120.75,15705.79,1.08,Spherical / Regular,Grey,"(95, 48, 129)","(50.98, -6.0, -5.0)",7.81,24,VISIBLE,-19.53,0.39
172,23,chair,0.1542,404.19,250.09,540.24,373.07,472.22,311.58,136.05,122.98,16731.11,1.11,Spherical / Regular,Grey,"(88, 90, 100)","(38.82, -8.0, -3.0)",8.54,28,VISIBLE,-8.84,2.99
172,3,car,0.3845,692.2,139.25,923.49,286.94,807.85,213.1,231.29,147.69,34160.11,1.57,Horizontal Oblong,Grey,"(80, 18, 149)","(60.39, -3.0, 1.0)",3.16,34,VISIBLE,-4.18,1.3
172,35,person,0.6863,1122.52,181.84,1208.73,256.14,1165.62,218.99,86.21,74.3,6405.44,1.16,Spherical / Regular,Grey,"(98, 46, 107)","(41.96, -5.0, -5.0)",7.07,35,VISIBLE,-6.96,0.12
172,37,truck,0.3354,1204.81,89.28,1279.28,133.21,1242.04,111.24,74.47,43.93,3271.26,1.7,Horizontal Oblong,Grey,"(50, 4, 171)","(69.8, -1.0, 1.0)",1.41,37,VISIBLE,-2.27,-0.07
172,22,car,0.161,279.66,132.43,530.29,164.53,404.97,148.48,250.62,32.1,8045.43,7.81,Horizontal Oblong,Grey,"(30, 12, 182)","(73.73, -1.0, 2.0)",2.24,38,VISIBLE,-1.62,-0.19
173,6,car,0.2037,0.02,33.94,221.64,466.91,110.83,250.43,221.62,432.97,95954.61,0.51,Vertical Oblong,Grey,"(80, 21, 153)","(61.96, -4.0, 1.0)",4.12,6,VISIBLE,-4.53,-16.31
173,18,car,0.654,0.01,139.78,945.3,720.0,472.66,429.89,945.3,580.22,548480.07,1.63,Horizontal Oblong,Grey,"(84, 87, 90)","(35.29, -9.0, 0.0)",9.0,18,VISIBLE,-5.78,1.29
173,21,car,0.6991,864.19,145.32,1279.8,487.75,1071.99,316.53,415.61,342.43,142316.72,1.21,Spherical / Regular,Grey,"(101, 53, 99)","(37.25, -2.0, -5.0)",5.39,21,VISIBLE,-4.88,0.75
173,19,person,0.1854,305.52,23.68,361.48,97.66,333.5,60.67,55.96,73.98,4139.78,0.76,Vertical Oblong,Grey,"(107, 24, 125)","(50.2, 0.0, -4.0)",4.0,19,VISIBLE,-2.91,0.1
173,20,car,0.3688,880.84,101.64,1116.15,227.2,998.5,164.42,235.32,125.55,29544.64,1.87,Horizontal Oblong,Grey,"(98, 43, 123)","(48.63, -4.0, -5.0)",6.4,20,VISIBLE,-3.8,-1.05
173,24,chair,0.2933,203.37,227.28,335.52,347.57,269.44,287.42,132.15,120.29,15896.1,1.1,Spherical / Regular,Grey,"(96, 48, 129)","(50.59, -6.0, -5.0)",7.81,24,VISIBLE,-19.45,1.08
173,23,chair,0.1542,392.47,250.52,534.2,378.55,463.33,314.53,141.73,128.03,18145.26,1.11,Spherical / Regular,Grey,"(87, 54, 109)","(43.53, -7.0, -2.0)",7.28,28,VISIBLE,-8.87,2.97
173,3,car,0.4098,683.94,138.34,918.76,289.44,801.35,213.89,234.82,151.09,35479.25,1.55,Horizontal Oblong,Grey,"(81, 20, 146)","(59.22, -3.0, 1.0)",3.16,34,VISIBLE,-5.8,0.95
173,35,person,0.7143,1115.78,182.0,1202.15,256.23,1158.96,219.12,86.37,74.24,6411.87,1.16,Spherical / Regular,Grey,"(99, 46, 108)","(42.35, -5.0, -5.0)",7.07,35,VISIBLE,-6.75,0.12
173,37,truck,0.2983,1199.19,89.23,1275.81,133.47,1237.5,111.35,76.63,44.24,3390.03,1.73,Horizontal Oblong,Grey,"(50, 5, 171)","(69.8, -1.0, 1.0)",1.41,37,VISIBLE,-3.86,0.05
173,22,car,0.161,279.59,132.43,529.79,164.48,404.69,148.45,250.2,32.06,8020.66,7.8,Horizontal Oblong,Grey,"(30, 11, 186)","(74.51, -1.0, 2.0)",2.24,38,VISIBLE,-0.69,-0.07
173,39,car,0.1999,1231.89,351.24,1280.0,720.0,1255.95,535.62,48.11,368.76,17740.7,0.13,Vertical Oblong,Grey,"(94, 25, 97)","(38.82, -2.0, -1.0)",2.24,39,VISIBLE,0.0,0.0
174,6,car,0.1983,0.01,34.88,214.59,495.89,107.3,265.39,214.58,461.01,98923.64,0.47,Vertical Oblong,Grey,"(80, 20, 154)","(62.75, -4.0, 1.0)",4.12,6,VISIBLE,-3.83,5.58
174,18,car,0.6516,0.0,145.4,933.09,720.0,466.55,432.7,933.08,574.6,536151.13,1.62,Horizontal Oblong,Green,"(83, 88, 88)","(34.9, -10.0, 0.0)",10.0,18,VISIBLE,-6.01,2.35
174,21,car,0.6838,854.62,145.21,1279.7,489.22,1067.16,317.21,425.09,344.01,146232.01,1.24,Spherical / Regular,Grey,"(100, 53, 98)","(37.25, -2.0, -4.0)",4.47,21,VISIBLE,-4.85,0.7
174,19,person,0.2274,301.52,23.64,358.8,97.85,330.16,60.75,57.28,74.21,4251.23,0.77,Vertical Oblong,Grey,"(105, 23, 126)","(50.59, -1.0, -3.5)",3.64,19,VISIBLE,-3.21,0.08
174,20,car,0.3487,876.76,101.76,1112.16,226.0,994.46,163.88,235.4,124.25,29247.05,1.89,Horizontal Oblong,Grey,"(98, 42, 123)","(48.63, -5.0, -5.0)",7.07,20,VISIBLE,-3.96,-0.69
174,24,chair,0.3098,184.41,229.25,317.45,350.05,250.93,289.65,133.05,120.8,16072.1,1.1,Spherical / Regular,Grey,"(96, 45, 129)","(50.59, -6.0, -5.0)",7.81,24,VISIBLE,-18.8,1.88
174,3,car,0.4076,677.79,138.23,915.02,291.21,796.41,214.72,237.23,152.98,36290.76,1.55,Horizontal Oblong,Grey,"(73, 21, 144)","(58.43, -2.0, 1.0)",2.24,34,VISIBLE,-5.2,0.87
174,35,person,0.6913,1108.9,182.07,1195.92,256.49,1152.41,219.28,87.02,74.42,6476.24,1.17,Spherical / Regular,Grey,"(99, 46, 108)","(42.75, -5.0, -5.0)",7.07,35,VISIBLE,-6.61,0.15
174,37,truck,0.2989,1194.54,89.32,1271.58,133.42,1233.06,111.37,77.04,44.1,3397.28,1.75,Horizontal Oblong,Grey,"(50, 5, 171)","(69.8, -1.0, 1.0)",1.41,37,VISIBLE,-4.27,0.03
174,39,car,0.2054,1230.29,326.58,1280.0,720.0,1255.15,523.29,49.71,393.42,19555.37,0.13,Vertical Oblong,Grey,"(90, 25, 95)","(37.25, -2.0, -1.0)",2.24,39,VISIBLE,-0.8,-12.33
174,33,chair,0.219,1072.99,200.94,1123.71,251.13,1098.35,226.03,50.72,50.19,2545.48,1.01,Spherical / Regular,Cyan,"(98, 78, 100)","(37.65, -6.0, -8.0)",10.0,40,VISIBLE,-5.75,0.28
175,6,car,0.1986,0.0,35.84,203.73,449.35,101.87,242.6,203.72,413.51,84240.74,0.49,Vertical Oblong,Grey,"(88, 22, 150)","(60.39, -4.0, -1.0)",4.12,6,VISIBLE,-4.95,-14.28
175,18,car,0.625,0.0,145.12,919.75,720.0,459.88,432.56,919.75,574.88,528742.65,1.6,Horizontal Oblong,Green,"(83, 90, 87)","(34.12, -10.0, 1.0)",10.05,18,VISIBLE,-6.47,0.61
175,21,car,0.6984,845.05,144.99,1279.67,490.54,1062.36,317.76,434.63,345.54,150183.06,1.26,Horizontal Oblong,Grey,"(100, 52, 98)","(37.25, -2.0, -4.0)",4.47,21,VISIBLE,-4.81,0.59
175,19,person,0.1575,301.64,24.02,354.14,96.96,327.89,60.49,52.5,72.94,3829.78,0.72,Vertical Oblong,Grey,"(106, 25, 124)","(49.8, 0.0, -4.0)",4.0,19,VISIBLE,-2.55,-0.15
175,20,car,0.3475,873.49,101.94,1109.05,223.82,991.27,162.88,235.56,121.88,28710.38,1.93,Horizontal Oblong,Grey,"(98, 43, 121)","(47.45, -4.0, -5.0)",6.4,20,VISIBLE,-3.42,-0.91
175,24,chair,0.2223,165.29,231.33,298.99,353.25,232.14,292.29,133.7,121.91,16299.12,1.1,Spherical / Regular,Grey,"(96, 46, 128)","(50.59, -6.0, -4.0)",7.21,24,VISIBLE,-18.79,2.41
175,3,car,0.388,671.49,137.91,910.63,293.53,791.06,215.72,239.15,155.61,37214.29,1.54,Horizontal Oblong,Grey,"(70, 22, 144)","(58.04, -2.0, 1.0)",2.24,34,VISIBLE,-5.3,0.96
175,35,person,0.7241,1101.55,182.11,1189.6,256.81,1145.58,219.46,88.05,74.69,6576.68,1.18,Spherical / Regular,Grey,"(99, 46, 108)","(42.75, -5.0, -5.0)",7.07,35,VISIBLE,-6.77,0.17
175,37,truck,0.3196,1189.82,89.38,1267.27,133.59,1228.55,111.48,77.45,44.21,3424.21,1.75,Horizontal Oblong,Grey,"(50, 5, 171)","(69.8, -1.0, 1.0)",1.41,37,VISIBLE,-4.44,0.09
175,33,chair,0.219,1070.82,200.97,1122.01,251.28,1096.42,226.12,51.19,50.31,2575.45,1.02,Spherical / Regular,Cyan,"(98, 80, 100)","(37.25, -6.0, -8.0)",10.0,40,VISIBLE,-3.08,0.15
175,39,car,0.2115,1227.87,316.71,1280.0,720.0,1253.93,518.35,52.13,403.29,21024.44,0.13,Vertical Oblong,Grey,"(90, 27, 92)","(34.9, -3.0, -1.0)",3.16,39,VISIBLE,-1.09,-7.15
175,41,car,0.2084,440.15,122.32,798.6,269.31,619.38,195.81,358.45,146.99,52686.76,2.44,Horizontal Oblong,Grey,"(90, 22, 163)","(65.88, -3.0, -1.0)",3.16,41,VISIBLE,0.0,0.0
176,6,car,0.2096,-0.0,36.23,194.0,407.31,97.0,221.77,194.0,371.07,71988.17,0.52,Vertical Oblong,Grey,"(88, 21, 150)","(60.78, -4.0, -1.0)",4.12,6,VISIBLE,-4.89,-18.86
176,18,car,0.6453,0.0,143.53,906.2,720.0,453.1,431.76,906.2,576.47,522397.36,1.57,Horizontal Oblong,Green,"(82, 90, 85)","(33.33, -10.0, 1.0)",10.05,18,VISIBLE,-6.68,-0.37
176,21,car,0.6836,836.54,144.88,1279.7,491.76,1058.12,318.32,443.16,346.87,153720.31,1.28,Horizontal Oblong,Grey,"(100, 52, 98)","(37.25, -2.0, -4.0)",4.47,21,VISIBLE,-4.41,0.57
176,19,person,0.2709,300.92,24.23,350.13,96.89,325.53,60.56,49.2,72.66,3575.17,0.68,Vertical Oblong,Grey,"(105, 25, 122)","(49.02, 0.0, -4.0)",4.0,19,VISIBLE,-2.42,0.0
176,20,car,0.4099,870.56,102.19,1105.57,221.14,988.07,161.67,235.01,118.95,27954.22,1.98,Horizontal Oblong,Grey,"(98, 43, 121)","(47.06, -5.0, -5.0)",7.07,20,VISIBLE,-3.27,-1.12
176,24,chair,0.2815,144.95,232.05,280.55,356.16,212.75,294.1,135.6,124.11,16829.33,1.09,Spherical / Regular,Grey,"(96, 45, 128)","(50.2, -6.0, -4.0)",7.21,24,VISIBLE,-19.21,1.99
176,3,car,0.4483,665.82,137.97,906.36,295.66,786.09,216.82,240.55,157.69,37931.98,1.53,Horizontal Oblong,Grey,"(66, 23, 142)","(57.65, -2.0, 1.0)",2.24,34,VISIBLE,-5.07,1.05
176,35,person,0.6631,1096.11,182.34,1183.6,257.1,1139.85,219.72,87.49,74.76,6540.45,1.17,Spherical / Regular,Grey,"(98, 45, 108)","(42.75, -5.0, -5.0)",7.07,35,VISIBLE,-6.03,0.23
176,37,truck,0.3057,1185.19,89.46,1263.08,133.73,1224.14,111.6,77.89,44.27,3447.81,1.76,Horizontal Oblong,Grey,"(50, 5, 171)","(69.8, -1.0, 1.0)",1.41,37,VISIBLE,-4.42,0.1
176,33,chair,0.1748,1062.22,201.3,1112.86,251.54,1087.54,226.42,50.64,50.24,2544.12,1.01,Spherical / Regular,Cyan,"(98, 81, 100)","(37.25, -6.0, -8.0)",10.0,40,VISIBLE,-7.14,0.25
176,39,car,0.2297,1224.56,307.89,1280.0,719.99,1252.28,513.94,55.44,412.11,22848.76,0.13,Vertical Oblong,Grey,"(90, 34, 88)","(32.55, -3.0, 0.0)",3.0,39,VISIBLE,-1.48,-5.24
176,41,car,0.2571,429.62,122.31,794.6,272.14,612.11,197.23,364.98,149.83,54685.18,2.44,Horizontal Oblong,Grey,"(86, 21, 164)","(66.27, -3.0, -1.0)",3.16,41,VISIBLE,-7.26,1.41
177,6,car,0.4194,0.02,37.1,185.65,348.59,92.84,192.84,185.63,311.49,57823.24,0.6,Vertical Oblong,Grey,"(91, 33, 139)","(54.51, -2.0, -2.0)",2.83,6,VISIBLE,-4.38,-25.91
177,18,car,0.692,0.0,163.88,680.95,720.0,340.47,441.94,680.94,556.12,378685.54,1.22,Spherical / Regular,Grey,"(82, 55, 114)","(46.27, -3.0, 1.0)",3.16,18,VISIBLE,-80.84,7.01
177,21,car,0.407,828.41,145.6,1279.81,424.12,1054.11,284.86,451.41,278.53,125727.97,1.62,Horizontal Oblong,Grey,"(99, 36, 127)","(49.8, -3.0, -4.0)",5.0,21,VISIBLE,-4.13,-23.25
177,19,person,0.2842,301.48,24.42,348.56,95.93,325.02,60.18,47.08,71.51,3366.73,0.66,Vertical Oblong,Grey,"(107, 22, 122)","(49.02, 0.0, -4.0)",4.0,19,VISIBLE,-1.08,-0.27
177,20,car,0.3699,868.71,102.14,1103.99,220.11,986.35,161.13,235.28,117.97,27756.35,1.99,Horizontal Oblong,Grey,"(98, 45, 119)","(46.27, -4.0, -5.0)",6.4,20,VISIBLE,-2.18,-0.71
177,24,chair,0.2815,125.71,233.24,262.84,358.28,194.27,295.76,137.13,125.04,17146.94,1.1,Spherical / Regular,Grey,"(81, 27, 150)","(60.39, -3.0, 0.0)",3.0,24,VISIBLE,-18.7,1.76
177,3,car,0.4448,657.78,138.01,902.41,315.14,780.09,226.58,244.63,177.13,43330.19,1.38,Horizontal Oblong,Grey,"(90, 30, 124)","(49.41, -2.0, -1.0)",2.24,34,VISIBLE,-5.72,7.15
177,35,person,0.676,1092.01,182.42,1179.73,257.98,1135.87,220.2,87.71,75.56,6628.08,1.16,Spherical / Regular,Grey,"(99, 49, 106)","(41.57, -5.0, -5.0)",7.07,35,VISIBLE,-4.6,0.41
177,37,truck,0.4031,1177.41,88.66,1256.29,134.94,1216.85,111.8,78.88,46.28,3650.58,1.7,Horizontal Oblong,Grey,"(50, 6, 166)","(67.84, -1.0, 1.0)",1.41,37,VISIBLE,-6.43,0.17
177,33,chair,0.248,1054.93,201.37,1105.98,252.26,1080.45,226.81,51.05,50.89,2598.19,1.0,Spherical / Regular,Cyan,"(98, 80, 100)","(37.65, -6.0, -8.0)",10.0,40,VISIBLE,-7.1,0.35
177,39,car,0.2944,1209.21,319.63,1280.0,719.89,1244.61,519.76,70.79,400.26,28332.51,0.18,Vertical Oblong,Grey,"(80, 107, 89)","(32.16, -6.0, 3.0)",6.71,39,VISIBLE,-5.82,2.5
177,41,car,0.2571,426.36,122.32,793.15,273.42,609.76,197.87,366.79,151.1,55422.23,2.43,Horizontal Oblong,Grey,"(66, 31, 160)","(63.14, -3.0, 2.0)",3.61,41,VISIBLE,-3.83,0.87
178,6,car,0.4423,0.03,39.13,177.4,317.25,88.72,178.19,177.37,278.12,49330.27,0.64,Vertical Oblong,Grey,"(90, 32, 138)","(54.12, -2.0, 0.0)",2.0,6,VISIBLE,-4.2,-18.03
178,18,car,0.678,-0.0,183.7,512.17,720.0,256.09,451.85,512.17,536.3,274677.71,0.96,Spherical / Regular,Grey,"(83, 59, 99)","(39.61, -6.0, 1.0)",6.08,18,VISIBLE,-83.33,9.04
178,21,car,0.4203,821.68,145.54,1279.42,377.66,1050.55,261.6,457.75,232.12,106251.23,1.97,Horizontal Oblong,Grey,"(99, 46, 118)","(45.88, -4.0, -5.0)",6.4,21,VISIBLE,-3.73,-23.26
178,19,person,0.3957,296.82,24.34,347.19,96.61,322.0,60.48,50.37,72.26,3640.09,0.7,Vertical Oblong,Grey,"(107, 23, 124)","(49.41, 0.0, -4.0)",4.0,19,VISIBLE,-2.43,0.13
178,20,car,0.4027,866.43,102.13,1101.93,221.22,984.18,161.68,235.5,119.08,28043.69,1.98,Horizontal Oblong,Grey,"(98, 45, 119)","(46.27, -5.0, -5.0)",7.07,20,VISIBLE,-2.17,0.17
178,24,chair,0.2815,106.47,234.43,245.13,360.4,175.8,297.41,138.66,125.97,17467.4,1.1,Spherical / Regular,Grey,"(80, 28, 141)","(57.25, -2.0, 1.0)",2.24,24,VISIBLE,-18.54,1.69
178,3,car,0.4703,651.05,137.93,897.49,328.95,774.27,233.44,246.43,191.03,47076.18,1.29,Horizontal Oblong,Grey,"(90, 31, 122)","(49.02, -2.0, 0.0)",2.0,34,VISIBLE,-5.79,6.95
178,35,person,0.6571,1088.43,182.43,1173.74,258.55,1131.09,220.49,85.31,76.12,6493.77,1.12,Spherical / Regular,Grey,"(99, 49, 108)","(41.57, -5.0, -6.0)",7.81,35,VISIBLE,-4.73,0.32
178,37,truck,0.4372,1170.72,88.09,1250.66,136.08,1210.69,112.09,79.93,48.0,3836.48,1.67,Horizontal Oblong,Grey,"(50, 7, 164)","(67.06, -1.0, 1.0)",1.41,37,VISIBLE,-6.24,0.25
178,33,chair,0.2204,1048.55,201.48,1097.5,252.75,1073.02,227.12,48.95,51.27,2509.64,0.95,Spherical / Regular,Cyan,"(98, 80, 100)","(37.65, -6.0, -8.0)",10.0,40,VISIBLE,-7.33,0.32
178,39,car,0.2959,1198.39,329.41,1280.0,719.86,1239.2,524.63,81.61,390.45,31862.54,0.21,Vertical Oblong,Grey,"(80, 107, 88)","(30.98, -6.0, 2.0)",6.32,39,VISIBLE,-5.53,4.16
178,41,car,0.2571,423.1,122.33,791.71,274.7,607.4,198.51,368.6,152.37,56163.88,2.42,Horizontal Oblong,Grey,"(60, 31, 161)","(63.14, -3.0, 2.0)",3.61,41,VISIBLE,-2.79,0.71
178,44,car,0.578,190.31,123.35,766.91,468.34,478.61,295.84,576.6,344.98,198919.51,1.67,Horizontal Oblong,Orange,"(19, 62, 152)","(54.51, 3.0, 12.0)",12.37,44,VISIBLE,0.0,0.0
178,43,car,0.5353,168.5,132.46,488.64,284.61,328.57,208.53,320.13,152.15,48708.77,2.1,Horizontal Oblong,Grey,"(81, 19, 162)","(65.49, -4.0, 0.0)",4.0,43,VISIBLE,0.0,0.0
178,42,car,0.392,656.63,199.05,1279.84,719.49,968.23,459.27,623.21,520.44,324344.52,1.2,Spherical / Regular,Green,"(83, 159, 76)","(27.84, -10.0, 2.0)",10.2,42,VISIBLE,0.0,0.0
178,22,car,0.1893,135.28,148.0,201.57,209.52,168.42,178.76,66.29,61.51,4077.78,1.08,Spherical / Regular,Grey,"(94, 19, 141)","(57.25, -3.0, -1.0)",3.16,46,VISIBLE,-33.28,4.22
178,30,car,0.1542,851.52,131.07,894.72,173.94,873.12,152.51,43.2,42.86,1851.98,1.01,Spherical / Regular,Grey,"(87, 13, 140)","(57.65, -3.0, 0.0)",3.0,45,VISIBLE,-1.72,0.12
179,6,car,0.5587,0.02,40.64,171.47,313.62,85.74,177.13,171.45,272.98,46800.78,0.63,Vertical Oblong,Grey,"(90, 31, 139)","(54.51, -1.0, 0.0)",1.0,6,VISIBLE,-3.34,-6.15
179,18,car,0.6764,0.0,201.37,391.73,720.0,195.87,460.69,391.73,518.63,203162.37,0.76,Vertical Oblong,Grey,"(83, 56, 105)","(42.35, -7.0, 1.0)",7.07,18,VISIBLE,-67.15,8.9
179,21,car,0.3466,815.72,145.86,1279.55,348.86,1047.64,247.36,463.83,203.0,94158.96,2.28,Horizontal Oblong,Grey,"(99, 43, 124)","(48.63, -4.0, -5.0)",6.4,21,VISIBLE,-3.16,-16.95
179,19,person,0.2925,290.99,24.05,345.56,97.19,318.28,60.62,54.57,73.14,3991.06,0.75,Vertical Oblong,Grey,"(110, 23, 126)","(50.2, 0.0, -4.0)",4.0,19,VISIBLE,-3.34,0.14
179,20,car,0.405,862.82,102.24,1100.09,219.55,981.45,160.9,237.27,117.31,27833.35,2.02,Horizontal Oblong,Grey,"(98, 44, 119)","(46.27, -4.0, -5.0)",6.4,20,VISIBLE,-2.56,-0.49
179,24,chair,0.2815,87.23,235.62,227.42,362.52,157.33,299.07,140.19,126.9,17790.71,1.1,Spherical / Regular,Grey,"(55, 26, 134)","(54.51, -2.0, 2.0)",2.83,24,VISIBLE,-18.49,1.66
179,3,car,0.4747,643.92,137.88,892.7,339.14,768.31,238.51,248.78,201.26,50069.42,1.24,Spherical / Regular,Grey,"(90, 31, 122)","(49.02, -2.0, 0.0)",2.0,34,VISIBLE,-5.91,5.63
179,35,person,0.6346,1083.57,182.36,1168.09,259.16,1125.83,220.76,84.51,76.8,6490.6,1.1,Spherical / Regular,Grey,"(99, 47, 107)","(41.96, -4.0, -5.0)",6.4,35,VISIBLE,-5.1,0.29
179,37,truck,0.4755,1165.15,87.68,1245.35,136.87,1205.25,112.28,80.2,49.19,3945.08,1.63,Horizontal Oblong,Grey,"(50, 7, 165)","(67.45, -1.0, 1.0)",1.41,37,VISIBLE,-5.68,0.21
179,33,chair,0.2715,1040.77,201.69,1089.97,253.37,1065.37,227.53,49.2,51.68,2543.03,0.95,Spherical / Regular,Cyan,"(98, 77, 100)","(37.65, -6.0, -8.0)",10.0,40,VISIBLE,-7.56,0.39
179,39,car,0.2988,1190.96,342.11,1280.0,719.87,1235.48,530.99,89.04,377.76,33636.23,0.24,Vertical Oblong,Grey,"(81, 113, 86)","(30.2, -6.0, 2.0)",6.32,39,VISIBLE,-4.26,5.7
179,41,car,0.2571,419.84,122.34,790.26,275.98,605.05,199.16,370.42,153.64,56910.14,2.41,Horizontal Oblong,Grey,"(60, 30, 161)","(63.53, -3.0, 2.0)",3.61,41,VISIBLE,-2.49,0.67
179,44,car,0.5795,180.33,123.48,760.84,470.15,470.58,296.82,580.51,346.67,201243.45,1.67,Horizontal Oblong,Orange,"(19, 64, 151)","(53.73, 3.0, 12.0)",12.37,44,VISIBLE,-8.02,0.97
179,43,car,0.5112,160.98,132.49,484.15,285.26,322.56,208.88,323.17,152.77,49369.18,2.12,Horizontal Oblong,Grey,"(81, 19, 163)","(65.49, -3.0, 0.0)",3.0,43,VISIBLE,-6.01,0.34
179,42,car,0.3731,654.73,177.93,1279.82,719.38,967.28,448.66,625.09,541.44,338449.04,1.15,Spherical / Regular,Green,"(83, 150, 83)","(30.2, -10.0, 2.0)",10.2,42,VISIBLE,-0.96,-10.61
179,22,car,0.223,126.07,145.37,196.59,210.12,161.33,177.75,70.52,64.75,4566.07,1.09,Spherical / Regular,Grey,"(94, 19, 142)","(57.65, -3.0, -2.0)",3.61,46,VISIBLE,-14.95,0.56
179,30,car,0.1884,849.63,130.92,892.64,174.1,871.13,152.51,43.01,43.19,1857.42,1.0,Spherical / Regular,Grey,"(90, 13, 140)","(57.25, -3.0, -1.0)",3.16,45,VISIBLE,-1.9,0.04
180,6,car,0.596,0.01,41.95,164.84,315.31,82.43,178.63,164.83,273.36,45059.51,0.6,Vertical Oblong,Grey,"(84, 29, 139)","(54.51, -1.0, 0.0)",1.0,6,VISIBLE,-3.33,-0.8
180,18,car,0.6562,0.0,223.06,308.71,720.0,154.35,471.53,308.7,496.94,153408.36,0.62,Vertical Oblong,Grey,"(84, 53, 115)","(46.27, -7.0, 0.0)",7.0,18,VISIBLE,-49.2,10.26
180,21,car,0.4176,805.86,145.87,1279.43,332.07,1042.65,238.97,473.57,186.2,88178.67,2.54,Horizontal Oblong,Grey,"(98, 44, 124)","(48.63, -5.0, -5.0)",7.07,21,VISIBLE,-4.44,-10.96
180,19,person,0.2626,289.28,24.02,344.22,97.4,316.75,60.71,54.94,73.38,4031.14,0.75,Vertical Oblong,Grey,"(105, 25, 124)","(49.41, -1.0, -4.0)",4.12,19,VISIBLE,-2.07,0.11
180,20,car,0.4078,858.76,102.08,1097.48,217.33,978.12,159.7,238.72,115.24,27510.87,2.07,Horizontal Oblong,Grey,"(98, 45, 119)","(46.67, -4.0, -5.0)",6.4,20,VISIBLE,-3.1,-0.98
180,24,chair,0.2815,67.99,236.81,209.72,364.64,138.85,300.73,141.72,127.83,18116.87,1.11,Spherical / Regular,Grey,"(50, 21, 119)","(49.02, -2.0, 2.0)",2.83,24,VISIBLE,-18.48,1.66
180,3,car,0.4717,637.54,137.99,887.53,343.62,762.53,240.8,249.99,205.62,51403.1,1.22,Spherical / Regular,Grey,"(90, 31, 121)","(48.63, -2.0, 0.0)",2.0,34,VISIBLE,-5.82,3.3
180,35,person,0.6468,1078.78,182.59,1162.4,259.78,1120.59,221.18,83.62,77.19,6454.55,1.08,Spherical / Regular,Grey,"(99, 46, 108)","(41.96, -4.0, -5.0)",6.4,35,VISIBLE,-5.2,0.38
180,37,truck,0.3943,1159.83,87.22,1240.5,137.22,1200.16,112.22,80.67,50.0,4033.63,1.61,Horizontal Oblong,Grey,"(50, 7, 163)","(66.67, -1.0, 1.0)",1.41,37,VISIBLE,-5.26,0.02
180,33,chair,0.2218,1035.07,201.87,1082.15,253.78,1058.61,227.82,47.09,51.91,2444.33,0.91,Spherical / Regular,Cyan,"(98, 79, 100)","(37.65, -6.0, -8.0)",10.0,40,VISIBLE,-7.0,0.32
180,39,car,0.3123,1185.32,346.06,1280.0,719.92,1232.66,532.99,94.68,373.86,35398.21,0.25,Vertical Oblong,Grey,"(80, 114, 86)","(30.2, -6.0, 2.0)",6.32,39,VISIBLE,-3.25,3.11
180,44,car,0.5904,169.31,124.35,753.78,472.84,461.54,298.6,584.47,348.48,203678.48,1.68,Horizontal Oblong,Orange,"(19, 64, 150)","(53.73, 3.0, 12.0)",12.37,44,VISIBLE,-8.74,1.54
180,43,car,0.4903,154.0,132.78,477.86,285.55,315.93,209.17,323.86,152.76,49473.79,2.12,Horizontal Oblong,Grey,"(81, 19, 162)","(65.49, -4.0, 0.0)",4.0,43,VISIBLE,-6.45,0.31
180,42,car,0.2805,652.31,176.86,1279.63,719.34,965.97,448.1,627.32,542.47,340302.97,1.16,Spherical / Regular,Green,"(83, 149, 83)","(30.59, -10.0, 2.0)",10.2,42,VISIBLE,-1.2,-3.57
180,22,car,0.294,115.19,142.36,190.72,210.87,152.95,176.61,75.53,68.5,5174.04,1.1,Spherical / Regular,Grey,"(95, 19, 142)","(57.25, -3.0, -2.0)",3.61,46,VISIBLE,-10.35,-0.62
180,30,car,0.2532,846.64,130.93,889.91,174.14,868.28,152.53,43.27,43.2,1869.4,1.0,Spherical / Regular,Grey,"(87, 14, 139)","(57.25, -3.0, -1.0)",3.16,45,VISIBLE,-2.57,0.03
180,47,car,0.2757,1160.31,124.45,1280.0,324.09,1220.15,224.27,119.69,199.64,23895.02,0.6,Vertical Oblong,Grey,"(30, 24, 158)","(63.53, -2.0, 5.0)",5.39,47,VISIBLE,0.0,0.0
181,6,car,0.6081,0.0,41.62,157.36,322.27,78.68,181.94,157.36,280.66,44163.5,0.56,Vertical Oblong,Grey,"(84, 28, 140)","(54.9, -1.0, 0.0)",1.0,6,VISIBLE,-3.62,2.08
181,18,car,0.6052,-0.0,240.62,251.84,720.0,125.92,480.31,251.84,479.38,120725.41,0.53,Vertical Oblong,Grey,"(84, 53, 118)","(47.45, -7.0, 0.0)",7.0,18,VISIBLE,-34.67,9.22
181,21,car,0.3892,796.52,146.05,1279.56,324.32,1038.04,235.19,483.05,178.27,86111.11,2.71,Horizontal Oblong,Grey,"(98, 45, 121)","(47.06, -5.0, -5.0)",7.07,21,VISIBLE,-4.56,-5.94
181,19,person,0.2478,289.58,24.14,341.09,96.83,315.34,60.49,51.52,72.69,3744.71,0.71,Vertical Oblong,Grey,"(106, 26, 124)","(49.41, 0.0, -4.0)",4.0,19,VISIBLE,-1.61,-0.13
181,20,car,0.4118,854.7,102.05,1094.63,215.78,974.66,158.92,239.93,113.72,27286.29,2.11,Horizontal Oblong,Grey,"(98, 45, 119)","(46.27, -4.0, -5.0)",6.4,20,VISIBLE,-3.35,-0.85
181,24,chair,0.2815,48.75,238.0,192.01,366.76,120.38,302.38,143.25,128.76,18445.89,1.11,Spherical / Regular,Grey,"(66, 20, 97)","(40.0, -2.0, 1.0)",2.24,24,VISIBLE,-18.48,1.66
181,3,car,0.4516,630.55,138.08,882.72,345.85,756.64,241.96,252.17,207.77,52393.55,1.21,Spherical / Regular,Grey,"(87, 31, 120)","(47.84, -2.0, 0.0)",2.0,34,VISIBLE,-5.87,1.8
181,35,person,0.4998,1071.09,182.8,1156.29,260.89,1113.69,221.84,85.2,78.08,6652.88,1.09,Spherical / Regular,Grey,"(99, 44, 107)","(41.96, -4.0, -5.0)",6.4,35,VISIBLE,-6.39,0.58
181,37,truck,0.4544,1154.87,87.0,1235.89,137.4,1195.38,112.2,81.02,50.4,4083.08,1.61,Horizontal Oblong,Grey,"(50, 7, 163)","(66.27, -1.0, 1.0)",1.41,37,VISIBLE,-4.93,-0.01
181,33,chair,0.1894,1026.4,202.3,1074.45,254.59,1050.43,228.44,48.05,52.29,2512.4,0.92,Spherical / Regular,Cyan,"(98, 79, 101)","(37.65, -6.0, -8.0)",10.0,40,VISIBLE,-7.83,0.53
181,39,car,0.3471,1181.6,325.17,1280.0,719.96,1230.8,522.56,98.4,394.79,38847.27,0.25,Vertical Oblong,Grey,"(81, 101, 88)","(31.37, -5.0, 2.0)",5.39,39,VISIBLE,-2.28,-6.36
181,44,car,0.5842,157.82,124.74,744.68,475.32,451.25,300.03,586.86,350.58,205742.11,1.67,Horizontal Oblong,Orange,"(19, 65, 149)","(52.94, 3.0, 12.0)",12.37,44,VISIBLE,-9.83,1.47
181,43,car,0.5562,144.09,132.91,468.58,286.27,306.33,209.59,324.49,153.36,49765.1,2.12,Horizontal Oblong,Grey,"(81, 19, 163)","(65.49, -4.0, 0.0)",4.0,43,VISIBLE,-8.65,0.39
181,42,car,0.3199,649.63,163.23,1279.59,719.23,964.61,441.23,629.96,556.0,350253.96,1.13,Spherical / Regular,Grey,"(83, 141, 87)","(32.16, -9.0, 1.0)",9.06,42,VISIBLE,-1.31,-5.88
181,22,car,0.3425,103.02,139.65,183.27,211.84,143.14,175.74,80.24,72.19,5792.7,1.11,Spherical / Regular,Grey,"(95, 21, 142)","(57.65, -3.0, -2.0)",3.61,46,VISIBLE,-9.97,-0.8
181,30,car,0.2309,842.22,131.09,886.19,174.32,864.21,152.71,43.97,43.23,1900.94,1.02,Spherical / Regular,Grey,"(93, 14, 138)","(56.86, -2.0, -1.0)",2.24,45,VISIBLE,-3.62,0.13
181,47,car,0.3568,1156.04,124.29,1280.0,326.05,1218.02,225.17,123.96,201.76,25010.21,0.61,Vertical Oblong,Grey,"(28, 25, 154)","(62.35, -1.0, 5.0)",5.1,47,VISIBLE,-2.13,0.9
182,6,car,0.6029,0.0,41.31,149.64,332.56,74.82,186.94,149.64,291.25,43582.64,0.51,Vertical Oblong,Grey,"(84, 27, 140)","(54.9, -2.0, 0.0)",2.0,6,VISIBLE,-3.79,4.12
182,18,car,0.6604,-0.0,262.89,212.17,719.81,106.09,491.35,212.17,456.91,96945.05,0.46,Vertical Oblong,Grey,"(85, 51, 118)","(47.45, -7.0, 0.0)",7.0,18,VISIBLE,-24.28,10.5
182,21,car,0.4914,788.93,146.4,1279.75,322.32,1034.34,234.36,490.82,175.92,86347.6,2.79,Horizontal Oblong,Grey,"(98, 45, 120)","(46.67, -5.0, -5.0)",7.07,21,VISIBLE,-3.96,-2.36
182,19,person,0.236,288.19,24.68,337.74,96.32,312.96,60.5,49.55,71.63,3549.26,0.69,Vertical Oblong,Grey,"(106, 28, 123)","(49.61, 0.0, -4.0)",4.0,19,VISIBLE,-2.14,-0.03
182,20,car,0.4007,850.28,101.92,1092.33,215.71,971.3,158.82,242.05,113.79,27543.88,2.13,Horizontal Oblong,Grey,"(98, 44, 119)","(46.27, -4.0, -5.0)",6.4,20,VISIBLE,-3.36,-0.32
182,3,car,0.4421,624.39,138.06,876.92,345.58,750.66,241.82,252.53,207.52,52404.63,1.22,Spherical / Regular,Grey,"(90, 31, 121)","(48.24, -2.0, 0.0)",2.0,34,VISIBLE,-5.95,0.44
182,35,person,0.549,1064.68,183.0,1149.63,261.89,1107.15,222.44,84.94,78.89,6701.56,1.08,Spherical / Regular,Grey,"(99, 44, 108)","(41.96, -4.0, -5.0)",6.4,35,VISIBLE,-6.49,0.59
182,37,truck,0.4507,1149.44,86.69,1231.66,137.38,1190.55,112.04,82.22,50.68,4167.11,1.62,Horizontal Oblong,Grey,"(50, 7, 165)","(67.45, -1.0, 1.0)",1.41,37,VISIBLE,-4.86,-0.12
182,33,chair,0.216,1018.72,202.63,1068.74,255.32,1043.73,228.97,50.02,52.69,2635.48,0.95,Spherical / Regular,Cyan,"(99, 77, 102)","(38.04, -6.0, -8.0)",10.0,40,VISIBLE,-7.04,0.53
182,39,car,0.3766,1178.45,309.14,1280.0,719.96,1229.23,514.55,101.55,410.81,41717.69,0.25,Vertical Oblong,Grey,"(80, 107, 87)","(31.37, -7.0, 3.0)",7.62,39,VISIBLE,-1.79,-7.52
182,44,car,0.5888,146.49,124.96,735.72,477.2,441.1,301.08,589.23,352.24,207552.8,1.67,Horizontal Oblong,Orange,"(19, 64, 149)","(52.94, 3.0, 12.0)",12.37,44,VISIBLE,-10.05,1.17
182,43,car,0.5679,134.7,133.08,458.92,287.09,296.81,210.08,324.22,154.01,49934.3,2.11,Horizontal Oblong,Grey,"(81, 18, 164)","(65.88, -3.0, 0.0)",3.0,43,VISIBLE,-9.26,0.46
182,42,car,0.3291,645.97,221.08,1279.69,719.3,962.83,470.19,633.72,498.22,315734.86,1.27,Horizontal Oblong,Green,"(83, 161, 73)","(26.67, -11.0, 2.0)",11.18,42,VISIBLE,-1.64,18.51
182,22,car,0.4015,90.4,137.77,175.9,212.17,133.15,174.97,85.5,74.4,6360.85,1.15,Spherical / Regular,Grey,"(95, 21, 145)","(58.82, -3.0, -2.0)",3.61,46,VISIBLE,-9.99,-0.78
182,30,car,0.1981,837.0,131.18,882.59,174.47,859.8,152.83,45.59,43.29,1973.35,1.05,Spherical / Regular,Grey,"(90, 15, 139)","(56.86, -3.0, -1.0)",3.16,45,VISIBLE,-4.17,0.12
182,47,car,0.4071,1151.88,123.99,1280.0,328.06,1215.94,226.03,128.12,204.07,26145.8,0.63,Vertical Oblong,Grey,"(28, 25, 153)","(61.96, -2.0, 5.0)",5.39,47,VISIBLE,-2.1,0.87
183,6,car,0.6118,-0.0,39.51,141.58,346.41,70.79,192.96,141.58,306.91,43452.91,0.46,Vertical Oblong,Grey,"(84, 25, 140)","(55.29, -2.0, 0.0)",2.0,6,VISIBLE,-3.96,5.45
183,18,car,0.6096,-0.0,285.39,182.94,719.82,91.47,502.6,182.95,434.44,79477.95,0.42,Vertical Oblong,Grey,"(83, 50, 113)","(46.27, -7.0, 0.0)",7.0,18,VISIBLE,-17.52,11.03
183,21,car,0.3817,780.87,146.07,1278.56,324.56,1029.72,235.31,497.69,178.49,88833.13,2.79,Horizontal Oblong,Grey,"(98, 44, 120)","(47.06, -4.0, -5.0)",6.4,21,VISIBLE,-4.42,-0.04
183,19,person,0.3915,281.03,24.88,334.54,97.3,307.78,61.09,53.51,72.42,3875.54,0.74,Vertical Oblong,Grey,"(108, 25, 124)","(49.8, 0.0, -4.0)",4.0,19,VISIBLE,-4.27,0.4
183,20,car,0.4114,845.36,102.02,1089.49,214.6,967.42,158.31,244.14,112.58,27484.13,2.17,Horizontal Oblong,Grey,"(98, 43, 119)","(46.67, -4.0, -5.0)",6.4,20,VISIBLE,-3.72,-0.45
183,3,car,0.4843,617.65,138.08,871.81,347.37,744.73,242.72,254.15,209.29,53192.36,1.21,Spherical / Regular,Grey,"(87, 31, 122)","(48.63, -2.0, 0.0)",2.0,34,VISIBLE,-5.93,0.77
183,35,person,0.3761,1057.37,183.33,1143.22,262.86,1100.29,223.1,85.85,79.52,6826.9,1.08,Spherical / Regular,Grey,"(98, 45, 107)","(41.57, -4.0, -5.0)",6.4,35,VISIBLE,-6.75,0.63
183,37,truck,0.4781,1144.1,86.45,1227.18,137.38,1185.64,111.92,83.08,50.92,4230.76,1.63,Horizontal Oblong,Grey,"(50, 7, 165)","(67.84, -1.0, 1.0)",1.41,37,VISIBLE,-4.89,-0.12
183,33,chair,0.1893,1011.38,202.98,1061.84,255.9,1036.61,229.44,50.46,52.91,2669.93,0.95,Spherical / Regular,Cyan,"(98, 78, 102)","(38.04, -6.0, -8.0)",10.0,40,VISIBLE,-7.09,0.48
183,39,car,0.4022,1175.28,298.71,1280.0,719.93,1227.64,509.32,104.72,421.23,44110.43,0.25,Vertical Oblong,Grey,"(80, 107, 85)","(31.37, -7.0, 3.0)",7.62,39,VISIBLE,-1.65,-5.92
183,44,car,0.5973,135.76,124.94,726.97,478.46,431.36,301.7,591.21,353.51,208997.86,1.67,Horizontal Oblong,Orange,"(19, 65, 149)","(52.94, 3.0, 12.0)",12.37,44,VISIBLE,-9.83,0.79
183,43,car,0.531,124.66,133.23,450.08,288.14,287.37,210.68,325.42,154.91,50412.43,2.1,Horizontal Oblong,Grey,"(81, 18, 164)","(66.27, -3.0, 0.0)",3.0,43,VISIBLE,-9.39,0.56
183,42,car,0.2837,642.49,193.88,1279.52,719.25,961.01,456.56,637.02,525.37,334671.65,1.21,Spherical / Regular,Green,"(83, 151, 80)","(29.41, -10.0, 2.0)",10.2,42,VISIBLE,-1.77,-3.99
183,22,car,0.3211,80.11,136.98,169.61,213.22,124.86,175.1,89.5,76.24,6823.72,1.17,Spherical / Regular,Grey,"(95, 21, 149)","(60.0, -3.0, -2.0)",3.61,46,VISIBLE,-8.8,-0.14
183,30,car,0.1802,829.85,131.27,879.02,174.63,854.44,152.95,49.17,43.36,2131.83,1.13,Spherical / Regular,Grey,"(93, 14, 139)","(57.25, -2.0, -1.0)",2.24,45,VISIBLE,-5.0,0.12
183,47,car,0.3951,1146.83,123.99,1280.0,330.84,1213.41,227.41,133.17,206.85,27547.13,0.64,Vertical Oblong,Grey,"(28, 25, 152)","(61.57, -1.0, 5.0)",5.1,47,VISIBLE,-2.4,1.23
184,6,car,0.5468,-0.0,39.02,132.96,361.19,66.48,200.1,132.97,322.17,42837.95,0.41,Vertical Oblong,Grey,"(81, 23, 139)","(55.29, -2.0, 0.0)",2.0,6,VISIBLE,-4.2,6.64
184,18,car,0.5348,-0.0,308.95,159.25,719.88,79.63,514.41,159.25,410.94,65442.18,0.39,Vertical Oblong,Grey,"(80, 53, 98)","(40.0, -7.0, 3.0)",7.62,18,VISIBLE,-13.55,11.58
184,21,car,0.3511,770.52,145.93,1275.36,329.0,1022.94,237.46,504.83,183.07,92418.85,2.76,Horizontal Oblong,Grey,"(98, 43, 122)","(47.84, -4.0, -5.0)",6.4,21,VISIBLE,-6.07,1.49
184,19,person,0.407,274.97,24.69,332.12,97.97,303.54,61.33,57.15,73.28,4188.32,0.78,Vertical Oblong,Grey,"(105, 23, 127)","(51.18, 0.0, -3.0)",3.0,19,VISIBLE,-4.25,0.29
184,20,car,0.4148,841.12,102.21,1086.5,212.32,963.81,157.27,245.38,110.11,27018.05,2.23,Horizontal Oblong,Grey,"(98, 43, 119)","(46.67, -4.0, -5.0)",6.4,20,VISIBLE,-3.65,-0.87
184,3,car,0.4894,611.8,138.12,867.38,347.75,739.59,242.93,255.59,209.62,53577.01,1.22,Spherical / Regular,Grey,"(84, 31, 123)","(49.02, -2.0, 0.0)",2.0,34,VISIBLE,-5.38,0.38
184,35,person,0.3779,1050.21,183.7,1136.51,263.9,1093.36,223.8,86.3,80.21,6921.82,1.08,Spherical / Regular,Grey,"(99, 45, 106)","(41.57, -4.0, -5.0)",6.4,35,VISIBLE,-6.88,0.68
184,37,truck,0.432,1139.68,86.27,1222.66,137.34,1181.17,111.8,82.98,51.07,4237.52,1.62,Horizontal Oblong,Grey,"(50, 7, 165)","(67.45, -1.0, 1.0)",1.41,37,VISIBLE,-4.6,-0.11
184,33,chair,0.255,1004.3,203.11,1056.29,256.59,1030.29,229.85,51.99,53.48,2780.35,0.97,Spherical / Regular,Cyan,"(98, 77, 101)","(37.65, -6.0, -8.0)",10.0,40,VISIBLE,-6.55,0.43
184,39,car,0.4312,1172.45,297.26,1280.0,719.96,1226.23,508.61,107.55,422.7,45461.08,0.25,Vertical Oblong,Grey,"(80, 107, 86)","(31.37, -7.0, 3.0)",7.62,39,VISIBLE,-1.48,-2.27
184,44,car,0.5816,125.1,124.71,718.84,479.63,421.97,302.17,593.74,354.92,210729.18,1.67,Horizontal Oblong,Orange,"(19, 65, 149)","(52.94, 3.0, 12.0)",12.37,44,VISIBLE,-9.53,0.56
184,43,car,0.5241,116.14,133.15,441.49,288.81,278.81,210.98,325.35,155.66,50643.07,2.09,Horizontal Oblong,Grey,"(81, 18, 165)","(66.27, -4.0, 0.0)",4.0,43,VISIBLE,-8.8,0.37
184,42,car,0.3234,639.26,175.12,1279.32,719.14,959.29,447.13,640.06,544.02,348208.53,1.18,Spherical / Regular,Green,"(83, 145, 85)","(31.37, -10.0, 2.0)",10.2,42,VISIBLE,-1.73,-7.8
184,22,car,0.3522,70.64,136.48,164.21,214.21,117.42,175.34,93.57,77.73,7272.64,1.2,Spherical / Regular,Grey,"(98, 23, 150)","(60.0, -3.0, -2.0)",3.61,46,VISIBLE,-7.84,0.13
184,30,car,0.1983,824.38,131.17,875.33,174.49,849.85,152.83,50.95,43.32,2207.33,1.18,Spherical / Regular,Grey,"(90, 14, 140)","(57.25, -3.0, -1.0)",3.16,45,VISIBLE,-4.71,-0.05
184,47,car,0.4017,1141.42,123.88,1280.0,332.83,1210.71,228.35,138.58,208.95,28954.71,0.66,Vertical Oblong,Grey,"(30, 25, 150)","(60.39, -1.0, 5.0)",5.1,47,VISIBLE,-2.61,1.03
185,6,car,0.5287,-0.0,42.42,124.53,380.16,62.27,211.29,124.54,337.74,42060.89,0.37,Vertical Oblong,Grey,"(84, 23, 136)","(54.51, -2.0, 0.0)",2.0,6,VISIBLE,-4.21,9.82
185,18,car,0.5604,0.0,334.8,135.91,719.93,67.96,527.36,135.91,385.13,52341.75,0.35,Vertical Oblong,Green,"(77, 78, 80)","(31.37, -10.0, 4.0)",10.77,18,VISIBLE,-12.23,12.54
185,21,car,0.3959,760.75,145.32,1271.43,332.94,1016.09,239.13,510.68,187.61,95808.59,2.72,Horizontal Oblong,Grey,"(98, 42, 123)","(48.63, -4.0, -5.0)",6.4,21,VISIBLE,-6.62,1.61
185,19,person,0.2758,270.75,24.4,330.11,98.49,300.43,61.44,59.36,74.09,4397.57,0.8,Spherical / Regular,Grey,"(108, 24, 126)","(50.59, 1.0, -4.0)",4.12,19,VISIBLE,-3.46,0.17
185,20,car,0.3896,837.05,102.33,1083.54,210.35,960.29,156.34,246.49,108.01,26624.37,2.28,Horizontal Oblong,Grey,"(98, 43, 118)","(46.67, -4.0, -5.0)",6.4,20,VISIBLE,-3.55,-0.91
185,3,car,0.5253,605.87,138.24,863.65,347.45,734.76,242.85,257.78,209.21,53929.48,1.23,Spherical / Regular,Grey,"(90, 31, 125)","(49.41, -1.0, 0.0)",1.0,34,VISIBLE,-4.99,0.05
185,35,person,0.3605,1042.18,184.32,1129.41,264.55,1085.8,224.44,87.23,80.23,6998.79,1.09,Spherical / Regular,Grey,"(100, 45, 106)","(41.57, -4.0, -5.0)",6.4,35,VISIBLE,-7.36,0.65
185,37,truck,0.4081,1135.55,86.06,1218.41,137.31,1176.98,111.68,82.87,51.24,4246.47,1.62,Horizontal Oblong,Grey,"(50, 7, 164)","(67.06, -1.0, 1.0)",1.41,37,VISIBLE,-4.31,-0.12
185,33,chair,0.1882,998.23,203.19,1049.34,257.57,1023.78,230.38,51.11,54.38,2779.47,0.94,Spherical / Regular,Cyan,"(98, 79, 102)","(38.04, -6.0, -8.0)",10.0,40,VISIBLE,-6.52,0.5
185,39,car,0.4085,1170.12,303.2,1280.0,719.98,1225.06,511.59,109.88,416.78,45797.38,0.26,Vertical Oblong,Grey,"(80, 101, 88)","(32.16, -6.0, 3.0)",6.71,39,VISIBLE,-1.26,1.4
185,44,car,0.6221,113.84,124.19,710.58,480.51,412.21,302.35,596.74,356.31,212626.67,1.67,Horizontal Oblong,Orange,"(19, 65, 149)","(52.94, 3.0, 12.0)",12.37,44,VISIBLE,-9.69,0.3
185,43,car,0.5721,107.29,133.33,432.62,290.09,269.95,211.71,325.33,156.76,50998.66,2.08,Horizontal Oblong,Grey,"(80, 18, 166)","(66.67, -4.0, 1.0)",4.12,43,VISIBLE,-8.84,0.62
185,42,car,0.2606,636.31,229.08,1279.19,719.51,957.75,474.3,642.88,490.44,315293.62,1.31,Horizontal Oblong,Green,"(83, 162, 71)","(25.49, -11.0, 2.0)",11.18,42,VISIBLE,-1.6,16.68
185,22,car,0.4039,60.9,136.45,158.96,215.62,109.93,176.03,98.06,79.17,7763.04,1.24,Spherical / Regular,Grey,"(98, 23, 151)","(60.39, -3.0, -3.0)",4.24,46,VISIBLE,-7.6,0.52
185,30,car,0.2123,819.42,131.39,872.18,174.74,845.8,153.07,52.76,43.35,2287.49,1.22,Spherical / Regular,Grey,"(93, 14, 139)","(57.25, -3.0, -1.0)",3.16,45,VISIBLE,-4.25,0.15
185,47,car,0.4289,1136.15,123.89,1280.0,334.73,1208.07,229.31,143.85,210.84,30330.27,0.68,Vertical Oblong,Grey,"(28, 25, 148)","(59.61, -1.0, 4.0)",4.12,47,VISIBLE,-2.63,0.98
186,6,car,0.5504,-0.0,50.01,115.84,400.32,57.92,225.17,115.85,350.31,40582.43,0.33,Vertical Oblong,Grey,"(81, 23, 129)","(51.76, -2.0, 0.0)",2.0,6,VISIBLE,-4.31,12.66
186,18,car,0.4681,0.0,354.36,112.22,719.96,56.11,537.16,112.21,365.61,41026.59,0.31,Vertical Oblong,Green,"(80, 132, 64)","(24.31, -13.0, 4.0)",13.6,18,VISIBLE,-11.96,10.62
186,21,car,0.3427,752.11,146.6,1265.76,337.04,1008.94,241.82,513.65,190.45,97823.53,2.7,Horizontal Oblong,Grey,"(98, 40, 124)","(49.41, -4.0, -5.0)",6.4,21,VISIBLE,-6.99,2.37
186,19,person,0.3587,267.86,24.61,327.99,98.74,297.92,61.68,60.14,74.13,4458.1,0.81,Spherical / Regular,Grey,"(107, 23, 127)","(50.78, 0.0, -4.0)",4.0,19,VISIBLE,-2.79,0.21
186,20,car,0.3855,834.09,102.66,1080.36,208.62,957.22,155.64,246.27,105.97,26096.43,2.32,Horizontal Oblong,Grey,"(98, 42, 118)","(46.27, -4.0, -5.0)",6.4,20,VISIBLE,-3.22,-0.76
186,3,car,0.5023,599.7,138.36,858.66,346.76,729.18,242.56,258.96,208.4,53966.34,1.24,Spherical / Regular,Grey,"(90, 32, 126)","(50.2, -1.0, 0.0)",1.0,34,VISIBLE,-5.4,-0.18
186,35,person,0.3456,1036.24,184.7,1123.76,265.11,1080.0,224.9,87.52,80.41,7037.71,1.09,Spherical / Regular,Grey,"(99, 45, 107)","(41.57, -5.0, -5.0)",7.07,35,VISIBLE,-6.26,0.52
186,37,truck,0.4155,1131.14,85.68,1214.3,137.6,1172.72,111.64,83.17,51.92,4318.22,1.6,Horizontal Oblong,Grey,"(42, 7, 164)","(67.06, -1.0, 2.0)",2.24,37,VISIBLE,-4.28,-0.07
186,33,chair,0.2217,991.15,203.49,1042.98,258.46,1017.07,230.98,51.83,54.97,2849.27,0.94,Spherical / Regular,Cyan,"(98, 79, 102)","(38.04, -6.0, -8.0)",10.0,40,VISIBLE,-6.66,0.57
186,39,car,0.4473,1168.12,307.66,1280.0,720.0,1224.06,513.83,111.88,412.34,46130.65,0.27,Vertical Oblong,Grey,"(78, 97, 90)","(32.94, -5.0, 4.0)",6.4,39,VISIBLE,-1.08,1.99
186,44,car,0.6294,100.64,123.97,703.19,482.16,401.92,303.07,602.55,358.19,215827.57,1.68,Horizontal Oblong,Orange,"(19, 64, 149)","(53.33, 3.0, 12.0)",12.37,44,VISIBLE,-10.11,0.59
186,43,car,0.5731,98.56,133.51,423.99,290.49,261.28,212.0,325.43,156.98,51084.88,2.07,Horizontal Oblong,Grey,"(80, 18, 166)","(67.06, -4.0, 1.0)",4.12,43,VISIBLE,-8.73,0.39
186,42,car,0.3232,633.58,201.1,1279.01,719.36,956.3,460.23,645.44,518.27,334509.04,1.25,Spherical / Regular,Green,"(83, 152, 79)","(28.63, -10.0, 2.0)",10.2,42,VISIBLE,-1.5,-4.84
186,22,car,0.4,51.56,136.81,153.67,216.2,102.61,176.51,102.11,79.4,8106.99,1.29,Horizontal Oblong,Grey,"(98, 23, 151)","(60.39, -3.0, -3.0)",4.24,46,VISIBLE,-7.4,0.49
186,30,car,0.2142,814.86,131.22,869.07,174.82,841.97,153.02,54.21,43.6,2363.65,1.24,Spherical / Regular,Grey,"(93, 14, 140)","(57.25, -3.0, -1.0)",3.16,45,VISIBLE,-3.96,0.01
186,47,car,0.4118,1132.6,123.83,1280.0,341.26,1206.3,232.55,147.4,217.43,32049.57,0.68,Vertical Oblong,Grey,"(30, 26, 139)","(56.67, -1.0, 3.0)",3.16,47,VISIBLE,-2.03,2.56
187,6,car,0.5609,0.0,48.87,107.13,424.2,53.57,236.53,107.13,375.33,40209.32,0.29,Vertical Oblong,Grey,"(81, 23, 122)","(49.02, -1.0, 0.0)",1.0,6,VISIBLE,-4.34,11.76
187,18,car,0.2819,0.01,369.26,85.13,719.99,42.57,544.62,85.11,350.73,29851.71,0.24,Vertical Oblong,Green,"(80, 159, 53)","(19.22, -13.0, 3.0)",13.34,18,VISIBLE,-13.07,8.41
187,21,car,0.1746,743.11,146.43,1259.82,340.4,1001.46,243.42,516.71,193.97,100228.96,2.66,Horizontal Oblong,Grey,"(98, 40, 125)","(49.41, -4.0, -5.0)",6.4,21,VISIBLE,-7.33,1.83
187,19,person,0.2407,268.23,24.5,325.0,97.77,296.61,61.13,56.77,73.27,4159.99,0.77,Vertical Oblong,Grey,"(107, 26, 126)","(50.59, 0.0, -4.0)",4.0,19,VISIBLE,-1.75,-0.31
187,20,car,0.4176,830.0,102.75,1077.66,206.02,953.83,154.38,247.66,103.27,25575.77,2.4,Horizontal Oblong,Grey,"(98, 43, 118)","(46.27, -4.0, -5.0)",6.4,20,VISIBLE,-3.34,-1.11
187,3,car,0.4813,593.55,138.3,853.65,346.16,723.6,242.23,260.1,207.86,54064.24,1.25,Spherical / Regular,Grey,"(90, 32, 126)","(50.2, -1.0, 0.0)",1.0,34,VISIBLE,-5.53,-0.29
187,35,person,0.3737,1035.68,184.83,1117.69,264.97,1076.68,224.9,82.01,80.13,6571.96,1.02,Spherical / Regular,Grey,"(99, 45, 106)","(41.57, -4.0, -5.0)",6.4,35,VISIBLE,-4.2,0.15
187,37,truck,0.3388,1126.44,85.48,1210.32,137.9,1168.38,111.69,83.88,52.42,4396.99,1.6,Horizontal Oblong,Grey,"(50, 7, 164)","(67.06, -1.0, 1.0)",1.41,37,VISIBLE,-4.32,0.01
187,33,chair,0.2197,984.76,203.71,1036.5,259.26,1010.63,231.48,51.75,55.55,2874.48,0.93,Spherical / Regular,Cyan,"(98, 78, 102)","(38.04, -6.0, -8.0)",10.0,40,VISIBLE,-6.5,0.53
187,39,car,0.4382,1166.14,312.92,1280.0,720.0,1223.07,516.46,113.86,407.08,46351.68,0.28,Vertical Oblong,Grey,"(78, 93, 92)","(33.73, -4.0, 4.0)",5.66,39,VISIBLE,-1.02,2.44
187,44,car,0.6587,87.76,123.97,695.69,483.74,391.72,303.85,607.93,359.77,218715.62,1.69,Horizontal Oblong,Orange,"(19, 65, 149)","(53.33, 3.0, 12.0)",12.37,44,VISIBLE,-10.17,0.73
187,43,car,0.6028,90.07,133.61,415.87,290.65,252.97,212.13,325.8,157.05,51165.43,2.07,Horizontal Oblong,Grey,"(80, 18, 167)","(67.06, -4.0, 1.0)",4.12,43,VISIBLE,-8.43,0.21
187,42,car,0.4731,630.83,178.21,1278.11,719.43,954.47,448.82,647.28,541.22,350322.66,1.2,Spherical / Regular,Green,"(83, 143, 86)","(31.76, -10.0, 1.0)",10.05,42,VISIBLE,-1.73,-9.44
187,22,car,0.4586,43.04,137.05,147.87,216.74,95.45,176.89,104.83,79.69,8353.75,1.32,Horizontal Oblong,Grey,"(98, 24, 151)","(60.39, -3.0, -3.0)",4.24,46,VISIBLE,-7.23,0.42
187,30,car,0.1764,810.6,131.12,865.89,174.53,838.25,152.82,55.29,43.41,2399.75,1.27,Horizontal Oblong,Grey,"(93, 15, 141)","(56.86, -3.0, -1.0)",3.16,45,VISIBLE,-3.79,-0.13
187,47,car,0.4058,1128.81,123.86,1280.0,351.06,1204.4,237.46,151.19,227.2,34350.3,0.67,Vertical Oblong,Grey,"(30, 25, 134)","(54.51, -1.0, 3.0)",3.16,47,VISIBLE,-1.94,4.21
188,6,car,0.595,0.0,41.98,98.35,455.17,49.18,248.58,98.35,413.2,40637.73,0.24,Vertical Oblong,Grey,"(81, 24, 114)","(45.88, -2.0, 0.0)",2.0,6,VISIBLE,-4.38,11.95
188,18,can,0.2837,0.01,423.56,54.93,720.0,27.47,571.78,54.92,296.44,16279.92,0.19,Vertical Oblong,Green,"(83, 141, 53)","(18.82, -11.0, 1.0)",11.05,18,VISIBLE,-14.49,21.53
188,21,car,0.401,729.59,146.04,1253.64,344.97,991.61,245.51,524.05,198.93,104249.82,2.63,Horizontal Oblong,Grey,"(98, 38, 127)","(50.2, -4.0, -4.0)",5.66,21,VISIBLE,-9.09,2.01
188,19,person,0.2706,268.4,24.89,321.05,97.48,294.73,61.18,52.65,72.59,3821.88,0.73,Vertical Oblong,Grey,"(106, 26, 124)","(49.41, 0.0, -4.0)",4.0,19,VISIBLE,-1.85,-0.06
188,20,car,0.4874,826.94,102.87,1074.25,202.82,950.59,152.85,247.31,99.95,24719.3,2.47,Horizontal Oblong,Grey,"(98, 42, 117)","(45.88, -4.0, -5.0)",6.4,20,VISIBLE,-3.27,-1.41
188,3,car,0.4421,586.98,138.43,849.03,344.5,718.01,241.46,262.05,206.07,54000.48,1.27,Horizontal Oblong,Grey,"(90, 32, 128)","(50.98, -1.0, 0.0)",1.0,34,VISIBLE,-5.57,-0.62
188,35,person,0.4353,1031.95,184.68,1110.81,263.99,1071.38,224.33,78.86,79.31,6254.76,0.99,Spherical / Regular,Grey,"(99, 44, 106)","(41.57, -4.0, -5.0)",6.4,35,VISIBLE,-4.97,-0.35
188,37,truck,0.269,1122.67,85.08,1206.26,137.7,1164.46,111.39,83.59,52.62,4398.27,1.59,Horizontal Oblong,Grey,"(50, 7, 164)","(67.06, -1.0, 1.0)",1.41,37,VISIBLE,-4.04,-0.21
188,33,chair,0.2188,978.71,204.14,1029.83,259.81,1004.27,231.97,51.12,55.67,2846.28,0.92,Spherical / Regular,Cyan,"(98, 77, 102)","(38.04, -6.0, -8.0)",10.0,40,VISIBLE,-6.4,0.5
188,39,car,0.4488,1163.73,317.57,1280.0,719.99,1221.87,518.78,116.27,402.42,46788.86,0.29,Vertical Oblong,Grey,"(78, 91, 95)","(34.51, -4.0, 4.0)",5.66,39,VISIBLE,-1.15,2.36
188,44,car,0.6249,76.49,123.8,688.44,485.39,382.46,304.59,611.95,361.59,221276.16,1.69,Horizontal Oblong,Orange,"(19, 65, 149)","(53.33, 3.0, 12.0)",12.37,44,VISIBLE,-9.53,0.74
188,43,car,0.5852,81.41,133.45,406.54,291.18,243.97,212.31,325.12,157.72,51279.96,2.06,Horizontal Oblong,Grey,"(80, 17, 168)","(67.45, -3.0, 1.0)",3.16,43,VISIBLE,-8.83,0.19
188,42,car,0.2605,628.37,229.84,1278.49,719.7,953.43,474.77,650.12,489.86,318464.11,1.33,Horizontal Oblong,Green,"(83, 161, 71)","(25.49, -11.0, 2.0)",11.18,42,VISIBLE,-1.25,15.33
188,22,car,0.4849,33.92,136.87,142.02,216.81,87.97,176.84,108.1,79.94,8641.09,1.35,Horizontal Oblong,Grey,"(95, 24, 150)","(60.0, -3.0, -3.0)",4.24,46,VISIBLE,-7.41,0.09
188,30,car,0.1906,806.46,130.92,862.99,174.65,834.73,152.79,56.53,43.72,2471.63,1.29,Horizontal Oblong,Grey,"(90, 17, 141)","(57.25, -3.0, -1.0)",3.16,45,VISIBLE,-3.6,-0.07
188,47,car,0.407,1124.53,123.57,1280.0,356.86,1202.26,240.21,155.47,233.29,36270.79,0.67,Vertical Oblong,Grey,"(41, 24, 132)","(54.12, -1.0, 2.0)",2.24,47,VISIBLE,-2.08,3.19
189,6,car,0.6158,0.0,34.88,89.98,526.44,44.99,280.66,89.98,491.55,44227.35,0.18,Vertical Oblong,Grey,"(90, 27, 95)","(37.65, -2.0, 0.0)",2.0,6,VISIBLE,-4.24,26.05
189,18,can,0.2837,0.01,452.2,20.67,720.02,10.34,586.11,20.66,267.82,5532.93,0.08,Vertical Oblong,Grey,"(83, 28, 85)","(34.9, -4.0, 0.0)",4.0,18,VISIBLE,-16.34,16.49
189,21,car,0.4662,717.59,146.22,1246.87,347.68,982.23,246.95,529.28,201.46,106626.66,2.63,Horizontal Oblong,Grey,"(98, 38, 127)","(50.59, -4.0, -4.0)",5.66,21,VISIBLE,-9.3,1.61
189,19,person,0.3984,262.45,24.81,317.51,98.01,289.98,61.41,55.05,73.2,4029.95,0.75,Vertical Oblong,Grey,"(109, 25, 125)","(49.41, 1.0, -4.0)",4.12,19,VISIBLE,-3.88,0.14
189,20,car,0.422,822.71,102.7,1070.59,201.74,946.65,152.22,247.88,99.04,24550.03,2.5,Horizontal Oblong,Grey,"(98, 42, 117)","(46.27, -3.0, -5.0)",5.83,20,VISIBLE,-3.74,-0.86
189,3,car,0.4433,580.15,138.34,841.85,345.65,711.0,241.99,261.71,207.31,54255.73,1.26,Horizontal Oblong,Grey,"(90, 32, 128)","(50.98, -1.0, 0.0)",1.0,34,VISIBLE,-6.58,0.18
189,35,person,0.4756,1026.18,184.39,1103.82,264.15,1065.0,224.27,77.64,79.76,6192.73,0.97,Spherical / Regular,Grey,"(99, 47, 106)","(41.57, -4.0, -5.0)",6.4,35,VISIBLE,-5.96,-0.15
189,37,truck,0.2629,1117.5,85.18,1202.54,137.7,1160.02,111.44,85.04,52.52,4466.34,1.62,Horizontal Oblong,Grey,"(50, 7, 163)","(66.27, -1.0, 1.0)",1.41,37,VISIBLE,-4.32,-0.03
189,33,chair,0.3205,971.62,204.3,1024.12,260.41,997.87,232.35,52.49,56.11,2945.42,0.94,Spherical / Regular,Cyan,"(98, 78, 102)","(38.04, -6.0, -8.0)",10.0,40,VISIBLE,-6.4,0.42
189,39,car,0.4237,1161.17,314.27,1280.0,719.91,1220.59,517.09,118.83,405.64,48202.01,0.29,Vertical Oblong,Grey,"(78, 87, 96)","(34.51, -3.0, 4.0)",5.0,39,VISIBLE,-1.24,-0.48
189,44,car,0.6325,65.36,123.76,681.05,486.84,373.2,305.3,615.7,363.07,223543.44,1.7,Horizontal Oblong,Orange,"(19, 65, 149)","(53.33, 3.0, 12.0)",12.37,44,VISIBLE,-9.34,0.71
189,43,car,0.5984,72.79,133.66,397.08,292.27,234.93,212.96,324.29,158.61,51434.6,2.04,Horizontal Oblong,Grey,"(73, 17, 168)","(67.84, -3.0, 1.0)",3.16,43,VISIBLE,-8.98,0.51
189,42,car,0.4112,625.69,264.96,1278.85,719.56,952.27,492.26,653.17,454.6,296929.66,1.44,Horizontal Oblong,Green,"(83, 171, 60)","(21.57, -12.0, 2.0)",12.17,42,VISIBLE,-1.19,16.84
189,22,car,0.4658,24.8,136.7,136.95,217.64,80.88,177.17,112.16,80.94,9078.34,1.39,Horizontal Oblong,Grey,"(98, 26, 150)","(60.0, -3.0, -3.0)",4.24,46,VISIBLE,-7.19,0.26
189,30,car,0.187,802.8,131.0,859.38,174.63,831.09,152.82,56.58,43.63,2468.84,1.3,Horizontal Oblong,Grey,"(94, 17, 141)","(57.25, -3.0, -2.0)",3.61,45,VISIBLE,-3.62,0.0
189,47,car,0.3745,1119.13,123.59,1280.0,358.31,1199.57,240.95,160.87,234.72,37759.27,0.69,Vertical Oblong,Grey,"(50, 24, 132)","(54.12, -1.0, 2.0)",2.24,47,VISIBLE,-2.51,1.47
190,6,car,0.5596,0.01,42.95,80.89,592.27,40.45,317.61,80.88,549.32,44428.46,0.15,Vertical Oblong,Grey,"(88, 27, 93)","(37.65, -1.0, 0.0)",1.0,6,VISIBLE,-4.45,33.68
190,18,can,0.2837,-13.59,480.84,0.01,720.03,-6.79,600.44,13.6,239.19,3252.93,0.06,Vertical Oblong,Neutral,"(0, 0, 0)","(0.0, 0.0, 0.0)",0.0,18,VISIBLE,-16.89,14.97
190,21,car,0.4113,706.93,144.95,1240.3,350.99,973.61,247.97,533.36,206.03,109889.35,2.59,Horizontal Oblong,Grey,"(98, 37, 129)","(50.98, -4.0, -4.0)",5.66,21,VISIBLE,-8.82,1.2
190,19,person,0.268,257.72,24.65,314.7,98.13,286.21,61.39,56.98,73.48,4186.56,0.78,Vertical Oblong,Grey,"(105, 22, 127)","(50.59, 0.0, -3.0)",3.0,19,VISIBLE,-3.8,0.03
190,20,car,0.3834,819.52,102.53,1067.08,201.57,943.3,152.05,247.56,99.04,24519.23,2.5,Horizontal Oblong,Grey,"(98, 41, 117)","(46.27, -4.0, -5.0)",6.4,20,VISIBLE,-3.47,-0.38
190,3,car,0.4992,572.98,138.42,834.04,346.07,703.51,242.24,261.06,207.64,54206.85,1.26,Horizontal Oblong,Grey,"(90, 32, 129)","(51.37, -1.0, 0.0)",1.0,34,VISIBLE,-7.22,0.23
190,35,person,0.5431,1019.85,184.32,1096.41,264.11,1058.13,224.22,76.56,79.78,6108.54,0.96,Spherical / Regular,Grey,"(99, 47, 106)","(41.57, -4.0, -5.0)",6.4,35,VISIBLE,-6.6,-0.08
190,37,truck,0.2629,1112.84,84.98,1198.45,137.77,1155.65,111.38,85.61,52.79,4519.0,1.62,Horizontal Oblong,Grey,"(66, 7, 164)","(66.67, -1.0, 1.0)",1.41,37,VISIBLE,-4.36,-0.05
190,33,chair,0.2459,964.26,204.46,1018.23,260.71,991.25,232.59,53.97,56.25,3035.45,0.96,Spherical / Regular,Cyan,"(98, 78, 102)","(38.04, -6.0, -8.0)",10.0,40,VISIBLE,-6.56,0.29
190,39,car,0.4337,1158.46,314.7,1280.0,719.94,1219.23,517.32,121.54,405.25,49253.57,0.3,Vertical Oblong,Grey,"(77, 87, 98)","(34.9, -3.0, 4.0)",5.0,39,VISIBLE,-1.32,0.02
190,44,car,0.6629,55.91,123.59,673.75,488.31,364.83,305.95,617.84,364.72,225334.82,1.69,Horizontal Oblong,Orange,"(19, 66, 150)","(52.94, 3.0, 12.0)",12.37,44,VISIBLE,-8.66,0.67
190,43,car,0.6071,63.74,133.77,388.15,292.25,225.94,213.01,324.41,158.48,51411.49,2.05,Horizontal Oblong,Grey,"(72, 17, 170)","(68.24, -3.0, 2.0)",3.61,43,VISIBLE,-8.99,0.19
190,42,car,0.4019,622.91,288.43,1279.05,719.55,950.98,503.99,656.13,431.12,282872.43,1.52,Horizontal Oblong,Green,"(83, 174, 55)","(19.61, -12.0, 2.0)",12.17,42,VISIBLE,-1.26,13.26
190,22,car,0.4229,15.04,136.43,131.62,217.9,73.33,177.17,116.59,81.46,9497.46,1.43,Horizontal Oblong,Grey,"(98, 27, 149)","(59.61, -3.0, -3.0)",4.24,46,VISIBLE,-7.44,0.07
190,30,car,0.2155,799.09,131.09,855.88,174.92,827.48,153.0,56.79,43.83,2489.08,1.3,Horizontal Oblong,Grey,"(94, 18, 141)","(56.86, -3.0, -2.0)",3.61,45,VISIBLE,-3.61,0.13
190,47,car,0.4182,1114.65,123.57,1279.98,354.73,1197.32,239.15,165.33,231.16,38217.69,0.72,Vertical Oblong,Grey,"(55, 24, 135)","(54.9, -2.0, 1.0)",2.24,47,VISIBLE,-2.33,-0.82
191,6,car,0.4938,0.02,55.22,72.08,623.02,36.05,339.12,72.06,567.8,40915.15,0.13,Vertical Oblong,Grey,"(84, 25, 98)","(39.61, -1.0, 0.0)",1.0,6,VISIBLE,-4.42,25.16
191,18,can,0.2837,-47.85,509.48,0.01,720.05,-23.92,614.76,47.86,210.57,10077.69,0.23,Vertical Oblong,Neutral,"(0, 0, 0)","(0.0, 0.0, 0.0)",0.0,18,VISIBLE,-17.06,14.52
191,21,car,0.4859,697.2,145.15,1234.4,353.19,965.8,249.17,537.2,208.03,111755.57,2.58,Horizontal Oblong,Grey,"(98, 37, 128)","(50.98, -4.0, -4.0)",5.66,21,VISIBLE,-8.12,1.2
191,19,person,0.2796,254.1,24.6,312.58,98.66,283.34,61.63,58.48,74.06,4330.88,0.79,Vertical Oblong,Grey,"(106, 24, 126)","(50.98, 0.0, -4.0)",4.0,19,VISIBLE,-3.15,0.18
191,20,car,0.268,818.27,102.57,1063.62,204.04,940.95,153.31,245.35,101.47,24896.3,2.42,Horizontal Oblong,Grey,"(98, 41, 117)","(46.27, -3.0, -5.0)",5.83,20,VISIBLE,-2.69,0.77
191,3,car,0.4727,565.65,138.46,826.47,344.81,696.06,241.64,260.82,206.35,53818.28,1.26,Horizontal Oblong,Grey,"(90, 32, 130)","(51.76, -1.0, 0.0)",1.0,34,VISIBLE,-7.38,-0.36
191,35,person,0.38,1012.28,184.45,1090.12,264.92,1051.2,224.68,77.84,80.47,6263.62,0.97,Spherical / Regular,Grey,"(99, 46, 106)","(41.57, -4.0, -5.0)",6.4,35,VISIBLE,-6.83,0.3
191,37,truck,0.2629,1108.19,84.79,1194.37,137.84,1151.28,111.31,86.18,53.05,4571.96,1.62,Horizontal Oblong,Grey,"(66, 7, 164)","(67.06, -1.0, 0.0)",1.0,37,VISIBLE,-4.36,-0.06
191,33,chair,0.3068,956.34,204.66,1011.44,261.22,983.89,232.94,55.09,56.56,3116.23,0.97,Spherical / Regular,Cyan,"(98, 78, 102)","(38.04, -6.0, -8.0)",10.0,40,VISIBLE,-7.12,0.33
191,39,car,0.4427,1155.71,316.54,1280.0,719.97,1217.86,518.25,124.29,403.42,50140.6,0.31,Vertical Oblong,Grey,"(78, 83, 100)","(35.69, -2.0, 4.0)",4.47,39,VISIBLE,-1.36,0.66
191,44,car,0.6355,45.71,123.55,665.97,489.72,355.84,306.64,620.25,366.16,227115.22,1.69,Horizontal Oblong,Orange,"(19, 66, 149)","(53.33, 3.0, 12.0)",12.37,44,VISIBLE,-8.89,0.68
191,43,car,0.609,54.95,133.77,379.92,292.41,217.43,213.09,324.98,158.64,51555.1,2.05,Horizontal Oblong,Grey,"(73, 17, 170)","(68.24, -3.0, 1.0)",3.16,43,VISIBLE,-8.65,0.11
191,42,car,0.412,620.06,302.46,1279.26,719.53,949.66,511.0,659.21,417.07,274935.79,1.58,Horizontal Oblong,Green,"(83, 173, 52)","(18.43, -12.0, 2.0)",12.17,42,VISIBLE,-1.3,8.88
191,22,car,0.4753,5.44,136.44,126.56,218.75,66.0,177.6,121.12,82.31,9969.24,1.47,Horizontal Oblong,Grey,"(98, 28, 148)","(59.22, -3.0, -3.0)",4.24,46,VISIBLE,-7.36,0.32
191,30,car,0.1609,795.26,131.21,851.74,174.7,823.5,152.95,56.48,43.49,2456.39,1.3,Horizontal Oblong,Grey,"(94, 18, 140)","(56.86, -3.0, -2.0)",3.61,45,VISIBLE,-3.87,0.0
191,47,car,0.4003,1109.67,123.59,1279.92,354.39,1194.79,238.99,170.25,230.81,39295.03,0.74,Vertical Oblong,Grey,"(81, 24, 136)","(55.29, -2.0, 0.0)",2.0,47,VISIBLE,-2.46,-0.36
192,6,car,0.3249,0.01,70.79,62.26,615.65,31.14,343.22,62.25,544.86,33915.19,0.11,Vertical Oblong,Grey,"(66, 24, 94)","(38.04, -1.0, 1.0)",1.41,6,VISIBLE,-4.77,10.42
192,18,can,0.2837,-82.11,538.12,0.01,720.07,-41.05,629.09,82.12,181.95,14941.32,0.45,Vertical Oblong,Neutral,"(0, 0, 0)","(0.0, 0.0, 0.0)",0.0,18,VISIBLE,-17.11,14.39
192,21,car,0.3221,685.82,143.84,1228.12,355.4,956.97,249.62,542.3,211.56,114727.03,2.56,Horizontal Oblong,Grey,"(98, 36, 129)","(51.37, -4.0, -4.0)",5.66,21,VISIBLE,-8.62,0.67
192,19,person,0.2707,254.61,25.05,309.35,98.54,281.98,61.8,54.74,73.49,4022.86,0.74,Vertical Oblong,Grey,"(103, 26, 123)","(49.41, 0.0, -3.0)",3.0,19,VISIBLE,-1.9,0.17
192,20,car,0.2176,818.7,102.51,1059.98,192.13,939.34,147.32,241.29,89.61,21622.53,2.69,Horizontal Oblong,Grey,"(97, 40, 116)","(45.88, -3.0, -5.0)",5.83,20,VISIBLE,-1.93,-3.96
192,3,car,0.492,559.34,138.47,820.97,345.15,690.16,241.81,261.63,206.68,54073.94,1.27,Horizontal Oblong,Grey,"(90, 32, 130)","(51.76, -1.0, -1.0)",1.41,34,VISIBLE,-6.35,0.02
192,35,person,0.4566,1005.49,184.63,1082.89,264.73,1044.19,224.68,77.4,80.1,6199.68,0.97,Spherical / Regular,Grey,"(99, 47, 107)","(41.57, -4.0, -5.0)",6.4,35,VISIBLE,-6.96,0.09
192,37,truck,0.2629,1103.53,84.59,1190.29,137.91,1146.91,111.25,86.76,53.31,4625.22,1.63,Horizontal Oblong,Grey,"(81, 7, 164)","(67.06, -1.0, 0.0)",1.0,37,VISIBLE,-4.37,-0.06
192,33,chair,0.2391,949.18,204.78,1003.31,261.71,976.24,233.24,54.14,56.93,3081.98,0.95,Spherical / Regular,Cyan,"(98, 77, 101)","(38.04, -6.0, -8.0)",10.0,40,VISIBLE,-7.49,0.31
192,39,car,0.4694,1152.92,316.53,1280.0,719.98,1216.46,518.26,127.08,403.45,51270.03,0.31,Vertical Oblong,Grey,"(77, 81, 103)","(36.47, -2.0, 4.0)",4.47,39,VISIBLE,-1.38,0.2
192,44,car,0.6563,34.72,123.5,658.61,491.16,346.67,307.33,623.88,367.66,229375.49,1.7,Horizontal Oblong,Orange,"(19, 65, 150)","(53.33, 3.0, 12.0)",12.37,44,VISIBLE,-9.09,0.69
192,43,car,0.649,45.12,133.86,371.34,293.17,208.23,213.51,326.22,159.31,51970.86,2.05,Horizontal Oblong,Grey,"(72, 17, 170)","(68.63, -3.0, 2.0)",3.61,43,VISIBLE,-9.04,0.33
192,42,car,0.2542,617.1,246.9,1279.64,719.39,948.37,483.15,662.54,472.49,313042.31,1.4,Horizontal Oblong,Green,"(82, 165, 67)","(23.92, -11.0, 2.0)",11.18,42,VISIBLE,-1.29,-16.83
192,22,car,0.5213,-1.99,136.52,120.95,218.6,59.48,177.56,122.94,82.08,10089.94,1.5,Horizontal Oblong,Grey,"(98, 27, 147)","(59.22, -3.0, -4.0)",5.0,46,VISIBLE,-6.77,0.07
192,30,car,0.2206,790.63,131.31,847.73,175.06,819.18,153.18,57.1,43.75,2498.19,1.31,Horizontal Oblong,Grey,"(93, 16, 141)","(57.25, -3.0, -1.0)",3.16,45,VISIBLE,-4.19,0.16
192,47,car,0.3483,1104.66,123.66,1279.85,354.34,1192.26,239.0,175.19,230.68,40413.17,0.76,Vertical Oblong,Grey,"(81, 24, 137)","(55.69, -2.0, 0.0)",2.0,47,VISIBLE,-2.52,-0.1
193,6,car,0.3249,0.01,77.52,53.28,642.12,26.65,359.82,53.27,564.6,30074.13,0.09,Vertical Oblong,Grey,"(81, 24, 97)","(39.61, -1.0, 0.0)",1.0,6,VISIBLE,-4.57,14.75
193,18,can,0.2837,-116.36,566.75,0.01,720.08,-58.18,643.42,116.38,153.33,17843.84,0.76,Vertical Oblong,Neutral,"(0, 0, 0)","(0.0, 0.0, 0.0)",0.0,18,VISIBLE,-17.12,14.34
193,21,car,0.3017,675.73,144.61,1222.02,358.69,948.88,251.65,546.29,214.09,116952.26,2.55,Horizontal Oblong,Grey,"(98, 36, 128)","(50.98, -3.0, -4.0)",5.0,21,VISIBLE,-8.25,1.62
193,19,person,0.2599,251.64,25.66,305.21,98.95,278.43,62.3,53.57,73.29,3926.36,0.73,Vertical Oblong,Grey,"(106, 25, 124)","(49.8, 0.0, -4.0)",4.0,19,VISIBLE,-3.06,0.41
193,20,car,0.1811,817.62,102.82,1056.51,182.3,937.07,142.56,238.89,79.48,18986.06,3.01,Horizontal Oblong,Grey,"(98, 45, 117)","(45.88, -4.0, -5.0)",6.4,20,VISIBLE,-2.17,-4.52
193,3,car,0.4939,552.85,138.66,814.77,346.59,683.81,242.62,261.92,207.93,54460.23,1.26,Horizontal Oblong,Grey,"(92, 31, 131)","(51.76, -1.0, -1.0)",1.41,34,VISIBLE,-6.35,0.58
193,35,person,0.3941,997.81,184.72,1075.7,265.63,1036.75,225.17,77.89,80.91,6302.0,0.96,Spherical / Regular,Grey,"(100, 46, 108)","(42.35, -4.0, -5.0)",6.4,35,VISIBLE,-7.29,0.37
193,37,truck,0.1621,1099.53,84.93,1185.17,138.01,1142.35,111.47,85.64,53.08,4545.42,1.61,Horizontal Oblong,Grey,"(50, 7, 161)","(66.27, -1.0, 1.0)",1.41,37,VISIBLE,-4.5,0.14
193,33,chair,0.2953,941.5,205.06,996.01,262.3,968.76,233.68,54.51,57.24,3120.05,0.95,Spherical / Regular,Cyan,"(98, 77, 102)","(38.04, -6.0, -8.0)",10.0,40,VISIBLE,-7.49,0.4
193,39,car,0.4378,1150.25,313.75,1280.0,719.95,1215.12,516.85,129.75,406.2,52705.63,0.32,Vertical Oblong,Grey,"(77, 79, 105)","(36.86, -2.0, 4.0)",4.47,39,VISIBLE,-1.35,-0.92
193,44,car,0.6561,24.43,123.59,650.86,492.53,337.65,308.06,626.43,368.94,231117.09,1.7,Horizontal Oblong,Orange,"(19, 65, 149)","(53.33, 3.0, 12.0)",12.37,44,VISIBLE,-9.04,0.72
193,43,car,0.534,34.93,134.11,362.47,293.77,198.7,213.94,327.54,159.65,52292.88,2.05,Horizontal Oblong,Grey,"(72, 16, 170)","(68.24, -3.0, 2.0)",3.61,43,VISIBLE,-9.38,0.4
193,42,car,0.2468,614.13,268.59,1279.62,719.65,946.88,494.12,665.49,451.05,300173.37,1.48,Horizontal Oblong,Green,"(83, 168, 60)","(21.57, -12.0, 2.0)",12.17,42,VISIBLE,-1.43,2.63
193,22,car,0.3753,-6.05,136.54,115.41,219.14,54.68,177.84,121.45,82.6,10032.1,1.47,Horizontal Oblong,Grey,"(98, 27, 149)","(59.22, -3.0, -4.0)",5.0,46,VISIBLE,-5.39,0.22
193,30,car,0.2115,786.43,131.51,843.59,175.77,815.01,153.64,57.16,44.26,2529.94,1.29,Horizontal Oblong,Grey,"(94, 16, 142)","(57.84, -3.0, -2.0)",3.61,45,VISIBLE,-4.17,0.37
193,47,car,0.3377,1099.88,123.77,1279.86,353.49,1189.87,238.63,179.99,229.73,41347.2,0.78,Vertical Oblong,Grey,"(84, 24, 136)","(55.29, -2.0, 0.0)",2.0,47,VISIBLE,-2.42,-0.29
194,6,car,0.3249,0.02,84.26,44.3,668.59,22.16,376.43,44.29,584.33,25878.66,0.08,Vertical Oblong,Grey,"(81, 23, 98)","(40.0, -1.0, 0.0)",1.0,6,VISIBLE,-4.51,16.05
194,21,car,0.3975,666.92,145.35,1215.21,360.94,941.07,253.15,548.28,215.58,118201.14,2.54,Horizontal Oblong,Grey,"(98, 36, 127)","(50.59, -3.0, -4.0)",5.0,21,VISIBLE,-7.94,1.53
194,19,person,0.374,246.36,25.95,301.74,99.41,274.05,62.68,55.38,73.47,4068.31,0.75,Vertical Oblong,Grey,"(106, 23, 125)","(50.2, 0.0, -3.0)",3.0,19,VISIBLE,-3.98,0.38
194,20,car,0.1746,815.3,103.12,1053.43,176.97,934.36,140.05,238.14,73.85,17586.88,3.22,Horizontal Oblong,Grey,"(97, 49, 111)","(43.53, -5.0, -5.0)",7.07,20,VISIBLE,-2.54,-3.12
194,3,car,0.4965,546.82,138.88,810.53,346.42,678.67,242.65,263.71,207.54,54729.73,1.27,Horizontal Oblong,Grey,"(90, 30, 131)","(52.16, -1.0, -1.0)",1.41,34,VISIBLE,-5.5,0.19
194,35,person,0.4271,990.89,185.01,1068.72,266.3,1029.81,225.66,77.83,81.29,6327.09,0.96,Spherical / Regular,Grey,"(100, 44, 109)","(42.75, -4.0, -5.0)",6.4,35,VISIBLE,-7.05,0.45
194,37,truck,0.1649,1094.71,85.31,1180.3,138.4,1137.5,111.85,85.59,53.09,4543.98,1.61,Horizontal Oblong,Grey,"(50, 7, 161)","(65.88, -1.0, 1.0)",1.41,37,VISIBLE,-4.74,0.31
194,33,chair,0.3248,934.57,205.2,990.14,263.29,962.36,234.24,55.57,58.09,3228.1,0.96,Spherical / Regular,Cyan,"(98, 77, 102)","(38.04, -6.0, -8.0)",10.0,40,VISIBLE,-6.73,0.52
194,39,car,0.4188,1147.03,312.08,1280.0,719.92,1213.52,516.0,132.97,407.85,54231.53,0.33,Vertical Oblong,Grey,"(76, 77, 107)","(37.65, -2.0, 4.0)",4.47,39,VISIBLE,-1.53,-0.87
194,44,car,0.6712,14.48,123.67,642.92,494.15,328.7,308.91,628.44,370.48,232823.36,1.7,Horizontal Oblong,Orange,"(19, 66, 150)","(53.33, 3.0, 12.0)",12.37,44,VISIBLE,-8.97,0.81
194,43,car,0.6042,24.58,134.33,354.62,293.87,189.6,214.1,330.04,159.54,52653.44,2.07,Horizontal Oblong,Grey,"(72, 17, 171)","(68.63, -4.0, 2.0)",4.47,43,VISIBLE,-9.18,0.23
194,42,car,0.4345,610.45,282.66,1279.77,719.83,945.11,501.25,669.33,437.17,292607.45,1.53,Horizontal Oblong,Green,"(83, 172, 57)","(20.39, -12.0, 2.0)",12.17,42,VISIBLE,-1.67,5.78
194,22,car,0.3438,-7.59,136.46,111.28,219.48,51.85,177.97,118.88,83.02,9869.45,1.43,Horizontal Oblong,Grey,"(98, 28, 150)","(59.61, -3.0, -4.0)",5.0,46,VISIBLE,-3.6,0.16
194,30,car,0.2397,782.71,131.65,839.68,176.16,811.19,153.91,56.97,44.51,2535.33,1.28,Horizontal Oblong,Grey,"(90, 18, 141)","(57.65, -3.0, -1.0)",3.16,45,VISIBLE,-3.92,0.3
194,47,car,0.3489,1094.74,124.01,1279.91,354.47,1187.33,239.24,185.17,230.46,42674.28,0.8,Spherical / Regular,Grey,"(90, 23, 137)","(55.69, -2.0, 0.0)",2.0,47,VISIBLE,-2.51,0.34
194,48,person,0.1867,0.01,114.66,36.91,265.2,18.46,189.93,36.9,150.55,5555.28,0.25,Vertical Oblong,Grey,"(98, 38, 147)","(57.65, -3.0, -4.0)",5.0,48,VISIBLE,0.0,0.0
195,6,car,0.3249,0.02,91.0,35.32,695.07,17.67,393.03,35.31,604.07,21328.79,0.06,Vertical Oblong,Grey,"(81, 24, 97)","(40.0, -1.0, 0.0)",1.0,6,VISIBLE,-4.5,16.44
195,21,car,0.433,656.95,144.79,1208.15,364.15,932.55,254.47,551.2,219.36,120910.88,2.51,Horizontal Oblong,Grey,"(99, 36, 127)","(50.2, -3.0, -5.0)",5.83,21,VISIBLE,-8.34,1.39
195,19,person,0.3458,241.52,26.08,299.15,99.81,270.34,62.94,57.63,73.73,4249.41,0.78,Vertical Oblong,Grey,"(107, 22, 126)","(50.98, 0.0, -3.0)",3.0,19,VISIBLE,-3.79,0.3
195,20,car,0.1667,812.02,103.61,1049.69,174.81,930.85,139.21,237.68,71.2,16922.59,3.34,Horizontal Oblong,Grey,"(97, 51, 108)","(42.75, -5.0, -5.0)",7.07,20,VISIBLE,-3.22,-1.52
195,3,car,0.5211,540.32,139.15,806.56,344.34,673.44,241.75,266.24,205.19,54628.09,1.3,Horizontal Oblong,Grey,"(90, 30, 130)","(52.16, -1.0, -1.0)",1.41,34,VISIBLE,-5.31,-0.58
195,35,person,0.3769,982.5,185.47,1061.79,267.99,1022.14,226.73,79.29,82.53,6543.81,0.96,Spherical / Regular,Grey,"(99, 44, 108)","(42.75, -4.0, -5.0)",6.4,35,VISIBLE,-7.48,0.89
195,37,truck,0.1649,1090.13,85.37,1175.8,138.56,1132.97,111.96,85.67,53.19,4556.69,1.61,Horizontal Oblong,Grey,"(50, 7, 161)","(65.88, -1.0, 1.0)",1.41,37,VISIBLE,-4.6,0.17
195,33,chair,0.2965,925.91,205.63,982.66,264.11,954.29,234.87,56.75,58.48,3318.52,0.97,Spherical / Regular,Cyan,"(98, 76, 102)","(38.04, -6.0, -8.0)",10.0,40,VISIBLE,-7.67,0.59
195,39,car,0.3955,1142.98,307.16,1280.0,719.81,1211.49,513.49,137.02,412.66,56543.03,0.33,Vertical Oblong,Grey,"(76, 76, 106)","(37.65, -2.0, 4.0)",4.47,39,VISIBLE,-1.88,-2.02
195,44,car,0.6607,4.58,124.11,635.95,495.71,320.26,309.91,631.37,371.6,234614.86,1.7,Horizontal Oblong,Orange,"(19, 66, 150)","(53.33, 3.0, 12.0)",12.37,44,VISIBLE,-8.6,0.94
195,43,car,0.5665,14.27,134.41,346.77,294.99,180.52,214.7,332.5,160.57,53390.9,2.07,Horizontal Oblong,Grey,"(72, 16, 170)","(68.63, -3.0, 2.0)",3.61,43,VISIBLE,-9.11,0.49
195,42,car,0.4309,606.67,292.19,1279.8,719.95,943.23,506.07,673.13,427.76,287936.93,1.57,Horizontal Oblong,Green,"(83, 171, 55)","(19.61, -12.0, 2.0)",12.17,42,VISIBLE,-1.81,5.11
195,22,car,0.3447,-7.55,136.66,106.26,220.11,49.35,178.39,113.81,83.45,9497.19,1.36,Horizontal Oblong,Grey,"(98, 27, 150)","(59.61, -3.0, -3.0)",4.24,46,VISIBLE,-2.82,0.34
195,30,car,0.1971,778.88,131.99,835.66,176.51,807.27,154.25,56.78,44.52,2527.72,1.28,Horizontal Oblong,Grey,"(90, 16, 142)","(57.65, -3.0, -1.0)",3.16,45,VISIBLE,-3.92,0.33
195,47,car,0.3813,1090.46,124.11,1279.91,353.61,1185.18,238.86,189.45,229.5,43480.14,0.83,Spherical / Regular,Grey,"(94, 23, 137)","(55.69, -2.0, -1.0)",2.24,47,VISIBLE,-2.25,-0.16
195,48,person,0.1847,0.02,122.72,30.36,263.89,15.19,193.3,30.34,141.17,4282.97,0.21,Vertical Oblong,Grey,"(98, 38, 147)","(57.65, -3.0, -4.0)",5.0,48,VISIBLE,-3.27,3.38
196,6,car,0.3249,0.02,97.73,26.35,721.54,13.18,409.63,26.33,623.8,16424.51,0.04,Vertical Oblong,Grey,"(81, 26, 98)","(40.39, -1.0, 0.0)",1.0,6,VISIBLE,-4.49,16.55
196,21,car,0.3966,646.76,144.24,1201.97,367.96,924.37,256.1,555.21,223.72,124213.17,2.48,Horizontal Oblong,Grey,"(98, 37, 127)","(50.2, -4.0, -4.0)",5.66,21,VISIBLE,-8.23,1.56
196,19,person,0.2177,237.7,26.21,297.25,100.45,267.47,63.33,59.56,74.24,4421.55,0.8,Spherical / Regular,Grey,"(105, 22, 127)","(50.98, 0.0, -3.0)",3.0,19,VISIBLE,-3.14,0.36
196,20,car,0.1712,808.3,103.96,1046.15,172.92,927.23,138.44,237.85,68.96,16403.26,3.45,Horizontal Oblong,Grey,"(96, 51, 109)","(43.14, -5.0, -5.0)",7.07,20,VISIBLE,-3.51,-0.99
196,3,car,0.4996,534.25,139.51,803.8,344.22,669.02,241.87,269.55,204.71,55181.23,1.32,Horizontal Oblong,Grey,"(90, 29, 130)","(52.16, -2.0, -1.0)",2.24,34,VISIBLE,-4.68,-0.09
196,35,person,0.3928,975.05,185.59,1072.65,270.05,1023.85,227.82,97.6,84.46,8243.29,1.16,Spherical / Regular,Grey,"(99, 49, 106)","(41.57, -4.0, -5.0)",6.4,35,VISIBLE,-1.05,1.03
196,37,truck,0.1649,1085.56,85.43,1171.31,138.72,1128.43,112.07,85.75,53.29,4569.42,1.61,Horizontal Oblong,Grey,"(50, 7, 161)","(65.88, -1.0, 1.0)",1.41,37,VISIBLE,-4.55,0.13
196,33,chair,0.3329,917.7,206.14,975.97,265.05,946.84,235.6,58.27,58.91,3432.7,0.99,Spherical / Regular,Cyan,"(98, 77, 102)","(38.04, -6.0, -8.0)",10.0,40,VISIBLE,-7.52,0.69
196,39,car,0.4674,1139.53,309.25,1280.0,719.78,1209.76,514.51,140.47,410.54,57666.16,0.34,Vertical Oblong,Grey,"(75, 72, 109)","(39.22, -2.0, 4.0)",4.47,39,VISIBLE,-1.77,0.11
196,44,car,0.692,-3.06,124.7,628.77,497.49,312.85,311.09,631.84,372.79,235543.32,1.69,Horizontal Oblong,Orange,"(19, 67, 150)","(52.94, 3.0, 13.0)",13.34,44,VISIBLE,-7.77,1.11
196,43,car,0.611,4.27,134.91,338.58,296.27,171.43,215.59,334.31,161.36,53942.76,2.07,Horizontal Oblong,Grey,"(72, 16, 171)","(68.63, -3.0, 2.0)",3.61,43,VISIBLE,-9.1,0.77
196,42,car,0.4068,603.62,295.57,1279.84,720.02,941.73,507.8,676.22,424.46,287023.6,1.59,Horizontal Oblong,Green,"(83, 172, 54)","(19.61, -12.0, 2.0)",12.17,42,VISIBLE,-1.6,2.74
196,22,car,0.4066,-6.62,137.11,100.25,220.89,46.82,179.0,106.87,83.78,8953.91,1.28,Horizontal Oblong,Grey,"(98, 27, 151)","(60.39, -3.0, -3.0)",4.24,46,VISIBLE,-2.63,0.53
196,30,car,0.2098,774.56,132.27,832.01,176.4,803.29,154.34,57.44,44.13,2535.33,1.3,Horizontal Oblong,Grey,"(93, 17, 142)","(57.65, -3.0, -2.0)",3.61,45,VISIBLE,-3.97,0.16
196,47,car,0.3529,1085.84,124.14,1279.95,352.18,1182.89,238.16,194.11,228.04,44265.33,0.85,Spherical / Regular,Grey,"(93, 24, 137)","(55.69, -2.0, -1.0)",2.24,47,VISIBLE,-2.28,-0.54
196,48,person,0.1847,0.02,127.62,28.01,263.14,14.01,195.38,27.99,135.52,3793.67,0.21,Vertical Oblong,Grey,"(98, 34, 146)","(57.65, -3.0, -4.0)",5.0,48,VISIBLE,-1.8,2.47
197,6,car,0.3249,0.02,104.47,17.37,748.01,8.69,426.24,17.35,643.54,11165.82,0.03,Vertical Oblong,Grey,"(81, 26, 99)","(40.39, -1.0, 0.0)",1.0,6,VISIBLE,-4.49,16.59
197,21,car,0.3975,637.09,144.7,1196.28,372.38,916.68,258.54,559.19,227.68,127319.36,2.46,Horizontal Oblong,Grey,"(98, 36, 127)","(50.2, -3.0, -4.0)",5.0,21,VISIBLE,-7.85,2.18
197,19,person,0.2265,234.48,26.89,294.87,101.27,264.67,64.08,60.39,74.38,4491.63,0.81,Spherical / Regular,Grey,"(108, 22, 126)","(50.59, 0.0, -3.0)",3.0,19,VISIBLE,-2.9,0.63
197,20,car,0.1684,804.45,104.3,1042.45,172.6,923.45,138.45,238.0,68.3,16255.29,3.48,Horizontal Oblong,Grey,"(96, 50, 109)","(42.75, -5.0, -5.0)",7.07,20,VISIBLE,-3.69,-0.29
197,3,car,0.4815,528.47,139.93,800.09,346.76,664.28,243.35,271.62,206.83,56178.43,1.31,Horizontal Oblong,Grey,"(94, 29, 131)","(52.16, -1.0, -2.0)",2.24,34,VISIBLE,-4.73,1.01
197,35,person,0.342,967.65,186.37,1060.28,271.63,1013.96,229.0,92.64,85.26,7898.25,1.09,Spherical / Regular,Grey,"(100, 45, 108)","(42.35, -4.0, -5.0)",6.4,35,VISIBLE,-7.23,1.13
197,37,truck,0.1649,1080.99,85.49,1166.81,138.88,1123.9,112.18,85.82,53.39,4582.16,1.61,Horizontal Oblong,Grey,"(50, 8, 161)","(65.88, -1.0, 1.0)",1.41,37,VISIBLE,-4.54,0.12
197,33,chair,0.3377,909.45,206.77,968.9,266.14,939.17,236.45,59.45,59.37,3529.43,1.0,Spherical / Regular,Cyan,"(98, 76, 102)","(38.04, -6.0, -8.0)",10.0,40,VISIBLE,-7.62,0.81
197,39,car,0.4604,1136.74,312.83,1280.0,719.74,1208.37,516.29,143.25,406.92,58293.15,0.35,Vertical Oblong,Grey,"(75, 68, 110)","(40.0, -1.0, 4.0)",4.12,39,VISIBLE,-1.51,1.27
197,44,car,0.6704,-6.94,125.24,621.94,499.15,307.5,312.19,628.88,373.9,235141.25,1.68,Horizontal Oblong,Orange,"(19, 68, 149)","(52.94, 3.0, 13.0)",13.34,44,VISIBLE,-6.08,1.1
197,43,car,0.5149,-3.09,135.42,330.24,296.53,163.57,215.97,333.33,161.11,53702.26,2.07,Horizontal Oblong,Grey,"(72, 16, 170)","(68.24, -4.0, 2.0)",4.47,43,VISIBLE,-8.22,0.5
197,42,car,0.3586,600.79,301.56,1279.77,720.06,940.28,510.81,678.98,418.5,284150.76,1.62,Horizontal Oblong,Green,"(83, 168, 54)","(19.22, -12.0, 1.0)",12.04,42,VISIBLE,-1.49,2.93
197,22,car,0.3026,-5.34,137.59,94.35,223.84,44.51,180.71,99.68,86.25,8597.71,1.16,Spherical / Regular,Grey,"(98, 26, 152)","(60.78, -3.0, -3.0)",4.24,46,VISIBLE,-2.4,1.36
197,30,car,0.2502,770.74,132.93,828.01,176.3,799.37,154.61,57.27,43.37,2483.82,1.32,Horizontal Oblong,Grey,"(94, 17, 142)","(57.65, -3.0, -2.0)",3.61,45,VISIBLE,-3.93,0.24
197,47,car,0.3374,1082.05,124.33,1279.9,349.64,1180.97,236.99,197.85,225.3,44575.36,0.88,Spherical / Regular,Grey,"(94, 23, 135)","(54.9, -2.0, -1.0)",2.24,47,VISIBLE,-2.03,-0.98
197,48,person,0.1847,0.02,132.53,25.67,262.4,12.84,197.46,25.65,129.87,3330.86,0.2,Vertical Oblong,Grey,"(98, 29, 147)","(58.04, -3.0, -3.0)",4.24,48,VISIBLE,-1.36,2.2
198,21,car,0.1757,623.46,147.64,1189.66,378.83,906.56,263.23,566.19,231.19,130898.83,2.45,Horizontal Oblong,Grey,"(98, 37, 126)","(49.8, -3.0, -4.0)",5.0,21,VISIBLE,-9.44,3.94
198,19,person,0.2081,230.86,27.38,291.85,102.26,261.35,64.82,61.0,74.88,4567.37,0.81,Spherical / Regular,Grey,"(107, 22, 126)","(50.39, 0.0, -3.0)",3.0,19,VISIBLE,-3.19,0.71
198,20,car,0.1672,800.19,104.7,1039.35,171.52,919.77,138.11,239.16,66.82,15981.35,3.58,Horizontal Oblong,Grey,"(96, 49, 108)","(42.75, -5.0, -5.0)",7.07,20,VISIBLE,-3.68,-0.33
198,3,car,0.4962,522.99,140.47,796.2,348.75,659.6,244.61,273.21,208.28,56903.46,1.31,Horizontal Oblong,Grey,"(93, 29, 132)","(52.94, -1.0, -2.0)",2.24,34,VISIBLE,-4.7,1.19
198,35,person,0.4417,959.94,186.97,1049.03,272.91,1004.49,229.94,89.09,85.95,7657.3,1.04,Spherical / Regular,Grey,"(100, 42, 108)","(42.75, -4.0, -5.0)",6.4,35,VISIBLE,-8.81,1.0
198,37,truck,0.1649,1076.42,85.55,1162.32,139.04,1119.37,112.29,85.9,53.49,4594.92,1.61,Horizontal Oblong,Grey,"(50, 8, 162)","(65.88, -1.0, 1.0)",1.41,37,VISIBLE,-4.53,0.11
198,33,chair,0.3961,903.08,207.57,962.13,266.78,932.61,237.17,59.05,59.21,3496.61,1.0,Spherical / Regular,Cyan,"(98, 75, 102)","(38.43, -6.0, -8.0)",10.0,40,VISIBLE,-6.88,0.75
198,39,car,0.4383,1134.39,307.68,1280.0,719.84,1207.2,513.76,145.6,412.15,60011.64,0.35,Vertical Oblong,Grey,"(75, 64, 112)","(41.18, -1.0, 4.0)",4.12,39,VISIBLE,-1.27,-1.39
198,44,car,0.6723,-8.35,125.95,615.03,500.73,303.34,313.34,623.38,374.78,233630.33,1.66,Horizontal Oblong,Orange,"(19, 69, 149)","(52.94, 4.0, 13.0)",13.6,44,VISIBLE,-4.74,1.13
198,43,car,0.312,-6.82,136.15,322.1,316.58,157.64,226.37,328.92,180.44,59348.08,1.82,Horizontal Oblong,Grey,"(69, 19, 176)","(70.98, -3.0, 2.0)",3.61,43,VISIBLE,-6.62,7.42
198,42,car,0.3544,597.67,243.93,1279.7,720.08,938.68,482.0,682.03,476.15,324745.29,1.43,Horizontal Oblong,Green,"(83, 160, 70)","(25.49, -11.0, 2.0)",11.18,42,VISIBLE,-1.56,-19.28
198,22,car,0.2451,-3.99,137.71,88.29,265.43,42.15,201.57,92.29,127.72,11786.46,0.72,Vertical Oblong,Grey,"(69, 17, 162)","(65.1, -3.0, 1.0)",3.16,46,VISIBLE,-2.37,15.01
198,30,car,0.2529,767.16,133.55,824.22,176.27,795.69,154.91,57.06,42.72,2437.62,1.34,Horizontal Oblong,Grey,"(93, 19, 141)","(57.25, -3.0, -2.0)",3.61,45,VISIBLE,-3.76,0.28
198,47,car,0.2946,1077.51,124.66,1279.94,349.67,1178.72,237.17,202.43,225.0,45546.9,0.9,Spherical / Regular,Grey,"(94, 23, 135)","(54.51, -2.0, -1.0)",2.24,47,VISIBLE,-2.18,-0.17
198,48,person,0.1847,0.02,137.43,23.32,261.66,11.67,199.55,23.3,124.22,2894.56,0.19,Vertical Oblong,Grey,"(96, 26, 148)","(58.82, -3.0, -3.0)",4.24,48,VISIBLE,-1.23,2.12
199,21,car,0.4261,614.41,149.58,1184.42,396.33,899.41,272.96,570.01,246.76,140653.46,2.31,Horizontal Oblong,Grey,"(99, 36, 126)","(49.8, -3.0, -4.0)",5.0,21,VISIBLE,-7.83,7.99
199,19,person,0.2915,227.79,27.86,288.6,102.88,258.19,65.37,60.8,75.03,4562.01,0.81,Spherical / Regular,Grey,"(106, 21, 127)","(50.59, 0.0, -2.5)",2.5,19,VISIBLE,-3.17,0.6
199,20,car,0.1678,796.39,104.95,1036.13,169.41,916.26,137.18,239.75,64.45,15452.4,3.72,Horizontal Oblong,Grey,"(98, 49, 108)","(42.35, -5.0, -5.0)",7.07,20,VISIBLE,-3.56,-0.75
199,3,car,0.4864,518.27,140.97,792.44,348.03,655.36,244.5,274.17,207.06,56769.74,1.32,Horizontal Oblong,Grey,"(93, 28, 132)","(52.94, -2.0, -2.0)",2.83,34,VISIBLE,-4.38,0.28
199,35,person,0.4771,953.69,187.46,1038.16,273.28,995.93,230.37,84.47,85.82,7249.06,0.98,Spherical / Regular,Grey,"(99, 42, 108)","(43.14, -4.0, -5.0)",6.4,35,VISIBLE,-8.63,0.6
199,37,truck,0.1764,1071.7,85.47,1159.18,139.37,1115.44,112.42,87.48,53.9,4715.44,1.62,Horizontal Oblong,Grey,"(50, 8, 163)","(66.27, -1.0, 1.0)",1.41,37,VISIBLE,-4.11,0.12
199,33,chair,0.371,896.75,208.42,955.79,267.59,926.27,238.0,59.05,59.17,3493.97,1.0,Spherical / Regular,Cyan,"(98, 75, 102)","(38.43, -6.0, -8.0)",10.0,40,VISIBLE,-6.5,0.8
199,39,car,0.4878,1132.1,311.83,1280.0,719.83,1206.05,515.83,147.9,407.99,60343.72,0.36,Vertical Oblong,Grey,"(75, 62, 114)","(41.96, -1.0, 4.0)",4.12,39,VISIBLE,-1.18,1.03
199,44,car,0.6454,-8.15,126.57,608.31,502.96,300.08,314.77,616.45,376.39,232026.49,1.64,Horizontal Oblong,Orange,"(18, 70, 149)","(52.94, 4.0, 14.0)",14.56,44,VISIBLE,-3.7,1.34
199,43,car,0.2779,-8.09,136.62,314.41,347.06,153.16,241.84,322.5,210.44,67865.86,1.53,Horizontal Oblong,Grey,"(60, 22, 182)","(73.33, -2.0, 3.0)",3.61,43,VISIBLE,-5.12,13.06
199,42,car,0.3432,594.96,264.83,1279.29,720.07,937.13,492.45,684.32,455.25,311535.96,1.5,Horizontal Oblong,Green,"(83, 163, 63)","(22.75, -11.0, 2.0)",11.18,42,VISIBLE,-1.56,1.53
199,22,car,0.2141,-2.78,137.76,82.31,303.26,39.77,220.51,85.08,165.5,14081.31,0.51,Vertical Oblong,Grey,"(60, 15, 175)","(70.59, -2.0, 1.0)",2.24,46,VISIBLE,-2.38,17.76
199,30,car,0.22,763.87,134.16,820.71,175.92,792.29,155.04,56.84,41.77,2373.95,1.36,Horizontal Oblong,Grey,"(95, 23, 139)","(55.69, -3.0, -2.0)",3.61,45,VISIBLE,-3.51,0.17
199,47,car,0.3094,1073.97,125.27,1279.95,351.29,1176.96,238.28,205.98,226.02,46554.84,0.91,Spherical / Regular,Grey,"(94, 23, 135)","(54.9, -2.0, -1.0)",2.24,47,VISIBLE,-1.89,0.73
200,21,car,0.5154,605.29,151.19,1179.9,416.57,892.59,283.88,574.62,265.37,152487.23,2.17,Horizontal Oblong,Grey,"(98, 30, 133)","(52.55, -3.0, -4.0)",5.0,21,VISIBLE,-7.12,10.04
200,19,person,0.3446,225.59,28.2,285.49,102.98,255.54,65.59,59.9,74.77,4478.84,0.8,Spherical / Regular,Grey,"(105, 21, 127)","(50.98, 0.0, -2.0)",2.0,19,VISIBLE,-2.81,0.33
200,20,car,0.1951,793.63,105.19,1032.57,167.12,913.1,136.15,238.95,61.93,14798.77,3.86,Horizontal Oblong,Grey,"(98, 53, 107)","(41.57, -5.0, -5.0)",7.07,20,VISIBLE,-3.28,-0.94
200,3,car,0.48,514.05,141.34,787.6,348.24,650.82,244.79,273.55,206.9,56596.89,1.32,Horizontal Oblong,Grey,"(93, 27, 132)","(52.94, -2.0, -2.0)",2.83,34,VISIBLE,-4.48,0.29
200,35,person,0.4272,945.84,187.97,1029.81,274.06,987.82,231.01,83.98,86.09,7229.68,0.98,Spherical / Regular,Grey,"(99, 42, 109)","(43.14, -5.0, -5.0)",7.07,35,VISIBLE,-8.26,0.63
200,37,truck,0.2295,1066.74,85.15,1165.42,139.81,1116.08,112.48,98.68,54.66,5394.08,1.81,Horizontal Oblong,Grey,"(50, 7, 165)","(67.45, -1.0, 1.0)",1.41,37,VISIBLE,-0.79,0.08
200,33,chair,0.3537,890.23,209.32,949.11,268.81,919.67,239.06,58.88,59.49,3503.17,0.99,Spherical / Regular,Cyan,"(98, 75, 102)","(38.04, -6.0, -8.0)",10.0,40,VISIBLE,-6.57,0.98
200,39,car,0.5242,1129.86,316.43,1280.0,719.88,1204.93,518.15,150.14,403.45,60573.88,0.37,Vertical Oblong,Grey,"(73, 58, 116)","(42.75, -1.0, 4.0)",4.12,39,VISIBLE,-1.14,1.94
200,44,car,0.6802,-7.07,127.08,601.32,504.88,297.12,315.98,608.39,377.8,229852.57,1.61,Horizontal Oblong,Orange,"(18, 71, 149)","(52.55, 4.0, 14.0)",14.56,44,VISIBLE,-3.18,1.25
200,43,car,0.3181,-7.84,137.16,307.48,362.13,149.82,249.64,315.32,224.97,70939.3,1.4,Horizontal Oblong,Grey,"(39, 27, 187)","(73.33, -2.0, 4.0)",4.47,43,VISIBLE,-3.87,9.38
200,42,car,0.4654,592.92,278.94,1278.58,720.06,935.75,499.5,685.66,441.12,302459.46,1.55,Horizontal Oblong,Green,"(83, 169, 59)","(21.18, -12.0, 2.0)",12.17,42,VISIBLE,-1.43,5.39
200,22,car,0.2164,-1.77,138.0,75.97,321.78,37.1,229.89,77.75,183.78,14288.18,0.42,Vertical Oblong,Grey,"(42, 17, 182)","(73.33, -1.0, 2.0)",2.24,46,VISIBLE,-2.58,11.89
200,30,car,0.236,760.11,134.69,816.74,175.39,788.42,155.04,56.63,40.7,2304.81,1.39,Horizontal Oblong,Grey,"(93, 22, 138)","(55.69, -3.0, -2.0)",3.61,45,VISIBLE,-3.76,0.05
200,47,car,0.2507,1054.91,125.45,1279.97,353.74,1167.44,239.6,225.07,228.29,51380.25,0.99,Spherical / Regular,Grey,"(93, 24, 137)","(55.69, -2.0, -1.0)",2.24,47,VISIBLE,-7.23,1.14
200,49,person,0.2039,1218.09,158.58,1264.2,209.16,1241.15,183.87,46.11,50.58,2332.05,0.91,Spherical / Regular,Grey,"(99, 69, 90)","(33.92, -5.0, -6.0)",7.81,49,VISIBLE,0.0,0.0
201,21,car,0.433,595.44,152.36,1175.37,438.59,885.4,295.48,579.93,286.23,165992.61,2.03,Horizontal Oblong,Grey,"(98, 28, 138)","(54.51, -3.0, -3.0)",4.24,21,VISIBLE,-7.17,11.13
201,19,person,0.351,223.01,28.66,283.45,103.59,253.23,66.12,60.44,74.93,4528.51,0.81,Spherical / Regular,Grey,"(105, 22, 127)","(50.59, 0.0, -3.0)",3.0,19,VISIBLE,-2.46,0.47
201,20,car,0.181,791.66,105.46,1029.34,165.22,910.5,135.34,237.67,59.76,14203.88,3.98,Horizontal Oblong,Grey,"(98, 53, 106)","(41.18, -5.0, -5.0)",7.07,20,VISIBLE,-2.8,-0.85
201,3,car,0.5066,509.79,141.73,782.79,349.93,646.29,245.83,273.0,208.2,56838.4,1.31,Horizontal Oblong,Grey,"(94, 27, 132)","(52.55, -2.0, -2.0)",2.83,34,VISIBLE,-4.52,0.81
201,35,person,0.5252,938.47,188.36,1022.06,275.13,980.27,231.75,83.59,86.78,7253.61,0.96,Spherical / Regular,Grey,"(99, 41, 109)","(43.14, -4.0, -5.0)",6.4,35,VISIBLE,-7.77,0.7
201,37,truck,0.2856,1061.95,84.9,1192.41,141.48,1127.18,113.19,130.45,56.58,7381.41,2.31,Horizontal Oblong,Grey,"(33, 8, 156)","(63.53, -1.0, 2.0)",2.24,37,VISIBLE,7.53,0.52
201,33,chair,0.3929,885.63,210.15,943.34,270.16,914.48,240.15,57.72,60.01,3463.62,0.96,Spherical / Regular,Cyan,"(98, 74, 101)","(38.04, -6.0, -8.0)",10.0,40,VISIBLE,-5.6,1.06
201,39,car,0.5013,1127.77,316.99,1280.0,719.94,1203.88,518.46,152.23,402.95,61342.47,0.38,Vertical Oblong,Grey,"(73, 56, 115)","(42.75, -1.0, 4.0)",4.12,39,VISIBLE,-1.07,0.8
201,44,car,0.6776,-5.64,127.57,594.76,506.67,294.56,317.12,600.41,379.1,227613.63,1.58,Horizontal Oblong,Orange,"(18, 72, 149)","(52.55, 4.0, 14.0)",14.56,44,VISIBLE,-2.75,1.17
201,43,car,0.2961,-6.78,137.64,297.7,347.51,145.46,242.58,304.48,209.87,63901.85,1.45,Horizontal Oblong,Grey,"(60, 20, 182)","(72.94, -3.0, 3.0)",4.24,43,VISIBLE,-4.21,-2.13
201,42,car,0.4117,590.2,289.04,1278.59,720.05,934.39,504.55,688.39,431.01,296702.53,1.6,Horizontal Oblong,Green,"(83, 166, 56)","(20.39, -12.0, 2.0)",12.17,42,VISIBLE,-1.38,5.15
201,22,car,0.2195,-1.01,138.15,69.23,328.63,34.11,233.39,70.23,190.48,13378.04,0.37,Vertical Oblong,Grey,"(30, 17, 183)","(73.73, -1.0, 3.0)",3.16,46,VISIBLE,-2.87,6.02
201,30,car,0.2362,756.53,135.36,813.2,175.71,784.86,155.54,56.66,40.35,2286.37,1.4,Horizontal Oblong,Grey,"(93, 21, 137)","(55.29, -3.0, -2.0)",3.61,45,VISIBLE,-3.62,0.36
201,47,car,0.3094,1042.71,125.82,1279.99,351.88,1161.35,238.85,237.28,226.06,53641.54,1.05,Spherical / Regular,Grey,"(94, 25, 138)","(56.08, -2.0, -1.0)",2.24,47,VISIBLE,-6.43,-0.18
201,49,person,0.1986,1214.5,159.21,1262.62,210.07,1238.56,184.64,48.12,50.85,2446.82,0.95,Spherical / Regular,Grey,"(99, 67, 89)","(33.73, -4.0, -6.0)",7.21,49,VISIBLE,-2.59,0.77
202,21,car,0.4975,587.65,153.71,1171.56,461.26,879.61,307.49,583.91,307.56,179586.19,1.9,Horizontal Oblong,Grey,"(95, 30, 135)","(53.33, -3.0, -2.0)",3.61,21,VISIBLE,-6.21,11.75
202,19,person,0.1864,221.34,29.03,281.76,104.07,251.55,66.55,60.42,75.04,4533.83,0.81,Spherical / Regular,Grey,"(108, 22, 126)","(49.8, 1.0, -3.0)",3.16,19,VISIBLE,-1.91,0.44
202,20,car,0.1897,789.51,105.81,1026.22,163.98,907.86,134.89,236.7,58.17,13769.04,4.07,Horizontal Oblong,Grey,"(98, 54, 106)","(41.18, -4.0, -5.0)",6.4,20,VISIBLE,-2.69,-0.57
202,3,car,0.4736,506.13,142.41,777.09,351.94,641.61,247.18,270.96,209.53,56774.33,1.29,Horizontal Oblong,Grey,"(95, 27, 130)","(52.16, -2.0, -2.0)",2.83,34,VISIBLE,-4.63,1.19
202,35,person,0.5696,932.47,189.37,1014.94,276.48,973.7,232.92,82.48,87.1,7184.1,0.95,Spherical / Regular,Grey,"(99, 39, 110)","(43.14, -4.0, -5.0)",6.4,35,VISIBLE,-6.92,1.04
202,37,truck,0.3136,1057.7,85.1,1210.95,143.02,1134.32,114.06,153.25,57.92,8876.38,2.65,Horizontal Oblong,Grey,"(30, 10, 154)","(63.14, -1.0, 2.0)",2.24,37,VISIBLE,7.26,0.77
202,33,chair,0.3428,880.22,211.14,937.07,271.05,908.65,241.09,56.85,59.91,3405.88,0.95,Spherical / Regular,Cyan,"(99, 73, 101)","(38.04, -6.0, -8.0)",10.0,40,VISIBLE,-5.77,0.98
202,39,car,0.5003,1125.61,309.39,1280.0,719.98,1202.8,514.69,154.39,410.58,63390.82,0.38,Vertical Oblong,Grey,"(73, 56, 115)","(42.75, -1.0, 4.0)",4.12,39,VISIBLE,-1.08,-2.41
202,44,car,0.6545,-4.18,127.93,587.97,508.47,291.89,318.2,592.15,380.53,225335.23,1.56,Horizontal Oblong,Orange,"(18, 73, 149)","(52.16, 4.0, 15.0)",15.52,44,VISIBLE,-2.69,1.11
202,43,car,0.2544,-5.39,138.22,289.78,332.87,142.19,235.55,295.17,194.65,57454.0,1.52,Horizontal Oblong,Grey,"(60, 18, 176)","(70.98, -3.0, 2.0)",3.61,43,VISIBLE,-3.55,-5.56
202,42,car,0.4752,587.85,297.39,1278.34,720.04,933.09,508.71,690.5,422.65,291837.8,1.63,Horizontal Oblong,Green,"(83, 164, 55)","(19.61, -12.0, 2.0)",12.17,42,VISIBLE,-1.32,4.46
202,22,car,0.1801,-0.46,138.92,63.86,328.55,31.7,233.73,64.32,189.63,12197.28,0.34,Vertical Oblong,Grey,"(26, 15, 182)","(73.73, -1.0, 4.0)",4.12,46,VISIBLE,-2.55,2.05
202,30,car,0.2365,753.49,135.86,809.64,175.57,781.57,155.71,56.14,39.71,2229.22,1.41,Horizontal Oblong,Grey,"(95, 23, 137)","(55.1, -3.0, -2.0)",3.61,45,VISIBLE,-3.4,0.23
202,47,car,0.3631,1043.51,126.15,1280.0,350.24,1161.76,238.19,236.49,224.09,52994.43,1.06,Spherical / Regular,Grey,"(94, 24, 137)","(55.29, -2.0, -1.0)",2.24,47,VISIBLE,-1.65,-0.51
202,49,person,0.2259,1210.05,159.37,1260.28,210.88,1235.16,185.13,50.24,51.51,2587.78,0.98,Spherical / Regular,Grey,"(100, 69, 89)","(33.73, -4.0, -6.0)",7.21,49,VISIBLE,-3.15,0.57
203,21,car,0.5184,575.88,154.78,1165.21,484.81,870.54,319.8,589.32,330.03,194494.1,1.79,Horizontal Oblong,Grey,"(93, 34, 130)","(51.37, -3.0, -1.0)",3.16,21,VISIBLE,-8.21,12.14
203,19,person,0.3572,218.52,29.89,278.94,104.78,248.73,67.33,60.42,74.88,4524.37,0.81,Spherical / Regular,Grey,"(105, 23, 126)","(50.59, 0.0, -3.0)",3.0,19,VISIBLE,-2.55,0.68
203,20,car,0.1847,785.66,107.37,1021.64,162.9,903.65,135.13,235.98,55.53,13104.01,4.25,Horizontal Oblong,Grey,"(98, 55, 105)","(41.18, -5.0, -5.0)",7.07,20,VISIBLE,-3.76,-0.0
203,3,car,0.4889,498.91,143.67,770.23,351.12,634.57,247.4,271.31,207.45,56284.09,1.31,Horizontal Oblong,Grey,"(94, 26, 128)","(51.37, -2.0, -2.0)",2.83,34,VISIBLE,-6.32,0.51
203,35,person,0.5381,923.93,190.9,1005.86,278.44,964.9,234.67,81.92,87.54,7171.36,0.94,Spherical / Regular,Grey,"(100, 41, 110)","(43.53, -4.0, -5.0)",6.4,35,VISIBLE,-8.24,1.53
203,37,truck,0.3396,1051.44,85.26,1220.73,144.44,1136.08,114.85,169.28,59.19,10019.31,2.86,Horizontal Oblong,Grey,"(30, 11, 153)","(62.75, -1.0, 3.0)",3.16,37,VISIBLE,3.41,0.78
203,33,chair,0.2661,873.74,212.93,929.05,272.97,901.4,242.95,55.31,60.04,3320.79,0.92,Spherical / Regular,Grey,"(99, 72, 101)","(38.04, -6.0, -7.0)",9.22,40,VISIBLE,-6.81,1.59
203,39,car,0.5153,1122.43,308.38,1280.0,720.0,1201.22,514.19,157.57,411.62,64859.54,0.38,Vertical Oblong,Grey,"(71, 51, 117)","(44.31, -1.0, 4.0)",4.12,39,VISIBLE,-1.44,-1.07
203,44,car,0.6475,-2.88,128.68,578.83,511.46,287.97,320.07,581.71,382.78,222666.39,1.52,Horizontal Oblong,Orange,"(18, 75, 148)","(52.16, 4.0, 15.0)",15.52,44,VISIBLE,-3.55,1.64
203,43,car,0.2515,-3.98,139.18,278.61,320.98,137.31,230.08,282.59,181.8,51373.99,1.55,Horizontal Oblong,Grey,"(69, 18, 168)","(67.45, -3.0, 2.0)",3.61,43,VISIBLE,-4.48,-5.49
203,42,car,0.4531,584.2,303.78,1278.11,720.03,931.15,511.9,693.91,416.25,288840.25,1.67,Horizontal Oblong,Green,"(83, 164, 54)","(19.61, -12.0, 2.0)",12.17,42,VISIBLE,-1.76,3.57
203,22,car,0.1993,-0.1,140.15,55.0,326.26,27.45,233.2,55.1,186.11,10254.44,0.3,Vertical Oblong,Grey,"(22, 17, 181)","(72.94, -1.0, 4.0)",4.12,46,VISIBLE,-3.74,0.24
203,30,car,0.1862,748.31,137.11,804.05,175.26,776.18,156.18,55.74,38.15,2126.67,1.46,Horizontal Oblong,Grey,"(95, 30, 135)","(54.12, -4.0, -3.0)",5.0,45,VISIBLE,-4.79,0.4
203,47,car,0.3815,1032.79,126.55,1280.01,349.28,1156.4,237.91,247.21,222.73,55062.11,1.11,Spherical / Regular,Grey,"(94, 26, 134)","(54.51, -2.0, -1.0)",2.24,47,VISIBLE,-4.24,-0.35
203,49,person,0.3468,1202.44,159.57,1254.76,212.61,1228.6,186.09,52.32,53.04,2775.01,0.99,Spherical / Regular,Grey,"(99, 68, 88)","(33.33, -5.0, -6.0)",7.81,49,VISIBLE,-5.54,0.85
204,21,car,0.5184,565.83,155.98,1159.91,503.01,862.87,329.49,594.07,347.03,206158.82,1.71,Horizontal Oblong,Grey,"(76, 35, 95)","(37.65, 0.0, 1.0)",1.0,21,VISIBLE,-7.83,10.43
204,19,person,0.3572,215.83,30.41,276.39,105.34,246.11,67.87,60.56,74.93,4537.66,0.81,Spherical / Regular,Grey,"(99, 38, 87)","(34.9, -1.0, -3.0)",3.16,19,VISIBLE,-2.6,0.58
204,20,car,0.1847,782.65,108.0,1018.0,161.19,900.32,134.59,235.35,53.19,12518.29,4.42,Horizontal Oblong,Grey,"(50, 20, 62)","(25.1, -1.0, 0.0)",1.0,20,VISIBLE,-3.45,-0.38
204,3,car,0.375,496.0,188.83,756.24,341.93,626.12,265.38,260.23,153.1,39842.46,1.7,Horizontal Oblong,Grey,"(95, 24, 111)","(45.49, 0.0, 0.0)",0.0,34,VISIBLE,-7.81,12.74
204,35,person,0.5381,916.56,191.74,997.82,279.75,957.19,235.75,81.26,88.01,7152.12,0.92,Spherical / Regular,Grey,"(100, 29, 114)","(45.49, 0.0, -2.0)",2.0,35,VISIBLE,-7.87,1.21
204,37,truck,0.3396,1046.4,85.27,1230.25,145.47,1138.33,115.37,183.85,60.19,11066.26,3.05,Horizontal Oblong,Grey,"(15, 29, 61)","(24.31, 0.0, 2.0)",2.0,37,VISIBLE,2.59,0.6
204,33,chair,0.2661,867.53,213.99,922.21,274.21,894.87,244.1,54.68,60.22,3292.91,0.91,Spherical / Regular,Grey,"(17, 30, 96)","(37.65, 2.0, 2.0)",2.83,40,VISIBLE,-6.61,1.28
204,39,car,0.5138,1147.31,370.68,1280.0,712.37,1213.66,541.53,132.69,341.69,45337.99,0.39,Vertical Oblong,Grey,"(90, 24, 69)","(27.84, 0.0, 0.0)",0.0,39,VISIBLE,8.28,18.81
204,44,car,0.6475,-3.27,129.21,571.35,513.57,284.04,321.39,574.62,384.37,220863.73,1.49,Horizontal Oblong,Grey,"(98, 37, 99)","(38.04, 0.0, -1.0)",1.0,44,VISIBLE,-3.82,1.42
204,43,car,0.2515,-4.91,139.8,269.61,318.05,132.35,228.93,274.52,178.25,48934.91,1.54,Horizontal Oblong,Grey,"(98, 22, 91)","(36.86, -1.0, -2.0)",2.24,43,VISIBLE,-4.82,-2.46
204,42,car,0.4531,581.29,309.37,1277.9,720.03,929.59,514.7,696.61,410.66,286070.69,1.7,Horizontal Oblong,Grey,"(95, 35, 70)","(27.06, 0.0, 0.0)",0.0,42,VISIBLE,-1.62,3.03
204,22,car,0.1993,0.2,140.71,48.3,334.03,24.25,237.37,48.1,193.32,9299.57,0.25,Vertical Oblong,Grey,"(98, 21, 86)","(35.29, -1.0, -2.0)",2.24,46,VISIBLE,-3.36,2.99
204,30,car,0.1862,744.35,137.82,799.86,175.13,772.1,156.47,55.51,37.31,2071.16,1.49,Horizontal Oblong,Grey,"(84, 12, 126)","(52.55, -2.0, 0.0)",2.0,45,VISIBLE,-4.29,0.32
204,47,car,0.3815,1025.12,126.87,1280.02,348.69,1152.57,237.78,254.89,221.82,56541.3,1.15,Spherical / Regular,Grey,"(99, 26, 95)","(38.82, -1.0, -2.0)",2.24,47,VISIBLE,-3.95,-0.2
204,49,person,0.3468,1198.31,159.87,1251.84,213.52,1225.08,186.69,53.53,53.66,2872.1,1.0,Spherical / Regular,Black,"(30, 17, 52)","(21.18, 0.0, 0.0)",0.0,49,VISIBLE,-4.13,0.68
205,21,car,0.5184,555.78,157.18,1154.61,521.2,855.19,339.19,598.83,364.02,217985.06,1.65,Horizontal Oblong,Grey,"(81, 36, 93)","(36.86, 0.0, 0.0)",0.0,21,VISIBLE,-7.72,9.92
205,19,person,0.3572,213.15,30.93,273.85,105.9,243.5,68.42,60.7,74.97,4550.96,0.81,Spherical / Regular,Grey,"(102, 39, 87)","(34.71, -1.0, -4.0)",4.12,19,VISIBLE,-2.61,0.55
205,20,car,0.1847,779.63,108.63,1014.36,159.48,896.99,134.05,234.73,50.85,11935.48,4.62,Horizontal Oblong,Grey,"(94, 21, 60)","(23.92, 0.0, 0.0)",0.0,20,VISIBLE,-3.37,-0.49
205,3,car,0.3551,495.22,220.7,747.91,335.55,621.56,278.12,252.69,114.86,29023.48,2.2,Horizontal Oblong,Grey,"(99, 24, 115)","(46.27, 0.0, -2.0)",2.0,34,VISIBLE,-5.53,12.74
205,35,person,0.5381,909.18,192.58,989.78,281.07,949.48,236.83,80.6,88.48,7132.25,0.91,Spherical / Regular,Grey,"(95, 30, 122)","(47.45, 0.0, -1.0)",1.0,35,VISIBLE,-7.76,1.12
205,37,truck,0.3396,1041.37,85.29,1239.78,146.49,1140.57,115.89,198.41,61.2,12142.5,3.24,Horizontal Oblong,Grey,"(16, 27, 62)","(24.71, 0.0, 2.0)",2.0,37,VISIBLE,2.35,0.54
205,33,car,0.2643,844.32,218.15,911.24,282.48,877.78,250.31,66.92,64.33,4305.36,1.04,Spherical / Regular,Grey,"(90, 36, 101)","(39.22, 1.0, 0.0)",1.0,40,VISIBLE,-13.95,4.74
205,39,car,0.4779,1164.93,415.2,1280.0,707.98,1222.46,561.59,115.07,292.78,33691.82,0.39,Vertical Oblong,Grey,"(90, 24, 73)","(30.2, -1.0, 0.0)",1.0,39,VISIBLE,8.65,19.69
205,44,car,0.6475,-3.65,129.74,563.88,515.69,280.11,322.71,567.53,385.95,219038.59,1.47,Horizontal Oblong,Grey,"(100, 38, 99)","(37.65, 0.0, -2.0)",2.0,44,VISIBLE,-3.89,1.35
205,43,car,0.2515,-5.84,140.42,260.61,315.13,127.39,227.77,266.45,174.71,46552.98,1.53,Horizontal Oblong,Grey,"(100, 23, 90)","(36.47, -1.0, -2.0)",2.24,43,VISIBLE,-4.92,-1.54
205,42,car,0.4531,578.39,314.96,1277.69,720.03,928.04,517.5,699.3,405.08,283271.03,1.73,Horizontal Oblong,Grey,"(96, 35, 69)","(25.88, 0.0, 0.0)",0.0,42,VISIBLE,-1.57,2.86
205,22,car,0.1993,0.5,141.28,41.61,341.81,21.05,241.54,41.11,200.53,8243.81,0.21,Vertical Oblong,Grey,"(100, 23, 88)","(36.08, -2.0, -2.0)",2.83,46,VISIBLE,-3.25,3.82
205,30,car,0.1862,740.38,138.53,795.66,175.0,768.02,156.77,55.28,36.47,2016.04,1.52,Horizontal Oblong,Grey,"(81, 13, 128)","(52.94, -2.0, 0.0)",2.0,45,VISIBLE,-4.15,0.3
205,47,car,0.3815,1017.46,127.2,1280.03,348.11,1148.74,237.65,262.57,220.91,58006.56,1.19,Spherical / Regular,Grey,"(100, 27, 95)","(38.43, -1.0, -2.0)",2.24,47,VISIBLE,-3.86,-0.15
205,49,person,0.3468,1194.19,160.16,1248.92,214.43,1221.55,187.3,54.73,54.28,2970.68,1.01,Spherical / Regular,Grey,"(30, 16, 56)","(22.75, 0.0, 0.0)",0.0,49,VISIBLE,-3.7,0.62
205,48,person,0.7978,25.06,191.07,43.9,242.91,34.48,216.99,18.83,51.83,976.24,0.36,Vertical Oblong,Black,"(113, 58, 22)","(5.49, 0.0, -2.0)",2.0,87,VISIBLE,1.91,2.38
205,62,car,0.7258,1214.73,203.79,1279.92,244.86,1247.33,224.33,65.19,41.07,2677.18,1.59,Horizontal Oblong,Grey,"(95, 30, 111)","(44.31, -2.0, -1.0)",2.24,62,VISIBLE,0.0,0.0
205,75,person,0.7177,1021.35,77.54,1063.87,114.81,1042.61,96.18,42.52,37.28,1584.87,1.14,Spherical / Regular,Grey,"(106, 29, 111)","(45.1, -1.0, -5.0)",5.1,75,VISIBLE,0.0,0.0
205,86,car,0.6891,1063.29,192.86,1122.38,228.59,1092.84,210.73,59.09,35.73,2111.43,1.65,Horizontal Oblong,Grey,"(99, 29, 123)","(48.63, -2.0, -3.0)",3.61,86,VISIBLE,0.0,0.0
205,53,car,0.6419,844.16,585.33,1280.0,720.0,1062.08,652.66,435.84,134.67,58695.4,3.24,Horizontal Oblong,Grey,"(94, 30, 112)","(44.31, -1.0, -1.0)",1.41,53,VISIBLE,0.0,0.0
205,54,car,0.6882,0.03,424.88,195.34,708.16,97.68,566.52,195.31,283.28,55325.77,0.69,Vertical Oblong,Grey,"(102, 34, 113)","(44.31, -1.0, -4.0)",4.12,54,VISIBLE,0.0,0.0
205,57,car,0.6456,723.23,409.14,1006.05,641.7,864.64,525.42,282.82,232.55,65770.49,1.22,Spherical / Regular,Grey,"(98, 59, 84)","(29.8, 1.0, -1.0)",1.41,57,VISIBLE,0.0,0.0
205,76,truck,0.6054,833.62,146.15,913.61,219.89,873.62,183.02,79.99,73.74,5898.97,1.08,Spherical / Regular,Orange,"(16, 103, 97)","(34.12, 5.0, 15.0)",15.81,76,VISIBLE,0.0,0.0
205,41,car,0.5684,729.57,277.55,866.74,386.11,798.15,331.83,137.17,108.56,14890.66,1.26,Horizontal Oblong,Grey,"(20, 19, 158)","(62.75, 0.0, 2.0)",2.0,82,VISIBLE,4.45,3.77
205,67,car,0.5598,952.68,301.93,1121.46,425.77,1037.07,363.85,168.78,123.85,20902.87,1.36,Horizontal Oblong,Orange,"(18, 112, 148)","(49.02, 6.0, 18.0)",18.97,67,VISIBLE,0.0,0.0
205,58,car,0.5865,465.86,333.76,885.97,501.19,675.91,417.48,420.11,167.43,70338.87,2.51,Horizontal Oblong,Black,"(84, 149, 60)","(21.96, -9.0, 1.0)",9.06,58,VISIBLE,0.0,0.0
205,52,car,0.6152,199.19,614.48,630.53,720.0,414.86,667.24,431.34,105.52,45514.11,4.09,Horizontal Oblong,Grey,"(100, 17, 184)","(73.33, -1.0, -1.0)",1.41,52,VISIBLE,0.0,0.0
205,51,car,0.5588,58.04,288.67,230.9,402.44,144.47,345.56,172.87,113.78,19667.83,1.52,Horizontal Oblong,Grey,"(101, 32, 125)","(49.8, -2.0, -5.0)",5.39,51,VISIBLE,0.0,0.0
205,55,car,0.5348,124.99,340.87,362.91,523.34,243.95,432.11,237.92,182.47,43411.56,1.3,Horizontal Oblong,Black,"(106, 63, 49)","(16.08, 2.0, 0.0)",2.0,55,VISIBLE,0.0,0.0
205,59,car,0.5627,0.04,275.06,92.49,374.26,46.26,324.66,92.45,99.21,9171.39,0.93,Spherical / Regular,Grey,"(100, 24, 76)","(28.63, 0.0, -1.0)",1.0,59,VISIBLE,0.0,0.0
205,65,car,0.5318,325.39,428.15,603.07,668.11,464.23,548.13,277.68,239.96,66633.51,1.16,Spherical / Regular,Black,"(113, 46, 56)","(18.82, 1.0, -2.0)",2.24,65,VISIBLE,0.0,0.0
205,50,car,0.4702,1034.76,342.73,1280.0,535.45,1157.38,439.09,245.24,192.71,47260.73,1.27,Horizontal Oblong,Black,"(108, 54, 43)","(14.51, 2.0, 1.0)",2.24,50,VISIBLE,0.0,0.0
205,64,car,0.5111,262.41,299.08,423.05,429.49,342.73,364.28,160.64,130.41,20948.57,1.23,Spherical / Regular,Orange,"(17, 69, 131)","(44.71, 5.0, 9.0)",10.3,64,VISIBLE,0.0,0.0
205,63,car,0.4666,1017.85,247.99,1131.5,305.36,1074.67,276.67,113.65,57.36,6519.67,1.98,Horizontal Oblong,Grey,"(102, 47, 100)","(36.86, 1.0, -3.0)",3.16,63,VISIBLE,0.0,0.0
205,81,car,0.34,978.23,184.27,1025.81,217.78,1002.02,201.02,47.59,33.51,1594.67,1.42,Horizontal Oblong,Black,"(105, 45, 57)","(20.78, 1.0, -2.0)",2.24,81,VISIBLE,0.0,0.0
205,70,car,0.465,1087.29,265.24,1266.12,347.38,1176.71,306.31,178.83,82.14,14689.26,2.18,Horizontal Oblong,Black,"(104, 55, 44)","(14.9, 0.0, -2.0)",2.0,70,VISIBLE,0.0,0.0
205,69,car,0.4623,71.93,237.99,204.04,306.48,137.99,272.24,132.11,68.48,9047.12,1.93,Horizontal Oblong,Grey,"(100, 41, 112)","(43.14, -2.0, -5.0)",5.39,69,VISIBLE,0.0,0.0
205,56,car,0.482,225.68,246.95,340.38,330.69,283.03,288.82,114.7,83.74,9604.49,1.37,Horizontal Oblong,Grey,"(101, 35, 120)","(48.24, -1.0, -5.0)",5.1,56,VISIBLE,0.0,0.0
205,84,bus,0.412,506.43,130.32,548.77,164.18,527.6,147.25,42.35,33.86,1433.97,1.25,Spherical / Regular,Grey,"(93, 34, 69)","(27.45, 1.0, 0.0)",1.0,84,VISIBLE,0.0,0.0
205,73,car,0.3942,202.03,220.74,298.79,291.54,250.41,256.14,96.75,70.8,6849.78,1.37,Horizontal Oblong,Grey,"(101, 60, 109)","(41.18, -3.0, -6.0)",6.71,73,VISIBLE,0.0,0.0
205,79,car,0.4095,171.56,156.06,254.16,184.49,212.86,170.27,82.6,28.43,2348.04,2.91,Horizontal Oblong,Black,"(104, 79, 33)","(10.59, -1.0, -5.0)",5.1,79,VISIBLE,0.0,0.0
205,78,car,0.2286,689.93,225.22,771.38,289.34,730.66,257.28,81.45,64.11,5222.08,1.27,Horizontal Oblong,Grey,"(50, 18, 150)","(60.39, -1.0, 1.0)",1.41,78,VISIBLE,0.0,0.0
205,83,car,0.4571,84.97,164.39,197.77,199.09,141.37,181.74,112.8,34.7,3914.13,3.25,Horizontal Oblong,Grey,"(102, 60, 62)","(22.75, -2.0, -5.0)",5.39,83,VISIBLE,0.0,0.0
205,60,car,0.3133,884.8,253.76,1026.68,359.36,955.74,306.56,141.88,105.6,14983.33,1.34,Horizontal Oblong,Black,"(18, 59, 58)","(20.78, 2.0, 2.0)",2.83,60,VISIBLE,0.0,0.0
205,85,person,0.3814,167.2,173.53,182.52,216.26,174.86,194.9,15.32,42.73,654.56,0.36,Vertical Oblong,Black,"(115, 73, 25)","(5.88, 0.0, -3.0)",3.0,85,VISIBLE,0.0,0.0
205,72,car,0.3293,343.05,256.38,475.7,374.54,409.38,315.46,132.65,118.16,15674.35,1.12,Spherical / Regular,Grey,"(103, 69, 76)","(27.06, 0.0, -2.0)",2.0,72,VISIBLE,0.0,0.0
205,89,car,0.2611,1155.42,169.31,1224.07,189.61,1189.74,179.46,68.65,20.3,1393.83,3.38,Horizontal Oblong,Black,"(100, 43, 54)","(21.18, -1.0, -3.0)",3.16,89,VISIBLE,0.0,0.0
205,68,car,0.1824,793.11,209.52,857.61,267.52,825.36,238.52,64.5,58.01,3741.7,1.11,Spherical / Regular,Black,"(115, 57, 75)","(21.57, 6.0, 4.0)",7.21,68,VISIBLE,0.0,0.0
205,71,car,0.2627,406.59,246.43,497.44,329.91,452.01,288.17,90.85,83.48,7584.29,1.09,Spherical / Regular,Grey,"(102, 40, 97)","(34.51, 1.0, 0.0)",1.0,71,VISIBLE,0.0,0.0
205,66,car,0.2329,865.08,237.41,967.78,313.04,916.43,275.23,102.69,75.64,7767.04,1.36,Horizontal Oblong,Grey,"(14, 34, 90)","(34.9, 2.0, 4.0)",4.47,66,VISIBLE,0.0,0.0
205,74,car,0.2572,281.82,198.07,344.63,247.71,313.23,222.89,62.81,49.64,3117.71,1.27,Horizontal Oblong,Grey,"(101, 37, 117)","(45.88, -3.0, -5.0)",5.83,74,VISIBLE,0.0,0.0
205,80,car,0.2192,1208.31,312.08,1280.0,441.2,1244.15,376.64,71.69,129.12,9256.89,0.56,Vertical Oblong,Black,"(103, 55, 44)","(12.94, 0.0, -2.0)",2.0,80,VISIBLE,0.0,0.0
205,88,person,0.2335,1243.89,181.54,1259.69,205.51,1251.79,193.52,15.8,23.97,378.76,0.66,Vertical Oblong,Black,"(130, 13, 21)","(5.88, 0.0, 0.0)",0.0,88,VISIBLE,0.0,0.0
205,61,car,0.23,0.0,342.18,74.52,435.27,37.26,388.72,74.52,93.09,6937.08,0.8,Spherical / Regular,Black,"(33, 26, 56)","(21.57, 1.0, 2.0)",2.24,61,VISIBLE,0.0,0.0
205,77,car,0.1505,249.39,150.82,308.6,175.94,279.0,163.38,59.21,25.12,1487.42,2.36,Horizontal Oblong,Grey,"(100, 50, 93)","(36.47, -3.0, -5.0)",5.83,77,VISIBLE,0.0,0.0
206,21,car,0.5184,545.73,158.38,1149.31,539.39,847.52,348.88,603.58,381.02,229972.84,1.58,Horizontal Oblong,Grey,"(86, 38, 92)","(36.86, 0.0, 0.0)",0.0,21,VISIBLE,-7.69,9.76
206,19,person,0.3572,210.47,31.45,271.31,106.46,240.89,68.96,60.84,75.02,4564.27,0.81,Spherical / Regular,Grey,"(102, 39, 87)","(34.9, -1.0, -4.0)",4.12,19,VISIBLE,-2.61,0.54
206,20,car,0.1847,776.61,109.26,1010.72,157.77,893.67,133.51,234.11,48.51,11355.59,4.83,Horizontal Oblong,Grey,"(98, 21, 59)","(23.53, 0.0, 0.0)",0.0,20,VISIBLE,-3.34,-0.53
206,3,car,0.4564,497.8,241.21,743.48,331.19,620.64,286.2,245.68,89.98,22105.25,2.73,Horizontal Oblong,Grey,"(99, 26, 120)","(48.24, -1.0, -2.0)",2.24,34,VISIBLE,-2.31,9.48
206,35,person,0.5381,901.8,193.42,981.74,282.38,941.77,237.9,79.95,88.96,7111.76,0.9,Spherical / Regular,Grey,"(30, 29, 132)","(51.37, 0.0, 1.0)",1.0,35,VISIBLE,-7.72,1.09
206,37,truck,0.3396,1036.33,85.31,1249.31,147.51,1142.82,116.41,212.98,62.2,13248.02,3.42,Horizontal Oblong,Grey,"(16, 26, 62)","(24.71, 0.0, 2.0)",2.0,37,VISIBLE,2.28,0.53
206,33,car,0.3069,828.89,220.95,904.48,288.17,866.69,254.56,75.59,67.22,5081.31,1.12,Spherical / Regular,Grey,"(90, 37, 117)","(43.14, 1.0, 0.0)",1.0,40,VISIBLE,-11.95,4.39
206,39,car,0.4894,1176.78,443.88,1280.0,705.36,1228.39,574.62,103.22,261.49,26989.65,0.39,Vertical Oblong,Grey,"(94, 22, 75)","(30.98, -1.0, -1.0)",1.41,39,VISIBLE,6.74,15.03
206,44,car,0.6475,-4.04,130.27,556.4,517.8,276.18,324.04,560.44,387.54,217190.99,1.45,Horizontal Oblong,Grey,"(100, 39, 100)","(38.04, 0.0, -2.0)",2.0,44,VISIBLE,-3.92,1.33
206,43,car,0.2515,-6.77,141.04,251.61,312.21,122.42,226.62,258.39,171.17,44228.21,1.51,Horizontal Oblong,Grey,"(100, 23, 90)","(36.08, -1.0, -2.0)",2.24,43,VISIBLE,-4.95,-1.27
206,42,car,0.4531,575.48,320.55,1277.47,720.04,926.48,520.29,701.99,399.49,280441.27,1.76,Horizontal Oblong,Grey,"(96, 35, 68)","(25.88, 0.0, 0.0)",0.0,42,VISIBLE,-1.57,2.82
206,22,car,0.1993,0.8,141.84,34.91,349.59,17.85,245.72,34.11,207.74,7087.16,0.16,Vertical Oblong,Grey,"(100, 24, 89)","(36.86, -2.0, -2.0)",2.83,46,VISIBLE,-3.21,4.06
206,30,truck,0.1554,741.83,138.45,789.43,177.49,765.63,157.97,47.6,39.04,1858.37,1.22,Spherical / Regular,Grey,"(81, 14, 130)","(53.73, -2.0, 0.0)",2.0,45,VISIBLE,-2.92,0.93
206,47,car,0.3815,1009.79,127.52,1280.04,347.53,1144.91,237.52,270.25,220.01,59457.87,1.23,Spherical / Regular,Grey,"(100, 27, 95)","(38.82, -1.0, -2.0)",2.24,47,VISIBLE,-3.84,-0.14
206,49,person,0.3468,1190.06,160.45,1246.0,215.35,1218.03,187.9,55.94,54.9,3070.76,1.02,Spherical / Regular,Grey,"(30, 16, 60)","(24.71, 0.0, 0.0)",0.0,49,VISIBLE,-3.58,0.61
206,48,person,0.7965,24.35,191.1,43.21,243.2,33.78,217.15,18.87,52.11,983.13,0.36,Vertical Oblong,Black,"(113, 58, 22)","(5.49, 0.0, -2.0)",2.0,87,VISIBLE,0.08,0.83
206,62,car,0.7272,1214.73,203.93,1279.9,244.99,1247.32,224.46,65.17,41.06,2675.58,1.59,Horizontal Oblong,Grey,"(95, 30, 113)","(44.71, -2.0, -1.0)",2.24,62,VISIBLE,-0.01,0.14
206,75,person,0.7296,1021.41,77.62,1063.95,114.95,1042.68,96.28,42.54,37.34,1588.22,1.14,Spherical / Regular,Grey,"(106, 28, 113)","(44.71, -1.0, -5.0)",5.1,75,VISIBLE,0.07,0.11
206,86,car,0.6978,1062.3,192.85,1121.35,228.55,1091.83,210.7,59.04,35.7,2107.8,1.65,Horizontal Oblong,Grey,"(99, 29, 123)","(48.63, -2.0, -3.0)",3.61,86,VISIBLE,-1.01,-0.03
206,53,car,0.6472,844.26,587.54,1280.0,720.0,1062.13,653.77,435.74,132.46,57720.16,3.29,Horizontal Oblong,Grey,"(99, 30, 112)","(44.31, -1.0, -1.0)",1.41,53,VISIBLE,0.05,1.11
206,54,car,0.6821,0.03,425.12,195.2,708.53,97.61,566.82,195.17,283.41,55311.68,0.69,Vertical Oblong,Grey,"(102, 34, 113)","(44.31, -1.0, -4.0)",4.12,54,VISIBLE,-0.07,0.31
206,57,car,0.6489,723.41,409.33,1006.26,641.94,864.83,525.64,282.85,232.62,65796.97,1.22,Spherical / Regular,Grey,"(98, 58, 84)","(29.8, 1.0, -1.0)",1.41,57,VISIBLE,0.19,0.22
206,76,truck,0.6395,833.56,146.23,913.55,219.95,873.56,183.09,80.0,73.71,5896.85,1.09,Spherical / Regular,Orange,"(16, 103, 96)","(33.92, 5.0, 15.0)",15.81,76,VISIBLE,-0.06,0.07
206,41,car,0.6226,730.32,277.62,866.84,386.33,798.58,331.98,136.52,108.72,14841.81,1.26,Horizontal Oblong,Grey,"(20, 19, 158)","(62.75, 0.0, 2.0)",2.0,82,VISIBLE,1.63,1.23
206,67,car,0.5831,952.6,302.02,1121.42,425.91,1037.01,363.97,168.82,123.89,20914.57,1.36,Horizontal Oblong,Orange,"(18, 113, 149)","(49.8, 7.0, 19.0)",20.25,67,VISIBLE,-0.06,0.12
206,58,car,0.6069,465.76,333.83,886.15,501.21,675.95,417.52,420.38,167.39,70366.71,2.51,Horizontal Oblong,Black,"(84, 149, 60)","(21.57, -9.0, 1.0)",9.06,58,VISIBLE,0.04,0.05
206,52,car,0.6205,199.02,614.75,630.55,720.0,414.78,667.38,431.54,105.25,45418.68,4.1,Horizontal Oblong,Grey,"(100, 16, 185)","(73.33, -1.0, -1.0)",1.41,52,VISIBLE,-0.08,0.14
206,51,car,0.5685,57.92,288.82,230.83,402.68,144.38,345.75,172.92,113.86,19687.98,1.52,Horizontal Oblong,Grey,"(101, 32, 125)","(49.8, -2.0, -5.0)",5.39,51,VISIBLE,-0.09,0.19
206,55,car,0.5395,124.81,341.01,362.92,523.51,243.86,432.26,238.11,182.5,43455.14,1.3,Horizontal Oblong,Black,"(106, 63, 49)","(16.08, 2.0, 0.0)",2.0,55,VISIBLE,-0.09,0.16
206,59,car,0.5607,0.04,275.23,92.25,373.87,46.14,324.55,92.22,98.64,9096.04,0.93,Spherical / Regular,Grey,"(99, 23, 78)","(29.02, 0.0, -1.0)",1.0,59,VISIBLE,-0.12,-0.11
206,65,car,0.5654,325.36,428.29,603.13,668.97,464.24,548.63,277.77,240.68,66853.72,1.15,Spherical / Regular,Black,"(111, 46, 56)","(18.82, 1.0, -3.0)",3.16,65,VISIBLE,0.01,0.5
206,50,car,0.521,1034.93,342.82,1280.0,535.39,1157.47,439.11,245.07,192.57,47192.66,1.27,Horizontal Oblong,Black,"(108, 54, 43)","(14.51, 2.0, 1.0)",2.24,50,VISIBLE,0.09,0.01
206,64,car,0.5135,262.14,298.52,423.17,429.32,342.66,363.92,161.02,130.8,21061.83,1.23,Spherical / Regular,Brown,"(17, 68, 131)","(45.1, 4.0, 9.0)",9.85,64,VISIBLE,-0.08,-0.37
206,63,car,0.4853,1017.75,248.08,1131.54,305.39,1074.64,276.74,113.79,57.31,6521.02,1.99,Horizontal Oblong,Grey,"(102, 49, 99)","(36.47, 1.0, -3.0)",3.16,63,VISIBLE,-0.03,0.06
206,81,car,0.3609,977.74,184.28,1025.24,217.79,1001.49,201.04,47.5,33.51,1591.76,1.42,Horizontal Oblong,Black,"(101, 46, 57)","(20.39, 0.0, -2.0)",2.0,81,VISIBLE,-0.53,0.01
206,70,car,0.4743,1087.12,265.34,1266.25,347.57,1176.69,306.46,179.13,82.22,14728.71,2.18,Horizontal Oblong,Black,"(104, 53, 45)","(14.9, 1.0, -2.0)",2.24,70,VISIBLE,-0.02,0.14
206,69,car,0.4596,71.6,238.02,203.55,306.87,137.57,272.45,131.94,68.85,9084.28,1.92,Horizontal Oblong,Grey,"(100, 44, 112)","(43.14, -2.0, -5.0)",5.39,69,VISIBLE,-0.41,0.21
206,56,car,0.4748,225.8,247.08,340.29,330.6,283.05,288.84,114.49,83.52,9561.86,1.37,Horizontal Oblong,Grey,"(102, 34, 121)","(48.24, -1.0, -5.0)",5.1,56,VISIBLE,0.01,0.02
206,84,bus,0.3927,506.28,130.64,548.69,164.26,527.48,147.45,42.42,33.62,1426.13,1.26,Horizontal Oblong,Grey,"(93, 33, 70)","(27.84, 0.0, 0.0)",0.0,84,VISIBLE,-0.12,0.2
206,73,car,0.4005,201.73,220.8,298.71,291.77,250.22,256.29,96.99,70.97,6883.34,1.37,Horizontal Oblong,Grey,"(100, 60, 109)","(41.18, -3.0, -6.0)",6.71,73,VISIBLE,-0.19,0.14
206,79,car,0.4193,171.47,156.22,254.19,184.59,212.83,170.41,82.72,28.36,2346.35,2.92,Horizontal Oblong,Black,"(104, 78, 34)","(10.59, -1.0, -5.0)",5.1,79,VISIBLE,-0.03,0.13
206,78,car,0.2942,689.97,225.47,771.42,288.33,730.7,256.9,81.45,62.86,5119.94,1.3,Horizontal Oblong,Grey,"(66, 17, 150)","(60.0, -1.0, 1.0)",1.41,78,VISIBLE,0.04,-0.38
206,83,car,0.4574,85.34,164.3,198.29,199.04,141.81,181.67,112.95,34.74,3924.31,3.25,Horizontal Oblong,Grey,"(102, 58, 62)","(22.75, -2.0, -5.0)",5.39,83,VISIBLE,0.44,-0.07
206,60,car,0.3469,884.81,253.82,1026.55,359.4,955.68,306.61,141.74,105.58,14964.44,1.34,Horizontal Oblong,Black,"(18, 59, 58)","(20.78, 2.0, 2.0)",2.83,60,VISIBLE,-0.06,0.05
206,85,person,0.3848,167.1,173.67,182.09,216.39,174.6,195.03,15.0,42.72,640.67,0.35,Vertical Oblong,Black,"(115, 72, 25)","(5.88, 2.0, -4.0)",4.47,85,VISIBLE,-0.26,0.14
206,72,car,0.3262,342.7,256.51,475.71,374.65,409.2,315.58,133.01,118.14,15713.98,1.13,Spherical / Regular,Grey,"(103, 70, 76)","(27.06, 0.0, -3.0)",3.0,72,VISIBLE,-0.17,0.12
206,89,car,0.2679,1154.86,169.56,1224.44,189.3,1189.65,179.43,69.58,19.74,1373.36,3.52,Horizontal Oblong,Black,"(100, 42, 55)","(21.18, -1.0, -3.0)",3.16,89,VISIBLE,-0.09,-0.03
206,68,car,0.2303,793.19,209.42,857.58,267.63,825.39,238.52,64.39,58.21,3747.7,1.11,Spherical / Regular,Black,"(120, 57, 74)","(21.57, 6.0, 4.0)",7.21,68,VISIBLE,0.03,0.0
206,71,car,0.3079,406.78,246.59,496.89,330.0,451.83,288.29,90.11,83.41,7515.75,1.08,Spherical / Regular,Grey,"(102, 40, 97)","(34.51, 1.0, 0.0)",1.0,71,VISIBLE,-0.18,0.12
206,66,car,0.2669,865.06,237.45,967.74,312.93,916.4,275.19,102.68,75.48,7750.69,1.36,Horizontal Oblong,Grey,"(14, 33, 90)","(34.9, 2.0, 4.0)",4.47,66,VISIBLE,-0.03,-0.04
206,74,car,0.2602,281.88,198.29,344.61,247.81,313.25,223.05,62.73,49.52,3106.37,1.27,Horizontal Oblong,Grey,"(101, 37, 118)","(46.67, -3.0, -5.0)",5.83,74,VISIBLE,0.02,0.16
206,80,car,0.229,1208.5,312.01,1280.0,442.05,1244.25,377.03,71.5,130.04,9297.61,0.55,Vertical Oblong,Black,"(104, 60, 44)","(12.94, 0.0, -2.0)",2.0,80,VISIBLE,0.09,0.39
206,88,person,0.2482,1243.96,181.36,1259.51,205.61,1251.74,193.49,15.55,24.25,376.97,0.64,Vertical Oblong,Black,"(130, 14, 20)","(5.49, 0.0, 0.0)",0.0,88,VISIBLE,-0.05,-0.04
206,61,car,0.2255,0.0,342.41,74.41,435.55,37.21,388.98,74.41,93.14,6930.77,0.8,Spherical / Regular,Black,"(33, 27, 56)","(21.18, 1.0, 2.0)",2.24,61,VISIBLE,-0.05,0.25
206,77,car,0.1584,249.44,150.91,308.65,176.15,279.04,163.53,59.21,25.23,1494.07,2.35,Horizontal Oblong,Grey,"(99, 50, 93)","(36.86, -4.0, -5.0)",6.4,77,VISIBLE,0.05,0.15
207,21,car,0.5184,535.68,159.57,1144.01,557.58,839.84,358.58,608.33,398.01,242122.13,1.53,Horizontal Oblong,Grey,"(87, 40, 92)","(36.47, 0.0, 0.0)",0.0,21,VISIBLE,-7.68,9.71
207,19,person,0.3572,207.78,31.97,268.77,107.03,238.28,69.5,60.99,75.06,4577.6,0.81,Spherical / Regular,Grey,"(102, 39, 86)","(34.51, -1.0, -4.0)",4.12,19,VISIBLE,-2.61,0.54
207,20,car,0.1847,773.59,109.89,1007.08,156.06,890.34,132.98,233.49,46.16,10778.6,5.06,Horizontal Oblong,Grey,"(100, 21, 59)","(23.14, 0.0, -1.0)",1.0,20,VISIBLE,-3.33,-0.54
207,3,car,0.4332,501.69,253.24,743.71,328.85,622.7,291.04,242.02,75.6,18297.91,3.2,Horizontal Oblong,Grey,"(100, 26, 125)","(49.8, -1.0, -2.0)",2.24,34,VISIBLE,0.75,6.23
207,35,person,0.5381,894.42,194.27,973.71,283.7,934.06,238.98,79.29,89.43,7090.64,0.89,Spherical / Regular,Grey,"(20, 28, 131)","(50.98, 1.0, 2.0)",2.24,35,VISIBLE,-7.71,1.09
207,37,truck,0.3396,1031.29,85.33,1258.83,148.54,1145.06,116.93,227.55,63.21,14382.83,3.6,Horizontal Oblong,Grey,"(16, 26, 62)","(24.71, 0.0, 2.0)",2.0,37,VISIBLE,2.25,0.53
207,33,car,0.3464,819.5,222.8,900.68,291.53,860.09,257.16,81.18,68.73,5579.51,1.18,Spherical / Regular,Grey,"(90, 35, 115)","(42.35, 1.0, 0.0)",1.0,40,VISIBLE,-8.2,3.14
207,39,car,0.4756,1183.99,461.65,1280.0,703.84,1231.99,582.75,96.01,242.19,23253.96,0.4,Vertical Oblong,Grey,"(94, 22, 75)","(31.37, -1.0, -1.0)",1.41,39,VISIBLE,4.55,10.2
207,44,car,0.6475,-4.42,130.8,548.93,519.92,272.25,325.36,553.35,389.12,215320.9,1.42,Horizontal Oblong,Grey,"(100, 38, 100)","(38.04, 0.0, -2.0)",2.0,44,VISIBLE,-3.92,1.33
207,43,car,0.2515,-7.7,141.65,242.62,309.28,117.46,225.47,250.32,167.63,41960.59,1.49,Horizontal Oblong,Grey,"(100, 23, 89)","(35.29, -1.0, -2.0)",2.24,43,VISIBLE,-4.96,-1.19
207,42,car,0.4531,572.57,326.14,1277.26,720.04,924.92,523.09,704.69,393.91,277581.42,1.79,Horizontal Oblong,Grey,"(97, 35, 67)","(25.49, 0.0, 0.0)",0.0,42,VISIBLE,-1.56,2.8
207,22,car,0.1993,1.09,142.41,28.21,357.37,14.65,249.89,27.12,214.96,5829.63,0.13,Vertical Oblong,Grey,"(99, 25, 91)","(36.86, -2.0, -2.0)",2.83,46,VISIBLE,-3.21,4.14
207,30,truck,0.1544,743.4,138.46,785.61,179.31,764.5,158.88,42.22,40.86,1724.73,1.03,Spherical / Regular,Grey,"(90, 13, 130)","(53.73, -2.0, -1.0)",2.24,45,VISIBLE,-1.66,0.92
207,47,car,0.3815,1002.12,127.84,1280.05,346.94,1141.08,237.39,277.93,219.1,60895.25,1.27,Horizontal Oblong,Grey,"(100, 27, 96)","(39.22, -1.0, -2.0)",2.24,47,VISIBLE,-3.83,-0.14
207,49,person,0.3468,1185.93,160.74,1243.07,216.26,1214.5,188.5,57.14,55.52,3172.33,1.03,Spherical / Regular,Grey,"(90, 22, 57)","(22.75, 0.0, 0.0)",0.0,49,VISIBLE,-3.54,0.6
207,48,person,0.7707,23.49,190.92,42.42,243.54,32.96,217.23,18.94,52.62,996.47,0.36,Vertical Oblong,Black,"(113, 55, 22)","(5.49, 0.0, -2.0)",2.0,87,VISIBLE,-0.55,0.3
207,62,car,0.7304,1214.76,204.07,1279.9,245.16,1247.33,224.62,65.13,41.08,2675.85,1.59,Horizontal Oblong,Grey,"(94, 30, 111)","(44.31, -2.0, -0.5)",2.06,62,VISIBLE,0.01,0.15
207,75,person,0.7246,1021.47,77.75,1063.96,115.08,1042.71,96.41,42.49,37.34,1586.39,1.14,Spherical / Regular,Grey,"(107, 28, 113)","(45.1, 0.0, -5.0)",5.0,75,VISIBLE,0.05,0.12
207,86,car,0.7034,1061.34,192.73,1120.0,228.46,1090.67,210.6,58.67,35.73,2096.16,1.64,Horizontal Oblong,Grey,"(99, 29, 123)","(48.63, -1.5, -3.0)",3.35,86,VISIBLE,-1.11,-0.08
207,53,car,0.639,844.31,588.43,1280.0,720.0,1062.16,654.21,435.69,131.57,57324.38,3.31,Horizontal Oblong,Grey,"(99, 29, 112)","(44.31, -1.0, -1.0)",1.41,53,VISIBLE,0.03,0.64
207,54,car,0.683,0.03,425.4,195.02,708.89,97.53,567.14,194.99,283.48,55277.78,0.69,Vertical Oblong,Grey,"(102, 34, 113)","(44.31, -1.0, -4.0)",4.12,54,VISIBLE,-0.08,0.32
207,57,car,0.6455,724.02,409.54,1006.51,642.15,865.26,525.85,282.49,232.61,65709.45,1.21,Spherical / Regular,Grey,"(98, 58, 85)","(30.2, 1.0, -1.0)",1.41,57,VISIBLE,0.36,0.21
207,76,truck,0.6677,833.61,146.42,913.5,220.0,873.56,183.21,79.89,73.58,5878.58,1.09,Spherical / Regular,Orange,"(16, 103, 97)","(34.12, 5.0, 15.0)",15.81,76,VISIBLE,-0.02,0.11
207,41,car,0.6525,730.4,277.94,866.95,386.28,798.67,332.11,136.55,108.33,14792.8,1.26,Horizontal Oblong,Grey,"(20, 19, 158)","(62.75, 0.0, 2.0)",2.0,82,VISIBLE,0.56,0.46
207,67,car,0.6016,952.65,302.2,1121.41,426.11,1037.03,364.16,168.76,123.91,20911.05,1.36,Horizontal Oblong,Orange,"(17, 111, 149)","(49.8, 7.0, 18.0)",19.31,67,VISIBLE,-0.0,0.17
207,58,car,0.6251,465.54,334.0,886.36,501.37,675.95,417.68,420.82,167.36,70430.2,2.51,Horizontal Oblong,Black,"(84, 149, 60)","(21.57, -9.0, 1.0)",9.06,58,VISIBLE,0.01,0.13
207,52,car,0.6211,198.77,615.33,630.53,720.0,414.65,667.67,431.76,104.67,45191.02,4.13,Horizontal Oblong,Grey,"(100, 17, 185)","(73.33, -1.0, -1.0)",1.41,52,VISIBLE,-0.12,0.24
207,51,car,0.5636,57.87,289.19,230.71,403.07,144.29,346.13,172.84,113.87,19681.54,1.52,Horizontal Oblong,Grey,"(101, 32, 124)","(49.8, -2.0, -5.0)",5.39,51,VISIBLE,-0.09,0.32
207,55,car,0.5355,124.66,341.13,362.88,523.71,243.77,432.42,238.22,182.58,43493.88,1.3,Horizontal Oblong,Black,"(106, 62, 48)","(15.69, 2.0, 0.0)",2.0,55,VISIBLE,-0.09,0.16
207,59,car,0.5544,0.03,275.48,91.76,373.57,45.9,324.53,91.73,98.09,8997.5,0.94,Spherical / Regular,Grey,"(102, 24, 78)","(29.41, 0.0, -2.0)",2.0,59,VISIBLE,-0.21,-0.05
207,65,car,0.5721,325.27,428.49,603.1,668.95,464.18,548.72,277.83,240.46,66806.18,1.16,Spherical / Regular,Black,"(113, 46, 57)","(18.82, 1.0, -3.0)",3.16,65,VISIBLE,-0.04,0.21
207,50,car,0.5426,1035.05,342.91,1280.0,535.85,1157.52,439.38,244.95,192.94,47261.89,1.27,Horizontal Oblong,Black,"(108, 54, 43)","(14.9, 2.0, 1.0)",2.24,50,VISIBLE,0.07,0.2
207,64,car,0.526,262.18,298.97,423.06,429.55,342.62,364.26,160.88,130.58,21006.88,1.23,Spherical / Regular,Brown,"(17, 67, 131)","(45.1, 5.0, 8.0)",9.43,64,VISIBLE,-0.05,0.13
207,63,car,0.5035,1017.81,248.29,1131.42,305.56,1074.61,276.92,113.61,57.27,6506.91,1.98,Horizontal Oblong,Grey,"(102, 48, 100)","(36.86, 1.0, -3.0)",3.16,63,VISIBLE,-0.03,0.15
207,81,car,0.3553,976.85,184.32,1024.14,217.72,1000.49,201.02,47.29,33.4,1579.43,1.42,Horizontal Oblong,Black,"(104, 47, 56)","(19.41, 1.0, -3.0)",3.16,81,VISIBLE,-0.86,-0.01
207,70,car,0.4658,1087.08,265.51,1266.24,347.76,1176.66,306.64,179.16,82.25,14736.04,2.18,Horizontal Oblong,Black,"(104, 53, 46)","(14.9, 1.0, -2.0)",2.24,70,VISIBLE,-0.02,0.17
207,69,car,0.4607,71.19,238.11,203.38,307.19,137.28,272.65,132.19,69.08,9131.44,1.91,Horizontal Oblong,Grey,"(101, 43, 113)","(43.53, -2.0, -5.0)",5.39,69,VISIBLE,-0.33,0.21
207,56,car,0.4717,225.78,247.24,340.18,330.62,282.98,288.93,114.4,83.39,9539.24,1.37,Horizontal Oblong,Grey,"(102, 34, 121)","(48.24, -1.0, -5.0)",5.1,56,VISIBLE,-0.04,0.07
207,84,bus,0.3994,506.16,130.92,548.66,164.42,527.41,147.67,42.5,33.51,1424.16,1.27,Horizontal Oblong,Grey,"(90, 32, 71)","(28.24, 0.0, 0.0)",0.0,84,VISIBLE,-0.09,0.21
207,73,car,0.4037,201.5,220.96,298.69,291.99,250.09,256.48,97.18,71.04,6903.95,1.37,Horizontal Oblong,Grey,"(101, 59, 109)","(41.18, -3.0, -6.0)",6.71,73,VISIBLE,-0.14,0.18
207,79,car,0.4133,171.35,156.39,254.1,184.73,212.73,170.56,82.75,28.34,2344.9,2.92,Horizontal Oblong,Black,"(104, 77, 34)","(10.59, -1.0, -5.0)",5.1,79,VISIBLE,-0.08,0.15
207,78,car,0.3679,689.89,225.69,771.46,286.37,730.68,256.03,81.57,60.68,4949.91,1.34,Horizontal Oblong,Grey,"(84, 16, 148)","(59.61, -1.0, 0.0)",1.0,78,VISIBLE,-0.0,-0.72
207,83,car,0.444,85.59,164.35,198.16,199.1,141.88,181.73,112.58,34.75,3912.19,3.24,Horizontal Oblong,Grey,"(102, 58, 63)","(23.14, -2.0, -5.0)",5.39,83,VISIBLE,0.18,0.02
207,60,car,0.3506,884.9,254.02,1026.45,359.46,955.67,306.74,141.55,105.44,14925.29,1.34,Horizontal Oblong,Black,"(18, 59, 58)","(20.78, 2.0, 2.0)",2.83,60,VISIBLE,-0.02,0.11
207,85,person,0.3787,166.96,174.21,181.71,216.52,174.33,195.37,14.75,42.31,623.87,0.35,Vertical Oblong,Black,"(115, 70, 24)","(5.88, 2.0, -4.0)",4.47,85,VISIBLE,-0.26,0.28
207,72,car,0.3315,342.65,256.79,475.64,374.75,409.14,315.77,133.0,117.97,15689.29,1.13,Spherical / Regular,Grey,"(103, 70, 76)","(27.06, 0.0, -3.0)",3.0,72,VISIBLE,-0.09,0.17
207,89,car,0.2656,1154.58,169.75,1224.72,189.27,1189.65,179.51,70.14,19.52,1369.36,3.59,Horizontal Oblong,Black,"(100, 42, 56)","(21.57, -1.0, -3.0)",3.16,89,VISIBLE,-0.03,0.05
207,68,car,0.2493,793.26,209.43,857.57,267.71,825.41,238.57,64.31,58.28,3747.81,1.1,Spherical / Regular,Black,"(120, 57, 74)","(21.18, 6.0, 4.0)",7.21,68,VISIBLE,0.03,0.03
207,71,car,0.3101,406.87,246.8,496.62,330.23,451.74,288.51,89.75,83.43,7487.78,1.08,Spherical / Regular,Grey,"(103, 40, 97)","(34.51, 1.0, 0.0)",1.0,71,VISIBLE,-0.12,0.19
207,66,car,0.2835,865.11,237.57,967.94,313.06,916.53,275.32,102.83,75.49,7762.43,1.36,Horizontal Oblong,Grey,"(14, 33, 90)","(34.9, 2.0, 4.0)",4.47,66,VISIBLE,0.08,0.08
207,74,car,0.2519,281.78,198.5,344.52,248.01,313.15,223.26,62.74,49.51,3105.9,1.27,Horizontal Oblong,Grey,"(101, 37, 118)","(46.67, -2.0, -5.0)",5.39,74,VISIBLE,-0.06,0.19
207,80,car,0.2154,1208.36,311.85,1280.0,443.66,1244.18,377.75,71.64,131.81,9443.43,0.54,Vertical Oblong,Black,"(103, 57, 43)","(12.94, 0.0, -2.0)",2.0,80,VISIBLE,-0.02,0.62
207,88,person,0.2126,1244.04,181.53,1259.42,205.73,1251.73,193.63,15.39,24.2,372.37,0.64,Vertical Oblong,Black,"(130, 21, 21)","(5.49, 0.0, -1.0)",1.0,88,VISIBLE,-0.02,0.09
207,61,car,0.2269,0.0,342.5,74.25,436.07,37.13,389.29,74.25,93.57,6947.7,0.79,Vertical Oblong,Black,"(50, 26, 56)","(21.18, 1.0, 1.0)",1.41,61,VISIBLE,-0.07,0.29
207,77,car,0.1714,249.47,151.0,308.51,176.33,278.99,163.66,59.03,25.33,1495.41,2.33,Horizontal Oblong,Grey,"(100, 49, 94)","(36.86, -3.0, -5.0)",5.83,77,VISIBLE,-0.02,0.14
207,90,car,0.1681,966.6,223.52,1060.59,279.87,1013.6,251.7,93.98,56.36,5296.33,1.67,Horizontal Oblong,Grey,"(101, 41, 101)","(40.0, 0.0, -3.0)",3.0,90,VISIBLE,0.0,0.0
207,91,car,0.1694,872.0,195.75,937.27,235.0,904.63,215.37,65.27,39.25,2561.59,1.66,Horizontal Oblong,Black,"(102, 53, 56)","(20.78, 1.0, -2.0)",2.24,91,VISIBLE,0.0,0.0
208,21,car,0.5184,525.63,160.77,1138.71,575.78,832.17,368.27,613.08,415.01,254432.96,1.48,Horizontal Oblong,Grey,"(87, 42, 90)","(35.29, 0.0, 0.0)",0.0,21,VISIBLE,-7.68,9.7
208,19,person,0.3572,205.1,32.48,266.23,107.59,235.66,70.04,61.13,75.1,4590.94,0.81,Spherical / Regular,Grey,"(102, 39, 93)","(37.25, -1.0, -5.0)",5.1,19,VISIBLE,-2.61,0.54
208,20,car,0.1847,770.57,110.53,1003.44,154.35,887.01,132.44,232.87,43.82,10204.53,5.31,Horizontal Oblong,Grey,"(100, 21, 56)","(22.35, 0.0, -1.0)",1.0,20,VISIBLE,-3.33,-0.54
208,3,car,0.4525,506.81,258.95,745.95,327.87,626.38,293.41,239.14,68.92,16481.2,3.47,Horizontal Oblong,Grey,"(100, 26, 123)","(49.22, -1.0, -2.0)",2.24,34,VISIBLE,2.8,3.53
208,35,person,0.5381,887.04,195.11,965.67,285.01,926.36,240.06,78.63,89.9,7068.9,0.87,Spherical / Regular,Grey,"(21, 26, 123)","(48.04, 1.0, 2.0)",2.24,35,VISIBLE,-7.71,1.08
208,37,truck,0.3396,1026.25,85.35,1268.36,149.56,1147.3,117.45,242.11,64.21,15546.92,3.77,Horizontal Oblong,Grey,"(16, 26, 63)","(25.49, 0.0, 2.0)",2.0,37,VISIBLE,2.25,0.52
208,33,car,0.3776,814.68,223.81,898.88,293.3,856.78,258.56,84.2,69.49,5851.0,1.21,Spherical / Regular,Grey,"(42, 31, 110)","(41.57, 1.0, 1.0)",1.41,40,VISIBLE,-4.78,1.92
208,39,car,0.5141,1187.94,469.11,1280.0,703.63,1233.97,586.37,92.07,234.52,21591.38,0.39,Vertical Oblong,Grey,"(94, 22, 75)","(31.37, -2.0, -1.0)",2.24,39,VISIBLE,2.75,5.6
208,44,car,0.6475,-4.81,131.33,541.45,522.03,268.32,326.68,546.26,390.71,213428.35,1.4,Horizontal Oblong,Grey,"(100, 39, 100)","(38.04, 0.0, -2.0)",2.0,44,VISIBLE,-3.93,1.32
208,43,car,0.2515,-8.63,142.27,233.62,306.36,112.49,224.32,242.25,164.09,39750.12,1.48,Horizontal Oblong,Grey,"(100, 22, 89)","(34.9, -1.0, -2.0)",2.24,43,VISIBLE,-4.96,-1.16
208,42,car,0.4531,569.67,331.72,1277.05,720.05,923.36,525.88,707.38,388.32,274691.47,1.82,Horizontal Oblong,Grey,"(96, 35, 67)","(25.49, 0.0, 0.0)",0.0,42,VISIBLE,-1.56,2.8
208,22,car,0.1993,1.39,142.97,21.52,365.14,11.45,254.06,20.13,222.17,4471.21,0.09,Vertical Oblong,Grey,"(99, 27, 90)","(36.86, -2.0, -2.0)",2.83,46,VISIBLE,-3.2,4.16
208,30,truck,0.1571,744.86,138.58,783.63,180.56,764.24,159.57,38.76,41.98,1627.29,0.92,Spherical / Regular,Grey,"(90, 13, 129)","(53.73, -2.0, -1.0)",2.24,45,VISIBLE,-0.68,0.76
208,47,car,0.3815,994.45,128.17,1280.06,346.36,1137.26,237.26,285.61,218.19,62318.68,1.31,Horizontal Oblong,Grey,"(100, 27, 96)","(39.22, -1.0, -2.0)",2.24,47,VISIBLE,-3.83,-0.13
208,49,person,0.3468,1181.81,161.04,1240.15,217.17,1210.98,189.11,58.35,56.14,3275.39,1.04,Spherical / Regular,Black,"(100, 23, 55)","(21.57, 0.0, -1.0)",1.0,49,VISIBLE,-3.53,0.6
208,48,person,0.7561,22.71,190.64,41.56,244.16,32.13,217.4,18.85,53.51,1008.95,0.35,Vertical Oblong,Black,"(113, 55, 22)","(5.49, 0.0, -2.0)",2.0,87,VISIBLE,-0.74,0.21
208,62,car,0.7431,1214.83,204.23,1279.89,245.3,1247.36,224.77,65.06,41.07,2672.08,1.58,Horizontal Oblong,Grey,"(94, 30, 111)","(44.31, -2.0, -0.5)",2.06,62,VISIBLE,0.02,0.15
208,75,person,0.7233,1021.47,77.89,1063.94,115.19,1042.71,96.54,42.48,37.3,1584.53,1.14,Spherical / Regular,Grey,"(105, 28, 112)","(45.49, -1.0, -4.0)",4.12,75,VISIBLE,0.01,0.12
208,86,car,0.7165,1059.91,192.67,1118.78,228.34,1089.35,210.51,58.87,35.67,2099.64,1.65,Horizontal Oblong,Grey,"(99, 29, 123)","(48.24, -2.0, -3.0)",3.61,86,VISIBLE,-1.26,-0.09
208,53,car,0.6628,844.41,590.3,1280.0,720.0,1062.21,655.15,435.59,129.7,56494.09,3.36,Horizontal Oblong,Grey,"(95, 29, 111)","(43.92, -1.0, -1.0)",1.41,53,VISIBLE,0.04,0.85
208,54,car,0.6837,0.03,425.79,194.68,709.45,97.36,567.62,194.66,283.67,55217.05,0.69,Vertical Oblong,Grey,"(102, 34, 113)","(44.31, -1.0, -4.0)",4.12,54,VISIBLE,-0.14,0.43
208,57,car,0.6842,724.55,409.78,1006.7,642.42,865.63,526.1,282.15,232.64,65639.88,1.21,Spherical / Regular,Grey,"(98, 59, 85)","(30.2, 1.0, -1.0)",1.41,57,VISIBLE,0.36,0.24
208,76,truck,0.6842,833.73,146.71,913.46,219.98,873.59,183.34,79.73,73.26,5841.09,1.09,Spherical / Regular,Orange,"(16, 103, 96)","(33.73, 5.0, 15.0)",15.81,76,VISIBLE,0.02,0.13
208,41,car,0.6777,730.32,278.08,866.95,386.45,798.63,332.27,136.62,108.37,14806.34,1.26,Horizontal Oblong,Grey,"(20, 19, 158)","(62.75, 0.0, 2.0)",2.0,82,VISIBLE,0.14,0.25
208,67,car,0.6374,952.79,302.39,1121.46,426.33,1037.13,364.36,168.67,123.94,20904.92,1.36,Horizontal Oblong,Orange,"(18, 112, 149)","(49.8, 7.0, 19.0)",20.25,67,VISIBLE,0.07,0.19
208,58,car,0.643,465.55,334.23,886.45,501.53,676.0,417.88,420.9,167.3,70417.82,2.52,Horizontal Oblong,Black,"(84, 153, 60)","(21.57, -9.0, 1.0)",9.06,58,VISIBLE,0.04,0.18
208,52,car,0.6219,198.39,615.97,630.48,720.0,414.43,667.99,432.09,104.03,44950.64,4.15,Horizontal Oblong,Grey,"(99, 16, 185)","(73.33, -1.0, -1.0)",1.41,52,VISIBLE,-0.19,0.3
208,51,car,0.5664,57.78,289.56,230.41,403.35,144.1,346.45,172.63,113.8,19645.27,1.52,Horizontal Oblong,Grey,"(100, 32, 125)","(50.2, -2.0, -5.0)",5.39,51,VISIBLE,-0.16,0.32
208,55,car,0.513,124.57,341.25,362.57,523.8,243.57,432.52,237.99,182.54,43444.35,1.3,Horizontal Oblong,Black,"(106, 64, 49)","(15.69, 2.0, 0.0)",2.0,55,VISIBLE,-0.17,0.12
208,59,car,0.5691,0.03,275.85,91.32,373.4,45.67,324.62,91.3,97.55,8906.3,0.94,Spherical / Regular,Grey,"(100, 24, 78)","(29.02, 0.0, -1.0)",1.0,59,VISIBLE,-0.22,0.05
208,65,car,0.5857,325.24,428.73,603.02,668.83,464.13,548.78,277.79,240.1,66696.4,1.16,Spherical / Regular,Black,"(111, 47, 58)","(18.82, 0.0, -3.0)",3.0,65,VISIBLE,-0.05,0.11
208,50,car,0.5979,1035.21,343.02,1280.0,536.13,1157.61,439.58,244.79,193.11,47271.71,1.27,Horizontal Oblong,Black,"(108, 54, 43)","(14.51, 2.0, 1.0)",2.24,50,VISIBLE,0.08,0.2
208,64,car,0.5677,262.18,299.67,422.88,429.85,342.53,364.76,160.69,130.18,20918.43,1.23,Spherical / Regular,Brown,"(17, 67, 131)","(44.71, 4.0, 9.0)",9.85,64,VISIBLE,-0.08,0.39
208,63,car,0.5387,1017.87,248.51,1131.54,305.79,1074.71,277.15,113.66,57.28,6510.47,1.98,Horizontal Oblong,Grey,"(102, 48, 101)","(36.86, 1.0, -3.0)",3.16,63,VISIBLE,0.05,0.2
208,81,car,0.3714,975.98,184.37,1022.93,217.59,999.45,200.98,46.94,33.22,1559.59,1.41,Horizontal Oblong,Black,"(101, 46, 57)","(20.0, 0.0, -2.0)",2.0,81,VISIBLE,-0.98,-0.03
208,70,car,0.4859,1087.35,265.83,1266.15,347.91,1176.75,306.87,178.8,82.08,14675.79,2.18,Horizontal Oblong,Black,"(104, 53, 45)","(14.9, 1.0, -2.0)",2.24,70,VISIBLE,0.06,0.22
208,69,car,0.4622,70.8,238.23,203.37,307.41,137.08,272.82,132.58,69.18,9171.92,1.92,Horizontal Oblong,Grey,"(100, 45, 112)","(43.14, -2.0, -5.0)",5.39,69,VISIBLE,-0.24,0.18
208,56,car,0.4702,225.61,247.4,340.04,330.89,282.83,289.15,114.42,83.5,9554.03,1.37,Horizontal Oblong,Grey,"(101, 34, 122)","(48.63, -1.0, -5.0)",5.1,56,VISIBLE,-0.12,0.17
208,84,bus,0.412,506.13,131.17,548.54,164.62,527.33,147.89,42.41,33.46,1418.95,1.27,Horizontal Oblong,Grey,"(90, 33, 69)","(27.45, 0.0, 0.0)",0.0,84,VISIBLE,-0.08,0.22
208,73,car,0.3999,201.52,221.17,298.54,292.02,250.03,256.59,97.02,70.86,6875.0,1.37,Horizontal Oblong,Grey,"(101, 60, 109)","(41.18, -3.0, -6.0)",6.71,73,VISIBLE,-0.09,0.14
208,79,car,0.4166,171.24,156.59,254.15,184.91,212.7,170.75,82.91,28.33,2348.58,2.93,Horizontal Oblong,Black,"(104, 78, 34)","(10.59, -1.0, -5.0)",5.1,79,VISIBLE,-0.05,0.18
208,78,car,0.4243,690.55,225.93,771.69,283.87,731.12,254.9,81.14,57.94,4701.43,1.4,Horizontal Oblong,Grey,"(90, 15, 145)","(57.65, -1.0, 0.0)",1.0,78,VISIBLE,0.31,-1.01
208,83,car,0.4532,85.75,164.43,197.84,199.14,141.79,181.79,112.09,34.72,3891.69,3.23,Horizontal Oblong,Grey,"(102, 58, 62)","(23.14, -2.0, -5.0)",5.39,83,VISIBLE,-0.0,0.05
208,60,car,0.3614,885.0,254.28,1026.41,359.56,955.71,306.92,141.42,105.29,14889.43,1.34,Horizontal Oblong,Black,"(20, 59, 58)","(20.78, 2.0, 2.0)",2.83,60,VISIBLE,0.01,0.16
208,85,person,0.4074,166.79,174.86,181.45,216.56,174.12,195.71,14.66,41.7,611.48,0.35,Vertical Oblong,Black,"(113, 77, 24)","(5.49, 1.0, -4.0)",4.12,85,VISIBLE,-0.23,0.32
208,72,car,0.3191,342.9,257.11,475.53,374.96,409.21,316.04,132.64,117.85,15631.51,1.13,Spherical / Regular,Grey,"(103, 70, 76)","(26.67, 0.0, -2.0)",2.0,72,VISIBLE,0.02,0.24
208,89,car,0.2826,1154.41,170.0,1224.77,189.47,1189.59,179.73,70.37,19.47,1370.28,3.61,Horizontal Oblong,Black,"(100, 42, 56)","(21.57, -2.0, -3.0)",3.61,89,VISIBLE,-0.05,0.17
208,68,car,0.2688,793.27,209.54,857.56,267.75,825.41,238.64,64.29,58.22,3742.91,1.1,Spherical / Regular,Black,"(111, 57, 73)","(21.18, 6.0, 4.0)",7.21,68,VISIBLE,0.01,0.06
208,71,car,0.3186,406.9,246.96,496.46,330.56,451.68,288.76,89.55,83.6,7486.97,1.07,Spherical / Regular,Grey,"(101, 40, 97)","(34.9, 1.0, 0.0)",1.0,71,VISIBLE,-0.08,0.23
208,66,car,0.2997,865.13,237.68,968.2,313.37,916.66,275.53,103.07,75.69,7800.73,1.36,Horizontal Oblong,Grey,"(15, 33, 89)","(34.12, 2.0, 4.0)",4.47,66,VISIBLE,0.12,0.17
208,74,car,0.2556,281.49,198.74,344.09,248.22,312.79,223.48,62.61,49.47,3097.53,1.27,Horizontal Oblong,Grey,"(100, 37, 117)","(45.69, -3.0, -5.0)",5.83,74,VISIBLE,-0.27,0.21
208,80,car,0.2282,1208.43,311.58,1280.0,445.6,1244.22,378.59,71.57,134.02,9591.45,0.53,Vertical Oblong,Black,"(105, 64, 44)","(12.94, 0.0, -2.0)",2.0,80,VISIBLE,0.02,0.77
208,88,person,0.1803,1244.05,181.75,1259.4,205.85,1251.72,193.8,15.35,24.1,370.07,0.64,Vertical Oblong,Black,"(130, 21, 20)","(5.49, 0.0, -1.0)",1.0,88,VISIBLE,-0.01,0.15
208,61,car,0.239,0.0,342.49,74.06,436.5,37.03,389.49,74.06,94.01,6962.67,0.79,Vertical Oblong,Black,"(46, 27, 55)","(21.18, 1.0, 1.0)",1.41,61,VISIBLE,-0.09,0.23
208,90,car,0.1777,966.65,223.63,1060.58,279.75,1013.61,251.69,93.93,56.12,5271.19,1.67,Horizontal Oblong,Grey,"(101, 41, 101)","(39.22, -1.0, -3.0)",3.16,90,VISIBLE,0.02,-0.0
208,77,car,0.1736,249.5,151.04,308.37,176.49,278.94,163.76,58.87,25.45,1498.47,2.31,Horizontal Oblong,Grey,"(100, 50, 93)","(36.86, -3.0, -5.0)",5.83,77,VISIBLE,-0.05,0.11
208,91,car,0.1659,871.63,195.91,936.41,234.55,904.02,215.23,64.78,38.64,2502.98,1.68,Horizontal Oblong,Black,"(101, 54, 56)","(20.78, 1.0, -2.0)",2.24,91,VISIBLE,-0.62,-0.14
208,92,car,0.2106,678.41,206.22,743.8,254.43,711.11,230.33,65.39,48.22,3153.15,1.36,Horizontal Oblong,Grey,"(108, 52, 79)","(28.24, 1.0, -2.0)",2.24,92,VISIBLE,0.0,0.0
208,93,car,0.181,927.1,184.82,967.86,216.06,947.48,200.44,40.76,31.23,1273.03,1.3,Horizontal Oblong,Black,"(106, 43, 61)","(19.41, 0.0, -4.0)",4.0,93,VISIBLE,0.0,0.0
209,3,car,0.4646,525.89,260.88,748.43,327.67,637.16,294.27,222.54,66.8,14864.78,3.33,Horizontal Oblong,Grey,"(100, 25, 122)","(48.63, -1.0, -2.0)",2.24,34,VISIBLE,8.39,1.66
209,33,car,0.2896,813.13,224.17,898.64,294.3,855.88,259.24,85.51,70.13,5996.94,1.22,Spherical / Regular,Grey,"(87, 32, 110)","(41.96, 1.0, 0.0)",1.0,40,VISIBLE,-2.06,1.05
209,39,car,0.4988,1189.56,471.13,1280.0,703.21,1234.78,587.17,90.44,232.08,20989.75,0.39,Vertical Oblong,Grey,"(94, 23, 75)","(30.98, -1.0, -1.0)",1.41,39,VISIBLE,1.39,2.24
209,30,truck,0.1571,744.19,138.88,779.8,181.55,762.0,160.21,35.61,42.67,1519.21,0.83,Spherical / Regular,Grey,"(90, 14, 130)","(53.73, -2.0, -1.0)",2.24,45,VISIBLE,-1.78,0.68
209,48,person,0.8052,21.88,190.48,40.71,244.68,31.3,217.58,18.84,54.2,1020.89,0.35,Vertical Oblong,Black,"(115, 64, 23)","(5.49, 0.0, -2.0)",2.0,87,VISIBLE,-0.81,0.19
209,62,car,0.7331,1215.02,204.32,1279.92,245.6,1247.47,224.96,64.9,41.28,2679.19,1.57,Horizontal Oblong,Grey,"(95, 29, 111)","(44.31, -2.0, -1.0)",2.24,62,VISIBLE,0.08,0.18
209,75,person,0.728,1021.53,78.05,1064.03,115.36,1042.78,96.7,42.49,37.31,1585.4,1.14,Spherical / Regular,Grey,"(108, 32, 114)","(45.1, 0.0, -5.0)",5.0,75,VISIBLE,0.05,0.15
209,86,car,0.6559,1058.37,192.65,1117.33,228.27,1087.85,210.46,58.96,35.62,2100.14,1.66,Horizontal Oblong,Grey,"(100, 30, 122)","(48.24, -1.0, -3.0)",3.16,86,VISIBLE,-1.42,-0.06
209,53,car,0.6347,844.63,590.03,1280.0,720.0,1062.31,655.02,435.37,129.97,56583.65,3.35,Horizontal Oblong,Grey,"(100, 29, 112)","(44.31, -1.0, -1.0)",1.41,53,VISIBLE,0.09,0.16
209,54,car,0.6833,0.03,426.35,194.32,709.92,97.17,568.13,194.29,283.57,55096.07,0.69,Vertical Oblong,Grey,"(103, 34, 113)","(44.31, -1.0, -4.0)",4.12,54,VISIBLE,-0.17,0.49
209,57,car,0.6452,724.95,410.06,1007.03,643.0,865.99,526.53,282.08,232.95,65709.52,1.21,Spherical / Regular,Grey,"(98, 58, 84)","(29.41, 1.0, -1.0)",1.41,57,VISIBLE,0.36,0.37
209,76,truck,0.6276,833.9,146.98,913.61,219.97,873.76,183.48,79.7,72.99,5817.45,1.09,Spherical / Regular,Orange,"(16, 103, 96)","(33.73, 4.0, 15.0)",15.52,76,VISIBLE,0.12,0.13
209,41,car,0.6348,731.11,278.34,866.93,386.74,799.02,332.54,135.82,108.39,14722.08,1.25,Spherical / Regular,Grey,"(20, 18, 158)","(62.75, 0.0, 1.0)",1.0,82,VISIBLE,0.31,0.27
209,67,car,0.5686,953.04,302.65,1121.57,426.89,1037.3,364.77,168.53,124.24,20937.87,1.36,Horizontal Oblong,Orange,"(18, 112, 148)","(49.41, 7.0, 19.0)",20.25,67,VISIBLE,0.15,0.35
209,58,car,0.5896,465.08,334.6,886.25,501.61,675.66,418.1,421.17,167.01,70339.59,2.52,Horizontal Oblong,Black,"(84, 149, 60)","(21.96, -9.0, 0.0)",9.0,58,VISIBLE,-0.22,0.21
209,52,car,0.6265,197.88,616.55,630.44,720.0,414.16,668.27,432.57,103.45,44750.88,4.18,Horizontal Oblong,Grey,"(99, 16, 185)","(73.33, -1.0, -1.0)",1.41,52,VISIBLE,-0.25,0.29
209,51,car,0.5691,57.61,289.94,230.36,403.68,143.99,346.81,172.75,113.75,19649.69,1.52,Horizontal Oblong,Grey,"(101, 33, 125)","(49.8, -2.0, -5.0)",5.39,51,VISIBLE,-0.13,0.35
209,55,car,0.5465,124.44,341.4,362.7,524.02,243.57,432.71,238.26,182.61,43509.17,1.3,Horizontal Oblong,Black,"(106, 64, 48)","(15.69, 2.0, 0.0)",2.0,55,VISIBLE,-0.05,0.17
209,59,car,0.5861,0.02,276.38,90.83,373.39,45.42,324.89,90.81,97.01,8810.23,0.94,Spherical / Regular,Grey,"(103, 23, 75)","(28.63, 1.0, -1.0)",1.41,59,VISIBLE,-0.24,0.2
209,65,car,0.5744,325.13,429.13,602.98,668.98,464.05,549.05,277.84,239.85,66640.74,1.16,Spherical / Regular,Black,"(113, 49, 57)","(18.82, 1.0, -3.0)",3.16,65,VISIBLE,-0.07,0.22
209,50,car,0.5978,1035.37,343.18,1280.0,536.67,1157.69,439.92,244.63,193.49,47332.33,1.26,Horizontal Oblong,Black,"(108, 53, 44)","(14.9, 2.0, 0.0)",2.0,50,VISIBLE,0.08,0.3
209,64,car,0.5171,262.26,300.33,422.74,430.11,342.5,365.22,160.48,129.77,20826.44,1.24,Spherical / Regular,Orange,"(17, 68, 129)","(44.31, 5.0, 9.0)",10.3,64,VISIBLE,-0.04,0.44
209,63,car,0.4705,1018.26,248.72,1132.03,306.23,1075.15,277.48,113.77,57.51,6542.98,1.98,Horizontal Oblong,Grey,"(102, 49, 101)","(36.86, 1.0, -2.0)",2.24,63,VISIBLE,0.32,0.29
209,81,car,0.3202,975.18,184.43,1021.4,217.56,998.29,200.99,46.22,33.13,1531.15,1.39,Horizontal Oblong,Black,"(107, 49, 58)","(19.22, 1.0, -3.0)",3.16,81,VISIBLE,-1.11,0.0
209,70,car,0.4784,1088.29,266.16,1266.25,348.19,1177.27,307.18,177.96,82.03,14598.27,2.17,Horizontal Oblong,Black,"(106, 54, 45)","(14.9, 1.0, -2.0)",2.24,70,VISIBLE,0.38,0.28
209,69,car,0.5138,70.2,238.56,202.58,307.29,136.39,272.92,132.37,68.73,9097.74,1.93,Horizontal Oblong,Grey,"(101, 44, 113)","(43.14, -2.0, -5.0)",5.39,69,VISIBLE,-0.56,0.13
209,56,car,0.4723,225.42,247.65,339.91,331.32,282.67,289.49,114.49,83.67,9579.39,1.37,Horizontal Oblong,Grey,"(101, 35, 122)","(48.63, -1.0, -5.0)",5.1,56,VISIBLE,-0.15,0.29
209,84,bus,0.4357,506.19,131.56,548.44,164.52,527.32,148.04,42.26,32.96,1392.78,1.28,Horizontal Oblong,Grey,"(93, 39, 70)","(26.27, 1.0, 0.0)",1.0,84,VISIBLE,-0.04,0.17
209,73,car,0.3775,201.48,221.35,298.53,292.33,250.01,256.84,97.05,70.98,6888.28,1.37,Horizontal Oblong,Grey,"(101, 58, 110)","(41.18, -3.0, -7.0)",7.62,73,VISIBLE,-0.04,0.21
209,79,car,0.4124,171.11,156.8,254.57,185.06,212.84,170.93,83.46,28.26,2358.94,2.95,Horizontal Oblong,Black,"(104, 73, 34)","(10.98, -1.0, -4.0)",4.12,79,VISIBLE,0.09,0.18
209,78,car,0.329,691.26,226.17,772.01,282.51,731.63,254.34,80.75,56.34,4549.16,1.43,Horizontal Oblong,Grey,"(95, 15, 143)","(55.49, -1.0, 0.0)",1.0,78,VISIBLE,0.45,-0.69
209,83,car,0.4463,85.86,164.66,197.61,199.66,141.73,182.16,111.75,35.0,3910.94,3.19,Horizontal Oblong,Grey,"(103, 57, 62)","(22.75, -2.0, -5.0)",5.39,83,VISIBLE,-0.04,0.28
209,60,car,0.3041,885.16,254.58,1026.46,359.8,955.81,307.19,141.3,105.22,14868.34,1.34,Horizontal Oblong,Black,"(19, 58, 58)","(20.78, 2.0, 2.0)",2.83,60,VISIBLE,0.08,0.24
209,85,person,0.4833,166.45,175.14,181.29,216.7,173.87,195.92,14.84,41.56,616.6,0.36,Vertical Oblong,Black,"(113, 71, 24)","(5.49, 2.0, -4.0)",4.47,85,VISIBLE,-0.24,0.24
209,72,car,0.3077,342.76,257.29,475.45,375.28,409.1,316.28,132.68,117.99,15655.08,1.12,Spherical / Regular,Grey,"(104, 69, 76)","(27.25, 0.0, -2.0)",2.0,72,VISIBLE,-0.07,0.25
209,89,car,0.2423,1154.48,170.47,1224.74,189.84,1189.61,180.16,70.26,19.37,1361.17,3.63,Horizontal Oblong,Black,"(100, 41, 57)","(21.96, -2.0, -3.0)",3.61,89,VISIBLE,-0.0,0.35
209,68,car,0.1876,793.4,210.02,857.65,267.99,825.53,239.01,64.25,57.97,3724.64,1.11,Spherical / Regular,Grey,"(18, 60, 75)","(22.75, 6.0, 4.0)",7.21,68,VISIBLE,0.08,0.27
209,71,car,0.3183,407.07,247.03,496.64,330.83,451.86,288.93,89.58,83.8,7506.28,1.07,Spherical / Regular,Grey,"(102, 39, 97)","(34.51, 2.0, 0.0)",2.0,71,VISIBLE,0.1,0.19
209,66,car,0.2688,865.12,237.87,968.47,313.84,916.79,275.86,103.35,75.97,7851.33,1.36,Horizontal Oblong,Grey,"(15, 34, 88)","(34.12, 2.0, 4.0)",4.47,66,VISIBLE,0.13,0.28
209,74,car,0.2695,280.96,199.03,343.9,248.46,312.43,223.74,62.94,49.43,3111.46,1.27,Horizontal Oblong,Grey,"(101, 41, 119)","(45.88, -2.0, -6.0)",6.32,74,VISIBLE,-0.33,0.25
209,80,car,0.2193,1209.16,311.6,1280.0,444.5,1244.58,378.05,70.84,132.9,9414.96,0.53,Vertical Oblong,Black,"(106, 60, 43)","(12.94, 0.0, -2.0)",2.0,80,VISIBLE,0.26,-0.15
209,88,person,0.1803,1244.07,181.83,1259.32,205.93,1251.69,193.88,15.25,24.1,367.54,0.63,Vertical Oblong,Black,"(130, 13, 20)","(5.49, 0.0, 0.0)",0.0,88,VISIBLE,-0.02,0.1
209,61,car,0.2718,0.0,342.84,73.87,437.13,36.94,389.99,73.87,94.3,6965.66,0.78,Vertical Oblong,Black,"(66, 26, 55)","(21.18, 1.0, 0.0)",1.0,61,VISIBLE,-0.09,0.41
209,90,car,0.1777,966.66,223.67,1060.6,279.71,1013.63,251.69,93.94,56.04,5264.43,1.68,Horizontal Oblong,Grey,"(101, 43, 101)","(39.22, 0.0, -3.0)",3.0,90,VISIBLE,0.02,-0.0
209,77,car,0.1586,249.6,151.15,308.54,176.73,279.07,163.94,58.93,25.59,1507.84,2.3,Horizontal Oblong,Grey,"(100, 48, 94)","(36.86, -3.0, -5.0)",5.83,77,VISIBLE,0.08,0.16
209,91,car,0.1659,871.55,195.97,936.18,234.43,903.87,215.2,64.63,38.47,2486.19,1.68,Horizontal Oblong,Black,"(102, 54, 56)","(20.0, 1.0, -2.0)",2.24,91,VISIBLE,-0.29,-0.06
209,92,car,0.1582,678.71,206.34,743.72,255.79,711.22,231.07,65.0,49.45,3214.3,1.31,Horizontal Oblong,Grey,"(109, 48, 79)","(28.04, 2.0, -1.0)",2.24,92,VISIBLE,0.11,0.74
209,93,car,0.181,927.08,184.83,967.82,216.03,947.45,200.43,40.74,31.19,1270.64,1.31,Horizontal Oblong,Black,"(120, 43, 58)","(18.82, 1.0, -4.0)",4.12,93,VISIBLE,-0.03,-0.01
209,94,truck,0.1681,798.88,134.08,834.75,166.61,816.81,150.34,35.86,32.54,1166.85,1.1,Spherical / Regular,Grey,"(17, 40, 88)","(34.9, 2.0, 5.0)",5.39,94,VISIBLE,0.0,0.0
210,3,car,0.5387,539.21,260.17,750.7,328.2,644.96,294.19,211.49,68.03,14386.77,3.11,Horizontal Oblong,Grey,"(100, 25, 120)","(48.24, -1.0, -2.0)",2.24,34,VISIBLE,7.97,0.44
210,33,car,0.2827,813.35,224.38,898.97,294.12,856.16,259.25,85.62,69.74,5971.0,1.23,Spherical / Regular,Grey,"(90, 31, 109)","(41.18, 1.0, 0.0)",1.0,40,VISIBLE,-0.43,0.33
210,39,car,0.511,1189.73,470.19,1280.0,702.68,1234.86,586.44,90.27,232.49,20987.2,0.39,Vertical Oblong,Grey,"(94, 23, 75)","(30.98, -1.0, -1.0)",1.41,39,VISIBLE,0.48,0.16
210,30,truck,0.1571,743.52,139.18,775.97,182.54,759.75,160.86,32.45,43.35,1406.8,0.75,Vertical Oblong,Grey,"(84, 13, 131)","(54.12, -1.0, 0.0)",1.0,45,VISIBLE,-2.11,0.65
210,48,person,0.8155,20.91,190.41,40.04,245.13,30.47,217.77,19.13,54.72,1047.06,0.35,Vertical Oblong,Black,"(113, 67, 23)","(5.49, 0.0, -2.0)",2.0,87,VISIBLE,-0.82,0.19
210,62,car,0.7311,1215.17,204.48,1279.93,245.79,1247.55,225.14,64.76,41.32,2675.45,1.57,Horizontal Oblong,Grey,"(94, 29, 110)","(44.31, -2.0, -0.5)",2.06,62,VISIBLE,0.08,0.18
210,75,person,0.7177,1021.63,78.27,1063.76,115.47,1042.7,96.87,42.13,37.2,1567.25,1.13,Spherical / Regular,Grey,"(106, 31, 111)","(43.92, 0.0, -5.0)",5.0,75,VISIBLE,-0.04,0.16
210,86,car,0.6554,1057.14,192.7,1115.7,228.21,1086.42,210.45,58.56,35.51,2079.7,1.65,Horizontal Oblong,Grey,"(99, 30, 124)","(48.63, -2.0, -3.0)",3.61,86,VISIBLE,-1.43,-0.02
210,53,car,0.6383,844.9,591.87,1280.0,720.0,1062.45,655.94,435.1,128.13,55749.79,3.4,Horizontal Oblong,Grey,"(99, 29, 112)","(44.31, -1.0, -1.0)",1.41,53,VISIBLE,0.12,0.69
210,54,car,0.6818,0.02,426.86,193.94,710.95,96.98,568.91,193.92,284.09,55090.53,0.68,Vertical Oblong,Grey,"(103, 34, 113)","(44.31, -1.0, -4.0)",4.12,54,VISIBLE,-0.19,0.69
210,57,car,0.6072,725.25,410.31,1007.28,643.66,866.26,526.99,282.03,233.34,65810.51,1.21,Spherical / Regular,Grey,"(98, 58, 85)","(30.2, 1.0, -1.0)",1.41,57,VISIBLE,0.3,0.43
210,76,truck,0.6344,834.09,147.18,913.69,220.02,873.89,183.6,79.61,72.84,5798.37,1.09,Spherical / Regular,Orange,"(16, 105, 96)","(33.73, 4.0, 15.0)",15.52,76,VISIBLE,0.13,0.13
210,41,car,0.6639,731.84,278.54,866.9,387.02,799.37,332.78,135.07,108.48,14651.85,1.25,Spherical / Regular,Grey,"(20, 18, 158)","(62.75, 0.0, 1.0)",1.0,82,VISIBLE,0.34,0.25
210,67,car,0.5803,953.2,302.89,1121.66,427.31,1037.43,365.1,168.45,124.41,20957.15,1.35,Horizontal Oblong,Orange,"(18, 114, 149)","(49.41, 7.0, 19.0)",20.25,67,VISIBLE,0.13,0.33
210,58,car,0.6035,464.68,334.93,886.69,501.83,675.69,418.38,422.01,166.89,70431.85,2.53,Horizontal Oblong,Black,"(84, 149, 60)","(21.96, -9.0, 1.0)",9.06,58,VISIBLE,-0.05,0.26
210,52,car,0.6245,197.54,616.99,630.46,720.0,414.0,668.49,432.92,103.01,44596.82,4.2,Horizontal Oblong,Grey,"(100, 16, 185)","(73.73, -1.0, -1.0)",1.41,52,VISIBLE,-0.19,0.24
210,51,car,0.5736,57.47,290.16,230.18,403.69,143.82,346.93,172.71,113.53,19607.02,1.52,Horizontal Oblong,Grey,"(101, 33, 126)","(49.8, -2.0, -5.0)",5.39,51,VISIBLE,-0.15,0.18
210,55,car,0.5335,124.34,341.55,362.78,524.35,243.56,432.95,238.43,182.81,43586.92,1.3,Horizontal Oblong,Black,"(106, 64, 48)","(15.69, 2.0, 0.0)",2.0,55,VISIBLE,-0.02,0.22
210,59,car,0.5843,0.01,276.82,90.41,373.93,45.21,325.38,90.4,97.11,8779.1,0.93,Spherical / Regular,Grey,"(101, 22, 76)","(28.63, 1.0, -1.0)",1.41,59,VISIBLE,-0.22,0.4
210,65,car,0.5724,324.97,429.51,602.98,669.15,463.98,549.33,278.01,239.64,66622.81,1.16,Spherical / Regular,Black,"(113, 47, 56)","(18.82, 1.0, -3.0)",3.16,65,VISIBLE,-0.08,0.26
210,50,car,0.6005,1035.6,343.3,1280.0,537.11,1157.8,440.21,244.4,193.81,47366.45,1.26,Horizontal Oblong,Black,"(108, 55, 44)","(14.9, 2.0, 0.0)",2.0,50,VISIBLE,0.1,0.29
210,64,car,0.5454,262.28,300.79,422.64,430.38,342.46,365.58,160.36,129.59,20781.67,1.24,Spherical / Regular,Orange,"(17, 69, 130)","(44.31, 5.0, 9.0)",10.3,64,VISIBLE,-0.04,0.39
210,63,car,0.4726,1018.39,248.78,1132.02,306.63,1075.21,277.7,113.62,57.85,6573.12,1.96,Horizontal Oblong,Grey,"(103, 49, 101)","(37.25, 1.0, -2.0)",2.24,63,VISIBLE,0.14,0.25
210,81,car,0.3461,974.23,184.72,1020.27,217.33,997.25,201.03,46.05,32.61,1501.67,1.41,Horizontal Oblong,Black,"(105, 49, 57)","(19.61, 1.0, -3.0)",3.16,81,VISIBLE,-1.06,0.02
210,70,car,0.4729,1089.05,266.39,1266.34,348.53,1177.69,307.46,177.29,82.14,14562.62,2.16,Horizontal Oblong,Black,"(105, 55, 44)","(14.9, 1.0, -2.0)",2.24,70,VISIBLE,0.41,0.28
210,69,car,0.4896,69.58,238.94,201.73,307.67,135.66,273.3,132.15,68.73,9083.15,1.92,Horizontal Oblong,Grey,"(101, 43, 114)","(43.53, -2.0, -5.0)",5.39,69,VISIBLE,-0.68,0.3
210,56,car,0.4739,225.3,247.95,339.85,331.58,282.58,289.77,114.54,83.64,9579.88,1.37,Horizontal Oblong,Grey,"(102, 36, 122)","(48.24, -1.0, -5.0)",5.1,56,VISIBLE,-0.11,0.28
210,84,bus,0.4514,506.21,132.12,548.24,164.7,527.23,148.41,42.04,32.59,1369.86,1.29,Horizontal Oblong,Grey,"(92, 42, 70)","(25.88, 1.0, 0.0)",1.0,84,VISIBLE,-0.07,0.31
210,73,car,0.3763,201.3,221.53,298.55,292.61,249.92,257.07,97.24,71.08,6912.6,1.37,Horizontal Oblong,Grey,"(101, 59, 110)","(41.18, -3.0, -7.0)",7.62,73,VISIBLE,-0.07,0.22
210,79,car,0.4221,170.98,157.0,255.05,185.14,213.01,171.07,84.07,28.14,2365.72,2.99,Horizontal Oblong,Black,"(106, 72, 35)","(11.37, 0.0, -5.0)",5.0,79,VISIBLE,0.15,0.15
210,78,car,0.3402,692.05,226.39,772.2,281.32,732.12,253.86,80.15,54.93,4402.48,1.46,Horizontal Oblong,Grey,"(95, 15, 143)","(56.08, -1.0, -1.0)",1.41,78,VISIBLE,0.48,-0.55
210,83,car,0.4672,85.87,164.86,197.74,200.09,141.8,182.47,111.87,35.23,3941.16,3.18,Horizontal Oblong,Grey,"(103, 57, 62)","(22.75, -2.0, -5.0)",5.39,83,VISIBLE,0.04,0.3
210,60,car,0.2981,885.26,254.9,1026.54,359.95,955.9,307.43,141.28,105.04,14840.74,1.34,Horizontal Oblong,Black,"(26, 58, 58)","(20.78, 2.0, 2.0)",2.83,60,VISIBLE,0.09,0.24
210,85,person,0.5228,166.11,175.21,181.13,216.93,173.62,196.07,15.03,41.73,626.97,0.36,Vertical Oblong,Black,"(113, 70, 24)","(5.49, 2.0, -3.0)",3.61,85,VISIBLE,-0.25,0.18
210,72,car,0.3058,342.95,257.43,475.49,375.51,409.22,316.47,132.54,118.08,15650.39,1.12,Spherical / Regular,Grey,"(104, 69, 76)","(27.45, 0.0, -3.0)",3.0,72,VISIBLE,0.06,0.2
210,89,car,0.2209,1154.42,170.87,1224.82,190.46,1189.62,180.66,70.4,19.59,1379.18,3.59,Horizontal Oblong,Black,"(100, 41, 57)","(21.96, -1.0, -3.0)",3.16,89,VISIBLE,0.01,0.46
210,68,car,0.1982,793.41,210.49,857.72,268.24,825.56,239.37,64.32,57.75,3714.11,1.11,Spherical / Regular,Grey,"(18, 60, 74)","(22.75, 6.0, 4.0)",7.21,68,VISIBLE,0.05,0.33
210,71,car,0.3256,407.25,247.14,496.82,331.17,452.03,289.15,89.57,84.04,7527.22,1.07,Spherical / Regular,Grey,"(102, 39, 97)","(34.51, 1.0, 0.0)",1.0,71,VISIBLE,0.16,0.21
210,66,car,0.2774,865.11,237.96,968.78,314.34,916.94,276.15,103.67,76.38,7918.38,1.36,Horizontal Oblong,Grey,"(15, 34, 89)","(34.51, 2.0, 3.0)",3.61,66,VISIBLE,0.14,0.29
210,74,car,0.2781,280.15,199.26,343.8,248.64,311.98,223.95,63.65,49.38,3142.77,1.29,Horizontal Oblong,Grey,"(101, 39, 121)","(47.06, -2.0, -5.0)",5.39,74,VISIBLE,-0.42,0.22
210,80,car,0.2408,1209.76,311.63,1280.0,446.73,1244.88,379.18,70.24,135.1,9489.87,0.52,Vertical Oblong,Black,"(106, 65, 43)","(12.94, 0.0, -2.0)",2.0,80,VISIBLE,0.29,0.75
210,88,person,0.1803,1244.09,181.92,1259.23,206.02,1251.66,193.97,15.15,24.1,365.01,0.63,Vertical Oblong,Black,"(130, 32, 20)","(4.71, 0.0, -2.0)",2.0,88,VISIBLE,-0.03,0.09
210,61,car,0.2796,0.0,343.34,73.66,437.71,36.83,390.53,73.66,94.37,6951.78,0.78,Vertical Oblong,Black,"(63, 27, 55)","(21.18, 1.0, 1.0)",1.41,61,VISIBLE,-0.1,0.5
210,90,car,0.1777,966.68,223.72,1060.63,279.68,1013.66,251.7,93.95,55.96,5257.66,1.68,Horizontal Oblong,Grey,"(101, 43, 101)","(39.22, 0.0, -3.0)",3.0,90,VISIBLE,0.02,0.01
210,77,car,0.1586,249.65,151.21,308.55,176.9,279.1,164.05,58.9,25.69,1512.79,2.29,Horizontal Oblong,Grey,"(100, 47, 93)","(36.86, -3.0, -5.0)",5.83,77,VISIBLE,0.05,0.13
210,91,car,0.1659,871.47,196.02,935.95,234.32,903.71,215.17,64.48,38.3,2469.45,1.68,Horizontal Oblong,Black,"(101, 52, 56)","(19.61, 1.0, -2.0)",2.24,91,VISIBLE,-0.2,-0.04
210,92,car,0.1728,678.66,206.56,743.44,257.01,711.05,231.78,64.78,50.45,3267.99,1.28,Horizontal Oblong,Grey,"(108, 48, 78)","(28.63, 2.0, -2.0)",2.83,92,VISIBLE,-0.08,0.73
210,93,car,0.181,927.06,184.85,967.78,215.99,947.42,200.42,40.72,31.15,1268.25,1.31,Horizontal Oblong,Black,"(113, 43, 62)","(20.0, 1.0, -4.0)",4.12,93,VISIBLE,-0.03,-0.01
210,94,truck,0.1668,798.4,134.04,834.6,166.37,816.5,150.2,36.2,32.33,1170.23,1.12,Spherical / Regular,Grey,"(18, 39, 86)","(34.9, 1.0, 5.0)",5.1,94,VISIBLE,-0.31,-0.14
210,95,car,0.3296,512.71,264.81,655.74,370.68,584.22,317.75,143.03,105.87,15142.75,1.35,Horizontal Oblong,Black,"(113, 60, 49)","(15.69, 2.0, -4.0)",4.47,95,VISIBLE,0.0,0.0
210,96,car,0.1675,325.07,216.29,408.08,276.64,366.58,246.47,83.01,60.34,5008.92,1.38,Horizontal Oblong,Grey,"(102, 53, 101)","(37.45, -2.0, -6.0)",6.32,96,VISIBLE,0.0,0.0
211,3,car,0.5629,547.64,258.19,753.05,328.86,650.34,293.52,205.41,70.67,14516.58,2.91,Horizontal Oblong,Grey,"(100, 24, 119)","(47.84, -1.0, -2.0)",2.24,34,VISIBLE,6.16,-0.33
211,33,car,0.3056,814.62,224.4,899.6,293.65,857.11,259.02,84.99,69.25,5885.33,1.23,Spherical / Regular,Grey,"(95, 31, 110)","(41.57, 1.0, 0.0)",1.0,40,VISIBLE,0.54,-0.06
211,39,car,0.4928,1189.14,466.74,1279.96,698.52,1234.55,582.63,90.82,231.79,21051.39,0.39,Vertical Oblong,Grey,"(94, 23, 75)","(30.98, -1.0, -1.0)",1.41,39,VISIBLE,-0.08,-2.62
211,30,truck,0.1571,742.85,139.49,772.14,183.53,757.5,161.51,29.29,44.04,1290.04,0.67,Vertical Oblong,Grey,"(84, 13, 132)","(54.51, -1.0, 0.0)",1.0,45,VISIBLE,-2.21,0.65
211,48,person,0.8184,19.78,190.31,39.46,245.55,29.62,217.93,19.69,55.23,1087.36,0.36,Vertical Oblong,Black,"(113, 67, 23)","(5.49, 0.0, -2.0)",2.0,87,VISIBLE,-0.84,0.17
211,62,car,0.7324,1215.27,204.65,1279.95,245.97,1247.61,225.31,64.67,41.32,2672.06,1.57,Horizontal Oblong,Grey,"(94, 29, 111)","(45.1, -2.0, -0.5)",2.06,62,VISIBLE,0.07,0.18
211,75,person,0.7186,1021.73,78.42,1063.88,115.56,1042.81,96.99,42.15,37.14,1565.41,1.13,Spherical / Regular,Grey,"(108, 31, 111)","(43.92, 0.0, -5.0)",5.0,75,VISIBLE,0.06,0.13
211,86,car,0.653,1056.04,192.65,1114.24,228.07,1085.14,210.36,58.2,35.42,2061.16,1.64,Horizontal Oblong,Grey,"(100, 30, 125)","(48.63, -1.0, -3.0)",3.16,86,VISIBLE,-1.32,-0.07
211,53,car,0.6421,845.28,594.02,1280.0,720.0,1062.64,657.01,434.72,125.98,54765.94,3.45,Horizontal Oblong,Grey,"(100, 28, 110)","(43.92, -1.0, -2.0)",2.24,53,VISIBLE,0.17,0.96
211,54,car,0.6794,0.02,427.3,193.58,711.83,96.8,569.57,193.56,284.52,55071.5,0.68,Vertical Oblong,Grey,"(103, 34, 113)","(44.31, -1.0, -4.0)",4.12,54,VISIBLE,-0.18,0.67
211,57,car,0.6318,724.5,410.56,1007.5,644.08,866.0,527.32,283.0,233.52,66087.26,1.21,Spherical / Regular,Grey,"(98, 57, 85)","(30.2, 1.0, -1.0)",1.41,57,VISIBLE,-0.1,0.36
211,76,truck,0.6497,834.23,147.33,913.66,220.1,873.95,183.72,79.43,72.77,5780.26,1.09,Spherical / Regular,Orange,"(16, 106, 96)","(33.73, 4.0, 15.0)",15.52,76,VISIBLE,0.08,0.12
211,41,car,0.6827,732.08,278.7,866.9,387.33,799.49,333.02,134.82,108.63,14645.31,1.24,Spherical / Regular,Grey,"(20, 18, 157)","(62.75, 0.0, 1.0)",1.0,82,VISIBLE,0.19,0.24
211,67,car,0.5923,953.35,303.1,1121.67,427.65,1037.51,365.38,168.32,124.55,20964.12,1.35,Horizontal Oblong,Orange,"(17, 114, 149)","(49.41, 7.0, 19.0)",20.25,67,VISIBLE,0.1,0.29
211,58,car,0.6199,464.26,335.2,887.03,502.11,675.64,418.66,422.77,166.91,70563.87,2.53,Horizontal Oblong,Black,"(84, 149, 60)","(21.96, -9.0, 1.0)",9.06,58,VISIBLE,-0.04,0.27
211,52,car,0.6278,197.17,617.4,630.47,720.0,413.82,668.7,433.3,102.6,44456.75,4.22,Horizontal Oblong,Grey,"(100, 16, 185)","(73.73, -1.0, -1.0)",1.41,52,VISIBLE,-0.18,0.22
211,51,car,0.5818,57.3,290.37,230.02,403.79,143.66,347.08,172.73,113.43,19592.33,1.52,Horizontal Oblong,Grey,"(101, 33, 125)","(50.2, -2.0, -5.0)",5.39,51,VISIBLE,-0.16,0.16
211,55,car,0.5317,124.24,341.75,362.72,524.66,243.48,433.2,238.48,182.91,43620.28,1.3,Horizontal Oblong,Black,"(106, 64, 49)","(15.69, 2.0, 0.0)",2.0,55,VISIBLE,-0.06,0.24
211,59,car,0.5818,0.01,277.16,90.14,374.11,45.08,325.63,90.13,96.95,8738.17,0.93,Spherical / Regular,Grey,"(99, 21, 74)","(27.84, 1.0, -1.0)",1.41,59,VISIBLE,-0.16,0.3
211,65,car,0.5458,324.73,429.83,602.98,669.47,463.86,549.65,278.25,239.64,66682.03,1.16,Spherical / Regular,Black,"(113, 46, 58)","(18.82, 1.0, -3.0)",3.16,65,VISIBLE,-0.11,0.3
211,50,car,0.5959,1035.76,343.45,1280.0,537.39,1157.88,440.42,244.24,193.94,47367.39,1.26,Horizontal Oblong,Black,"(110, 54, 44)","(14.9, 2.0, 0.0)",2.0,50,VISIBLE,0.09,0.24
211,64,car,0.5599,262.21,301.1,422.54,430.49,342.38,365.79,160.33,129.39,20745.2,1.24,Spherical / Regular,Orange,"(17, 70, 130)","(44.71, 5.0, 9.0)",10.3,64,VISIBLE,-0.07,0.26
211,63,car,0.4815,1018.6,248.9,1132.05,306.88,1075.33,277.89,113.45,57.98,6577.72,1.96,Horizontal Oblong,Grey,"(103, 48, 102)","(37.25, 1.0, -2.0)",2.24,63,VISIBLE,0.13,0.2
211,81,car,0.3521,973.47,184.91,1019.2,217.15,996.33,201.03,45.73,32.24,1474.35,1.42,Horizontal Oblong,Black,"(103, 49, 58)","(19.22, 1.0, -3.0)",3.16,81,VISIBLE,-0.96,0.01
211,70,car,0.4733,1089.51,266.57,1266.47,348.83,1177.99,307.7,176.96,82.26,14557.71,2.15,Horizontal Oblong,Black,"(105, 55, 45)","(14.9, 1.0, -2.0)",2.24,70,VISIBLE,0.33,0.25
211,69,car,0.5072,69.05,239.09,200.93,307.85,134.99,273.47,131.88,68.75,9067.38,1.92,Horizontal Oblong,Grey,"(101, 45, 113)","(43.14, -2.0, -6.0)",6.32,69,VISIBLE,-0.67,0.21
211,56,car,0.4683,225.21,248.25,339.75,331.84,282.48,290.05,114.54,83.59,9574.31,1.37,Horizontal Oblong,Grey,"(103, 35, 122)","(48.24, -1.0, -5.0)",5.1,56,VISIBLE,-0.1,0.28
211,84,bus,0.475,506.26,132.57,548.0,164.69,527.13,148.63,41.73,32.12,1340.42,1.3,Horizontal Oblong,Grey,"(94, 41, 70)","(27.06, 0.0, -1.0)",1.0,84,VISIBLE,-0.09,0.25
211,73,car,0.3775,201.02,221.69,298.57,292.88,249.79,257.28,97.55,71.19,6944.81,1.37,Horizontal Oblong,Grey,"(101, 60, 110)","(41.18, -3.0, -7.0)",7.62,73,VISIBLE,-0.11,0.22
211,79,car,0.4141,170.79,157.18,255.4,185.22,213.1,171.2,84.62,28.04,2372.23,3.02,Horizontal Oblong,Black,"(106, 73, 35)","(11.37, 0.0, -5.0)",5.0,79,VISIBLE,0.1,0.14
211,78,car,0.4002,692.76,226.54,772.36,280.42,732.56,253.48,79.6,53.88,4289.23,1.48,Horizontal Oblong,Grey,"(100, 17, 139)","(54.51, -1.0, -2.0)",2.24,78,VISIBLE,0.45,-0.43
211,83,car,0.4562,85.82,165.1,197.7,200.43,141.76,182.77,111.88,35.34,3953.67,3.17,Horizontal Oblong,Grey,"(103, 58, 61)","(22.35, -2.0, -5.0)",5.39,83,VISIBLE,-0.02,0.29
211,60,car,0.3096,885.19,254.96,1026.71,360.39,955.95,307.67,141.52,105.42,14919.8,1.34,Horizontal Oblong,Black,"(26, 58, 58)","(20.78, 2.0, 2.0)",2.83,60,VISIBLE,0.06,0.25
211,85,person,0.5574,165.78,175.34,180.96,217.35,173.37,196.35,15.18,42.01,637.69,0.36,Vertical Oblong,Black,"(113, 73, 24)","(5.88, 1.0, -4.0)",4.12,85,VISIBLE,-0.25,0.25
211,72,car,0.3085,342.87,257.49,474.93,376.15,408.9,316.82,132.06,118.65,15669.34,1.11,Spherical / Regular,Grey,"(104, 70, 77)","(27.45, 1.0, -3.0)",3.16,72,VISIBLE,-0.21,0.31
211,89,car,0.2243,1154.41,171.11,1224.69,190.96,1189.55,181.04,70.28,19.85,1394.98,3.54,Horizontal Oblong,Black,"(100, 41, 57)","(21.96, -1.0, -3.0)",3.16,89,VISIBLE,-0.05,0.4
211,68,car,0.2192,793.29,210.94,857.71,268.41,825.5,239.67,64.42,57.47,3702.06,1.12,Spherical / Regular,Grey,"(20, 60, 74)","(22.35, 6.0, 4.0)",7.21,68,VISIBLE,-0.03,0.32
211,71,car,0.3075,407.36,247.21,497.02,331.51,452.19,289.36,89.66,84.3,7558.84,1.06,Spherical / Regular,Grey,"(102, 38, 97)","(34.51, 2.0, 0.0)",2.0,71,VISIBLE,0.16,0.21
211,66,car,0.2909,865.07,238.04,968.98,314.66,917.03,276.35,103.91,76.62,7961.38,1.36,Horizontal Oblong,Grey,"(15, 33, 89)","(34.51, 2.0, 4.0)",4.47,66,VISIBLE,0.1,0.23
211,74,car,0.2727,279.28,199.41,343.42,248.71,311.35,224.06,64.14,49.3,3162.26,1.3,Horizontal Oblong,Grey,"(101, 37, 121)","(47.06, -2.0, -5.5)",5.85,74,VISIBLE,-0.56,0.14
211,80,car,0.2328,1210.29,311.81,1280.0,447.87,1245.14,379.84,69.71,136.06,9485.0,0.51,Vertical Oblong,Black,"(106, 64, 43)","(12.94, 0.0, -2.0)",2.0,80,VISIBLE,0.27,0.69
211,88,person,0.1803,1244.11,182.0,1259.15,206.1,1251.63,194.05,15.04,24.09,362.48,0.62,Vertical Oblong,Black,"(130, 31, 20)","(4.71, 0.0, -2.0)",2.0,88,VISIBLE,-0.03,0.08
211,61,car,0.296,0.0,343.71,73.48,438.08,36.74,390.9,73.48,94.37,6934.01,0.78,Vertical Oblong,Black,"(80, 27, 55)","(21.18, 1.0, 0.0)",1.0,61,VISIBLE,-0.09,0.41
211,90,car,0.161,966.81,223.93,1060.81,279.77,1013.81,251.85,94.0,55.84,5249.42,1.68,Horizontal Oblong,Grey,"(101, 43, 100)","(38.43, 0.0, -3.0)",3.0,90,VISIBLE,0.12,0.11
211,77,car,0.1586,249.7,151.27,308.56,177.06,279.13,164.17,58.86,25.79,1517.74,2.28,Horizontal Oblong,Grey,"(100, 47, 94)","(37.25, -3.0, -5.0)",5.83,77,VISIBLE,0.03,0.12
211,91,car,0.1659,871.39,196.08,935.72,234.21,903.55,215.14,64.33,38.13,2452.76,1.69,Horizontal Oblong,Black,"(102, 53, 56)","(20.0, 1.0, -2.0)",2.24,91,VISIBLE,-0.17,-0.03
211,92,car,0.2233,678.56,206.71,743.01,257.07,710.78,231.89,64.46,50.37,3246.47,1.28,Horizontal Oblong,Grey,"(109, 48, 78)","(28.24, 2.0, -2.0)",2.83,92,VISIBLE,-0.21,0.29
211,93,car,0.1575,923.24,184.27,966.23,215.26,944.73,199.76,42.99,30.99,1332.38,1.39,Horizontal Oblong,Grey,"(120, 45, 74)","(24.51, 2.0, -4.0)",4.47,93,VISIBLE,-1.89,-0.46
211,94,truck,0.1775,798.14,134.06,834.5,166.17,816.32,150.11,36.36,32.1,1167.11,1.13,Spherical / Regular,Grey,"(17, 40, 86)","(34.9, 2.0, 4.0)",4.47,94,VISIBLE,-0.22,-0.11
211,95,car,0.3269,512.68,264.97,655.81,370.89,584.24,317.93,143.13,105.92,15160.49,1.35,Horizontal Oblong,Black,"(113, 61, 49)","(15.69, 2.0, -4.0)",4.47,95,VISIBLE,0.02,0.19
211,96,car,0.1719,325.03,216.46,408.06,278.64,366.54,247.55,83.03,62.18,5162.41,1.34,Horizontal Oblong,Grey,"(102, 53, 101)","(37.65, -1.0, -6.0)",6.08,96,VISIBLE,-0.03,1.09
211,97,person,0.1607,1185.87,182.11,1200.47,213.53,1193.17,197.82,14.6,31.42,458.72,0.46,Vertical Oblong,Black,"(126, 44, 30)","(9.02, 2.0, -3.0)",3.61,97,VISIBLE,0.0,0.0
212,3,car,0.6021,553.44,255.6,754.95,329.69,654.19,292.64,201.51,74.09,14929.53,2.72,Horizontal Oblong,Grey,"(100, 24, 118)","(47.84, -1.0, -2.0)",2.24,34,VISIBLE,4.54,-0.72
212,33,car,0.3345,816.3,224.35,900.39,293.06,858.34,258.71,84.09,68.71,5777.75,1.22,Spherical / Regular,Grey,"(94, 31, 111)","(41.18, 1.0, 0.0)",1.0,40,VISIBLE,1.03,-0.24
212,39,car,0.517,1188.24,462.56,1279.93,698.72,1234.09,580.64,91.7,236.16,21654.74,0.39,Vertical Oblong,Grey,"(94, 23, 74)","(30.59, -1.0, -1.0)",1.41,39,VISIBLE,-0.35,-2.18
212,30,truck,0.1571,742.18,139.79,768.32,184.52,755.25,162.15,26.13,44.73,1168.95,0.58,Vertical Oblong,Grey,"(30, 14, 133)","(54.51, 0.0, 1.0)",1.0,45,VISIBLE,-2.23,0.65
212,48,person,0.8174,18.6,190.25,38.88,245.8,28.74,218.03,20.28,55.55,1126.29,0.36,Vertical Oblong,Black,"(105, 77, 22)","(5.49, 0.0, -2.0)",2.0,87,VISIBLE,-0.87,0.12
212,62,car,0.7422,1215.34,204.81,1279.98,246.11,1247.66,225.46,64.64,41.3,2669.6,1.57,Horizontal Oblong,Grey,"(94, 29, 110)","(43.92, -2.0, -1.0)",2.24,62,VISIBLE,0.05,0.16
212,75,person,0.7139,1021.81,78.53,1063.98,115.67,1042.89,97.1,42.17,37.14,1566.03,1.14,Spherical / Regular,Grey,"(107, 31, 114)","(45.1, 0.0, -5.0)",5.0,75,VISIBLE,0.08,0.12
212,86,car,0.6714,1054.82,192.67,1113.04,227.89,1083.93,210.28,58.22,35.22,2050.63,1.65,Horizontal Oblong,Grey,"(98, 30, 123)","(48.63, -2.0, -2.0)",2.83,86,VISIBLE,-1.24,-0.08
212,53,car,0.6617,845.8,596.09,1280.0,720.0,1062.9,658.04,434.2,123.91,53804.12,3.5,Horizontal Oblong,Grey,"(100, 28, 110)","(43.53, -1.0, -1.0)",1.41,53,VISIBLE,0.23,1.01
212,54,car,0.6671,0.02,427.62,193.37,712.6,96.69,570.11,193.35,284.98,55100.13,0.68,Vertical Oblong,Grey,"(102, 34, 113)","(44.31, -1.0, -4.0)",4.12,54,VISIBLE,-0.13,0.58
212,57,car,0.6377,723.87,410.78,1007.69,644.45,865.78,527.62,283.83,233.67,66320.5,1.21,Spherical / Regular,Grey,"(97, 58, 84)","(29.8, 1.0, -1.0)",1.41,57,VISIBLE,-0.18,0.32
212,76,truck,0.6787,834.31,147.45,913.53,220.3,873.92,183.88,79.22,72.85,5770.65,1.09,Spherical / Regular,Orange,"(16, 105, 95)","(33.73, 4.0, 15.0)",15.52,76,VISIBLE,0.01,0.15
212,41,car,0.6875,732.23,278.78,866.92,387.62,799.57,333.2,134.7,108.84,14660.44,1.24,Spherical / Regular,Grey,"(24, 17, 156)","(62.75, 0.0, 1.0)",1.0,82,VISIBLE,0.12,0.2
212,67,car,0.6196,953.59,303.26,1121.65,427.83,1037.62,365.54,168.06,124.57,20934.72,1.35,Horizontal Oblong,Orange,"(18, 115, 148)","(49.41, 7.0, 19.0)",20.25,67,VISIBLE,0.11,0.21
212,58,car,0.6475,463.96,335.41,887.38,502.48,675.67,418.94,423.42,167.07,70741.61,2.53,Horizontal Oblong,Black,"(84, 149, 60)","(21.96, -9.0, 1.0)",9.06,58,VISIBLE,0.0,0.28
212,52,car,0.6285,196.8,617.73,630.5,720.0,413.65,668.86,433.7,102.27,44354.94,4.24,Horizontal Oblong,Grey,"(99, 16, 185)","(73.73, -1.0, 0.0)",1.0,52,VISIBLE,-0.17,0.18
212,51,car,0.5827,57.06,290.53,229.88,404.05,143.47,347.29,172.83,113.53,19620.1,1.52,Horizontal Oblong,Grey,"(101, 33, 125)","(49.8, -2.0, -5.0)",5.39,51,VISIBLE,-0.18,0.2
212,55,car,0.5539,124.08,341.91,362.7,524.9,243.39,433.4,238.62,182.99,43664.44,1.3,Horizontal Oblong,Black,"(106, 64, 48)","(15.69, 2.0, 0.0)",2.0,55,VISIBLE,-0.08,0.21
212,59,car,0.5722,0.01,277.51,89.77,374.16,44.89,325.83,89.76,96.66,8675.83,0.93,Spherical / Regular,Grey,"(98, 21, 74)","(27.84, 0.0, 0.0)",0.0,59,VISIBLE,-0.18,0.23
212,65,car,0.5625,324.61,430.17,602.95,670.1,463.78,550.13,278.34,239.93,66782.49,1.16,Spherical / Regular,Black,"(111, 46, 56)","(18.82, 0.0, -2.0)",2.0,65,VISIBLE,-0.08,0.43
212,50,car,0.6285,1035.9,343.58,1280.0,537.77,1157.95,440.68,244.1,194.18,47400.9,1.26,Horizontal Oblong,Black,"(108, 54, 43)","(14.51, 2.0, 0.0)",2.0,50,VISIBLE,0.08,0.25
212,64,car,0.5546,261.95,301.09,422.45,430.67,342.2,365.88,160.5,129.58,20797.2,1.24,Spherical / Regular,Brown,"(17, 68, 130)","(44.31, 4.0, 9.0)",9.85,64,VISIBLE,-0.14,0.14
212,63,car,0.515,1018.75,249.08,1132.17,307.01,1075.46,278.04,113.42,57.93,6570.1,1.96,Horizontal Oblong,Grey,"(103, 49, 100)","(36.47, 0.0, -2.0)",2.0,63,VISIBLE,0.13,0.17
212,81,car,0.378,972.84,185.0,1018.34,217.03,995.59,201.02,45.49,32.03,1457.09,1.42,Horizontal Oblong,Black,"(102, 49, 53)","(18.82, 0.0, -3.0)",3.0,81,VISIBLE,-0.81,-0.01
212,70,car,0.487,1089.75,266.74,1266.53,349.03,1178.14,307.89,176.77,82.28,14545.65,2.15,Horizontal Oblong,Black,"(104, 55, 45)","(14.9, 1.0, -2.0)",2.24,70,VISIBLE,0.2,0.21
212,69,car,0.4837,68.61,239.18,200.41,308.18,134.51,273.68,131.8,69.0,9093.38,1.91,Horizontal Oblong,Grey,"(100, 42, 112)","(43.14, -2.0, -5.0)",5.39,69,VISIBLE,-0.54,0.21
212,56,car,0.4651,225.09,248.52,339.73,332.16,282.41,290.34,114.64,83.65,9589.04,1.37,Horizontal Oblong,Grey,"(101, 36, 120)","(48.24, -1.0, -4.0)",4.12,56,VISIBLE,-0.08,0.29
212,84,bus,0.5143,506.34,132.98,547.71,164.55,527.02,148.76,41.37,31.57,1306.03,1.31,Horizontal Oblong,Grey,"(94, 40, 70)","(27.06, 0.0, -2.0)",2.0,84,VISIBLE,-0.1,0.17
212,73,car,0.3709,200.84,221.95,298.53,293.23,249.68,257.59,97.69,71.28,6962.78,1.37,Horizontal Oblong,Grey,"(101, 60, 109)","(41.18, -3.0, -7.0)",7.62,73,VISIBLE,-0.11,0.28
212,79,car,0.4045,170.59,157.28,255.82,185.26,213.2,171.27,85.23,27.98,2384.53,3.05,Horizontal Oblong,Black,"(105, 72, 34)","(10.98, -1.0, -5.0)",5.1,79,VISIBLE,0.11,0.09
212,78,car,0.4488,693.29,226.65,772.46,279.84,732.87,253.24,79.17,53.19,4211.22,1.49,Horizontal Oblong,Grey,"(100, 18, 136)","(53.73, -1.0, -2.0)",2.24,78,VISIBLE,0.35,-0.29
212,83,car,0.4782,85.86,165.54,197.38,200.67,141.62,183.1,111.52,35.13,3917.62,3.17,Horizontal Oblong,Grey,"(103, 58, 61)","(22.35, -2.0, -5.0)",5.39,83,VISIBLE,-0.1,0.33
212,60,car,0.3149,885.19,255.04,1026.84,360.8,956.01,307.92,141.65,105.76,14980.59,1.34,Horizontal Oblong,Black,"(20, 58, 57)","(20.78, 2.0, 2.0)",2.83,60,VISIBLE,0.06,0.25
212,85,person,0.5665,165.42,175.43,180.79,217.62,173.1,196.53,15.37,42.19,648.56,0.36,Vertical Oblong,Black,"(113, 74, 24)","(5.88, 1.0, -4.0)",4.12,85,VISIBLE,-0.26,0.2
212,72,car,0.3156,343.05,257.55,474.44,376.74,408.74,317.14,131.39,119.18,15659.61,1.1,Spherical / Regular,Grey,"(102, 71, 77)","(27.06, 0.0, -2.0)",2.0,72,VISIBLE,-0.17,0.32
212,89,car,0.2409,1154.48,171.33,1224.46,191.34,1189.47,181.34,69.97,20.02,1400.59,3.5,Horizontal Oblong,Black,"(100, 40, 56)","(21.57, -1.0, -3.0)",3.16,89,VISIBLE,-0.07,0.33
212,68,car,0.2435,792.99,211.35,857.71,268.58,825.35,239.97,64.72,57.23,3704.05,1.13,Spherical / Regular,Grey,"(16, 62, 74)","(22.35, 6.0, 4.0)",7.21,68,VISIBLE,-0.11,0.3
212,71,car,0.303,407.35,247.27,497.15,331.72,452.25,289.49,89.8,84.45,7584.02,1.06,Spherical / Regular,Grey,"(100, 38, 97)","(34.51, 1.0, 0.0)",1.0,71,VISIBLE,0.09,0.16
212,66,car,0.2976,865.01,238.16,969.06,314.85,917.04,276.51,104.05,76.69,7979.79,1.36,Horizontal Oblong,Grey,"(15, 34, 87)","(34.12, 2.0, 4.0)",4.47,66,VISIBLE,0.04,0.18
212,74,car,0.2674,278.37,199.53,343.15,248.81,310.76,224.17,64.78,49.28,3192.25,1.31,Horizontal Oblong,Grey,"(101, 38, 120)","(46.67, -3.0, -5.0)",5.83,74,VISIBLE,-0.58,0.12
212,80,car,0.2357,1210.66,312.03,1280.0,446.5,1245.33,379.27,69.34,134.47,9323.92,0.52,Vertical Oblong,Black,"(106, 64, 43)","(12.94, 0.0, -2.0)",2.0,80,VISIBLE,0.21,-0.2
212,88,person,0.1803,1244.13,182.09,1259.07,206.18,1251.6,194.14,14.94,24.09,359.96,0.62,Vertical Oblong,Black,"(130, 31, 20)","(4.71, 0.0, -2.0)",2.0,88,VISIBLE,-0.03,0.08
212,61,car,0.295,0.0,343.97,73.31,438.33,36.66,391.15,73.31,94.35,6917.38,0.78,Vertical Oblong,Black,"(50, 28, 54)","(20.78, 1.0, 1.0)",1.41,61,VISIBLE,-0.09,0.3
212,90,car,0.1773,966.78,224.13,1061.0,280.02,1013.89,252.08,94.22,55.89,5266.31,1.69,Horizontal Oblong,Grey,"(101, 42, 100)","(38.43, -1.0, -3.0)",3.16,90,VISIBLE,0.09,0.19
212,77,car,0.1586,249.74,151.34,308.57,177.22,279.15,164.28,58.82,25.89,1522.68,2.27,Horizontal Oblong,Grey,"(100, 47, 94)","(37.06, -3.0, -5.0)",5.83,77,VISIBLE,0.03,0.12
212,92,car,0.2607,678.41,206.73,742.68,256.37,710.54,231.55,64.27,49.64,3190.45,1.29,Horizontal Oblong,Grey,"(108, 49, 77)","(27.65, 2.0, -1.0)",2.24,92,VISIBLE,-0.23,-0.15
212,93,car,0.1833,920.63,183.93,964.96,214.69,942.8,199.31,44.33,30.75,1363.19,1.44,Horizontal Oblong,Grey,"(106, 40, 99)","(35.69, 1.0, -3.0)",3.16,93,VISIBLE,-1.92,-0.46
212,94,truck,0.1859,798.05,134.11,834.4,166.06,816.22,150.08,36.35,31.95,1161.38,1.14,Spherical / Regular,Grey,"(18, 39, 86)","(34.51, 1.0, 5.0)",5.1,94,VISIBLE,-0.13,-0.05
212,95,car,0.3393,512.47,265.12,655.64,371.07,584.05,318.09,143.17,105.95,15168.13,1.35,Horizontal Oblong,Black,"(113, 59, 49)","(15.69, 2.0, -4.0)",4.47,95,VISIBLE,-0.13,0.17
212,96,car,0.1617,324.98,216.65,408.12,279.85,366.55,248.25,83.15,63.19,5254.56,1.32,Horizontal Oblong,Grey,"(101, 55, 102)","(38.04, -2.0, -5.0)",5.39,96,VISIBLE,-0.01,0.82
212,97,person,0.2029,1186.38,182.35,1200.64,213.91,1193.51,198.13,14.26,31.56,450.05,0.45,Vertical Oblong,Black,"(126, 44, 29)","(8.63, 2.0, -3.0)",3.61,97,VISIBLE,0.34,0.31
213,3,car,0.5126,560.81,253.13,756.83,330.36,658.82,291.74,196.01,77.24,15139.16,2.54,Horizontal Oblong,Grey,"(100, 24, 118)","(47.06, -1.0, -2.0)",2.24,34,VISIBLE,4.6,-0.84
213,33,car,0.2693,818.11,224.2,901.29,293.08,859.7,258.64,83.18,68.89,5729.79,1.21,Spherical / Regular,Grey,"(90, 36, 111)","(41.37, 1.0, 1.0)",1.41,40,VISIBLE,1.26,-0.12
213,39,car,0.4863,1186.92,459.37,1279.95,699.68,1233.44,579.52,93.03,240.31,22356.34,0.39,Vertical Oblong,Grey,"(94, 23, 74)","(30.98, -1.0, -1.0)",1.41,39,VISIBLE,-0.56,-1.43
213,30,truck,0.1571,741.51,140.09,764.49,185.51,753.0,162.8,22.98,45.41,1043.53,0.51,Vertical Oblong,Grey,"(15, 14, 134)","(54.9, 1.0, 2.0)",2.24,45,VISIBLE,-2.25,0.65
213,48,person,0.8192,17.24,190.19,38.16,245.93,27.7,218.06,20.92,55.74,1166.14,0.38,Vertical Oblong,Black,"(113, 67, 23)","(5.88, 0.0, -2.5)",2.5,87,VISIBLE,-0.99,0.06
213,62,car,0.7284,1215.31,205.02,1279.98,246.3,1247.64,225.66,64.66,41.28,2669.04,1.57,Horizontal Oblong,Grey,"(92, 31, 109)","(43.53, -2.0, 0.0)",2.0,62,VISIBLE,0.01,0.19
213,75,person,0.7048,1021.95,78.7,1064.17,115.97,1043.06,97.34,42.22,37.27,1573.5,1.13,Spherical / Regular,Grey,"(107, 30, 115)","(45.49, 0.0, -5.0)",5.0,75,VISIBLE,0.14,0.2
213,86,car,0.6579,1053.61,192.79,1111.79,227.77,1082.7,210.28,58.19,34.97,2034.93,1.66,Horizontal Oblong,Grey,"(100, 29, 124)","(48.63, -1.0, -3.0)",3.16,86,VISIBLE,-1.23,-0.02
213,53,car,0.6283,846.0,596.61,1280.0,720.0,1063.0,658.3,434.0,123.39,53553.62,3.52,Horizontal Oblong,Grey,"(100, 27, 111)","(43.92, -1.0, -2.0)",2.24,53,VISIBLE,0.14,0.49
213,54,car,0.6725,0.02,427.86,193.26,713.23,96.64,570.55,193.24,285.37,55146.02,0.68,Vertical Oblong,Grey,"(103, 34, 113)","(44.31, -1.0, -4.0)",4.12,54,VISIBLE,-0.08,0.48
213,57,car,0.6029,723.32,410.99,1007.9,644.88,865.61,527.94,284.58,233.89,66560.5,1.22,Spherical / Regular,Grey,"(98, 58, 85)","(30.59, 1.0, -1.0)",1.41,57,VISIBLE,-0.17,0.32
213,76,truck,0.6375,834.34,147.52,913.58,220.5,873.96,184.01,79.24,72.98,5782.71,1.09,Spherical / Regular,Orange,"(16, 105, 95)","(33.33, 4.0, 15.0)",15.52,76,VISIBLE,0.03,0.14
213,41,car,0.6058,732.39,278.88,866.99,388.01,799.69,333.45,134.6,109.12,14687.46,1.23,Spherical / Regular,Grey,"(20, 17, 157)","(62.35, 0.0, 1.0)",1.0,82,VISIBLE,0.12,0.23
213,67,car,0.5609,953.68,303.5,1121.86,428.05,1037.77,365.77,168.18,124.55,20947.94,1.35,Horizontal Oblong,Orange,"(17, 117, 149)","(49.41, 7.0, 19.0)",20.25,67,VISIBLE,0.14,0.22
213,58,car,0.5917,463.77,335.56,887.56,502.88,675.66,419.22,423.79,167.32,70908.49,2.53,Horizontal Oblong,Grey,"(84, 149, 61)","(22.35, -9.0, 1.0)",9.06,58,VISIBLE,-0.0,0.28
213,52,car,0.5867,196.31,618.14,630.54,720.0,413.42,669.07,434.23,101.86,44229.23,4.26,Horizontal Oblong,Grey,"(99, 16, 185)","(73.73, -1.0, 0.0)",1.0,52,VISIBLE,-0.21,0.2
213,51,car,0.5908,56.95,290.69,229.7,404.33,143.33,347.51,172.75,113.64,19630.7,1.52,Horizontal Oblong,Grey,"(101, 33, 126)","(50.2, -2.0, -5.0)",5.39,51,VISIBLE,-0.16,0.21
213,55,car,0.5377,123.89,342.12,362.53,525.22,243.21,433.67,238.64,183.09,43693.56,1.3,Horizontal Oblong,Black,"(106, 64, 49)","(15.69, 2.0, 0.0)",2.0,55,VISIBLE,-0.15,0.25
213,59,car,0.5663,0.01,277.7,89.15,374.72,44.58,326.21,89.14,97.02,8649.05,0.92,Spherical / Regular,Grey,"(104, 22, 74)","(28.24, 1.0, -2.0)",2.24,59,VISIBLE,-0.27,0.33
213,65,car,0.5548,324.16,430.52,602.87,671.23,463.51,550.88,278.72,240.71,67089.21,1.16,Spherical / Regular,Black,"(115, 47, 58)","(18.82, 1.0, -3.0)",3.16,65,VISIBLE,-0.21,0.65
213,50,car,0.5866,1035.94,343.72,1280.0,538.17,1157.97,440.95,244.06,194.45,47455.74,1.26,Horizontal Oblong,Black,"(108, 53, 44)","(14.9, 2.0, 0.0)",2.0,50,VISIBLE,0.04,0.26
213,64,car,0.5021,260.66,300.99,422.35,430.64,341.51,365.81,161.68,129.65,20962.24,1.25,Spherical / Regular,Brown,"(17, 67, 130)","(44.31, 4.0, 9.0)",9.85,64,VISIBLE,-0.53,-0.0
213,63,car,0.4591,1018.57,249.41,1132.5,307.16,1075.54,278.29,113.94,57.75,6579.33,1.97,Horizontal Oblong,Grey,"(103, 49, 99)","(36.47, 1.0, -2.0)",2.24,63,VISIBLE,0.09,0.22
213,81,car,0.3334,972.13,185.15,1017.18,217.0,994.66,201.08,45.05,31.85,1434.67,1.41,Horizontal Oblong,Black,"(105, 47, 51)","(18.04, 0.0, -3.0)",3.0,81,VISIBLE,-0.9,0.04
213,70,car,0.4615,1089.66,266.89,1266.5,349.3,1178.08,308.09,176.85,82.41,14574.01,2.15,Horizontal Oblong,Black,"(105, 56, 45)","(14.9, 0.0, -2.0)",2.0,70,VISIBLE,0.02,0.21
213,69,car,0.5003,67.98,239.32,200.03,308.52,134.01,273.92,132.05,69.2,9136.9,1.91,Horizontal Oblong,Grey,"(101, 43, 112)","(43.14, -2.0, -5.0)",5.39,69,VISIBLE,-0.51,0.23
213,56,car,0.4488,224.96,248.71,339.7,332.35,282.33,290.53,114.74,83.63,9596.32,1.37,Horizontal Oblong,Grey,"(101, 36, 120)","(48.24, -1.0, -4.0)",4.12,56,VISIBLE,-0.08,0.22
213,84,bus,0.4398,506.36,133.19,547.32,164.07,526.84,148.63,40.96,30.89,1265.25,1.33,Horizontal Oblong,Grey,"(100, 40, 70)","(27.06, 0.0, -2.0)",2.0,84,VISIBLE,-0.16,-0.04
213,73,car,0.3474,200.78,222.33,298.47,293.6,249.63,257.97,97.69,71.27,6962.06,1.37,Horizontal Oblong,Grey,"(101, 59, 110)","(41.18, -3.0, -7.0)",7.62,73,VISIBLE,-0.08,0.35
213,79,car,0.3916,170.47,157.27,255.93,185.24,213.2,171.26,85.46,27.97,2390.5,3.06,Horizontal Oblong,Black,"(106, 70, 36)","(11.37, 0.0, -5.0)",5.0,79,VISIBLE,0.03,0.02
213,78,car,0.3025,693.93,226.73,772.51,279.53,733.22,253.13,78.57,52.8,4148.99,1.49,Horizontal Oblong,Grey,"(102, 18, 137)","(53.33, -1.0, -2.0)",2.24,78,VISIBLE,0.35,-0.17
213,83,car,0.4853,86.0,165.89,197.24,200.86,141.62,183.38,111.24,34.98,3890.71,3.18,Horizontal Oblong,Grey,"(104, 57, 61)","(22.35, -1.0, -5.0)",5.1,83,VISIBLE,-0.03,0.29
213,60,car,0.3024,884.85,255.55,1026.89,361.42,955.87,308.49,142.05,105.88,15039.28,1.34,Horizontal Oblong,Black,"(19, 58, 59)","(21.18, 2.0, 1.0)",2.24,60,VISIBLE,-0.08,0.47
213,85,person,0.5832,164.32,175.57,180.35,217.65,172.33,196.61,16.04,42.08,674.85,0.38,Vertical Oblong,Black,"(120, 82, 26)","(5.88, 2.0, -5.0)",5.39,85,VISIBLE,-0.62,0.12
213,72,car,0.3031,343.29,257.74,474.11,377.26,408.7,317.5,130.82,119.52,15635.45,1.09,Spherical / Regular,Grey,"(103, 68, 78)","(27.45, 1.0, -3.0)",3.16,72,VISIBLE,-0.08,0.34
213,89,car,0.1986,1154.72,171.48,1224.8,191.83,1189.76,181.65,70.09,20.34,1425.74,3.45,Horizontal Oblong,Black,"(105, 41, 57)","(21.57, -1.0, -3.0)",3.16,89,VISIBLE,0.18,0.32
213,68,car,0.1947,792.6,211.83,857.79,268.93,825.19,240.38,65.2,57.1,3722.88,1.14,Spherical / Regular,Grey,"(113, 61, 77)","(22.35, 7.0, 4.0)",8.06,68,VISIBLE,-0.14,0.38
213,71,car,0.2831,407.21,247.29,497.18,331.91,452.19,289.6,89.96,84.62,7612.76,1.06,Spherical / Regular,Grey,"(100, 38, 96)","(34.9, 1.0, 0.0)",1.0,71,VISIBLE,-0.01,0.12
213,66,car,0.256,864.89,238.41,969.09,315.06,916.99,276.74,104.19,76.64,7985.91,1.36,Horizontal Oblong,Grey,"(15, 35, 90)","(34.9, 2.0, 4.0)",4.47,66,VISIBLE,-0.02,0.21
213,74,car,0.2477,277.63,199.65,342.68,248.91,310.16,224.28,65.05,49.25,3204.03,1.32,Horizontal Oblong,Grey,"(101, 39, 121)","(46.67, -2.0, -5.0)",5.39,74,VISIBLE,-0.6,0.11
213,80,car,0.2111,1211.23,312.27,1280.0,445.94,1245.61,379.11,68.77,133.67,9192.47,0.51,Vertical Oblong,Black,"(109, 62, 44)","(12.94, 0.0, -2.0)",2.0,80,VISIBLE,0.26,-0.17
213,88,person,0.1803,1244.15,182.18,1258.98,206.26,1251.57,194.22,14.84,24.09,357.43,0.62,Vertical Oblong,Black,"(130, 16, 20)","(5.88, 0.0, 0.0)",0.0,88,VISIBLE,-0.03,0.08
213,61,car,0.3218,0.0,344.26,73.17,438.33,36.59,391.29,73.17,94.07,6883.0,0.78,Vertical Oblong,Black,"(60, 27, 54)","(20.78, 1.0, 0.0)",1.0,61,VISIBLE,-0.08,0.19
213,90,car,0.1773,966.81,224.26,1061.12,280.11,1013.96,252.18,94.3,55.85,5266.49,1.69,Horizontal Oblong,Grey,"(100, 43, 102)","(39.61, -1.0, -2.0)",2.24,90,VISIBLE,0.08,0.13
213,77,car,0.1586,249.79,151.4,308.58,177.38,279.18,164.39,58.79,25.99,1527.62,2.26,Horizontal Oblong,Grey,"(99, 48, 93)","(37.25, -3.0, -5.0)",5.83,77,VISIBLE,0.03,0.11
213,92,car,0.1687,678.17,206.81,742.39,255.47,710.28,231.14,64.22,48.66,3124.48,1.32,Horizontal Oblong,Grey,"(114, 51, 79)","(27.25, 2.0, -1.0)",2.24,92,VISIBLE,-0.25,-0.33
213,93,car,0.1833,919.01,183.72,964.21,214.34,941.61,199.03,45.2,30.62,1384.14,1.48,Horizontal Oblong,Grey,"(111, 42, 98)","(34.12, 1.0, -4.0)",4.12,93,VISIBLE,-1.41,-0.33
213,94,truck,0.1637,798.06,134.21,834.29,165.94,816.18,150.07,36.24,31.73,1149.63,1.14,Spherical / Regular,Grey,"(17, 40, 84)","(33.33, 2.0, 4.0)",4.47,94,VISIBLE,-0.07,-0.02
213,95,car,0.318,512.28,265.27,655.94,371.37,584.11,318.32,143.66,106.09,15241.33,1.35,Horizontal Oblong,Black,"(113, 60, 50)","(16.08, 2.0, -5.0)",5.39,95,VISIBLE,0.0,0.21
213,96,car,0.1727,324.95,216.78,407.93,280.19,366.44,248.49,82.97,63.41,5261.13,1.31,Horizontal Oblong,Grey,"(102, 56, 104)","(38.43, -1.0, -6.0)",6.08,96,VISIBLE,-0.08,0.41
213,97,person,0.2029,1186.52,182.43,1200.7,214.03,1193.61,198.23,14.18,31.6,448.22,0.45,Vertical Oblong,Black,"(130, 34, 33)","(10.59, 1.0, -2.0)",2.24,97,VISIBLE,0.17,0.16
214,3,car,0.5494,568.65,250.97,758.77,330.92,663.71,290.95,190.12,79.96,15202.15,2.38,Horizontal Oblong,Grey,"(100, 24, 116)","(46.67, -2.0, -3.0)",3.61,34,VISIBLE,4.8,-0.81
214,33,car,0.2761,819.74,224.15,902.17,293.2,860.96,258.68,82.43,69.05,5691.76,1.19,Spherical / Regular,Grey,"(90, 36, 112)","(41.96, 1.0, 1.0)",1.41,40,VISIBLE,1.26,-0.01
214,39,car,0.4757,1185.81,457.12,1279.97,699.96,1232.89,578.54,94.16,242.84,22866.73,0.39,Vertical Oblong,Grey,"(94, 23, 74)","(30.59, -1.0, -1.0)",1.41,39,VISIBLE,-0.55,-1.12
214,48,person,0.8132,15.89,190.17,36.9,246.06,26.39,218.12,21.02,55.89,1174.75,0.38,Vertical Oblong,Black,"(105, 77, 24)","(5.88, -1.0, -3.0)",3.16,87,VISIBLE,-1.21,0.06
214,62,car,0.7285,1215.29,205.26,1279.99,246.56,1247.64,225.91,64.71,41.3,2672.65,1.57,Horizontal Oblong,Grey,"(93, 29, 110)","(44.31, -2.0, 0.0)",2.0,62,VISIBLE,-0.0,0.23
214,75,person,0.6966,1022.17,78.91,1064.41,116.32,1043.29,97.61,42.24,37.41,1580.52,1.13,Spherical / Regular,Grey,"(106, 28, 114)","(45.1, -1.0, -5.0)",5.1,75,VISIBLE,0.2,0.26
214,86,car,0.6513,1052.68,192.98,1110.29,227.67,1081.48,210.33,57.61,34.69,1998.32,1.66,Horizontal Oblong,Grey,"(99, 29, 123)","(48.63, -2.0, -2.0)",2.83,86,VISIBLE,-1.22,0.02
214,53,car,0.6198,846.1,597.77,1279.94,720.0,1063.02,658.88,433.84,122.23,53030.27,3.55,Horizontal Oblong,Grey,"(100, 28, 112)","(44.31, -1.0, -2.0)",2.24,53,VISIBLE,0.06,0.55
214,54,car,0.6714,0.01,428.18,193.17,713.82,96.59,571.0,193.15,285.65,55173.47,0.68,Vertical Oblong,Grey,"(103, 34, 113)","(44.31, -1.0, -4.0)",4.12,54,VISIBLE,-0.06,0.46
214,57,car,0.603,723.32,411.19,1008.1,645.24,865.71,528.21,284.78,234.05,66654.97,1.22,Spherical / Regular,Grey,"(98, 59, 85)","(30.2, 1.0, -1.0)",1.41,57,VISIBLE,0.02,0.29
214,76,truck,0.6456,834.39,147.71,913.74,220.78,874.07,184.25,79.36,73.07,5798.61,1.09,Spherical / Regular,Orange,"(16, 105, 95)","(33.33, 4.0, 15.0)",15.52,76,VISIBLE,0.08,0.21
214,41,car,0.6114,732.43,279.03,867.03,388.21,799.73,333.62,134.6,109.18,14695.38,1.23,Spherical / Regular,Grey,"(26, 17, 156)","(62.75, 0.0, 1.0)",1.0,82,VISIBLE,0.06,0.19
214,67,car,0.5635,953.96,303.52,1121.7,428.3,1037.83,365.91,167.74,124.78,20931.54,1.34,Horizontal Oblong,Orange,"(18, 116, 149)","(49.41, 7.0, 19.0)",20.25,67,VISIBLE,0.08,0.16
214,58,car,0.5991,463.79,335.65,887.93,503.44,675.86,419.54,424.14,167.79,71167.85,2.53,Horizontal Oblong,Grey,"(84, 149, 61)","(22.35, -9.0, 1.0)",9.06,58,VISIBLE,0.14,0.31
214,52,car,0.6075,196.04,618.88,630.19,720.0,413.12,669.44,434.14,101.12,43898.53,4.29,Horizontal Oblong,Grey,"(100, 15, 186)","(74.12, -1.0, -1.0)",1.41,52,VISIBLE,-0.28,0.32
214,51,car,0.5786,56.83,290.81,229.55,404.83,143.19,347.82,172.72,114.02,19693.37,1.51,Horizontal Oblong,Grey,"(101, 33, 126)","(49.8, -2.0, -5.0)",5.39,51,VISIBLE,-0.14,0.28
214,55,car,0.5366,123.71,342.46,362.18,525.52,242.94,433.99,238.47,183.05,43653.55,1.3,Horizontal Oblong,Black,"(106, 64, 48)","(15.69, 2.0, 0.0)",2.0,55,VISIBLE,-0.23,0.3
214,59,car,0.5369,0.01,277.8,88.5,375.29,44.25,326.54,88.49,97.49,8626.65,0.91,Spherical / Regular,Grey,"(102, 22, 73)","(27.45, 1.0, -1.0)",1.41,59,VISIBLE,-0.31,0.33
214,65,car,0.5378,323.75,430.86,602.82,672.16,463.28,551.51,279.06,241.3,67336.87,1.16,Spherical / Regular,Black,"(113, 46, 58)","(18.82, 1.0, -3.0)",3.16,65,VISIBLE,-0.22,0.64
214,50,car,0.5879,1036.07,343.86,1280.0,538.5,1158.03,441.18,243.93,194.64,47477.54,1.25,Spherical / Regular,Black,"(108, 53, 44)","(14.9, 2.0, 0.0)",2.0,50,VISIBLE,0.06,0.24
214,64,car,0.5133,259.53,300.9,422.4,430.65,340.97,365.78,162.87,129.75,21132.44,1.26,Horizontal Oblong,Brown,"(17, 67, 130)","(44.71, 4.0, 9.0)",9.85,64,VISIBLE,-0.54,-0.03
214,63,car,0.464,1018.31,249.69,1132.85,307.29,1075.58,278.49,114.54,57.61,6598.16,1.99,Horizontal Oblong,Grey,"(103, 48, 101)","(36.86, 1.0, -2.0)",2.24,63,VISIBLE,0.06,0.21
214,81,car,0.3494,971.51,185.23,1016.24,216.96,993.87,201.09,44.73,31.73,1419.4,1.41,Horizontal Oblong,Black,"(102, 47, 56)","(19.02, 0.0, -2.0)",2.0,81,VISIBLE,-0.82,0.03
214,70,car,0.4577,1089.73,267.0,1266.87,349.72,1178.3,308.36,177.14,82.73,14653.73,2.14,Horizontal Oblong,Black,"(106, 56, 46)","(15.29, 1.0, -2.0)",2.24,70,VISIBLE,0.16,0.25
214,69,car,0.4653,67.21,239.49,199.67,308.85,133.44,274.17,132.45,69.36,9187.17,1.91,Horizontal Oblong,Grey,"(101, 43, 112)","(43.53, -2.0, -5.0)",5.39,69,VISIBLE,-0.55,0.24
214,56,car,0.4443,224.76,248.48,339.81,332.26,282.29,290.37,115.05,83.78,9638.77,1.37,Horizontal Oblong,Grey,"(101, 35, 121)","(48.63, -1.0, -4.0)",4.12,56,VISIBLE,-0.06,-0.05
214,84,bus,0.4642,506.38,133.19,547.05,163.74,526.71,148.46,40.67,30.55,1242.37,1.33,Horizontal Oblong,Grey,"(90, 38, 69)","(26.67, 0.0, 0.0)",0.0,84,VISIBLE,-0.14,-0.13
214,73,car,0.345,200.83,222.68,298.35,293.88,249.59,258.28,97.53,71.2,6944.06,1.37,Horizontal Oblong,Grey,"(101, 60, 109)","(41.18, -3.0, -6.0)",6.71,73,VISIBLE,-0.05,0.32
214,79,car,0.3786,170.36,157.32,255.92,185.2,213.14,171.26,85.56,27.87,2384.85,3.07,Horizontal Oblong,Black,"(104, 72, 36)","(11.37, -1.0, -5.0)",5.1,79,VISIBLE,-0.03,0.01
214,78,car,0.3276,693.96,226.86,772.55,279.58,733.25,253.22,78.6,52.72,4143.58,1.49,Horizontal Oblong,Grey,"(101, 18, 135)","(52.55, -1.0, -2.0)",2.24,78,VISIBLE,0.13,0.01
214,83,car,0.4729,85.97,165.72,197.43,201.02,141.7,183.37,111.46,35.3,3934.65,3.16,Horizontal Oblong,Grey,"(104, 57, 61)","(22.35, -2.0, -5.0)",5.39,83,VISIBLE,0.05,0.08
214,60,car,0.3006,884.62,255.88,1026.8,361.92,955.71,308.9,142.17,106.04,15075.57,1.34,Horizontal Oblong,Black,"(100, 58, 59)","(21.18, 3.0, 2.0)",3.61,60,VISIBLE,-0.14,0.43
214,85,person,0.6198,163.09,175.8,179.88,217.86,171.48,196.83,16.79,42.06,706.11,0.4,Vertical Oblong,Black,"(120, 85, 26)","(5.88, 2.0, -5.0)",5.39,85,VISIBLE,-0.78,0.19
214,72,car,0.2848,343.48,258.05,475.0,377.04,409.24,317.55,131.51,118.99,15648.54,1.11,Spherical / Regular,Grey,"(103, 69, 78)","(27.45, 1.0, -3.0)",3.16,72,VISIBLE,0.35,0.13
214,89,car,0.1967,1155.26,171.62,1225.12,192.18,1190.19,181.9,69.86,20.56,1436.49,3.4,Horizontal Oblong,Black,"(105, 42, 56)","(21.18, -1.0, -3.0)",3.16,89,VISIBLE,0.36,0.27
214,68,car,0.2055,792.27,212.2,857.93,269.34,825.1,240.77,65.66,57.13,3751.66,1.15,Spherical / Regular,Grey,"(105, 62, 78)","(23.14, 7.0, 4.0)",8.06,68,VISIBLE,-0.11,0.39
214,71,car,0.2794,406.97,247.44,497.56,332.25,452.26,289.85,90.59,84.8,7682.31,1.07,Spherical / Regular,Grey,"(100, 39, 95)","(34.51, 1.0, 0.0)",1.0,71,VISIBLE,0.05,0.21
214,66,car,0.2534,864.8,239.25,968.89,316.39,916.84,277.82,104.08,77.15,8029.78,1.35,Horizontal Oblong,Grey,"(15, 35, 91)","(35.29, 2.0, 4.0)",4.47,66,VISIBLE,-0.11,0.82
214,74,car,0.2337,276.93,199.8,342.31,249.1,309.62,224.45,65.38,49.31,3223.5,1.33,Horizontal Oblong,Grey,"(101, 37, 122)","(47.45, -2.0, -5.0)",5.39,74,VISIBLE,-0.55,0.15
214,80,car,0.2179,1211.94,312.2,1280.0,447.05,1245.97,379.63,68.06,134.85,9178.58,0.5,Vertical Oblong,Black,"(108, 64, 44)","(12.94, 0.0, -2.0)",2.0,80,VISIBLE,0.33,0.31
214,61,car,0.319,0.0,344.45,72.99,438.6,36.49,391.53,72.99,94.16,6872.3,0.78,Vertical Oblong,Black,"(50, 27, 54)","(20.78, 1.0, 1.0)",1.41,61,VISIBLE,-0.09,0.22
214,90,car,0.1682,966.97,224.75,1061.21,281.15,1014.09,252.95,94.24,56.4,5314.86,1.67,Horizontal Oblong,Grey,"(100, 41, 102)","(39.61, -1.0, -2.0)",2.24,90,VISIBLE,0.11,0.58
214,77,car,0.1586,249.84,151.46,308.59,177.55,279.21,164.5,58.75,26.09,1532.55,2.25,Horizontal Oblong,Grey,"(99, 48, 93)","(37.25, -3.0, -5.0)",5.83,77,VISIBLE,0.03,0.11
214,92,car,0.1756,677.92,206.86,742.24,253.93,710.08,230.39,64.32,47.07,3027.78,1.37,Horizontal Oblong,Grey,"(114, 50, 81)","(23.92, 2.0, -1.0)",2.24,92,VISIBLE,-0.22,-0.62
214,93,car,0.1833,917.38,183.5,963.46,213.99,940.42,198.74,46.08,30.49,1404.86,1.51,Horizontal Oblong,Grey,"(105, 38, 103)","(37.45, 1.0, -4.0)",4.12,93,VISIBLE,-1.26,-0.3
214,94,truck,0.193,797.91,134.33,834.1,166.09,816.0,150.21,36.19,31.76,1149.37,1.14,Spherical / Regular,Grey,"(17, 35, 84)","(33.73, 1.0, 4.0)",4.12,94,VISIBLE,-0.14,0.09
214,95,car,0.3141,512.07,265.32,655.96,371.58,584.02,318.45,143.89,106.26,15290.02,1.35,Horizontal Oblong,Black,"(113, 58, 50)","(16.08, 2.0, -4.0)",4.47,95,VISIBLE,-0.07,0.15
214,96,car,0.1603,324.95,216.91,407.63,279.81,366.29,248.36,82.69,62.9,5200.69,1.31,Horizontal Oblong,Grey,"(102, 61, 102)","(37.65, -2.0, -6.0)",6.32,96,VISIBLE,-0.13,0.04
214,97,person,0.2029,1186.66,182.51,1200.77,214.15,1193.71,198.33,14.11,31.64,446.39,0.45,Vertical Oblong,Black,"(130, 30, 33)","(10.98, 1.0, -2.0)",2.24,97,VISIBLE,0.13,0.12
215,3,car,0.5399,574.25,249.35,760.03,331.27,667.14,290.31,185.78,81.92,15218.94,2.27,Horizontal Oblong,Grey,"(100, 24, 114)","(46.67, -2.0, -3.0)",3.61,34,VISIBLE,3.84,-0.69
215,33,car,0.2856,821.07,224.16,903.1,293.33,862.09,258.75,82.03,69.17,5674.19,1.19,Spherical / Regular,Grey,"(104, 37, 111)","(41.57, 2.0, 0.0)",2.0,40,VISIBLE,1.17,0.05
215,39,car,0.4652,1184.95,455.16,1279.98,699.34,1232.47,577.25,95.03,244.18,23204.42,0.39,Vertical Oblong,Grey,"(94, 23, 74)","(30.59, -1.0, -1.0)",1.41,39,VISIBLE,-0.46,-1.24
215,48,person,0.7979,14.92,190.25,35.77,246.1,25.34,218.18,20.85,55.85,1164.3,0.37,Vertical Oblong,Black,"(105, 70, 23)","(5.88, 0.0, -3.0)",3.0,87,VISIBLE,-1.1,0.06
215,62,car,0.7314,1215.27,205.44,1280.0,246.8,1247.64,226.12,64.73,41.36,2677.12,1.57,Horizontal Oblong,Grey,"(93, 29, 111)","(44.31, -2.0, 0.0)",2.0,62,VISIBLE,-0.0,0.22
215,75,person,0.6904,1022.31,79.12,1064.39,116.54,1043.35,97.83,42.08,37.42,1574.54,1.12,Spherical / Regular,Grey,"(108, 27, 112)","(44.51, 0.0, -4.0)",4.0,75,VISIBLE,0.1,0.23
215,86,car,0.651,1051.38,193.14,1108.99,227.52,1080.19,210.33,57.61,34.38,1980.9,1.68,Horizontal Oblong,Grey,"(95, 27, 122)","(48.24, -2.0, -2.0)",2.83,86,VISIBLE,-1.28,0.01
215,53,car,0.5894,846.15,597.74,1279.9,720.0,1063.02,658.87,433.75,122.26,53029.6,3.55,Horizontal Oblong,Grey,"(100, 28, 112)","(44.31, -1.0, -2.0)",2.24,53,VISIBLE,0.02,0.16
215,54,car,0.6711,0.01,428.5,193.19,714.5,96.6,571.5,193.18,286.01,55249.43,0.68,Vertical Oblong,Grey,"(103, 35, 112)","(43.92, -1.0, -4.0)",4.12,54,VISIBLE,-0.01,0.49
215,57,car,0.5698,723.57,411.34,1008.43,645.69,866.0,528.52,284.86,234.35,66756.82,1.22,Spherical / Regular,Grey,"(98, 58, 85)","(30.2, 1.0, -1.0)",1.41,57,VISIBLE,0.21,0.3
215,76,truck,0.657,834.37,147.94,913.96,221.0,874.16,184.47,79.6,73.06,5815.51,1.09,Spherical / Regular,Orange,"(16, 105, 95)","(33.73, 4.0, 15.0)",15.52,76,VISIBLE,0.09,0.22
215,41,car,0.5983,732.34,279.13,867.09,388.33,799.72,333.73,134.75,109.2,14714.71,1.23,Spherical / Regular,Grey,"(23, 17, 157)","(62.35, 0.0, 1.0)",1.0,82,VISIBLE,0.01,0.13
215,67,car,0.5753,954.33,303.57,1121.62,428.51,1037.97,366.04,167.29,124.94,20901.11,1.34,Horizontal Oblong,Orange,"(18, 115, 149)","(49.41, 7.0, 19.0)",20.25,67,VISIBLE,0.13,0.14
215,58,car,0.5993,463.71,335.73,888.28,503.99,676.0,419.86,424.56,168.26,71434.91,2.52,Horizontal Oblong,Grey,"(84, 146, 61)","(22.35, -9.0, 1.0)",9.06,58,VISIBLE,0.14,0.31
215,52,car,0.6047,195.87,619.65,630.02,720.0,412.94,669.83,434.15,100.35,43566.62,4.33,Horizontal Oblong,Grey,"(100, 16, 186)","(73.73, -1.0, -1.0)",1.41,52,VISIBLE,-0.2,0.36
215,51,car,0.5768,56.69,291.08,229.61,405.34,143.15,348.21,172.92,114.26,19757.84,1.51,Horizontal Oblong,Grey,"(101, 33, 125)","(49.8, -2.0, -5.0)",5.39,51,VISIBLE,-0.07,0.36
215,55,car,0.5436,123.49,342.8,361.78,525.8,242.64,434.3,238.29,182.99,43605.48,1.3,Horizontal Oblong,Black,"(106, 64, 49)","(15.69, 2.0, 0.0)",2.0,55,VISIBLE,-0.29,0.31
215,59,car,0.5407,0.01,277.83,87.87,375.67,43.94,326.75,87.86,97.84,8596.75,0.9,Spherical / Regular,Grey,"(101, 22, 73)","(27.84, 1.0, -1.0)",1.41,59,VISIBLE,-0.31,0.24
215,65,car,0.5144,323.43,431.21,602.74,672.18,463.08,551.69,279.31,240.97,67306.05,1.16,Spherical / Regular,Black,"(113, 46, 57)","(18.82, 1.0, -3.0)",3.16,65,VISIBLE,-0.21,0.32
215,50,car,0.5754,1036.15,343.99,1280.0,538.88,1158.08,441.43,243.85,194.88,47521.58,1.25,Spherical / Regular,Black,"(108, 53, 44)","(14.9, 2.0, 0.0)",2.0,50,VISIBLE,0.04,0.25
215,64,car,0.5169,258.68,301.37,422.42,430.79,340.55,366.08,163.74,129.42,21191.6,1.27,Horizontal Oblong,Brown,"(17, 66, 130)","(44.71, 4.0, 8.0)",8.94,64,VISIBLE,-0.45,0.2
215,63,car,0.4616,1018.28,249.89,1132.98,307.49,1075.63,278.69,114.7,57.6,6605.99,1.99,Horizontal Oblong,Grey,"(103, 49, 102)","(37.25, 1.0, -2.0)",2.24,63,VISIBLE,0.05,0.2
215,81,car,0.3575,970.67,185.23,1015.32,216.89,993.0,201.06,44.65,31.65,1413.36,1.41,Horizontal Oblong,Black,"(109, 47, 56)","(19.22, 1.0, -3.0)",3.16,81,VISIBLE,-0.86,-0.02
215,70,car,0.4506,1089.79,267.11,1267.28,350.06,1178.54,308.59,177.49,82.95,14723.56,2.14,Horizontal Oblong,Black,"(106, 55, 46)","(14.9, 1.0, -2.0)",2.24,70,VISIBLE,0.21,0.23
215,69,car,0.459,66.55,239.75,199.2,309.0,132.88,274.38,132.65,69.25,9186.4,1.92,Horizontal Oblong,Grey,"(101, 43, 112)","(43.14, -2.0, -5.0)",5.39,69,VISIBLE,-0.56,0.22
215,56,car,0.4446,224.65,248.4,339.85,332.22,282.25,290.31,115.19,83.82,9655.2,1.37,Horizontal Oblong,Grey,"(101, 35, 121)","(48.24, -1.0, -5.0)",5.1,56,VISIBLE,-0.04,-0.06
215,84,bus,0.4812,506.38,133.26,546.91,163.7,526.65,148.48,40.53,30.44,1233.43,1.33,Horizontal Oblong,Grey,"(90, 38, 69)","(26.27, 0.0, 0.0)",0.0,84,VISIBLE,-0.09,-0.03
215,73,car,0.3484,200.84,222.97,298.24,294.03,249.54,258.5,97.39,71.06,6920.43,1.37,Horizontal Oblong,Grey,"(101, 58, 109)","(41.18, -3.0, -6.0)",6.71,73,VISIBLE,-0.05,0.25
215,79,car,0.3695,170.29,157.46,255.88,185.16,213.09,171.31,85.59,27.7,2370.81,3.09,Horizontal Oblong,Black,"(105, 72, 36)","(11.37, -1.0, -5.0)",5.1,79,VISIBLE,-0.05,0.04
215,78,car,0.3294,694.31,227.0,772.62,279.85,733.46,253.42,78.31,52.84,4138.37,1.48,Horizontal Oblong,Grey,"(101, 17, 135)","(53.33, -1.0, -2.0)",2.24,78,VISIBLE,0.19,0.15
215,83,car,0.4543,85.85,165.64,197.46,201.05,141.65,183.34,111.62,35.41,3952.51,3.15,Horizontal Oblong,Grey,"(104, 56, 61)","(22.35, -1.0, -5.0)",5.1,83,VISIBLE,-0.02,0.01
215,60,car,0.3033,884.52,256.21,1026.82,362.34,955.67,309.28,142.3,106.12,15101.66,1.34,Horizontal Oblong,Black,"(102, 58, 59)","(21.18, 3.0, 1.0)",3.16,60,VISIBLE,-0.07,0.39
215,85,person,0.624,162.16,176.01,179.39,218.05,170.77,197.03,17.24,42.03,724.39,0.41,Vertical Oblong,Black,"(120, 82, 28)","(6.67, 2.0, -5.0)",5.39,85,VISIBLE,-0.73,0.2
215,72,car,0.2764,343.86,258.16,474.52,377.58,409.19,317.87,130.67,119.42,15604.6,1.09,Spherical / Regular,Grey,"(103, 70, 78)","(27.45, 1.0, -3.0)",3.16,72,VISIBLE,0.07,0.27
215,89,car,0.1912,1155.63,171.67,1225.22,192.38,1190.42,182.02,69.59,20.71,1440.9,3.36,Horizontal Oblong,Black,"(105, 41, 56)","(21.57, -1.0, -3.0)",3.16,89,VISIBLE,0.27,0.17
215,68,car,0.2135,792.16,212.5,857.96,269.68,825.06,241.09,65.8,57.18,3762.85,1.15,Spherical / Regular,Grey,"(108, 63, 79)","(22.75, 7.0, 4.0)",8.06,68,VISIBLE,-0.06,0.34
215,71,car,0.2813,406.82,247.54,497.81,332.6,452.32,290.07,90.98,85.06,7738.65,1.07,Spherical / Regular,Grey,"(101, 39, 96)","(34.51, 1.0, 0.0)",1.0,71,VISIBLE,0.05,0.22
215,66,car,0.2528,864.69,239.84,968.7,317.28,916.69,278.56,104.01,77.44,8055.14,1.34,Horizontal Oblong,Grey,"(14, 35, 92)","(35.29, 2.0, 3.0)",3.61,66,VISIBLE,-0.14,0.77
215,74,car,0.1991,276.22,199.95,341.94,249.33,309.08,224.64,65.72,49.38,3245.26,1.33,Horizontal Oblong,Grey,"(101, 38, 122)","(48.24, -3.0, -5.0)",5.83,74,VISIBLE,-0.54,0.18
215,80,car,0.2086,1212.64,312.25,1280.0,448.99,1246.32,380.62,67.36,136.74,9211.28,0.49,Vertical Oblong,Black,"(106, 64, 44)","(12.94, 0.0, -2.0)",2.0,80,VISIBLE,0.34,0.79
215,61,car,0.3209,0.0,344.59,72.81,439.1,36.4,391.84,72.81,94.5,6880.48,0.77,Vertical Oblong,Black,"(55, 27, 54)","(20.39, 1.0, 0.0)",1.0,61,VISIBLE,-0.09,0.29
215,90,car,0.1862,967.04,225.14,1061.2,282.05,1014.12,253.59,94.16,56.91,5358.44,1.65,Horizontal Oblong,Grey,"(100, 40, 103)","(40.39, -1.0, -2.0)",2.24,90,VISIBLE,0.05,0.62
215,92,car,0.1775,678.03,206.88,742.14,252.67,710.09,229.78,64.11,45.8,2935.9,1.4,Horizontal Oblong,Grey,"(114, 52, 80)","(22.35, 2.0, -1.0)",2.24,92,VISIBLE,-0.06,-0.62
215,94,truck,0.2132,797.84,134.48,833.97,166.38,815.9,150.43,36.13,31.9,1152.63,1.13,Spherical / Regular,Grey,"(16, 35, 84)","(33.73, 1.0, 4.0)",4.12,94,VISIBLE,-0.11,0.18
215,95,car,0.3134,511.95,265.55,655.97,371.8,583.96,318.68,144.01,106.26,15302.6,1.36,Horizontal Oblong,Black,"(113, 58, 50)","(16.08, 2.0, -4.0)",4.47,95,VISIBLE,-0.06,0.2
215,96,car,0.1581,324.87,217.06,407.44,280.19,366.16,248.63,82.58,63.13,5213.39,1.31,Horizontal Oblong,Grey,"(103, 57, 102)","(37.65, -1.0, -6.0)",6.08,96,VISIBLE,-0.13,0.2
215,97,person,0.1728,1187.61,182.52,1201.68,214.37,1194.65,198.45,14.07,31.85,448.16,0.44,Vertical Oblong,Black,"(130, 34, 29)","(9.02, 1.0, -2.0)",2.24,97,VISIBLE,0.69,0.12
215,91,car,0.1618,1093.46,165.58,1139.24,186.56,1116.35,176.07,45.78,20.97,960.25,2.18,Horizontal Oblong,Grey,"(113, 22, 85)","(34.12, 0.0, -3.0)",3.0,98,VISIBLE,37.19,-6.85
216,3,car,0.5555,578.12,248.2,760.97,331.45,669.55,289.83,182.85,83.25,15222.85,2.2,Horizontal Oblong,Grey,"(99, 24, 113)","(46.27, -2.0, -3.0)",3.61,34,VISIBLE,2.84,-0.55
216,33,car,0.2987,822.08,224.2,903.82,293.35,862.95,258.78,81.74,69.14,5651.79,1.18,Spherical / Regular,Grey,"(102, 36, 110)","(40.78, 1.0, 0.0)",1.0,40,VISIBLE,0.96,0.03
216,39,car,0.4531,1184.5,453.42,1279.99,699.54,1232.25,576.48,95.49,246.12,23503.05,0.39,Vertical Oblong,Grey,"(94, 23, 74)","(30.59, -1.0, -1.0)",1.41,39,VISIBLE,-0.29,-0.91
216,48,person,0.7958,14.32,190.5,34.8,246.38,24.56,218.44,20.48,55.88,1144.55,0.37,Vertical Oblong,Black,"(105, 71, 23)","(5.88, -1.0, -3.0)",3.16,87,VISIBLE,-0.88,0.2
216,62,car,0.7344,1215.28,205.58,1280.01,247.02,1247.64,226.3,64.73,41.44,2682.28,1.56,Horizontal Oblong,Grey,"(90, 31, 110)","(43.92, -2.0, 0.0)",2.0,62,VISIBLE,0.01,0.19
216,75,person,0.6901,1022.41,79.38,1064.35,116.67,1043.38,98.03,41.94,37.29,1563.86,1.12,Spherical / Regular,Grey,"(108, 27, 112)","(44.51, 0.0, -5.0)",5.0,75,VISIBLE,0.05,0.2
216,86,car,0.6494,1050.27,193.33,1107.49,227.25,1078.88,210.29,57.23,33.92,1941.03,1.69,Horizontal Oblong,Grey,"(95, 28, 121)","(48.24, -2.0, -2.0)",2.83,86,VISIBLE,-1.3,-0.02
216,53,car,0.6057,846.27,599.12,1279.87,720.0,1063.07,659.56,433.6,120.88,52413.72,3.59,Horizontal Oblong,Grey,"(100, 28, 111)","(43.92, -1.0, -2.0)",2.24,53,VISIBLE,0.04,0.53
216,54,car,0.6668,0.01,428.83,193.05,715.11,96.53,571.97,193.04,286.28,55263.1,0.67,Vertical Oblong,Grey,"(102, 35, 112)","(43.92, -1.0, -4.0)",4.12,54,VISIBLE,-0.05,0.48
216,57,car,0.5778,723.63,411.47,1008.67,645.96,866.15,528.72,285.04,234.48,66837.37,1.22,Spherical / Regular,Grey,"(97, 58, 85)","(30.2, 1.0, -1.0)",1.41,57,VISIBLE,0.17,0.23
216,76,truck,0.6689,834.35,148.22,914.15,221.23,874.25,184.73,79.8,73.01,5826.64,1.09,Spherical / Regular,Orange,"(16, 105, 94)","(33.33, 4.0, 15.0)",15.52,76,VISIBLE,0.09,0.24
216,41,car,0.6125,732.12,279.24,867.12,388.46,799.62,333.85,135.01,109.21,14744.6,1.24,Spherical / Regular,Grey,"(24, 17, 156)","(62.35, 0.0, 1.0)",1.0,82,VISIBLE,-0.06,0.12
216,67,car,0.5829,954.62,303.64,1121.43,428.71,1038.02,366.18,166.81,125.07,20862.88,1.33,Horizontal Oblong,Orange,"(18, 115, 149)","(49.41, 7.0, 19.0)",20.25,67,VISIBLE,0.07,0.14
216,58,car,0.6115,464.06,335.85,888.66,504.47,676.36,420.16,424.6,168.62,71594.68,2.52,Horizontal Oblong,Black,"(84, 146, 60)","(21.96, -9.0, 1.0)",9.06,58,VISIBLE,0.3,0.3
216,52,car,0.6168,195.66,620.28,629.89,720.0,412.78,670.14,434.23,99.72,43301.54,4.35,Horizontal Oblong,Grey,"(95, 15, 185)","(74.12, -1.0, 0.0)",1.0,52,VISIBLE,-0.18,0.33
216,51,car,0.5688,56.63,291.31,229.64,405.82,143.13,348.57,173.01,114.51,19811.19,1.51,Horizontal Oblong,Grey,"(101, 33, 125)","(49.8, -2.0, -5.0)",5.39,51,VISIBLE,-0.03,0.36
216,55,car,0.5363,123.3,343.05,361.38,526.04,242.34,434.54,238.09,182.99,43566.71,1.3,Horizontal Oblong,Black,"(106, 63, 48)","(15.69, 2.0, 0.0)",2.0,55,VISIBLE,-0.29,0.26
216,59,car,0.5537,0.01,277.98,87.16,375.77,43.59,326.87,87.15,97.79,8521.98,0.89,Spherical / Regular,Grey,"(100, 22, 72)","(27.84, 1.0, -1.0)",1.41,59,VISIBLE,-0.34,0.16
216,65,car,0.5134,323.13,431.53,602.7,672.36,462.91,551.95,279.58,240.82,67328.39,1.16,Spherical / Regular,Black,"(111, 46, 57)","(18.82, 1.0, -2.0)",2.24,65,VISIBLE,-0.18,0.27
216,50,car,0.5804,1036.28,344.12,1280.0,539.24,1158.14,441.68,243.72,195.12,47556.63,1.25,Spherical / Regular,Black,"(108, 53, 44)","(14.9, 2.0, 0.0)",2.0,50,VISIBLE,0.06,0.25
216,64,car,0.5231,258.12,301.81,422.39,430.99,340.26,366.4,164.26,129.18,21218.92,1.27,Horizontal Oblong,Brown,"(17, 66, 130)","(44.71, 4.0, 8.0)",8.94,64,VISIBLE,-0.34,0.29
216,63,car,0.4568,1018.37,250.04,1132.96,307.78,1075.66,278.91,114.58,57.74,6616.11,1.98,Horizontal Oblong,Grey,"(102, 50, 99)","(36.47, 0.0, -2.0)",2.0,63,VISIBLE,0.04,0.21
216,81,car,0.3508,969.63,185.23,1014.32,216.73,991.97,200.98,44.7,31.5,1407.79,1.42,Horizontal Oblong,Black,"(103, 48, 55)","(19.02, 1.0, -2.0)",2.24,81,VISIBLE,-0.97,-0.06
216,70,car,0.4355,1089.84,267.21,1267.73,350.31,1178.79,308.76,177.89,83.09,14780.97,2.14,Horizontal Oblong,Black,"(105, 57, 45)","(14.9, 0.0, -2.0)",2.0,70,VISIBLE,0.24,0.19
216,69,car,0.4751,66.08,240.28,198.64,309.09,132.36,274.69,132.57,68.81,9122.36,1.93,Horizontal Oblong,Grey,"(100, 45, 112)","(43.14, -2.0, -5.0)",5.39,69,VISIBLE,-0.53,0.28
216,56,car,0.4444,224.65,248.39,339.87,332.23,282.26,290.31,115.22,83.84,9659.86,1.37,Horizontal Oblong,Grey,"(101, 36, 120)","(47.84, -1.0, -4.0)",4.12,56,VISIBLE,-0.01,-0.02
216,84,bus,0.4855,506.35,133.33,546.83,163.83,526.59,148.58,40.48,30.5,1234.62,1.33,Horizontal Oblong,Grey,"(87, 38, 68)","(25.88, 0.0, 0.0)",0.0,84,VISIBLE,-0.07,0.06
216,73,car,0.3579,200.83,223.21,298.12,294.24,249.47,258.72,97.3,71.04,6911.64,1.37,Horizontal Oblong,Grey,"(100, 58, 108)","(41.18, -3.0, -6.0)",6.71,73,VISIBLE,-0.06,0.23
216,79,car,0.3733,170.26,157.64,255.74,185.16,213.0,171.4,85.49,27.52,2352.37,3.11,Horizontal Oblong,Black,"(104, 72, 36)","(11.37, -1.0, -5.0)",5.1,79,VISIBLE,-0.07,0.07
216,78,car,0.356,694.73,227.16,772.68,279.98,733.71,253.57,77.94,52.82,4117.11,1.48,Horizontal Oblong,Grey,"(100, 18, 134)","(53.33, -1.0, -2.0)",2.24,78,VISIBLE,0.22,0.15
216,83,car,0.4552,85.65,165.41,197.46,201.06,141.55,183.24,111.81,35.65,3986.32,3.14,Horizontal Oblong,Black,"(104, 56, 61)","(21.96, -2.0, -5.0)",5.39,83,VISIBLE,-0.08,-0.07
216,60,car,0.2988,884.82,256.02,1027.01,362.48,955.92,309.25,142.19,106.46,15137.96,1.34,Horizontal Oblong,Black,"(95, 60, 58)","(20.78, 2.0, 2.0)",2.83,60,VISIBLE,0.15,0.1
216,85,person,0.6259,161.56,176.28,178.9,218.26,170.23,197.27,17.34,41.99,728.12,0.41,Vertical Oblong,Black,"(120, 82, 28)","(6.67, 2.0, -5.0)",5.39,85,VISIBLE,-0.6,0.23
216,72,car,0.2816,344.3,258.31,474.19,377.99,409.25,318.15,129.89,119.68,15545.5,1.09,Spherical / Regular,Grey,"(103, 70, 76)","(26.67, 1.0, -2.0)",2.24,72,VISIBLE,0.06,0.28
216,89,car,0.1917,1155.92,171.64,1225.15,192.46,1190.54,182.05,69.23,20.83,1442.05,3.32,Horizontal Oblong,Black,"(102, 42, 56)","(21.57, -1.0, -3.0)",3.16,89,VISIBLE,0.16,0.07
216,68,car,0.2214,792.11,212.56,857.88,269.96,825.0,241.26,65.78,57.41,3776.3,1.15,Spherical / Regular,Grey,"(25, 63, 78)","(22.75, 7.0, 4.0)",8.06,68,VISIBLE,-0.06,0.22
216,71,car,0.2896,406.68,247.61,497.95,332.93,452.32,290.27,91.27,85.32,7786.62,1.07,Spherical / Regular,Grey,"(100, 38, 95)","(34.51, 1.0, 0.0)",1.0,71,VISIBLE,0.01,0.21
216,66,car,0.2515,864.7,240.17,968.59,317.85,916.64,279.01,103.89,77.69,8070.88,1.34,Horizontal Oblong,Grey,"(15, 35, 92)","(35.29, 2.0, 4.0)",4.47,66,VISIBLE,-0.08,0.54
216,74,car,0.1996,275.73,200.23,341.6,249.4,308.66,224.82,65.87,49.17,3239.16,1.34,Horizontal Oblong,Grey,"(100, 40, 120)","(46.86, -3.0, -5.0)",5.83,74,VISIBLE,-0.45,0.18
216,80,car,0.2157,1213.18,312.3,1280.0,450.46,1246.59,381.38,66.82,138.16,9231.62,0.48,Vertical Oblong,Black,"(106, 66, 43)","(12.94, 0.0, -2.0)",2.0,80,VISIBLE,0.29,0.77
216,61,car,0.3217,0.0,344.67,72.64,439.72,36.32,392.2,72.64,95.06,6904.97,0.76,Vertical Oblong,Black,"(50, 27, 53)","(20.39, 1.0, 1.0)",1.41,61,VISIBLE,-0.09,0.33
216,90,car,0.2041,967.05,225.38,1061.22,282.83,1014.13,254.11,94.17,57.45,5410.06,1.64,Horizontal Oblong,Grey,"(100, 40, 102)","(40.0, -1.0, -2.0)",2.24,90,VISIBLE,0.03,0.54
216,92,car,0.1955,678.14,206.85,742.12,251.46,710.13,229.16,63.98,44.61,2854.11,1.43,Horizontal Oblong,Black,"(113, 55, 79)","(21.96, 2.0, -1.0)",2.24,92,VISIBLE,0.01,-0.62
216,94,truck,0.2365,797.79,134.64,833.86,166.79,815.82,150.71,36.07,32.15,1159.58,1.12,Spherical / Regular,Grey,"(16, 36, 83)","(33.73, 1.0, 4.0)",4.12,94,VISIBLE,-0.09,0.25
216,95,car,0.3381,511.95,265.78,655.86,372.07,583.91,318.92,143.91,106.29,15296.55,1.35,Horizontal Oblong,Black,"(113, 58, 50)","(16.08, 2.0, -3.0)",3.61,95,VISIBLE,-0.06,0.24
216,96,car,0.1667,324.81,217.24,407.34,280.24,366.08,248.74,82.53,63.0,5199.27,1.31,Horizontal Oblong,Grey,"(102, 61, 102)","(38.04, -2.0, -6.0)",6.32,96,VISIBLE,-0.1,0.14
216,97,person,0.2071,1188.42,182.85,1202.44,214.57,1195.43,198.71,14.01,31.72,444.52,0.44,Vertical Oblong,Black,"(130, 35, 26)","(7.45, 1.0, -2.0)",2.24,97,VISIBLE,0.76,0.22
216,91,car,0.1586,1093.45,165.7,1139.68,186.63,1116.56,176.16,46.23,20.93,967.46,2.21,Horizontal Oblong,Grey,"(112, 22, 84)","(33.73, 0.0, -3.0)",3.0,98,VISIBLE,11.31,-1.99
216,93,car,0.1655,871.96,197.76,934.65,236.28,903.31,217.02,62.7,38.52,2414.79,1.63,Horizontal Oblong,Black,"(104, 52, 56)","(19.8, 1.0, -2.0)",2.24,99,VISIBLE,-13.37,6.31
217,3,car,0.4681,581.72,247.43,761.51,331.33,671.61,289.38,179.8,83.9,15085.33,2.14,Horizontal Oblong,Grey,"(100, 24, 113)","(46.27, -2.0, -3.0)",3.61,34,VISIBLE,2.3,-0.48
217,33,car,0.2586,822.78,224.26,904.35,293.3,863.56,258.78,81.57,69.04,5631.55,1.18,Spherical / Regular,Grey,"(101, 35, 111)","(41.18, 1.0, 0.0)",1.0,40,VISIBLE,0.72,0.01
217,39,car,0.4386,1184.29,452.9,1280.0,700.28,1232.14,576.59,95.71,247.38,23676.95,0.39,Vertical Oblong,Grey,"(94, 23, 74)","(30.59, -1.0, -1.0)",1.41,39,VISIBLE,-0.16,-0.2
217,48,person,0.7883,13.69,190.86,34.07,246.6,23.88,218.73,20.38,55.74,1135.66,0.37,Vertical Oblong,Black,"(105, 67, 24)","(6.27, -1.0, -2.0)",2.24,87,VISIBLE,-0.74,0.26
217,62,car,0.7316,1215.34,205.7,1280.01,247.25,1247.67,226.47,64.67,41.55,2686.98,1.56,Horizontal Oblong,Grey,"(90, 30, 111)","(44.31, -2.0, 0.0)",2.0,62,VISIBLE,0.02,0.18
217,75,person,0.7101,1022.46,79.66,1064.41,116.79,1043.44,98.22,41.94,37.13,1557.17,1.13,Spherical / Regular,Grey,"(108, 27, 111)","(43.92, 0.0, -5.0)",5.0,75,VISIBLE,0.05,0.2
217,86,car,0.6433,1049.29,193.41,1105.99,227.05,1077.64,210.23,56.7,33.64,1907.35,1.69,Horizontal Oblong,Grey,"(98, 28, 122)","(47.84, -2.0, -2.0)",2.83,86,VISIBLE,-1.26,-0.05
217,53,car,0.5501,846.3,597.79,1279.87,720.0,1063.08,658.9,433.56,122.21,52985.01,3.55,Horizontal Oblong,Grey,"(100, 27, 115)","(45.49, -1.0, -2.0)",2.24,53,VISIBLE,0.02,-0.31
217,54,car,0.6628,0.01,429.15,192.94,715.5,96.47,572.33,192.92,286.34,55241.83,0.67,Vertical Oblong,Grey,"(103, 35, 112)","(43.92, -1.0, -4.0)",4.12,54,VISIBLE,-0.05,0.39
217,57,car,0.5909,723.39,411.61,1009.0,646.2,866.19,528.9,285.61,234.59,67000.71,1.22,Spherical / Regular,Grey,"(98, 59, 86)","(30.2, 1.0, -2.0)",2.24,57,VISIBLE,0.08,0.2
217,76,truck,0.6376,834.37,148.57,914.18,221.48,874.28,185.03,79.81,72.91,5819.03,1.09,Spherical / Regular,Orange,"(15, 106, 94)","(33.33, 5.0, 15.0)",15.81,76,VISIBLE,0.04,0.28
217,41,car,0.566,731.74,279.55,867.2,388.51,799.47,334.03,135.47,108.96,14760.24,1.24,Spherical / Regular,Grey,"(21, 17, 156)","(62.35, 0.0, 1.0)",1.0,82,VISIBLE,-0.12,0.16
217,67,car,0.5524,954.77,303.82,1121.27,429.0,1038.02,366.41,166.5,125.18,20842.57,1.33,Horizontal Oblong,Orange,"(17, 115, 149)","(49.8, 7.0, 19.0)",20.25,67,VISIBLE,0.02,0.21
217,58,car,0.5999,463.81,336.08,888.48,504.71,676.14,420.4,424.67,168.63,71610.67,2.52,Horizontal Oblong,Black,"(84, 146, 60)","(21.96, -9.0, 1.0)",9.06,58,VISIBLE,-0.06,0.26
217,52,car,0.6179,195.62,620.92,629.78,720.0,412.7,670.46,434.16,99.08,43017.98,4.38,Horizontal Oblong,Grey,"(95, 15, 186)","(74.12, -1.0, 0.0)",1.0,52,VISIBLE,-0.11,0.32
217,51,car,0.5644,56.22,291.48,229.39,406.38,142.81,348.93,173.17,114.89,19896.34,1.51,Horizontal Oblong,Grey,"(102, 33, 125)","(49.8, -2.0, -5.0)",5.39,51,VISIBLE,-0.24,0.36
217,55,car,0.4971,123.14,343.33,360.85,526.32,241.99,434.83,237.72,182.99,43500.31,1.3,Horizontal Oblong,Black,"(106, 64, 48)","(15.69, 2.0, 0.0)",2.0,55,VISIBLE,-0.33,0.28
217,59,car,0.5653,0.01,277.96,86.2,375.56,43.11,326.76,86.19,97.6,8412.3,0.88,Spherical / Regular,Grey,"(102, 22, 74)","(27.84, 1.0, -1.0)",1.41,59,VISIBLE,-0.44,-0.03
217,65,car,0.5287,322.91,431.95,602.75,672.6,462.83,552.27,279.84,240.65,67342.39,1.16,Spherical / Regular,Black,"(113, 46, 58)","(18.82, 1.0, -3.0)",3.16,65,VISIBLE,-0.11,0.31
217,50,car,0.5363,1036.41,344.3,1280.0,539.68,1158.2,441.99,243.59,195.38,47592.63,1.25,Spherical / Regular,Black,"(110, 53, 44)","(14.9, 2.0, 0.0)",2.0,50,VISIBLE,0.06,0.29
217,64,car,0.5401,258.38,302.51,422.19,431.45,340.28,366.98,163.81,128.93,21120.31,1.27,Horizontal Oblong,Brown,"(17, 67, 129)","(44.31, 4.0, 8.0)",8.94,64,VISIBLE,-0.08,0.49
217,63,car,0.4344,1018.52,250.19,1132.88,308.21,1075.7,279.2,114.35,58.02,6634.24,1.97,Horizontal Oblong,Grey,"(103, 50, 99)","(36.47, 1.0, -3.0)",3.16,63,VISIBLE,0.04,0.27
217,81,car,0.3262,968.5,185.2,1013.4,216.63,990.95,200.91,44.9,31.43,1411.45,1.43,Horizontal Oblong,Black,"(103, 48, 55)","(19.41, 1.0, -3.0)",3.16,81,VISIBLE,-1.01,-0.06
217,70,car,0.418,1089.91,267.41,1268.33,350.64,1179.12,309.02,178.42,83.23,14849.3,2.14,Horizontal Oblong,Black,"(106, 57, 45)","(14.9, 1.0, -2.0)",2.24,70,VISIBLE,0.31,0.24
217,69,car,0.4786,65.53,240.79,198.22,309.42,131.88,275.11,132.68,68.64,9107.15,1.93,Horizontal Oblong,Grey,"(101, 44, 113)","(43.53, -2.0, -5.0)",5.39,69,VISIBLE,-0.5,0.38
217,56,car,0.4473,224.65,248.43,339.86,332.28,282.26,290.35,115.21,83.85,9660.71,1.37,Horizontal Oblong,Grey,"(102, 34, 120)","(47.45, -1.0, -5.0)",5.1,56,VISIBLE,-0.01,0.03
217,84,bus,0.4403,506.41,132.9,546.85,163.89,526.63,148.39,40.44,30.99,1253.01,1.31,Horizontal Oblong,Grey,"(90, 38, 74)","(27.84, 1.0, 0.0)",1.0,84,VISIBLE,0.01,-0.11
217,73,car,0.3521,200.7,223.43,297.96,294.48,249.33,258.95,97.27,71.05,6910.69,1.37,Horizontal Oblong,Grey,"(101, 58, 109)","(41.18, -3.0, -6.0)",6.71,73,VISIBLE,-0.12,0.23
217,79,car,0.3737,170.17,157.83,255.75,185.22,212.96,171.52,85.58,27.38,2343.4,3.13,Horizontal Oblong,Black,"(104, 73, 36)","(11.76, -1.0, -5.0)",5.1,79,VISIBLE,-0.05,0.11
217,78,car,0.2805,694.95,227.38,772.8,280.24,733.87,253.81,77.85,52.86,4114.94,1.47,Horizontal Oblong,Grey,"(102, 18, 136)","(53.73, -1.0, -2.0)",2.24,78,VISIBLE,0.19,0.21
217,83,car,0.4552,85.3,165.2,197.39,201.25,141.35,183.22,112.09,36.05,4040.81,3.11,Horizontal Oblong,Grey,"(104, 59, 61)","(22.35, -2.0, -5.0)",5.39,83,VISIBLE,-0.17,-0.03
217,60,car,0.2717,885.16,256.39,1027.19,362.53,956.17,309.46,142.03,106.14,15074.62,1.34,Horizontal Oblong,Black,"(20, 59, 58)","(20.78, 2.0, 2.0)",2.83,60,VISIBLE,0.23,0.18
217,85,person,0.6446,161.11,176.73,178.36,218.69,169.73,197.71,17.25,41.96,723.78,0.41,Vertical Oblong,Black,"(120, 78, 28)","(6.67, 2.0, -5.0)",5.39,85,VISIBLE,-0.53,0.38
217,72,car,0.2897,344.91,258.44,473.99,378.28,409.45,318.36,129.08,119.84,15469.51,1.08,Spherical / Regular,Grey,"(103, 68, 79)","(27.84, 1.0, -2.0)",2.24,72,VISIBLE,0.16,0.23
217,89,car,0.1959,1156.23,171.59,1225.2,192.61,1190.71,182.1,68.97,21.02,1449.63,3.28,Horizontal Oblong,Black,"(105, 41, 57)","(21.96, -1.0, -3.0)",3.16,89,VISIBLE,0.17,0.06
217,68,car,0.1832,792.21,212.55,857.85,270.2,825.03,241.37,65.65,57.65,3784.49,1.14,Spherical / Regular,Grey,"(111, 65, 78)","(23.14, 7.0, 4.0)",8.06,68,VISIBLE,0.01,0.15
217,71,car,0.2923,406.72,247.69,498.01,333.23,452.36,290.46,91.28,85.54,7808.54,1.07,Spherical / Regular,Grey,"(102, 36, 95)","(34.51, 1.0, 0.0)",1.0,71,VISIBLE,0.04,0.19
217,66,car,0.2193,864.78,240.4,968.56,318.43,916.67,279.42,103.78,78.03,8097.86,1.33,Horizontal Oblong,Grey,"(15, 37, 91)","(35.29, 2.0, 4.0)",4.47,66,VISIBLE,-0.01,0.45
217,74,car,0.2108,275.2,200.44,341.6,249.44,308.4,224.94,66.4,49.0,3253.15,1.36,Horizontal Oblong,Grey,"(102, 39, 120)","(46.67, -2.0, -5.0)",5.39,74,VISIBLE,-0.32,0.14
217,80,car,0.2157,1213.74,312.35,1280.0,451.43,1246.87,381.89,66.26,139.08,9215.19,0.48,Vertical Oblong,Black,"(108, 64, 42)","(12.55, 0.0, -2.0)",2.0,80,VISIBLE,0.28,0.59
217,61,car,0.3037,0.0,344.7,72.33,440.31,36.16,392.5,72.33,95.62,6915.39,0.76,Vertical Oblong,Black,"(60, 28, 54)","(20.39, 1.0, 1.0)",1.41,61,VISIBLE,-0.13,0.32
217,90,car,0.1847,967.11,225.66,1061.34,283.41,1014.22,254.53,94.22,57.75,5441.74,1.63,Horizontal Oblong,Grey,"(101, 39, 101)","(39.61, 0.0, -2.0)",2.0,90,VISIBLE,0.07,0.46
217,92,car,0.1955,678.12,206.89,741.97,250.59,710.04,228.74,63.85,43.7,2790.61,1.46,Horizontal Oblong,Black,"(114, 55, 80)","(21.76, 2.0, -1.0)",2.24,92,VISIBLE,-0.06,-0.48
217,94,truck,0.2201,797.67,134.81,833.69,166.87,815.68,150.84,36.02,32.06,1154.9,1.12,Spherical / Regular,Grey,"(15, 36, 83)","(33.73, 2.0, 4.0)",4.47,94,VISIBLE,-0.13,0.16
217,95,car,0.3284,512.15,265.86,655.79,372.49,583.97,319.17,143.64,106.63,15316.75,1.35,Horizontal Oblong,Black,"(113, 58, 50)","(16.08, 2.0, -4.0)",4.47,95,VISIBLE,0.03,0.25
217,96,car,0.1703,324.75,217.38,407.23,280.0,365.99,248.69,82.48,62.62,5164.47,1.32,Horizontal Oblong,Grey,"(103, 60, 103)","(38.04, -1.0, -6.0)",6.08,96,VISIBLE,-0.09,0.01
217,97,person,0.2545,1188.93,182.84,1203.02,215.09,1195.98,198.97,14.1,32.25,454.55,0.44,Vertical Oblong,Black,"(139, 39, 27)","(7.45, 2.0, -2.0)",2.83,97,VISIBLE,0.61,0.24
217,91,car,0.1586,1093.44,165.74,1139.82,186.65,1116.63,176.19,46.38,20.91,969.79,2.22,Horizontal Oblong,Grey,"(111, 23, 85)","(34.12, 0.0, -3.0)",3.0,98,VISIBLE,3.44,-0.58
217,93,car,0.1655,871.9,197.76,934.63,236.28,903.27,217.02,62.73,38.52,2416.36,1.63,Horizontal Oblong,Black,"(105, 52, 57)","(19.61, 1.0, -2.0)",2.24,99,VISIBLE,-4.04,1.89
218,3,car,0.484,585.0,247.08,762.26,331.27,673.63,289.18,177.27,84.19,14923.15,2.11,Horizontal Oblong,Grey,"(100, 24, 113)","(46.67, -2.0, -4.0)",4.47,34,VISIBLE,2.1,-0.29
218,33,car,0.2415,823.21,224.31,904.56,293.4,863.88,258.85,81.35,69.09,5620.47,1.18,Spherical / Regular,Grey,"(93, 35, 111)","(40.78, 1.0, 0.0)",1.0,40,VISIBLE,0.44,0.06
218,39,car,0.4458,1184.44,453.27,1280.0,704.65,1232.22,578.96,95.57,251.38,24023.1,0.38,Vertical Oblong,Grey,"(94, 23, 74)","(30.59, -1.0, -1.0)",1.41,39,VISIBLE,0.01,1.6
218,48,person,0.7785,13.05,191.56,33.64,246.9,23.34,219.23,20.59,55.34,1139.65,0.37,Vertical Oblong,Black,"(105, 70, 23)","(5.88, -2.0, -2.0)",2.83,87,VISIBLE,-0.6,0.43
218,62,car,0.7326,1215.42,205.8,1280.01,247.48,1247.71,226.64,64.59,41.69,2692.49,1.55,Horizontal Oblong,Grey,"(90, 29, 112)","(44.71, -2.0, 0.0)",2.0,62,VISIBLE,0.03,0.17
218,75,person,0.7115,1022.5,79.83,1064.45,116.89,1043.47,98.36,41.95,37.06,1554.77,1.13,Spherical / Regular,Grey,"(108, 27, 111)","(43.92, 0.0, -5.0)",5.0,75,VISIBLE,0.04,0.15
218,86,car,0.6393,1048.01,193.47,1104.59,226.91,1076.3,210.19,56.59,33.45,1892.51,1.69,Horizontal Oblong,Grey,"(98, 28, 123)","(48.63, -2.0, -2.0)",2.83,86,VISIBLE,-1.32,-0.04
218,53,car,0.5231,846.41,597.6,1279.88,720.0,1063.14,658.8,433.47,122.4,53055.04,3.54,Horizontal Oblong,Grey,"(100, 27, 115)","(45.49, -1.0, -2.0)",2.24,53,VISIBLE,0.05,-0.16
218,54,car,0.6536,0.01,429.43,192.69,715.99,96.35,572.71,192.68,286.56,55213.4,0.67,Vertical Oblong,Grey,"(103, 34, 112)","(43.92, -1.0, -4.0)",4.12,54,VISIBLE,-0.1,0.39
218,57,car,0.5874,723.36,411.8,1009.27,646.47,866.32,529.14,285.91,234.67,67095.7,1.22,Spherical / Regular,Grey,"(98, 58, 86)","(30.59, 1.0, -1.0)",1.41,57,VISIBLE,0.11,0.22
218,76,truck,0.6175,834.41,148.87,914.12,221.67,874.27,185.27,79.71,72.8,5803.22,1.09,Spherical / Regular,Orange,"(16, 106, 95)","(33.33, 5.0, 15.0)",15.81,76,VISIBLE,0.01,0.26
218,41,car,0.5585,731.4,279.9,867.3,388.57,799.35,334.23,135.9,108.68,14769.08,1.25,Spherical / Regular,Grey,"(20, 18, 156)","(62.35, 0.0, 1.0)",1.0,82,VISIBLE,-0.12,0.19
218,67,car,0.5468,954.81,303.97,1121.45,429.34,1038.13,366.66,166.63,125.37,20890.93,1.33,Horizontal Oblong,Orange,"(18, 116, 149)","(49.8, 7.0, 20.0)",21.19,67,VISIBLE,0.08,0.23
218,58,car,0.6047,463.75,336.33,888.5,504.99,676.13,420.66,424.75,168.66,71637.32,2.52,Horizontal Oblong,Black,"(84, 146, 60)","(21.96, -9.0, 1.0)",9.06,58,VISIBLE,-0.03,0.26
218,52,car,0.6174,195.64,621.34,629.71,720.0,412.68,670.67,434.07,98.66,42826.81,4.4,Horizontal Oblong,Grey,"(95, 15, 186)","(74.12, -1.0, 0.0)",1.0,52,VISIBLE,-0.05,0.24
218,51,car,0.5894,56.05,291.63,229.4,406.88,142.72,349.26,173.35,115.25,19978.93,1.5,Horizontal Oblong,Grey,"(102, 34, 126)","(49.8, -2.0, -5.0)",5.39,51,VISIBLE,-0.13,0.34
218,55,car,0.4884,123.05,343.62,360.45,526.57,241.75,435.09,237.41,182.95,43432.53,1.3,Horizontal Oblong,Black,"(106, 64, 48)","(15.69, 2.0, 0.0)",2.0,55,VISIBLE,-0.27,0.27
218,59,car,0.5579,0.01,278.35,85.17,375.43,42.59,326.89,85.16,97.08,8267.31,0.88,Spherical / Regular,Grey,"(101, 21, 72)","(27.45, 1.0, -1.0)",1.41,59,VISIBLE,-0.49,0.08
218,65,car,0.5346,322.66,432.34,602.74,673.54,462.7,552.94,280.07,241.2,67554.46,1.16,Spherical / Regular,Black,"(113, 46, 56)","(18.43, 1.0, -2.0)",2.24,65,VISIBLE,-0.13,0.56
218,50,car,0.5121,1036.53,344.49,1280.0,540.04,1158.26,442.27,243.47,195.55,47609.96,1.25,Spherical / Regular,Black,"(108, 54, 44)","(14.9, 2.0, 0.0)",2.0,50,VISIBLE,0.06,0.28
218,64,car,0.5382,258.09,302.78,422.18,431.59,340.13,367.19,164.09,128.81,21136.7,1.27,Horizontal Oblong,Brown,"(17, 66, 129)","(43.92, 4.0, 8.0)",8.94,64,VISIBLE,-0.13,0.29
218,63,car,0.4235,1018.66,250.33,1132.92,308.57,1075.79,279.45,114.26,58.24,6653.98,1.96,Horizontal Oblong,Grey,"(103, 49, 100)","(36.08, 1.0, -3.0)",3.16,63,VISIBLE,0.07,0.26
218,81,car,0.3133,967.56,185.21,1012.66,216.7,990.11,200.96,45.1,31.48,1419.94,1.43,Horizontal Oblong,Black,"(100, 49, 55)","(20.0, 0.0, -2.0)",2.0,81,VISIBLE,-0.89,0.01
218,70,car,0.4214,1089.99,267.58,1268.9,350.95,1179.44,309.26,178.91,83.36,14914.11,2.15,Horizontal Oblong,Black,"(106, 57, 46)","(14.9, 1.0, -2.0)",2.24,70,VISIBLE,0.32,0.24
218,69,car,0.4544,64.84,241.27,197.72,310.05,131.28,275.66,132.88,68.78,9139.04,1.93,Horizontal Oblong,Grey,"(101, 45, 113)","(43.53, -2.0, -6.0)",6.32,69,VISIBLE,-0.57,0.5
218,56,car,0.4434,224.61,248.48,339.86,332.32,282.24,290.4,115.24,83.84,9661.87,1.37,Horizontal Oblong,Grey,"(101, 36, 120)","(47.45, -1.0, -5.0)",5.1,56,VISIBLE,-0.02,0.04
218,84,bus,0.4378,506.49,132.69,546.87,163.87,526.68,148.28,40.37,31.18,1258.63,1.29,Horizontal Oblong,Grey,"(15, 45, 77)","(28.24, 1.0, 1.0)",1.41,84,VISIBLE,0.04,-0.11
218,73,car,0.3555,200.6,223.57,297.89,294.76,249.25,259.16,97.29,71.18,6925.4,1.37,Horizontal Oblong,Grey,"(100, 59, 109)","(41.18, -3.0, -6.0)",6.71,73,VISIBLE,-0.1,0.22
218,79,car,0.3728,170.11,158.01,255.82,185.38,212.96,171.69,85.71,27.38,2346.5,3.13,Horizontal Oblong,Black,"(104, 72, 35)","(11.76, -1.0, -4.0)",4.12,79,VISIBLE,-0.01,0.15
218,78,car,0.2613,695.09,227.66,772.9,280.04,733.99,253.85,77.82,52.38,4075.9,1.49,Horizontal Oblong,Grey,"(102, 19, 133)","(53.33, -1.0, -2.0)",2.24,78,VISIBLE,0.14,0.09
218,83,car,0.4636,85.48,165.23,197.15,201.41,141.31,183.32,111.66,36.18,4039.62,3.09,Horizontal Oblong,Black,"(103, 60, 61)","(21.96, -2.0, -5.0)",5.39,83,VISIBLE,-0.07,0.06
218,60,car,0.2682,885.55,256.74,1027.4,362.63,956.47,309.69,141.84,105.89,15019.16,1.34,Horizontal Oblong,Black,"(26, 60, 58)","(20.78, 2.0, 2.0)",2.83,60,VISIBLE,0.28,0.21
218,85,person,0.6653,160.65,176.76,177.93,219.18,169.29,197.97,17.27,42.41,732.65,0.41,Vertical Oblong,Black,"(120, 77, 29)","(6.67, 2.0, -5.0)",5.39,85,VISIBLE,-0.47,0.29
218,72,car,0.297,345.06,258.61,473.86,378.54,409.46,318.58,128.8,119.92,15446.3,1.07,Spherical / Regular,Grey,"(102, 68, 78)","(27.45, 0.0, -2.0)",2.0,72,VISIBLE,0.06,0.22
218,89,car,0.1835,1156.55,171.46,1224.62,192.78,1190.58,182.12,68.08,21.32,1451.13,3.19,Horizontal Oblong,Black,"(100, 35, 57)","(21.96, -1.0, -3.0)",3.16,89,VISIBLE,-0.04,0.03
218,68,car,0.1642,792.49,212.54,857.78,270.35,825.13,241.44,65.29,57.81,3774.52,1.13,Spherical / Regular,Grey,"(104, 67, 77)","(22.75, 7.0, 4.0)",8.06,68,VISIBLE,0.08,0.09
218,71,car,0.2884,406.91,247.8,498.03,333.46,452.47,290.63,91.12,85.66,7804.89,1.06,Spherical / Regular,Grey,"(100, 36, 95)","(34.51, 1.0, 0.0)",1.0,71,VISIBLE,0.09,0.18
218,66,car,0.2155,864.86,240.54,968.52,318.92,916.69,279.73,103.66,78.37,8124.6,1.32,Horizontal Oblong,Grey,"(16, 37, 91)","(34.9, 2.0, 4.0)",4.47,66,VISIBLE,0.01,0.35
218,74,car,0.2168,274.89,200.74,341.6,249.5,308.25,225.12,66.71,48.76,3252.94,1.37,Horizontal Oblong,Grey,"(101, 37, 123)","(48.24, -2.0, -5.0)",5.39,74,VISIBLE,-0.2,0.17
218,80,car,0.2157,1214.3,312.41,1280.0,452.4,1247.15,382.4,65.7,139.99,9197.73,0.47,Vertical Oblong,Black,"(107, 68, 43)","(12.94, 0.0, -2.0)",2.0,80,VISIBLE,0.28,0.54
218,61,car,0.2954,0.0,344.86,72.04,440.28,36.02,392.57,72.04,95.42,6873.83,0.75,Vertical Oblong,Black,"(80, 28, 54)","(20.78, 1.0, 0.0)",1.0,61,VISIBLE,-0.14,0.14
218,90,car,0.181,967.2,225.89,1061.5,283.61,1014.35,254.75,94.3,57.71,5442.26,1.63,Horizontal Oblong,Grey,"(101, 39, 102)","(40.39, 0.0, -2.0)",2.0,90,VISIBLE,0.11,0.29
218,92,car,0.1955,678.09,206.93,741.82,249.72,709.96,228.33,63.73,42.8,2727.33,1.49,Horizontal Oblong,Black,"(113, 54, 80)","(21.18, 2.0, -1.0)",2.24,92,VISIBLE,-0.08,-0.43
218,94,truck,0.2006,797.47,134.97,833.47,166.75,815.47,150.86,36.0,31.78,1144.05,1.13,Spherical / Regular,Grey,"(16, 41, 82)","(33.33, 2.0, 5.0)",5.39,94,VISIBLE,-0.19,0.06
218,95,car,0.3422,512.08,265.8,655.8,372.87,583.94,319.34,143.72,107.07,15387.6,1.34,Horizontal Oblong,Black,"(110, 57, 49)","(16.08, 2.0, -4.0)",4.47,95,VISIBLE,-0.01,0.19
218,96,car,0.184,324.72,217.61,407.19,279.76,365.96,248.68,82.47,62.15,5125.75,1.33,Horizontal Oblong,Grey,"(102, 63, 102)","(37.84, -2.0, -6.0)",6.32,96,VISIBLE,-0.05,-0.0
218,97,person,0.3535,1189.37,182.79,1203.39,215.47,1196.38,199.13,14.02,32.68,458.37,0.43,Vertical Oblong,Black,"(143, 38, 27)","(7.45, 2.0, -2.0)",2.83,97,VISIBLE,0.47,0.19
218,91,car,0.1586,1093.44,165.78,1139.96,186.68,1116.7,176.23,46.52,20.9,972.12,2.23,Horizontal Oblong,Grey,"(111, 23, 83)","(33.53, 0.0, -3.0)",3.0,98,VISIBLE,1.08,-0.15
218,93,car,0.1655,871.84,197.76,934.61,236.28,903.23,217.02,62.77,38.52,2417.92,1.63,Horizontal Oblong,Black,"(102, 51, 57)","(19.61, 1.0, -2.0)",2.24,99,VISIBLE,-1.24,0.57
219,3,car,0.522,587.13,246.88,762.8,331.46,674.96,289.17,175.68,84.58,14858.91,2.08,Horizontal Oblong,Grey,"(99, 23, 116)","(47.06, -2.0, -3.0)",3.61,34,VISIBLE,1.56,-0.09
219,33,car,0.2531,823.47,224.4,904.7,293.38,864.09,258.89,81.23,68.98,5603.64,1.18,Spherical / Regular,Grey,"(90, 35, 111)","(40.78, 1.0, 0.0)",1.0,40,VISIBLE,0.27,0.04
219,39,car,0.459,1184.37,453.81,1280.0,704.1,1232.19,578.95,95.63,250.29,23935.83,0.38,Vertical Oblong,Grey,"(94, 23, 74)","(30.59, -1.0, -1.0)",1.41,39,VISIBLE,-0.02,0.48
219,48,person,0.7857,12.33,192.34,33.1,247.12,22.71,219.73,20.77,54.78,1137.78,0.38,Vertical Oblong,Black,"(105, 64, 23)","(5.88, -1.0, -2.0)",2.24,87,VISIBLE,-0.62,0.48
219,62,car,0.7303,1215.47,205.9,1280.01,247.65,1247.74,226.78,64.54,41.75,2694.48,1.55,Horizontal Oblong,Grey,"(90, 29, 112)","(45.1, -2.0, 0.0)",2.0,62,VISIBLE,0.03,0.15
219,75,person,0.7145,1022.5,80.0,1064.45,116.99,1043.48,98.5,41.95,36.99,1551.79,1.13,Spherical / Regular,Grey,"(108, 27, 110)","(43.53, 0.0, -5.0)",5.0,75,VISIBLE,0.01,0.14
219,86,car,0.6375,1046.88,193.55,1103.37,226.82,1075.13,210.18,56.5,33.27,1879.7,1.7,Horizontal Oblong,Grey,"(100, 29, 123)","(48.63, -1.0, -2.0)",2.24,86,VISIBLE,-1.22,-0.02
219,53,car,0.5169,846.5,596.77,1279.87,720.0,1063.19,658.38,433.37,123.23,53405.14,3.52,Horizontal Oblong,Grey,"(95, 27, 116)","(45.88, -1.0, -1.0)",1.41,53,VISIBLE,0.04,-0.34
219,54,car,0.6617,0.01,429.66,192.38,716.4,96.2,573.03,192.36,286.74,55158.55,0.67,Vertical Oblong,Grey,"(103, 35, 111)","(43.92, -1.0, -4.0)",4.12,54,VISIBLE,-0.14,0.34
219,57,car,0.599,723.32,411.99,1009.52,647.18,866.42,529.59,286.2,235.18,67310.22,1.22,Spherical / Regular,Grey,"(98, 58, 86)","(30.98, 1.0, -2.0)",2.24,57,VISIBLE,0.11,0.38
219,76,truck,0.6355,834.5,149.12,914.01,221.75,874.25,185.44,79.51,72.64,5775.44,1.09,Spherical / Regular,Orange,"(15, 106, 95)","(33.33, 5.0, 15.0)",15.81,76,VISIBLE,-0.01,0.19
219,41,car,0.5489,730.96,280.31,867.34,388.69,799.15,334.5,136.38,108.38,14781.49,1.26,Horizontal Oblong,Grey,"(21, 17, 156)","(62.35, 0.0, 1.0)",1.0,82,VISIBLE,-0.18,0.24
219,67,car,0.5509,954.79,304.18,1121.51,429.63,1038.15,366.9,166.71,125.44,20913.26,1.33,Horizontal Oblong,Orange,"(17, 118, 150)","(49.8, 7.0, 20.0)",21.19,67,VISIBLE,0.04,0.24
219,58,car,0.6068,464.0,336.53,888.81,505.53,676.4,421.03,424.82,169.0,71793.63,2.51,Horizontal Oblong,Black,"(84, 145, 61)","(21.96, -9.0, 1.0)",9.06,58,VISIBLE,0.19,0.34
219,52,car,0.6292,195.42,621.75,629.65,720.0,412.53,670.88,434.23,98.25,42662.36,4.42,Horizontal Oblong,Grey,"(94, 15, 186)","(74.12, -1.0, 0.0)",1.0,52,VISIBLE,-0.11,0.22
219,51,car,0.5771,55.76,291.8,229.42,407.18,142.59,349.49,173.67,115.39,20038.96,1.51,Horizontal Oblong,Grey,"(102, 34, 126)","(49.8, -2.0, -5.0)",5.39,51,VISIBLE,-0.13,0.27
219,55,car,0.5182,122.9,343.67,360.01,527.01,241.46,435.34,237.11,183.35,43473.16,1.29,Horizontal Oblong,Black,"(106, 64, 48)","(15.69, 2.0, 0.0)",2.0,55,VISIBLE,-0.29,0.25
219,59,car,0.5589,0.01,278.78,84.34,375.14,42.17,326.96,84.33,96.37,8127.18,0.88,Spherical / Regular,Grey,"(99, 21, 73)","(27.84, 1.0, 0.0)",1.0,59,VISIBLE,-0.44,0.07
219,65,car,0.5016,322.53,432.62,602.75,674.28,462.64,553.45,280.22,241.66,67718.51,1.16,Spherical / Regular,Black,"(113, 46, 58)","(18.82, 1.0, -3.0)",3.16,65,VISIBLE,-0.08,0.52
219,50,car,0.5393,1036.68,344.69,1280.0,540.42,1158.34,442.56,243.32,195.73,47624.83,1.24,Spherical / Regular,Black,"(110, 53, 44)","(14.9, 2.0, 0.0)",2.0,50,VISIBLE,0.07,0.29
219,64,car,0.5429,258.04,303.0,421.97,431.69,340.0,367.35,163.92,128.69,21095.73,1.27,Horizontal Oblong,Brown,"(17, 66, 129)","(44.31, 5.0, 8.0)",9.43,64,VISIBLE,-0.13,0.2
219,63,car,0.4267,1018.72,250.46,1132.79,308.85,1075.75,279.66,114.07,58.39,6660.88,1.95,Horizontal Oblong,Grey,"(103, 48, 101)","(36.47, 1.0, -3.0)",3.16,63,VISIBLE,-0.0,0.22
219,81,car,0.3326,966.92,185.32,1011.89,216.74,989.4,201.03,44.97,31.42,1412.79,1.43,Horizontal Oblong,Black,"(101, 49, 56)","(20.39, 0.0, -2.5)",2.5,81,VISIBLE,-0.76,0.06
219,70,car,0.4167,1090.15,267.76,1269.55,351.22,1179.85,309.49,179.4,83.46,14972.04,2.15,Horizontal Oblong,Black,"(105, 55, 45)","(14.9, 0.0, -2.0)",2.0,70,VISIBLE,0.38,0.23
219,69,car,0.4442,64.02,241.67,197.12,310.92,130.57,276.29,133.1,69.25,9217.22,1.92,Horizontal Oblong,Grey,"(101, 43, 112)","(43.14, -2.0, -5.0)",5.39,69,VISIBLE,-0.67,0.6
219,56,car,0.4436,224.57,248.56,339.87,332.4,282.22,290.48,115.31,83.84,9667.34,1.38,Horizontal Oblong,Grey,"(101, 36, 120)","(47.84, -1.0, -5.0)",5.1,56,VISIBLE,-0.02,0.07
219,84,bus,0.4407,506.57,132.53,546.9,163.87,526.73,148.2,40.33,31.33,1263.58,1.29,Horizontal Oblong,Grey,"(28, 45, 78)","(28.24, 1.0, 0.5)",1.12,84,VISIBLE,0.05,-0.09
219,73,car,0.3592,200.37,223.72,297.88,294.91,249.13,259.31,97.51,71.2,6942.07,1.37,Horizontal Oblong,Grey,"(100, 58, 109)","(41.18, -3.0, -6.0)",6.71,73,VISIBLE,-0.11,0.17
219,79,car,0.373,170.1,158.16,256.0,185.5,213.05,171.83,85.89,27.34,2348.7,3.14,Horizontal Oblong,Black,"(104, 70, 36)","(11.76, -1.0, -4.0)",4.12,79,VISIBLE,0.06,0.14
219,78,car,0.3005,695.26,227.91,773.02,279.7,734.14,253.8,77.75,51.79,4026.54,1.5,Horizontal Oblong,Grey,"(103, 20, 129)","(51.37, -1.0, -3.0)",3.16,78,VISIBLE,0.14,-0.0
219,83,car,0.4619,85.62,165.2,197.01,201.56,141.32,183.38,111.39,36.36,4050.05,3.06,Horizontal Oblong,Grey,"(103, 60, 61)","(22.35, -2.0, -5.0)",5.39,83,VISIBLE,-0.02,0.06
219,60,car,0.2765,885.93,256.44,1027.42,362.77,956.67,309.61,141.49,106.33,15044.22,1.33,Horizontal Oblong,Black,"(26, 60, 58)","(20.78, 2.0, 2.0)",2.83,60,VISIBLE,0.22,0.01
219,85,person,0.6635,160.23,176.76,177.64,219.5,168.94,198.13,17.41,42.74,743.9,0.41,Vertical Oblong,Black,"(120, 78, 28)","(6.67, 2.0, -5.0)",5.39,85,VISIBLE,-0.39,0.2
219,72,car,0.3037,345.12,258.79,473.78,378.75,409.45,318.77,128.66,119.95,15433.29,1.07,Spherical / Regular,Grey,"(103, 67, 77)","(27.65, 0.0, -2.0)",2.0,72,VISIBLE,0.01,0.2
219,89,car,0.2121,1156.63,171.46,1224.81,192.97,1190.72,182.22,68.18,21.51,1466.64,3.17,Horizontal Oblong,Black,"(105, 38, 57)","(21.96, -1.0, -3.0)",3.16,89,VISIBLE,0.08,0.08
219,68,car,0.1765,792.57,212.56,857.71,270.41,825.14,241.49,65.14,57.85,3768.6,1.13,Spherical / Regular,Grey,"(105, 66, 77)","(22.75, 7.0, 4.0)",8.06,68,VISIBLE,0.03,0.06
219,71,car,0.2886,407.05,247.89,498.02,333.6,452.54,290.75,90.97,85.71,7797.2,1.06,Spherical / Regular,Grey,"(100, 36, 96)","(34.9, 1.0, 0.0)",1.0,71,VISIBLE,0.07,0.13
219,66,car,0.2142,864.93,240.6,968.52,319.23,916.73,279.91,103.6,78.64,8146.6,1.32,Horizontal Oblong,Grey,"(16, 37, 91)","(34.9, 2.0, 4.0)",4.47,66,VISIBLE,0.03,0.24
219,74,car,0.198,274.57,200.87,340.72,249.64,307.65,225.26,66.16,48.77,3226.75,1.36,Horizontal Oblong,Grey,"(102, 39, 124)","(48.24, -2.0, -6.0)",6.32,74,VISIBLE,-0.48,0.14
219,80,car,0.2157,1214.85,312.47,1280.0,453.37,1247.43,382.92,65.15,140.9,9179.25,0.46,Vertical Oblong,Black,"(108, 69, 42)","(12.55, 0.0, -2.0)",2.0,80,VISIBLE,0.28,0.52
219,61,car,0.2865,0.0,344.87,71.82,440.18,35.91,392.53,71.82,95.3,6844.31,0.75,Vertical Oblong,Black,"(71, 29, 54)","(20.78, 1.0, 0.0)",1.0,61,VISIBLE,-0.12,0.01
219,90,car,0.1857,967.28,226.09,1061.62,283.76,1014.45,254.93,94.34,57.68,5441.57,1.64,Horizontal Oblong,Grey,"(101, 38, 105)","(41.18, 0.0, -2.0)",2.0,90,VISIBLE,0.1,0.21
219,92,car,0.1955,678.07,206.97,741.67,248.85,709.87,227.91,63.6,41.89,2664.28,1.52,Horizontal Oblong,Black,"(113, 54, 76)","(21.18, 2.0, -1.0)",2.24,92,VISIBLE,-0.08,-0.42
219,94,truck,0.2033,797.33,135.12,833.27,166.77,815.3,150.95,35.94,31.65,1137.66,1.14,Spherical / Regular,Grey,"(16, 37, 82)","(33.33, 1.0, 4.0)",4.12,94,VISIBLE,-0.17,0.08
219,95,car,0.3496,511.99,265.76,655.86,373.25,583.92,319.51,143.87,107.49,15464.08,1.34,Horizontal Oblong,Black,"(110, 57, 50)","(16.08, 2.0, -3.0)",3.61,95,VISIBLE,-0.01,0.17
219,96,car,0.186,324.67,217.77,407.23,280.56,365.95,249.17,82.57,62.79,5183.98,1.32,Horizontal Oblong,Grey,"(102, 61, 103)","(38.24, -2.0, -6.0)",6.32,96,VISIBLE,-0.02,0.34
219,97,person,0.3438,1189.63,182.93,1203.73,215.73,1196.68,199.33,14.1,32.8,462.63,0.43,Vertical Oblong,Black,"(143, 38, 27)","(7.65, 2.0, -2.0)",2.83,97,VISIBLE,0.35,0.2
219,91,car,0.1586,1093.43,165.82,1140.1,186.7,1116.77,176.26,46.67,20.88,974.44,2.24,Horizontal Oblong,Grey,"(108, 23, 82)","(33.14, 0.0, -3.0)",3.0,98,VISIBLE,0.37,-0.02
219,93,car,0.1558,871.82,197.84,933.68,236.63,902.75,217.24,61.86,38.79,2399.61,1.59,Horizontal Oblong,Black,"(102, 53, 57)","(20.0, 1.0, -1.0)",1.41,99,VISIBLE,-0.7,0.32
219,77,car,0.1503,249.49,152.92,308.63,177.92,279.06,165.42,59.14,25.0,1478.55,2.37,Horizontal Oblong,Grey,"(98, 46, 92)","(37.25, -3.0, -5.0)",5.83,100,VISIBLE,-0.01,0.16
220,3,car,0.5601,588.48,246.85,762.47,331.61,675.48,289.23,174.0,84.77,14749.44,2.05,Horizontal Oblong,Grey,"(98, 23, 116)","(47.45, -2.0, -3.0)",3.61,34,VISIBLE,0.83,0.02
220,33,car,0.2777,823.58,224.52,904.83,293.3,864.2,258.91,81.25,68.78,5588.52,1.18,Spherical / Regular,Grey,"(91, 35, 110)","(40.78, 1.0, 0.0)",1.0,40,VISIBLE,0.17,0.03
220,39,car,0.4896,1184.49,454.02,1280.0,704.22,1232.25,579.12,95.51,250.2,23896.43,0.38,Vertical Oblong,Grey,"(94, 22, 74)","(30.59, -1.0, -1.0)",1.41,39,VISIBLE,0.04,0.26
220,48,person,0.7854,11.63,193.09,32.32,247.28,21.98,220.18,20.69,54.19,1121.38,0.38,Vertical Oblong,Black,"(105, 67, 23)","(5.88, -0.5, -2.0)",2.06,87,VISIBLE,-0.7,0.46
220,62,car,0.7392,1215.51,206.0,1280.01,247.79,1247.76,226.89,64.5,41.79,2695.52,1.54,Horizontal Oblong,Grey,"(90, 29, 112)","(45.1, -2.0, 0.0)",2.0,62,VISIBLE,0.02,0.13
220,75,person,0.7149,1022.51,80.17,1064.35,117.06,1043.43,98.61,41.84,36.89,1543.47,1.13,Spherical / Regular,Grey,"(108, 28, 110)","(43.53, 0.0, -5.0)",5.0,75,VISIBLE,-0.03,0.13
220,86,car,0.6332,1046.09,193.57,1102.02,226.9,1074.06,210.24,55.93,33.33,1864.08,1.68,Horizontal Oblong,Grey,"(96, 30, 122)","(48.04, -2.0, -2.0)",2.83,86,VISIBLE,-1.11,0.03
220,53,car,0.5514,846.81,598.22,1279.76,720.0,1063.29,659.11,432.95,121.78,52724.15,3.56,Horizontal Oblong,Grey,"(94, 27, 116)","(45.88, -1.0, -1.0)",1.41,53,VISIBLE,0.08,0.41
220,54,car,0.6614,0.01,429.88,192.08,716.65,96.05,573.27,192.06,286.77,55078.33,0.67,Vertical Oblong,Grey,"(103, 35, 111)","(43.53, -1.0, -4.0)",4.12,54,VISIBLE,-0.15,0.27
220,57,car,0.623,723.33,412.27,1009.65,647.68,866.49,529.97,286.31,235.41,67399.92,1.22,Spherical / Regular,Grey,"(98, 58, 85)","(30.2, 1.0, -1.0)",1.41,57,VISIBLE,0.08,0.39
220,76,truck,0.6443,834.57,149.34,913.8,221.82,874.19,185.58,79.23,72.48,5742.43,1.09,Spherical / Regular,Orange,"(16, 106, 95)","(33.73, 5.0, 15.0)",15.81,76,VISIBLE,-0.05,0.16
220,41,car,0.5496,730.56,280.49,867.37,388.95,798.97,334.72,136.82,108.46,14838.79,1.26,Horizontal Oblong,Grey,"(20, 18, 156)","(62.35, 0.0, 1.0)",1.0,82,VISIBLE,-0.18,0.23
220,67,car,0.5671,954.75,304.39,1121.53,429.87,1038.14,367.13,166.78,125.48,20928.16,1.33,Horizontal Oblong,Orange,"(18, 119, 150)","(49.8, 7.0, 20.0)",21.19,67,VISIBLE,0.0,0.23
220,58,car,0.6312,464.75,336.79,889.47,505.89,677.11,421.34,424.72,169.1,71820.34,2.51,Horizontal Oblong,Black,"(84, 146, 60)","(21.96, -9.0, 1.0)",9.06,58,VISIBLE,0.55,0.32
220,52,car,0.6413,195.01,622.02,630.04,720.0,412.53,671.01,435.03,97.98,42626.15,4.44,Horizontal Oblong,Grey,"(90, 15, 186)","(74.12, -1.0, 0.0)",1.0,52,VISIBLE,-0.04,0.16
220,51,car,0.5828,55.09,292.0,229.25,407.4,142.17,349.7,174.15,115.4,20097.67,1.51,Horizontal Oblong,Grey,"(101, 34, 125)","(49.8, -2.0, -5.0)",5.39,51,VISIBLE,-0.33,0.23
220,55,car,0.511,122.8,343.68,359.78,527.38,241.29,435.53,236.98,183.7,43532.79,1.29,Horizontal Oblong,Black,"(106, 65, 48)","(15.69, 2.0, 0.0)",2.0,55,VISIBLE,-0.2,0.21
220,59,car,0.5633,0.0,279.29,83.7,375.14,41.85,327.22,83.7,95.85,8023.17,0.87,Spherical / Regular,Grey,"(99, 21, 71)","(27.06, 0.0, 0.0)",0.0,59,VISIBLE,-0.36,0.2
220,65,car,0.5101,322.27,432.86,602.75,673.01,462.51,552.94,280.48,240.15,67357.69,1.17,Spherical / Regular,Black,"(111, 46, 57)","(18.82, 1.0, -2.0)",2.24,65,VISIBLE,-0.11,-0.2
220,50,car,0.5749,1036.87,344.99,1280.0,540.87,1158.44,442.93,243.13,195.88,47624.6,1.24,Spherical / Regular,Black,"(108, 53, 44)","(14.9, 2.0, 0.0)",2.0,50,VISIBLE,0.09,0.35
220,64,car,0.5457,258.06,303.13,421.81,431.77,339.93,367.45,163.75,128.64,21065.8,1.27,Horizontal Oblong,Brown,"(17, 66, 129)","(44.31, 4.0, 9.0)",9.85,64,VISIBLE,-0.09,0.13
220,63,car,0.4415,1018.59,250.59,1132.79,309.11,1075.69,279.85,114.2,58.52,6682.92,1.95,Horizontal Oblong,Grey,"(103, 47, 99)","(35.69, 0.0, -3.0)",3.0,63,VISIBLE,-0.05,0.2
220,81,car,0.3661,965.99,185.44,1010.9,216.74,988.44,201.09,44.91,31.3,1405.86,1.43,Horizontal Oblong,Black,"(100, 49, 56)","(20.78, 0.0, -2.0)",2.0,81,VISIBLE,-0.9,0.06
220,70,car,0.4382,1090.35,267.92,1269.83,351.43,1180.09,309.67,179.49,83.51,14988.64,2.15,Horizontal Oblong,Black,"(105, 56, 45)","(14.9, 0.0, -2.0)",2.0,70,VISIBLE,0.28,0.2
220,69,car,0.4771,63.53,241.86,196.41,311.45,129.97,276.66,132.88,69.59,9247.11,1.91,Horizontal Oblong,Grey,"(100, 44, 112)","(43.14, -2.0, -5.0)",5.39,69,VISIBLE,-0.62,0.43
220,56,car,0.4414,224.52,248.66,339.89,332.54,282.2,290.6,115.37,83.88,9677.09,1.38,Horizontal Oblong,Grey,"(100, 37, 120)","(47.84, -1.0, -5.0)",5.1,56,VISIBLE,-0.02,0.1
220,84,bus,0.4316,506.64,132.38,546.95,163.86,526.79,148.12,40.31,31.48,1268.91,1.28,Horizontal Oblong,Grey,"(28, 43, 78)","(28.04, 1.0, 0.5)",1.12,84,VISIBLE,0.06,-0.08
220,73,car,0.3618,200.21,223.83,297.93,295.14,249.07,259.49,97.72,71.31,6967.93,1.37,Horizontal Oblong,Grey,"(99, 56, 109)","(41.18, -4.0, -6.0)",7.21,73,VISIBLE,-0.07,0.17
220,79,car,0.36,170.13,158.26,255.93,185.65,213.03,171.96,85.81,27.38,2349.7,3.13,Horizontal Oblong,Black,"(104, 71, 36)","(11.57, -1.0, -4.0)",4.12,79,VISIBLE,0.0,0.13
220,78,car,0.3345,695.36,228.1,773.05,279.33,734.21,253.72,77.69,51.23,3980.42,1.52,Horizontal Oblong,Grey,"(100, 21, 129)","(51.76, -1.0, -2.0)",2.24,78,VISIBLE,0.09,-0.06
220,83,car,0.4581,85.91,165.34,196.87,201.58,141.39,183.46,110.96,36.23,4020.48,3.06,Horizontal Oblong,Black,"(102, 61, 60)","(21.96, -2.0, -5.0)",5.39,83,VISIBLE,0.05,0.07
220,60,car,0.2829,886.15,256.74,1027.57,362.82,956.86,309.78,141.41,106.08,15001.34,1.33,Horizontal Oblong,Black,"(28, 61, 58)","(20.78, 2.0, 2.0)",2.83,60,VISIBLE,0.2,0.12
220,85,person,0.6598,159.89,177.17,177.34,219.86,168.61,198.52,17.45,42.69,744.82,0.41,Vertical Oblong,Black,"(115, 67, 26)","(6.67, 1.0, -4.0)",4.12,85,VISIBLE,-0.34,0.33
220,72,car,0.3112,345.15,258.95,473.73,378.9,409.44,318.93,128.58,119.95,15422.15,1.07,Spherical / Regular,Grey,"(102, 68, 76)","(27.45, 0.0, -2.0)",2.0,72,VISIBLE,-0.0,0.17
220,89,car,0.2139,1156.73,171.53,1224.59,193.15,1190.66,182.34,67.86,21.62,1467.49,3.14,Horizontal Oblong,Black,"(100, 39, 56)","(21.57, -1.0, -3.0)",3.16,89,VISIBLE,-0.02,0.11
220,68,car,0.1903,792.66,212.64,857.65,270.38,825.15,241.51,65.0,57.74,3752.98,1.13,Spherical / Regular,Grey,"(84, 65, 75)","(22.35, 6.0, 4.0)",7.21,68,VISIBLE,0.02,0.03
220,71,car,0.2909,407.13,247.97,497.99,333.69,452.56,290.83,90.87,85.72,7789.54,1.06,Spherical / Regular,Grey,"(100, 36, 96)","(34.51, 1.0, 0.0)",1.0,71,VISIBLE,0.04,0.1
220,66,car,0.223,864.99,240.61,968.53,319.45,916.76,280.03,103.54,78.85,8163.44,1.31,Horizontal Oblong,Grey,"(16, 36, 90)","(34.51, 2.0, 4.0)",4.47,66,VISIBLE,0.03,0.15
220,74,car,0.1947,274.36,201.13,340.04,249.74,307.2,225.43,65.68,48.61,3192.82,1.35,Horizontal Oblong,Grey,"(101, 37, 123)","(48.63, -2.0, -5.0)",5.39,74,VISIBLE,-0.46,0.17
220,80,car,0.2157,1215.41,312.52,1280.0,454.34,1247.71,383.43,64.59,141.82,9159.75,0.46,Vertical Oblong,Black,"(106, 64, 42)","(12.94, 0.0, -2.0)",2.0,80,VISIBLE,0.28,0.51
220,61,car,0.2812,0.0,344.7,71.56,440.29,35.78,392.5,71.56,95.59,6840.29,0.75,Vertical Oblong,Black,"(66, 29, 53)","(20.39, 1.0, 1.0)",1.41,61,VISIBLE,-0.13,-0.02
220,90,car,0.1899,967.33,226.27,1061.76,283.81,1014.55,255.04,94.43,57.54,5433.2,1.64,Horizontal Oblong,Grey,"(101, 38, 105)","(41.18, 0.0, -2.0)",2.0,90,VISIBLE,0.1,0.14
220,92,car,0.1649,677.74,206.83,742.43,248.62,710.09,227.72,64.69,41.79,2703.73,1.55,Horizontal Oblong,Black,"(111, 53, 74)","(21.18, 2.0, 0.0)",2.0,92,VISIBLE,0.13,-0.26
220,94,truck,0.2113,797.31,135.26,833.1,166.88,815.21,151.07,35.78,31.62,1131.66,1.13,Spherical / Regular,Grey,"(16, 39, 82)","(32.75, 1.0, 4.0)",4.12,94,VISIBLE,-0.12,0.11
220,95,car,0.3467,511.91,265.91,655.91,373.58,583.91,319.74,144.0,107.67,15504.59,1.34,Horizontal Oblong,Black,"(110, 57, 49)","(16.08, 2.0, -3.0)",3.61,95,VISIBLE,-0.01,0.22
220,96,car,0.1947,324.56,217.91,407.26,281.21,365.91,249.56,82.7,63.3,5234.51,1.31,Horizontal Oblong,Grey,"(101, 57, 102)","(38.43, -2.0, -6.0)",6.32,96,VISIBLE,-0.03,0.38
220,97,person,0.3328,1189.81,183.33,1204.06,215.96,1196.93,199.64,14.25,32.63,464.86,0.44,Vertical Oblong,Black,"(130, 36, 24)","(7.06, 2.0, -2.0)",2.83,97,VISIBLE,0.28,0.28
220,93,car,0.1626,871.91,197.96,933.03,236.91,902.47,217.43,61.12,38.96,2380.93,1.57,Horizontal Oblong,Black,"(100, 54, 57)","(20.0, 1.0, -1.0)",1.41,99,VISIBLE,-0.41,0.24
220,77,car,0.1503,249.49,152.92,308.63,177.92,279.06,165.42,59.14,25.0,1478.33,2.37,Horizontal Oblong,Grey,"(98, 46, 92)","(37.25, -3.0, -5.0)",5.83,100,VISIBLE,-0.0,0.05
221,3,car,0.4787,589.38,247.03,761.75,331.36,675.56,289.19,172.37,84.33,14536.41,2.04,Horizontal Oblong,Grey,"(100, 22, 116)","(47.45, -2.0, -3.0)",3.61,34,VISIBLE,0.31,-0.02
221,33,car,0.2231,823.61,224.68,904.98,293.69,864.3,259.19,81.37,69.01,5615.17,1.18,Spherical / Regular,Grey,"(100, 38, 109)","(40.39, 1.0, 0.0)",1.0,40,VISIBLE,0.11,0.2
221,39,car,0.4875,1184.83,452.1,1280.0,704.63,1232.41,578.36,95.18,252.53,24035.1,0.38,Vertical Oblong,Grey,"(94, 22, 74)","(30.59, -1.0, -1.0)",1.41,39,VISIBLE,0.13,-0.45
221,48,person,0.7733,11.03,193.64,31.37,247.42,21.2,220.53,20.34,53.78,1093.88,0.38,Vertical Oblong,Black,"(111, 64, 23)","(5.88, 0.0, -2.0)",2.0,87,VISIBLE,-0.75,0.38
221,62,car,0.7386,1215.56,206.12,1280.01,247.92,1247.78,227.02,64.45,41.8,2693.86,1.54,Horizontal Oblong,Grey,"(92, 29, 113)","(45.88, -1.0, 0.0)",1.0,62,VISIBLE,0.02,0.13
221,75,person,0.7298,1022.58,80.53,1063.64,117.05,1043.11,98.79,41.07,36.51,1499.5,1.12,Spherical / Regular,Grey,"(106, 29, 109)","(43.33, -1.0, -5.0)",5.1,75,VISIBLE,-0.23,0.16
221,86,car,0.6299,1045.42,193.49,1100.66,226.92,1073.04,210.21,55.23,33.43,1846.69,1.65,Horizontal Oblong,Grey,"(100, 29, 123)","(48.43, -2.0, -2.0)",2.83,86,VISIBLE,-1.04,-0.01
221,53,car,0.5273,847.2,597.59,1279.64,720.0,1063.42,658.79,432.44,122.41,52935.47,3.53,Horizontal Oblong,Grey,"(94, 27, 117)","(46.27, -1.0, -1.0)",1.41,53,VISIBLE,0.12,-0.1
221,54,car,0.6678,0.02,430.1,191.81,716.92,95.91,573.51,191.79,286.82,55010.69,0.67,Vertical Oblong,Grey,"(103, 34, 111)","(43.53, -1.0, -4.0)",4.12,54,VISIBLE,-0.14,0.25
221,57,car,0.5857,723.3,412.56,1009.93,648.21,866.61,530.38,286.63,235.66,67545.92,1.22,Spherical / Regular,Grey,"(99, 59, 86)","(30.2, 2.0, -2.0)",2.83,57,VISIBLE,0.11,0.4
221,76,truck,0.5756,834.66,149.56,913.63,221.94,874.15,185.75,78.97,72.38,5716.29,1.09,Spherical / Regular,Orange,"(15, 107, 96)","(33.73, 5.0, 15.0)",15.81,76,VISIBLE,-0.04,0.17
221,41,car,0.5022,730.58,280.58,867.45,389.08,799.01,334.83,136.88,108.5,14851.73,1.26,Horizontal Oblong,Grey,"(20, 17, 156)","(62.35, 0.0, 1.0)",1.0,82,VISIBLE,-0.02,0.15
221,67,car,0.5333,954.72,304.59,1121.6,430.12,1038.16,367.35,166.88,125.53,20948.72,1.33,Horizontal Oblong,Orange,"(17, 118, 150)","(49.8, 7.0, 19.0)",20.25,67,VISIBLE,0.02,0.23
221,58,car,0.5949,465.45,336.96,890.37,506.09,677.91,421.53,424.93,169.13,71866.32,2.51,Horizontal Oblong,Black,"(84, 139, 60)","(21.96, -9.0, 1.0)",9.06,58,VISIBLE,0.72,0.22
221,52,car,0.6394,195.05,622.35,630.37,720.0,412.71,671.18,435.32,97.65,42508.13,4.46,Horizontal Oblong,Grey,"(90, 15, 186)","(74.12, -1.0, 0.0)",1.0,52,VISIBLE,0.12,0.16
221,51,car,0.5687,54.66,292.26,229.31,407.38,141.99,349.82,174.64,115.12,20104.5,1.52,Horizontal Oblong,Grey,"(101, 34, 125)","(49.8, -2.0, -5.0)",5.39,51,VISIBLE,-0.23,0.15
221,55,car,0.4262,122.78,343.93,359.74,527.61,241.26,435.77,236.96,183.68,43524.98,1.29,Horizontal Oblong,Black,"(106, 64, 49)","(16.08, 2.0, 0.0)",2.0,55,VISIBLE,-0.08,0.23
221,59,car,0.5417,0.0,279.66,83.06,374.98,41.53,327.32,83.06,95.32,7916.98,0.87,Spherical / Regular,Grey,"(100, 20, 73)","(27.84, 0.0, -1.0)",1.0,59,VISIBLE,-0.33,0.13
221,65,car,0.4918,322.05,433.19,602.55,672.44,462.3,552.81,280.5,239.25,67109.29,1.17,Spherical / Regular,Black,"(113, 48, 59)","(19.22, 1.0, -3.0)",3.16,65,VISIBLE,-0.18,-0.14
221,50,car,0.5245,1037.11,345.34,1280.0,541.28,1158.56,443.31,242.89,195.95,47593.09,1.24,Spherical / Regular,Black,"(108, 53, 44)","(14.9, 2.0, 0.0)",2.0,50,VISIBLE,0.11,0.37
221,64,car,0.5309,258.07,303.22,421.67,431.9,339.87,367.56,163.6,128.68,21051.66,1.27,Horizontal Oblong,Brown,"(16, 67, 130)","(44.31, 5.0, 8.0)",9.43,64,VISIBLE,-0.07,0.12
221,63,car,0.4363,1019.04,250.72,1133.01,309.57,1076.02,280.14,113.98,58.85,6707.54,1.94,Horizontal Oblong,Grey,"(104, 49, 100)","(36.08, 1.0, -3.0)",3.16,63,VISIBLE,0.22,0.27
221,81,car,0.3431,965.25,185.56,1009.7,216.67,987.47,201.11,44.44,31.11,1382.46,1.43,Horizontal Oblong,Black,"(101, 47, 54)","(18.82, 0.0, -2.0)",2.0,81,VISIBLE,-0.95,0.04
221,70,car,0.4448,1090.6,268.14,1270.02,351.76,1180.31,309.95,179.41,83.61,15001.42,2.15,Horizontal Oblong,Black,"(105, 58, 44)","(14.9, 1.0, -2.0)",2.24,70,VISIBLE,0.24,0.25
221,69,car,0.4756,62.58,241.94,195.87,311.99,129.22,276.96,133.28,70.05,9336.48,1.9,Horizontal Oblong,Grey,"(101, 45, 113)","(43.53, -1.0, -6.0)",6.08,69,VISIBLE,-0.71,0.35
221,56,car,0.4428,224.38,248.75,339.87,332.62,282.12,290.68,115.49,83.87,9685.96,1.38,Horizontal Oblong,Grey,"(102, 37, 121)","(47.84, -1.0, -5.0)",5.1,56,VISIBLE,-0.06,0.09
221,84,bus,0.3749,506.53,132.83,546.97,163.98,526.75,148.4,40.44,31.16,1259.93,1.3,Horizontal Oblong,Grey,"(19, 36, 82)","(28.82, 2.0, 1.0)",2.24,84,VISIBLE,-0.01,0.17
221,73,car,0.3389,200.14,223.9,297.94,295.31,249.04,259.61,97.8,71.41,6984.18,1.37,Horizontal Oblong,Grey,"(100, 58, 109)","(41.18, -3.0, -6.0)",6.71,73,VISIBLE,-0.04,0.13
221,79,car,0.3352,170.14,158.36,255.72,185.73,212.93,172.04,85.58,27.37,2342.41,3.13,Horizontal Oblong,Black,"(104, 73, 36)","(11.57, -1.0, -5.0)",5.1,79,VISIBLE,-0.07,0.1
221,78,car,0.2577,695.28,228.13,772.97,279.06,734.12,253.6,77.7,50.93,3956.75,1.53,Horizontal Oblong,Grey,"(105, 23, 123)","(50.2, -1.0, -4.0)",4.12,78,VISIBLE,-0.03,-0.1
221,83,car,0.4416,85.9,165.72,196.76,201.73,141.33,183.73,110.86,36.01,3991.66,3.08,Horizontal Oblong,Black,"(103, 59, 60)","(21.96, -2.0, -5.0)",5.39,83,VISIBLE,-0.03,0.21
221,60,car,0.2732,886.2,256.97,1027.53,363.32,956.87,310.14,141.34,106.35,15030.45,1.33,Horizontal Oblong,Black,"(100, 60, 58)","(20.39, 3.0, 2.0)",3.61,60,VISIBLE,0.06,0.29
221,85,person,0.659,159.5,177.68,176.87,220.22,168.18,198.95,17.36,42.53,738.6,0.41,Vertical Oblong,Black,"(115, 66, 28)","(7.06, 2.0, -4.0)",4.47,85,VISIBLE,-0.4,0.4
221,72,car,0.3163,345.18,259.17,473.68,379.13,409.43,319.15,128.51,119.96,15415.1,1.07,Spherical / Regular,Grey,"(102, 68, 77)","(27.84, 1.0, -2.0)",2.24,72,VISIBLE,-0.01,0.21
221,89,car,0.1741,1156.97,171.7,1224.0,193.41,1190.48,182.55,67.03,21.71,1455.41,3.09,Horizontal Oblong,Black,"(100, 37, 56)","(21.57, -1.0, -3.0)",3.16,89,VISIBLE,-0.13,0.18
221,68,car,0.1903,792.7,212.74,857.61,270.51,825.16,241.63,64.91,57.77,3750.05,1.12,Spherical / Regular,Grey,"(113, 65, 76)","(22.75, 6.0, 4.0)",7.21,68,VISIBLE,0.01,0.09
221,71,car,0.2914,406.85,248.03,497.92,333.81,452.38,290.92,91.08,85.78,7812.18,1.06,Spherical / Regular,Grey,"(101, 37, 94)","(34.51, 1.0, 0.0)",1.0,71,VISIBLE,-0.11,0.09
221,66,car,0.2118,864.96,240.71,968.57,319.62,916.76,280.16,103.61,78.92,8176.37,1.31,Horizontal Oblong,Grey,"(17, 36, 91)","(34.51, 2.0, 4.0)",4.47,66,VISIBLE,0.01,0.14
221,74,car,0.2004,274.3,201.36,339.31,249.79,306.8,225.58,65.0,48.43,3147.85,1.34,Horizontal Oblong,Grey,"(102, 34, 121)","(47.06, -2.0, -5.0)",5.39,74,VISIBLE,-0.41,0.15
221,80,car,0.2157,1215.97,312.58,1280.0,455.31,1247.98,383.95,64.03,142.73,9139.23,0.45,Vertical Oblong,Black,"(108, 64, 43)","(12.94, 0.0, -2.0)",2.0,80,VISIBLE,0.28,0.51
221,61,car,0.2815,0.0,344.78,71.44,440.24,35.72,392.51,71.44,95.47,6819.92,0.75,Vertical Oblong,Black,"(68, 30, 53)","(20.39, 1.0, 1.0)",1.41,61,VISIBLE,-0.08,0.01
221,90,car,0.2109,967.5,226.51,1062.0,283.5,1014.75,255.0,94.5,57.0,5386.24,1.66,Horizontal Oblong,Grey,"(102, 39, 105)","(40.59, 0.0, -3.0)",3.0,90,VISIBLE,0.17,0.02
221,92,car,0.1649,677.63,206.82,742.52,247.92,710.08,227.37,64.89,41.1,2666.94,1.58,Horizontal Oblong,Black,"(113, 52, 68)","(20.39, 3.0, -1.0)",3.16,92,VISIBLE,0.03,-0.33
221,94,truck,0.1798,797.31,135.45,832.93,166.88,815.12,151.16,35.62,31.43,1119.68,1.13,Spherical / Regular,Grey,"(16, 39, 82)","(32.55, 2.0, 4.0)",4.47,94,VISIBLE,-0.1,0.1
221,95,car,0.3333,512.19,266.23,656.1,373.93,584.14,320.08,143.91,107.7,15499.0,1.34,Horizontal Oblong,Black,"(110, 59, 50)","(16.08, 2.0, -5.0)",5.39,95,VISIBLE,0.16,0.3
221,96,car,0.2011,324.44,218.02,407.33,282.85,365.88,250.44,82.89,64.83,5373.71,1.28,Horizontal Oblong,Grey,"(102, 50, 102)","(38.04, -1.0, -6.0)",6.08,96,VISIBLE,-0.03,0.73
221,97,person,0.2862,1190.02,183.65,1204.36,216.08,1197.19,199.86,14.34,32.43,465.15,0.44,Vertical Oblong,Black,"(143, 35, 25)","(7.45, 2.0, -2.0)",2.83,97,VISIBLE,0.26,0.24
221,93,car,0.1626,871.91,198.01,932.62,237.08,902.26,217.54,60.71,39.06,2371.56,1.55,Horizontal Oblong,Black,"(103, 52, 58)","(19.61, 1.0, -2.0)",2.24,99,VISIBLE,-0.27,0.15
221,77,car,0.1503,249.49,152.93,308.63,177.92,279.06,165.42,59.14,24.99,1478.11,2.37,Horizontal Oblong,Grey,"(99, 47, 93)","(37.25, -3.0, -5.0)",5.83,100,VISIBLE,-0.0,0.02
222,3,car,0.4587,590.64,247.31,761.4,330.91,676.02,289.11,170.75,83.6,14273.99,2.04,Horizontal Oblong,Grey,"(100, 22, 116)","(47.84, -2.0, -3.0)",3.61,34,VISIBLE,0.41,-0.07
222,33,car,0.2282,823.6,224.9,905.2,294.04,864.4,259.47,81.6,69.13,5641.15,1.18,Spherical / Regular,Grey,"(101, 38, 107)","(40.0, 1.0, 0.0)",1.0,40,VISIBLE,0.11,0.26
222,39,car,0.4956,1185.25,451.88,1280.0,704.74,1232.63,578.31,94.75,252.85,23958.14,0.37,Vertical Oblong,Grey,"(94, 22, 74)","(30.59, -1.0, -1.0)",1.41,39,VISIBLE,0.19,-0.17
222,48,person,0.7692,10.47,193.77,30.45,247.62,20.46,220.7,19.99,53.85,1076.31,0.37,Vertical Oblong,Black,"(105, 67, 23)","(5.88, 0.0, -2.0)",2.0,87,VISIBLE,-0.74,0.23
222,62,car,0.737,1215.63,206.27,1280.0,248.11,1247.82,227.19,64.38,41.84,2693.4,1.54,Horizontal Oblong,Grey,"(92, 29, 112)","(45.49, -1.0, 0.0)",1.0,62,VISIBLE,0.03,0.16
222,75,person,0.7303,1022.67,80.77,1062.86,117.12,1042.76,98.94,40.19,36.35,1461.03,1.11,Spherical / Regular,Grey,"(106, 29, 109)","(43.33, -1.0, -5.0)",5.1,75,VISIBLE,-0.31,0.16
222,86,car,0.6206,1044.77,193.38,1099.24,226.94,1072.01,210.16,54.48,33.57,1828.68,1.62,Horizontal Oblong,Grey,"(98, 29, 123)","(48.63, -2.0, -2.0)",2.83,86,VISIBLE,-1.04,-0.04
222,53,car,0.5477,847.44,599.61,1279.57,720.0,1063.51,659.8,432.13,120.39,52025.6,3.59,Horizontal Oblong,Grey,"(90, 27, 116)","(45.88, -1.0, -1.0)",1.41,53,VISIBLE,0.1,0.68
222,54,car,0.6707,0.01,430.34,191.6,717.17,95.81,573.76,191.58,286.83,54951.64,0.67,Vertical Oblong,Grey,"(103, 34, 111)","(43.53, -1.0, -4.0)",4.12,54,VISIBLE,-0.12,0.25
222,57,car,0.5662,723.41,412.92,1010.24,648.6,866.83,530.76,286.82,235.68,67597.13,1.22,Spherical / Regular,Grey,"(99, 59, 86)","(30.98, 1.0, -2.0)",2.24,57,VISIBLE,0.18,0.38
222,76,truck,0.5685,834.79,149.78,913.49,222.03,874.14,185.9,78.7,72.25,5686.28,1.09,Spherical / Regular,Orange,"(16, 106, 96)","(33.73, 5.0, 16.0)",16.76,76,VISIBLE,-0.02,0.16
222,41,car,0.5001,730.7,280.22,867.54,389.17,799.12,334.7,136.85,108.95,14909.61,1.26,Horizontal Oblong,Grey,"(26, 18, 155)","(61.96, 0.0, 1.0)",1.0,82,VISIBLE,0.07,-0.05
222,67,car,0.5326,954.72,304.79,1121.81,430.29,1038.27,367.54,167.09,125.5,20970.05,1.33,Horizontal Oblong,Orange,"(17, 118, 149)","(49.41, 8.0, 19.0)",20.62,67,VISIBLE,0.08,0.2
222,58,car,0.5922,466.47,337.13,891.11,506.35,678.79,421.74,424.64,169.21,71854.57,2.51,Horizontal Oblong,Black,"(84, 140, 60)","(21.96, -9.0, 1.0)",9.06,58,VISIBLE,0.83,0.22
222,52,car,0.6482,194.97,623.03,630.62,720.0,412.8,671.51,435.65,96.97,42246.48,4.49,Horizontal Oblong,Grey,"(90, 15, 187)","(74.51, -1.0, 0.0)",1.0,52,VISIBLE,0.09,0.29
222,51,car,0.5506,54.12,292.52,229.18,407.61,141.65,350.07,175.06,115.09,20147.77,1.52,Horizontal Oblong,Grey,"(101, 34, 125)","(49.8, -2.0, -5.0)",5.39,51,VISIBLE,-0.3,0.22
222,55,car,0.4276,122.61,344.23,359.71,527.98,241.16,436.1,237.1,183.74,43565.07,1.29,Horizontal Oblong,Black,"(106, 64, 48)","(15.69, 2.0, 0.0)",2.0,55,VISIBLE,-0.09,0.3
222,59,car,0.5592,-0.0,280.1,82.56,374.96,41.28,327.53,82.56,94.86,7831.32,0.87,Spherical / Regular,Grey,"(98, 20, 72)","(27.84, 0.0, 0.0)",0.0,59,VISIBLE,-0.27,0.19
222,65,car,0.4991,321.88,433.49,602.64,672.01,462.26,552.75,280.77,238.52,66969.59,1.18,Spherical / Regular,Black,"(113, 48, 61)","(19.61, 1.0, -3.0)",3.16,65,VISIBLE,-0.08,-0.09
222,50,car,0.5266,1037.36,345.69,1280.0,541.61,1158.68,443.65,242.64,195.92,47538.35,1.24,Spherical / Regular,Black,"(108, 54, 44)","(14.9, 2.0, 0.0)",2.0,50,VISIBLE,0.12,0.35
222,64,car,0.5274,258.07,302.94,421.78,432.06,339.93,367.5,163.7,129.13,21138.57,1.27,Horizontal Oblong,Brown,"(17, 67, 129)","(44.31, 5.0, 8.0)",9.43,64,VISIBLE,0.02,-0.01
222,63,car,0.4429,1019.48,250.88,1133.11,309.82,1076.29,280.35,113.63,58.94,6697.82,1.93,Horizontal Oblong,Grey,"(104, 48, 100)","(36.86, 1.0, -3.0)",3.16,63,VISIBLE,0.26,0.22
222,81,car,0.3553,964.33,185.65,1008.74,216.55,986.53,201.1,44.41,30.9,1372.35,1.44,Horizontal Oblong,Black,"(100, 46, 54)","(18.82, 0.0, -2.0)",2.0,81,VISIBLE,-0.94,0.0
222,70,car,0.4502,1090.93,268.38,1270.07,351.96,1180.5,310.17,179.15,83.59,14974.67,2.14,Horizontal Oblong,Black,"(106, 58, 44)","(14.9, 1.0, -2.0)",2.24,70,VISIBLE,0.2,0.23
222,69,car,0.4613,61.81,242.0,195.38,312.23,128.6,277.12,133.57,70.23,9380.79,1.9,Horizontal Oblong,Grey,"(101, 45, 112)","(43.53, -2.0, -6.0)",6.32,69,VISIBLE,-0.65,0.21
222,56,car,0.4422,224.22,248.91,339.81,332.82,282.02,290.87,115.58,83.91,9698.48,1.38,Horizontal Oblong,Grey,"(102, 38, 120)","(47.45, -1.0, -5.0)",5.1,56,VISIBLE,-0.1,0.15
222,84,bus,0.342,506.48,132.95,546.98,164.1,526.73,148.53,40.51,31.15,1261.7,1.3,Horizontal Oblong,Grey,"(50, 34, 80)","(29.02, 2.0, 1.0)",2.24,84,VISIBLE,-0.02,0.14
222,73,car,0.3378,200.13,224.12,297.84,295.49,248.99,259.8,97.71,71.38,6974.75,1.37,Horizontal Oblong,Grey,"(100, 57, 109)","(41.18, -3.0, -6.0)",6.71,73,VISIBLE,-0.05,0.18
222,79,car,0.3348,170.26,158.42,255.17,185.91,212.72,172.16,84.9,27.49,2334.18,3.09,Horizontal Oblong,Black,"(104, 72, 37)","(12.16, -1.0, -5.0)",5.1,79,VISIBLE,-0.17,0.11
222,78,car,0.2336,695.33,228.25,772.75,278.64,734.04,253.44,77.42,50.39,3901.18,1.54,Horizontal Oblong,Grey,"(104, 23, 123)","(49.8, -1.0, -3.0)",3.16,78,VISIBLE,-0.07,-0.14
222,83,car,0.4294,85.91,166.15,196.69,201.8,141.3,183.97,110.78,35.65,3949.16,3.11,Horizontal Oblong,Black,"(103, 60, 59)","(21.57, -2.0, -5.0)",5.39,83,VISIBLE,-0.03,0.24
222,60,car,0.2661,886.16,257.21,1027.44,363.8,956.8,310.5,141.28,106.59,15059.25,1.33,Horizontal Oblong,Black,"(19, 61, 57)","(20.39, 2.0, 2.0)",2.83,60,VISIBLE,-0.03,0.34
222,85,person,0.6588,159.24,177.87,176.25,220.49,167.74,199.18,17.01,42.61,724.92,0.4,Vertical Oblong,Black,"(115, 64, 28)","(7.06, 2.0, -4.0)",4.47,85,VISIBLE,-0.43,0.28
222,72,car,0.3328,345.08,259.41,473.68,379.28,409.38,319.35,128.59,119.87,15414.03,1.07,Spherical / Regular,Grey,"(103, 68, 77)","(27.45, 0.0, -2.0)",2.0,72,VISIBLE,-0.04,0.2
222,89,car,0.1893,1157.42,171.85,1223.74,193.63,1190.58,182.74,66.31,21.79,1444.75,3.04,Horizontal Oblong,Black,"(100, 37, 57)","(21.96, -1.0, -3.0)",3.16,89,VISIBLE,0.03,0.18
222,68,car,0.1903,792.75,212.84,857.58,270.64,825.16,241.74,64.83,57.8,3747.11,1.12,Spherical / Regular,Grey,"(114, 64, 77)","(23.53, 7.0, 4.0)",8.06,68,VISIBLE,0.01,0.11
222,71,car,0.2942,406.51,248.17,497.87,333.93,452.19,291.05,91.36,85.77,7835.76,1.07,Spherical / Regular,Grey,"(102, 38, 95)","(34.51, 1.0, -1.0)",1.41,71,VISIBLE,-0.17,0.12
222,66,car,0.2,864.89,240.74,968.63,319.7,916.76,280.22,103.75,78.96,8191.9,1.31,Horizontal Oblong,Grey,"(16, 36, 90)","(34.51, 2.0, 4.0)",4.47,66,VISIBLE,0.0,0.08
222,74,car,0.189,274.11,201.6,338.78,249.98,306.44,225.79,64.67,48.38,3128.74,1.34,Horizontal Oblong,Grey,"(102, 37, 123)","(48.24, -2.0, -5.0)",5.39,74,VISIBLE,-0.38,0.2
222,80,car,0.1534,1214.81,313.04,1280.0,453.37,1247.4,383.21,65.19,140.33,9148.58,0.46,Vertical Oblong,Black,"(106, 67, 42)","(12.94, 0.0, -2.0)",2.0,80,VISIBLE,-0.32,-0.36
222,61,car,0.2869,0.0,344.86,71.31,440.08,35.66,392.47,71.31,95.23,6790.91,0.75,Vertical Oblong,Black,"(54, 29, 53)","(20.39, 1.0, 1.0)",1.41,61,VISIBLE,-0.07,-0.03
222,90,car,0.2138,967.63,226.68,1062.18,283.58,1014.9,255.13,94.55,56.9,5379.74,1.66,Horizontal Oblong,Grey,"(102, 40, 103)","(40.0, 0.0, -3.0)",3.0,90,VISIBLE,0.16,0.09
222,92,car,0.1649,677.53,206.81,742.61,247.21,710.07,227.01,65.09,40.41,2629.88,1.61,Horizontal Oblong,Black,"(114, 55, 68)","(20.78, 3.0, -1.0)",3.16,92,VISIBLE,0.01,-0.35
222,94,truck,0.1798,797.24,135.6,832.77,166.92,815.0,151.26,35.53,31.33,1113.05,1.13,Spherical / Regular,Grey,"(16, 43, 81)","(32.16, 2.0, 4.0)",4.47,94,VISIBLE,-0.11,0.1
222,95,car,0.3322,512.4,266.56,656.47,374.23,584.44,320.4,144.07,107.68,15513.63,1.34,Horizontal Oblong,Black,"(110, 58, 50)","(16.08, 2.0, -4.0)",4.47,95,VISIBLE,0.25,0.31
222,96,car,0.1972,324.48,218.12,407.46,284.82,365.97,251.47,82.99,66.71,5535.75,1.24,Spherical / Regular,Grey,"(102, 47, 102)","(38.04, -1.0, -5.0)",5.1,96,VISIBLE,0.05,0.94
222,97,person,0.3181,1190.2,183.74,1204.6,216.19,1197.4,199.97,14.4,32.45,467.29,0.44,Vertical Oblong,Black,"(143, 36, 26)","(7.45, 2.0, -2.0)",2.83,97,VISIBLE,0.23,0.14
222,93,car,0.1626,871.91,198.07,932.21,237.24,902.06,217.65,60.3,39.17,2362.1,1.54,Horizontal Oblong,Black,"(104, 51, 58)","(20.2, 1.0, -2.0)",2.24,99,VISIBLE,-0.22,0.12
223,3,car,0.4464,594.49,247.63,761.64,330.61,678.07,289.12,167.15,82.99,13870.95,2.01,Horizontal Oblong,Grey,"(100, 22, 116)","(48.24, -2.0, -3.0)",3.61,34,VISIBLE,1.56,-0.01
223,33,car,0.2284,823.55,225.14,905.42,294.42,864.49,259.78,81.88,69.28,5672.68,1.18,Spherical / Regular,Grey,"(103, 39, 108)","(39.8, 1.0, 0.0)",1.0,40,VISIBLE,0.09,0.29
223,39,car,0.51,1185.92,452.14,1280.0,705.16,1232.96,578.65,94.08,253.02,23804.85,0.37,Vertical Oblong,Grey,"(94, 22, 74)","(30.59, -1.0, -1.0)",1.41,39,VISIBLE,0.29,0.19
223,48,person,0.7661,9.78,193.9,29.62,247.77,19.7,220.83,19.84,53.87,1068.74,0.37,Vertical Oblong,Black,"(105, 67, 23)","(5.88, 0.0, -2.0)",2.0,87,VISIBLE,-0.76,0.17
223,62,car,0.7426,1215.7,206.39,1280.0,248.25,1247.85,227.32,64.3,41.85,2691.15,1.54,Horizontal Oblong,Grey,"(92, 29, 113)","(45.88, -1.0, 0.0)",1.0,62,VISIBLE,0.03,0.14
223,75,person,0.7313,1022.73,81.0,1062.32,117.22,1042.52,99.11,39.59,36.22,1433.97,1.09,Spherical / Regular,Grey,"(106, 29, 110)","(43.92, -1.0, -5.0)",5.1,75,VISIBLE,-0.26,0.16
223,86,car,0.6204,1043.94,193.3,1097.97,226.94,1070.95,210.12,54.03,33.64,1817.71,1.61,Horizontal Oblong,Grey,"(99, 29, 124)","(49.02, -2.0, -2.0)",2.83,86,VISIBLE,-1.05,-0.04
223,53,car,0.5568,847.71,601.42,1279.48,720.0,1063.59,660.71,431.78,118.58,51199.86,3.64,Horizontal Oblong,Grey,"(90, 26, 117)","(46.27, -1.0, 0.0)",1.0,53,VISIBLE,0.09,0.84
223,54,car,0.6698,0.01,430.56,191.44,717.3,95.73,573.93,191.43,286.74,54889.93,0.67,Vertical Oblong,Grey,"(103, 34, 111)","(43.53, -1.0, -4.0)",4.12,54,VISIBLE,-0.09,0.2
223,57,car,0.5362,723.53,413.26,1010.48,649.08,867.01,531.17,286.95,235.81,67666.81,1.22,Spherical / Regular,Grey,"(98, 59, 86)","(30.59, 1.0, -2.0)",2.24,57,VISIBLE,0.18,0.4
223,76,truck,0.5742,834.89,149.93,913.37,222.18,874.13,186.05,78.48,72.25,5669.96,1.09,Spherical / Regular,Orange,"(16, 106, 96)","(33.73, 5.0, 16.0)",16.76,76,VISIBLE,-0.01,0.15
223,41,car,0.5153,730.48,280.37,867.61,389.27,799.05,334.82,137.14,108.89,14932.98,1.26,Horizontal Oblong,Grey,"(21, 17, 155)","(62.35, 0.0, 1.0)",1.0,82,VISIBLE,-0.03,0.07
223,67,car,0.5398,954.79,305.02,1121.99,430.44,1038.39,367.73,167.2,125.43,20970.94,1.33,Horizontal Oblong,Orange,"(17, 118, 150)","(49.8, 8.0, 19.0)",20.62,67,VISIBLE,0.11,0.19
223,58,car,0.5811,467.42,337.27,891.97,506.49,679.7,421.88,424.56,169.23,71847.57,2.51,Horizontal Oblong,Grey,"(84, 139, 61)","(22.35, -9.0, 1.0)",9.06,58,VISIBLE,0.88,0.16
223,52,car,0.6676,194.89,623.75,630.83,720.0,412.86,671.88,435.94,96.25,41956.82,4.53,Horizontal Oblong,Grey,"(90, 15, 187)","(74.9, -1.0, 0.0)",1.0,52,VISIBLE,0.07,0.34
223,51,car,0.5586,53.74,292.62,229.1,407.81,141.42,350.22,175.35,115.2,20200.08,1.52,Horizontal Oblong,Grey,"(101, 34, 125)","(49.8, -2.0, -5.0)",5.39,51,VISIBLE,-0.25,0.17
223,55,car,0.4519,122.39,344.57,359.63,528.23,241.01,436.4,237.25,183.66,43571.92,1.29,Horizontal Oblong,Black,"(106, 64, 49)","(16.08, 2.0, 1.0)",2.24,55,VISIBLE,-0.13,0.3
223,59,car,0.5592,-0.0,280.55,82.12,375.04,41.06,327.79,82.12,94.49,7759.77,0.87,Spherical / Regular,Grey,"(93, 19, 70)","(27.45, 0.0, 0.0)",0.0,59,VISIBLE,-0.24,0.24
223,65,car,0.5393,321.77,433.79,602.69,671.31,462.23,552.55,280.92,237.52,66724.65,1.18,Spherical / Regular,Black,"(113, 48, 65)","(20.0, 1.0, -3.0)",3.16,65,VISIBLE,-0.05,-0.17
223,50,car,0.5358,1037.6,346.02,1280.0,541.83,1158.8,443.92,242.4,195.81,47465.12,1.24,Spherical / Regular,Black,"(108, 53, 45)","(14.9, 2.0, 0.0)",2.0,50,VISIBLE,0.12,0.3
223,64,car,0.5291,258.13,303.13,421.86,432.25,340.0,367.69,163.74,129.12,21142.05,1.27,Horizontal Oblong,Brown,"(17, 67, 130)","(44.31, 5.0, 8.0)",9.43,64,VISIBLE,0.05,0.13
223,63,car,0.4457,1019.99,251.06,1133.32,309.97,1076.66,280.51,113.33,58.91,6676.11,1.92,Horizontal Oblong,Grey,"(104, 49, 100)","(36.47, 1.0, -3.0)",3.16,63,VISIBLE,0.33,0.18
223,81,car,0.3362,963.58,185.75,1007.71,216.48,985.65,201.12,44.13,30.73,1356.2,1.44,Horizontal Oblong,Black,"(100, 45, 55)","(19.02, 0.0, -2.0)",2.0,81,VISIBLE,-0.91,0.01
223,70,car,0.4672,1091.17,268.52,1270.07,351.84,1180.62,310.18,178.91,83.32,14906.69,2.15,Horizontal Oblong,Black,"(106, 57, 45)","(14.9, 1.0, -2.0)",2.24,70,VISIBLE,0.15,0.08
223,69,car,0.4787,61.12,242.07,194.67,312.54,127.89,277.31,133.55,70.47,9411.24,1.9,Horizontal Oblong,Grey,"(100, 46, 112)","(43.14, -2.0, -6.0)",6.32,69,VISIBLE,-0.69,0.2
223,56,car,0.4361,224.05,249.13,339.69,332.99,281.87,291.06,115.65,83.87,9698.93,1.38,Horizontal Oblong,Grey,"(102, 37, 120)","(47.06, -1.0, -5.0)",5.1,56,VISIBLE,-0.13,0.18
223,84,bus,0.3499,506.43,133.0,546.97,164.28,526.7,148.64,40.53,31.28,1267.75,1.3,Horizontal Oblong,Grey,"(50, 35, 77)","(27.84, 2.0, 1.0)",2.24,84,VISIBLE,-0.03,0.12
223,73,car,0.3329,200.0,224.28,297.78,295.65,248.89,259.97,97.78,71.37,6978.93,1.37,Horizontal Oblong,Grey,"(100, 57, 109)","(41.18, -3.0, -6.0)",6.71,73,VISIBLE,-0.08,0.17
223,79,car,0.3368,170.29,158.48,254.87,186.0,212.58,172.24,84.58,27.53,2328.21,3.07,Horizontal Oblong,Black,"(104, 68, 35)","(11.37, -1.0, -4.0)",4.12,79,VISIBLE,-0.15,0.09
223,78,car,0.2523,695.97,228.26,772.78,278.99,734.38,253.63,76.81,50.74,3896.82,1.51,Horizontal Oblong,Grey,"(106, 26, 123)","(49.61, -1.0, -4.0)",4.12,78,VISIBLE,0.21,0.09
223,83,car,0.4095,85.61,166.56,196.61,202.05,141.11,184.31,111.0,35.49,3939.43,3.13,Horizontal Oblong,Black,"(103, 59, 59)","(21.57, -2.0, -5.0)",5.39,83,VISIBLE,-0.14,0.3
223,60,car,0.2803,886.13,257.39,1027.41,364.21,956.77,310.8,141.28,106.82,15090.64,1.32,Horizontal Oblong,Black,"(22, 60, 57)","(20.39, 2.0, 2.0)",2.83,60,VISIBLE,-0.03,0.31
223,85,person,0.6525,159.06,178.11,175.37,220.84,167.21,199.47,16.31,42.73,696.84,0.38,Vertical Oblong,Black,"(115, 64, 28)","(7.06, 2.0, -4.0)",4.47,85,VISIBLE,-0.5,0.29
223,72,car,0.3355,344.96,259.61,473.68,379.45,409.32,319.53,128.72,119.84,15426.12,1.07,Spherical / Regular,Grey,"(103, 68, 78)","(27.84, 1.0, -2.0)",2.24,72,VISIBLE,-0.05,0.19
223,89,car,0.1817,1157.97,171.95,1223.56,193.81,1190.77,182.88,65.59,21.86,1433.4,3.0,Horizontal Oblong,Grey,"(105, 36, 57)","(22.35, -1.0, -3.0)",3.16,89,VISIBLE,0.14,0.15
223,68,car,0.1903,792.8,212.94,857.54,270.78,825.17,241.86,64.74,57.83,3744.17,1.12,Spherical / Regular,Grey,"(115, 63, 77)","(23.14, 7.0, 4.0)",8.06,68,VISIBLE,0.01,0.12
223,71,car,0.2962,406.27,248.31,497.81,334.04,452.04,291.18,91.54,85.73,7847.84,1.07,Spherical / Regular,Grey,"(100, 37, 95)","(34.9, 1.0, 0.0)",1.0,71,VISIBLE,-0.16,0.12
223,66,car,0.1993,864.8,240.79,968.67,319.62,916.73,280.2,103.86,78.83,8188.03,1.32,Horizontal Oblong,Grey,"(16, 36, 90)","(34.51, 2.0, 4.0)",4.47,66,VISIBLE,-0.02,0.01
223,74,car,0.1861,273.74,201.84,338.69,250.16,306.22,226.0,64.95,48.32,3138.43,1.34,Horizontal Oblong,Grey,"(101, 35, 123)","(48.24, -2.0, -5.0)",5.39,74,VISIBLE,-0.27,0.21
223,80,car,0.1528,1214.21,313.96,1280.0,451.83,1247.1,382.9,65.79,137.87,9070.41,0.48,Vertical Oblong,Black,"(106, 58, 42)","(12.94, 0.0, -2.0)",2.0,80,VISIBLE,-0.31,-0.33
223,61,car,0.289,0.0,344.92,71.22,440.07,35.61,392.5,71.22,95.15,6776.5,0.75,Vertical Oblong,Black,"(60, 30, 54)","(20.78, 1.0, 1.0)",1.41,61,VISIBLE,-0.05,0.01
223,90,car,0.2231,967.73,226.78,1062.29,283.81,1015.01,255.29,94.56,57.04,5393.27,1.66,Horizontal Oblong,Grey,"(102, 40, 103)","(39.8, 0.0, -3.0)",3.0,90,VISIBLE,0.12,0.14
223,92,car,0.1649,677.42,206.8,742.7,246.51,710.06,226.66,65.28,39.71,2592.55,1.64,Horizontal Oblong,Black,"(114, 55, 64)","(20.78, 3.0, 0.0)",3.0,92,VISIBLE,-0.01,-0.35
223,94,truck,0.1798,797.16,135.75,832.6,166.97,814.88,151.36,35.44,31.22,1106.44,1.14,Spherical / Regular,Grey,"(15, 42, 81)","(32.16, 2.0, 4.0)",4.47,94,VISIBLE,-0.12,0.1
223,95,car,0.3242,512.53,266.67,656.89,374.61,584.71,320.64,144.37,107.95,15584.1,1.34,Horizontal Oblong,Black,"(113, 57, 50)","(16.47, 2.0, -4.0)",4.47,95,VISIBLE,0.27,0.26
223,96,car,0.1879,324.46,218.26,407.66,286.76,366.06,252.51,83.2,68.49,5698.9,1.21,Spherical / Regular,Grey,"(102, 45, 104)","(38.82, -1.0, -5.0)",5.1,96,VISIBLE,0.08,1.01
223,97,person,0.247,1190.46,183.97,1204.87,216.24,1197.67,200.1,14.42,32.27,465.17,0.45,Vertical Oblong,Black,"(143, 36, 26)","(7.25, 2.0, -2.0)",2.83,97,VISIBLE,0.25,0.14
224,3,car,0.4294,599.55,248.02,762.88,330.73,681.22,289.37,163.33,82.71,13508.89,1.97,Horizontal Oblong,Grey,"(100, 22, 117)","(48.24, -2.0, -3.0)",3.61,34,VISIBLE,2.67,0.17
224,33,car,0.2414,823.48,225.34,905.5,294.58,864.49,259.96,82.02,69.24,5678.79,1.18,Spherical / Regular,Grey,"(95, 40, 108)","(39.61, 1.0, 0.0)",1.0,40,VISIBLE,0.03,0.21
224,39,car,0.53,1186.54,451.73,1280.0,705.75,1233.27,578.74,93.46,254.02,23740.95,0.37,Vertical Oblong,Grey,"(94, 22, 74)","(30.59, -1.0, -1.0)",1.41,39,VISIBLE,0.3,0.12
224,48,person,0.7578,9.14,193.97,28.84,247.76,18.99,220.86,19.69,53.78,1059.21,0.37,Vertical Oblong,Black,"(105, 73, 23)","(5.88, -2.0, -2.0)",2.83,87,VISIBLE,-0.72,0.07
224,62,car,0.749,1215.8,206.5,1280.0,248.36,1247.9,227.43,64.21,41.86,2687.61,1.53,Horizontal Oblong,Grey,"(90, 29, 113)","(45.88, -1.0, 0.0)",1.0,62,VISIBLE,0.04,0.12
224,75,person,0.7333,1022.75,81.18,1062.16,117.36,1042.46,99.27,39.42,36.17,1425.84,1.09,Spherical / Regular,Grey,"(106, 30, 108)","(43.14, -1.0, -5.0)",5.1,75,VISIBLE,-0.13,0.16
224,86,car,0.6244,1043.02,193.17,1096.83,226.9,1069.92,210.03,53.81,33.73,1815.13,1.6,Horizontal Oblong,Grey,"(95, 28, 123)","(48.63, -2.0, -2.0)",2.83,86,VISIBLE,-1.03,-0.07
224,53,car,0.592,848.01,603.49,1279.47,720.0,1063.74,661.75,431.46,116.51,50267.22,3.7,Horizontal Oblong,Grey,"(94, 26, 116)","(46.27, -1.0, -1.0)",1.41,53,VISIBLE,0.13,0.98
224,54,car,0.6593,0.01,430.82,191.31,717.4,95.66,574.11,191.3,286.58,54822.3,0.67,Vertical Oblong,Grey,"(103, 34, 111)","(43.53, -1.0, -4.0)",4.12,54,VISIBLE,-0.07,0.18
224,57,car,0.5481,723.58,413.53,1010.59,649.4,867.08,531.47,287.01,235.87,67696.95,1.22,Spherical / Regular,Grey,"(98, 59, 85)","(30.2, 1.0, -1.0)",1.41,57,VISIBLE,0.11,0.33
224,76,truck,0.5775,834.98,150.06,913.3,222.39,874.14,186.23,78.32,72.33,5665.15,1.08,Spherical / Regular,Orange,"(16, 107, 96)","(33.73, 5.0, 16.0)",16.76,76,VISIBLE,0.0,0.16
224,41,car,0.5287,730.48,280.85,867.67,389.31,799.08,335.08,137.19,108.46,14879.5,1.26,Horizontal Oblong,Grey,"(30, 17, 155)","(62.35, 0.0, 1.0)",1.0,82,VISIBLE,0.01,0.2
224,67,car,0.5466,954.87,305.25,1122.19,430.62,1038.53,367.93,167.32,125.37,20977.48,1.33,Horizontal Oblong,Orange,"(18, 119, 149)","(49.41, 7.0, 19.0)",20.25,67,VISIBLE,0.13,0.2
224,58,car,0.5942,468.26,337.39,892.76,506.62,680.51,422.0,424.5,169.23,71839.36,2.51,Horizontal Oblong,Grey,"(84, 141, 61)","(22.35, -9.0, 1.0)",9.06,58,VISIBLE,0.84,0.14
224,52,car,0.6683,194.77,624.07,630.88,720.0,412.83,672.04,436.1,95.93,41834.74,4.55,Horizontal Oblong,Grey,"(90, 15, 186)","(74.51, -1.0, 0.0)",1.0,52,VISIBLE,-0.0,0.21
224,51,car,0.5571,53.56,292.76,229.06,408.19,141.31,350.48,175.51,115.44,20259.63,1.52,Horizontal Oblong,Grey,"(101, 34, 125)","(49.8, -2.0, -5.0)",5.39,51,VISIBLE,-0.15,0.23
224,55,car,0.4689,122.13,344.98,359.6,528.41,240.87,436.7,237.46,183.43,43558.57,1.29,Horizontal Oblong,Black,"(104, 65, 48)","(16.08, 2.0, 1.0)",2.24,55,VISIBLE,-0.14,0.3
224,59,car,0.5675,0.0,280.96,81.73,375.32,40.87,328.14,81.73,94.36,7712.35,0.87,Spherical / Regular,Grey,"(90, 19, 69)","(27.06, 0.0, 0.0)",0.0,59,VISIBLE,-0.21,0.31
224,65,car,0.4821,321.63,434.12,602.9,671.56,462.27,552.84,281.27,237.43,66783.67,1.18,Spherical / Regular,Black,"(109, 46, 63)","(19.61, 1.0, -3.0)",3.16,65,VISIBLE,0.01,0.15
224,50,car,0.5165,1037.81,346.25,1280.0,542.09,1158.91,444.17,242.19,195.84,47429.41,1.24,Spherical / Regular,Black,"(108, 53, 44)","(14.9, 2.0, 0.0)",2.0,50,VISIBLE,0.11,0.26
224,64,car,0.5343,258.2,303.8,421.76,432.48,339.98,368.14,163.56,128.68,21045.62,1.27,Horizontal Oblong,Brown,"(17, 67, 130)","(44.31, 4.0, 9.0)",9.85,64,VISIBLE,0.01,0.35
224,63,car,0.4623,1020.4,251.25,1133.57,310.03,1076.98,280.64,113.17,58.78,6651.78,1.93,Horizontal Oblong,Grey,"(103, 48, 98)","(35.29, 1.0, -3.0)",3.16,63,VISIBLE,0.33,0.14
224,81,car,0.3143,962.92,185.91,1006.8,216.38,984.86,201.15,43.89,30.47,1336.99,1.44,Horizontal Oblong,Black,"(100, 48, 54)","(19.41, 0.0, -2.0)",2.0,81,VISIBLE,-0.82,0.02
224,70,car,0.4776,1091.39,268.72,1270.18,351.77,1180.79,310.24,178.79,83.05,14848.14,2.15,Horizontal Oblong,Black,"(106, 57, 45)","(14.9, 1.0, -2.0)",2.24,70,VISIBLE,0.16,0.07
224,69,car,0.4778,60.58,242.24,194.21,312.85,127.4,277.55,133.63,70.61,9436.29,1.89,Horizontal Oblong,Grey,"(100, 45, 113)","(43.53, -2.0, -5.0)",5.39,69,VISIBLE,-0.56,0.23
224,56,car,0.4253,223.92,249.33,339.6,333.26,281.76,291.29,115.67,83.92,9707.57,1.38,Horizontal Oblong,Grey,"(100, 39, 119)","(47.45, -2.0, -5.0)",5.39,56,VISIBLE,-0.12,0.22
224,84,bus,0.3585,506.4,133.2,546.9,164.49,526.65,148.85,40.51,31.29,1267.34,1.29,Horizontal Oblong,Grey,"(50, 33, 77)","(27.84, 2.0, 1.0)",2.24,84,VISIBLE,-0.04,0.18
224,73,car,0.3279,199.91,224.44,297.81,295.86,248.86,260.15,97.91,71.42,6993.11,1.37,Horizontal Oblong,Grey,"(99, 58, 108)","(41.18, -4.0, -6.0)",7.21,73,VISIBLE,-0.05,0.18
224,79,car,0.334,170.24,158.55,254.62,186.05,212.43,172.3,84.37,27.51,2320.83,3.07,Horizontal Oblong,Black,"(104, 70, 35)","(11.37, -1.0, -4.0)",4.12,79,VISIBLE,-0.15,0.07
224,78,car,0.263,696.72,228.3,772.93,279.71,734.83,254.01,76.21,51.42,3918.41,1.48,Horizontal Oblong,Grey,"(102, 28, 126)","(49.8, -1.0, -4.0)",4.12,78,VISIBLE,0.38,0.29
224,83,car,0.4196,85.34,166.96,196.68,202.33,141.01,184.64,111.34,35.37,3937.93,3.15,Horizontal Oblong,Black,"(102, 59, 58)","(21.37, -2.0, -5.0)",5.39,83,VISIBLE,-0.11,0.33
224,60,car,0.2862,885.92,257.65,1027.41,364.53,956.66,311.09,141.49,106.88,15122.62,1.32,Horizontal Oblong,Black,"(21, 61, 57)","(20.39, 2.0, 2.0)",2.83,60,VISIBLE,-0.08,0.3
224,85,person,0.6397,158.94,178.3,174.47,221.07,166.71,199.69,15.53,42.77,664.12,0.36,Vertical Oblong,Black,"(115, 64, 27)","(7.06, 2.0, -4.0)",4.47,85,VISIBLE,-0.51,0.23
224,72,car,0.3291,344.79,259.83,473.68,379.65,409.24,319.74,128.88,119.83,15443.51,1.08,Spherical / Regular,Grey,"(102, 67, 77)","(27.84, 0.0, -2.0)",2.0,72,VISIBLE,-0.08,0.2
224,89,car,0.1775,1158.32,172.07,1222.85,193.99,1190.58,183.03,64.54,21.92,1414.81,2.94,Horizontal Oblong,Black,"(105, 36, 57)","(21.96, -1.0, -3.0)",3.16,89,VISIBLE,-0.08,0.15
224,68,car,0.1557,792.32,213.35,857.62,270.95,824.97,242.15,65.3,57.6,3761.27,1.13,Spherical / Regular,Grey,"(106, 64, 77)","(23.92, 7.0, 4.0)",8.06,68,VISIBLE,-0.14,0.24
224,71,car,0.2951,406.06,248.49,497.75,334.19,451.9,291.34,91.69,85.7,7857.83,1.07,Spherical / Regular,Grey,"(100, 38, 95)","(34.9, 1.0, 0.0)",1.0,71,VISIBLE,-0.14,0.15
224,66,car,0.1941,864.79,240.89,968.72,319.52,916.75,280.2,103.94,78.63,8172.1,1.32,Horizontal Oblong,Grey,"(18, 36, 89)","(34.51, 2.0, 4.0)",4.47,66,VISIBLE,0.01,0.0
224,74,car,0.1826,273.29,202.07,338.48,250.27,305.89,226.17,65.18,48.19,3141.51,1.35,Horizontal Oblong,Grey,"(100, 35, 126)","(49.8, -2.0, -5.0)",5.39,74,VISIBLE,-0.31,0.18
224,80,car,0.1528,1214.12,314.33,1280.0,451.57,1247.06,382.95,65.88,137.24,9040.65,0.48,Vertical Oblong,Black,"(106, 64, 43)","(12.94, 0.0, -2.0)",2.0,80,VISIBLE,-0.12,-0.06
224,61,car,0.2912,0.0,344.88,71.0,440.17,35.5,392.53,71.0,95.29,6765.04,0.75,Vertical Oblong,Black,"(54, 30, 54)","(20.39, 1.0, 1.0)",1.41,61,VISIBLE,-0.09,0.02
224,90,car,0.227,967.92,226.83,1062.43,284.0,1015.17,255.42,94.51,57.17,5403.52,1.65,Horizontal Oblong,Grey,"(101, 40, 100)","(39.22, -1.0, -2.0)",2.24,90,VISIBLE,0.15,0.13
224,94,truck,0.1798,797.09,135.9,832.43,167.02,814.76,151.46,35.35,31.12,1099.86,1.14,Spherical / Regular,Grey,"(15, 39, 81)","(32.16, 2.0, 4.0)",4.47,94,VISIBLE,-0.12,0.1
224,95,car,0.3353,512.67,266.81,656.82,374.9,584.75,320.86,144.15,108.09,15581.22,1.33,Horizontal Oblong,Black,"(110, 57, 50)","(16.08, 2.0, -4.0)",4.47,95,VISIBLE,0.1,0.23
224,96,car,0.1798,324.45,217.93,407.76,287.72,366.1,252.83,83.31,69.79,5814.07,1.19,Spherical / Regular,Grey,"(102, 45, 104)","(38.82, -1.0, -5.0)",5.1,96,VISIBLE,0.06,0.52
224,97,person,0.2774,1191.23,183.74,1206.02,217.01,1198.63,200.37,14.79,33.27,491.86,0.44,Vertical Oblong,Black,"(130, 27, 21)","(5.88, 0.0, -1.0)",1.0,97,VISIBLE,0.75,0.23
225,3,car,0.3936,604.46,248.37,765.25,331.02,684.85,289.7,160.79,82.65,13289.47,1.95,Horizontal Oblong,Grey,"(100, 23, 115)","(47.45, -2.0, -3.0)",3.61,34,VISIBLE,3.35,0.28
225,33,car,0.2152,823.39,225.44,905.71,294.71,864.55,260.08,82.32,69.27,5701.8,1.19,Spherical / Regular,Grey,"(100, 39, 109)","(39.8, 1.0, 0.0)",1.0,40,VISIBLE,0.05,0.14
225,39,car,0.5179,1187.0,452.1,1280.0,705.97,1233.5,579.04,93.0,253.88,23610.94,0.37,Vertical Oblong,Grey,"(94, 22, 74)","(30.59, -1.0, -1.0)",1.41,39,VISIBLE,0.25,0.24
225,48,person,0.7677,8.5,193.96,28.19,247.84,18.34,220.9,19.69,53.88,1061.0,0.37,Vertical Oblong,Black,"(105, 70, 23)","(5.88, 0.0, -2.0)",2.0,87,VISIBLE,-0.67,0.05
225,62,car,0.7371,1215.81,206.6,1280.0,248.46,1247.9,227.53,64.19,41.87,2687.53,1.53,Horizontal Oblong,Grey,"(93, 28, 114)","(45.88, -1.0, 0.0)",1.0,62,VISIBLE,0.02,0.11
225,75,person,0.7343,1022.78,81.3,1062.38,117.51,1042.58,99.4,39.61,36.21,1433.97,1.09,Spherical / Regular,Grey,"(105, 29, 108)","(43.14, -1.0, -4.0)",4.12,75,VISIBLE,0.05,0.14
225,86,car,0.6258,1042.06,192.83,1095.91,226.69,1068.99,209.76,53.84,33.86,1822.95,1.59,Horizontal Oblong,Grey,"(99, 30, 120)","(47.45, -2.0, -2.0)",2.83,86,VISIBLE,-0.97,-0.21
225,53,car,0.5684,848.07,604.83,1279.59,720.0,1063.83,662.41,431.52,115.17,49699.12,3.75,Horizontal Oblong,Grey,"(99, 26, 116)","(45.88, -1.0, -1.0)",1.41,53,VISIBLE,0.1,0.76
225,54,car,0.661,0.01,431.08,191.11,717.51,95.56,574.29,191.09,286.43,54735.69,0.67,Vertical Oblong,Grey,"(103, 34, 111)","(43.53, -1.0, -4.0)",4.12,54,VISIBLE,-0.09,0.18
225,57,car,0.5338,723.67,413.7,1010.76,649.7,867.22,531.7,287.09,236.0,67752.08,1.22,Spherical / Regular,Grey,"(98, 58, 86)","(30.98, 1.0, -2.0)",2.24,57,VISIBLE,0.12,0.26
225,76,truck,0.5742,835.03,150.09,913.41,222.49,874.22,186.29,78.38,72.4,5675.29,1.08,Spherical / Regular,Orange,"(16, 107, 95)","(33.33, 5.0, 15.0)",15.81,76,VISIBLE,0.06,0.09
225,41,car,0.4717,730.61,281.53,867.81,389.47,799.21,335.5,137.2,107.94,14809.24,1.27,Horizontal Oblong,Grey,"(21, 18, 156)","(61.96, 0.0, 2.0)",2.0,82,VISIBLE,0.1,0.36
225,67,car,0.5317,955.01,305.52,1122.64,430.8,1038.83,368.16,167.63,125.28,21001.3,1.34,Horizontal Oblong,Orange,"(18, 113, 149)","(49.41, 7.0, 18.0)",19.31,67,VISIBLE,0.25,0.22
225,58,car,0.5742,469.47,337.55,893.24,506.61,681.36,422.08,423.77,169.07,71645.22,2.51,Horizontal Oblong,Grey,"(84, 138, 62)","(22.35, -9.0, 0.0)",9.0,58,VISIBLE,0.84,0.09
225,52,car,0.6536,194.53,624.49,630.99,720.0,412.76,672.24,436.45,95.51,41687.11,4.57,Horizontal Oblong,Grey,"(90, 15, 187)","(74.51, -1.0, 0.0)",1.0,52,VISIBLE,-0.05,0.21
225,51,car,0.518,53.7,292.86,228.96,408.82,141.33,350.84,175.26,115.96,20322.38,1.51,Horizontal Oblong,Grey,"(101, 35, 126)","(50.2, -2.0, -5.0)",5.39,51,VISIBLE,-0.03,0.33
225,55,car,0.4972,121.72,345.28,359.41,528.68,240.56,436.98,237.69,183.4,43591.96,1.3,Horizontal Oblong,Black,"(105, 65, 49)","(16.08, 2.0, 1.0)",2.24,55,VISIBLE,-0.25,0.29
225,59,car,0.5569,0.01,281.24,81.57,375.75,40.79,328.5,81.56,94.51,7708.88,0.86,Spherical / Regular,Grey,"(100, 21, 70)","(27.06, 1.0, -1.0)",1.41,59,VISIBLE,-0.11,0.34
225,65,car,0.5341,321.9,434.32,602.74,673.17,462.32,553.74,280.83,238.85,67077.55,1.18,Spherical / Regular,Black,"(113, 47, 62)","(19.61, 1.0, -3.0)",3.16,65,VISIBLE,0.04,0.68
225,50,car,0.4962,1038.06,346.37,1280.0,542.25,1159.03,444.31,241.94,195.88,47390.07,1.24,Spherical / Regular,Black,"(108, 51, 44)","(14.9, 2.0, 0.0)",2.0,50,VISIBLE,0.12,0.18
225,64,car,0.5708,258.31,304.78,421.6,432.56,339.95,368.67,163.29,127.79,20866.47,1.28,Horizontal Oblong,Brown,"(17, 67, 129)","(44.31, 4.0, 9.0)",9.85,64,VISIBLE,-0.02,0.48
225,63,car,0.4643,1020.21,251.43,1133.55,310.14,1076.88,280.78,113.34,58.71,6654.71,1.93,Horizontal Oblong,Grey,"(103, 48, 99)","(35.69, 0.0, -3.0)",3.0,63,VISIBLE,0.03,0.14
225,81,car,0.2685,962.48,185.97,1005.85,216.24,984.17,201.11,43.37,30.27,1312.88,1.43,Horizontal Oblong,Black,"(103, 44, 55)","(18.82, 0.0, -2.0)",2.0,81,VISIBLE,-0.73,-0.02
225,70,car,0.4636,1091.71,268.92,1270.41,352.0,1181.06,310.46,178.7,83.08,14846.47,2.15,Horizontal Oblong,Black,"(105, 57, 45)","(14.9, 1.0, -2.0)",2.24,70,VISIBLE,0.24,0.17
225,69,car,0.4751,60.47,242.53,193.66,313.62,127.07,278.08,133.19,71.08,9467.88,1.87,Horizontal Oblong,Grey,"(100, 43, 113)","(43.92, -2.0, -5.0)",5.39,69,VISIBLE,-0.4,0.44
225,56,car,0.4187,223.91,249.54,339.58,333.61,281.75,291.58,115.67,84.07,9724.29,1.38,Horizontal Oblong,Grey,"(100, 34, 120)","(47.45, -2.0, -4.0)",4.47,56,VISIBLE,-0.05,0.26
225,84,bus,0.3375,506.14,134.18,546.67,164.57,526.41,149.38,40.54,30.39,1231.77,1.33,Horizontal Oblong,Grey,"(50, 31, 70)","(26.47, 1.0, 1.0)",1.41,84,VISIBLE,-0.18,0.42
225,73,car,0.3339,199.67,224.44,297.74,296.28,248.71,260.36,98.07,71.84,7045.06,1.37,Horizontal Oblong,Grey,"(100, 56, 108)","(41.18, -4.0, -6.0)",7.21,73,VISIBLE,-0.12,0.2
225,79,car,0.2943,170.03,158.69,255.39,186.55,212.71,172.62,85.36,27.86,2378.37,3.06,Horizontal Oblong,Black,"(104, 70, 38)","(12.16, -1.0, -4.0)",4.12,79,VISIBLE,0.15,0.24
225,78,car,0.2411,697.7,228.63,773.19,279.54,735.45,254.09,75.49,50.91,3843.16,1.48,Horizontal Oblong,Grey,"(106, 31, 124)","(48.63, -1.0, -4.0)",4.12,78,VISIBLE,0.55,0.14
225,83,car,0.4104,84.56,167.57,196.81,202.54,140.69,185.06,112.25,34.97,3925.27,3.21,Horizontal Oblong,Black,"(103, 57, 58)","(21.18, -2.0, -5.0)",5.39,83,VISIBLE,-0.26,0.39
225,60,car,0.2943,885.58,257.76,1027.24,364.86,956.41,311.31,141.66,107.1,15172.12,1.32,Horizontal Oblong,Black,"(21, 61, 58)","(20.78, 2.0, 2.0)",2.83,60,VISIBLE,-0.2,0.24
225,85,person,0.5461,158.62,178.56,173.44,221.3,166.03,199.93,14.82,42.74,633.3,0.35,Vertical Oblong,Black,"(113, 57, 28)","(7.06, 1.0, -3.5)",3.64,85,VISIBLE,-0.62,0.24
225,72,car,0.309,344.81,260.03,473.72,379.89,409.26,319.96,128.91,119.86,15451.55,1.08,Spherical / Regular,Grey,"(103, 66, 77)","(27.45, 0.0, -2.5)",2.5,72,VISIBLE,-0.0,0.22
225,89,car,0.1775,1158.66,172.17,1222.51,194.19,1190.58,183.18,63.85,22.02,1406.2,2.9,Horizontal Oblong,Grey,"(105, 35, 58)","(22.35, -1.0, -3.0)",3.16,89,VISIBLE,-0.03,0.15
225,68,car,0.1557,792.22,213.54,857.62,271.09,824.92,242.32,65.39,57.56,3763.64,1.14,Spherical / Regular,Grey,"(113, 67, 78)","(23.14, 7.0, 3.0)",7.62,68,VISIBLE,-0.08,0.19
225,71,car,0.2757,405.93,248.75,497.77,334.15,451.85,291.45,91.84,85.4,7843.18,1.08,Spherical / Regular,Grey,"(102, 37, 95)","(34.9, 1.0, -1.0)",1.41,71,VISIBLE,-0.08,0.12
225,66,car,0.2004,864.78,240.97,968.82,319.37,916.8,280.17,104.04,78.4,8157.56,1.33,Horizontal Oblong,Grey,"(17, 34, 88)","(34.12, 2.0, 3.0)",3.61,66,VISIBLE,0.03,-0.02
225,74,car,0.1809,272.8,202.25,338.39,250.36,305.6,226.31,65.59,48.11,3155.44,1.36,Horizontal Oblong,Grey,"(101, 37, 124)","(48.63, -2.0, -5.0)",5.39,74,VISIBLE,-0.3,0.15
225,80,car,0.1528,1214.04,314.69,1280.0,451.3,1247.02,383.0,65.96,136.61,9010.77,0.48,Vertical Oblong,Black,"(107, 67, 43)","(12.94, 0.0, -2.0)",2.0,80,VISIBLE,-0.07,0.01
225,61,car,0.284,0.0,344.8,70.83,440.17,35.42,392.48,70.83,95.37,6755.32,0.74,Vertical Oblong,Black,"(30, 29, 53)","(20.78, 1.0, 1.0)",1.41,61,VISIBLE,-0.09,-0.02
225,90,car,0.2213,967.69,226.89,1062.67,284.08,1015.18,255.48,94.98,57.19,5431.62,1.66,Horizontal Oblong,Grey,"(101, 38, 101)","(39.61, -1.0, -2.0)",2.24,90,VISIBLE,0.05,0.09
225,94,truck,0.1798,797.01,136.05,832.27,167.06,814.64,151.56,35.26,31.01,1093.29,1.14,Spherical / Regular,Grey,"(13, 40, 80)","(32.16, 3.0, 3.0)",4.24,94,VISIBLE,-0.12,0.1
225,95,car,0.3407,512.75,266.84,656.56,375.15,584.66,320.99,143.81,108.31,15575.96,1.33,Horizontal Oblong,Black,"(113, 56, 51)","(16.86, 2.0, -4.0)",4.47,95,VISIBLE,-0.03,0.17
225,96,car,0.1799,324.39,218.31,407.84,287.62,366.12,252.97,83.45,69.31,5784.32,1.2,Spherical / Regular,Grey,"(102, 43, 104)","(40.0, -1.0, -5.0)",5.1,96,VISIBLE,0.02,0.26
225,97,person,0.2668,1191.97,184.12,1207.21,217.58,1199.59,200.85,15.25,33.46,510.19,0.46,Vertical Oblong,Black,"(130, 36, 23)","(5.88, 1.0, -2.0)",2.24,97,VISIBLE,0.9,0.4
225,91,car,0.1599,1129.87,169.86,1173.01,193.7,1151.44,181.78,43.14,23.85,1028.86,1.81,Horizontal Oblong,Grey,"(100, 42, 84)","(33.33, -2.0, -4.0)",4.47,101,VISIBLE,4.16,0.64
226,3,car,0.3495,610.11,248.6,772.38,331.99,691.24,290.3,162.27,83.39,13532.32,1.95,Horizontal Oblong,Grey,"(100, 23, 114)","(47.06, -2.0, -4.0)",4.47,34,VISIBLE,5.48,0.5
226,33,car,0.2173,823.35,225.49,905.91,295.03,864.63,260.26,82.57,69.54,5741.85,1.19,Spherical / Regular,Grey,"(100, 38, 109)","(39.61, 1.0, 0.0)",1.0,40,VISIBLE,0.07,0.17
226,39,car,0.5212,1187.49,452.55,1280.0,706.84,1233.75,579.69,92.51,254.28,23523.64,0.36,Vertical Oblong,Grey,"(94, 22, 74)","(30.59, -1.0, -1.0)",1.41,39,VISIBLE,0.25,0.53
226,48,person,0.758,7.88,194.0,27.57,247.97,17.73,220.99,19.68,53.97,1062.32,0.36,Vertical Oblong,Black,"(105, 73, 24)","(5.88, 0.0, -2.0)",2.0,87,VISIBLE,-0.63,0.07
226,62,car,0.7355,1215.9,206.72,1280.0,248.52,1247.95,227.62,64.1,41.81,2679.97,1.53,Horizontal Oblong,Grey,"(93, 28, 116)","(46.27, -1.0, 0.0)",1.0,62,VISIBLE,0.04,0.09
226,75,person,0.7327,1022.82,81.33,1062.22,117.63,1042.52,99.48,39.41,36.3,1430.59,1.09,Spherical / Regular,Grey,"(105, 29, 107)","(42.75, -1.0, -4.0)",4.12,75,VISIBLE,-0.03,0.1
226,86,car,0.6245,1041.1,192.6,1095.05,226.51,1068.07,209.56,53.95,33.91,1829.6,1.59,Horizontal Oblong,Grey,"(99, 30, 121)","(47.45, -2.0, -2.0)",2.83,86,VISIBLE,-0.93,-0.21
226,53,car,0.5858,848.07,606.13,1279.55,720.0,1063.81,663.06,431.48,113.87,49133.51,3.79,Horizontal Oblong,Grey,"(99, 25, 117)","(46.27, -1.0, -1.0)",1.41,53,VISIBLE,0.02,0.68
226,54,car,0.6708,0.02,431.29,190.97,717.54,95.49,574.42,190.95,286.24,54659.12,0.67,Vertical Oblong,Grey,"(103, 34, 111)","(43.53, -1.0, -4.0)",4.12,54,VISIBLE,-0.07,0.14
226,57,car,0.5707,723.87,413.93,1010.97,650.16,867.42,532.05,287.1,236.23,67821.63,1.22,Spherical / Regular,Grey,"(98, 59, 86)","(30.59, 1.0, -1.0)",1.41,57,VISIBLE,0.18,0.32
226,76,truck,0.5704,835.06,150.14,913.55,222.53,874.31,186.33,78.49,72.4,5682.47,1.08,Spherical / Regular,Orange,"(16, 107, 95)","(33.33, 5.0, 16.0)",16.76,76,VISIBLE,0.08,0.06
226,41,car,0.4691,731.02,282.25,867.94,389.61,799.48,335.93,136.92,107.36,14699.27,1.28,Horizontal Oblong,Grey,"(20, 19, 156)","(62.35, 1.0, 2.0)",2.24,82,VISIBLE,0.22,0.41
226,67,car,0.5344,955.16,305.77,1123.12,431.01,1039.14,368.39,167.96,125.24,21035.62,1.34,Horizontal Oblong,Orange,"(18, 113, 149)","(49.41, 7.0, 18.0)",19.31,67,VISIBLE,0.29,0.23
226,58,car,0.5652,470.95,337.83,893.88,506.56,682.41,422.2,422.93,168.73,71359.09,2.51,Horizontal Oblong,Grey,"(84, 139, 62)","(22.35, -9.0, 1.0)",9.06,58,VISIBLE,0.99,0.11
226,52,car,0.6487,194.33,624.86,631.16,720.0,412.75,672.43,436.83,95.14,41558.96,4.59,Horizontal Oblong,Grey,"(90, 15, 187)","(74.9, -1.0, 0.0)",1.0,52,VISIBLE,-0.02,0.19
226,51,car,0.5149,53.82,293.01,228.92,409.07,141.37,351.04,175.1,116.06,20321.85,1.51,Horizontal Oblong,Grey,"(101, 35, 125)","(50.2, -2.0, -5.0)",5.39,51,VISIBLE,0.02,0.24
226,55,car,0.5312,121.38,345.57,359.57,528.91,240.47,437.24,238.19,183.35,43670.54,1.3,Horizontal Oblong,Black,"(105, 65, 49)","(16.08, 2.0, 1.0)",2.24,55,VISIBLE,-0.14,0.27
226,59,car,0.556,0.01,281.54,81.4,375.97,40.7,328.75,81.39,94.43,7685.6,0.86,Spherical / Regular,Grey,"(100, 21, 71)","(27.45, 1.0, 0.0)",1.0,59,VISIBLE,-0.09,0.28
226,65,car,0.5305,322.1,434.5,602.63,674.73,462.37,554.61,280.53,240.24,67393.69,1.17,Spherical / Regular,Black,"(113, 46, 59)","(19.61, 1.0, -3.0)",3.16,65,VISIBLE,0.04,0.81
226,50,car,0.5264,1038.34,346.51,1280.0,542.5,1159.17,444.5,241.66,195.98,47360.88,1.23,Spherical / Regular,Black,"(106, 52, 44)","(14.9, 2.0, 1.0)",2.24,50,VISIBLE,0.13,0.19
226,64,car,0.5804,258.37,305.95,421.48,432.63,339.93,369.29,163.11,126.68,20663.29,1.29,Horizontal Oblong,Brown,"(17, 67, 129)","(44.31, 4.0, 9.0)",9.85,64,VISIBLE,-0.03,0.58
226,63,car,0.4655,1020.0,251.6,1133.8,310.17,1076.9,280.89,113.79,58.56,6664.19,1.94,Horizontal Oblong,Grey,"(102, 49, 99)","(36.47, 0.0, -3.0)",3.0,63,VISIBLE,0.02,0.11
226,81,car,0.2663,962.17,185.97,1004.99,216.15,983.58,201.06,42.81,30.18,1292.13,1.42,Horizontal Oblong,Black,"(101, 45, 53)","(18.43, 0.0, -2.0)",2.0,81,VISIBLE,-0.63,-0.04
226,70,car,0.4556,1092.0,269.13,1270.69,352.21,1181.34,310.67,178.69,83.07,14844.52,2.15,Horizontal Oblong,Black,"(105, 55, 45)","(14.9, 1.0, -2.0)",2.24,70,VISIBLE,0.27,0.2
226,69,car,0.4443,60.39,242.85,193.06,314.41,126.72,278.63,132.68,71.57,9495.31,1.85,Horizontal Oblong,Grey,"(100, 42, 113)","(43.53, -2.0, -5.0)",5.39,69,VISIBLE,-0.36,0.52
226,56,car,0.4126,224.18,249.91,339.48,334.04,281.83,291.97,115.3,84.13,9700.22,1.37,Horizontal Oblong,Grey,"(101, 35, 121)","(48.24, -1.0, -5.0)",5.1,56,VISIBLE,0.05,0.36
226,84,bus,0.3858,505.95,135.15,546.55,165.01,526.25,150.08,40.59,29.86,1212.24,1.36,Horizontal Oblong,Grey,"(50, 32, 68)","(26.67, 0.0, 1.0)",1.0,84,VISIBLE,-0.16,0.62
226,73,car,0.3238,199.52,224.45,297.69,296.57,248.6,260.51,98.17,72.12,7080.11,1.36,Horizontal Oblong,Grey,"(100, 57, 109)","(41.18, -4.0, -6.0)",7.21,73,VISIBLE,-0.11,0.17
226,79,car,0.2925,169.76,158.8,256.19,186.74,212.98,172.77,86.43,27.94,2414.56,3.09,Horizontal Oblong,Black,"(104, 68, 37)","(12.16, -1.0, -4.0)",4.12,79,VISIBLE,0.23,0.18
226,78,car,0.199,698.27,228.95,773.38,278.9,735.82,253.93,75.11,49.96,3752.32,1.5,Horizontal Oblong,Grey,"(104, 40, 122)","(47.06, -1.0, -5.0)",5.1,78,VISIBLE,0.43,-0.07
226,83,car,0.4048,84.19,168.13,196.81,202.67,140.5,185.4,112.63,34.54,3890.68,3.26,Horizontal Oblong,Black,"(103, 56, 58)","(21.18, -2.0, -5.0)",5.39,83,VISIBLE,-0.21,0.36
226,60,car,0.3017,885.47,257.72,1027.15,365.17,956.31,311.44,141.68,107.45,15223.6,1.32,Horizontal Oblong,Black,"(21, 61, 58)","(20.78, 2.0, 2.0)",2.83,60,VISIBLE,-0.13,0.17
226,85,person,0.5346,158.11,179.1,172.44,221.66,165.28,200.38,14.32,42.56,609.63,0.34,Vertical Oblong,Black,"(113, 59, 26)","(7.06, 0.0, -2.0)",2.0,85,VISIBLE,-0.72,0.39
226,72,car,0.2997,344.75,260.24,473.76,380.04,409.26,320.14,129.01,119.8,15454.7,1.08,Spherical / Regular,Grey,"(102, 66, 78)","(27.84, 0.0, -2.0)",2.0,72,VISIBLE,-0.01,0.19
226,89,car,0.1775,1159.0,172.27,1222.16,194.39,1190.58,183.33,63.16,22.13,1397.45,2.85,Horizontal Oblong,Grey,"(105, 35, 57)","(22.16, -1.0, -3.0)",3.16,89,VISIBLE,-0.01,0.15
226,68,car,0.1557,792.13,213.72,857.61,271.24,824.87,242.48,65.48,57.52,3765.99,1.14,Spherical / Regular,Grey,"(113, 67, 78)","(23.14, 7.0, 3.0)",7.62,68,VISIBLE,-0.06,0.17
226,71,car,0.276,405.95,249.03,497.77,334.29,451.86,291.66,91.82,85.27,7829.42,1.08,Spherical / Regular,Grey,"(102, 38, 94)","(34.51, 1.0, 0.0)",1.0,71,VISIBLE,-0.02,0.18
226,66,car,0.2039,864.75,241.12,968.91,319.47,916.83,280.29,104.17,78.35,8161.29,1.33,Horizontal Oblong,Grey,"(17, 34, 89)","(34.51, 2.0, 4.0)",4.47,66,VISIBLE,0.03,0.08
226,74,car,0.1791,272.3,202.47,338.61,250.39,305.45,226.43,66.31,47.91,3176.98,1.38,Horizontal Oblong,Grey,"(101, 38, 126)","(49.02, -2.0, -5.0)",5.39,74,VISIBLE,-0.19,0.13
226,61,car,0.2786,0.0,344.89,70.61,440.31,35.31,392.6,70.61,95.42,6738.24,0.74,Vertical Oblong,Black,"(30, 29, 53)","(20.78, 1.0, 1.0)",1.41,61,VISIBLE,-0.1,0.07
226,90,car,0.1957,967.68,226.84,1062.84,284.27,1015.26,255.56,95.16,57.42,5464.32,1.66,Horizontal Oblong,Grey,"(100, 38, 104)","(40.0, -1.0, -2.0)",2.24,90,VISIBLE,0.07,0.08
226,94,truck,0.1798,796.94,136.2,832.1,167.11,814.52,151.66,35.16,30.91,1086.74,1.14,Spherical / Regular,Grey,"(13, 37, 82)","(32.94, 2.5, 3.0)",3.91,94,VISIBLE,-0.12,0.1
226,95,car,0.3535,512.83,266.75,656.35,375.54,584.59,321.15,143.52,108.78,15612.06,1.32,Horizontal Oblong,Black,"(110, 53, 51)","(16.86, 2.0, -3.0)",3.61,95,VISIBLE,-0.05,0.16
226,96,car,0.1869,324.31,218.85,407.84,287.48,366.07,253.16,83.52,68.63,5732.17,1.22,Spherical / Regular,Grey,"(102, 45, 105)","(39.22, -1.0, -5.0)",5.1,96,VISIBLE,-0.02,0.22
226,97,person,0.2791,1192.48,184.28,1208.11,217.88,1200.29,201.08,15.63,33.6,525.27,0.47,Vertical Oblong,Black,"(130, 35, 22)","(5.88, 0.0, -2.0)",2.0,97,VISIBLE,0.76,0.28
226,91,car,0.1656,1129.81,169.88,1172.9,193.77,1151.36,181.82,43.09,23.89,1029.46,1.8,Horizontal Oblong,Grey,"(101, 42, 84)","(33.33, -2.0, -4.0)",4.47,101,VISIBLE,1.19,0.22
226,92,car,0.18,559.2,227.58,635.96,268.53,597.58,248.06,76.76,40.95,3143.45,1.87,Horizontal Oblong,Black,"(104, 64, 57)","(20.39, -1.0, -5.0)",5.1,102,VISIBLE,-26.25,4.89
226,77,car,0.1537,249.43,154.72,311.74,179.2,280.59,166.96,62.31,24.48,1525.32,2.55,Horizontal Oblong,Grey,"(100, 44, 91)","(36.86, -3.0, -5.0)",5.83,103,VISIBLE,0.21,0.22
227,3,car,0.3932,616.37,248.88,780.35,332.76,698.36,290.82,163.98,83.88,13754.84,1.96,Horizontal Oblong,Grey,"(100, 23, 115)","(47.45, -2.0, -3.0)",3.61,34,VISIBLE,6.62,0.52
227,33,car,0.2235,823.28,225.57,906.12,295.33,864.7,260.45,82.84,69.76,5779.58,1.19,Spherical / Regular,Grey,"(100, 37, 108)","(40.0, 1.0, 0.0)",1.0,40,VISIBLE,0.07,0.18
227,39,car,0.5214,1187.95,452.39,1280.0,707.47,1233.98,579.93,92.05,255.08,23479.22,0.36,Vertical Oblong,Grey,"(94, 22, 74)","(30.59, -1.0, -1.0)",1.41,39,VISIBLE,0.24,0.32
227,48,person,0.7475,7.21,194.22,26.93,248.54,17.07,221.38,19.72,54.33,1071.26,0.36,Vertical Oblong,Black,"(105, 70, 24)","(6.27, 0.0, -2.0)",2.0,87,VISIBLE,-0.65,0.3
227,62,car,0.7309,1216.01,206.89,1280.0,248.62,1248.0,227.76,63.99,41.73,2670.41,1.53,Horizontal Oblong,Grey,"(93, 28, 115)","(46.27, -1.0, 0.0)",1.0,62,VISIBLE,0.05,0.12
227,75,person,0.7333,1022.85,81.37,1062.24,117.77,1042.54,99.57,39.38,36.39,1433.31,1.08,Spherical / Regular,Grey,"(104, 29, 107)","(42.75, -1.0, -4.0)",4.12,75,VISIBLE,0.01,0.09
227,86,car,0.6197,1039.85,192.43,1093.98,226.35,1066.92,209.39,54.13,33.92,1836.31,1.6,Horizontal Oblong,Grey,"(100, 29, 122)","(47.45, -2.0, -2.0)",2.83,86,VISIBLE,-1.09,-0.18
227,53,car,0.5888,848.31,607.18,1279.54,720.0,1063.92,663.59,431.23,112.82,48652.14,3.82,Horizontal Oblong,Grey,"(95, 26, 117)","(46.27, -1.0, -1.0)",1.41,53,VISIBLE,0.09,0.57
227,54,car,0.6802,0.02,431.52,190.82,717.54,95.42,574.53,190.8,286.01,54572.71,0.67,Vertical Oblong,Grey,"(103, 34, 110)","(43.53, -1.0, -4.0)",4.12,54,VISIBLE,-0.07,0.12
227,57,car,0.5383,723.97,414.21,1011.24,650.68,867.61,532.45,287.27,236.46,67930.23,1.21,Spherical / Regular,Grey,"(98, 59, 85)","(30.59, 1.0, -2.0)",2.24,57,VISIBLE,0.18,0.38
227,76,truck,0.5752,835.09,150.2,913.69,222.58,874.39,186.39,78.6,72.38,5688.92,1.09,Spherical / Regular,Orange,"(16, 107, 95)","(33.33, 5.0, 16.0)",16.76,76,VISIBLE,0.08,0.06
227,41,car,0.4536,731.17,282.59,868.09,389.58,799.63,336.08,136.91,107.0,14649.62,1.28,Horizontal Oblong,Grey,"(20, 18, 156)","(62.35, 1.0, 2.0)",2.24,82,VISIBLE,0.17,0.23
227,67,car,0.5398,955.3,306.0,1123.55,431.32,1039.43,368.66,168.25,125.32,21084.65,1.34,Horizontal Oblong,Orange,"(18, 112, 148)","(49.8, 7.0, 18.0)",19.31,67,VISIBLE,0.29,0.26
227,58,car,0.549,472.59,338.11,894.68,506.58,683.64,422.35,422.09,168.47,71109.01,2.51,Horizontal Oblong,Grey,"(85, 139, 62)","(22.35, -9.0, 0.0)",9.0,58,VISIBLE,1.15,0.14
227,52,car,0.6509,193.92,625.56,631.32,720.0,412.62,672.78,437.4,94.44,41307.18,4.63,Horizontal Oblong,Grey,"(90, 15, 188)","(75.29, -1.0, 0.0)",1.0,52,VISIBLE,-0.09,0.3
227,51,car,0.5253,53.76,293.18,228.9,409.32,141.33,351.25,175.14,116.14,20340.28,1.51,Horizontal Oblong,Grey,"(101, 35, 125)","(50.2, -2.0, -5.0)",5.39,51,VISIBLE,-0.02,0.22
227,55,car,0.5096,121.11,345.78,359.67,529.2,240.39,437.49,238.56,183.42,43757.08,1.3,Horizontal Oblong,Black,"(106, 65, 49)","(16.08, 2.0, 1.0)",2.24,55,VISIBLE,-0.1,0.26
227,59,car,0.5672,0.01,281.84,81.08,376.15,40.55,329.0,81.07,94.31,7645.49,0.86,Spherical / Regular,Grey,"(98, 20, 69)","(26.67, 1.0, 0.0)",1.0,59,VISIBLE,-0.14,0.25
227,65,car,0.5302,322.23,434.73,602.6,675.97,462.42,555.35,280.37,241.24,67636.45,1.16,Spherical / Regular,Black,"(113, 47, 61)","(19.61, 1.0, -3.0)",3.16,65,VISIBLE,0.05,0.76
227,50,car,0.5513,1038.54,346.62,1280.0,542.74,1159.27,444.68,241.46,196.13,47358.09,1.23,Spherical / Regular,Black,"(108, 53, 44)","(14.9, 2.0, 0.0)",2.0,50,VISIBLE,0.11,0.18
227,64,car,0.5712,258.32,306.99,421.42,432.73,339.87,369.86,163.1,125.74,20507.75,1.3,Horizontal Oblong,Orange,"(16, 68, 130)","(44.31, 5.0, 9.0)",10.3,64,VISIBLE,-0.05,0.57
227,63,car,0.4654,1019.81,251.76,1134.17,310.22,1076.99,280.99,114.35,58.46,6685.4,1.96,Horizontal Oblong,Grey,"(102, 49, 100)","(36.67, 0.0, -3.0)",3.0,63,VISIBLE,0.07,0.11
227,81,car,0.2653,961.93,185.87,1004.05,215.9,982.99,200.88,42.12,30.03,1264.96,1.4,Horizontal Oblong,Black,"(106, 45, 54)","(18.43, 1.0, -3.0)",3.16,81,VISIBLE,-0.6,-0.13
227,70,car,0.4445,1092.17,269.3,1270.89,352.4,1181.53,310.85,178.72,83.1,14852.48,2.15,Horizontal Oblong,Black,"(106, 57, 45)","(14.9, 1.0, -2.0)",2.24,70,VISIBLE,0.21,0.19
227,69,car,0.4683,60.16,242.97,192.72,314.8,126.44,278.89,132.55,71.84,9522.02,1.85,Horizontal Oblong,Grey,"(100, 42, 115)","(44.31, -2.0, -5.0)",5.39,69,VISIBLE,-0.31,0.33
227,56,car,0.4202,224.33,250.27,339.41,334.36,281.87,292.31,115.08,84.1,9677.31,1.37,Horizontal Oblong,Grey,"(102, 33, 121)","(47.84, -1.0, -5.0)",5.1,56,VISIBLE,0.04,0.35
227,84,bus,0.3822,505.84,135.81,546.47,165.33,526.15,150.57,40.63,29.52,1199.28,1.38,Horizontal Oblong,Grey,"(50, 32, 68)","(27.06, 0.0, 1.0)",1.0,84,VISIBLE,-0.12,0.53
227,73,car,0.3249,199.44,224.48,297.53,296.83,248.48,260.66,98.1,72.35,7097.37,1.36,Horizontal Oblong,Grey,"(100, 58, 109)","(41.18, -3.0, -6.0)",6.71,73,VISIBLE,-0.12,0.15
227,79,car,0.3139,169.56,158.84,256.7,186.78,213.13,172.81,87.14,27.94,2434.41,3.12,Horizontal Oblong,Black,"(104, 68, 38)","(12.55, -1.0, -4.0)",4.12,79,VISIBLE,0.18,0.08
227,78,car,0.1774,698.56,229.1,773.03,277.14,735.8,253.12,74.48,48.04,3578.04,1.55,Horizontal Oblong,Grey,"(104, 45, 115)","(42.35, -1.0, -5.0)",5.1,78,VISIBLE,0.11,-0.58
227,83,car,0.3972,84.14,168.29,196.97,202.75,140.56,185.52,112.83,34.46,3887.98,3.27,Horizontal Oblong,Black,"(103, 55, 59)","(21.57, -2.0, -5.0)",5.39,83,VISIBLE,-0.02,0.19
227,60,car,0.3085,885.38,257.77,1027.19,365.44,956.28,311.6,141.8,107.66,15266.67,1.32,Horizontal Oblong,Black,"(50, 61, 58)","(20.78, 2.0, 2.0)",2.83,60,VISIBLE,-0.06,0.16
227,85,person,0.5417,157.58,179.18,171.53,222.2,164.56,200.69,13.95,43.02,600.13,0.32,Vertical Oblong,Black,"(113, 58, 26)","(7.06, 0.0, -2.0)",2.0,85,VISIBLE,-0.72,0.33
227,72,car,0.2996,344.73,260.46,473.8,380.16,409.26,320.31,129.06,119.7,15449.08,1.08,Spherical / Regular,Grey,"(102, 66, 79)","(27.84, 0.0, -2.0)",2.0,72,VISIBLE,0.0,0.18
227,89,car,0.1836,1158.99,172.65,1224.07,195.19,1191.53,183.92,65.08,22.54,1466.85,2.89,Horizontal Oblong,Black,"(105, 35, 56)","(21.57, -1.0, -3.0)",3.16,89,VISIBLE,0.66,0.46
227,68,car,0.1557,792.04,213.91,857.6,271.38,824.82,242.64,65.56,57.48,3768.34,1.14,Spherical / Regular,Grey,"(114, 67, 79)","(23.14, 7.0, 3.0)",7.62,68,VISIBLE,-0.05,0.17
227,71,car,0.2776,405.98,249.3,497.77,334.44,451.87,291.87,91.79,85.14,7814.71,1.08,Spherical / Regular,Grey,"(102, 38, 94)","(34.51, 1.0, -1.0)",1.41,71,VISIBLE,0.01,0.2
227,66,car,0.2099,864.79,241.28,969.02,319.5,916.91,280.39,104.23,78.21,8152.43,1.33,Horizontal Oblong,Grey,"(18, 34, 89)","(34.51, 2.0, 3.0)",3.61,66,VISIBLE,0.06,0.09
227,74,car,0.1856,271.7,202.8,338.53,250.56,305.12,226.68,66.84,47.76,3192.13,1.4,Horizontal Oblong,Grey,"(100, 36, 127)","(49.8, -2.0, -5.0)",5.39,74,VISIBLE,-0.29,0.21
227,61,car,0.2891,0.0,344.51,70.29,440.94,35.14,392.73,70.29,96.42,6777.18,0.73,Vertical Oblong,Black,"(50, 29, 54)","(20.78, 1.0, 1.0)",1.41,61,VISIBLE,-0.14,0.11
227,90,car,0.195,967.76,226.86,1063.05,284.34,1015.41,255.6,95.29,57.48,5476.93,1.66,Horizontal Oblong,Grey,"(100, 38, 103)","(40.0, -1.0, -2.0)",2.24,90,VISIBLE,0.12,0.05
227,95,car,0.3551,512.98,266.75,656.32,375.91,584.65,321.33,143.35,109.16,15647.48,1.31,Horizontal Oblong,Black,"(113, 53, 51)","(16.86, 2.0, -3.0)",3.61,95,VISIBLE,0.03,0.18
227,96,car,0.1905,324.25,219.3,407.78,287.4,366.01,253.35,83.53,68.1,5688.65,1.23,Spherical / Regular,Grey,"(102, 43, 104)","(38.82, -1.0, -5.0)",5.1,96,VISIBLE,-0.05,0.19
227,97,person,0.2583,1193.03,184.71,1208.77,218.04,1200.9,201.38,15.73,33.33,524.37,0.47,Vertical Oblong,Black,"(130, 32, 24)","(6.67, 0.0, -2.0)",2.0,97,VISIBLE,0.65,0.29
227,91,car,0.1608,1130.06,169.97,1172.86,193.86,1151.46,181.92,42.79,23.89,1022.17,1.79,Horizontal Oblong,Grey,"(100, 42, 82)","(32.16, -2.0, -4.0)",4.47,101,VISIBLE,0.43,0.13
227,92,car,0.1827,559.22,227.77,635.5,268.75,597.36,248.26,76.28,40.99,3126.53,1.86,Horizontal Oblong,Black,"(104, 64, 57)","(20.39, -1.0, -5.0)",5.1,102,VISIBLE,-8.03,1.61
227,77,car,0.1575,249.36,154.9,311.76,179.23,280.56,167.07,62.4,24.33,1518.17,2.56,Horizontal Oblong,Grey,"(100, 44, 91)","(37.25, -3.0, -5.0)",5.83,103,VISIBLE,0.05,0.14
228,3,car,0.4437,621.28,249.0,789.13,333.63,705.21,291.32,167.84,84.63,14204.93,1.98,Horizontal Oblong,Grey,"(100, 22, 116)","(47.84, -2.0, -3.0)",3.61,34,VISIBLE,6.78,0.5
228,33,car,0.2343,823.21,225.66,906.3,295.55,864.75,260.61,83.09,69.89,5807.19,1.19,Spherical / Regular,Grey,"(100, 37, 107)","(40.0, 1.0, 0.0)",1.0,40,VISIBLE,0.06,0.16
228,39,car,0.5196,1188.46,452.15,1280.0,708.01,1234.23,580.08,91.54,255.86,23421.78,0.36,Vertical Oblong,Grey,"(94, 23, 74)","(30.59, -1.0, -1.0)",1.41,39,VISIBLE,0.25,0.2
228,48,person,0.7226,6.55,194.43,26.25,249.22,16.4,221.82,19.69,54.79,1078.98,0.36,Vertical Oblong,Black,"(105, 70, 23)","(5.88, 0.0, -2.0)",2.0,87,VISIBLE,-0.66,0.4
228,62,car,0.7266,1216.11,207.05,1280.0,248.73,1248.06,227.89,63.89,41.68,2662.76,1.53,Horizontal Oblong,Grey,"(93, 28, 115)","(46.27, -1.0, 0.0)",1.0,62,VISIBLE,0.05,0.13
228,75,person,0.7343,1022.85,81.41,1062.56,118.07,1042.71,99.74,39.71,36.66,1455.77,1.08,Spherical / Regular,Grey,"(104, 29, 108)","(42.94, -1.0, -4.0)",4.12,75,VISIBLE,0.11,0.15
228,86,car,0.6276,1038.74,192.32,1092.74,226.19,1065.74,209.26,54.0,33.88,1829.21,1.59,Horizontal Oblong,Grey,"(98, 30, 121)","(47.45, -2.0, -2.0)",2.83,86,VISIBLE,-1.15,-0.15
228,53,car,0.619,848.46,608.09,1279.53,720.0,1064.0,664.05,431.07,111.91,48239.26,3.85,Horizontal Oblong,Grey,"(94, 25, 117)","(46.27, -1.0, -1.0)",1.41,53,VISIBLE,0.07,0.49
228,54,car,0.6752,0.02,431.82,190.65,717.54,95.34,574.68,190.63,285.72,54466.58,0.67,Vertical Oblong,Grey,"(103, 34, 110)","(43.53, -1.0, -4.0)",4.12,54,VISIBLE,-0.08,0.14
228,57,car,0.5471,724.01,414.52,1011.45,650.96,867.73,532.74,287.45,236.44,67963.83,1.22,Spherical / Regular,Grey,"(98, 60, 86)","(30.98, 1.0, -1.0)",1.41,57,VISIBLE,0.14,0.32
228,76,truck,0.577,835.08,150.28,913.8,222.57,874.44,186.43,78.72,72.28,5690.3,1.09,Spherical / Regular,Orange,"(16, 107, 95)","(33.33, 5.0, 16.0)",16.76,76,VISIBLE,0.06,0.04
228,41,car,0.4426,731.28,282.74,868.2,389.47,799.74,336.1,136.92,106.73,14614.19,1.28,Horizontal Oblong,Grey,"(20, 18, 156)","(62.35, 0.0, 2.0)",2.0,82,VISIBLE,0.13,0.08
228,67,car,0.5367,955.4,306.18,1123.87,431.58,1039.63,368.88,168.47,125.4,21125.74,1.34,Horizontal Oblong,Orange,"(18, 115, 148)","(49.8, 7.0, 19.0)",20.25,67,VISIBLE,0.23,0.23
228,58,car,0.5522,473.74,338.4,895.43,506.72,684.58,422.56,421.68,168.31,70974.8,2.51,Horizontal Oblong,Grey,"(84, 144, 61)","(22.35, -9.0, 1.0)",9.06,58,VISIBLE,1.01,0.19
228,52,car,0.6562,193.51,626.24,631.4,720.0,412.46,673.12,437.89,93.76,41054.53,4.67,Horizontal Oblong,Grey,"(90, 15, 187)","(75.29, -1.0, 0.0)",1.0,52,VISIBLE,-0.14,0.33
228,51,car,0.5347,53.67,293.34,228.93,409.61,141.3,351.48,175.26,116.27,20377.33,1.51,Horizontal Oblong,Grey,"(101, 35, 125)","(50.2, -2.0, -5.0)",5.39,51,VISIBLE,-0.03,0.22
228,55,car,0.4875,120.92,345.99,359.62,529.47,240.27,437.73,238.7,183.48,43797.84,1.3,Horizontal Oblong,Black,"(105, 65, 49)","(16.08, 2.0, 1.0)",2.24,55,VISIBLE,-0.11,0.24
228,59,car,0.5772,0.02,282.15,80.77,376.53,40.4,329.34,80.76,94.38,7621.61,0.86,Spherical / Regular,Grey,"(98, 20, 68)","(26.27, 1.0, 0.0)",1.0,59,VISIBLE,-0.15,0.32
228,65,car,0.5155,322.15,434.97,602.67,675.48,462.41,555.22,280.51,240.52,67468.22,1.17,Spherical / Regular,Black,"(113, 47, 61)","(19.61, 1.0, -3.0)",3.16,65,VISIBLE,0.01,0.14
228,50,car,0.5512,1038.73,346.72,1280.0,542.99,1159.37,444.85,241.27,196.27,47353.21,1.23,Spherical / Regular,Black,"(108, 53, 44)","(14.9, 2.0, 0.0)",2.0,50,VISIBLE,0.1,0.18
228,64,car,0.5639,258.15,307.83,421.35,432.99,339.75,370.41,163.2,125.16,20425.82,1.3,Horizontal Oblong,Orange,"(17, 68, 130)","(43.92, 4.0, 10.0)",10.77,64,VISIBLE,-0.1,0.56
228,63,car,0.4666,1019.62,251.92,1134.33,310.3,1076.98,281.11,114.72,58.38,6696.92,1.97,Horizontal Oblong,Grey,"(102, 49, 100)","(36.86, 0.0, -3.0)",3.0,63,VISIBLE,0.01,0.12
228,81,car,0.2737,961.71,185.88,1003.23,215.77,982.47,200.83,41.52,29.89,1241.09,1.39,Horizontal Oblong,Black,"(101, 46, 51)","(18.04, 0.0, -2.0)",2.0,81,VISIBLE,-0.54,-0.08
228,70,car,0.4622,1092.35,269.5,1271.4,352.72,1181.87,311.11,179.04,83.22,14900.2,2.15,Horizontal Oblong,Black,"(106, 57, 44)","(14.9, 1.0, -2.0)",2.24,70,VISIBLE,0.3,0.24
228,69,car,0.4547,59.92,243.07,192.42,315.17,126.17,279.12,132.5,72.1,9553.63,1.84,Horizontal Oblong,Grey,"(100, 43, 114)","(44.31, -2.0, -5.0)",5.39,69,VISIBLE,-0.28,0.26
228,56,car,0.421,224.33,250.57,339.32,334.61,281.82,292.59,114.99,84.04,9663.73,1.37,Horizontal Oblong,Grey,"(100, 33, 120)","(47.45, -2.0, -4.0)",4.47,56,VISIBLE,-0.02,0.3
228,84,bus,0.381,505.77,136.27,546.43,165.64,526.1,150.96,40.66,29.37,1194.17,1.38,Horizontal Oblong,Grey,"(50, 32, 67)","(25.88, 0.0, 1.0)",1.0,84,VISIBLE,-0.07,0.43
228,73,car,0.3074,199.31,224.62,297.35,297.03,248.33,260.83,98.03,72.42,7099.25,1.35,Horizontal Oblong,Grey,"(99, 57, 109)","(41.18, -4.0, -6.0)",7.21,73,VISIBLE,-0.14,0.16
228,79,car,0.2803,169.42,158.97,257.04,187.03,213.23,173.0,87.62,28.06,2459.07,3.12,Horizontal Oblong,Black,"(104, 70, 38)","(12.55, -1.0, -4.0)",4.12,79,VISIBLE,0.12,0.16
228,78,car,0.1679,698.95,229.21,772.74,273.78,735.85,251.5,73.79,44.57,3288.93,1.66,Horizontal Oblong,Grey,"(105, 49, 103)","(37.25, -1.0, -5.0)",5.1,78,VISIBLE,0.07,-1.31
228,83,car,0.375,84.33,168.45,197.04,202.76,140.69,185.61,112.71,34.31,3866.93,3.28,Horizontal Oblong,Black,"(103, 55, 58)","(21.37, -2.0, -4.0)",4.47,83,VISIBLE,0.08,0.12
228,60,car,0.3219,885.38,257.85,1027.29,365.63,956.33,311.74,141.92,107.78,15295.1,1.32,Horizontal Oblong,Black,"(30, 61, 58)","(20.78, 2.0, 2.0)",2.83,60,VISIBLE,0.02,0.14
228,85,person,0.5048,157.17,179.14,170.78,222.72,163.97,200.93,13.6,43.58,592.88,0.31,Vertical Oblong,Black,"(113, 52, 25)","(6.67, 0.0, -2.0)",2.0,85,VISIBLE,-0.62,0.27
228,72,car,0.3004,344.7,260.7,473.81,380.35,409.25,320.52,129.11,119.65,15447.79,1.08,Spherical / Regular,Grey,"(102, 66, 78)","(27.45, 0.0, -2.0)",2.0,72,VISIBLE,-0.01,0.2
228,89,car,0.2031,1158.93,172.96,1225.6,195.79,1192.26,184.38,66.67,22.83,1522.07,2.92,Horizontal Oblong,Black,"(105, 35, 55)","(21.57, -1.0, -3.0)",3.16,89,VISIBLE,0.71,0.46
228,68,car,0.1544,792.7,213.96,857.71,271.42,825.21,242.69,65.01,57.46,3735.82,1.13,Spherical / Regular,Grey,"(113, 67, 78)","(22.35, 6.0, 3.0)",6.71,68,VISIBLE,0.25,0.08
228,71,car,0.283,405.94,249.58,497.74,334.6,451.84,292.09,91.81,85.02,7805.54,1.08,Spherical / Regular,Grey,"(101, 38, 94)","(34.51, 1.0, 0.0)",1.0,71,VISIBLE,-0.02,0.21
228,66,car,0.2133,864.93,241.42,969.12,319.59,917.02,280.5,104.19,78.18,8145.54,1.33,Horizontal Oblong,Grey,"(18, 34, 88)","(34.51, 2.0, 3.0)",3.61,66,VISIBLE,0.1,0.11
228,74,car,0.1763,270.94,203.14,338.57,250.37,304.76,226.75,67.62,47.23,3193.52,1.43,Horizontal Oblong,Grey,"(100, 34, 131)","(51.76, -2.0, -5.0)",5.39,74,VISIBLE,-0.34,0.12
228,61,car,0.298,0.0,344.23,69.97,441.76,34.99,392.99,69.97,97.52,6823.54,0.72,Vertical Oblong,Black,"(30, 29, 53)","(20.78, 1.0, 1.0)",1.41,61,VISIBLE,-0.15,0.22
228,90,car,0.2093,967.73,226.97,1063.14,284.49,1015.43,255.73,95.42,57.53,5489.06,1.66,Horizontal Oblong,Grey,"(100, 38, 102)","(39.61, -1.0, -2.0)",2.24,90,VISIBLE,0.06,0.11
228,95,car,0.3797,513.08,266.75,656.12,376.45,584.6,321.6,143.04,109.69,15690.29,1.3,Horizontal Oblong,Black,"(113, 53, 50)","(16.86, 2.0, -3.0)",3.61,95,VISIBLE,-0.03,0.24
228,96,car,0.1936,324.18,219.68,407.7,287.28,365.94,253.48,83.52,67.6,5646.24,1.24,Spherical / Regular,Grey,"(102, 44, 103)","(38.82, -1.0, -5.0)",5.1,96,VISIBLE,-0.07,0.15
228,97,person,0.2667,1193.52,185.13,1209.22,218.07,1201.37,201.6,15.7,32.95,517.28,0.48,Vertical Oblong,Black,"(130, 20, 22)","(6.27, 0.0, -1.0)",1.0,97,VISIBLE,0.52,0.24
228,91,car,0.166,1130.23,170.11,1172.81,193.96,1151.52,182.04,42.58,23.85,1015.72,1.78,Horizontal Oblong,Grey,"(100, 42, 83)","(32.75, -2.0, -4.0)",4.47,101,VISIBLE,0.17,0.12
228,92,car,0.1822,559.24,227.96,635.56,269.0,597.4,248.48,76.32,41.04,3131.8,1.86,Horizontal Oblong,Black,"(104, 65, 56)","(20.39, -1.0, -5.0)",5.1,102,VISIBLE,-2.38,0.64
228,77,car,0.1518,249.24,155.06,311.79,179.34,280.52,167.2,62.55,24.28,1518.73,2.58,Horizontal Oblong,Grey,"(100, 44, 91)","(37.25, -3.0, -5.0)",5.83,103,VISIBLE,-0.02,0.14
229,3,car,0.4243,624.9,249.3,795.48,334.78,710.19,292.04,170.57,85.47,14579.77,2.0,Horizontal Oblong,Grey,"(100, 19, 116)","(48.24, -2.0, -2.0)",2.83,34,VISIBLE,5.52,0.66
229,33,car,0.2148,823.08,225.98,906.44,295.77,864.76,260.87,83.36,69.79,5817.43,1.19,Spherical / Regular,Grey,"(100, 37, 108)","(39.61, 1.0, 0.0)",1.0,40,VISIBLE,0.02,0.24
229,39,car,0.5044,1188.93,452.24,1280.0,708.42,1234.47,580.33,91.07,256.18,23329.71,0.36,Vertical Oblong,Grey,"(94, 22, 74)","(30.59, -1.0, -1.0)",1.41,39,VISIBLE,0.24,0.24
229,48,person,0.7179,6.07,195.02,25.35,249.87,15.71,222.45,19.28,54.85,1057.51,0.35,Vertical Oblong,Black,"(111, 73, 25)","(5.88, 0.0, -3.0)",3.0,87,VISIBLE,-0.68,0.55
229,62,car,0.7142,1216.15,207.38,1280.0,248.88,1248.07,228.13,63.85,41.5,2649.96,1.54,Horizontal Oblong,Grey,"(94, 28, 115)","(46.27, -1.0, -0.5)",1.12,62,VISIBLE,0.03,0.21
229,75,person,0.7277,1022.82,81.57,1062.55,118.5,1042.69,100.03,39.73,36.93,1466.91,1.08,Spherical / Regular,Grey,"(104, 29, 108)","(42.94, -1.0, -4.0)",4.12,75,VISIBLE,0.02,0.25
229,86,car,0.6214,1037.81,192.31,1091.33,226.1,1064.57,209.2,53.52,33.79,1808.3,1.58,Horizontal Oblong,Grey,"(100, 29, 122)","(47.84, -1.0, -3.0)",3.16,86,VISIBLE,-1.16,-0.08
229,53,car,0.6136,848.52,608.73,1279.53,720.0,1064.02,664.37,431.02,111.27,47957.41,3.87,Horizontal Oblong,Grey,"(98, 25, 118)","(46.67, -1.0, -1.0)",1.41,53,VISIBLE,0.04,0.37
229,54,car,0.669,0.02,432.18,190.42,717.57,95.22,574.87,190.39,285.4,54337.59,0.67,Vertical Oblong,Grey,"(104, 34, 110)","(43.53, -1.0, -4.0)",4.12,54,VISIBLE,-0.11,0.18
229,57,car,0.5801,723.93,414.9,1011.65,651.51,867.79,533.2,287.72,236.61,68079.35,1.22,Spherical / Regular,Grey,"(98, 59, 86)","(30.59, 1.0, -1.0)",1.41,57,VISIBLE,0.08,0.42
229,76,truck,0.5621,835.14,150.46,914.05,222.69,874.6,186.57,78.91,72.23,5699.51,1.09,Spherical / Regular,Orange,"(16, 106, 94)","(33.33, 5.0, 15.0)",15.81,76,VISIBLE,0.13,0.12
229,41,car,0.4363,731.74,282.91,868.3,389.8,800.02,336.36,136.56,106.89,14597.93,1.28,Horizontal Oblong,Grey,"(21, 18, 157)","(62.35, 1.0, 2.0)",2.24,82,VISIBLE,0.23,0.2
229,67,car,0.5261,955.48,306.47,1123.98,431.92,1039.73,369.2,168.51,125.45,21139.08,1.34,Horizontal Oblong,Orange,"(17, 113, 149)","(49.8, 7.0, 19.0)",20.25,67,VISIBLE,0.14,0.29
229,58,car,0.5216,475.09,338.63,895.97,507.13,685.53,422.88,420.88,168.49,70916.18,2.5,Horizontal Oblong,Grey,"(85, 137, 61)","(22.35, -9.0, 1.0)",9.06,58,VISIBLE,0.96,0.28
229,52,car,0.64,192.79,626.65,631.05,720.0,411.92,673.33,438.26,93.35,40911.45,4.69,Horizontal Oblong,Grey,"(90, 15, 188)","(75.29, -1.0, 0.0)",1.0,52,VISIBLE,-0.42,0.24
229,51,car,0.5365,53.57,293.52,228.91,409.82,141.24,351.67,175.33,116.3,20390.61,1.51,Horizontal Oblong,Grey,"(102, 34, 125)","(49.8, -2.0, -5.0)",5.39,51,VISIBLE,-0.05,0.2
229,55,car,0.455,120.8,346.41,359.51,529.83,240.15,438.12,238.72,183.42,43785.63,1.3,Horizontal Oblong,Black,"(106, 64, 49)","(16.08, 2.0, 0.0)",2.0,55,VISIBLE,-0.11,0.35
229,59,car,0.5715,0.03,282.6,80.42,376.9,40.22,329.75,80.4,94.3,7581.49,0.85,Spherical / Regular,Grey,"(105, 20, 68)","(26.08, 1.0, 0.0)",1.0,59,VISIBLE,-0.16,0.38
229,65,car,0.523,322.08,435.22,602.73,675.66,462.41,555.44,280.65,240.45,67481.72,1.17,Spherical / Regular,Black,"(115, 49, 60)","(19.61, 1.0, -3.0)",3.16,65,VISIBLE,-0.0,0.19
229,50,car,0.5534,1038.91,346.85,1280.0,543.17,1159.45,445.01,241.09,196.32,47331.27,1.23,Spherical / Regular,Black,"(108, 51, 44)","(14.9, 2.0, 0.0)",2.0,50,VISIBLE,0.09,0.16
229,64,car,0.5527,258.01,308.45,421.31,433.33,339.66,370.89,163.3,124.88,20392.82,1.31,Horizontal Oblong,Orange,"(16, 69, 131)","(44.31, 5.0, 9.0)",10.3,64,VISIBLE,-0.09,0.5
229,63,car,0.4708,1019.48,252.09,1134.17,310.67,1076.83,281.38,114.7,58.58,6718.38,1.96,Horizontal Oblong,Grey,"(103, 49, 99)","(36.47, 0.0, -3.0)",3.0,63,VISIBLE,-0.1,0.22
229,81,car,0.2694,961.4,185.81,1002.26,215.67,981.83,200.74,40.85,29.86,1219.97,1.37,Horizontal Oblong,Black,"(106, 45, 52)","(17.06, 0.0, -3.0)",3.0,81,VISIBLE,-0.61,-0.08
229,70,car,0.4483,1092.72,269.69,1271.75,353.08,1182.23,311.39,179.03,83.39,14929.94,2.15,Horizontal Oblong,Black,"(108, 55, 45)","(14.9, 1.0, -2.0)",2.24,70,VISIBLE,0.34,0.26
229,69,car,0.4309,59.12,243.21,191.96,316.27,125.54,279.74,132.84,73.06,9705.31,1.82,Horizontal Oblong,Grey,"(101, 40, 113)","(43.92, -1.0, -5.0)",5.1,69,VISIBLE,-0.53,0.51
229,56,car,0.4094,224.23,250.81,339.19,334.74,281.71,292.78,114.96,83.93,9648.72,1.37,Horizontal Oblong,Grey,"(102, 34, 120)","(47.45, -1.0, -5.0)",5.1,56,VISIBLE,-0.09,0.22
229,84,bus,0.2975,505.84,136.48,546.41,166.1,526.13,151.29,40.57,29.62,1201.65,1.37,Horizontal Oblong,Grey,"(40, 32, 66)","(25.88, 1.0, 2.0)",2.24,84,VISIBLE,-0.0,0.36
229,73,car,0.3178,199.25,224.94,297.06,297.23,248.16,261.08,97.81,72.29,7070.75,1.35,Horizontal Oblong,Grey,"(100, 55, 110)","(41.57, -3.0, -6.0)",6.71,73,VISIBLE,-0.17,0.23
229,79,car,0.2619,169.31,159.27,256.93,187.33,213.12,173.3,87.62,28.06,2458.53,3.12,Horizontal Oblong,Black,"(105, 67, 37)","(11.76, 0.0, -4.0)",4.0,79,VISIBLE,-0.04,0.26
229,78,car,0.1679,699.41,229.38,772.66,272.47,736.03,250.92,73.25,43.09,3156.37,1.7,Horizontal Oblong,Grey,"(107, 53, 98)","(36.08, 0.0, -6.0)",6.0,78,VISIBLE,0.15,-0.79
229,83,car,0.3481,84.5,168.72,196.97,202.9,140.74,185.81,112.47,34.18,3844.15,3.29,Horizontal Oblong,Black,"(103, 52, 59)","(21.96, -2.0, -4.0)",4.47,83,VISIBLE,0.06,0.18
229,60,car,0.3249,885.45,258.39,1027.76,365.53,956.61,311.96,142.32,107.14,15248.18,1.33,Horizontal Oblong,Black,"(90, 59, 59)","(21.18, 2.0, 1.0)",2.24,60,VISIBLE,0.19,0.2
229,85,person,0.4847,156.81,179.56,170.1,223.47,163.45,201.52,13.3,43.92,583.87,0.3,Vertical Oblong,Black,"(120, 53, 28)","(7.06, 2.0, -3.0)",3.61,85,VISIBLE,-0.55,0.49
229,72,car,0.3128,344.65,261.15,473.8,380.62,409.22,320.89,129.15,119.47,15430.09,1.08,Spherical / Regular,Grey,"(103, 68, 78)","(27.45, 0.0, -3.0)",3.0,72,VISIBLE,-0.02,0.31
229,89,car,0.2115,1158.99,173.36,1226.83,196.35,1192.91,184.86,67.83,22.99,1559.34,2.95,Horizontal Oblong,Black,"(106, 40, 56)","(21.18, 0.0, -4.0)",4.0,89,VISIBLE,0.67,0.47
229,68,car,0.1544,792.81,214.11,857.74,271.54,825.27,242.83,64.93,57.43,3728.94,1.13,Spherical / Regular,Grey,"(143, 68, 77)","(22.75, 7.0, 3.0)",7.62,68,VISIBLE,0.13,0.12
229,71,car,0.2823,405.77,249.84,497.73,334.95,451.75,292.39,91.96,85.11,7826.33,1.08,Spherical / Regular,Grey,"(101, 38, 95)","(34.9, 1.0, 0.0)",1.0,71,VISIBLE,-0.07,0.28
229,66,car,0.2049,864.97,241.48,969.24,319.79,917.11,280.63,104.27,78.31,8165.16,1.33,Horizontal Oblong,Grey,"(17, 35, 89)","(34.51, 2.0, 3.0)",3.61,66,VISIBLE,0.09,0.12
229,74,car,0.1596,270.48,203.54,338.39,250.7,304.44,227.12,67.91,47.16,3202.31,1.44,Horizontal Oblong,Grey,"(101, 34, 128)","(50.39, -2.0, -5.0)",5.39,74,VISIBLE,-0.33,0.29
229,61,car,0.2942,0.0,344.05,69.77,442.7,34.89,393.37,69.77,98.65,6882.41,0.71,Vertical Oblong,Black,"(84, 30, 53)","(20.78, 1.0, 0.0)",1.0,61,VISIBLE,-0.12,0.33
229,90,car,0.1992,967.74,227.09,1063.27,284.42,1015.51,255.75,95.53,57.33,5477.19,1.67,Horizontal Oblong,Grey,"(102, 39, 102)","(40.0, 0.0, -3.0)",3.0,90,VISIBLE,0.07,0.05
229,95,car,0.374,513.18,266.92,656.0,376.79,584.59,321.86,142.82,109.87,15691.87,1.3,Horizontal Oblong,Black,"(113, 52, 51)","(16.86, 2.0, -3.0)",3.61,95,VISIBLE,-0.02,0.25
229,96,car,0.1948,324.17,220.11,407.6,286.49,365.89,253.3,83.42,66.38,5537.91,1.26,Horizontal Oblong,Grey,"(105, 44, 104)","(38.82, -1.0, -6.0)",6.08,96,VISIBLE,-0.06,-0.08
229,97,person,0.2751,1194.05,185.64,1209.52,218.32,1201.79,201.98,15.47,32.67,505.58,0.47,Vertical Oblong,Black,"(90, 19, 25)","(7.45, 0.0, 0.0)",0.0,97,VISIBLE,0.45,0.34
229,91,car,0.166,1130.35,170.19,1172.77,194.03,1151.56,182.11,42.42,23.84,1011.46,1.78,Horizontal Oblong,Grey,"(102, 40, 82)","(32.16, -2.0, -4.0)",4.47,101,VISIBLE,0.08,0.09
229,92,car,0.1697,559.35,228.26,635.85,269.39,597.6,248.82,76.5,41.13,3146.55,1.86,Horizontal Oblong,Black,"(104, 62, 58)","(21.18, -1.0, -5.0)",5.1,102,VISIBLE,-0.57,0.43
229,77,car,0.1509,249.06,155.21,311.75,179.55,280.41,167.38,62.7,24.34,1525.79,2.58,Horizontal Oblong,Grey,"(100, 47, 91)","(36.47, -3.0, -5.0)",5.83,103,VISIBLE,-0.08,0.17
229,104,car,0.1503,380.75,207.32,442.64,251.81,411.69,229.57,61.88,44.48,2752.72,1.39,Horizontal Oblong,Grey,"(101, 32, 123)","(46.67, -2.0, -4.0)",4.47,104,VISIBLE,0.0,0.0
230,3,car,0.3944,626.95,249.69,798.97,335.65,712.96,292.67,172.01,85.96,14786.24,2.0,Horizontal Oblong,Grey,"(99, 19, 116)","(48.24, -2.0, -2.0)",2.83,34,VISIBLE,3.6,0.64
230,33,car,0.2306,822.98,226.32,906.39,295.95,864.68,261.13,83.41,69.63,5808.34,1.2,Spherical / Regular,Grey,"(100, 37, 107)","(39.61, 1.0, 0.0)",1.0,40,VISIBLE,-0.05,0.25
230,39,car,0.5016,1189.38,452.61,1280.0,708.44,1234.69,580.52,90.62,255.84,23184.35,0.35,Vertical Oblong,Grey,"(94, 23, 74)","(30.59, -1.0, -1.0)",1.41,39,VISIBLE,0.23,0.21
230,48,person,0.764,5.02,195.52,24.58,250.43,14.8,222.97,19.57,54.91,1074.42,0.36,Vertical Oblong,Black,"(111, 82, 25)","(5.88, 0.0, -3.0)",3.0,87,VISIBLE,-0.84,0.54
230,62,car,0.7076,1216.24,207.66,1280.0,249.06,1248.12,228.36,63.76,41.4,2639.8,1.54,Horizontal Oblong,Grey,"(93, 28, 115)","(45.88, -1.0, 0.0)",1.0,62,VISIBLE,0.04,0.22
230,75,person,0.7258,1022.77,81.78,1062.51,118.81,1042.64,100.3,39.75,37.03,1471.69,1.07,Spherical / Regular,Grey,"(104, 29, 107)","(42.75, -1.0, -4.0)",4.12,75,VISIBLE,-0.03,0.26
230,86,car,0.6221,1037.11,192.39,1090.02,226.0,1063.57,209.2,52.91,33.61,1778.42,1.57,Horizontal Oblong,Grey,"(100, 30, 122)","(47.45, -2.0, -2.0)",2.83,86,VISIBLE,-1.05,-0.03
230,53,car,0.6281,848.68,609.28,1279.56,720.0,1064.12,664.64,430.89,110.72,47706.05,3.89,Horizontal Oblong,Grey,"(100, 25, 117)","(46.27, -1.0, -1.0)",1.41,53,VISIBLE,0.08,0.3
230,54,car,0.6705,0.03,432.58,190.15,717.6,95.09,575.09,190.12,285.02,54187.42,0.67,Vertical Oblong,Grey,"(103, 34, 110)","(43.53, -1.0, -4.0)",4.12,54,VISIBLE,-0.12,0.2
230,57,car,0.5478,724.14,415.29,1011.89,652.22,868.02,533.76,287.75,236.93,68176.25,1.21,Spherical / Regular,Grey,"(98, 58, 86)","(30.59, 1.0, -1.0)",1.41,57,VISIBLE,0.18,0.51
230,76,truck,0.5579,835.2,150.68,914.42,222.81,874.81,186.74,79.22,72.13,5714.07,1.1,Spherical / Regular,Orange,"(16, 107, 94)","(33.33, 5.0, 15.0)",15.81,76,VISIBLE,0.19,0.15
230,41,car,0.4524,732.25,283.02,868.37,390.03,800.31,336.52,136.12,107.01,14566.14,1.27,Horizontal Oblong,Grey,"(20, 19, 157)","(62.75, 1.0, 2.0)",2.24,82,VISIBLE,0.27,0.18
230,67,car,0.525,955.64,306.82,1124.07,432.22,1039.86,369.52,168.43,125.4,21121.88,1.34,Horizontal Oblong,Orange,"(17, 112, 148)","(49.41, 7.0, 18.0)",19.31,67,VISIBLE,0.13,0.31
230,58,car,0.5003,476.53,338.82,896.83,507.57,686.68,423.19,420.29,168.75,70924.98,2.49,Horizontal Oblong,Grey,"(84, 135, 61)","(22.35, -9.0, 1.0)",9.06,58,VISIBLE,1.09,0.3
230,52,car,0.6442,192.2,626.9,630.86,720.0,411.53,673.45,438.66,93.1,40839.62,4.71,Horizontal Oblong,Grey,"(90, 15, 189)","(75.69, -1.0, 0.0)",1.0,52,VISIBLE,-0.4,0.16
230,51,car,0.5298,53.55,293.72,228.83,409.92,141.19,351.82,175.28,116.2,20366.53,1.51,Horizontal Oblong,Grey,"(101, 35, 126)","(49.8, -2.0, -5.0)",5.39,51,VISIBLE,-0.05,0.17
230,55,car,0.403,120.59,346.97,359.37,530.01,239.98,438.49,238.78,183.04,43707.42,1.3,Horizontal Oblong,Black,"(105, 64, 49)","(16.08, 2.0, 1.0)",2.24,55,VISIBLE,-0.16,0.36
230,59,car,0.5624,0.03,283.05,80.16,377.32,40.1,330.18,80.13,94.26,7553.46,0.85,Spherical / Regular,Grey,"(103, 19, 65)","(25.29, 1.0, 0.0)",1.0,59,VISIBLE,-0.14,0.42
230,65,car,0.5334,321.93,435.56,603.06,676.31,462.49,555.94,281.14,240.76,67685.39,1.17,Spherical / Regular,Black,"(113, 47, 62)","(19.61, 1.0, -3.0)",3.16,65,VISIBLE,0.06,0.4
230,50,car,0.5198,1039.1,347.03,1280.0,543.44,1159.55,445.23,240.9,196.41,47313.79,1.23,Spherical / Regular,Black,"(108, 52, 44)","(14.9, 2.0, 0.0)",2.0,50,VISIBLE,0.09,0.21
230,64,car,0.5388,257.87,308.92,421.21,433.53,339.54,371.22,163.34,124.61,20354.38,1.31,Horizontal Oblong,Orange,"(16, 68, 131)","(44.31, 5.0, 9.0)",10.3,64,VISIBLE,-0.11,0.39
230,63,car,0.4713,1019.64,252.31,1134.08,310.96,1076.86,281.64,114.44,58.65,6711.56,1.95,Horizontal Oblong,Grey,"(103, 50, 100)","(35.69, 0.0, -3.0)",3.0,63,VISIBLE,-0.01,0.25
230,81,car,0.2506,960.95,185.91,1001.4,215.61,981.17,200.76,40.46,29.7,1201.46,1.36,Horizontal Oblong,Black,"(105, 43, 51)","(17.45, 0.0, -2.0)",2.0,81,VISIBLE,-0.64,-0.01
230,70,car,0.4551,1093.15,269.87,1272.04,353.44,1182.59,311.66,178.89,83.57,14950.23,2.14,Horizontal Oblong,Black,"(108, 55, 44)","(14.9, 1.0, -2.0)",2.24,70,VISIBLE,0.36,0.27
230,69,car,0.4092,58.48,243.59,191.55,317.46,125.02,280.52,133.08,73.88,9831.31,1.8,Horizontal Oblong,Grey,"(100, 38, 115)","(44.31, -1.0, -5.0)",5.1,69,VISIBLE,-0.53,0.7
230,56,car,0.4115,224.14,251.08,339.07,334.89,281.61,292.99,114.93,83.82,9633.31,1.37,Horizontal Oblong,Grey,"(102, 33, 121)","(48.24, -1.0, -5.0)",5.1,56,VISIBLE,-0.1,0.21
230,84,bus,0.24,506.03,136.73,546.38,166.39,526.21,151.56,40.35,29.66,1196.84,1.36,Horizontal Oblong,Grey,"(29, 31, 66)","(25.49, 0.0, 2.5)",2.5,84,VISIBLE,0.05,0.3
230,73,car,0.3267,199.18,225.14,296.93,297.4,248.06,261.27,97.75,72.26,7063.91,1.35,Horizontal Oblong,Grey,"(101, 54, 110)","(41.57, -3.0, -6.0)",6.71,73,VISIBLE,-0.12,0.2
230,79,car,0.2681,169.22,159.59,256.77,187.62,213.0,173.61,87.54,28.03,2454.01,3.12,Horizontal Oblong,Black,"(104, 67, 36)","(11.76, -1.0, -4.0)",4.12,79,VISIBLE,-0.1,0.29
230,78,car,0.1679,699.87,229.54,772.58,271.15,736.22,250.35,72.71,41.61,3025.41,1.75,Horizontal Oblong,Grey,"(107, 54, 98)","(35.29, 0.0, -6.0)",6.0,78,VISIBLE,0.18,-0.64
230,83,car,0.3562,84.71,168.92,196.93,203.08,140.82,186.0,112.22,34.16,3833.74,3.28,Horizontal Oblong,Black,"(102, 50, 58)","(21.57, -2.0, -4.0)",4.47,83,VISIBLE,0.08,0.19
230,60,car,0.3423,885.6,258.61,1027.94,365.84,956.77,312.22,142.33,107.23,15262.6,1.33,Horizontal Oblong,Black,"(27, 60, 59)","(21.18, 2.0, 2.0)",2.83,60,VISIBLE,0.17,0.24
230,85,person,0.4813,156.42,179.87,169.59,224.09,163.01,201.98,13.17,44.22,582.57,0.3,Vertical Oblong,Black,"(120, 53, 27)","(7.06, 2.0, -3.0)",3.61,85,VISIBLE,-0.48,0.47
230,72,car,0.3335,344.57,261.68,473.83,380.86,409.2,321.27,129.26,119.18,15405.67,1.08,Spherical / Regular,Grey,"(104, 68, 77)","(27.45, 1.0, -3.0)",3.16,72,VISIBLE,-0.02,0.36
230,89,car,0.23,1159.04,173.67,1227.69,196.68,1193.37,185.18,68.65,23.01,1579.71,2.98,Horizontal Oblong,Black,"(106, 41, 55)","(21.18, 0.0, -4.0)",4.0,89,VISIBLE,0.52,0.37
230,71,car,0.2891,405.75,250.1,497.72,335.28,451.74,292.69,91.97,85.18,7833.26,1.08,Spherical / Regular,Grey,"(102, 36, 94)","(34.12, 1.0, 0.0)",1.0,71,VISIBLE,-0.03,0.29
230,66,car,0.1964,865.05,241.43,969.29,319.93,917.17,280.68,104.24,78.5,8182.56,1.33,Horizontal Oblong,Grey,"(18, 36, 89)","(34.51, 2.0, 3.0)",3.61,66,VISIBLE,0.07,0.07
230,74,car,0.1582,270.21,203.83,337.98,251.02,304.1,227.43,67.77,47.2,3198.53,1.44,Horizontal Oblong,Grey,"(100, 36, 128)","(50.2, -2.0, -5.0)",5.39,74,VISIBLE,-0.34,0.3
230,61,car,0.2876,0.0,344.12,69.63,443.66,34.82,393.89,69.63,99.54,6930.99,0.7,Vertical Oblong,Black,"(87, 31, 53)","(20.39, 1.0, 0.0)",1.0,61,VISIBLE,-0.08,0.46
230,90,car,0.1858,968.06,227.29,1063.47,284.72,1015.76,256.01,95.41,57.43,5479.92,1.66,Horizontal Oblong,Grey,"(103, 40, 101)","(39.61, 0.0, -3.0)",3.0,90,VISIBLE,0.2,0.19
230,95,car,0.3651,513.03,267.17,655.75,377.23,584.39,322.2,142.72,110.07,15708.62,1.3,Horizontal Oblong,Black,"(113, 52, 51)","(16.86, 2.0, -4.0)",4.47,95,VISIBLE,-0.14,0.32
230,96,car,0.1976,324.14,220.45,407.52,285.97,365.83,253.21,83.38,65.52,5462.93,1.27,Horizontal Oblong,Grey,"(104, 43, 104)","(38.82, -1.0, -6.0)",6.08,96,VISIBLE,-0.06,-0.09
230,97,person,0.3301,1194.44,186.02,1209.69,218.71,1202.07,202.36,15.25,32.69,498.4,0.47,Vertical Oblong,Black,"(113, 22, 24)","(7.06, 0.0, -1.0)",1.0,97,VISIBLE,0.33,0.37
230,91,car,0.166,1130.47,170.27,1172.74,194.09,1151.61,182.18,42.27,23.83,1007.21,1.77,Horizontal Oblong,Grey,"(102, 40, 82)","(32.55, -2.0, -4.0)",4.47,101,VISIBLE,0.06,0.08
230,92,car,0.1728,559.41,228.56,636.56,270.0,597.99,249.28,77.15,41.44,3197.63,1.86,Horizontal Oblong,Black,"(104, 60, 58)","(20.78, -1.0, -5.0)",5.1,102,VISIBLE,0.1,0.45
230,77,car,0.1637,249.04,155.36,311.5,179.9,280.27,167.63,62.46,24.54,1533.06,2.54,Horizontal Oblong,Grey,"(99, 47, 92)","(36.86, -4.0, -5.0)",6.4,103,VISIBLE,-0.12,0.23
230,104,car,0.152,380.47,207.47,442.7,252.06,411.58,229.76,62.23,44.59,2774.73,1.4,Horizontal Oblong,Grey,"(101, 29, 123)","(48.24, -1.0, -4.0)",4.12,104,VISIBLE,-0.11,0.2
231,3,car,0.4088,628.01,249.99,801.88,336.53,714.95,293.26,173.87,86.53,15045.28,2.01,Horizontal Oblong,Grey,"(100, 19, 116)","(48.24, -2.0, -2.0)",2.83,34,VISIBLE,2.47,0.6
231,33,car,0.2349,822.99,226.61,906.34,296.03,864.66,261.32,83.35,69.42,5786.3,1.2,Spherical / Regular,Grey,"(100, 37, 108)","(39.61, 1.0, 0.0)",1.0,40,VISIBLE,-0.03,0.21
231,39,car,0.5079,1189.67,452.42,1280.0,708.53,1234.83,580.48,90.33,256.11,23135.1,0.35,Vertical Oblong,Grey,"(94, 22, 74)","(30.59, -1.0, -1.0)",1.41,39,VISIBLE,0.17,0.03
231,48,person,0.788,3.52,196.26,24.0,250.87,13.76,223.57,20.48,54.6,1118.21,0.38,Vertical Oblong,Black,"(111, 82, 25)","(5.88, 0.0, -3.0)",3.0,87,VISIBLE,-0.98,0.57
231,62,car,0.7107,1216.32,207.85,1280.0,249.17,1248.16,228.51,63.68,41.33,2631.6,1.54,Horizontal Oblong,Grey,"(94, 28, 115)","(46.27, -1.0, 0.0)",1.0,62,VISIBLE,0.04,0.17
231,75,person,0.728,1022.73,81.98,1062.68,119.06,1042.71,100.52,39.94,37.07,1480.85,1.08,Spherical / Regular,Grey,"(104, 29, 108)","(43.14, -1.0, -4.0)",4.12,75,VISIBLE,0.04,0.23
231,86,car,0.6032,1036.02,192.68,1088.88,225.95,1062.45,209.32,52.86,33.26,1758.34,1.59,Horizontal Oblong,Grey,"(100, 30, 124)","(48.24, -1.0, -3.0)",3.16,86,VISIBLE,-1.1,0.07
231,53,car,0.6369,848.95,609.76,1279.57,720.0,1064.26,664.88,430.63,110.24,47474.64,3.91,Horizontal Oblong,Grey,"(94, 25, 118)","(46.67, -1.0, -1.0)",1.41,53,VISIBLE,0.12,0.26
231,54,car,0.672,0.03,432.91,189.92,717.61,94.98,575.26,189.89,284.7,54062.24,0.67,Vertical Oblong,Grey,"(103, 34, 110)","(43.53, -1.0, -4.0)",4.12,54,VISIBLE,-0.12,0.18
231,57,car,0.55,724.22,415.68,1012.24,652.74,868.23,534.21,288.02,237.05,68274.96,1.21,Spherical / Regular,Grey,"(98, 58, 86)","(30.98, 1.0, -1.0)",1.41,57,VISIBLE,0.21,0.47
231,76,truck,0.5605,835.22,150.91,914.68,223.02,874.95,186.96,79.47,72.1,5729.8,1.1,Spherical / Regular,Orange,"(16, 107, 94)","(33.33, 5.0, 16.0)",16.76,76,VISIBLE,0.15,0.2
231,41,car,0.4403,732.67,283.11,868.38,390.05,800.53,336.58,135.71,106.94,14513.49,1.27,Horizontal Oblong,Grey,"(20, 18, 157)","(62.35, 1.0, 2.0)",2.24,82,VISIBLE,0.23,0.09
231,67,car,0.5192,955.85,307.12,1124.29,432.43,1040.07,369.77,168.44,125.31,21106.79,1.34,Horizontal Oblong,Orange,"(17, 115, 148)","(49.8, 7.0, 18.0)",19.31,67,VISIBLE,0.19,0.27
231,58,car,0.5174,478.15,339.11,897.89,507.96,688.02,423.54,419.75,168.85,70873.66,2.49,Horizontal Oblong,Grey,"(84, 137, 62)","(22.35, -9.0, 1.0)",9.06,58,VISIBLE,1.27,0.33
231,52,car,0.6584,191.93,627.48,631.15,720.0,411.54,673.74,439.22,92.52,40638.18,4.75,Horizontal Oblong,Grey,"(90, 15, 189)","(75.69, -1.0, 0.0)",1.0,52,VISIBLE,-0.11,0.25
231,51,car,0.5268,53.47,293.94,228.75,410.01,141.11,351.98,175.28,116.07,20343.38,1.51,Horizontal Oblong,Grey,"(102, 35, 125)","(49.8, -2.0, -5.0)",5.39,51,VISIBLE,-0.07,0.16
231,55,car,0.4299,120.4,347.44,359.31,530.32,239.86,438.88,238.91,182.88,43691.56,1.31,Horizontal Oblong,Black,"(104, 64, 49)","(16.08, 2.0, 1.0)",2.24,55,VISIBLE,-0.13,0.38
231,59,car,0.5552,0.03,283.32,79.89,378.17,39.96,330.75,79.87,94.85,7575.25,0.84,Spherical / Regular,Grey,"(102, 19, 64)","(24.71, 1.0, 0.0)",1.0,59,VISIBLE,-0.14,0.52
231,65,car,0.531,321.8,435.88,603.42,677.55,462.61,556.72,281.62,241.67,68059.12,1.17,Spherical / Regular,Black,"(113, 46, 62)","(19.61, 1.0, -3.0)",3.16,65,VISIBLE,0.1,0.67
231,50,car,0.4951,1039.25,347.24,1280.0,543.75,1159.63,445.49,240.75,196.5,47307.27,1.23,Spherical / Regular,Black,"(108, 53, 45)","(14.9, 2.0, 0.0)",2.0,50,VISIBLE,0.08,0.24
231,64,car,0.5207,257.63,309.21,421.12,433.84,339.38,371.52,163.5,124.63,20377.51,1.31,Horizontal Oblong,Orange,"(16, 68, 131)","(44.31, 5.0, 9.0)",10.3,64,VISIBLE,-0.15,0.33
231,63,car,0.4675,1019.88,252.52,1134.19,311.2,1077.03,281.86,114.31,58.68,6707.2,1.95,Horizontal Oblong,Grey,"(103, 48, 99)","(35.69, 0.0, -3.0)",3.0,63,VISIBLE,0.12,0.23
231,81,car,0.2715,960.53,185.73,1000.55,215.5,980.54,200.62,40.01,29.77,1191.4,1.34,Horizontal Oblong,Black,"(105, 45, 49)","(16.67, 0.0, -3.0)",3.0,81,VISIBLE,-0.64,-0.1
231,70,car,0.4449,1093.55,270.04,1272.26,353.77,1182.9,311.91,178.72,83.73,14963.89,2.13,Horizontal Oblong,Black,"(108, 56, 44)","(14.51, 1.0, -2.0)",2.24,70,VISIBLE,0.32,0.26
231,69,car,0.4062,57.36,243.97,191.02,318.67,124.19,281.32,133.66,74.7,9984.86,1.79,Horizontal Oblong,Grey,"(100, 39, 115)","(44.31, -2.0, -5.0)",5.39,69,VISIBLE,-0.74,0.77
231,56,car,0.4136,223.96,251.28,338.94,335.1,281.45,293.19,114.98,83.82,9637.92,1.37,Horizontal Oblong,Grey,"(103, 34, 122)","(48.63, -1.0, -5.0)",5.1,56,VISIBLE,-0.14,0.21
231,84,bus,0.2257,506.18,136.96,546.36,166.7,526.27,151.83,40.18,29.74,1194.79,1.35,Horizontal Oblong,Grey,"(32, 30, 68)","(25.49, 1.0, 2.0)",2.24,84,VISIBLE,0.06,0.28
231,73,car,0.3191,199.03,225.32,296.77,297.61,247.9,261.46,97.74,72.3,7066.44,1.35,Horizontal Oblong,Grey,"(101, 54, 110)","(41.18, -3.0, -6.0)",6.71,73,VISIBLE,-0.14,0.2
231,79,car,0.2513,169.39,159.9,256.05,188.11,212.72,174.0,86.66,28.21,2444.85,3.07,Horizontal Oblong,Black,"(104, 70, 36)","(11.76, -1.0, -4.0)",4.12,79,VISIBLE,-0.22,0.37
231,78,car,0.1679,700.33,229.71,772.49,269.84,736.41,249.77,72.17,40.13,2896.05,1.8,Horizontal Oblong,Grey,"(108, 53, 99)","(35.49, 0.0, -6.0)",6.0,78,VISIBLE,0.18,-0.59
231,83,car,0.3421,84.79,169.12,196.86,203.42,140.82,186.27,112.08,34.3,3844.75,3.27,Horizontal Oblong,Black,"(102, 49, 58)","(21.57, -2.0, -4.0)",4.47,83,VISIBLE,0.03,0.24
231,60,car,0.3115,885.74,258.99,1028.4,365.79,957.07,312.39,142.66,106.8,15236.19,1.34,Horizontal Oblong,Black,"(94, 61, 59)","(21.18, 2.0, 1.0)",2.24,60,VISIBLE,0.26,0.19
231,85,person,0.4696,155.96,180.56,169.26,224.63,162.61,202.6,13.3,44.08,586.39,0.3,Vertical Oblong,Black,"(115, 53, 27)","(7.45, 1.0, -3.0)",3.16,85,VISIBLE,-0.42,0.57
231,72,car,0.3432,344.43,262.22,473.85,381.11,409.14,321.67,129.42,118.89,15386.02,1.09,Spherical / Regular,Grey,"(104, 68, 79)","(27.45, 1.0, -3.0)",3.16,72,VISIBLE,-0.05,0.39
231,89,car,0.2343,1159.01,173.92,1227.82,196.96,1193.41,185.44,68.82,23.04,1585.62,2.99,Horizontal Oblong,Black,"(106, 40, 56)","(21.18, 0.0, -4.0)",4.0,89,VISIBLE,0.19,0.3
231,71,car,0.2939,405.91,250.38,497.7,335.51,451.8,292.95,91.79,85.13,7813.69,1.08,Spherical / Regular,Grey,"(102, 37, 95)","(34.12, 2.0, 0.0)",2.0,71,VISIBLE,0.04,0.27
231,66,car,0.1875,864.97,241.35,969.35,320.23,917.16,280.79,104.38,78.87,8233.17,1.32,Horizontal Oblong,Grey,"(18, 36, 89)","(34.51, 2.0, 3.0)",3.61,66,VISIBLE,0.01,0.1
231,74,car,0.1699,269.9,204.01,337.69,251.37,303.79,227.69,67.8,47.36,3211.09,1.43,Horizontal Oblong,Grey,"(100, 35, 131)","(52.16, -2.0, -5.0)",5.39,74,VISIBLE,-0.31,0.28
231,61,car,0.2868,0.0,344.72,69.58,443.94,34.79,394.33,69.58,99.22,6903.8,0.7,Vertical Oblong,Black,"(69, 31, 53)","(20.39, 1.0, 0.0)",1.0,61,VISIBLE,-0.04,0.45
231,90,car,0.185,968.35,227.49,1063.52,284.98,1015.94,256.24,95.17,57.49,5471.68,1.66,Horizontal Oblong,Grey,"(103, 40, 102)","(40.0, 0.0, -3.0)",3.0,90,VISIBLE,0.18,0.22
231,95,car,0.3572,512.8,267.41,655.44,377.71,584.12,322.56,142.64,110.3,15732.12,1.29,Horizontal Oblong,Black,"(113, 52, 51)","(16.86, 2.0, -3.0)",3.61,95,VISIBLE,-0.23,0.35
231,96,car,0.1998,324.13,220.67,407.48,286.49,365.81,253.58,83.35,65.82,5485.59,1.27,Horizontal Oblong,Grey,"(104, 46, 104)","(38.43, -1.0, -6.0)",6.08,96,VISIBLE,-0.03,0.23
231,97,person,0.3116,1194.94,186.77,1209.76,219.08,1202.35,202.92,14.82,32.31,478.89,0.46,Vertical Oblong,Black,"(113, 20, 24)","(7.06, 0.0, -1.5)",1.5,97,VISIBLE,0.3,0.5
231,91,car,0.166,1130.6,170.34,1172.71,194.16,1151.65,182.25,42.11,23.81,1002.95,1.77,Horizontal Oblong,Grey,"(102, 39, 83)","(33.33, -2.0, -4.0)",4.47,101,VISIBLE,0.05,0.07
231,92,car,0.1776,559.45,228.83,637.58,270.6,598.51,249.71,78.13,41.76,3263.04,1.87,Horizontal Oblong,Black,"(104, 62, 56)","(20.0, -1.0, -5.0)",5.1,102,VISIBLE,0.4,0.44
231,77,car,0.1648,249.03,155.45,311.28,180.21,280.15,167.83,62.25,24.76,1541.23,2.51,Horizontal Oblong,Grey,"(100, 47, 91)","(36.47, -3.0, -5.0)",5.83,103,VISIBLE,-0.12,0.21
231,104,car,0.1543,380.26,207.59,442.78,252.36,411.52,229.98,62.52,44.78,2799.41,1.4,Horizontal Oblong,Grey,"(100, 30, 125)","(48.24, -1.0, -4.0)",4.12,104,VISIBLE,-0.08,0.21
231,80,car,0.1883,1247.65,320.51,1280.0,454.88,1263.82,387.69,32.35,134.37,4347.2,0.24,Vertical Oblong,Black,"(106, 73, 45)","(13.33, 0.0, -2.0)",2.0,106,VISIBLE,1.94,0.55
231,105,car,0.1518,445.01,223.77,526.16,295.96,485.59,259.86,81.15,72.19,5858.17,1.12,Spherical / Regular,Grey,"(101, 41, 102)","(38.43, -1.0, -4.0)",4.12,105,VISIBLE,0.0,0.0
232,3,car,0.4102,629.03,250.22,803.96,337.04,716.5,293.63,174.93,86.82,15187.77,2.01,Horizontal Oblong,Grey,"(100, 19, 116)","(48.24, -2.0, -2.0)",2.83,34,VISIBLE,1.83,0.44
232,33,car,0.2454,823.06,226.85,906.22,296.38,864.64,261.62,83.16,69.53,5782.63,1.2,Spherical / Regular,Grey,"(90, 38, 108)","(40.0, 1.0, 0.0)",1.0,40,VISIBLE,-0.03,0.27
232,39,car,0.511,1189.87,452.71,1280.0,708.39,1234.94,580.55,90.13,255.68,23043.85,0.35,Vertical Oblong,Grey,"(94, 23, 73)","(30.59, -1.0, -1.0)",1.41,39,VISIBLE,0.12,0.06
232,48,person,0.7949,2.26,196.87,23.55,251.25,12.91,224.06,21.29,54.38,1157.57,0.39,Vertical Oblong,Black,"(111, 82, 25)","(5.88, 0.0, -3.0)",3.0,87,VISIBLE,-0.89,0.52
232,62,car,0.7133,1216.37,207.99,1280.0,249.24,1248.19,228.61,63.63,41.25,2624.24,1.54,Horizontal Oblong,Grey,"(93, 28, 115)","(45.88, -1.0, 0.0)",1.0,62,VISIBLE,0.03,0.13
232,75,person,0.7273,1022.73,82.17,1062.79,119.21,1042.76,100.69,40.07,37.05,1484.33,1.08,Spherical / Regular,Grey,"(104, 30, 107)","(42.75, -1.0, -4.0)",4.12,75,VISIBLE,0.05,0.19
232,86,car,0.6137,1035.12,192.84,1087.8,225.93,1061.46,209.39,52.68,33.09,1743.5,1.59,Horizontal Oblong,Grey,"(100, 30, 124)","(48.24, -2.0, -2.0)",2.83,86,VISIBLE,-1.02,0.07
232,53,car,0.6476,849.16,610.22,1279.6,720.0,1064.38,665.11,430.44,109.78,47253.08,3.92,Horizontal Oblong,Grey,"(90, 25, 118)","(47.06, -1.0, 0.0)",1.0,53,VISIBLE,0.12,0.24
232,54,car,0.6576,0.03,433.17,189.7,717.59,94.87,575.38,189.67,284.42,53946.01,0.67,Vertical Oblong,Grey,"(103, 34, 110)","(43.14, -1.0, -4.0)",4.12,54,VISIBLE,-0.11,0.14
232,57,car,0.5747,724.19,416.04,1012.41,653.2,868.3,534.62,288.23,237.16,68355.68,1.22,Spherical / Regular,Grey,"(97, 59, 85)","(30.2, 1.0, -1.0)",1.41,57,VISIBLE,0.11,0.43
232,76,truck,0.5653,835.2,151.13,914.93,223.37,875.07,187.25,79.73,72.25,5760.65,1.1,Spherical / Regular,Orange,"(16, 108, 94)","(32.94, 5.0, 16.0)",16.76,76,VISIBLE,0.13,0.26
232,41,car,0.4519,732.74,283.07,868.5,389.59,800.62,336.33,135.76,106.52,14460.53,1.27,Horizontal Oblong,Grey,"(26, 19, 156)","(62.35, 0.0, 2.0)",2.0,82,VISIBLE,0.14,-0.15
232,67,car,0.5193,955.95,307.38,1124.47,432.76,1040.21,370.07,168.52,125.38,21128.29,1.34,Horizontal Oblong,Orange,"(18, 115, 148)","(49.41, 7.0, 19.0)",20.25,67,VISIBLE,0.15,0.29
232,58,car,0.518,479.66,339.37,900.56,508.24,690.11,423.8,420.9,168.87,71078.09,2.49,Horizontal Oblong,Grey,"(84, 136, 61)","(22.35, -9.0, 1.0)",9.06,58,VISIBLE,1.84,0.29
232,52,car,0.6706,191.74,628.03,631.42,720.0,411.58,674.02,439.68,91.97,40436.95,4.78,Horizontal Oblong,Grey,"(90, 15, 189)","(75.69, -1.0, 0.0)",1.0,52,VISIBLE,-0.01,0.27
232,51,car,0.5386,53.31,294.14,228.58,410.23,140.95,352.18,175.27,116.09,20346.97,1.51,Horizontal Oblong,Grey,"(101, 36, 125)","(50.2, -2.0, -5.0)",5.39,51,VISIBLE,-0.14,0.19
232,55,car,0.3922,120.18,347.85,359.25,530.62,239.72,439.24,239.07,182.77,43695.29,1.31,Horizontal Oblong,Black,"(104, 65, 49)","(16.08, 2.0, 1.0)",2.24,55,VISIBLE,-0.14,0.36
232,59,car,0.5433,0.02,283.52,79.45,379.2,39.74,331.36,79.43,95.68,7599.89,0.83,Spherical / Regular,Grey,"(100, 20, 64)","(24.71, 1.0, 0.0)",1.0,59,VISIBLE,-0.2,0.59
232,65,car,0.5279,321.3,436.26,603.46,678.7,462.38,557.48,282.16,242.44,68408.33,1.16,Spherical / Regular,Black,"(111, 46, 59)","(19.22, 0.0, -2.0)",2.0,65,VISIBLE,-0.13,0.74
232,50,car,0.5038,1039.31,347.44,1280.0,544.06,1159.66,445.75,240.69,196.62,47323.72,1.22,Spherical / Regular,Black,"(108, 52, 44)","(14.9, 2.0, 0.0)",2.0,50,VISIBLE,0.05,0.25
232,64,car,0.5199,257.42,309.23,421.06,434.14,339.24,371.69,163.64,124.91,20440.24,1.31,Horizontal Oblong,Orange,"(16, 69, 130)","(44.31, 5.0, 9.0)",10.3,64,VISIBLE,-0.14,0.21
232,63,car,0.4638,1020.05,252.68,1134.47,311.38,1077.26,282.03,114.43,58.69,6716.11,1.95,Horizontal Oblong,Grey,"(103, 49, 99)","(36.47, 0.0, -3.0)",3.0,63,VISIBLE,0.19,0.19
232,81,car,0.2538,960.52,185.7,999.8,215.43,980.16,200.57,39.28,29.73,1167.79,1.32,Horizontal Oblong,Black,"(104, 43, 50)","(16.47, 0.0, -2.0)",2.0,81,VISIBLE,-0.46,-0.07
232,70,car,0.4399,1093.93,270.25,1272.58,354.05,1183.25,312.15,178.65,83.8,14971.05,2.13,Horizontal Oblong,Black,"(106, 58, 44)","(14.51, 1.0, -2.0)",2.24,70,VISIBLE,0.34,0.25
232,69,car,0.4198,56.02,244.37,190.37,318.84,123.2,281.61,134.35,74.47,10005.5,1.8,Horizontal Oblong,Grey,"(100, 40, 114)","(43.92, -2.0, -5.0)",5.39,69,VISIBLE,-0.92,0.43
232,56,car,0.4204,223.74,251.43,338.82,335.5,281.28,293.47,115.09,84.07,9674.88,1.37,Horizontal Oblong,Grey,"(101, 34, 120)","(47.84, -1.0, -5.0)",5.1,56,VISIBLE,-0.16,0.25
232,84,bus,0.2454,506.38,136.72,546.65,167.1,526.52,151.91,40.27,30.38,1223.6,1.33,Horizontal Oblong,Grey,"(42, 29, 67)","(25.49, 0.0, 2.0)",2.0,84,VISIBLE,0.19,0.14
232,73,car,0.3158,198.9,225.41,296.67,297.7,247.79,261.55,97.77,72.29,7068.08,1.35,Horizontal Oblong,Grey,"(100, 54, 109)","(41.18, -3.0, -6.0)",6.71,73,VISIBLE,-0.12,0.12
232,79,car,0.2542,169.56,160.15,255.2,188.42,212.38,174.29,85.64,28.27,2421.35,3.03,Horizontal Oblong,Black,"(102, 70, 34)","(11.37, -1.0, -4.0)",4.12,79,VISIBLE,-0.3,0.31
232,78,car,0.1679,700.78,229.87,772.41,268.52,736.6,249.2,71.63,38.65,2768.29,1.85,Horizontal Oblong,Grey,"(106, 52, 100)","(37.06, -1.0, -5.0)",5.1,78,VISIBLE,0.18,-0.58
232,83,car,0.3421,84.91,169.27,196.84,203.67,140.88,186.47,111.93,34.4,3850.63,3.25,Horizontal Oblong,Black,"(102, 49, 58)","(21.57, -2.0, -4.0)",4.47,83,VISIBLE,0.04,0.21
232,60,car,0.3262,885.86,259.19,1028.68,365.83,957.27,312.51,142.82,106.64,15229.6,1.34,Horizontal Oblong,Black,"(20, 60, 59)","(21.18, 2.0, 2.0)",2.83,60,VISIBLE,0.22,0.14
232,85,person,0.44,155.59,181.04,169.1,224.93,162.35,202.98,13.52,43.89,593.22,0.31,Vertical Oblong,Black,"(115, 53, 27)","(7.06, 0.5, -3.0)",3.04,85,VISIBLE,-0.31,0.44
232,72,car,0.368,344.29,262.68,473.88,381.34,409.08,322.01,129.59,118.66,15377.51,1.09,Spherical / Regular,Grey,"(103, 68, 78)","(27.45, 0.0, -2.0)",2.0,72,VISIBLE,-0.05,0.36
232,89,car,0.2461,1158.9,174.12,1227.63,197.19,1193.26,185.66,68.73,23.07,1585.71,2.98,Horizontal Oblong,Black,"(106, 40, 56)","(21.18, 0.0, -4.0)",4.0,89,VISIBLE,-0.05,0.24
232,71,car,0.3005,405.94,250.62,497.94,335.51,451.94,293.06,92.0,84.89,7809.96,1.08,Spherical / Regular,Grey,"(100, 37, 95)","(34.51, 1.0, 0.0)",1.0,71,VISIBLE,0.11,0.16
232,66,car,0.1777,864.83,241.33,969.33,320.56,917.08,280.94,104.49,79.23,8278.68,1.32,Horizontal Oblong,Grey,"(18, 36, 89)","(34.12, 2.0, 4.0)",4.47,66,VISIBLE,-0.05,0.14
232,74,car,0.1905,269.53,204.14,337.35,251.71,303.44,227.93,67.82,47.56,3225.96,1.43,Horizontal Oblong,Grey,"(99, 35, 129)","(51.37, -3.0, -5.0)",5.83,74,VISIBLE,-0.34,0.25
232,61,car,0.2879,0.0,345.62,69.36,444.07,34.68,394.84,69.36,98.45,6828.72,0.7,Vertical Oblong,Black,"(74, 30, 52)","(20.39, 1.0, 1.0)",1.41,61,VISIBLE,-0.09,0.49
232,90,car,0.1793,968.49,227.68,1063.5,285.25,1016.0,256.46,95.01,57.57,5469.91,1.65,Horizontal Oblong,Grey,"(101, 38, 104)","(40.39, -1.0, -2.0)",2.24,90,VISIBLE,0.1,0.23
232,95,car,0.3667,512.64,267.64,655.48,378.05,584.06,322.84,142.83,110.4,15769.51,1.29,Horizontal Oblong,Black,"(110, 54, 51)","(16.86, 2.0, -3.0)",3.61,95,VISIBLE,-0.11,0.3
232,96,car,0.2059,324.14,220.82,407.44,287.48,365.79,254.15,83.3,66.66,5552.45,1.25,Spherical / Regular,Grey,"(102, 47, 104)","(38.82, -2.0, -5.0)",5.39,96,VISIBLE,-0.02,0.47
232,97,person,0.2901,1195.52,187.49,1209.81,219.44,1202.66,203.47,14.29,31.95,456.57,0.45,Vertical Oblong,Black,"(113, 22, 24)","(7.06, 0.0, -1.0)",1.0,97,VISIBLE,0.31,0.53
232,91,car,0.166,1130.72,170.42,1172.68,194.22,1151.7,182.32,41.96,23.8,998.71,1.76,Horizontal Oblong,Grey,"(102, 40, 82)","(32.94, -2.0, -4.0)",4.47,101,VISIBLE,0.05,0.07
232,92,car,0.1735,559.56,229.07,638.35,271.48,598.96,250.27,78.79,42.41,3341.63,1.86,Horizontal Oblong,Black,"(104, 60, 57)","(20.78, -1.0, -5.0)",5.1,102,VISIBLE,0.43,0.52
232,77,car,0.1658,249.1,155.52,310.97,180.46,280.04,167.99,61.86,24.94,1542.85,2.48,Horizontal Oblong,Grey,"(100, 47, 92)","(36.86, -4.0, -5.0)",6.4,103,VISIBLE,-0.12,0.17
232,104,car,0.1613,380.06,207.67,442.82,252.71,411.44,230.19,62.76,45.04,2826.83,1.39,Horizontal Oblong,Grey,"(98, 31, 122)","(47.06, -2.0, -2.0)",2.83,104,VISIBLE,-0.08,0.21
232,80,car,0.1866,1247.46,321.32,1280.0,456.43,1263.73,388.87,32.54,135.12,4396.54,0.24,Vertical Oblong,Black,"(106, 75, 44)","(12.94, 0.0, -2.0)",2.0,106,VISIBLE,0.52,0.99
232,105,car,0.1522,444.93,223.84,526.21,296.25,485.57,260.05,81.28,72.41,5885.38,1.12,Spherical / Regular,Grey,"(100, 41, 101)","(38.04, -1.0, -4.0)",4.12,105,VISIBLE,-0.01,0.18
233,3,car,0.4029,629.17,250.41,806.05,337.2,717.61,293.8,176.88,86.79,15350.66,2.04,Horizontal Oblong,Grey,"(100, 19, 117)","(48.24, -2.0, -2.0)",2.83,34,VISIBLE,1.33,0.25
233,33,car,0.2352,823.18,226.89,906.08,296.65,864.63,261.77,82.9,69.75,5782.73,1.19,Spherical / Regular,Grey,"(100, 39, 108)","(40.0, 2.0, 0.0)",2.0,40,VISIBLE,-0.01,0.19
233,39,car,0.5065,1189.94,453.02,1280.0,707.95,1234.97,580.49,90.06,254.93,22960.11,0.35,Vertical Oblong,Grey,"(94, 22, 74)","(30.59, -1.0, -1.0)",1.41,39,VISIBLE,0.06,-0.03
233,48,person,0.8027,1.22,197.21,23.16,251.61,12.19,224.41,21.95,54.4,1193.92,0.4,Vertical Oblong,Black,"(111, 78, 26)","(5.88, 2.0, -4.0)",4.47,87,VISIBLE,-0.77,0.4
233,62,car,0.7117,1216.49,208.09,1280.0,249.28,1248.25,228.68,63.51,41.19,2615.89,1.54,Horizontal Oblong,Grey,"(94, 27, 115)","(45.88, -1.0, -1.0)",1.41,62,VISIBLE,0.05,0.09
233,75,person,0.7338,1022.77,82.34,1063.07,119.33,1042.92,100.83,40.3,36.99,1490.58,1.09,Spherical / Regular,Grey,"(106, 31, 108)","(43.14, -1.0, -5.0)",5.1,75,VISIBLE,0.13,0.16
233,86,car,0.6043,1034.25,192.83,1086.63,225.94,1060.44,209.39,52.38,33.11,1734.3,1.58,Horizontal Oblong,Grey,"(101, 30, 124)","(48.43, -1.0, -3.0)",3.16,86,VISIBLE,-1.02,0.02
233,53,car,0.65,849.34,610.66,1279.61,720.0,1064.48,665.33,430.28,109.34,47047.28,3.94,Horizontal Oblong,Grey,"(98, 25, 119)","(47.06, -1.0, -1.0)",1.41,53,VISIBLE,0.1,0.23
233,54,car,0.6566,0.03,433.41,189.57,717.58,94.8,575.5,189.54,284.16,53858.9,0.67,Vertical Oblong,Grey,"(103, 34, 110)","(43.53, -1.0, -4.0)",4.12,54,VISIBLE,-0.08,0.12
233,57,car,0.5715,723.98,416.26,1012.68,653.59,868.33,534.93,288.7,237.33,68516.69,1.22,Spherical / Regular,Grey,"(98, 59, 86)","(30.59, 1.0, -1.0)",1.41,57,VISIBLE,0.05,0.34
233,76,truck,0.5643,835.21,151.21,915.1,223.79,875.15,187.5,79.89,72.58,5797.89,1.1,Spherical / Regular,Orange,"(15, 107, 93)","(32.94, 5.0, 15.0)",15.81,76,VISIBLE,0.1,0.25
233,41,car,0.4301,732.87,282.85,868.62,389.13,800.75,335.99,135.74,106.29,14427.81,1.28,Horizontal Oblong,Grey,"(26, 18, 156)","(62.35, 0.0, 2.0)",2.0,82,VISIBLE,0.13,-0.28
233,67,car,0.5157,955.92,307.56,1124.77,432.95,1040.34,370.25,168.85,125.39,21172.43,1.35,Horizontal Oblong,Orange,"(17, 116, 149)","(49.41, 7.0, 19.0)",20.25,67,VISIBLE,0.14,0.22
233,58,car,0.5159,481.3,339.54,906.38,508.33,693.84,423.93,425.07,168.79,71746.53,2.52,Horizontal Oblong,Grey,"(85, 132, 62)","(22.75, -9.0, 1.0)",9.06,58,VISIBLE,3.16,0.18
233,52,car,0.6634,191.42,628.72,631.62,720.0,411.52,674.36,440.21,91.28,40181.53,4.82,Horizontal Oblong,Grey,"(90, 15, 189)","(76.08, 0.0, 0.0)",0.0,52,VISIBLE,-0.04,0.32
233,51,car,0.5459,53.17,294.28,228.42,410.36,140.8,352.32,175.26,116.08,20344.09,1.51,Horizontal Oblong,Grey,"(101, 35, 125)","(50.2, -2.0, -5.0)",5.39,51,VISIBLE,-0.15,0.15
233,55,car,0.4569,120.05,347.99,359.13,531.08,239.59,439.54,239.08,183.08,43772.67,1.31,Horizontal Oblong,Black,"(106, 64, 49)","(16.08, 2.0, 1.0)",2.24,55,VISIBLE,-0.13,0.32
233,59,car,0.5541,0.01,283.68,78.84,379.83,39.43,331.75,78.83,96.15,7579.46,0.82,Spherical / Regular,Grey,"(105, 20, 65)","(24.71, 1.0, 0.0)",1.0,59,VISIBLE,-0.28,0.45
233,65,car,0.5174,320.77,436.7,603.57,680.11,462.17,558.41,282.8,243.4,68834.25,1.16,Spherical / Regular,Black,"(113, 45, 58)","(18.82, 1.0, -2.0)",2.24,65,VISIBLE,-0.19,0.87
233,50,car,0.4805,1039.34,347.59,1280.0,544.46,1159.67,446.03,240.66,196.87,47379.67,1.22,Spherical / Regular,Black,"(108, 51, 44)","(14.9, 2.0, 0.0)",2.0,50,VISIBLE,0.02,0.27
233,64,car,0.5259,257.24,309.18,421.02,434.32,339.13,371.75,163.79,125.15,20497.61,1.31,Horizontal Oblong,Orange,"(16, 69, 131)","(44.31, 5.0, 9.0)",10.3,64,VISIBLE,-0.12,0.11
233,63,car,0.4641,1020.19,252.82,1134.68,311.5,1077.44,282.16,114.49,58.69,6719.15,1.95,Horizontal Oblong,Grey,"(103, 50, 100)","(36.86, 0.0, -3.0)",3.0,63,VISIBLE,0.18,0.15
233,81,car,0.2464,960.3,185.64,999.1,215.31,979.7,200.47,38.81,29.67,1151.41,1.31,Horizontal Oblong,Black,"(109, 49, 53)","(16.86, 1.0, -3.0)",3.16,81,VISIBLE,-0.46,-0.08
233,70,car,0.4246,1094.1,270.42,1273.11,354.28,1183.6,312.35,179.01,83.87,15012.95,2.13,Horizontal Oblong,Black,"(108, 58, 45)","(14.51, 1.0, -2.0)",2.24,70,VISIBLE,0.35,0.21
233,69,car,0.4099,55.06,244.61,189.71,318.64,122.39,281.63,134.66,74.03,9968.04,1.82,Horizontal Oblong,Grey,"(101, 40, 114)","(43.92, -2.0, -5.0)",5.39,69,VISIBLE,-0.84,0.14
233,56,car,0.4164,223.51,251.55,338.76,335.82,281.13,293.68,115.25,84.26,9711.39,1.37,Horizontal Oblong,Grey,"(103, 34, 120)","(47.45, -1.0, -5.0)",5.1,56,VISIBLE,-0.15,0.23
233,84,bus,0.2442,506.42,136.56,546.8,167.37,526.61,151.97,40.38,30.81,1244.19,1.31,Horizontal Oblong,Grey,"(36, 29, 68)","(25.88, 1.0, 2.0)",2.24,84,VISIBLE,0.12,0.08
233,73,car,0.3231,198.76,225.6,296.68,297.73,247.72,261.67,97.92,72.13,7062.7,1.36,Horizontal Oblong,Grey,"(100, 54, 109)","(41.18, -3.0, -6.0)",6.71,73,VISIBLE,-0.08,0.11
233,79,car,0.2228,169.5,160.29,254.44,188.6,211.97,174.45,84.95,28.3,2404.24,3.0,Horizontal Oblong,Black,"(105, 67, 35)","(11.76, 0.0, -4.0)",4.0,79,VISIBLE,-0.38,0.2
233,78,car,0.1679,701.24,230.04,772.33,267.21,736.79,248.62,71.09,37.17,2642.13,1.91,Horizontal Oblong,Grey,"(108, 51, 98)","(36.08, 0.0, -5.0)",5.0,78,VISIBLE,0.19,-0.57
233,83,car,0.3351,84.89,169.32,196.78,203.83,140.83,186.58,111.89,34.51,3861.15,3.24,Horizontal Oblong,Black,"(102, 50, 59)","(21.96, -2.0, -4.0)",4.47,83,VISIBLE,-0.02,0.14
233,60,car,0.3319,885.95,259.29,1028.89,365.84,957.42,312.56,142.94,106.55,15230.29,1.34,Horizontal Oblong,Black,"(90, 58, 60)","(21.18, 3.0, 2.0)",3.61,60,VISIBLE,0.17,0.08
233,85,person,0.4131,155.22,181.78,169.1,225.16,162.16,203.47,13.88,43.38,602.18,0.32,Vertical Oblong,Black,"(120, 51, 27)","(7.06, 2.0, -3.0)",3.61,85,VISIBLE,-0.22,0.47
233,72,car,0.3719,344.08,263.07,473.9,381.61,408.99,322.34,129.83,118.54,15389.77,1.1,Spherical / Regular,Grey,"(103, 68, 79)","(27.84, 1.0, -3.0)",3.16,72,VISIBLE,-0.08,0.34
233,89,car,0.2442,1158.74,174.26,1226.88,197.32,1192.81,185.79,68.14,23.07,1571.79,2.95,Horizontal Oblong,Black,"(106, 40, 57)","(21.57, 0.0, -4.0)",4.0,89,VISIBLE,-0.33,0.17
233,71,car,0.2992,405.85,250.8,498.14,335.4,452.0,293.1,92.29,84.59,7806.69,1.09,Spherical / Regular,Grey,"(104, 37, 94)","(34.12, 1.0, 0.0)",1.0,71,VISIBLE,0.07,0.07
233,66,car,0.1837,864.86,241.32,969.35,320.97,917.1,281.14,104.49,79.66,8323.49,1.31,Horizontal Oblong,Grey,"(16, 37, 89)","(34.12, 2.0, 3.0)",3.61,66,VISIBLE,0.0,0.18
233,74,car,0.1845,269.05,204.22,336.99,251.89,303.02,228.05,67.94,47.68,3239.07,1.42,Horizontal Oblong,Grey,"(100, 36, 127)","(50.2, -2.0, -5.0)",5.39,74,VISIBLE,-0.4,0.17
233,61,car,0.296,0.0,346.47,69.16,444.12,34.58,395.3,69.16,97.65,6752.88,0.71,Vertical Oblong,Black,"(90, 30, 54)","(20.39, 1.0, 0.0)",1.0,61,VISIBLE,-0.1,0.46
233,90,car,0.161,968.55,227.81,1063.39,285.54,1015.97,256.67,94.84,57.73,5475.35,1.64,Horizontal Oblong,Grey,"(101, 39, 103)","(40.0, 0.0, -3.0)",3.0,90,VISIBLE,0.01,0.21
233,95,car,0.3728,512.71,267.8,655.65,378.37,584.18,323.09,142.94,110.57,15805.01,1.29,Horizontal Oblong,Black,"(113, 55, 51)","(16.86, 2.0, -3.0)",3.61,95,VISIBLE,0.05,0.26
233,96,car,0.2135,324.19,220.89,407.33,287.92,365.76,254.4,83.14,67.03,5573.37,1.24,Spherical / Regular,Grey,"(102, 47, 104)","(38.82, -2.0, -6.0)",6.32,96,VISIBLE,-0.03,0.32
233,97,person,0.3072,1195.56,186.37,1209.89,219.74,1202.72,203.06,14.33,33.36,478.02,0.43,Vertical Oblong,Black,"(130, 26, 25)","(7.45, 0.0, -2.0)",2.0,97,VISIBLE,0.14,-0.13
233,91,car,0.166,1130.84,170.5,1172.65,194.29,1151.74,182.4,41.8,23.79,994.46,1.76,Horizontal Oblong,Grey,"(102, 39, 83)","(33.33, -2.0, -4.0)",4.47,101,VISIBLE,0.05,0.07
233,92,car,0.1726,559.51,229.24,638.42,272.2,598.97,250.72,78.9,42.97,3390.35,1.84,Horizontal Oblong,Black,"(104, 54, 58)","(21.18, -1.0, -5.0)",5.1,102,VISIBLE,0.14,0.47
233,77,car,0.1629,249.18,155.58,311.02,180.72,280.1,168.15,61.84,25.14,1554.72,2.46,Horizontal Oblong,Grey,"(98, 44, 89)","(35.69, -4.0, -4.0)",5.66,103,VISIBLE,0.01,0.16
233,104,car,0.1587,379.46,207.66,442.79,252.92,411.12,230.29,63.33,45.26,2866.21,1.4,Horizontal Oblong,Grey,"(98, 29, 122)","(48.04, -2.0, -2.0)",2.83,104,VISIBLE,-0.24,0.13
233,80,car,0.1849,1247.39,321.82,1280.0,455.99,1263.69,388.9,32.61,134.17,4375.65,0.24,Vertical Oblong,Black,"(106, 69, 45)","(12.94, 0.0, -2.0)",2.0,106,VISIBLE,0.13,0.32
233,105,car,0.1502,444.66,223.77,526.32,296.38,485.49,260.08,81.66,72.61,5929.18,1.12,Spherical / Regular,Grey,"(101, 41, 101)","(38.04, -1.0, -5.0)",5.1,105,VISIBLE,-0.06,0.08
234,3,car,0.3974,631.28,250.69,809.32,337.32,720.3,294.0,178.04,86.63,15423.49,2.06,Horizontal Oblong,Grey,"(100, 19, 117)","(48.24, -2.0, -2.0)",2.83,34,VISIBLE,2.28,0.22
234,33,car,0.2249,823.29,226.94,905.99,297.02,864.64,261.98,82.7,70.08,5796.24,1.18,Spherical / Regular,Grey,"(100, 39, 108)","(40.0, 2.0, 0.0)",2.0,40,VISIBLE,0.0,0.2
234,39,car,0.5051,1190.02,453.44,1280.0,707.76,1235.01,580.6,89.98,254.32,22883.38,0.35,Vertical Oblong,Grey,"(94, 22, 74)","(30.59, -1.0, -1.0)",1.41,39,VISIBLE,0.05,0.07
234,48,person,0.8003,0.32,197.15,22.74,251.8,11.53,224.48,22.41,54.65,1224.83,0.41,Vertical Oblong,Black,"(111, 78, 26)","(5.88, 1.0, -4.0)",4.12,87,VISIBLE,-0.69,0.17
234,62,car,0.7077,1216.63,208.18,1280.0,249.33,1248.32,228.75,63.37,41.16,2607.99,1.54,Horizontal Oblong,Grey,"(94, 26, 114)","(45.88, -1.0, -1.0)",1.41,62,VISIBLE,0.06,0.07
234,75,person,0.7321,1022.8,82.5,1063.44,119.39,1043.12,100.95,40.63,36.89,1499.1,1.1,Spherical / Regular,Grey,"(106, 32, 109)","(43.14, -1.0, -5.0)",5.1,75,VISIBLE,0.18,0.12
234,86,car,0.6062,1033.22,192.92,1085.5,225.92,1059.36,209.42,52.28,33.0,1725.4,1.58,Horizontal Oblong,Grey,"(100, 30, 123)","(48.63, -1.5, -3.0)",3.35,86,VISIBLE,-1.06,0.03
234,53,car,0.6426,849.76,611.11,1279.62,720.0,1064.69,665.55,429.86,108.89,46808.2,3.95,Horizontal Oblong,Grey,"(99, 25, 119)","(47.06, -1.0, -1.0)",1.41,53,VISIBLE,0.18,0.23
234,54,car,0.6638,0.03,433.65,189.46,717.65,94.74,575.65,189.43,284.0,53797.02,0.67,Vertical Oblong,Grey,"(103, 33, 110)","(43.53, -1.0, -4.0)",4.12,54,VISIBLE,-0.06,0.15
234,57,car,0.545,723.87,416.46,1012.9,654.23,868.38,535.35,289.02,237.78,68723.66,1.22,Spherical / Regular,Grey,"(98, 59, 85)","(30.2, 1.0, -1.0)",1.41,57,VISIBLE,0.05,0.4
234,76,truck,0.552,835.19,151.31,915.17,224.21,875.18,187.76,79.98,72.9,5830.18,1.1,Spherical / Regular,Orange,"(16, 107, 93)","(32.94, 5.0, 15.0)",15.81,76,VISIBLE,0.05,0.26
234,41,car,0.4269,732.92,282.75,868.72,388.72,800.82,335.74,135.8,105.96,14389.51,1.28,Horizontal Oblong,Grey,"(30, 18, 155)","(62.35, 0.0, 1.0)",1.0,82,VISIBLE,0.09,-0.26
234,67,car,0.5158,955.91,307.68,1125.02,433.19,1040.47,370.43,169.11,125.51,21225.31,1.35,Horizontal Oblong,Orange,"(18, 114, 148)","(49.41, 7.0, 19.0)",20.25,67,VISIBLE,0.13,0.19
234,58,car,0.4921,482.86,339.8,911.92,508.41,697.39,424.1,429.06,168.61,72345.76,2.54,Horizontal Oblong,Grey,"(84, 130, 63)","(22.75, -9.0, 0.0)",9.0,58,VISIBLE,3.43,0.17
234,52,car,0.6596,190.69,629.68,631.5,720.0,411.09,674.84,440.81,90.32,39812.84,4.88,Horizontal Oblong,Grey,"(66, 15, 189)","(76.08, -1.0, 1.0)",1.41,52,VISIBLE,-0.31,0.43
234,51,car,0.5562,53.06,294.41,228.34,410.42,140.7,352.41,175.28,116.01,20333.54,1.51,Horizontal Oblong,Grey,"(101, 36, 125)","(50.2, -2.0, -5.0)",5.39,51,VISIBLE,-0.11,0.11
234,55,car,0.442,119.96,348.04,359.0,531.47,239.48,439.76,239.04,183.43,43846.89,1.3,Horizontal Oblong,Black,"(104, 65, 49)","(16.08, 2.0, 1.0)",2.24,55,VISIBLE,-0.12,0.25
234,59,car,0.5447,0.02,283.77,78.12,380.23,39.07,332.0,78.1,96.47,7534.05,0.81,Spherical / Regular,Grey,"(99, 19, 63)","(24.71, 1.0, 0.0)",1.0,59,VISIBLE,-0.33,0.31
234,65,car,0.5447,320.29,437.12,603.99,680.2,462.14,558.66,283.7,243.07,68960.47,1.17,Spherical / Regular,Black,"(115, 47, 58)","(18.82, 1.0, -3.0)",3.16,65,VISIBLE,-0.08,0.44
234,50,car,0.4653,1039.37,347.76,1280.0,544.68,1159.69,446.22,240.63,196.91,47382.4,1.22,Spherical / Regular,Black,"(108, 51, 44)","(14.9, 2.0, 0.0)",2.0,50,VISIBLE,0.02,0.22
234,64,car,0.5346,257.17,309.18,421.02,434.46,339.09,371.82,163.85,125.29,20528.41,1.31,Horizontal Oblong,Orange,"(16, 70, 130)","(44.31, 5.0, 9.0)",10.3,64,VISIBLE,-0.06,0.08
234,63,car,0.4686,1020.21,252.93,1135.01,311.61,1077.61,282.27,114.81,58.67,6736.22,1.96,Horizontal Oblong,Grey,"(103, 50, 100)","(36.86, 0.0, -3.0)",3.0,63,VISIBLE,0.18,0.12
234,81,car,0.2197,960.22,185.61,998.02,215.24,979.12,200.43,37.8,29.64,1120.3,1.28,Horizontal Oblong,Black,"(108, 52, 51)","(16.47, 1.0, -4.0)",4.12,81,VISIBLE,-0.54,-0.06
234,70,car,0.4242,1094.13,270.54,1273.69,354.54,1183.91,312.54,179.56,84.0,15083.33,2.14,Horizontal Oblong,Black,"(106, 58, 44)","(14.51, 0.0, -2.0)",2.0,70,VISIBLE,0.32,0.2
234,69,car,0.385,53.93,244.78,189.15,318.15,121.54,281.47,135.22,73.37,9921.82,1.84,Horizontal Oblong,Grey,"(101, 40, 114)","(44.31, -2.0, -5.0)",5.39,69,VISIBLE,-0.84,-0.07
234,56,car,0.4174,223.37,251.59,338.72,336.09,281.04,293.84,115.35,84.5,9746.18,1.37,Horizontal Oblong,Grey,"(102, 34, 120)","(48.24, -1.0, -4.0)",4.12,56,VISIBLE,-0.11,0.18
234,84,bus,0.2456,506.37,136.4,546.9,167.73,526.63,152.06,40.53,31.33,1269.72,1.29,Horizontal Oblong,Grey,"(36, 29, 69)","(25.88, 1.0, 2.0)",2.24,84,VISIBLE,0.05,0.09
234,73,car,0.3159,198.7,225.82,296.67,297.78,247.69,261.8,97.97,71.96,7050.01,1.36,Horizontal Oblong,Grey,"(100, 54, 109)","(41.18, -3.0, -6.0)",6.71,73,VISIBLE,-0.05,0.13
234,79,car,0.2192,169.58,160.38,254.06,188.61,211.82,174.49,84.47,28.24,2385.15,2.99,Horizontal Oblong,Black,"(105, 66, 36)","(12.16, -1.0, -4.0)",4.12,79,VISIBLE,-0.22,0.1
234,83,car,0.3412,84.61,169.36,196.75,203.96,140.68,186.66,112.14,34.6,3880.6,3.24,Horizontal Oblong,Black,"(102, 49, 58)","(21.96, -2.0, -4.0)",4.47,83,VISIBLE,-0.11,0.1
234,60,car,0.3408,885.94,259.31,1029.05,365.82,957.49,312.57,143.1,106.5,15240.77,1.34,Horizontal Oblong,Black,"(30, 59, 60)","(21.57, 2.0, 2.0)",2.83,60,VISIBLE,0.1,0.02
234,85,person,0.4164,154.88,182.29,169.16,225.28,162.02,203.78,14.28,42.99,613.82,0.33,Vertical Oblong,Black,"(120, 49, 27)","(7.06, 2.0, -3.0)",3.61,85,VISIBLE,-0.16,0.36
234,72,car,0.3571,343.93,263.26,473.9,381.8,408.92,322.53,129.98,118.53,15406.64,1.1,Spherical / Regular,Grey,"(103, 68, 78)","(27.84, 1.0, -2.0)",2.24,72,VISIBLE,-0.08,0.23
234,89,car,0.2405,1158.58,174.33,1225.67,197.46,1192.12,185.9,67.09,23.13,1551.76,2.9,Horizontal Oblong,Black,"(106, 39, 57)","(21.57, 0.0, -4.0)",4.0,89,VISIBLE,-0.58,0.12
234,71,car,0.2924,405.8,250.89,498.25,335.29,452.02,293.09,92.45,84.41,7803.22,1.1,Spherical / Regular,Grey,"(103, 37, 94)","(34.12, 1.0, 0.0)",1.0,71,VISIBLE,0.04,0.02
234,66,car,0.1794,864.84,241.3,969.35,321.22,917.09,281.26,104.51,79.92,8352.29,1.31,Horizontal Oblong,Grey,"(16, 37, 89)","(34.12, 2.0, 3.0)",3.61,66,VISIBLE,-0.01,0.13
234,74,car,0.1938,268.4,204.18,336.63,251.95,302.52,228.07,68.23,47.76,3258.88,1.43,Horizontal Oblong,Grey,"(100, 37, 127)","(50.98, -2.0, -5.0)",5.39,74,VISIBLE,-0.47,0.06
234,61,car,0.3053,-0.0,347.05,68.97,443.96,34.48,395.5,68.97,96.9,6683.38,0.71,Vertical Oblong,Black,"(69, 30, 54)","(20.39, 1.0, 1.0)",1.41,61,VISIBLE,-0.1,0.29
234,90,car,0.1603,968.56,227.91,1063.27,285.81,1015.91,256.86,94.71,57.9,5484.13,1.64,Horizontal Oblong,Grey,"(100, 39, 102)","(39.61, -1.0, -2.0)",2.24,90,VISIBLE,-0.04,0.19
234,95,car,0.3687,512.66,267.88,655.41,378.84,584.03,323.36,142.74,110.96,15839.39,1.29,Horizontal Oblong,Black,"(111, 54, 50)","(16.47, 2.0, -3.0)",3.61,95,VISIBLE,-0.09,0.27
234,96,car,0.2161,324.24,220.89,407.26,288.18,365.75,254.53,83.02,67.29,5586.28,1.23,Spherical / Regular,Grey,"(102, 46, 105)","(39.22, -1.0, -6.0)",6.08,96,VISIBLE,-0.02,0.19
234,97,person,0.3391,1195.56,185.48,1209.96,219.86,1202.76,202.67,14.4,34.39,495.05,0.42,Vertical Oblong,Black,"(130, 27, 24)","(7.06, 1.0, -2.0)",2.24,97,VISIBLE,0.07,-0.31
234,92,car,0.1749,559.41,229.33,638.33,272.69,598.87,251.01,78.92,43.36,3421.88,1.82,Horizontal Oblong,Black,"(104, 55, 57)","(21.18, -1.0, -5.0)",5.1,102,VISIBLE,-0.03,0.34
234,77,car,0.1596,249.24,155.67,311.13,180.85,280.19,168.26,61.88,25.18,1558.13,2.46,Horizontal Oblong,Grey,"(98, 44, 90)","(35.69, -4.0, -4.0)",5.66,103,VISIBLE,0.06,0.13
234,104,car,0.1556,378.79,207.65,442.79,253.04,410.79,230.35,63.99,45.39,2904.38,1.41,Horizontal Oblong,Grey,"(99, 29, 124)","(48.24, -2.0, -2.0)",2.83,104,VISIBLE,-0.31,0.08
234,80,car,0.1713,1247.28,322.39,1280.0,454.83,1263.64,388.61,32.72,132.44,4333.42,0.25,Vertical Oblong,Black,"(104, 64, 44)","(12.94, -1.0, -2.0)",2.24,106,VISIBLE,0.0,-0.11
234,105,car,0.1524,444.48,223.8,526.42,296.37,485.45,260.09,81.93,72.57,5945.94,1.13,Spherical / Regular,Grey,"(101, 41, 101)","(38.04, -1.0, -5.0)",5.1,105,VISIBLE,-0.05,0.03
234,93,truck,0.1853,909.41,141.28,952.65,176.54,931.03,158.91,43.24,35.26,1524.62,1.23,Spherical / Regular,Grey,"(100, 25, 85)","(34.51, -1.0, -3.0)",3.16,107,VISIBLE,1.62,-3.39
235,3,car,0.3651,634.36,250.95,812.65,337.24,723.5,294.1,178.29,86.3,15385.69,2.07,Horizontal Oblong,Grey,"(100, 19, 117)","(48.63, -2.0, -2.0)",2.83,34,VISIBLE,2.93,0.13
235,33,car,0.2169,823.4,227.0,905.88,296.94,864.64,261.97,82.48,69.94,5768.86,1.18,Spherical / Regular,Grey,"(99, 40, 109)","(40.0, 1.0, 0.0)",1.0,40,VISIBLE,0.0,0.05
235,39,car,0.5091,1190.2,453.43,1280.0,707.95,1235.1,580.69,89.8,254.52,22855.59,0.35,Vertical Oblong,Grey,"(94, 22, 74)","(30.59, -1.0, -1.0)",1.41,39,VISIBLE,0.08,0.08
235,48,person,0.7931,-0.33,197.29,22.11,251.92,10.89,224.61,22.43,54.63,1225.59,0.41,Vertical Oblong,Black,"(113, 78, 26)","(5.88, 2.0, -4.0)",4.47,87,VISIBLE,-0.66,0.14
235,62,car,0.699,1216.75,208.33,1280.0,249.43,1248.37,228.88,63.25,41.11,2600.12,1.54,Horizontal Oblong,Grey,"(94, 26, 114)","(45.88, -1.0, -1.0)",1.41,62,VISIBLE,0.06,0.11
235,75,person,0.7331,1022.82,82.6,1063.79,119.44,1043.3,101.02,40.97,36.84,1509.49,1.11,Spherical / Regular,Grey,"(106, 32, 109)","(43.14, -1.0, -5.0)",5.1,75,VISIBLE,0.18,0.09
235,86,car,0.5872,1032.09,192.97,1084.47,225.88,1058.28,209.42,52.38,32.91,1724.16,1.59,Horizontal Oblong,Grey,"(100, 31, 124)","(48.24, -2.0, -3.0)",3.61,86,VISIBLE,-1.07,0.01
235,53,car,0.6569,849.91,611.63,1279.09,720.0,1064.5,665.82,429.18,108.37,46510.44,3.96,Horizontal Oblong,Grey,"(94, 25, 120)","(48.24, -1.0, 0.0)",1.0,53,VISIBLE,-0.08,0.25
235,54,car,0.6735,0.03,433.84,189.31,717.72,94.67,575.78,189.28,283.88,53732.34,0.67,Vertical Oblong,Grey,"(103, 33, 110)","(43.53, -1.0, -4.0)",4.12,54,VISIBLE,-0.07,0.13
235,57,car,0.5467,723.87,416.47,1013.16,654.72,868.51,535.59,289.28,238.25,68921.71,1.21,Spherical / Regular,Grey,"(98, 59, 86)","(30.59, 1.0, -2.0)",2.24,57,VISIBLE,0.11,0.29
235,76,truck,0.5493,835.16,151.41,915.12,224.51,875.14,187.96,79.96,73.1,5845.13,1.09,Spherical / Regular,Orange,"(15, 107, 93)","(32.94, 5.0, 15.0)",15.81,76,VISIBLE,-0.01,0.22
235,41,car,0.4205,733.13,282.63,868.72,388.74,800.92,335.68,135.59,106.11,14387.85,1.28,Horizontal Oblong,Grey,"(30, 18, 155)","(61.96, 0.0, 1.0)",1.0,82,VISIBLE,0.1,-0.11
235,67,car,0.5146,955.96,307.82,1125.09,433.36,1040.52,370.59,169.13,125.53,21231.59,1.35,Horizontal Oblong,Orange,"(17, 115, 148)","(49.41, 7.0, 18.0)",19.31,67,VISIBLE,0.08,0.17
235,58,car,0.4854,484.46,340.03,916.8,508.36,700.63,424.2,432.34,168.33,72775.79,2.57,Horizontal Oblong,Grey,"(85, 128, 63)","(23.14, -9.0, 0.0)",9.0,58,VISIBLE,3.3,0.11
235,52,car,0.6579,189.91,630.56,631.39,720.0,410.65,675.28,441.48,89.44,39487.44,4.94,Horizontal Oblong,Grey,"(90, 15, 189)","(76.08, 0.0, 0.0)",0.0,52,VISIBLE,-0.4,0.44
235,51,car,0.5573,52.94,294.53,228.2,410.46,140.57,352.5,175.26,115.93,20318.32,1.51,Horizontal Oblong,Grey,"(101, 36, 125)","(49.8, -2.0, -5.0)",5.39,51,VISIBLE,-0.12,0.09
235,55,car,0.4376,119.84,348.01,358.74,531.9,239.29,439.96,238.9,183.89,43932.85,1.3,Horizontal Oblong,Black,"(104, 65, 49)","(16.08, 2.0, 1.0)",2.24,55,VISIBLE,-0.17,0.21
235,59,car,0.5509,0.02,283.82,77.22,380.15,38.62,331.98,77.19,96.33,7435.98,0.8,Spherical / Regular,Grey,"(42, 18, 63)","(24.71, 1.0, 0.0)",1.0,59,VISIBLE,-0.41,0.08
235,65,car,0.5677,319.9,437.47,604.13,680.19,462.02,558.83,284.23,242.71,68987.18,1.17,Spherical / Regular,Black,"(115, 47, 58)","(19.22, 1.0, -3.0)",3.16,65,VISIBLE,-0.11,0.25
235,50,car,0.5004,1039.36,347.87,1280.0,544.96,1159.68,446.42,240.64,197.08,47425.28,1.22,Spherical / Regular,Black,"(108, 52, 44)","(14.9, 2.0, 0.0)",2.0,50,VISIBLE,0.0,0.2
235,64,car,0.5317,257.05,309.32,420.97,434.58,339.01,371.95,163.92,125.26,20532.8,1.31,Horizontal Oblong,Orange,"(16, 69, 130)","(44.31, 5.0, 9.0)",10.3,64,VISIBLE,-0.08,0.12
235,63,car,0.4741,1020.12,253.06,1135.42,311.81,1077.77,282.43,115.29,58.75,6774.1,1.96,Horizontal Oblong,Grey,"(103, 50, 99)","(36.47, 0.0, -3.0)",3.0,63,VISIBLE,0.17,0.15
235,81,car,0.2146,959.44,185.64,997.16,215.38,978.3,200.51,37.72,29.74,1121.91,1.27,Horizontal Oblong,Black,"(111, 50, 50)","(16.47, 1.0, -3.0)",3.16,81,VISIBLE,-0.74,0.04
235,70,car,0.4166,1094.1,270.73,1274.12,354.67,1184.11,312.7,180.02,83.95,15112.59,2.14,Horizontal Oblong,Black,"(106, 57, 44)","(14.51, 0.0, -2.0)",2.0,70,VISIBLE,0.24,0.17
235,69,car,0.3744,52.78,244.98,188.56,318.06,120.67,281.52,135.78,73.07,9921.61,1.86,Horizontal Oblong,Grey,"(101, 40, 114)","(43.92, -2.0, -5.0)",5.39,69,VISIBLE,-0.86,0.02
235,56,car,0.4184,223.26,251.73,338.7,336.32,280.98,294.03,115.45,84.59,9765.46,1.36,Horizontal Oblong,Grey,"(101, 34, 120)","(47.84, -1.0, -4.0)",4.12,56,VISIBLE,-0.08,0.18
235,84,bus,0.2541,506.3,136.33,546.99,168.0,526.65,152.17,40.69,31.68,1289.03,1.28,Horizontal Oblong,Grey,"(50, 27, 69)","(26.67, 1.0, 1.0)",1.41,84,VISIBLE,0.02,0.1
235,73,car,0.3229,198.47,226.08,296.68,297.86,247.58,261.97,98.21,71.78,7049.5,1.37,Horizontal Oblong,Grey,"(100, 54, 109)","(41.18, -3.0, -6.0)",6.71,73,VISIBLE,-0.09,0.16
235,79,car,0.2197,169.53,160.4,253.85,188.64,211.69,174.52,84.32,28.25,2381.68,2.98,Horizontal Oblong,Black,"(105, 65, 35)","(11.76, 0.0, -4.0)",4.0,79,VISIBLE,-0.16,0.05
235,83,car,0.3159,84.29,169.5,196.76,204.08,140.52,186.79,112.47,34.58,3889.62,3.25,Horizontal Oblong,Black,"(102, 47, 58)","(21.96, -2.0, -4.0)",4.47,83,VISIBLE,-0.14,0.12
235,60,car,0.3437,885.94,259.35,1029.06,365.9,957.5,312.62,143.12,106.55,15248.94,1.34,Horizontal Oblong,Black,"(33, 61, 61)","(21.57, 2.0, 2.0)",2.83,60,VISIBLE,0.03,0.05
235,85,person,0.4094,154.53,182.6,169.23,225.32,161.88,203.96,14.7,42.71,627.88,0.34,Vertical Oblong,Black,"(113, 36, 24)","(7.06, 0.0, -2.0)",2.0,85,VISIBLE,-0.15,0.23
235,72,car,0.3435,343.94,263.47,473.96,381.91,408.95,322.69,130.02,118.44,15400.5,1.1,Spherical / Regular,Grey,"(103, 68, 78)","(27.84, 0.0, -2.0)",2.0,72,VISIBLE,0.0,0.18
235,89,car,0.2099,1158.94,173.91,1225.29,196.69,1192.11,185.3,66.34,22.78,1511.29,2.91,Horizontal Oblong,Black,"(100, 32, 55)","(21.57, -1.0, -3.0)",3.16,89,VISIBLE,-0.18,-0.38
235,71,car,0.2888,405.73,251.14,498.06,335.21,451.9,293.17,92.33,84.08,7762.83,1.1,Spherical / Regular,Grey,"(102, 36, 94)","(34.51, 1.0, 0.0)",1.0,71,VISIBLE,-0.08,0.06
235,66,car,0.1748,864.21,241.04,969.79,321.38,917.0,281.21,105.58,80.34,8482.74,1.31,Horizontal Oblong,Grey,"(16, 37, 89)","(34.12, 2.0, 3.0)",3.61,66,VISIBLE,-0.07,0.01
235,74,car,0.1741,267.94,204.28,336.41,252.28,302.17,228.28,68.47,48.0,3287.06,1.43,Horizontal Oblong,Grey,"(99, 35, 129)","(51.18, -2.0, -5.0)",5.39,74,VISIBLE,-0.38,0.17
235,61,car,0.3014,-0.0,347.6,68.88,444.2,34.44,395.9,68.88,96.6,6653.67,0.71,Vertical Oblong,Black,"(66, 30, 54)","(20.39, 1.0, 1.0)",1.41,61,VISIBLE,-0.06,0.36
235,90,car,0.1755,968.59,228.06,1063.22,286.02,1015.9,257.04,94.63,57.96,5484.82,1.63,Horizontal Oblong,Grey,"(100, 39, 101)","(39.61, -1.0, -2.0)",2.24,90,VISIBLE,-0.02,0.18
235,95,car,0.3443,512.65,267.95,655.14,379.36,583.9,323.65,142.49,111.41,15874.64,1.28,Horizontal Oblong,Black,"(111, 54, 50)","(16.86, 2.0, -3.0)",3.61,95,VISIBLE,-0.12,0.29
235,96,car,0.1987,324.29,220.9,407.16,289.2,365.72,255.05,82.87,68.29,5659.7,1.21,Spherical / Regular,Grey,"(101, 45, 105)","(39.41, -1.0, -5.0)",5.1,96,VISIBLE,-0.02,0.42
235,97,person,0.3675,1195.57,184.89,1210.06,219.97,1202.82,202.43,14.49,35.08,508.36,0.41,Vertical Oblong,Black,"(130, 26, 24)","(7.06, 0.0, -2.0)",2.0,97,VISIBLE,0.06,-0.26
235,92,car,0.1559,559.28,229.46,638.16,273.52,598.72,251.49,78.88,44.07,3476.15,1.79,Horizontal Oblong,Black,"(104, 56, 57)","(21.18, -1.0, -5.0)",5.1,102,VISIBLE,-0.11,0.44
235,77,car,0.1575,249.28,155.78,311.33,180.88,280.3,168.33,62.05,25.1,1557.33,2.47,Horizontal Oblong,Grey,"(98, 44, 89)","(35.29, -4.0, -4.0)",5.66,103,VISIBLE,0.1,0.09
235,104,car,0.152,378.71,207.68,442.72,253.13,410.71,230.41,64.01,45.45,2909.54,1.41,Horizontal Oblong,Grey,"(99, 30, 125)","(48.63, -2.0, -2.0)",2.83,104,VISIBLE,-0.14,0.07
235,80,car,0.1794,1247.21,322.95,1280.0,453.69,1263.6,388.32,32.79,130.74,4286.94,0.25,Vertical Oblong,Black,"(104, 59, 45)","(12.94, 0.0, -2.0)",2.0,106,VISIBLE,-0.02,-0.24
235,105,car,0.1502,444.37,223.76,526.65,296.53,485.51,260.15,82.27,72.77,5987.14,1.13,Spherical / Regular,Grey,"(101, 41, 101)","(38.04, -1.0, -5.0)",5.1,105,VISIBLE,0.03,0.05
235,93,truck,0.1692,909.32,141.35,952.7,176.36,931.01,158.86,43.38,35.01,1518.87,1.24,Spherical / Regular,Grey,"(100, 25, 85)","(34.51, -1.0, -3.0)",3.16,107,VISIBLE,0.47,-1.06
236,3,car,0.3712,635.33,251.14,814.93,337.11,725.13,294.12,179.6,85.96,15438.81,2.09,Horizontal Oblong,Grey,"(100, 20, 118)","(49.02, -2.0, -2.0)",2.83,34,VISIBLE,2.02,0.06
236,33,car,0.1915,823.43,227.43,905.93,295.21,864.68,261.32,82.5,67.77,5591.21,1.22,Spherical / Regular,Grey,"(90, 39, 111)","(40.78, 1.0, 1.0)",1.41,40,VISIBLE,0.03,-0.44
236,39,car,0.5132,1190.48,453.94,1280.0,707.93,1235.24,580.93,89.52,253.99,22736.92,0.35,Vertical Oblong,Grey,"(94, 23, 74)","(30.59, -1.0, -1.0)",1.41,39,VISIBLE,0.12,0.2
236,48,person,0.7813,-0.68,197.68,21.09,252.12,10.21,224.9,21.78,54.44,1185.58,0.4,Vertical Oblong,Black,"(111, 82, 26)","(5.88, 0.0, -4.0)",4.0,87,VISIBLE,-0.68,0.25
236,62,car,0.7018,1216.83,208.54,1280.0,249.56,1248.41,229.05,63.17,41.03,2591.71,1.54,Horizontal Oblong,Grey,"(93, 27, 115)","(46.27, -1.0, -1.0)",1.41,62,VISIBLE,0.05,0.15
236,75,person,0.7314,1022.82,82.67,1064.18,119.51,1043.5,101.09,41.36,36.84,1523.77,1.12,Spherical / Regular,Grey,"(106, 32, 110)","(43.73, -1.0, -5.0)",5.1,75,VISIBLE,0.19,0.08
236,86,car,0.5983,1031.12,192.9,1083.26,225.86,1057.19,209.38,52.14,32.95,1718.17,1.58,Horizontal Oblong,Grey,"(100, 31, 122)","(48.63, -2.0, -2.5)",3.2,86,VISIBLE,-1.09,-0.03
236,53,car,0.6605,850.11,612.25,1278.72,720.0,1064.42,666.12,428.61,107.75,46184.19,3.98,Horizontal Oblong,Grey,"(90, 24, 122)","(48.24, -1.0, 0.0)",1.0,53,VISIBLE,-0.08,0.29
236,54,car,0.6765,0.03,434.14,189.23,717.79,94.63,575.97,189.2,283.65,53667.31,0.67,Vertical Oblong,Grey,"(102, 34, 110)","(43.14, -1.0, -4.0)",4.12,54,VISIBLE,-0.05,0.17
236,57,car,0.5164,723.87,416.74,1013.36,655.11,868.62,535.92,289.49,238.37,69004.1,1.21,Spherical / Regular,Grey,"(98, 59, 86)","(30.59, 1.0, -1.0)",1.41,57,VISIBLE,0.1,0.32
236,76,truck,0.5439,835.15,151.51,915.01,224.8,875.08,188.16,79.86,73.29,5853.42,1.09,Spherical / Regular,Orange,"(16, 108, 93)","(32.94, 5.0, 15.0)",15.81,76,VISIBLE,-0.05,0.2
236,41,car,0.4173,733.33,282.54,868.81,388.8,801.07,335.67,135.48,106.26,14396.37,1.27,Horizontal Oblong,Grey,"(30, 19, 154)","(61.96, 0.0, 1.0)",1.0,82,VISIBLE,0.13,-0.04
236,67,car,0.5169,955.97,308.03,1124.89,433.52,1040.43,370.77,168.92,125.49,21197.6,1.35,Horizontal Oblong,Orange,"(18, 118, 148)","(49.41, 7.0, 20.0)",21.19,67,VISIBLE,-0.04,0.18
236,58,car,0.5249,486.43,340.53,919.13,508.42,702.78,424.47,432.7,167.88,72643.52,2.58,Horizontal Oblong,Grey,"(85, 130, 63)","(23.14, -9.0, 0.0)",9.0,58,VISIBLE,2.49,0.23
236,52,car,0.6706,189.51,631.57,631.56,720.0,410.54,675.78,442.05,88.43,39091.1,5.0,Horizontal Oblong,Grey,"(90, 15, 189)","(76.08, -1.0, 0.0)",1.0,52,VISIBLE,-0.2,0.48
236,51,car,0.554,52.83,294.66,228.16,410.77,140.49,352.72,175.33,116.11,20356.15,1.51,Horizontal Oblong,Grey,"(101, 36, 125)","(49.8, -2.0, -5.0)",5.39,51,VISIBLE,-0.09,0.18
236,55,car,0.4554,119.77,348.1,358.58,532.27,239.18,440.19,238.81,184.17,43980.84,1.3,Horizontal Oblong,Black,"(104, 65, 49)","(16.08, 2.0, 1.0)",2.24,55,VISIBLE,-0.13,0.23
236,59,car,0.5525,0.03,283.95,76.7,380.42,38.36,332.19,76.67,96.47,7396.49,0.79,Vertical Oblong,Grey,"(27, 19, 63)","(24.71, 1.0, 0.0)",1.0,59,VISIBLE,-0.3,0.16
236,65,car,0.5509,319.54,437.78,605.54,679.92,462.54,558.85,286.0,242.15,69255.46,1.18,Spherical / Regular,Black,"(111, 46, 61)","(19.61, 1.0, -2.0)",2.24,65,VISIBLE,0.33,0.09
236,50,car,0.5071,1039.5,348.02,1280.0,545.11,1159.75,446.57,240.5,197.09,47399.69,1.22,Spherical / Regular,Black,"(106, 52, 44)","(14.9, 2.0, 1.0)",2.24,50,VISIBLE,0.05,0.17
236,64,car,0.5117,256.93,309.66,420.96,434.77,338.94,372.22,164.03,125.1,20520.96,1.31,Horizontal Oblong,Orange,"(16, 68, 129)","(44.31, 5.0, 9.0)",10.3,64,VISIBLE,-0.07,0.22
236,63,car,0.486,1020.07,253.17,1135.91,312.0,1077.99,282.58,115.85,58.84,6815.91,1.97,Horizontal Oblong,Grey,"(103, 49, 97)","(35.1, 0.0, -3.0)",3.0,63,VISIBLE,0.2,0.15
236,81,car,0.2223,958.43,185.76,996.48,215.47,977.46,200.62,38.05,29.71,1130.34,1.28,Horizontal Oblong,Black,"(108, 47, 50)","(16.27, 1.0, -3.0)",3.16,81,VISIBLE,-0.81,0.09
236,70,car,0.4186,1093.98,270.99,1274.37,354.83,1184.18,312.91,180.38,83.84,15124.23,2.15,Horizontal Oblong,Black,"(106, 56, 44)","(14.51, 0.0, -2.0)",2.0,70,VISIBLE,0.12,0.2
236,69,car,0.3491,51.65,245.0,187.9,318.49,119.77,281.74,136.25,73.49,10013.58,1.85,Horizontal Oblong,Grey,"(100, 42, 114)","(43.92, -2.0, -5.0)",5.39,69,VISIBLE,-0.89,0.16
236,56,car,0.4177,223.21,251.88,338.7,336.7,280.95,294.29,115.49,84.82,9795.47,1.36,Horizontal Oblong,Grey,"(102, 34, 121)","(47.84, -1.0, -4.0)",4.12,56,VISIBLE,-0.04,0.24
236,84,bus,0.2971,506.27,136.33,547.17,168.88,526.72,152.6,40.89,32.54,1330.8,1.26,Horizontal Oblong,Grey,"(50, 26, 67)","(26.27, 0.0, 2.0)",2.0,84,VISIBLE,0.06,0.34
236,73,car,0.3194,198.36,226.29,296.74,298.0,247.55,262.14,98.39,71.7,7054.81,1.37,Horizontal Oblong,Grey,"(100, 55, 109)","(41.18, -3.0, -6.0)",6.71,73,VISIBLE,-0.05,0.17
236,79,car,0.2281,169.6,160.44,253.62,188.71,211.61,174.57,84.02,28.27,2375.38,2.97,Horizontal Oblong,Black,"(105, 64, 35)","(11.76, 0.0, -4.0)",4.0,79,VISIBLE,-0.1,0.05
236,83,car,0.3103,84.23,169.54,196.85,204.28,140.54,186.91,112.62,34.74,3912.06,3.24,Horizontal Oblong,Black,"(102, 47, 58)","(21.57, -2.0, -4.0)",4.47,83,VISIBLE,-0.03,0.12
236,60,car,0.3434,885.87,259.47,1029.11,366.02,957.49,312.74,143.23,106.56,15262.41,1.34,Horizontal Oblong,Black,"(20, 61, 60)","(21.18, 2.0, 2.0)",2.83,60,VISIBLE,0.0,0.1
236,85,person,0.4198,154.22,182.8,169.27,225.24,161.75,204.02,15.05,42.44,638.76,0.35,Vertical Oblong,Black,"(113, 36, 24)","(7.06, 0.0, -2.0)",2.0,85,VISIBLE,-0.14,0.11
236,72,car,0.3455,344.08,263.61,473.98,382.15,409.03,322.88,129.9,118.54,15398.35,1.1,Spherical / Regular,Grey,"(102, 68, 77)","(28.04, 0.0, -2.0)",2.0,72,VISIBLE,0.06,0.19
236,89,car,0.2292,1158.64,174.1,1224.26,197.0,1191.45,185.55,65.62,22.9,1502.8,2.87,Horizontal Oblong,Black,"(100, 33, 55)","(21.57, -1.0, -3.0)",3.16,89,VISIBLE,-0.52,0.06
236,71,car,0.2836,405.7,251.46,497.91,335.19,451.81,293.32,92.2,83.73,7720.48,1.1,Spherical / Regular,Grey,"(100, 37, 94)","(34.51, 1.0, 0.0)",1.0,71,VISIBLE,-0.09,0.12
236,66,car,0.1753,864.37,240.91,970.02,321.24,917.19,281.08,105.65,80.33,8486.6,1.32,Horizontal Oblong,Grey,"(16, 36, 88)","(33.73, 2.0, 3.0)",3.61,66,VISIBLE,0.12,-0.09
236,74,car,0.168,267.69,204.46,336.31,252.48,302.0,228.47,68.63,48.02,3295.67,1.43,Horizontal Oblong,Grey,"(99, 34, 130)","(51.57, -2.0, -5.0)",5.39,74,VISIBLE,-0.24,0.18
236,61,car,0.2744,-0.0,347.6,68.72,444.68,34.36,396.14,68.72,97.08,6670.86,0.71,Vertical Oblong,Black,"(50, 29, 53)","(20.39, 1.0, 1.0)",1.41,61,VISIBLE,-0.07,0.28
236,90,car,0.1725,968.54,228.2,1063.22,286.21,1015.88,257.21,94.68,58.01,5492.14,1.63,Horizontal Oblong,Grey,"(100, 39, 102)","(39.61, -1.0, -2.0)",2.24,90,VISIBLE,-0.02,0.17
236,95,car,0.3349,512.67,268.08,654.61,380.05,583.64,324.07,141.94,111.97,15892.2,1.27,Horizontal Oblong,Black,"(110, 54, 50)","(16.08, 1.0, -3.0)",3.16,95,VISIBLE,-0.22,0.37
236,96,car,0.1989,324.23,220.97,407.04,289.8,365.64,255.38,82.82,68.82,5699.74,1.2,Spherical / Regular,Grey,"(101, 47, 105)","(39.61, -2.0, -5.0)",5.39,96,VISIBLE,-0.07,0.36
236,97,person,0.4311,1195.6,184.6,1210.2,220.11,1202.9,202.36,14.6,35.51,518.47,0.41,Vertical Oblong,Black,"(113, 24, 24)","(7.06, 0.0, -2.0)",2.0,97,VISIBLE,0.08,-0.13
236,92,car,0.1559,559.24,229.62,638.32,274.16,598.78,251.89,79.08,44.54,3522.01,1.78,Horizontal Oblong,Black,"(104, 54, 58)","(21.57, -1.0, -5.0)",5.1,102,VISIBLE,0.01,0.41
236,77,car,0.1753,249.35,155.97,311.61,180.92,280.48,168.45,62.27,24.95,1553.79,2.5,Horizontal Oblong,Grey,"(98, 44, 89)","(36.08, -4.0, -4.0)",5.66,103,VISIBLE,0.15,0.11
236,104,car,0.159,379.06,207.77,442.69,253.21,410.88,230.49,63.63,45.44,2891.45,1.4,Horizontal Oblong,Grey,"(98, 31, 123)","(47.45, -2.0, -2.0)",2.83,104,VISIBLE,0.07,0.08
236,80,car,0.1635,1247.19,323.2,1280.0,452.81,1263.59,388.01,32.81,129.61,4252.78,0.25,Vertical Oblong,Black,"(103, 51, 44)","(12.94, -1.0, -2.0)",2.24,106,VISIBLE,-0.01,-0.29
236,105,car,0.1535,444.25,223.92,526.46,296.77,485.36,260.35,82.2,72.84,5987.71,1.13,Spherical / Regular,Grey,"(101, 41, 102)","(38.43, -1.0, -4.0)",4.12,105,VISIBLE,-0.1,0.16
236,93,truck,0.1629,909.08,141.5,952.7,176.31,930.89,158.91,43.62,34.81,1518.13,1.25,Spherical / Regular,Grey,"(100, 25, 85)","(34.51, -1.0, -2.0)",2.24,107,VISIBLE,0.06,-0.28
236,68,car,0.1551,787.32,214.42,857.82,271.84,822.57,243.13,70.5,57.42,4048.35,1.23,Spherical / Regular,Black,"(120, 65, 75)","(21.96, 7.0, 4.0)",8.06,108,VISIBLE,-0.23,0.07
237,3,car,0.389,636.48,251.75,817.56,337.28,727.02,294.52,181.08,85.54,15488.5,2.12,Horizontal Oblong,Grey,"(100, 20, 120)","(49.41, -1.0, -2.0)",2.24,34,VISIBLE,1.93,0.29
237,33,car,0.1883,823.49,228.12,906.0,292.46,864.75,260.29,82.51,64.34,5308.61,1.28,Horizontal Oblong,Grey,"(100, 37, 114)","(41.96, 1.0, 0.0)",1.0,40,VISIBLE,0.05,-0.85
237,39,car,0.497,1190.78,454.91,1280.0,708.18,1235.39,581.54,89.22,253.27,22596.66,0.35,Vertical Oblong,Grey,"(94, 22, 74)","(30.59, -1.0, -1.0)",1.41,39,VISIBLE,0.14,0.49
237,48,person,0.7694,-0.77,198.06,19.67,252.33,9.45,225.19,20.44,54.27,1109.21,0.38,Vertical Oblong,Black,"(113, 78, 26)","(5.88, 2.0, -4.0)",4.47,87,VISIBLE,-0.73,0.28
237,62,car,0.7013,1217.0,208.89,1280.0,249.81,1248.5,229.35,63.0,40.92,2577.88,1.54,Horizontal Oblong,Grey,"(95, 26, 117)","(47.06, -1.0, -1.0)",1.41,62,VISIBLE,0.07,0.26
237,75,person,0.7299,1022.83,82.62,1064.59,119.75,1043.71,101.18,41.76,37.14,1550.86,1.12,Spherical / Regular,Grey,"(106, 31, 109)","(43.14, -1.0, -5.0)",5.1,75,VISIBLE,0.2,0.09
237,86,car,0.6,1029.95,192.58,1082.08,225.85,1056.02,209.21,52.13,33.27,1734.49,1.57,Horizontal Oblong,Grey,"(101, 29, 125)","(49.02, -1.0, -2.0)",2.24,86,VISIBLE,-1.15,-0.12
237,53,car,0.6644,850.33,612.89,1278.52,720.0,1064.42,666.45,428.19,107.11,45861.69,4.0,Horizontal Oblong,Grey,"(90, 23, 122)","(48.63, -1.0, 0.0)",1.0,53,VISIBLE,-0.02,0.31
237,54,car,0.6793,0.03,434.42,189.06,717.93,94.54,576.17,189.03,283.5,53589.69,0.67,Vertical Oblong,Grey,"(103, 33, 110)","(43.53, -1.0, -4.0)",4.12,54,VISIBLE,-0.07,0.2
237,57,car,0.5024,723.76,417.19,1013.6,655.47,868.68,536.33,289.84,238.28,69063.63,1.22,Spherical / Regular,Grey,"(99, 57, 86)","(30.2, 1.0, -2.0)",2.24,57,VISIBLE,0.08,0.38
237,76,truck,0.5296,835.16,151.61,914.9,225.08,875.03,188.34,79.74,73.47,5858.55,1.09,Spherical / Regular,Orange,"(15, 106, 95)","(33.33, 5.0, 15.0)",15.81,76,VISIBLE,-0.05,0.19
237,41,car,0.3793,733.21,282.46,870.52,388.5,801.86,335.48,137.31,106.04,14561.11,1.29,Horizontal Oblong,Grey,"(84, 19, 155)","(61.96, 0.0, 1.0)",1.0,82,VISIBLE,0.6,-0.15
237,67,car,0.52,956.15,308.31,1124.66,433.71,1040.4,371.01,168.51,125.4,21130.52,1.34,Horizontal Oblong,Orange,"(17, 116, 149)","(49.8, 8.0, 20.0)",21.54,67,VISIBLE,-0.03,0.22
237,58,car,0.5229,488.66,341.13,920.49,508.57,704.57,424.85,431.83,167.45,72309.35,2.58,Horizontal Oblong,Grey,"(85, 127, 64)","(23.53, -9.0, 0.0)",9.0,58,VISIBLE,2.0,0.33
237,52,car,0.6711,189.15,632.58,631.63,720.0,410.39,676.29,442.49,87.42,38682.09,5.06,Horizontal Oblong,Grey,"(90, 15, 189)","(76.08, 0.0, 0.0)",0.0,52,VISIBLE,-0.16,0.5
237,51,car,0.5476,52.9,294.84,228.1,411.19,140.5,353.01,175.2,116.35,20385.01,1.51,Horizontal Oblong,Grey,"(101, 35, 124)","(49.8, -2.0, -5.0)",5.39,51,VISIBLE,-0.02,0.26
237,55,car,0.4855,119.63,348.3,358.45,532.86,239.04,440.58,238.81,184.56,44074.82,1.29,Horizontal Oblong,Black,"(105, 65, 49)","(16.08, 2.0, 1.0)",2.24,55,VISIBLE,-0.13,0.34
237,59,car,0.5164,0.03,284.34,76.06,380.71,38.04,332.52,76.04,96.37,7327.99,0.79,Vertical Oblong,Grey,"(102, 21, 63)","(24.71, 1.0, 0.0)",1.0,59,VISIBLE,-0.31,0.29
237,65,car,0.5659,319.35,438.14,606.92,679.66,463.13,558.9,287.57,241.52,69453.7,1.19,Spherical / Regular,Black,"(113, 46, 62)","(19.61, 1.0, -3.0)",3.16,65,VISIBLE,0.52,0.06
237,50,car,0.4992,1039.75,348.26,1280.0,545.44,1159.88,446.85,240.25,197.18,47370.89,1.22,Spherical / Regular,Black,"(108, 51, 45)","(14.9, 2.0, 0.0)",2.0,50,VISIBLE,0.1,0.25
237,64,car,0.4774,256.75,309.88,420.93,434.93,338.84,372.41,164.18,125.04,20529.63,1.31,Horizontal Oblong,Orange,"(16, 69, 130)","(44.31, 5.0, 9.0)",10.3,64,VISIBLE,-0.09,0.2
237,63,car,0.4786,1020.19,253.28,1136.17,312.19,1078.18,282.73,115.98,58.91,6832.65,1.97,Horizontal Oblong,Grey,"(104, 48, 99)","(36.08, 0.0, -3.0)",3.0,63,VISIBLE,0.19,0.15
237,81,car,0.2432,956.41,185.86,995.7,215.58,976.06,200.72,39.29,29.72,1167.7,1.32,Horizontal Oblong,Black,"(111, 47, 54)","(17.25, 1.0, -3.0)",3.16,81,VISIBLE,-1.22,0.1
237,70,car,0.4385,1093.44,271.16,1274.69,354.91,1184.07,313.03,181.25,83.75,15179.64,2.16,Horizontal Oblong,Black,"(108, 58, 45)","(14.51, 1.0, -2.0)",2.24,70,VISIBLE,-0.04,0.15
237,69,car,0.4396,50.82,245.01,187.43,320.4,119.12,282.71,136.61,75.39,10298.5,1.81,Horizontal Oblong,Grey,"(101, 39, 114)","(44.31, -1.0, -5.0)",5.1,69,VISIBLE,-0.72,0.72
237,56,car,0.4149,223.03,252.1,338.84,337.08,280.94,294.59,115.81,84.98,9841.57,1.36,Horizontal Oblong,Grey,"(102, 33, 122)","(48.63, -1.0, -4.0)",4.12,56,VISIBLE,-0.03,0.28
237,84,bus,0.2973,506.19,136.47,547.31,170.68,526.75,153.58,41.13,34.21,1406.79,1.2,Spherical / Regular,Grey,"(50, 25, 65)","(25.88, 0.0, 2.0)",2.0,84,VISIBLE,0.04,0.78
237,73,car,0.3269,198.3,226.42,296.69,298.17,247.49,262.29,98.39,71.74,7058.77,1.37,Horizontal Oblong,Grey,"(100, 53, 109)","(41.18, -3.0, -6.0)",6.71,73,VISIBLE,-0.05,0.16
237,79,car,0.2194,169.67,160.49,254.05,188.97,211.86,174.73,84.38,28.48,2403.02,2.96,Horizontal Oblong,Black,"(105, 65, 37)","(12.55, -1.0, -4.0)",4.12,79,VISIBLE,0.14,0.12
237,83,car,0.3303,83.93,169.58,197.09,204.56,140.51,187.07,113.17,34.98,3958.96,3.24,Horizontal Oblong,Black,"(102, 47, 59)","(21.57, -2.0, -4.0)",4.47,83,VISIBLE,-0.03,0.15
237,60,car,0.3434,885.72,259.7,1029.19,366.26,957.46,312.98,143.47,106.56,15288.9,1.35,Horizontal Oblong,Black,"(20, 60, 60)","(21.57, 3.0, 2.0)",3.61,60,VISIBLE,-0.02,0.19
237,85,person,0.4046,153.92,182.97,169.29,225.18,161.61,204.08,15.37,42.21,648.81,0.36,Vertical Oblong,Black,"(115, 38, 24)","(6.86, 2.0, -2.0)",2.83,85,VISIBLE,-0.14,0.07
237,72,car,0.3338,344.24,263.83,473.93,382.34,409.09,323.09,129.69,118.51,15369.09,1.09,Spherical / Regular,Grey,"(103, 67, 78)","(27.84, 0.0, -2.0)",2.0,72,VISIBLE,0.06,0.2
237,89,car,0.2061,1158.43,174.26,1222.5,197.25,1190.46,185.76,64.07,22.98,1472.68,2.79,Horizontal Oblong,Black,"(100, 33, 56)","(21.96, -1.0, -3.0)",3.16,89,VISIBLE,-0.85,0.16
237,71,car,0.2784,405.66,251.63,498.01,335.5,451.84,293.57,92.35,83.87,7745.54,1.1,Spherical / Regular,Grey,"(102, 37, 95)","(34.9, 2.0, 0.0)",2.0,71,VISIBLE,-0.0,0.21
237,66,car,0.1744,865.47,240.75,969.84,321.17,917.66,280.96,104.37,80.42,8393.23,1.3,Horizontal Oblong,Grey,"(16, 37, 89)","(34.12, 2.0, 3.0)",3.61,66,VISIBLE,0.36,-0.11
237,74,car,0.1564,267.56,204.88,335.85,252.62,301.71,228.75,68.29,47.74,3260.67,1.43,Horizontal Oblong,Grey,"(100, 35, 127)","(50.2, -2.0, -5.0)",5.39,74,VISIBLE,-0.28,0.25
237,61,car,0.2743,-0.0,347.15,68.57,445.05,34.29,396.1,68.57,97.91,6713.63,0.7,Vertical Oblong,Black,"(87, 30, 54)","(20.39, 2.0, 0.0)",2.0,61,VISIBLE,-0.07,0.06
237,90,car,0.1541,968.71,228.37,1063.41,286.59,1016.06,257.48,94.7,58.22,5513.38,1.63,Horizontal Oblong,Grey,"(101, 38, 104)","(40.39, 0.0, -2.0)",2.0,90,VISIBLE,0.12,0.24
237,95,car,0.3286,512.58,268.54,654.13,381.43,583.36,324.98,141.55,112.89,15979.66,1.25,Spherical / Regular,Black,"(113, 53, 50)","(16.08, 2.0, -3.0)",3.61,95,VISIBLE,-0.26,0.76
237,96,car,0.1841,324.16,221.05,406.94,291.03,365.55,256.04,82.79,69.98,5793.36,1.18,Spherical / Regular,Grey,"(102, 42, 104)","(38.82, -1.0, -5.0)",5.1,96,VISIBLE,-0.08,0.57
237,97,person,0.4768,1195.79,184.66,1210.36,220.23,1203.07,202.45,14.57,35.57,518.39,0.41,Vertical Oblong,Black,"(130, 24, 24)","(6.67, 0.0, -2.0)",2.0,97,VISIBLE,0.15,0.02
237,92,car,0.1559,559.2,229.79,638.49,274.79,598.85,252.29,79.28,45.0,3568.06,1.76,Horizontal Oblong,Black,"(104, 52, 59)","(21.57, -1.0, -5.0)",5.1,102,VISIBLE,0.05,0.4
237,77,car,0.1754,249.37,156.33,311.98,180.9,280.67,168.62,62.61,24.57,1538.48,2.55,Horizontal Oblong,Grey,"(98, 43, 89)","(36.08, -4.0, -5.0)",6.4,103,VISIBLE,0.18,0.15
237,104,car,0.1609,379.64,207.85,442.73,253.26,411.19,230.55,63.1,45.41,2865.21,1.39,Horizontal Oblong,Grey,"(100, 31, 124)","(47.45, -1.0, -4.0)",4.12,104,VISIBLE,0.24,0.07
237,80,car,0.1682,1247.8,323.01,1280.0,452.91,1263.9,387.96,32.2,129.89,4182.57,0.25,Vertical Oblong,Black,"(104, 53, 44)","(12.94, 0.0, -2.0)",2.0,106,VISIBLE,0.21,-0.12
237,105,car,0.1614,444.17,224.27,525.7,297.05,484.93,260.66,81.53,72.78,5933.14,1.12,Spherical / Regular,Grey,"(101, 39, 100)","(38.04, -1.0, -4.0)",4.12,105,VISIBLE,-0.32,0.27
237,93,truck,0.1751,908.59,141.71,952.7,176.53,930.65,159.12,44.11,34.82,1536.2,1.27,Horizontal Oblong,Grey,"(100, 24, 86)","(34.9, -1.0, -2.0)",2.24,107,VISIBLE,-0.15,0.07
237,68,car,0.1551,787.29,214.43,857.82,271.82,822.55,243.13,70.53,57.4,4048.62,1.23,Spherical / Regular,Black,"(130, 66, 75)","(21.57, 7.0, 3.0)",7.62,108,VISIBLE,-0.08,0.02
238,3,car,0.4358,637.21,252.04,820.06,337.44,728.64,294.74,182.85,85.4,15615.41,2.14,Horizontal Oblong,Grey,"(100, 19, 122)","(49.8, -1.0, -2.0)",2.24,34,VISIBLE,1.71,0.24
238,33,car,0.1671,823.47,228.65,905.74,290.58,864.61,259.62,82.27,61.93,5094.65,1.33,Horizontal Oblong,Grey,"(100, 36, 115)","(42.35, 1.0, -1.0)",1.41,40,VISIBLE,-0.08,-0.73
238,39,car,0.4934,1191.09,455.61,1280.0,708.54,1235.55,582.08,88.91,252.93,22486.81,0.35,Vertical Oblong,Grey,"(94, 22, 74)","(30.59, -1.0, 0.0)",1.0,39,VISIBLE,0.15,0.52
238,48,person,0.7648,-0.72,198.06,18.32,252.84,8.8,225.45,19.03,54.77,1042.5,0.35,Vertical Oblong,Black,"(113, 78, 25)","(5.88, 1.0, -4.0)",4.12,87,VISIBLE,-0.67,0.26
238,62,car,0.7001,1217.2,209.28,1280.0,250.07,1248.6,229.67,62.8,40.79,2561.94,1.54,Horizontal Oblong,Grey,"(96, 26, 115)","(46.08, -1.0, -2.0)",2.24,62,VISIBLE,0.09,0.3
238,75,person,0.7262,1022.84,82.66,1065.12,120.1,1043.98,101.38,42.27,37.44,1582.53,1.13,Spherical / Regular,Grey,"(105, 31, 111)","(43.92, -1.0, -4.0)",4.12,75,VISIBLE,0.25,0.16
238,86,car,0.5928,1029.12,192.45,1081.22,225.79,1055.17,209.12,52.1,33.34,1736.85,1.56,Horizontal Oblong,Grey,"(100, 30, 124)","(48.63, -1.0, -3.0)",3.16,86,VISIBLE,-0.94,-0.1
238,53,car,0.669,850.53,613.6,1278.37,720.0,1064.45,666.8,427.84,106.4,45524.0,4.02,Horizontal Oblong,Grey,"(90, 23, 123)","(48.63, -1.0, 0.0)",1.0,53,VISIBLE,0.01,0.34
238,54,car,0.6922,0.03,434.63,188.82,718.01,94.43,576.32,188.79,283.38,53500.17,0.67,Vertical Oblong,Grey,"(103, 33, 110)","(43.53, -1.0, -4.0)",4.12,54,VISIBLE,-0.11,0.16
238,57,car,0.5236,723.69,417.73,1013.91,655.79,868.8,536.76,290.22,238.05,69088.09,1.22,Spherical / Regular,Grey,"(98, 58, 86)","(30.98, 1.0, -2.0)",2.24,57,VISIBLE,0.11,0.41
238,76,truck,0.531,835.13,151.7,914.83,225.34,874.98,188.52,79.7,73.64,5869.09,1.08,Spherical / Regular,Orange,"(15, 107, 95)","(33.33, 5.0, 15.0)",15.81,76,VISIBLE,-0.05,0.18
238,41,car,0.3508,733.03,282.72,871.23,388.05,802.13,335.39,138.21,105.33,14556.56,1.31,Horizontal Oblong,Grey,"(84, 19, 154)","(61.57, 0.0, 1.0)",1.0,82,VISIBLE,0.36,-0.11
238,67,car,0.5224,956.29,308.64,1124.64,434.0,1040.47,371.32,168.34,125.36,21104.12,1.34,Horizontal Oblong,Orange,"(17, 117, 149)","(49.41, 7.0, 20.0)",21.19,67,VISIBLE,0.03,0.28
238,58,car,0.5328,490.97,341.63,921.56,508.76,706.26,425.19,430.6,167.13,71965.59,2.58,Horizontal Oblong,Grey,"(85, 127, 65)","(23.53, -9.0, 0.0)",9.0,58,VISIBLE,1.78,0.34
238,52,car,0.6653,188.94,633.28,631.7,720.0,410.32,676.64,442.76,86.72,38397.5,5.11,Horizontal Oblong,Grey,"(90, 14, 189)","(76.08, 0.0, 0.0)",0.0,52,VISIBLE,-0.1,0.39
238,51,car,0.554,52.72,295.02,228.0,411.51,140.36,353.26,175.28,116.49,20419.27,1.5,Horizontal Oblong,Grey,"(101, 35, 125)","(49.8, -2.0, -5.0)",5.39,51,VISIBLE,-0.11,0.25
238,55,car,0.4884,119.38,348.85,358.29,533.31,238.84,441.08,238.91,184.46,44069.05,1.3,Horizontal Oblong,Black,"(104, 65, 49)","(16.08, 2.0, 1.0)",2.24,55,VISIBLE,-0.18,0.45
238,59,car,0.5541,0.02,284.66,75.24,380.9,37.63,332.78,75.22,96.24,7239.37,0.78,Vertical Oblong,Grey,"(100, 20, 62)","(24.71, 1.0, 0.0)",1.0,59,VISIBLE,-0.38,0.26
238,65,car,0.5617,319.31,438.43,607.53,680.49,463.42,559.46,288.22,242.07,69768.93,1.19,Spherical / Regular,Black,"(113, 47, 62)","(19.61, 1.0, -3.0)",3.16,65,VISIBLE,0.35,0.41
238,50,car,0.4673,1039.93,348.52,1280.0,545.62,1159.97,447.07,240.07,197.11,47318.09,1.22,Spherical / Regular,Black,"(108, 51, 45)","(14.9, 2.0, 0.0)",2.0,50,VISIBLE,0.09,0.23
238,64,car,0.4672,257.47,309.67,421.1,435.38,339.28,372.52,163.63,125.71,20569.74,1.3,Horizontal Oblong,Orange,"(16, 71, 130)","(44.31, 5.0, 10.0)",11.18,64,VISIBLE,0.28,0.14
238,63,car,0.4719,1020.39,253.39,1136.09,312.33,1078.24,282.86,115.7,58.94,6819.2,1.96,Horizontal Oblong,Grey,"(103, 49, 100)","(36.47, 0.0, -3.0)",3.0,63,VISIBLE,0.1,0.13
238,81,car,0.2308,954.6,186.09,994.82,215.66,974.71,200.87,40.22,29.57,1189.36,1.36,Horizontal Oblong,Black,"(111, 48, 53)","(17.25, 1.0, -3.0)",3.16,81,VISIBLE,-1.31,0.14
238,70,car,0.4175,1093.08,271.35,1275.31,355.12,1184.19,313.23,182.23,83.77,15265.07,2.18,Horizontal Oblong,Black,"(108, 57, 44)","(14.9, 1.0, -2.0)",2.24,70,VISIBLE,0.08,0.18
238,69,car,0.4529,50.14,245.31,186.8,321.71,118.47,283.51,136.66,76.4,10441.47,1.79,Horizontal Oblong,Grey,"(101, 40, 114)","(43.92, -1.0, -5.0)",5.1,69,VISIBLE,-0.67,0.78
238,56,car,0.4189,222.96,252.22,338.93,337.4,280.95,294.81,115.97,85.18,9877.97,1.36,Horizontal Oblong,Grey,"(102, 32, 121)","(48.24, -1.0, -4.0)",4.12,56,VISIBLE,-0.0,0.24
238,84,bus,0.2899,506.14,136.66,547.31,171.35,526.72,154.0,41.17,34.7,1428.37,1.19,Spherical / Regular,Grey,"(41, 26, 63)","(25.1, 0.0, 1.0)",1.0,84,VISIBLE,-0.01,0.54
238,73,car,0.3129,198.23,226.44,296.65,298.37,247.44,262.4,98.41,71.92,7078.32,1.37,Horizontal Oblong,Grey,"(101, 53, 109)","(41.18, -3.0, -6.0)",6.71,73,VISIBLE,-0.05,0.12
238,79,car,0.2007,169.83,160.56,254.08,189.46,211.95,175.01,84.25,28.91,2435.33,2.91,Horizontal Oblong,Black,"(104, 64, 36)","(11.76, -1.0, -4.0)",4.12,79,VISIBLE,0.11,0.23
238,83,car,0.3424,85.3,169.43,197.5,204.94,141.4,187.19,112.2,35.51,3984.3,3.16,Horizontal Oblong,Black,"(102, 48, 59)","(21.96, -2.0, -4.0)",4.47,83,VISIBLE,0.61,0.12
238,60,car,0.3562,885.54,260.12,1029.32,366.51,957.43,313.32,143.78,106.39,15296.72,1.35,Horizontal Oblong,Black,"(20, 59, 60)","(21.96, 3.0, 2.0)",3.61,60,VISIBLE,-0.02,0.29
238,85,person,0.3826,153.72,182.95,169.26,225.12,161.49,204.04,15.54,42.18,655.4,0.37,Vertical Oblong,Black,"(115, 36, 25)","(7.06, 0.0, -2.0)",2.0,85,VISIBLE,-0.12,-0.01
238,72,car,0.3216,344.28,264.1,473.92,382.62,409.1,323.36,129.64,118.52,15365.26,1.09,Spherical / Regular,Grey,"(103, 67, 79)","(28.24, 0.0, -2.0)",2.0,72,VISIBLE,0.03,0.25
238,89,car,0.217,1158.3,174.41,1223.02,197.5,1190.66,185.96,64.72,23.09,1494.3,2.8,Horizontal Oblong,Black,"(100, 33, 54)","(21.18, -1.0, -3.0)",3.16,89,VISIBLE,-0.12,0.19
238,71,car,0.2737,405.7,251.94,497.91,335.92,451.8,293.93,92.21,83.97,7743.21,1.1,Spherical / Regular,Grey,"(101, 37, 95)","(35.29, 1.0, 0.0)",1.0,71,VISIBLE,-0.02,0.32
238,66,car,0.1708,866.57,241.01,969.72,320.97,918.14,280.99,103.15,79.96,8247.51,1.29,Horizontal Oblong,Grey,"(17, 37, 89)","(34.12, 2.0, 3.0)",3.61,66,VISIBLE,0.45,-0.01
238,74,car,0.1573,267.42,205.34,335.6,252.67,301.51,229.0,68.18,47.33,3226.84,1.44,Horizontal Oblong,Grey,"(98, 33, 128)","(50.98, -2.0, -4.0)",4.47,74,VISIBLE,-0.22,0.25
238,61,car,0.273,-0.0,346.93,68.45,445.37,34.22,396.15,68.45,98.44,6738.41,0.7,Vertical Oblong,Black,"(55, 29, 53)","(20.39, 2.0, 1.0)",2.24,61,VISIBLE,-0.06,0.05
238,90,car,0.1541,968.79,228.52,1063.45,286.85,1016.12,257.68,94.67,58.33,5522.1,1.62,Horizontal Oblong,Grey,"(100, 38, 103)","(40.0, 0.0, -2.0)",2.0,90,VISIBLE,0.08,0.22
238,95,car,0.312,512.52,268.89,653.92,382.81,583.22,325.85,141.4,113.92,16107.97,1.24,Spherical / Regular,Black,"(113, 52, 50)","(16.47, 1.0, -3.0)",3.16,95,VISIBLE,-0.17,0.83
238,96,car,0.1882,324.08,221.15,406.84,290.64,365.46,255.89,82.76,69.49,5751.13,1.19,Spherical / Regular,Grey,"(102, 46, 104)","(38.82, -1.0, -5.0)",5.1,96,VISIBLE,-0.09,0.07
238,97,person,0.5083,1196.12,184.72,1210.41,220.1,1203.26,202.41,14.29,35.39,505.73,0.4,Vertical Oblong,Black,"(130, 25, 22)","(6.67, 0.0, -2.0)",2.0,97,VISIBLE,0.18,-0.02
238,92,car,0.1559,559.17,229.96,638.65,275.43,598.91,252.69,79.49,45.47,3614.3,1.75,Horizontal Oblong,Black,"(104, 50, 58)","(21.18, -1.0, -4.0)",4.12,102,VISIBLE,0.06,0.4
238,77,car,0.182,249.28,156.72,312.28,180.9,280.78,168.81,63.0,24.18,1523.12,2.61,Horizontal Oblong,Grey,"(99, 44, 89)","(36.47, -3.0, -5.0)",5.83,103,VISIBLE,0.13,0.18
238,104,car,0.1621,380.21,207.99,442.76,253.34,411.48,230.67,62.55,45.35,2836.71,1.38,Horizontal Oblong,Grey,"(100, 32, 123)","(47.06, -1.0, -4.0)",4.12,104,VISIBLE,0.28,0.1
238,80,car,0.1713,1248.53,323.29,1280.0,451.28,1264.26,387.29,31.47,127.99,4028.37,0.25,Vertical Oblong,Black,"(105, 51, 44)","(12.94, 0.0, -2.0)",2.0,106,VISIBLE,0.32,-0.51
238,105,car,0.1644,444.23,224.68,524.91,297.38,484.57,261.03,80.68,72.7,5865.54,1.11,Spherical / Regular,Grey,"(101, 39, 101)","(38.04, -1.0, -4.0)",4.12,105,VISIBLE,-0.35,0.34
238,93,truck,0.2269,908.27,141.97,952.71,177.01,930.49,159.49,44.44,35.03,1557.0,1.27,Horizontal Oblong,Grey,"(90, 22, 85)","(34.9, -2.0, -1.0)",2.24,107,VISIBLE,-0.15,0.28
238,68,car,0.1551,787.26,214.43,857.82,271.81,822.54,243.12,70.56,57.38,4048.89,1.23,Spherical / Regular,Black,"(120, 66, 75)","(21.57, 7.0, 3.0)",7.62,108,VISIBLE,-0.03,0.0
239,3,car,0.4605,638.62,252.3,823.83,337.48,731.22,294.89,185.21,85.18,15775.85,2.17,Horizontal Oblong,Grey,"(101, 21, 123)","(50.98, -1.0, -2.0)",2.24,34,VISIBLE,2.33,0.18
239,33,car,0.1671,823.51,229.04,905.67,289.37,864.59,259.2,82.16,60.33,4956.73,1.36,Horizontal Oblong,Grey,"(101, 35, 117)","(43.53, 1.0, -0.5)",1.12,40,VISIBLE,-0.04,-0.51
239,39,car,0.4936,1191.41,456.61,1280.0,708.57,1235.7,582.59,88.59,251.96,22321.9,0.35,Vertical Oblong,Grey,"(94, 22, 74)","(30.59, -1.0, -1.0)",1.41,39,VISIBLE,0.16,0.52
239,48,person,0.7517,-0.6,197.78,17.09,253.38,8.24,225.58,17.69,55.6,983.45,0.32,Vertical Oblong,Black,"(111, 78, 26)","(6.27, 1.0, -4.0)",4.12,87,VISIBLE,-0.59,0.17
239,62,car,0.6971,1217.25,209.62,1280.0,250.3,1248.62,229.96,62.76,40.68,2553.03,1.54,Horizontal Oblong,Grey,"(96, 26, 115)","(46.27, -1.0, -2.0)",2.24,62,VISIBLE,0.05,0.29
239,75,person,0.7342,1022.86,82.75,1065.36,120.51,1044.11,101.63,42.5,37.76,1604.67,1.13,Spherical / Regular,Grey,"(106, 32, 113)","(43.92, -1.0, -5.0)",5.1,75,VISIBLE,0.17,0.22
239,86,car,0.591,1028.2,192.4,1080.32,225.74,1054.26,209.07,52.12,33.34,1737.58,1.56,Horizontal Oblong,Grey,"(101, 30, 125)","(48.63, -1.0, -3.0)",3.16,86,VISIBLE,-0.92,-0.07
239,53,car,0.6731,850.7,614.45,1278.3,720.0,1064.5,667.22,427.6,105.55,45135.1,4.05,Horizontal Oblong,Grey,"(90, 24, 122)","(48.63, -1.0, 0.0)",1.0,53,VISIBLE,0.04,0.4
239,54,car,0.686,0.03,434.81,188.58,718.1,94.31,576.46,188.55,283.29,53413.92,0.67,Vertical Oblong,Grey,"(104, 33, 110)","(43.53, -1.0, -4.0)",4.12,54,VISIBLE,-0.12,0.14
239,57,car,0.5417,723.7,418.16,1014.2,656.25,868.95,537.2,290.5,238.08,69163.61,1.22,Spherical / Regular,Grey,"(98, 57, 85)","(30.2, 2.0, -2.0)",2.83,57,VISIBLE,0.14,0.44
239,76,truck,0.5351,835.12,151.77,914.88,225.56,875.0,188.67,79.76,73.78,5884.67,1.08,Spherical / Regular,Orange,"(15, 106, 94)","(33.33, 5.0, 15.0)",15.81,76,VISIBLE,-0.0,0.16
239,41,car,0.3781,732.77,283.19,871.72,387.65,802.25,335.42,138.95,104.45,14513.17,1.33,Horizontal Oblong,Grey,"(90, 19, 154)","(61.57, 0.0, 0.0)",0.0,82,VISIBLE,0.19,-0.01
239,67,car,0.5306,956.44,308.92,1124.72,434.22,1040.58,371.57,168.28,125.3,21084.92,1.34,Horizontal Oblong,Orange,"(17, 115, 149)","(49.8, 7.0, 19.0)",20.25,67,VISIBLE,0.09,0.26
239,58,car,0.58,493.5,341.94,922.39,508.82,707.94,425.38,428.88,166.88,71570.37,2.57,Horizontal Oblong,Grey,"(85, 126, 66)","(23.92, -9.0, 0.0)",9.0,58,VISIBLE,1.71,0.23
239,52,car,0.6613,188.66,633.96,631.65,720.0,410.16,676.98,442.99,86.04,38114.23,5.15,Horizontal Oblong,Grey,"(90, 14, 189)","(76.47, 0.0, 0.0)",0.0,52,VISIBLE,-0.14,0.36
239,51,car,0.5552,52.28,295.16,227.82,411.89,140.05,353.53,175.55,116.73,20492.35,1.5,Horizontal Oblong,Grey,"(101, 35, 124)","(49.8, -2.0, -5.0)",5.39,51,VISIBLE,-0.25,0.26
239,55,car,0.5032,119.16,349.41,358.07,533.79,238.62,441.6,238.91,184.38,44050.58,1.3,Horizontal Oblong,Black,"(105, 64, 49)","(16.08, 2.0, 1.0)",2.24,55,VISIBLE,-0.21,0.5
239,59,car,0.6076,0.02,284.95,74.47,380.89,37.25,332.92,74.46,95.93,7142.86,0.78,Vertical Oblong,Grey,"(50, 20, 63)","(24.71, 1.0, 0.0)",1.0,59,VISIBLE,-0.38,0.18
239,65,car,0.5437,319.38,438.65,608.21,681.73,463.79,560.19,288.83,243.09,70210.59,1.19,Spherical / Regular,Black,"(113, 47, 62)","(19.61, 1.0, -3.0)",3.16,65,VISIBLE,0.37,0.63
239,50,car,0.4922,1040.14,348.82,1280.0,546.05,1160.07,447.43,239.86,197.23,47306.91,1.22,Spherical / Regular,Black,"(108, 51, 45)","(15.29, 2.0, 0.0)",2.0,50,VISIBLE,0.1,0.32
239,64,car,0.4529,257.66,309.14,420.89,435.62,339.28,372.38,163.23,126.48,20645.94,1.29,Horizontal Oblong,Orange,"(16, 70, 130)","(44.31, 5.0, 10.0)",11.18,64,VISIBLE,0.08,-0.06
239,63,car,0.4644,1020.74,253.52,1136.16,312.44,1078.45,282.98,115.43,58.91,6800.05,1.96,Horizontal Oblong,Grey,"(103, 49, 99)","(36.47, 0.0, -3.0)",3.0,63,VISIBLE,0.18,0.12
239,81,car,0.2276,953.52,186.25,993.98,215.72,973.75,200.99,40.45,29.47,1192.18,1.37,Horizontal Oblong,Black,"(111, 47, 54)","(18.04, 1.0, -3.0)",3.16,81,VISIBLE,-1.06,0.12
239,70,car,0.4017,1092.87,271.51,1276.02,355.36,1184.44,313.43,183.14,83.85,15356.72,2.18,Horizontal Oblong,Black,"(106, 57, 45)","(14.9, 1.0, -2.0)",2.24,70,VISIBLE,0.2,0.2
239,69,car,0.4421,49.48,245.7,185.97,321.76,117.73,283.73,136.49,76.06,10381.26,1.79,Horizontal Oblong,Grey,"(101, 41, 114)","(43.92, -1.0, -5.0)",5.1,69,VISIBLE,-0.72,0.39
239,56,car,0.424,222.93,252.42,338.95,337.7,280.94,295.06,116.02,85.28,9894.32,1.36,Horizontal Oblong,Grey,"(102, 33, 121)","(47.84, -1.0, -5.0)",5.1,56,VISIBLE,-0.0,0.25
239,84,bus,0.3019,506.15,136.78,547.3,171.44,526.72,154.11,41.15,34.66,1426.04,1.19,Spherical / Regular,Grey,"(42, 26, 63)","(25.49, 0.0, 1.0)",1.0,84,VISIBLE,-0.0,0.23
239,73,car,0.3191,198.17,226.48,296.57,298.6,247.37,262.54,98.41,72.12,7097.39,1.36,Horizontal Oblong,Grey,"(101, 53, 109)","(41.57, -3.0, -6.0)",6.71,73,VISIBLE,-0.07,0.13
239,79,car,0.2003,170.0,160.64,254.18,190.05,212.09,175.34,84.18,29.42,2476.29,2.86,Horizontal Oblong,Black,"(104, 60, 35)","(11.76, 0.0, -4.0)",4.0,79,VISIBLE,0.13,0.3
239,83,car,0.351,86.32,169.37,197.7,205.23,142.01,187.3,111.39,35.86,3994.0,3.11,Horizontal Oblong,Black,"(102, 47, 59)","(21.96, -2.0, -4.0)",4.47,83,VISIBLE,0.61,0.12
239,60,car,0.3594,885.23,260.66,1029.46,366.73,957.35,313.69,144.23,106.07,15298.81,1.36,Horizontal Oblong,Black,"(20, 59, 61)","(21.96, 3.0, 2.0)",3.61,60,VISIBLE,-0.07,0.35
239,85,person,0.3324,153.51,182.63,169.25,225.3,161.38,203.96,15.73,42.67,671.34,0.37,Vertical Oblong,Black,"(120, 36, 25)","(7.06, 1.0, -2.0)",2.24,85,VISIBLE,-0.11,-0.05
239,72,car,0.3285,344.31,264.42,473.84,382.82,409.08,323.62,129.53,118.4,15335.91,1.09,Spherical / Regular,Grey,"(103, 67, 79)","(27.84, 0.0, -2.0)",2.0,72,VISIBLE,-0.01,0.26
239,89,car,0.2101,1158.24,174.59,1222.85,197.79,1190.55,186.19,64.62,23.2,1499.2,2.79,Horizontal Oblong,Black,"(100, 33, 56)","(21.96, -1.0, -3.0)",3.16,89,VISIBLE,-0.12,0.22
239,71,car,0.2719,405.78,252.03,498.0,336.4,451.89,294.21,92.21,84.37,7780.12,1.09,Spherical / Regular,Grey,"(102, 37, 94)","(34.51, 2.0, 0.0)",2.0,71,VISIBLE,0.05,0.29
239,66,car,0.1732,867.52,241.33,969.55,320.46,918.54,280.89,102.03,79.12,8073.12,1.29,Horizontal Oblong,Grey,"(18, 37, 90)","(34.51, 2.0, 3.0)",3.61,66,VISIBLE,0.41,-0.07
239,74,car,0.1609,267.09,205.78,335.14,252.76,301.12,229.27,68.05,46.98,3196.98,1.45,Horizontal Oblong,Grey,"(98, 34, 130)","(51.76, -2.0, -5.0)",5.39,74,VISIBLE,-0.34,0.26
239,61,car,0.2985,-0.0,347.23,68.37,445.63,34.18,396.43,68.37,98.39,6726.99,0.69,Vertical Oblong,Black,"(80, 29, 54)","(20.78, 2.0, 0.0)",2.0,61,VISIBLE,-0.05,0.21
239,90,car,0.1541,968.87,228.66,1063.5,287.11,1016.18,257.89,94.63,58.45,5530.81,1.62,Horizontal Oblong,Grey,"(100, 37, 100)","(39.22, 0.0, -2.0)",2.0,90,VISIBLE,0.07,0.2
239,95,car,0.2792,512.48,268.92,653.7,383.83,583.09,326.37,141.22,114.9,16226.96,1.23,Spherical / Regular,Black,"(113, 52, 49)","(16.47, 2.0, -3.0)",3.61,95,VISIBLE,-0.14,0.62
239,96,car,0.1869,324.0,221.29,406.76,290.49,365.38,255.89,82.75,69.2,5726.85,1.2,Spherical / Regular,Grey,"(102, 44, 104)","(38.43, -1.0, -5.0)",5.1,96,VISIBLE,-0.08,0.02
239,97,person,0.4216,1196.46,184.67,1210.41,220.13,1203.44,202.4,13.95,35.47,494.63,0.39,Vertical Oblong,Black,"(130, 26, 25)","(7.06, 0.0, -2.0)",2.0,97,VISIBLE,0.17,-0.01
239,92,car,0.1559,559.13,230.13,638.82,276.06,598.97,253.09,79.69,45.94,3660.72,1.73,Horizontal Oblong,Black,"(104, 48, 59)","(21.96, -1.0, -4.0)",4.12,102,VISIBLE,0.06,0.4
239,77,car,0.1748,249.25,157.01,312.61,180.92,280.93,168.97,63.36,23.91,1514.72,2.65,Horizontal Oblong,Grey,"(99, 43, 92)","(37.65, -3.0, -5.0)",5.83,103,VISIBLE,0.14,0.16
239,104,car,0.1568,380.63,208.17,442.77,253.44,411.7,230.81,62.15,45.27,2813.27,1.37,Horizontal Oblong,Grey,"(100, 31, 124)","(48.24, -1.0, -4.0)",4.12,104,VISIBLE,0.23,0.13
239,80,car,0.1664,1249.18,323.48,1280.0,448.94,1264.59,386.21,30.82,125.46,3867.2,0.25,Vertical Oblong,Black,"(103, 44, 45)","(13.73, 0.0, -2.0)",2.0,106,VISIBLE,0.32,-0.9
239,105,car,0.1624,444.47,225.05,524.33,297.76,484.4,261.41,79.85,72.71,5805.92,1.1,Spherical / Regular,Grey,"(101, 39, 101)","(38.04, -1.0, -4.0)",4.12,105,VISIBLE,-0.22,0.36
239,93,truck,0.2362,908.02,142.2,952.71,177.22,930.37,159.71,44.69,35.01,1564.79,1.28,Horizontal Oblong,Grey,"(90, 22, 84)","(34.9, -2.0, -1.0)",2.24,107,VISIBLE,-0.13,0.24
240,3,car,0.4482,640.23,252.53,827.16,337.54,733.69,295.04,186.93,85.02,15892.11,2.2,Horizontal Oblong,Grey,"(101, 21, 125)","(51.37, -1.0, -3.0)",3.16,34,VISIBLE,2.43,0.16
240,33,car,0.1671,823.54,229.43,905.6,288.16,864.57,258.79,82.05,58.73,4819.15,1.4,Horizontal Oblong,Grey,"(99, 34, 116)","(43.14, 1.0, 0.0)",1.0,40,VISIBLE,-0.02,-0.44
240,39,car,0.503,1191.61,456.57,1280.0,708.78,1235.8,582.67,88.39,252.21,22293.41,0.35,Vertical Oblong,Grey,"(94, 22, 74)","(30.59, -1.0, 0.0)",1.0,39,VISIBLE,0.12,0.21
240,48,person,0.739,-0.48,197.38,16.09,254.08,7.8,225.73,16.56,56.7,939.05,0.29,Vertical Oblong,Black,"(105, 64, 24)","(6.27, 0.0, -2.0)",2.0,87,VISIBLE,-0.49,0.16
240,62,car,0.6952,1217.18,209.87,1280.0,250.52,1248.59,230.2,62.82,40.65,2553.45,1.55,Horizontal Oblong,Grey,"(95, 26, 115)","(45.88, -1.0, -1.0)",1.41,62,VISIBLE,-0.01,0.25
240,75,person,0.7328,1022.87,82.84,1065.44,120.77,1044.16,101.81,42.57,37.93,1614.74,1.12,Spherical / Regular,Grey,"(106, 32, 112)","(43.92, -1.0, -5.0)",5.1,75,VISIBLE,0.08,0.19
240,86,car,0.5815,1027.26,192.47,1079.23,225.68,1053.24,209.08,51.97,33.21,1725.89,1.57,Horizontal Oblong,Grey,"(100, 31, 123)","(49.02, -2.0, -3.0)",3.61,86,VISIBLE,-0.99,-0.02
240,53,car,0.6722,850.73,615.18,1278.27,720.0,1064.5,667.59,427.54,104.82,44814.8,4.08,Horizontal Oblong,Grey,"(90, 24, 123)","(49.02, -1.0, 0.0)",1.0,53,VISIBLE,0.01,0.38
240,54,car,0.676,0.03,435.19,188.4,718.14,94.22,576.67,188.37,282.96,53300.94,0.67,Vertical Oblong,Grey,"(103, 32, 110)","(43.14, -1.0, -4.0)",4.12,54,VISIBLE,-0.1,0.19
240,57,car,0.5339,723.9,418.39,1014.57,656.62,869.24,537.51,290.67,238.22,69243.63,1.22,Spherical / Regular,Grey,"(98, 57, 86)","(30.98, 1.0, -1.0)",1.41,57,VISIBLE,0.24,0.34
240,76,truck,0.5444,835.16,151.85,915.04,225.88,875.1,188.86,79.88,74.04,5914.11,1.08,Spherical / Regular,Orange,"(15, 107, 93)","(32.94, 5.0, 15.0)",15.81,76,VISIBLE,0.07,0.19
240,41,car,0.3873,732.17,283.65,870.78,387.2,801.48,335.43,138.61,103.55,14352.51,1.34,Horizontal Oblong,Grey,"(89, 19, 153)","(61.18, 0.0, 1.0)",1.0,82,VISIBLE,-0.48,0.0
240,67,car,0.5406,956.63,309.22,1124.79,434.45,1040.71,371.84,168.16,125.23,21059.51,1.34,Horizontal Oblong,Orange,"(17, 117, 149)","(49.8, 7.0, 19.0)",20.25,67,VISIBLE,0.12,0.26
240,58,car,0.5993,496.59,342.3,922.09,508.72,709.34,425.51,425.5,166.41,70808.7,2.56,Horizontal Oblong,Grey,"(85, 128, 65)","(23.92, -9.0, 0.0)",9.0,58,VISIBLE,1.49,0.16
240,52,car,0.6588,188.36,634.55,631.59,720.0,409.97,677.28,443.22,85.45,37871.48,5.19,Horizontal Oblong,Grey,"(90, 15, 189)","(76.08, 0.0, 0.0)",0.0,52,VISIBLE,-0.17,0.31
240,51,car,0.5564,51.75,295.29,227.62,412.08,139.69,353.69,175.87,116.79,20540.31,1.51,Horizontal Oblong,Grey,"(101, 36, 123)","(49.41, -2.0, -5.0)",5.39,51,VISIBLE,-0.33,0.19
240,55,car,0.5529,118.97,349.83,357.94,534.32,238.46,442.08,238.96,184.5,44087.92,1.3,Horizontal Oblong,Black,"(104, 64, 49)","(16.27, 2.0, 1.0)",2.24,55,VISIBLE,-0.17,0.48
240,59,car,0.5725,0.01,285.14,73.67,381.13,36.84,333.14,73.66,95.98,7069.99,0.77,Vertical Oblong,Grey,"(26, 18, 61)","(23.92, 1.0, 0.0)",1.0,59,VISIBLE,-0.4,0.2
240,65,car,0.5435,319.46,438.85,609.19,682.02,464.32,560.43,289.73,243.17,70453.78,1.19,Spherical / Regular,Black,"(111, 46, 62)","(19.61, 1.0, -2.0)",2.24,65,VISIBLE,0.48,0.36
240,50,car,0.4968,1040.38,349.1,1280.0,546.35,1160.19,447.73,239.62,197.25,47265.6,1.21,Spherical / Regular,Black,"(108, 51, 44)","(14.9, 2.0, 1.0)",2.24,50,VISIBLE,0.11,0.3
240,64,car,0.4706,257.14,309.08,420.78,435.69,338.96,372.39,163.64,126.61,20718.06,1.29,Horizontal Oblong,Orange,"(16, 69, 129)","(44.71, 5.0, 9.0)",10.3,64,VISIBLE,-0.2,-0.01
240,63,car,0.461,1020.96,253.63,1136.33,312.54,1078.65,283.08,115.36,58.91,6796.16,1.96,Horizontal Oblong,Grey,"(103, 49, 99)","(36.47, 0.0, -3.0)",3.0,63,VISIBLE,0.19,0.11
240,81,car,0.2172,952.81,186.24,993.36,215.55,973.08,200.9,40.55,29.31,1188.79,1.38,Horizontal Oblong,Black,"(106, 45, 55)","(17.84, 1.0, -2.0)",2.24,81,VISIBLE,-0.78,-0.03
240,70,car,0.4009,1092.82,271.66,1275.99,355.61,1184.41,313.64,183.17,83.95,15377.46,2.18,Horizontal Oblong,Black,"(106, 55, 44)","(14.9, 1.0, -2.0)",2.24,70,VISIBLE,0.03,0.2
240,69,car,0.4399,48.91,246.18,185.06,321.62,116.98,283.9,136.16,75.45,10272.39,1.8,Horizontal Oblong,Grey,"(100, 39, 114)","(43.92, -1.0, -5.0)",5.1,69,VISIBLE,-0.74,0.24
240,56,car,0.4198,222.91,252.57,338.92,338.07,280.91,295.32,116.01,85.5,9919.03,1.36,Horizontal Oblong,Grey,"(102, 34, 121)","(48.24, -1.0, -5.0)",5.1,56,VISIBLE,-0.02,0.26
240,84,bus,0.3455,506.18,136.74,547.3,170.91,526.74,153.82,41.12,34.17,1405.11,1.2,Spherical / Regular,Grey,"(30, 26, 66)","(25.88, 0.0, 2.0)",2.0,84,VISIBLE,0.01,-0.13
240,73,car,0.3281,198.06,226.71,296.38,298.9,247.22,262.81,98.31,72.2,7097.77,1.36,Horizontal Oblong,Grey,"(100, 54, 110)","(41.57, -3.0, -6.0)",6.71,73,VISIBLE,-0.12,0.22
240,79,car,0.2114,170.09,160.73,253.98,190.39,212.04,175.56,83.89,29.66,2488.18,2.83,Horizontal Oblong,Black,"(104, 58, 35)","(11.76, 0.0, -4.0)",4.0,79,VISIBLE,-0.0,0.24
240,83,car,0.3568,87.64,169.42,197.69,205.5,142.66,187.46,110.05,36.08,3970.62,3.05,Horizontal Oblong,Black,"(102, 48, 59)","(21.96, -2.0, -4.0)",4.47,83,VISIBLE,0.64,0.15
240,60,car,0.3559,885.23,261.19,1029.66,366.94,957.44,314.07,144.42,105.75,15272.43,1.37,Horizontal Oblong,Black,"(18, 58, 60)","(21.96, 2.0, 2.0)",2.83,60,VISIBLE,0.05,0.37
240,85,person,0.2989,153.22,182.42,169.27,225.57,161.25,204.0,16.05,43.14,692.52,0.37,Vertical Oblong,Black,"(115, 38, 24)","(7.06, 0.0, -2.0)",2.0,85,VISIBLE,-0.13,0.01
240,72,car,0.3476,344.36,264.79,473.73,383.05,409.04,323.92,129.38,118.27,15300.67,1.09,Spherical / Regular,Grey,"(103, 67, 77)","(27.84, 0.0, -2.0)",2.0,72,VISIBLE,-0.02,0.29
240,89,car,0.2163,1158.29,174.75,1222.68,197.94,1190.48,186.35,64.38,23.19,1493.13,2.78,Horizontal Oblong,Black,"(100, 33, 56)","(21.76, -1.0, -3.0)",3.16,89,VISIBLE,-0.08,0.17
240,71,car,0.2792,405.66,252.15,498.05,336.93,451.86,294.54,92.39,84.79,7833.6,1.09,Spherical / Regular,Grey,"(101, 37, 95)","(34.9, 1.0, 1.0)",1.41,71,VISIBLE,-0.01,0.32
240,66,car,0.1703,868.31,241.72,969.45,321.08,918.88,281.4,101.14,79.36,8026.66,1.27,Horizontal Oblong,Grey,"(17, 38, 89)","(34.51, 2.0, 3.0)",3.61,66,VISIBLE,0.36,0.33
240,74,car,0.1524,266.61,206.09,334.73,252.92,300.67,229.51,68.11,46.83,3189.66,1.45,Horizontal Oblong,Grey,"(99, 35, 131)","(52.55, -2.0, -5.0)",5.39,74,VISIBLE,-0.41,0.24
240,61,car,0.3026,-0.0,347.78,68.13,446.34,34.06,397.06,68.13,98.56,6714.46,0.69,Vertical Oblong,Black,"(40, 30, 53)","(20.39, 2.0, 1.0)",2.24,61,VISIBLE,-0.1,0.5
240,90,car,0.1541,968.94,228.81,1063.54,287.37,1016.24,258.09,94.6,58.56,5539.52,1.62,Horizontal Oblong,Grey,"(100, 37, 100)","(39.22, -1.0, -2.0)",2.24,90,VISIBLE,0.06,0.2
240,95,car,0.2698,512.52,269.23,653.68,385.52,583.1,327.37,141.17,116.29,16416.74,1.21,Spherical / Regular,Black,"(113, 53, 49)","(16.08, 1.0, -3.0)",3.16,95,VISIBLE,-0.04,0.89
240,96,car,0.1898,323.96,221.4,406.66,291.24,365.31,256.32,82.7,69.84,5775.89,1.18,Spherical / Regular,Grey,"(101, 41, 103)","(38.43, -2.0, -5.0)",5.39,96,VISIBLE,-0.07,0.31
240,97,person,0.4286,1196.77,184.83,1210.48,220.06,1203.62,202.44,13.71,35.24,483.11,0.39,Vertical Oblong,Black,"(130, 25, 24)","(7.06, 1.0, -2.0)",2.24,97,VISIBLE,0.18,0.03
240,92,car,0.1559,559.09,230.29,638.98,276.7,599.04,253.5,79.89,46.41,3707.33,1.72,Horizontal Oblong,Grey,"(104, 45, 58)","(22.35, -1.0, -4.0)",4.12,102,VISIBLE,0.06,0.4
240,77,car,0.1753,249.18,157.24,312.9,181.02,281.04,169.13,63.72,23.78,1515.23,2.68,Horizontal Oblong,Grey,"(98, 43, 89)","(36.27, -3.0, -5.0)",5.83,103,VISIBLE,0.12,0.16
240,104,car,0.1539,380.78,208.35,442.7,253.58,411.74,230.97,61.91,45.23,2800.34,1.37,Horizontal Oblong,Grey,"(98, 31, 122)","(47.06, -2.0, -4.0)",4.47,104,VISIBLE,0.1,0.15
240,80,car,0.17,1249.68,323.37,1280.0,447.65,1264.84,385.51,30.32,124.28,3768.74,0.24,Vertical Oblong,Black,"(90, 43, 46)","(14.51, -1.0, 0.0)",1.0,106,VISIBLE,0.27,-0.76
240,105,car,0.1673,444.66,225.53,523.81,298.07,484.24,261.8,79.14,72.53,5740.58,1.09,Spherical / Regular,Grey,"(100, 39, 101)","(38.04, -1.0, -4.0)",4.12,105,VISIBLE,-0.18,0.39
240,93,truck,0.1962,907.91,142.43,952.7,176.97,930.3,159.7,44.79,34.54,1546.9,1.3,Horizontal Oblong,Grey,"(90, 22, 84)","(34.9, -2.0, -1.0)",2.24,107,VISIBLE,-0.08,0.06
