frame,track_id,class_name,confidence,x1,y1,x2,y2,center_x,center_y,width,height,area,aspect_ratio,shape_type,color,color_hsv,raw_track_id,memory_state,velocity_x,velocity_y
2,1,person,0.9512,507.59,89.91,840.68,687.2,674.14,388.55,333.08,597.28,198944.88,0.56,Vertical Oblong,Green,"(39, 73, 103)",1,VISIBLE,0.0,0.0
2,3,can,0.566,251.94,381.85,283.9,413.39,267.92,397.62,31.96,31.54,1007.84,1.01,Spherical / Regular,Green,"(65, 64, 88)",3,VISIBLE,0.0,0.0
2,2,car,0.318,112.59,361.52,231.45,404.79,172.02,383.16,118.87,43.27,5143.27,2.75,Horizontal Oblong,Green,"(38, 58, 49)",2,VISIBLE,0.0,0.0
3,1,person,0.951,506.62,90.17,839.43,690.22,673.03,390.19,332.81,600.05,199703.13,0.55,Vertical Oblong,Green,"(39, 74, 100)",1,VISIBLE,-1.11,1.64
3,3,can,0.594,258.23,382.55,288.37,413.38,273.3,397.97,30.15,30.83,929.51,0.98,Spherical / Regular,Green,"(65, 67, 88)",3,VISIBLE,5.38,0.34
3,2,car,0.2686,120.91,361.77,235.04,404.5,177.98,383.13,114.12,42.73,4876.77,2.67,Horizontal Oblong,Yellow,"(34, 57, 49)",2,VISIBLE,5.95,-0.02
4,1,person,0.9474,505.81,90.36,837.76,693.0,671.79,391.68,331.95,602.64,200045.99,0.55,Vertical Oblong,Green,"(39, 74, 99)",1,VISIBLE,-1.2,1.53
4,3,can,0.6568,266.16,382.88,295.27,413.46,280.71,398.17,29.11,30.58,890.13,0.95,Spherical / Regular,Green,"(65, 65, 87)",3,VISIBLE,6.8,0.25
4,2,car,0.2704,132.19,361.58,240.29,404.79,186.24,383.18,108.1,43.21,4671.44,2.5,Horizontal Oblong,Yellow,"(34, 55, 52)",2,VISIBLE,7.57,0.03
5,1,person,0.9611,502.4,90.19,835.34,694.71,668.87,392.45,332.94,604.51,201267.79,0.55,Vertical Oblong,Green,"(39, 75, 95)",1,VISIBLE,-2.4,1.0
5,3,can,0.5666,274.33,383.04,302.39,413.4,288.36,398.22,28.06,30.36,851.9,0.92,Spherical / Regular,Green,"(65, 70, 87)",3,VISIBLE,7.39,0.11
5,2,car,0.2693,143.53,361.68,246.21,404.92,194.87,383.3,102.68,43.23,4439.26,2.38,Horizontal Oblong,Yellow,"(34, 57, 52)",2,VISIBLE,8.31,0.09
6,1,person,0.9556,499.42,90.21,832.62,693.22,666.02,391.72,333.21,603.01,200926.28,0.55,Vertical Oblong,Green,"(38, 75, 94)",1,VISIBLE,-2.72,-0.21
6,3,can,0.6618,282.65,382.92,310.46,413.37,296.56,398.14,27.81,30.45,846.74,0.91,Spherical / Regular,Green,"(65, 66, 87)",3,VISIBLE,7.95,-0.02
6,2,car,0.2635,153.23,362.07,252.11,404.64,202.67,383.36,98.89,42.57,4209.5,2.32,Horizontal Oblong,Yellow,"(34, 58, 51)",2,VISIBLE,7.95,0.07
7,1,person,0.9554,496.28,90.76,830.02,688.34,663.15,389.55,333.73,597.59,199433.76,0.56,Vertical Oblong,Green,"(39, 76, 93)",1,VISIBLE,-2.82,-1.58
7,3,can,0.5605,290.34,382.73,318.32,413.04,304.33,397.89,27.99,30.31,848.25,0.92,Spherical / Regular,Green,"(65, 67, 87)",3,VISIBLE,7.83,-0.19
7,2,car,0.2523,164.05,361.79,258.58,404.48,211.31,383.14,94.53,42.7,4035.83,2.21,Horizontal Oblong,Green,"(39, 59, 53)",2,VISIBLE,8.44,-0.13
8,1,person,0.949,492.85,91.78,827.8,680.91,660.33,386.34,334.95,589.13,197327.95,0.57,Vertical Oblong,Green,"(38, 75, 94)",1,VISIBLE,-2.82,-2.72
8,3,can,0.5833,298.37,382.35,325.2,412.73,311.78,397.54,26.83,30.38,815.01,0.88,Spherical / Regular,Green,"(65, 68, 87)",3,VISIBLE,7.57,-0.3
8,2,car,0.1867,159.6,362.18,263.73,404.23,211.67,383.21,104.13,42.05,4378.53,2.48,Horizontal Oblong,Green,"(38, 56, 59)",2,VISIBLE,2.78,0.01
9,1,person,0.9469,489.45,92.49,826.2,673.92,657.83,383.2,336.75,581.43,195796.83,0.58,Vertical Oblong,Green,"(38, 75, 93)",1,VISIBLE,-2.6,-3.01
9,3,can,0.6532,305.1,382.21,331.96,412.66,318.53,397.43,26.85,30.45,817.68,0.88,Spherical / Regular,Green,"(63, 70, 86)",3,VISIBLE,6.99,-0.16
9,2,car,0.2167,156.98,362.49,268.42,404.23,212.7,383.36,111.44,41.74,4651.69,2.67,Horizontal Oblong,Yellow,"(34, 54, 61)",2,VISIBLE,1.56,0.11
9,4,bicycle,0.9414,326.91,344.73,957.45,718.58,642.18,531.66,630.54,373.85,235725.69,1.69,Horizontal Oblong,Yellow,"(30, 67, 108)",4,VISIBLE,0.0,0.0
10,1,person,0.9479,486.35,92.88,824.7,661.65,655.53,377.27,338.35,568.77,192444.77,0.59,Vertical Oblong,Green,"(36, 74, 94)",1,VISIBLE,-2.39,-5.06
10,3,can,0.5977,312.8,381.93,338.55,412.4,325.67,397.17,25.75,30.47,784.54,0.85,Spherical / Regular,Green,"(63, 69, 87)",3,VISIBLE,7.1,-0.24
10,2,car,0.2269,157.27,362.59,273.62,403.79,215.44,383.19,116.35,41.2,4794.1,2.82,Horizontal Oblong,Yellow,"(33, 52, 62)",2,VISIBLE,2.39,-0.09
10,4,bicycle,0.9453,326.58,344.86,955.54,718.71,641.06,531.79,628.96,373.85,235136.32,1.68,Horizontal Oblong,Yellow,"(28, 66, 108)",4,VISIBLE,-1.12,0.13
11,1,person,0.9515,483.88,92.67,823.81,649.09,653.84,370.88,339.93,556.42,189142.84,0.61,Vertical Oblong,Green,"(36, 75, 97)",1,VISIBLE,-1.89,-5.99
11,3,can,0.6057,320.09,381.84,345.36,412.12,332.73,396.98,25.27,30.27,765.16,0.83,Spherical / Regular,Green,"(65, 73, 86)",3,VISIBLE,7.06,-0.2
11,2,car,0.2671,161.72,362.44,278.79,403.13,220.26,382.79,117.07,40.68,4762.79,2.88,Horizontal Oblong,Yellow,"(33, 53, 59)",2,VISIBLE,4.08,-0.31
11,4,bicycle,0.9474,326.09,344.31,953.08,718.81,639.58,531.56,627.0,374.49,234805.21,1.67,Horizontal Oblong,Yellow,"(30, 65, 105)",4,VISIBLE,-1.37,-0.12
12,1,person,0.9515,481.99,91.89,822.81,635.83,652.4,363.86,340.82,543.94,185387.38,0.63,Vertical Oblong,Green,"(36, 75, 98)",1,VISIBLE,-1.58,-6.71
12,3,can,0.5014,327.26,381.8,352.22,411.8,339.74,396.8,24.96,30.0,748.66,0.83,Spherical / Regular,Green,"(65, 71, 86)",3,VISIBLE,7.03,-0.19
12,2,car,0.2067,167.7,362.85,283.41,402.45,225.56,382.65,115.71,39.61,4583.07,2.92,Horizontal Oblong,Yellow,"(33, 52, 58)",2,VISIBLE,4.94,-0.19
12,4,bicycle,0.9426,325.29,343.24,950.45,718.84,637.87,531.04,625.16,375.6,234808.04,1.66,Horizontal Oblong,Yellow,"(28, 65, 105)",4,VISIBLE,-1.61,-0.4
13,1,person,0.9523,480.68,90.72,821.05,633.86,650.87,362.29,340.37,543.14,184871.05,0.63,Vertical Oblong,Green,"(36, 75, 97)",1,VISIBLE,-1.55,-3.11
13,3,can,0.5829,334.4,381.66,359.41,411.49,346.91,396.57,25.01,29.82,745.83,0.84,Spherical / Regular,Green,"(65, 72, 85)",3,VISIBLE,7.12,-0.21
13,2,car,0.3017,176.47,363.06,287.76,401.71,232.11,382.38,111.29,38.66,4302.05,2.88,Horizontal Oblong,Yellow,"(32, 49, 58)",2,VISIBLE,6.07,-0.24
13,4,bicycle,0.9392,323.96,342.89,948.1,718.98,636.03,530.94,624.14,376.1,234734.53,1.66,Horizontal Oblong,Yellow,"(28, 64, 104)",4,VISIBLE,-1.77,-0.19
14,1,person,0.9486,479.24,89.66,818.66,635.98,648.95,362.82,339.42,546.31,185430.65,0.62,Vertical Oblong,Green,"(35, 75, 101)",1,VISIBLE,-1.8,-0.56
14,3,can,0.5361,341.19,381.88,366.54,411.48,353.87,396.68,25.34,29.6,750.04,0.86,Spherical / Regular,Green,"(66, 73, 87)",3,VISIBLE,7.01,0.01
14,2,car,0.3017,181.55,363.23,292.55,401.22,237.05,382.22,110.99,37.99,4216.46,2.92,Horizontal Oblong,Yellow,"(33, 50, 60)",2,VISIBLE,5.28,-0.18
14,4,bicycle,0.9384,323.41,342.0,945.78,719.12,634.59,530.56,622.37,377.12,234706.15,1.65,Horizontal Oblong,Yellow,"(27, 65, 108)",4,VISIBLE,-1.54,-0.32
14,5,car,0.4061,625.97,374.67,673.19,411.0,649.58,392.83,47.22,36.33,1715.53,1.3,Horizontal Oblong,Green,"(37, 42, 104)",5,VISIBLE,0.0,0.0
15,1,person,0.9469,478.48,88.3,816.71,642.2,647.59,365.25,338.23,553.9,187344.78,0.61,Vertical Oblong,Green,"(35, 74, 103)",1,VISIBLE,-1.49,1.53
15,3,can,0.5475,348.53,381.91,373.31,411.48,360.92,396.69,24.78,29.57,732.87,0.84,Spherical / Regular,Green,"(65, 74, 87)",3,VISIBLE,7.04,0.01
15,2,car,0.3017,186.64,363.4,297.33,400.72,241.98,382.06,110.69,37.32,4131.26,2.97,Horizontal Oblong,Yellow,"(33, 48, 58)",2,VISIBLE,5.04,-0.17
15,4,bicycle,0.9379,322.58,342.29,943.62,718.98,633.1,530.64,621.04,376.68,233935.99,1.65,Horizontal Oblong,Yellow,"(27, 65, 108)",4,VISIBLE,-1.51,-0.04
15,5,car,0.4061,626.19,374.67,673.5,411.06,649.84,392.87,47.32,36.39,1722.0,1.3,Horizontal Oblong,Green,"(37, 45, 106)",5,VISIBLE,0.26,0.03
16,1,person,0.9499,477.65,86.91,813.4,652.84,645.52,369.88,335.75,565.93,190011.65,0.59,Vertical Oblong,Yellow,"(34, 73, 103)",1,VISIBLE,-1.9,3.7
16,3,can,0.47,355.37,381.95,379.71,411.55,367.54,396.75,24.34,29.6,720.45,0.82,Spherical / Regular,Green,"(65, 71, 88)",3,VISIBLE,6.75,0.04
16,2,car,0.3017,191.72,363.57,302.12,400.23,246.92,381.9,110.4,36.65,4046.47,3.01,Horizontal Oblong,Yellow,"(33, 49, 58)",2,VISIBLE,4.97,-0.16
16,4,bicycle,0.9392,321.52,343.17,941.13,718.8,631.33,530.98,619.61,375.63,232745.02,1.65,Horizontal Oblong,Yellow,"(26, 64, 109)",4,VISIBLE,-1.69,0.23
16,5,car,0.4061,626.4,374.68,673.81,411.13,650.1,392.9,47.42,36.45,1728.48,1.3,Horizontal Oblong,Green,"(41, 51, 93)",5,VISIBLE,0.26,0.04
17,1,person,0.9452,475.72,85.67,810.67,659.85,643.2,372.76,334.96,574.18,192323.63,0.58,Vertical Oblong,Yellow,"(34, 72, 104)",1,VISIBLE,-2.2,3.13
17,3,can,0.5301,361.11,381.41,386.39,411.43,373.75,396.42,25.27,30.02,758.61,0.84,Spherical / Regular,Green,"(66, 73, 85)",3,VISIBLE,6.37,-0.22
17,2,car,0.1918,195.13,359.48,307.94,401.71,251.53,380.59,112.81,42.23,4764.2,2.67,Horizontal Oblong,Yellow,"(34, 49, 60)",2,VISIBLE,4.72,-0.96
17,4,bicycle,0.9396,320.32,343.98,938.73,718.75,629.52,531.36,618.41,374.77,231762.11,1.65,Horizontal Oblong,Yellow,"(26, 62, 110)",4,VISIBLE,-1.77,0.34
17,6,can,0.521,782.19,383.08,807.45,419.99,794.82,401.53,25.26,36.91,932.29,0.68,Vertical Oblong,Green,"(57, 71, 96)",6,VISIBLE,0.0,0.0
18,1,person,0.9283,472.95,84.46,808.17,661.25,640.56,372.85,335.23,576.79,193355.09,0.58,Vertical Oblong,Yellow,"(34, 70, 104)",1,VISIBLE,-2.5,1.01
18,3,can,0.6126,366.99,381.29,393.06,411.25,380.02,396.27,26.08,29.96,781.4,0.87,Spherical / Regular,Green,"(65, 71, 88)",3,VISIBLE,6.3,-0.17
18,2,car,0.1918,199.77,358.52,313.0,401.74,256.38,380.13,113.23,43.22,4893.99,2.62,Horizontal Oblong,Yellow,"(34, 49, 60)",2,VISIBLE,4.81,-0.61
18,4,bicycle,0.9367,319.03,342.76,935.88,719.02,627.45,530.89,616.85,376.26,232094.96,1.64,Horizontal Oblong,Yellow,"(26, 61, 112)",4,VISIBLE,-1.98,-0.23
18,6,can,0.6103,784.94,384.23,810.77,419.7,797.85,401.96,25.84,35.47,916.63,0.73,Vertical Oblong,Green,"(60, 67, 102)",6,VISIBLE,3.04,0.43
19,1,person,0.9471,469.96,83.5,806.33,665.69,638.14,374.6,336.37,582.2,195836.17,0.58,Vertical Oblong,Yellow,"(34, 70, 103)",1,VISIBLE,-2.44,1.52
19,3,can,0.605,373.17,381.52,399.9,410.97,386.54,396.25,26.73,29.45,787.33,0.91,Spherical / Regular,Green,"(66, 70, 88)",3,VISIBLE,6.45,-0.07
19,2,car,0.1806,204.49,358.38,317.22,401.6,260.86,379.99,112.73,43.22,4872.5,2.61,Horizontal Oblong,Yellow,"(34, 51, 60)",2,VISIBLE,4.57,-0.28
19,4,bicycle,0.9325,317.82,340.4,932.73,719.35,625.28,529.87,614.91,378.95,233019.04,1.62,Horizontal Oblong,Yellow,"(27, 61, 110)",4,VISIBLE,-2.12,-0.78
19,6,can,0.6644,789.66,384.11,815.99,418.93,802.82,401.52,26.33,34.82,916.7,0.76,Vertical Oblong,Green,"(60, 67, 102)",6,VISIBLE,4.39,-0.18
20,1,person,0.9279,467.45,82.71,805.03,663.02,636.24,372.87,337.58,580.31,195898.21,0.58,Vertical Oblong,Yellow,"(34, 70, 102)",1,VISIBLE,-2.07,-0.76
20,3,can,0.6893,379.2,380.94,405.84,410.44,392.52,395.69,26.64,29.51,786.1,0.9,Spherical / Regular,Green,"(66, 67, 89)",3,VISIBLE,6.12,-0.41
20,2,car,0.1806,209.16,357.64,322.06,401.59,265.61,379.61,112.9,43.95,4962.22,2.57,Horizontal Oblong,Yellow,"(34, 51, 61)",2,VISIBLE,4.7,-0.35
20,4,bicycle,0.9354,317.31,338.63,930.06,719.5,623.68,529.06,612.75,380.87,233377.28,1.61,Horizontal Oblong,Yellow,"(26, 62, 112)",4,VISIBLE,-1.75,-0.8
20,6,can,0.739,795.72,384.22,822.21,418.37,808.96,401.29,26.49,34.16,904.99,0.78,Vertical Oblong,Green,"(59, 68, 101)",6,VISIBLE,5.61,-0.21
21,1,person,0.9393,465.48,81.73,804.18,658.15,634.83,369.94,338.69,576.42,195229.41,0.59,Vertical Oblong,Yellow,"(34, 71, 101)",1,VISIBLE,-1.61,-2.27
21,3,can,0.71,385.78,380.67,412.44,410.07,399.11,395.37,26.67,29.4,784.07,0.91,Spherical / Regular,Green,"(66, 68, 89)",3,VISIBLE,6.45,-0.35
21,2,car,0.1806,213.82,356.9,326.9,401.57,270.36,379.23,113.08,44.68,5052.19,2.53,Horizontal Oblong,Yellow,"(34, 52, 60)",2,VISIBLE,4.74,-0.37
21,4,bicycle,0.9365,317.08,336.91,927.83,719.39,622.45,528.15,610.75,382.48,233601.58,1.6,Horizontal Oblong,Yellow,"(26, 62, 110)",4,VISIBLE,-1.39,-0.88
21,6,can,0.7251,802.42,384.65,827.74,417.43,815.08,401.04,25.32,32.78,830.2,0.77,Vertical Oblong,Green,"(60, 69, 98)",6,VISIBLE,5.96,-0.24
22,1,person,0.9317,464.32,80.85,803.97,644.51,634.14,362.68,339.65,563.65,191443.79,0.6,Vertical Oblong,Green,"(35, 71, 100)",1,VISIBLE,-0.96,-5.76
22,3,can,0.7016,393.18,380.72,418.72,409.51,405.95,395.11,25.54,28.78,735.03,0.89,Spherical / Regular,Green,"(66, 69, 88)",3,VISIBLE,6.72,-0.28
22,2,car,0.1806,218.48,356.15,331.74,401.56,275.11,378.86,113.25,45.41,5142.41,2.49,Horizontal Oblong,Yellow,"(34, 52, 60)",2,VISIBLE,4.75,-0.38
22,4,bicycle,0.9353,317.31,334.83,925.87,719.26,621.59,527.04,608.56,384.43,233948.12,1.58,Horizontal Oblong,Yellow,"(26, 61, 113)",4,VISIBLE,-1.02,-1.04
22,6,can,0.7667,809.04,384.74,833.79,416.98,821.41,400.86,24.74,32.24,797.74,0.77,Vertical Oblong,Green,"(60, 68, 95)",6,VISIBLE,6.22,-0.2
23,1,person,0.9508,463.51,80.25,803.59,620.04,633.55,350.14,340.08,539.79,183568.26,0.63,Vertical Oblong,Green,"(36, 71, 99)",1,VISIBLE,-0.7,-10.5
23,3,can,0.6783,400.41,380.98,425.0,409.28,412.71,395.13,24.59,28.3,695.85,0.87,Spherical / Regular,Green,"(68, 71, 89)",3,VISIBLE,6.75,-0.07
23,2,car,0.1645,235.35,358.7,338.05,399.69,286.7,379.19,102.71,40.99,4209.63,2.51,Horizontal Oblong,Yellow,"(33, 52, 58)",2,VISIBLE,9.54,0.12
23,4,bicycle,0.9341,317.36,333.07,924.26,719.33,620.81,526.2,606.9,386.26,234422.16,1.57,Horizontal Oblong,Yellow,"(27, 61, 111)",4,VISIBLE,-0.85,-0.9
23,6,can,0.8473,815.43,384.49,839.61,416.92,827.52,400.7,24.18,32.44,784.31,0.75,Vertical Oblong,Green,"(60, 71, 95)",6,VISIBLE,6.14,-0.17
24,1,person,0.9533,462.59,79.11,802.4,608.28,632.49,343.69,339.82,529.18,179822.3,0.64,Vertical Oblong,Green,"(36, 71, 97)",1,VISIBLE,-0.95,-7.67
24,3,can,0.5792,407.65,381.47,430.68,409.08,419.17,395.28,23.03,27.6,635.64,0.83,Spherical / Regular,Green,"(68, 71, 89)",3,VISIBLE,6.55,0.08
24,2,car,0.1638,248.13,360.47,344.01,398.14,296.07,379.31,95.88,37.67,3612.2,2.54,Horizontal Oblong,Yellow,"(32, 53, 57)",2,VISIBLE,9.42,0.11
24,4,bicycle,0.9343,317.62,332.02,922.4,719.3,620.01,525.66,604.78,387.27,234214.87,1.56,Horizontal Oblong,Yellow,"(26, 59, 112)",4,VISIBLE,-0.82,-0.65
24,6,can,0.7962,821.62,384.38,845.16,416.69,833.39,400.53,23.54,32.3,760.47,0.73,Vertical Oblong,Green,"(57, 70, 93)",6,VISIBLE,5.95,-0.17
25,1,person,0.9502,461.58,78.71,800.83,611.45,631.2,345.08,339.25,532.74,180731.1,0.64,Vertical Oblong,Green,"(37, 70, 92)",1,VISIBLE,-1.19,-1.33
25,3,can,0.6447,414.55,382.0,436.57,408.88,425.56,395.44,22.02,26.88,591.9,0.82,Spherical / Regular,Green,"(68, 72, 86)",3,VISIBLE,6.44,0.14
25,2,car,0.1638,257.33,361.04,349.43,397.36,303.38,379.2,92.1,36.33,3345.81,2.54,Horizontal Oblong,Yellow,"(27, 51, 55)",2,VISIBLE,7.94,-0.04
25,4,bicycle,0.9331,316.95,331.1,920.51,719.35,618.73,525.22,603.56,388.25,234328.35,1.55,Horizontal Oblong,Yellow,"(27, 59, 109)",4,VISIBLE,-1.14,-0.5
25,6,can,0.8255,827.34,384.41,850.75,416.81,839.05,400.61,23.41,32.39,758.35,0.72,Vertical Oblong,Green,"(60, 73, 92)",6,VISIBLE,5.74,0.0
26,1,person,0.958,460.73,78.59,799.02,619.61,629.87,349.1,338.28,541.02,183017.88,0.63,Vertical Oblong,Green,"(37, 70, 91)",1,VISIBLE,-1.29,2.41
26,3,can,0.5761,420.67,382.95,442.11,409.09,431.39,396.02,21.44,26.15,560.58,0.82,Spherical / Regular,Green,"(69, 70, 87)",3,VISIBLE,6.01,0.45
26,2,car,0.1638,266.53,361.6,354.86,396.58,310.69,379.09,88.33,34.98,3089.6,2.53,Horizontal Oblong,Yellow,"(25, 50, 54)",2,VISIBLE,7.5,-0.09
26,4,bicycle,0.9323,315.85,330.6,918.48,719.32,617.17,524.96,602.63,388.71,234248.16,1.55,Horizontal Oblong,Yellow,"(26, 59, 112)",4,VISIBLE,-1.44,-0.34
26,6,can,0.8793,832.59,384.4,856.11,417.37,844.35,400.88,23.52,32.97,775.22,0.71,Vertical Oblong,Green,"(57, 68, 92)",6,VISIBLE,5.44,0.19
27,1,person,0.9576,460.05,78.86,797.06,630.75,628.56,354.8,337.01,551.9,185996.83,0.61,Vertical Oblong,Green,"(38, 72, 87)",1,VISIBLE,-1.31,4.72
27,3,can,0.4504,426.65,383.55,448.36,409.4,437.51,396.47,21.71,25.85,561.35,0.84,Spherical / Regular,Green,"(68, 74, 83)",3,VISIBLE,6.08,0.45
27,4,bicycle,0.9318,313.25,330.25,916.5,719.25,614.88,524.75,603.24,389.0,234660.57,1.55,Horizontal Oblong,Yellow,"(27, 60, 111)",4,VISIBLE,-2.03,-0.25
27,6,can,0.802,837.52,384.66,861.52,417.86,849.52,401.26,24.01,33.19,796.92,0.72,Vertical Oblong,Green,"(59, 70, 94)",6,VISIBLE,5.25,0.32
28,1,person,0.9546,458.7,79.52,795.08,644.16,626.89,361.84,336.38,564.63,189928.34,0.6,Vertical Oblong,Green,"(38, 71, 85)",1,VISIBLE,-1.56,6.34
28,3,can,0.4504,433.16,384.01,454.41,409.38,443.79,396.69,21.25,25.37,539.19,0.84,Spherical / Regular,Green,"(68, 71, 85)",3,VISIBLE,6.22,0.29
28,4,bicycle,0.9301,309.59,329.78,914.51,719.25,612.05,524.51,604.92,389.47,235597.91,1.55,Horizontal Oblong,Yellow,"(26, 61, 112)",4,VISIBLE,-2.59,-0.24
28,6,can,0.7688,842.34,384.73,866.78,418.2,854.56,401.47,24.44,33.47,817.99,0.73,Vertical Oblong,Green,"(58, 72, 96)",6,VISIBLE,5.1,0.24
29,1,person,0.9542,457.55,79.88,793.5,659.35,625.52,369.61,335.95,579.47,194673.36,0.58,Vertical Oblong,Green,"(40, 71, 81)",1,VISIBLE,-1.42,7.34
29,3,can,0.4504,439.68,384.47,460.47,409.36,450.07,396.91,20.79,24.89,517.48,0.84,Spherical / Regular,Green,"(68, 75, 84)",3,VISIBLE,6.27,0.24
29,4,bicycle,0.9301,307.83,329.01,912.49,719.24,610.16,524.13,604.67,390.23,235959.59,1.55,Horizontal Oblong,Yellow,"(27, 62, 107)",4,VISIBLE,-2.1,-0.34
29,6,can,0.873,847.58,385.14,872.22,418.54,859.9,401.84,24.64,33.4,822.91,0.74,Vertical Oblong,Green,"(60, 71, 92)",6,VISIBLE,5.27,0.33
30,1,person,0.9528,457.45,80.39,792.15,673.99,624.8,377.19,334.7,593.6,198676.66,0.56,Vertical Oblong,Green,"(41, 71, 79)",1,VISIBLE,-0.93,7.51
30,3,can,0.4504,446.19,384.93,466.52,409.34,456.35,397.13,20.33,24.41,496.21,0.83,Spherical / Regular,Green,"(68, 77, 82)",3,VISIBLE,6.28,0.23
30,4,bicycle,0.9301,306.06,328.24,910.48,719.23,608.27,523.74,604.42,390.99,236320.89,1.55,Horizontal Oblong,Yellow,"(27, 61, 107)",4,VISIBLE,-1.95,-0.38
30,6,can,0.8118,852.6,385.72,877.67,418.71,865.14,402.21,25.07,32.99,827.09,0.76,Vertical Oblong,Green,"(62, 72, 93)",6,VISIBLE,5.25,0.36
30,2,car,0.3782,288.76,364.93,359.83,402.15,324.29,383.54,71.07,37.22,2645.15,1.91,Horizontal Oblong,Orange,"(14, 62, 50)",7,VISIBLE,4.63,0.75
31,1,person,0.9461,456.86,80.33,791.15,683.17,624.01,381.75,334.29,602.84,201519.83,0.55,Vertical Oblong,Green,"(43, 72, 74)",1,VISIBLE,-0.84,5.44
31,3,can,0.4504,452.7,385.39,472.57,409.32,462.64,397.35,19.87,23.92,475.39,0.83,Spherical / Regular,Green,"(66, 76, 80)",3,VISIBLE,6.28,0.22
31,4,bicycle,0.9301,304.3,327.47,908.47,719.22,606.39,523.35,604.17,391.75,236681.81,1.54,Horizontal Oblong,Yellow,"(28, 62, 104)",4,VISIBLE,-1.91,-0.39
31,6,can,0.8262,857.82,385.57,882.85,418.56,870.33,402.07,25.04,33.0,826.13,0.76,Vertical Oblong,Green,"(63, 71, 95)",6,VISIBLE,5.21,0.0
31,2,car,0.4591,292.45,364.62,366.01,401.64,329.23,383.13,73.56,37.02,2723.33,1.99,Horizontal Oblong,Orange,"(18, 60, 50)",7,VISIBLE,4.84,-0.06
32,1,person,0.948,456.88,80.26,790.4,691.11,623.64,385.68,333.53,610.85,203733.14,0.55,Vertical Oblong,Green,"(44, 72, 73)",1,VISIBLE,-0.51,4.39
32,3,can,0.4504,459.21,385.85,478.62,409.3,468.92,397.57,19.41,23.44,455.01,0.83,Spherical / Regular,Green,"(66, 72, 80)",3,VISIBLE,6.28,0.22
32,4,bicycle,0.9301,302.54,326.7,906.46,719.21,604.5,522.96,603.91,392.51,237042.35,1.54,Horizontal Oblong,Yellow,"(27, 63, 103)",4,VISIBLE,-1.89,-0.39
32,6,can,0.8821,863.03,385.21,888.66,418.47,875.84,401.84,25.63,33.25,852.18,0.77,Vertical Oblong,Green,"(60, 66, 94)",6,VISIBLE,5.42,-0.16
32,2,car,0.3982,298.67,364.69,374.56,401.45,336.61,383.07,75.9,36.76,2790.0,2.06,Horizontal Oblong,Orange,"(14, 60, 50)",7,VISIBLE,6.62,-0.06
33,1,person,0.9483,457.41,80.42,789.69,693.12,623.55,386.77,332.28,612.7,203589.95,0.54,Vertical Oblong,Green,"(44, 74, 73)",1,VISIBLE,-0.21,2.08
33,4,bicycle,0.9301,300.78,325.94,904.45,719.21,602.61,522.57,603.66,393.27,237402.51,1.53,Horizontal Oblong,Yellow,"(28, 63, 101)",4,VISIBLE,-1.89,-0.38
33,6,can,0.8168,868.04,384.88,894.34,418.05,881.19,401.47,26.3,33.17,872.32,0.79,Vertical Oblong,Green,"(58, 68, 94)",6,VISIBLE,5.37,-0.31
33,2,car,0.5861,305.3,364.68,384.39,401.27,344.85,382.98,79.09,36.6,2894.57,2.16,Horizontal Oblong,Orange,"(14, 61, 51)",7,VISIBLE,7.75,-0.08
34,1,person,0.9455,457.55,81.6,788.9,691.4,623.23,386.5,331.35,609.8,202061.4,0.54,Vertical Oblong,Green,"(44, 74, 73)",1,VISIBLE,-0.29,0.43
34,6,can,0.8193,874.32,384.51,899.6,417.62,886.96,401.06,25.28,33.11,836.88,0.76,Vertical Oblong,Green,"(59, 66, 92)",6,VISIBLE,5.65,-0.37
34,2,car,0.4607,312.01,364.58,394.47,401.25,353.24,382.91,82.46,36.67,3024.02,2.25,Horizontal Oblong,Orange,"(11, 61, 50)",7,VISIBLE,8.2,-0.07
35,1,person,0.9428,457.69,83.29,788.5,685.48,623.09,384.39,330.82,602.2,199217.08,0.55,Vertical Oblong,Green,"(44, 74, 72)",1,VISIBLE,-0.18,-1.35
35,6,can,0.884,880.15,384.25,905.06,417.61,892.61,400.93,24.91,33.36,830.9,0.75,Vertical Oblong,Green,"(56, 69, 93)",6,VISIBLE,5.65,-0.21
35,2,car,0.58,319.93,364.68,403.39,401.35,361.66,383.02,83.46,36.67,3060.2,2.28,Horizontal Oblong,Orange,"(14, 62, 51)",7,VISIBLE,8.35,0.05
36,1,person,0.9439,456.99,85.85,788.45,676.93,622.72,381.39,331.45,591.08,195914.94,0.56,Vertical Oblong,Green,"(43, 74, 73)",1,VISIBLE,-0.32,-2.5
36,6,can,0.7727,885.33,384.5,910.44,417.81,897.88,401.15,25.11,33.3,836.27,0.75,Vertical Oblong,Green,"(55, 65, 92)",6,VISIBLE,5.39,0.1
36,2,car,0.5292,325.52,364.79,410.66,401.54,368.09,383.17,85.14,36.75,3128.59,2.32,Horizontal Oblong,Orange,"(14, 60, 50)",7,VISIBLE,7.01,0.12
37,1,person,0.9455,455.54,88.11,788.09,668.7,621.81,378.41,332.55,580.59,193073.87,0.57,Vertical Oblong,Green,"(43, 74, 71)",1,VISIBLE,-0.73,-2.84
37,6,can,0.7783,891.2,384.74,915.83,417.84,903.52,401.29,24.63,33.1,815.37,0.74,Vertical Oblong,Green,"(60, 67, 91)",6,VISIBLE,5.56,0.12
37,2,car,0.7057,331.88,365.21,417.96,401.97,374.92,383.59,86.07,36.76,3164.12,2.34,Horizontal Oblong,Orange,"(14, 62, 52)",7,VISIBLE,6.88,0.33
37,4,bicycle,0.9366,290.38,333.39,909.32,718.02,599.85,525.7,618.93,384.63,238058.0,1.61,Horizontal Oblong,Yellow,"(27, 62, 103)",8,VISIBLE,-1.05,0.43
38,1,person,0.9507,452.81,90.01,789.07,656.88,620.94,373.44,336.26,566.87,190614.61,0.59,Vertical Oblong,Green,"(42, 74, 73)",1,VISIBLE,-0.83,-4.32
38,6,can,0.8601,896.9,385.16,921.22,418.15,909.06,401.65,24.32,32.99,802.34,0.74,Vertical Oblong,Green,"(58, 63, 92)",6,VISIBLE,5.55,0.29
38,2,car,0.6762,339.27,365.52,424.43,402.19,381.85,383.85,85.16,36.66,3122.2,2.32,Horizontal Oblong,Orange,"(20, 61, 53)",7,VISIBLE,6.92,0.29
38,4,bicycle,0.9412,288.88,333.94,908.45,717.97,598.67,525.96,619.57,384.03,237933.52,1.61,Horizontal Oblong,Yellow,"(27, 61, 103)",8,VISIBLE,-1.14,0.3
39,1,person,0.9476,449.92,90.96,789.48,642.66,619.7,366.81,339.57,551.7,187337.19,0.62,Vertical Oblong,Green,"(41, 74, 72)",1,VISIBLE,-1.12,-5.94
39,6,can,0.7166,901.63,385.03,927.15,418.22,914.39,401.63,25.52,33.19,847.02,0.77,Vertical Oblong,Green,"(57, 63, 93)",6,VISIBLE,5.4,0.07
39,2,car,0.3301,349.95,365.79,429.55,402.16,389.75,383.97,79.6,36.37,2894.89,2.19,Horizontal Oblong,Yellow,"(33, 58, 55)",7,VISIBLE,7.6,0.17
39,4,bicycle,0.9479,287.2,334.93,907.29,717.94,597.24,526.44,620.09,383.01,237499.96,1.62,Horizontal Oblong,Yellow,"(27, 60, 102)",8,VISIBLE,-1.34,0.43
40,1,person,0.9449,448.02,90.52,788.9,635.96,618.46,363.24,340.89,545.44,185934.22,0.62,Vertical Oblong,Green,"(41, 73, 72)",1,VISIBLE,-1.2,-4.28
40,6,can,0.7464,907.34,384.4,932.6,417.76,919.97,401.08,25.26,33.36,842.67,0.76,Vertical Oblong,Green,"(59, 63, 94)",6,VISIBLE,5.52,-0.36
40,2,car,0.1757,363.6,365.31,434.4,401.97,399.0,383.64,70.8,36.67,2596.04,1.93,Horizontal Oblong,Yellow,"(28, 54, 60)",7,VISIBLE,8.76,-0.18
40,4,bicycle,0.944,285.71,336.17,906.03,717.94,595.87,527.06,620.32,381.77,236818.91,1.62,Horizontal Oblong,Yellow,"(26, 60, 104)",8,VISIBLE,-1.36,0.56
41,1,person,0.9526,445.9,89.69,786.92,636.1,616.41,362.9,341.03,546.41,186340.07,0.62,Vertical Oblong,Green,"(40, 74, 71)",1,VISIBLE,-1.8,-1.53
41,6,can,0.8357,912.9,383.64,938.23,417.29,925.57,400.47,25.33,33.65,852.42,0.75,Vertical Oblong,Green,"(59, 64, 94)",6,VISIBLE,5.57,-0.54
41,2,car,0.2147,379.03,364.99,439.41,401.28,409.22,383.14,60.37,36.29,2190.95,1.66,Horizontal Oblong,Yellow,"(33, 54, 64)",7,VISIBLE,9.78,-0.41
41,4,bicycle,0.9423,284.53,336.68,905.19,718.02,594.86,527.35,620.66,381.35,236683.85,1.63,Horizontal Oblong,Yellow,"(27, 62, 102)",8,VISIBLE,-1.12,0.38
42,1,person,0.9558,443.43,88.03,783.8,640.81,613.61,364.42,340.37,552.78,188151.5,0.62,Vertical Oblong,Green,"(38, 74, 71)",1,VISIBLE,-2.5,0.61
42,6,can,0.6978,918.06,383.04,943.97,416.41,931.01,399.72,25.9,33.37,864.54,0.78,Vertical Oblong,Green,"(60, 60, 96)",6,VISIBLE,5.49,-0.68
42,2,car,0.3408,395.5,365.02,445.82,400.43,420.66,382.72,50.32,35.41,1781.89,1.42,Horizontal Oblong,Green,"(38, 53, 69)",7,VISIBLE,10.94,-0.41
42,4,bicycle,0.9436,283.72,336.66,903.34,718.31,593.53,527.48,619.61,381.64,236472.73,1.62,Horizontal Oblong,Yellow,"(26, 62, 105)",8,VISIBLE,-1.27,0.21
43,1,person,0.9573,441.64,86.14,781.27,646.51,611.45,366.33,339.62,560.36,190313.34,0.61,Vertical Oblong,Green,"(38, 76, 72)",1,VISIBLE,-2.26,1.52
43,6,can,0.8223,924.03,382.42,949.7,415.9,936.87,399.16,25.67,33.48,859.38,0.77,Vertical Oblong,Green,"(60, 62, 96)",6,VISIBLE,5.74,-0.6
43,2,car,0.3408,407.78,364.97,451.85,400.08,429.82,382.53,44.07,35.11,1547.27,1.26,Horizontal Oblong,Green,"(38, 45, 76)",7,VISIBLE,9.69,-0.26
43,4,bicycle,0.9428,283.19,336.51,902.7,718.38,592.95,527.45,619.52,381.87,236573.09,1.62,Horizontal Oblong,Yellow,"(26, 62, 106)",8,VISIBLE,-0.79,0.03
43,5,car,0.5707,757.73,372.65,806.79,408.69,782.26,390.67,49.06,36.04,1768.27,1.36,Horizontal Oblong,Yellow,"(30, 41, 100)",9,VISIBLE,3.5,-0.05
44,1,person,0.9556,440.0,83.98,779.28,657.8,609.64,370.89,339.29,573.83,194691.02,0.59,Vertical Oblong,Green,"(37, 74, 73)",1,VISIBLE,-1.95,3.65
44,6,can,0.7665,930.24,382.07,956.04,415.59,943.14,398.83,25.79,33.52,864.65,0.77,Vertical Oblong,Green,"(59, 62, 96)",6,VISIBLE,6.11,-0.41
44,2,car,0.3408,420.07,364.93,457.89,399.73,438.98,382.33,37.82,34.81,1316.45,1.09,Spherical / Regular,Yellow,"(26, 46, 76)",7,VISIBLE,9.32,-0.22
44,4,bicycle,0.8988,282.59,338.09,901.98,718.97,592.29,528.53,619.39,380.88,235916.22,1.63,Horizontal Oblong,Yellow,"(26, 62, 107)",8,VISIBLE,-0.7,0.77
44,5,car,0.6019,762.89,372.89,812.18,408.47,787.53,390.68,49.29,35.58,1753.83,1.39,Horizontal Oblong,Yellow,"(30, 41, 97)",9,VISIBLE,4.74,-0.01
45,1,person,0.9471,438.59,82.17,777.68,659.45,608.13,370.81,339.09,577.28,195750.08,0.59,Vertical Oblong,Green,"(36, 73, 72)",1,VISIBLE,-1.64,1.04
45,6,can,0.7339,936.46,382.11,962.22,415.48,949.34,398.79,25.77,33.37,859.7,0.77,Vertical Oblong,Green,"(58, 60, 96)",6,VISIBLE,6.17,-0.15
45,2,car,0.3408,432.36,364.88,463.93,399.39,448.14,382.14,31.58,34.5,1089.41,0.92,Spherical / Regular,Yellow,"(33, 40, 77)",7,VISIBLE,9.21,-0.2
45,4,bicycle,0.9473,282.57,339.4,900.4,719.25,591.49,529.33,617.84,379.85,234685.07,1.63,Horizontal Oblong,Yellow,"(26, 62, 105)",8,VISIBLE,-0.77,0.79
45,5,car,0.6413,769.67,373.4,818.6,408.31,794.14,390.85,48.93,34.91,1708.34,1.4,Horizontal Oblong,Yellow,"(33, 44, 95)",9,VISIBLE,6.04,0.12
46,1,person,0.9471,436.85,80.96,775.99,661.84,606.42,371.4,339.13,580.88,196995.52,0.58,Vertical Oblong,Green,"(36, 72, 73)",1,VISIBLE,-1.69,0.72
46,6,can,0.8347,943.03,382.52,968.6,416.02,955.81,399.27,25.56,33.5,856.36,0.76,Vertical Oblong,Green,"(58, 59, 94)",6,VISIBLE,6.38,0.29
46,2,car,0.3408,444.64,364.84,469.97,399.04,457.31,381.94,25.33,34.2,866.15,0.74,Vertical Oblong,Yellow,"(33, 41, 83)",7,VISIBLE,9.18,-0.2
46,4,bicycle,0.9436,282.26,340.11,898.93,719.45,590.6,529.78,616.67,379.34,233927.53,1.63,Horizontal Oblong,Yellow,"(26, 62, 108)",8,VISIBLE,-0.85,0.55
46,5,car,0.6138,776.22,373.91,825.55,408.67,800.89,391.29,49.34,34.76,1714.76,1.42,Horizontal Oblong,Yellow,"(33, 44, 99)",9,VISIBLE,6.54,0.34
47,1,person,0.9531,435.62,81.08,775.73,670.22,605.68,375.65,340.11,589.14,200370.88,0.58,Vertical Oblong,Green,"(36, 73, 74)",1,VISIBLE,-1.03,3.19
47,6,can,0.7378,949.14,383.49,975.56,416.59,962.35,400.04,26.42,33.1,874.58,0.8,Vertical Oblong,Green,"(58, 60, 96)",6,VISIBLE,6.49,0.63
47,2,car,0.3408,456.93,364.8,476.01,398.69,466.47,381.74,19.08,33.9,646.69,0.56,Vertical Oblong,Yellow,"(33, 43, 76)",7,VISIBLE,9.17,-0.2
47,4,bicycle,0.9436,281.72,340.89,897.74,719.67,589.73,530.28,616.01,378.78,233331.08,1.63,Horizontal Oblong,Yellow,"(27, 64, 105)",8,VISIBLE,-0.86,0.52
47,5,car,0.5558,782.68,374.71,832.16,409.1,807.42,391.91,49.48,34.39,1701.71,1.44,Horizontal Oblong,Yellow,"(34, 44, 107)",9,VISIBLE,6.54,0.53
48,1,person,0.9352,435.11,82.12,775.62,670.14,605.37,376.13,340.51,588.02,200225.65,0.58,Vertical Oblong,Green,"(36, 74, 75)",1,VISIBLE,-0.53,1.29
48,6,can,0.8581,955.42,384.49,982.59,417.24,969.01,400.86,27.18,32.75,890.06,0.83,Spherical / Regular,Green,"(58, 60, 97)",6,VISIBLE,6.61,0.77
48,4,bicycle,0.942,281.13,341.3,896.47,719.69,588.8,530.5,615.34,378.39,232841.35,1.63,Horizontal Oblong,Yellow,"(27, 65, 106)",8,VISIBLE,-0.91,0.31
48,5,car,0.5829,789.11,375.31,838.93,409.65,814.02,392.48,49.82,34.34,1711.04,1.45,Horizontal Oblong,Yellow,"(30, 43, 105)",9,VISIBLE,6.58,0.56
49,1,person,0.9186,434.72,83.71,776.1,660.29,605.41,372.0,341.38,576.59,196835.25,0.59,Vertical Oblong,Green,"(36, 74, 76)",1,VISIBLE,-0.13,-2.5
49,6,can,0.8058,961.22,385.22,989.71,417.7,975.46,401.46,28.49,32.48,925.47,0.88,Spherical / Regular,Green,"(58, 60, 98)",6,VISIBLE,6.5,0.65
49,4,bicycle,0.9438,281.09,341.29,895.59,719.57,588.34,530.43,614.51,378.28,232457.76,1.62,Horizontal Oblong,Yellow,"(28, 64, 103)",8,VISIBLE,-0.59,0.05
49,5,car,0.6031,795.7,375.56,845.38,410.07,820.54,392.82,49.68,34.51,1714.51,1.44,Horizontal Oblong,Yellow,"(32, 43, 102)",9,VISIBLE,6.54,0.4
50,1,person,0.9325,434.64,85.06,777.01,650.49,605.82,367.78,342.37,565.43,193587.34,0.61,Vertical Oblong,Green,"(36, 74, 79)",1,VISIBLE,0.25,-3.71
50,6,can,0.8129,968.18,385.44,996.94,417.71,982.56,401.58,28.76,32.27,928.19,0.89,Spherical / Regular,Green,"(59, 61, 99)",6,VISIBLE,6.92,0.27
50,4,bicycle,0.9428,281.75,340.45,895.04,719.56,588.4,530.01,613.29,379.11,232505.76,1.62,Horizontal Oblong,Yellow,"(27, 65, 106)",8,VISIBLE,-0.14,-0.28
50,5,car,0.6253,802.06,375.76,852.02,410.14,827.04,392.95,49.96,34.38,1717.61,1.45,Horizontal Oblong,Yellow,"(30, 43, 100)",9,VISIBLE,6.51,0.22
51,1,person,0.9567,435.03,85.84,778.21,629.31,606.62,357.57,343.18,543.48,186510.26,0.63,Vertical Oblong,Green,"(36, 75, 80)",1,VISIBLE,0.63,-8.25
51,6,can,0.7959,974.83,385.33,1004.74,417.62,989.78,401.47,29.9,32.29,965.51,0.93,Spherical / Regular,Green,"(57, 60, 103)",6,VISIBLE,7.13,0.01
51,4,bicycle,0.9396,283.2,339.09,895.1,719.44,589.15,529.27,611.89,380.35,232733.97,1.61,Horizontal Oblong,Yellow,"(28, 65, 102)",8,VISIBLE,0.49,-0.6
51,5,car,0.6509,809.35,375.37,859.02,409.81,834.19,392.59,49.67,34.44,1710.47,1.44,Horizontal Oblong,Yellow,"(33, 43, 100)",9,VISIBLE,6.95,-0.19
52,1,person,0.9567,436.38,86.0,779.08,621.15,607.73,353.58,342.71,535.16,183400.76,0.64,Vertical Oblong,Green,"(36, 75, 83)",1,VISIBLE,0.97,-5.28
52,6,can,0.7749,982.71,384.77,1012.53,417.07,997.62,400.92,29.82,32.3,963.25,0.92,Spherical / Regular,Green,"(56, 59, 102)",6,VISIBLE,7.62,-0.38
52,4,bicycle,0.9388,284.85,336.59,895.76,719.34,590.31,527.97,610.91,382.75,233826.01,1.6,Horizontal Oblong,Yellow,"(28, 65, 102)",8,VISIBLE,0.95,-1.09
52,5,car,0.6484,816.39,375.0,865.52,409.5,840.95,392.25,49.14,34.51,1695.53,1.42,Horizontal Oblong,Yellow,"(30, 43, 99)",9,VISIBLE,6.83,-0.29
53,1,person,0.9587,437.79,84.9,779.98,623.27,608.89,354.08,342.19,538.37,184226.23,0.64,Vertical Oblong,Green,"(35, 75, 83)",1,VISIBLE,1.1,-1.23
53,6,can,0.7545,990.21,384.18,1020.4,416.43,1005.31,400.31,30.19,32.25,973.43,0.94,Spherical / Regular,Green,"(55, 58, 102)",6,VISIBLE,7.67,-0.55
53,4,bicycle,0.936,286.75,333.69,896.63,719.4,591.69,526.54,609.87,385.71,235235.51,1.58,Horizontal Oblong,Yellow,"(29, 64, 100)",8,VISIBLE,1.26,-1.32
53,5,car,0.617,823.35,374.51,872.51,408.96,847.93,391.73,49.16,34.46,1694.01,1.43,Horizontal Oblong,Yellow,"(30, 43, 96)",9,VISIBLE,6.93,-0.45
54,1,person,0.959,439.65,83.14,781.02,631.9,610.33,357.52,341.37,548.75,187330.01,0.62,Vertical Oblong,Green,"(35, 76, 86)",1,VISIBLE,1.34,2.04
54,6,can,0.7307,997.97,383.25,1028.3,415.56,1013.14,399.41,30.33,32.31,979.77,0.94,Spherical / Regular,Green,"(53, 59, 102)",6,VISIBLE,7.78,-0.79
54,4,bicycle,0.934,288.52,331.62,898.05,719.48,593.28,525.55,609.53,387.87,236414.72,1.57,Horizontal Oblong,Yellow,"(28, 65, 101)",8,VISIBLE,1.49,-1.09
54,5,car,0.6048,830.62,373.73,879.77,408.43,855.19,391.08,49.15,34.7,1705.63,1.42,Horizontal Oblong,Yellow,"(32, 42, 98)",9,VISIBLE,7.16,-0.59
55,1,person,0.9533,441.74,81.49,781.96,643.43,611.85,362.46,340.23,561.94,191188.25,0.61,Vertical Oblong,Green,"(36, 79, 86)",1,VISIBLE,1.46,4.07
55,6,can,0.7834,1006.06,382.53,1036.54,414.95,1021.3,398.74,30.49,32.43,988.51,0.94,Spherical / Regular,Green,"(54, 57, 100)",6,VISIBLE,8.05,-0.7
55,4,bicycle,0.9286,289.68,330.33,899.93,719.32,594.81,524.83,610.25,388.99,237378.96,1.57,Horizontal Oblong,Yellow,"(30, 66, 100)",8,VISIBLE,1.51,-0.84
55,5,car,0.6402,837.88,373.26,887.17,407.82,862.53,390.54,49.29,34.55,1702.96,1.43,Horizontal Oblong,Yellow,"(34, 43, 100)",9,VISIBLE,7.28,-0.56
56,1,person,0.9508,443.65,80.31,783.18,657.73,613.42,369.02,339.53,577.41,196049.45,0.59,Vertical Oblong,Green,"(36, 79, 87)",1,VISIBLE,1.53,5.81
56,6,can,0.7231,1014.13,382.16,1044.66,414.37,1029.4,398.27,30.53,32.21,983.45,0.95,Spherical / Regular,Green,"(54, 58, 99)",6,VISIBLE,8.08,-0.54
56,4,bicycle,0.9286,290.87,328.84,900.7,719.3,595.78,524.07,609.83,390.46,238115.33,1.56,Horizontal Oblong,Yellow,"(30, 67, 99)",8,VISIBLE,1.14,-0.78
56,5,car,0.5603,845.46,372.64,894.54,407.41,870.0,390.03,49.08,34.77,1706.38,1.41,Horizontal Oblong,Yellow,"(32, 42, 102)",9,VISIBLE,7.42,-0.53
56,2,car,0.2684,768.41,374.86,793.56,395.24,780.98,385.05,25.14,20.38,512.5,1.23,Horizontal Oblong,Green,"(55, 39, 85)",10,VISIBLE,27.21,0.2
57,1,person,0.9529,445.14,79.78,784.67,671.68,614.91,375.73,339.52,591.9,200964.08,0.57,Vertical Oblong,Green,"(36, 78, 84)",1,VISIBLE,1.5,6.44
57,6,can,0.7571,1022.45,382.08,1052.83,414.09,1037.64,398.09,30.38,32.01,972.42,0.95,Spherical / Regular,Green,"(55, 59, 97)",6,VISIBLE,8.2,-0.29
57,4,bicycle,0.9286,292.05,327.34,901.47,719.27,596.76,523.31,609.42,391.93,238850.46,1.55,Horizontal Oblong,Yellow,"(30, 66, 96)",8,VISIBLE,1.02,-0.77
57,5,car,0.5008,852.8,372.6,901.9,407.35,877.35,389.97,49.1,34.75,1706.4,1.41,Horizontal Oblong,Yellow,"(34, 42, 99)",9,VISIBLE,7.37,-0.19
57,2,car,0.2115,772.95,375.32,798.14,395.42,785.55,385.37,25.2,20.1,506.54,1.25,Horizontal Oblong,Green,"(48, 39, 87)",10,VISIBLE,11.36,0.28
58,1,person,0.9525,447.04,79.7,786.3,682.88,616.67,381.29,339.26,603.18,204633.96,0.56,Vertical Oblong,Green,"(36, 77, 85)",1,VISIBLE,1.69,5.82
58,6,can,0.7323,1030.58,382.24,1060.67,414.24,1045.62,398.24,30.09,32.0,962.84,0.94,Spherical / Regular,Green,"(54, 58, 97)",6,VISIBLE,8.05,0.02
58,4,bicycle,0.9286,293.23,325.84,902.23,719.25,597.73,522.54,609.0,393.41,239584.38,1.55,Horizontal Oblong,Yellow,"(30, 67, 99)",8,VISIBLE,0.99,-0.76
58,5,car,0.4576,860.36,372.83,909.35,407.32,884.86,390.07,49.0,34.49,1689.87,1.42,Horizontal Oblong,Yellow,"(32, 42, 102)",9,VISIBLE,7.46,0.01
58,2,car,0.2556,778.03,375.88,804.35,396.01,791.19,385.95,26.32,20.13,529.88,1.31,Horizontal Oblong,Green,"(52, 40, 94)",10,VISIBLE,7.36,0.49
59,1,person,0.9522,448.35,79.95,788.11,690.84,618.23,385.39,339.76,610.89,207554.91,0.56,Vertical Oblong,Green,"(36, 78, 85)",1,VISIBLE,1.6,4.62
59,6,can,0.7915,1038.81,382.63,1069.13,414.79,1053.97,398.71,30.31,32.16,974.92,0.94,Spherical / Regular,Green,"(54, 61, 95)",6,VISIBLE,8.26,0.34
59,4,bicycle,0.9286,294.42,324.34,903.0,719.22,598.71,521.78,608.58,394.88,240317.06,1.54,Horizontal Oblong,Yellow,"(30, 68, 97)",8,VISIBLE,0.98,-0.76
59,5,car,0.4425,867.73,373.24,916.83,407.64,892.28,390.44,49.1,34.4,1689.06,1.43,Horizontal Oblong,Yellow,"(34, 42, 99)",9,VISIBLE,7.44,0.26
59,2,car,0.2724,784.23,376.09,811.6,396.45,797.91,386.27,27.36,20.36,557.16,1.34,Horizontal Oblong,Green,"(54, 41, 86)",10,VISIBLE,6.91,0.37
60,1,person,0.948,449.49,80.4,789.88,695.76,619.69,388.08,340.39,615.36,209460.42,0.55,Vertical Oblong,Green,"(36, 78, 85)",1,VISIBLE,1.5,3.27
60,6,can,0.7201,1046.87,382.83,1077.45,415.03,1062.16,398.93,30.59,32.19,984.65,0.95,Spherical / Regular,Green,"(53, 60, 97)",6,VISIBLE,8.21,0.25
60,4,bicycle,0.9286,295.6,322.85,903.77,719.2,599.68,521.02,608.17,396.35,241048.52,1.53,Horizontal Oblong,Yellow,"(30, 69, 97)",8,VISIBLE,0.98,-0.76
60,5,car,0.4542,874.91,373.46,924.23,407.71,899.57,390.58,49.32,34.25,1689.18,1.44,Horizontal Oblong,Yellow,"(33, 42, 101)",9,VISIBLE,7.33,0.18
60,2,car,0.3193,790.92,375.56,818.96,396.69,804.94,386.12,28.05,21.14,592.75,1.33,Horizontal Oblong,Green,"(46, 49, 92)",10,VISIBLE,6.99,0.01
61,1,person,0.9439,450.47,80.75,791.43,693.82,620.95,387.28,340.97,613.07,209035.58,0.56,Vertical Oblong,Green,"(36, 77, 85)",1,VISIBLE,1.33,0.42
61,6,can,0.745,1055.15,382.88,1085.75,414.8,1070.45,398.84,30.6,31.92,976.63,0.96,Spherical / Regular,Green,"(54, 59, 95)",6,VISIBLE,8.27,0.01
61,5,car,0.4858,881.95,373.69,931.29,407.59,906.62,390.64,49.34,33.9,1672.64,1.46,Horizontal Oblong,Yellow,"(34, 43, 99)",9,VISIBLE,7.14,0.09
61,2,car,0.3318,797.53,375.07,826.2,396.8,811.87,385.93,28.67,21.74,623.26,1.32,Horizontal Oblong,Green,"(46, 47, 90)",10,VISIBLE,6.95,-0.13
62,1,person,0.9461,451.12,80.78,793.06,688.21,622.09,384.5,341.94,607.44,207704.15,0.56,Vertical Oblong,Green,"(36, 76, 87)",1,VISIBLE,1.2,-1.83
62,6,can,0.7274,1063.24,382.79,1093.61,414.69,1078.43,398.74,30.37,31.91,969.1,0.95,Spherical / Regular,Green,"(54, 58, 95)",6,VISIBLE,8.06,-0.07
62,5,car,0.4834,888.97,373.94,938.51,407.47,913.74,390.71,49.54,33.54,1661.38,1.48,Horizontal Oblong,Yellow,"(34, 42, 99)",9,VISIBLE,7.12,0.07
62,2,car,0.2779,804.17,374.69,833.15,396.73,818.66,385.71,28.98,22.03,638.61,1.32,Horizontal Oblong,Green,"(47, 44, 93)",10,VISIBLE,6.84,-0.2
63,1,person,0.9453,451.42,80.63,794.38,679.68,622.9,380.15,342.97,599.06,205455.81,0.57,Vertical Oblong,Green,"(36, 75, 86)",1,VISIBLE,0.93,-3.59
63,6,can,0.7793,1071.38,382.86,1102.03,414.59,1086.71,398.73,30.65,31.72,972.24,0.97,Spherical / Regular,Green,"(53, 59, 94)",6,VISIBLE,8.21,-0.03
63,5,car,0.5282,896.24,374.12,945.81,407.32,921.02,390.72,49.57,33.2,1645.97,1.49,Horizontal Oblong,Yellow,"(34, 43, 100)",9,VISIBLE,7.24,0.03
63,2,car,0.3325,811.19,374.5,840.21,396.6,825.7,385.55,29.01,22.1,641.17,1.31,Horizontal Oblong,Green,"(47, 44, 90)",10,VISIBLE,6.98,-0.17
64,1,person,0.9466,451.26,80.5,795.75,669.49,623.51,374.99,344.49,588.99,202900.47,0.58,Vertical Oblong,Green,"(36, 75, 87)",1,VISIBLE,0.7,-4.69
64,6,can,0.7228,1079.62,382.94,1110.21,414.59,1094.92,398.76,30.59,31.65,968.07,0.97,Spherical / Regular,Green,"(54, 59, 93)",6,VISIBLE,8.21,0.02
64,5,car,0.5701,903.49,374.17,953.44,407.24,928.46,390.7,49.95,33.08,1652.22,1.51,Horizontal Oblong,Yellow,"(34, 42, 101)",9,VISIBLE,7.38,-0.0
64,2,car,0.2041,818.26,373.89,847.32,396.47,832.79,385.18,29.05,22.58,656.11,1.29,Horizontal Oblong,Green,"(50, 44, 87)",10,VISIBLE,7.06,-0.31
64,4,bicycle,0.9413,284.93,330.57,916.64,718.75,600.78,524.66,631.72,388.18,245220.2,1.63,Horizontal Oblong,Yellow,"(31, 69, 95)",11,VISIBLE,0.49,0.41
65,1,person,0.95,451.04,80.08,796.33,655.42,623.69,367.75,345.29,575.34,198657.96,0.6,Vertical Oblong,Green,"(37, 74, 85)",1,VISIBLE,0.34,-6.48
65,6,can,0.7572,1088.17,383.11,1118.27,414.38,1103.22,398.75,30.1,31.26,940.95,0.96,Spherical / Regular,Green,"(54, 60, 93)",6,VISIBLE,8.28,-0.01
65,5,car,0.646,910.81,373.98,960.81,407.17,935.81,390.57,50.0,33.19,1659.4,1.51,Horizontal Oblong,Green,"(37, 45, 95)",9,VISIBLE,7.36,-0.09
65,2,car,0.2454,825.26,373.92,853.9,396.43,839.58,385.17,28.64,22.5,644.41,1.27,Horizontal Oblong,Green,"(48, 48, 91)",10,VISIBLE,6.87,-0.1
65,4,bicycle,0.949,274.41,330.85,917.24,718.84,595.82,524.84,642.82,387.98,249405.38,1.66,Horizontal Oblong,Yellow,"(32, 68, 92)",11,VISIBLE,-3.33,0.25
66,1,person,0.948,450.64,79.49,796.68,640.84,623.66,360.16,346.04,561.35,194251.84,0.62,Vertical Oblong,Green,"(36, 74, 86)",1,VISIBLE,0.08,-7.25
66,6,can,0.7328,1096.65,382.91,1126.22,414.12,1111.43,398.51,29.58,31.21,923.17,0.95,Spherical / Regular,Green,"(54, 58, 91)",6,VISIBLE,8.23,-0.16
66,5,car,0.5738,918.32,373.93,968.19,407.17,943.26,390.55,49.87,33.24,1657.55,1.5,Horizontal Oblong,Yellow,"(34, 44, 100)",9,VISIBLE,7.42,-0.04
66,2,car,0.271,832.04,373.86,860.3,396.13,846.17,384.99,28.26,22.27,629.34,1.27,Horizontal Oblong,Green,"(48, 47, 91)",10,VISIBLE,6.67,-0.15
66,4,bicycle,0.9428,267.87,328.17,918.03,718.79,592.95,523.48,650.16,390.62,253964.9,1.66,Horizontal Oblong,Yellow,"(31, 66, 94)",11,VISIBLE,-3.01,-0.88
67,1,person,0.9449,461.47,78.92,796.44,630.32,628.95,354.62,334.96,551.4,184698.49,0.61,Vertical Oblong,Green,"(38, 72, 80)",1,VISIBLE,3.73,-6.06
67,6,can,0.7298,1105.2,382.86,1134.9,413.89,1120.05,398.37,29.7,31.03,921.6,0.96,Spherical / Regular,Green,"(55, 60, 91)",6,VISIBLE,8.5,-0.15
67,5,car,0.5823,926.09,373.83,975.99,407.04,951.04,390.44,49.89,33.21,1656.9,1.5,Horizontal Oblong,Yellow,"(34, 44, 100)",9,VISIBLE,7.67,-0.09
67,2,car,0.2448,838.77,373.9,867.19,396.15,852.98,385.02,28.41,22.25,632.3,1.28,Horizontal Oblong,Green,"(48, 47, 91)",10,VISIBLE,6.77,-0.03
67,4,bicycle,0.9312,264.5,286.42,918.7,718.73,591.6,502.58,654.2,432.31,282817.84,1.51,Horizontal Oblong,Yellow,"(34, 63, 85)",11,VISIBLE,-1.85,-14.9
68,1,person,0.9312,473.76,78.67,796.21,631.03,634.98,354.85,322.45,552.35,178106.0,0.58,Vertical Oblong,Green,"(38, 69, 74)",1,VISIBLE,5.34,-1.66
68,6,can,0.738,1113.92,382.79,1143.2,413.92,1128.56,398.36,29.28,31.14,911.79,0.94,Spherical / Regular,Green,"(54, 60, 90)",6,VISIBLE,8.51,-0.06
68,5,car,0.5538,933.7,373.81,983.63,407.13,958.66,390.47,49.93,33.32,1663.8,1.5,Horizontal Oblong,Yellow,"(34, 45, 103)",9,VISIBLE,7.64,-0.0
68,2,car,0.2309,845.35,374.2,873.86,396.09,859.61,385.15,28.51,21.89,624.03,1.3,Horizontal Oblong,Green,"(50, 44, 89)",10,VISIBLE,6.67,0.08
68,4,motorcycle,0.9389,263.14,260.26,917.84,718.65,590.49,489.45,654.71,458.4,300115.32,1.43,Horizontal Oblong,Yellow,"(34, 60, 77)",11,VISIBLE,-1.33,-13.65
69,1,person,0.8621,482.81,77.5,796.15,634.25,639.48,355.88,313.34,556.75,174449.84,0.56,Vertical Oblong,Green,"(38, 68, 69)",1,VISIBLE,4.75,0.22
69,6,can,0.7149,1122.44,383.07,1151.53,414.03,1136.98,398.55,29.09,30.96,900.86,0.94,Spherical / Regular,Green,"(55, 59, 87)",6,VISIBLE,8.45,0.12
69,5,car,0.6181,941.3,373.77,991.31,407.17,966.3,390.47,50.01,33.4,1670.25,1.5,Horizontal Oblong,Yellow,"(34, 45, 98)",9,VISIBLE,7.64,-0.0
69,2,car,0.2672,852.24,374.52,880.47,396.3,866.35,385.41,28.23,21.78,615.01,1.3,Horizontal Oblong,Green,"(48, 46, 87)",10,VISIBLE,6.73,0.21
69,4,motorcycle,0.9192,262.24,236.58,918.02,718.57,590.13,477.57,655.78,481.99,316077.69,1.36,Horizontal Oblong,Green,"(36, 59, 68)",11,VISIBLE,-0.65,-12.41
70,1,person,0.8163,493.89,74.42,795.68,613.23,644.79,343.82,301.79,538.81,162610.12,0.56,Vertical Oblong,Green,"(41, 70, 71)",1,VISIBLE,5.14,-8.37
70,6,can,0.7584,1131.1,383.13,1159.99,414.44,1145.54,398.79,28.89,31.31,904.55,0.92,Spherical / Regular,Green,"(57, 59, 88)",6,VISIBLE,8.53,0.2
70,5,car,0.6757,948.71,373.96,998.77,407.32,973.74,390.64,50.06,33.35,1669.7,1.5,Horizontal Oblong,Yellow,"(34, 44, 97)",9,VISIBLE,7.5,0.12
70,2,car,0.2211,859.22,374.46,887.21,396.45,873.22,385.46,27.98,22.0,615.49,1.27,Horizontal Oblong,Green,"(50, 46, 90)",10,VISIBLE,6.82,0.09
70,4,motorcycle,0.9324,261.61,212.48,918.3,718.58,589.95,465.53,656.69,506.1,332348.84,1.3,Horizontal Oblong,Green,"(37, 58, 68)",11,VISIBLE,-0.32,-12.16
71,1,person,0.7609,501.3,72.54,795.52,609.11,648.41,340.83,294.21,536.57,157866.41,0.55,Vertical Oblong,Green,"(43, 68, 67)",1,VISIBLE,4.08,-4.61
71,6,can,0.6923,1139.6,383.43,1168.7,414.88,1154.15,399.15,29.1,31.45,915.3,0.93,Spherical / Regular,Green,"(58, 61, 88)",6,VISIBLE,8.58,0.32
71,5,car,0.6243,956.39,374.18,1006.51,407.44,981.45,390.81,50.12,33.26,1666.88,1.51,Horizontal Oblong,Yellow,"(34, 44, 100)",9,VISIBLE,7.65,0.15
71,2,car,0.2265,866.05,374.66,894.06,396.74,880.05,385.7,28.01,22.09,618.73,1.27,Horizontal Oblong,Green,"(48, 47, 90)",10,VISIBLE,6.83,0.2
71,4,motorcycle,0.9335,261.57,197.68,918.59,719.03,590.08,458.35,657.02,521.35,342536.28,1.26,Horizontal Oblong,Green,"(38, 57, 67)",11,VISIBLE,-0.01,-8.67
72,1,person,0.8655,501.41,71.45,803.39,603.32,652.4,337.38,301.98,531.87,160614.69,0.57,Vertical Oblong,Green,"(49, 67, 59)",1,VISIBLE,4.02,-3.79
72,6,can,0.7112,1148.26,383.45,1177.8,415.01,1163.03,399.23,29.54,31.56,932.39,0.94,Spherical / Regular,Green,"(55, 60, 90)",6,VISIBLE,8.79,0.15
72,5,car,0.6326,963.94,374.26,1014.01,407.41,988.97,390.84,50.07,33.15,1659.98,1.51,Horizontal Oblong,Yellow,"(32, 45, 105)",9,VISIBLE,7.56,0.06
72,2,car,0.2005,872.6,374.7,900.64,396.95,886.62,385.83,28.04,22.24,623.65,1.26,Horizontal Oblong,Green,"(48, 47, 88)",10,VISIBLE,6.65,0.15
72,4,motorcycle,0.9347,261.52,190.91,918.92,719.28,590.22,455.09,657.4,528.37,347347.3,1.24,Horizontal Oblong,Green,"(39, 56, 63)",11,VISIBLE,0.1,-4.88
73,1,person,0.7925,504.25,70.33,809.11,599.25,656.68,334.79,304.86,528.92,161247.65,0.58,Vertical Oblong,Green,"(55, 69, 57)",1,VISIBLE,4.2,-2.95
73,6,can,0.6328,1156.53,383.41,1186.26,414.61,1171.4,399.01,29.73,31.21,927.92,0.95,Spherical / Regular,Green,"(55, 60, 86)",6,VISIBLE,8.49,-0.11
73,5,car,0.661,971.25,373.99,1021.71,407.3,996.48,390.64,50.46,33.31,1680.56,1.51,Horizontal Oblong,Yellow,"(32, 45, 107)",9,VISIBLE,7.52,-0.11
73,2,car,0.2005,879.31,374.78,907.32,397.09,893.31,385.93,28.0,22.31,624.62,1.26,Horizontal Oblong,Green,"(55, 42, 68)",10,VISIBLE,6.68,0.12
73,4,motorcycle,0.93,261.78,188.85,936.31,719.41,599.05,454.13,674.53,530.56,357878.64,1.27,Horizontal Oblong,Green,"(41, 58, 61)",11,VISIBLE,6.21,-2.14
74,1,person,0.8016,498.82,69.8,813.34,595.77,656.08,332.78,314.52,525.97,165427.51,0.6,Vertical Oblong,Green,"(66, 70, 57)",1,VISIBLE,0.84,-2.29
74,6,can,0.7527,1165.06,382.81,1195.22,414.04,1180.14,398.42,30.16,31.23,941.9,0.97,Spherical / Regular,Green,"(55, 62, 88)",6,VISIBLE,8.67,-0.44
74,5,car,0.6711,978.74,373.66,1029.3,406.89,1004.02,390.27,50.56,33.23,1680.02,1.52,Horizontal Oblong,Yellow,"(31, 45, 113)",9,VISIBLE,7.53,-0.29
74,2,car,0.2005,886.03,374.85,913.99,397.23,900.01,386.04,27.96,22.37,625.59,1.25,Horizontal Oblong,Green,"(60, 39, 78)",10,VISIBLE,6.69,0.11
74,4,motorcycle,0.9228,262.37,190.59,953.64,719.53,608.0,455.06,691.27,528.94,365640.52,1.31,Horizontal Oblong,Green,"(42, 58, 62)",11,VISIBLE,8.13,0.01
75,1,person,0.8566,496.29,69.51,815.52,595.35,655.91,332.43,319.23,525.84,167863.09,0.61,Vertical Oblong,Green,"(69, 70, 57)",1,VISIBLE,0.13,-0.94
75,6,can,0.6956,1173.56,382.19,1203.76,413.48,1188.66,397.83,30.2,31.29,945.01,0.97,Spherical / Regular,Green,"(56, 62, 89)",6,VISIBLE,8.56,-0.55
75,5,car,0.6886,986.18,373.02,1037.05,406.38,1011.61,389.7,50.86,33.36,1696.6,1.52,Horizontal Oblong,Yellow,"(32, 44, 115)",9,VISIBLE,7.58,-0.49
75,2,car,0.2005,892.75,374.93,920.67,397.36,906.71,386.15,27.92,22.44,626.55,1.24,Horizontal Oblong,Green,"(54, 40, 78)",10,VISIBLE,6.7,0.11
75,4,motorcycle,0.9204,263.0,193.71,963.93,719.45,613.47,456.58,700.94,525.75,368515.65,1.33,Horizontal Oblong,Green,"(43, 58, 62)",11,VISIBLE,6.26,1.07
76,1,person,0.8634,493.87,69.23,816.65,595.66,655.26,332.45,322.78,526.43,169917.87,0.61,Vertical Oblong,Green,"(80, 70, 57)",1,VISIBLE,-0.41,-0.27
76,6,can,0.7089,1181.79,381.35,1212.45,412.92,1197.12,397.14,30.65,31.57,967.77,0.97,Spherical / Regular,Green,"(55, 59, 86)",6,VISIBLE,8.49,-0.65
76,5,car,0.5301,993.49,372.4,1044.66,405.75,1019.07,389.07,51.17,33.34,1706.29,1.53,Horizontal Oblong,Yellow,"(32, 45, 107)",9,VISIBLE,7.5,-0.58
76,2,car,0.2005,899.47,375.0,927.35,397.5,913.41,386.25,27.89,22.5,627.51,1.24,Horizontal Oblong,Green,"(58, 40, 79)",10,VISIBLE,6.7,0.11
76,4,motorcycle,0.9178,263.68,198.44,969.45,719.31,616.56,458.87,705.78,520.87,367615.59,1.35,Horizontal Oblong,Green,"(43, 59, 63)",11,VISIBLE,4.05,1.93
77,1,person,0.7182,494.82,69.03,817.24,595.39,656.03,332.21,322.42,526.36,169711.08,0.61,Vertical Oblong,Green,"(81, 70, 56)",1,VISIBLE,0.42,-0.25
77,6,can,0.713,1189.9,380.72,1220.79,412.28,1205.35,396.5,30.89,31.56,974.89,0.98,Spherical / Regular,Green,"(56, 61, 84)",6,VISIBLE,8.3,-0.64
77,5,car,0.5671,1000.71,371.76,1052.06,405.13,1026.38,388.45,51.36,33.37,1713.77,1.54,Horizontal Oblong,Yellow,"(34, 46, 108)",9,VISIBLE,7.37,-0.62
77,2,car,0.2005,906.18,375.07,934.03,397.64,920.11,386.36,27.85,22.57,628.46,1.23,Horizontal Oblong,Green,"(52, 41, 86)",10,VISIBLE,6.7,0.11
77,4,motorcycle,0.9311,264.19,198.76,971.92,719.3,618.06,459.03,707.73,520.54,368400.19,1.36,Horizontal Oblong,Green,"(44, 60, 63)",11,VISIBLE,2.26,0.69
78,1,person,0.8848,492.85,69.0,817.14,595.31,655.0,332.16,324.29,526.31,170676.11,0.62,Vertical Oblong,Green,"(84, 72, 55)",1,VISIBLE,-0.6,-0.11
78,6,can,0.734,1197.93,380.2,1229.0,412.0,1213.46,396.1,31.07,31.81,988.35,0.98,Spherical / Regular,Green,"(55, 60, 84)",6,VISIBLE,8.18,-0.47
78,5,car,0.4609,1007.99,371.42,1059.09,404.65,1033.54,388.04,51.1,33.23,1698.39,1.54,Horizontal Oblong,Yellow,"(32, 46, 106)",9,VISIBLE,7.22,-0.47
78,4,motorcycle,0.931,264.7,199.63,972.01,719.25,618.35,459.44,707.32,519.62,367537.0,1.36,Horizontal Oblong,Green,"(44, 60, 64)",11,VISIBLE,0.89,0.49
79,1,person,0.924,493.53,69.31,816.63,595.77,655.08,332.54,323.1,526.45,170094.8,0.61,Vertical Oblong,Blue,"(90, 72, 54)",1,VISIBLE,-0.12,0.24
79,6,can,0.7064,1206.06,380.45,1236.94,412.09,1221.5,396.27,30.88,31.64,976.98,0.98,Spherical / Regular,Green,"(56, 61, 82)",6,VISIBLE,8.08,-0.02
79,5,car,0.5263,1015.41,371.52,1066.13,404.67,1040.77,388.09,50.72,33.15,1681.47,1.53,Horizontal Oblong,Yellow,"(34, 46, 103)",9,VISIBLE,7.23,-0.1
79,4,motorcycle,0.929,265.72,200.76,973.21,719.25,619.46,460.0,707.49,518.48,366822.9,1.36,Horizontal Oblong,Green,"(46, 62, 63)",11,VISIBLE,1.04,0.54
80,1,person,0.9204,497.78,70.12,816.07,597.48,656.93,333.8,318.3,527.36,167856.81,0.6,Vertical Oblong,Blue,"(94, 72, 53)",1,VISIBLE,1.26,0.95
80,6,can,0.6958,1214.05,381.24,1245.14,412.79,1229.59,397.02,31.09,31.56,981.03,0.99,Spherical / Regular,Green,"(55, 62, 81)",6,VISIBLE,8.09,0.51
80,5,car,0.4992,1022.49,371.91,1073.05,405.23,1047.77,388.57,50.56,33.32,1684.42,1.52,Horizontal Oblong,Yellow,"(34, 48, 97)",9,VISIBLE,7.07,0.3
80,4,motorcycle,0.9282,266.84,202.08,971.58,719.16,619.21,460.62,704.73,517.09,364408.71,1.36,Horizontal Oblong,Green,"(46, 64, 64)",11,VISIBLE,0.13,0.59
81,1,person,0.9151,502.24,71.78,815.7,599.12,658.97,335.45,313.46,527.34,165302.03,0.59,Vertical Oblong,Blue,"(94, 71, 53)",1,VISIBLE,1.81,1.44
81,6,can,0.6813,1221.74,382.58,1252.75,413.54,1237.25,398.06,31.02,30.96,960.32,1.0,Spherical / Regular,Green,"(56, 64, 76)",6,VISIBLE,7.78,0.89
81,5,car,0.469,1029.57,372.83,1080.2,406.1,1054.89,389.47,50.63,33.27,1684.26,1.52,Horizontal Oblong,Green,"(35, 44, 97)",9,VISIBLE,7.1,0.72
81,4,motorcycle,0.9314,267.75,203.44,968.99,719.12,618.37,461.28,701.25,515.68,361620.91,1.36,Horizontal Oblong,Green,"(46, 64, 65)",11,VISIBLE,-0.55,0.64
82,1,person,0.9106,515.38,73.7,815.53,601.11,665.46,337.4,300.15,527.42,158305.67,0.57,Vertical Oblong,Blue,"(94, 72, 52)",1,VISIBLE,5.08,1.8
82,6,can,0.7193,1229.57,383.77,1260.36,414.48,1244.97,399.13,30.8,30.72,945.96,1.0,Spherical / Regular,Green,"(55, 63, 78)",6,VISIBLE,7.74,1.01
82,5,car,0.5423,1036.65,373.57,1087.11,406.88,1061.88,390.22,50.47,33.31,1680.99,1.52,Horizontal Oblong,Yellow,"(34, 44, 98)",9,VISIBLE,7.03,0.75
82,4,motorcycle,0.932,268.26,205.15,967.33,719.07,617.8,462.11,699.06,513.92,359258.49,1.36,Horizontal Oblong,Green,"(46, 65, 65)",11,VISIBLE,-0.57,0.77
83,1,person,0.917,526.32,75.55,815.59,602.46,670.95,339.0,289.27,526.92,152423.14,0.55,Vertical Oblong,Blue,"(94, 72, 52)",1,VISIBLE,5.37,1.66
83,6,can,0.602,1237.7,384.29,1268.17,414.88,1252.93,399.58,30.47,30.58,932.0,1.0,Spherical / Regular,Green,"(56, 64, 81)",6,VISIBLE,7.9,0.63
83,5,car,0.3935,1043.71,374.05,1093.92,407.45,1068.82,390.75,50.21,33.4,1676.76,1.5,Horizontal Oblong,Yellow,"(34, 45, 93)",9,VISIBLE,6.96,0.59
83,4,motorcycle,0.9322,268.92,206.65,965.74,718.94,617.33,462.79,696.82,512.29,356973.56,1.36,Horizontal Oblong,Green,"(47, 66, 65)",11,VISIBLE,-0.5,0.71
84,1,person,0.9173,533.68,76.85,815.55,603.12,674.61,339.98,281.86,526.27,148335.26,0.54,Vertical Oblong,Blue,"(94, 71, 52)",1,VISIBLE,4.17,1.18
84,6,can,0.4538,1245.51,384.34,1276.53,414.86,1261.02,399.6,31.02,30.52,946.72,1.02,Spherical / Regular,Green,"(55, 64, 81)",6,VISIBLE,8.03,0.2
84,5,car,0.4026,1050.71,374.17,1100.54,407.63,1075.63,390.9,49.83,33.45,1667.01,1.49,Horizontal Oblong,Yellow,"(34, 43, 95)",9,VISIBLE,6.86,0.28
84,4,motorcycle,0.9321,269.47,207.78,966.98,718.77,618.22,463.27,697.52,510.99,356423.49,1.37,Horizontal Oblong,Green,"(48, 66, 65)",11,VISIBLE,0.48,0.55
85,1,person,0.9068,531.27,77.41,815.49,602.5,673.38,339.96,284.21,525.09,149236.95,0.54,Vertical Oblong,Blue,"(94, 70, 51)",1,VISIBLE,0.39,0.33
85,6,can,0.3385,1253.02,383.84,1282.14,414.41,1267.58,399.12,29.12,30.57,890.12,0.95,Spherical / Regular,Green,"(57, 62, 80)",6,VISIBLE,7.0,-0.27
85,5,car,0.5175,1057.4,373.54,1107.15,407.46,1082.28,390.5,49.75,33.92,1687.35,1.47,Horizontal Oblong,Yellow,"(34, 46, 99)",9,VISIBLE,6.71,-0.2
85,4,motorcycle,0.933,269.64,208.01,968.2,718.62,618.92,463.31,698.57,510.61,356697.2,1.37,Horizontal Oblong,Green,"(48, 65, 66)",11,VISIBLE,0.63,0.19
86,1,person,0.9313,516.33,77.22,815.52,601.1,665.92,339.16,299.19,523.88,156741.98,0.57,Vertical Oblong,Blue,"(95, 68, 51)",1,VISIBLE,-5.1,-0.46
86,6,can,0.2716,1260.48,382.4,1285.3,413.95,1272.89,398.17,24.83,31.55,783.27,0.79,Vertical Oblong,Green,"(55, 56, 90)",6,VISIBLE,5.82,-0.75
86,5,car,0.4887,1064.06,372.51,1113.8,406.74,1088.93,389.63,49.74,34.23,1702.55,1.45,Horizontal Oblong,Yellow,"(33, 45, 93)",9,VISIBLE,6.67,-0.67
86,4,motorcycle,0.9293,269.52,208.34,969.76,718.38,619.64,463.36,700.24,510.04,357152.23,1.37,Horizontal Oblong,Green,"(48, 64, 67)",11,VISIBLE,0.69,0.09
87,1,person,0.9256,505.52,76.54,815.58,599.64,660.55,338.09,310.06,523.09,162192.16,0.59,Vertical Oblong,Blue,"(95, 68, 50)",1,VISIBLE,-5.29,-0.89
87,6,can,0.3072,1268.04,381.01,1286.4,413.99,1277.22,397.5,18.36,32.97,605.5,0.56,Vertical Oblong,Green,"(53, 46, 121)",6,VISIBLE,4.78,-0.7
87,5,car,0.5675,1070.6,371.57,1120.62,405.9,1095.61,388.74,50.02,34.34,1717.54,1.46,Horizontal Oblong,Yellow,"(33, 45, 94)",9,VISIBLE,6.68,-0.82
87,4,motorcycle,0.9277,269.78,208.79,971.06,718.05,620.42,463.42,701.28,509.26,357134.04,1.38,Horizontal Oblong,Green,"(50, 65, 67)",11,VISIBLE,0.75,0.07
88,1,person,0.9159,503.29,75.76,816.37,598.33,659.83,337.04,313.08,522.57,163607.96,0.6,Vertical Oblong,Blue,"(95, 67, 50)",1,VISIBLE,-2.09,-1.0
88,6,can,0.3072,1275.73,380.46,1291.3,413.96,1283.52,397.21,15.57,33.49,521.55,0.46,Vertical Oblong,Green,"(52, 52, 101)",6,VISIBLE,5.84,-0.41
88,5,car,0.5492,1077.09,370.61,1127.29,405.21,1102.19,387.91,50.2,34.6,1736.82,1.45,Horizontal Oblong,Green,"(35, 46, 90)",9,VISIBLE,6.61,-0.82
88,4,motorcycle,0.9285,270.26,209.48,972.03,717.21,621.15,463.35,701.77,507.73,356309.93,1.38,Horizontal Oblong,Green,"(53, 64, 67)",11,VISIBLE,0.73,-0.03
89,1,person,0.9195,511.23,75.44,816.31,597.47,663.77,336.45,305.08,522.03,159259.25,0.58,Vertical Oblong,Blue,"(95, 66, 49)",1,VISIBLE,2.13,-0.71
89,6,can,0.3072,1283.43,379.91,1296.21,413.92,1289.82,396.92,12.78,34.02,434.69,0.38,Vertical Oblong,Neutral,"(0, 0, 0)",6,VISIBLE,6.17,-0.33
89,5,car,0.4236,1083.61,370.29,1133.77,404.85,1108.69,387.57,50.16,34.56,1733.36,1.45,Horizontal Oblong,Green,"(35, 50, 92)",9,VISIBLE,6.53,-0.49
89,4,motorcycle,0.9281,271.5,210.37,972.76,716.08,622.13,463.23,701.27,505.71,354635.81,1.39,Horizontal Oblong,Green,"(55, 65, 66)",11,VISIBLE,0.91,-0.09
90,1,person,0.9157,515.54,75.6,816.43,597.03,665.99,336.31,300.89,521.44,156897.11,0.58,Vertical Oblong,Blue,"(98, 66, 48)",1,VISIBLE,2.19,-0.31
90,6,can,0.3072,1291.12,379.36,1301.11,413.89,1296.11,396.63,9.99,34.54,344.92,0.29,Vertical Oblong,Neutral,"(0, 0, 0)",6,VISIBLE,6.26,-0.3
90,5,car,0.4927,1090.08,370.14,1140.34,405.0,1115.21,387.57,50.25,34.87,1752.14,1.44,Horizontal Oblong,Green,"(35, 49, 90)",9,VISIBLE,6.52,-0.15
90,4,motorcycle,0.9312,272.31,211.14,973.44,715.1,622.88,463.12,701.13,503.97,353346.47,1.39,Horizontal Oblong,Green,"(54, 64, 66)",11,VISIBLE,0.79,-0.1
91,1,person,0.9175,518.01,76.23,817.12,597.01,667.56,336.62,299.11,520.78,155766.64,0.57,Vertical Oblong,Blue,"(95, 66, 48)",1,VISIBLE,1.76,0.12
91,6,can,0.3072,1298.82,378.81,1306.01,413.86,1302.41,396.33,7.2,35.06,252.25,0.21,Vertical Oblong,Neutral,"(0, 0, 0)",6,VISIBLE,6.29,-0.29
91,5,car,0.4848,1096.8,370.48,1147.38,405.18,1122.09,387.83,50.58,34.7,1755.22,1.46,Horizontal Oblong,Green,"(35, 50, 89)",9,VISIBLE,6.77,0.14
91,4,motorcycle,0.9321,273.26,212.69,974.02,714.42,623.64,463.55,700.76,501.74,351599.4,1.4,Horizontal Oblong,Green,"(55, 64, 66)",11,VISIBLE,0.77,0.27
92,1,person,0.9251,510.83,77.07,817.79,597.22,664.31,337.14,306.96,520.14,159662.81,0.59,Vertical Oblong,Blue,"(95, 65, 48)",1,VISIBLE,-1.75,0.4
92,6,can,0.3072,1306.51,378.25,1310.91,413.83,1308.71,396.04,4.4,35.58,156.67,0.12,Vertical Oblong,Neutral,"(0, 0, 0)",6,VISIBLE,6.29,-0.29
92,5,car,0.4321,1103.4,370.96,1154.11,405.83,1128.75,388.4,50.71,34.86,1768.13,1.45,Horizontal Oblong,Yellow,"(34, 50, 91)",9,VISIBLE,6.7,0.44
92,4,motorcycle,0.9327,274.08,213.86,974.22,713.73,624.15,463.79,700.15,499.87,349984.91,1.4,Horizontal Oblong,Green,"(55, 64, 65)",11,VISIBLE,0.59,0.25
93,1,person,0.916,507.96,77.82,818.31,597.17,663.14,337.5,310.35,519.34,161177.28,0.6,Vertical Oblong,Blue,"(95, 64, 49)",1,VISIBLE,-1.35,0.37
93,5,car,0.437,1110.52,371.79,1160.96,406.18,1135.74,388.99,50.44,34.39,1734.79,1.47,Horizontal Oblong,Yellow,"(34, 50, 92)",9,VISIBLE,6.9,0.54
93,4,motorcycle,0.9312,274.89,216.54,973.02,713.22,623.96,464.88,698.13,496.68,346742.62,1.41,Horizontal Oblong,Green,"(58, 64, 64)",11,VISIBLE,0.04,0.83
94,1,person,0.9171,507.19,78.26,818.32,596.69,662.75,337.48,311.13,518.44,161300.06,0.6,Vertical Oblong,Blue,"(95, 65, 48)",1,VISIBLE,-0.67,0.1
94,5,car,0.4681,1116.75,372.1,1167.93,405.96,1142.34,389.03,51.19,33.86,1733.04,1.51,Horizontal Oblong,Yellow,"(34, 49, 96)",9,VISIBLE,6.69,0.19
94,4,motorcycle,0.9281,276.22,216.45,971.21,712.83,623.72,464.64,694.99,496.38,344974.39,1.4,Horizontal Oblong,Green,"(55, 63, 65)",11,VISIBLE,-0.16,0.08
95,1,person,0.9221,507.8,78.37,817.97,596.1,662.88,337.23,310.18,517.73,160586.74,0.6,Vertical Oblong,Blue,"(95, 66, 49)",1,VISIBLE,-0.11,-0.14
95,5,car,0.3632,1123.8,371.72,1174.8,405.4,1149.3,388.56,51.0,33.68,1717.47,1.51,Horizontal Oblong,Green,"(37, 48, 95)",9,VISIBLE,6.88,-0.27
95,4,motorcycle,0.9336,277.33,216.47,968.36,712.35,622.84,464.41,691.03,495.89,342672.39,1.39,Horizontal Oblong,Green,"(54, 62, 66)",11,VISIBLE,-0.66,-0.14
96,1,person,0.9193,511.36,77.93,817.3,594.95,664.33,336.44,305.95,517.02,158181.17,0.59,Vertical Oblong,Blue,"(95, 67, 48)",1,VISIBLE,0.98,-0.6
96,5,car,0.3639,1131.35,371.22,1181.39,404.61,1156.37,387.92,50.04,33.39,1670.98,1.5,Horizontal Oblong,Green,"(37, 46, 93)",9,VISIBLE,7.01,-0.53
96,4,motorcycle,0.9358,277.94,215.96,968.33,711.64,623.13,463.8,690.39,495.68,342211.54,1.39,Horizontal Oblong,Green,"(58, 64, 64)",11,VISIBLE,0.01,-0.47
97,1,person,0.9263,511.09,77.39,816.45,594.49,663.77,335.94,305.36,517.1,157899.28,0.59,Vertical Oblong,Blue,"(95, 68, 48)",1,VISIBLE,-0.1,-0.53
97,5,car,0.3601,1139.97,370.04,1187.96,403.88,1163.97,386.96,47.99,33.83,1623.53,1.42,Horizontal Oblong,Green,"(38, 47, 85)",9,VISIBLE,7.42,-0.83
97,4,motorcycle,0.936,278.36,215.16,968.86,710.39,623.61,462.77,690.5,495.24,341959.86,1.39,Horizontal Oblong,Green,"(66, 64, 62)",11,VISIBLE,0.33,-0.86
98,1,person,0.9234,517.53,77.15,815.71,593.9,666.62,335.52,298.18,516.75,154083.06,0.58,Vertical Oblong,Blue,"(95, 68, 48)",1,VISIBLE,1.97,-0.45
98,5,car,0.307,1149.68,369.57,1194.14,403.23,1171.91,386.4,44.46,33.67,1496.68,1.32,Horizontal Oblong,Green,"(38, 46, 85)",9,VISIBLE,7.79,-0.64
98,4,motorcycle,0.9344,278.61,215.24,968.82,709.43,623.71,462.33,690.22,494.19,341098.9,1.4,Horizontal Oblong,Green,"(60, 64, 63)",11,VISIBLE,0.17,-0.57
99,1,person,0.923,521.51,77.38,814.64,593.99,668.08,335.69,293.13,516.6,151430.73,0.57,Vertical Oblong,Blue,"(95, 68, 48)",1,VISIBLE,1.61,-0.02
99,5,car,0.1965,1160.18,369.86,1200.34,402.92,1180.26,386.39,40.16,33.06,1327.84,1.21,Spherical / Regular,Green,"(38, 52, 81)",9,VISIBLE,8.18,-0.2
99,4,motorcycle,0.9365,278.58,216.08,968.51,708.53,623.54,462.3,689.93,492.45,339757.39,1.4,Horizontal Oblong,Green,"(60, 63, 63)",11,VISIBLE,-0.07,-0.19
100,1,person,0.9186,524.39,78.24,813.4,594.12,668.9,336.18,289.01,515.87,149092.7,0.56,Vertical Oblong,Blue,"(95, 68, 48)",1,VISIBLE,1.06,0.34
100,5,car,0.2939,1170.89,370.72,1206.11,403.28,1188.5,387.0,35.21,32.56,1146.73,1.08,Spherical / Regular,Green,"(38, 51, 77)",9,VISIBLE,8.22,0.37
100,4,motorcycle,0.9378,278.24,216.38,968.04,707.59,623.14,461.98,689.8,491.21,338838.29,1.4,Horizontal Oblong,Green,"(60, 62, 63)",11,VISIBLE,-0.3,-0.28
101,1,person,0.8298,521.92,79.31,811.97,594.61,666.94,336.96,290.04,515.3,149461.02,0.56,Vertical Oblong,Blue,"(94, 66, 47)",1,VISIBLE,-1.05,0.65
101,5,car,0.2589,1181.37,372.11,1211.86,403.9,1196.62,388.0,30.49,31.8,969.52,0.96,Spherical / Regular,Green,"(38, 49, 84)",9,VISIBLE,8.15,0.81
101,4,motorcycle,0.9372,277.19,217.47,967.41,706.84,622.3,462.15,690.23,489.37,337779.36,1.41,Horizontal Oblong,Green,"(60, 61, 62)",11,VISIBLE,-0.68,0.03
102,1,person,0.8009,509.49,80.57,810.82,595.51,660.15,338.04,301.33,514.94,155169.41,0.59,Vertical Oblong,Blue,"(94, 64, 47)",1,VISIBLE,-5.07,0.95
102,5,car,0.2782,1179.95,373.36,1217.48,404.31,1198.71,388.84,37.53,30.95,1161.5,1.21,Spherical / Regular,Green,"(43, 47, 76)",9,VISIBLE,3.91,0.83
102,4,motorcycle,0.9375,276.34,219.06,966.68,706.21,621.51,462.64,690.34,487.16,336304.87,1.42,Horizontal Oblong,Green,"(59, 61, 61)",11,VISIBLE,-0.76,0.35
103,1,person,0.9335,498.43,81.76,809.37,595.66,653.9,338.71,310.94,513.9,159791.98,0.61,Vertical Oblong,Blue,"(94, 64, 48)",1,VISIBLE,-5.9,0.75
103,5,car,0.272,1179.38,374.27,1222.74,404.99,1201.06,389.63,43.36,30.72,1331.87,1.41,Horizontal Oblong,Green,"(41, 46, 77)",9,VISIBLE,2.82,0.8
103,4,motorcycle,0.9349,275.92,224.22,965.56,705.78,620.74,465.0,689.64,481.56,332102.88,1.43,Horizontal Oblong,Green,"(55, 59, 62)",11,VISIBLE,-0.77,1.76
104,1,person,0.9189,491.42,82.57,807.94,596.1,649.68,339.34,316.52,513.53,162543.66,0.62,Vertical Oblong,Blue,"(94, 63, 47)",1,VISIBLE,-4.72,0.66
104,5,car,0.2029,1180.04,373.99,1227.97,404.79,1204.01,389.39,47.92,30.8,1476.2,1.56,Horizontal Oblong,Green,"(39, 47, 78)",9,VISIBLE,2.91,0.07
104,4,motorcycle,0.9318,276.02,228.0,963.27,705.07,619.64,466.53,687.25,477.08,327872.9,1.44,Horizontal Oblong,Green,"(53, 58, 63)",11,VISIBLE,-1.0,1.6
105,1,person,0.8395,489.61,82.31,806.46,594.64,648.04,338.47,316.84,512.33,162329.46,0.62,Vertical Oblong,Blue,"(94, 62, 46)",1,VISIBLE,-2.57,-0.4
105,5,car,0.2029,1183.69,374.44,1233.62,404.93,1208.66,389.69,49.93,30.5,1522.64,1.64,Horizontal Oblong,Green,"(38, 45, 80)",9,VISIBLE,4.13,0.23
105,4,motorcycle,0.9396,275.67,227.56,961.06,704.12,618.37,465.84,685.39,476.56,326628.86,1.44,Horizontal Oblong,Green,"(50, 58, 62)",11,VISIBLE,-1.19,-0.01
106,1,person,0.9282,485.85,82.01,804.87,593.78,645.36,337.89,319.01,511.77,163263.61,0.62,Vertical Oblong,Blue,"(94, 60, 46)",1,VISIBLE,-2.64,-0.53
106,5,car,0.2029,1187.34,374.89,1239.27,405.07,1213.31,389.98,51.94,30.19,1567.85,1.72,Horizontal Oblong,Green,"(38, 46, 77)",9,VISIBLE,4.49,0.28
106,4,motorcycle,0.9367,275.61,227.53,959.23,703.13,617.42,465.33,683.62,475.6,325132.98,1.44,Horizontal Oblong,Green,"(46, 57, 61)",11,VISIBLE,-1.02,-0.36
107,1,person,0.9194,483.31,81.89,803.76,592.94,643.53,337.42,320.45,511.06,163766.29,0.63,Vertical Oblong,Blue,"(93, 58, 46)",1,VISIBLE,-2.07,-0.49
107,5,car,0.2029,1190.98,375.34,1244.93,405.22,1217.96,390.28,53.94,29.88,1611.83,1.81,Horizontal Oblong,Green,"(38, 48, 75)",9,VISIBLE,4.6,0.29
107,4,motorcycle,0.9323,275.49,234.7,957.58,701.82,616.54,468.26,682.1,467.12,318622.58,1.46,Horizontal Oblong,Green,"(46, 57, 60)",11,VISIBLE,-0.93,1.94
108,1,person,0.912,482.85,82.41,803.13,592.3,642.99,337.35,320.27,509.9,163305.57,0.63,Vertical Oblong,Blue,"(93, 58, 46)",1,VISIBLE,-1.0,-0.19
108,5,car,0.2029,1194.63,375.78,1250.58,405.36,1222.61,390.57,55.95,29.57,1654.56,1.89,Horizontal Oblong,Green,"(38, 47, 73)",9,VISIBLE,4.64,0.29
108,4,motorcycle,0.9312,275.6,233.7,955.7,700.6,615.65,467.15,680.1,466.89,317535.13,1.46,Horizontal Oblong,Green,"(46, 57, 59)",11,VISIBLE,-0.9,-0.19
109,1,person,0.9098,482.24,81.94,802.36,591.83,642.3,336.89,320.13,509.9,163232.71,0.63,Vertical Oblong,Blue,"(87, 57, 47)",1,VISIBLE,-0.78,-0.39
109,5,car,0.169,1198.24,374.63,1250.29,404.64,1224.26,389.63,52.05,30.01,1561.73,1.73,Horizontal Oblong,Green,"(38, 43, 89)",9,VISIBLE,2.55,-0.57
109,4,motorcycle,0.9379,275.53,230.47,954.25,699.77,614.89,465.12,678.72,469.3,318525.19,1.45,Horizontal Oblong,Green,"(46, 58, 57)",11,VISIBLE,-0.8,-1.48
110,1,person,0.9031,482.05,82.75,801.36,591.76,641.71,337.26,319.31,509.01,162532.25,0.63,Vertical Oblong,Green,"(84, 56, 49)",1,VISIBLE,-0.65,0.14
110,5,car,0.169,1201.88,374.65,1254.36,404.55,1228.12,389.6,52.49,29.89,1569.06,1.76,Horizontal Oblong,Yellow,"(34, 43, 104)",9,VISIBLE,3.46,-0.19
110,4,motorcycle,0.935,275.18,228.94,952.87,699.32,614.03,464.13,677.68,470.38,318769.41,1.44,Horizontal Oblong,Green,"(44, 57, 59)",11,VISIBLE,-0.85,-1.14
110,12,car,0.5883,880.28,359.81,977.59,395.26,928.94,377.54,97.31,35.45,3449.78,2.74,Horizontal Oblong,Green,"(44, 57, 58)",12,VISIBLE,0.0,0.0
111,1,person,0.7422,484.27,83.32,800.25,591.79,642.26,337.55,315.98,508.47,160664.88,0.62,Vertical Oblong,Green,"(66, 55, 51)",1,VISIBLE,0.19,0.25
111,5,car,0.215,1206.62,374.14,1257.59,404.54,1232.1,389.34,50.97,30.4,1549.43,1.68,Horizontal Oblong,Yellow,"(30, 46, 111)",9,VISIBLE,3.83,-0.24
111,4,motorcycle,0.9369,274.65,227.11,951.89,699.11,613.27,463.11,677.24,471.99,319650.53,1.43,Horizontal Oblong,Green,"(44, 57, 59)",11,VISIBLE,-0.78,-1.06
111,12,car,0.5888,887.29,360.22,981.82,395.58,934.55,377.9,94.53,35.36,3342.73,2.67,Horizontal Oblong,Green,"(46, 58, 57)",12,VISIBLE,5.62,0.37
112,1,person,0.9108,484.18,84.57,798.95,591.95,641.57,338.26,314.77,507.37,159706.54,0.62,Vertical Oblong,Green,"(62, 54, 53)",1,VISIBLE,-0.43,0.57
112,5,car,0.1934,1210.94,373.73,1262.36,404.42,1236.65,389.08,51.42,30.7,1578.31,1.67,Horizontal Oblong,Yellow,"(30, 47, 110)",9,VISIBLE,4.33,-0.26
112,4,motorcycle,0.9366,274.08,226.47,951.21,699.08,612.64,462.77,677.14,472.61,320023.35,1.43,Horizontal Oblong,Green,"(44, 57, 59)",11,VISIBLE,-0.67,-0.55
112,12,car,0.6094,895.3,360.68,986.91,395.74,941.1,378.21,91.61,35.06,3211.64,2.61,Horizontal Oblong,Green,"(47, 59, 58)",12,VISIBLE,6.27,0.33
113,1,person,0.9208,482.37,85.68,797.41,591.28,639.89,338.48,315.04,505.61,159284.95,0.62,Vertical Oblong,Green,"(69, 56, 51)",1,VISIBLE,-1.3,0.32
113,5,car,0.3113,1215.52,373.59,1267.5,404.47,1241.51,389.03,51.98,30.88,1605.04,1.68,Horizontal Oblong,Yellow,"(30, 46, 106)",9,VISIBLE,4.7,-0.11
113,4,motorcycle,0.9387,273.27,226.02,950.48,698.81,611.87,462.42,677.21,472.79,320177.92,1.43,Horizontal Oblong,Green,"(44, 57, 58)",11,VISIBLE,-0.74,-0.42
113,12,car,0.5812,903.76,360.95,991.92,395.85,947.84,378.4,88.16,34.9,3076.71,2.53,Horizontal Oblong,Green,"(47, 58, 57)",12,VISIBLE,6.6,0.23
114,1,person,0.9246,481.35,86.47,796.13,591.08,638.74,338.78,314.78,504.61,158839.72,0.62,Vertical Oblong,Green,"(84, 56, 49)",1,VISIBLE,-1.2,0.3
114,5,car,0.3641,1220.17,373.27,1272.49,404.7,1246.33,388.98,52.33,31.42,1644.19,1.67,Horizontal Oblong,Yellow,"(30, 46, 106)",9,VISIBLE,4.78,-0.06
114,4,motorcycle,0.938,272.81,225.94,949.93,698.35,611.37,462.15,677.12,472.41,319873.02,1.43,Horizontal Oblong,Green,"(44, 57, 59)",11,VISIBLE,-0.58,-0.31
114,12,car,0.5438,909.9,361.28,997.77,395.65,953.83,378.47,87.88,34.38,3020.81,2.56,Horizontal Oblong,Green,"(46, 57, 57)",12,VISIBLE,6.18,0.11
115,1,person,0.9175,480.76,87.04,795.05,591.13,637.9,339.08,314.29,504.09,158428.17,0.62,Vertical Oblong,Green,"(84, 56, 49)",1,VISIBLE,-0.94,0.31
115,5,car,0.3541,1224.64,373.12,1277.34,404.87,1250.99,389.0,52.7,31.74,1672.97,1.66,Horizontal Oblong,Yellow,"(30, 47, 105)",9,VISIBLE,4.7,-0.01
115,4,motorcycle,0.9391,272.73,227.2,949.29,697.47,611.01,462.33,676.56,470.27,318160.57,1.44,Horizontal Oblong,Green,"(46, 58, 57)",11,VISIBLE,-0.42,0.04
115,12,car,0.494,914.11,361.26,1003.39,395.41,958.75,378.34,89.28,34.15,3048.53,2.61,Horizontal Oblong,Green,"(47, 60, 57)",12,VISIBLE,5.29,-0.06
116,1,person,0.8424,481.6,87.25,794.33,591.14,637.97,339.2,312.74,503.9,157586.38,0.62,Vertical Oblong,Blue,"(90, 57, 49)",1,VISIBLE,-0.24,0.17
116,5,car,0.503,1229.06,373.02,1281.03,405.28,1255.04,389.15,51.98,32.26,1676.62,1.61,Horizontal Oblong,Yellow,"(29, 46, 106)",9,VISIBLE,4.25,0.1
116,4,motorcycle,0.9381,272.92,228.53,948.56,696.41,610.74,462.47,675.63,467.88,316113.53,1.44,Horizontal Oblong,Green,"(46, 60, 57)",11,VISIBLE,-0.32,0.11
116,12,car,0.4969,918.63,361.68,1008.69,395.2,963.66,378.44,90.06,33.52,3018.72,2.69,Horizontal Oblong,Green,"(47, 60, 58)",12,VISIBLE,5.02,0.06
117,1,person,0.839,483.18,87.49,794.12,590.8,638.65,339.14,310.94,503.31,156500.54,0.62,Vertical Oblong,Blue,"(90, 58, 49)",1,VISIBLE,0.41,0.02
117,5,car,0.3122,1233.35,373.28,1283.01,405.67,1258.18,389.47,49.65,32.39,1608.08,1.53,Horizontal Oblong,Yellow,"(31, 45, 106)",9,VISIBLE,3.47,0.26
117,4,motorcycle,0.9372,273.69,232.03,948.38,695.03,611.04,463.53,674.69,463.0,312377.86,1.46,Horizontal Oblong,Green,"(47, 61, 57)",11,VISIBLE,0.11,0.77
117,12,car,0.5729,925.13,361.52,1014.48,395.29,969.8,378.41,89.35,33.77,3016.9,2.65,Horizontal Oblong,Green,"(48, 61, 59)",12,VISIBLE,5.81,-0.01
118,1,person,0.891,483.49,87.7,794.3,590.66,638.89,339.18,310.81,502.96,156324.97,0.62,Vertical Oblong,Blue,"(94, 59, 50)",1,VISIBLE,0.29,0.03
118,5,car,0.3431,1237.43,373.73,1283.75,406.33,1260.59,390.03,46.32,32.61,1510.16,1.42,Horizontal Oblong,Yellow,"(30, 43, 110)",9,VISIBLE,2.73,0.47
118,4,motorcycle,0.935,274.9,235.07,948.22,693.63,611.56,464.35,673.33,458.55,308756.25,1.47,Horizontal Oblong,Green,"(46, 62, 57)",11,VISIBLE,0.4,0.81
118,12,car,0.4436,930.85,361.51,1020.02,395.56,975.44,378.53,89.17,34.05,3036.43,2.62,Horizontal Oblong,Green,"(48, 58, 60)",12,VISIBLE,5.68,0.09
119,1,person,0.873,485.52,88.71,794.95,591.09,640.23,339.9,309.43,502.39,155453.49,0.62,Vertical Oblong,Blue,"(93, 61, 51)",1,VISIBLE,1.03,0.51
119,5,car,0.2053,1241.29,373.7,1283.72,407.34,1262.5,390.52,42.43,33.63,1426.92,1.26,Horizontal Oblong,Yellow,"(32, 43, 109)",9,VISIBLE,2.16,0.48
119,4,motorcycle,0.9368,276.27,237.27,947.86,692.36,612.06,464.82,671.58,455.09,305628.52,1.48,Horizontal Oblong,Green,"(47, 64, 58)",11,VISIBLE,0.47,0.57
119,12,car,0.4318,934.63,361.34,1025.2,395.98,979.92,378.66,90.57,34.64,3136.91,2.61,Horizontal Oblong,Green,"(48, 60, 60)",12,VISIBLE,4.84,0.11
120,1,person,0.8909,481.77,89.66,795.33,590.89,638.55,340.28,313.57,501.23,157169.04,0.63,Vertical Oblong,Blue,"(90, 60, 54)",1,VISIBLE,-0.87,0.42
120,5,car,0.2854,1245.42,374.17,1283.26,407.37,1264.34,390.77,37.84,33.2,1256.49,1.14,Spherical / Regular,Yellow,"(31, 42, 115)",9,VISIBLE,1.93,0.32
120,4,motorcycle,0.9352,278.23,239.51,947.37,691.22,612.8,465.36,669.14,451.72,302262.3,1.48,Horizontal Oblong,Green,"(48, 64, 58)",11,VISIBLE,0.66,0.56
120,12,car,0.2909,939.85,361.52,1029.34,396.25,984.6,378.89,89.49,34.73,3107.89,2.58,Horizontal Oblong,Green,"(48, 61, 60)",12,VISIBLE,4.73,0.19
121,1,person,0.9204,475.62,90.05,795.75,590.27,635.69,340.16,320.13,500.22,160133.54,0.64,Vertical Oblong,Green,"(81, 60, 56)",1,VISIBLE,-2.27,0.04
121,5,car,0.2376,1249.35,374.26,1282.58,406.74,1265.97,390.5,33.24,32.48,1079.54,1.02,Spherical / Regular,Yellow,"(32, 43, 110)",9,VISIBLE,1.72,-0.09
121,4,motorcycle,0.9322,280.37,241.24,944.95,690.18,612.66,465.71,664.59,448.94,298362.0,1.48,Horizontal Oblong,Green,"(50, 64, 59)",11,VISIBLE,0.1,0.41
121,12,car,0.1926,943.68,361.39,1033.99,396.09,988.83,378.74,90.31,34.7,3133.73,2.6,Horizontal Oblong,Green,"(47, 64, 61)",12,VISIBLE,4.39,-0.04
122,1,person,0.9226,474.2,90.18,796.34,589.0,635.27,339.59,322.14,498.82,160691.09,0.65,Vertical Oblong,Green,"(81, 62, 57)",1,VISIBLE,-0.97,-0.39
122,5,car,0.1655,1253.11,373.91,1281.93,406.06,1267.52,389.98,28.82,32.15,926.38,0.9,Spherical / Regular,Yellow,"(32, 43, 103)",9,VISIBLE,1.6,-0.39
122,4,motorcycle,0.9301,282.47,242.38,941.93,689.31,612.2,465.85,659.45,446.93,294727.43,1.48,Horizontal Oblong,Green,"(50, 64, 60)",11,VISIBLE,-0.29,0.22
122,12,car,0.1826,947.68,361.38,1038.21,395.98,992.95,378.68,90.53,34.61,3132.8,2.62,Horizontal Oblong,Green,"(47, 62, 61)",12,VISIBLE,4.19,-0.06
123,1,person,0.9288,479.63,89.98,797.09,587.62,638.36,338.8,317.46,497.64,157981.34,0.64,Vertical Oblong,Green,"(69, 63, 59)",1,VISIBLE,1.87,-0.67
123,5,car,0.1655,1257.12,373.92,1282.41,405.96,1269.77,389.94,25.29,32.04,810.36,0.79,Vertical Oblong,Yellow,"(34, 43, 108)",9,VISIBLE,2.05,-0.15
123,4,motorcycle,0.9347,284.48,242.65,943.1,688.19,613.79,465.42,658.61,445.55,293441.97,1.48,Horizontal Oblong,Green,"(50, 64, 61)",11,VISIBLE,1.03,-0.23
123,12,car,0.1826,952.27,361.39,1042.89,396.02,997.58,378.7,90.62,34.63,3138.05,2.62,Horizontal Oblong,Green,"(47, 64, 62)",12,VISIBLE,4.5,0.0
124,1,person,0.9291,483.22,89.91,797.85,586.16,640.53,338.03,314.63,496.24,156132.5,0.63,Vertical Oblong,Green,"(81, 64, 59)",1,VISIBLE,2.08,-0.74
124,5,car,0.201,1261.21,373.41,1281.61,405.41,1271.41,389.41,20.4,32.0,652.81,0.64,Vertical Oblong,Yellow,"(32, 43, 109)",9,VISIBLE,1.77,-0.42
124,4,motorcycle,0.9366,286.75,241.93,944.35,687.36,615.55,464.64,657.6,445.44,292918.12,1.48,Horizontal Oblong,Green,"(50, 64, 62)",11,VISIBLE,1.54,-0.61
124,12,car,0.1593,953.88,361.12,1046.65,395.41,1000.26,378.27,92.77,34.29,3181.15,2.71,Horizontal Oblong,Green,"(47, 64, 61)",12,VISIBLE,3.23,-0.31
125,1,person,0.923,484.93,89.91,798.74,584.69,641.84,337.3,313.81,494.79,155270.65,0.63,Vertical Oblong,Green,"(81, 65, 58)",1,VISIBLE,1.54,-0.74
125,5,car,0.201,1265.24,373.28,1281.75,405.19,1273.5,389.24,16.51,31.91,526.92,0.52,Vertical Oblong,Yellow,"(34, 41, 117)",9,VISIBLE,1.99,-0.25
125,4,motorcycle,0.9369,289.36,239.29,943.89,686.4,616.63,462.85,654.53,447.11,292642.44,1.46,Horizontal Oblong,Green,"(50, 64, 62)",11,VISIBLE,1.21,-1.44
125,12,car,0.247,957.06,360.97,1050.65,395.17,1003.86,378.07,93.59,34.21,3201.34,2.74,Horizontal Oblong,Green,"(47, 66, 61)",12,VISIBLE,3.48,-0.23
126,1,person,0.9277,486.02,90.16,799.9,584.07,642.96,337.12,313.88,493.9,155024.7,0.64,Vertical Oblong,Green,"(81, 66, 59)",1,VISIBLE,1.25,-0.35
126,5,car,0.201,1269.27,373.15,1281.89,404.97,1275.58,389.06,12.62,31.82,401.72,0.4,Vertical Oblong,Yellow,"(32, 41, 106)",9,VISIBLE,2.06,-0.2
126,4,motorcycle,0.9352,291.61,238.52,940.13,685.45,615.87,461.99,648.52,446.94,289847.76,1.45,Horizontal Oblong,Green,"(50, 64, 63)",11,VISIBLE,-0.16,-1.04
126,12,car,0.1768,962.34,360.59,1054.08,394.96,1008.21,377.78,91.75,34.37,3153.71,2.67,Horizontal Oblong,Green,"(47, 64, 61)",12,VISIBLE,4.09,-0.28
127,1,person,0.9277,486.92,90.52,800.79,583.13,643.85,336.83,313.87,492.61,154614.15,0.64,Vertical Oblong,Green,"(69, 68, 61)",1,VISIBLE,1.0,-0.31
127,5,car,0.201,1273.3,373.02,1282.03,404.76,1277.67,388.89,8.73,31.74,277.2,0.28,Vertical Oblong,Yellow,"(31, 43, 107)",9,VISIBLE,2.08,-0.18
127,4,motorcycle,0.9422,293.58,239.37,942.1,684.77,617.84,462.07,648.52,445.4,288848.47,1.46,Horizontal Oblong,Green,"(48, 64, 63)",11,VISIBLE,1.33,-0.25
127,12,car,0.1687,965.79,360.4,1057.6,395.06,1011.69,377.73,91.81,34.66,3182.18,2.65,Horizontal Oblong,Green,"(47, 65, 61)",12,VISIBLE,3.67,-0.11
128,1,person,0.9279,487.61,91.39,801.94,582.89,644.77,337.14,314.33,491.49,154493.4,0.64,Vertical Oblong,Green,"(66, 68, 63)",1,VISIBLE,0.94,0.13
128,5,car,0.201,1277.33,372.89,1282.18,404.54,1279.75,388.72,4.85,31.65,153.38,0.15,Vertical Oblong,Yellow,"(31, 44, 83)",9,VISIBLE,2.09,-0.18
128,4,motorcycle,0.9427,295.13,239.97,943.09,684.47,619.11,462.22,647.96,444.5,288019.95,1.46,Horizontal Oblong,Green,"(48, 64, 64)",11,VISIBLE,1.29,0.03
128,12,car,0.1705,968.56,360.84,1060.77,395.21,1014.67,378.03,92.2,34.37,3169.01,2.68,Horizontal Oblong,Green,"(47, 65, 61)",12,VISIBLE,3.18,0.17
129,1,person,0.9262,487.94,92.75,801.07,582.56,644.5,337.66,313.13,489.81,153375.67,0.64,Vertical Oblong,Green,"(50, 70, 64)",1,VISIBLE,0.09,0.4
129,5,car,0.201,1281.36,372.76,1282.32,404.32,1281.86,388.54,1.0,31.56,31.56,0.03,Vertical Oblong,Neutral,"(0, 0, 0)",9,VISIBLE,2.1,-0.18
129,4,motorcycle,0.9434,296.49,240.34,943.5,685.09,619.99,462.71,647.01,444.75,287762.07,1.45,Horizontal Oblong,Green,"(50, 65, 65)",11,VISIBLE,1.01,0.36
129,12,car,0.1705,972.17,360.84,1064.5,395.18,1018.33,378.01,92.33,34.34,3170.77,2.69,Horizontal Oblong,Green,"(47, 64, 61)",12,VISIBLE,3.52,0.04
130,1,person,0.9249,486.65,94.39,800.11,582.99,643.38,338.69,313.46,488.6,153154.63,0.64,Vertical Oblong,Green,"(50, 71, 65)",1,VISIBLE,-0.76,0.84
130,4,motorcycle,0.9425,297.77,241.24,943.05,685.79,620.41,463.51,645.28,444.56,286865.27,1.45,Horizontal Oblong,Green,"(47, 64, 66)",11,VISIBLE,0.59,0.67
130,12,car,0.1705,975.77,360.83,1068.23,395.14,1022.0,377.99,92.45,34.31,3172.52,2.69,Horizontal Oblong,Green,"(44, 63, 62)",12,VISIBLE,3.62,-0.01
131,1,person,0.9272,487.24,95.82,799.22,583.39,643.23,339.61,311.98,487.57,152111.45,0.64,Vertical Oblong,Green,"(50, 72, 65)",1,VISIBLE,-0.33,0.89
131,4,motorcycle,0.9432,298.87,241.74,941.83,686.54,620.35,464.14,642.97,444.79,285988.72,1.45,Horizontal Oblong,Green,"(47, 65, 67)",11,VISIBLE,0.14,0.64
131,12,car,0.179,974.79,361.6,1055.83,395.46,1015.31,378.53,81.04,33.86,2744.48,2.39,Horizontal Oblong,Green,"(47, 67, 59)",12,VISIBLE,-3.6,0.38
132,1,person,0.9261,485.87,96.59,798.07,583.52,641.97,340.05,312.19,486.93,152014.29,0.64,Vertical Oblong,Green,"(50, 73, 65)",1,VISIBLE,-0.98,0.58
132,4,motorcycle,0.9436,299.95,242.32,940.28,687.14,620.12,464.73,640.33,444.82,284833.69,1.44,Horizontal Oblong,Green,"(47, 64, 67)",11,VISIBLE,-0.12,0.6
132,12,car,0.1647,973.34,361.84,1047.58,395.44,1010.46,378.64,74.24,33.6,2494.61,2.21,Horizontal Oblong,Green,"(48, 64, 57)",12,VISIBLE,-4.47,0.19
133,1,person,0.9259,485.04,97.01,796.96,583.05,641.0,340.03,311.93,486.04,151609.68,0.64,Vertical Oblong,Green,"(50, 72, 64)",1,VISIBLE,-0.97,0.16
133,4,motorcycle,0.9417,300.97,242.49,938.17,687.42,619.57,464.96,637.19,444.93,283506.5,1.43,Horizontal Oblong,Green,"(49, 64, 65)",11,VISIBLE,-0.42,0.34
133,12,car,0.1647,974.71,362.05,1044.99,395.48,1009.85,378.76,70.28,33.43,2349.35,2.1,Horizontal Oblong,Green,"(50, 63, 56)",12,VISIBLE,-1.77,0.14
134,1,person,0.9225,483.88,97.55,795.95,583.15,639.92,340.35,312.07,485.59,151539.13,0.64,Vertical Oblong,Green,"(48, 72, 64)",1,VISIBLE,-1.05,0.27
134,4,motorcycle,0.9378,302.13,243.0,936.28,687.5,619.21,465.25,634.15,444.5,281881.33,1.43,Horizontal Oblong,Green,"(47, 64, 65)",11,VISIBLE,-0.38,0.31
134,12,car,0.1647,976.08,362.26,1042.4,395.51,1009.24,378.89,66.32,33.26,2205.47,1.99,Horizontal Oblong,Green,"(48, 60, 57)",12,VISIBLE,-0.96,0.13
135,1,person,0.9231,483.27,97.57,795.25,582.25,639.26,339.91,311.98,484.68,151209.46,0.64,Vertical Oblong,Green,"(50, 73, 63)",1,VISIBLE,-0.77,-0.23
135,4,motorcycle,0.939,303.74,243.54,933.79,687.42,618.77,465.48,630.04,443.88,279664.37,1.42,Horizontal Oblong,Green,"(47, 64, 66)",11,VISIBLE,-0.42,0.25
135,12,car,0.1647,977.45,362.47,1039.8,395.55,1008.63,379.01,62.36,33.08,2062.95,1.88,Horizontal Oblong,Green,"(44, 55, 63)",12,VISIBLE,-0.72,0.13
136,1,person,0.9254,482.05,97.75,794.71,582.1,638.38,339.92,312.66,484.35,151436.97,0.65,Vertical Oblong,Green,"(50, 72, 62)",1,VISIBLE,-0.85,-0.06
136,4,motorcycle,0.9372,305.48,243.87,931.44,687.43,618.46,465.65,625.96,443.55,277647.99,1.41,Horizontal Oblong,Green,"(46, 61, 68)",11,VISIBLE,-0.34,0.2
136,12,car,0.1916,990.37,363.27,1037.96,394.94,1014.16,379.1,47.59,31.67,1507.14,1.5,Horizontal Oblong,Green,"(41, 51, 65)",12,VISIBLE,3.66,0.1
137,1,person,0.9294,484.91,98.64,794.2,582.12,639.55,340.38,309.28,483.48,149534.29,0.64,Vertical Oblong,Green,"(50, 72, 61)",1,VISIBLE,0.57,0.3
137,4,motorcycle,0.9355,306.35,245.94,929.68,687.48,618.01,466.71,623.33,441.54,275228.16,1.41,Horizontal Oblong,Green,"(44, 59, 68)",11,VISIBLE,-0.41,0.8
137,12,car,0.1916,994.8,363.63,1035.56,394.8,1015.18,379.22,40.76,31.17,1270.4,1.31,Horizontal Oblong,Green,"(38, 55, 71)",12,VISIBLE,1.81,0.11
138,1,person,0.9303,485.47,100.67,794.1,582.94,639.78,341.81,308.62,482.27,148841.33,0.64,Vertical Oblong,Green,"(48, 71, 62)",1,VISIBLE,0.33,1.09
138,4,motorcycle,0.9411,307.45,245.91,928.14,687.73,617.8,466.82,620.69,441.82,274234.36,1.4,Horizontal Oblong,Green,"(43, 58, 68)",11,VISIBLE,-0.28,0.32
138,12,car,0.1916,999.24,364.0,1033.17,394.66,1016.2,379.33,33.93,30.67,1040.51,1.11,Spherical / Regular,Green,"(37, 54, 73)",12,VISIBLE,1.26,0.11
139,1,person,0.923,484.2,101.97,794.0,583.98,639.1,342.98,309.81,482.02,149333.03,0.64,Vertical Oblong,Green,"(46, 72, 63)",1,VISIBLE,-0.38,1.15
139,4,motorcycle,0.9404,308.67,246.02,926.95,687.99,617.81,467.0,618.28,441.98,273265.19,1.4,Horizontal Oblong,Green,"(42, 58, 68)",11,VISIBLE,-0.07,0.22
139,12,car,0.1916,1003.67,364.37,1030.77,394.53,1017.22,379.45,27.1,30.16,817.48,0.9,Spherical / Regular,Green,"(37, 55, 75)",12,VISIBLE,1.09,0.12
140,1,person,0.9256,483.78,102.02,794.11,584.33,638.94,343.17,310.33,482.31,149675.28,0.64,Vertical Oblong,Green,"(46, 71, 63)",1,VISIBLE,-0.22,0.48
140,4,motorcycle,0.9383,310.17,246.31,925.84,688.33,618.01,467.32,615.67,442.02,272136.27,1.39,Horizontal Oblong,Green,"(41, 58, 68)",11,VISIBLE,0.11,0.29
141,1,person,0.9263,484.22,101.33,794.29,584.26,639.25,342.79,310.07,482.93,149741.54,0.64,Vertical Oblong,Green,"(48, 68, 59)",1,VISIBLE,0.15,-0.12
141,4,motorcycle,0.9382,311.86,246.17,924.65,688.54,618.26,467.35,612.79,442.37,271079.03,1.39,Horizontal Oblong,Green,"(42, 56, 66)",11,VISIBLE,0.21,0.11
142,1,person,0.9296,487.98,101.06,794.61,583.54,641.3,342.3,306.63,482.48,147942.51,0.64,Vertical Oblong,Green,"(46, 67, 59)",1,VISIBLE,1.47,-0.38
142,4,motorcycle,0.9363,313.97,246.02,923.63,688.66,618.8,467.34,609.66,442.64,269857.64,1.38,Horizontal Oblong,Green,"(41, 56, 68)",11,VISIBLE,0.44,0.02
143,1,person,0.9259,491.51,101.21,795.11,582.77,643.31,341.99,303.6,481.55,146199.55,0.63,Vertical Oblong,Green,"(46, 64, 57)",1,VISIBLE,1.85,-0.33
143,4,motorcycle,0.9354,316.23,245.96,922.59,688.76,619.41,467.36,606.36,442.8,268493.0,1.37,Horizontal Oblong,Green,"(41, 55, 67)",11,VISIBLE,0.56,0.02
144,1,person,0.9173,491.02,101.87,795.6,582.02,643.31,341.95,304.58,480.15,146244.63,0.63,Vertical Oblong,Green,"(45, 63, 58)",1,VISIBLE,0.56,-0.13
144,4,motorcycle,0.9357,318.53,246.29,921.07,688.88,619.8,467.59,602.54,442.59,266676.28,1.36,Horizontal Oblong,Green,"(41, 55, 66)",11,VISIBLE,0.44,0.16
145,1,person,0.9129,491.01,102.88,795.97,581.68,643.49,342.28,304.96,478.81,146016.81,0.64,Vertical Oblong,Green,"(46, 62, 58)",1,VISIBLE,0.29,0.2
145,4,motorcycle,0.9383,320.64,247.06,919.64,689.01,620.14,468.03,599.0,441.95,264729.51,1.36,Horizontal Oblong,Green,"(42, 54, 64)",11,VISIBLE,0.37,0.36
146,1,person,0.912,488.91,104.28,796.32,581.11,642.61,342.69,307.41,476.83,146582.45,0.64,Vertical Oblong,Green,"(45, 63, 57)",1,VISIBLE,-0.52,0.35
146,4,motorcycle,0.938,322.6,248.03,918.05,689.18,620.32,468.61,595.45,441.15,262681.33,1.35,Horizontal Oblong,Green,"(42, 55, 64)",11,VISIBLE,0.24,0.51
147,1,person,0.9187,485.24,104.83,796.86,581.81,641.05,343.32,311.62,476.98,148638.66,0.65,Vertical Oblong,Green,"(46, 63, 57)",1,VISIBLE,-1.25,0.54
147,4,motorcycle,0.9388,324.65,248.85,916.48,689.37,620.57,469.11,591.83,440.52,260708.96,1.34,Horizontal Oblong,Green,"(42, 54, 63)",11,VISIBLE,0.24,0.51
148,1,person,0.9187,484.29,105.51,797.22,581.69,640.75,343.6,312.93,476.17,149008.42,0.66,Vertical Oblong,Green,"(46, 63, 57)",1,VISIBLE,-0.58,0.36
148,4,motorcycle,0.9375,326.68,249.32,915.16,689.57,620.92,469.45,588.48,440.25,259079.59,1.34,Horizontal Oblong,Green,"(42, 54, 63)",11,VISIBLE,0.32,0.39
149,1,person,0.9187,483.33,106.2,797.57,581.57,640.45,343.89,314.23,475.37,149376.08,0.66,Vertical Oblong,Green,"(50, 64, 57)",1,VISIBLE,-0.39,0.31
149,4,motorcycle,0.9356,328.68,249.75,914.35,689.61,621.51,469.68,585.67,439.86,257613.24,1.33,Horizontal Oblong,Green,"(42, 53, 63)",11,VISIBLE,0.51,0.28
150,1,person,0.9187,482.38,106.89,797.92,581.45,640.15,344.17,315.54,474.56,149741.63,0.66,Vertical Oblong,Green,"(46, 64, 60)",1,VISIBLE,-0.33,0.29
150,4,motorcycle,0.9335,330.47,249.47,913.19,689.25,621.83,469.36,582.72,439.78,256270.0,1.33,Horizontal Oblong,Green,"(41, 53, 64)",11,VISIBLE,0.37,-0.14
151,1,person,0.9187,481.43,107.58,798.27,581.33,639.85,344.46,316.84,473.75,150105.06,0.67,Vertical Oblong,Green,"(46, 64, 60)",1,VISIBLE,-0.31,0.29
151,4,motorcycle,0.9303,332.35,249.03,912.34,688.56,622.34,468.79,579.99,439.52,254918.55,1.32,Horizontal Oblong,Green,"(42, 53, 63)",11,VISIBLE,0.47,-0.44
152,1,person,0.9092,482.76,104.3,796.83,581.8,639.79,343.05,314.07,477.5,149969.57,0.66,Vertical Oblong,Green,"(44, 64, 61)",1,VISIBLE,-0.13,-0.9
152,4,motorcycle,0.9271,334.24,248.32,911.54,687.58,622.89,467.95,577.3,439.26,253585.28,1.31,Horizontal Oblong,Green,"(42, 53, 64)",11,VISIBLE,0.52,-0.72
153,1,person,0.9132,482.64,101.65,795.67,580.79,639.16,341.22,313.03,479.14,149985.27,0.65,Vertical Oblong,Green,"(46, 64, 60)",1,VISIBLE,-0.49,-1.55
153,4,motorcycle,0.9278,335.91,247.1,910.63,686.13,623.27,466.61,574.72,439.03,252319.76,1.31,Horizontal Oblong,Green,"(42, 53, 63)",11,VISIBLE,0.42,-1.15
154,1,person,0.9198,485.5,100.11,794.74,579.01,640.12,339.56,309.24,478.9,148095.34,0.65,Vertical Oblong,Green,"(46, 65, 61)",1,VISIBLE,0.53,-1.63
154,4,motorcycle,0.9273,337.72,245.3,909.73,685.16,623.73,465.23,572.01,439.87,251608.78,1.3,Horizontal Oblong,Green,"(42, 54, 63)",11,VISIBLE,0.45,-1.31
155,1,person,0.9012,486.07,99.87,794.14,577.82,640.1,338.84,308.07,477.95,147241.42,0.64,Vertical Oblong,Green,"(45, 65, 61)",1,VISIBLE,0.15,-0.99
155,4,motorcycle,0.9275,339.65,243.58,908.41,684.61,624.03,464.1,568.76,441.03,250838.14,1.29,Horizontal Oblong,Green,"(42, 54, 63)",11,VISIBLE,0.35,-1.19
156,1,person,0.9182,486.58,99.8,793.99,577.11,640.29,338.45,307.41,477.32,146730.68,0.64,Vertical Oblong,Green,"(44, 66, 62)",1,VISIBLE,0.17,-0.57
156,4,motorcycle,0.9239,341.77,243.34,907.28,684.73,624.52,464.03,565.51,441.39,249609.45,1.28,Horizontal Oblong,Green,"(41, 54, 64)",11,VISIBLE,0.45,-0.4
157,1,person,0.9182,487.13,99.12,793.54,576.34,640.34,337.73,306.42,477.22,146227.43,0.64,Vertical Oblong,Green,"(44, 66, 62)",1,VISIBLE,0.09,-0.68
157,4,motorcycle,0.9268,343.98,243.24,905.14,685.32,624.56,464.28,561.15,442.08,248073.88,1.27,Horizontal Oblong,Green,"(41, 54, 63)",11,VISIBLE,0.16,0.05
158,1,person,0.9339,482.69,100.46,793.72,576.46,638.2,338.46,311.03,476.0,148051.51,0.65,Vertical Oblong,Green,"(43, 66, 63)",1,VISIBLE,-1.47,0.31
158,4,motorcycle,0.9268,345.99,242.61,903.77,685.12,624.88,463.87,557.78,442.51,246822.48,1.26,Horizontal Oblong,Green,"(39, 54, 64)",11,VISIBLE,0.27,-0.27
159,1,person,0.9333,478.98,102.47,793.91,576.97,636.45,339.72,314.92,474.5,149431.54,0.66,Vertical Oblong,Green,"(43, 67, 63)",1,VISIBLE,-1.67,0.97
159,4,motorcycle,0.9268,347.99,241.99,902.4,684.92,625.2,463.46,554.41,442.94,245568.18,1.25,Horizontal Oblong,Green,"(40, 55, 63)",11,VISIBLE,0.3,-0.37
159,12,car,0.3129,1263.57,372.5,1280.0,402.74,1271.78,387.62,16.43,30.24,496.9,0.54,Vertical Oblong,Green,"(35, 48, 103)",13,VISIBLE,9.24,0.32
160,1,person,0.9328,476.45,104.17,794.15,578.49,635.3,341.33,317.7,474.32,150691.9,0.67,Vertical Oblong,Green,"(42, 67, 64)",1,VISIBLE,-1.3,1.42
160,4,motorcycle,0.9268,350.0,241.36,901.04,684.73,625.52,463.04,551.04,443.37,244310.99,1.24,Horizontal Oblong,Green,"(39, 54, 63)",11,VISIBLE,0.32,-0.4
160,12,car,0.3111,1258.7,373.61,1280.0,403.29,1269.35,388.45,21.3,29.67,632.0,0.72,Vertical Oblong,Yellow,"(34, 47, 100)",13,VISIBLE,1.07,0.68
161,1,person,0.9359,475.04,105.58,794.28,579.52,634.66,342.55,319.24,473.93,151298.06,0.67,Vertical Oblong,Green,"(43, 68, 63)",1,VISIBLE,-0.84,1.28
161,4,motorcycle,0.9268,352.01,240.74,899.67,684.53,625.84,462.63,547.67,443.79,243050.91,1.23,Horizontal Oblong,Green,"(42, 55, 62)",11,VISIBLE,0.32,-0.41
161,12,car,0.3273,1252.99,374.79,1280.0,403.17,1266.49,388.98,27.01,28.38,766.63,0.95,Spherical / Regular,Yellow,"(34, 47, 86)",13,VISIBLE,-1.68,0.57
162,1,person,0.9359,473.34,106.52,794.28,579.95,633.81,343.23,320.94,473.43,151942.14,0.68,Vertical Oblong,Green,"(43, 70, 63)",1,VISIBLE,-0.85,0.86
162,4,motorcycle,0.9352,355.14,241.6,898.55,687.04,626.85,464.32,543.41,445.45,242060.65,1.22,Spherical / Regular,Green,"(42, 55, 63)",11,VISIBLE,0.8,1.06
162,12,car,0.399,1246.66,374.95,1280.0,402.77,1263.33,388.86,33.34,27.82,927.66,1.2,Spherical / Regular,Yellow,"(34, 44, 88)",13,VISIBLE,-2.72,0.09
163,1,person,0.9359,471.63,107.46,794.28,580.38,632.95,343.92,322.65,472.92,152584.48,0.68,Vertical Oblong,Green,"(47, 71, 62)",1,VISIBLE,-0.85,0.74
163,4,motorcycle,0.9343,358.19,242.16,897.74,688.82,627.97,465.49,539.56,446.66,240998.62,1.21,Spherical / Regular,Green,"(44, 56, 62)",11,VISIBLE,1.02,1.14
163,12,car,0.3099,1239.92,374.63,1280.0,402.32,1259.96,388.48,40.08,27.69,1109.65,1.45,Horizontal Oblong,Green,"(35, 44, 105)",13,VISIBLE,-3.17,-0.24
164,1,person,0.9352,474.97,107.24,795.48,579.46,635.23,343.35,320.5,472.21,151345.15,0.68,Vertical Oblong,Green,"(50, 71, 62)",1,VISIBLE,1.33,-0.18
164,4,motorcycle,0.9343,360.69,242.14,896.57,689.68,628.63,465.91,535.88,447.54,239827.75,1.2,Spherical / Regular,Green,"(47, 56, 62)",11,VISIBLE,0.77,0.63
164,12,car,0.2827,1232.9,373.09,1280.0,402.69,1256.45,387.89,47.1,29.6,1394.01,1.59,Horizontal Oblong,Green,"(36, 46, 110)",13,VISIBLE,-3.41,-0.48
165,1,person,0.9376,478.5,106.69,796.36,579.24,637.43,342.97,317.86,472.55,150203.87,0.67,Vertical Oblong,Green,"(55, 72, 62)",1,VISIBLE,1.94,-0.32
165,4,motorcycle,0.9343,363.19,242.12,895.4,690.54,629.3,466.33,532.21,448.41,238650.44,1.19,Spherical / Regular,Green,"(50, 56, 62)",11,VISIBLE,0.7,0.48
165,12,car,0.4683,1226.04,372.36,1278.82,401.78,1252.43,387.07,52.78,29.42,1553.13,1.79,Horizontal Oblong,Green,"(36, 53, 103)",13,VISIBLE,-3.84,-0.72
166,1,person,0.9376,481.32,106.33,796.66,579.07,638.99,342.7,315.33,472.74,149070.85,0.67,Vertical Oblong,Green,"(66, 72, 61)",1,VISIBLE,1.68,-0.28
166,4,motorcycle,0.9343,365.7,242.1,894.23,691.39,629.96,466.75,528.54,449.29,237466.7,1.18,Spherical / Regular,Green,"(66, 56, 63)",11,VISIBLE,0.68,0.44
166,12,car,0.3165,1218.87,371.53,1276.1,401.03,1247.48,386.28,57.23,29.5,1688.19,1.94,Horizontal Oblong,Green,"(35, 57, 102)",13,VISIBLE,-4.61,-0.77
167,1,person,0.9408,482.94,106.5,797.03,578.98,639.98,342.74,314.09,472.48,148400.66,0.66,Vertical Oblong,Green,"(66, 73, 61)",1,VISIBLE,1.2,-0.06
167,12,car,0.5366,1211.67,371.47,1270.92,400.89,1241.29,386.18,59.25,29.43,1743.46,2.01,Horizontal Oblong,Green,"(36, 60, 100)",13,VISIBLE,-5.72,-0.3
168,1,person,0.9421,483.84,106.88,796.96,579.06,640.4,342.97,313.12,472.18,147849.89,0.66,Vertical Oblong,Green,"(66, 73, 62)",1,VISIBLE,0.65,0.14
168,12,car,0.2479,1203.79,371.53,1262.96,400.66,1233.38,386.09,59.17,29.13,1723.48,2.03,Horizontal Oblong,Green,"(36, 58, 101)",13,VISIBLE,-7.26,-0.15
169,1,person,0.9424,484.57,107.42,796.6,578.69,640.59,343.06,312.02,471.28,147047.39,0.66,Vertical Oblong,Green,"(66, 73, 62)",1,VISIBLE,0.32,0.1
169,12,car,0.5463,1195.47,371.55,1254.17,400.61,1224.82,386.08,58.7,29.06,1705.7,2.02,Horizontal Oblong,Green,"(36, 61, 98)",13,VISIBLE,-8.17,-0.06
170,1,person,0.9394,485.15,108.23,795.92,578.82,640.54,343.52,310.77,470.6,146245.4,0.66,Vertical Oblong,Green,"(69, 72, 62)",1,VISIBLE,0.06,0.36
170,12,car,0.317,1186.61,371.49,1244.99,400.48,1215.8,385.99,58.38,28.99,1692.5,2.01,Horizontal Oblong,Green,"(35, 61, 99)",13,VISIBLE,-8.76,-0.08
171,1,person,0.9375,485.55,108.21,795.36,578.44,640.46,343.32,309.81,470.23,145683.03,0.66,Vertical Oblong,Green,"(66, 73, 62)",1,VISIBLE,-0.04,-0.03
171,12,car,0.5027,1177.43,371.8,1234.82,400.36,1206.13,386.08,57.38,28.56,1638.68,2.01,Horizontal Oblong,Green,"(35, 59, 99)",13,VISIBLE,-9.4,0.04
172,1,person,0.9368,485.96,108.67,795.04,578.08,640.5,343.38,309.09,469.41,145087.27,0.66,Vertical Oblong,Green,"(69, 72, 62)",1,VISIBLE,0.02,0.03
172,12,car,0.2643,1167.71,371.67,1225.24,400.66,1196.48,386.17,57.53,28.99,1667.73,1.98,Horizontal Oblong,Green,"(35, 57, 101)",13,VISIBLE,-9.58,0.07
173,1,person,0.9381,486.1,108.94,794.21,576.88,640.15,342.91,308.11,467.94,144173.46,0.66,Vertical Oblong,Green,"(68, 72, 61)",1,VISIBLE,-0.24,-0.32
173,12,car,0.4116,1157.99,371.98,1214.39,400.19,1186.19,386.09,56.41,28.21,1591.18,2.0,Horizontal Oblong,Yellow,"(34, 57, 103)",13,VISIBLE,-10.07,-0.03
174,1,person,0.9359,486.93,109.04,793.06,575.65,639.99,342.35,306.13,466.61,142845.11,0.66,Vertical Oblong,Green,"(81, 71, 61)",1,VISIBLE,-0.18,-0.49
174,12,car,0.4217,1148.86,371.77,1203.48,399.14,1176.17,385.45,54.62,27.37,1494.81,2.0,Horizontal Oblong,Yellow,"(34, 54, 105)",13,VISIBLE,-10.04,-0.45
175,1,person,0.9379,487.79,109.15,791.48,574.94,639.63,342.05,303.69,465.79,141455.61,0.65,Vertical Oblong,Green,"(73, 72, 62)",1,VISIBLE,-0.31,-0.36
175,12,car,0.3898,1139.12,371.44,1192.55,398.6,1165.83,385.02,53.43,27.15,1450.51,1.97,Horizontal Oblong,Yellow,"(34, 56, 104)",13,VISIBLE,-10.25,-0.44
176,1,person,0.9355,489.43,109.44,789.76,574.11,639.6,341.78,300.33,464.67,139552.37,0.65,Vertical Oblong,Green,"(81, 72, 61)",1,VISIBLE,-0.12,-0.3
176,12,car,0.4575,1128.87,371.07,1182.01,398.26,1155.44,384.66,53.14,27.19,1444.87,1.95,Horizontal Oblong,Yellow,"(34, 57, 105)",13,VISIBLE,-10.35,-0.38
177,1,person,0.9345,491.27,109.86,788.34,573.47,639.8,341.67,297.07,463.61,137727.64,0.64,Vertical Oblong,Green,"(69, 73, 62)",1,VISIBLE,0.11,-0.17
177,12,car,0.4575,1119.44,370.89,1172.1,397.84,1145.77,384.37,52.66,26.95,1419.46,1.95,Horizontal Oblong,Yellow,"(34, 58, 102)",13,VISIBLE,-9.87,-0.32
178,1,person,0.9341,492.46,110.63,786.91,573.17,639.69,341.9,294.45,462.54,136194.47,0.64,Vertical Oblong,Green,"(81, 73, 61)",1,VISIBLE,-0.05,0.11
178,12,car,0.1675,1108.64,370.93,1161.54,398.04,1135.09,384.48,52.91,27.1,1433.84,1.95,Horizontal Oblong,Yellow,"(34, 54, 105)",13,VISIBLE,-10.44,-0.01
179,1,person,0.9338,493.97,112.0,785.22,573.06,639.6,342.53,291.25,461.06,134286.15,0.63,Vertical Oblong,Green,"(81, 74, 61)",1,VISIBLE,-0.08,0.48
179,12,car,0.2594,1098.49,371.13,1150.81,398.02,1124.65,384.57,52.31,26.89,1406.58,1.95,Horizontal Oblong,Yellow,"(34, 53, 107)",13,VISIBLE,-10.44,0.06
180,1,person,0.9297,494.64,113.53,783.0,573.36,638.82,343.45,288.36,459.83,132596.57,0.63,Vertical Oblong,Green,"(81, 73, 62)",1,VISIBLE,-0.57,0.78
180,12,car,0.2594,1088.6,371.09,1140.55,397.83,1114.58,384.46,51.94,26.73,1388.63,1.94,Horizontal Oblong,Yellow,"(34, 54, 106)",13,VISIBLE,-10.18,-0.06
181,1,person,0.9309,495.86,114.65,780.66,573.39,638.26,344.02,284.8,458.73,130649.02,0.62,Vertical Oblong,Green,"(81, 74, 61)",1,VISIBLE,-0.56,0.64
181,12,car,0.2594,1078.72,371.06,1130.29,397.64,1104.51,384.35,51.58,26.58,1370.8,1.94,Horizontal Oblong,Green,"(36, 57, 105)",13,VISIBLE,-10.1,-0.1
182,1,person,0.9303,496.67,116.2,777.7,573.46,637.18,344.83,281.03,457.25,128499.88,0.61,Vertical Oblong,Green,"(81, 74, 60)",1,VISIBLE,-0.92,0.76
182,12,car,0.2594,1068.83,371.02,1120.04,397.44,1094.43,384.23,51.21,26.42,1353.07,1.94,Horizontal Oblong,Green,"(36, 57, 106)",13,VISIBLE,-10.08,-0.11
183,1,motorcycle,0.9309,447.22,176.17,812.73,620.61,629.97,398.39,365.51,444.44,162448.2,0.82,Spherical / Regular,Green,"(66, 70, 61)",1,VISIBLE,-5.32,37.72
183,12,car,0.2594,1058.94,370.99,1109.78,397.25,1084.36,384.12,50.84,26.27,1335.47,1.94,Horizontal Oblong,Green,"(36, 59, 105)",13,VISIBLE,-10.08,-0.11
184,1,motorcycle,0.9355,412.1,218.65,835.22,653.66,623.66,436.16,423.12,435.01,184059.13,0.97,Spherical / Regular,Green,"(81, 65, 58)",1,VISIBLE,-6.02,37.75
184,12,car,0.2594,1049.06,370.95,1099.53,397.06,1074.29,384.01,50.47,26.11,1317.97,1.93,Horizontal Oblong,Yellow,"(34, 64, 105)",13,VISIBLE,-10.07,-0.11
185,1,motorcycle,0.9338,388.67,246.98,846.52,675.06,617.59,461.02,457.85,428.08,195996.58,1.07,Spherical / Regular,Blue,"(87, 61, 60)",1,VISIBLE,-6.05,28.73
186,1,motorcycle,0.9327,374.37,264.7,850.07,687.48,612.22,476.09,475.69,422.78,201116.09,1.13,Spherical / Regular,Blue,"(90, 59, 64)",1,VISIBLE,-5.58,19.17
187,1,motorcycle,0.9327,367.07,274.0,848.03,693.24,607.55,483.62,480.96,419.24,201640.3,1.15,Spherical / Regular,Blue,"(87, 57, 66)",1,VISIBLE,-4.94,11.02
188,1,motorcycle,0.9336,364.78,277.58,842.97,694.49,603.88,486.04,478.19,416.91,199364.56,1.15,Spherical / Regular,Blue,"(88, 57, 67)",1,VISIBLE,-4.06,5.0
189,1,motorcycle,0.9311,364.29,277.17,834.94,692.28,599.62,484.72,470.65,415.11,195373.29,1.13,Spherical / Regular,Blue,"(88, 57, 65)",1,VISIBLE,-4.2,0.58
190,1,motorcycle,0.9293,365.55,274.62,826.32,688.55,595.94,481.59,460.76,413.93,190726.06,1.11,Spherical / Regular,Green,"(84, 57, 64)",1,VISIBLE,-3.84,-2.02
191,1,motorcycle,0.9279,367.65,271.69,817.57,684.56,592.61,478.12,449.92,412.87,185760.07,1.09,Spherical / Regular,Green,"(68, 58, 61)",1,VISIBLE,-3.48,-3.03
191,12,car,0.6061,1243.58,379.3,1280.0,407.02,1261.79,393.16,36.42,27.72,1009.79,1.31,Horizontal Oblong,Green,"(43, 46, 89)",14,VISIBLE,15.73,0.88
192,1,motorcycle,0.9274,370.02,268.68,807.73,680.8,588.88,474.74,437.71,412.12,180391.05,1.06,Spherical / Regular,Green,"(55, 58, 61)",1,VISIBLE,-3.66,-3.28
192,12,car,0.6322,1232.75,379.27,1274.58,407.46,1253.66,393.37,41.83,28.19,1179.38,1.48,Horizontal Oblong,Green,"(46, 50, 84)",14,VISIBLE,-0.97,0.41
193,1,motorcycle,0.9276,372.17,265.99,799.58,677.29,585.88,471.64,427.41,411.3,175794.67,1.04,Spherical / Regular,Green,"(52, 58, 60)",1,VISIBLE,-3.2,-3.15
193,12,car,0.7498,1217.78,379.46,1262.08,407.86,1239.93,393.66,44.3,28.4,1258.15,1.56,Horizontal Oblong,Green,"(46, 50, 83)",14,VISIBLE,-9.91,0.33
194,1,motorcycle,0.9273,374.73,264.14,791.24,674.01,582.98,469.08,416.51,409.88,170717.66,1.02,Spherical / Regular,Green,"(47, 58, 60)",1,VISIBLE,-2.98,-2.74
194,12,car,0.7285,1201.13,379.55,1246.48,407.96,1223.8,393.76,45.35,28.41,1288.69,1.6,Horizontal Oblong,Green,"(46, 50, 84)",14,VISIBLE,-14.26,0.17
195,1,motorcycle,0.9314,377.62,262.27,782.38,671.15,580.0,466.71,404.76,408.88,165495.79,0.99,Spherical / Regular,Green,"(46, 58, 59)",1,VISIBLE,-2.98,-2.48
195,12,car,0.722,1184.19,379.51,1229.72,407.89,1206.95,393.7,45.54,28.38,1292.24,1.6,Horizontal Oblong,Green,"(44, 49, 87)",14,VISIBLE,-16.07,0.01
195,15,person,0.1694,717.81,363.81,784.48,459.9,751.15,411.85,66.67,96.09,6406.36,0.69,Vertical Oblong,Green,"(37, 57, 84)",15,VISIBLE,0.0,0.0
196,1,motorcycle,0.9307,380.3,261.08,773.15,668.64,576.73,464.86,392.85,407.56,160108.85,0.96,Spherical / Regular,Green,"(44, 57, 59)",1,VISIBLE,-3.19,-2.04
196,12,car,0.7273,1168.31,379.3,1213.5,407.57,1190.9,393.44,45.19,28.27,1277.42,1.6,Horizontal Oblong,Green,"(44, 49, 90)",14,VISIBLE,-16.06,-0.18
196,15,dog,0.2502,718.9,377.01,781.55,459.03,750.23,418.02,62.65,82.02,5138.46,0.76,Vertical Oblong,Yellow,"(34, 56, 87)",15,VISIBLE,-0.92,6.16
197,1,motorcycle,0.9233,383.52,260.67,770.33,666.69,576.93,463.68,386.81,406.02,157052.83,0.95,Spherical / Regular,Green,"(42, 57, 59)",1,VISIBLE,-0.82,-1.44
197,12,car,0.697,1152.75,379.02,1197.27,407.15,1175.01,393.08,44.52,28.13,1252.34,1.58,Horizontal Oblong,Green,"(43, 48, 92)",14,VISIBLE,-15.94,-0.3
197,15,dog,0.1665,717.63,386.0,779.48,457.78,748.56,421.89,61.85,71.78,4439.48,0.86,Spherical / Regular,Yellow,"(34, 57, 85)",15,VISIBLE,-1.44,4.56
198,1,motorcycle,0.9123,386.71,260.06,766.16,665.35,576.43,462.71,379.45,405.29,153788.38,0.94,Spherical / Regular,Green,"(41, 56, 60)",1,VISIBLE,-0.59,-1.11
198,12,car,0.7218,1137.72,378.76,1181.86,406.8,1159.79,392.78,44.14,28.04,1237.92,1.57,Horizontal Oblong,Green,"(42, 49, 93)",14,VISIBLE,-15.44,-0.3
198,15,dog,0.1665,716.87,390.37,778.01,457.19,747.44,423.78,61.14,66.82,4085.74,0.92,Spherical / Regular,Yellow,"(33, 55, 93)",15,VISIBLE,-1.21,2.69
199,1,motorcycle,0.9077,390.17,259.69,760.0,663.81,575.08,461.75,369.83,404.12,149457.3,0.92,Spherical / Regular,Green,"(41, 56, 59)",1,VISIBLE,-1.12,-1.0
199,12,car,0.7085,1123.16,378.78,1167.52,406.49,1145.34,392.63,44.36,27.72,1229.63,1.6,Horizontal Oblong,Green,"(40, 50, 91)",14,VISIBLE,-14.75,-0.19
199,15,dog,0.1665,716.11,394.73,776.55,456.6,746.33,425.66,60.44,61.86,3738.99,0.98,Spherical / Regular,Yellow,"(33, 58, 106)",15,VISIBLE,-1.14,2.13
200,1,motorcycle,0.9078,393.83,259.97,757.64,662.1,575.74,461.03,363.81,402.12,146294.73,0.9,Spherical / Regular,Green,"(39, 56, 61)",1,VISIBLE,0.12,-0.8
200,12,car,0.7004,1109.3,378.9,1153.42,406.4,1131.36,392.65,44.12,27.5,1213.27,1.6,Horizontal Oblong,Green,"(40, 50, 91)",14,VISIBLE,-14.21,-0.05
200,15,dog,0.1665,715.34,399.1,775.08,456.0,745.21,427.55,59.74,56.9,3399.21,1.05,Spherical / Regular,Yellow,"(31, 59, 118)",15,VISIBLE,-1.13,1.96
201,1,motorcycle,0.912,397.56,261.61,754.77,661.17,576.16,461.39,357.22,399.55,142726.11,0.89,Spherical / Regular,Green,"(39, 55, 61)",1,VISIBLE,0.34,0.01
201,12,car,0.6891,1095.41,379.09,1139.03,406.57,1117.22,392.83,43.62,27.48,1198.75,1.59,Horizontal Oblong,Green,"(41, 49, 92)",14,VISIBLE,-14.16,0.11
201,15,dog,0.1665,714.58,403.47,773.62,455.41,744.1,429.44,59.03,51.94,3066.4,1.14,Spherical / Regular,Yellow,"(31, 58, 122)",15,VISIBLE,-1.11,1.91
201,16,car,0.5656,1251.43,378.54,1280.0,417.4,1265.72,397.97,28.57,38.86,1110.21,0.74,Vertical Oblong,Yellow,"(26, 46, 90)",16,VISIBLE,0.0,0.0
202,1,motorcycle,0.922,400.31,262.27,752.48,659.61,576.4,460.94,352.17,397.34,139931.96,0.89,Spherical / Regular,Green,"(38, 55, 62)",1,VISIBLE,0.26,-0.31
202,12,car,0.6706,1082.47,379.28,1125.22,406.63,1103.84,392.95,42.75,27.35,1169.24,1.56,Horizontal Oblong,Green,"(38, 47, 92)",14,VISIBLE,-13.61,0.12
202,16,car,0.6089,1241.04,379.38,1280.0,418.3,1260.52,398.84,38.96,38.91,1516.24,1.0,Spherical / Regular,Yellow,"(27, 47, 61)",16,VISIBLE,-5.2,0.87
203,1,motorcycle,0.9256,403.88,262.85,749.64,658.34,576.76,460.59,345.76,395.49,136745.55,0.87,Spherical / Regular,Green,"(40, 55, 62)",1,VISIBLE,0.33,-0.34
203,12,car,0.7239,1069.85,379.35,1112.08,406.73,1090.96,393.04,42.23,27.38,1156.41,1.54,Horizontal Oblong,Green,"(38, 49, 92)",14,VISIBLE,-13.1,0.1
203,16,car,0.4279,1227.05,380.1,1276.03,419.04,1251.54,399.57,48.98,38.94,1907.19,1.26,Horizontal Oblong,Yellow,"(29, 52, 77)",16,VISIBLE,-7.84,0.77
204,1,motorcycle,0.9188,408.46,263.64,745.85,657.02,577.16,460.33,337.39,393.38,132721.57,0.86,Spherical / Regular,Green,"(40, 55, 62)",1,VISIBLE,0.38,-0.29
204,12,car,0.6778,1057.79,379.68,1099.35,406.71,1078.57,393.19,41.56,27.03,1123.15,1.54,Horizontal Oblong,Green,"(38, 48, 94)",14,VISIBLE,-12.61,0.14
204,16,car,0.3564,1211.88,380.49,1265.92,419.71,1238.9,400.1,54.03,39.22,2119.38,1.38,Horizontal Oblong,Yellow,"(29, 52, 89)",16,VISIBLE,-11.2,0.6
205,1,motorcycle,0.9227,412.38,264.22,743.77,655.26,578.08,459.74,331.4,391.04,129589.89,0.85,Spherical / Regular,Green,"(40, 55, 63)",1,VISIBLE,0.76,-0.5
205,12,car,0.6885,1046.36,379.8,1086.93,406.68,1066.64,393.24,40.57,26.88,1090.38,1.51,Horizontal Oblong,Green,"(37, 48, 97)",14,VISIBLE,-12.13,0.07
205,16,car,0.3054,1197.24,380.37,1252.86,419.72,1225.05,400.05,55.62,39.35,2188.72,1.41,Horizontal Oblong,Yellow,"(27, 51, 94)",16,VISIBLE,-13.06,0.14
206,1,motorcycle,0.9244,416.82,265.48,742.23,653.5,579.52,459.49,325.41,388.02,126264.89,0.84,Spherical / Regular,Green,"(40, 56, 63)",1,VISIBLE,1.24,-0.32
206,12,car,0.6966,1035.73,379.76,1075.46,406.46,1055.6,393.11,39.72,26.7,1060.56,1.49,Horizontal Oblong,Green,"(37, 47, 98)",14,VISIBLE,-11.37,-0.07
206,16,car,0.3874,1183.48,380.61,1238.92,419.4,1211.2,400.01,55.43,38.79,2150.4,1.43,Horizontal Oblong,Yellow,"(26, 50, 96)",16,VISIBLE,-13.61,0.01
207,1,motorcycle,0.9208,421.53,266.47,741.15,651.69,581.34,459.08,319.62,385.22,123124.56,0.83,Spherical / Regular,Green,"(41, 56, 61)",1,VISIBLE,1.64,-0.38
207,12,car,0.6762,1025.24,379.9,1064.58,406.37,1044.91,393.13,39.34,26.47,1041.47,1.49,Horizontal Oblong,Green,"(38, 49, 100)",14,VISIBLE,-10.89,-0.0
207,16,car,0.4602,1170.8,380.47,1225.16,419.01,1197.98,399.74,54.36,38.54,2095.0,1.41,Horizontal Oblong,Yellow,"(26, 50, 98)",16,VISIBLE,-13.34,-0.18
208,1,motorcycle,0.9227,426.61,266.96,740.05,650.0,583.33,458.48,313.45,383.04,120061.25,0.82,Spherical / Regular,Green,"(41, 55, 64)",1,VISIBLE,1.89,-0.54
208,12,car,0.6846,1015.6,380.26,1054.24,406.51,1034.92,393.39,38.65,26.25,1014.44,1.47,Horizontal Oblong,Green,"(38, 47, 102)",14,VISIBLE,-10.26,0.17
208,16,car,0.3606,1159.11,380.69,1211.64,418.57,1185.38,399.63,52.53,37.88,1989.62,1.39,Horizontal Oblong,Orange,"(24, 47, 97)",16,VISIBLE,-12.82,-0.13
209,1,motorcycle,0.9179,431.29,267.03,739.01,648.52,585.15,457.78,307.73,381.49,117393.55,0.81,Vertical Oblong,Green,"(41, 54, 63)",1,VISIBLE,1.84,-0.65
209,12,car,0.701,1006.01,380.48,1044.31,406.61,1025.16,393.55,38.3,26.13,1000.73,1.47,Horizontal Oblong,Green,"(38, 44, 104)",14,VISIBLE,-9.91,0.16
209,16,car,0.4221,1147.75,381.31,1199.29,418.6,1173.52,399.96,51.55,37.29,1921.99,1.38,Horizontal Oblong,Orange,"(24, 48, 91)",16,VISIBLE,-12.15,0.19
210,1,motorcycle,0.9189,436.75,266.49,738.45,646.8,587.6,456.64,301.7,380.32,114739.6,0.79,Vertical Oblong,Green,"(42, 54, 64)",1,VISIBLE,2.27,-0.99
210,12,car,0.6463,997.19,380.79,1034.88,406.62,1016.03,393.7,37.69,25.83,973.41,1.46,Horizontal Oblong,Green,"(38, 44, 104)",14,VISIBLE,-9.36,0.16
210,16,car,0.4703,1137.19,381.33,1187.55,418.42,1162.37,399.88,50.36,37.1,1868.23,1.36,Horizontal Oblong,Orange,"(21, 46, 90)",16,VISIBLE,-11.45,0.0
210,17,can,0.7084,1256.27,392.08,1279.32,431.66,1267.79,411.87,23.05,39.58,912.09,0.58,Vertical Oblong,Green,"(63, 79, 73)",17,VISIBLE,0.0,0.0
211,1,person,0.9202,449.8,219.06,721.05,601.31,585.43,410.19,271.25,382.25,103685.44,0.71,Vertical Oblong,Green,"(42, 62, 61)",1,VISIBLE,-0.84,-32.82
211,12,car,0.6935,988.9,380.84,1025.94,406.61,1007.42,393.72,37.04,25.76,954.3,1.44,Horizontal Oblong,Green,"(37, 47, 104)",14,VISIBLE,-8.84,0.06
211,16,car,0.4359,1127.23,381.62,1176.31,418.16,1151.77,399.89,49.08,36.55,1793.73,1.34,Horizontal Oblong,Orange,"(21, 46, 86)",16,VISIBLE,-10.85,0.01
211,17,can,0.8122,1249.0,392.44,1274.24,431.04,1261.62,411.74,25.24,38.6,974.02,0.65,Vertical Oblong,Green,"(58, 78, 75)",17,VISIBLE,-6.18,-0.13
212,1,person,0.924,461.2,185.73,709.41,568.88,585.3,377.31,248.21,383.15,95102.97,0.65,Vertical Oblong,Green,"(43, 65, 62)",1,VISIBLE,-0.34,-32.86
212,12,car,0.7183,981.01,381.3,1017.8,406.77,999.4,394.04,36.78,25.47,936.95,1.44,Horizontal Oblong,Green,"(38, 45, 101)",14,VISIBLE,-8.26,0.24
212,16,car,0.4278,1117.9,382.22,1166.07,418.08,1141.99,400.15,48.17,35.86,1727.51,1.34,Horizontal Oblong,Orange,"(21, 46, 83)",16,VISIBLE,-10.11,0.19
212,17,can,0.7759,1239.05,392.81,1266.3,430.96,1252.68,411.88,27.24,38.15,1039.44,0.71,Vertical Oblong,Green,"(53, 77, 79)",17,VISIBLE,-8.11,0.06
213,1,person,0.9173,470.93,164.61,703.36,546.14,587.15,355.37,232.43,381.53,88677.83,0.61,Vertical Oblong,Green,"(44, 67, 64)",1,VISIBLE,1.19,-25.21
213,12,car,0.7372,973.5,381.65,1010.06,406.93,991.78,394.29,36.56,25.28,924.26,1.45,Horizontal Oblong,Green,"(38, 45, 97)",14,VISIBLE,-7.82,0.25
213,16,car,0.3901,1109.13,382.49,1156.22,418.06,1132.68,400.28,47.09,35.57,1675.0,1.32,Horizontal Oblong,Orange,"(21, 45, 83)",16,VISIBLE,-9.55,0.14
213,17,can,0.7854,1227.76,392.79,1255.55,430.25,1241.65,411.52,27.78,37.45,1040.55,0.74,Vertical Oblong,Green,"(56, 80, 79)",17,VISIBLE,-10.15,-0.24
214,1,person,0.9207,477.16,153.36,701.48,532.46,589.32,342.91,224.32,379.1,85038.26,0.59,Vertical Oblong,Green,"(44, 67, 66)",1,VISIBLE,1.88,-16.29
214,12,car,0.6839,966.35,382.05,1002.76,407.1,984.55,394.58,36.41,25.05,912.09,1.45,Horizontal Oblong,Green,"(38, 44, 105)",14,VISIBLE,-7.4,0.27
214,16,car,0.4113,1101.26,382.92,1147.62,418.18,1124.44,400.55,46.36,35.26,1634.85,1.31,Horizontal Oblong,Orange,"(21, 45, 83)",16,VISIBLE,-8.63,0.24
214,17,can,0.8203,1216.82,392.92,1244.69,430.23,1230.76,411.57,27.87,37.3,1039.75,0.75,Vertical Oblong,Green,"(59, 76, 81)",17,VISIBLE,-10.67,-0.03
215,1,person,0.9217,483.43,149.77,702.33,525.58,592.88,337.68,218.9,375.81,82265.38,0.58,Vertical Oblong,Green,"(44, 69, 66)",1,VISIBLE,3.06,-8.55
215,12,car,0.7269,959.31,382.34,995.22,407.25,977.26,394.79,35.91,24.91,894.35,1.44,Horizontal Oblong,Green,"(38, 44, 106)",14,VISIBLE,-7.32,0.24
215,16,car,0.3728,1093.09,383.09,1139.04,418.12,1116.06,400.6,45.95,35.03,1609.63,1.31,Horizontal Oblong,Yellow,"(26, 46, 81)",16,VISIBLE,-8.45,0.11
215,17,can,0.8091,1206.4,393.22,1233.89,429.83,1220.14,411.52,27.49,36.61,1006.7,0.75,Vertical Oblong,Green,"(62, 76, 82)",17,VISIBLE,-10.63,-0.04
216,1,person,0.9218,486.75,151.14,704.82,523.76,595.79,337.45,218.07,372.61,81254.6,0.59,Vertical Oblong,Green,"(44, 68, 67)",1,VISIBLE,2.95,-2.72
216,12,car,0.7005,952.02,382.62,987.89,407.34,969.96,394.98,35.87,24.72,886.64,1.45,Horizontal Oblong,Green,"(38, 42, 107)",14,VISIBLE,-7.31,0.2
216,16,car,0.4007,1085.11,383.49,1130.83,418.16,1107.97,400.83,45.72,34.67,1585.27,1.32,Horizontal Oblong,Orange,"(22, 43, 83)",16,VISIBLE,-8.2,0.19
216,17,can,0.7573,1196.28,393.32,1222.9,429.57,1209.59,411.45,26.61,36.25,964.82,0.73,Vertical Oblong,Green,"(61, 74, 83)",17,VISIBLE,-10.58,-0.07
216,18,car,0.2987,465.18,350.28,513.51,407.85,489.35,379.06,48.33,57.57,2782.74,0.84,Spherical / Regular,Green,"(66, 45, 47)",18,VISIBLE,0.0,0.0
217,1,motorcycle,0.9147,481.82,199.8,718.65,566.21,600.24,383.0,236.84,366.41,86778.88,0.65,Vertical Oblong,Green,"(44, 63, 59)",1,VISIBLE,4.0,31.07
217,12,car,0.7238,944.73,382.83,980.43,407.39,962.58,395.11,35.7,24.57,876.96,1.45,Horizontal Oblong,Green,"(38, 43, 108)",14,VISIBLE,-7.36,0.15
217,16,car,0.3974,1076.9,383.69,1122.21,418.15,1099.55,400.92,45.31,34.47,1561.55,1.31,Horizontal Oblong,Orange,"(24, 43, 84)",16,VISIBLE,-8.35,0.12
217,17,can,0.8232,1185.52,393.44,1212.17,429.68,1198.85,411.56,26.65,36.24,965.76,0.74,Vertical Oblong,Green,"(60, 72, 85)",17,VISIBLE,-10.69,0.06
217,18,car,0.2677,463.78,348.43,516.53,408.08,490.15,378.26,52.74,59.65,3146.33,0.88,Spherical / Regular,Green,"(66, 47, 48)",18,VISIBLE,0.81,-0.81
218,1,motorcycle,0.9124,479.37,236.3,728.43,596.94,603.9,416.62,249.06,360.64,89818.87,0.69,Vertical Oblong,Green,"(44, 60, 58)",1,VISIBLE,3.77,32.85
218,12,car,0.6744,937.53,383.02,973.0,407.33,955.26,395.18,35.47,24.31,862.32,1.46,Horizontal Oblong,Green,"(38, 43, 105)",14,VISIBLE,-7.33,0.09
218,16,car,0.3385,1068.87,383.93,1114.18,418.14,1091.53,401.03,45.31,34.21,1550.24,1.32,Horizontal Oblong,Orange,"(24, 43, 87)",16,VISIBLE,-8.13,0.12
218,17,can,0.8176,1175.48,393.55,1201.52,429.22,1188.5,411.39,26.04,35.68,928.96,0.73,Vertical Oblong,Green,"(59, 69, 87)",17,VISIBLE,-10.45,-0.1
218,18,car,0.3376,461.52,346.67,521.63,408.22,491.57,377.44,60.11,61.56,3700.26,0.98,Spherical / Regular,Green,"(68, 50, 47)",18,VISIBLE,1.24,-0.81
218,19,car,0.1997,1031.93,380.42,1064.83,400.85,1048.38,390.64,32.9,20.43,672.3,1.61,Horizontal Oblong,Green,"(58, 39, 85)",19,VISIBLE,0.0,0.0
219,1,motorcycle,0.9055,478.45,264.23,734.84,616.75,606.65,440.49,256.39,352.52,90380.54,0.73,Vertical Oblong,Green,"(46, 55, 57)",1,VISIBLE,3.05,26.56
219,12,car,0.7061,930.2,383.19,965.2,407.42,947.7,395.3,35.0,24.23,848.11,1.44,Horizontal Oblong,Green,"(38, 43, 111)",14,VISIBLE,-7.49,0.12
219,16,car,0.3978,1060.74,384.14,1105.63,417.95,1083.18,401.04,44.89,33.81,1517.4,1.33,Horizontal Oblong,Yellow,"(26, 43, 84)",16,VISIBLE,-8.28,0.04
219,17,can,0.7771,1165.81,393.37,1191.62,429.07,1178.71,411.22,25.8,35.7,921.23,0.72,Vertical Oblong,Green,"(59, 71, 89)",17,VISIBLE,-9.98,-0.15
219,18,car,0.3531,458.79,346.22,526.78,408.48,492.78,377.35,67.99,62.26,4232.91,1.09,Spherical / Regular,Green,"(68, 51, 48)",18,VISIBLE,1.22,-0.31
219,19,car,0.1997,1031.4,380.62,1064.24,400.89,1047.82,390.76,32.84,20.27,665.64,1.62,Horizontal Oblong,Orange,"(17, 45, 122)",19,VISIBLE,-0.56,0.12
220,1,motorcycle,0.9047,479.41,282.45,738.3,628.43,608.86,455.44,258.89,345.97,89567.48,0.75,Vertical Oblong,Green,"(44, 53, 57)",1,VISIBLE,2.46,18.43
220,12,car,0.663,922.97,383.46,957.77,407.65,940.37,395.56,34.8,24.19,842.02,1.44,Horizontal Oblong,Green,"(38, 43, 106)",14,VISIBLE,-7.38,0.21
220,16,car,0.3538,1052.63,384.52,1097.24,417.99,1074.93,401.26,44.61,33.47,1492.97,1.33,Horizontal Oblong,Yellow,"(25, 44, 90)",16,VISIBLE,-8.26,0.16
220,17,can,0.8147,1156.46,393.44,1181.76,428.66,1169.11,411.05,25.3,35.22,891.0,0.72,Vertical Oblong,Green,"(60, 69, 89)",17,VISIBLE,-9.72,-0.16
220,18,car,0.5599,455.78,352.15,530.4,408.73,493.09,380.44,74.62,56.59,4222.67,1.32,Horizontal Oblong,Green,"(68, 53, 48)",18,VISIBLE,0.58,2.07
220,19,car,0.1997,1030.86,380.82,1063.64,400.93,1047.25,390.87,32.78,20.1,659.0,1.63,Horizontal Oblong,Orange,"(19, 42, 122)",19,VISIBLE,-0.57,0.12
221,1,motorcycle,0.8935,483.62,291.58,739.49,633.7,611.55,462.64,255.87,342.13,87540.78,0.75,Vertical Oblong,Green,"(46, 52, 56)",1,VISIBLE,2.63,10.57
221,12,car,0.6402,915.7,383.76,950.16,408.01,932.93,395.89,34.46,24.25,835.58,1.42,Horizontal Oblong,Green,"(39, 44, 100)",14,VISIBLE,-7.42,0.29
221,16,car,0.4051,1044.72,385.09,1088.73,418.15,1066.73,401.62,44.02,33.06,1455.25,1.33,Horizontal Oblong,Yellow,"(26, 43, 84)",16,VISIBLE,-8.22,0.3
221,17,can,0.7898,1147.39,393.73,1171.58,428.36,1159.48,411.05,24.19,34.63,837.77,0.7,Vertical Oblong,Green,"(62, 69, 88)",17,VISIBLE,-9.65,-0.05
221,18,car,0.5853,452.92,356.73,533.97,409.08,493.45,382.9,81.05,52.36,4243.37,1.55,Horizontal Oblong,Green,"(66, 54, 49)",18,VISIBLE,0.42,2.35
221,20,car,0.293,1006.65,383.86,1039.32,401.39,1022.99,392.63,32.66,17.53,572.7,1.86,Horizontal Oblong,Green,"(60, 36, 77)",20,VISIBLE,0.0,0.0
222,1,motorcycle,0.9071,484.82,296.85,740.16,634.76,612.49,465.81,255.33,337.91,86279.55,0.76,Vertical Oblong,Green,"(46, 52, 57)",1,VISIBLE,1.44,5.39
222,12,car,0.6745,908.77,384.01,942.97,408.29,925.87,396.15,34.2,24.28,830.47,1.41,Horizontal Oblong,Green,"(38, 43, 112)",14,VISIBLE,-7.17,0.27
222,16,car,0.3556,1037.06,385.48,1080.99,418.33,1059.02,401.9,43.94,32.85,1443.49,1.34,Horizontal Oblong,Orange,"(24, 41, 86)",16,VISIBLE,-7.86,0.29
222,17,can,0.8056,1138.78,393.92,1162.41,428.24,1150.59,411.08,23.62,34.32,810.78,0.69,Vertical Oblong,Green,"(62, 67, 89)",17,VISIBLE,-9.12,0.01
222,18,car,0.675,450.8,359.09,538.54,409.52,494.67,384.3,87.74,50.42,4424.39,1.74,Horizontal Oblong,Green,"(68, 53, 50)",18,VISIBLE,0.98,1.68
222,20,car,0.3004,1001.6,384.25,1033.95,401.44,1017.77,392.84,32.35,17.2,556.25,1.88,Horizontal Oblong,Green,"(60, 36, 78)",20,VISIBLE,-5.21,0.22
222,21,can,0.404,0.0,373.47,15.89,413.05,7.94,393.26,15.89,39.58,628.69,0.4,Vertical Oblong,Green,"(55, 83, 34)",21,VISIBLE,0.0,0.0
223,1,motorcycle,0.9136,486.63,298.43,740.94,633.1,613.78,465.76,254.31,334.67,85109.72,0.76,Vertical Oblong,Green,"(43, 51, 57)",1,VISIBLE,1.34,1.59
223,12,car,0.5962,902.15,384.22,935.99,408.39,919.07,396.31,33.85,24.17,818.11,1.4,Horizontal Oblong,Green,"(38, 44, 112)",14,VISIBLE,-6.91,0.19
223,16,car,0.3982,1029.46,385.93,1073.09,418.25,1051.27,402.09,43.62,32.32,1409.8,1.35,Horizontal Oblong,Yellow,"(28, 43, 90)",16,VISIBLE,-7.78,0.22
223,17,can,0.7784,1130.58,394.07,1153.53,427.9,1142.05,410.98,22.95,33.82,776.35,0.68,Vertical Oblong,Green,"(63, 70, 88)",17,VISIBLE,-8.71,-0.06
223,18,car,0.677,448.88,360.32,542.89,409.84,495.88,385.08,94.01,49.52,4655.43,1.9,Horizontal Oblong,Green,"(68, 52, 50)",18,VISIBLE,1.15,1.05
223,20,car,0.2701,994.48,384.59,1026.5,401.52,1010.49,393.06,32.02,16.93,542.07,1.89,Horizontal Oblong,Green,"(60, 37, 75)",20,VISIBLE,-6.66,0.21
223,21,can,0.404,0.0,373.47,16.35,413.1,8.18,393.28,16.35,39.64,648.06,0.41,Vertical Oblong,Green,"(55, 92, 34)",21,VISIBLE,0.23,0.03
224,1,motorcycle,0.9076,489.12,298.88,741.29,629.63,615.2,464.26,252.17,330.75,83405.3,0.76,Vertical Oblong,Green,"(40, 51, 59)",1,VISIBLE,1.4,-0.58
224,12,car,0.7158,895.65,384.25,929.33,408.32,912.49,396.29,33.68,24.07,810.81,1.4,Horizontal Oblong,Green,"(38, 43, 112)",14,VISIBLE,-6.68,0.04
224,16,car,0.4153,1022.24,386.22,1065.75,418.21,1044.0,402.22,43.51,31.99,1391.76,1.36,Horizontal Oblong,Orange,"(24, 41, 88)",16,VISIBLE,-7.43,0.15
224,17,can,0.7919,1122.81,393.97,1145.63,427.53,1134.22,410.75,22.82,33.56,765.74,0.68,Vertical Oblong,Green,"(63, 66, 91)",17,VISIBLE,-8.1,-0.18
224,18,car,0.6916,447.12,360.68,546.49,409.95,496.81,385.32,99.37,49.27,4896.55,2.02,Horizontal Oblong,Green,"(71, 52, 52)",18,VISIBLE,0.99,0.48
224,20,car,0.2951,986.35,385.26,1018.47,401.6,1002.41,393.43,32.12,16.35,525.05,1.96,Horizontal Oblong,Grey/Brown,"(0, 0, 0)",20,VISIBLE,-7.65,0.33
224,21,can,0.2244,0.0,373.17,24.43,413.17,12.22,393.17,24.43,40.01,977.5,0.61,Vertical Oblong,Green,"(52, 96, 33)",21,VISIBLE,2.9,-0.07
225,1,motorcycle,0.9037,492.55,298.37,741.88,625.01,617.21,461.69,249.33,326.64,81440.82,0.76,Vertical Oblong,Green,"(41, 50, 58)",1,VISIBLE,1.83,-1.97
225,12,car,0.6388,889.18,384.12,923.14,408.03,906.16,396.07,33.96,23.91,811.95,1.42,Horizontal Oblong,Green,"(38, 41, 111)",14,VISIBLE,-6.43,-0.13
225,16,car,0.4304,1015.59,386.06,1058.48,417.97,1037.03,402.02,42.89,31.91,1368.68,1.34,Horizontal Oblong,Orange,"(22, 42, 84)",16,VISIBLE,-7.1,-0.09
225,17,can,0.7997,1115.27,393.69,1137.64,427.24,1126.45,410.47,22.37,33.55,750.45,0.67,Vertical Oblong,Green,"(60, 64, 91)",17,VISIBLE,-7.87,-0.25
225,18,car,0.7181,445.76,360.67,551.17,409.95,498.47,385.31,105.41,49.28,5194.89,2.14,Horizontal Oblong,Green,"(71, 51, 54)",18,VISIBLE,1.46,0.14
225,20,car,0.304,978.72,384.75,1010.34,401.34,994.53,393.04,31.62,16.59,524.53,1.91,Horizontal Oblong,Green,"(62, 39, 83)",20,VISIBLE,-7.81,-0.17
225,21,can,0.2244,-0.0,373.08,27.05,413.23,13.52,393.16,27.05,40.15,1086.06,0.67,Vertical Oblong,Green,"(54, 90, 33)",21,VISIBLE,1.79,-0.03
226,1,motorcycle,0.9051,496.2,296.75,741.69,620.24,618.94,458.49,245.5,323.5,79417.37,0.76,Vertical Oblong,Green,"(41, 51, 58)",1,VISIBLE,1.76,-2.83
226,12,car,0.643,883.28,383.92,917.02,407.53,900.15,395.72,33.74,23.6,796.44,1.43,Horizontal Oblong,Green,"(43, 42, 107)",14,VISIBLE,-6.14,-0.29
226,16,car,0.4291,1009.3,385.93,1052.16,417.78,1030.73,401.86,42.86,31.85,1364.98,1.35,Horizontal Oblong,Orange,"(24, 42, 85)",16,VISIBLE,-6.54,-0.14
226,17,can,0.8081,1108.07,393.3,1130.55,426.77,1119.31,410.04,22.48,33.47,752.47,0.67,Vertical Oblong,Green,"(63, 62, 91)",17,VISIBLE,-7.36,-0.38
226,18,car,0.7181,444.62,360.28,555.52,410.08,500.07,385.18,110.9,49.8,5522.83,2.23,Horizontal Oblong,Green,"(72, 52, 56)",18,VISIBLE,1.56,-0.05
226,20,car,0.2576,970.78,384.34,1002.71,401.14,986.74,392.74,31.93,16.81,536.61,1.9,Horizontal Oblong,Green,"(62, 37, 89)",20,VISIBLE,-7.79,-0.26
226,21,can,0.2244,-0.0,372.99,29.66,413.29,14.83,393.14,29.66,40.3,1195.38,0.74,Vertical Oblong,Green,"(50, 98, 36)",21,VISIBLE,1.45,-0.02
227,1,motorcycle,0.9048,500.32,296.76,741.52,615.44,620.92,456.1,241.21,318.69,76868.97,0.76,Vertical Oblong,Green,"(41, 51, 56)",1,VISIBLE,1.91,-2.52
227,12,car,0.6833,877.9,383.69,911.18,407.16,894.54,395.42,33.28,23.47,781.03,1.42,Horizontal Oblong,Green,"(42, 44, 107)",14,VISIBLE,-5.77,-0.3
227,16,car,0.4351,1003.15,385.71,1045.57,417.59,1024.36,401.65,42.43,31.88,1352.53,1.33,Horizontal Oblong,Orange,"(24, 44, 83)",16,VISIBLE,-6.42,-0.19
227,17,can,0.7542,1101.12,393.02,1123.41,426.44,1112.27,409.73,22.29,33.43,744.92,0.67,Vertical Oblong,Green,"(62, 65, 94)",17,VISIBLE,-7.14,-0.33
227,18,car,0.6767,443.19,360.08,559.11,410.32,501.15,385.2,115.93,50.24,5824.1,2.31,Horizontal Oblong,Green,"(71, 51, 61)",18,VISIBLE,1.22,-0.0
227,20,car,0.2661,963.55,382.24,995.8,400.77,979.67,391.51,32.25,18.54,597.83,1.74,Horizontal Oblong,Green,"(60, 36, 86)",20,VISIBLE,-7.29,-0.94
228,1,motorcycle,0.9042,504.22,296.72,742.5,611.35,623.36,454.03,238.28,314.63,74969.86,0.76,Vertical Oblong,Green,"(41, 51, 57)",1,VISIBLE,2.28,-2.2
228,12,car,0.5882,872.31,383.81,905.61,407.09,888.96,395.45,33.3,23.28,775.09,1.43,Horizontal Oblong,Green,"(42, 42, 98)",14,VISIBLE,-5.64,-0.07
228,16,car,0.3972,997.01,385.67,1039.36,417.15,1018.18,401.41,42.35,31.48,1333.18,1.35,Horizontal Oblong,Orange,"(21, 43, 85)",16,VISIBLE,-6.25,-0.22
228,17,can,0.795,1094.27,392.88,1116.52,426.12,1105.4,409.5,22.25,33.24,739.86,0.67,Vertical Oblong,Green,"(59, 62, 95)",17,VISIBLE,-6.95,-0.26
228,18,car,0.6909,442.26,360.36,561.84,410.84,502.05,385.6,119.58,50.47,6035.98,2.37,Horizontal Oblong,Green,"(72, 52, 58)",18,VISIBLE,1.0,0.28
228,20,car,0.2564,956.97,382.63,988.86,400.78,972.92,391.71,31.89,18.14,578.6,1.76,Horizontal Oblong,Green,"(49, 37, 94)",20,VISIBLE,-6.92,-0.14
229,1,motorcycle,0.9048,507.9,296.7,741.52,608.03,624.71,452.37,233.62,311.34,72733.97,0.75,Vertical Oblong,Green,"(41, 51, 56)",1,VISIBLE,1.63,-1.83
229,12,car,0.6389,866.82,384.06,899.92,407.51,883.37,395.79,33.11,23.46,776.54,1.41,Horizontal Oblong,Green,"(41, 43, 107)",14,VISIBLE,-5.6,0.21
229,16,car,0.4057,990.84,386.18,1033.1,417.39,1011.97,401.79,42.26,31.2,1318.68,1.35,Horizontal Oblong,Orange,"(21, 43, 90)",16,VISIBLE,-6.23,0.2
229,17,can,0.8085,1087.31,393.16,1109.9,426.3,1098.6,409.73,22.59,33.14,748.57,0.68,Vertical Oblong,Green,"(60, 64, 93)",17,VISIBLE,-6.84,0.08
229,18,car,0.6987,441.66,361.32,564.24,411.48,502.95,386.4,122.59,50.16,6149.32,2.44,Horizontal Oblong,Green,"(71, 54, 56)",18,VISIBLE,0.93,0.64
229,20,car,0.3522,950.19,382.99,981.97,401.2,966.08,392.09,31.77,18.21,578.67,1.74,Horizontal Oblong,Green,"(66, 36, 71)",20,VISIBLE,-6.86,0.23
230,1,motorcycle,0.9076,511.88,298.56,742.27,605.71,627.08,452.13,230.39,307.15,70765.22,0.75,Vertical Oblong,Green,"(39, 52, 56)",1,VISIBLE,2.14,-0.71
230,12,car,0.6228,861.58,384.86,894.56,408.28,878.07,396.57,32.99,23.42,772.45,1.41,Horizontal Oblong,Green,"(42, 44, 101)",14,VISIBLE,-5.39,0.61
230,16,car,0.4349,984.87,386.6,1026.67,417.85,1005.77,402.22,41.8,31.25,1306.14,1.34,Horizontal Oblong,Orange,"(20, 42, 89)",16,VISIBLE,-6.21,0.37
230,17,can,0.7743,1081.09,393.88,1103.05,426.39,1092.07,410.14,21.96,32.51,713.77,0.68,Vertical Oblong,Green,"(59, 67, 94)",17,VISIBLE,-6.63,0.31
230,18,car,0.7522,440.87,362.52,566.03,412.18,503.45,387.35,125.15,49.66,6215.03,2.52,Horizontal Oblong,Green,"(72, 53, 57)",18,VISIBLE,0.63,0.86
230,20,car,0.465,943.7,383.58,975.08,401.67,959.39,392.63,31.38,18.09,567.7,1.73,Horizontal Oblong,Green,"(47, 36, 92)",20,VISIBLE,-6.74,0.44
231,1,motorcycle,0.9076,515.34,300.9,742.6,603.84,628.97,452.37,227.27,302.94,68848.76,0.75,Vertical Oblong,Green,"(39, 53, 56)",1,VISIBLE,1.97,-0.05
231,12,car,0.6254,856.31,385.76,889.13,408.98,872.72,397.37,32.82,23.22,761.93,1.41,Horizontal Oblong,Green,"(38, 45, 106)",14,VISIBLE,-5.36,0.74
231,16,car,0.3936,979.1,387.28,1020.63,418.36,999.87,402.82,41.53,31.09,1291.03,1.34,Horizontal Oblong,Orange,"(24, 42, 82)",16,VISIBLE,-6.0,0.53
231,17,can,0.8195,1074.94,394.62,1096.28,427.28,1085.61,410.95,21.33,32.66,696.76,0.65,Vertical Oblong,Green,"(59, 67, 95)",17,VISIBLE,-6.51,0.66
231,18,car,0.7603,441.45,363.83,568.05,412.85,504.75,388.34,126.61,49.02,6206.08,2.58,Horizontal Oblong,Green,"(71, 53, 58)",18,VISIBLE,1.1,0.95
231,20,car,0.4583,937.04,384.43,968.62,402.47,952.83,393.45,31.59,18.04,569.67,1.75,Horizontal Oblong,Green,"(66, 36, 71)",20,VISIBLE,-6.61,0.71
232,1,motorcycle,0.9102,518.88,302.6,743.25,602.32,631.06,452.46,224.37,299.72,67249.13,0.75,Vertical Oblong,Green,"(38, 52, 58)",1,VISIBLE,2.06,0.05
232,12,car,0.6071,851.1,386.35,883.86,409.6,867.48,397.98,32.76,23.25,761.86,1.41,Horizontal Oblong,Green,"(35, 43, 113)",14,VISIBLE,-5.28,0.65
232,16,car,0.4458,973.52,387.93,1014.56,418.96,994.04,403.44,41.04,31.03,1273.55,1.32,Horizontal Oblong,Orange,"(21, 43, 86)",16,VISIBLE,-5.88,0.6
232,17,can,0.7548,1068.74,395.38,1089.48,427.77,1079.11,411.57,20.73,32.39,671.51,0.64,Vertical Oblong,Green,"(60, 67, 93)",17,VISIBLE,-6.5,0.64
232,18,car,0.7931,443.69,364.87,570.57,413.49,507.13,389.18,126.88,48.62,6169.45,2.61,Horizontal Oblong,Green,"(69, 53, 65)",18,VISIBLE,2.0,0.87
232,20,car,0.4202,930.79,384.43,962.92,403.24,946.85,393.84,32.13,18.81,604.26,1.71,Horizontal Oblong,Green,"(66, 36, 70)",20,VISIBLE,-6.17,0.48
233,1,motorcycle,0.9083,521.49,303.33,744.76,600.8,633.13,452.07,223.27,297.47,66415.4,0.75,Vertical Oblong,Green,"(38, 52, 58)",1,VISIBLE,2.06,-0.26
233,12,car,0.6032,845.83,386.83,878.47,410.04,862.15,398.43,32.63,23.21,757.38,1.41,Horizontal Oblong,Yellow,"(34, 42, 112)",14,VISIBLE,-5.31,0.52
233,16,car,0.4105,967.6,388.5,1008.5,419.22,988.05,403.86,40.91,30.72,1256.79,1.33,Horizontal Oblong,Orange,"(20, 43, 84)",16,VISIBLE,-5.96,0.47
233,17,can,0.7929,1062.14,396.01,1083.08,427.89,1072.61,411.95,20.93,31.88,667.28,0.66,Vertical Oblong,Green,"(60, 70, 91)",17,VISIBLE,-6.5,0.45
233,18,car,0.7826,447.05,365.45,571.84,414.03,509.44,389.74,124.78,48.58,6061.93,2.57,Horizontal Oblong,Green,"(69, 52, 68)",18,VISIBLE,2.22,0.65
233,20,car,0.4365,925.07,384.62,956.9,403.6,940.99,394.11,31.83,18.98,604.21,1.68,Horizontal Oblong,Green,"(66, 37, 69)",20,VISIBLE,-5.96,0.34
234,1,motorcycle,0.9052,523.54,303.06,745.98,599.34,634.76,451.2,222.44,296.27,65904.23,0.75,Vertical Oblong,Green,"(38, 53, 58)",1,VISIBLE,1.76,-0.68
234,12,car,0.5588,840.99,387.06,873.31,410.15,857.15,398.61,32.32,23.1,746.45,1.4,Horizontal Oblong,Yellow,"(34, 42, 116)",14,VISIBLE,-5.09,0.27
234,16,car,0.4326,962.08,388.47,1002.71,419.17,982.4,403.82,40.63,30.7,1247.24,1.32,Horizontal Oblong,Orange,"(20, 43, 83)",16,VISIBLE,-5.75,0.11
234,17,can,0.8374,1055.68,396.05,1076.86,427.8,1066.27,411.92,21.18,31.75,672.35,0.67,Vertical Oblong,Green,"(60, 67, 94)",17,VISIBLE,-6.39,0.12
234,18,car,0.795,451.05,365.88,572.21,414.15,511.63,390.02,121.16,48.28,5849.37,2.51,Horizontal Oblong,Green,"(68, 51, 69)",18,VISIBLE,2.2,0.39
234,20,car,0.3998,919.23,385.19,951.2,403.8,935.21,394.49,31.97,18.61,595.02,1.72,Horizontal Oblong,Green,"(55, 36, 80)",20,VISIBLE,-5.83,0.37
235,1,motorcycle,0.9006,525.38,303.18,747.3,597.32,636.34,450.25,221.93,294.14,65278.17,0.75,Vertical Oblong,Green,"(40, 53, 60)",1,VISIBLE,1.63,-0.87
235,12,car,0.5908,836.22,386.88,868.37,409.91,852.3,398.39,32.15,23.03,740.32,1.4,Horizontal Oblong,Yellow,"(34, 43, 117)",14,VISIBLE,-4.93,-0.06
235,16,car,0.4088,956.79,388.22,997.05,419.08,976.92,403.65,40.26,30.86,1242.33,1.3,Horizontal Oblong,Orange,"(21, 43, 85)",16,VISIBLE,-5.56,-0.09
235,17,can,0.7814,1049.67,395.88,1070.74,427.22,1060.21,411.55,21.07,31.34,660.39,0.67,Vertical Oblong,Green,"(59, 69, 96)",17,VISIBLE,-6.16,-0.23
235,18,car,0.7622,455.37,366.03,572.47,414.0,513.92,390.01,117.1,47.97,5617.11,2.44,Horizontal Oblong,Green,"(69, 52, 70)",18,VISIBLE,2.26,0.12
235,20,car,0.4827,913.53,384.6,945.59,403.65,929.56,394.13,32.06,19.06,610.96,1.68,Horizontal Oblong,Green,"(58, 36, 92)",20,VISIBLE,-5.71,-0.15
236,1,motorcycle,0.9003,528.57,302.98,748.17,595.09,638.37,449.04,219.6,292.11,64147.82,0.75,Vertical Oblong,Green,"(39, 53, 61)",1,VISIBLE,1.91,-1.11
236,12,car,0.5905,831.78,386.76,863.52,409.6,847.65,398.18,31.74,22.84,724.8,1.39,Horizontal Oblong,Yellow,"(33, 42, 120)",14,VISIBLE,-4.73,-0.17
236,16,car,0.415,951.39,388.25,991.59,418.83,971.49,403.54,40.2,30.58,1229.11,1.31,Horizontal Oblong,Orange,"(20, 43, 83)",16,VISIBLE,-5.47,-0.1
236,17,can,0.786,1044.0,395.58,1064.77,426.83,1054.38,411.2,20.77,31.26,649.15,0.66,Vertical Oblong,Green,"(60, 68, 97)",17,VISIBLE,-5.92,-0.31
236,18,car,0.7501,448.69,365.93,572.81,413.82,510.75,389.87,124.13,47.9,5945.39,2.59,Horizontal Oblong,Green,"(54, 47, 75)",18,VISIBLE,-1.54,-0.06
236,20,car,0.4883,908.05,384.48,940.13,403.38,924.09,393.93,32.08,18.9,606.39,1.7,Horizontal Oblong,Green,"(66, 36, 70)",20,VISIBLE,-5.54,-0.18
237,1,motorcycle,0.9031,531.37,302.49,748.83,592.36,640.1,447.43,217.46,289.88,63037.73,0.75,Vertical Oblong,Green,"(40, 54, 61)",1,VISIBLE,1.78,-1.46
237,12,car,0.5682,827.13,386.54,858.68,409.2,842.91,397.87,31.55,22.66,714.88,1.39,Horizontal Oblong,Green,"(35, 41, 114)",14,VISIBLE,-4.74,-0.27
237,16,car,0.4674,946.13,388.07,986.37,418.52,966.25,403.3,40.24,30.44,1224.83,1.32,Horizontal Oblong,Orange,"(20, 41, 86)",16,VISIBLE,-5.31,-0.2
237,17,can,0.7541,1038.0,395.15,1058.75,426.31,1048.37,410.73,20.75,31.16,646.51,0.67,Vertical Oblong,Green,"(60, 66, 96)",17,VISIBLE,-5.98,-0.43
237,18,car,0.7761,443.74,365.67,570.85,413.45,507.3,389.56,127.1,47.78,6072.47,2.66,Horizontal Oblong,Green,"(50, 47, 75)",18,VISIBLE,-2.88,-0.24
237,20,car,0.4224,902.75,384.41,934.96,402.92,918.86,393.67,32.21,18.52,596.46,1.74,Horizontal Oblong,Green,"(60, 36, 80)",20,VISIBLE,-5.33,-0.24
238,1,motorcycle,0.9026,533.74,302.58,749.28,589.85,641.51,446.21,215.54,287.27,61916.17,0.75,Vertical Oblong,Green,"(40, 54, 62)",1,VISIBLE,1.52,-1.29
238,12,car,0.6281,822.52,386.18,853.86,408.61,838.19,397.39,31.33,22.44,702.96,1.4,Horizontal Oblong,Green,"(35, 40, 114)",14,VISIBLE,-4.72,-0.41
238,16,car,0.4748,941.29,387.66,980.92,418.24,961.11,402.95,39.63,30.58,1211.79,1.3,Horizontal Oblong,Orange,"(18, 42, 85)",16,VISIBLE,-5.19,-0.3
238,17,can,0.8063,1032.23,394.65,1053.18,425.64,1042.71,410.15,20.95,30.99,649.04,0.68,Vertical Oblong,Green,"(60, 61, 97)",17,VISIBLE,-5.76,-0.54
238,18,car,0.7242,439.56,365.32,567.51,412.92,503.53,389.12,127.96,47.59,6089.77,2.69,Horizontal Oblong,Green,"(50, 47, 74)",18,VISIBLE,-3.5,-0.38
238,20,car,0.3937,897.48,383.49,930.0,402.28,913.74,392.88,32.51,18.79,610.99,1.73,Horizontal Oblong,Green,"(58, 38, 93)",20,VISIBLE,-5.18,-0.62
239,1,motorcycle,0.9008,536.07,305.55,749.42,587.24,642.74,446.4,213.35,281.69,60099.69,0.76,Vertical Oblong,Green,"(40, 54, 62)",1,VISIBLE,1.32,-0.26
239,12,car,0.6209,817.98,385.72,849.25,408.19,833.61,396.96,31.27,22.47,702.58,1.39,Horizontal Oblong,Green,"(37, 42, 113)",14,VISIBLE,-4.62,-0.43
239,16,car,0.3709,936.82,387.39,975.69,417.42,956.26,402.4,38.87,30.03,1167.19,1.29,Horizontal Oblong,Orange,"(20, 42, 83)",16,VISIBLE,-4.95,-0.47
239,17,can,0.7857,1027.33,394.35,1047.56,425.15,1037.45,409.75,20.23,30.8,623.07,0.66,Vertical Oblong,Green,"(60, 65, 97)",17,VISIBLE,-5.41,-0.44
239,18,car,0.4963,436.49,365.13,564.08,412.26,500.29,388.69,127.59,47.13,6013.38,2.71,Horizontal Oblong,Green,"(50, 48, 73)",18,VISIBLE,-3.32,-0.41
239,20,car,0.4125,892.54,383.53,924.8,401.92,908.67,392.73,32.26,18.38,593.1,1.75,Horizontal Oblong,Green,"(60, 36, 92)",20,VISIBLE,-5.1,-0.3
240,1,motorcycle,0.8967,538.38,306.8,749.98,584.79,644.18,445.8,211.6,277.99,58822.4,0.76,Vertical Oblong,Green,"(40, 54, 63)",1,VISIBLE,1.4,-0.5
240,12,car,0.5847,813.72,385.38,844.7,407.82,829.21,396.6,30.97,22.43,694.75,1.38,Horizontal Oblong,Green,"(37, 42, 113)",14,VISIBLE,-4.47,-0.38
240,16,car,0.3888,932.03,387.22,970.71,416.9,951.37,402.06,38.69,29.68,1148.3,1.3,Horizontal Oblong,Orange,"(20, 42, 78)",16,VISIBLE,-4.91,-0.38
240,17,can,0.7582,1022.18,394.19,1041.86,424.73,1032.02,409.46,19.69,30.54,601.09,0.64,Vertical Oblong,Green,"(62, 67, 95)",17,VISIBLE,-5.42,-0.33
240,18,car,0.5102,434.31,364.87,560.84,411.52,497.58,388.2,126.53,46.65,5902.44,2.71,Horizontal Oblong,Green,"(50, 49, 71)",18,VISIBLE,-2.89,-0.47
240,20,car,0.3656,887.16,383.76,919.86,401.68,903.51,392.72,32.7,17.92,585.95,1.82,Horizontal Oblong,Green,"(59, 37, 91)",20,VISIBLE,-5.14,-0.09
