frame,track_id,class_name,confidence,x1,y1,x2,y2,center_x,center_y,width,height,area,aspect_ratio,shape_type,color,color_hsv,raw_track_id,memory_state,velocity_x,velocity_y
2,1,car,0.9429,484.74,302.51,832.16,575.69,658.45,439.1,347.42,273.18,94907.78,1.27,Horizontal Oblong,Blue,"(108, 88, 101)",1,VISIBLE,0.0,0.0
2,6,car,0.9217,1137.72,337.98,1269.73,413.2,1203.73,375.59,132.01,75.21,9929.13,1.76,Horizontal Oblong,Orange,"(17, 54, 101)",6,VISIBLE,0.0,0.0
2,2,car,0.8659,795.82,324.66,902.62,411.98,849.22,368.32,106.8,87.32,9325.3,1.22,Spherical / Regular,Blue,"(100, 58, 68)",2,VISIBLE,0.0,0.0
2,5,car,0.7819,891.7,336.45,964.62,403.07,928.16,369.76,72.91,66.62,4857.62,1.09,Spherical / Regular,Blue,"(100, 48, 104)",5,VISIBLE,0.0,0.0
2,8,car,0.7776,987.69,337.15,1087.34,397.23,1037.52,367.19,99.65,60.08,5987.23,1.66,Horizontal Oblong,Blue,"(101, 55, 65)",8,VISIBLE,0.0,0.0
2,4,car,0.6302,951.56,317.46,1032.19,387.5,991.88,352.48,80.62,70.04,5646.63,1.15,Spherical / Regular,Blue,"(98, 62, 79)",4,VISIBLE,0.0,0.0
2,3,car,0.5491,443.55,321.92,477.02,366.26,460.29,344.09,33.47,44.34,1483.95,0.75,Vertical Oblong,Blue,"(100, 53, 101)",3,VISIBLE,0.0,0.0
2,7,car,0.4735,475.19,340.84,532.66,395.84,503.92,368.34,57.47,55.0,3160.84,1.04,Spherical / Regular,Red,"(176, 82, 110)",7,VISIBLE,0.0,0.0
2,9,car,0.3279,1050.79,343.82,1107.35,392.18,1079.07,368.0,56.56,48.37,2735.67,1.17,Spherical / Regular,Blue,"(100, 54, 73)",9,VISIBLE,0.0,0.0
3,1,car,0.9433,484.49,301.97,832.86,577.02,658.67,439.49,348.37,275.05,95818.81,1.27,Horizontal Oblong,Blue,"(105, 88, 101)",1,VISIBLE,0.22,0.4
3,6,car,0.9191,1137.11,337.86,1268.53,412.92,1202.82,375.39,131.42,75.06,9863.85,1.75,Horizontal Oblong,Orange,"(18, 55, 100)",6,VISIBLE,-0.9,-0.2
3,2,car,0.8576,796.51,324.41,902.38,411.63,849.44,368.02,105.87,87.22,9233.38,1.21,Spherical / Regular,Blue,"(100, 59, 67)",2,VISIBLE,0.22,-0.3
3,5,car,0.7728,891.37,336.51,964.35,402.61,927.86,369.56,72.98,66.1,4824.25,1.1,Spherical / Regular,Blue,"(100, 46, 105)",5,VISIBLE,-0.3,-0.2
3,8,car,0.7645,987.21,337.07,1086.17,397.05,1036.69,367.06,98.96,59.99,5936.29,1.65,Horizontal Oblong,Blue,"(100, 55, 66)",8,VISIBLE,-0.82,-0.13
3,4,car,0.6112,950.92,317.8,1032.56,388.31,991.74,353.06,81.64,70.51,5756.75,1.16,Spherical / Regular,Blue,"(98, 61, 79)",4,VISIBLE,-0.14,0.57
3,3,car,0.5377,443.61,321.73,477.01,366.06,460.31,343.89,33.4,44.32,1480.2,0.75,Vertical Oblong,Blue,"(101, 51, 100)",3,VISIBLE,0.03,-0.19
3,7,car,0.4482,474.73,339.81,532.31,395.72,503.52,367.76,57.58,55.91,3219.3,1.03,Spherical / Regular,Red,"(176, 81, 110)",7,VISIBLE,-0.41,-0.57
3,9,car,0.3325,1046.65,343.42,1106.99,391.88,1076.82,367.65,60.33,48.46,2923.59,1.25,Horizontal Oblong,Blue,"(100, 55, 71)",9,VISIBLE,-2.25,-0.35
4,1,car,0.9458,483.8,301.43,833.85,578.33,658.83,439.88,350.05,276.9,96928.3,1.26,Horizontal Oblong,Blue,"(108, 88, 100)",1,VISIBLE,0.17,0.39
4,6,car,0.9147,1136.33,337.81,1267.5,412.63,1201.91,375.22,131.16,74.82,9814.1,1.75,Horizontal Oblong,Orange,"(18, 54, 101)",6,VISIBLE,-0.9,-0.18
4,2,car,0.8557,797.27,324.03,902.14,411.05,849.71,367.54,104.87,87.02,9126.13,1.21,Spherical / Regular,Blue,"(100, 59, 68)",2,VISIBLE,0.25,-0.43
4,5,car,0.7623,890.99,336.47,964.21,402.08,927.6,369.27,73.22,65.6,4803.4,1.12,Spherical / Regular,Blue,"(100, 47, 104)",5,VISIBLE,-0.27,-0.26
4,8,car,0.7693,986.63,337.11,1084.8,396.81,1035.71,366.96,98.17,59.7,5860.42,1.64,Horizontal Oblong,Blue,"(101, 55, 66)",8,VISIBLE,-0.93,-0.11
4,4,car,0.6391,950.78,317.91,1032.67,388.04,991.73,352.98,81.89,70.13,5743.55,1.17,Spherical / Regular,Blue,"(99, 63, 79)",4,VISIBLE,-0.05,0.12
4,3,car,0.5198,443.67,321.47,477.04,365.73,460.36,343.6,33.37,44.27,1477.3,0.75,Vertical Oblong,Blue,"(101, 49, 101)",3,VISIBLE,0.04,-0.26
4,7,car,0.4681,473.89,339.12,531.8,395.45,502.85,367.29,57.9,56.33,3261.46,1.03,Spherical / Regular,Red,"(176, 79, 110)",7,VISIBLE,-0.59,-0.51
4,9,car,0.4415,1053.41,344.2,1106.1,391.15,1079.75,367.68,52.69,46.94,2473.3,1.12,Spherical / Regular,Blue,"(100, 55, 72)",9,VISIBLE,1.38,-0.09
5,1,car,0.9431,482.92,300.94,835.01,579.51,658.97,440.22,352.09,278.57,98082.1,1.26,Horizontal Oblong,Blue,"(102, 88, 100)",1,VISIBLE,0.15,0.36
5,6,car,0.9074,1135.46,337.44,1266.46,412.29,1200.96,374.86,131.0,74.85,9805.47,1.75,Horizontal Oblong,Orange,"(22, 53, 99)",6,VISIBLE,-0.94,-0.3
5,2,car,0.8382,798.23,323.68,901.85,410.07,850.04,366.88,103.62,86.38,8951.16,1.2,Spherical / Regular,Blue,"(100, 60, 67)",2,VISIBLE,0.31,-0.59
5,5,car,0.728,890.37,336.29,964.11,401.3,927.24,368.8,73.74,65.01,4793.77,1.13,Spherical / Regular,Blue,"(100, 47, 104)",5,VISIBLE,-0.33,-0.41
5,8,car,0.7578,985.85,337.07,1083.88,396.44,1034.86,366.75,98.03,59.37,5819.49,1.65,Horizontal Oblong,Blue,"(100, 55, 60)",8,VISIBLE,-0.87,-0.18
5,4,car,0.6196,949.59,317.86,1032.67,387.08,991.13,352.47,83.08,69.22,5751.03,1.2,Spherical / Regular,Blue,"(98, 64, 77)",4,VISIBLE,-0.43,-0.32
5,3,car,0.5199,443.33,321.38,477.5,366.41,460.41,343.9,34.17,45.03,1538.81,0.76,Vertical Oblong,Blue,"(100, 52, 99)",3,VISIBLE,0.05,0.13
5,7,car,0.449,473.07,339.71,530.07,394.38,501.57,367.04,57.01,54.67,3116.52,1.04,Spherical / Regular,Red,"(176, 82, 107)",7,VISIBLE,-1.07,-0.32
5,9,car,0.4854,1057.8,344.79,1105.26,390.41,1081.53,367.6,47.46,45.62,2165.04,1.04,Spherical / Regular,Blue,"(100, 55, 76)",9,VISIBLE,1.66,-0.08
6,1,car,0.9438,482.18,300.35,836.14,580.47,659.16,440.41,353.96,280.11,99147.84,1.26,Horizontal Oblong,Blue,"(108, 89, 100)",1,VISIBLE,0.18,0.24
6,6,car,0.9006,1134.89,336.91,1265.65,411.67,1200.27,374.29,130.76,74.76,9776.13,1.75,Horizontal Oblong,Orange,"(19, 55, 102)",6,VISIBLE,-0.76,-0.49
6,2,car,0.85,798.97,323.03,901.71,409.36,850.34,366.19,102.74,86.33,8869.4,1.19,Spherical / Regular,Blue,"(100, 61, 67)",2,VISIBLE,0.3,-0.65
6,5,car,0.7157,888.67,335.58,964.12,400.44,926.39,368.01,75.45,64.87,4894.19,1.16,Spherical / Regular,Blue,"(100, 47, 104)",5,VISIBLE,-0.69,-0.67
6,8,car,0.752,984.92,336.76,1084.05,395.84,1034.48,366.3,99.13,59.08,5856.7,1.68,Horizontal Oblong,Blue,"(101, 55, 65)",8,VISIBLE,-0.53,-0.37
6,4,car,0.5946,948.46,317.7,1032.58,385.97,990.52,351.84,84.12,68.27,5743.35,1.23,Horizontal Oblong,Blue,"(98, 66, 78)",4,VISIBLE,-0.56,-0.54
6,3,car,0.5272,443.54,320.97,477.8,366.24,460.67,343.6,34.25,45.27,1550.7,0.76,Vertical Oblong,Blue,"(101, 53, 99)",3,VISIBLE,0.19,-0.16
6,7,car,0.5232,472.02,339.8,528.58,393.64,500.3,366.72,56.56,53.84,3045.46,1.05,Spherical / Regular,Red,"(176, 89, 111)",7,VISIBLE,-1.21,-0.32
6,9,car,0.5063,1060.47,344.87,1104.47,389.63,1082.47,367.25,44.0,44.77,1969.56,0.98,Spherical / Regular,Blue,"(100, 55, 77)",9,VISIBLE,1.15,-0.27
7,1,car,0.9455,481.38,299.88,837.34,581.21,659.36,440.55,355.96,281.33,100143.88,1.27,Horizontal Oblong,Blue,"(105, 88, 100)",1,VISIBLE,0.19,0.17
7,6,car,0.8944,1133.75,336.25,1264.47,410.74,1199.11,373.5,130.72,74.49,9737.81,1.75,Horizontal Oblong,Orange,"(21, 55, 99)",6,VISIBLE,-1.04,-0.7
7,2,car,0.8579,799.18,322.28,901.49,408.66,850.34,365.47,102.31,86.37,8836.99,1.18,Spherical / Regular,Blue,"(100, 61, 68)",2,VISIBLE,0.09,-0.7
7,5,car,0.7282,887.22,334.71,963.99,399.63,925.6,367.17,76.77,64.91,4982.93,1.18,Spherical / Regular,Blue,"(100, 47, 105)",5,VISIBLE,-0.76,-0.79
7,8,car,0.7617,985.4,336.5,1084.76,394.98,1035.08,365.74,99.36,58.48,5810.81,1.7,Horizontal Oblong,Blue,"(101, 57, 61)",8,VISIBLE,0.26,-0.5
7,4,car,0.6258,948.03,316.87,1031.42,384.34,989.73,350.61,83.39,67.46,5625.59,1.24,Horizontal Oblong,Blue,"(98, 67, 79)",4,VISIBLE,-0.72,-1.02
7,3,car,0.5029,444.43,320.58,477.87,365.24,461.15,342.91,33.44,44.66,1493.35,0.75,Vertical Oblong,Blue,"(100, 54, 100)",3,VISIBLE,0.39,-0.54
7,7,car,0.5648,471.09,339.31,527.64,392.94,499.36,366.12,56.55,53.63,3033.08,1.05,Spherical / Regular,Red,"(177, 89, 107)",7,VISIBLE,-1.02,-0.51
7,9,car,0.5096,1062.19,344.57,1103.71,388.83,1082.95,366.7,41.53,44.27,1838.19,0.94,Spherical / Regular,Blue,"(100, 57, 79)",9,VISIBLE,0.68,-0.47
8,1,car,0.9468,480.46,299.38,838.61,581.87,659.54,440.62,358.15,282.49,101173.29,1.27,Horizontal Oblong,Blue,"(111, 89, 100)",1,VISIBLE,0.18,0.11
8,6,car,0.8885,1132.54,335.67,1263.04,409.82,1197.79,372.75,130.5,74.15,9677.04,1.76,Horizontal Oblong,Orange,"(20, 54, 99)",6,VISIBLE,-1.24,-0.74
8,2,car,0.8605,798.37,321.57,901.46,408.11,849.92,364.84,103.09,86.54,8921.1,1.19,Spherical / Regular,Blue,"(100, 61, 69)",2,VISIBLE,-0.27,-0.65
8,5,car,0.7381,886.43,334.1,963.81,398.95,925.12,366.52,77.38,64.84,5017.39,1.19,Spherical / Regular,Blue,"(100, 46, 83)",5,VISIBLE,-0.57,-0.69
8,8,car,0.7826,985.98,336.16,1091.25,394.17,1038.61,365.17,105.28,58.01,6107.17,1.81,Horizontal Oblong,Blue,"(101, 56, 68)",8,VISIBLE,2.55,-0.55
8,4,car,0.6507,948.23,316.33,1030.67,383.26,989.45,349.8,82.44,66.92,5517.31,1.23,Horizontal Oblong,Blue,"(99, 67, 78)",4,VISIBLE,-0.41,-0.87
8,3,car,0.5277,445.29,320.3,477.93,364.2,461.61,342.25,32.64,43.9,1432.73,0.74,Vertical Oblong,Blue,"(100, 52, 101)",3,VISIBLE,0.44,-0.62
8,7,car,0.5689,470.27,338.85,526.81,392.45,498.54,365.65,56.54,53.59,3030.13,1.06,Spherical / Regular,Red,"(176, 83, 107)",7,VISIBLE,-0.88,-0.49
8,9,car,0.3049,1063.05,344.2,1103.04,388.36,1083.05,366.28,40.0,44.15,1766.09,0.91,Spherical / Regular,Blue,"(100, 61, 80)",9,VISIBLE,0.27,-0.43
9,1,car,0.9456,479.5,298.88,839.65,582.38,659.58,440.63,360.15,283.5,102102.98,1.27,Horizontal Oblong,Blue,"(104, 89, 99)",1,VISIBLE,0.08,0.04
9,6,car,0.8939,1131.42,335.35,1262.08,409.14,1196.75,372.25,130.67,73.8,9642.65,1.77,Horizontal Oblong,Orange,"(24, 54, 98)",6,VISIBLE,-1.1,-0.57
9,2,car,0.864,797.73,321.04,901.18,407.64,849.46,364.34,103.45,86.61,8959.34,1.19,Spherical / Regular,Blue,"(100, 59, 69)",2,VISIBLE,-0.4,-0.55
9,5,car,0.7633,885.63,333.77,963.5,398.36,924.56,366.06,77.88,64.6,5030.53,1.21,Spherical / Regular,Blue,"(100, 48, 82)",5,VISIBLE,-0.56,-0.53
9,8,car,0.7917,986.68,335.88,1095.86,393.51,1041.27,364.7,109.18,57.64,6292.74,1.89,Horizontal Oblong,Blue,"(100, 56, 69)",8,VISIBLE,2.62,-0.5
9,4,car,0.6513,948.71,315.93,1030.23,382.51,989.47,349.22,81.53,66.58,5427.72,1.22,Spherical / Regular,Blue,"(98, 65, 77)",4,VISIBLE,-0.11,-0.66
9,3,car,0.4914,446.18,320.03,478.03,362.72,462.1,341.37,31.85,42.69,1359.51,0.75,Vertical Oblong,Blue,"(100, 55, 101)",3,VISIBLE,0.48,-0.8
9,7,car,0.5551,469.34,337.97,526.8,392.62,498.07,365.29,57.46,54.65,3140.63,1.05,Spherical / Regular,Red,"(176, 86, 108)",7,VISIBLE,-0.59,-0.39
9,9,car,0.1857,1063.71,343.89,1102.33,388.04,1083.02,365.96,38.62,44.15,1704.92,0.87,Spherical / Regular,Blue,"(100, 56, 79)",9,VISIBLE,0.06,-0.35
10,1,car,0.9451,478.6,298.4,840.44,583.03,659.52,440.72,361.85,284.63,102990.33,1.27,Horizontal Oblong,Blue,"(113, 89, 99)",1,VISIBLE,-0.01,0.07
10,6,car,0.8944,1130.17,334.96,1261.36,408.69,1195.76,371.83,131.19,73.72,9671.65,1.78,Horizontal Oblong,Orange,"(21, 53, 98)",6,VISIBLE,-1.02,-0.47
10,2,car,0.8736,796.47,320.66,900.9,407.37,848.69,364.01,104.43,86.71,9056.02,1.2,Spherical / Regular,Blue,"(100, 60, 71)",2,VISIBLE,-0.66,-0.39
10,5,car,0.7745,885.07,333.73,963.26,397.9,924.16,365.81,78.19,64.18,5018.16,1.22,Spherical / Regular,Blue,"(100, 48, 82)",5,VISIBLE,-0.45,-0.33
10,8,car,0.8039,986.67,335.62,1098.95,392.95,1042.81,364.29,112.27,57.32,6435.66,1.96,Horizontal Oblong,Blue,"(100, 56, 71)",8,VISIBLE,1.87,-0.44
10,4,car,0.6475,948.79,315.54,1030.82,382.42,989.8,348.98,82.03,66.88,5486.24,1.23,Horizontal Oblong,Blue,"(98, 66, 78)",4,VISIBLE,0.2,-0.37
10,3,car,0.4988,446.68,319.34,478.19,361.71,462.44,340.53,31.52,42.37,1335.34,0.74,Vertical Oblong,Blue,"(100, 54, 101)",3,VISIBLE,0.37,-0.83
10,7,car,0.5469,468.89,337.83,525.69,393.11,497.29,365.47,56.8,55.28,3139.95,1.03,Spherical / Regular,Red,"(176, 84, 109)",7,VISIBLE,-0.72,0.0
10,9,car,0.1857,1065.27,343.78,1101.65,387.52,1083.46,365.65,36.39,43.74,1591.45,0.83,Spherical / Regular,Blue,"(100, 55, 81)",9,VISIBLE,0.33,-0.33
11,1,car,0.9422,477.74,297.87,841.08,583.76,659.41,440.82,363.34,285.89,103875.73,1.27,Horizontal Oblong,Blue,"(106, 89, 100)",1,VISIBLE,-0.08,0.09
11,6,car,0.8926,1128.71,334.65,1260.5,408.33,1194.6,371.49,131.79,73.68,9709.88,1.79,Horizontal Oblong,Orange,"(24, 54, 98)",6,VISIBLE,-1.12,-0.37
11,2,car,0.8707,795.84,320.47,900.65,407.15,848.25,363.81,104.8,86.67,9083.64,1.21,Spherical / Regular,Blue,"(100, 61, 71)",2,VISIBLE,-0.51,-0.26
11,5,car,0.7768,884.63,333.67,962.69,397.42,923.66,365.55,78.06,63.74,4975.75,1.22,Spherical / Regular,Blue,"(101, 50, 102)",5,VISIBLE,-0.49,-0.29
11,8,car,0.8109,986.33,335.46,1100.75,392.29,1043.54,363.88,114.42,56.82,6501.38,2.01,Horizontal Oblong,Blue,"(101, 56, 72)",8,VISIBLE,1.07,-0.42
11,4,car,0.7061,948.42,315.02,1031.34,382.09,989.88,348.56,82.92,67.07,5561.84,1.24,Horizontal Oblong,Blue,"(98, 68, 77)",4,VISIBLE,0.11,-0.41
11,3,car,0.4823,446.89,318.54,478.21,361.14,462.55,339.84,31.32,42.6,1334.2,0.74,Vertical Oblong,Blue,"(100, 57, 100)",3,VISIBLE,0.19,-0.73
11,7,car,0.5394,468.68,337.83,523.62,393.91,496.15,365.87,54.93,56.08,3081.01,0.98,Spherical / Regular,Red,"(176, 86, 105)",7,VISIBLE,-1.02,0.28
11,9,car,0.1857,1066.82,343.68,1100.97,387.0,1083.9,365.34,34.15,43.33,1479.81,0.79,Vertical Oblong,Blue,"(100, 50, 79)",9,VISIBLE,0.4,-0.31
12,1,car,0.9414,476.02,297.44,841.64,584.43,658.83,440.94,365.62,286.99,104929.01,1.27,Horizontal Oblong,Blue,"(120, 89, 100)",1,VISIBLE,-0.43,0.11
12,6,car,0.8876,1127.36,334.4,1259.41,408.08,1193.38,371.24,132.05,73.68,9729.83,1.79,Horizontal Oblong,Orange,"(21, 55, 99)",6,VISIBLE,-1.19,-0.29
12,2,car,0.8257,795.16,320.48,900.17,406.91,847.66,363.69,105.01,86.43,9076.27,1.21,Spherical / Regular,Blue,"(100, 61, 71)",2,VISIBLE,-0.56,-0.16
12,5,car,0.749,884.47,333.18,961.85,396.97,923.16,365.08,77.38,63.79,4935.48,1.21,Spherical / Regular,Blue,"(100, 49, 105)",5,VISIBLE,-0.5,-0.42
12,8,car,0.7982,985.91,335.44,1101.24,391.69,1043.57,363.57,115.33,56.24,6486.8,2.05,Horizontal Oblong,Blue,"(101, 56, 73)",8,VISIBLE,0.35,-0.34
12,4,car,0.7326,947.79,314.54,1031.16,382.17,989.47,348.36,83.38,67.64,5639.24,1.23,Horizontal Oblong,Blue,"(98, 66, 79)",4,VISIBLE,-0.25,-0.26
12,3,car,0.4771,447.02,317.89,478.19,361.11,462.61,339.5,31.17,43.22,1346.97,0.72,Vertical Oblong,Blue,"(101, 58, 100)",3,VISIBLE,0.1,-0.46
12,7,car,0.5372,468.18,337.86,522.0,394.42,495.09,366.14,53.82,56.56,3044.08,0.95,Spherical / Regular,Red,"(176, 86, 106)",7,VISIBLE,-1.05,0.27
12,9,car,0.2085,1064.37,341.96,1100.48,387.48,1082.42,364.72,36.1,45.52,1643.49,0.79,Vertical Oblong,Blue,"(100, 53, 83)",9,VISIBLE,-0.91,-0.53
13,1,car,0.9405,474.22,297.13,842.3,586.07,658.26,441.6,368.08,288.95,106355.96,1.27,Horizontal Oblong,Blue,"(105, 89, 99)",1,VISIBLE,-0.53,0.5
13,6,car,0.8761,1125.64,334.32,1257.37,408.2,1191.51,371.26,131.72,73.88,9731.28,1.78,Horizontal Oblong,Orange,"(22, 55, 97)",6,VISIBLE,-1.67,-0.07
13,2,car,0.7661,794.3,320.82,899.6,406.55,846.95,363.69,105.3,85.73,9027.91,1.23,Horizontal Oblong,Blue,"(100, 62, 72)",2,VISIBLE,-0.67,-0.05
13,5,car,0.6541,884.04,331.72,961.32,396.49,922.68,364.1,77.27,64.77,5005.21,1.19,Spherical / Regular,Blue,"(100, 48, 91)",5,VISIBLE,-0.48,-0.8
13,8,car,0.7792,985.29,335.53,1102.18,391.26,1043.74,363.39,116.89,55.73,6514.54,2.1,Horizontal Oblong,Blue,"(100, 57, 75)",8,VISIBLE,0.22,-0.22
13,4,car,0.7303,946.92,314.68,1029.76,381.61,988.34,348.14,82.85,66.93,5544.57,1.24,Horizontal Oblong,Blue,"(98, 65, 79)",4,VISIBLE,-0.87,-0.23
13,3,car,0.4051,445.8,317.39,477.86,359.26,461.83,338.33,32.06,41.88,1342.36,0.77,Vertical Oblong,Blue,"(101, 59, 101)",3,VISIBLE,-0.51,-0.96
13,7,car,0.5344,466.93,338.11,520.27,394.58,493.6,366.35,53.34,56.47,3011.96,0.94,Spherical / Regular,Red,"(176, 84, 103)",7,VISIBLE,-1.36,0.23
13,9,car,0.2085,1064.87,341.42,1099.84,387.22,1082.36,364.32,34.98,45.8,1601.91,0.76,Vertical Oblong,Blue,"(95, 52, 82)",9,VISIBLE,-0.32,-0.44
14,1,car,0.9371,472.34,297.0,843.09,587.75,657.71,442.37,370.75,290.76,107796.72,1.28,Horizontal Oblong,Purple,"(158, 89, 100)",1,VISIBLE,-0.54,0.69
14,6,car,0.8781,1124.03,334.43,1255.54,408.34,1189.79,371.38,131.52,73.91,9720.59,1.78,Horizontal Oblong,Orange,"(21, 54, 100)",6,VISIBLE,-1.71,0.07
14,2,car,0.7616,794.74,321.2,898.78,406.4,846.76,363.8,104.04,85.2,8864.43,1.22,Spherical / Regular,Blue,"(100, 62, 72)",2,VISIBLE,-0.33,0.06
14,5,car,0.6549,883.58,330.92,960.49,395.93,922.03,363.42,76.91,65.02,5000.43,1.18,Spherical / Regular,Blue,"(100, 49, 102)",5,VISIBLE,-0.6,-0.72
14,8,car,0.7859,984.46,335.55,1102.45,391.07,1043.45,363.31,117.99,55.52,6551.06,2.12,Horizontal Oblong,Blue,"(100, 56, 77)",8,VISIBLE,-0.13,-0.13
14,4,car,0.7158,945.31,314.91,1028.77,381.39,987.04,348.15,83.46,66.48,5548.71,1.26,Horizontal Oblong,Blue,"(98, 65, 79)",4,VISIBLE,-1.17,-0.06
14,3,car,0.4115,444.98,317.09,477.59,357.91,461.28,337.5,32.61,40.82,1331.24,0.8,Vertical Oblong,Blue,"(101, 57, 102)",3,VISIBLE,-0.54,-0.87
14,7,car,0.5702,465.59,338.0,519.58,394.91,492.59,366.46,53.98,56.91,3072.11,0.95,Spherical / Regular,Red,"(177, 85, 107)",7,VISIBLE,-1.12,0.14
14,9,car,0.2085,1065.36,340.89,1099.21,386.97,1082.29,363.93,33.85,46.08,1559.71,0.73,Vertical Oblong,Blue,"(93, 49, 88)",9,VISIBLE,-0.15,-0.4
15,1,car,0.9383,470.74,296.86,844.07,589.0,657.41,442.93,373.34,292.13,109064.41,1.28,Horizontal Oblong,Blue,"(108, 88, 100)",1,VISIBLE,-0.38,0.6
15,6,car,0.8748,1122.62,334.51,1253.83,408.56,1188.22,371.54,131.21,74.05,9715.59,1.77,Horizontal Oblong,Yellow,"(26, 54, 101)",6,VISIBLE,-1.6,0.12
15,2,car,0.8518,796.02,321.2,898.56,406.52,847.29,363.86,102.54,85.32,8748.5,1.2,Spherical / Regular,Blue,"(100, 62, 71)",2,VISIBLE,0.27,0.06
15,5,car,0.7468,883.21,331.73,959.55,396.3,921.38,364.02,76.34,64.56,4928.5,1.18,Spherical / Regular,Blue,"(100, 48, 87)",5,VISIBLE,-0.64,0.2
15,8,car,0.8132,983.18,335.78,1101.81,390.95,1042.5,363.37,118.64,55.17,6544.72,2.15,Horizontal Oblong,Blue,"(101, 56, 77)",8,VISIBLE,-0.71,0.0
15,4,car,0.7019,944.26,314.59,1028.27,382.09,986.27,348.34,84.01,67.5,5670.48,1.24,Horizontal Oblong,Blue,"(99, 64, 79)",4,VISIBLE,-0.89,0.11
15,3,car,0.4191,444.48,316.96,477.33,356.77,460.9,336.86,32.86,39.81,1308.1,0.83,Spherical / Regular,Blue,"(101, 58, 102)",3,VISIBLE,-0.43,-0.7
15,7,car,0.6063,464.38,337.73,518.91,394.83,491.64,366.28,54.53,57.1,3113.81,0.96,Spherical / Regular,Red,"(176, 87, 105)",7,VISIBLE,-0.99,-0.08
15,9,car,0.2085,1065.86,340.36,1098.58,386.71,1082.22,363.53,32.72,46.36,1516.89,0.71,Vertical Oblong,Blue,"(95, 49, 84)",9,VISIBLE,-0.09,-0.4
16,1,car,0.9398,469.39,296.73,844.9,590.4,657.14,443.56,375.51,293.67,110274.0,1.28,Horizontal Oblong,Blue,"(115, 89, 100)",1,VISIBLE,-0.3,0.62
16,6,car,0.8788,1121.32,334.61,1252.01,408.84,1186.66,371.72,130.69,74.23,9701.0,1.76,Horizontal Oblong,Orange,"(21, 54, 102)",6,VISIBLE,-1.57,0.17
16,2,car,0.8848,798.29,321.21,897.97,406.63,848.13,363.92,99.69,85.42,8515.55,1.17,Spherical / Regular,Blue,"(100, 64, 72)",2,VISIBLE,0.67,0.06
16,5,car,0.7451,883.1,332.62,958.74,396.61,920.92,364.62,75.65,63.98,4839.92,1.18,Spherical / Regular,Blue,"(100, 49, 82)",5,VISIBLE,-0.51,0.48
16,8,car,0.803,981.39,336.05,1101.04,390.93,1041.22,363.49,119.64,54.88,6565.91,2.18,Horizontal Oblong,Blue,"(100, 56, 77)",8,VISIBLE,-1.11,0.09
16,4,car,0.6909,943.4,314.46,1027.85,382.48,985.62,348.47,84.45,68.03,5744.5,1.24,Horizontal Oblong,Blue,"(99, 64, 78)",4,VISIBLE,-0.72,0.13
16,3,car,0.4418,444.16,316.99,477.16,356.12,460.66,336.55,33.0,39.13,1291.41,0.84,Spherical / Regular,Blue,"(101, 57, 102)",3,VISIBLE,-0.3,-0.43
16,7,car,0.5967,463.4,337.52,518.34,394.91,490.87,366.22,54.94,57.38,3152.57,0.96,Spherical / Regular,Red,"(176, 84, 106)",7,VISIBLE,-0.84,-0.07
16,9,car,0.2085,1066.36,339.82,1097.95,386.46,1082.15,363.14,31.6,46.63,1473.43,0.68,Vertical Oblong,Blue,"(93, 48, 84)",9,VISIBLE,-0.07,-0.4
17,1,car,0.937,468.46,296.54,845.58,591.61,657.02,444.07,377.11,295.07,111275.06,1.28,Horizontal Oblong,Blue,"(104, 89, 100)",1,VISIBLE,-0.18,0.54
17,6,car,0.8858,1120.3,334.46,1249.88,408.9,1185.09,371.68,129.57,74.43,9644.36,1.74,Horizontal Oblong,Yellow,"(34, 54, 102)",6,VISIBLE,-1.57,0.02
17,2,car,0.8883,800.25,321.24,896.98,406.6,848.61,363.92,96.73,85.36,8257.17,1.13,Spherical / Regular,Blue,"(100, 63, 71)",2,VISIBLE,0.54,0.02
17,5,car,0.7327,883.04,333.23,958.04,396.58,920.54,364.91,75.0,63.35,4751.17,1.18,Spherical / Regular,Blue,"(100, 54, 82)",5,VISIBLE,-0.42,0.35
17,8,car,0.7966,980.24,336.24,1100.21,390.97,1040.23,363.6,119.97,54.72,6565.31,2.19,Horizontal Oblong,Blue,"(100, 56, 75)",8,VISIBLE,-1.03,0.11
17,4,car,0.7225,943.15,314.38,1027.24,382.43,985.2,348.41,84.09,68.06,5722.87,1.24,Horizontal Oblong,Blue,"(98, 65, 77)",4,VISIBLE,-0.52,-0.01
17,3,car,0.4145,443.82,316.93,477.11,355.71,460.47,336.32,33.29,38.78,1291.05,0.86,Spherical / Regular,Blue,"(100, 56, 103)",3,VISIBLE,-0.23,-0.29
17,7,car,0.5751,462.64,337.51,517.53,394.54,490.08,366.03,54.89,57.03,3130.65,0.96,Spherical / Regular,Red,"(176, 85, 105)",7,VISIBLE,-0.8,-0.15
17,9,car,0.2085,1066.85,339.29,1097.32,386.2,1082.09,362.75,30.47,46.91,1429.35,0.65,Vertical Oblong,Green,"(81, 51, 84)",9,VISIBLE,-0.07,-0.4
18,1,car,0.9367,467.44,296.31,846.37,593.07,656.9,444.69,378.93,296.76,112449.08,1.28,Horizontal Oblong,Purple,"(133, 90, 100)",1,VISIBLE,-0.13,0.59
18,6,car,0.8907,1119.64,334.21,1248.1,408.57,1183.87,371.39,128.46,74.35,9551.8,1.73,Horizontal Oblong,Yellow,"(34, 53, 104)",6,VISIBLE,-1.33,-0.2
18,2,car,0.8788,801.33,321.19,896.0,406.35,848.67,363.77,94.67,85.16,8061.66,1.11,Spherical / Regular,Blue,"(101, 65, 72)",2,VISIBLE,0.2,-0.1
18,5,car,0.7481,883.14,333.58,957.69,396.43,920.42,365.0,74.56,62.85,4685.89,1.19,Spherical / Regular,Blue,"(104, 50, 68)",5,VISIBLE,-0.21,0.17
18,8,car,0.8139,979.11,336.3,1099.42,390.95,1039.27,363.62,120.31,54.65,6574.35,2.2,Horizontal Oblong,Blue,"(102, 57, 75)",8,VISIBLE,-0.98,0.05
18,4,car,0.7043,943.27,314.22,1026.61,382.16,984.94,348.19,83.34,67.94,5662.02,1.23,Horizontal Oblong,Blue,"(99, 66, 78)",4,VISIBLE,-0.33,-0.15
18,3,car,0.3887,443.61,316.79,477.06,355.21,460.33,336.0,33.45,38.42,1284.95,0.87,Spherical / Regular,Blue,"(101, 56, 102)",3,VISIBLE,-0.16,-0.31
18,7,car,0.5917,461.9,337.24,516.9,394.57,489.4,365.9,55.0,57.33,3152.96,0.96,Spherical / Regular,Red,"(176, 85, 105)",7,VISIBLE,-0.72,-0.13
18,9,car,0.2085,1067.35,338.76,1096.69,385.95,1082.02,362.35,29.34,47.19,1384.64,0.62,Vertical Oblong,Green,"(81, 49, 86)",9,VISIBLE,-0.07,-0.39
19,1,car,0.9369,466.32,295.97,846.94,594.44,656.63,445.21,380.62,298.47,113604.16,1.28,Horizontal Oblong,Blue,"(108, 89, 100)",1,VISIBLE,-0.23,0.54
19,6,car,0.8915,1118.73,334.16,1246.7,407.87,1182.72,371.02,127.97,73.72,9433.69,1.74,Horizontal Oblong,Blue,"(91, 51, 104)",6,VISIBLE,-1.21,-0.32
19,2,car,0.8664,802.31,321.07,894.79,405.97,848.55,363.52,92.49,84.9,7852.09,1.09,Spherical / Regular,Blue,"(101, 64, 72)",2,VISIBLE,-0.02,-0.2
19,5,car,0.759,883.28,333.63,956.93,396.26,920.11,364.94,73.65,62.63,4612.82,1.18,Spherical / Regular,Blue,"(103, 51, 75)",5,VISIBLE,-0.28,0.01
19,8,car,0.8202,977.66,336.13,1098.64,390.88,1038.15,363.5,120.98,54.74,6622.94,2.21,Horizontal Oblong,Blue,"(101, 57, 75)",8,VISIBLE,-1.07,-0.07
19,4,car,0.6897,942.94,313.89,1025.44,381.69,984.19,347.79,82.5,67.8,5593.78,1.22,Spherical / Regular,Blue,"(98, 65, 79)",4,VISIBLE,-0.62,-0.33
19,3,car,0.3698,443.73,316.21,476.86,354.67,460.3,335.44,33.13,38.45,1274.05,0.86,Spherical / Regular,Blue,"(103, 56, 105)",3,VISIBLE,-0.08,-0.49
19,7,car,0.4834,460.97,336.71,516.55,395.1,488.76,365.9,55.58,58.39,3245.1,0.95,Spherical / Regular,Red,"(176, 83, 106)",7,VISIBLE,-0.66,-0.04
19,9,car,0.2085,1067.85,338.22,1096.06,385.69,1081.95,361.96,28.21,47.47,1339.3,0.59,Vertical Oblong,Orange,"(20, 52, 86)",9,VISIBLE,-0.07,-0.4
20,1,car,0.9352,465.12,295.5,847.48,595.62,656.3,445.56,382.36,300.12,114752.53,1.27,Horizontal Oblong,Blue,"(108, 89, 100)",1,VISIBLE,-0.3,0.41
20,6,car,0.8882,1117.93,334.02,1245.58,407.08,1181.76,370.55,127.65,73.06,9326.03,1.75,Horizontal Oblong,Green,"(84, 51, 103)",6,VISIBLE,-1.03,-0.42
20,2,car,0.8484,802.09,320.87,893.4,405.37,847.74,363.12,91.32,84.49,7716.01,1.08,Spherical / Regular,Blue,"(101, 64, 73)",2,VISIBLE,-0.57,-0.34
20,5,car,0.7708,883.44,333.31,955.96,395.87,919.7,364.59,72.52,62.57,4537.33,1.16,Spherical / Regular,Blue,"(100, 50, 74)",5,VISIBLE,-0.37,-0.25
20,8,car,0.7983,976.32,335.8,1097.8,390.82,1037.06,363.31,121.48,55.02,6683.38,2.21,Horizontal Oblong,Blue,"(102, 56, 73)",8,VISIBLE,-1.09,-0.16
20,4,car,0.6207,942.07,313.33,1024.33,381.19,983.2,347.26,82.26,67.86,5582.54,1.21,Spherical / Regular,Blue,"(99, 63, 79)",4,VISIBLE,-0.88,-0.47
20,3,car,0.3749,443.68,315.52,476.67,354.44,460.18,334.98,33.0,38.92,1284.31,0.85,Spherical / Regular,Blue,"(102, 56, 103)",3,VISIBLE,-0.11,-0.47
20,7,car,0.3904,459.67,336.3,516.05,396.03,487.86,366.16,56.38,59.73,3367.32,0.94,Spherical / Regular,Red,"(176, 82, 106)",7,VISIBLE,-0.83,0.17
20,9,car,0.2085,1068.34,337.69,1095.43,385.44,1081.88,361.56,27.09,47.75,1293.34,0.57,Vertical Oblong,Green,"(81, 51, 83)",9,VISIBLE,-0.07,-0.39
21,1,car,0.9353,463.92,294.83,847.96,596.39,655.94,445.61,384.03,301.55,115807.02,1.27,Horizontal Oblong,Blue,"(102, 89, 100)",1,VISIBLE,-0.34,0.16
21,6,car,0.8691,1116.81,333.55,1244.21,406.21,1180.51,369.88,127.4,72.66,9256.66,1.75,Horizontal Oblong,Green,"(81, 51, 101)",6,VISIBLE,-1.18,-0.6
21,2,car,0.8537,801.63,320.18,892.06,404.52,846.84,362.35,90.44,84.34,7627.14,1.07,Spherical / Regular,Blue,"(100, 64, 72)",2,VISIBLE,-0.8,-0.64
21,5,car,0.7633,883.05,332.35,955.08,394.96,919.06,363.65,72.03,62.61,4509.51,1.15,Spherical / Regular,Blue,"(100, 51, 59)",5,VISIBLE,-0.55,-0.73
21,8,car,0.7318,975.11,335.24,1096.86,390.36,1035.99,362.8,121.75,55.12,6710.68,2.21,Horizontal Oblong,Blue,"(101, 56, 69)",8,VISIBLE,-1.08,-0.4
21,4,car,0.6578,940.69,313.49,1023.38,380.12,982.04,346.8,82.69,66.63,5509.8,1.24,Horizontal Oblong,Blue,"(98, 66, 77)",4,VISIBLE,-1.08,-0.46
21,3,car,0.4197,443.51,314.52,476.65,354.25,460.08,334.38,33.14,39.73,1316.67,0.83,Spherical / Regular,Blue,"(101, 60, 103)",3,VISIBLE,-0.1,-0.56
21,7,car,0.3444,458.24,335.68,515.94,396.74,487.09,366.21,57.71,61.06,3523.9,0.95,Spherical / Regular,Red,"(175, 80, 108)",7,VISIBLE,-0.79,0.08
21,9,car,0.1542,1060.56,337.0,1095.15,385.17,1077.85,361.09,34.59,48.18,1666.45,0.72,Vertical Oblong,Green,"(81, 52, 83)",9,VISIBLE,-2.84,-0.45
22,1,car,0.938,462.68,294.07,848.53,596.98,655.6,445.52,385.85,302.91,116877.29,1.27,Horizontal Oblong,Blue,"(106, 90, 99)",1,VISIBLE,-0.34,-0.01
22,6,car,0.8652,1115.96,332.85,1242.9,405.36,1179.43,369.11,126.94,72.5,9203.45,1.75,Horizontal Oblong,Green,"(81, 50, 102)",6,VISIBLE,-1.11,-0.72
22,2,car,0.8429,801.33,319.48,890.77,403.48,846.05,361.48,89.44,84.01,7513.29,1.06,Spherical / Regular,Blue,"(101, 64, 74)",2,VISIBLE,-0.8,-0.8
22,5,car,0.7531,882.75,331.44,955.7,394.89,919.23,363.17,72.94,63.45,4628.17,1.15,Spherical / Regular,Blue,"(100, 51, 63)",5,VISIBLE,-0.05,-0.56
22,8,car,0.7408,974.21,334.38,1096.08,389.47,1035.15,361.92,121.86,55.09,6713.4,2.21,Horizontal Oblong,Blue,"(101, 57, 69)",8,VISIBLE,-0.91,-0.73
22,4,car,0.6424,940.19,312.65,1023.05,379.82,981.62,346.23,82.86,67.18,5566.4,1.23,Horizontal Oblong,Blue,"(98, 62, 76)",4,VISIBLE,-0.61,-0.54
22,3,car,0.4732,443.3,313.74,476.67,354.25,459.98,334.0,33.37,40.51,1351.63,0.82,Spherical / Regular,Blue,"(103, 59, 104)",3,VISIBLE,-0.1,-0.44
22,7,car,0.4256,456.93,335.75,515.36,396.45,486.15,366.1,58.43,60.7,3546.86,0.96,Spherical / Regular,Red,"(176, 78, 106)",7,VISIBLE,-0.9,-0.05
22,9,car,0.1542,1058.87,336.42,1094.61,384.92,1076.74,360.67,35.74,48.49,1733.29,0.74,Vertical Oblong,Blue,"(94, 55, 84)",9,VISIBLE,-1.63,-0.43
23,1,car,0.9365,461.66,293.51,849.2,597.39,655.43,445.45,387.54,303.88,117764.43,1.28,Horizontal Oblong,Blue,"(105, 89, 100)",1,VISIBLE,-0.22,-0.06
23,6,car,0.8546,1115.19,331.99,1241.77,404.35,1178.48,368.17,126.58,72.36,9159.19,1.75,Horizontal Oblong,Green,"(81, 51, 103)",6,VISIBLE,-1.0,-0.87
23,2,car,0.8282,801.58,318.92,889.34,402.36,845.46,360.64,87.76,83.43,7322.18,1.05,Spherical / Regular,Blue,"(100, 64, 74)",2,VISIBLE,-0.65,-0.83
23,5,car,0.7288,882.27,330.3,956.13,394.58,919.2,362.44,73.86,64.28,4747.46,1.15,Spherical / Regular,Blue,"(100, 49, 64)",5,VISIBLE,-0.03,-0.68
23,8,car,0.7581,973.14,333.56,1095.24,388.52,1034.19,361.04,122.1,54.97,6711.23,2.22,Horizontal Oblong,Blue,"(100, 56, 75)",8,VISIBLE,-0.94,-0.84
23,4,car,0.6058,938.78,311.87,1022.84,379.6,980.81,345.74,84.07,67.73,5693.8,1.24,Horizontal Oblong,Blue,"(98, 61, 79)",4,VISIBLE,-0.75,-0.51
23,3,car,0.5308,443.18,313.08,476.79,354.34,459.99,333.71,33.61,41.26,1386.82,0.81,Vertical Oblong,Blue,"(102, 58, 103)",3,VISIBLE,-0.03,-0.33
23,7,car,0.5431,455.69,335.49,514.86,396.38,485.27,365.93,59.17,60.89,3602.85,0.97,Spherical / Regular,Red,"(175, 79, 108)",7,VISIBLE,-0.88,-0.13
23,10,car,0.1631,94.62,322.82,123.04,351.72,108.83,337.27,28.41,28.91,821.24,0.98,Spherical / Regular,Orange,"(15, 52, 103)",10,VISIBLE,0.0,0.0
24,1,car,0.9392,460.81,293.12,849.97,597.59,655.39,445.35,389.16,304.46,118485.82,1.28,Horizontal Oblong,Blue,"(106, 90, 99)",1,VISIBLE,-0.1,-0.08
24,6,car,0.8467,1114.69,331.16,1240.37,403.49,1177.53,367.33,125.69,72.33,9091.49,1.74,Horizontal Oblong,Green,"(44, 50, 101)",6,VISIBLE,-0.96,-0.85
24,2,car,0.7705,801.27,318.57,888.2,401.44,844.74,360.01,86.92,82.86,7202.55,1.05,Spherical / Regular,Blue,"(101, 64, 74)",2,VISIBLE,-0.7,-0.69
24,5,car,0.6765,881.67,329.42,955.84,394.11,918.76,361.76,74.16,64.68,4797.24,1.15,Spherical / Regular,Blue,"(100, 49, 69)",5,VISIBLE,-0.32,-0.68
24,8,car,0.7432,972.6,332.9,1094.44,387.6,1033.52,360.25,121.84,54.69,6663.98,2.23,Horizontal Oblong,Blue,"(100, 55, 74)",8,VISIBLE,-0.75,-0.8
24,4,car,0.6305,937.56,311.23,1022.61,379.38,980.09,345.3,85.05,68.16,5796.84,1.25,Horizontal Oblong,Blue,"(99, 61, 77)",4,VISIBLE,-0.73,-0.45
24,3,car,0.5464,443.19,312.62,476.86,354.45,460.03,333.54,33.67,41.83,1408.11,0.8,Vertical Oblong,Blue,"(102, 59, 103)",3,VISIBLE,0.02,-0.22
24,7,car,0.514,454.25,335.57,514.03,396.53,484.14,366.05,59.78,60.96,3643.9,0.98,Spherical / Regular,Red,"(175, 78, 109)",7,VISIBLE,-1.06,0.04
24,10,car,0.1631,94.61,322.79,122.89,351.68,108.75,337.24,28.28,28.89,817.02,0.98,Spherical / Regular,Orange,"(18, 43, 102)",10,VISIBLE,-0.08,-0.04
25,1,car,0.9382,459.31,292.65,850.57,597.71,654.94,445.18,391.26,305.06,119359.16,1.28,Horizontal Oblong,Blue,"(102, 90, 99)",1,VISIBLE,-0.34,-0.15
25,6,car,0.8527,1114.06,330.37,1238.51,402.95,1176.29,366.66,124.45,72.58,9032.32,1.71,Horizontal Oblong,Green,"(84, 51, 99)",6,VISIBLE,-1.16,-0.72
25,2,car,0.6916,800.85,318.41,887.43,400.66,844.14,359.54,86.58,82.25,7121.44,1.05,Spherical / Regular,Blue,"(100, 66, 73)",2,VISIBLE,-0.63,-0.54
25,5,car,0.6251,881.0,328.88,954.74,393.69,917.87,361.29,73.74,64.82,4779.89,1.14,Spherical / Regular,Blue,"(100, 50, 62)",5,VISIBLE,-0.72,-0.54
25,8,car,0.7239,972.43,332.42,1093.77,386.87,1033.1,359.64,121.35,54.45,6606.97,2.23,Horizontal Oblong,Blue,"(100, 55, 74)",8,VISIBLE,-0.52,-0.66
25,4,car,0.5849,937.43,310.61,1022.31,379.17,979.87,344.89,84.88,68.57,5819.87,1.24,Horizontal Oblong,Blue,"(98, 62, 77)",4,VISIBLE,-0.37,-0.43
25,3,car,0.5692,443.07,312.4,477.0,354.28,460.04,333.34,33.92,41.89,1421.01,0.81,Vertical Oblong,Blue,"(101, 55, 102)",3,VISIBLE,0.01,-0.2
25,7,car,0.4139,452.55,335.62,513.79,396.9,483.17,366.26,61.24,61.28,3752.7,1.0,Spherical / Regular,Blue,"(103, 79, 108)",7,VISIBLE,-1.0,0.16
25,10,car,0.1631,94.6,322.77,122.75,351.64,108.67,337.21,28.15,28.88,812.8,0.97,Spherical / Regular,Orange,"(17, 48, 102)",10,VISIBLE,-0.08,-0.03
26,1,car,0.9408,457.78,292.23,851.19,597.9,654.49,445.06,393.4,305.67,120251.59,1.29,Horizontal Oblong,Blue,"(106, 89, 100)",1,VISIBLE,-0.42,-0.12
26,6,car,0.8725,1113.14,330.04,1237.67,402.59,1175.41,366.31,124.52,72.55,9033.91,1.72,Horizontal Oblong,Green,"(38, 51, 100)",6,VISIBLE,-0.96,-0.46
26,2,car,0.5859,800.5,318.29,886.94,399.93,843.72,359.11,86.45,81.64,7057.69,1.06,Spherical / Regular,Blue,"(101, 66, 73)",2,VISIBLE,-0.48,-0.46
26,5,car,0.5595,879.58,328.03,952.98,393.27,916.28,360.65,73.4,65.24,4788.3,1.13,Spherical / Regular,Blue,"(100, 51, 63)",5,VISIBLE,-1.33,-0.61
26,8,car,0.7161,972.89,332.05,1093.19,386.31,1033.04,359.18,120.3,54.26,6527.45,2.22,Horizontal Oblong,Blue,"(100, 55, 76)",8,VISIBLE,-0.2,-0.52
26,4,car,0.5673,937.8,310.16,1021.85,379.12,979.83,344.64,84.05,68.95,5795.23,1.22,Spherical / Regular,Blue,"(98, 60, 76)",4,VISIBLE,-0.14,-0.3
26,3,car,0.5697,442.93,312.17,477.13,354.09,460.03,333.13,34.2,41.92,1433.77,0.82,Spherical / Regular,Blue,"(102, 54, 103)",3,VISIBLE,0.0,-0.21
26,7,car,0.3683,450.62,335.86,513.52,397.19,482.07,366.53,62.9,61.33,3857.35,1.03,Spherical / Regular,Red,"(175, 75, 105)",7,VISIBLE,-1.07,0.23
26,10,car,0.1607,93.67,322.65,123.51,351.52,108.59,337.09,29.84,28.87,861.71,1.03,Spherical / Regular,Orange,"(17, 49, 102)",10,VISIBLE,-0.08,-0.09
27,1,car,0.9403,456.03,291.66,851.93,598.15,653.98,444.91,395.9,306.49,121339.99,1.29,Horizontal Oblong,Blue,"(108, 90, 100)",1,VISIBLE,-0.48,-0.15
27,6,car,0.8771,1112.38,329.82,1236.29,402.1,1174.33,365.96,123.91,72.29,8956.96,1.71,Horizontal Oblong,Orange,"(24, 53, 100)",6,VISIBLE,-1.04,-0.39
27,2,car,0.5737,800.21,318.11,886.64,399.36,843.42,358.74,86.43,81.25,7022.77,1.06,Spherical / Regular,Blue,"(102, 65, 74)",2,VISIBLE,-0.35,-0.4
27,5,car,0.5161,878.09,326.39,951.37,393.46,914.73,359.92,73.28,67.08,4914.95,1.09,Spherical / Regular,Blue,"(100, 53, 73)",5,VISIBLE,-1.48,-0.69
27,8,car,0.7182,973.14,331.8,1092.5,385.82,1032.82,358.81,119.37,54.02,6448.25,2.21,Horizontal Oblong,Blue,"(101, 55, 74)",8,VISIBLE,-0.21,-0.42
27,4,car,0.4811,938.03,310.29,1019.75,378.28,978.89,344.29,81.71,67.99,5555.73,1.2,Spherical / Regular,Blue,"(99, 60, 77)",4,VISIBLE,-0.7,-0.34
27,3,car,0.5748,442.62,311.92,477.2,354.03,459.91,332.97,34.58,42.11,1456.33,0.82,Spherical / Regular,Blue,"(101, 52, 102)",3,VISIBLE,-0.08,-0.17
27,7,car,0.3077,449.08,335.98,513.0,397.31,481.04,366.65,63.92,61.33,3920.51,1.04,Spherical / Regular,Red,"(174, 75, 106)",7,VISIBLE,-1.04,0.15
27,10,car,0.1556,93.01,322.6,124.74,351.38,108.87,336.99,31.73,28.78,913.46,1.1,Spherical / Regular,Orange,"(16, 49, 103)",10,VISIBLE,0.17,-0.09
28,1,car,0.9422,454.0,290.79,852.67,598.74,653.34,444.77,398.68,307.95,122771.43,1.29,Horizontal Oblong,Blue,"(115, 89, 100)",1,VISIBLE,-0.6,-0.14
28,6,car,0.8456,1111.88,329.29,1234.61,401.48,1173.24,365.39,122.73,72.19,8859.6,1.7,Horizontal Oblong,Orange,"(24, 51, 103)",6,VISIBLE,-1.07,-0.52
28,2,car,0.728,799.67,317.88,886.28,399.29,842.98,358.59,86.61,81.41,7050.67,1.06,Spherical / Regular,Blue,"(102, 66, 74)",2,VISIBLE,-0.42,-0.23
28,5,car,0.6337,876.82,326.8,950.04,392.83,913.43,359.82,73.22,66.03,4834.71,1.11,Spherical / Regular,Blue,"(100, 50, 72)",5,VISIBLE,-1.36,-0.28
28,8,car,0.6867,974.18,331.39,1085.73,385.88,1029.96,358.64,111.56,54.49,6078.78,2.05,Horizontal Oblong,Blue,"(102, 55, 71)",8,VISIBLE,-2.07,-0.25
28,4,car,0.4877,938.12,310.45,1017.52,377.8,977.82,344.13,79.4,67.35,5347.03,1.18,Spherical / Regular,Blue,"(98, 60, 77)",4,VISIBLE,-0.96,-0.21
28,3,car,0.5488,442.29,311.83,477.26,354.11,459.78,332.97,34.97,42.28,1478.49,0.83,Spherical / Regular,Blue,"(102, 53, 104)",3,VISIBLE,-0.12,-0.05
28,7,car,0.2601,448.41,337.13,511.6,397.22,480.01,367.17,63.19,60.09,3797.0,1.05,Spherical / Regular,Red,"(176, 77, 108)",7,VISIBLE,-1.04,0.42
28,10,car,0.1782,92.17,322.18,125.56,351.15,108.86,336.67,33.4,28.98,967.74,1.15,Spherical / Regular,Orange,"(16, 47, 99)",10,VISIBLE,0.05,-0.26
29,1,car,0.9404,452.13,289.91,853.3,599.4,652.72,444.65,401.17,309.48,124155.43,1.3,Horizontal Oblong,Blue,"(105, 89, 100)",1,VISIBLE,-0.61,-0.12
29,6,car,0.8383,1110.44,328.83,1233.42,400.83,1171.93,364.83,122.97,72.0,8854.06,1.71,Horizontal Oblong,Yellow,"(26, 53, 104)",6,VISIBLE,-1.24,-0.54
29,2,car,0.7836,799.6,317.75,885.98,399.28,842.79,358.52,86.38,81.53,7042.61,1.06,Spherical / Regular,Blue,"(101, 66, 74)",2,VISIBLE,-0.26,-0.12
29,5,car,0.6968,875.81,327.33,948.76,392.18,912.29,359.75,72.95,64.85,4730.44,1.12,Spherical / Regular,Blue,"(98, 51, 85)",5,VISIBLE,-1.21,-0.13
29,8,car,0.7827,974.64,331.05,1077.02,385.95,1025.83,358.5,102.38,54.9,5620.96,1.86,Horizontal Oblong,Blue,"(100, 54, 61)",8,VISIBLE,-3.51,-0.17
29,4,car,0.5288,938.15,309.89,1016.58,378.05,977.37,343.97,78.43,68.16,5345.61,1.15,Spherical / Regular,Blue,"(96, 59, 75)",4,VISIBLE,-0.61,-0.17
29,3,car,0.521,442.01,311.72,477.21,353.85,459.61,332.79,35.2,42.13,1482.93,0.84,Spherical / Regular,Blue,"(101, 52, 103)",3,VISIBLE,-0.15,-0.15
29,7,car,0.1867,447.17,339.65,508.42,396.97,477.8,368.31,61.24,57.32,3510.56,1.07,Spherical / Regular,Red,"(175, 80, 109)",7,VISIBLE,-1.86,0.92
29,10,car,0.1683,91.44,322.04,125.61,350.9,108.53,336.47,34.17,28.85,985.86,1.18,Spherical / Regular,Orange,"(16, 47, 99)",10,VISIBLE,-0.22,-0.21
29,9,car,0.5124,1040.09,333.16,1090.95,379.57,1065.52,356.37,50.85,46.41,2360.0,1.1,Spherical / Regular,Blue,"(100, 53, 76)",11,VISIBLE,-1.61,-0.56
30,1,car,0.9432,450.67,288.85,854.18,600.31,652.43,444.58,403.51,311.46,125674.87,1.3,Horizontal Oblong,Blue,"(105, 89, 100)",1,VISIBLE,-0.39,-0.09
30,6,car,0.8312,1109.34,328.45,1232.14,400.25,1170.74,364.35,122.8,71.79,8816.18,1.71,Horizontal Oblong,Orange,"(24, 53, 102)",6,VISIBLE,-1.21,-0.5
30,2,car,0.7856,799.65,317.61,885.85,399.2,842.75,358.4,86.2,81.59,7033.17,1.06,Spherical / Regular,Blue,"(101, 65, 75)",2,VISIBLE,-0.1,-0.11
30,5,car,0.6995,875.13,327.53,947.48,391.74,911.3,359.63,72.36,64.21,4645.88,1.13,Spherical / Regular,Blue,"(100, 50, 67)",5,VISIBLE,-1.05,-0.12
30,8,car,0.7863,974.87,330.77,1070.13,385.82,1022.5,358.3,95.26,55.06,5244.59,1.73,Horizontal Oblong,Blue,"(101, 55, 61)",8,VISIBLE,-3.38,-0.19
30,4,car,0.5329,938.07,309.44,1015.48,378.03,976.77,343.74,77.42,68.59,5310.45,1.13,Spherical / Regular,Blue,"(96, 58, 76)",4,VISIBLE,-0.59,-0.22
30,3,car,0.499,441.91,311.63,477.19,353.51,459.55,332.57,35.28,41.88,1477.62,0.84,Spherical / Regular,Blue,"(101, 52, 103)",3,VISIBLE,-0.09,-0.19
30,7,car,0.1989,446.12,340.14,507.56,396.65,476.84,368.4,61.44,56.51,3471.88,1.09,Spherical / Regular,Blue,"(102, 80, 109)",7,VISIBLE,-1.23,0.34
30,10,car,0.1683,90.84,321.88,126.05,350.72,108.44,336.3,35.21,28.84,1015.6,1.22,Spherical / Regular,Orange,"(17, 44, 98)",10,VISIBLE,-0.12,-0.18
30,9,car,0.5484,1037.28,332.97,1090.11,379.83,1063.69,356.4,52.82,46.87,2475.54,1.13,Spherical / Regular,Blue,"(100, 54, 75)",11,VISIBLE,-1.76,-0.14
31,1,car,0.9477,449.61,287.74,854.83,601.16,652.22,444.45,405.22,313.42,127003.65,1.29,Horizontal Oblong,Blue,"(105, 89, 100)",1,VISIBLE,-0.26,-0.12
31,6,car,0.8246,1108.36,328.1,1230.57,399.81,1169.46,363.95,122.21,71.71,8763.99,1.7,Horizontal Oblong,Orange,"(24, 52, 104)",6,VISIBLE,-1.25,-0.43
31,2,car,0.7851,799.94,317.47,885.7,398.91,842.82,358.19,85.76,81.44,6984.61,1.05,Spherical / Regular,Blue,"(101, 65, 75)",2,VISIBLE,0.02,-0.18
31,5,car,0.7207,874.31,327.58,946.81,391.45,910.56,359.51,72.5,63.87,4630.85,1.14,Spherical / Regular,Blue,"(100, 51, 57)",5,VISIBLE,-0.84,-0.12
31,8,car,0.7571,974.87,330.29,1065.57,385.52,1020.22,357.9,90.7,55.23,5008.95,1.64,Horizontal Oblong,Blue,"(102, 55, 59)",8,VISIBLE,-2.61,-0.33
31,4,car,0.5009,937.75,309.9,1014.27,377.57,976.01,343.74,76.52,67.67,5178.29,1.13,Spherical / Regular,Blue,"(98, 57, 77)",4,VISIBLE,-0.71,-0.06
31,3,car,0.4946,441.91,311.54,477.25,353.23,459.58,332.38,35.34,41.69,1473.25,0.85,Spherical / Regular,Blue,"(101, 51, 103)",3,VISIBLE,-0.01,-0.19
31,7,car,0.283,445.51,339.07,508.11,396.79,476.81,367.93,62.59,57.72,3613.28,1.08,Spherical / Regular,Red,"(176, 79, 109)",7,VISIBLE,-0.39,-0.22
31,10,car,0.1683,90.23,321.72,126.49,350.55,108.36,336.13,36.26,28.83,1045.31,1.26,Horizontal Oblong,Orange,"(16, 47, 100)",10,VISIBLE,-0.1,-0.17
31,9,car,0.5562,1038.07,332.62,1089.48,380.03,1063.77,356.32,51.42,47.41,2437.56,1.08,Spherical / Regular,Blue,"(100, 52, 75)",11,VISIBLE,-0.47,-0.1
32,1,car,0.9484,448.5,286.71,855.61,602.11,652.05,444.41,407.11,315.4,128401.29,1.29,Horizontal Oblong,Blue,"(102, 89, 100)",1,VISIBLE,-0.19,-0.06
32,6,car,0.8512,1106.9,327.66,1229.17,399.29,1168.04,363.47,122.27,71.62,8757.49,1.71,Horizontal Oblong,Orange,"(24, 53, 101)",6,VISIBLE,-1.38,-0.46
32,2,car,0.8258,800.16,317.23,885.25,398.55,842.71,357.89,85.1,81.31,6919.29,1.05,Spherical / Regular,Blue,"(101, 67, 75)",2,VISIBLE,-0.08,-0.27
32,5,car,0.7406,873.77,327.57,946.38,391.09,910.08,359.33,72.62,63.52,4612.75,1.14,Spherical / Regular,Blue,"(100, 53, 64)",5,VISIBLE,-0.59,-0.17
32,8,car,0.7305,974.83,329.65,1062.81,385.14,1018.82,357.39,87.98,55.5,4882.56,1.59,Horizontal Oblong,Blue,"(101, 55, 58)",8,VISIBLE,-1.76,-0.46
32,4,car,0.5159,937.69,310.2,1013.51,377.35,975.6,343.78,75.81,67.15,5090.94,1.13,Spherical / Regular,Blue,"(96, 60, 75)",4,VISIBLE,-0.5,0.01
32,3,car,0.4984,441.95,311.43,477.74,352.93,459.85,332.18,35.79,41.5,1485.54,0.86,Spherical / Regular,Blue,"(100, 51, 102)",3,VISIBLE,0.18,-0.2
32,7,car,0.2848,444.91,337.21,508.65,396.86,476.78,367.03,63.74,59.65,3801.95,1.07,Spherical / Regular,Pink,"(169, 77, 109)",7,VISIBLE,-0.14,-0.69
32,10,car,0.1683,89.63,321.55,126.92,350.37,108.27,335.96,37.3,28.82,1075.0,1.29,Horizontal Oblong,Orange,"(16, 48, 98)",10,VISIBLE,-0.09,-0.17
32,9,car,0.575,1040.14,332.34,1088.93,380.18,1064.53,356.26,48.79,47.84,2334.3,1.02,Spherical / Regular,Blue,"(101, 53, 75)",11,VISIBLE,0.39,-0.07
33,1,car,0.9484,447.13,285.81,856.33,602.86,651.73,444.33,409.2,317.05,129736.78,1.29,Horizontal Oblong,Red,"(170, 126, 112)",1,VISIBLE,-0.29,-0.07
33,6,car,0.8512,1105.81,327.23,1227.77,398.74,1166.79,362.99,121.96,71.5,8720.97,1.71,Horizontal Oblong,Red,"(4, 123, 97)",6,VISIBLE,-1.28,-0.48
33,2,car,0.8258,800.19,317.04,884.86,398.22,842.53,357.63,84.67,81.18,6873.9,1.04,Spherical / Regular,Red,"(175, 58, 148)",2,VISIBLE,-0.15,-0.26
33,5,car,0.7406,872.97,327.49,945.5,390.72,909.24,359.1,72.53,63.22,4585.67,1.15,Spherical / Regular,Red,"(175, 53, 153)",5,VISIBLE,-0.77,-0.21
33,8,car,0.7305,974.93,329.18,1058.61,384.85,1016.77,357.02,83.69,55.67,4658.53,1.5,Horizontal Oblong,Red,"(8, 116, 116)",8,VISIBLE,-1.96,-0.4
33,4,car,0.5159,937.56,310.18,1012.45,377.11,975.0,343.65,74.89,66.92,5011.91,1.12,Spherical / Regular,Red,"(9, 123, 93)",4,VISIBLE,-0.57,-0.09
33,3,car,0.4984,441.86,311.27,477.9,352.7,459.88,331.98,36.04,41.43,1493.22,0.87,Spherical / Regular,Red,"(7, 50, 164)",3,VISIBLE,0.08,-0.2
33,7,car,0.2848,443.98,336.93,508.24,396.86,476.11,366.9,64.26,59.93,3851.42,1.07,Spherical / Regular,Red,"(6, 41, 187)",7,VISIBLE,-0.51,-0.31
33,10,car,0.1683,89.02,321.39,127.36,350.2,108.19,335.8,38.34,28.81,1104.67,1.33,Horizontal Oblong,Grey/Brown,"(0, 0, 0)",10,VISIBLE,-0.09,-0.17
33,9,car,0.575,1040.73,332.13,1088.49,380.26,1064.61,356.2,47.76,48.13,2298.76,0.99,Spherical / Regular,Red,"(4, 112, 103)",11,VISIBLE,0.17,-0.07
34,1,car,0.9484,445.77,284.9,857.06,603.61,651.41,444.26,411.29,318.71,131079.18,1.29,Horizontal Oblong,Red,"(174, 126, 112)",1,VISIBLE,-0.31,-0.08
34,6,car,0.8512,1104.71,326.81,1226.37,398.19,1165.54,362.5,121.66,71.38,8684.53,1.7,Horizontal Oblong,Red,"(4, 123, 97)",6,VISIBLE,-1.26,-0.48
34,2,car,0.8258,800.23,316.84,884.48,397.9,842.35,357.37,84.25,81.05,6828.63,1.04,Spherical / Regular,Red,"(175, 59, 148)",2,VISIBLE,-0.16,-0.26
34,5,car,0.7406,872.17,327.42,944.62,390.34,908.4,358.88,72.45,62.92,4558.63,1.15,Spherical / Regular,Red,"(175, 52, 153)",5,VISIBLE,-0.82,-0.22
34,8,car,0.7305,975.02,328.72,1054.42,384.56,1014.72,356.64,79.4,55.84,4433.05,1.42,Horizontal Oblong,Red,"(8, 116, 116)",8,VISIBLE,-2.02,-0.38
34,4,car,0.5159,937.42,310.17,1011.39,376.86,974.4,343.51,73.97,66.69,4933.3,1.11,Spherical / Regular,Red,"(9, 124, 93)",4,VISIBLE,-0.59,-0.12
34,3,car,0.4984,441.76,311.11,478.05,352.47,459.91,331.79,36.29,41.36,1500.85,0.88,Spherical / Regular,Red,"(6, 49, 165)",3,VISIBLE,0.04,-0.2
34,7,car,0.2848,443.04,336.66,507.83,396.87,475.43,366.77,64.79,60.22,3901.18,1.08,Spherical / Regular,Red,"(6, 42, 186)",7,VISIBLE,-0.63,-0.18
34,9,car,0.575,1041.33,331.92,1088.05,380.35,1064.69,356.13,46.72,48.43,2262.62,0.96,Spherical / Regular,Red,"(4, 111, 103)",11,VISIBLE,0.11,-0.06
34,12,car,0.9334,238.22,133.49,1259.5,706.85,748.86,420.17,1021.28,573.36,585559.58,1.78,Horizontal Oblong,Blue,"(95, 97, 91)",12,VISIBLE,0.0,0.0
34,18,car,0.8938,0.12,157.41,220.46,306.45,110.29,231.93,220.34,149.04,32839.39,1.48,Horizontal Oblong,Blue,"(98, 43, 106)",18,VISIBLE,0.0,0.0
34,17,car,0.8974,378.24,159.76,632.72,312.68,505.48,236.22,254.48,152.93,38917.15,1.66,Horizontal Oblong,Blue,"(98, 48, 102)",17,VISIBLE,0.0,0.0
34,13,car,0.5932,980.31,135.21,1276.25,337.56,1128.28,236.39,295.94,202.36,59885.63,1.46,Horizontal Oblong,Orange,"(16, 65, 137)",13,VISIBLE,0.0,0.0
34,14,car,0.4209,1230.95,134.5,1279.45,200.62,1255.2,167.56,48.51,66.13,3207.56,0.73,Vertical Oblong,Blue,"(98, 40, 118)",14,VISIBLE,0.0,0.0
34,15,car,0.2571,992.98,95.92,1232.63,163.67,1112.81,129.79,239.65,67.75,16235.98,3.54,Horizontal Oblong,Orange,"(16, 50, 134)",15,VISIBLE,0.0,0.0
34,16,car,0.2578,1231.31,136.49,1279.81,342.06,1255.56,239.28,48.5,205.57,9970.1,0.24,Vertical Oblong,Orange,"(15, 60, 130)",16,VISIBLE,0.0,0.0
35,1,car,0.9484,444.41,284.0,857.78,604.36,651.09,444.18,413.38,320.36,132428.49,1.29,Horizontal Oblong,Red,"(173, 126, 112)",1,VISIBLE,-0.32,-0.08
35,6,car,0.8512,1103.62,326.38,1224.97,397.64,1164.29,362.01,121.35,71.26,8648.16,1.7,Horizontal Oblong,Red,"(4, 122, 98)",6,VISIBLE,-1.25,-0.49
35,2,car,0.8258,800.26,316.65,884.09,397.57,842.17,357.11,83.83,80.92,6783.46,1.04,Spherical / Regular,Red,"(175, 59, 148)",2,VISIBLE,-0.18,-0.26
35,5,car,0.7406,871.37,327.34,943.74,389.96,907.56,358.65,72.37,62.62,4531.65,1.16,Spherical / Regular,Red,"(175, 50, 153)",5,VISIBLE,-0.83,-0.23
35,8,car,0.7305,975.12,328.26,1050.22,384.26,1012.67,356.26,75.1,56.0,4206.12,1.34,Horizontal Oblong,Red,"(8, 116, 117)",8,VISIBLE,-2.04,-0.38
35,4,car,0.5159,937.28,310.15,1010.33,376.61,973.81,343.38,73.05,66.46,4855.12,1.1,Spherical / Regular,Red,"(9, 124, 93)",4,VISIBLE,-0.6,-0.13
35,3,car,0.4984,441.67,310.95,478.2,352.23,459.94,331.59,36.54,41.29,1508.45,0.88,Spherical / Regular,Red,"(7, 50, 164)",3,VISIBLE,0.03,-0.2
35,7,car,0.2848,442.11,336.38,507.42,396.88,474.76,366.63,65.31,60.5,3951.24,1.08,Spherical / Regular,Red,"(6, 42, 186)",7,VISIBLE,-0.66,-0.15
35,9,car,0.575,1041.92,331.71,1087.61,380.43,1064.76,356.07,45.69,48.72,2225.87,0.94,Spherical / Regular,Red,"(4, 112, 102)",11,VISIBLE,0.08,-0.06
35,12,car,0.9327,240.37,134.58,1259.38,706.8,749.87,420.69,1019.01,572.22,583098.41,1.78,Horizontal Oblong,Blue,"(95, 96, 91)",12,VISIBLE,1.01,0.52
35,18,car,0.8873,0.17,157.51,209.71,305.49,104.94,231.5,209.54,147.97,31006.83,1.42,Horizontal Oblong,Blue,"(98, 41, 110)",18,VISIBLE,-5.35,-0.43
35,17,car,0.8944,370.84,159.32,628.18,313.62,499.51,236.47,257.34,154.29,39705.43,1.67,Horizontal Oblong,Blue,"(98, 46, 98)",17,VISIBLE,-5.97,0.25
35,13,car,0.5731,977.51,134.4,1273.96,336.83,1125.74,235.62,296.45,202.43,60011.03,1.46,Horizontal Oblong,Orange,"(16, 64, 138)",13,VISIBLE,-2.55,-0.77
35,14,car,0.3948,1230.69,134.5,1279.45,200.61,1255.07,167.56,48.76,66.11,3223.52,0.74,Vertical Oblong,Blue,"(98, 40, 117)",14,VISIBLE,-0.13,-0.0
35,15,car,0.2511,991.02,95.87,1232.98,164.76,1112.0,130.31,241.96,68.89,16668.84,3.51,Horizontal Oblong,Orange,"(16, 50, 134)",15,VISIBLE,-0.81,0.52
35,16,car,0.3847,1231.89,135.97,1279.8,342.13,1255.85,239.05,47.91,206.16,9878.05,0.23,Vertical Oblong,Orange,"(16, 58, 129)",16,VISIBLE,0.28,-0.22
36,1,car,0.9484,443.04,283.09,858.51,605.1,650.77,444.1,415.46,322.01,133784.71,1.29,Horizontal Oblong,Red,"(173, 126, 112)",1,VISIBLE,-0.32,-0.08
36,6,car,0.8512,1102.52,325.95,1223.57,397.1,1163.05,361.52,121.05,71.14,8611.86,1.7,Horizontal Oblong,Red,"(4, 122, 98)",6,VISIBLE,-1.25,-0.49
36,2,car,0.8258,800.3,316.45,883.7,397.25,842.0,356.85,83.4,80.79,6738.4,1.03,Spherical / Regular,Red,"(175, 59, 148)",2,VISIBLE,-0.18,-0.26
36,5,car,0.7406,870.57,327.26,942.86,389.58,906.72,358.42,72.29,62.32,4504.72,1.16,Spherical / Regular,Red,"(175, 50, 154)",5,VISIBLE,-0.84,-0.23
36,8,car,0.7305,975.22,327.8,1046.03,383.97,1010.62,355.88,70.81,56.17,3977.73,1.26,Horizontal Oblong,Red,"(8, 116, 117)",8,VISIBLE,-2.04,-0.38
36,4,car,0.5159,937.14,310.14,1009.28,376.37,973.21,343.25,72.13,66.23,4777.36,1.09,Spherical / Regular,Red,"(9, 124, 93)",4,VISIBLE,-0.6,-0.13
36,3,car,0.4984,441.57,310.79,478.36,352.0,459.96,331.4,36.78,41.21,1516.02,0.89,Spherical / Regular,Red,"(7, 49, 165)",3,VISIBLE,0.03,-0.2
36,7,car,0.2848,441.17,336.11,507.0,396.89,474.09,366.5,65.83,60.78,4001.59,1.08,Spherical / Regular,Red,"(6, 42, 186)",7,VISIBLE,-0.67,-0.14
36,9,car,0.575,1042.51,331.5,1087.17,380.51,1064.84,356.0,44.65,49.01,2188.51,0.91,Spherical / Regular,Red,"(4, 110, 102)",11,VISIBLE,0.08,-0.06
36,12,car,0.9365,242.33,133.81,1258.59,706.73,750.46,420.27,1016.26,572.92,582237.07,1.77,Horizontal Oblong,Blue,"(95, 96, 91)",12,VISIBLE,0.71,-0.14
36,18,car,0.8955,0.25,157.46,195.44,304.16,97.84,230.81,195.19,146.7,28634.34,1.33,Horizontal Oblong,Blue,"(98, 42, 120)",18,VISIBLE,-6.57,-0.61
36,17,car,0.9002,360.2,159.3,622.73,314.94,491.47,237.12,262.53,155.64,40859.7,1.69,Horizontal Oblong,Blue,"(96, 47, 97)",17,VISIBLE,-7.42,0.53
36,13,car,0.5991,972.56,133.56,1272.81,336.97,1122.69,235.26,300.25,203.41,61074.11,1.48,Horizontal Oblong,Orange,"(16, 64, 138)",13,VISIBLE,-2.9,-0.48
36,14,car,0.4321,1230.65,134.27,1279.44,207.27,1255.05,170.77,48.79,73.0,3561.57,0.67,Vertical Oblong,Blue,"(98, 43, 117)",14,VISIBLE,-0.06,2.25
36,15,car,0.2601,988.1,95.86,1233.41,166.33,1110.76,131.1,245.3,70.47,17286.4,3.48,Horizontal Oblong,Orange,"(16, 49, 135)",15,VISIBLE,-1.11,0.7
36,16,car,0.2603,1232.93,137.06,1279.8,343.48,1256.36,240.27,46.87,206.42,9674.5,0.23,Vertical Oblong,Orange,"(15, 55, 127)",16,VISIBLE,0.45,0.79
37,1,car,0.9484,441.68,282.18,859.23,605.85,650.45,444.02,417.55,323.67,135147.84,1.29,Horizontal Oblong,Blue,"(120, 124, 112)",1,VISIBLE,-0.32,-0.08
37,6,car,0.8512,1101.43,325.52,1222.17,396.55,1161.8,361.04,120.74,71.02,8575.64,1.7,Horizontal Oblong,Red,"(5, 122, 99)",6,VISIBLE,-1.25,-0.49
37,2,car,0.8258,800.33,316.26,883.31,396.92,841.82,356.59,82.98,80.66,6693.44,1.03,Spherical / Regular,Red,"(175, 58, 148)",2,VISIBLE,-0.18,-0.26
37,5,car,0.7406,869.77,327.18,941.98,389.2,905.88,358.19,72.2,62.02,4477.83,1.16,Spherical / Regular,Red,"(175, 49, 154)",5,VISIBLE,-0.84,-0.23
37,8,car,0.7305,975.31,327.34,1041.83,383.68,1008.57,355.51,66.52,56.34,3747.89,1.18,Spherical / Regular,Red,"(8, 115, 118)",8,VISIBLE,-2.05,-0.38
37,4,car,0.5159,937.01,310.12,1008.22,376.12,972.61,343.12,71.21,66.0,4700.03,1.08,Spherical / Regular,Red,"(9, 124, 92)",4,VISIBLE,-0.6,-0.13
37,3,car,0.4984,441.48,310.63,478.51,351.77,459.99,331.2,37.03,41.14,1523.54,0.9,Spherical / Regular,Red,"(7, 49, 165)",3,VISIBLE,0.03,-0.2
37,7,car,0.2848,440.23,335.83,506.59,396.9,473.41,366.37,66.36,61.07,4052.25,1.09,Spherical / Regular,Red,"(5, 42, 186)",7,VISIBLE,-0.67,-0.14
37,9,car,0.575,1043.11,331.29,1086.73,380.59,1064.92,355.94,43.62,49.3,2150.55,0.88,Spherical / Regular,Red,"(4, 111, 102)",11,VISIBLE,0.08,-0.06
37,12,car,0.936,248.07,133.82,1257.45,706.73,752.76,420.28,1009.39,572.91,578293.69,1.76,Horizontal Oblong,Blue,"(94, 97, 91)",12,VISIBLE,1.82,-0.04
37,18,car,0.8741,0.33,158.08,168.63,304.47,84.48,231.27,168.31,146.39,24637.71,1.15,Spherical / Regular,Blue,"(100, 42, 123)",18,VISIBLE,-11.33,0.14
37,17,car,0.9275,341.16,159.72,610.37,317.35,475.76,238.54,269.21,157.63,42436.55,1.71,Horizontal Oblong,Blue,"(95, 46, 94)",17,VISIBLE,-13.22,1.15
37,13,car,0.6528,966.82,134.07,1271.37,331.63,1119.1,232.85,304.56,197.56,60168.19,1.54,Horizontal Oblong,Orange,"(17, 63, 138)",13,VISIBLE,-3.38,-1.83
37,14,car,0.4799,1230.38,134.11,1279.46,228.34,1254.92,181.23,49.08,94.22,4624.85,0.52,Vertical Oblong,Orange,"(19, 44, 138)",14,VISIBLE,-0.1,7.99
37,15,car,0.2664,987.68,95.91,1233.87,170.99,1110.77,133.45,246.18,75.08,18483.64,3.28,Horizontal Oblong,Orange,"(17, 48, 133)",15,VISIBLE,-0.32,1.86
37,16,car,0.2603,1233.45,137.44,1279.79,344.02,1256.62,240.73,46.34,206.58,9573.35,0.22,Vertical Oblong,Orange,"(16, 55, 127)",16,VISIBLE,0.31,0.56
38,1,car,0.9484,440.31,281.28,859.96,606.6,650.13,443.94,419.64,325.32,136517.87,1.29,Horizontal Oblong,Red,"(174, 125, 112)",1,VISIBLE,-0.32,-0.08
38,6,car,0.8512,1100.33,325.1,1220.77,396.0,1160.55,360.55,120.44,70.9,8539.49,1.7,Horizontal Oblong,Red,"(4, 121, 99)",6,VISIBLE,-1.25,-0.49
38,2,car,0.8258,800.37,316.06,882.92,396.6,841.64,356.33,82.56,80.53,6648.6,1.03,Spherical / Regular,Red,"(175, 59, 149)",2,VISIBLE,-0.18,-0.26
38,5,car,0.7406,868.97,327.1,941.1,388.82,905.04,357.96,72.12,61.71,4451.0,1.17,Spherical / Regular,Red,"(175, 49, 154)",5,VISIBLE,-0.84,-0.23
38,8,car,0.7305,975.41,326.87,1037.64,383.38,1006.53,355.13,62.23,56.51,3516.6,1.1,Spherical / Regular,Red,"(8, 112, 119)",8,VISIBLE,-2.05,-0.38
38,4,car,0.5159,936.87,310.11,1007.16,375.88,972.02,342.99,70.29,65.77,4623.12,1.07,Spherical / Regular,Orange,"(10, 124, 93)",4,VISIBLE,-0.6,-0.13
38,3,car,0.4984,441.38,310.47,478.66,351.54,460.02,331.0,37.28,41.07,1531.04,0.91,Spherical / Regular,Red,"(8, 50, 165)",3,VISIBLE,0.03,-0.2
38,7,car,0.2848,439.3,335.56,506.18,396.91,472.74,366.23,66.88,61.35,4103.19,1.09,Spherical / Regular,Red,"(6, 42, 186)",7,VISIBLE,-0.67,-0.13
38,12,car,0.9352,248.79,133.2,1256.75,706.95,752.77,420.08,1007.96,573.75,578315.26,1.76,Horizontal Oblong,Blue,"(96, 96, 91)",12,VISIBLE,0.55,-0.15
38,18,car,0.8815,0.37,158.9,145.22,305.07,72.79,231.98,144.84,146.18,21172.69,0.99,Spherical / Regular,Blue,"(98, 40, 112)",18,VISIBLE,-11.58,0.54
38,17,car,0.9033,323.08,159.76,601.09,319.36,462.08,239.56,278.0,159.59,44368.05,1.74,Horizontal Oblong,Blue,"(95, 46, 92)",17,VISIBLE,-13.54,1.06
38,13,car,0.6412,961.63,134.9,1269.87,324.66,1115.75,229.78,308.24,189.76,58490.44,1.62,Horizontal Oblong,Orange,"(16, 62, 140)",13,VISIBLE,-3.36,-2.7
38,14,car,0.4938,1229.96,133.99,1279.48,239.61,1254.72,186.8,49.52,105.61,5229.88,0.47,Vertical Oblong,Orange,"(16, 47, 159)",14,VISIBLE,-0.17,6.3
38,15,car,0.2457,990.47,96.27,1234.69,176.61,1112.58,136.44,244.21,80.34,19619.52,3.04,Horizontal Oblong,Orange,"(16, 48, 134)",15,VISIBLE,1.17,2.65
38,16,car,0.2603,1233.97,137.82,1279.79,344.56,1256.88,241.19,45.81,206.75,9472.02,0.22,Vertical Oblong,Orange,"(15, 54, 127)",16,VISIBLE,0.28,0.49
39,1,car,0.9484,438.95,280.37,860.68,607.34,649.81,443.86,421.73,326.97,137894.81,1.29,Horizontal Oblong,Red,"(174, 124, 112)",1,VISIBLE,-0.32,-0.08
39,6,car,0.8512,1099.24,324.67,1219.37,395.45,1159.3,360.06,120.13,70.78,8503.42,1.7,Horizontal Oblong,Red,"(4, 121, 100)",6,VISIBLE,-1.25,-0.49
39,2,car,0.8258,800.4,315.87,882.53,396.27,841.47,356.07,82.13,80.4,6603.87,1.02,Spherical / Regular,Red,"(175, 59, 148)",2,VISIBLE,-0.18,-0.26
39,5,car,0.7406,868.17,327.02,940.21,388.44,904.19,357.73,72.04,61.41,4424.21,1.17,Spherical / Regular,Red,"(175, 48, 154)",5,VISIBLE,-0.84,-0.23
39,8,car,0.7305,975.51,326.41,1033.44,383.09,1004.48,354.75,57.94,56.68,3283.86,1.02,Spherical / Regular,Red,"(8, 111, 119)",8,VISIBLE,-2.05,-0.38
39,4,car,0.5159,936.73,310.09,1006.11,375.63,971.42,342.86,69.37,65.54,4546.63,1.06,Spherical / Regular,Orange,"(10, 124, 93)",4,VISIBLE,-0.6,-0.13
39,3,car,0.4984,441.29,310.31,478.82,351.31,460.05,330.81,37.53,41.0,1538.49,0.92,Spherical / Regular,Red,"(8, 49, 164)",3,VISIBLE,0.03,-0.2
39,7,car,0.2848,438.36,335.28,505.76,396.92,472.06,366.1,67.4,61.64,4154.44,1.09,Spherical / Regular,Red,"(6, 42, 187)",7,VISIBLE,-0.68,-0.13
39,12,car,0.9349,246.38,133.62,1256.04,706.93,751.21,420.27,1009.67,573.31,578856.33,1.76,Horizontal Oblong,Blue,"(96, 96, 91)",12,VISIBLE,-0.93,0.09
39,18,car,0.8673,0.34,159.5,123.64,306.31,61.99,232.9,123.3,146.8,18101.4,0.84,Spherical / Regular,Blue,"(100, 39, 126)",18,VISIBLE,-11.04,0.81
39,17,car,0.9199,307.16,159.48,593.1,320.91,450.13,240.19,285.94,161.43,46159.65,1.77,Horizontal Oblong,Blue,"(94, 47, 92)",17,VISIBLE,-12.43,0.76
39,13,car,0.6895,957.68,135.5,1267.9,315.65,1112.79,225.57,310.23,180.15,55887.53,1.72,Horizontal Oblong,Orange,"(17, 60, 141)",13,VISIBLE,-3.08,-3.75
39,14,car,0.5386,1229.57,133.89,1279.49,246.6,1254.53,190.25,49.92,112.7,5626.55,0.44,Vertical Oblong,Orange,"(16, 47, 155)",14,VISIBLE,-0.18,4.3
39,15,car,0.2706,994.52,96.58,1235.6,179.45,1115.06,138.02,241.07,82.88,19979.78,2.91,Horizontal Oblong,Orange,"(17, 48, 133)",15,VISIBLE,2.09,1.9
39,16,car,0.2603,1234.5,138.19,1279.78,345.11,1257.14,241.65,45.29,206.91,9370.52,0.22,Vertical Oblong,Orange,"(15, 53, 127)",16,VISIBLE,0.26,0.47
40,1,car,0.9484,437.58,279.47,861.41,608.09,649.49,443.78,423.82,328.62,139278.67,1.29,Horizontal Oblong,Red,"(173, 123, 112)",1,VISIBLE,-0.32,-0.08
40,6,car,0.8512,1098.14,324.24,1217.97,394.91,1158.05,359.58,119.83,70.66,8467.41,1.7,Horizontal Oblong,Red,"(5, 121, 101)",6,VISIBLE,-1.25,-0.49
40,2,car,0.8258,800.44,315.67,882.15,395.95,841.29,355.81,81.71,80.28,6559.25,1.02,Spherical / Regular,Red,"(175, 59, 148)",2,VISIBLE,-0.17,-0.26
40,5,car,0.7406,867.38,326.95,939.33,388.06,903.35,357.5,71.96,61.11,4397.48,1.18,Spherical / Regular,Red,"(175, 48, 155)",5,VISIBLE,-0.84,-0.23
40,8,car,0.7305,975.61,325.95,1029.25,382.8,1002.43,354.37,53.64,56.85,3049.67,0.94,Spherical / Regular,Red,"(8, 112, 120)",8,VISIBLE,-2.05,-0.38
40,4,car,0.5159,936.6,310.08,1005.05,375.38,970.82,342.73,68.45,65.31,4470.57,1.05,Spherical / Regular,Orange,"(11, 125, 93)",4,VISIBLE,-0.6,-0.13
40,3,car,0.4984,441.19,310.15,478.97,351.08,460.08,330.61,37.78,40.92,1545.91,0.92,Spherical / Regular,Red,"(8, 49, 164)",3,VISIBLE,0.03,-0.2
40,7,car,0.2848,437.42,335.01,505.35,396.93,471.39,365.97,67.93,61.92,4205.99,1.1,Spherical / Regular,Red,"(6, 42, 187)",7,VISIBLE,-0.68,-0.13
40,12,car,0.9354,242.45,135.63,1255.46,707.21,748.95,421.42,1013.0,571.58,579008.75,1.77,Horizontal Oblong,Blue,"(96, 96, 91)",12,VISIBLE,-1.86,0.83
40,18,car,0.8519,0.27,160.01,104.43,307.86,52.35,233.93,104.16,147.86,15400.99,0.7,Vertical Oblong,Green,"(84, 39, 46)",18,VISIBLE,-10.06,0.96
40,17,car,0.9198,292.01,159.6,585.52,322.26,438.76,240.93,293.51,162.65,47740.94,1.8,Horizontal Oblong,Blue,"(95, 46, 90)",17,VISIBLE,-11.68,0.74
40,13,car,0.7197,954.9,135.71,1265.67,308.66,1110.28,222.18,310.77,172.95,53746.94,1.8,Horizontal Oblong,Orange,"(17, 59, 144)",13,VISIBLE,-2.68,-3.5
40,14,car,0.5855,1229.2,133.88,1279.5,250.02,1254.35,191.95,50.3,116.15,5841.94,0.43,Vertical Oblong,Orange,"(16, 49, 149)",14,VISIBLE,-0.18,2.48
40,15,car,0.214,998.17,97.11,1237.72,181.17,1117.95,139.14,239.55,84.06,20137.32,2.85,Horizontal Oblong,Orange,"(17, 48, 133)",15,VISIBLE,2.65,1.36
40,16,car,0.2603,1235.02,138.57,1279.78,345.65,1257.4,242.11,44.76,207.08,9268.84,0.22,Vertical Oblong,Orange,"(15, 51, 127)",16,VISIBLE,0.26,0.46
41,1,car,0.9484,436.22,278.56,862.13,608.84,649.17,443.7,425.91,330.28,140669.43,1.29,Horizontal Oblong,Red,"(174, 123, 112)",1,VISIBLE,-0.32,-0.08
41,6,car,0.8512,1097.05,323.82,1216.57,394.36,1156.81,359.09,119.52,70.54,8431.49,1.69,Horizontal Oblong,Red,"(4, 122, 101)",6,VISIBLE,-1.25,-0.49
41,2,car,0.8258,800.47,315.48,881.76,395.62,841.11,355.55,81.29,80.15,6514.74,1.01,Spherical / Regular,Red,"(175, 59, 148)",2,VISIBLE,-0.18,-0.26
41,5,car,0.7406,866.58,326.87,938.45,387.68,902.51,357.27,71.88,60.81,4370.79,1.18,Spherical / Regular,Red,"(175, 48, 154)",5,VISIBLE,-0.84,-0.23
41,8,car,0.7305,975.7,325.49,1025.06,382.51,1000.38,354.0,49.35,57.02,2814.02,0.87,Spherical / Regular,Red,"(8, 112, 120)",8,VISIBLE,-2.05,-0.38
41,4,car,0.5159,936.46,310.06,1003.99,375.14,970.23,342.6,67.53,65.08,4394.93,1.04,Spherical / Regular,Red,"(9, 128, 92)",4,VISIBLE,-0.6,-0.13
41,3,car,0.4984,441.1,309.99,479.12,350.84,460.11,330.42,38.02,40.85,1553.3,0.93,Spherical / Regular,Red,"(8, 49, 164)",3,VISIBLE,0.03,-0.2
41,7,car,0.2848,436.49,334.73,504.94,396.94,470.71,365.84,68.45,62.2,4257.83,1.1,Spherical / Regular,Red,"(6, 42, 187)",7,VISIBLE,-0.67,-0.13
41,12,car,0.9357,239.55,138.0,1254.58,707.31,747.07,422.65,1015.03,569.31,577863.47,1.78,Horizontal Oblong,Blue,"(96, 96, 90)",12,VISIBLE,-1.88,1.11
41,18,car,0.8323,0.2,161.61,85.82,309.16,43.01,235.39,85.61,147.55,12631.91,0.58,Vertical Oblong,Green,"(84, 39, 43)",18,VISIBLE,-9.56,1.3
41,17,car,0.9007,277.62,159.63,578.64,323.58,428.13,241.61,301.03,163.95,49352.9,1.84,Horizontal Oblong,Blue,"(95, 46, 86)",17,VISIBLE,-10.95,0.7
41,13,car,0.7178,952.1,135.93,1263.49,305.01,1107.79,220.47,311.39,169.08,52649.25,1.84,Horizontal Oblong,Orange,"(17, 58, 144)",13,VISIBLE,-2.55,-2.25
41,14,car,0.5998,1228.88,133.86,1279.5,251.77,1254.19,192.82,50.62,117.92,5968.48,0.43,Vertical Oblong,Orange,"(16, 49, 147)",14,VISIBLE,-0.17,1.35
41,15,car,0.2376,1002.21,97.4,1238.6,181.19,1120.41,139.29,236.39,83.79,19807.98,2.82,Horizontal Oblong,Orange,"(17, 48, 133)",15,VISIBLE,2.52,0.52
42,1,car,0.9484,434.85,277.66,862.86,609.59,648.85,443.62,428.0,331.93,142067.1,1.29,Horizontal Oblong,Red,"(175, 123, 112)",1,VISIBLE,-0.32,-0.08
42,6,car,0.8512,1095.95,323.39,1215.17,393.81,1155.56,358.6,119.21,70.42,8395.63,1.69,Horizontal Oblong,Red,"(4, 121, 102)",6,VISIBLE,-1.25,-0.49
42,2,car,0.8258,800.5,315.28,881.37,395.3,840.94,355.29,80.86,80.02,6470.34,1.01,Spherical / Regular,Red,"(175, 59, 148)",2,VISIBLE,-0.18,-0.26
42,5,car,0.7406,865.78,326.79,937.57,387.3,901.67,357.04,71.79,60.51,4344.15,1.19,Spherical / Regular,Red,"(175, 47, 154)",5,VISIBLE,-0.84,-0.23
42,8,car,0.7305,975.8,325.02,1020.86,382.21,998.33,353.62,45.06,57.19,2576.93,0.79,Vertical Oblong,Red,"(8, 113, 120)",8,VISIBLE,-2.05,-0.38
42,4,car,0.5159,936.32,310.05,1002.93,374.89,969.63,342.47,66.61,64.85,4319.72,1.03,Spherical / Regular,Orange,"(11, 126, 91)",4,VISIBLE,-0.6,-0.13
42,3,car,0.4984,441.0,309.83,479.27,350.61,460.14,330.22,38.27,40.78,1560.64,0.94,Spherical / Regular,Red,"(8, 49, 164)",3,VISIBLE,0.03,-0.2
42,7,car,0.2848,435.55,334.46,504.52,396.95,470.04,365.7,68.97,62.49,4309.97,1.1,Spherical / Regular,Red,"(6, 42, 187)",7,VISIBLE,-0.68,-0.13
42,12,car,0.9367,238.2,137.39,1254.34,707.21,746.27,422.3,1016.14,569.83,579021.33,1.78,Horizontal Oblong,Blue,"(96, 96, 90)",12,VISIBLE,-1.12,0.09
42,18,car,0.773,0.21,164.18,67.37,310.3,33.79,237.24,67.16,146.12,9813.99,0.46,Vertical Oblong,Green,"(81, 41, 50)",18,VISIBLE,-9.32,1.69
42,17,car,0.88,263.72,159.49,573.87,325.35,418.8,242.42,310.15,165.86,51442.4,1.87,Horizontal Oblong,Blue,"(95, 47, 87)",17,VISIBLE,-9.82,0.78
42,13,car,0.6931,949.21,136.04,1261.26,302.96,1105.23,219.5,312.05,166.92,52086.53,1.87,Horizontal Oblong,Orange,"(17, 58, 147)",13,VISIBLE,-2.56,-1.35
42,14,car,0.6329,1229.01,133.88,1279.5,251.99,1254.26,192.94,50.49,118.1,5962.88,0.43,Vertical Oblong,Orange,"(16, 49, 144)",14,VISIBLE,-0.0,0.49
42,15,car,0.226,1007.28,98.17,1239.96,175.33,1123.62,136.75,232.69,77.17,17955.23,3.02,Horizontal Oblong,Orange,"(16, 49, 137)",15,VISIBLE,3.01,-1.63
43,1,car,0.9484,433.49,276.75,863.58,610.33,648.53,443.54,430.09,333.58,143471.67,1.29,Horizontal Oblong,Red,"(174, 122, 112)",1,VISIBLE,-0.32,-0.08
43,6,car,0.8512,1094.86,322.96,1213.76,393.27,1154.31,358.11,118.91,70.3,8359.85,1.69,Horizontal Oblong,Red,"(4, 120, 102)",6,VISIBLE,-1.25,-0.49
43,2,car,0.8258,800.54,315.09,880.98,394.97,840.76,355.03,80.44,79.89,6426.05,1.01,Spherical / Regular,Red,"(175, 59, 148)",2,VISIBLE,-0.18,-0.26
43,5,car,0.7406,864.98,326.71,936.69,386.92,900.83,356.82,71.71,60.21,4317.57,1.19,Spherical / Regular,Red,"(175, 47, 154)",5,VISIBLE,-0.84,-0.23
43,8,car,0.7305,975.9,324.56,1016.67,381.92,996.28,353.24,40.77,57.36,2338.38,0.71,Vertical Oblong,Red,"(8, 113, 118)",8,VISIBLE,-2.05,-0.38
43,4,car,0.5159,936.18,310.03,1001.88,374.65,969.03,342.34,65.69,64.62,4244.93,1.02,Spherical / Regular,Orange,"(21, 125, 91)",4,VISIBLE,-0.6,-0.13
43,3,car,0.4984,440.91,309.67,479.43,350.38,460.17,330.03,38.52,40.71,1567.96,0.95,Spherical / Regular,Red,"(8, 50, 164)",3,VISIBLE,0.03,-0.2
43,7,car,0.2848,434.61,334.18,504.11,396.95,469.36,365.57,69.5,62.77,4362.4,1.11,Spherical / Regular,Red,"(6, 42, 187)",7,VISIBLE,-0.68,-0.14
43,12,car,0.9383,236.3,136.12,1254.24,707.42,745.27,421.77,1017.95,571.29,581547.28,1.78,Horizontal Oblong,Blue,"(96, 96, 90)",12,VISIBLE,-1.04,-0.35
43,18,car,0.6865,0.15,169.14,49.59,311.37,24.87,240.26,49.44,142.23,7031.31,0.35,Vertical Oblong,Green,"(54, 38, 69)",18,VISIBLE,-9.04,2.62
43,17,car,0.8656,250.23,159.55,568.46,326.78,409.34,243.17,318.23,167.23,53219.13,1.9,Horizontal Oblong,Blue,"(94, 46, 86)",17,VISIBLE,-9.56,0.76
43,13,car,0.6999,946.28,135.98,1259.48,302.15,1102.88,219.07,313.21,166.16,52042.89,1.88,Horizontal Oblong,Orange,"(17, 58, 146)",13,VISIBLE,-2.42,-0.71
43,14,car,0.6556,1229.39,133.92,1279.5,252.79,1254.44,193.35,50.11,118.86,5956.21,0.42,Vertical Oblong,Orange,"(17, 49, 141)",14,VISIBLE,0.13,0.44
43,15,car,0.2082,1009.32,97.96,1241.78,176.64,1125.55,137.3,232.46,78.68,18289.39,2.95,Horizontal Oblong,Orange,"(16, 50, 136)",15,VISIBLE,2.25,-0.1
44,1,car,0.9484,432.12,275.84,864.31,611.08,648.21,443.46,432.18,335.24,144883.16,1.29,Horizontal Oblong,Red,"(175, 121, 112)",1,VISIBLE,-0.32,-0.08
44,6,car,0.8512,1093.76,322.53,1212.36,392.72,1153.06,357.63,118.6,70.18,8324.14,1.69,Horizontal Oblong,Red,"(5, 120, 103)",6,VISIBLE,-1.25,-0.49
44,2,car,0.8258,800.57,314.89,880.59,394.65,840.58,354.77,80.02,79.76,6381.86,1.0,Spherical / Regular,Red,"(175, 59, 148)",2,VISIBLE,-0.18,-0.26
44,5,car,0.7406,864.18,326.63,935.81,386.54,899.99,356.59,71.63,59.91,4291.03,1.2,Spherical / Regular,Red,"(175, 47, 154)",5,VISIBLE,-0.84,-0.23
44,8,car,0.7305,976.0,324.1,1012.47,381.63,994.23,352.86,36.48,57.53,2098.38,0.63,Vertical Oblong,Red,"(8, 113, 117)",8,VISIBLE,-2.05,-0.38
44,4,car,0.5159,936.05,310.01,1000.82,374.4,968.43,342.21,64.77,64.39,4170.56,1.01,Spherical / Regular,Yellow,"(34, 125, 91)",4,VISIBLE,-0.6,-0.13
44,3,car,0.4984,440.81,309.51,479.58,350.15,460.2,329.83,38.77,40.63,1575.23,0.95,Spherical / Regular,Red,"(8, 49, 163)",3,VISIBLE,0.03,-0.2
44,7,car,0.2848,433.68,333.91,503.7,396.96,468.69,365.44,70.02,63.05,4415.13,1.11,Spherical / Regular,Red,"(6, 41, 188)",7,VISIBLE,-0.67,-0.13
44,12,car,0.9394,234.44,136.25,1254.17,707.7,744.3,421.97,1019.74,571.45,582733.62,1.78,Horizontal Oblong,Blue,"(97, 96, 90)",12,VISIBLE,-0.99,0.04
44,18,car,0.4971,0.11,176.05,32.34,303.64,16.22,239.85,32.23,127.6,4112.32,0.25,Vertical Oblong,Green,"(54, 37, 70)",18,VISIBLE,-8.76,0.5
44,17,car,0.8919,236.32,158.24,562.31,327.77,399.32,243.0,325.99,169.53,55264.61,1.92,Horizontal Oblong,Blue,"(95, 47, 84)",17,VISIBLE,-9.89,0.11
44,13,car,0.6598,943.74,136.14,1257.76,302.19,1100.75,219.16,314.02,166.05,52142.76,1.89,Horizontal Oblong,Orange,"(17, 58, 147)",13,VISIBLE,-2.22,-0.14
44,14,car,0.6551,1229.8,134.04,1279.48,253.55,1254.64,193.79,49.68,119.51,5937.65,0.42,Vertical Oblong,Orange,"(16, 48, 136)",14,VISIBLE,0.18,0.44
44,15,car,0.1981,1009.3,97.5,1245.61,185.73,1127.45,141.61,236.31,88.22,20847.81,2.68,Horizontal Oblong,Orange,"(17, 49, 134)",15,VISIBLE,2.01,2.99
45,1,car,0.9484,430.76,274.94,865.03,611.83,647.9,443.38,434.27,336.89,146301.55,1.29,Horizontal Oblong,Red,"(174, 121, 112)",1,VISIBLE,-0.32,-0.08
45,6,car,0.8512,1092.67,322.11,1210.96,392.17,1151.81,357.14,118.3,70.06,8288.5,1.69,Horizontal Oblong,Red,"(5, 120, 103)",6,VISIBLE,-1.25,-0.49
45,2,car,0.8258,800.61,314.7,880.2,394.32,840.41,354.51,79.59,79.63,6337.79,1.0,Spherical / Regular,Red,"(175, 59, 148)",2,VISIBLE,-0.18,-0.26
45,5,car,0.7406,863.38,326.56,934.93,386.16,899.15,356.36,71.55,59.6,4264.54,1.2,Spherical / Regular,Red,"(175, 47, 154)",5,VISIBLE,-0.84,-0.23
45,8,car,0.7305,976.09,323.64,1008.28,381.33,992.19,352.49,32.18,57.7,1856.93,0.56,Vertical Oblong,Red,"(9, 115, 115)",8,VISIBLE,-2.05,-0.38
45,4,car,0.5159,935.91,310.0,999.76,374.15,967.84,342.08,63.85,64.16,4096.62,1.0,Spherical / Regular,Orange,"(24, 126, 91)",4,VISIBLE,-0.6,-0.13
45,3,car,0.4984,440.72,309.36,479.73,349.92,460.23,329.64,39.01,40.56,1582.47,0.96,Spherical / Regular,Orange,"(10, 48, 163)",3,VISIBLE,0.03,-0.19
45,7,car,0.2848,432.74,333.63,503.28,396.97,468.01,365.3,70.54,63.34,4468.16,1.11,Spherical / Regular,Red,"(6, 41, 188)",7,VISIBLE,-0.68,-0.13
45,12,car,0.9395,232.16,136.11,1254.21,708.01,743.19,422.06,1022.05,571.9,584512.35,1.79,Horizontal Oblong,Blue,"(96, 96, 90)",12,VISIBLE,-1.08,0.07
45,18,car,0.4971,0.08,179.51,14.3,302.31,7.19,240.91,14.22,122.8,1746.65,0.12,Vertical Oblong,Green,"(54, 38, 67)",18,VISIBLE,-8.95,0.89
45,17,car,0.8853,223.26,157.88,554.53,328.72,388.9,243.3,331.27,170.85,56596.48,1.94,Horizontal Oblong,Blue,"(95, 47, 81)",17,VISIBLE,-10.26,0.24
45,13,car,0.655,941.66,136.05,1256.43,302.83,1099.05,219.44,314.77,166.78,52496.12,1.89,Horizontal Oblong,Orange,"(17, 58, 146)",13,VISIBLE,-1.86,0.15
45,14,car,0.6649,1230.32,134.1,1279.47,254.0,1254.89,194.05,49.15,119.9,5893.41,0.41,Vertical Oblong,Orange,"(17, 48, 129)",14,VISIBLE,0.23,0.31
45,15,car,0.2103,1009.82,97.37,1248.45,195.76,1129.13,146.56,238.63,98.39,23479.0,2.43,Horizontal Oblong,Orange,"(18, 48, 135)",15,VISIBLE,1.78,4.36
46,1,car,0.9484,429.39,274.03,865.76,612.57,647.58,443.3,436.36,338.54,147726.86,1.29,Horizontal Oblong,Red,"(175, 121, 112)",1,VISIBLE,-0.32,-0.08
46,6,car,0.8512,1091.57,321.68,1209.56,391.62,1150.57,356.65,117.99,69.94,8252.94,1.69,Horizontal Oblong,Red,"(5, 118, 104)",6,VISIBLE,-1.25,-0.49
46,2,car,0.8258,800.64,314.5,879.81,394.0,840.23,354.25,79.17,79.5,6293.83,1.0,Spherical / Regular,Red,"(175, 59, 148)",2,VISIBLE,-0.18,-0.26
46,5,car,0.7406,862.58,326.48,934.05,385.78,898.31,356.13,71.46,59.3,4238.1,1.21,Spherical / Regular,Red,"(175, 47, 155)",5,VISIBLE,-0.84,-0.23
46,8,car,0.7305,976.19,323.18,1004.08,381.04,990.14,352.11,27.89,57.87,1614.02,0.48,Vertical Oblong,Red,"(9, 115, 112)",8,VISIBLE,-2.05,-0.38
46,4,car,0.5159,935.77,309.98,998.71,373.91,967.24,341.95,62.93,63.93,4023.1,0.98,Spherical / Regular,Yellow,"(33, 127, 90)",4,VISIBLE,-0.6,-0.13
46,3,car,0.4984,440.62,309.2,479.89,349.68,460.25,329.44,39.26,40.49,1589.68,0.97,Spherical / Regular,Red,"(8, 48, 164)",3,VISIBLE,0.03,-0.2
46,7,car,0.2848,431.8,333.36,502.87,396.98,467.34,365.17,71.07,63.62,4521.49,1.12,Spherical / Regular,Red,"(6, 41, 188)",7,VISIBLE,-0.68,-0.13
46,12,car,0.9401,230.49,136.03,1254.65,708.15,742.57,422.09,1024.16,572.12,585937.54,1.79,Horizontal Oblong,Blue,"(98, 96, 90)",12,VISIBLE,-0.75,0.04
46,18,car,0.4971,-3.73,182.98,0.05,300.97,-1.84,241.97,3.78,117.99,446.12,0.03,Vertical Oblong,Neutral,"(0, 0, 0)",18,VISIBLE,-9.01,1.01
46,17,car,0.8762,209.53,157.82,546.64,329.96,378.08,243.89,337.11,172.14,58029.1,1.96,Horizontal Oblong,Blue,"(95, 45, 85)",17,VISIBLE,-10.65,0.49
46,13,car,0.6442,940.27,135.89,1255.46,304.13,1097.86,220.01,315.19,168.24,53026.5,1.87,Horizontal Oblong,Orange,"(17, 59, 147)",13,VISIBLE,-1.38,0.44
46,14,car,0.6426,1230.75,134.23,1279.46,254.0,1255.1,194.11,48.71,119.77,5834.17,0.41,Vertical Oblong,Orange,"(16, 48, 134)",14,VISIBLE,0.22,0.14
46,15,car,0.267,1011.74,97.37,1250.13,199.38,1130.94,148.38,238.39,102.01,24319.06,2.34,Horizontal Oblong,Orange,"(17, 49, 137)",15,VISIBLE,1.79,2.58
47,1,car,0.9484,428.03,273.13,866.48,613.32,647.26,443.22,438.45,340.2,149159.07,1.29,Horizontal Oblong,Red,"(175, 120, 112)",1,VISIBLE,-0.32,-0.08
47,6,car,0.8512,1090.48,321.25,1208.16,391.08,1149.32,356.16,117.69,69.83,8217.45,1.69,Horizontal Oblong,Red,"(5, 118, 104)",6,VISIBLE,-1.25,-0.49
47,2,car,0.8258,800.68,314.3,879.43,393.67,840.05,353.99,78.75,79.37,6249.97,0.99,Spherical / Regular,Red,"(175, 59, 148)",2,VISIBLE,-0.17,-0.26
47,5,car,0.7406,861.78,326.4,933.16,385.4,897.47,355.9,71.38,59.0,4211.71,1.21,Spherical / Regular,Red,"(175, 47, 155)",5,VISIBLE,-0.84,-0.23
47,8,car,0.7305,976.29,322.71,999.89,380.75,988.09,351.73,23.6,58.03,1369.67,0.41,Vertical Oblong,Red,"(9, 114, 108)",8,VISIBLE,-2.05,-0.38
47,4,car,0.5159,935.64,309.97,997.65,373.66,966.64,341.82,62.01,63.69,3950.01,0.97,Spherical / Regular,Orange,"(12, 126, 90)",4,VISIBLE,-0.6,-0.13
47,3,car,0.4984,440.53,309.04,480.04,349.45,460.28,329.25,39.51,40.42,1596.84,0.98,Spherical / Regular,Red,"(9, 47, 165)",3,VISIBLE,0.03,-0.2
47,7,car,0.2848,430.87,333.08,502.46,396.99,466.66,365.04,71.59,63.91,4575.12,1.12,Spherical / Regular,Red,"(5, 43, 188)",7,VISIBLE,-0.67,-0.13
47,12,car,0.9393,227.86,136.18,1254.79,708.2,741.32,422.19,1026.93,572.02,587425.28,1.8,Horizontal Oblong,Blue,"(98, 96, 90)",12,VISIBLE,-1.1,0.08
47,18,car,0.4971,-21.76,186.44,0.02,299.63,-10.87,243.04,21.79,113.19,2465.98,0.19,Vertical Oblong,Neutral,"(0, 0, 0)",18,VISIBLE,-9.02,1.05
47,17,car,0.894,194.79,157.99,537.95,331.03,366.37,244.51,343.16,173.05,59381.92,1.98,Horizontal Oblong,Blue,"(95, 45, 85)",17,VISIBLE,-11.39,0.58
47,13,car,0.6227,938.81,135.84,1254.36,305.2,1096.59,220.52,315.55,169.36,53442.32,1.86,Horizontal Oblong,Orange,"(17, 59, 146)",13,VISIBLE,-1.31,0.49
47,14,car,0.6965,1231.03,134.18,1279.44,252.42,1255.24,193.3,48.41,118.24,5724.48,0.41,Vertical Oblong,Orange,"(18, 48, 127)",14,VISIBLE,0.16,-0.53
47,15,car,0.3193,1009.11,96.2,1254.35,210.02,1131.73,153.11,245.23,113.82,27911.86,2.15,Horizontal Oblong,Orange,"(17, 51, 137)",15,VISIBLE,1.09,4.09
48,12,car,0.9323,225.04,137.17,1254.81,708.27,739.92,422.72,1029.77,571.1,588097.5,1.8,Horizontal Oblong,Blue,"(98, 96, 90)",12,VISIBLE,-1.31,0.4
48,18,car,0.4971,-39.8,189.91,-0.01,298.3,-19.9,244.1,39.79,108.39,4312.94,0.37,Vertical Oblong,Neutral,"(0, 0, 0)",18,VISIBLE,-9.03,1.06
48,17,car,0.908,180.0,158.14,529.31,332.11,354.66,245.12,349.31,173.97,60770.47,2.01,Horizontal Oblong,Blue,"(95, 45, 86)",17,VISIBLE,-11.62,0.6
48,13,car,0.6241,937.93,136.0,1253.1,304.52,1095.51,220.26,315.17,168.52,53111.6,1.87,Horizontal Oblong,Orange,"(17, 59, 147)",13,VISIBLE,-1.14,-0.03
48,14,car,0.7323,1231.07,134.16,1279.43,250.38,1255.25,192.27,48.36,116.22,5620.76,0.42,Vertical Oblong,Orange,"(17, 46, 125)",14,VISIBLE,0.06,-0.88
48,15,car,0.3222,1010.97,96.47,1253.69,210.76,1132.33,153.62,242.72,114.29,27741.0,2.12,Horizontal Oblong,Orange,"(17, 51, 137)",15,VISIBLE,0.75,1.58
49,12,car,0.9332,222.45,138.18,1254.56,708.35,738.51,423.26,1032.1,570.17,588471.52,1.81,Horizontal Oblong,Blue,"(97, 96, 89)",12,VISIBLE,-1.39,0.5
49,18,car,0.4971,-57.83,193.37,-0.03,296.96,-28.93,245.17,57.8,103.59,5986.98,0.56,Vertical Oblong,Neutral,"(0, 0, 0)",18,VISIBLE,-9.03,1.06
49,17,car,0.9299,164.92,158.41,520.12,334.44,342.52,246.43,355.2,176.03,62526.82,2.02,Horizontal Oblong,Blue,"(95, 45, 84)",17,VISIBLE,-11.98,1.09
49,13,car,0.6437,937.47,136.11,1251.5,303.29,1094.48,219.7,314.03,167.18,52499.27,1.88,Horizontal Oblong,Orange,"(18, 58, 147)",13,VISIBLE,-1.06,-0.4
49,14,car,0.7669,1231.02,134.15,1279.42,248.91,1255.22,191.53,48.4,114.76,5554.66,0.42,Vertical Oblong,Orange,"(21, 45, 123)",14,VISIBLE,-0.0,-0.78
49,15,car,0.3044,1011.55,96.74,1252.9,213.01,1132.23,154.88,241.35,116.27,28061.1,2.08,Horizontal Oblong,Orange,"(18, 52, 136)",15,VISIBLE,0.15,1.36
50,12,car,0.9354,218.38,139.48,1254.0,707.18,736.19,423.33,1035.62,567.7,587919.0,1.82,Horizontal Oblong,Blue,"(98, 97, 90)",12,VISIBLE,-2.04,0.2
50,18,car,0.4971,-75.86,196.84,-0.06,295.62,-37.96,246.23,75.8,98.79,7488.12,0.77,Vertical Oblong,Neutral,"(0, 0, 0)",18,VISIBLE,-9.03,1.06
50,17,car,0.9221,149.27,158.61,509.09,336.62,329.18,247.62,359.82,178.0,64047.54,2.02,Horizontal Oblong,Blue,"(95, 45, 83)",17,VISIBLE,-12.93,1.16
50,13,car,0.637,937.62,136.19,1249.78,301.41,1093.7,218.8,312.16,165.22,51576.51,1.89,Horizontal Oblong,Orange,"(17, 58, 148)",13,VISIBLE,-0.87,-0.75
50,14,car,0.7545,1230.84,134.15,1279.4,248.25,1255.12,191.2,48.56,114.11,5541.55,0.43,Vertical Oblong,Blue,"(93, 45, 121)",14,VISIBLE,-0.07,-0.47
50,15,car,0.33,1011.82,97.08,1252.11,215.3,1131.97,156.19,240.29,118.22,28407.74,2.03,Horizontal Oblong,Orange,"(17, 52, 136)",15,VISIBLE,-0.14,1.33
51,12,car,0.9364,215.04,141.86,1253.48,706.63,734.26,424.25,1038.44,564.76,586474.28,1.84,Horizontal Oblong,Blue,"(98, 96, 90)",12,VISIBLE,-1.96,0.7
51,18,car,0.4971,-93.9,200.3,-0.09,294.29,-46.99,247.29,93.8,93.99,8816.35,1.0,Spherical / Regular,Neutral,"(0, 0, 0)",18,VISIBLE,-9.03,1.06
51,17,car,0.9277,133.25,159.21,497.15,338.41,315.2,248.81,363.9,179.21,65212.74,2.03,Horizontal Oblong,Blue,"(95, 45, 79)",17,VISIBLE,-13.67,1.18
51,13,car,0.6387,937.61,136.19,1248.11,299.22,1092.86,217.71,310.49,163.03,50620.68,1.9,Horizontal Oblong,Orange,"(17, 58, 148)",13,VISIBLE,-0.85,-0.99
51,14,car,0.7286,1230.44,134.26,1279.4,249.71,1254.92,191.99,48.96,115.45,5652.82,0.42,Vertical Oblong,Blue,"(93, 44, 120)",14,VISIBLE,-0.16,0.41
51,15,car,0.3354,1009.45,96.2,1252.07,216.84,1130.76,156.52,242.62,120.64,29268.64,2.01,Horizontal Oblong,Orange,"(17, 53, 136)",15,VISIBLE,-0.88,0.63
52,12,car,0.9358,211.1,143.97,1253.08,706.11,732.09,425.04,1041.98,562.15,585746.94,1.85,Horizontal Oblong,Blue,"(98, 96, 90)",12,VISIBLE,-2.11,0.77
52,18,car,0.4971,-111.93,203.77,-0.12,292.95,-56.02,248.36,111.81,89.18,9971.68,1.25,Horizontal Oblong,Neutral,"(0, 0, 0)",18,VISIBLE,-9.03,1.06
52,17,car,0.9221,117.46,159.62,485.29,339.98,301.38,249.8,367.83,180.36,66342.99,2.04,Horizontal Oblong,Blue,"(95, 44, 74)",17,VISIBLE,-13.78,1.05
52,13,car,0.6453,937.47,136.47,1246.1,296.09,1091.79,216.28,308.63,159.62,49263.24,1.93,Horizontal Oblong,Orange,"(17, 57, 149)",13,VISIBLE,-1.01,-1.3
52,14,car,0.7024,1229.98,134.42,1279.41,251.75,1254.7,193.09,49.43,117.33,5799.44,0.42,Vertical Oblong,Blue,"(93, 46, 118)",14,VISIBLE,-0.21,0.89
52,15,car,0.3578,1009.6,95.87,1252.15,217.75,1130.88,156.81,242.54,121.88,29561.62,1.99,Horizontal Oblong,Orange,"(17, 53, 136)",15,VISIBLE,-0.18,0.39
53,12,car,0.9363,208.3,145.45,1252.71,705.9,730.51,425.68,1044.41,560.45,585339.1,1.86,Horizontal Oblong,Blue,"(97, 97, 90)",12,VISIBLE,-1.74,0.67
53,18,car,0.4971,-129.96,207.23,-0.15,291.61,-65.06,249.42,129.81,84.38,10954.09,1.54,Horizontal Oblong,Neutral,"(0, 0, 0)",18,VISIBLE,-9.03,1.06
53,17,car,0.9129,101.3,159.94,473.38,342.01,287.34,250.98,372.08,182.07,67742.56,2.04,Horizontal Oblong,Blue,"(95, 43, 68)",17,VISIBLE,-13.96,1.14
53,13,car,0.6718,937.96,136.45,1244.71,293.19,1091.33,214.82,306.74,156.74,48080.16,1.96,Horizontal Oblong,Orange,"(18, 56, 150)",13,VISIBLE,-0.62,-1.41
53,14,car,0.6966,1229.53,134.5,1279.41,251.82,1254.47,193.16,49.87,117.32,5851.15,0.43,Vertical Oblong,Blue,"(93, 44, 102)",14,VISIBLE,-0.22,0.32
53,15,car,0.403,1010.49,95.79,1251.63,217.16,1131.06,156.48,241.14,121.38,29268.26,1.99,Horizontal Oblong,Orange,"(18, 53, 135)",15,VISIBLE,0.07,-0.12
54,12,car,0.9324,205.81,145.24,1252.48,706.06,729.15,425.65,1046.68,560.82,586996.33,1.87,Horizontal Oblong,Blue,"(98, 96, 90)",12,VISIBLE,-1.47,0.18
54,18,car,0.4971,-148.0,210.7,-0.18,290.28,-74.09,250.49,147.82,79.58,11763.6,1.86,Horizontal Oblong,Neutral,"(0, 0, 0)",18,VISIBLE,-9.03,1.07
54,17,car,0.913,85.34,159.92,461.86,343.64,273.6,251.78,376.52,183.72,69172.4,2.05,Horizontal Oblong,Blue,"(98, 42, 66)",17,VISIBLE,-13.81,0.9
54,13,car,0.6843,938.24,136.46,1243.46,290.48,1090.85,213.47,305.22,154.02,47010.05,1.98,Horizontal Oblong,Orange,"(17, 56, 151)",13,VISIBLE,-0.52,-1.37
54,14,car,0.6954,1229.07,134.47,1279.4,251.54,1254.23,193.01,50.33,117.08,5892.95,0.43,Vertical Oblong,Blue,"(94, 43, 97)",14,VISIBLE,-0.23,-0.01
54,15,car,0.4502,1011.68,96.13,1251.2,217.66,1131.44,156.9,239.51,121.53,29107.15,1.97,Horizontal Oblong,Orange,"(17, 55, 135)",15,VISIBLE,0.29,0.26
55,12,car,0.9297,204.06,144.07,1252.75,707.43,728.4,425.75,1048.69,563.36,590792.37,1.86,Horizontal Oblong,Blue,"(98, 96, 90)",12,VISIBLE,-0.96,0.13
55,18,car,0.4971,-166.03,214.16,-0.21,288.94,-83.12,251.55,165.82,74.78,12400.2,2.22,Horizontal Oblong,Neutral,"(0, 0, 0)",18,VISIBLE,-9.03,1.06
55,17,car,0.9129,68.38,159.63,449.44,344.44,258.91,252.03,381.06,184.81,70424.57,2.06,Horizontal Oblong,Blue,"(98, 42, 64)",17,VISIBLE,-14.42,0.45
55,13,car,0.667,936.71,136.45,1242.56,287.79,1089.64,212.12,305.84,151.34,46285.97,2.02,Horizontal Oblong,Orange,"(17, 56, 153)",13,VISIBLE,-1.01,-1.36
55,14,car,0.7021,1228.6,134.73,1279.4,250.54,1254.0,192.64,50.8,115.81,5882.68,0.44,Vertical Oblong,Blue,"(94, 43, 98)",14,VISIBLE,-0.23,-0.26
55,15,car,0.426,1011.97,96.33,1250.16,218.17,1131.07,157.25,238.2,121.84,29022.19,1.95,Horizontal Oblong,Orange,"(17, 57, 134)",15,VISIBLE,-0.18,0.33
56,12,car,0.9278,204.41,145.39,1252.62,707.24,728.51,426.31,1048.21,561.86,588943.82,1.87,Horizontal Oblong,Blue,"(98, 96, 90)",12,VISIBLE,-0.21,0.43
56,18,car,0.4971,-184.06,217.63,-0.23,287.6,-92.15,252.61,183.83,69.98,12863.9,2.63,Horizontal Oblong,Neutral,"(0, 0, 0)",18,VISIBLE,-9.03,1.06
56,17,car,0.9228,51.61,159.39,437.12,345.79,244.36,252.59,385.51,186.4,71859.93,2.07,Horizontal Oblong,Blue,"(95, 42, 64)",17,VISIBLE,-14.51,0.52
56,13,car,0.6616,935.11,136.33,1241.53,286.81,1088.32,211.57,306.42,150.48,46109.53,2.04,Horizontal Oblong,Orange,"(17, 56, 153)",13,VISIBLE,-1.22,-0.79
56,14,car,0.6898,1228.25,134.98,1279.4,249.88,1253.82,192.43,51.15,114.9,5876.96,0.45,Vertical Oblong,Blue,"(95, 43, 97)",14,VISIBLE,-0.19,-0.22
56,15,car,0.4601,1011.64,96.5,1249.37,219.9,1130.51,158.2,237.73,123.4,29336.61,1.93,Horizontal Oblong,Orange,"(17, 57, 135)",15,VISIBLE,-0.44,0.76
57,12,car,0.9248,204.85,147.33,1252.06,707.13,728.46,427.23,1047.2,559.8,586223.33,1.87,Horizontal Oblong,Blue,"(98, 96, 90)",12,VISIBLE,-0.11,0.77
57,17,car,0.9285,34.37,159.19,424.9,347.94,229.63,253.56,390.53,188.75,73713.64,2.07,Horizontal Oblong,Blue,"(98, 42, 64)",17,VISIBLE,-14.66,0.84
57,13,car,0.6666,933.59,136.12,1240.14,286.33,1086.87,211.23,306.55,150.21,46045.34,2.04,Horizontal Oblong,Orange,"(18, 55, 152)",13,VISIBLE,-1.39,-0.48
57,14,car,0.6728,1228.04,135.18,1279.41,250.29,1253.72,192.73,51.36,115.11,5912.36,0.45,Vertical Oblong,Blue,"(95, 42, 91)",14,VISIBLE,-0.13,0.15
57,15,car,0.459,1010.85,96.71,1248.4,220.1,1129.62,158.4,237.55,123.39,29310.3,1.93,Horizontal Oblong,Orange,"(17, 56, 135)",15,VISIBLE,-0.75,0.37
57,19,car,0.5089,470.15,129.04,830.98,281.86,650.56,205.45,360.83,152.82,55141.56,2.36,Horizontal Oblong,Blue,"(96, 47, 119)",19,VISIBLE,0.0,0.0
58,12,car,0.9261,197.73,146.61,1250.38,707.69,724.06,427.15,1052.65,561.08,590622.7,1.88,Horizontal Oblong,Blue,"(98, 97, 90)",12,VISIBLE,-3.11,0.18
58,17,car,0.9163,18.05,158.84,412.74,350.89,215.4,254.87,394.7,192.05,75800.46,2.06,Horizontal Oblong,Blue,"(99, 42, 64)",17,VISIBLE,-14.37,1.16
58,13,car,0.6785,931.13,136.01,1239.36,287.65,1085.24,211.83,308.22,151.64,46738.78,2.03,Horizontal Oblong,Orange,"(17, 55, 152)",13,VISIBLE,-1.55,0.28
58,14,car,0.659,1227.75,135.12,1279.41,250.78,1253.58,192.95,51.67,115.67,5976.22,0.45,Vertical Oblong,Blue,"(95, 42, 96)",14,VISIBLE,-0.14,0.19
58,15,car,0.5004,1011.4,96.78,1247.43,218.18,1129.42,157.48,236.03,121.39,28652.3,1.94,Horizontal Oblong,Orange,"(17, 58, 133)",15,VISIBLE,-0.37,-0.54
58,19,car,0.5844,475.34,128.63,829.01,274.59,652.18,201.61,353.67,145.97,51623.61,2.42,Horizontal Oblong,Blue,"(96, 47, 121)",19,VISIBLE,1.61,-3.84
59,12,car,0.9242,197.25,147.9,1250.63,708.13,723.94,428.02,1053.38,560.22,590126.92,1.88,Horizontal Oblong,Blue,"(98, 96, 90)",12,VISIBLE,-1.01,0.66
59,17,car,0.9151,1.86,158.47,400.15,353.08,201.0,255.78,398.29,194.61,77509.71,2.05,Horizontal Oblong,Blue,"(98, 42, 64)",17,VISIBLE,-14.38,0.99
59,13,car,0.6528,928.13,135.93,1239.34,289.04,1083.74,212.48,311.21,153.11,47649.86,2.03,Horizontal Oblong,Orange,"(18, 55, 151)",13,VISIBLE,-1.52,0.54
59,14,car,0.6546,1227.5,134.86,1279.43,251.52,1253.47,193.19,51.93,116.66,6058.43,0.45,Vertical Oblong,Blue,"(95, 41, 98)",14,VISIBLE,-0.12,0.23
59,15,car,0.4638,1011.95,96.9,1246.95,217.33,1129.45,157.11,235.01,120.43,28301.35,1.95,Horizontal Oblong,Orange,"(17, 57, 131)",15,VISIBLE,-0.09,-0.42
59,19,car,0.4795,475.63,128.07,825.78,272.1,650.71,200.08,350.15,144.03,50434.09,2.43,Horizontal Oblong,Blue,"(96, 47, 122)",19,VISIBLE,-0.55,-2.22
60,12,car,0.9213,196.55,149.57,1250.58,708.41,723.56,428.99,1054.03,558.84,589033.27,1.89,Horizontal Oblong,Blue,"(98, 97, 90)",12,VISIBLE,-0.57,0.88
60,17,car,0.9096,-8.06,158.61,386.65,354.1,189.29,256.36,394.71,195.49,77162.36,2.02,Horizontal Oblong,Blue,"(99, 42, 63)",17,VISIBLE,-12.51,0.7
60,13,car,0.6217,926.23,135.92,1238.88,290.19,1082.55,213.06,312.65,154.26,48231.33,2.03,Horizontal Oblong,Orange,"(17, 55, 151)",13,VISIBLE,-1.28,0.56
60,14,car,0.6421,1227.34,134.69,1279.45,252.91,1253.39,193.8,52.11,118.22,6160.53,0.44,Vertical Oblong,Blue,"(95, 41, 97)",14,VISIBLE,-0.09,0.49
60,15,car,0.4357,1012.25,97.05,1246.84,219.71,1129.55,158.38,234.59,122.65,28773.19,1.91,Horizontal Oblong,Orange,"(17, 57, 133)",15,VISIBLE,0.04,0.76
60,19,car,0.5701,455.67,128.79,823.3,287.47,639.48,208.13,367.63,158.67,58332.32,2.32,Horizontal Oblong,Blue,"(96, 48, 119)",19,VISIBLE,-8.02,4.97
61,12,car,0.9314,188.44,148.83,1250.22,709.25,719.33,429.04,1061.78,560.42,595045.34,1.89,Horizontal Oblong,Blue,"(98, 98, 90)",12,VISIBLE,-3.13,0.3
61,17,car,0.9244,-12.63,158.97,368.87,356.6,178.12,257.79,381.5,197.63,75394.63,1.93,Horizontal Oblong,Blue,"(99, 42, 64)",17,VISIBLE,-11.58,1.21
61,13,car,0.6217,924.39,135.87,1238.13,290.32,1081.26,213.1,313.74,154.45,48458.06,2.03,Horizontal Oblong,Orange,"(18, 55, 151)",13,VISIBLE,-1.29,0.2
61,14,car,0.6408,1230.18,136.9,1279.46,260.61,1254.82,198.76,49.29,123.71,6097.29,0.4,Vertical Oblong,Blue,"(98, 41, 88)",14,VISIBLE,0.97,3.62
61,15,car,0.5139,1012.71,97.25,1247.66,245.92,1130.19,171.59,234.95,148.67,34929.05,1.58,Horizontal Oblong,Orange,"(17, 57, 144)",15,VISIBLE,0.46,9.47
61,19,car,0.6359,454.12,129.37,819.47,283.97,636.8,206.67,365.35,154.6,56483.94,2.36,Horizontal Oblong,Blue,"(96, 47, 120)",19,VISIBLE,-4.29,0.47
62,12,car,0.9329,182.73,148.02,1249.36,709.86,716.04,428.94,1066.63,561.84,599279.5,1.9,Horizontal Oblong,Blue,"(99, 99, 91)",12,VISIBLE,-3.24,0.02
62,17,car,0.918,-13.68,159.43,352.62,358.19,169.47,258.81,366.29,198.76,72804.37,1.84,Horizontal Oblong,Blue,"(100, 42, 64)",17,VISIBLE,-9.53,1.08
62,13,car,0.6217,922.55,135.81,1237.38,290.45,1079.97,213.13,314.83,154.64,48685.21,2.04,Horizontal Oblong,Orange,"(17, 55, 151)",13,VISIBLE,-1.29,0.08
62,14,car,0.6525,1231.95,138.08,1279.48,266.4,1255.71,202.24,47.52,128.32,6098.16,0.37,Vertical Oblong,Blue,"(98, 41, 94)",14,VISIBLE,0.92,3.52
62,15,car,0.5435,1013.46,97.53,1248.62,268.25,1131.04,182.89,235.15,170.72,40146.25,1.38,Horizontal Oblong,Orange,"(16, 59, 143)",15,VISIBLE,0.74,10.76
62,19,car,0.5093,442.64,129.71,816.35,287.62,629.49,208.66,373.71,157.91,59012.84,2.37,Horizontal Oblong,Blue,"(96, 47, 119)",19,VISIBLE,-6.4,1.54
63,12,car,0.9339,178.55,147.85,1247.91,710.38,713.23,429.12,1069.36,562.53,601544.46,1.9,Horizontal Oblong,Blue,"(98, 99, 91)",12,VISIBLE,-2.94,0.13
63,17,car,0.908,-12.6,159.55,338.1,359.29,162.75,259.42,350.7,199.73,70047.4,1.76,Horizontal Oblong,Blue,"(99, 42, 64)",17,VISIBLE,-7.56,0.75
63,13,car,0.6217,920.71,135.76,1236.63,290.59,1078.67,213.17,315.92,154.83,48912.76,2.04,Horizontal Oblong,Orange,"(17, 55, 151)",13,VISIBLE,-1.29,0.06
63,14,car,0.6362,1233.08,138.66,1279.49,269.96,1256.29,204.31,46.41,131.29,6092.96,0.35,Vertical Oblong,Blue,"(98, 42, 94)",14,VISIBLE,0.67,2.51
63,15,car,0.552,1013.94,97.83,1249.42,283.44,1131.68,190.63,235.48,185.61,43707.13,1.27,Horizontal Oblong,Orange,"(16, 59, 142)",15,VISIBLE,0.67,8.65
63,19,car,0.5486,430.75,129.73,812.96,296.29,621.85,213.01,382.21,166.56,63660.34,2.29,Horizontal Oblong,Blue,"(96, 49, 119)",19,VISIBLE,-7.27,3.5
64,12,car,0.9355,177.7,146.93,1247.05,710.6,712.38,428.76,1069.35,563.67,602761.49,1.9,Horizontal Oblong,Blue,"(98, 99, 91)",12,VISIBLE,-1.48,-0.21
64,17,car,0.9109,-10.55,160.35,324.28,360.51,156.86,260.43,334.83,200.16,67020.92,1.67,Horizontal Oblong,Blue,"(99, 42, 64)",17,VISIBLE,-6.39,0.93
64,13,car,0.6217,918.88,135.7,1235.88,290.72,1077.38,213.21,317.0,155.02,49140.72,2.04,Horizontal Oblong,Orange,"(17, 55, 152)",13,VISIBLE,-1.29,0.04
64,14,car,0.636,1232.28,136.77,1279.6,270.52,1255.94,203.65,47.32,133.76,6329.64,0.35,Vertical Oblong,Blue,"(98, 42, 96)",14,VISIBLE,-0.04,0.29
64,15,car,0.5452,1012.78,98.01,1249.89,292.39,1131.33,195.2,237.11,194.38,46089.98,1.22,Spherical / Regular,Orange,"(16, 58, 141)",15,VISIBLE,-0.04,5.79
64,19,car,0.4116,419.91,129.68,810.79,306.24,615.35,217.96,390.88,176.56,69012.21,2.21,Horizontal Oblong,Blue,"(97, 50, 118)",19,VISIBLE,-6.73,4.52
65,12,car,0.9328,177.0,145.99,1246.69,710.8,711.84,428.4,1069.69,564.81,604173.0,1.89,Horizontal Oblong,Blue,"(98, 100, 91)",12,VISIBLE,-0.82,-0.32
65,17,car,0.9115,-8.16,159.76,311.33,361.87,151.58,260.82,319.5,202.11,64574.67,1.58,Horizontal Oblong,Blue,"(98, 41, 64)",17,VISIBLE,-5.61,0.55
65,13,car,0.6217,917.04,135.65,1235.13,290.85,1076.09,213.25,318.09,155.2,49369.09,2.05,Horizontal Oblong,Orange,"(18, 55, 152)",13,VISIBLE,-1.29,0.04
65,14,car,0.6426,1232.58,137.36,1279.58,271.09,1256.08,204.23,47.0,133.73,6285.31,0.35,Vertical Oblong,Blue,"(98, 43, 91)",14,VISIBLE,0.09,0.49
65,15,car,0.6036,1011.17,98.05,1250.53,298.04,1130.85,198.05,239.36,199.99,47870.65,1.2,Spherical / Regular,Orange,"(17, 58, 139)",15,VISIBLE,-0.35,3.73
65,19,car,0.4347,411.61,129.68,808.21,309.03,609.91,219.35,396.59,179.35,71129.58,2.21,Horizontal Oblong,Blue,"(96, 51, 117)",19,VISIBLE,-5.83,2.33
65,20,car,0.1543,515.85,128.18,807.67,203.79,661.76,165.99,291.82,75.61,22064.22,3.86,Horizontal Oblong,Blue,"(90, 40, 95)",20,VISIBLE,0.0,0.0
66,12,car,0.9307,176.15,144.99,1245.93,710.75,711.04,427.87,1069.79,565.76,605247.11,1.89,Horizontal Oblong,Blue,"(98, 101, 92)",12,VISIBLE,-0.81,-0.46
66,17,car,0.9115,-5.88,159.74,298.22,362.69,146.17,261.21,304.09,202.94,61714.03,1.5,Horizontal Oblong,Blue,"(100, 41, 64)",17,VISIBLE,-5.47,0.44
66,13,car,0.6217,915.2,135.59,1234.38,290.99,1074.79,213.29,319.18,155.39,49597.87,2.05,Horizontal Oblong,Orange,"(17, 55, 153)",13,VISIBLE,-1.29,0.04
66,14,car,0.6504,1231.95,135.35,1279.65,270.13,1255.8,202.74,47.7,134.78,6428.89,0.35,Vertical Oblong,Blue,"(98, 43, 95)",14,VISIBLE,-0.17,-0.89
66,15,car,0.6612,1008.44,98.18,1251.12,300.52,1129.78,199.35,242.68,202.34,49104.1,1.2,Spherical / Regular,Orange,"(16, 58, 139)",15,VISIBLE,-0.85,2.03
66,19,car,0.3501,407.46,129.94,805.08,307.01,606.27,218.47,397.62,177.07,70407.02,2.25,Horizontal Oblong,Blue,"(98, 51, 117)",19,VISIBLE,-4.3,0.08
66,20,car,0.197,513.48,128.28,805.39,204.51,659.44,166.39,291.91,76.23,22252.95,3.83,Horizontal Oblong,Blue,"(93, 40, 95)",20,VISIBLE,-2.33,0.41
67,12,car,0.9327,172.82,143.83,1244.55,710.88,708.69,427.36,1071.72,567.05,607719.49,1.89,Horizontal Oblong,Blue,"(98, 102, 91)",12,VISIBLE,-1.89,-0.5
67,17,car,0.9241,-3.73,159.67,285.45,364.43,140.86,262.05,289.18,204.76,59214.31,1.41,Horizontal Oblong,Blue,"(98, 41, 64)",17,VISIBLE,-5.36,0.72
67,13,car,0.6217,913.37,135.54,1233.63,291.12,1073.5,213.33,320.26,155.58,49827.06,2.06,Horizontal Oblong,Orange,"(17, 55, 152)",13,VISIBLE,-1.29,0.04
67,14,car,0.6339,1231.36,134.05,1279.69,269.45,1255.53,201.75,48.33,135.4,6544.39,0.36,Vertical Oblong,Blue,"(98, 44, 99)",14,VISIBLE,-0.24,-0.96
67,15,car,0.6095,1005.84,98.28,1251.72,300.79,1128.78,199.53,245.88,202.51,49792.67,1.21,Spherical / Regular,Orange,"(17, 59, 137)",15,VISIBLE,-0.96,0.74
67,19,car,0.2695,403.04,130.11,800.8,308.49,601.92,219.3,397.76,178.38,70952.55,2.23,Horizontal Oblong,Blue,"(98, 51, 118)",19,VISIBLE,-4.33,0.6
67,20,car,0.2696,510.64,128.51,801.78,205.07,656.21,166.79,291.14,76.56,22290.78,3.8,Horizontal Oblong,Blue,"(90, 40, 83)",20,VISIBLE,-2.95,0.4
68,12,car,0.9276,160.09,142.15,1242.31,711.15,701.2,426.65,1082.23,569.0,615787.02,1.9,Horizontal Oblong,Blue,"(98, 102, 92)",12,VISIBLE,-5.81,-0.64
68,17,car,0.9087,-2.05,159.55,272.76,366.41,135.36,262.98,274.8,206.87,56847.37,1.33,Horizontal Oblong,Blue,"(100, 41, 65)",17,VISIBLE,-5.46,0.87
68,13,car,0.6217,911.53,135.48,1232.88,291.25,1072.2,213.37,321.35,155.77,50056.66,2.06,Horizontal Oblong,Orange,"(17, 55, 152)",13,VISIBLE,-1.29,0.04
68,14,car,0.6505,1230.83,133.29,1279.72,269.04,1255.27,201.17,48.89,135.76,6636.44,0.36,Vertical Oblong,Blue,"(98, 44, 101)",14,VISIBLE,-0.25,-0.7
68,15,car,0.6228,1003.56,98.37,1252.16,300.07,1127.86,199.22,248.6,201.7,50141.61,1.23,Horizontal Oblong,Orange,"(16, 59, 137)",15,VISIBLE,-0.93,0.0
68,19,car,0.1947,395.48,129.91,796.64,309.77,596.06,219.84,401.16,179.86,72150.13,2.23,Horizontal Oblong,Blue,"(98, 52, 118)",19,VISIBLE,-5.4,0.56
68,20,car,0.2696,509.13,128.61,800.0,205.38,654.57,166.99,290.87,76.77,22330.8,3.79,Horizontal Oblong,Blue,"(93, 39, 95)",20,VISIBLE,-2.04,0.26
69,12,car,0.9298,147.05,140.22,1239.52,711.15,693.28,425.68,1092.48,570.94,623734.15,1.91,Horizontal Oblong,Blue,"(97, 102, 91)",12,VISIBLE,-7.28,-0.87
69,17,car,0.9042,-0.9,159.54,259.71,368.44,129.41,263.99,260.61,208.9,54442.33,1.25,Horizontal Oblong,Blue,"(99, 41, 65)",17,VISIBLE,-5.8,0.97
69,13,car,0.6217,909.69,135.43,1232.13,291.39,1070.91,213.41,322.44,155.96,50286.66,2.07,Horizontal Oblong,Orange,"(17, 55, 152)",13,VISIBLE,-1.29,0.04
69,14,car,0.6575,1230.6,133.01,1279.72,268.67,1255.16,200.84,49.12,135.66,6664.06,0.36,Vertical Oblong,Blue,"(98, 44, 97)",14,VISIBLE,-0.15,-0.44
69,15,car,0.6273,1001.33,98.33,1252.64,299.04,1126.98,198.69,251.31,200.71,50440.23,1.25,Horizontal Oblong,Orange,"(17, 59, 136)",15,VISIBLE,-0.89,-0.37
69,19,car,0.1947,388.62,129.96,793.2,311.96,590.91,220.96,404.58,182.0,73632.86,2.22,Horizontal Oblong,Blue,"(97, 51, 118)",19,VISIBLE,-5.23,0.95
69,20,car,0.1783,503.36,128.53,794.53,205.05,648.94,166.79,291.17,76.52,22279.58,3.81,Horizontal Oblong,Blue,"(90, 40, 98)",20,VISIBLE,-4.55,-0.06
70,12,car,0.9357,139.07,139.49,1236.65,711.02,687.86,425.26,1097.58,571.53,627297.73,1.92,Horizontal Oblong,Blue,"(98, 103, 92)",12,VISIBLE,-5.98,-0.56
70,17,car,0.9022,-0.03,159.1,246.8,370.41,123.38,264.75,246.83,211.31,52157.2,1.17,Spherical / Regular,Blue,"(100, 41, 66)",17,VISIBLE,-5.96,0.83
70,13,car,0.6217,907.85,135.37,1231.38,291.52,1069.62,213.45,323.53,156.15,50517.08,2.07,Horizontal Oblong,Orange,"(17, 54, 154)",13,VISIBLE,-1.29,0.04
70,14,car,0.6689,1229.85,131.67,1279.73,268.33,1254.79,200.0,49.88,136.66,6816.72,0.36,Vertical Oblong,Blue,"(98, 44, 102)",14,VISIBLE,-0.31,-0.72
70,15,car,0.643,999.24,98.38,1252.85,297.96,1126.05,198.17,253.61,199.58,50615.32,1.27,Horizontal Oblong,Orange,"(16, 59, 137)",15,VISIBLE,-0.93,-0.47
70,19,car,0.1947,381.76,130.02,789.75,314.16,585.76,222.09,408.0,184.14,75130.27,2.22,Horizontal Oblong,Blue,"(98, 51, 118)",19,VISIBLE,-5.18,1.08
70,20,car,0.1783,500.41,128.57,791.5,205.14,645.96,166.86,291.09,76.57,22288.85,3.8,Horizontal Oblong,Blue,"(100, 40, 105)",20,VISIBLE,-3.46,0.03
71,12,car,0.9373,135.97,139.62,1235.21,711.27,685.59,425.44,1099.23,571.65,628379.8,1.92,Horizontal Oblong,Blue,"(98, 104, 92)",12,VISIBLE,-3.38,-0.04
71,17,car,0.9026,0.3,159.79,233.94,371.02,117.12,265.4,233.64,211.24,49352.93,1.11,Spherical / Regular,Blue,"(100, 41, 66)",17,VISIBLE,-6.17,0.7
71,13,car,0.6217,906.02,135.32,1230.63,291.65,1068.32,213.48,324.61,156.33,50747.91,2.08,Horizontal Oblong,Orange,"(17, 55, 154)",13,VISIBLE,-1.29,0.04
71,14,car,0.6822,1229.19,130.55,1279.73,268.12,1254.46,199.34,50.54,137.57,6952.46,0.37,Vertical Oblong,Blue,"(98, 45, 105)",14,VISIBLE,-0.32,-0.68
71,15,car,0.6576,997.47,98.41,1253.13,296.74,1125.3,197.57,255.65,198.32,50701.44,1.29,Horizontal Oblong,Orange,"(16, 59, 137)",15,VISIBLE,-0.8,-0.56
71,19,car,0.1947,374.9,130.07,786.31,316.36,580.6,223.21,411.42,186.29,76642.34,2.21,Horizontal Oblong,Blue,"(98, 51, 118)",19,VISIBLE,-5.16,1.11
71,20,car,0.1594,496.04,127.96,787.57,203.15,641.81,165.55,291.53,75.19,21919.25,3.88,Horizontal Oblong,Blue,"(90, 39, 108)",20,VISIBLE,-3.94,-0.9
72,12,car,0.9349,132.48,139.64,1232.72,711.53,682.6,425.59,1100.24,571.89,629219.47,1.92,Horizontal Oblong,Blue,"(97, 105, 92)",12,VISIBLE,-3.11,0.09
72,17,car,0.9122,0.46,160.61,220.74,368.73,110.6,264.67,220.28,208.12,45845.45,1.06,Spherical / Regular,Blue,"(99, 41, 65)",17,VISIBLE,-6.42,-0.3
72,13,car,0.6217,904.18,135.26,1229.88,291.78,1067.03,213.52,325.7,156.52,50979.14,2.08,Horizontal Oblong,Orange,"(17, 55, 154)",13,VISIBLE,-1.29,0.04
72,14,car,0.6697,1228.88,129.63,1279.72,267.89,1254.3,198.76,50.84,138.26,7029.59,0.37,Vertical Oblong,Blue,"(99, 45, 106)",14,VISIBLE,-0.21,-0.61
72,15,car,0.6397,995.94,98.6,1253.55,295.32,1124.75,196.96,257.62,196.72,50677.76,1.31,Horizontal Oblong,Orange,"(16, 59, 137)",15,VISIBLE,-0.63,-0.6
72,19,car,0.1947,368.03,130.12,782.87,318.56,575.45,224.34,414.84,188.43,78169.08,2.2,Horizontal Oblong,Blue,"(97, 51, 118)",19,VISIBLE,-5.16,1.12
72,20,car,0.1594,492.66,127.8,784.26,202.6,638.46,165.2,291.61,74.8,21811.4,3.9,Horizontal Oblong,Blue,"(95, 39, 114)",20,VISIBLE,-3.52,-0.52
72,4,car,0.1544,783.74,136.68,914.82,158.16,849.28,147.42,131.08,21.48,2815.47,6.1,Horizontal Oblong,Grey/Brown,"(0, 0, 0)",21,VISIBLE,-3.46,-5.48
73,12,car,0.9303,128.97,138.72,1229.99,711.76,679.48,425.24,1101.02,573.04,630933.58,1.92,Horizontal Oblong,Blue,"(96, 105, 92)",12,VISIBLE,-3.12,-0.22
73,17,car,0.913,0.61,160.16,206.37,364.92,103.49,262.54,205.76,204.76,42130.23,1.0,Spherical / Regular,Blue,"(98, 40, 65)",17,VISIBLE,-6.9,-1.58
73,13,car,0.6217,902.34,135.21,1229.13,291.92,1065.74,213.56,326.79,156.71,51210.78,2.09,Horizontal Oblong,Orange,"(17, 56, 153)",13,VISIBLE,-1.29,0.04
73,14,car,0.6762,1228.33,128.73,1279.6,263.06,1253.97,195.9,51.27,134.32,6886.98,0.38,Vertical Oblong,Blue,"(99, 46, 106)",14,VISIBLE,-0.3,-2.19
73,15,car,0.6122,995.67,98.73,1254.21,294.24,1124.94,196.49,258.54,195.51,50546.1,1.32,Horizontal Oblong,Orange,"(17, 59, 135)",15,VISIBLE,-0.05,-0.51
73,19,car,0.1947,361.17,130.17,779.43,320.75,570.3,225.46,418.26,190.58,79710.49,2.19,Horizontal Oblong,Blue,"(96, 52, 117)",19,VISIBLE,-5.15,1.12
73,20,car,0.1501,492.07,127.85,782.39,200.75,637.23,164.3,290.32,72.9,21165.14,3.98,Horizontal Oblong,Blue,"(90, 39, 116)",20,VISIBLE,-1.92,-0.79
73,4,car,0.1526,782.67,136.76,910.64,158.09,846.66,147.43,127.97,21.32,2728.98,6.0,Horizontal Oblong,Grey/Brown,"(0, 0, 0)",21,VISIBLE,-2.88,-1.64
74,12,car,0.9251,122.95,137.71,1229.01,711.93,675.98,424.82,1106.07,574.22,635127.81,1.93,Horizontal Oblong,Blue,"(98, 105, 92)",12,VISIBLE,-3.38,-0.36
74,17,car,0.9239,0.57,160.41,192.99,362.4,96.78,261.4,192.42,201.99,38865.37,0.95,Spherical / Regular,Blue,"(99, 39, 64)",17,VISIBLE,-6.77,-1.27
74,13,car,0.6217,900.5,135.15,1228.38,292.05,1064.44,213.6,327.87,156.9,51442.84,2.09,Horizontal Oblong,Orange,"(17, 56, 154)",13,VISIBLE,-1.29,0.04
74,14,car,0.686,1227.82,128.13,1279.51,258.83,1253.67,193.48,51.69,130.7,6755.87,0.4,Vertical Oblong,Blue,"(99, 46, 105)",14,VISIBLE,-0.3,-2.35
74,15,car,0.6012,999.52,98.92,1254.94,293.5,1127.23,196.21,255.42,194.58,49698.25,1.31,Horizontal Oblong,Orange,"(17, 59, 136)",15,VISIBLE,1.59,-0.35
74,19,car,0.1947,354.31,130.23,775.99,322.95,565.15,226.59,421.68,192.72,81266.57,2.19,Horizontal Oblong,Blue,"(97, 52, 118)",19,VISIBLE,-5.15,1.13
74,20,car,0.1501,489.48,127.74,779.5,199.82,634.49,163.78,290.01,72.08,20904.15,4.02,Horizontal Oblong,Blue,"(93, 40, 122)",20,VISIBLE,-2.49,-0.6
74,4,car,0.1526,782.21,136.82,909.08,158.05,845.64,147.43,126.87,21.23,2693.99,5.97,Horizontal Oblong,Grey/Brown,"(0, 0, 0)",21,VISIBLE,-1.57,-0.49
75,12,car,0.9235,110.62,136.56,1224.13,712.13,667.38,424.35,1113.5,575.58,640907.93,1.93,Horizontal Oblong,Blue,"(96, 105, 93)",12,VISIBLE,-7.04,-0.44
75,17,car,0.9222,0.49,160.75,179.07,360.93,89.78,260.84,178.58,200.18,35747.04,0.89,Spherical / Regular,Blue,"(98, 38, 64)",17,VISIBLE,-6.93,-0.78
75,13,car,0.6669,894.29,134.67,1218.27,297.04,1056.28,215.86,323.98,162.37,52603.07,2.0,Horizontal Oblong,Orange,"(17, 57, 151)",13,VISIBLE,-6.1,1.59
75,14,car,0.6842,1227.81,127.85,1279.45,255.84,1253.63,191.84,51.65,127.99,6610.14,0.4,Vertical Oblong,Blue,"(98, 46, 104)",14,VISIBLE,-0.11,-1.85
75,15,car,0.6012,999.53,99.05,1255.47,293.27,1127.5,196.16,255.94,194.22,49708.07,1.32,Horizontal Oblong,Orange,"(17, 60, 134)",15,VISIBLE,0.67,-0.14
75,19,car,0.1947,347.45,130.28,772.55,325.15,560.0,227.71,425.1,194.87,82837.31,2.18,Horizontal Oblong,Blue,"(97, 52, 117)",19,VISIBLE,-5.15,1.13
75,20,car,0.1501,486.9,127.64,776.6,198.9,631.75,163.27,289.7,71.26,20643.68,4.07,Horizontal Oblong,Blue,"(90, 40, 110)",20,VISIBLE,-2.67,-0.54
75,4,car,0.1704,777.92,136.78,905.43,158.4,841.68,147.59,127.52,21.62,2756.53,5.9,Horizontal Oblong,Grey/Brown,"(0, 0, 0)",21,VISIBLE,-3.25,-0.04
76,12,car,0.9305,101.41,136.31,1219.94,712.16,660.68,424.23,1118.53,575.85,644107.74,1.94,Horizontal Oblong,Blue,"(97, 106, 93)",12,VISIBLE,-6.8,-0.21
76,17,car,0.8801,0.57,161.05,164.69,360.44,82.63,260.75,164.13,199.39,32724.49,0.82,Spherical / Regular,Blue,"(98, 38, 63)",17,VISIBLE,-7.08,-0.3
76,13,car,0.6374,888.05,134.36,1210.58,300.93,1049.31,217.64,322.53,166.57,53724.37,1.94,Horizontal Oblong,Orange,"(17, 57, 150)",13,VISIBLE,-6.71,1.73
76,14,car,0.7075,1227.94,128.27,1279.42,253.64,1253.68,190.95,51.48,125.37,6454.11,0.41,Vertical Oblong,Blue,"(100, 46, 104)",14,VISIBLE,0.0,-1.18
76,15,car,0.6012,999.54,99.18,1256.0,293.04,1127.77,196.11,256.46,193.86,49717.52,1.32,Horizontal Oblong,Orange,"(17, 59, 133)",15,VISIBLE,0.39,-0.08
76,19,car,0.1947,340.59,130.33,769.11,327.34,554.85,228.84,428.52,197.01,84422.73,2.18,Horizontal Oblong,Blue,"(97, 52, 116)",19,VISIBLE,-5.15,1.12
76,20,car,0.1501,484.32,127.54,773.7,197.98,629.01,162.76,289.39,70.44,20383.71,4.11,Horizontal Oblong,Blue,"(100, 40, 132)",20,VISIBLE,-2.72,-0.52
76,4,car,0.1837,774.87,136.61,902.35,158.37,838.61,147.49,127.48,21.76,2773.77,5.86,Horizontal Oblong,Grey/Brown,"(0, 0, 0)",21,VISIBLE,-3.12,-0.08
77,12,car,0.9276,93.44,135.93,1217.27,711.93,655.35,423.93,1123.82,575.99,647316.56,1.95,Horizontal Oblong,Blue,"(96, 106, 93)",12,VISIBLE,-5.76,-0.28
77,17,car,0.901,0.51,161.24,150.2,361.1,75.36,261.17,149.69,199.86,29917.16,0.75,Vertical Oblong,Blue,"(95, 38, 62)",17,VISIBLE,-7.22,0.21
77,13,car,0.692,883.17,134.11,1205.32,304.68,1044.24,219.4,322.15,170.57,54946.93,1.89,Horizontal Oblong,Orange,"(17, 59, 148)",13,VISIBLE,-5.56,1.74
77,14,car,0.7015,1228.71,129.08,1279.4,251.84,1254.06,190.46,50.69,122.76,6222.82,0.41,Vertical Oblong,Blue,"(99, 47, 103)",14,VISIBLE,0.26,-0.7
77,15,car,0.6012,999.56,99.31,1256.53,292.81,1128.04,196.06,256.98,193.51,49726.59,1.33,Horizontal Oblong,Orange,"(17, 60, 133)",15,VISIBLE,0.31,-0.06
77,19,car,0.1947,333.73,130.38,765.66,329.54,549.7,229.96,431.94,199.16,86022.81,2.17,Horizontal Oblong,Blue,"(97, 52, 116)",19,VISIBLE,-5.15,1.12
77,20,car,0.1501,481.73,127.44,770.81,197.06,626.27,162.25,289.08,69.62,20124.26,4.15,Horizontal Oblong,Blue,"(90, 39, 131)",20,VISIBLE,-2.73,-0.51
77,4,car,0.1942,771.48,136.79,898.91,157.82,835.2,147.31,127.43,21.03,2679.52,6.06,Horizontal Oblong,Grey/Brown,"(0, 0, 0)",21,VISIBLE,-3.33,-0.15
78,12,car,0.9213,82.32,135.95,1215.49,711.37,648.9,423.66,1133.17,575.42,652051.21,1.97,Horizontal Oblong,Blue,"(97, 107, 94)",12,VISIBLE,-6.24,-0.27
78,17,car,0.885,0.67,161.25,135.46,362.09,68.06,261.67,134.79,200.84,27070.87,0.67,Vertical Oblong,Blue,"(99, 38, 63)",17,VISIBLE,-7.27,0.41
78,13,car,0.7114,879.38,134.09,1201.85,306.94,1040.62,220.51,322.47,172.86,55741.29,1.87,Horizontal Oblong,Orange,"(17, 59, 148)",13,VISIBLE,-4.21,1.31
78,14,car,0.7107,1229.19,129.34,1279.4,251.13,1254.3,190.23,50.2,121.78,6114.01,0.41,Vertical Oblong,Blue,"(100, 48, 103)",14,VISIBLE,0.25,-0.37
78,15,car,0.6012,999.57,99.43,1257.06,292.58,1128.32,196.01,257.49,193.15,49735.3,1.33,Horizontal Oblong,Orange,"(17, 60, 133)",15,VISIBLE,0.28,-0.06
78,19,car,0.1947,326.87,130.43,762.22,331.74,544.54,231.09,435.36,201.3,87637.56,2.16,Horizontal Oblong,Blue,"(97, 52, 116)",19,VISIBLE,-5.15,1.12
78,4,car,0.1669,769.55,137.06,897.61,157.56,833.58,147.31,128.06,20.5,2625.38,6.25,Horizontal Oblong,Grey/Brown,"(0, 0, 0)",21,VISIBLE,-2.13,-0.04
79,12,car,0.9151,70.83,136.01,1214.17,710.98,642.5,423.49,1143.34,574.97,657383.71,1.99,Horizontal Oblong,Blue,"(95, 107, 94)",12,VISIBLE,-6.36,-0.2
79,17,car,0.8982,0.55,162.29,121.16,363.76,60.85,263.02,120.61,201.47,24298.35,0.6,Vertical Oblong,Blue,"(94, 38, 63)",17,VISIBLE,-7.23,1.07
79,13,car,0.7073,875.64,134.37,1200.14,308.63,1037.89,221.5,324.5,174.27,56549.98,1.86,Horizontal Oblong,Orange,"(17, 59, 146)",13,VISIBLE,-3.17,1.08
79,14,car,0.7087,1229.73,129.73,1279.4,250.8,1254.56,190.27,49.67,121.06,6013.07,0.41,Vertical Oblong,Blue,"(100, 49, 102)",14,VISIBLE,0.26,-0.09
79,15,car,0.6012,999.58,99.56,1257.6,292.35,1128.59,195.96,258.01,192.79,49743.64,1.34,Horizontal Oblong,Orange,"(17, 61, 132)",15,VISIBLE,0.28,-0.05
79,19,car,0.1947,320.01,130.49,758.78,333.93,539.39,232.21,438.78,203.45,89266.98,2.16,Horizontal Oblong,Blue,"(97, 52, 116)",19,VISIBLE,-5.15,1.12
79,4,car,0.1828,768.17,137.33,896.27,157.5,832.22,147.42,128.1,20.17,2584.3,6.35,Horizontal Oblong,Grey/Brown,"(0, 0, 0)",21,VISIBLE,-1.59,0.06
80,12,car,0.9193,60.75,135.97,1213.5,710.8,637.13,423.38,1152.75,574.83,662632.36,2.01,Horizontal Oblong,Blue,"(95, 107, 94)",12,VISIBLE,-5.67,-0.14
80,17,car,0.886,0.48,162.43,105.68,365.37,53.08,263.9,105.2,202.94,21349.59,0.52,Vertical Oblong,Green,"(84, 40, 66)",17,VISIBLE,-7.61,0.93
80,13,car,0.7073,871.68,134.32,1196.51,310.88,1034.09,222.6,324.83,176.57,57353.42,1.84,Horizontal Oblong,Orange,"(17, 60, 146)",13,VISIBLE,-3.61,1.09
80,14,car,0.72,1230.24,130.19,1279.4,250.32,1254.82,190.25,49.16,120.13,5905.24,0.41,Vertical Oblong,Blue,"(100, 49, 101)",14,VISIBLE,0.26,-0.03
80,15,car,0.7303,1005.91,99.27,1257.59,294.86,1131.75,197.07,251.68,195.59,49224.65,1.29,Horizontal Oblong,Orange,"(17, 61, 130)",15,VISIBLE,2.3,0.76
80,19,car,0.1947,313.14,130.54,755.34,336.13,534.24,233.33,442.2,205.59,90911.07,2.15,Horizontal Oblong,Blue,"(96, 53, 116)",19,VISIBLE,-5.15,1.12
80,4,car,0.1568,767.25,137.5,894.71,157.37,830.98,147.43,127.45,19.87,2532.46,6.41,Horizontal Oblong,Grey/Brown,"(0, 0, 0)",21,VISIBLE,-1.35,0.03
81,12,car,0.918,55.07,136.37,1213.17,711.04,634.12,423.7,1158.09,574.67,665519.83,2.02,Horizontal Oblong,Blue,"(93, 107, 94)",12,VISIBLE,-3.8,0.18
81,17,car,0.8668,0.39,163.07,90.62,367.13,45.5,265.1,90.23,204.06,18412.26,0.44,Vertical Oblong,Green,"(81, 42, 61)",17,VISIBLE,-7.59,1.12
81,13,car,0.4579,830.61,134.36,1196.25,305.83,1013.43,220.09,365.63,171.47,62696.3,2.13,Horizontal Oblong,Orange,"(18, 60, 144)",13,VISIBLE,-15.55,-1.43
81,14,car,0.725,1231.05,130.88,1279.41,250.07,1255.23,190.48,48.35,119.2,5763.73,0.41,Vertical Oblong,Blue,"(98, 50, 97)",14,VISIBLE,0.36,0.14
81,15,car,0.7505,1014.04,99.1,1256.97,296.96,1135.51,198.03,242.93,197.86,48066.08,1.23,Horizontal Oblong,Orange,"(18, 61, 126)",15,VISIBLE,3.32,0.9
81,19,car,0.1947,306.28,130.59,751.9,338.33,529.09,234.46,445.61,207.74,92569.83,2.15,Horizontal Oblong,Blue,"(96, 53, 116)",19,VISIBLE,-5.15,1.12
81,4,car,0.1775,766.14,137.56,892.67,157.19,829.4,147.37,126.52,19.63,2483.72,6.45,Horizontal Oblong,Grey/Brown,"(0, 0, 0)",21,VISIBLE,-1.51,-0.03
82,12,car,0.907,48.39,136.34,1212.81,711.12,630.6,423.73,1164.43,574.78,669293.23,2.03,Horizontal Oblong,Blue,"(95, 108, 95)",12,VISIBLE,-3.61,0.07
82,17,car,0.7969,0.3,160.02,74.88,369.72,37.59,264.87,74.58,209.71,15639.49,0.36,Vertical Oblong,Green,"(46, 44, 68)",17,VISIBLE,-7.82,0.18
82,13,car,0.5126,795.21,134.21,1195.35,300.71,995.28,217.46,400.14,166.49,66621.45,2.4,Horizontal Oblong,Orange,"(19, 57, 141)",13,VISIBLE,-17.37,-2.27
82,14,car,0.7327,1231.45,131.15,1279.42,250.71,1255.43,190.93,47.97,119.55,5735.35,0.4,Vertical Oblong,Blue,"(100, 49, 101)",14,VISIBLE,0.25,0.36
82,15,car,0.8028,1020.27,99.13,1256.04,297.64,1138.15,198.38,235.77,198.52,46805.35,1.19,Spherical / Regular,Orange,"(17, 62, 125)",15,VISIBLE,2.85,0.52
82,4,car,0.1551,764.83,137.53,891.34,157.18,828.09,147.35,126.5,19.65,2486.05,6.44,Horizontal Oblong,Orange,"(15, 37, 192)",21,VISIBLE,-1.38,-0.02
83,12,car,0.9069,37.89,136.89,1213.54,711.25,625.72,424.07,1175.65,574.36,675241.53,2.05,Horizontal Oblong,Blue,"(93, 108, 95)",12,VISIBLE,-4.5,0.26
83,17,car,0.7205,0.19,165.29,58.99,373.68,29.59,269.48,58.81,208.39,12254.57,0.28,Vertical Oblong,Green,"(46, 41, 70)",17,VISIBLE,-7.94,3.28
83,13,car,0.4866,770.84,134.37,1194.6,297.66,982.72,216.01,423.76,163.29,69193.05,2.6,Horizontal Oblong,Orange,"(21, 57, 137)",13,VISIBLE,-14.0,-1.69
83,14,car,0.7376,1231.98,131.18,1279.42,251.05,1255.7,191.11,47.45,119.87,5687.86,0.4,Vertical Oblong,Blue,"(100, 50, 101)",14,VISIBLE,0.26,0.24
83,15,car,0.8168,1024.59,99.21,1255.33,297.54,1139.96,198.38,230.74,198.34,45764.73,1.16,Spherical / Regular,Orange,"(18, 61, 123)",15,VISIBLE,2.12,0.15
83,4,car,0.2001,763.41,137.26,888.04,157.57,825.73,147.41,124.63,20.31,2531.74,6.13,Horizontal Oblong,Orange,"(15, 37, 191)",21,VISIBLE,-2.06,0.03
84,12,car,0.9166,30.41,136.47,1214.34,711.24,622.38,423.86,1183.93,574.77,680484.42,2.06,Horizontal Oblong,Blue,"(95, 108, 95)",12,VISIBLE,-3.69,-0.07
84,17,car,0.4497,0.09,174.48,41.53,368.32,20.81,271.4,41.43,193.84,8031.1,0.21,Vertical Oblong,Red,"(8, 40, 129)",17,VISIBLE,-8.53,2.33
84,13,car,0.4792,757.28,134.53,1193.43,297.75,975.35,216.14,436.15,163.22,71187.66,2.67,Horizontal Oblong,Orange,"(21, 58, 136)",13,VISIBLE,-9.36,-0.42
84,14,car,0.7513,1232.18,131.3,1279.43,251.25,1255.8,191.28,47.25,119.95,5667.89,0.39,Vertical Oblong,Blue,"(100, 50, 101)",14,VISIBLE,0.15,0.18
84,15,car,0.7934,1026.98,99.23,1254.73,297.29,1140.86,198.26,227.75,198.05,45106.6,1.15,Spherical / Regular,Orange,"(18, 62, 122)",15,VISIBLE,1.26,-0.04
84,4,car,0.217,762.09,137.06,885.26,157.82,823.67,147.44,123.17,20.75,2556.33,5.93,Horizontal Oblong,Orange,"(16, 36, 149)",21,VISIBLE,-2.05,0.03
85,12,car,0.9208,24.24,135.49,1213.38,711.31,618.81,423.4,1189.14,575.82,684731.28,2.07,Horizontal Oblong,Green,"(44, 108, 95)",12,VISIBLE,-3.6,-0.34
85,17,car,0.5149,0.05,169.67,26.22,354.52,13.14,262.1,26.16,184.85,4836.5,0.14,Vertical Oblong,Red,"(4, 41, 134)",17,VISIBLE,-7.93,-5.82
85,13,car,0.496,749.5,134.33,1191.2,298.3,970.35,216.32,441.7,163.97,72426.57,2.69,Horizontal Oblong,Orange,"(22, 58, 135)",13,VISIBLE,-6.31,-0.0
85,14,car,0.7671,1232.29,131.28,1279.43,251.65,1255.86,191.46,47.14,120.37,5674.51,0.39,Vertical Oblong,Blue,"(99, 50, 101)",14,VISIBLE,0.08,0.19
85,15,car,0.8073,1027.75,99.24,1254.3,296.59,1141.03,197.92,226.55,197.36,44712.42,1.15,Spherical / Regular,Orange,"(19, 62, 119)",15,VISIBLE,0.5,-0.25
85,4,car,0.1956,760.92,136.7,882.97,158.05,821.94,147.37,122.05,21.35,2605.61,5.72,Horizontal Oblong,Orange,"(18, 36, 105)",21,VISIBLE,-1.83,-0.04
86,12,car,0.9216,16.82,134.02,1211.3,711.46,614.06,422.74,1194.49,577.44,689748.96,2.07,Horizontal Oblong,Blue,"(95, 109, 95)",12,VISIBLE,-4.41,-0.56
86,17,car,0.5149,-0.0,170.74,10.54,350.93,5.27,260.84,10.55,180.19,1900.84,0.06,Vertical Oblong,Red,"(9, 40, 102)",17,VISIBLE,-7.88,-2.63
86,13,car,0.5189,783.8,133.97,1189.51,304.67,986.65,219.32,405.72,170.7,69257.73,2.38,Horizontal Oblong,Orange,"(19, 58, 140)",13,VISIBLE,9.52,2.1
86,14,car,0.7788,1232.21,131.25,1279.43,252.04,1255.82,191.65,47.22,120.78,5703.25,0.39,Vertical Oblong,Blue,"(100, 50, 101)",14,VISIBLE,-0.0,0.18
86,15,car,0.8102,1027.33,99.16,1254.16,295.87,1140.75,197.51,226.83,196.71,44618.75,1.15,Spherical / Regular,Orange,"(18, 63, 119)",15,VISIBLE,-0.05,-0.36
86,4,car,0.1916,759.95,136.33,881.48,158.2,820.72,147.26,121.54,21.87,2658.44,5.56,Horizontal Oblong,Orange,"(15, 36, 193)",21,VISIBLE,-1.41,-0.09
87,12,car,0.9204,9.72,133.31,1211.34,711.72,610.53,422.52,1201.62,578.4,695019.13,2.08,Horizontal Oblong,Green,"(68, 109, 95)",12,VISIBLE,-3.79,-0.33
87,17,car,0.5149,-5.13,171.81,-0.06,347.34,-2.6,259.57,5.07,175.53,889.31,0.03,Vertical Oblong,Neutral,"(0, 0, 0)",17,VISIBLE,-7.87,-1.67
87,13,car,0.5001,809.63,133.49,1187.93,309.14,998.78,221.32,378.3,175.65,66448.9,2.15,Horizontal Oblong,Orange,"(18, 62, 145)",13,VISIBLE,11.34,2.03
87,14,car,0.7758,1232.07,130.75,1279.42,251.65,1255.75,191.2,47.35,120.9,5724.61,0.39,Vertical Oblong,Blue,"(100, 51, 101)",14,VISIBLE,-0.05,-0.26
87,15,car,0.8056,1026.04,99.1,1253.95,295.26,1139.99,197.18,227.91,196.15,44704.44,1.16,Spherical / Regular,Orange,"(18, 64, 118)",15,VISIBLE,-0.54,-0.34
87,4,car,0.1977,757.22,136.13,881.0,157.87,819.11,147.0,123.78,21.75,2691.82,5.69,Horizontal Oblong,Orange,"(15, 37, 189)",21,VISIBLE,-1.55,-0.21
88,12,car,0.9201,1.32,133.03,1210.12,711.89,605.72,422.46,1208.8,578.87,699733.47,2.09,Horizontal Oblong,Blue,"(90, 109, 96)",12,VISIBLE,-4.5,-0.14
88,17,car,0.5149,-20.8,172.88,-0.12,343.75,-10.46,258.31,20.68,170.87,3533.94,0.12,Vertical Oblong,Neutral,"(0, 0, 0)",17,VISIBLE,-7.87,-1.38
88,13,car,0.5339,835.83,133.28,1185.84,311.54,1010.83,222.41,350.01,178.26,62392.42,1.96,Horizontal Oblong,Orange,"(17, 61, 146)",13,VISIBLE,11.84,1.37
88,14,car,0.767,1231.81,130.18,1279.43,251.61,1255.62,190.9,47.62,121.43,5781.8,0.39,Vertical Oblong,Blue,"(100, 51, 101)",14,VISIBLE,-0.1,-0.29
88,15,car,0.818,1024.11,99.05,1253.75,294.52,1138.93,196.78,229.63,195.47,44886.17,1.17,Spherical / Regular,Orange,"(18, 63, 118)",15,VISIBLE,-0.91,-0.38
88,4,car,0.1951,753.77,136.0,880.1,157.53,816.94,146.76,126.33,21.52,2719.03,5.87,Horizontal Oblong,Orange,"(15, 37, 189)",21,VISIBLE,-1.99,-0.23
89,12,car,0.9244,-3.58,134.28,1207.11,712.23,601.76,423.25,1210.69,577.95,699718.42,2.09,Horizontal Oblong,Green,"(37, 109, 95)",12,VISIBLE,-4.12,0.52
89,17,car,0.5149,-36.48,173.95,-0.18,340.16,-18.33,257.05,36.3,166.21,6033.06,0.22,Vertical Oblong,Neutral,"(0, 0, 0)",17,VISIBLE,-7.87,-1.3
89,13,car,0.6387,850.34,133.05,1183.86,311.77,1017.1,222.41,333.52,178.72,59605.75,1.87,Horizontal Oblong,Orange,"(17, 61, 145)",13,VISIBLE,7.94,0.41
89,14,car,0.7569,1231.49,129.52,1279.42,251.27,1255.46,190.4,47.93,121.75,5835.46,0.39,Vertical Oblong,Blue,"(100, 53, 99)",14,VISIBLE,-0.15,-0.44
89,15,car,0.8257,1022.17,98.99,1253.73,293.92,1137.95,196.45,231.56,194.92,45136.49,1.19,Spherical / Regular,Orange,"(19, 63, 116)",15,VISIBLE,-0.96,-0.34
89,4,car,0.1689,750.94,136.06,879.24,157.39,815.09,146.73,128.3,21.34,2737.57,6.01,Horizontal Oblong,Orange,"(15, 37, 189)",21,VISIBLE,-1.89,-0.1
90,12,car,0.9175,-5.89,134.29,1201.46,712.97,597.79,423.63,1207.35,578.68,698672.54,2.09,Horizontal Oblong,Green,"(44, 110, 95)",12,VISIBLE,-4.02,0.42
90,17,car,0.5149,-52.15,175.02,-0.24,336.57,-26.19,255.79,51.91,161.55,8386.65,0.32,Vertical Oblong,Neutral,"(0, 0, 0)",17,VISIBLE,-7.87,-1.27
90,13,car,0.6532,853.29,133.03,1181.15,311.28,1017.22,222.16,327.86,178.25,58440.66,1.84,Horizontal Oblong,Orange,"(17, 62, 145)",13,VISIBLE,2.47,-0.05
90,14,car,0.7647,1231.26,129.22,1279.43,250.87,1255.34,190.04,48.17,121.65,5859.79,0.4,Vertical Oblong,Blue,"(100, 53, 100)",14,VISIBLE,-0.12,-0.38
90,15,car,0.8261,1020.04,98.98,1253.31,293.99,1136.68,196.49,233.28,195.01,45492.63,1.2,Spherical / Regular,Orange,"(18, 64, 116)",15,VISIBLE,-1.18,-0.08
90,4,car,0.1526,748.07,136.09,878.5,157.26,813.29,146.67,130.43,21.16,2760.23,6.16,Horizontal Oblong,Orange,"(13, 36, 186)",21,VISIBLE,-1.83,-0.06
91,12,car,0.9196,-6.47,135.19,1194.2,713.47,593.86,424.33,1200.67,578.29,694330.73,2.08,Horizontal Oblong,Green,"(44, 111, 95)",12,VISIBLE,-3.95,0.62
91,17,car,0.5149,-67.83,176.09,-0.3,332.98,-34.06,254.53,67.53,156.89,10594.73,0.43,Vertical Oblong,Neutral,"(0, 0, 0)",17,VISIBLE,-7.87,-1.26
91,13,car,0.6664,853.01,133.2,1178.56,310.83,1015.78,222.02,325.56,177.64,57830.33,1.83,Horizontal Oblong,Orange,"(17, 63, 145)",13,VISIBLE,-0.26,-0.11
91,14,car,0.7573,1230.95,129.19,1279.43,251.07,1255.19,190.13,48.48,121.87,5908.45,0.4,Vertical Oblong,Blue,"(100, 53, 100)",14,VISIBLE,-0.14,-0.05
91,15,car,0.8109,1017.65,98.99,1252.79,294.22,1135.22,196.6,235.14,195.23,45905.91,1.2,Spherical / Regular,Orange,"(19, 64, 114)",15,VISIBLE,-1.37,0.06
91,4,car,0.192,745.67,136.14,875.77,157.23,810.72,146.68,130.1,21.1,2744.59,6.17,Horizontal Oblong,Orange,"(15, 36, 190)",21,VISIBLE,-2.34,-0.01
92,12,car,0.9138,-6.03,136.73,1190.25,713.8,592.11,425.26,1196.29,577.07,690337.81,2.07,Horizontal Oblong,Green,"(84, 110, 95)",12,VISIBLE,-2.41,0.84
92,17,car,0.5149,-83.5,177.16,-0.35,329.39,-41.93,253.27,83.15,152.23,12657.29,0.55,Vertical Oblong,Neutral,"(0, 0, 0)",17,VISIBLE,-7.86,-1.26
92,13,car,0.6768,849.18,133.29,1175.39,310.02,1012.28,221.66,326.21,176.73,57650.13,1.85,Horizontal Oblong,Orange,"(17, 63, 146)",13,VISIBLE,-2.53,-0.29
92,14,car,0.7112,1230.24,129.53,1279.43,252.03,1254.84,190.78,49.18,122.5,6025.04,0.4,Vertical Oblong,Blue,"(100, 53, 99)",14,VISIBLE,-0.29,0.44
92,15,car,0.8209,1015.73,98.97,1252.38,294.18,1134.06,196.58,236.65,195.22,46198.38,1.21,Spherical / Regular,Orange,"(19, 64, 114)",15,VISIBLE,-1.23,-0.0
92,4,car,0.2099,744.09,136.23,872.21,157.13,808.15,146.68,128.12,20.9,2677.29,6.13,Horizontal Oblong,Orange,"(15, 36, 188)",21,VISIBLE,-2.5,-0.01
93,12,car,0.9089,-4.8,138.0,1186.46,714.06,590.83,426.03,1191.26,576.06,686241.63,2.07,Horizontal Oblong,Green,"(41, 110, 95)",12,VISIBLE,-1.62,0.79
93,17,car,0.5149,-99.17,178.22,-0.41,325.8,-49.79,252.01,98.76,147.57,14574.34,0.67,Vertical Oblong,Neutral,"(0, 0, 0)",17,VISIBLE,-7.86,-1.26
93,13,car,0.6108,839.36,133.25,1172.62,308.17,1005.99,220.71,333.26,174.92,58295.17,1.91,Horizontal Oblong,Orange,"(17, 62, 145)",13,VISIBLE,-5.17,-0.75
93,14,car,0.6958,1229.28,130.02,1279.43,254.33,1254.36,192.17,50.15,124.31,6233.7,0.4,Vertical Oblong,Blue,"(98, 53, 98)",14,VISIBLE,-0.42,1.11
93,15,car,0.8148,1014.34,98.79,1252.57,294.54,1133.45,196.66,238.22,195.75,46631.62,1.22,Spherical / Regular,Orange,"(21, 63, 111)",15,VISIBLE,-0.79,0.06
93,4,car,0.1937,741.51,136.34,868.73,157.11,805.12,146.72,127.22,20.77,2642.38,6.13,Horizontal Oblong,Orange,"(15, 36, 190)",21,VISIBLE,-2.87,0.03
94,12,car,0.9149,-3.18,139.05,1182.58,713.99,589.7,426.52,1185.76,574.94,681743.53,2.06,Horizontal Oblong,Blue,"(95, 110, 95)",12,VISIBLE,-1.28,0.58
94,17,car,0.5149,-114.85,179.29,-0.47,322.21,-57.66,250.75,114.38,142.91,16345.87,0.8,Vertical Oblong,Neutral,"(0, 0, 0)",17,VISIBLE,-7.87,-1.26
94,13,car,0.5286,827.13,133.08,1170.59,306.57,998.86,219.83,343.45,173.49,59586.15,1.98,Horizontal Oblong,Orange,"(17, 61, 146)",13,VISIBLE,-6.54,-0.84
94,14,car,0.666,1228.45,130.63,1279.42,255.87,1253.93,193.25,50.97,125.23,6383.4,0.41,Vertical Oblong,Blue,"(100, 51, 100)",14,VISIBLE,-0.42,1.08
94,15,car,0.7982,1013.75,98.52,1252.5,295.35,1133.13,196.93,238.75,196.83,46992.32,1.21,Spherical / Regular,Orange,"(20, 64, 112)",15,VISIBLE,-0.47,0.21
94,4,car,0.1905,739.83,136.35,865.78,157.15,802.8,146.75,125.96,20.81,2620.92,6.05,Horizontal Oblong,Orange,"(15, 37, 188)",21,VISIBLE,-2.48,0.03
95,12,car,0.9138,-1.63,139.56,1179.71,713.9,589.04,426.73,1181.34,574.35,678497.13,2.06,Horizontal Oblong,Green,"(81, 110, 95)",12,VISIBLE,-0.85,0.32
95,17,car,0.5149,-130.52,180.36,-0.53,318.61,-65.52,249.49,129.99,138.25,17971.88,0.94,Spherical / Regular,Neutral,"(0, 0, 0)",17,VISIBLE,-7.87,-1.26
95,13,car,0.5033,787.27,132.9,1168.42,303.56,977.84,218.23,381.15,170.66,65046.71,2.23,Horizontal Oblong,Orange,"(19, 62, 143)",13,VISIBLE,-16.67,-1.37
95,14,car,0.6596,1227.85,131.22,1279.42,256.89,1253.63,194.05,51.57,125.67,6480.94,0.41,Vertical Oblong,Blue,"(99, 51, 101)",14,VISIBLE,-0.34,0.89
95,15,car,0.7581,1012.12,98.99,1252.6,297.87,1132.36,198.43,240.48,198.88,47827.97,1.21,Spherical / Regular,Yellow,"(27, 63, 111)",15,VISIBLE,-0.68,1.11
95,4,car,0.1737,738.26,136.36,862.77,157.19,800.51,146.77,124.51,20.84,2594.63,5.97,Horizontal Oblong,Orange,"(16, 37, 196)",21,VISIBLE,-2.35,0.03
95,16,car,0.4267,1257.09,201.67,1279.64,387.92,1268.36,294.79,22.55,186.25,4199.44,0.12,Vertical Oblong,Blue,"(100, 53, 70)",22,VISIBLE,0.22,0.81
96,12,car,0.916,-0.61,140.65,1178.19,713.62,588.79,427.13,1178.79,572.96,675407.78,2.06,Horizontal Oblong,Green,"(81, 110, 95)",12,VISIBLE,-0.43,0.38
96,17,car,0.5149,-146.19,181.43,-0.59,315.02,-73.39,248.23,145.61,133.59,19452.37,1.09,Spherical / Regular,Neutral,"(0, 0, 0)",17,VISIBLE,-7.87,-1.26
96,13,car,0.5519,757.3,132.84,1167.37,301.32,962.34,217.08,410.07,168.47,69086.55,2.43,Horizontal Oblong,Orange,"(21, 59, 138)",13,VISIBLE,-15.86,-1.22
96,14,car,0.6224,1227.46,131.63,1279.41,257.39,1253.43,194.51,51.95,125.76,6533.9,0.41,Vertical Oblong,Blue,"(99, 50, 103)",14,VISIBLE,-0.24,0.59
96,15,car,0.7793,1011.12,99.31,1252.48,299.73,1131.8,199.52,241.36,200.42,48374.16,1.2,Spherical / Regular,Green,"(41, 63, 110)",15,VISIBLE,-0.59,1.1
96,4,car,0.1737,736.27,136.37,860.06,157.18,798.17,146.77,123.79,20.8,2575.36,5.95,Horizontal Oblong,Orange,"(15, 37, 193)",21,VISIBLE,-2.35,0.01
96,16,car,0.5271,1254.84,215.77,1279.66,386.35,1267.25,301.06,24.82,170.58,4233.52,0.15,Vertical Oblong,Blue,"(100, 45, 43)",22,VISIBLE,-0.72,4.63
97,12,car,0.9229,0.44,142.17,1177.5,713.35,588.97,427.76,1177.06,571.18,672310.71,2.06,Horizontal Oblong,Green,"(43, 110, 95)",12,VISIBLE,-0.0,0.55
97,17,car,0.5149,-161.87,182.5,-0.65,311.43,-81.26,246.97,161.22,128.93,20787.34,1.25,Horizontal Oblong,Neutral,"(0, 0, 0)",17,VISIBLE,-7.87,-1.26
97,13,car,0.529,739.94,133.08,1166.17,299.39,953.05,216.23,426.24,166.3,70884.41,2.56,Horizontal Oblong,Orange,"(24, 59, 135)",13,VISIBLE,-11.25,-0.96
97,14,car,0.6199,1227.26,132.34,1279.43,258.95,1253.35,195.64,52.16,126.61,6604.47,0.41,Vertical Oblong,Blue,"(98, 49, 102)",14,VISIBLE,-0.14,0.97
97,15,car,0.7945,1010.52,99.66,1252.48,301.07,1131.5,200.36,241.96,201.42,48734.18,1.2,Spherical / Regular,Green,"(81, 62, 106)",15,VISIBLE,-0.39,0.92
97,4,car,0.1737,734.28,136.39,857.36,157.16,795.82,146.77,123.08,20.77,2556.15,5.93,Horizontal Oblong,Orange,"(16, 36, 199)",21,VISIBLE,-2.35,0.0
97,16,car,0.7172,1251.21,226.08,1279.67,387.1,1265.44,306.59,28.47,161.01,4583.52,0.18,Vertical Oblong,Blue,"(100, 43, 41)",22,VISIBLE,-1.48,5.26
98,12,car,0.9194,0.73,143.93,1177.22,713.3,588.97,428.61,1176.49,569.37,669860.47,2.07,Horizontal Oblong,Blue,"(94, 110, 95)",12,VISIBLE,0.0,0.76
98,17,car,0.5149,-177.54,183.57,-0.7,307.84,-89.12,245.71,176.84,124.28,21976.8,1.42,Horizontal Oblong,Neutral,"(0, 0, 0)",17,VISIBLE,-7.86,-1.26
98,13,car,0.5192,727.59,132.94,1165.38,297.76,946.49,215.35,437.79,164.82,72155.9,2.66,Horizontal Oblong,Yellow,"(30, 59, 134)",13,VISIBLE,-7.98,-0.91
98,14,car,0.5504,1227.17,133.0,1279.43,259.98,1253.3,196.49,52.26,126.98,6636.54,0.41,Vertical Oblong,Blue,"(98, 49, 105)",14,VISIBLE,-0.07,0.88
98,15,car,0.7745,1010.28,99.9,1252.05,301.86,1131.17,200.88,241.77,201.96,48828.57,1.2,Spherical / Regular,Green,"(81, 63, 105)",15,VISIBLE,-0.35,0.64
98,4,car,0.1737,732.29,136.4,854.65,157.14,793.47,146.77,122.36,20.73,2536.98,5.9,Horizontal Oblong,Orange,"(15, 36, 200)",21,VISIBLE,-2.35,-0.0
98,16,car,0.7131,1246.19,227.94,1279.68,390.13,1262.93,309.04,33.49,162.2,5431.48,0.21,Vertical Oblong,Blue,"(100, 39, 41)",22,VISIBLE,-2.2,3.29
98,19,car,0.5679,284.87,128.68,711.77,289.13,498.32,208.91,426.9,160.45,68495.81,2.66,Horizontal Oblong,Blue,"(98, 46, 121)",23,VISIBLE,-2.81,-0.71
99,12,car,0.9165,0.57,145.58,1177.97,713.24,589.27,429.41,1177.4,567.66,668356.79,2.07,Horizontal Oblong,Blue,"(93, 110, 95)",12,VISIBLE,0.21,0.79
99,17,car,0.5149,-193.22,184.64,-0.76,304.25,-96.99,244.44,192.46,119.62,23020.74,1.61,Horizontal Oblong,Neutral,"(0, 0, 0)",17,VISIBLE,-7.87,-1.26
99,13,car,0.5393,721.8,132.93,1163.22,295.06,942.51,214.0,441.42,162.13,71567.52,2.72,Horizontal Oblong,Green,"(81, 59, 132)",13,VISIBLE,-5.18,-1.22
99,14,car,0.5746,1227.14,133.65,1279.44,258.97,1253.29,196.31,52.3,125.32,6553.83,0.42,Vertical Oblong,Blue,"(98, 49, 105)",14,VISIBLE,-0.03,0.14
99,15,car,0.7763,1009.93,100.07,1252.03,302.24,1130.98,201.15,242.1,202.17,48946.13,1.2,Spherical / Regular,Blue,"(90, 63, 102)",15,VISIBLE,-0.23,0.38
99,4,car,0.1737,730.29,136.42,851.94,157.12,791.12,146.77,121.65,20.7,2517.87,5.88,Horizontal Oblong,Orange,"(16, 36, 200)",21,VISIBLE,-2.35,-0.0
99,16,car,0.7133,1241.01,224.96,1279.81,393.47,1260.41,309.22,38.79,168.5,6537.01,0.23,Vertical Oblong,Blue,"(95, 38, 42)",22,VISIBLE,-2.43,1.11
99,19,car,0.6665,285.15,128.15,708.63,286.6,496.89,207.38,423.48,158.45,67100.47,2.67,Horizontal Oblong,Blue,"(98, 47, 122)",23,VISIBLE,-1.84,-1.29
100,12,car,0.918,0.42,146.83,1178.82,713.23,589.62,430.03,1178.4,566.4,667450.99,2.08,Horizontal Oblong,Blue,"(95, 111, 95)",12,VISIBLE,0.31,0.67
100,17,car,0.5149,-208.89,185.71,-0.82,300.66,-104.86,243.18,208.07,114.96,23919.17,1.81,Horizontal Oblong,Neutral,"(0, 0, 0)",17,VISIBLE,-7.87,-1.26
100,13,car,0.4969,721.98,132.84,1160.19,292.18,941.08,212.51,438.21,159.34,69825.67,2.75,Horizontal Oblong,Blue,"(93, 58, 133)",13,VISIBLE,-2.55,-1.41
100,14,car,0.59,1227.24,134.03,1279.44,252.78,1253.34,193.4,52.19,118.74,6197.63,0.44,Vertical Oblong,Blue,"(98, 48, 107)",14,VISIBLE,0.03,-1.99
100,15,car,0.803,1010.05,100.19,1251.36,302.28,1130.7,201.24,241.31,202.09,48765.48,1.19,Spherical / Regular,Blue,"(93, 63, 101)",15,VISIBLE,-0.26,0.17
100,4,car,0.1737,728.3,136.44,849.24,157.1,788.77,146.77,120.93,20.66,2498.8,5.85,Horizontal Oblong,Orange,"(15, 36, 200)",21,VISIBLE,-2.35,-0.0
100,16,car,0.6441,1235.23,214.87,1279.79,392.68,1257.51,303.78,44.56,177.8,7922.83,0.25,Vertical Oblong,Blue,"(100, 41, 39)",22,VISIBLE,-2.76,-3.47
100,19,car,0.7171,282.69,127.85,704.98,290.21,493.83,209.03,422.29,162.36,68564.71,2.6,Horizontal Oblong,Blue,"(98, 46, 121)",23,VISIBLE,-2.69,0.77
101,12,car,0.9177,0.28,147.91,1178.93,713.31,589.6,430.61,1178.65,565.41,666413.86,2.08,Horizontal Oblong,Green,"(84, 111, 94)",12,VISIBLE,0.08,0.61
101,13,car,0.4611,728.33,133.0,1156.02,289.58,942.17,211.29,427.7,156.58,66970.5,2.73,Horizontal Oblong,Green,"(81, 58, 135)",13,VISIBLE,-0.0,-1.28
101,14,car,0.6082,1227.52,134.21,1279.45,246.25,1253.49,190.23,51.93,112.04,5818.43,0.46,Vertical Oblong,Blue,"(96, 49, 106)",14,VISIBLE,0.11,-2.82
101,15,car,0.821,1010.2,100.35,1250.82,302.82,1130.51,201.59,240.62,202.48,48719.3,1.19,Spherical / Regular,Blue,"(93, 64, 100)",15,VISIBLE,-0.22,0.3
101,4,car,0.1737,726.31,136.45,846.53,157.08,786.42,146.77,120.22,20.63,2479.79,5.83,Horizontal Oblong,Orange,"(16, 36, 201)",21,VISIBLE,-2.35,-0.0
101,16,car,0.7134,1229.48,208.54,1279.77,391.86,1254.63,300.2,50.29,183.32,9218.54,0.27,Vertical Oblong,Blue,"(100, 46, 38)",22,VISIBLE,-2.85,-3.54
101,19,car,0.7659,280.62,127.91,699.93,294.52,490.28,211.22,419.31,166.6,69859.64,2.52,Horizontal Oblong,Blue,"(98, 48, 121)",23,VISIBLE,-3.3,1.76
101,8,car,0.2651,924.98,114.28,986.54,139.39,955.76,126.83,61.56,25.11,1545.71,2.45,Horizontal Oblong,Orange,"(14, 80, 143)",24,VISIBLE,-1.03,-3.03
102,12,car,0.9168,0.17,148.65,1179.17,713.34,589.67,430.99,1179.0,564.69,665762.24,2.09,Horizontal Oblong,Blue,"(96, 111, 94)",12,VISIBLE,0.07,0.45
102,13,car,0.4594,752.04,133.11,1151.42,289.67,951.73,211.39,399.39,156.56,62529.08,2.55,Horizontal Oblong,Orange,"(24, 56, 138)",13,VISIBLE,6.69,-0.31
102,14,car,0.5381,1227.54,134.26,1279.46,240.9,1253.5,187.58,51.92,106.63,5536.62,0.49,Vertical Oblong,Blue,"(96, 50, 108)",14,VISIBLE,0.04,-2.7
102,15,car,0.8321,1010.29,100.53,1249.88,304.08,1130.09,202.3,239.59,203.55,48767.81,1.18,Spherical / Regular,Blue,"(94, 63, 100)",15,VISIBLE,-0.36,0.59
102,4,car,0.1737,724.32,136.47,843.82,157.06,784.07,146.76,119.51,20.59,2460.82,5.8,Horizontal Oblong,Orange,"(16, 36, 201)",21,VISIBLE,-2.35,-0.0
102,16,car,0.6941,1224.66,203.26,1279.74,391.93,1252.2,297.59,55.08,188.66,10391.56,0.29,Vertical Oblong,Blue,"(100, 45, 42)",22,VISIBLE,-2.55,-2.89
102,19,car,0.7755,279.45,128.14,695.28,298.84,487.37,213.49,415.83,170.7,70983.61,2.44,Horizontal Oblong,Blue,"(98, 48, 121)",23,VISIBLE,-3.03,2.12
102,8,car,0.1776,922.79,114.65,985.3,139.77,954.05,127.21,62.51,25.12,1570.27,2.49,Horizontal Oblong,Orange,"(14, 82, 143)",24,VISIBLE,-1.51,-0.65
103,12,car,0.9157,0.09,148.84,1178.07,713.33,589.08,431.09,1177.98,564.49,664955.96,2.09,Horizontal Oblong,Blue,"(95, 112, 94)",12,VISIBLE,-0.39,0.2
103,13,car,0.4956,747.05,132.28,1147.78,287.29,947.42,209.78,400.74,155.01,62118.79,2.59,Horizontal Oblong,Yellow,"(26, 56, 138)",13,VISIBLE,-1.01,-1.22
103,14,car,0.4666,1226.98,134.66,1279.54,235.23,1253.26,184.94,52.56,100.58,5286.7,0.52,Vertical Oblong,Blue,"(96, 49, 110)",14,VISIBLE,-0.16,-2.65
103,15,car,0.8619,1010.47,100.57,1249.07,305.68,1129.77,203.13,238.6,205.11,48941.08,1.16,Spherical / Regular,Blue,"(95, 63, 99)",15,VISIBLE,-0.33,0.75
103,4,car,0.1737,722.33,136.48,841.12,157.04,781.72,146.76,118.79,20.56,2441.91,5.78,Horizontal Oblong,Orange,"(16, 36, 199)",21,VISIBLE,-2.35,-0.0
103,16,car,0.7529,1219.75,197.38,1279.73,393.38,1249.74,295.38,59.98,196.0,11756.22,0.31,Vertical Oblong,Blue,"(100, 46, 50)",22,VISIBLE,-2.49,-2.42
103,19,car,0.7791,278.88,128.34,690.77,300.95,484.82,214.64,411.89,172.61,71097.02,2.39,Horizontal Oblong,Blue,"(98, 48, 121)",23,VISIBLE,-2.69,1.44
103,8,car,0.1887,918.93,114.93,982.68,139.96,950.81,127.45,63.75,25.03,1595.32,2.55,Horizontal Oblong,Orange,"(14, 83, 142)",24,VISIBLE,-2.72,-0.03
104,12,car,0.9171,0.04,148.55,1176.57,713.29,588.3,430.92,1176.54,564.74,664432.71,2.08,Horizontal Oblong,Blue,"(96, 112, 94)",12,VISIBLE,-0.66,-0.06
104,13,car,0.5119,742.56,131.34,1145.21,286.19,943.89,208.76,402.65,154.85,62347.68,2.6,Horizontal Oblong,Yellow,"(34, 57, 137)",13,VISIBLE,-2.78,-1.08
104,14,car,0.4159,1226.33,134.9,1279.6,230.34,1252.96,182.62,53.27,95.45,5084.35,0.56,Vertical Oblong,Blue,"(96, 49, 110)",14,VISIBLE,-0.25,-2.42
104,15,car,0.8766,1010.62,100.51,1248.46,306.91,1129.54,203.71,237.85,206.4,49090.78,1.15,Spherical / Regular,Blue,"(95, 63, 99)",15,VISIBLE,-0.26,0.64
104,4,car,0.1737,720.33,136.5,838.41,157.02,779.37,146.76,118.08,20.52,2423.05,5.75,Horizontal Oblong,Orange,"(15, 39, 106)",21,VISIBLE,-2.35,-0.0
104,16,car,0.8064,1214.14,191.08,1279.73,394.81,1246.93,292.94,65.58,203.73,13361.81,0.32,Vertical Oblong,Blue,"(100, 45, 50)",22,VISIBLE,-2.71,-2.43
104,19,car,0.7886,277.44,128.75,686.66,303.02,482.05,215.89,409.22,174.27,71315.41,2.35,Horizontal Oblong,Blue,"(98, 48, 120)",23,VISIBLE,-2.75,1.3
104,8,car,0.1667,915.33,114.91,979.8,140.44,947.56,127.68,64.46,25.54,1646.05,2.52,Horizontal Oblong,Orange,"(14, 84, 143)",24,VISIBLE,-3.08,0.15
105,12,car,0.9156,0.07,147.87,1173.79,713.13,586.93,430.5,1173.72,565.26,663454.35,2.08,Horizontal Oblong,Blue,"(95, 112, 94)",12,VISIBLE,-1.16,-0.31
105,13,car,0.5351,736.77,130.46,1144.13,285.07,940.45,207.77,407.37,154.61,62981.11,2.63,Horizontal Oblong,Green,"(84, 57, 136)",13,VISIBLE,-3.24,-1.02
105,14,car,0.3562,1225.48,135.14,1279.63,220.43,1252.56,177.78,54.15,85.29,4618.16,0.63,Vertical Oblong,Blue,"(96, 49, 111)",14,VISIBLE,-0.36,-4.11
105,15,car,0.8916,1010.57,100.41,1248.11,307.74,1129.34,204.08,237.54,207.33,49249.23,1.15,Spherical / Regular,Blue,"(95, 63, 98)",15,VISIBLE,-0.22,0.45
105,4,car,0.1737,718.34,136.52,835.7,157.0,777.02,146.76,117.36,20.49,2404.23,5.73,Horizontal Oblong,Orange,"(16, 37, 201)",21,VISIBLE,-2.35,-0.0
105,16,car,0.8408,1208.53,186.37,1279.72,396.44,1244.13,291.41,71.19,210.06,14953.83,0.34,Vertical Oblong,Blue,"(99, 45, 58)",22,VISIBLE,-2.78,-1.81
105,19,car,0.8042,275.24,129.08,683.04,305.19,479.14,217.13,407.8,176.11,71819.61,2.32,Horizontal Oblong,Blue,"(98, 48, 121)",23,VISIBLE,-2.86,1.27
105,8,car,0.1714,912.87,115.23,976.34,140.12,944.61,127.68,63.47,24.9,1580.21,2.55,Horizontal Oblong,Orange,"(14, 85, 143)",24,VISIBLE,-3.0,0.05
106,12,car,0.9139,0.03,146.94,1171.52,713.15,585.78,430.05,1171.49,566.2,663302.89,2.07,Horizontal Oblong,Blue,"(96, 112, 94)",12,VISIBLE,-1.16,-0.41
106,13,car,0.5001,731.34,129.89,1143.17,283.62,937.25,206.76,411.82,153.73,63310.13,2.68,Horizontal Oblong,Blue,"(95, 57, 136)",13,VISIBLE,-3.21,-1.01
106,14,car,0.3619,1224.86,135.46,1279.65,213.54,1252.25,174.5,54.78,78.08,4277.23,0.7,Vertical Oblong,Blue,"(96, 48, 112)",14,VISIBLE,-0.32,-3.53
106,15,car,0.8809,1010.59,100.32,1248.06,308.53,1129.33,204.42,237.48,208.21,49444.15,1.14,Spherical / Regular,Blue,"(96, 63, 98)",15,VISIBLE,-0.08,0.38
106,4,car,0.1737,716.35,136.53,833.0,156.98,774.67,146.76,116.65,20.45,2385.47,5.7,Horizontal Oblong,Orange,"(16, 38, 128)",21,VISIBLE,-2.35,-0.0
106,16,car,0.8458,1203.32,182.78,1279.71,397.72,1241.51,290.25,76.4,214.94,16421.45,0.36,Vertical Oblong,Blue,"(100, 45, 59)",22,VISIBLE,-2.66,-1.35
106,19,car,0.8375,271.36,128.59,679.6,309.66,475.48,219.12,408.25,181.07,73919.42,2.25,Horizontal Oblong,Blue,"(98, 48, 120)",23,VISIBLE,-3.42,1.77
106,8,car,0.2027,910.37,115.48,973.02,140.13,941.7,127.8,62.66,24.65,1544.26,2.54,Horizontal Oblong,Orange,"(14, 84, 143)",24,VISIBLE,-2.94,0.1
107,12,car,0.9142,0.0,146.51,1171.67,713.17,585.84,429.84,1171.66,566.65,663925.69,2.07,Horizontal Oblong,Blue,"(96, 113, 94)",12,VISIBLE,-0.3,-0.27
107,13,car,0.469,726.99,129.79,1140.88,281.36,933.93,205.58,413.89,151.58,62734.81,2.73,Horizontal Oblong,Blue,"(96, 56, 136)",13,VISIBLE,-3.29,-1.13
107,14,car,0.2922,1225.11,135.71,1279.6,203.33,1252.36,169.52,54.49,67.62,3684.25,0.81,Vertical Oblong,Blue,"(96, 47, 112)",14,VISIBLE,-0.03,-4.55
107,15,car,0.894,1010.64,100.24,1247.91,309.39,1129.28,204.81,237.27,209.15,49625.32,1.13,Spherical / Regular,Blue,"(96, 62, 98)",15,VISIBLE,-0.06,0.39
107,4,car,0.1737,714.36,136.55,830.29,156.96,772.32,146.76,115.93,20.42,2366.76,5.68,Horizontal Oblong,Orange,"(16, 38, 129)",21,VISIBLE,-2.35,-0.0
107,16,car,0.8346,1198.31,175.1,1279.55,399.33,1238.93,287.21,81.24,224.24,18217.24,0.36,Vertical Oblong,Blue,"(100, 45, 60)",22,VISIBLE,-2.61,-2.53
107,19,car,0.8328,267.47,129.1,677.08,314.28,472.27,221.69,409.61,185.18,75851.92,2.21,Horizontal Oblong,Blue,"(98, 48, 120)",23,VISIBLE,-3.27,2.33
107,8,car,0.2257,907.07,115.7,970.31,140.42,938.69,128.06,63.24,24.72,1562.93,2.56,Horizontal Oblong,Orange,"(14, 85, 143)",24,VISIBLE,-2.98,0.21
108,12,car,0.9169,-0.01,145.83,1172.04,713.21,586.01,429.52,1172.05,567.38,664999.66,2.07,Horizontal Oblong,Blue,"(96, 112, 95)",12,VISIBLE,0.03,-0.3
108,13,car,0.4718,724.36,129.55,1138.87,279.25,931.62,204.4,414.51,149.71,62054.78,2.77,Horizontal Oblong,Blue,"(96, 56, 137)",13,VISIBLE,-2.61,-1.16
108,14,car,0.2512,1225.35,135.86,1279.56,194.21,1252.46,165.03,54.2,58.35,3162.7,0.93,Spherical / Regular,Blue,"(96, 46, 113)",14,VISIBLE,0.06,-4.5
108,15,car,0.8989,1010.69,100.16,1247.75,310.04,1129.22,205.1,237.06,209.88,49752.63,1.13,Spherical / Regular,Blue,"(96, 62, 98)",15,VISIBLE,-0.06,0.32
108,4,car,0.1737,712.37,136.56,827.58,156.94,769.98,146.75,115.22,20.38,2348.1,5.65,Horizontal Oblong,Orange,"(16, 38, 195)",21,VISIBLE,-2.35,-0.0
108,16,car,0.8262,1193.48,164.41,1279.42,400.65,1236.45,282.53,85.93,236.24,20301.29,0.36,Vertical Oblong,Blue,"(100, 47, 62)",22,VISIBLE,-2.52,-4.04
108,19,car,0.8444,262.69,129.53,675.15,319.57,468.92,224.55,412.46,190.04,78382.66,2.17,Horizontal Oblong,Blue,"(98, 49, 120)",23,VISIBLE,-3.33,2.7
108,8,car,0.1722,903.53,115.7,967.66,140.43,935.59,128.07,64.12,24.73,1585.56,2.59,Horizontal Oblong,Orange,"(14, 83, 143)",24,VISIBLE,-3.06,0.07
109,12,car,0.9174,0.79,142.95,1170.95,713.05,585.87,428.0,1170.16,570.1,667106.63,2.05,Horizontal Oblong,Blue,"(96, 103, 97)",12,VISIBLE,-0.09,-1.16
109,13,car,0.4718,721.16,129.17,1136.74,277.45,928.95,203.31,415.59,148.27,61620.17,2.8,Horizontal Oblong,Blue,"(98, 57, 116)",13,VISIBLE,-2.65,-1.11
109,14,car,0.2512,1225.2,136.11,1279.56,186.53,1252.38,161.32,54.35,50.42,2740.69,1.08,Spherical / Regular,Blue,"(100, 47, 113)",14,VISIBLE,-0.03,-3.95
109,15,car,0.6473,1004.92,99.05,1238.63,277.26,1121.78,188.16,233.71,178.21,41648.44,1.31,Horizontal Oblong,Blue,"(98, 58, 102)",15,VISIBLE,-5.23,-11.77
109,4,car,0.1737,710.37,136.58,824.88,156.92,767.63,146.75,114.5,20.34,2329.49,5.63,Horizontal Oblong,Orange,"(15, 41, 204)",21,VISIBLE,-2.35,-0.0
109,16,car,0.8928,1134.62,150.48,1279.38,421.98,1207.0,286.23,144.76,271.51,39303.17,0.53,Vertical Oblong,Blue,"(99, 62, 96)",22,VISIBLE,-21.37,1.38
109,19,car,0.8444,259.56,129.75,672.14,323.42,465.85,226.59,412.58,193.66,79902.22,2.13,Horizontal Oblong,Blue,"(96, 51, 120)",23,VISIBLE,-3.15,2.23
109,8,car,0.1722,900.62,115.85,965.02,140.52,932.82,128.19,64.41,24.67,1589.19,2.61,Horizontal Oblong,Orange,"(19, 44, 120)",24,VISIBLE,-2.86,0.1
110,12,car,0.9195,1.48,140.88,1170.33,712.97,585.91,426.93,1168.85,572.1,668694.38,2.04,Horizontal Oblong,Blue,"(97, 103, 97)",12,VISIBLE,-0.0,-1.1
110,13,car,0.4718,717.95,128.8,1134.62,275.64,926.28,202.22,416.67,146.84,61182.47,2.84,Horizontal Oblong,Blue,"(98, 57, 116)",13,VISIBLE,-2.66,-1.1
110,14,car,0.2512,1225.05,136.36,1279.55,178.86,1252.3,157.61,54.5,42.5,2316.34,1.28,Horizontal Oblong,Blue,"(100, 46, 111)",14,VISIBLE,-0.07,-3.78
110,15,car,0.6688,1000.93,98.27,1232.17,254.54,1116.55,176.41,231.24,156.27,36135.17,1.48,Horizontal Oblong,Blue,"(98, 58, 102)",15,VISIBLE,-5.23,-11.76
110,4,car,0.1737,708.38,136.6,822.17,156.91,765.28,146.75,113.79,20.31,2310.93,5.6,Horizontal Oblong,Orange,"(15, 41, 205)",21,VISIBLE,-2.35,0.0
110,16,car,0.8918,1094.94,141.57,1279.38,436.88,1187.16,289.23,184.44,295.3,54464.99,0.62,Vertical Oblong,Blue,"(99, 64, 94)",22,VISIBLE,-20.3,2.51
110,19,car,0.8444,256.42,129.98,669.13,327.27,462.78,228.62,412.7,197.29,81422.66,2.09,Horizontal Oblong,Blue,"(96, 52, 120)",23,VISIBLE,-3.1,2.1
110,8,car,0.1722,897.7,116.0,962.39,140.62,930.05,128.31,64.69,24.62,1592.78,2.63,Horizontal Oblong,Orange,"(19, 45, 119)",24,VISIBLE,-2.8,0.12
110,1,car,0.8977,0.49,48.08,465.79,445.91,233.14,247.0,465.3,397.83,185110.2,1.17,Spherical / Regular,Blue,"(98, 50, 129)",25,VISIBLE,-4.7,-2.2
110,20,car,0.5784,440.76,129.77,657.51,179.42,549.14,154.6,216.75,49.65,10761.02,4.37,Horizontal Oblong,Orange,"(21, 43, 128)",26,VISIBLE,-2.46,-0.32
110,9,car,0.2025,929.5,124.89,1011.8,156.86,970.65,140.87,82.29,31.98,2631.39,2.57,Horizontal Oblong,Blue,"(99, 49, 122)",27,VISIBLE,-0.88,-2.08
111,12,car,0.9202,1.74,139.4,1169.85,712.98,585.8,426.19,1168.11,573.59,670009.85,2.04,Horizontal Oblong,Blue,"(96, 103, 96)",12,VISIBLE,-0.08,-0.84
111,13,car,0.4718,714.75,128.43,1132.49,273.83,923.62,201.13,417.74,145.4,60741.69,2.87,Horizontal Oblong,Blue,"(98, 57, 116)",13,VISIBLE,-2.66,-1.09
111,14,car,0.2512,1224.9,136.61,1279.55,171.19,1252.22,153.9,54.65,34.58,1889.65,1.58,Horizontal Oblong,Blue,"(101, 43, 111)",14,VISIBLE,-0.07,-3.73
111,15,car,0.6518,997.86,97.73,1227.96,239.52,1112.91,168.62,230.11,141.79,32626.31,1.62,Horizontal Oblong,Blue,"(98, 59, 103)",15,VISIBLE,-4.12,-8.97
111,16,car,0.8925,1069.47,136.77,1279.39,446.36,1174.43,291.56,209.91,309.58,64985.38,0.68,Vertical Oblong,Blue,"(98, 68, 93)",22,VISIBLE,-15.0,2.39
111,19,car,0.8444,253.29,130.2,666.12,331.12,459.7,230.66,412.82,200.92,82943.98,2.05,Horizontal Oblong,Blue,"(96, 53, 120)",23,VISIBLE,-3.08,2.05
111,8,car,0.1722,894.79,116.14,959.76,140.71,927.27,128.43,64.97,24.57,1596.35,2.64,Horizontal Oblong,Orange,"(17, 41, 121)",24,VISIBLE,-2.78,0.12
111,1,car,0.8798,0.49,48.3,464.65,445.24,232.57,246.77,464.16,396.94,184245.22,1.17,Spherical / Regular,Blue,"(98, 50, 130)",25,VISIBLE,-1.81,-0.82
111,20,car,0.5504,440.2,129.83,657.44,179.77,548.82,154.8,217.24,49.95,10850.92,4.35,Horizontal Oblong,Orange,"(18, 42, 127)",26,VISIBLE,-0.96,0.05
111,9,car,0.2133,927.0,125.0,1011.15,156.54,969.08,140.77,84.15,31.54,2654.5,2.67,Horizontal Oblong,Blue,"(99, 49, 122)",27,VISIBLE,-1.37,-0.7
112,12,car,0.9152,1.87,138.88,1169.06,713.09,585.47,425.99,1167.19,574.21,670215.59,2.03,Horizontal Oblong,Blue,"(95, 102, 95)",12,VISIBLE,-0.25,-0.4
112,13,car,0.4718,711.54,128.06,1130.36,272.03,920.95,200.04,418.82,143.97,60297.82,2.91,Horizontal Oblong,Blue,"(98, 57, 117)",13,VISIBLE,-2.67,-1.09
112,14,car,0.2512,1224.75,136.86,1279.54,163.52,1252.15,150.19,54.8,26.66,1460.61,2.06,Horizontal Oblong,White,"(0, 0, 0)",14,VISIBLE,-0.08,-3.72
112,15,car,0.6746,995.63,97.38,1225.46,230.87,1110.54,164.13,229.83,133.49,30679.46,1.72,Horizontal Oblong,Blue,"(98, 60, 102)",15,VISIBLE,-2.89,-5.84
112,16,car,0.8939,1055.64,134.78,1279.4,451.46,1167.52,293.12,223.76,316.67,70859.19,0.71,Vertical Oblong,Blue,"(98, 69, 93)",22,VISIBLE,-9.34,1.81
112,19,car,0.8444,250.16,130.42,663.1,334.96,456.63,232.69,412.94,204.55,84466.18,2.02,Horizontal Oblong,Blue,"(95, 53, 120)",23,VISIBLE,-3.08,2.04
112,8,car,0.1722,891.87,116.29,957.13,140.81,924.5,128.55,65.25,24.52,1599.89,2.66,Horizontal Oblong,Orange,"(19, 40, 119)",24,VISIBLE,-2.78,0.12
112,1,car,0.9066,0.49,48.6,464.02,444.9,232.26,246.75,463.52,396.3,183695.3,1.17,Spherical / Regular,Blue,"(98, 50, 129)",25,VISIBLE,-0.76,-0.26
112,20,car,0.5736,439.63,129.88,657.3,180.06,548.46,154.97,217.67,50.18,10922.2,4.34,Horizontal Oblong,Orange,"(21, 43, 124)",26,VISIBLE,-0.54,0.13
112,9,car,0.2296,925.08,125.37,1010.14,156.25,967.61,140.81,85.06,30.88,2626.78,2.75,Horizontal Oblong,Blue,"(98, 49, 121)",27,VISIBLE,-1.44,-0.18
113,12,car,0.9136,2.19,139.63,1168.13,713.29,585.16,426.46,1165.94,573.66,668848.32,2.03,Horizontal Oblong,Blue,"(93, 100, 93)",12,VISIBLE,-0.29,0.21
113,13,car,0.4718,708.34,127.68,1128.23,270.22,918.28,198.95,419.89,142.54,59850.87,2.95,Horizontal Oblong,Blue,"(98, 57, 116)",13,VISIBLE,-2.67,-1.09
113,14,car,0.2512,1224.6,137.11,1279.54,155.84,1252.07,146.48,54.94,18.73,1029.23,2.93,Horizontal Oblong,White,"(0, 0, 0)",14,VISIBLE,-0.08,-3.72
113,15,car,0.6823,994.14,97.32,1224.14,227.71,1109.14,162.52,230.0,130.4,29991.03,1.76,Horizontal Oblong,Blue,"(98, 61, 101)",15,VISIBLE,-1.85,-2.88
113,16,car,0.885,1051.08,134.71,1279.4,453.18,1165.24,293.95,228.32,318.46,72712.17,0.72,Vertical Oblong,Blue,"(98, 69, 93)",22,VISIBLE,-4.4,1.12
113,19,car,0.8444,247.03,130.64,660.09,338.81,453.56,234.73,413.07,208.17,85989.25,1.98,Horizontal Oblong,Blue,"(95, 53, 120)",23,VISIBLE,-3.07,2.04
113,8,car,0.1722,888.96,116.44,954.49,140.9,921.72,128.67,65.54,24.47,1603.4,2.68,Horizontal Oblong,Orange,"(19, 40, 120)",24,VISIBLE,-2.78,0.12
113,1,car,0.9102,0.49,48.43,464.05,444.69,232.27,246.56,463.56,396.26,183688.62,1.17,Spherical / Regular,Blue,"(98, 50, 129)",25,VISIBLE,-0.22,-0.21
113,20,car,0.5871,439.23,130.04,657.21,180.21,548.22,155.12,217.98,50.17,10936.97,4.34,Horizontal Oblong,Orange,"(20, 43, 124)",26,VISIBLE,-0.33,0.15
113,9,car,0.2597,923.6,125.64,1008.85,155.6,966.23,140.62,85.25,29.96,2554.45,2.84,Horizontal Oblong,Blue,"(98, 48, 120)",27,VISIBLE,-1.4,-0.19
114,12,car,0.9153,2.35,140.1,1167.85,713.36,585.1,426.73,1165.51,573.26,668143.51,2.03,Horizontal Oblong,Blue,"(93, 97, 91)",12,VISIBLE,-0.13,0.25
114,13,car,0.4718,705.13,127.31,1126.1,268.41,915.62,197.86,420.97,141.1,59400.83,2.98,Horizontal Oblong,Blue,"(98, 56, 117)",13,VISIBLE,-2.67,-1.09
114,14,car,0.2512,1224.44,137.36,1279.53,148.17,1251.99,142.77,55.09,10.81,595.51,5.1,Horizontal Oblong,White,"(0, 0, 0)",14,VISIBLE,-0.08,-3.71
114,15,car,0.6875,992.1,97.6,1223.13,225.93,1107.61,161.76,231.03,128.34,29649.46,1.8,Horizontal Oblong,Blue,"(98, 61, 101)",15,VISIBLE,-1.62,-1.39
114,16,car,0.8827,1050.04,135.69,1279.41,451.96,1164.73,293.82,229.37,316.27,72541.29,0.73,Vertical Oblong,Blue,"(98, 69, 93)",22,VISIBLE,-1.68,0.25
114,19,car,0.8444,243.9,130.86,657.08,342.66,450.49,236.76,413.19,211.8,87513.19,1.95,Horizontal Oblong,Blue,"(94, 53, 120)",23,VISIBLE,-3.07,2.04
114,8,car,0.1722,886.04,116.58,951.86,141.0,918.95,128.79,65.82,24.41,1606.88,2.7,Horizontal Oblong,Orange,"(18, 39, 126)",24,VISIBLE,-2.78,0.12
114,1,car,0.9078,0.49,48.34,464.22,444.61,232.35,246.48,463.73,396.27,183762.83,1.17,Spherical / Regular,Blue,"(98, 50, 128)",25,VISIBLE,-0.01,-0.12
114,20,car,0.5838,438.87,130.18,657.23,180.36,548.05,155.27,218.36,50.18,10956.35,4.35,Horizontal Oblong,Orange,"(21, 44, 129)",26,VISIBLE,-0.22,0.15
114,9,car,0.2541,922.51,125.83,1008.0,155.44,965.25,140.63,85.49,29.61,2531.27,2.89,Horizontal Oblong,Blue,"(98, 47, 122)",27,VISIBLE,-1.1,-0.05
115,12,car,0.9073,2.25,140.0,1168.2,713.3,585.23,426.65,1165.95,573.3,668445.17,2.03,Horizontal Oblong,Blue,"(86, 93, 90)",12,VISIBLE,0.05,0.02
115,13,car,0.4718,701.93,126.94,1123.97,266.61,912.95,196.77,422.05,139.67,58947.7,3.02,Horizontal Oblong,Blue,"(98, 56, 119)",13,VISIBLE,-2.67,-1.09
115,14,car,0.2512,1224.29,137.61,1279.53,140.5,1251.91,139.06,55.24,2.89,159.45,19.14,Horizontal Oblong,White,"(0, 0, 0)",14,VISIBLE,-0.08,-3.71
115,15,car,0.6902,990.94,97.9,1222.79,226.11,1106.87,162.01,231.85,128.21,29725.15,1.81,Horizontal Oblong,Blue,"(98, 61, 101)",15,VISIBLE,-1.01,-0.25
115,16,car,0.8916,1051.21,137.07,1279.42,451.75,1165.31,294.41,228.22,314.68,71815.5,0.73,Vertical Oblong,Blue,"(98, 68, 93)",22,VISIBLE,-0.09,0.49
115,19,car,0.8444,240.77,131.08,654.07,346.51,447.42,238.8,413.31,215.43,89038.02,1.92,Horizontal Oblong,Blue,"(94, 53, 120)",23,VISIBLE,-3.07,2.04
115,8,car,0.1722,883.12,116.73,949.23,141.09,916.18,128.91,66.1,24.36,1610.33,2.71,Horizontal Oblong,Orange,"(19, 40, 139)",24,VISIBLE,-2.78,0.12
115,1,car,0.9076,0.48,48.52,464.33,444.54,232.4,246.53,463.85,396.01,183690.29,1.17,Spherical / Regular,Blue,"(98, 49, 127)",25,VISIBLE,0.03,0.0
115,20,car,0.579,438.98,130.33,656.97,180.41,547.97,155.37,217.99,50.08,10917.36,4.35,Horizontal Oblong,Orange,"(20, 44, 126)",26,VISIBLE,-0.12,0.11
115,9,car,0.2716,921.32,125.91,1007.25,155.88,964.28,140.9,85.94,29.97,2575.67,2.87,Horizontal Oblong,Blue,"(98, 47, 121)",27,VISIBLE,-1.01,0.17
115,4,car,0.2122,801.37,118.78,869.58,141.2,835.47,129.99,68.21,22.42,1529.03,3.04,Horizontal Oblong,Orange,"(14, 80, 142)",28,VISIBLE,9.12,-2.35
116,12,car,0.91,2.31,140.18,1168.29,713.3,585.3,426.74,1165.98,573.12,668246.97,2.03,Horizontal Oblong,Green,"(84, 90, 89)",12,VISIBLE,0.07,0.07
116,13,car,0.4718,698.72,126.56,1121.84,264.8,910.28,195.68,423.12,138.24,58491.49,3.06,Horizontal Oblong,Blue,"(98, 55, 119)",13,VISIBLE,-2.67,-1.09
116,14,car,0.2512,1224.14,132.83,1279.53,137.86,1251.83,135.34,55.39,5.04,278.96,11.0,Horizontal Oblong,Grey/Brown,"(0, 0, 0)",14,VISIBLE,-0.08,-3.71
116,15,car,0.6928,990.46,98.25,1222.95,227.81,1106.71,163.03,232.5,129.56,30123.42,1.79,Horizontal Oblong,Blue,"(98, 61, 101)",15,VISIBLE,-0.42,0.64
116,16,car,0.8858,1054.43,138.62,1279.43,449.93,1166.93,294.28,224.99,311.31,70042.47,0.72,Vertical Oblong,Blue,"(98, 68, 93)",22,VISIBLE,1.1,0.05
116,19,car,0.8444,237.63,131.3,651.06,350.36,444.35,240.83,413.43,219.06,90563.71,1.89,Horizontal Oblong,Blue,"(94, 53, 121)",23,VISIBLE,-3.07,2.04
116,8,car,0.1722,880.21,116.88,946.6,141.19,913.4,129.03,66.39,24.31,1613.76,2.73,Horizontal Oblong,Orange,"(19, 39, 145)",24,VISIBLE,-2.77,0.12
116,1,car,0.8981,0.47,48.62,464.26,444.12,232.36,246.37,463.78,395.5,183426.99,1.17,Spherical / Regular,Blue,"(98, 49, 126)",25,VISIBLE,-0.02,-0.11
116,20,car,0.5528,438.89,130.47,656.78,180.49,547.84,155.48,217.89,50.02,10898.1,4.36,Horizontal Oblong,Orange,"(20, 44, 125)",26,VISIBLE,-0.13,0.11
116,9,car,0.2773,919.7,125.93,1006.77,156.67,963.24,141.3,87.07,30.74,2676.32,2.83,Horizontal Oblong,Blue,"(98, 47, 122)",27,VISIBLE,-1.04,0.33
116,4,car,0.2591,800.78,118.71,868.9,141.27,834.84,129.99,68.12,22.56,1536.95,3.02,Horizontal Oblong,Orange,"(14, 80, 142)",28,VISIBLE,2.29,-0.7
117,12,car,0.9123,1.94,139.86,1168.82,713.15,585.38,426.5,1166.88,573.28,668956.46,2.04,Horizontal Oblong,Green,"(84, 86, 87)",12,VISIBLE,0.08,-0.14
117,13,car,0.4718,695.52,126.19,1119.72,263.0,907.62,194.59,424.2,136.8,58032.19,3.1,Horizontal Oblong,Blue,"(96, 54, 120)",13,VISIBLE,-2.66,-1.09
117,14,car,0.2512,1223.99,125.15,1279.52,138.11,1251.76,131.63,55.53,12.96,719.7,4.29,Horizontal Oblong,Grey/Brown,"(0, 0, 0)",14,VISIBLE,-0.08,-3.71
117,15,car,0.711,990.25,98.46,1223.3,229.65,1106.77,164.05,233.05,131.18,30571.81,1.78,Horizontal Oblong,Blue,"(98, 61, 102)",15,VISIBLE,-0.08,0.91
117,16,car,0.879,1058.65,139.86,1279.43,446.96,1169.04,293.41,220.78,307.1,67802.31,0.72,Vertical Oblong,Blue,"(98, 68, 93)",22,VISIBLE,1.81,-0.59
117,19,car,0.8444,234.5,131.52,648.05,354.21,441.28,242.87,413.55,222.68,92090.29,1.86,Horizontal Oblong,Blue,"(93, 53, 121)",23,VISIBLE,-3.07,2.04
117,8,car,0.1722,877.29,117.03,943.96,141.28,910.63,129.15,66.67,24.26,1617.15,2.75,Horizontal Oblong,Orange,"(19, 38, 150)",24,VISIBLE,-2.78,0.12
117,1,car,0.876,0.61,48.85,463.14,444.4,231.87,246.63,462.53,395.55,182956.03,1.17,Spherical / Regular,Blue,"(98, 49, 126)",25,VISIBLE,-0.35,0.15
117,20,car,0.5373,439.1,130.54,657.31,180.39,548.2,155.47,218.21,49.85,10877.35,4.38,Horizontal Oblong,Orange,"(21, 45, 119)",26,VISIBLE,0.22,0.02
117,9,car,0.2849,918.09,125.87,1006.2,157.8,962.15,141.83,88.11,31.94,2813.88,2.76,Horizontal Oblong,Blue,"(98, 47, 121)",27,VISIBLE,-1.07,0.47
117,4,car,0.2747,800.26,118.75,868.04,141.37,834.15,130.06,67.78,22.62,1533.52,3.0,Horizontal Oblong,Orange,"(14, 80, 142)",28,VISIBLE,0.2,-0.16
118,12,car,0.9074,1.58,139.28,1169.59,712.86,585.58,426.07,1168.0,573.58,669945.31,2.04,Horizontal Oblong,Green,"(83, 84, 85)",12,VISIBLE,0.17,-0.35
118,13,car,0.4718,692.31,125.82,1117.59,261.19,904.95,193.5,425.28,135.37,57569.81,3.14,Horizontal Oblong,Blue,"(96, 53, 118)",13,VISIBLE,-2.67,-1.09
118,14,car,0.2512,1223.84,117.48,1279.52,138.36,1251.68,127.92,55.68,20.88,1162.79,2.67,Horizontal Oblong,Grey/Brown,"(0, 0, 0)",14,VISIBLE,-0.08,-3.71
118,15,car,0.7094,990.16,98.65,1223.64,231.28,1106.9,164.97,233.49,132.64,30968.84,1.76,Horizontal Oblong,Blue,"(98, 61, 103)",15,VISIBLE,0.06,0.91
118,16,car,0.8838,1062.43,140.83,1279.44,445.53,1170.93,293.18,217.01,304.71,66124.47,0.71,Vertical Oblong,Blue,"(99, 67, 94)",22,VISIBLE,1.87,-0.34
118,19,car,0.8444,231.37,131.75,645.04,358.06,438.21,244.9,413.67,226.31,93617.74,1.83,Horizontal Oblong,Blue,"(93, 52, 122)",23,VISIBLE,-3.07,2.04
118,1,car,0.8648,0.7,48.92,462.24,444.9,231.47,246.91,461.55,395.98,182762.34,1.17,Spherical / Regular,Blue,"(98, 49, 125)",25,VISIBLE,-0.39,0.24
118,20,car,0.5375,439.36,130.58,657.47,180.4,548.41,155.49,218.11,49.82,10866.41,4.38,Horizontal Oblong,Orange,"(21, 44, 120)",26,VISIBLE,0.21,0.02
118,9,car,0.2849,916.28,125.78,1005.94,159.92,961.11,142.85,89.67,34.13,3060.37,2.63,Horizontal Oblong,Blue,"(99, 49, 124)",27,VISIBLE,-1.05,0.85
118,4,car,0.3413,799.59,118.9,866.99,141.2,833.29,130.05,67.4,22.29,1502.54,3.02,Horizontal Oblong,Orange,"(14, 79, 143)",28,VISIBLE,-0.54,-0.06
119,12,car,0.8952,1.01,138.74,1169.81,712.66,585.41,425.7,1168.8,573.92,670802.07,2.04,Horizontal Oblong,Green,"(80, 83, 83)",12,VISIBLE,-0.07,-0.36
119,13,car,0.4718,689.11,125.45,1115.46,259.38,902.28,192.41,426.35,133.94,57104.34,3.18,Horizontal Oblong,Blue,"(95, 54, 116)",13,VISIBLE,-2.67,-1.09
119,14,car,0.2512,1223.68,109.81,1279.51,138.61,1251.6,124.21,55.83,28.81,1608.22,1.94,Horizontal Oblong,Grey/Brown,"(0, 0, 0)",14,VISIBLE,-0.08,-3.71
119,15,car,0.7105,990.17,98.77,1223.98,232.51,1107.08,165.64,233.81,133.74,31270.87,1.75,Horizontal Oblong,Blue,"(98, 61, 103)",15,VISIBLE,0.14,0.75
119,16,car,0.8976,1065.66,141.56,1279.45,446.23,1172.55,293.9,213.79,304.67,65135.2,0.7,Vertical Oblong,Blue,"(99, 67, 94)",22,VISIBLE,1.69,0.4
119,19,car,0.8444,228.24,131.97,642.03,361.9,435.13,246.94,413.79,229.94,95146.06,1.8,Horizontal Oblong,Blue,"(93, 52, 122)",23,VISIBLE,-3.07,2.03
119,1,car,0.8579,0.76,48.81,461.42,445.45,231.09,247.13,460.66,396.64,182716.19,1.16,Spherical / Regular,Blue,"(98, 48, 125)",25,VISIBLE,-0.38,0.23
119,20,car,0.5381,439.6,130.58,657.41,180.4,548.51,155.49,217.81,49.83,10852.87,4.37,Horizontal Oblong,Orange,"(20, 43, 119)",26,VISIBLE,0.13,0.01
119,9,car,0.2916,914.09,125.25,1005.73,162.55,959.91,143.9,91.64,37.31,3418.77,2.46,Horizontal Oblong,Blue,"(99, 48, 124)",27,VISIBLE,-1.15,0.99
119,4,car,0.3303,798.84,119.05,865.93,141.21,832.39,130.13,67.08,22.15,1486.2,3.03,Horizontal Oblong,Orange,"(14, 79, 144)",28,VISIBLE,-0.8,0.04
120,12,car,0.9048,1.28,137.41,1168.72,712.92,585.0,425.17,1167.44,575.51,671867.04,2.03,Horizontal Oblong,Green,"(81, 82, 82)",12,VISIBLE,-0.31,-0.48
120,13,car,0.4718,685.9,125.07,1113.33,257.58,899.61,191.32,427.43,132.5,56635.79,3.23,Horizontal Oblong,Blue,"(95, 54, 115)",13,VISIBLE,-2.67,-1.09
120,14,car,0.2512,1223.53,102.14,1279.51,138.86,1251.52,120.5,55.98,36.73,2056.0,1.52,Horizontal Oblong,Orange,"(16, 73, 135)",14,VISIBLE,-0.08,-3.71
120,15,car,0.701,990.15,98.86,1224.3,233.45,1107.23,166.16,234.15,134.59,31515.17,1.74,Horizontal Oblong,Blue,"(98, 61, 103)",15,VISIBLE,0.15,0.58
120,16,car,0.9011,1067.6,142.09,1279.45,447.43,1173.53,294.76,211.85,305.34,64685.71,0.69,Vertical Oblong,Blue,"(99, 67, 94)",22,VISIBLE,1.19,0.73
120,19,car,0.8444,225.11,132.19,639.02,365.75,432.06,248.97,413.91,233.57,96675.26,1.77,Horizontal Oblong,Blue,"(93, 51, 122)",23,VISIBLE,-3.07,2.03
120,1,car,0.8685,0.67,48.97,462.62,445.14,231.65,247.06,461.95,396.17,183011.81,1.17,Spherical / Regular,Blue,"(98, 48, 124)",25,VISIBLE,0.27,0.02
120,20,car,0.546,439.77,130.56,657.26,180.41,548.52,155.48,217.49,49.84,10840.1,4.36,Horizontal Oblong,Orange,"(20, 43, 118)",26,VISIBLE,0.05,-0.0
120,9,car,0.2961,912.59,125.18,1006.0,164.41,959.3,144.79,93.41,39.23,3664.77,2.38,Horizontal Oblong,Blue,"(99, 49, 123)",27,VISIBLE,-0.78,0.92
120,4,car,0.3872,797.91,119.13,865.08,141.21,831.49,130.17,67.17,22.08,1483.01,3.04,Horizontal Oblong,Orange,"(14, 79, 143)",28,VISIBLE,-0.86,0.04
121,12,car,0.9027,1.97,137.01,1168.78,713.26,585.37,425.14,1166.81,576.25,672369.81,2.02,Horizontal Oblong,Green,"(82, 81, 81)",12,VISIBLE,0.17,-0.17
121,13,car,0.4718,682.7,124.7,1111.2,255.77,896.95,190.24,428.51,131.07,56164.14,3.27,Horizontal Oblong,Blue,"(94, 54, 115)",13,VISIBLE,-2.67,-1.09
121,14,car,0.2512,1223.38,94.46,1279.51,139.12,1251.44,116.79,56.13,44.65,2506.11,1.26,Horizontal Oblong,Orange,"(16, 64, 147)",14,VISIBLE,-0.08,-3.71
121,15,car,0.715,990.35,98.92,1224.52,234.29,1107.43,166.6,234.17,135.38,31701.58,1.73,Horizontal Oblong,Blue,"(98, 60, 103)",15,VISIBLE,0.19,0.49
121,16,car,0.9014,1068.71,142.62,1279.47,448.9,1174.09,295.76,210.76,306.29,64552.23,0.69,Vertical Oblong,Blue,"(98, 67, 93)",22,VISIBLE,0.75,0.92
121,1,car,0.8549,0.74,49.05,462.58,445.61,231.66,247.33,461.85,396.56,183148.01,1.16,Spherical / Regular,Blue,"(98, 48, 123)",25,VISIBLE,0.09,0.2
121,20,car,0.5164,439.94,130.65,657.3,180.54,548.62,155.59,217.37,49.89,10844.83,4.36,Horizontal Oblong,Orange,"(21, 42, 97)",26,VISIBLE,0.09,0.08
121,9,car,0.2974,911.11,125.02,1006.02,165.67,958.56,145.35,94.92,40.65,3858.1,2.34,Horizontal Oblong,Blue,"(98, 49, 124)",27,VISIBLE,-0.74,0.66
121,4,car,0.2959,796.66,119.35,863.81,141.38,830.23,130.37,67.15,22.03,1478.92,3.05,Horizontal Oblong,Orange,"(14, 77, 141)",28,VISIBLE,-1.14,0.15
122,12,car,0.8997,1.98,136.75,1168.3,713.39,585.14,425.07,1166.31,576.65,672553.75,2.02,Horizontal Oblong,Green,"(81, 80, 81)",12,VISIBLE,-0.11,-0.1
122,13,car,0.4718,679.49,124.33,1109.07,253.96,894.28,189.15,429.58,129.64,55689.42,3.31,Horizontal Oblong,Blue,"(94, 54, 117)",13,VISIBLE,-2.67,-1.09
122,14,car,0.2512,1223.23,86.79,1279.5,139.37,1251.37,113.08,56.27,52.57,2958.57,1.07,Spherical / Regular,Orange,"(15, 58, 143)",14,VISIBLE,-0.08,-3.71
122,15,car,0.7151,990.69,99.04,1224.81,234.7,1107.75,166.87,234.12,135.67,31763.27,1.73,Horizontal Oblong,Blue,"(98, 61, 103)",15,VISIBLE,0.28,0.33
122,16,car,0.8965,1068.88,142.93,1279.48,451.1,1174.18,297.02,210.6,308.17,64901.74,0.68,Vertical Oblong,Blue,"(99, 67, 94)",22,VISIBLE,0.29,1.15
122,1,car,0.8135,0.77,49.1,462.85,446.11,231.81,247.61,462.08,397.01,183450.65,1.16,Spherical / Regular,Blue,"(98, 48, 122)",25,VISIBLE,0.13,0.25
122,20,car,0.4879,439.88,130.82,656.78,180.63,548.33,155.72,216.9,49.81,10802.73,4.35,Horizontal Oblong,Orange,"(21, 41, 81)",26,VISIBLE,-0.18,0.11
122,9,car,0.2952,909.53,124.97,1005.59,167.36,957.56,146.17,96.06,42.39,4071.38,2.27,Horizontal Oblong,Blue,"(98, 48, 126)",27,VISIBLE,-0.93,0.77
122,4,car,0.2516,795.15,119.65,862.54,141.65,828.84,130.65,67.39,22.0,1482.25,3.06,Horizontal Oblong,Orange,"(14, 78, 140)",28,VISIBLE,-1.32,0.24
123,12,car,0.8918,2.22,135.97,1168.3,713.27,585.26,424.62,1166.08,577.3,673177.04,2.02,Horizontal Oblong,Green,"(81, 80, 79)",12,VISIBLE,0.05,-0.34
123,13,car,0.4718,676.29,123.95,1106.94,252.16,891.61,188.06,430.66,128.2,55211.6,3.36,Horizontal Oblong,Blue,"(94, 54, 117)",13,VISIBLE,-2.67,-1.09
123,14,car,0.2512,1223.08,79.12,1279.5,139.62,1251.29,109.37,56.42,60.5,3413.37,0.93,Spherical / Regular,Orange,"(15, 57, 143)",14,VISIBLE,-0.08,-3.71
123,15,car,0.7098,991.23,99.3,1224.7,234.94,1107.96,167.12,233.48,135.65,31671.01,1.72,Horizontal Oblong,Blue,"(98, 61, 103)",15,VISIBLE,0.23,0.27
123,16,car,0.8957,1068.09,143.14,1279.48,452.55,1173.79,297.84,211.39,309.41,65404.74,0.68,Vertical Oblong,Blue,"(99, 67, 93)",22,VISIBLE,-0.19,0.93
123,1,car,0.7722,0.79,49.32,465.12,446.34,232.96,247.83,464.32,397.02,184347.43,1.17,Spherical / Regular,Blue,"(98, 48, 120)",25,VISIBLE,0.84,0.23
123,20,car,0.4656,439.61,131.02,656.08,181.08,547.85,156.05,216.47,50.06,10836.77,4.32,Horizontal Oblong,Orange,"(21, 40, 81)",26,VISIBLE,-0.39,0.26
123,9,car,0.3007,907.69,125.02,1006.01,168.57,956.85,146.79,98.31,43.55,4281.62,2.26,Horizontal Oblong,Blue,"(98, 47, 126)",27,VISIBLE,-0.78,0.67
123,4,car,0.1712,792.97,119.92,860.81,142.33,826.89,131.13,67.85,22.41,1520.56,3.03,Horizontal Oblong,Orange,"(14, 78, 141)",28,VISIBLE,-1.76,0.41
124,12,car,0.8901,2.33,134.65,1167.0,713.0,584.66,423.83,1164.67,578.35,673585.25,2.01,Horizontal Oblong,Green,"(82, 82, 76)",12,VISIBLE,-0.4,-0.66
124,15,car,0.6969,991.76,99.63,1224.3,235.21,1108.03,167.42,232.54,135.58,31528.37,1.72,Horizontal Oblong,Blue,"(98, 60, 103)",15,VISIBLE,0.12,0.29
124,16,car,0.893,1067.01,143.3,1279.46,454.1,1173.24,298.7,212.45,310.8,66031.15,0.68,Vertical Oblong,Blue,"(98, 67, 91)",22,VISIBLE,-0.44,0.88
124,1,car,0.758,0.8,49.48,466.18,446.4,233.49,247.94,465.38,396.92,184715.44,1.17,Spherical / Regular,Blue,"(98, 48, 115)",25,VISIBLE,0.63,0.15
124,20,car,0.4301,438.9,131.3,655.64,181.44,547.27,156.37,216.74,50.15,10868.64,4.32,Horizontal Oblong,Orange,"(21, 41, 86)",26,VISIBLE,-0.52,0.3
124,9,car,0.3074,906.89,124.98,1008.03,169.35,957.46,147.17,101.13,44.37,4487.05,2.28,Horizontal Oblong,Blue,"(98, 45, 124)",27,VISIBLE,0.19,0.46
124,4,car,0.1712,791.65,120.12,859.6,142.59,825.63,131.35,67.95,22.47,1526.99,3.02,Horizontal Oblong,Orange,"(15, 78, 141)",28,VISIBLE,-1.41,0.28
125,12,car,0.8895,2.43,133.74,1165.74,712.79,584.08,423.27,1163.31,579.05,673618.7,2.01,Horizontal Oblong,Green,"(83, 81, 75)",12,VISIBLE,-0.53,-0.59
125,15,car,0.6707,992.19,99.94,1224.11,235.43,1108.15,167.68,231.92,135.5,31423.99,1.71,Horizontal Oblong,Blue,"(98, 60, 103)",15,VISIBLE,0.12,0.27
125,16,car,0.8892,1066.09,143.61,1279.45,454.93,1172.77,299.27,213.35,311.32,66421.22,0.69,Vertical Oblong,Blue,"(98, 67, 90)",22,VISIBLE,-0.46,0.66
125,1,car,0.7663,0.46,50.13,548.61,447.72,274.53,248.93,548.15,397.59,217940.26,1.38,Horizontal Oblong,Blue,"(96, 48, 116)",25,VISIBLE,28.92,0.73
125,20,car,0.4203,437.58,131.61,655.38,182.27,546.48,156.94,217.8,50.66,11032.97,4.3,Horizontal Oblong,Orange,"(21, 40, 88)",26,VISIBLE,-0.71,0.49
125,9,car,0.3242,905.59,124.86,1009.81,169.17,957.7,147.02,104.23,44.31,4617.92,2.35,Horizontal Oblong,Blue,"(96, 44, 123)",27,VISIBLE,0.23,0.03
125,4,car,0.1712,790.34,120.31,858.39,142.84,824.37,131.58,68.05,22.53,1533.44,3.02,Horizontal Oblong,Orange,"(15, 78, 140)",28,VISIBLE,-1.31,0.24
125,7,car,0.1634,1.43,42.85,228.43,73.31,114.93,58.08,227.0,30.45,6912.89,7.45,Horizontal Oblong,Blue,"(86, 44, 57)",29,VISIBLE,-3.36,-2.79
126,12,car,0.8838,2.64,132.37,1167.21,712.65,584.92,422.51,1164.57,580.29,675785.37,2.01,Horizontal Oblong,Green,"(83, 81, 74)",12,VISIBLE,0.43,-0.71
126,15,car,0.6681,992.57,99.61,1224.39,237.08,1108.48,168.35,231.81,137.47,31866.95,1.69,Horizontal Oblong,Blue,"(98, 60, 105)",15,VISIBLE,0.27,0.54
126,16,car,0.866,1065.37,143.71,1279.42,456.85,1172.4,300.28,214.05,313.14,67027.43,0.68,Vertical Oblong,Blue,"(98, 64, 89)",22,VISIBLE,-0.4,0.91
126,1,car,0.7665,0.21,50.59,606.31,448.65,303.26,249.62,606.1,398.06,241261.35,1.52,Horizontal Oblong,Blue,"(96, 49, 117)",25,VISIBLE,28.78,0.71
126,20,car,0.4088,436.68,131.85,654.85,182.79,545.76,157.32,218.17,50.94,11114.54,4.28,Horizontal Oblong,Orange,"(24, 39, 84)",26,VISIBLE,-0.71,0.41
126,9,car,0.307,903.93,124.87,1011.1,168.8,957.52,146.83,107.17,43.94,4709.02,2.44,Horizontal Oblong,Blue,"(98, 45, 125)",27,VISIBLE,-0.06,-0.12
126,4,car,0.1712,789.03,120.5,857.18,143.1,823.11,131.8,68.15,22.59,1539.89,3.02,Horizontal Oblong,Orange,"(15, 78, 142)",28,VISIBLE,-1.27,0.23
126,7,car,0.1634,1.42,42.86,228.41,73.32,114.92,58.09,226.99,30.45,6912.43,7.45,Horizontal Oblong,Blue,"(86, 43, 57)",29,VISIBLE,-1.02,-0.83
127,12,car,0.8843,2.53,130.98,1167.54,712.61,585.03,421.8,1165.01,581.63,677605.62,2.0,Horizontal Oblong,Green,"(83, 83, 74)",12,VISIBLE,0.21,-0.71
127,15,car,0.68,992.55,99.42,1224.28,238.49,1108.41,168.95,231.72,139.07,32225.52,1.67,Horizontal Oblong,Blue,"(98, 61, 104)",15,VISIBLE,0.03,0.59
127,16,car,0.8794,1065.08,143.74,1279.4,457.92,1172.24,300.83,214.32,314.18,67334.67,0.68,Vertical Oblong,Blue,"(98, 64, 87)",22,VISIBLE,-0.23,0.66
127,1,car,0.8186,0.36,50.42,559.48,448.07,279.92,249.24,559.12,397.65,222331.81,1.41,Horizontal Oblong,Blue,"(96, 48, 116)",25,VISIBLE,-7.7,-0.05
127,20,car,0.4641,436.37,131.87,654.66,183.15,545.52,157.51,218.29,51.28,11194.92,4.26,Horizontal Oblong,Yellow,"(28, 39, 79)",26,VISIBLE,-0.39,0.26
127,9,car,0.2693,900.52,124.9,1011.5,168.0,956.01,146.45,110.98,43.1,4782.96,2.57,Horizontal Oblong,Blue,"(98, 45, 124)",27,VISIBLE,-1.07,-0.3
127,4,car,0.1712,787.72,120.7,855.97,143.35,821.85,132.03,68.26,22.66,1546.36,3.01,Horizontal Oblong,Orange,"(15, 78, 141)",28,VISIBLE,-1.26,0.23
127,7,car,0.1634,1.42,42.87,228.39,73.32,114.91,58.1,226.98,30.45,6911.96,7.45,Horizontal Oblong,Blue,"(87, 42, 56)",29,VISIBLE,-0.31,-0.25
128,12,car,0.8787,2.31,132.1,1167.71,712.66,585.01,422.38,1165.41,580.56,676592.88,2.01,Horizontal Oblong,Green,"(83, 83, 72)",12,VISIBLE,0.04,0.2
128,15,car,0.6932,992.14,99.22,1224.06,239.48,1108.1,169.35,231.92,140.26,32528.64,1.65,Horizontal Oblong,Blue,"(98, 60, 105)",15,VISIBLE,-0.21,0.45
128,16,car,0.8925,1064.79,143.64,1279.37,457.38,1172.08,300.51,214.58,313.74,67323.75,0.68,Vertical Oblong,Blue,"(98, 64, 87)",22,VISIBLE,-0.18,-0.03
128,1,car,0.8759,0.48,50.34,520.73,447.13,260.61,248.73,520.25,396.79,206431.97,1.31,Horizontal Oblong,Blue,"(98, 48, 114)",25,VISIBLE,-15.83,-0.37
128,20,car,0.5298,436.14,131.81,654.45,183.3,545.29,157.55,218.31,51.49,11240.34,4.24,Horizontal Oblong,Yellow,"(28, 39, 79)",26,VISIBLE,-0.27,0.11
128,9,car,0.2365,899.58,124.94,1011.4,168.02,955.49,146.48,111.82,43.08,4817.37,2.6,Horizontal Oblong,Blue,"(98, 44, 124)",27,VISIBLE,-0.69,-0.07
128,4,car,0.1712,786.4,120.89,854.76,143.61,820.58,132.25,68.36,22.72,1552.84,3.01,Horizontal Oblong,Orange,"(15, 78, 140)",28,VISIBLE,-1.26,0.23
129,12,car,0.875,1.62,133.5,1168.67,712.78,585.14,423.14,1167.05,579.28,676047.85,2.01,Horizontal Oblong,Green,"(83, 83, 71)",12,VISIBLE,0.11,0.59
129,15,car,0.6805,991.35,99.22,1222.92,239.75,1107.14,169.48,231.56,140.53,32542.57,1.65,Horizontal Oblong,Blue,"(98, 60, 104)",15,VISIBLE,-0.74,0.23
129,16,car,0.8898,1064.24,143.37,1279.34,457.41,1171.79,300.39,215.1,314.04,67551.87,0.68,Vertical Oblong,Blue,"(98, 64, 86)",22,VISIBLE,-0.26,-0.09
129,1,car,0.8716,0.59,50.24,491.17,445.61,245.88,247.92,490.59,395.37,193961.52,1.24,Horizontal Oblong,Blue,"(98, 48, 114)",25,VISIBLE,-15.06,-0.68
129,20,car,0.5579,435.69,131.72,654.21,183.51,544.95,157.62,218.52,51.79,11316.54,4.22,Horizontal Oblong,Yellow,"(31, 38, 80)",26,VISIBLE,-0.32,0.07
129,9,car,0.216,897.85,124.62,1010.83,168.13,954.34,146.38,112.98,43.5,4915.16,2.6,Horizontal Oblong,Blue,"(95, 42, 123)",27,VISIBLE,-1.01,-0.09
129,4,car,0.1712,785.09,121.09,853.55,143.86,819.32,132.48,68.46,22.78,1559.34,3.01,Horizontal Oblong,Orange,"(15, 80, 143)",28,VISIBLE,-1.26,0.23
130,12,car,0.8663,1.1,134.49,1168.19,712.6,584.64,423.55,1167.09,578.11,674707.78,2.02,Horizontal Oblong,Green,"(83, 81, 70)",12,VISIBLE,-0.32,0.46
130,15,car,0.6514,990.79,99.61,1220.79,237.95,1105.79,168.78,230.0,138.34,31818.16,1.66,Horizontal Oblong,Blue,"(98, 61, 104)",15,VISIBLE,-1.16,-0.42
130,16,car,0.8844,1063.58,143.09,1279.3,459.49,1171.44,301.29,215.72,316.4,68253.65,0.68,Vertical Oblong,Blue,"(98, 64, 86)",22,VISIBLE,-0.32,0.6
130,1,car,0.858,0.65,50.06,470.3,443.72,235.48,246.89,469.65,393.66,184881.26,1.19,Spherical / Regular,Blue,"(98, 48, 112)",25,VISIBLE,-11.8,-0.93
130,20,car,0.5233,435.15,131.6,653.75,183.71,544.45,157.65,218.61,52.11,11391.07,4.2,Horizontal Oblong,Yellow,"(28, 39, 81)",26,VISIBLE,-0.45,0.05
130,9,car,0.2045,894.78,124.27,1009.55,167.79,952.16,146.03,114.76,43.52,4994.09,2.64,Horizontal Oblong,Blue,"(98, 45, 123)",27,VISIBLE,-1.83,-0.27
130,4,car,0.1712,783.78,121.28,852.34,144.12,818.06,132.7,68.56,22.84,1565.84,3.0,Horizontal Oblong,Orange,"(15, 80, 144)",28,VISIBLE,-1.26,0.23
131,12,car,0.8811,0.82,135.39,1168.18,712.5,584.5,423.95,1167.37,577.1,673693.03,2.02,Horizontal Oblong,Green,"(83, 81, 69)",12,VISIBLE,-0.2,0.42
131,15,car,0.6658,990.04,99.97,1219.03,236.35,1104.54,168.16,228.98,136.39,31229.83,1.68,Horizontal Oblong,Blue,"(98, 61, 104)",15,VISIBLE,-1.23,-0.56
131,16,car,0.8727,1062.84,142.84,1279.29,460.92,1171.07,301.88,216.45,318.09,68848.71,0.68,Vertical Oblong,Blue,"(98, 64, 86)",22,VISIBLE,-0.36,0.59
131,1,car,0.8793,0.69,49.98,457.09,442.96,228.89,246.47,456.4,392.98,179358.08,1.16,Spherical / Regular,Blue,"(98, 48, 112)",25,VISIBLE,-8.15,-0.57
131,20,car,0.5428,434.47,131.54,653.11,183.69,543.79,157.61,218.64,52.15,11401.31,4.19,Horizontal Oblong,Yellow,"(28, 39, 81)",26,VISIBLE,-0.6,-0.01
131,9,car,0.2618,892.19,123.89,1007.77,166.73,949.98,145.31,115.57,42.85,4951.73,2.7,Horizontal Oblong,Blue,"(95, 44, 123)",27,VISIBLE,-2.08,-0.58
131,4,car,0.1712,782.47,121.48,851.13,144.38,816.8,132.93,68.66,22.9,1572.36,3.0,Horizontal Oblong,Orange,"(15, 81, 144)",28,VISIBLE,-1.26,0.23
132,12,car,0.8889,0.73,135.86,1167.6,712.35,584.16,424.11,1166.88,576.49,672694.5,2.02,Horizontal Oblong,Green,"(83, 81, 69)",12,VISIBLE,-0.29,0.24
132,15,car,0.6749,988.93,100.2,1217.93,235.24,1103.43,167.72,229.0,135.03,30923.48,1.7,Horizontal Oblong,Blue,"(98, 60, 103)",15,VISIBLE,-1.14,-0.48
132,16,car,0.685,1062.59,142.56,1279.32,464.39,1170.96,303.47,216.72,321.84,69749.59,0.67,Vertical Oblong,Blue,"(98, 65, 86)",22,VISIBLE,-0.18,1.29
132,1,car,0.8985,0.71,49.96,449.75,442.16,225.23,246.06,449.04,392.2,176114.22,1.14,Spherical / Regular,Blue,"(98, 48, 111)",25,VISIBLE,-5.01,-0.46
132,20,car,0.5645,433.5,131.53,652.58,183.53,543.04,157.53,219.09,52.0,11392.58,4.21,Horizontal Oblong,Yellow,"(25, 39, 82)",26,VISIBLE,-0.7,-0.06
132,9,car,0.3164,889.74,123.38,1005.77,165.99,947.75,144.68,116.03,42.61,4943.99,2.72,Horizontal Oblong,Orange,"(22, 43, 122)",27,VISIBLE,-2.18,-0.61
132,4,car,0.1712,781.16,121.67,849.92,144.63,815.54,133.15,68.77,22.96,1578.89,2.99,Horizontal Oblong,Orange,"(15, 82, 143)",28,VISIBLE,-1.26,0.22
133,12,car,0.8888,0.57,133.47,1165.96,712.16,583.27,422.82,1165.39,578.7,674409.61,2.01,Horizontal Oblong,Green,"(83, 82, 68)",12,VISIBLE,-0.72,-0.83
133,15,car,0.6734,986.93,99.76,1217.96,236.62,1102.45,168.19,231.03,136.86,31618.43,1.69,Horizontal Oblong,Blue,"(98, 60, 104)",15,VISIBLE,-1.03,0.19
133,16,car,0.7023,1060.84,142.01,1279.33,466.65,1170.09,304.33,218.5,324.65,70934.4,0.67,Vertical Oblong,Blue,"(98, 66, 86)",22,VISIBLE,-0.66,0.99
133,1,car,0.8008,0.69,49.07,445.08,440.13,222.88,244.6,444.39,391.06,173782.54,1.14,Spherical / Regular,Blue,"(98, 49, 109)",25,VISIBLE,-3.14,-1.16
133,20,car,0.4578,431.42,131.55,651.34,183.95,541.38,157.75,219.93,52.4,11524.32,4.2,Horizontal Oblong,Yellow,"(27, 39, 83)",26,VISIBLE,-1.37,0.13
133,9,car,0.2587,884.24,123.12,1003.41,165.91,943.82,144.51,119.17,42.78,5098.46,2.79,Horizontal Oblong,Orange,"(19, 41, 119)",27,VISIBLE,-3.41,-0.3
133,4,car,0.1712,779.84,121.86,848.71,144.89,814.28,133.37,68.87,23.02,1585.44,2.99,Horizontal Oblong,Orange,"(16, 80, 142)",28,VISIBLE,-1.26,0.22
133,13,car,0.1995,1160.24,280.35,1279.68,469.27,1219.96,374.81,119.44,188.92,22564.03,0.63,Vertical Oblong,Blue,"(102, 73, 63)",30,VISIBLE,22.18,12.75
134,12,car,0.8913,1.06,130.83,1163.58,712.18,582.32,421.51,1162.52,581.34,675822.22,2.0,Horizontal Oblong,Green,"(83, 82, 68)",12,VISIBLE,-0.88,-1.17
134,15,car,0.6698,985.38,99.94,1217.62,236.54,1101.5,168.24,232.24,136.59,31721.71,1.7,Horizontal Oblong,Blue,"(98, 60, 105)",15,VISIBLE,-0.97,0.09
134,16,car,0.6255,1059.45,141.16,1279.4,469.51,1169.42,305.33,219.95,328.36,72222.31,0.67,Vertical Oblong,Blue,"(98, 66, 86)",22,VISIBLE,-0.66,1.0
134,1,car,0.7404,0.39,48.66,527.64,440.84,264.02,244.75,527.25,392.18,206775.4,1.34,Horizontal Oblong,Blue,"(96, 48, 111)",25,VISIBLE,27.85,-0.24
134,20,car,0.3941,429.17,131.58,649.99,184.45,539.58,158.02,220.83,52.86,11673.87,4.18,Horizontal Oblong,Orange,"(24, 38, 83)",26,VISIBLE,-1.67,0.23
134,9,car,0.2668,880.23,122.3,1001.38,166.38,940.81,144.34,121.15,44.08,5340.93,2.75,Horizontal Oblong,Orange,"(19, 41, 119)",27,VISIBLE,-3.14,-0.21
134,13,car,0.2691,1158.64,278.67,1279.68,470.18,1219.16,374.43,121.04,191.51,23180.33,0.63,Vertical Oblong,Blue,"(102, 71, 63)",30,VISIBLE,6.1,3.55
135,12,car,0.8879,1.01,128.2,1161.72,712.28,581.37,420.24,1160.71,584.08,677948.44,1.99,Horizontal Oblong,Green,"(83, 82, 68)",12,VISIBLE,-0.93,-1.24
135,15,car,0.6423,983.95,100.09,1216.53,236.97,1100.24,168.53,232.58,136.88,31835.86,1.7,Horizontal Oblong,Blue,"(98, 60, 105)",15,VISIBLE,-1.17,0.23
135,16,car,0.5941,1058.81,140.74,1279.44,470.92,1169.13,305.83,220.63,330.18,72849.73,0.67,Vertical Oblong,Blue,"(98, 66, 87)",22,VISIBLE,-0.41,0.65
135,1,car,0.7362,0.18,48.51,587.69,440.73,293.94,244.62,587.51,392.22,230430.53,1.5,Horizontal Oblong,Blue,"(96, 48, 113)",25,VISIBLE,29.3,-0.16
135,20,car,0.3342,426.37,131.6,648.59,185.19,537.48,158.39,222.22,53.59,11909.45,4.15,Horizontal Oblong,Yellow,"(25, 39, 82)",26,VISIBLE,-1.97,0.33
135,9,car,0.259,876.09,121.65,999.84,166.27,937.96,143.96,123.75,44.62,5521.39,2.77,Horizontal Oblong,Orange,"(19, 40, 119)",27,VISIBLE,-2.93,-0.33
135,13,car,0.2709,1157.36,277.11,1279.68,470.44,1218.52,373.78,122.32,193.34,23649.42,0.63,Vertical Oblong,Blue,"(102, 72, 63)",30,VISIBLE,1.38,0.61
136,12,car,0.8821,0.79,125.8,1160.41,712.53,580.6,419.16,1159.62,586.72,680374.04,1.98,Horizontal Oblong,Green,"(83, 82, 69)",12,VISIBLE,-0.81,-1.12
136,15,car,0.6629,982.67,100.1,1215.19,237.63,1098.93,168.87,232.52,137.53,31976.96,1.69,Horizontal Oblong,Blue,"(98, 60, 105)",15,VISIBLE,-1.27,0.3
136,16,car,0.7267,1059.64,140.65,1279.41,470.74,1169.52,305.7,219.76,330.08,72540.01,0.67,Vertical Oblong,Blue,"(98, 66, 87)",22,VISIBLE,0.16,0.1
136,1,car,0.7408,0.32,47.73,540.47,438.42,270.39,243.07,540.15,390.69,211033.88,1.38,Horizontal Oblong,Blue,"(96, 47, 110)",25,VISIBLE,-7.69,-1.13
136,20,car,0.3738,423.51,131.47,647.29,185.94,535.4,158.71,223.78,54.47,12189.25,4.11,Horizontal Oblong,Orange,"(24, 38, 83)",26,VISIBLE,-2.05,0.32
136,9,car,0.2271,873.54,121.56,998.16,166.61,935.85,144.09,124.62,45.05,5613.87,2.77,Horizontal Oblong,Orange,"(18, 40, 119)",27,VISIBLE,-2.36,-0.01
136,13,car,0.1827,1156.05,276.28,1279.69,471.16,1217.87,373.72,123.63,194.88,24093.51,0.63,Vertical Oblong,Blue,"(103, 73, 63)",30,VISIBLE,-0.04,0.14
137,12,car,0.8812,0.4,123.86,1159.15,712.61,579.77,418.24,1158.76,588.75,682215.26,1.97,Horizontal Oblong,Green,"(83, 82, 68)",12,VISIBLE,-0.82,-0.99
137,15,car,0.6641,981.42,100.15,1213.73,237.86,1097.57,169.01,232.31,137.71,31990.91,1.69,Horizontal Oblong,Blue,"(98, 60, 105)",15,VISIBLE,-1.33,0.19
137,16,car,0.6789,1060.27,140.59,1279.37,470.05,1169.82,305.32,219.11,329.46,72186.39,0.67,Vertical Oblong,Blue,"(98, 66, 86)",22,VISIBLE,0.25,-0.23
137,1,car,0.8178,0.4,47.43,502.23,435.03,251.31,241.23,501.83,387.6,194507.43,1.29,Horizontal Oblong,Blue,"(96, 47, 108)",25,VISIBLE,-15.66,-1.63
137,20,car,0.3598,420.57,131.27,646.52,187.06,533.54,159.16,225.96,55.79,12607.16,4.05,Horizontal Oblong,Yellow,"(27, 38, 82)",26,VISIBLE,-1.91,0.42
137,9,car,0.2202,870.52,121.56,996.24,166.98,933.38,144.27,125.72,45.42,5709.91,2.77,Horizontal Oblong,Orange,"(19, 42, 118)",27,VISIBLE,-2.44,0.13
137,13,car,0.2377,1154.98,275.31,1279.68,471.28,1217.33,373.3,124.7,195.97,24437.41,0.64,Vertical Oblong,Blue,"(102, 72, 63)",30,VISIBLE,-0.39,-0.25
138,12,car,0.8825,0.13,122.52,1158.01,712.65,579.07,417.58,1157.89,590.13,683297.29,1.96,Horizontal Oblong,Green,"(83, 82, 68)",12,VISIBLE,-0.74,-0.75
138,15,car,0.6686,980.25,100.36,1212.68,237.74,1096.46,169.05,232.42,137.38,31930.47,1.69,Horizontal Oblong,Blue,"(98, 60, 105)",15,VISIBLE,-1.18,0.09
138,16,car,0.6595,1060.57,140.52,1279.36,468.39,1169.96,304.45,218.79,327.88,71734.72,0.67,Vertical Oblong,Blue,"(99, 66, 87)",22,VISIBLE,0.18,-0.68
138,1,car,0.8459,0.45,47.38,474.36,434.56,237.41,240.97,473.91,387.18,183487.7,1.22,Spherical / Regular,Blue,"(98, 47, 107)",25,VISIBLE,-14.44,-0.67
138,20,car,0.4214,417.6,131.05,644.78,187.94,531.19,159.5,227.18,56.89,12925.14,3.99,Horizontal Oblong,Yellow,"(27, 39, 82)",26,VISIBLE,-2.22,0.36
138,9,car,0.2498,867.49,121.74,994.36,167.03,930.92,144.38,126.86,45.29,5746.22,2.8,Horizontal Oblong,Orange,"(16, 40, 117)",27,VISIBLE,-2.45,0.12
138,13,car,0.258,1153.48,274.43,1279.68,470.05,1216.58,372.24,126.2,195.62,24686.65,0.65,Vertical Oblong,Blue,"(103, 73, 63)",30,VISIBLE,-0.64,-0.81
139,12,car,0.8903,-0.03,122.14,1156.44,712.95,578.2,417.54,1156.48,590.81,683257.02,1.96,Horizontal Oblong,Green,"(83, 82, 68)",12,VISIBLE,-0.83,-0.25
139,15,car,0.6841,979.82,100.19,1211.16,236.73,1095.49,168.46,231.34,136.54,31586.96,1.69,Horizontal Oblong,Blue,"(98, 60, 104)",15,VISIBLE,-1.04,-0.39
139,16,car,0.534,1059.26,140.38,1279.42,467.75,1169.34,304.06,220.16,327.37,72073.75,0.67,Vertical Oblong,Blue,"(98, 65, 86)",22,VISIBLE,-0.38,-0.48
139,1,car,0.8715,0.45,47.22,455.69,434.5,228.07,240.86,455.25,387.28,176309.4,1.18,Spherical / Regular,Blue,"(97, 47, 106)",25,VISIBLE,-10.87,-0.28
139,20,car,0.4963,415.08,130.94,642.91,188.02,529.0,159.48,227.83,57.08,13004.75,3.99,Horizontal Oblong,Orange,"(21, 38, 82)",26,VISIBLE,-2.2,0.1
139,9,car,0.1898,864.34,122.15,992.24,166.6,928.29,144.38,127.9,44.46,5686.1,2.88,Horizontal Oblong,Orange,"(18, 41, 117)",27,VISIBLE,-2.58,0.03
139,13,car,0.3652,1151.36,273.5,1279.68,468.72,1215.52,371.11,128.32,195.21,25049.35,0.66,Vertical Oblong,Blue,"(102, 71, 62)",30,VISIBLE,-0.93,-1.04
140,12,car,0.8712,-0.12,122.26,1155.33,713.09,577.61,417.68,1155.46,590.83,682681.52,1.96,Horizontal Oblong,Green,"(84, 82, 68)",12,VISIBLE,-0.67,0.01
140,15,car,0.723,979.41,99.81,1210.06,236.02,1094.73,167.91,230.66,136.22,31419.1,1.69,Horizontal Oblong,Blue,"(98, 60, 105)",15,VISIBLE,-0.84,-0.5
140,16,car,0.7434,1057.22,140.63,1279.37,465.17,1168.3,302.9,222.15,324.54,72096.35,0.68,Vertical Oblong,Blue,"(99, 65, 87)",22,VISIBLE,-0.85,-0.96
140,1,car,0.8496,0.43,46.97,441.81,432.92,221.12,239.95,441.38,385.95,170351.76,1.14,Spherical / Regular,Blue,"(96, 47, 104)",25,VISIBLE,-8.12,-0.72
140,20,car,0.4968,412.61,131.2,641.76,188.11,527.18,159.66,229.15,56.91,13041.57,4.03,Horizontal Oblong,Orange,"(21, 38, 83)",26,VISIBLE,-1.93,0.15
140,9,car,0.1898,861.18,122.14,990.42,166.56,925.8,144.35,129.24,44.42,5740.98,2.91,Horizontal Oblong,Orange,"(17, 41, 117)",27,VISIBLE,-2.52,-0.01
140,13,car,0.3652,1149.94,272.62,1279.68,468.28,1214.81,370.45,129.74,195.66,25385.29,0.66,Vertical Oblong,Blue,"(103, 71, 63)",30,VISIBLE,-0.78,-0.77
141,12,car,0.9005,-0.16,123.29,1154.38,713.18,577.11,418.23,1154.54,589.89,681050.65,1.96,Horizontal Oblong,Green,"(83, 82, 68)",12,VISIBLE,-0.55,0.4
141,15,car,0.6971,978.93,99.53,1209.3,235.4,1094.12,167.47,230.36,135.87,31298.71,1.7,Horizontal Oblong,Blue,"(98, 60, 105)",15,VISIBLE,-0.69,-0.46
141,16,car,0.6686,1054.67,140.8,1279.33,462.89,1167.0,301.84,224.66,322.08,72358.61,0.7,Vertical Oblong,Blue,"(98, 65, 86)",22,VISIBLE,-1.16,-1.03
141,1,car,0.8723,0.42,46.28,432.59,432.0,216.51,239.14,432.17,385.73,166698.48,1.12,Spherical / Regular,Blue,"(96, 47, 102)",25,VISIBLE,-5.67,-0.78
141,20,car,0.5099,410.21,131.45,640.02,188.51,525.12,159.98,229.81,57.06,13113.85,4.03,Horizontal Oblong,Yellow,"(27, 38, 77)",26,VISIBLE,-2.03,0.27
141,9,car,0.1898,858.01,122.13,988.59,166.51,923.3,144.32,130.58,44.38,5795.76,2.94,Horizontal Oblong,Orange,"(17, 40, 117)",27,VISIBLE,-2.51,-0.02
141,13,car,0.2047,1147.59,272.68,1279.69,465.64,1213.64,369.16,132.1,192.96,25490.07,0.68,Vertical Oblong,Blue,"(102, 70, 62)",30,VISIBLE,-1.05,-1.13
142,12,car,0.9033,-0.16,124.84,1153.53,713.49,576.69,419.17,1153.69,588.65,679115.38,1.96,Horizontal Oblong,Green,"(84, 82, 67)",12,VISIBLE,-0.46,0.77
142,15,car,0.7036,977.91,99.4,1209.13,235.51,1093.52,167.46,231.22,136.11,31472.23,1.7,Horizontal Oblong,Blue,"(98, 60, 106)",15,VISIBLE,-0.62,-0.15
142,16,car,0.6131,1051.45,140.59,1279.29,460.25,1165.37,300.42,227.84,319.66,72829.27,0.71,Vertical Oblong,Blue,"(99, 65, 87)",22,VISIBLE,-1.49,-1.31
142,1,car,0.8534,0.43,45.75,426.29,430.21,213.36,237.98,425.86,384.46,163724.85,1.11,Spherical / Regular,Blue,"(96, 47, 102)",25,VISIBLE,-3.9,-1.05
142,20,car,0.526,407.16,131.61,638.83,188.76,523.0,160.18,231.67,57.15,13241.05,4.05,Horizontal Oblong,Yellow,"(27, 38, 76)",26,VISIBLE,-2.09,0.23
142,9,car,0.1898,854.85,122.12,986.77,166.47,920.81,144.29,131.92,44.35,5850.45,2.97,Horizontal Oblong,Orange,"(16, 39, 117)",27,VISIBLE,-2.49,-0.02
142,13,car,0.1724,1145.16,272.09,1279.69,463.0,1212.43,367.54,134.53,190.91,25681.98,0.7,Vertical Oblong,Blue,"(102, 71, 63)",30,VISIBLE,-1.17,-1.47
143,12,car,0.9023,-0.14,127.22,1152.94,713.75,576.4,420.49,1153.08,586.53,676316.71,1.97,Horizontal Oblong,Green,"(84, 82, 67)",12,VISIBLE,-0.34,1.15
143,15,car,0.6859,977.23,99.69,1209.03,235.33,1093.13,167.51,231.8,135.65,31442.78,1.71,Horizontal Oblong,Blue,"(98, 60, 106)",15,VISIBLE,-0.46,-0.01
143,16,car,0.7657,1046.49,140.36,1279.22,459.57,1162.86,299.97,232.73,319.21,74289.42,0.73,Vertical Oblong,Blue,"(99, 65, 87)",22,VISIBLE,-2.21,-0.71
143,1,car,0.8505,0.43,45.28,421.1,427.25,210.77,236.27,420.67,381.97,160684.88,1.1,Spherical / Regular,Blue,"(96, 47, 101)",25,VISIBLE,-2.99,-1.51
143,20,car,0.5423,404.46,131.72,638.54,189.5,521.5,160.61,234.07,57.79,13526.57,4.05,Horizontal Oblong,Yellow,"(28, 38, 76)",26,VISIBLE,-1.67,0.37
143,9,car,0.1898,851.68,122.11,984.95,166.42,918.31,144.27,133.27,44.31,5905.03,3.01,Horizontal Oblong,Orange,"(19, 39, 116)",27,VISIBLE,-2.49,-0.03
143,13,car,0.1724,1143.3,271.47,1279.69,461.54,1211.49,366.51,136.4,190.07,25925.98,0.72,Vertical Oblong,Blue,"(102, 71, 63)",30,VISIBLE,-1.0,-1.17
144,12,car,0.9043,-0.11,128.68,1153.2,713.69,576.54,421.18,1153.31,585.01,674696.53,1.97,Horizontal Oblong,Green,"(84, 82, 67)",12,VISIBLE,0.0,0.84
144,15,car,0.6878,976.27,99.94,1208.62,236.04,1092.44,167.99,232.35,136.11,31624.36,1.71,Horizontal Oblong,Blue,"(98, 60, 106)",15,VISIBLE,-0.62,0.33
144,16,car,0.7913,1041.3,140.53,1279.21,462.69,1160.26,301.61,237.91,322.16,76645.39,0.74,Vertical Oblong,Blue,"(98, 65, 87)",22,VISIBLE,-2.48,0.94
144,1,car,0.8685,0.44,45.57,418.57,423.87,209.51,234.72,418.13,378.3,158176.51,1.11,Spherical / Regular,Blue,"(96, 47, 101)",25,VISIBLE,-1.78,-1.54
144,20,car,0.5795,401.97,131.79,638.61,190.15,520.29,160.97,236.64,58.36,13810.16,4.05,Horizontal Oblong,Yellow,"(28, 39, 75)",26,VISIBLE,-1.35,0.36
144,9,car,0.1607,845.13,123.35,985.73,182.33,915.43,152.84,140.61,58.98,8293.11,2.38,Horizontal Oblong,Orange,"(18, 39, 116)",27,VISIBLE,-2.77,5.99
144,13,car,0.1724,1141.43,270.85,1279.7,460.09,1210.56,365.47,138.27,189.24,26166.87,0.73,Vertical Oblong,Blue,"(103, 72, 63)",30,VISIBLE,-0.95,-1.08
145,12,car,0.8994,-0.08,131.19,1153.73,713.73,576.82,422.46,1153.81,582.53,672134.67,1.98,Horizontal Oblong,Green,"(83, 83, 66)",12,VISIBLE,0.2,1.14
145,15,car,0.6859,975.14,100.29,1208.73,236.3,1091.94,168.3,233.6,136.0,31770.56,1.72,Horizontal Oblong,Blue,"(98, 59, 106)",15,VISIBLE,-0.54,0.31
145,16,car,0.8242,1037.63,140.18,1279.43,462.11,1158.53,301.15,241.8,321.93,77842.27,0.75,Vertical Oblong,Blue,"(98, 66, 87)",22,VISIBLE,-1.95,-0.04
145,1,car,0.7654,0.42,46.04,416.71,421.31,208.56,233.67,416.29,375.27,156220.21,1.11,Spherical / Regular,Blue,"(95, 47, 98)",25,VISIBLE,-1.19,-1.19
145,20,car,0.5235,399.83,131.78,638.09,190.35,518.96,161.06,238.26,58.57,13954.7,4.07,Horizontal Oblong,Yellow,"(27, 38, 71)",26,VISIBLE,-1.34,0.17
145,9,car,0.195,844.88,124.69,988.79,192.87,916.83,158.78,143.91,68.18,9812.0,2.11,Horizontal Oblong,Orange,"(19, 38, 114)",27,VISIBLE,0.15,5.96
145,13,car,0.1724,1139.56,270.23,1279.7,458.64,1209.63,364.43,140.14,188.41,26404.64,0.74,Vertical Oblong,Blue,"(102, 72, 63)",30,VISIBLE,-0.94,-1.05
146,12,car,0.9013,-0.06,134.58,1155.49,713.96,577.71,424.27,1155.54,579.38,669502.72,1.99,Horizontal Oblong,Green,"(84, 82, 66)",12,VISIBLE,0.68,1.61
146,15,car,0.6809,973.51,100.5,1209.36,238.78,1091.43,169.64,235.85,138.28,32612.8,1.71,Horizontal Oblong,Blue,"(98, 59, 107)",15,VISIBLE,-0.51,1.04
146,16,car,0.8009,1035.58,140.18,1279.58,463.22,1157.58,301.7,244.01,323.04,78824.51,0.76,Vertical Oblong,Blue,"(98, 65, 87)",22,VISIBLE,-1.25,0.38
146,1,car,0.7566,0.39,47.37,415.27,418.72,207.83,233.04,414.88,371.35,154068.12,1.12,Spherical / Regular,Blue,"(95, 47, 98)",25,VISIBLE,-0.87,-0.8
146,20,car,0.5016,397.34,131.91,637.99,191.07,517.67,161.49,240.65,59.16,14236.87,4.07,Horizontal Oblong,Yellow,"(27, 38, 85)",26,VISIBLE,-1.31,0.35
146,9,car,0.2097,842.45,125.8,993.11,200.48,917.78,163.14,150.66,74.69,11252.18,2.02,Horizontal Oblong,Orange,"(19, 40, 96)",27,VISIBLE,0.71,4.84
146,13,car,0.1724,1137.69,269.6,1279.7,457.18,1208.69,363.39,142.02,187.58,26639.3,0.76,Vertical Oblong,Blue,"(102, 71, 63)",30,VISIBLE,-0.94,-1.05
147,12,car,0.8883,0.08,137.08,1156.68,714.19,578.38,425.64,1156.6,577.1,667475.67,2.0,Horizontal Oblong,Green,"(84, 82, 66)",12,VISIBLE,0.67,1.44
147,15,car,0.6866,971.82,100.27,1208.76,242.09,1090.29,171.18,236.94,141.82,33602.46,1.67,Horizontal Oblong,Blue,"(98, 59, 108)",15,VISIBLE,-0.96,1.39
147,16,car,0.8404,1035.17,140.7,1279.46,463.35,1157.31,302.02,244.29,322.65,78819.48,0.76,Vertical Oblong,Blue,"(98, 65, 87)",22,VISIBLE,-0.56,0.34
147,1,car,0.8192,0.27,48.25,410.45,415.19,205.36,231.72,410.18,366.94,150510.4,1.12,Spherical / Regular,Blue,"(95, 47, 97)",25,VISIBLE,-1.99,-1.17
147,20,car,0.5152,392.31,132.02,637.99,191.75,515.15,161.89,245.67,59.73,14673.31,4.11,Horizontal Oblong,Yellow,"(27, 38, 86)",26,VISIBLE,-2.15,0.38
147,9,car,0.3102,837.91,126.73,994.07,205.37,915.99,166.05,156.16,78.64,12280.8,1.99,Horizontal Oblong,Orange,"(20, 38, 89)",27,VISIBLE,-1.04,3.49
147,13,car,0.1724,1135.82,268.98,1279.71,455.73,1207.76,362.36,143.89,186.75,26870.85,0.77,Vertical Oblong,Blue,"(102, 71, 63)",30,VISIBLE,-0.93,-1.04
148,12,car,0.864,0.06,138.96,1156.64,714.49,578.35,426.73,1156.58,575.53,665649.63,2.01,Horizontal Oblong,Green,"(84, 82, 66)",12,VISIBLE,0.18,1.19
148,15,car,0.6576,970.2,100.25,1207.53,245.41,1088.87,172.83,237.33,145.16,34450.12,1.63,Horizontal Oblong,Blue,"(98, 58, 107)",15,VISIBLE,-1.28,1.57
148,16,car,0.8548,1034.92,140.65,1279.37,461.77,1157.14,301.21,244.46,321.12,78499.26,0.76,Vertical Oblong,Blue,"(99, 64, 88)",22,VISIBLE,-0.29,-0.47
148,1,car,0.8504,0.36,49.26,407.12,411.28,203.74,230.27,406.76,362.01,147252.5,1.12,Spherical / Regular,Blue,"(95, 47, 96)",25,VISIBLE,-1.73,-1.37
148,20,car,0.5819,386.58,132.1,636.43,191.9,511.51,162.0,249.86,59.79,14939.98,4.18,Horizontal Oblong,Orange,"(24, 38, 82)",26,VISIBLE,-3.2,0.19
148,9,car,0.3613,833.92,127.11,993.76,208.83,913.84,167.97,159.85,81.73,13063.62,1.96,Horizontal Oblong,Blue,"(90, 39, 74)",27,VISIBLE,-1.82,2.39
148,13,car,0.1724,1133.95,268.36,1279.71,454.28,1206.83,361.32,145.76,185.92,27099.28,0.78,Vertical Oblong,Blue,"(103, 71, 63)",30,VISIBLE,-0.93,-1.04
149,12,car,0.8687,0.61,139.28,1154.96,713.72,577.79,426.5,1154.35,574.45,663110.1,2.01,Horizontal Oblong,Green,"(83, 83, 66)",12,VISIBLE,-0.34,0.2
149,15,car,0.6709,967.4,100.38,1204.86,248.34,1086.13,174.36,237.45,147.97,35135.37,1.6,Horizontal Oblong,Blue,"(98, 58, 107)",15,VISIBLE,-2.3,1.54
149,16,car,0.8417,1033.75,141.04,1279.35,460.77,1156.55,300.91,245.6,319.73,78525.47,0.77,Vertical Oblong,Blue,"(98, 64, 88)",22,VISIBLE,-0.5,-0.35
149,1,car,0.8332,0.27,50.26,403.33,407.21,201.8,228.74,403.06,356.95,143873.88,1.13,Spherical / Regular,Blue,"(95, 47, 95)",25,VISIBLE,-1.88,-1.48
149,20,car,0.5798,381.76,132.16,634.22,191.43,507.99,161.8,252.46,59.27,14962.46,4.26,Horizontal Oblong,Yellow,"(27, 39, 83)",26,VISIBLE,-3.42,-0.09
149,9,car,0.2416,826.84,127.16,992.78,213.1,909.81,170.13,165.94,85.94,14260.71,1.93,Horizontal Oblong,Blue,"(87, 40, 74)",27,VISIBLE,-3.37,2.23
149,13,car,0.1724,1132.08,267.74,1279.71,452.82,1205.89,360.28,147.63,185.08,27324.59,0.8,Vertical Oblong,Blue,"(102, 70, 63)",30,VISIBLE,-0.93,-1.04
150,12,car,0.8632,0.55,139.79,1152.25,712.91,576.4,426.35,1151.7,573.12,660066.54,2.01,Horizontal Oblong,Green,"(84, 82, 65)",12,VISIBLE,-1.07,-0.04
150,15,car,0.6668,964.85,100.4,1202.04,250.4,1083.45,175.4,237.19,150.0,35579.18,1.58,Horizontal Oblong,Blue,"(98, 57, 107)",15,VISIBLE,-2.57,1.19
150,16,car,0.8562,1031.72,140.98,1279.35,460.26,1155.54,300.62,247.63,319.28,79064.77,0.78,Vertical Oblong,Blue,"(99, 64, 89)",22,VISIBLE,-0.86,-0.31
150,1,car,0.7493,0.3,50.25,398.59,403.16,199.44,226.71,398.29,352.9,140557.32,1.13,Spherical / Regular,Blue,"(95, 46, 96)",25,VISIBLE,-2.21,-1.87
150,20,car,0.5334,376.77,131.94,628.82,190.71,502.8,161.33,252.05,58.77,14812.78,4.29,Horizontal Oblong,Yellow,"(25, 39, 81)",26,VISIBLE,-4.66,-0.35
150,9,car,0.3079,825.96,126.49,993.81,220.01,909.89,173.25,167.85,93.52,15698.28,1.79,Horizontal Oblong,Blue,"(90, 40, 70)",27,VISIBLE,-0.96,2.85
150,13,car,0.1724,1130.21,267.12,1279.71,451.37,1204.96,359.24,149.51,184.25,27546.8,0.81,Vertical Oblong,Blue,"(102, 70, 63)",30,VISIBLE,-0.93,-1.04
151,12,car,0.8594,0.36,139.63,1145.25,713.08,572.8,426.35,1144.89,573.45,656529.89,2.0,Horizontal Oblong,Green,"(84, 83, 65)",12,VISIBLE,-2.84,-0.01
151,15,car,0.6911,962.28,100.19,1199.59,250.58,1080.93,175.39,237.31,150.39,35688.03,1.58,Horizontal Oblong,Blue,"(98, 57, 108)",15,VISIBLE,-2.53,0.35
151,16,car,0.8583,1029.08,140.68,1279.41,460.34,1154.24,300.51,250.33,319.66,80021.32,0.78,Vertical Oblong,Blue,"(99, 64, 89)",22,VISIBLE,-1.16,-0.17
151,1,car,0.7868,0.33,50.8,393.65,398.76,196.99,224.78,393.32,347.97,136860.94,1.13,Spherical / Regular,Blue,"(95, 47, 95)",25,VISIBLE,-2.38,-1.91
151,20,car,0.5891,372.45,131.68,623.83,190.23,498.14,160.96,251.39,58.55,14718.39,4.29,Horizontal Oblong,Yellow,"(25, 39, 81)",26,VISIBLE,-4.66,-0.37
151,9,car,0.3108,821.37,126.32,995.21,226.75,908.29,176.53,173.84,100.43,17458.38,1.73,Horizontal Oblong,Blue,"(93, 41, 71)",27,VISIBLE,-1.4,3.16
151,13,car,0.1724,1128.34,266.5,1279.72,449.92,1204.03,358.21,151.38,183.42,27765.88,0.83,Spherical / Regular,Blue,"(102, 70, 63)",30,VISIBLE,-0.93,-1.04
151,31,car,0.2192,0.24,41.75,279.27,127.36,139.75,84.56,279.03,85.62,23889.2,3.26,Horizontal Oblong,Blue,"(100, 43, 134)",31,VISIBLE,0.0,0.0
152,12,car,0.871,0.35,137.3,1132.63,712.88,566.49,425.09,1132.28,575.58,651713.73,1.97,Horizontal Oblong,Green,"(84, 83, 65)",12,VISIBLE,-5.27,-0.89
152,15,car,0.6514,960.33,100.21,1197.46,248.06,1078.89,174.14,237.13,147.85,35059.85,1.6,Horizontal Oblong,Blue,"(98, 57, 109)",15,VISIBLE,-2.19,-0.77
152,16,car,0.8736,1026.12,140.72,1279.36,459.38,1152.74,300.05,253.24,318.67,80699.44,0.79,Vertical Oblong,Blue,"(99, 63, 89)",22,VISIBLE,-1.4,-0.37
152,1,car,0.7463,0.3,49.12,388.11,393.43,194.2,221.27,387.81,344.31,133526.0,1.13,Spherical / Regular,Blue,"(95, 47, 95)",25,VISIBLE,-2.66,-3.03
152,20,car,0.6022,369.16,131.57,619.25,189.87,494.2,160.72,250.08,58.3,14578.73,4.29,Horizontal Oblong,Yellow,"(25, 39, 80)",26,VISIBLE,-4.15,-0.27
152,9,car,0.3382,814.64,126.45,995.04,230.42,904.84,178.44,180.4,103.96,18754.36,1.74,Horizontal Oblong,Blue,"(94, 41, 78)",27,VISIBLE,-2.84,2.28
152,31,car,0.2192,0.22,41.69,278.46,126.95,139.34,84.32,278.24,85.26,23723.35,3.26,Horizontal Oblong,Blue,"(101, 42, 134)",31,VISIBLE,-0.41,-0.23
153,12,car,0.8849,0.2,135.75,1118.34,712.58,559.27,424.17,1118.14,576.82,644970.26,1.94,Horizontal Oblong,Green,"(83, 84, 65)",12,VISIBLE,-6.64,-0.91
153,15,car,0.6493,957.94,100.27,1194.28,244.91,1076.11,172.59,236.34,144.64,34184.43,1.63,Horizontal Oblong,Blue,"(98, 57, 110)",15,VISIBLE,-2.61,-1.31
153,16,car,0.8718,1022.94,141.69,1279.44,460.31,1151.19,301.0,256.5,318.62,81725.89,0.81,Vertical Oblong,Blue,"(99, 63, 89)",22,VISIBLE,-1.51,0.55
153,1,car,0.6729,0.27,48.19,382.55,389.23,191.41,218.71,382.29,341.04,130375.51,1.12,Spherical / Regular,Blue,"(95, 46, 96)",25,VISIBLE,-2.76,-2.7
153,20,car,0.5371,364.58,131.54,615.11,189.45,489.85,160.5,250.54,57.91,14509.57,4.33,Horizontal Oblong,Yellow,"(27, 38, 80)",26,VISIBLE,-4.3,-0.24
153,9,car,0.3267,808.6,126.62,994.47,233.72,901.53,180.17,185.87,107.09,19905.42,1.74,Horizontal Oblong,Blue,"(93, 41, 90)",27,VISIBLE,-3.16,1.9
153,31,car,0.2192,0.2,41.63,277.65,126.54,138.93,84.08,277.44,84.91,23558.06,3.27,Horizontal Oblong,Blue,"(100, 43, 133)",31,VISIBLE,-0.41,-0.23
154,12,car,0.9012,0.1,135.29,1104.73,712.35,552.41,423.82,1104.63,577.05,637433.82,1.91,Horizontal Oblong,Green,"(83, 85, 65)",12,VISIBLE,-6.79,-0.52
154,15,car,0.676,955.5,100.52,1190.35,240.98,1072.92,170.75,234.85,140.45,32985.47,1.67,Horizontal Oblong,Blue,"(98, 57, 110)",15,VISIBLE,-3.01,-1.68
154,16,car,0.8588,1016.84,142.26,1279.5,461.11,1148.17,301.68,262.67,318.85,83750.22,0.82,Spherical / Regular,Blue,"(99, 62, 90)",22,VISIBLE,-2.57,0.65
154,1,car,0.7923,0.32,48.25,375.53,385.58,187.92,216.91,375.21,337.33,126568.3,1.11,Spherical / Regular,Blue,"(95, 46, 97)",25,VISIBLE,-3.27,-2.07
154,20,car,0.5408,358.08,131.65,611.18,189.37,484.63,160.51,253.1,57.72,14607.92,4.39,Horizontal Oblong,Orange,"(24, 38, 80)",26,VISIBLE,-4.94,-0.06
154,9,car,0.3084,800.32,127.07,994.25,235.62,897.28,181.34,193.92,108.55,21050.13,1.79,Horizontal Oblong,Blue,"(95, 41, 106)",27,VISIBLE,-3.92,1.39
154,31,car,0.1989,0.17,39.78,278.46,112.18,139.32,75.98,278.29,72.39,20146.37,3.84,Horizontal Oblong,Blue,"(100, 44, 128)",31,VISIBLE,0.15,-5.74
155,12,car,0.9035,0.03,135.17,1094.05,712.53,547.04,423.85,1094.02,577.36,631643.26,1.89,Horizontal Oblong,Green,"(83, 85, 65)",12,VISIBLE,-5.8,-0.13
155,15,car,0.6435,952.42,101.14,1187.55,242.74,1069.99,171.94,235.13,141.6,33293.69,1.66,Horizontal Oblong,Blue,"(98, 57, 110)",15,VISIBLE,-2.96,0.33
155,16,car,0.8496,1011.43,142.67,1279.54,460.48,1145.49,301.58,268.11,317.81,85207.95,0.84,Spherical / Regular,Blue,"(99, 62, 90)",22,VISIBLE,-2.65,0.12
155,1,car,0.7777,0.4,47.84,367.53,382.83,183.96,215.34,367.13,334.98,122982.73,1.1,Spherical / Regular,Blue,"(95, 47, 98)",25,VISIBLE,-3.75,-1.73
155,20,car,0.5581,351.6,131.64,607.19,189.41,479.39,160.52,255.58,57.77,14765.0,4.42,Horizontal Oblong,Orange,"(21, 39, 82)",26,VISIBLE,-5.15,-0.01
155,9,car,0.3554,793.31,127.4,991.49,236.49,892.4,181.94,198.18,109.09,21619.77,1.82,Horizontal Oblong,Blue,"(94, 41, 111)",27,VISIBLE,-4.6,0.84
155,31,car,0.1989,0.15,39.22,278.11,107.83,139.13,73.52,277.96,68.61,19070.69,4.05,Horizontal Oblong,Blue,"(100, 43, 126)",31,VISIBLE,-0.08,-3.44
155,32,truck,0.1525,303.27,15.74,441.7,148.77,372.48,82.26,138.43,133.03,18415.17,1.04,Spherical / Regular,Blue,"(102, 43, 107)",32,VISIBLE,0.0,0.0
156,12,car,0.8896,0.39,135.11,1088.7,713.07,544.54,424.09,1088.31,577.97,629010.08,1.88,Horizontal Oblong,Green,"(83, 86, 65)",12,VISIBLE,-3.49,0.13
156,15,car,0.6767,949.23,101.51,1184.52,243.13,1066.88,172.32,235.29,141.61,33320.5,1.66,Horizontal Oblong,Blue,"(98, 56, 110)",15,VISIBLE,-3.07,0.36
156,16,car,0.8578,1005.42,143.41,1279.58,459.04,1142.5,301.23,274.16,315.63,86531.52,0.87,Spherical / Regular,Blue,"(99, 61, 89)",22,VISIBLE,-2.88,-0.21
156,1,car,0.8438,0.47,46.47,360.41,380.83,180.44,213.65,359.94,334.37,120351.45,1.08,Spherical / Regular,Blue,"(95, 46, 101)",25,VISIBLE,-3.59,-1.7
156,20,car,0.5301,346.08,131.62,602.81,188.56,474.45,160.09,256.73,56.94,14617.42,4.51,Horizontal Oblong,Orange,"(23, 38, 80)",26,VISIBLE,-5.01,-0.31
156,9,car,0.4734,767.62,127.12,989.11,237.13,878.37,182.12,221.48,110.01,24365.03,2.01,Horizontal Oblong,Blue,"(95, 41, 116)",27,VISIBLE,-11.2,0.38
156,32,truck,0.1525,303.03,15.73,441.64,148.75,372.34,82.24,138.61,133.01,18436.89,1.04,Spherical / Regular,Blue,"(102, 43, 107)",32,VISIBLE,-0.15,-0.01
157,12,car,0.8489,0.25,138.29,1084.86,713.56,542.55,425.93,1084.62,575.27,623948.0,1.89,Horizontal Oblong,Green,"(83, 88, 65)",12,VISIBLE,-2.44,1.32
157,15,car,0.598,944.72,101.3,1180.42,246.52,1062.57,173.91,235.7,145.22,34229.77,1.62,Horizontal Oblong,Blue,"(98, 57, 110)",15,VISIBLE,-3.93,1.22
157,16,car,0.8727,997.53,144.52,1279.62,461.38,1138.58,302.95,282.09,316.86,89383.29,0.89,Spherical / Regular,Blue,"(99, 60, 88)",22,VISIBLE,-3.61,1.14
157,1,car,0.8506,0.49,45.81,348.17,377.77,174.33,211.79,347.68,331.96,115418.08,1.05,Spherical / Regular,Blue,"(95, 47, 106)",25,VISIBLE,-5.35,-1.81
157,20,car,0.4922,335.48,131.4,595.9,188.24,465.69,159.82,260.41,56.84,14802.48,4.58,Horizontal Oblong,Yellow,"(26, 38, 80)",26,VISIBLE,-7.63,-0.28
157,9,car,0.4708,746.15,127.04,984.22,240.38,865.18,183.71,238.07,113.34,26981.7,2.1,Horizontal Oblong,Blue,"(93, 41, 114)",27,VISIBLE,-12.59,1.22
157,32,truck,0.1525,302.8,15.72,441.59,148.72,372.19,82.22,138.79,133.0,18458.6,1.04,Spherical / Regular,Blue,"(102, 43, 105)",32,VISIBLE,-0.14,-0.02
158,12,car,0.8797,0.14,138.73,1083.22,713.73,541.68,426.23,1083.08,575.0,622768.53,1.88,Horizontal Oblong,Green,"(83, 88, 65)",12,VISIBLE,-1.34,0.61
158,15,car,0.6565,941.09,101.09,1176.51,246.29,1058.8,173.69,235.43,145.2,34183.44,1.62,Horizontal Oblong,Blue,"(98, 56, 110)",15,VISIBLE,-3.82,0.21
158,16,car,0.8694,988.65,144.93,1279.66,461.76,1134.15,303.34,291.01,316.83,92202.65,0.92,Spherical / Regular,Blue,"(99, 60, 90)",22,VISIBLE,-4.18,0.62
158,1,car,0.8329,0.39,45.89,336.7,374.51,168.54,210.2,336.31,328.62,110516.59,1.02,Spherical / Regular,Blue,"(95, 47, 110)",25,VISIBLE,-5.66,-1.66
158,20,car,0.3838,326.31,131.13,590.57,187.1,458.44,159.12,264.26,55.97,14790.82,4.72,Horizontal Oblong,Orange,"(21, 38, 84)",26,VISIBLE,-7.36,-0.58
158,9,car,0.413,730.32,127.3,983.04,246.7,856.68,187.0,252.72,119.4,30175.29,2.12,Horizontal Oblong,Blue,"(95, 41, 117)",27,VISIBLE,-9.73,2.67
159,12,car,0.9053,0.06,139.16,1082.41,713.98,541.23,426.57,1082.34,574.82,622154.37,1.88,Horizontal Oblong,Green,"(83, 88, 65)",12,VISIBLE,-0.71,0.42
159,15,car,0.6339,937.14,100.77,1172.15,246.47,1054.65,173.62,235.01,145.7,34240.33,1.61,Horizontal Oblong,Blue,"(98, 56, 110)",15,VISIBLE,-4.05,0.01
159,16,car,0.8681,979.94,144.93,1279.67,462.51,1129.81,303.72,299.73,317.58,95189.3,0.94,Spherical / Regular,Blue,"(99, 60, 89)",22,VISIBLE,-4.3,0.45
159,1,car,0.8365,0.23,46.07,329.05,371.62,164.64,208.85,328.82,325.54,107045.26,1.01,Spherical / Regular,Blue,"(95, 47, 112)",25,VISIBLE,-4.43,-1.45
159,20,car,0.3928,318.51,130.96,585.92,185.85,452.21,158.41,267.4,54.89,14676.41,4.87,Horizontal Oblong,Orange,"(22, 38, 92)",26,VISIBLE,-6.57,-0.67
159,9,car,0.5135,725.82,127.92,977.83,249.87,851.83,188.9,252.01,121.95,30731.55,2.07,Horizontal Oblong,Blue,"(94, 41, 112)",27,VISIBLE,-6.32,2.13
160,12,car,0.8988,0.01,138.78,1079.35,714.13,539.68,426.45,1079.33,575.34,620986.73,1.88,Horizontal Oblong,Green,"(83, 89, 65)",12,VISIBLE,-1.3,0.05
160,15,car,0.6659,932.99,100.5,1167.23,247.9,1050.11,174.2,234.25,147.4,34527.7,1.59,Horizontal Oblong,Blue,"(98, 56, 111)",15,VISIBLE,-4.39,0.41
160,16,car,0.8926,972.7,144.13,1279.71,464.61,1126.2,304.37,307.01,320.48,98390.54,0.96,Spherical / Regular,Blue,"(99, 59, 89)",22,VISIBLE,-3.81,0.59
160,1,car,0.8461,0.24,45.56,320.89,369.21,160.57,207.39,320.66,323.64,103777.7,0.99,Spherical / Regular,Blue,"(95, 47, 114)",25,VISIBLE,-4.18,-1.46
160,20,car,0.3262,311.73,130.74,581.57,184.17,446.65,157.45,269.84,53.44,14418.92,5.05,Horizontal Oblong,Orange,"(21, 38, 91)",26,VISIBLE,-5.87,-0.87
160,9,car,0.5666,727.4,128.04,972.76,253.92,850.08,190.98,245.36,125.88,30886.17,1.95,Horizontal Oblong,Blue,"(95, 41, 111)",27,VISIBLE,-3.12,2.1
160,8,car,0.3326,1253.46,125.02,1279.47,150.14,1266.46,137.58,26.01,25.11,653.23,1.04,Spherical / Regular,Blue,"(88, 42, 106)",33,VISIBLE,4.96,0.17
161,12,car,0.8936,-0.02,137.91,1072.82,714.11,536.4,426.01,1072.84,576.2,618167.94,1.86,Horizontal Oblong,Green,"(83, 90, 66)",12,VISIBLE,-2.69,-0.3
161,15,car,0.513,928.62,100.59,1162.77,248.95,1045.69,174.77,234.15,148.36,34737.9,1.58,Horizontal Oblong,Blue,"(98, 55, 110)",15,VISIBLE,-4.41,0.52
161,16,car,0.9045,966.07,142.89,1279.73,469.49,1122.9,306.19,313.66,326.6,102439.87,0.96,Spherical / Regular,Blue,"(99, 58, 88)",22,VISIBLE,-3.46,1.45
161,1,car,0.7876,0.11,44.42,313.14,367.42,156.63,205.92,313.02,323.0,101106.44,0.97,Spherical / Regular,Blue,"(95, 46, 114)",25,VISIBLE,-4.01,-1.46
161,20,car,0.1995,303.44,130.74,577.07,183.58,440.26,157.16,273.62,52.85,14460.17,5.18,Horizontal Oblong,Orange,"(20, 38, 102)",26,VISIBLE,-6.24,-0.47
161,9,car,0.5605,727.24,128.33,967.81,257.47,847.52,192.9,240.57,129.14,31068.52,1.86,Horizontal Oblong,Blue,"(95, 42, 110)",27,VISIBLE,-2.72,1.97
161,8,car,0.3995,1249.18,125.27,1279.44,150.63,1264.31,137.95,30.26,25.36,767.19,1.19,Spherical / Regular,Blue,"(88, 43, 102)",33,VISIBLE,-0.02,0.31
162,12,car,0.897,-0.03,137.4,1062.59,713.9,531.28,425.65,1062.62,576.5,612596.36,1.84,Horizontal Oblong,Green,"(83, 91, 66)",12,VISIBLE,-4.39,-0.34
162,15,car,0.5265,924.33,101.14,1156.9,250.06,1040.61,175.6,232.57,148.93,34636.44,1.56,Horizontal Oblong,Blue,"(98, 54, 110)",15,VISIBLE,-4.88,0.74
162,16,car,0.8984,959.55,141.26,1279.75,473.24,1119.65,307.25,320.21,331.98,106303.32,0.96,Spherical / Regular,Blue,"(99, 58, 88)",22,VISIBLE,-3.31,1.18
162,1,car,0.7677,0.03,44.56,302.95,365.08,151.49,204.82,302.92,320.52,97090.74,0.95,Spherical / Regular,Blue,"(95, 46, 116)",25,VISIBLE,-4.8,-1.21
162,20,car,0.1995,295.88,130.62,572.42,182.7,434.15,156.66,276.54,52.09,14403.82,5.31,Horizontal Oblong,Orange,"(20, 38, 149)",26,VISIBLE,-6.14,-0.49
162,9,car,0.6228,732.42,128.65,962.96,261.23,847.69,194.94,230.54,132.58,30564.23,1.74,Horizontal Oblong,Blue,"(95, 42, 108)",27,VISIBLE,-0.7,2.02
162,8,car,0.3084,1244.8,124.59,1279.42,151.62,1262.11,138.1,34.63,27.04,936.17,1.28,Horizontal Oblong,Blue,"(98, 45, 104)",33,VISIBLE,-1.55,0.2
163,12,car,0.9187,0.06,134.62,1047.52,713.74,523.79,424.18,1047.46,579.12,606603.5,1.81,Horizontal Oblong,Green,"(83, 93, 66)",12,VISIBLE,-6.56,-1.13
163,15,car,0.5159,919.34,101.5,1152.28,250.53,1035.81,176.01,232.94,149.03,34715.22,1.56,Horizontal Oblong,Blue,"(98, 54, 110)",15,VISIBLE,-4.83,0.51
163,16,car,0.91,951.84,141.45,1279.83,475.78,1115.83,308.62,327.99,334.33,109658.35,0.98,Spherical / Regular,Blue,"(99, 57, 88)",22,VISIBLE,-3.66,1.31
163,1,car,0.5922,0.4,45.45,295.82,299.12,148.11,172.29,295.42,253.67,74939.65,1.16,Spherical / Regular,Blue,"(98, 45, 126)",25,VISIBLE,-3.81,-23.14
163,20,car,0.1995,288.32,130.5,567.78,181.82,428.05,156.16,279.46,51.32,14343.03,5.44,Horizontal Oblong,Orange,"(20, 38, 172)",26,VISIBLE,-6.11,-0.5
163,9,car,0.6941,736.01,128.81,957.99,264.3,847.0,196.56,221.97,135.49,30075.98,1.64,Horizontal Oblong,Blue,"(95, 42, 106)",27,VISIBLE,-0.69,1.74
163,8,car,0.3931,1240.15,117.86,1279.41,152.82,1259.78,135.34,39.26,34.96,1372.57,1.12,Spherical / Regular,Blue,"(98, 45, 103)",33,VISIBLE,-2.09,-1.87
164,12,car,0.9283,0.03,133.75,1036.73,713.59,518.38,423.67,1036.7,579.83,601114.57,1.79,Horizontal Oblong,Green,"(83, 95, 66)",12,VISIBLE,-5.76,-0.7
164,15,car,0.6266,915.03,101.64,1148.43,246.33,1031.73,173.98,233.4,144.69,33769.89,1.61,Horizontal Oblong,Blue,"(98, 54, 111)",15,VISIBLE,-4.3,-1.27
164,16,car,0.9108,944.27,141.97,1279.85,477.83,1112.06,309.9,335.58,335.86,112708.03,1.0,Spherical / Regular,Blue,"(99, 57, 88)",22,VISIBLE,-3.74,1.29
164,1,car,0.5706,0.6,46.11,287.41,252.9,144.0,149.51,286.8,206.79,59307.59,1.39,Horizontal Oblong,Blue,"(100, 45, 128)",25,VISIBLE,-4.02,-22.89
164,20,car,0.1995,280.76,130.38,563.13,180.94,421.95,155.66,282.37,50.56,14277.8,5.58,Horizontal Oblong,Orange,"(19, 38, 174)",26,VISIBLE,-6.11,-0.5
164,9,car,0.7002,733.35,128.67,954.36,266.54,843.86,197.6,221.01,137.87,30470.19,1.6,Horizontal Oblong,Blue,"(95, 42, 108)",27,VISIBLE,-2.41,1.26
164,8,car,0.3357,1234.74,108.54,1279.44,152.5,1257.09,130.52,44.7,43.96,1965.01,1.02,Spherical / Regular,Blue,"(98, 45, 105)",33,VISIBLE,-2.51,-3.94
164,19,car,0.2746,0.37,191.19,244.96,356.29,122.67,273.74,244.59,165.1,40381.09,1.48,Horizontal Oblong,Blue,"(93, 45, 86)",34,VISIBLE,-5.84,1.0
165,12,car,0.9172,0.01,133.94,1029.59,713.55,514.8,423.74,1029.57,579.61,596756.02,1.78,Horizontal Oblong,Green,"(82, 95, 66)",12,VISIBLE,-4.23,-0.16
165,15,car,0.6449,911.72,100.84,1145.22,238.93,1028.47,169.89,233.5,138.09,32243.19,1.69,Horizontal Oblong,Blue,"(98, 54, 110)",15,VISIBLE,-3.57,-3.25
165,16,car,0.9104,935.72,141.74,1279.94,479.78,1107.83,310.76,344.22,338.04,116358.78,1.02,Spherical / Regular,Blue,"(98, 57, 86)",22,VISIBLE,-4.08,0.99
165,1,car,0.7018,0.64,45.5,277.95,223.54,139.3,134.52,277.31,178.04,49371.55,1.56,Horizontal Oblong,Blue,"(100, 45, 126)",25,VISIBLE,-4.5,-17.36
165,20,car,0.1995,273.2,130.26,558.49,180.07,415.84,155.16,285.29,49.8,14208.13,5.73,Horizontal Oblong,Orange,"(19, 38, 173)",26,VISIBLE,-6.1,-0.5
165,9,car,0.763,727.12,129.01,951.85,268.8,839.48,198.91,224.73,139.8,31416.06,1.61,Horizontal Oblong,Blue,"(95, 42, 106)",27,VISIBLE,-3.78,1.29
165,8,car,0.349,1229.88,102.48,1279.47,151.66,1254.67,127.07,49.59,49.18,2438.83,1.01,Spherical / Regular,Blue,"(98, 45, 105)",33,VISIBLE,-2.44,-3.6
165,19,car,0.4818,1.04,191.41,232.98,352.77,117.01,272.09,231.95,161.36,37427.39,1.44,Horizontal Oblong,Blue,"(90, 44, 93)",34,VISIBLE,-5.71,-0.85
166,12,car,0.8963,0.0,134.23,1023.41,713.56,511.7,423.9,1023.4,579.33,592886.95,1.77,Horizontal Oblong,Green,"(83, 96, 67)",12,VISIBLE,-3.44,0.06
166,15,car,0.6414,908.9,99.97,1141.48,232.04,1025.19,166.0,232.58,132.07,30716.36,1.76,Horizontal Oblong,Blue,"(98, 54, 110)",15,VISIBLE,-3.37,-3.69
166,16,car,0.9141,927.65,142.08,1279.99,481.73,1103.82,311.9,352.34,339.65,119671.94,1.04,Spherical / Regular,Blue,"(99, 57, 86)",22,VISIBLE,-4.03,1.1
166,1,car,0.7526,0.56,45.9,269.32,206.4,134.94,126.15,268.76,160.5,43136.38,1.67,Horizontal Oblong,Blue,"(100, 46, 126)",25,VISIBLE,-4.4,-11.07
166,20,car,0.1995,265.64,130.15,553.85,179.19,409.74,154.67,288.21,49.04,14134.02,5.88,Horizontal Oblong,Orange,"(19, 38, 176)",26,VISIBLE,-6.1,-0.5
166,9,car,0.7817,724.74,128.98,950.93,270.94,837.83,199.96,226.19,141.96,32110.05,1.59,Horizontal Oblong,Blue,"(96, 42, 106)",27,VISIBLE,-2.29,1.12
166,8,car,0.2887,1225.71,99.52,1279.56,150.19,1252.63,124.85,53.84,50.67,2728.14,1.06,Spherical / Regular,Blue,"(98, 52, 103)",33,VISIBLE,-2.16,-2.63
166,19,car,0.6274,1.25,191.83,220.18,345.53,110.71,268.68,218.94,153.7,33651.06,1.42,Horizontal Oblong,Blue,"(95, 44, 104)",34,VISIBLE,-6.12,-2.64
167,12,car,0.8875,-0.0,133.8,1017.01,713.64,508.5,423.72,1017.01,579.83,589698.7,1.75,Horizontal Oblong,Green,"(83, 97, 67)",12,VISIBLE,-3.27,-0.11
167,15,car,0.5674,905.22,99.77,1137.7,224.99,1021.46,162.38,232.48,125.22,29111.12,1.86,Horizontal Oblong,Blue,"(98, 56, 110)",15,VISIBLE,-3.62,-3.64
167,16,car,0.9285,921.1,142.74,1280.02,483.81,1100.56,313.28,358.93,341.07,122419.9,1.05,Spherical / Regular,Blue,"(99, 57, 84)",22,VISIBLE,-3.49,1.29
167,1,car,0.7369,0.5,45.24,261.73,197.75,131.12,121.49,261.23,152.51,39839.35,1.71,Horizontal Oblong,Blue,"(100, 47, 127)",25,VISIBLE,-4.0,-6.58
167,20,car,0.1995,258.08,130.03,549.2,178.31,403.64,154.17,291.12,48.28,14055.47,6.03,Horizontal Oblong,Orange,"(19, 38, 180)",26,VISIBLE,-6.1,-0.5
167,9,car,0.7724,720.02,129.61,949.1,273.22,834.56,201.41,229.08,143.61,32897.92,1.6,Horizontal Oblong,Blue,"(95, 42, 108)",27,VISIBLE,-2.98,1.36
167,8,car,0.2896,1222.0,98.71,1279.6,148.36,1250.8,123.53,57.6,49.65,2860.23,1.16,Spherical / Regular,Blue,"(98, 51, 106)",33,VISIBLE,-1.93,-1.71
167,19,car,0.4508,0.68,192.49,204.82,336.85,102.75,264.67,204.14,144.36,29469.86,1.41,Horizontal Oblong,Blue,"(98, 44, 113)",34,VISIBLE,-7.41,-3.6
167,4,car,0.1691,592.46,121.53,665.99,145.54,629.23,133.54,73.53,24.01,1765.6,3.06,Horizontal Oblong,Orange,"(15, 78, 140)",35,VISIBLE,-4.19,0.07
168,12,car,0.915,0.82,132.2,1008.77,713.41,504.8,422.8,1007.95,581.21,585831.11,1.73,Horizontal Oblong,Green,"(83, 98, 68)",12,VISIBLE,-3.58,-0.67
168,15,car,0.5319,901.59,100.3,1133.96,227.75,1017.78,164.03,232.37,127.45,29615.44,1.82,Horizontal Oblong,Blue,"(98, 56, 109)",15,VISIBLE,-3.67,0.06
168,16,car,0.9342,912.74,142.97,1280.04,485.41,1096.39,314.19,367.29,342.44,125777.77,1.07,Spherical / Regular,Blue,"(99, 56, 83)",22,VISIBLE,-3.97,1.03
168,1,car,0.4822,0.44,43.85,254.83,235.01,127.63,139.43,254.39,191.17,48632.33,1.33,Horizontal Oblong,Blue,"(100, 46, 129)",25,VISIBLE,-3.64,10.58
168,20,car,0.1995,250.52,129.91,544.56,177.43,397.54,153.67,294.04,47.52,13972.48,6.19,Horizontal Oblong,Orange,"(19, 38, 172)",26,VISIBLE,-6.1,-0.5
168,9,car,0.7405,714.05,130.24,942.96,274.97,828.51,202.6,228.91,144.73,33129.64,1.58,Horizontal Oblong,Blue,"(95, 42, 106)",27,VISIBLE,-5.13,1.24
168,8,car,0.2463,1219.05,96.34,1279.55,142.55,1249.3,119.45,60.5,46.21,2795.54,1.31,Horizontal Oblong,Orange,"(16, 36, 156)",33,VISIBLE,-1.63,-3.38
168,19,car,0.1655,0.3,192.6,188.86,324.43,94.58,258.51,188.55,131.84,24858.4,1.43,Horizontal Oblong,Blue,"(100, 44, 124)",34,VISIBLE,-7.94,-5.39
168,4,car,0.1691,592.15,121.53,665.65,145.45,628.9,133.49,73.5,23.92,1758.51,3.07,Horizontal Oblong,Orange,"(15, 76, 139)",35,VISIBLE,-1.48,-0.01
169,12,car,0.9015,0.85,132.65,995.35,713.81,498.1,423.23,994.5,581.16,577963.91,1.71,Horizontal Oblong,Green,"(83, 99, 68)",12,VISIBLE,-5.76,0.1
169,15,car,0.5989,897.43,100.95,1130.24,225.73,1013.83,163.34,232.81,124.78,29050.5,1.87,Horizontal Oblong,Blue,"(98, 57, 109)",15,VISIBLE,-3.86,-0.46
169,16,car,0.9338,903.73,143.03,1280.04,487.12,1091.89,315.07,376.31,344.08,129482.74,1.09,Spherical / Regular,Blue,"(99, 57, 79)",22,VISIBLE,-4.34,0.93
169,1,car,0.5517,0.36,42.64,246.35,261.45,123.35,152.05,245.99,218.81,53825.11,1.12,Spherical / Regular,Blue,"(100, 46, 129)",25,VISIBLE,-4.09,12.0
169,20,car,0.1995,242.96,129.79,539.91,176.55,391.43,153.17,296.96,46.76,13885.05,6.35,Horizontal Oblong,Orange,"(19, 38, 174)",26,VISIBLE,-6.1,-0.5
169,9,car,0.6982,704.66,130.36,937.39,276.28,821.02,203.32,232.73,145.92,33959.56,1.59,Horizontal Oblong,Blue,"(95, 43, 106)",27,VISIBLE,-6.78,0.87
169,8,car,0.2507,1215.27,94.77,1279.51,138.69,1247.39,116.73,64.24,43.92,2821.06,1.46,Horizontal Oblong,Orange,"(16, 38, 154)",33,VISIBLE,-1.83,-2.91
169,19,car,0.1655,0.14,192.93,176.89,317.07,88.51,255.0,176.74,124.14,21941.19,1.42,Horizontal Oblong,Blue,"(100, 44, 127)",34,VISIBLE,-6.63,-4.08
169,4,car,0.1688,581.54,121.58,656.22,146.42,618.88,134.0,74.68,24.84,1854.79,3.01,Horizontal Oblong,Orange,"(15, 78, 139)",35,VISIBLE,-7.46,0.35
169,36,car,0.224,1213.79,125.07,1279.44,164.99,1246.62,145.03,65.66,39.92,2621.01,1.64,Horizontal Oblong,Blue,"(98, 59, 97)",36,VISIBLE,0.0,0.0
170,12,car,0.8931,1.15,133.26,984.38,714.14,492.76,423.7,983.23,580.88,571133.34,1.69,Horizontal Oblong,Green,"(83, 98, 68)",12,VISIBLE,-5.46,0.36
170,15,car,0.5532,894.03,101.51,1125.79,224.03,1009.91,162.77,231.76,122.51,28393.16,1.89,Horizontal Oblong,Blue,"(98, 56, 110)",15,VISIBLE,-3.9,-0.54
170,16,car,0.9287,895.38,143.98,1280.04,488.23,1087.71,316.11,384.66,344.25,132417.75,1.12,Spherical / Regular,Blue,"(100, 57, 80)",22,VISIBLE,-4.23,1.0
170,1,car,0.5838,0.3,42.39,239.12,278.69,119.71,160.54,238.82,236.3,56433.27,1.01,Spherical / Regular,Blue,"(100, 46, 129)",25,VISIBLE,-3.78,9.55
170,20,car,0.1995,235.39,129.67,535.27,175.67,385.33,152.67,299.87,46.0,13793.17,6.52,Horizontal Oblong,Orange,"(18, 38, 185)",26,VISIBLE,-6.1,-0.5
170,9,car,0.7791,697.47,130.1,932.36,278.75,814.92,204.43,234.9,148.65,34916.16,1.58,Horizontal Oblong,Blue,"(95, 43, 106)",27,VISIBLE,-6.31,1.04
170,8,car,0.2298,1211.31,93.87,1279.46,135.42,1245.39,114.65,68.16,41.55,2832.04,1.64,Horizontal Oblong,Orange,"(16, 37, 150)",33,VISIBLE,-1.95,-2.33
170,19,car,0.1655,-0.02,193.26,164.92,309.71,82.45,251.48,164.93,116.45,19205.75,1.42,Horizontal Oblong,Blue,"(100, 43, 130)",34,VISIBLE,-6.23,-3.68
170,4,car,0.1632,570.86,121.52,646.24,147.1,608.55,134.31,75.38,25.58,1928.34,2.95,Horizontal Oblong,Orange,"(15, 81, 141)",35,VISIBLE,-9.47,0.32
170,36,car,0.3029,1209.89,125.98,1279.49,168.23,1244.69,147.11,69.6,42.25,2940.17,1.65,Horizontal Oblong,Blue,"(98, 60, 95)",36,VISIBLE,-1.92,2.08
171,12,car,0.8949,1.47,135.18,973.84,714.01,487.65,424.59,972.38,578.83,562837.38,1.68,Horizontal Oblong,Green,"(83, 97, 69)",12,VISIBLE,-5.22,0.73
171,15,car,0.4953,890.56,102.01,1120.49,222.0,1005.52,162.01,229.93,119.99,27590.19,1.92,Horizontal Oblong,Blue,"(98, 56, 110)",15,VISIBLE,-4.24,-0.7
171,16,car,0.9281,886.35,144.5,1280.03,489.27,1083.19,316.88,393.68,344.77,135728.17,1.14,Spherical / Regular,Blue,"(99, 57, 79)",22,VISIBLE,-4.43,0.85
171,1,car,0.6612,0.27,43.45,233.09,283.38,116.68,163.42,232.81,239.92,55857.02,0.97,Spherical / Regular,Blue,"(100, 46, 129)",25,VISIBLE,-3.25,4.88
171,20,car,0.1995,227.83,129.56,530.62,174.79,379.23,152.17,302.79,45.24,13696.86,6.69,Horizontal Oblong,Orange,"(18, 38, 177)",26,VISIBLE,-6.1,-0.5
171,9,car,0.774,689.38,130.05,929.09,281.67,809.23,205.86,239.72,151.62,36344.7,1.58,Horizontal Oblong,Blue,"(95, 44, 106)",27,VISIBLE,-5.87,1.32
171,8,car,0.2531,1206.72,93.29,1279.48,135.08,1243.1,114.18,72.76,41.79,3040.38,1.74,Horizontal Oblong,Orange,"(16, 38, 149)",33,VISIBLE,-2.18,-1.02
171,19,car,0.1655,-0.18,193.59,152.95,302.34,76.38,247.97,153.12,108.75,16652.1,1.41,Horizontal Oblong,Blue,"(100, 44, 129)",34,VISIBLE,-6.12,-3.57
171,4,car,0.1525,561.07,121.63,636.57,147.17,598.82,134.4,75.5,25.54,1928.17,2.96,Horizontal Oblong,Orange,"(15, 83, 142)",35,VISIBLE,-9.65,0.16
171,36,car,0.3929,1205.01,126.08,1279.58,172.36,1242.29,149.22,74.56,46.28,3450.56,1.61,Horizontal Oblong,Blue,"(96, 59, 93)",36,VISIBLE,-2.25,2.1
172,12,car,0.9037,2.11,135.01,961.58,713.91,481.84,424.46,959.47,578.9,555437.95,1.66,Horizontal Oblong,Green,"(82, 97, 70)",12,VISIBLE,-5.63,0.13
172,15,car,0.4399,887.39,102.12,1112.22,220.06,999.8,161.09,224.83,117.93,26515.33,1.91,Horizontal Oblong,Blue,"(98, 56, 110)",15,VISIBLE,-5.28,-0.85
172,16,car,0.9167,875.2,144.89,1280.03,489.89,1077.61,317.39,404.82,345.0,139661.88,1.17,Spherical / Regular,Blue,"(100, 57, 79)",22,VISIBLE,-5.23,0.61
172,1,car,0.6775,0.19,44.28,227.26,281.16,113.73,162.72,227.06,236.88,53786.77,0.96,Spherical / Regular,Blue,"(100, 46, 128)",25,VISIBLE,-3.04,0.98
172,20,car,0.1995,220.27,129.44,525.98,173.91,373.13,151.67,305.71,44.47,13596.11,6.87,Horizontal Oblong,Orange,"(18, 38, 116)",26,VISIBLE,-6.1,-0.5
172,9,car,0.7691,678.4,129.82,923.42,285.35,800.91,207.58,245.02,155.53,38107.37,1.58,Horizontal Oblong,Blue,"(95, 44, 107)",27,VISIBLE,-7.59,1.6
172,8,car,0.2462,1201.97,92.69,1278.34,132.76,1240.16,112.73,76.37,40.07,3060.03,1.91,Horizontal Oblong,Orange,"(16, 37, 144)",33,VISIBLE,-2.72,-1.33
172,19,car,0.1655,-0.34,193.93,140.98,294.98,70.32,244.45,141.32,101.05,14280.23,1.4,Horizontal Oblong,Blue,"(100, 43, 132)",34,VISIBLE,-6.08,-3.53
172,4,car,0.1525,553.9,121.66,629.74,147.44,591.82,134.55,75.84,25.78,1955.2,2.94,Horizontal Oblong,Orange,"(15, 83, 142)",35,VISIBLE,-7.8,0.15
172,36,car,0.4165,1199.59,125.72,1279.69,178.59,1239.64,152.16,80.1,52.87,4235.05,1.52,Horizontal Oblong,Blue,"(98, 61, 93)",36,VISIBLE,-2.53,2.69
173,12,car,0.9236,2.04,133.12,946.69,713.87,474.37,423.49,944.65,580.75,548608.03,1.63,Horizontal Oblong,Green,"(82, 99, 70)",12,VISIBLE,-6.93,-0.64
173,15,car,0.6565,883.46,102.38,1091.73,220.72,987.59,161.55,208.27,118.34,24646.52,1.76,Horizontal Oblong,Blue,"(98, 57, 109)",15,VISIBLE,-10.13,0.07
173,16,car,0.9274,865.19,144.44,1280.02,490.29,1072.6,317.36,414.83,345.84,143466.26,1.2,Spherical / Regular,Blue,"(99, 57, 77)",22,VISIBLE,-5.08,0.16
173,1,car,0.6427,0.21,43.99,220.05,271.64,110.13,157.82,219.83,227.64,50043.47,0.97,Spherical / Regular,Blue,"(99, 46, 126)",25,VISIBLE,-3.43,-3.14
173,20,car,0.1995,212.71,129.32,521.34,173.03,367.02,151.18,308.62,43.71,13490.92,7.06,Horizontal Oblong,Orange,"(20, 38, 107)",26,VISIBLE,-6.1,-0.5
173,9,car,0.8102,673.22,129.9,918.93,290.18,796.07,210.04,245.71,160.28,39383.59,1.53,Horizontal Oblong,Blue,"(95, 45, 107)",27,VISIBLE,-5.66,2.2
173,8,car,0.242,1197.59,92.76,1276.54,131.32,1237.06,112.04,78.95,38.55,3043.91,2.05,Horizontal Oblong,Orange,"(17, 38, 146)",33,VISIBLE,-2.98,-0.88
173,19,car,0.1655,-0.5,194.26,129.01,287.62,64.25,240.94,129.51,93.36,12090.14,1.39,Horizontal Oblong,Blue,"(98, 42, 130)",34,VISIBLE,-6.07,-3.52
173,4,car,0.1525,546.73,121.68,622.91,147.71,584.82,134.7,76.18,26.02,1982.39,2.93,Horizontal Oblong,Orange,"(15, 82, 142)",35,VISIBLE,-7.24,0.15
173,36,car,0.4342,1193.63,124.8,1279.82,188.77,1236.72,156.79,86.19,63.98,5514.3,1.35,Horizontal Oblong,Blue,"(98, 63, 93)",36,VISIBLE,-2.8,4.05
174,12,car,0.9288,1.27,132.45,933.61,713.64,467.44,423.05,932.35,581.19,541872.45,1.6,Horizontal Oblong,Green,"(81, 98, 69)",12,VISIBLE,-6.93,-0.51
174,15,car,0.5992,880.02,101.95,1095.0,218.35,987.51,160.15,214.98,116.4,25023.82,1.85,Horizontal Oblong,Blue,"(98, 56, 110)",15,VISIBLE,-3.1,-0.96
174,16,car,0.9216,855.97,143.53,1280.01,491.01,1067.99,317.27,424.04,347.47,147342.92,1.22,Spherical / Regular,Blue,"(99, 57, 78)",22,VISIBLE,-4.75,-0.02
174,1,car,0.5723,0.21,44.13,211.44,259.81,105.82,151.97,211.24,215.68,45559.54,0.98,Spherical / Regular,Blue,"(99, 46, 125)",25,VISIBLE,-4.04,-5.03
174,20,car,0.1995,205.15,129.2,516.69,172.15,360.92,150.68,311.54,42.95,13381.29,7.25,Horizontal Oblong,Orange,"(18, 38, 187)",26,VISIBLE,-6.1,-0.5
174,9,car,0.8156,667.98,130.36,914.74,294.34,791.36,212.35,246.77,163.98,40464.61,1.5,Horizontal Oblong,Blue,"(95, 45, 108)",27,VISIBLE,-5.0,2.28
174,8,car,0.1754,1193.06,93.8,1272.94,130.43,1233.0,112.12,79.88,36.63,2925.66,2.18,Horizontal Oblong,Orange,"(19, 37, 146)",33,VISIBLE,-3.74,-0.21
174,19,car,0.1655,-0.66,194.59,117.04,280.25,58.19,237.42,117.7,85.66,10081.82,1.37,Horizontal Oblong,Blue,"(98, 40, 111)",34,VISIBLE,-6.07,-3.52
174,4,car,0.2478,535.52,121.31,612.23,147.39,573.87,134.35,76.72,26.08,2000.6,2.94,Horizontal Oblong,Orange,"(15, 80, 143)",35,VISIBLE,-9.83,-0.2
174,36,car,0.4613,1189.24,124.27,1279.76,197.52,1234.5,160.89,90.52,73.26,6631.28,1.24,Horizontal Oblong,Blue,"(98, 64, 93)",36,VISIBLE,-2.4,4.09
174,13,car,0.3242,1231.63,465.55,1279.59,713.69,1255.61,589.62,47.95,248.13,11898.25,0.19,Vertical Oblong,Blue,"(98, 53, 78)",37,VISIBLE,1.29,6.73
175,12,car,0.928,0.68,133.55,921.52,713.55,461.1,423.55,920.84,580.01,534090.84,1.59,Horizontal Oblong,Green,"(81, 98, 69)",12,VISIBLE,-6.52,0.2
175,15,car,0.6772,875.63,101.58,1097.33,216.42,986.48,159.0,221.7,114.83,25458.5,1.93,Horizontal Oblong,Blue,"(98, 54, 110)",15,VISIBLE,-1.65,-1.09
175,16,car,0.9254,846.11,142.96,1280.01,492.27,1063.06,317.61,433.9,349.31,151564.14,1.24,Horizontal Oblong,Blue,"(100, 57, 78)",22,VISIBLE,-4.88,0.24
175,1,car,0.662,0.2,44.54,201.89,242.04,101.05,143.29,201.69,197.5,39833.78,1.02,Spherical / Regular,Blue,"(99, 46, 125)",25,VISIBLE,-4.56,-7.59
175,20,car,0.1995,197.59,129.08,512.05,171.27,354.82,150.18,314.46,42.19,13267.22,7.45,Horizontal Oblong,Orange,"(17, 37, 186)",26,VISIBLE,-6.1,-0.5
175,9,car,0.8736,663.97,130.55,910.82,295.97,787.39,213.26,246.85,165.42,40832.84,1.49,Horizontal Oblong,Blue,"(95, 45, 109)",27,VISIBLE,-4.28,1.32
175,8,car,0.1596,1188.94,94.28,1267.46,131.35,1228.2,112.82,78.53,37.06,2910.52,2.12,Horizontal Oblong,Orange,"(19, 36, 148)",33,VISIBLE,-4.48,0.43
175,4,car,0.1836,526.3,121.37,602.59,147.07,564.45,134.22,76.3,25.7,1960.95,2.97,Horizontal Oblong,Orange,"(15, 83, 143)",35,VISIBLE,-9.55,-0.15
175,36,car,0.4986,1186.63,124.01,1279.69,205.24,1233.16,164.62,93.06,81.22,7558.64,1.15,Spherical / Regular,Blue,"(98, 64, 93)",36,VISIBLE,-1.66,3.84
175,13,car,0.433,1229.98,457.15,1279.56,713.93,1254.77,585.54,49.58,256.79,12730.42,0.19,Vertical Oblong,Blue,"(98, 53, 78)",37,VISIBLE,-0.2,-0.84
176,12,car,0.9241,1.33,138.9,911.42,713.11,456.38,426.0,910.09,574.21,522586.76,1.58,Horizontal Oblong,Green,"(81, 101, 68)",12,VISIBLE,-5.26,1.78
176,15,car,0.6464,870.93,101.71,1099.08,215.07,985.0,158.39,228.15,113.36,25862.49,2.01,Horizontal Oblong,Blue,"(98, 54, 110)",15,VISIBLE,-1.53,-0.75
176,16,car,0.9166,837.04,142.98,1280.0,493.21,1058.52,318.1,442.96,350.24,155141.08,1.26,Horizontal Oblong,Blue,"(99, 57, 78)",22,VISIBLE,-4.64,0.41
176,1,car,0.6441,0.26,44.02,192.63,224.91,96.44,134.46,192.37,180.9,34798.53,1.06,Spherical / Regular,Blue,"(98, 46, 124)",25,VISIBLE,-4.59,-8.45
176,20,car,0.1995,190.03,128.97,507.4,170.39,348.72,149.68,317.37,41.43,13148.7,7.66,Horizontal Oblong,Orange,"(18, 37, 194)",26,VISIBLE,-6.1,-0.5
176,9,car,0.8869,660.15,130.67,907.28,297.74,783.71,214.2,247.13,167.08,41289.27,1.48,Horizontal Oblong,Blue,"(95, 46, 109)",27,VISIBLE,-3.86,1.06
176,8,car,0.1997,1183.94,94.44,1263.07,134.58,1223.5,114.51,79.13,40.14,3176.44,1.97,Horizontal Oblong,Orange,"(17, 38, 141)",33,VISIBLE,-4.63,1.31
176,4,car,0.1836,517.65,121.32,594.11,147.05,555.88,134.18,76.46,25.72,1967.01,2.97,Horizontal Oblong,Orange,"(15, 83, 142)",35,VISIBLE,-8.86,-0.07
176,36,car,0.5675,1183.79,123.82,1279.64,215.86,1231.72,169.84,95.85,92.03,8821.35,1.04,Spherical / Regular,Blue,"(98, 65, 92)",36,VISIBLE,-1.51,4.8
176,13,car,0.4037,1228.6,450.21,1279.55,714.06,1254.07,582.13,50.95,263.84,13442.94,0.19,Vertical Oblong,Blue,"(98, 53, 77)",37,VISIBLE,-0.55,-2.63
176,38,car,0.2582,515.27,135.19,794.82,268.04,655.04,201.62,279.55,132.85,37138.57,2.1,Horizontal Oblong,Yellow,"(25, 46, 143)",38,VISIBLE,0.0,0.0
177,12,car,0.9219,0.87,172.88,685.34,713.35,343.11,443.11,684.46,540.47,369931.83,1.27,Horizontal Oblong,Green,"(81, 88, 87)",12,VISIBLE,-80.87,12.51
177,15,car,0.5924,862.62,101.78,1091.86,214.31,977.24,158.04,229.25,112.53,25797.84,2.04,Horizontal Oblong,Blue,"(98, 56, 109)",15,VISIBLE,-5.89,-0.47
177,16,car,0.9018,753.98,144.82,1280.0,590.81,1016.99,367.81,526.02,445.99,234602.71,1.18,Spherical / Regular,Green,"(84, 152, 80)",22,VISIBLE,-30.46,34.93
177,1,car,0.8083,0.26,44.24,191.87,251.53,96.06,147.89,191.61,207.28,39717.7,0.92,Spherical / Regular,Blue,"(87, 45, 127)",25,VISIBLE,-1.64,6.86
177,9,car,0.7679,644.72,132.52,903.07,316.17,773.89,224.34,258.35,183.65,47444.94,1.41,Horizontal Oblong,Orange,"(18, 55, 142)",27,VISIBLE,-8.03,7.42
177,8,car,0.225,1175.01,94.21,1256.5,139.29,1215.76,116.75,81.5,45.08,3673.67,1.81,Horizontal Oblong,Orange,"(22, 45, 137)",33,VISIBLE,-6.81,1.96
177,4,car,0.3977,502.2,122.58,579.78,149.28,540.99,135.93,77.58,26.7,2071.54,2.91,Horizontal Oblong,Orange,"(15, 83, 142)",35,VISIBLE,-13.08,1.2
177,36,car,0.5306,1178.36,123.33,1279.57,224.78,1228.97,174.06,101.22,101.45,10268.41,1.0,Spherical / Regular,Blue,"(98, 69, 92)",36,VISIBLE,-2.38,4.39
177,13,car,0.1967,1212.39,464.85,1279.61,715.37,1246.0,590.11,67.23,250.52,16841.89,0.27,Vertical Oblong,Green,"(81, 165, 87)",37,VISIBLE,-5.82,4.79
177,38,car,0.2582,514.72,135.39,794.57,268.38,654.65,201.89,279.85,132.99,37216.79,2.1,Horizontal Oblong,Orange,"(18, 53, 152)",38,VISIBLE,-0.4,0.27
178,12,car,0.9283,0.52,201.77,516.54,713.72,258.53,457.75,516.02,511.95,264178.38,1.01,Spherical / Regular,Green,"(81, 88, 83)",12,VISIBLE,-83.46,13.99
178,15,car,0.5298,858.7,101.56,1082.71,214.01,970.71,157.79,224.01,112.45,25190.63,1.99,Horizontal Oblong,Blue,"(98, 56, 110)",15,VISIBLE,-6.34,-0.32
178,16,car,0.8952,695.58,146.68,1280.0,659.37,987.79,403.03,584.42,512.69,299626.29,1.14,Spherical / Regular,Green,"(84, 141, 79)",22,VISIBLE,-29.58,35.12
178,1,car,0.8305,0.24,44.46,187.28,280.01,93.76,162.23,187.04,235.55,44056.68,0.79,Vertical Oblong,Blue,"(91, 45, 129)",25,VISIBLE,-2.11,12.1
178,9,car,0.7791,629.69,134.61,898.33,331.39,764.01,233.0,268.64,196.78,52863.28,1.37,Horizontal Oblong,Orange,"(17, 58, 139)",27,VISIBLE,-9.33,8.28
178,8,car,0.2755,1168.17,93.33,1251.31,142.87,1209.74,118.1,83.14,49.54,4118.62,1.68,Horizontal Oblong,Orange,"(19, 46, 146)",33,VISIBLE,-6.25,1.53
178,4,car,0.4466,489.78,123.12,567.44,150.44,528.61,136.78,77.67,27.32,2121.46,2.84,Horizontal Oblong,Orange,"(15, 83, 143)",35,VISIBLE,-12.59,0.96
178,36,car,0.4016,1173.03,123.01,1279.62,235.2,1226.32,179.1,106.59,112.19,11958.44,0.95,Spherical / Regular,Blue,"(98, 71, 92)",36,VISIBLE,-2.56,4.85
178,13,car,0.1752,1200.63,474.72,1279.66,716.16,1240.15,595.44,79.03,241.45,19082.09,0.33,Vertical Oblong,Green,"(83, 162, 85)",37,VISIBLE,-5.84,5.17
178,38,car,0.2582,514.18,135.6,794.32,268.73,654.25,202.16,280.14,133.13,37295.08,2.1,Horizontal Oblong,Orange,"(18, 53, 152)",38,VISIBLE,-0.4,0.28
178,39,car,0.912,191.11,143.17,765.72,467.07,478.42,305.12,574.61,323.9,186113.67,1.77,Horizontal Oblong,Orange,"(18, 76, 138)",39,VISIBLE,0.0,0.0
178,40,car,0.8341,163.72,132.96,487.31,284.85,325.52,208.91,323.59,151.9,49153.3,2.13,Horizontal Oblong,Orange,"(16, 43, 208)",40,VISIBLE,0.0,0.0
179,12,car,0.9158,0.36,226.41,395.58,714.19,197.97,470.3,395.22,487.78,192778.81,0.81,Vertical Oblong,Green,"(81, 85, 74)",12,VISIBLE,-67.43,12.99
179,15,car,0.5233,855.98,101.55,1072.87,213.46,964.43,157.51,216.88,111.9,24270.18,1.94,Horizontal Oblong,Blue,"(98, 56, 110)",15,VISIBLE,-6.3,-0.29
179,16,car,0.9046,657.34,148.11,1280.0,703.73,968.67,425.92,622.66,555.63,345969.9,1.12,Spherical / Regular,Green,"(83, 134, 80)",22,VISIBLE,-22.26,26.56
179,1,car,0.7968,0.21,45.85,181.55,305.77,90.88,175.81,181.33,259.91,47131.09,0.7,Vertical Oblong,Blue,"(88, 45, 129)",25,VISIBLE,-2.65,13.13
179,9,car,0.8139,617.25,135.88,894.04,340.32,755.64,238.1,276.79,204.43,56586.03,1.35,Horizontal Oblong,Orange,"(18, 60, 137)",27,VISIBLE,-8.65,6.05
179,8,car,0.1862,1163.02,94.96,1246.21,145.36,1204.62,120.16,83.2,50.4,4193.18,1.65,Horizontal Oblong,Orange,"(20, 47, 137)",33,VISIBLE,-5.46,1.9
179,4,car,0.3592,479.12,123.36,557.22,151.8,518.17,137.58,78.09,28.44,2221.25,2.75,Horizontal Oblong,Orange,"(15, 85, 144)",35,VISIBLE,-11.09,0.85
179,36,car,0.4997,1167.59,123.2,1279.63,241.7,1223.61,182.45,112.04,118.5,13276.48,0.95,Spherical / Regular,Blue,"(98, 73, 91)",36,VISIBLE,-2.67,3.8
179,13,car,0.232,1192.51,476.69,1279.69,716.6,1236.1,596.64,87.19,239.91,20917.49,0.36,Vertical Oblong,Green,"(83, 163, 84)",37,VISIBLE,-4.58,2.39
179,39,car,0.884,179.45,142.67,759.94,468.22,469.7,305.44,580.49,325.55,188978.1,1.78,Horizontal Oblong,Orange,"(18, 77, 139)",39,VISIBLE,-8.72,0.32
179,40,car,0.8724,159.82,133.01,482.29,286.0,321.05,209.51,322.46,152.99,49333.42,2.11,Horizontal Oblong,Orange,"(17, 43, 208)",40,VISIBLE,-4.46,0.6
180,12,car,0.9199,0.22,250.36,311.37,714.46,155.8,482.41,311.16,464.09,144406.23,0.67,Vertical Oblong,Green,"(81, 83, 71)",12,VISIBLE,-49.75,12.37
180,15,car,0.5922,852.66,101.32,1080.54,214.23,966.6,157.78,227.89,112.91,25729.99,2.02,Horizontal Oblong,Blue,"(98, 54, 110)",15,VISIBLE,-0.37,0.1
180,16,car,0.8962,634.25,148.83,1279.85,729.22,957.05,439.02,645.59,580.39,374696.6,1.11,Spherical / Regular,Green,"(83, 132, 80)",22,VISIBLE,-14.81,17.14
180,1,car,0.7941,0.26,47.01,172.87,327.33,86.56,187.17,172.61,280.31,48385.17,0.62,Vertical Oblong,Green,"(72, 44, 130)",25,VISIBLE,-3.81,11.89
180,9,car,0.8088,609.81,136.87,889.1,346.51,749.46,241.69,279.28,209.64,58549.34,1.33,Horizontal Oblong,Orange,"(17, 61, 137)",27,VISIBLE,-6.93,4.33
180,8,car,0.1731,1157.49,93.06,1241.09,144.82,1199.29,118.94,83.6,51.77,4327.77,1.62,Horizontal Oblong,Orange,"(19, 49, 148)",33,VISIBLE,-5.37,-0.28
180,4,car,0.1842,469.19,123.27,547.03,152.38,508.11,137.83,77.85,29.11,2265.87,2.67,Horizontal Oblong,Orange,"(15, 84, 147)",35,VISIBLE,-10.37,0.43
180,36,car,0.548,1162.56,123.46,1279.66,247.33,1221.11,185.39,117.1,123.86,14504.47,0.95,Spherical / Regular,Blue,"(98, 72, 90)",36,VISIBLE,-2.55,3.2
180,13,car,0.2528,1186.56,476.71,1279.73,715.21,1233.15,595.96,93.17,238.5,22220.21,0.39,Vertical Oblong,Green,"(83, 161, 83)",37,VISIBLE,-3.44,0.24
180,39,car,0.9036,168.1,139.1,751.78,469.04,459.94,304.07,583.68,329.94,192579.54,1.77,Horizontal Oblong,Orange,"(18, 77, 139)",39,VISIBLE,-9.44,-0.86
180,40,car,0.886,154.57,132.96,475.47,287.82,315.02,210.39,320.9,154.86,49695.45,2.07,Horizontal Oblong,Orange,"(16, 43, 208)",40,VISIBLE,-5.56,0.8
181,12,car,0.9196,0.2,269.17,254.0,715.5,127.1,492.34,253.8,446.34,113278.69,0.57,Vertical Oblong,Green,"(83, 74, 78)",12,VISIBLE,-35.01,10.66
181,15,car,0.4999,850.33,101.53,1061.43,213.67,955.88,157.6,211.1,112.15,23674.12,1.88,Horizontal Oblong,Blue,"(98, 55, 110)",15,VISIBLE,-7.61,-0.09
181,16,car,0.9115,622.29,147.26,1279.89,741.12,951.09,444.19,657.6,593.86,390522.06,1.11,Spherical / Regular,Green,"(83, 131, 81)",22,VISIBLE,-8.62,8.76
181,1,car,0.8156,0.33,50.35,164.89,342.3,82.61,196.33,164.56,291.95,48044.96,0.56,Vertical Oblong,Orange,"(19, 44, 130)",25,VISIBLE,-3.91,9.98
181,9,car,0.8249,609.17,137.26,883.58,350.68,746.37,243.97,274.41,213.42,58564.18,1.29,Horizontal Oblong,Orange,"(18, 58, 136)",27,VISIBLE,-4.23,2.89
181,8,car,0.1515,1151.89,92.8,1236.11,145.07,1194.0,118.94,84.22,52.27,4402.25,1.61,Horizontal Oblong,Orange,"(21, 51, 147)",33,VISIBLE,-5.31,-0.09
181,4,car,0.2768,460.1,123.34,538.44,153.06,499.27,138.2,78.34,29.72,2328.42,2.64,Horizontal Oblong,Orange,"(15, 86, 146)",35,VISIBLE,-9.3,0.39
181,36,car,0.4953,1158.19,123.6,1279.68,253.01,1218.93,188.31,121.49,129.41,15721.91,0.94,Spherical / Regular,Blue,"(98, 73, 88)",36,VISIBLE,-2.29,3.0
181,13,car,0.2878,1182.1,472.95,1279.75,714.4,1230.93,593.67,97.65,241.44,23577.49,0.4,Vertical Oblong,Green,"(81, 161, 84)",37,VISIBLE,-2.59,-1.53
181,39,car,0.9089,157.22,137.57,742.52,472.33,449.87,304.95,585.3,334.76,195934.71,1.75,Horizontal Oblong,Orange,"(18, 78, 139)",39,VISIBLE,-9.88,0.36
181,40,car,0.8841,142.83,132.83,466.55,286.51,304.69,209.67,323.71,153.68,49747.51,2.11,Horizontal Oblong,Orange,"(17, 43, 207)",40,VISIBLE,-8.9,-0.26
181,41,car,0.3154,601.63,124.17,742.83,160.07,672.23,142.12,141.2,35.9,5069.72,3.93,Horizontal Oblong,Orange,"(20, 38, 96)",41,VISIBLE,0.0,0.0
182,12,car,0.9351,0.22,291.09,214.48,715.95,107.35,503.52,214.26,424.86,91030.07,0.5,Vertical Oblong,Green,"(84, 67, 85)",12,VISIBLE,-24.33,11.03
182,15,car,0.6157,845.09,102.54,1047.63,214.11,946.36,158.32,202.54,111.57,22597.73,1.82,Horizontal Oblong,Blue,"(98, 55, 110)",15,VISIBLE,-8.95,0.48
182,16,car,0.9181,615.68,147.2,1279.93,744.12,947.8,445.66,664.25,596.92,396507.93,1.11,Spherical / Regular,Green,"(83, 129, 81)",22,VISIBLE,-4.88,3.66
182,1,car,0.8083,0.22,52.22,154.29,354.91,77.26,203.56,154.07,302.69,46634.75,0.51,Vertical Oblong,Orange,"(17, 44, 129)",25,VISIBLE,-4.92,8.06
182,9,car,0.8063,611.15,137.23,876.24,351.61,743.69,244.42,265.09,214.38,56829.91,1.24,Horizontal Oblong,Orange,"(17, 56, 134)",27,VISIBLE,-3.15,1.18
182,8,car,0.1515,1146.23,92.46,1231.36,146.16,1188.79,119.31,85.14,53.7,4572.0,1.59,Horizontal Oblong,Orange,"(21, 52, 137)",33,VISIBLE,-5.24,0.24
182,4,car,0.1693,451.79,123.14,529.34,153.25,490.57,138.19,77.55,30.11,2335.22,2.58,Horizontal Oblong,Orange,"(15, 86, 146)",35,VISIBLE,-8.88,0.11
182,36,car,0.3976,1154.14,123.82,1279.71,283.87,1216.93,203.85,125.57,160.05,20097.29,0.78,Vertical Oblong,Blue,"(98, 69, 87)",36,VISIBLE,-2.09,11.78
182,13,car,0.1996,1178.41,467.09,1279.74,715.34,1229.07,591.21,101.34,248.25,25156.11,0.41,Vertical Oblong,Green,"(81, 158, 85)",37,VISIBLE,-2.07,-2.18
182,39,car,0.9245,144.49,138.23,734.14,474.37,439.31,306.3,589.65,336.14,198204.77,1.75,Horizontal Oblong,Orange,"(18, 80, 139)",39,VISIBLE,-10.35,1.05
182,40,car,0.8992,132.78,132.84,456.64,286.3,294.71,209.57,323.86,153.46,49698.86,2.11,Horizontal Oblong,Orange,"(17, 43, 209)",40,VISIBLE,-9.66,-0.15
182,41,car,0.2707,593.1,124.28,736.01,161.07,664.55,142.68,142.91,36.79,5257.47,3.88,Horizontal Oblong,Orange,"(18, 38, 98)",41,VISIBLE,-7.68,0.56
183,12,car,0.9247,0.26,314.97,184.51,716.48,92.39,515.72,184.25,401.51,73977.92,0.46,Vertical Oblong,Green,"(82, 68, 85)",12,VISIBLE,-17.77,11.85
183,15,car,0.6382,841.69,102.68,1037.06,211.77,939.37,157.22,195.37,109.09,21312.68,1.79,Horizontal Oblong,Blue,"(98, 55, 110)",15,VISIBLE,-7.57,-0.63
183,16,car,0.9202,613.53,146.36,1279.96,741.77,946.74,444.07,666.43,595.41,396800.01,1.12,Spherical / Regular,Green,"(83, 129, 81)",22,VISIBLE,-2.21,-0.02
183,1,car,0.8376,0.13,55.77,144.31,365.84,72.22,210.81,144.18,310.07,44706.97,0.46,Vertical Oblong,Orange,"(17, 44, 128)",25,VISIBLE,-5.0,7.49
183,9,car,0.7784,611.45,137.31,870.43,350.44,740.94,243.88,258.98,213.13,55198.09,1.22,Spherical / Regular,Orange,"(18, 53, 131)",27,VISIBLE,-2.87,-0.03
183,8,car,0.1515,1140.56,92.11,1226.61,147.24,1183.59,119.68,86.05,55.13,4744.38,1.56,Horizontal Oblong,Blue,"(88, 56, 125)",33,VISIBLE,-5.22,0.33
183,4,car,0.1842,443.87,123.37,521.19,153.29,482.53,138.33,77.32,29.93,2313.98,2.58,Horizontal Oblong,Orange,"(15, 88, 144)",35,VISIBLE,-8.29,0.13
183,36,car,0.4645,1144.65,124.22,1279.68,311.43,1212.17,217.83,135.03,187.22,25279.78,0.72,Vertical Oblong,Blue,"(98, 68, 86)",36,VISIBLE,-3.96,13.32
183,13,car,0.2661,1175.93,463.9,1279.75,714.49,1227.84,589.19,103.82,250.59,26015.52,0.41,Vertical Oblong,Green,"(81, 158, 85)",37,VISIBLE,-1.49,-2.07
183,39,car,0.9281,135.08,140.76,726.6,476.36,430.84,308.56,591.52,335.59,198510.28,1.76,Horizontal Oblong,Orange,"(18, 80, 140)",39,VISIBLE,-9.04,1.9
183,40,car,0.8574,123.34,132.17,448.51,285.78,285.92,208.98,325.17,153.61,49948.56,2.12,Horizontal Oblong,Orange,"(17, 43, 208)",40,VISIBLE,-9.05,-0.46
183,41,car,0.2447,585.43,124.92,725.46,161.65,655.44,143.28,140.03,36.73,5143.27,3.81,Horizontal Oblong,Grey/Brown,"(0, 0, 0)",41,VISIBLE,-8.68,0.59
183,7,car,0.5848,84.37,138.45,172.59,211.93,128.48,175.19,88.22,73.48,6482.56,1.2,Spherical / Regular,Blue,"(93, 40, 85)",42,VISIBLE,0.08,1.39
184,12,car,0.9074,0.15,336.22,160.61,716.4,80.38,526.31,160.46,380.18,61003.86,0.42,Vertical Oblong,Green,"(81, 78, 75)",12,VISIBLE,-13.74,10.97
184,15,car,0.5587,838.64,102.98,1030.9,210.39,934.77,156.69,192.26,107.41,20651.08,1.79,Horizontal Oblong,Blue,"(98, 55, 110)",15,VISIBLE,-5.5,-0.57
184,16,car,0.9146,614.5,145.8,1279.96,736.74,947.23,441.27,665.46,590.94,393249.71,1.13,Spherical / Regular,Green,"(83, 128, 81)",22,VISIBLE,-0.32,-1.96
184,1,car,0.7942,0.13,62.6,134.11,377.46,67.12,220.03,133.98,314.87,42185.92,0.43,Vertical Oblong,Orange,"(17, 45, 125)",25,VISIBLE,-5.07,8.7
184,9,car,0.8022,609.42,136.9,865.7,350.06,737.56,243.48,256.28,213.16,54628.84,1.2,Spherical / Regular,Orange,"(18, 52, 127)",27,VISIBLE,-3.23,-0.28
184,8,car,0.1885,1135.79,89.95,1222.81,146.21,1179.3,118.08,87.01,56.26,4895.03,1.55,Horizontal Oblong,Orange,"(20, 52, 136)",33,VISIBLE,-4.56,-1.02
184,4,car,0.3741,435.04,122.96,513.11,153.15,474.08,138.05,78.07,30.19,2357.22,2.59,Horizontal Oblong,Orange,"(15, 87, 145)",35,VISIBLE,-8.41,-0.15
184,36,car,0.4472,1141.4,124.2,1279.59,328.97,1210.5,226.58,138.19,204.77,28297.11,0.67,Vertical Oblong,Blue,"(98, 67, 86)",36,VISIBLE,-2.36,10.13
184,13,car,0.3353,1173.71,462.01,1279.74,714.81,1226.72,588.41,106.03,252.8,26804.74,0.42,Vertical Oblong,Green,"(81, 156, 87)",37,VISIBLE,-1.23,-1.17
184,39,car,0.9241,125.27,141.74,719.34,477.68,422.3,309.71,594.07,335.94,199568.25,1.77,Horizontal Oblong,Orange,"(18, 82, 140)",39,VISIBLE,-8.69,1.37
184,40,car,0.85,114.59,131.39,440.68,286.54,277.64,208.96,326.09,155.15,50594.61,2.1,Horizontal Oblong,Orange,"(17, 43, 208)",40,VISIBLE,-8.52,-0.15
184,41,car,0.2863,576.37,125.18,717.96,163.32,647.16,144.25,141.59,38.15,5401.17,3.71,Horizontal Oblong,Blue,"(100, 36, 129)",41,VISIBLE,-8.4,0.85
184,7,car,0.4717,76.96,139.18,168.65,211.49,122.8,175.34,91.69,72.3,6629.41,1.27,Horizontal Oblong,Blue,"(95, 39, 85)",42,VISIBLE,-3.95,0.52
184,43,car,0.2227,824.54,133.61,875.38,174.13,849.96,153.87,50.84,40.52,2059.88,1.25,Horizontal Oblong,Blue,"(87, 39, 71)",43,VISIBLE,0.0,0.0
185,12,car,0.8986,0.06,356.03,138.07,715.03,69.07,535.53,138.01,359.0,49545.34,0.38,Vertical Oblong,Green,"(80, 115, 66)",12,VISIBLE,-12.04,9.74
185,15,car,0.5619,835.08,102.73,1048.97,209.9,942.03,156.31,213.89,107.17,22922.83,2.0,Horizontal Oblong,Blue,"(98, 54, 110)",15,VISIBLE,3.43,-0.43
185,16,car,0.9161,617.57,145.48,1279.64,731.28,948.61,438.38,662.07,585.8,387840.62,1.13,Spherical / Regular,Green,"(83, 129, 80)",22,VISIBLE,0.87,-2.61
185,1,car,0.7795,0.1,68.26,125.2,391.11,62.65,229.68,125.1,322.84,40385.9,0.39,Vertical Oblong,Orange,"(16, 47, 121)",25,VISIBLE,-4.65,9.37
185,9,car,0.8103,604.07,136.66,859.82,350.07,731.94,243.37,255.75,213.41,54579.13,1.2,Spherical / Regular,Orange,"(18, 52, 127)",27,VISIBLE,-4.9,-0.17
185,8,car,0.1929,1131.44,88.26,1218.9,145.78,1175.17,117.02,87.47,57.52,5030.76,1.52,Horizontal Oblong,Orange,"(19, 49, 138)",33,VISIBLE,-4.26,-1.05
185,4,car,0.5226,426.82,122.65,507.07,152.81,466.95,137.73,80.25,30.15,2419.82,2.66,Horizontal Oblong,Orange,"(15, 87, 142)",35,VISIBLE,-7.51,-0.27
185,36,car,0.4828,1136.7,124.09,1279.45,325.05,1208.07,224.57,142.74,200.96,28685.34,0.71,Vertical Oblong,Blue,"(98, 68, 86)",36,VISIBLE,-2.4,1.63
185,13,car,0.2901,1170.89,385.14,1279.7,714.65,1225.29,549.9,108.8,329.51,35852.77,0.33,Vertical Oblong,Green,"(80, 145, 85)",37,VISIBLE,-1.37,-27.31
185,39,car,0.9122,112.17,142.36,711.53,478.76,411.85,310.56,599.36,336.41,201628.22,1.78,Horizontal Oblong,Orange,"(18, 83, 140)",39,VISIBLE,-9.92,1.01
185,40,car,0.8518,104.94,131.51,431.35,285.7,268.14,208.61,326.41,154.19,50329.28,2.12,Horizontal Oblong,Orange,"(17, 43, 207)",40,VISIBLE,-9.2,-0.3
185,41,car,0.368,567.97,125.53,710.09,165.66,639.03,145.59,142.11,40.13,5703.52,3.54,Horizontal Oblong,Blue,"(95, 36, 129)",41,VISIBLE,-8.21,1.2
185,7,car,0.5219,66.63,139.25,162.08,213.0,114.36,176.13,95.45,73.74,7038.78,1.29,Horizontal Oblong,Blue,"(92, 42, 82)",42,VISIBLE,-7.1,0.71
185,43,car,0.1658,823.17,133.57,874.08,174.74,848.62,154.16,50.92,41.17,2096.27,1.24,Horizontal Oblong,Blue,"(87, 38, 71)",43,VISIBLE,-1.34,0.28
186,12,car,0.875,0.04,370.02,113.86,714.24,56.95,542.13,113.82,344.21,39179.86,0.33,Vertical Oblong,Green,"(80, 124, 57)",12,VISIBLE,-12.09,7.54
186,15,car,0.4487,834.48,102.58,1061.47,205.88,947.98,154.23,226.99,103.3,23448.57,2.2,Horizontal Oblong,Blue,"(98, 52, 110)",15,VISIBLE,5.19,-1.59
186,16,car,0.9105,620.5,145.72,1279.08,725.94,949.79,435.83,658.58,580.22,382119.39,1.14,Spherical / Regular,Green,"(84, 127, 80)",22,VISIBLE,1.09,-2.57
186,1,car,0.8031,0.11,71.74,115.62,405.11,57.87,238.42,115.51,333.37,38507.16,0.35,Vertical Oblong,Orange,"(16, 48, 119)",25,VISIBLE,-4.74,8.93
186,9,car,0.822,600.13,136.69,853.66,349.01,726.9,242.85,253.53,212.32,53828.2,1.19,Spherical / Regular,Orange,"(19, 51, 124)",27,VISIBLE,-5.0,-0.41
186,8,car,0.1929,1126.29,87.21,1214.56,146.05,1170.43,116.63,88.27,58.84,5193.91,1.5,Horizontal Oblong,Orange,"(21, 49, 128)",33,VISIBLE,-4.6,-0.59
186,4,car,0.5352,418.93,122.43,498.34,152.57,458.64,137.5,79.41,30.14,2393.53,2.63,Horizontal Oblong,Orange,"(15, 86, 142)",35,VISIBLE,-8.07,-0.24
186,36,car,0.5293,1133.31,124.71,1279.54,332.62,1206.42,228.66,146.24,207.91,30403.57,0.7,Vertical Oblong,Blue,"(98, 68, 87)",36,VISIBLE,-1.88,3.35
186,13,car,0.4028,1168.44,347.42,1279.67,714.14,1224.06,530.78,111.23,366.71,40788.24,0.3,Vertical Oblong,Green,"(81, 143, 85)",37,VISIBLE,-1.28,-21.57
186,39,car,0.9244,100.04,142.36,703.98,480.25,402.01,311.31,603.94,337.89,204067.93,1.79,Horizontal Oblong,Orange,"(18, 82, 141)",39,VISIBLE,-9.87,0.82
186,40,car,0.8575,95.77,132.05,421.57,285.81,258.67,208.93,325.8,153.76,50095.71,2.12,Horizontal Oblong,Orange,"(17, 43, 208)",40,VISIBLE,-9.39,0.14
186,41,car,0.3834,560.31,125.89,701.49,166.84,630.9,146.37,141.18,40.95,5781.94,3.45,Horizontal Oblong,Blue,"(95, 36, 129)",41,VISIBLE,-8.16,0.9
186,7,car,0.5486,57.15,138.58,155.06,213.62,106.1,176.1,97.91,75.04,7347.44,1.3,Horizontal Oblong,Blue,"(93, 44, 77)",42,VISIBLE,-7.9,0.2
186,43,car,0.3125,820.5,132.85,871.98,175.11,846.24,153.98,51.47,42.26,2175.2,1.22,Spherical / Regular,Blue,"(95, 38, 125)",43,VISIBLE,-2.07,-0.04
187,12,car,0.745,-0.01,381.25,87.69,712.87,43.84,547.06,87.7,331.63,29084.05,0.26,Vertical Oblong,Green,"(80, 136, 52)",12,VISIBLE,-12.8,5.71
187,15,car,0.4719,833.87,101.78,1069.45,197.05,951.66,149.41,235.58,95.27,22443.82,2.47,Horizontal Oblong,Blue,"(98, 51, 106)",15,VISIBLE,4.14,-3.85
187,16,car,0.9032,622.8,146.06,1278.35,721.65,950.58,433.86,655.55,575.59,377326.65,1.14,Spherical / Regular,Green,"(84, 128, 80)",22,VISIBLE,0.88,-2.15
187,1,car,0.799,0.1,74.05,106.68,423.51,53.39,248.78,106.57,349.46,37243.74,0.3,Vertical Oblong,Orange,"(16, 49, 117)",25,VISIBLE,-4.56,9.93
187,9,car,0.8108,597.06,136.9,848.36,348.0,722.71,242.45,251.31,211.1,53051.7,1.19,Spherical / Regular,Orange,"(20, 50, 122)",27,VISIBLE,-4.43,-0.4
187,8,car,0.1929,1121.15,86.15,1210.22,146.32,1165.68,116.23,89.07,60.17,5359.19,1.48,Horizontal Oblong,Blue,"(92, 49, 118)",33,VISIBLE,-4.7,-0.45
187,4,car,0.5364,411.08,122.28,489.52,152.22,450.3,137.25,78.44,29.95,2348.89,2.62,Horizontal Oblong,Orange,"(15, 88, 141)",35,VISIBLE,-8.26,-0.25
187,36,car,0.523,1129.36,124.28,1279.45,336.54,1204.4,230.41,150.09,212.26,31857.01,0.71,Vertical Oblong,Blue,"(98, 67, 87)",36,VISIBLE,-1.98,2.23
187,13,car,0.4109,1166.32,322.71,1279.64,713.98,1222.98,518.35,113.33,391.27,44342.29,0.29,Vertical Oblong,Green,"(80, 141, 87)",37,VISIBLE,-1.14,-15.18
187,39,car,0.9327,89.05,141.25,698.63,482.43,393.84,311.84,609.58,341.19,207982.86,1.79,Horizontal Oblong,Orange,"(18, 82, 140)",39,VISIBLE,-8.68,0.62
187,40,car,0.85,88.53,132.66,412.6,286.4,250.57,209.53,324.07,153.75,49824.88,2.11,Horizontal Oblong,Orange,"(17, 43, 208)",40,VISIBLE,-8.49,0.46
187,41,car,0.3268,548.85,125.93,694.78,167.59,621.81,146.76,145.93,41.66,6079.51,3.5,Horizontal Oblong,Blue,"(95, 36, 129)",41,VISIBLE,-8.81,0.55
187,7,car,0.6114,45.75,138.89,148.38,214.67,97.07,176.78,102.63,75.78,7776.71,1.35,Horizontal Oblong,Blue,"(95, 42, 74)",42,VISIBLE,-8.7,0.53
187,43,car,0.4361,816.96,132.88,869.13,175.17,843.04,154.03,52.16,42.29,2206.17,1.23,Horizontal Oblong,Blue,"(98, 38, 132)",43,VISIBLE,-2.86,0.02
188,12,car,0.6423,-0.04,398.81,58.52,713.17,29.24,555.99,58.56,314.36,18409.7,0.19,Vertical Oblong,Green,"(80, 130, 51)",12,VISIBLE,-14.06,7.97
188,15,car,0.4954,833.18,102.08,1072.57,189.68,952.88,145.88,239.38,87.59,20968.64,2.73,Horizontal Oblong,Blue,"(98, 51, 105)",15,VISIBLE,2.09,-3.63
188,16,car,0.885,624.1,147.1,1277.68,718.11,950.89,432.6,653.57,571.0,373193.74,1.14,Spherical / Regular,Green,"(84, 128, 80)",22,VISIBLE,0.48,-1.52
188,1,car,0.7125,0.16,72.16,97.36,455.76,48.76,263.96,97.2,383.61,37286.27,0.25,Vertical Oblong,Orange,"(16, 48, 118)",25,VISIBLE,-4.61,13.6
188,9,car,0.8032,592.47,137.05,842.22,348.29,717.34,242.67,249.75,211.24,52757.16,1.18,Spherical / Regular,Orange,"(19, 50, 123)",27,VISIBLE,-5.08,0.03
188,8,car,0.1929,1116.0,85.09,1205.88,146.59,1160.94,115.84,89.87,61.49,5526.6,1.46,Horizontal Oblong,Blue,"(95, 49, 108)",33,VISIBLE,-4.73,-0.41
188,4,car,0.5978,402.31,122.17,481.24,152.01,441.78,137.09,78.93,29.85,2355.91,2.64,Horizontal Oblong,Orange,"(15, 87, 142)",35,VISIBLE,-8.44,-0.19
188,36,car,0.5733,1126.02,124.6,1279.56,341.14,1202.79,232.87,153.54,216.53,33247.39,0.71,Vertical Oblong,Blue,"(98, 69, 86)",36,VISIBLE,-1.72,2.39
188,13,car,0.5199,1164.09,314.33,1279.62,713.58,1221.86,513.96,115.53,399.26,46125.55,0.29,Vertical Oblong,Green,"(81, 140, 88)",37,VISIBLE,-1.13,-7.63
188,39,car,0.9252,78.9,140.58,689.84,484.39,384.37,312.49,610.94,343.8,210043.56,1.78,Horizontal Oblong,Orange,"(18, 81, 141)",39,VISIBLE,-9.23,0.64
188,40,car,0.8491,79.84,133.06,403.5,288.87,241.67,210.97,323.65,155.81,50429.18,2.08,Horizontal Oblong,Orange,"(17, 43, 209)",40,VISIBLE,-8.77,1.14
188,41,car,0.3897,536.35,126.33,687.99,167.11,612.17,146.72,151.64,40.77,6182.91,3.72,Horizontal Oblong,Blue,"(95, 36, 129)",41,VISIBLE,-9.39,0.14
188,7,car,0.6048,36.11,138.68,142.26,215.6,89.18,177.14,106.15,76.92,8164.57,1.38,Horizontal Oblong,Blue,"(93, 42, 79)",42,VISIBLE,-8.13,0.41
188,43,car,0.3313,811.96,132.85,865.16,174.78,838.56,153.82,53.19,41.93,2230.37,1.27,Horizontal Oblong,Blue,"(98, 38, 132)",43,VISIBLE,-4.0,-0.14
189,12,car,0.6423,-0.09,415.87,24.64,712.82,12.28,564.35,24.73,296.95,7342.27,0.08,Vertical Oblong,Green,"(81, 65, 57)",12,VISIBLE,-16.09,8.24
189,15,car,0.5745,833.27,102.26,1073.57,183.91,953.42,143.08,240.3,81.65,19620.38,2.94,Horizontal Oblong,Blue,"(98, 51, 103)",15,VISIBLE,1.01,-3.05
189,16,car,0.8882,623.51,147.65,1277.42,715.37,950.46,431.51,653.91,567.72,371234.65,1.15,Spherical / Regular,Green,"(83, 129, 80)",22,VISIBLE,-0.15,-1.22
189,1,car,0.6177,0.09,81.02,87.17,561.49,43.63,321.25,87.07,480.47,41835.95,0.18,Vertical Oblong,Orange,"(16, 50, 113)",25,VISIBLE,-4.97,44.19
189,9,car,0.7569,588.28,137.24,835.39,348.17,711.83,242.7,247.11,210.93,52122.43,1.17,Spherical / Regular,Orange,"(21, 49, 121)",27,VISIBLE,-5.38,0.03
189,8,car,0.1929,1110.86,84.04,1201.54,146.86,1156.2,115.45,90.68,62.82,5696.13,1.44,Horizontal Oblong,Blue,"(95, 48, 103)",33,VISIBLE,-4.74,-0.4
189,4,car,0.5434,393.13,122.11,472.94,151.72,433.04,136.92,79.81,29.61,2363.06,2.7,Horizontal Oblong,Orange,"(15, 86, 140)",35,VISIBLE,-8.65,-0.18
189,36,car,0.6331,1122.39,124.82,1279.64,347.57,1201.02,236.2,157.25,222.75,35026.33,0.71,Vertical Oblong,Blue,"(98, 69, 86)",36,VISIBLE,-1.76,3.04
189,13,car,0.4394,1161.02,316.91,1279.61,713.12,1220.31,515.02,118.58,396.21,46984.28,0.3,Vertical Oblong,Green,"(80, 139, 89)",37,VISIBLE,-1.42,-1.55
189,39,car,0.9327,67.64,140.34,681.74,485.83,374.69,313.08,614.1,345.49,212164.71,1.78,Horizontal Oblong,Orange,"(18, 81, 141)",39,VISIBLE,-9.55,0.61
189,40,car,0.8342,71.0,133.23,389.01,289.11,230.0,211.17,318.02,155.88,49571.44,2.04,Horizontal Oblong,Orange,"(17, 43, 210)",40,VISIBLE,-10.8,0.49
189,41,car,0.3918,527.93,126.89,678.14,169.58,603.03,148.24,150.21,42.69,6413.26,3.52,Horizontal Oblong,Blue,"(95, 36, 129)",41,VISIBLE,-9.21,1.1
189,7,car,0.5642,26.29,138.66,136.77,216.28,81.53,177.47,110.48,77.62,8575.75,1.42,Horizontal Oblong,Blue,"(90, 43, 82)",42,VISIBLE,-7.8,0.35
189,43,car,0.4298,808.25,132.12,860.49,175.35,834.37,153.74,52.25,43.24,2258.9,1.21,Spherical / Regular,Blue,"(95, 39, 116)",43,VISIBLE,-4.13,-0.1
189,44,car,0.2163,707.38,148.12,1254.35,356.26,980.86,252.19,546.97,208.13,113842.54,2.63,Horizontal Oblong,Blue,"(98, 56, 103)",44,VISIBLE,0.0,0.0
190,12,car,0.6423,-9.25,432.93,-0.14,712.47,-4.69,572.7,9.11,279.53,2546.66,0.03,Vertical Oblong,Neutral,"(0, 0, 0)",12,VISIBLE,-16.71,8.32
190,15,car,0.5279,832.34,102.31,1071.73,179.98,952.03,141.15,239.39,77.67,18593.27,3.08,Horizontal Oblong,Blue,"(98, 55, 102)",15,VISIBLE,-0.67,-2.27
190,16,car,0.8994,621.88,148.15,1277.92,713.35,949.9,430.75,656.03,565.2,370791.86,1.16,Spherical / Regular,Green,"(84, 128, 80)",22,VISIBLE,-0.44,-0.9
190,1,car,0.706,0.05,94.23,78.54,578.49,39.29,336.36,78.49,484.27,38010.34,0.16,Vertical Oblong,Orange,"(16, 51, 113)",25,VISIBLE,-4.53,23.83
190,9,car,0.786,582.4,137.43,829.05,346.12,705.72,241.77,246.65,208.69,51473.83,1.18,Spherical / Regular,Green,"(84, 48, 118)",27,VISIBLE,-5.89,-0.64
190,8,car,0.1929,1105.72,82.98,1197.2,147.13,1151.46,115.05,91.48,64.14,5867.79,1.43,Horizontal Oblong,Blue,"(98, 50, 98)",33,VISIBLE,-4.74,-0.4
190,4,car,0.6121,384.32,122.27,464.06,151.65,424.19,136.96,79.74,29.38,2342.77,2.71,Horizontal Oblong,Orange,"(15, 85, 139)",35,VISIBLE,-8.79,-0.02
190,36,car,0.6897,1117.98,125.06,1279.69,349.09,1198.84,237.07,161.71,224.02,36225.82,0.72,Vertical Oblong,Blue,"(98, 69, 86)",36,VISIBLE,-2.05,1.53
190,13,car,0.5359,1157.82,320.55,1279.58,712.93,1218.7,516.74,121.76,392.38,47775.22,0.31,Vertical Oblong,Green,"(81, 137, 89)",37,VISIBLE,-1.56,0.74
190,39,car,0.9444,55.75,141.41,673.51,486.62,364.63,314.01,617.76,345.21,213256.12,1.79,Horizontal Oblong,Orange,"(18, 81, 141)",39,VISIBLE,-9.91,0.83
190,40,car,0.7874,62.71,133.11,377.51,289.43,220.11,211.27,314.8,156.32,49209.76,2.01,Horizontal Oblong,Orange,"(16, 43, 211)",40,VISIBLE,-10.17,0.22
190,41,car,0.4846,520.87,127.05,672.12,171.96,596.49,149.51,151.24,44.91,6791.65,3.37,Horizontal Oblong,Orange,"(19, 37, 146)",41,VISIBLE,-7.34,1.22
190,7,car,0.6346,16.06,138.18,131.5,216.61,73.78,177.39,115.45,78.44,9054.97,1.47,Horizontal Oblong,Green,"(60, 43, 113)",42,VISIBLE,-7.76,0.05
190,43,car,0.4428,802.42,132.19,856.23,176.44,829.33,154.31,53.81,44.25,2381.4,1.22,Spherical / Regular,Blue,"(98, 39, 118)",43,VISIBLE,-4.77,0.38
190,44,car,0.2163,706.61,148.23,1254.14,356.42,980.37,252.32,547.53,208.19,113988.38,2.63,Horizontal Oblong,Blue,"(98, 56, 103)",44,VISIBLE,-0.49,0.14
191,12,car,0.6423,-43.13,450.0,-0.18,712.12,-21.66,581.06,42.95,262.12,11257.08,0.16,Vertical Oblong,Neutral,"(0, 0, 0)",12,VISIBLE,-16.88,8.35
191,15,car,0.4948,829.91,102.74,1067.81,177.91,948.86,140.33,237.9,75.17,17883.97,3.16,Horizontal Oblong,Blue,"(98, 57, 101)",15,VISIBLE,-2.42,-1.26
191,16,car,0.8837,619.21,149.3,1278.3,711.81,948.76,430.55,659.09,562.5,370738.97,1.17,Spherical / Regular,Green,"(84, 129, 80)",22,VISIBLE,-0.93,-0.41
191,1,car,0.5123,0.03,121.01,70.45,574.78,35.24,347.89,70.42,453.77,31952.62,0.16,Vertical Oblong,Orange,"(16, 53, 112)",25,VISIBLE,-4.2,15.22
191,9,car,0.7966,574.67,137.66,823.99,344.3,699.33,240.98,249.33,206.64,51520.94,1.21,Spherical / Regular,Green,"(84, 49, 119)",27,VISIBLE,-6.24,-0.75
191,8,car,0.1929,1100.57,81.93,1192.85,147.4,1146.71,114.66,92.28,65.47,6041.58,1.41,Horizontal Oblong,Blue,"(98, 49, 97)",33,VISIBLE,-4.75,-0.39
191,4,car,0.5596,375.46,122.55,455.08,151.83,415.27,137.19,79.61,29.28,2330.96,2.72,Horizontal Oblong,Orange,"(15, 84, 137)",35,VISIBLE,-8.88,0.15
191,36,car,0.6471,1114.54,125.15,1279.71,348.78,1197.13,236.97,165.17,223.63,36937.02,0.74,Vertical Oblong,Blue,"(98, 69, 87)",36,VISIBLE,-1.81,0.38
191,13,car,0.5071,1154.61,328.01,1279.57,712.64,1217.09,520.33,124.96,384.64,48063.71,0.32,Vertical Oblong,Green,"(81, 137, 89)",37,VISIBLE,-1.59,2.73
191,39,car,0.9335,44.96,142.42,666.35,487.31,355.65,314.87,621.39,344.89,214309.69,1.8,Horizontal Oblong,Orange,"(18, 81, 141)",39,VISIBLE,-9.25,0.85
191,40,car,0.8056,55.08,133.03,369.0,289.8,212.04,211.41,313.92,156.77,49212.89,2.0,Horizontal Oblong,Orange,"(17, 43, 211)",40,VISIBLE,-8.7,0.17
191,41,car,0.4968,515.19,126.85,667.57,173.65,591.38,150.25,152.38,46.79,7130.16,3.26,Horizontal Oblong,Blue,"(98, 39, 131)",41,VISIBLE,-5.78,0.89
191,7,car,0.7047,5.29,137.74,126.02,217.19,65.65,177.46,120.73,79.45,9591.68,1.52,Horizontal Oblong,Orange,"(14, 43, 118)",42,VISIBLE,-8.02,0.07
191,43,car,0.4722,797.02,132.58,852.05,177.71,824.53,155.15,55.03,45.14,2483.75,1.22,Spherical / Regular,Blue,"(95, 38, 118)",43,VISIBLE,-4.78,0.69
191,44,car,0.2457,690.33,148.8,1242.34,356.4,966.33,252.6,552.0,207.6,114598.51,2.66,Horizontal Oblong,Blue,"(98, 55, 103)",44,VISIBLE,-9.98,0.23
192,12,car,0.6423,-77.02,467.06,-0.23,711.76,-38.62,589.41,76.78,244.7,18789.0,0.31,Vertical Oblong,Neutral,"(0, 0, 0)",12,VISIBLE,-16.94,8.35
192,15,car,0.5702,826.71,102.93,1063.6,176.93,945.16,139.93,236.89,74.01,17531.12,3.2,Horizontal Oblong,Blue,"(98, 57, 101)",15,VISIBLE,-3.32,-0.65
192,16,car,0.9037,615.92,149.88,1278.64,711.09,947.28,430.49,662.72,561.21,371925.63,1.18,Spherical / Regular,Green,"(84, 127, 80)",22,VISIBLE,-1.31,-0.17
192,1,car,0.5489,0.02,141.2,60.78,545.79,30.4,343.49,60.76,404.58,24584.31,0.15,Vertical Oblong,Orange,"(16, 54, 118)",25,VISIBLE,-4.65,1.49
192,9,car,0.7789,567.47,137.99,819.04,343.38,693.26,240.69,251.58,205.39,51672.1,1.22,Spherical / Regular,Green,"(84, 48, 117)",27,VISIBLE,-6.13,-0.43
192,8,car,0.1972,1098.57,83.98,1188.24,145.06,1143.4,114.52,89.67,61.08,5476.9,1.47,Horizontal Oblong,Blue,"(98, 46, 96)",33,VISIBLE,-3.74,-0.22
192,4,car,0.2335,367.0,122.92,447.03,151.82,407.01,137.37,80.03,28.9,2312.83,2.77,Horizontal Oblong,Orange,"(15, 83, 138)",35,VISIBLE,-8.44,0.17
192,36,car,0.6923,1110.38,124.72,1279.58,346.1,1194.98,235.41,169.2,221.38,37457.63,0.76,Vertical Oblong,Blue,"(98, 69, 87)",36,VISIBLE,-2.05,-0.97
192,13,car,0.5303,1152.19,337.86,1279.4,712.36,1215.8,525.11,127.22,374.5,47642.6,0.34,Vertical Oblong,Green,"(81, 136, 89)",37,VISIBLE,-1.38,4.17
192,39,car,0.9258,33.99,142.32,658.48,488.4,346.23,315.36,624.49,346.08,216125.99,1.8,Horizontal Oblong,Orange,"(18, 82, 141)",39,VISIBLE,-9.37,0.6
192,40,car,0.8036,43.82,132.65,361.41,289.79,202.61,211.22,317.6,157.13,49905.18,2.02,Horizontal Oblong,Orange,"(17, 43, 211)",40,VISIBLE,-9.21,-0.09
192,41,car,0.4635,506.02,126.82,661.9,175.01,583.96,150.92,155.88,48.2,7512.65,3.23,Horizontal Oblong,Blue,"(96, 38, 131)",41,VISIBLE,-6.93,0.73
192,7,car,0.6459,-2.36,137.59,121.62,218.05,59.63,177.82,123.98,80.46,9975.53,1.54,Horizontal Oblong,Red,"(6, 43, 158)",42,VISIBLE,-6.62,0.27
192,43,car,0.4234,791.95,132.83,848.89,179.34,820.42,156.09,56.94,46.51,2648.37,1.22,Spherical / Regular,Blue,"(95, 38, 121)",43,VISIBLE,-4.32,0.87
192,44,car,0.2457,685.19,149.03,1238.86,356.51,962.02,252.77,553.67,207.48,114874.32,2.67,Horizontal Oblong,Blue,"(98, 54, 103)",44,VISIBLE,-6.01,0.19
193,12,car,0.6423,-110.9,484.12,-0.28,711.41,-55.59,597.77,110.62,227.29,25142.41,0.49,Vertical Oblong,Neutral,"(0, 0, 0)",12,VISIBLE,-16.96,8.35
193,15,car,0.5114,818.73,103.22,1059.61,178.99,939.17,141.11,240.88,75.77,18252.71,3.18,Horizontal Oblong,Blue,"(98, 55, 101)",15,VISIBLE,-5.19,0.63
193,16,car,0.9148,612.04,149.88,1279.14,710.7,945.59,430.29,667.1,560.81,374116.14,1.19,Spherical / Regular,Green,"(84, 127, 81)",22,VISIBLE,-1.58,-0.19
193,1,car,0.5164,0.05,152.78,49.84,519.56,24.94,336.17,49.8,366.78,18264.61,0.14,Vertical Oblong,Orange,"(16, 55, 120)",25,VISIBLE,-5.21,-4.68
193,9,car,0.7908,559.81,138.32,812.61,343.97,686.21,241.15,252.8,205.65,51987.58,1.23,Horizontal Oblong,Green,"(84, 48, 117)",27,VISIBLE,-6.77,0.19
193,8,car,0.1534,1095.55,88.61,1183.25,143.06,1139.4,115.83,87.7,54.46,4775.75,1.61,Horizontal Oblong,Blue,"(95, 50, 94)",33,VISIBLE,-3.92,0.85
193,4,car,0.2067,357.97,123.4,438.44,151.96,398.2,137.68,80.47,28.56,2298.34,2.82,Horizontal Oblong,Orange,"(15, 85, 139)",35,VISIBLE,-8.7,0.27
193,36,car,0.7301,1106.36,124.54,1279.52,344.4,1192.94,234.47,173.16,219.86,38070.48,0.79,Vertical Oblong,Blue,"(98, 70, 87)",36,VISIBLE,-2.04,-0.95
193,13,car,0.5286,1149.59,342.71,1279.29,712.0,1214.44,527.35,129.7,369.29,47895.74,0.35,Vertical Oblong,Green,"(81, 136, 90)",37,VISIBLE,-1.36,2.82
193,39,car,0.9247,22.99,141.36,650.73,490.27,336.86,315.81,627.74,348.9,219020.84,1.8,Horizontal Oblong,Orange,"(18, 81, 141)",39,VISIBLE,-9.37,0.5
193,40,car,0.8442,31.68,132.83,352.35,288.42,192.02,210.63,320.67,155.6,49894.78,2.06,Horizontal Oblong,Orange,"(17, 43, 209)",40,VISIBLE,-10.18,-0.44
193,41,car,0.5443,499.33,126.57,656.2,176.6,577.77,151.58,156.87,50.03,7848.65,3.14,Horizontal Oblong,Blue,"(95, 37, 122)",41,VISIBLE,-6.42,0.69
193,7,car,0.6649,-6.44,137.82,116.38,218.97,54.97,178.4,122.82,81.15,9966.85,1.51,Horizontal Oblong,Orange,"(14, 39, 140)",42,VISIBLE,-5.25,0.48
193,43,car,0.4574,787.19,133.09,844.49,184.49,815.84,158.79,57.29,51.39,2944.42,1.11,Spherical / Regular,Blue,"(98, 39, 118)",43,VISIBLE,-4.5,2.15
193,44,car,0.2457,680.04,149.27,1235.38,356.62,957.71,252.95,555.34,207.35,115149.71,2.68,Horizontal Oblong,Blue,"(98, 55, 103)",44,VISIBLE,-4.82,0.18
194,12,car,0.6423,-144.78,501.18,-0.33,711.06,-72.56,606.12,144.45,209.87,30317.32,0.69,Vertical Oblong,Neutral,"(0, 0, 0)",12,VISIBLE,-16.96,8.35
194,15,car,0.594,814.87,102.96,1055.69,179.31,935.28,141.14,240.82,76.35,18385.42,3.15,Horizontal Oblong,Blue,"(98, 54, 102)",15,VISIBLE,-4.28,0.21
194,16,car,0.9044,608.16,149.7,1279.2,710.71,943.68,430.21,671.04,561.01,376456.86,1.2,Spherical / Regular,Green,"(84, 126, 81)",22,VISIBLE,-1.81,-0.12
194,1,car,0.5947,0.07,168.41,40.08,491.35,20.08,329.88,40.0,322.94,12918.67,0.12,Vertical Oblong,Orange,"(15, 54, 121)",25,VISIBLE,-4.97,-5.81
194,9,car,0.7891,553.21,139.17,808.05,344.62,680.63,241.9,254.84,205.45,52356.61,1.24,Horizontal Oblong,Blue,"(86, 48, 118)",27,VISIBLE,-5.94,0.58
194,8,car,0.1534,1091.58,89.66,1178.68,142.22,1135.13,115.94,87.1,52.56,4577.79,1.66,Horizontal Oblong,Blue,"(96, 50, 95)",33,VISIBLE,-4.17,0.33
194,4,car,0.4706,349.45,123.81,429.74,152.29,389.6,138.05,80.29,28.49,2287.15,2.82,Horizontal Oblong,Orange,"(15, 85, 141)",35,VISIBLE,-8.64,0.34
194,36,car,0.782,1101.24,124.57,1279.49,342.69,1190.37,233.63,178.25,218.12,38879.34,0.82,Spherical / Regular,Blue,"(98, 71, 88)",36,VISIBLE,-2.41,-0.87
194,13,car,0.6063,1147.06,343.8,1279.21,711.91,1213.13,527.86,132.15,368.11,48647.09,0.36,Vertical Oblong,Green,"(81, 134, 90)",37,VISIBLE,-1.32,1.2
194,39,car,0.9369,13.99,140.82,643.69,491.96,328.84,316.39,629.7,351.14,221109.49,1.79,Horizontal Oblong,Orange,"(18, 81, 142)",39,VISIBLE,-8.43,0.55
194,40,car,0.8368,21.92,133.3,343.85,289.79,182.88,211.55,321.93,156.49,50378.94,2.06,Horizontal Oblong,Orange,"(16, 43, 209)",40,VISIBLE,-9.45,0.51
194,41,car,0.5647,493.65,126.76,649.26,178.27,571.45,152.52,155.61,51.51,8015.05,3.02,Horizontal Oblong,Blue,"(95, 38, 118)",41,VISIBLE,-6.34,0.86
194,7,car,0.6683,-7.93,137.3,110.47,219.23,51.27,178.27,118.4,81.94,9701.52,1.45,Horizontal Oblong,Blue,"(96, 37, 144)",42,VISIBLE,-4.16,0.05
194,43,car,0.5902,783.09,133.49,840.04,185.84,811.56,159.66,56.95,52.35,2981.14,1.09,Spherical / Regular,Blue,"(98, 40, 119)",43,VISIBLE,-4.34,1.26
194,44,car,0.1549,663.26,147.59,1227.02,358.52,945.14,253.06,563.77,210.93,118916.0,2.67,Horizontal Oblong,Blue,"(98, 54, 104)",44,VISIBLE,-10.25,0.13
195,12,car,0.6423,-178.67,518.25,-0.38,710.7,-89.52,614.47,178.29,192.46,34313.73,0.93,Spherical / Regular,Neutral,"(0, 0, 0)",12,VISIBLE,-16.97,8.35
195,15,car,0.5587,811.29,102.87,1052.61,178.75,931.95,140.81,241.32,75.88,18311.17,3.18,Horizontal Oblong,Blue,"(98, 57, 101)",15,VISIBLE,-3.61,-0.16
195,16,car,0.9001,604.98,149.67,1279.25,710.72,942.11,430.19,674.27,561.05,378299.27,1.2,Spherical / Regular,Green,"(84, 125, 81)",22,VISIBLE,-1.64,-0.04
195,1,car,0.3174,0.08,186.52,30.42,471.32,15.25,328.92,30.34,284.8,8641.39,0.11,Vertical Oblong,Orange,"(16, 57, 125)",25,VISIBLE,-4.87,-2.41
195,9,car,0.8148,545.63,139.62,805.38,344.89,675.51,242.26,259.75,205.27,53318.98,1.27,Horizontal Oblong,Blue,"(86, 49, 117)",27,VISIBLE,-5.37,0.43
195,8,car,0.1534,1087.61,90.72,1174.11,141.38,1130.86,116.05,86.5,50.66,4382.1,1.71,Horizontal Oblong,Blue,"(96, 50, 95)",33,VISIBLE,-4.24,0.18
195,4,car,0.4171,340.74,123.86,421.43,152.57,381.08,138.22,80.69,28.71,2316.41,2.81,Horizontal Oblong,Orange,"(15, 85, 138)",35,VISIBLE,-8.55,0.22
195,36,car,0.6913,1096.01,124.71,1279.46,341.29,1187.74,233.0,183.44,216.58,39729.71,0.85,Spherical / Regular,Blue,"(98, 70, 87)",36,VISIBLE,-2.57,-0.7
195,13,car,0.6777,1144.21,350.02,1279.17,712.33,1211.69,531.18,134.95,362.31,48894.81,0.37,Vertical Oblong,Green,"(80, 133, 90)",37,VISIBLE,-1.41,2.68
195,39,car,0.9309,3.82,140.16,637.42,493.54,320.62,316.85,633.59,353.38,223900.38,1.79,Horizontal Oblong,Orange,"(18, 81, 142)",39,VISIBLE,-8.28,0.49
195,40,car,0.8412,10.59,133.39,337.78,294.92,174.19,214.15,327.19,161.53,52852.33,2.03,Horizontal Oblong,Orange,"(16, 43, 209)",40,VISIBLE,-8.92,1.98
195,41,car,0.5826,487.04,127.29,642.44,178.89,564.74,153.09,155.4,51.61,8019.84,3.01,Horizontal Oblong,Blue,"(95, 38, 117)",41,VISIBLE,-6.6,0.66
195,7,car,0.6687,-7.79,137.45,104.48,219.93,48.34,178.69,112.27,82.48,9259.87,1.36,Horizontal Oblong,Blue,"(96, 37, 144)",42,VISIBLE,-3.3,0.31
195,43,car,0.5827,779.4,133.61,836.51,185.82,807.95,159.71,57.12,52.21,2982.26,1.09,Spherical / Regular,Blue,"(98, 41, 119)",43,VISIBLE,-3.83,0.41
195,44,car,0.18,656.87,149.32,1220.15,357.97,938.51,253.65,563.28,208.66,117532.58,2.7,Horizontal Oblong,Blue,"(98, 54, 104)",44,VISIBLE,-7.71,0.45
196,12,car,0.6423,-212.55,535.31,-0.43,710.35,-106.49,622.83,212.13,175.04,37131.63,1.21,Spherical / Regular,Neutral,"(0, 0, 0)",12,VISIBLE,-16.97,8.35
196,15,car,0.5579,807.09,102.73,1048.29,178.55,927.69,140.64,241.2,75.82,18288.41,3.18,Horizontal Oblong,Blue,"(98, 56, 101)",15,VISIBLE,-4.07,-0.17
196,16,car,0.8171,602.49,151.37,1278.8,710.68,940.65,431.02,676.32,559.3,378265.4,1.21,Spherical / Regular,Green,"(84, 125, 81)",22,VISIBLE,-1.52,0.57
196,1,car,0.3174,0.08,201.58,20.78,461.02,10.43,331.3,20.69,259.45,5369.04,0.08,Vertical Oblong,Orange,"(15, 57, 135)",25,VISIBLE,-4.83,0.94
196,9,car,0.8289,538.93,139.88,803.07,344.32,671.0,242.1,264.13,204.43,53997.9,1.29,Horizontal Oblong,Blue,"(90, 49, 117)",27,VISIBLE,-4.76,0.02
196,8,car,0.1534,1083.64,91.78,1169.54,140.54,1126.59,116.16,85.9,48.76,4188.69,1.76,Horizontal Oblong,Blue,"(96, 53, 95)",33,VISIBLE,-4.26,0.13
196,4,car,0.2508,332.75,124.38,413.23,153.14,372.99,138.76,80.47,28.76,2314.57,2.8,Horizontal Oblong,Orange,"(15, 85, 138)",35,VISIBLE,-8.23,0.45
196,36,car,0.6148,1091.52,124.83,1279.51,339.46,1185.52,232.15,187.99,214.63,40348.05,0.88,Spherical / Regular,Blue,"(98, 71, 88)",36,VISIBLE,-2.32,-0.81
196,13,car,0.7172,1140.98,350.17,1279.13,712.61,1210.05,531.39,138.15,362.44,50071.15,0.38,Vertical Oblong,Green,"(81, 133, 90)",37,VISIBLE,-1.57,0.96
196,39,car,0.9189,-2.9,139.91,629.27,495.73,313.19,317.82,632.17,355.83,224942.91,1.78,Horizontal Oblong,Orange,"(18, 83, 142)",39,VISIBLE,-7.69,0.83
196,40,car,0.8223,3.53,133.98,325.8,293.92,164.66,213.95,322.27,159.94,51544.79,2.01,Horizontal Oblong,Orange,"(17, 43, 210)",40,VISIBLE,-9.34,0.45
196,41,car,0.5831,481.11,127.54,636.94,179.87,559.03,153.71,155.83,52.33,8154.26,2.98,Horizontal Oblong,Blue,"(95, 38, 116)",41,VISIBLE,-5.98,0.63
196,7,car,0.6618,-6.78,138.01,98.93,221.68,46.07,179.85,105.71,83.68,8845.47,1.26,Horizontal Oblong,Blue,"(98, 37, 145)",42,VISIBLE,-2.58,0.9
196,43,car,0.4621,776.08,133.63,833.65,184.12,804.87,158.87,57.57,50.48,2906.54,1.14,Spherical / Regular,Blue,"(98, 40, 118)",43,VISIBLE,-3.31,-0.46
196,44,car,0.724,650.34,150.32,1210.6,360.74,930.47,255.53,560.26,210.42,117891.86,2.66,Horizontal Oblong,Blue,"(98, 53, 105)",44,VISIBLE,-7.94,1.46
196,45,car,0.1853,1193.66,243.49,1280.0,340.97,1236.83,292.23,86.34,97.48,8416.39,0.89,Spherical / Regular,Blue,"(88, 56, 96)",45,VISIBLE,0.0,0.0
197,12,car,0.6423,-246.44,552.37,-0.48,710.0,-123.46,631.18,245.96,157.63,38771.03,1.56,Horizontal Oblong,Neutral,"(0, 0, 0)",12,VISIBLE,-16.97,8.35
197,15,car,0.5775,802.91,102.87,1044.31,177.76,923.61,140.31,241.4,74.89,18078.25,3.22,Horizontal Oblong,Blue,"(96, 57, 101)",15,VISIBLE,-4.08,-0.28
197,16,car,0.7576,600.2,152.62,1273.44,710.32,936.82,431.47,673.24,557.7,375467.04,1.21,Spherical / Regular,Green,"(84, 127, 81)",22,VISIBLE,-3.13,0.48
197,1,car,0.3174,0.09,216.63,11.13,450.73,5.61,333.68,11.05,234.09,2585.92,0.05,Vertical Oblong,Orange,"(16, 53, 143)",25,VISIBLE,-4.82,1.95
197,9,car,0.8268,535.04,140.56,798.37,346.79,666.7,243.68,263.33,206.24,54307.07,1.28,Horizontal Oblong,Blue,"(90, 48, 116)",27,VISIBLE,-4.44,1.11
197,8,car,0.1503,1079.32,93.38,1164.7,139.16,1122.01,116.27,85.38,45.78,3909.07,1.87,Horizontal Oblong,Blue,"(96, 53, 95)",33,VISIBLE,-4.48,0.12
197,4,car,0.2507,324.03,124.84,405.07,153.27,364.55,139.06,81.03,28.43,2303.92,2.85,Horizontal Oblong,Orange,"(15, 85, 138)",35,VISIBLE,-8.38,0.34
197,36,car,0.533,1086.7,124.96,1279.57,334.26,1183.13,229.61,192.87,209.3,40367.72,0.92,Spherical / Regular,Blue,"(98, 70, 88)",36,VISIBLE,-2.36,-2.02
197,13,car,0.7237,1137.81,350.99,1279.1,712.93,1208.46,531.96,141.29,361.93,51138.04,0.39,Vertical Oblong,Green,"(81, 134, 90)",37,VISIBLE,-1.59,0.69
197,39,car,0.9362,-6.29,140.58,621.15,497.71,307.43,319.14,627.44,357.13,224077.97,1.76,Horizontal Oblong,Orange,"(18, 81, 142)",39,VISIBLE,-6.34,1.18
197,40,car,0.7746,-2.89,134.77,315.83,291.76,156.47,213.26,318.72,156.99,50036.57,2.03,Horizontal Oblong,Orange,"(17, 42, 210)",40,VISIBLE,-8.54,-0.34
197,41,car,0.6197,476.48,127.83,631.84,180.17,554.16,154.0,155.36,52.34,8130.82,2.97,Horizontal Oblong,Blue,"(95, 39, 116)",41,VISIBLE,-5.2,0.4
197,7,car,0.5841,-5.41,138.8,91.24,224.67,42.92,181.73,96.66,85.87,8299.81,1.13,Spherical / Regular,Blue,"(98, 37, 144)",42,VISIBLE,-2.99,1.59
197,43,car,0.4193,773.05,133.59,829.49,181.54,801.27,157.56,56.44,47.95,2706.63,1.18,Spherical / Regular,Blue,"(96, 43, 118)",43,VISIBLE,-3.51,-1.06
197,44,car,0.7382,642.98,150.86,1202.12,362.28,922.55,256.57,559.14,211.42,118212.24,2.64,Horizontal Oblong,Blue,"(98, 53, 104)",44,VISIBLE,-7.93,1.16
197,45,car,0.2953,1191.67,243.89,1280.0,340.92,1235.84,292.41,88.33,97.03,8571.07,0.91,Spherical / Regular,Blue,"(87, 56, 98)",45,VISIBLE,-1.0,0.17
198,12,car,0.6423,-280.32,569.43,-0.53,709.65,-140.42,639.54,279.8,140.21,39231.93,2.0,Horizontal Oblong,Neutral,"(0, 0, 0)",12,VISIBLE,-16.97,8.35
198,15,car,0.5965,797.85,103.58,1040.96,176.63,919.4,140.11,243.11,73.05,17759.16,3.33,Horizontal Oblong,Blue,"(96, 58, 101)",15,VISIBLE,-4.17,-0.23
198,16,car,0.8008,598.54,152.94,1274.33,710.52,936.43,431.73,675.79,557.58,376805.87,1.21,Spherical / Regular,Green,"(84, 126, 81)",22,VISIBLE,-1.21,0.33
198,1,car,0.3174,0.09,231.69,1.49,440.43,0.79,336.06,1.4,208.74,292.04,0.01,Vertical Oblong,Orange,"(17, 61, 92)",25,VISIBLE,-4.82,2.25
198,9,car,0.7615,529.62,141.29,793.24,348.2,661.43,244.75,263.62,206.91,54545.36,1.27,Horizontal Oblong,Blue,"(93, 49, 116)",27,VISIBLE,-5.02,1.08
198,8,car,0.191,1075.1,93.61,1160.98,138.96,1118.04,116.29,85.88,45.35,3894.66,1.89,Horizontal Oblong,Blue,"(96, 53, 95)",33,VISIBLE,-4.12,0.05
198,4,car,0.3137,315.88,125.3,396.84,153.42,356.36,139.36,80.95,28.11,2275.68,2.88,Horizontal Oblong,Orange,"(15, 86, 140)",35,VISIBLE,-8.25,0.32
198,36,car,0.8271,1082.04,124.96,1279.61,337.07,1180.83,231.02,197.58,212.11,41908.64,0.93,Spherical / Regular,Blue,"(98, 70, 89)",36,VISIBLE,-2.33,0.38
198,13,car,0.765,1135.23,354.76,1279.11,713.22,1207.17,533.99,143.87,358.46,51572.26,0.4,Vertical Oblong,Green,"(81, 133, 90)",37,VISIBLE,-1.38,1.63
198,39,car,0.9405,-7.11,141.56,613.96,499.76,303.43,320.66,621.07,358.2,222468.07,1.73,Horizontal Oblong,Orange,"(18, 83, 143)",39,VISIBLE,-4.7,1.41
198,40,car,0.7556,-6.39,135.81,307.15,295.28,150.38,215.54,313.53,159.48,50001.08,1.97,Horizontal Oblong,Orange,"(16, 43, 211)",40,VISIBLE,-6.82,1.49
198,41,car,0.6162,470.15,127.81,625.58,181.61,547.87,154.71,155.44,53.8,8362.41,2.89,Horizontal Oblong,Blue,"(98, 41, 117)",41,VISIBLE,-5.97,0.62
198,7,car,0.6729,-4.0,139.26,84.86,226.31,40.43,182.78,88.87,87.05,7736.07,1.02,Spherical / Regular,Blue,"(98, 37, 143)",42,VISIBLE,-2.64,1.21
198,43,car,0.4045,769.43,133.83,825.19,179.24,797.31,156.54,55.77,45.41,2532.36,1.23,Horizontal Oblong,Blue,"(96, 44, 116)",43,VISIBLE,-3.83,-1.04
198,44,car,0.6219,634.61,151.39,1195.1,362.63,914.85,257.01,560.48,211.24,118396.11,2.65,Horizontal Oblong,Blue,"(98, 53, 105)",44,VISIBLE,-7.76,0.66
198,45,car,0.2953,1191.21,244.11,1280.0,340.9,1235.6,292.51,88.79,96.79,8594.24,0.92,Spherical / Regular,Blue,"(86, 57, 101)",45,VISIBLE,-0.46,0.12
199,12,car,0.6423,-314.21,586.49,-0.57,709.29,-157.39,647.89,313.64,122.8,38514.32,2.55,Horizontal Oblong,Neutral,"(0, 0, 0)",12,VISIBLE,-16.97,8.35
199,15,car,0.5804,791.96,104.53,1037.98,175.62,914.97,140.07,246.02,71.09,17488.5,3.46,Horizontal Oblong,Blue,"(96, 59, 101)",15,VISIBLE,-4.35,-0.09
199,16,car,0.8506,596.66,153.63,1268.39,710.79,932.52,432.21,671.74,557.15,374261.76,1.21,Spherical / Regular,Green,"(84, 127, 80)",22,VISIBLE,-3.1,0.43
199,1,car,0.3174,-8.16,246.75,0.09,430.13,-4.03,338.44,8.25,183.38,1512.6,0.04,Vertical Oblong,Neutral,"(0, 0, 0)",25,VISIBLE,-4.82,2.34
199,9,car,0.7572,525.93,142.0,787.88,350.38,656.91,246.19,261.95,208.39,54586.87,1.26,Horizontal Oblong,Blue,"(93, 49, 115)",27,VISIBLE,-4.67,1.34
199,8,car,0.191,1070.99,94.56,1156.58,138.19,1113.79,116.37,85.59,43.63,3734.19,1.96,Horizontal Oblong,Blue,"(96, 53, 94)",33,VISIBLE,-4.22,0.08
199,4,car,0.183,307.24,125.62,388.68,153.74,347.96,139.68,81.44,28.12,2290.28,2.9,Horizontal Oblong,Orange,"(15, 86, 137)",35,VISIBLE,-8.35,0.32
199,36,car,0.7167,1077.86,125.09,1279.64,339.47,1178.75,232.28,201.78,214.37,43257.36,0.94,Spherical / Regular,Blue,"(98, 69, 89)",36,VISIBLE,-2.15,1.0
199,13,car,0.7861,1132.3,358.19,1279.11,713.37,1205.7,535.78,146.81,355.18,52143.98,0.41,Vertical Oblong,Green,"(81, 134, 90)",37,VISIBLE,-1.44,1.74
199,39,car,0.935,-6.63,142.1,607.41,501.82,300.39,321.96,614.04,359.73,220886.91,1.71,Horizontal Oblong,Orange,"(18, 83, 142)",39,VISIBLE,-3.54,1.33
199,40,car,0.7606,-7.43,136.63,291.46,292.04,142.02,214.33,298.89,155.41,46449.61,1.92,Horizontal Oblong,Orange,"(17, 42, 212)",40,VISIBLE,-7.9,-0.4
199,41,car,0.6633,464.22,129.16,617.89,182.15,541.06,155.66,153.67,53.0,8144.06,2.9,Horizontal Oblong,Blue,"(98, 41, 117)",41,VISIBLE,-6.56,0.85
199,7,car,0.6446,-2.73,139.95,78.83,225.79,38.05,182.87,81.57,85.84,7001.56,0.95,Spherical / Regular,Blue,"(100, 39, 130)",42,VISIBLE,-2.46,0.42
199,43,car,0.3674,765.82,134.1,821.62,178.69,793.72,156.39,55.8,44.59,2488.2,1.25,Horizontal Oblong,Blue,"(96, 45, 117)",43,VISIBLE,-3.66,-0.41
199,44,car,0.4174,625.28,152.09,1188.21,359.82,906.75,255.96,562.93,207.74,116940.55,2.71,Horizontal Oblong,Blue,"(98, 53, 105)",44,VISIBLE,-8.01,-0.54
199,45,car,0.2115,1184.72,240.18,1280.0,341.06,1232.36,290.62,95.28,100.88,9612.59,0.94,Spherical / Regular,Blue,"(85, 57, 99)",45,VISIBLE,-2.41,-1.28
200,12,car,0.6423,-348.09,603.56,-0.62,708.94,-174.36,656.25,347.47,105.38,36618.2,3.3,Horizontal Oblong,Neutral,"(0, 0, 0)",12,VISIBLE,-16.97,8.36
200,15,car,0.4816,790.06,105.61,1034.17,173.66,912.12,139.63,244.11,68.06,16612.97,3.59,Horizontal Oblong,Blue,"(96, 60, 101)",15,VISIBLE,-3.3,-0.34
200,16,car,0.7725,594.85,154.59,1265.75,710.71,930.3,432.65,670.9,556.12,373100.92,1.21,Spherical / Regular,Green,"(84, 126, 80)",22,VISIBLE,-2.49,0.44
200,1,car,0.3174,-17.8,261.81,0.1,419.83,-8.85,340.82,17.9,158.02,2828.0,0.11,Vertical Oblong,Neutral,"(0, 0, 0)",25,VISIBLE,-4.82,2.37
200,9,car,0.713,521.24,142.71,785.29,351.15,653.26,246.93,264.04,208.44,55036.45,1.27,Horizontal Oblong,Blue,"(94, 49, 117)",27,VISIBLE,-3.95,0.92
200,8,car,0.191,1066.89,95.5,1152.18,137.41,1109.53,116.46,85.29,41.91,3574.73,2.04,Horizontal Oblong,Blue,"(96, 54, 94)",33,VISIBLE,-4.24,0.08
200,4,car,0.183,298.74,125.97,380.4,153.97,339.57,139.97,81.67,28.0,2286.85,2.92,Horizontal Oblong,Orange,"(15, 86, 138)",35,VISIBLE,-8.38,0.3
200,36,car,0.6536,1074.6,125.44,1279.65,341.4,1177.13,233.42,205.05,215.96,44281.04,0.95,Spherical / Regular,Blue,"(98, 69, 89)",36,VISIBLE,-1.78,1.1
200,13,car,0.8092,1129.15,360.73,1279.12,713.36,1204.14,537.05,149.97,352.63,52883.77,0.43,Vertical Oblong,Green,"(81, 134, 90)",37,VISIBLE,-1.53,1.41
200,39,car,0.9332,-5.8,142.89,601.11,503.4,297.66,323.15,606.91,360.5,218792.89,1.68,Horizontal Oblong,Orange,"(18, 84, 143)",39,VISIBLE,-2.98,1.23
200,40,car,0.8095,-7.0,137.35,280.04,287.39,136.52,212.37,287.04,150.04,43067.66,1.91,Horizontal Oblong,Orange,"(17, 41, 211)",40,VISIBLE,-6.22,-1.5
200,41,car,0.6675,458.1,130.47,611.48,183.29,534.79,156.88,153.38,52.81,8100.25,2.9,Horizontal Oblong,Blue,"(98, 41, 116)",41,VISIBLE,-6.35,1.11
200,7,car,0.6519,-1.71,140.73,72.97,223.2,35.63,181.97,74.68,82.47,6158.96,0.91,Spherical / Regular,Blue,"(100, 39, 118)",42,VISIBLE,-2.43,-0.51
200,43,car,0.354,761.66,134.23,818.9,178.43,790.28,156.33,57.24,44.2,2530.06,1.29,Horizontal Oblong,Blue,"(96, 46, 116)",43,VISIBLE,-3.51,-0.17
200,44,car,0.5877,608.74,153.15,1184.39,362.47,896.57,257.81,575.66,209.32,120497.05,2.75,Horizontal Oblong,Blue,"(98, 52, 105)",44,VISIBLE,-9.53,1.14
200,45,car,0.2115,1182.13,238.94,1280.0,341.1,1231.07,290.02,97.87,102.16,9998.33,0.96,Spherical / Regular,Blue,"(86, 56, 97)",45,VISIBLE,-1.63,-0.8
201,12,car,0.6423,-381.98,620.62,-0.67,708.59,-191.33,664.6,381.31,87.97,33543.59,4.33,Horizontal Oblong,Neutral,"(0, 0, 0)",12,VISIBLE,-16.97,8.36
201,15,car,0.4883,785.88,106.5,1028.9,172.64,907.39,139.57,243.02,66.14,16074.26,3.67,Horizontal Oblong,Blue,"(96, 59, 100)",15,VISIBLE,-4.3,-0.15
201,16,car,0.6326,591.3,222.06,1268.68,710.67,929.99,466.37,677.38,488.61,330973.73,1.39,Horizontal Oblong,Green,"(83, 142, 74)",22,VISIBLE,-0.96,23.73
201,1,car,0.3174,-27.44,276.86,0.1,409.53,-13.67,343.2,27.54,132.67,3654.17,0.21,Vertical Oblong,Neutral,"(0, 0, 0)",25,VISIBLE,-4.82,2.37
201,9,car,0.6191,517.15,143.68,779.02,353.39,648.08,248.53,261.87,209.71,54916.59,1.25,Horizontal Oblong,Blue,"(93, 50, 116)",27,VISIBLE,-4.81,1.4
201,8,car,0.1737,1062.26,101.21,1147.78,138.49,1105.02,119.85,85.53,37.28,3188.66,2.29,Horizontal Oblong,Blue,"(95, 55, 91)",33,VISIBLE,-4.43,2.4
201,4,car,0.183,290.23,126.33,372.13,154.21,331.18,140.27,81.9,27.88,2283.37,2.94,Horizontal Oblong,Orange,"(15, 87, 140)",35,VISIBLE,-8.39,0.3
201,36,car,0.6235,1070.67,125.99,1279.65,342.22,1175.16,234.11,208.98,216.24,45190.17,0.97,Spherical / Regular,Blue,"(98, 67, 89)",36,VISIBLE,-1.91,0.81
201,13,car,0.8392,1126.57,361.56,1279.14,713.53,1202.86,537.55,152.56,351.97,53698.16,0.43,Vertical Oblong,Green,"(80, 134, 89)",37,VISIBLE,-1.36,0.77
201,39,car,0.9305,-4.72,143.08,593.24,505.36,294.26,324.22,597.96,362.29,216633.56,1.65,Horizontal Oblong,Orange,"(18, 84, 143)",39,VISIBLE,-3.27,1.12
201,40,car,0.8161,-6.01,137.69,273.9,281.99,133.95,209.84,279.92,144.31,40393.62,1.94,Horizontal Oblong,Orange,"(17, 40, 202)",40,VISIBLE,-3.67,-2.22
201,41,car,0.645,450.83,130.61,606.02,186.0,528.42,158.3,155.18,55.39,8595.51,2.8,Horizontal Oblong,Blue,"(98, 43, 115)",41,VISIBLE,-6.36,1.33
201,7,car,0.6211,-0.96,141.46,67.58,219.0,33.31,180.23,68.55,77.54,5315.22,0.88,Spherical / Regular,Blue,"(100, 38, 114)",42,VISIBLE,-2.35,-1.37
201,43,car,0.2603,757.49,134.37,815.75,177.89,786.62,156.13,58.26,43.52,2535.49,1.34,Horizontal Oblong,Blue,"(95, 44, 115)",43,VISIBLE,-3.61,-0.19
201,44,car,0.801,596.01,154.1,1178.41,399.53,887.21,276.82,582.4,245.43,142935.04,2.37,Horizontal Oblong,Blue,"(98, 60, 102)",44,VISIBLE,-9.41,13.64
201,45,car,0.1802,1170.73,233.58,1279.67,342.2,1225.2,287.89,108.94,108.62,11832.66,1.0,Spherical / Regular,Blue,"(87, 56, 96)",45,VISIBLE,-4.59,-1.73
202,12,car,0.6423,-415.86,637.68,-0.72,708.24,-208.29,672.96,415.14,70.56,29290.47,5.88,Horizontal Oblong,Neutral,"(0, 0, 0)",12,VISIBLE,-16.97,8.36
202,15,car,0.4342,778.89,107.04,1025.83,171.75,902.36,139.39,246.94,64.71,15979.81,3.82,Horizontal Oblong,Blue,"(96, 58, 100)",15,VISIBLE,-4.81,-0.17
202,16,car,0.6718,587.97,269.49,1270.38,710.62,929.17,490.06,682.41,441.14,301036.0,1.55,Horizontal Oblong,Green,"(82, 149, 70)",22,VISIBLE,-0.86,23.7
202,1,car,0.3174,-37.09,291.92,0.1,399.23,-18.49,345.58,37.19,107.31,3991.1,0.35,Vertical Oblong,Neutral,"(0, 0, 0)",25,VISIBLE,-4.82,2.38
202,9,car,0.5768,512.72,144.59,773.51,353.11,643.11,248.85,260.78,208.51,54376.13,1.25,Horizontal Oblong,Blue,"(93, 50, 118)",27,VISIBLE,-4.92,0.64
202,8,car,0.1737,1058.01,103.41,1143.39,138.2,1100.7,120.81,85.38,34.79,2970.22,2.45,Horizontal Oblong,Blue,"(95, 55, 92)",33,VISIBLE,-4.35,1.39
202,4,car,0.1566,282.36,126.88,364.85,154.51,323.61,140.69,82.49,27.62,2278.58,2.99,Horizontal Oblong,Orange,"(15, 85, 139)",35,VISIBLE,-7.82,0.39
202,36,car,0.7447,1065.7,126.78,1279.62,342.82,1172.66,234.8,213.93,216.04,46217.08,0.99,Spherical / Regular,Blue,"(98, 67, 90)",36,VISIBLE,-2.32,0.73
202,13,car,0.8327,1123.95,360.18,1279.17,713.65,1201.56,536.92,155.22,353.47,54866.6,0.44,Vertical Oblong,Green,"(81, 133, 90)",37,VISIBLE,-1.31,-0.21
202,39,car,0.9216,-3.33,142.86,586.9,507.42,291.79,325.14,590.23,364.56,215173.23,1.62,Horizontal Oblong,Orange,"(18, 85, 144)",39,VISIBLE,-2.71,0.98
202,40,car,0.7906,-4.83,137.88,268.23,276.43,131.7,207.16,273.06,138.55,37832.9,1.97,Horizontal Oblong,Orange,"(17, 41, 184)",40,VISIBLE,-2.67,-2.55
202,41,car,0.645,441.69,130.75,600.5,188.04,521.1,159.39,158.82,57.29,9098.74,2.77,Horizontal Oblong,Blue,"(98, 42, 116)",41,VISIBLE,-7.04,1.16
202,7,car,0.4667,-0.41,142.86,62.12,214.94,30.86,178.9,62.53,72.08,4507.29,0.87,Spherical / Regular,Blue,"(98, 36, 114)",42,VISIBLE,-2.42,-1.34
202,43,car,0.2565,753.26,134.79,812.38,177.56,782.82,156.18,59.12,42.77,2528.49,1.38,Horizontal Oblong,Blue,"(96, 42, 115)",43,VISIBLE,-3.74,-0.03
202,44,car,0.8325,586.75,155.28,1172.46,432.17,879.61,293.72,585.71,276.89,162175.65,2.12,Horizontal Oblong,Blue,"(96, 67, 102)",44,VISIBLE,-8.15,15.93
202,45,car,0.1802,1165.17,230.96,1279.55,342.6,1222.36,286.78,114.39,111.64,12770.16,1.02,Spherical / Regular,Blue,"(88, 54, 94)",45,VISIBLE,-3.37,-1.3
203,12,car,0.6423,-449.75,654.74,-0.77,707.88,-225.26,681.31,448.98,53.14,23858.84,8.45,Horizontal Oblong,Neutral,"(0, 0, 0)",12,VISIBLE,-16.97,8.35
203,15,car,0.5118,773.49,107.94,1021.49,172.23,897.49,140.09,248.0,64.29,15943.1,3.86,Horizontal Oblong,Blue,"(96, 57, 100)",15,VISIBLE,-4.85,0.43
203,16,car,0.7848,582.66,301.52,1269.81,710.43,926.24,505.97,687.15,408.91,280984.86,1.68,Horizontal Oblong,Green,"(82, 153, 69)",22,VISIBLE,-2.32,18.25
203,1,car,0.3174,-46.73,306.98,0.11,388.93,-23.31,347.96,46.84,81.96,3838.79,0.57,Vertical Oblong,Neutral,"(0, 0, 0)",25,VISIBLE,-4.82,2.38
203,9,car,0.6175,506.07,145.22,765.15,354.86,635.61,250.04,259.07,209.64,54312.15,1.24,Horizontal Oblong,Blue,"(93, 50, 117)",27,VISIBLE,-6.73,1.03
203,8,car,0.1737,1053.77,105.62,1138.99,137.92,1096.38,121.77,85.22,32.3,2752.55,2.64,Horizontal Oblong,Blue,"(95, 57, 90)",33,VISIBLE,-4.33,1.09
203,4,car,0.3009,271.16,127.19,355.43,155.38,313.29,141.28,84.27,28.19,2375.37,2.99,Horizontal Oblong,Orange,"(15, 83, 137)",35,VISIBLE,-9.56,0.53
203,36,car,0.7768,1059.03,127.05,1279.62,344.18,1169.33,235.61,220.58,217.13,47894.62,1.02,Spherical / Regular,Blue,"(97, 66, 90)",36,VISIBLE,-3.03,0.79
203,13,car,0.8106,1121.27,356.63,1279.2,713.81,1200.23,535.22,157.93,357.19,56409.91,0.44,Vertical Oblong,Green,"(81, 133, 91)",37,VISIBLE,-1.32,-1.25
203,39,car,0.921,-2.4,143.53,578.3,510.99,287.95,327.26,580.7,367.46,213385.53,1.58,Horizontal Oblong,Orange,"(18, 85, 143)",39,VISIBLE,-3.5,1.78
203,40,car,0.7616,-3.6,138.56,258.01,269.61,127.2,204.08,261.61,131.05,34284.26,2.0,Horizontal Oblong,Orange,"(19, 43, 144)",40,VISIBLE,-3.95,-2.91
203,41,car,0.6428,429.87,130.68,592.13,190.71,511.0,160.69,162.26,60.03,9741.06,2.7,Horizontal Oblong,Blue,"(98, 43, 115)",41,VISIBLE,-9.18,1.26
203,7,car,0.443,-0.07,144.46,53.1,208.01,26.52,176.24,53.17,63.55,3378.83,0.84,Spherical / Regular,Grey/Brown,"(0, 0, 0)",42,VISIBLE,-3.77,-2.27
203,43,car,0.2136,747.3,133.96,807.83,177.04,777.56,155.5,60.53,43.08,2607.74,1.41,Horizontal Oblong,Blue,"(94, 44, 115)",43,VISIBLE,-4.8,-0.48
203,44,car,0.8015,575.12,156.94,1165.85,467.09,870.48,312.01,590.74,310.15,183214.77,1.9,Horizontal Oblong,Blue,"(94, 73, 99)",44,VISIBLE,-8.83,17.58
203,45,car,0.1802,1159.61,228.33,1279.44,342.99,1219.52,285.66,119.83,114.66,13740.59,1.05,Spherical / Regular,Blue,"(86, 51, 91)",45,VISIBLE,-2.99,-1.17
204,15,car,0.5118,768.54,108.65,1017.65,171.56,893.1,140.1,249.11,62.91,15672.39,3.96,Horizontal Oblong,Orange,"(22, 58, 93)",15,VISIBLE,-4.53,0.14
204,16,car,0.7858,594.43,252.52,1272.26,710.71,933.35,481.61,677.83,458.19,310574.02,1.48,Horizontal Oblong,Green,"(82, 150, 64)",22,VISIBLE,4.28,-11.58
204,1,car,0.3174,-56.38,322.03,0.11,378.64,-28.13,350.33,56.49,56.6,3197.25,1.0,Spherical / Regular,Neutral,"(0, 0, 0)",25,VISIBLE,-4.82,2.38
204,9,car,0.6175,500.84,145.95,759.31,356.0,630.07,250.98,258.47,210.06,54294.21,1.23,Horizontal Oblong,Blue,"(99, 60, 83)",27,VISIBLE,-5.89,0.96
204,8,car,0.1737,1049.52,107.83,1134.59,137.64,1092.06,122.73,85.07,29.81,2535.63,2.85,Horizontal Oblong,Orange,"(16, 40, 71)",33,VISIBLE,-4.33,1.0
204,4,car,0.3009,262.06,127.57,347.04,155.79,304.55,141.68,84.98,28.22,2398.35,3.01,Horizontal Oblong,Blue,"(100, 41, 53)",35,VISIBLE,-8.99,0.44
204,36,car,0.7768,1054.08,127.41,1279.62,345.05,1166.85,236.23,225.54,217.63,49084.88,1.04,Spherical / Regular,Blue,"(94, 46, 72)",36,VISIBLE,-2.64,0.67
204,13,car,0.7052,1142.85,396.34,1279.43,715.47,1211.14,555.9,136.58,319.13,43585.5,0.43,Vertical Oblong,Green,"(81, 135, 68)",37,VISIBLE,7.24,14.1
204,39,car,0.921,-2.88,143.86,570.88,513.33,284.0,328.6,573.76,369.47,211989.86,1.55,Horizontal Oblong,Blue,"(98, 60, 92)",39,VISIBLE,-3.81,1.47
204,40,car,0.7616,-4.49,139.08,248.91,265.41,122.21,202.25,253.41,126.33,32013.24,2.01,Horizontal Oblong,Blue,"(99, 51, 54)",40,VISIBLE,-4.68,-2.16
204,41,car,0.6428,421.47,130.98,585.49,192.6,503.48,161.79,164.02,61.62,10107.12,2.66,Horizontal Oblong,Blue,"(95, 48, 96)",41,VISIBLE,-8.02,1.14
204,7,car,0.443,0.23,145.47,46.46,204.79,23.35,175.13,46.23,59.32,2742.8,0.78,Vertical Oblong,Red,"(5, 45, 40)",42,VISIBLE,-3.35,-1.45
204,43,car,0.2136,742.78,133.9,804.12,176.51,773.45,155.21,61.34,42.61,2613.88,1.44,Horizontal Oblong,Red,"(6, 53, 140)",43,VISIBLE,-4.32,-0.35
204,44,car,0.5177,594.98,156.25,1177.56,427.31,886.27,291.78,582.59,271.06,157918.25,2.15,Horizontal Oblong,Blue,"(93, 65, 98)",44,VISIBLE,8.4,-8.89
204,45,car,0.1802,1154.05,225.7,1279.33,343.39,1216.69,284.55,125.28,117.69,14743.97,1.06,Spherical / Regular,Green,"(84, 53, 93)",45,VISIBLE,-2.88,-1.13
205,15,car,0.5118,763.59,109.35,1013.81,170.89,888.7,140.12,250.22,61.54,15398.64,4.07,Horizontal Oblong,Orange,"(21, 59, 94)",15,VISIBLE,-4.44,0.05
205,16,car,0.8402,603.11,213.5,1273.57,711.39,938.34,462.44,670.46,497.9,333818.38,1.35,Horizontal Oblong,Green,"(83, 147, 68)",22,VISIBLE,4.78,-16.89
205,1,car,0.3174,-66.02,337.09,0.11,368.34,-32.95,352.71,66.13,31.25,2066.47,2.12,Horizontal Oblong,Neutral,"(0, 0, 0)",25,VISIBLE,-4.82,2.38
205,9,car,0.6175,495.6,146.67,753.47,357.15,624.54,251.91,257.87,210.48,54275.76,1.23,Horizontal Oblong,Blue,"(101, 60, 79)",27,VISIBLE,-5.65,0.94
205,8,car,0.1737,1045.28,110.04,1130.19,137.35,1087.74,123.7,84.92,27.31,2319.48,3.11,Horizontal Oblong,Orange,"(18, 41, 72)",33,VISIBLE,-4.32,0.97
205,4,car,0.3009,252.96,127.95,338.65,156.21,295.81,142.08,85.7,28.26,2421.37,3.03,Horizontal Oblong,Blue,"(99, 42, 54)",35,VISIBLE,-8.82,0.41
205,36,car,0.7768,1049.12,127.78,1279.62,345.91,1164.37,236.84,230.5,218.14,50280.16,1.06,Spherical / Regular,Blue,"(95, 47, 70)",36,VISIBLE,-2.53,0.63
205,13,car,0.7302,1158.0,422.5,1279.6,715.32,1218.8,568.91,121.6,292.81,35606.35,0.42,Vertical Oblong,Green,"(81, 146, 67)",37,VISIBLE,7.53,13.33
205,39,car,0.921,-3.36,144.19,563.46,515.68,280.05,329.94,566.82,371.49,210566.26,1.53,Horizontal Oblong,Blue,"(98, 60, 92)",39,VISIBLE,-3.91,1.38
205,40,car,0.7616,-5.38,139.6,239.82,261.22,117.22,200.41,245.2,121.61,29819.65,2.02,Horizontal Oblong,Blue,"(99, 50, 51)",40,VISIBLE,-4.9,-1.93
205,41,car,0.6428,413.07,131.29,578.86,194.49,495.96,162.89,165.78,63.21,10478.76,2.62,Horizontal Oblong,Blue,"(98, 50, 98)",41,VISIBLE,-7.67,1.11
205,7,car,0.443,0.53,146.48,39.83,201.58,20.18,174.03,39.3,55.1,2165.37,0.71,Vertical Oblong,Red,"(5, 44, 40)",42,VISIBLE,-3.22,-1.21
205,43,car,0.2136,738.26,133.84,800.42,175.99,769.34,154.91,62.15,42.14,2619.26,1.47,Horizontal Oblong,Red,"(6, 58, 139)",43,VISIBLE,-4.17,-0.31
205,44,car,0.3625,614.86,155.32,1185.43,395.14,900.14,275.23,570.57,239.82,136835.87,2.38,Horizontal Oblong,Blue,"(96, 61, 99)",44,VISIBLE,12.23,-14.25
205,49,car,0.8759,0.14,420.22,196.06,694.72,98.1,557.47,195.92,274.5,53778.74,0.71,Vertical Oblong,Blue,"(101, 50, 54)",49,VISIBLE,0.0,0.0
205,38,car,0.8875,330.37,428.15,596.2,610.78,463.28,519.46,265.83,182.63,48547.68,1.46,Horizontal Oblong,Blue,"(96, 57, 103)",68,VISIBLE,-5.07,8.31
205,20,car,0.855,64.33,289.66,230.3,395.38,147.31,342.52,165.97,105.72,17545.59,1.57,Horizontal Oblong,Blue,"(100, 62, 101)",48,VISIBLE,-6.69,4.51
205,46,car,0.8382,124.33,343.05,362.35,517.07,243.34,430.06,238.02,174.02,41420.49,1.37,Horizontal Oblong,Blue,"(100, 74, 61)",46,VISIBLE,0.0,0.0
205,77,car,0.8246,514.62,275.07,646.0,417.04,580.31,346.06,131.38,141.97,18651.55,0.93,Spherical / Regular,Blue,"(111, 67, 48)",77,VISIBLE,0.0,0.0
205,51,car,0.7879,224.55,247.84,343.03,335.82,283.79,291.83,118.48,87.99,10424.19,1.35,Horizontal Oblong,Blue,"(98, 57, 110)",51,VISIBLE,0.0,0.0
205,50,car,0.7819,1215.29,191.27,1279.48,245.02,1247.38,218.14,64.2,53.74,3450.07,1.19,Spherical / Regular,Blue,"(100, 46, 98)",50,VISIBLE,0.0,0.0
205,53,car,0.7747,261.95,300.65,423.95,422.06,342.95,361.35,162.01,121.4,19668.36,1.33,Horizontal Oblong,Orange,"(17, 77, 119)",53,VISIBLE,0.0,0.0
205,47,car,0.6101,344.18,260.94,469.02,371.08,406.6,316.01,124.84,110.14,13749.22,1.13,Spherical / Regular,Blue,"(96, 74, 94)",47,VISIBLE,0.0,0.0
205,59,car,0.5417,407.13,247.14,500.0,330.71,453.56,288.93,92.87,83.57,7760.38,1.11,Spherical / Regular,Blue,"(103, 62, 79)",59,VISIBLE,0.0,0.0
205,76,car,0.5505,544.46,243.12,697.37,322.85,620.91,282.99,152.9,79.73,12191.63,1.92,Horizontal Oblong,Blue,"(106, 64, 52)",76,VISIBLE,0.0,0.0
205,54,car,0.5724,0.0,276.03,96.26,383.36,48.13,329.69,96.26,107.33,10331.25,0.9,Spherical / Regular,Blue,"(99, 51, 96)",54,VISIBLE,0.0,0.0
205,75,car,0.4902,673.05,202.37,747.82,270.09,710.43,236.23,74.77,67.72,5063.68,1.1,Spherical / Regular,Blue,"(111, 53, 62)",75,VISIBLE,0.0,0.0
205,61,car,0.4703,323.7,217.27,404.65,289.88,364.18,253.57,80.95,72.62,5878.31,1.11,Spherical / Regular,Blue,"(101, 66, 86)",61,VISIBLE,0.0,0.0
205,65,car,0.494,201.72,222.6,303.46,294.03,252.59,258.31,101.74,71.43,7267.33,1.42,Horizontal Oblong,Blue,"(99, 61, 107)",65,VISIBLE,0.0,0.0
205,71,car,0.4017,82.8,164.1,192.47,204.88,137.64,184.49,109.67,40.79,4473.21,2.69,Horizontal Oblong,Blue,"(102, 51, 52)",71,VISIBLE,0.0,0.0
205,63,car,0.4607,73.11,239.56,216.43,306.64,144.77,273.1,143.31,67.08,9613.97,2.14,Horizontal Oblong,Blue,"(98, 55, 106)",63,VISIBLE,0.0,0.0
205,57,car,0.3717,278.6,197.4,342.91,248.06,310.75,222.73,64.31,50.66,3257.82,1.27,Horizontal Oblong,Blue,"(98, 51, 107)",57,VISIBLE,0.0,0.0
205,67,car,0.4132,1123.97,166.56,1173.29,190.15,1148.63,178.35,49.33,23.58,1163.38,2.09,Horizontal Oblong,Blue,"(105, 46, 38)",67,VISIBLE,0.0,0.0
205,73,car,0.3759,492.32,193.28,549.16,257.19,520.74,225.24,56.84,63.91,3632.69,0.89,Spherical / Regular,Blue,"(98, 55, 99)",73,VISIBLE,0.0,0.0
205,55,car,0.4584,0.08,343.11,76.13,429.31,38.11,386.21,76.04,86.2,6554.74,0.88,Spherical / Regular,Orange,"(19, 46, 66)",55,VISIBLE,0.0,0.0
205,58,car,0.3644,170.2,156.35,227.97,185.85,199.09,171.1,57.78,29.49,1703.97,1.96,Horizontal Oblong,Blue,"(102, 62, 42)",58,VISIBLE,0.0,0.0
205,74,car,0.3686,443.91,214.86,521.41,269.77,482.66,242.31,77.51,54.91,4256.05,1.41,Horizontal Oblong,Blue,"(99, 63, 101)",74,VISIBLE,0.0,0.0
205,64,car,0.3157,383.55,202.14,439.58,252.21,411.56,227.17,56.03,50.08,2805.76,1.12,Spherical / Regular,Blue,"(98, 57, 100)",64,VISIBLE,0.0,0.0
205,70,car,0.303,565.29,202.79,635.01,244.05,600.15,223.42,69.72,41.26,2876.63,1.69,Horizontal Oblong,Blue,"(102, 55, 57)",70,VISIBLE,0.0,0.0
205,56,car,0.298,248.4,150.08,321.09,174.73,284.74,162.41,72.69,24.65,1792.17,2.95,Horizontal Oblong,Blue,"(100, 53, 57)",56,VISIBLE,0.0,0.0
205,52,car,0.2503,449.8,174.12,493.18,211.68,471.49,192.9,43.37,37.56,1629.01,1.15,Spherical / Regular,Blue,"(98, 62, 98)",52,VISIBLE,0.0,0.0
205,66,car,0.1955,340.39,187.14,384.93,215.83,362.66,201.48,44.54,28.68,1277.58,1.55,Horizontal Oblong,Blue,"(100, 63, 103)",66,VISIBLE,0.0,0.0
205,69,car,0.2129,673.17,182.62,725.29,216.66,699.23,199.64,52.13,34.03,1774.03,1.53,Horizontal Oblong,Orange,"(11, 60, 103)",69,VISIBLE,0.0,0.0
205,62,car,0.2339,294.31,150.18,330.12,174.25,312.22,162.22,35.82,24.07,862.26,1.49,Horizontal Oblong,Blue,"(105, 56, 44)",62,VISIBLE,0.0,0.0
205,60,car,0.1918,482.15,164.04,520.05,192.47,501.1,178.25,37.9,28.43,1077.48,1.33,Horizontal Oblong,Blue,"(98, 52, 99)",60,VISIBLE,0.0,0.0
205,72,car,0.18,512.15,177.83,567.27,208.24,539.71,193.03,55.13,30.41,1676.42,1.81,Horizontal Oblong,Blue,"(99, 64, 100)",72,VISIBLE,0.0,0.0
205,78,car,0.1761,1125.74,167.1,1210.67,211.36,1168.2,189.23,84.93,44.26,3759.19,1.92,Horizontal Oblong,Blue,"(100, 47, 62)",78,VISIBLE,0.0,0.0
206,15,car,0.5118,758.64,110.05,1009.97,170.22,884.31,140.14,251.33,60.17,15121.84,4.18,Horizontal Oblong,Orange,"(21, 58, 94)",15,VISIBLE,-4.41,0.03
206,16,car,0.8341,607.64,184.53,1274.78,711.69,941.21,448.11,667.15,527.16,351690.96,1.27,Horizontal Oblong,Green,"(83, 141, 70)",22,VISIBLE,3.44,-15.1
206,1,car,0.3174,-75.67,352.15,0.12,358.04,-37.77,355.09,75.78,5.89,446.45,12.86,Horizontal Oblong,Neutral,"(0, 0, 0)",25,VISIBLE,-4.82,2.38
206,9,car,0.6175,490.36,147.4,747.63,358.29,619.0,252.85,257.27,210.89,54256.81,1.22,Spherical / Regular,Blue,"(101, 59, 80)",27,VISIBLE,-5.57,0.94
206,8,car,0.1737,1041.03,112.25,1125.8,137.07,1083.41,124.66,84.76,24.82,2104.09,3.41,Horizontal Oblong,Orange,"(18, 41, 74)",33,VISIBLE,-4.32,0.97
206,4,car,0.3009,243.86,128.34,330.27,156.63,287.06,142.48,86.41,28.29,2444.44,3.05,Horizontal Oblong,Blue,"(99, 41, 55)",35,VISIBLE,-8.76,0.41
206,36,car,0.7768,1044.17,128.14,1279.62,346.78,1161.89,237.46,235.45,218.64,51480.46,1.08,Spherical / Regular,Blue,"(95, 47, 70)",36,VISIBLE,-2.49,0.62
206,13,car,0.7369,1167.47,435.51,1279.71,715.17,1223.59,575.34,112.24,279.66,31390.18,0.4,Vertical Oblong,Green,"(81, 146, 68)",37,VISIBLE,5.61,8.5
206,39,car,0.921,-3.84,144.53,556.04,518.03,276.1,331.28,559.88,373.5,209114.73,1.5,Horizontal Oblong,Blue,"(98, 60, 93)",39,VISIBLE,-3.94,1.36
206,40,car,0.7616,-6.27,140.13,230.73,257.02,112.23,198.57,237.0,116.89,27703.49,2.03,Horizontal Oblong,Blue,"(99, 48, 51)",40,VISIBLE,-4.96,-1.86
206,41,car,0.6428,404.67,131.59,572.22,196.39,488.45,163.99,167.55,64.79,10855.99,2.59,Horizontal Oblong,Blue,"(98, 51, 98)",41,VISIBLE,-7.56,1.1
206,7,car,0.443,0.82,147.48,33.19,198.36,17.01,172.92,32.37,50.87,1646.53,0.64,Vertical Oblong,Red,"(5, 44, 39)",42,VISIBLE,-3.19,-1.14
206,43,car,0.2136,733.75,133.79,796.71,175.46,765.23,154.62,62.96,41.67,2623.88,1.51,Horizontal Oblong,Red,"(8, 56, 136)",43,VISIBLE,-4.13,-0.3
206,44,car,0.2168,621.44,154.65,1190.13,374.05,905.78,264.35,568.69,219.4,124770.34,2.59,Horizontal Oblong,Blue,"(98, 54, 102)",44,VISIBLE,7.62,-11.89
206,49,car,0.8749,0.13,421.18,195.8,695.14,97.97,558.16,195.68,273.95,53606.01,0.71,Vertical Oblong,Blue,"(101, 49, 53)",49,VISIBLE,-0.14,0.69
206,38,car,0.8918,330.43,428.3,594.23,611.28,462.33,519.79,263.8,182.98,48270.85,1.44,Horizontal Oblong,Blue,"(96, 57, 103)",68,VISIBLE,-2.19,2.72
206,20,car,0.8533,64.38,289.79,230.17,395.32,147.27,342.55,165.79,105.53,17496.52,1.57,Horizontal Oblong,Blue,"(101, 61, 101)",48,VISIBLE,-2.04,1.38
206,46,car,0.8413,124.11,343.06,362.32,517.16,243.22,430.11,238.21,174.1,41471.0,1.37,Horizontal Oblong,Blue,"(100, 75, 61)",46,VISIBLE,-0.12,0.05
206,77,car,0.8249,514.5,272.57,642.91,417.32,578.71,344.95,128.41,144.75,18588.35,0.89,Spherical / Regular,Blue,"(111, 67, 48)",77,VISIBLE,-1.61,-1.11
206,51,car,0.7879,224.43,247.94,342.97,335.75,283.7,291.84,118.54,87.81,10408.81,1.35,Horizontal Oblong,Blue,"(98, 58, 110)",51,VISIBLE,-0.09,0.01
206,50,car,0.7753,1215.4,190.9,1279.52,244.98,1247.46,217.94,64.11,54.08,3467.02,1.19,Spherical / Regular,Blue,"(100, 46, 99)",50,VISIBLE,0.08,-0.2
206,53,car,0.7809,261.67,300.86,423.96,422.08,342.82,361.47,162.29,121.21,19671.76,1.34,Horizontal Oblong,Orange,"(17, 77, 120)",53,VISIBLE,-0.14,0.12
206,47,car,0.6018,344.18,261.07,468.75,371.13,406.47,316.1,124.57,110.06,13710.33,1.13,Spherical / Regular,Blue,"(98, 75, 95)",47,VISIBLE,-0.14,0.09
206,59,car,0.5168,407.0,247.45,498.82,331.42,452.91,289.43,91.81,83.97,7709.21,1.09,Spherical / Regular,Blue,"(103, 63, 79)",59,VISIBLE,-0.65,0.51
206,76,car,0.6711,548.77,243.67,695.53,320.71,622.15,282.19,146.76,77.05,11307.28,1.9,Horizontal Oblong,Blue,"(107, 62, 53)",76,VISIBLE,1.24,-0.8
206,54,car,0.5325,0.0,276.66,96.3,383.4,48.15,330.03,96.3,106.75,10279.52,0.9,Spherical / Regular,Blue,"(99, 51, 96)",54,VISIBLE,0.02,0.34
206,75,car,0.3181,675.84,202.87,746.05,271.03,710.94,236.95,70.21,68.15,4784.68,1.03,Spherical / Regular,Blue,"(111, 52, 59)",75,VISIBLE,0.51,0.72
206,61,car,0.4786,323.58,217.4,405.15,290.12,364.37,253.76,81.57,72.73,5931.99,1.12,Spherical / Regular,Blue,"(101, 67, 85)",61,VISIBLE,0.19,0.19
206,65,car,0.5,201.53,222.76,301.41,294.04,251.47,258.4,99.89,71.28,7119.83,1.4,Horizontal Oblong,Blue,"(99, 61, 107)",65,VISIBLE,-1.12,0.09
206,71,car,0.4081,82.89,164.19,193.11,205.27,138.0,184.73,110.22,41.08,4528.37,2.68,Horizontal Oblong,Blue,"(102, 51, 52)",71,VISIBLE,0.37,0.24
206,63,car,0.4451,72.65,239.61,214.06,306.38,143.36,273.0,141.41,66.77,9441.05,2.12,Horizontal Oblong,Blue,"(98, 55, 104)",63,VISIBLE,-1.41,-0.1
206,57,car,0.3817,278.54,197.5,342.76,248.25,310.65,222.88,64.22,50.75,3259.13,1.27,Horizontal Oblong,Blue,"(98, 50, 108)",57,VISIBLE,-0.1,0.14
206,67,car,0.3411,1123.08,166.78,1173.31,190.33,1148.2,178.55,50.23,23.55,1182.91,2.13,Horizontal Oblong,Blue,"(105, 48, 38)",67,VISIBLE,-0.44,0.2
206,73,car,0.366,492.64,193.94,549.17,257.03,520.91,225.48,56.53,63.09,3566.86,0.9,Spherical / Regular,Blue,"(98, 55, 100)",73,VISIBLE,0.17,0.25
206,55,car,0.4295,0.09,343.04,76.09,429.38,38.09,386.21,76.0,86.34,6562.06,0.88,Spherical / Regular,Orange,"(19, 46, 66)",55,VISIBLE,-0.01,0.0
206,58,car,0.3671,170.13,156.48,227.88,185.86,199.0,171.17,57.75,29.38,1696.54,1.97,Horizontal Oblong,Blue,"(101, 62, 42)",58,VISIBLE,-0.08,0.07
206,74,car,0.3992,443.65,215.06,521.32,281.61,482.48,248.33,77.67,66.55,5168.88,1.17,Spherical / Regular,Blue,"(99, 62, 101)",74,VISIBLE,-0.17,6.02
206,64,car,0.3086,383.47,202.22,439.8,252.27,411.64,227.24,56.33,50.05,2819.58,1.13,Spherical / Regular,Blue,"(98, 56, 99)",64,VISIBLE,0.07,0.07
206,70,car,0.2666,565.16,203.55,634.95,244.65,600.05,224.1,69.79,41.1,2867.94,1.7,Horizontal Oblong,Blue,"(102, 55, 57)",70,VISIBLE,-0.09,0.68
206,56,car,0.2886,248.54,150.17,321.0,174.77,284.77,162.47,72.46,24.6,1782.5,2.95,Horizontal Oblong,Blue,"(100, 53, 57)",56,VISIBLE,0.03,0.06
206,52,car,0.2573,449.82,174.16,493.15,211.82,471.48,192.99,43.33,37.66,1631.9,1.15,Spherical / Regular,Blue,"(98, 61, 99)",52,VISIBLE,-0.0,0.09
206,66,car,0.1813,340.41,187.3,384.91,216.07,362.66,201.68,44.5,28.77,1280.04,1.55,Horizontal Oblong,Blue,"(100, 63, 102)",66,VISIBLE,0.0,0.2
206,69,car,0.1701,673.23,182.8,725.91,215.59,699.57,199.19,52.67,32.79,1727.33,1.61,Horizontal Oblong,Orange,"(10, 58, 106)",69,VISIBLE,0.34,-0.44
206,62,car,0.2269,294.39,150.27,330.06,174.29,312.22,162.28,35.66,24.02,856.59,1.48,Horizontal Oblong,Blue,"(105, 56, 44)",62,VISIBLE,0.01,0.06
206,60,car,0.1847,482.1,164.06,520.07,192.66,501.08,178.36,37.97,28.6,1085.93,1.33,Horizontal Oblong,Blue,"(98, 54, 100)",60,VISIBLE,-0.01,0.1
206,72,car,0.1806,512.63,177.83,567.09,208.26,539.86,193.04,54.46,30.43,1657.07,1.79,Horizontal Oblong,Blue,"(99, 65, 101)",72,VISIBLE,0.15,0.01
206,78,car,0.1761,1125.74,167.08,1210.23,210.89,1167.99,188.98,84.49,43.8,3700.99,1.93,Horizontal Oblong,Blue,"(100, 47, 62)",78,VISIBLE,-0.22,-0.25
207,15,car,0.5118,753.7,110.76,1006.13,169.55,879.91,140.16,252.44,58.79,14842.0,4.29,Horizontal Oblong,Orange,"(21, 57, 95)",15,VISIBLE,-4.4,0.02
207,16,car,0.7555,609.71,229.44,1277.25,710.8,943.48,470.12,667.54,481.35,321320.23,1.39,Horizontal Oblong,Green,"(83, 149, 67)",22,VISIBLE,2.62,10.88
207,1,car,0.3174,-85.31,347.74,0.12,367.2,-42.6,357.47,85.43,19.46,1662.8,4.39,Horizontal Oblong,Neutral,"(0, 0, 0)",25,VISIBLE,-4.82,2.38
207,9,car,0.6175,485.13,148.13,741.8,359.44,613.46,253.78,256.67,211.31,54237.36,1.21,Spherical / Regular,Blue,"(100, 60, 82)",27,VISIBLE,-5.54,0.94
207,8,car,0.1737,1036.79,114.45,1121.4,136.79,1079.09,125.62,84.61,22.33,1889.46,3.79,Horizontal Oblong,Orange,"(18, 41, 74)",33,VISIBLE,-4.32,0.96
207,4,car,0.3009,234.76,128.72,321.88,157.04,278.32,142.88,87.12,28.32,2467.57,3.08,Horizontal Oblong,Blue,"(101, 48, 47)",35,VISIBLE,-8.75,0.4
207,36,car,0.7768,1039.21,128.5,1279.62,347.65,1159.41,238.08,240.41,219.15,52685.77,1.1,Spherical / Regular,Blue,"(95, 47, 70)",36,VISIBLE,-2.48,0.62
207,13,car,0.7239,1172.45,438.64,1279.77,714.98,1226.11,576.81,107.32,276.34,29656.49,0.39,Vertical Oblong,Green,"(81, 147, 68)",37,VISIBLE,3.45,3.58
207,39,car,0.921,-4.32,144.86,548.63,520.37,272.15,332.62,552.94,375.51,207635.26,1.47,Horizontal Oblong,Blue,"(98, 61, 93)",39,VISIBLE,-3.94,1.34
207,40,car,0.7616,-7.16,140.65,221.64,252.83,107.24,196.74,228.8,112.17,25664.76,2.04,Horizontal Oblong,Blue,"(99, 47, 50)",40,VISIBLE,-4.98,-1.84
207,41,car,0.6428,396.28,131.9,565.58,198.28,480.93,165.09,169.31,66.38,11238.81,2.55,Horizontal Oblong,Blue,"(98, 53, 97)",41,VISIBLE,-7.53,1.1
207,7,car,0.443,1.12,148.49,26.55,195.14,13.84,171.81,25.43,46.65,1186.29,0.55,Vertical Oblong,Red,"(5, 45, 37)",42,VISIBLE,-3.18,-1.12
207,43,car,0.2136,729.23,133.73,793.0,174.93,761.12,154.33,63.77,41.21,2627.74,1.55,Horizontal Oblong,Red,"(7, 57, 131)",43,VISIBLE,-4.12,-0.3
207,44,car,0.6354,616.24,153.3,1205.69,412.59,910.97,282.94,589.45,259.29,152836.9,2.27,Horizontal Oblong,Blue,"(93, 67, 98)",44,VISIBLE,5.91,9.45
207,49,car,0.8752,0.12,421.89,195.59,695.11,97.85,558.5,195.47,273.23,53408.61,0.72,Vertical Oblong,Blue,"(101, 50, 53)",49,VISIBLE,-0.12,0.44
207,38,car,0.8896,330.29,428.48,592.37,613.91,461.33,521.2,262.08,185.43,48597.18,1.41,Horizontal Oblong,Blue,"(96, 57, 103)",68,VISIBLE,-1.36,1.8
207,20,car,0.858,64.3,289.93,230.05,395.04,147.17,342.49,165.75,105.11,17421.44,1.58,Horizontal Oblong,Blue,"(100, 61, 101)",48,VISIBLE,-0.68,0.36
207,46,car,0.842,123.85,343.12,362.36,517.16,243.1,430.14,238.51,174.04,41510.35,1.37,Horizontal Oblong,Blue,"(99, 75, 61)",46,VISIBLE,-0.11,0.04
207,77,car,0.8129,514.73,268.98,641.7,417.12,578.22,343.05,126.97,148.14,18809.4,0.86,Spherical / Regular,Blue,"(111, 67, 48)",77,VISIBLE,-0.82,-1.66
207,51,car,0.7902,224.33,248.06,342.76,335.71,283.55,291.89,118.43,87.65,10379.88,1.35,Horizontal Oblong,Blue,"(98, 59, 110)",51,VISIBLE,-0.14,0.03
207,50,car,0.768,1215.53,190.44,1279.57,244.95,1247.55,217.69,64.04,54.51,3490.55,1.17,Spherical / Regular,Blue,"(100, 46, 98)",50,VISIBLE,0.09,-0.23
207,53,car,0.7857,261.48,301.03,423.98,422.05,342.73,361.54,162.5,121.02,19665.16,1.34,Horizontal Oblong,Orange,"(17, 77, 120)",53,VISIBLE,-0.1,0.08
207,47,car,0.6306,344.11,261.28,468.46,371.37,406.29,316.33,124.36,110.1,13691.03,1.13,Spherical / Regular,Blue,"(98, 75, 94)",47,VISIBLE,-0.17,0.18
207,59,car,0.5608,406.97,247.69,497.84,332.0,452.41,289.85,90.87,84.31,7661.34,1.08,Spherical / Regular,Blue,"(102, 64, 78)",59,VISIBLE,-0.55,0.44
207,76,car,0.5624,552.28,244.58,692.4,319.02,622.34,281.8,140.12,74.44,10430.25,1.88,Horizontal Oblong,Blue,"(104, 59, 56)",76,VISIBLE,0.5,-0.51
207,54,car,0.5106,0.0,277.35,96.2,383.51,48.1,330.43,96.2,106.16,10212.43,0.91,Spherical / Regular,Blue,"(99, 52, 96)",54,VISIBLE,-0.03,0.38
207,75,car,0.3084,674.26,197.22,743.63,258.63,708.94,227.92,69.37,61.41,4259.77,1.13,Spherical / Regular,Blue,"(111, 53, 60)",75,VISIBLE,-1.25,-6.1
207,61,car,0.4929,323.7,217.53,405.65,290.31,364.67,253.92,81.95,72.78,5964.49,1.13,Spherical / Regular,Blue,"(101, 67, 86)",61,VISIBLE,0.27,0.17
207,65,car,0.5205,201.17,222.9,299.74,294.1,250.46,258.5,98.56,71.2,7017.48,1.38,Horizontal Oblong,Blue,"(98, 61, 107)",65,VISIBLE,-1.05,0.1
207,71,car,0.3958,82.77,164.35,193.37,206.18,138.07,185.27,110.59,41.83,4626.33,2.64,Horizontal Oblong,Blue,"(102, 51, 52)",71,VISIBLE,0.16,0.45
207,63,car,0.462,72.09,239.75,211.77,306.6,141.93,273.18,139.68,66.85,9337.74,2.09,Horizontal Oblong,Blue,"(98, 56, 105)",63,VISIBLE,-1.42,0.09
207,57,car,0.4035,278.0,197.77,341.5,248.38,309.75,223.07,63.5,50.61,3214.03,1.25,Horizontal Oblong,Blue,"(98, 51, 108)",57,VISIBLE,-0.66,0.18
207,67,car,0.2626,1118.0,167.0,1174.04,190.74,1146.02,178.87,56.04,23.74,1330.56,2.36,Horizontal Oblong,Blue,"(105, 46, 39)",67,VISIBLE,-1.65,0.28
207,73,car,0.3893,492.34,194.37,549.18,258.29,520.76,226.33,56.83,63.92,3632.74,0.89,Spherical / Regular,Blue,"(98, 57, 99)",73,VISIBLE,-0.05,0.67
207,55,car,0.3894,0.09,343.05,76.11,429.48,38.1,386.26,76.03,86.43,6571.24,0.88,Spherical / Regular,Orange,"(20, 45, 66)",55,VISIBLE,0.0,0.04
207,58,car,0.377,170.04,156.79,227.83,185.94,198.93,171.37,57.79,29.15,1684.51,1.98,Horizontal Oblong,Blue,"(101, 64, 42)",58,VISIBLE,-0.07,0.16
207,74,car,0.4703,443.62,215.85,521.54,288.34,482.58,252.1,77.92,72.49,5648.67,1.07,Spherical / Regular,Blue,"(99, 61, 98)",74,VISIBLE,0.01,4.44
207,64,car,0.3099,383.27,202.41,439.91,252.29,411.59,227.35,56.64,49.89,2825.67,1.14,Spherical / Regular,Blue,"(98, 57, 99)",64,VISIBLE,-0.01,0.09
207,70,car,0.2698,563.33,206.9,634.55,247.38,598.94,227.14,71.22,40.48,2883.18,1.76,Horizontal Oblong,Blue,"(102, 56, 56)",70,VISIBLE,-0.81,2.33
207,56,car,0.2978,248.78,150.29,320.14,174.8,284.46,162.55,71.36,24.51,1749.03,2.91,Horizontal Oblong,Blue,"(100, 54, 57)",56,VISIBLE,-0.21,0.07
207,52,car,0.2756,449.95,174.21,493.07,211.85,471.51,193.03,43.12,37.64,1623.11,1.15,Spherical / Regular,Blue,"(98, 62, 98)",52,VISIBLE,0.02,0.05
207,66,car,0.1878,340.31,187.52,384.77,216.09,362.54,201.8,44.46,28.56,1269.91,1.56,Horizontal Oblong,Blue,"(99, 63, 101)",66,VISIBLE,-0.08,0.14
207,69,car,0.1701,673.26,182.86,726.08,215.19,699.67,199.02,52.82,32.33,1707.5,1.63,Horizontal Oblong,Orange,"(10, 57, 104)",69,VISIBLE,0.17,-0.25
207,62,car,0.2248,294.51,150.5,329.93,174.36,312.22,162.43,35.43,23.86,845.19,1.48,Horizontal Oblong,Blue,"(105, 56, 44)",62,VISIBLE,-0.0,0.12
207,60,car,0.1831,482.02,164.08,519.85,192.67,500.94,178.38,37.83,28.59,1081.53,1.32,Horizontal Oblong,Blue,"(98, 57, 99)",60,VISIBLE,-0.11,0.04
207,72,car,0.1821,513.69,177.7,566.87,208.17,540.28,192.94,53.19,30.47,1620.47,1.75,Horizontal Oblong,Blue,"(99, 66, 100)",72,VISIBLE,0.34,-0.07
207,78,car,0.1761,1125.74,167.07,1209.8,210.41,1167.77,188.74,84.06,43.34,3643.2,1.94,Horizontal Oblong,Blue,"(102, 47, 62)",78,VISIBLE,-0.22,-0.25
207,79,bus,0.1779,505.1,133.16,546.58,170.33,525.84,151.75,41.48,37.17,1541.67,1.12,Spherical / Regular,Orange,"(14, 59, 118)",79,VISIBLE,0.0,0.0
208,15,car,0.5118,748.75,111.46,1002.29,168.88,875.52,140.17,253.55,57.42,14559.12,4.42,Horizontal Oblong,Orange,"(21, 56, 96)",15,VISIBLE,-4.4,0.02
208,16,car,0.7525,608.95,262.86,1278.91,710.28,943.93,486.57,669.96,447.42,299753.04,1.5,Horizontal Oblong,Green,"(82, 157, 65)",22,VISIBLE,1.1,14.78
208,1,car,0.3174,-94.95,337.44,0.12,382.26,-47.42,359.85,95.08,44.82,4261.3,2.12,Horizontal Oblong,Neutral,"(0, 0, 0)",25,VISIBLE,-4.82,2.38
208,9,car,0.6175,479.89,148.85,735.96,360.58,607.93,254.72,256.07,211.73,54217.41,1.21,Spherical / Regular,Blue,"(101, 59, 83)",27,VISIBLE,-5.54,0.93
208,8,car,0.1737,1032.54,116.66,1117.0,136.5,1074.77,126.58,84.46,19.84,1675.6,4.26,Horizontal Oblong,Orange,"(18, 40, 75)",33,VISIBLE,-4.32,0.96
208,4,car,0.3009,225.66,129.1,313.49,157.46,269.58,143.28,87.83,28.36,2490.74,3.1,Horizontal Oblong,Blue,"(102, 51, 47)",35,VISIBLE,-8.75,0.4
208,36,car,0.7768,1034.26,128.86,1279.62,348.52,1156.94,238.69,245.36,219.66,53896.11,1.12,Spherical / Regular,Blue,"(98, 47, 70)",36,VISIBLE,-2.48,0.62
208,13,car,0.7261,1174.25,438.78,1279.74,716.28,1226.99,577.53,105.49,277.5,29273.2,0.38,Vertical Oblong,Green,"(81, 146, 69)",37,VISIBLE,1.65,1.58
208,39,car,0.921,-4.8,145.2,541.21,522.72,268.21,333.96,546.0,377.52,206127.86,1.45,Horizontal Oblong,Blue,"(98, 60, 94)",39,VISIBLE,-3.95,1.34
208,40,car,0.7616,-8.04,141.18,212.55,248.63,102.25,194.9,220.6,107.45,23703.46,2.05,Horizontal Oblong,Blue,"(100, 47, 49)",40,VISIBLE,-4.98,-1.84
208,41,car,0.6428,387.88,132.2,558.95,200.17,473.41,166.19,171.07,67.97,11627.22,2.52,Horizontal Oblong,Blue,"(99, 53, 97)",41,VISIBLE,-7.52,1.1
208,7,car,0.443,1.42,149.5,19.92,191.92,10.67,170.71,18.5,42.42,784.66,0.44,Vertical Oblong,Red,"(5, 45, 37)",42,VISIBLE,-3.17,-1.11
208,43,car,0.2136,724.72,133.67,789.3,174.41,757.01,154.04,64.58,40.74,2630.85,1.59,Horizontal Oblong,Red,"(8, 58, 129)",43,VISIBLE,-4.11,-0.29
208,44,car,0.724,608.54,152.75,1200.98,442.93,904.76,297.84,592.44,290.18,171914.88,2.04,Horizontal Oblong,Blue,"(93, 70, 97)",44,VISIBLE,-2.57,13.26
208,49,car,0.8784,0.11,422.38,195.17,695.9,97.64,559.14,195.06,273.52,53353.28,0.71,Vertical Oblong,Blue,"(101, 51, 52)",49,VISIBLE,-0.19,0.58
208,38,car,0.8948,329.6,428.16,590.37,616.74,459.98,522.45,260.77,188.58,49174.59,1.38,Horizontal Oblong,Blue,"(96, 58, 103)",68,VISIBLE,-1.35,1.42
208,20,car,0.8506,65.29,290.17,229.83,394.16,147.56,342.16,164.54,103.98,17109.22,1.58,Horizontal Oblong,Blue,"(101, 61, 102)",48,VISIBLE,0.07,-0.11
208,46,car,0.8446,123.56,343.03,362.38,517.17,242.97,430.1,238.82,174.14,41588.09,1.37,Horizontal Oblong,Blue,"(102, 74, 61)",46,VISIBLE,-0.13,-0.02
208,77,car,0.7684,515.06,265.88,640.72,417.19,577.89,341.53,125.65,151.31,19012.18,0.83,Spherical / Regular,Blue,"(113, 65, 48)",77,VISIBLE,-0.47,-1.56
208,51,car,0.7783,224.26,248.19,342.32,335.78,283.29,291.98,118.06,87.59,10341.1,1.35,Horizontal Oblong,Blue,"(99, 57, 110)",51,VISIBLE,-0.22,0.08
208,50,car,0.7793,1215.46,194.07,1279.46,245.11,1247.46,219.59,64.0,51.03,3265.99,1.25,Horizontal Oblong,Blue,"(100, 46, 97)",50,VISIBLE,-0.04,1.26
208,53,car,0.7775,261.16,301.14,423.98,422.41,342.57,361.77,162.82,121.27,19744.86,1.34,Horizontal Oblong,Orange,"(17, 77, 120)",53,VISIBLE,-0.14,0.19
208,47,car,0.6455,344.13,261.58,468.04,372.08,406.09,316.83,123.91,110.51,13693.06,1.12,Spherical / Regular,Blue,"(98, 75, 95)",47,VISIBLE,-0.19,0.41
208,59,car,0.6208,406.27,247.87,497.36,332.42,451.82,290.14,91.08,84.55,7700.81,1.08,Spherical / Regular,Blue,"(103, 63, 76)",59,VISIBLE,-0.58,0.34
208,76,car,0.5253,556.35,245.36,688.79,316.24,622.57,280.8,132.45,70.88,9387.28,1.87,Horizontal Oblong,Blue,"(104, 57, 62)",76,VISIBLE,0.31,-0.85
208,54,car,0.4759,0.09,277.45,94.83,384.21,47.46,330.83,94.74,106.76,10114.1,0.89,Spherical / Regular,Blue,"(99, 50, 96)",54,VISIBLE,-0.46,0.39
208,75,car,0.2552,672.57,189.04,740.22,249.02,706.39,219.03,67.66,59.98,4058.2,1.13,Spherical / Regular,Blue,"(100, 56, 70)",75,VISIBLE,-2.16,-8.06
208,61,car,0.4779,323.32,217.63,405.63,290.5,364.48,254.06,82.3,72.88,5998.09,1.13,Spherical / Regular,Blue,"(103, 67, 86)",61,VISIBLE,-0.06,0.15
208,65,car,0.5304,200.91,222.94,299.01,294.21,249.96,258.57,98.1,71.28,6992.25,1.38,Horizontal Oblong,Blue,"(99, 60, 108)",65,VISIBLE,-0.66,0.08
208,71,car,0.3739,82.78,164.55,193.39,207.69,138.09,186.12,110.61,43.14,4772.09,2.56,Horizontal Oblong,Blue,"(104, 50, 52)",71,VISIBLE,0.06,0.73
208,63,car,0.4555,71.58,239.74,209.84,307.06,140.71,273.4,138.26,67.32,9308.2,2.05,Horizontal Oblong,Blue,"(98, 55, 105)",63,VISIBLE,-1.28,0.19
208,57,car,0.4047,277.58,197.94,340.06,248.5,308.82,223.22,62.49,50.57,3159.76,1.24,Horizontal Oblong,Blue,"(100, 50, 108)",57,VISIBLE,-0.85,0.16
208,67,car,0.2197,1114.39,167.0,1174.08,190.85,1144.23,178.93,59.69,23.85,1423.4,2.5,Horizontal Oblong,Blue,"(105, 47, 38)",67,VISIBLE,-1.75,0.12
208,73,car,0.3911,490.98,194.53,549.15,258.62,520.06,226.57,58.16,64.08,3727.4,0.91,Spherical / Regular,Blue,"(98, 57, 100)",73,VISIBLE,-0.5,0.37
208,55,car,0.3121,0.09,343.11,76.24,429.55,38.17,386.33,76.16,86.43,6582.37,0.88,Spherical / Regular,Orange,"(18, 45, 68)",55,VISIBLE,0.05,0.06
208,58,car,0.3569,170.0,157.01,227.82,186.03,198.91,171.52,57.82,29.02,1677.88,1.99,Horizontal Oblong,Blue,"(101, 59, 40)",58,VISIBLE,-0.04,0.16
208,74,car,0.5121,442.4,216.64,521.44,291.98,481.92,254.31,79.04,75.35,5955.31,1.05,Spherical / Regular,Blue,"(99, 58, 97)",74,VISIBLE,-0.46,2.88
208,64,car,0.2941,383.22,202.62,439.91,252.31,411.57,227.47,56.7,49.69,2817.31,1.14,Spherical / Regular,Blue,"(99, 58, 99)",64,VISIBLE,-0.02,0.11
208,70,car,0.2765,563.5,206.49,635.22,249.54,599.36,228.02,71.72,43.05,3087.38,1.67,Horizontal Oblong,Blue,"(102, 55, 58)",70,VISIBLE,0.05,1.31
208,56,car,0.2827,248.98,150.42,319.55,174.95,284.27,162.68,70.56,24.53,1731.03,2.88,Horizontal Oblong,Blue,"(100, 54, 57)",56,VISIBLE,-0.2,0.12
208,52,car,0.2843,450.22,174.3,492.91,211.86,471.57,193.08,42.69,37.56,1603.28,1.14,Spherical / Regular,Blue,"(99, 61, 98)",52,VISIBLE,0.04,0.05
208,66,car,0.176,340.07,187.81,384.62,216.01,362.35,201.91,44.55,28.2,1256.46,1.58,Horizontal Oblong,Blue,"(101, 63, 101)",66,VISIBLE,-0.16,0.12
208,69,car,0.1701,673.28,182.93,726.24,214.79,699.76,198.86,52.96,31.86,1687.55,1.66,Horizontal Oblong,Red,"(8, 58, 101)",69,VISIBLE,0.11,-0.19
208,62,car,0.2056,294.63,150.68,329.93,174.4,312.28,162.54,35.3,23.72,837.22,1.49,Horizontal Oblong,Blue,"(106, 57, 44)",62,VISIBLE,0.04,0.11
208,60,car,0.1811,481.98,164.1,519.36,192.81,500.67,178.45,37.38,28.7,1072.85,1.3,Horizontal Oblong,Blue,"(99, 57, 99)",60,VISIBLE,-0.22,0.07
208,72,car,0.1828,514.45,177.5,566.83,208.59,540.64,193.05,52.38,31.09,1628.35,1.68,Horizontal Oblong,Blue,"(99, 64, 101)",72,VISIBLE,0.35,0.05
208,78,car,0.2554,1117.9,166.25,1202.11,213.08,1160.0,189.66,84.21,46.83,3943.67,1.8,Horizontal Oblong,Blue,"(100, 47, 63)",78,VISIBLE,-5.5,0.57
208,79,bus,0.1912,505.04,133.28,546.49,171.02,525.77,152.15,41.45,37.74,1564.13,1.1,Spherical / Regular,Orange,"(14, 55, 102)",79,VISIBLE,-0.08,0.41
209,15,car,0.5118,743.8,112.17,998.45,168.22,871.13,140.19,254.66,56.05,14273.2,4.54,Horizontal Oblong,Orange,"(21, 57, 97)",15,VISIBLE,-4.4,0.02
209,16,car,0.7407,607.47,286.62,1279.81,709.74,943.64,498.18,672.35,423.12,284485.02,1.59,Horizontal Oblong,Green,"(82, 161, 63)",22,VISIBLE,0.13,12.56
209,1,car,0.3174,-104.6,327.14,0.13,397.32,-52.24,362.23,104.72,70.18,7349.03,1.49,Horizontal Oblong,Neutral,"(0, 0, 0)",25,VISIBLE,-4.82,2.38
209,9,car,0.6175,474.65,149.58,730.12,361.73,602.39,255.65,255.47,212.15,54196.96,1.2,Spherical / Regular,Blue,"(100, 60, 84)",27,VISIBLE,-5.54,0.94
209,8,car,0.1737,1028.3,118.87,1112.6,136.22,1070.45,127.54,84.31,17.35,1462.5,4.86,Horizontal Oblong,Orange,"(18, 41, 73)",33,VISIBLE,-4.32,0.96
209,4,car,0.3009,216.56,129.48,305.11,157.87,260.84,143.68,88.55,28.39,2513.96,3.12,Horizontal Oblong,Blue,"(102, 51, 47)",35,VISIBLE,-8.74,0.4
209,36,car,0.7768,1029.3,129.22,1279.62,349.39,1154.46,239.31,250.32,220.16,55111.46,1.14,Spherical / Regular,Blue,"(99, 47, 70)",36,VISIBLE,-2.48,0.62
209,13,car,0.7209,1173.83,438.43,1279.71,717.26,1226.77,577.85,105.87,278.83,29521.36,0.38,Vertical Oblong,Green,"(81, 146, 68)",37,VISIBLE,0.34,0.69
209,39,car,0.921,-5.27,145.53,533.79,525.07,264.26,335.3,539.06,379.53,204592.53,1.42,Horizontal Oblong,Blue,"(98, 60, 92)",39,VISIBLE,-3.95,1.34
209,40,car,0.7616,-8.93,141.7,203.46,244.43,97.27,193.07,212.39,102.73,21819.59,2.07,Horizontal Oblong,Blue,"(100, 46, 49)",40,VISIBLE,-4.99,-1.84
209,41,car,0.6428,379.48,132.51,552.31,202.06,465.9,167.29,172.83,69.56,12021.22,2.48,Horizontal Oblong,Blue,"(99, 52, 96)",41,VISIBLE,-7.52,1.1
209,7,car,0.443,1.72,150.5,13.28,188.7,7.5,169.6,11.56,38.2,441.61,0.3,Vertical Oblong,Red,"(5, 45, 39)",42,VISIBLE,-3.17,-1.11
209,43,car,0.2136,720.2,133.61,785.59,173.88,752.9,153.75,65.39,40.27,2633.2,1.62,Horizontal Oblong,Red,"(6, 57, 127)",43,VISIBLE,-4.11,-0.29
209,44,car,0.7488,600.61,152.65,1192.45,464.24,896.53,308.45,591.83,311.58,184406.59,1.9,Horizontal Oblong,Blue,"(87, 73, 94)",44,VISIBLE,-6.53,11.4
209,49,car,0.8761,0.1,422.83,194.99,696.71,97.54,559.77,194.89,273.88,53376.89,0.71,Vertical Oblong,Blue,"(102, 51, 54)",49,VISIBLE,-0.12,0.62
209,38,car,0.8874,328.92,427.97,589.74,618.15,459.33,523.06,260.82,190.18,49602.95,1.37,Horizontal Oblong,Blue,"(98, 58, 103)",68,VISIBLE,-0.86,0.85
209,20,car,0.8506,66.02,290.23,229.38,393.75,147.7,341.99,163.36,103.53,16912.59,1.58,Horizontal Oblong,Blue,"(100, 61, 102)",48,VISIBLE,0.12,-0.16
209,46,car,0.8533,123.27,343.03,362.39,516.96,242.83,430.0,239.12,173.92,41587.78,1.37,Horizontal Oblong,Blue,"(100, 74, 60)",46,VISIBLE,-0.14,-0.08
209,77,car,0.7978,515.13,264.01,639.37,417.21,577.25,340.61,124.24,153.2,19032.36,0.81,Vertical Oblong,Blue,"(111, 65, 48)",77,VISIBLE,-0.59,-1.12
209,51,car,0.7742,224.25,248.27,342.08,335.86,283.17,292.06,117.83,87.59,10320.83,1.35,Horizontal Oblong,Blue,"(98, 57, 110)",51,VISIBLE,-0.15,0.08
209,50,car,0.7949,1215.04,189.36,1279.5,245.29,1247.27,217.32,64.46,55.93,3605.25,1.15,Spherical / Regular,Blue,"(100, 45, 97)",50,VISIBLE,-0.14,-1.21
209,53,car,0.7817,260.84,301.16,423.95,422.57,342.4,361.87,163.11,121.41,19804.27,1.34,Horizontal Oblong,Orange,"(16, 78, 120)",53,VISIBLE,-0.17,0.12
209,47,car,0.6564,344.2,262.1,467.76,372.4,405.98,317.25,123.56,110.3,13628.07,1.12,Spherical / Regular,Blue,"(98, 76, 94)",47,VISIBLE,-0.13,0.42
209,59,car,0.6459,405.33,248.04,497.03,332.79,451.18,290.41,91.7,84.75,7771.69,1.08,Spherical / Regular,Blue,"(103, 62, 77)",59,VISIBLE,-0.62,0.29
209,76,car,0.6132,561.82,245.85,684.75,312.59,623.29,279.22,122.93,66.73,8203.49,1.84,Horizontal Oblong,Blue,"(102, 57, 70)",76,VISIBLE,0.59,-1.36
209,54,car,0.5396,0.15,277.42,93.84,384.87,46.99,331.14,93.68,107.45,10066.44,0.87,Spherical / Regular,Blue,"(99, 50, 96)",54,VISIBLE,-0.46,0.34
209,75,car,0.3701,672.29,185.45,738.63,242.39,705.46,213.92,66.34,56.93,3776.71,1.17,Spherical / Regular,Orange,"(14, 58, 77)",75,VISIBLE,-1.3,-5.99
209,61,car,0.4757,323.09,217.72,405.68,290.63,364.39,254.17,82.58,72.91,6021.11,1.13,Spherical / Regular,Blue,"(102, 67, 87)",61,VISIBLE,-0.08,0.12
209,65,car,0.5262,200.81,222.91,298.28,294.3,249.54,258.6,97.47,71.39,6958.64,1.37,Horizontal Oblong,Blue,"(99, 61, 108)",65,VISIBLE,-0.49,0.05
209,71,car,0.3466,83.02,164.76,193.5,208.62,138.26,186.69,110.48,43.87,4846.64,2.52,Horizontal Oblong,Blue,"(103, 52, 52)",71,VISIBLE,0.14,0.62
209,63,car,0.5083,71.26,239.95,208.99,307.35,140.13,273.65,137.74,67.41,9284.48,2.04,Horizontal Oblong,Blue,"(99, 55, 105)",63,VISIBLE,-0.79,0.23
209,57,car,0.4274,277.3,198.09,338.85,248.65,308.08,223.37,61.55,50.56,3112.09,1.22,Spherical / Regular,Blue,"(100, 51, 106)",57,VISIBLE,-0.78,0.15
209,67,car,0.2833,1112.69,167.09,1174.78,191.13,1143.74,179.11,62.1,24.04,1492.77,2.58,Horizontal Oblong,Blue,"(105, 47, 39)",67,VISIBLE,-0.87,0.17
209,73,car,0.389,490.07,194.59,549.04,256.58,519.56,225.58,58.97,61.99,3655.8,0.95,Spherical / Regular,Blue,"(98, 58, 100)",73,VISIBLE,-0.51,-0.58
209,55,car,0.3164,0.09,343.88,76.32,429.72,38.2,386.8,76.23,85.84,6543.91,0.89,Spherical / Regular,Orange,"(18, 46, 68)",55,VISIBLE,0.04,0.35
209,58,car,0.3429,170.03,157.27,227.84,186.11,198.93,171.69,57.82,28.85,1667.87,2.0,Horizontal Oblong,Blue,"(101, 60, 42)",58,VISIBLE,0.01,0.17
209,74,car,0.5704,441.82,216.9,523.32,293.81,482.57,255.36,81.5,76.91,6267.95,1.06,Spherical / Regular,Blue,"(99, 57, 97)",74,VISIBLE,0.32,1.6
209,64,car,0.2933,383.07,202.86,439.89,252.36,411.48,227.61,56.82,49.5,2812.37,1.15,Spherical / Regular,Blue,"(99, 57, 100)",64,VISIBLE,-0.07,0.13
209,70,car,0.2939,563.58,205.65,635.39,251.6,599.48,228.63,71.81,45.95,3299.33,1.56,Horizontal Oblong,Blue,"(101, 56, 57)",70,VISIBLE,0.1,0.82
209,56,car,0.288,249.27,150.49,319.91,175.13,284.59,162.81,70.64,24.64,1740.78,2.87,Horizontal Oblong,Blue,"(100, 56, 56)",56,VISIBLE,0.17,0.12
209,52,car,0.2934,450.37,174.34,492.78,211.94,471.58,193.14,42.41,37.61,1594.94,1.13,Spherical / Regular,Blue,"(99, 59, 98)",52,VISIBLE,0.02,0.06
209,66,car,0.1783,339.62,188.05,384.44,216.01,362.03,202.03,44.82,27.96,1253.19,1.6,Horizontal Oblong,Blue,"(101, 60, 101)",66,VISIBLE,-0.27,0.12
209,69,car,0.1701,673.31,182.99,726.41,214.39,699.86,198.69,53.11,31.4,1667.46,1.69,Horizontal Oblong,Red,"(7, 59, 98)",69,VISIBLE,0.1,-0.18
209,62,car,0.2015,295.18,150.79,329.71,174.33,312.44,162.56,34.53,23.53,812.68,1.47,Horizontal Oblong,Blue,"(105, 59, 43)",62,VISIBLE,0.13,0.05
209,60,car,0.1772,481.95,164.28,518.86,193.39,500.41,178.83,36.91,29.11,1074.63,1.27,Horizontal Oblong,Blue,"(99, 57, 98)",60,VISIBLE,-0.25,0.29
209,72,car,0.1909,514.88,177.48,566.52,208.88,540.7,193.18,51.64,31.4,1621.45,1.64,Horizontal Oblong,Blue,"(99, 64, 99)",72,VISIBLE,0.15,0.11
209,78,car,0.1513,1112.74,166.21,1202.46,215.57,1157.6,190.89,89.72,49.36,4428.59,1.82,Horizontal Oblong,Blue,"(100, 46, 63)",78,VISIBLE,-3.33,1.03
209,79,bus,0.2219,504.88,133.4,546.41,171.64,525.65,152.52,41.54,38.23,1588.07,1.09,Spherical / Regular,Orange,"(14, 55, 97)",79,VISIBLE,-0.11,0.38
210,15,car,0.5118,738.85,112.87,994.61,167.55,866.73,140.21,255.76,54.68,13984.23,4.68,Horizontal Oblong,Orange,"(21, 58, 97)",15,VISIBLE,-4.4,0.02
210,16,car,0.698,604.59,301.4,1280.47,709.55,942.53,505.47,675.87,408.16,275861.22,1.66,Horizontal Oblong,Green,"(82, 160, 63)",22,VISIBLE,-0.74,8.87
210,1,car,0.3174,-114.24,316.84,0.13,412.38,-57.06,364.61,114.37,95.53,10925.99,1.2,Spherical / Regular,Neutral,"(0, 0, 0)",25,VISIBLE,-4.82,2.38
210,9,car,0.6175,469.42,150.31,724.28,362.87,596.85,256.59,254.87,212.57,54176.0,1.2,Spherical / Regular,Blue,"(101, 60, 84)",27,VISIBLE,-5.54,0.94
210,8,car,0.1737,1024.05,121.08,1108.21,135.93,1066.13,128.51,84.15,14.86,1250.15,5.66,Horizontal Oblong,Orange,"(20, 44, 73)",33,VISIBLE,-4.32,0.96
210,4,car,0.3009,207.46,129.86,296.72,158.29,252.09,144.08,89.26,28.43,2537.22,3.14,Horizontal Oblong,Blue,"(102, 51, 46)",35,VISIBLE,-8.74,0.4
210,36,car,0.7768,1024.34,129.59,1279.62,350.26,1151.98,239.92,255.28,220.67,56331.84,1.16,Spherical / Regular,Blue,"(100, 48, 70)",36,VISIBLE,-2.48,0.62
210,13,car,0.7367,1172.18,437.02,1279.67,717.85,1225.92,577.44,107.49,280.82,30186.1,0.38,Vertical Oblong,Green,"(81, 146, 69)",37,VISIBLE,-0.49,-0.08
210,39,car,0.921,-5.75,145.87,526.37,527.42,260.31,336.64,532.12,381.55,203029.27,1.39,Horizontal Oblong,Blue,"(98, 60, 92)",39,VISIBLE,-3.95,1.34
210,40,car,0.7616,-9.82,142.23,194.37,240.24,92.28,191.23,204.19,98.01,20013.16,2.08,Horizontal Oblong,Blue,"(100, 46, 49)",40,VISIBLE,-4.99,-1.83
210,41,car,0.6428,371.08,132.81,545.67,203.96,458.38,168.38,174.59,71.14,12420.81,2.45,Horizontal Oblong,Blue,"(99, 53, 97)",41,VISIBLE,-7.52,1.1
210,7,car,0.443,2.01,151.51,6.64,185.48,4.33,168.49,4.63,33.97,157.17,0.14,Vertical Oblong,Red,"(3, 56, 49)",42,VISIBLE,-3.17,-1.11
210,43,car,0.2136,715.69,133.55,781.88,173.36,748.78,153.46,66.2,39.8,2634.79,1.66,Horizontal Oblong,Red,"(6, 56, 130)",43,VISIBLE,-4.11,-0.29
210,44,car,0.7433,593.17,152.85,1184.91,475.98,889.04,314.41,591.74,323.14,191214.32,1.83,Horizontal Oblong,Blue,"(86, 75, 94)",44,VISIBLE,-7.2,7.6
210,49,car,0.8803,0.05,422.91,194.86,698.07,97.45,560.49,194.81,275.16,53602.97,0.71,Vertical Oblong,Blue,"(102, 51, 54)",49,VISIBLE,-0.1,0.69
210,38,car,0.8883,328.32,428.08,589.37,619.38,458.85,523.73,261.06,191.3,49940.23,1.36,Horizontal Oblong,Blue,"(96, 58, 103)",68,VISIBLE,-0.6,0.72
210,20,car,0.8534,66.31,290.29,228.8,393.87,147.56,342.08,162.49,103.58,16829.85,1.57,Horizontal Oblong,Blue,"(100, 61, 102)",48,VISIBLE,-0.07,0.02
210,46,car,0.8435,122.96,343.08,362.31,517.01,242.63,430.05,239.35,173.93,41629.4,1.38,Horizontal Oblong,Blue,"(100, 74, 60)",46,VISIBLE,-0.18,0.01
210,77,car,0.803,515.24,263.62,638.05,417.74,576.64,340.68,122.81,154.12,18927.58,0.8,Vertical Oblong,Blue,"(111, 65, 48)",77,VISIBLE,-0.6,-0.29
210,51,car,0.7632,224.25,248.41,341.58,335.79,282.92,292.1,117.33,87.38,10252.41,1.34,Horizontal Oblong,Blue,"(98, 57, 110)",51,VISIBLE,-0.22,0.05
210,50,car,0.7943,1214.74,186.09,1279.52,245.39,1247.13,215.74,64.79,59.3,3841.91,1.09,Spherical / Regular,Blue,"(100, 45, 98)",50,VISIBLE,-0.14,-1.47
210,53,car,0.7655,260.72,301.22,423.84,422.56,342.28,361.89,163.12,121.34,19792.95,1.34,Horizontal Oblong,Orange,"(16, 78, 120)",53,VISIBLE,-0.13,0.05
210,47,car,0.66,344.29,262.76,467.73,372.58,406.01,317.67,123.45,109.82,13557.01,1.12,Spherical / Regular,Blue,"(98, 75, 95)",47,VISIBLE,-0.02,0.42
210,59,car,0.6357,404.57,248.15,496.97,333.14,450.77,290.65,92.41,84.99,7854.24,1.09,Spherical / Regular,Blue,"(103, 63, 76)",59,VISIBLE,-0.47,0.25
210,76,car,0.6236,567.57,246.15,685.15,307.46,626.36,276.8,117.58,61.31,7209.37,1.92,Horizontal Oblong,Blue,"(102, 59, 74)",76,VISIBLE,2.33,-2.1
210,54,car,0.5456,0.21,277.27,92.81,385.54,46.51,331.4,92.6,108.27,10025.26,0.86,Spherical / Regular,Blue,"(99, 51, 96)",54,VISIBLE,-0.48,0.28
210,75,car,0.3263,672.86,183.19,735.75,239.2,704.31,211.19,62.89,56.01,3522.78,1.12,Spherical / Regular,Orange,"(14, 60, 84)",75,VISIBLE,-1.2,-3.71
210,61,car,0.4707,323.27,217.88,406.03,290.75,364.65,254.32,82.76,72.87,6030.19,1.14,Spherical / Regular,Blue,"(102, 65, 87)",61,VISIBLE,0.16,0.13
210,65,car,0.5285,200.77,222.82,296.38,294.33,248.57,258.57,95.62,71.51,6837.55,1.34,Horizontal Oblong,Blue,"(99, 60, 108)",65,VISIBLE,-0.83,-0.01
210,71,car,0.3106,84.33,164.62,190.35,207.16,137.34,185.89,106.01,42.53,4509.15,2.49,Horizontal Oblong,Blue,"(103, 52, 52)",71,VISIBLE,-0.6,-0.37
210,63,car,0.5198,70.77,240.29,208.34,307.83,139.56,274.06,137.57,67.54,9291.6,2.04,Horizontal Oblong,Blue,"(99, 55, 105)",63,VISIBLE,-0.64,0.36
210,57,car,0.4493,276.68,198.23,338.08,248.89,307.38,223.56,61.4,50.66,3110.5,1.21,Spherical / Regular,Blue,"(100, 51, 107)",57,VISIBLE,-0.72,0.18
210,67,car,0.2812,1112.68,166.48,1189.53,191.34,1151.1,178.91,76.85,24.85,1910.02,3.09,Horizontal Oblong,Blue,"(100, 47, 50)",67,VISIBLE,4.9,-0.09
210,73,car,0.3788,490.45,194.92,548.89,252.6,519.67,223.76,58.44,57.68,3371.07,1.01,Spherical / Regular,Blue,"(99, 59, 100)",73,VISIBLE,-0.07,-1.45
210,55,car,0.334,0.09,344.7,76.31,430.1,38.2,387.4,76.22,85.4,6508.92,0.89,Spherical / Regular,Orange,"(18, 46, 68)",55,VISIBLE,0.01,0.52
210,58,car,0.3374,170.07,157.61,227.8,186.29,198.94,171.95,57.73,28.67,1655.34,2.01,Horizontal Oblong,Blue,"(102, 58, 42)",58,VISIBLE,0.0,0.23
210,74,car,0.6099,441.31,217.19,525.47,294.5,483.39,255.85,84.15,77.31,6505.88,1.09,Spherical / Regular,Blue,"(99, 56, 97)",74,VISIBLE,0.67,0.82
210,64,car,0.3017,382.76,202.88,439.94,252.15,411.35,227.51,57.18,49.27,2817.47,1.16,Spherical / Regular,Blue,"(99, 58, 100)",64,VISIBLE,-0.11,-0.03
210,70,car,0.2988,563.87,205.22,635.26,253.44,599.57,229.33,71.39,48.22,3442.68,1.48,Horizontal Oblong,Blue,"(102, 55, 57)",70,VISIBLE,0.09,0.74
210,56,car,0.2892,249.53,150.7,317.64,175.05,283.58,162.88,68.12,24.34,1658.28,2.8,Horizontal Oblong,Blue,"(100, 56, 56)",56,VISIBLE,-0.65,0.08
210,52,car,0.301,450.45,174.36,492.59,211.89,471.52,193.13,42.14,37.53,1581.16,1.12,Spherical / Regular,Blue,"(98, 59, 99)",52,VISIBLE,-0.03,0.01
210,66,car,0.1742,339.08,188.29,384.2,215.94,361.64,202.12,45.12,27.65,1247.71,1.63,Horizontal Oblong,Blue,"(101, 63, 105)",66,VISIBLE,-0.35,0.1
210,62,car,0.2008,295.35,150.96,329.43,174.2,312.39,162.58,34.07,23.24,791.75,1.47,Horizontal Oblong,Blue,"(105, 58, 43)",62,VISIBLE,-0.0,0.03
210,60,car,0.176,482.01,164.43,518.46,194.13,500.24,179.28,36.45,29.7,1082.71,1.23,Horizontal Oblong,Blue,"(99, 59, 97)",60,VISIBLE,-0.19,0.4
210,72,car,0.1888,515.71,177.59,566.23,209.5,540.97,193.54,50.52,31.91,1612.34,1.58,Horizontal Oblong,Blue,"(99, 63, 100)",72,VISIBLE,0.23,0.29
210,78,car,0.1513,1109.5,166.04,1200.98,216.71,1155.24,191.38,91.48,50.67,4635.65,1.81,Horizontal Oblong,Blue,"(95, 47, 64)",78,VISIBLE,-2.65,0.65
210,79,bus,0.2087,504.72,133.56,546.5,172.06,525.61,152.81,41.78,38.5,1608.82,1.09,Spherical / Regular,Orange,"(14, 55, 101)",79,VISIBLE,-0.06,0.32
210,80,car,0.1689,801.93,135.5,838.85,158.86,820.39,147.18,36.92,23.36,862.42,1.58,Horizontal Oblong,Orange,"(16, 70, 97)",80,VISIBLE,0.0,0.0
211,15,car,0.5118,733.9,113.57,990.78,166.88,862.34,140.23,256.87,53.3,13692.22,4.82,Horizontal Oblong,Orange,"(20, 57, 97)",15,VISIBLE,-4.39,0.02
211,16,car,0.6829,601.61,310.21,1280.79,709.45,941.2,509.83,679.18,399.24,271157.11,1.7,Horizontal Oblong,Green,"(82, 162, 63)",22,VISIBLE,-1.15,5.71
211,9,car,0.6175,464.18,151.03,718.45,364.02,591.31,257.52,254.27,212.98,54154.54,1.19,Spherical / Regular,Blue,"(100, 61, 83)",27,VISIBLE,-5.54,0.94
211,4,car,0.3009,198.37,130.25,288.34,158.71,243.35,144.48,89.97,28.46,2560.54,3.16,Horizontal Oblong,Blue,"(102, 49, 45)",35,VISIBLE,-8.74,0.4
211,36,car,0.7768,1019.39,129.95,1279.62,351.12,1149.5,240.54,260.23,221.18,57557.23,1.18,Spherical / Regular,Blue,"(98, 48, 69)",36,VISIBLE,-2.48,0.61
211,13,car,0.7588,1169.59,434.12,1279.64,718.14,1224.61,576.13,110.05,284.01,31255.21,0.39,Vertical Oblong,Green,"(81, 146, 69)",37,VISIBLE,-1.06,-0.94
211,39,car,0.921,-6.23,146.2,518.95,529.76,256.36,337.98,525.18,383.56,201438.08,1.37,Horizontal Oblong,Blue,"(98, 61, 92)",39,VISIBLE,-3.95,1.34
211,40,car,0.7616,-10.71,142.75,185.28,236.04,87.29,189.4,195.99,93.29,18284.15,2.1,Horizontal Oblong,Blue,"(99, 47, 49)",40,VISIBLE,-4.99,-1.84
211,41,car,0.6428,362.69,133.12,539.04,205.85,450.86,169.48,176.35,72.73,12825.99,2.42,Horizontal Oblong,Blue,"(99, 54, 96)",41,VISIBLE,-7.51,1.1
211,7,car,0.443,0.0,152.51,2.31,182.26,1.16,167.39,2.31,29.75,68.68,0.08,Vertical Oblong,Red,"(7, 45, 50)",42,VISIBLE,-3.17,-1.11
211,43,car,0.2136,711.17,133.5,778.18,172.83,744.67,153.16,67.0,39.33,2635.62,1.7,Horizontal Oblong,Red,"(6, 56, 129)",43,VISIBLE,-4.11,-0.29
211,44,car,0.7759,585.14,153.25,1179.43,481.7,882.29,317.47,594.29,328.44,195191.21,1.81,Horizontal Oblong,Blue,"(85, 76, 93)",44,VISIBLE,-6.89,4.42
211,49,car,0.8798,0.01,423.28,194.79,699.17,97.4,561.23,194.78,275.88,53736.25,0.71,Vertical Oblong,Blue,"(102, 52, 54)",49,VISIBLE,-0.07,0.72
211,38,car,0.8825,327.86,428.25,589.44,620.72,458.65,524.48,261.58,192.48,50347.8,1.36,Horizontal Oblong,Blue,"(96, 57, 103)",68,VISIBLE,-0.32,0.75
211,20,car,0.8491,65.83,290.35,228.42,394.26,147.13,342.31,162.6,103.9,16894.69,1.56,Horizontal Oblong,Blue,"(100, 61, 101)",48,VISIBLE,-0.32,0.16
211,46,car,0.8419,122.66,343.36,362.35,517.29,242.51,430.32,239.68,173.93,41688.46,1.38,Horizontal Oblong,Blue,"(100, 74, 59)",46,VISIBLE,-0.14,0.2
211,77,car,0.8073,515.29,264.13,636.42,418.05,575.86,341.09,121.13,153.91,18644.09,0.79,Vertical Oblong,Blue,"(108, 65, 48)",77,VISIBLE,-0.73,0.2
211,51,car,0.7481,224.65,248.74,340.41,335.4,282.53,292.07,115.75,86.66,10031.07,1.34,Horizontal Oblong,Blue,"(98, 57, 110)",51,VISIBLE,-0.34,-0.01
211,50,car,0.7784,1214.93,188.28,1279.45,245.47,1247.19,216.87,64.52,57.19,3690.06,1.13,Spherical / Regular,Blue,"(100, 46, 99)",50,VISIBLE,-0.0,0.35
211,53,car,0.7849,261.27,300.65,423.44,422.55,342.35,361.6,162.17,121.9,19769.12,1.33,Horizontal Oblong,Orange,"(17, 79, 119)",53,VISIBLE,0.01,-0.19
211,47,car,0.6596,344.39,263.52,467.62,373.05,406.01,318.29,123.23,109.54,13498.58,1.13,Spherical / Regular,Blue,"(96, 76, 95)",47,VISIBLE,-0.01,0.56
211,59,car,0.607,404.71,248.33,497.08,333.37,450.9,290.85,92.38,85.04,7855.51,1.09,Spherical / Regular,Blue,"(103, 64, 74)",59,VISIBLE,-0.05,0.22
211,76,car,0.5988,570.74,246.24,686.27,302.73,628.51,274.49,115.53,56.49,6526.21,2.05,Horizontal Oblong,Blue,"(102, 59, 65)",76,VISIBLE,2.2,-2.25
211,54,car,0.5153,0.14,277.18,92.38,385.46,46.26,331.32,92.24,108.28,9988.62,0.85,Spherical / Regular,Blue,"(99, 51, 95)",54,VISIBLE,-0.32,0.03
211,75,car,0.3152,673.54,184.37,731.94,238.44,702.74,211.4,58.4,54.07,3157.68,1.08,Spherical / Regular,Orange,"(11, 58, 87)",75,VISIBLE,-1.46,-0.96
211,61,car,0.4623,323.63,218.03,406.88,290.44,365.25,254.24,83.25,72.42,6028.67,1.15,Spherical / Regular,Blue,"(101, 67, 85)",61,VISIBLE,0.47,-0.02
211,65,car,0.5345,200.59,222.76,295.48,294.37,248.04,258.57,94.89,71.62,6795.66,1.32,Horizontal Oblong,Blue,"(99, 60, 107)",65,VISIBLE,-0.63,-0.01
211,71,car,0.2879,84.8,164.71,188.61,206.01,136.7,185.36,103.82,41.3,4287.49,2.51,Horizontal Oblong,Blue,"(102, 52, 52)",71,VISIBLE,-0.63,-0.48
211,63,car,0.4987,69.97,240.69,207.58,308.35,138.78,274.52,137.61,67.66,9310.4,2.03,Horizontal Oblong,Blue,"(98, 56, 106)",63,VISIBLE,-0.74,0.43
211,57,car,0.4816,275.89,198.5,337.39,249.2,306.64,223.85,61.49,50.71,3118.08,1.21,Spherical / Regular,Blue,"(98, 51, 107)",57,VISIBLE,-0.73,0.26
211,67,car,0.3021,1113.09,166.88,1185.15,191.42,1149.12,179.15,72.06,24.54,1768.07,2.94,Horizontal Oblong,Blue,"(100, 48, 50)",67,VISIBLE,0.08,0.14
211,73,car,0.3993,489.92,195.42,548.85,249.91,519.39,222.67,58.92,54.49,3210.66,1.08,Spherical / Regular,Blue,"(98, 60, 98)",73,VISIBLE,-0.22,-1.2
211,55,car,0.3546,0.1,344.99,76.23,430.57,38.16,387.78,76.13,85.58,6515.57,0.89,Spherical / Regular,Orange,"(18, 47, 68)",55,VISIBLE,-0.02,0.42
211,58,car,0.3447,169.96,157.99,227.73,186.49,198.84,172.24,57.78,28.5,1646.6,2.03,Horizontal Oblong,Blue,"(101, 60, 42)",58,VISIBLE,-0.06,0.27
211,74,car,0.628,440.75,217.56,526.88,294.35,483.82,255.96,86.13,76.79,6614.31,1.12,Spherical / Regular,Blue,"(99, 58, 97)",74,VISIBLE,0.5,0.32
211,64,car,0.345,382.26,202.82,440.24,251.86,411.25,227.34,57.97,49.04,2842.8,1.18,Spherical / Regular,Blue,"(99, 60, 99)",64,VISIBLE,-0.1,-0.13
211,70,car,0.3469,563.1,203.92,635.27,255.91,599.19,229.92,72.17,51.99,3752.03,1.39,Horizontal Oblong,Blue,"(101, 56, 56)",70,VISIBLE,-0.24,0.63
211,56,car,0.3039,249.67,150.91,314.47,174.99,282.07,162.95,64.79,24.08,1560.39,2.69,Horizontal Oblong,Blue,"(99, 53, 62)",56,VISIBLE,-1.26,0.08
211,52,car,0.2989,450.44,174.38,492.5,211.88,471.47,193.13,42.06,37.5,1577.15,1.12,Spherical / Regular,Blue,"(98, 58, 99)",52,VISIBLE,-0.04,0.01
211,66,car,0.1742,337.94,188.4,384.2,216.37,361.07,202.39,46.26,27.97,1293.89,1.65,Horizontal Oblong,Blue,"(100, 63, 105)",66,VISIBLE,-0.51,0.22
211,62,car,0.2151,295.41,151.09,329.35,174.1,312.38,162.59,33.95,23.01,781.25,1.47,Horizontal Oblong,Blue,"(105, 58, 43)",62,VISIBLE,-0.01,0.02
211,60,car,0.1719,481.94,164.44,518.2,194.62,500.07,179.53,36.26,30.17,1094.07,1.2,Spherical / Regular,Blue,"(98, 59, 98)",60,VISIBLE,-0.17,0.29
211,72,car,0.1966,516.35,177.71,566.0,209.81,541.17,193.76,49.65,32.1,1593.74,1.55,Horizontal Oblong,Blue,"(98, 64, 99)",72,VISIBLE,0.21,0.24
211,78,car,0.159,1105.28,166.13,1202.74,217.06,1154.01,191.59,97.46,50.94,4964.13,1.91,Horizontal Oblong,Blue,"(95, 47, 63)",78,VISIBLE,-1.66,0.35
211,79,bus,0.1897,504.72,133.62,546.57,172.18,525.65,152.9,41.85,38.56,1613.55,1.09,Spherical / Regular,Orange,"(16, 56, 96)",79,VISIBLE,0.01,0.16
211,80,car,0.1689,801.82,135.48,838.85,158.86,820.34,147.17,37.03,23.38,865.79,1.58,Horizontal Oblong,Orange,"(18, 70, 95)",80,VISIBLE,-0.05,-0.01
212,15,car,0.5118,728.95,114.28,986.94,166.21,857.95,140.24,257.98,51.93,13397.16,4.97,Horizontal Oblong,Orange,"(18, 57, 100)",15,VISIBLE,-4.39,0.02
212,16,car,0.8063,599.01,314.12,1280.91,709.6,939.96,511.86,681.9,395.48,269677.28,1.72,Horizontal Oblong,Green,"(82, 162, 63)",22,VISIBLE,-1.21,3.13
212,9,car,0.6175,458.95,151.76,712.61,365.16,585.78,258.46,253.66,213.4,54132.58,1.19,Spherical / Regular,Blue,"(101, 61, 86)",27,VISIBLE,-5.54,0.94
212,4,car,0.3009,189.27,130.63,279.95,159.12,234.61,144.88,90.68,28.49,2583.91,3.18,Horizontal Oblong,Blue,"(102, 47, 45)",35,VISIBLE,-8.74,0.4
212,36,car,0.7768,1014.43,130.31,1279.62,351.99,1147.03,241.15,265.19,221.68,58787.64,1.2,Spherical / Regular,Blue,"(100, 48, 70)",36,VISIBLE,-2.48,0.61
212,13,car,0.7758,1166.92,431.15,1279.61,718.3,1223.26,574.72,112.69,287.15,32357.97,0.39,Vertical Oblong,Green,"(81, 145, 68)",37,VISIBLE,-1.26,-1.26
212,39,car,0.921,-6.71,146.54,511.53,532.11,252.41,339.32,518.24,385.57,199818.96,1.34,Horizontal Oblong,Blue,"(99, 61, 92)",39,VISIBLE,-3.95,1.34
212,40,car,0.7616,-11.6,143.28,176.19,231.85,82.3,187.56,187.79,88.57,16632.58,2.12,Horizontal Oblong,Blue,"(100, 46, 50)",40,VISIBLE,-4.99,-1.83
212,41,car,0.6428,354.29,133.42,532.4,207.74,443.34,170.58,178.11,74.32,13236.76,2.4,Horizontal Oblong,Blue,"(100, 54, 95)",41,VISIBLE,-7.52,1.1
212,7,car,0.443,-6.63,153.52,2.61,179.04,-2.01,166.28,9.24,25.52,235.92,0.36,Vertical Oblong,Red,"(7, 46, 49)",42,VISIBLE,-3.17,-1.11
212,43,car,0.2136,706.66,133.44,774.47,172.31,740.56,152.87,67.81,38.87,2635.7,1.74,Horizontal Oblong,Red,"(6, 56, 132)",43,VISIBLE,-4.11,-0.29
212,44,car,0.8045,578.03,153.66,1174.07,488.22,876.05,320.94,596.04,334.56,199410.52,1.78,Horizontal Oblong,Blue,"(85, 77, 92)",44,VISIBLE,-6.43,3.75
212,49,car,0.8836,0.03,423.92,194.57,699.92,97.3,561.92,194.55,276.01,53695.8,0.7,Vertical Oblong,Blue,"(102, 51, 54)",49,VISIBLE,-0.09,0.7
212,38,car,0.8806,327.2,428.48,588.56,621.63,457.88,525.06,261.36,193.16,50482.37,1.35,Horizontal Oblong,Blue,"(96, 58, 103)",68,VISIBLE,-0.63,0.62
212,20,car,0.8461,65.09,290.41,227.94,394.72,146.52,342.56,162.85,104.32,16988.01,1.56,Horizontal Oblong,Blue,"(101, 61, 102)",48,VISIBLE,-0.52,0.23
212,46,car,0.8478,122.4,343.63,362.39,517.35,242.4,430.49,240.0,173.73,41693.66,1.38,Horizontal Oblong,Blue,"(102, 74, 60)",46,VISIBLE,-0.12,0.18
212,77,car,0.7846,515.5,265.67,635.05,418.45,575.28,342.06,119.55,152.78,18265.54,0.78,Vertical Oblong,Blue,"(113, 65, 49)",77,VISIBLE,-0.63,0.74
212,51,car,0.7489,224.97,249.15,339.35,334.95,282.16,292.05,114.38,85.8,9813.22,1.33,Horizontal Oblong,Blue,"(98, 56, 110)",51,VISIBLE,-0.36,-0.02
212,50,car,0.7708,1215.16,193.98,1279.39,245.57,1247.27,219.78,64.23,51.59,3313.74,1.25,Horizontal Oblong,Blue,"(100, 46, 98)",50,VISIBLE,0.06,2.14
212,53,car,0.7821,261.54,300.48,423.05,422.62,342.3,361.55,161.51,122.14,19727.49,1.32,Horizontal Oblong,Orange,"(16, 78, 119)",53,VISIBLE,-0.04,-0.09
212,47,car,0.6574,344.43,264.12,467.83,373.28,406.13,318.7,123.4,109.17,13471.8,1.13,Spherical / Regular,Blue,"(98, 76, 95)",47,VISIBLE,0.08,0.46
212,59,car,0.5822,405.26,248.59,497.25,333.47,451.26,291.03,91.98,84.88,7807.34,1.08,Spherical / Regular,Blue,"(104, 63, 75)",59,VISIBLE,0.24,0.19
212,76,car,0.61,572.91,245.57,683.86,297.8,628.39,271.68,110.94,52.22,5794.05,2.12,Horizontal Oblong,Blue,"(104, 58, 57)",76,VISIBLE,0.58,-2.64
212,54,car,0.5475,0.14,277.0,90.43,385.19,45.28,331.1,90.3,108.19,9769.28,0.83,Spherical / Regular,Blue,"(99, 51, 95)",54,VISIBLE,-0.78,-0.15
212,75,car,0.3959,673.23,183.88,728.48,240.63,700.85,212.25,55.24,56.75,3134.9,0.97,Spherical / Regular,Orange,"(12, 57, 87)",75,VISIBLE,-1.76,0.31
212,61,car,0.4807,323.97,218.34,407.41,290.15,365.69,254.24,83.44,71.81,5991.84,1.16,Spherical / Regular,Blue,"(102, 67, 84)",61,VISIBLE,0.45,0.0
212,65,car,0.5234,200.56,222.87,294.32,294.42,247.44,258.64,93.75,71.55,6707.95,1.31,Horizontal Oblong,Blue,"(99, 60, 107)",65,VISIBLE,-0.6,0.05
212,71,car,0.3106,85.41,164.89,188.4,204.84,136.9,184.86,102.99,39.95,4114.84,2.58,Horizontal Oblong,Blue,"(103, 53, 52)",71,VISIBLE,-0.05,-0.49
212,63,car,0.5003,69.01,240.99,206.48,309.01,137.74,275.0,137.48,68.01,9350.26,2.02,Horizontal Oblong,Blue,"(99, 56, 108)",63,VISIBLE,-0.94,0.46
212,57,car,0.4911,275.41,198.72,337.0,249.52,306.2,224.12,61.59,50.79,3128.34,1.21,Spherical / Regular,Blue,"(100, 52, 107)",57,VISIBLE,-0.52,0.27
212,67,car,0.2976,1110.65,167.17,1183.12,191.54,1146.89,179.35,72.47,24.37,1766.3,2.97,Horizontal Oblong,Blue,"(102, 48, 54)",67,VISIBLE,-1.54,0.19
212,73,car,0.3711,489.73,195.94,548.88,248.21,519.3,222.07,59.14,52.28,3091.75,1.13,Spherical / Regular,Blue,"(98, 58, 99)",73,VISIBLE,-0.12,-0.77
212,55,car,0.4279,0.1,345.07,75.96,430.85,38.03,387.96,75.86,85.78,6507.69,0.88,Spherical / Regular,Orange,"(16, 46, 70)",55,VISIBLE,-0.1,0.25
212,58,car,0.3486,169.79,158.2,227.67,186.54,198.73,172.37,57.87,28.34,1639.94,2.04,Horizontal Oblong,Blue,"(102, 57, 42)",58,VISIBLE,-0.1,0.17
212,74,car,0.6346,440.29,218.28,527.66,293.89,483.97,256.09,87.36,75.61,6605.49,1.16,Spherical / Regular,Blue,"(99, 56, 97)",74,VISIBLE,0.26,0.19
212,64,car,0.334,381.62,202.66,440.48,251.67,411.05,227.16,58.86,49.02,2885.02,1.2,Spherical / Regular,Blue,"(99, 59, 100)",64,VISIBLE,-0.17,-0.16
212,70,car,0.2893,563.67,202.57,635.24,256.44,599.46,229.5,71.57,53.87,3855.21,1.33,Horizontal Oblong,Blue,"(102, 56, 56)",70,VISIBLE,0.12,-0.1
212,56,car,0.3155,249.87,151.11,312.38,175.17,281.12,163.14,62.51,24.06,1504.23,2.6,Horizontal Oblong,Blue,"(100, 53, 61)",56,VISIBLE,-1.04,0.16
212,52,car,0.2792,450.51,174.47,492.29,211.91,471.4,193.19,41.79,37.44,1564.32,1.12,Spherical / Regular,Blue,"(99, 60, 100)",52,VISIBLE,-0.06,0.04
212,66,car,0.1894,336.45,189.24,383.72,217.33,360.09,203.28,47.27,28.09,1327.8,1.68,Horizontal Oblong,Blue,"(101, 63, 104)",66,VISIBLE,-0.84,0.7
212,62,car,0.2073,295.42,151.2,329.31,174.22,312.36,162.71,33.89,23.03,780.31,1.47,Horizontal Oblong,Blue,"(106, 59, 44)",62,VISIBLE,-0.01,0.09
212,60,car,0.1771,481.48,164.48,517.61,194.35,499.55,179.42,36.13,29.87,1079.06,1.21,Spherical / Regular,Blue,"(99, 60, 99)",60,VISIBLE,-0.42,0.01
212,72,car,0.1881,516.27,177.81,566.14,210.44,541.2,194.12,49.87,32.63,1627.32,1.53,Horizontal Oblong,Blue,"(99, 61, 101)",72,VISIBLE,0.09,0.33
212,78,car,0.1804,1101.36,166.3,1204.06,217.38,1152.71,191.84,102.7,51.09,5246.59,2.01,Horizontal Oblong,Blue,"(95, 47, 65)",78,VISIBLE,-1.41,0.28
212,79,bus,0.1921,504.69,133.69,546.77,173.35,525.73,153.52,42.09,39.66,1669.13,1.06,Spherical / Regular,Orange,"(15, 56, 98)",79,VISIBLE,0.06,0.48
212,80,car,0.171,800.62,135.13,838.92,159.06,819.77,147.09,38.31,23.93,916.51,1.6,Horizontal Oblong,Orange,"(15, 67, 99)",80,VISIBLE,-0.41,-0.06
212,8,car,0.2287,1100.54,163.65,1134.64,187.64,1117.59,175.64,34.09,23.99,817.98,1.42,Horizontal Oblong,Blue,"(105, 45, 43)",81,VISIBLE,16.71,16.79
213,15,car,0.5118,724.01,114.98,983.1,165.54,853.55,140.26,259.09,50.56,13099.07,5.12,Horizontal Oblong,Orange,"(18, 59, 100)",15,VISIBLE,-4.39,0.02
213,16,car,0.8432,596.08,316.14,1280.88,709.81,938.48,512.97,684.81,393.67,269588.37,1.74,Horizontal Oblong,Green,"(82, 159, 62)",22,VISIBLE,-1.4,1.72
213,9,car,0.6175,453.71,152.48,706.77,366.3,580.24,259.39,253.06,213.82,54110.11,1.18,Spherical / Regular,Blue,"(100, 60, 89)",27,VISIBLE,-5.54,0.93
213,4,car,0.3009,180.17,131.01,271.56,159.54,225.87,145.27,91.4,28.53,2607.32,3.2,Horizontal Oblong,Blue,"(102, 51, 44)",35,VISIBLE,-8.74,0.4
213,36,car,0.7768,1009.48,130.67,1279.62,352.86,1144.55,241.77,270.14,222.19,60023.07,1.22,Spherical / Regular,Blue,"(99, 49, 70)",36,VISIBLE,-2.48,0.61
213,13,car,0.7859,1164.35,430.3,1279.59,718.27,1221.97,574.28,115.24,287.97,33183.97,0.4,Vertical Oblong,Green,"(81, 144, 67)",37,VISIBLE,-1.29,-0.69
213,39,car,0.921,-7.19,146.87,504.11,534.46,248.46,340.66,511.3,387.58,198171.9,1.32,Horizontal Oblong,Blue,"(99, 61, 91)",39,VISIBLE,-3.95,1.34
213,40,car,0.7616,-12.48,143.8,167.1,227.65,77.31,185.73,179.59,83.85,15058.43,2.14,Horizontal Oblong,Blue,"(100, 46, 50)",40,VISIBLE,-4.99,-1.84
213,41,car,0.6428,345.89,133.73,525.76,209.63,435.83,171.68,179.87,75.91,13653.12,2.37,Horizontal Oblong,Blue,"(100, 54, 95)",41,VISIBLE,-7.52,1.1
213,7,car,0.443,-13.27,154.53,2.91,175.83,-5.18,165.18,16.18,21.3,344.57,0.76,Vertical Oblong,Black,"(0, 0, 0)",42,VISIBLE,-3.17,-1.1
213,43,car,0.2136,702.14,133.38,770.76,171.78,736.45,152.58,68.62,38.4,2635.02,1.79,Horizontal Oblong,Red,"(6, 56, 129)",43,VISIBLE,-4.11,-0.29
213,44,car,0.8301,570.84,154.26,1169.65,495.59,870.24,324.92,598.81,341.33,204394.53,1.75,Horizontal Oblong,Green,"(84, 80, 91)",44,VISIBLE,-5.99,3.92
213,49,car,0.8882,0.01,424.32,194.77,701.23,97.39,562.78,194.76,276.91,53930.84,0.7,Vertical Oblong,Blue,"(101, 50, 55)",49,VISIBLE,0.04,0.81
213,38,car,0.8801,326.55,428.64,589.94,622.28,458.24,525.46,263.39,193.64,51003.04,1.36,Horizontal Oblong,Blue,"(98, 58, 103)",68,VISIBLE,0.07,0.47
213,20,car,0.8411,64.73,290.52,227.43,395.05,146.08,342.78,162.69,104.53,17006.22,1.56,Horizontal Oblong,Blue,"(101, 61, 102)",48,VISIBLE,-0.46,0.22
213,46,car,0.8578,122.16,343.8,362.28,517.37,242.22,430.58,240.12,173.57,41677.39,1.38,Horizontal Oblong,Blue,"(101, 75, 61)",46,VISIBLE,-0.16,0.12
213,77,car,0.7561,515.71,265.93,634.45,419.09,575.08,342.51,118.74,153.16,18186.75,0.78,Vertical Oblong,Blue,"(113, 65, 50)",77,VISIBLE,-0.32,0.54
213,51,car,0.7531,225.22,249.38,338.44,334.45,281.83,291.92,113.22,85.07,9631.7,1.33,Horizontal Oblong,Blue,"(98, 58, 110)",51,VISIBLE,-0.34,-0.1
213,50,car,0.7658,1215.3,197.22,1279.36,245.71,1247.33,221.46,64.06,48.49,3106.02,1.32,Horizontal Oblong,Blue,"(100, 46, 98)",50,VISIBLE,0.06,1.82
213,53,car,0.7949,261.61,300.37,422.68,422.93,342.14,361.65,161.07,122.57,19741.54,1.31,Horizontal Oblong,Orange,"(16, 78, 119)",53,VISIBLE,-0.12,0.04
213,47,car,0.6792,344.47,264.64,468.13,373.82,406.3,319.23,123.66,109.17,13501.02,1.13,Spherical / Regular,Blue,"(98, 76, 95)",47,VISIBLE,0.14,0.51
213,59,car,0.5672,405.37,248.85,497.32,333.66,451.35,291.26,91.95,84.81,7798.76,1.08,Spherical / Regular,Blue,"(103, 63, 75)",59,VISIBLE,0.13,0.21
213,76,car,0.4175,574.95,245.49,680.69,294.39,627.82,269.94,105.74,48.9,5170.72,2.16,Horizontal Oblong,Blue,"(102, 55, 56)",76,VISIBLE,-0.22,-2.01
213,54,car,0.5423,0.13,277.17,88.83,385.34,44.48,331.26,88.7,108.17,9594.56,0.82,Spherical / Regular,Blue,"(99, 51, 96)",54,VISIBLE,-0.8,0.07
213,75,car,0.402,672.86,184.26,725.62,243.19,699.24,213.72,52.77,58.93,3109.59,0.9,Spherical / Regular,Orange,"(11, 58, 91)",75,VISIBLE,-1.66,1.12
213,61,car,0.4858,324.13,218.66,407.89,290.2,366.01,254.43,83.76,71.54,5991.89,1.17,Spherical / Regular,Blue,"(102, 67, 84)",61,VISIBLE,0.36,0.13
213,65,car,0.5086,200.75,223.06,293.36,294.4,247.06,258.73,92.61,71.34,6606.89,1.3,Horizontal Oblong,Blue,"(99, 61, 107)",65,VISIBLE,-0.45,0.08
213,71,car,0.3463,86.1,165.06,188.4,203.92,137.25,184.49,102.31,38.86,3975.24,2.63,Horizontal Oblong,Blue,"(103, 53, 53)",71,VISIBLE,0.23,-0.41
213,63,car,0.5134,68.04,241.22,206.33,309.76,137.18,275.49,138.29,68.54,9478.36,2.02,Horizontal Oblong,Blue,"(99, 55, 107)",63,VISIBLE,-0.67,0.48
213,57,car,0.4761,274.91,198.91,336.95,249.81,305.93,224.36,62.04,50.91,3158.36,1.22,Spherical / Regular,Blue,"(100, 50, 108)",57,VISIBLE,-0.35,0.25
213,67,car,0.3531,1109.6,167.41,1181.12,191.67,1145.36,179.54,71.52,24.26,1734.9,2.95,Horizontal Oblong,Blue,"(102, 48, 49)",67,VISIBLE,-1.53,0.19
213,73,car,0.3856,488.76,196.47,548.93,248.3,518.84,222.39,60.17,51.83,3118.76,1.16,Spherical / Regular,Blue,"(98, 58, 100)",73,VISIBLE,-0.36,-0.02
213,55,car,0.4448,0.1,345.35,75.74,431.19,37.92,388.27,75.64,85.84,6493.28,0.88,Spherical / Regular,Orange,"(16, 46, 70)",55,VISIBLE,-0.11,0.29
213,58,car,0.3693,169.64,158.36,227.55,186.49,198.59,172.42,57.91,28.13,1629.0,2.06,Horizontal Oblong,Blue,"(102, 60, 42)",58,VISIBLE,-0.12,0.09
213,74,car,0.6555,439.89,219.24,527.82,293.54,483.86,256.39,87.94,74.31,6534.26,1.18,Spherical / Regular,Blue,"(99, 56, 97)",74,VISIBLE,-0.01,0.27
213,64,car,0.3397,380.73,202.5,440.58,251.59,410.65,227.05,59.85,49.1,2938.5,1.22,Spherical / Regular,Blue,"(100, 59, 101)",64,VISIBLE,-0.33,-0.13
213,70,car,0.2647,565.08,201.87,634.88,254.09,599.98,227.98,69.8,52.22,3645.05,1.34,Horizontal Oblong,Blue,"(102, 56, 56)",70,VISIBLE,0.4,-1.1
213,56,car,0.3222,250.0,151.34,309.69,175.38,279.84,163.36,59.68,24.04,1434.68,2.48,Horizontal Oblong,Blue,"(100, 51, 63)",56,VISIBLE,-1.21,0.2
213,52,car,0.2743,450.6,174.52,492.06,211.77,471.33,193.14,41.46,37.25,1544.36,1.11,Spherical / Regular,Blue,"(99, 60, 99)",52,VISIBLE,-0.07,-0.02
213,66,car,0.2125,335.8,189.27,384.35,218.63,360.07,203.95,48.56,29.36,1425.57,1.65,Horizontal Oblong,Blue,"(101, 64, 103)",66,VISIBLE,-0.26,0.67
213,62,car,0.2054,295.41,151.25,329.61,174.4,312.51,162.83,34.2,23.15,791.72,1.48,Horizontal Oblong,Blue,"(105, 58, 44)",62,VISIBLE,0.1,0.11
213,60,car,0.1827,480.84,164.38,517.23,193.61,499.04,178.99,36.39,29.23,1063.84,1.25,Horizontal Oblong,Blue,"(99, 58, 99)",60,VISIBLE,-0.48,-0.29
213,72,car,0.1852,516.39,177.9,566.34,210.54,541.36,194.22,49.95,32.64,1630.31,1.53,Horizontal Oblong,Blue,"(99, 61, 101)",72,VISIBLE,0.14,0.16
213,78,car,0.1804,1097.69,166.29,1204.2,218.09,1150.94,192.19,106.51,51.8,5517.23,2.06,Horizontal Oblong,Green,"(39, 49, 66)",78,VISIBLE,-1.66,0.33
213,79,bus,0.1951,504.58,133.79,546.88,174.72,525.73,154.25,42.3,40.93,1731.54,1.03,Spherical / Regular,Orange,"(15, 56, 100)",79,VISIBLE,0.02,0.66
213,80,car,0.181,799.57,134.78,838.83,159.32,819.2,147.05,39.25,24.54,963.3,1.6,Horizontal Oblong,Orange,"(17, 68, 95)",80,VISIBLE,-0.52,-0.05
213,8,car,0.2399,1100.47,163.91,1134.55,187.85,1117.51,175.88,34.07,23.93,815.48,1.42,Horizontal Oblong,Blue,"(105, 45, 43)",81,VISIBLE,4.96,5.2
213,69,car,0.1551,417.5,175.46,457.98,219.26,437.74,197.36,40.48,43.8,1772.94,0.92,Spherical / Regular,Blue,"(98, 59, 104)",82,VISIBLE,-45.84,-0.29
214,15,car,0.5118,719.06,115.69,979.26,164.87,849.16,140.28,260.2,49.19,12797.93,5.29,Horizontal Oblong,Orange,"(18, 60, 101)",15,VISIBLE,-4.39,0.02
214,16,car,0.8138,593.41,316.04,1280.54,709.6,936.97,512.82,687.13,393.56,270429.67,1.75,Horizontal Oblong,Green,"(82, 159, 62)",22,VISIBLE,-1.47,0.41
214,9,car,0.6175,448.47,153.21,700.94,367.45,574.7,260.33,252.46,214.24,54087.14,1.18,Spherical / Regular,Blue,"(100, 60, 90)",27,VISIBLE,-5.54,0.94
214,4,car,0.3009,171.07,131.39,263.18,159.95,217.12,145.67,92.11,28.56,2630.78,3.22,Horizontal Oblong,Blue,"(102, 51, 44)",35,VISIBLE,-8.74,0.4
214,36,car,0.7768,1004.52,131.03,1279.62,353.73,1142.07,242.38,275.1,222.7,61263.51,1.24,Horizontal Oblong,Blue,"(99, 49, 70)",36,VISIBLE,-2.48,0.61
214,13,car,0.7941,1162.24,429.83,1279.57,718.17,1220.91,574.0,117.34,288.34,33832.48,0.41,Vertical Oblong,Green,"(81, 143, 67)",37,VISIBLE,-1.13,-0.41
214,39,car,0.921,-7.67,147.21,496.69,536.8,244.51,342.0,504.36,389.6,196496.91,1.29,Horizontal Oblong,Blue,"(99, 61, 91)",39,VISIBLE,-3.95,1.34
214,40,car,0.7616,-13.37,144.33,158.01,223.46,72.32,183.89,171.38,79.13,13561.72,2.17,Horizontal Oblong,Blue,"(100, 46, 49)",40,VISIBLE,-4.99,-1.83
214,41,car,0.6428,337.5,134.03,519.13,211.53,428.31,172.78,181.63,77.49,14075.07,2.34,Horizontal Oblong,Blue,"(101, 52, 94)",41,VISIBLE,-7.51,1.1
214,7,car,0.443,-19.91,155.53,3.21,172.61,-8.35,164.07,23.11,17.07,394.63,1.35,Horizontal Oblong,Red,"(3, 57, 49)",42,VISIBLE,-3.17,-1.11
214,43,car,0.2136,697.62,133.32,767.06,171.25,732.34,152.29,69.43,37.93,2633.59,1.83,Horizontal Oblong,Red,"(6, 58, 131)",43,VISIBLE,-4.11,-0.29
214,44,car,0.7717,562.22,154.79,1164.85,518.46,863.54,336.63,602.63,363.67,219160.27,1.66,Horizontal Oblong,Green,"(84, 97, 88)",44,VISIBLE,-6.49,9.36
214,49,car,0.891,-0.0,424.87,194.87,702.04,97.43,563.45,194.87,277.16,54011.35,0.7,Vertical Oblong,Blue,"(101, 50, 55)",49,VISIBLE,0.04,0.72
214,38,car,0.8737,326.07,429.31,585.87,622.63,455.97,525.97,259.8,193.32,50225.55,1.34,Horizontal Oblong,Blue,"(98, 58, 103)",68,VISIBLE,-1.57,0.5
214,20,car,0.8318,65.07,290.58,227.13,395.26,146.1,342.92,162.07,104.68,16965.79,1.55,Horizontal Oblong,Blue,"(101, 61, 102)",48,VISIBLE,-0.12,0.16
214,46,car,0.8497,121.83,343.74,362.09,517.6,241.96,430.67,240.26,173.86,41771.4,1.38,Horizontal Oblong,Blue,"(102, 75, 61)",46,VISIBLE,-0.23,0.1
214,77,car,0.6817,516.02,266.45,634.0,419.62,575.01,343.04,117.99,153.17,18071.99,0.77,Vertical Oblong,Blue,"(113, 64, 50)",77,VISIBLE,-0.15,0.53
214,51,car,0.7547,225.01,249.49,338.68,334.27,281.85,291.88,113.66,84.78,9636.88,1.34,Horizontal Oblong,Blue,"(98, 58, 110)",51,VISIBLE,-0.09,-0.05
214,50,car,0.7681,1215.39,199.77,1279.34,245.89,1247.37,222.83,63.95,46.12,2949.46,1.39,Horizontal Oblong,Blue,"(100, 45, 98)",50,VISIBLE,0.04,1.5
214,53,car,0.8,261.37,300.41,422.35,423.36,341.86,361.89,160.98,122.94,19791.97,1.31,Horizontal Oblong,Orange,"(17, 78, 119)",53,VISIBLE,-0.23,0.18
214,47,car,0.6956,344.47,265.22,468.53,374.14,406.5,319.68,124.05,108.92,13512.16,1.14,Spherical / Regular,Blue,"(98, 76, 95)",47,VISIBLE,0.18,0.47
214,59,car,0.572,404.98,248.89,497.35,333.92,451.16,291.4,92.37,85.03,7853.84,1.09,Spherical / Regular,Blue,"(103, 63, 76)",59,VISIBLE,-0.09,0.17
214,76,car,0.3869,576.94,245.06,677.23,290.98,627.09,268.02,100.28,45.92,4604.61,2.18,Horizontal Oblong,Blue,"(103, 49, 58)",76,VISIBLE,-0.58,-1.95
214,54,car,0.5244,0.09,278.12,88.17,385.39,44.13,331.76,88.07,107.27,9447.37,0.82,Spherical / Regular,Blue,"(99, 51, 97)",54,VISIBLE,-0.48,0.37
214,75,car,0.3352,673.06,184.09,723.94,244.08,698.5,214.09,50.88,59.99,3052.21,0.85,Spherical / Regular,Red,"(8, 56, 94)",75,VISIBLE,-1.02,0.59
214,61,car,0.4896,323.84,218.89,408.01,290.23,365.92,254.56,84.17,71.34,6004.88,1.18,Spherical / Regular,Blue,"(103, 65, 86)",61,VISIBLE,0.05,0.13
214,65,car,0.5456,200.88,223.23,292.63,294.36,246.75,258.79,91.75,71.13,6525.95,1.29,Horizontal Oblong,Blue,"(99, 61, 107)",65,VISIBLE,-0.35,0.07
214,71,car,0.3697,86.37,165.17,188.42,203.5,137.39,184.33,102.05,38.32,3910.88,2.66,Horizontal Oblong,Blue,"(103, 53, 53)",71,VISIBLE,0.17,-0.23
214,63,car,0.5254,67.2,241.29,206.55,310.41,136.87,275.85,139.35,69.12,9631.55,2.02,Horizontal Oblong,Blue,"(99, 54, 107)",63,VISIBLE,-0.42,0.4
214,57,car,0.4973,274.53,199.05,336.99,250.02,305.76,224.54,62.45,50.96,3182.71,1.23,Horizontal Oblong,Blue,"(100, 50, 109)",57,VISIBLE,-0.22,0.2
214,67,car,0.4081,1109.54,167.62,1178.98,191.73,1144.26,179.67,69.45,24.12,1674.94,2.88,Horizontal Oblong,Blue,"(102, 46, 40)",67,VISIBLE,-1.23,0.15
214,73,car,0.3909,487.91,196.93,548.88,248.74,518.39,222.83,60.97,51.81,3158.75,1.18,Spherical / Regular,Blue,"(98, 59, 100)",73,VISIBLE,-0.42,0.31
214,55,car,0.4278,0.1,345.63,75.55,431.61,37.82,388.62,75.44,85.99,6487.12,0.88,Spherical / Regular,Orange,"(15, 46, 72)",55,VISIBLE,-0.1,0.33
214,58,car,0.3789,169.53,158.54,227.45,186.36,198.49,172.45,57.92,27.82,1611.14,2.08,Horizontal Oblong,Blue,"(102, 61, 43)",58,VISIBLE,-0.11,0.04
214,74,car,0.6488,439.79,220.13,527.57,293.06,483.68,256.59,87.78,72.93,6401.64,1.2,Spherical / Regular,Blue,"(99, 57, 96)",74,VISIBLE,-0.12,0.22
214,64,car,0.3311,379.94,202.31,440.72,251.61,410.33,226.96,60.78,49.31,2996.56,1.23,Horizontal Oblong,Blue,"(100, 58, 101)",64,VISIBLE,-0.33,-0.1
214,70,car,0.2357,566.45,201.71,634.18,250.51,600.31,226.11,67.73,48.8,3305.36,1.39,Horizontal Oblong,Blue,"(102, 57, 56)",70,VISIBLE,0.36,-1.64
214,56,car,0.3416,250.01,151.54,305.95,175.47,277.98,163.5,55.93,23.93,1338.46,2.34,Horizontal Oblong,Blue,"(100, 51, 63)",56,VISIBLE,-1.67,0.16
214,52,car,0.2678,450.66,174.52,491.94,211.6,471.3,193.06,41.29,37.09,1531.17,1.11,Spherical / Regular,Blue,"(99, 59, 100)",52,VISIBLE,-0.04,-0.07
214,66,car,0.2407,335.2,189.31,384.86,219.39,360.03,204.35,49.66,30.08,1493.84,1.65,Horizontal Oblong,Blue,"(101, 64, 105)",66,VISIBLE,-0.11,0.48
214,62,car,0.2271,295.36,151.25,330.11,174.53,312.74,162.89,34.75,23.28,809.18,1.49,Horizontal Oblong,Blue,"(106, 57, 44)",62,VISIBLE,0.19,0.08
214,60,car,0.1917,480.38,164.23,516.86,192.69,498.62,178.46,36.48,28.45,1038.03,1.28,Horizontal Oblong,Blue,"(99, 57, 99)",60,VISIBLE,-0.44,-0.46
214,72,car,0.1932,516.41,177.95,566.57,210.56,541.49,194.26,50.16,32.61,1635.72,1.54,Horizontal Oblong,Blue,"(100, 60, 101)",72,VISIBLE,0.13,0.07
214,78,car,0.1804,1094.01,166.28,1204.34,218.79,1149.17,192.54,110.33,52.51,5793.28,2.1,Horizontal Oblong,Green,"(43, 48, 66)",78,VISIBLE,-1.74,0.34
214,79,bus,0.1941,504.55,133.89,547.0,175.96,525.77,154.92,42.45,42.07,1786.05,1.01,Spherical / Regular,Orange,"(15, 53, 99)",79,VISIBLE,0.04,0.67
214,80,car,0.1626,798.85,134.51,838.6,159.55,818.73,147.03,39.76,25.04,995.28,1.59,Horizontal Oblong,Orange,"(16, 68, 98)",80,VISIBLE,-0.49,-0.03
214,8,car,0.2423,1100.14,164.05,1134.7,188.39,1117.42,176.22,34.55,24.34,841.17,1.42,Horizontal Oblong,Blue,"(102, 45, 43)",81,VISIBLE,1.42,1.8
214,69,car,0.1702,417.4,175.57,457.96,219.32,437.68,197.44,40.55,43.75,1774.27,0.93,Spherical / Regular,Blue,"(99, 59, 104)",82,VISIBLE,-13.79,-0.03
214,83,car,0.255,559.77,226.08,629.87,265.83,594.82,245.96,70.1,39.74,2786.03,1.76,Horizontal Oblong,Blue,"(104, 64, 54)",83,VISIBLE,0.0,0.0
215,15,car,0.5118,714.11,116.39,975.42,164.2,844.76,140.3,261.31,47.81,12493.74,5.47,Horizontal Oblong,Orange,"(18, 61, 103)",15,VISIBLE,-4.39,0.02
215,16,car,0.7947,593.52,316.24,1280.22,709.56,936.87,512.9,686.7,393.32,270091.11,1.75,Horizontal Oblong,Green,"(82, 161, 63)",22,VISIBLE,-0.52,0.18
215,9,car,0.6175,443.24,153.94,695.1,368.59,569.17,261.26,251.86,214.66,54063.67,1.17,Spherical / Regular,Blue,"(99, 59, 91)",27,VISIBLE,-5.54,0.94
215,4,car,0.3009,161.97,131.77,254.79,160.37,208.38,146.07,92.82,28.6,2654.29,3.25,Horizontal Oblong,Blue,"(100, 51, 44)",35,VISIBLE,-8.74,0.4
215,36,car,0.7768,999.57,131.4,1279.62,354.6,1139.59,243.0,280.06,223.2,62508.98,1.25,Horizontal Oblong,Blue,"(98, 49, 70)",36,VISIBLE,-2.48,0.62
215,13,car,0.79,1160.67,428.67,1279.57,718.16,1220.12,573.41,118.9,289.5,34420.09,0.41,Vertical Oblong,Green,"(81, 142, 67)",37,VISIBLE,-0.89,-0.53
215,39,car,0.921,-8.15,147.54,489.27,539.15,240.56,343.35,497.42,391.61,194794.0,1.27,Horizontal Oblong,Blue,"(98, 61, 89)",39,VISIBLE,-3.95,1.34
215,40,car,0.7616,-14.26,144.85,148.92,219.26,67.33,182.06,163.18,74.41,12142.44,2.19,Horizontal Oblong,Blue,"(99, 46, 48)",40,VISIBLE,-4.99,-1.84
215,41,car,0.6428,329.1,134.34,512.49,213.42,420.79,173.88,183.39,79.08,14502.6,2.32,Horizontal Oblong,Blue,"(100, 51, 94)",41,VISIBLE,-7.52,1.1
215,7,car,0.443,-26.55,156.54,3.5,169.39,-11.52,162.96,30.05,12.85,386.08,2.34,Horizontal Oblong,Red,"(3, 57, 49)",42,VISIBLE,-3.17,-1.11
215,43,car,0.2136,693.11,133.27,763.35,170.73,728.23,152.0,70.24,37.46,2631.39,1.87,Horizontal Oblong,Red,"(7, 59, 130)",43,VISIBLE,-4.11,-0.29
215,44,car,0.7812,554.84,155.23,1160.25,536.24,857.54,345.74,605.4,381.01,230663.41,1.59,Horizontal Oblong,Green,"(84, 108, 87)",44,VISIBLE,-6.14,9.19
215,49,car,0.8926,-0.01,425.38,194.88,702.88,97.44,564.13,194.89,277.5,54082.0,0.7,Vertical Oblong,Blue,"(101, 50, 55)",49,VISIBLE,0.01,0.69
215,38,car,0.8833,325.16,430.53,580.71,623.14,452.94,526.84,255.55,192.61,49220.72,1.33,Horizontal Oblong,Blue,"(96, 58, 103)",68,VISIBLE,-2.6,0.75
215,20,car,0.8142,65.59,290.76,226.8,395.14,146.2,342.95,161.21,104.38,16827.49,1.54,Horizontal Oblong,Blue,"(100, 63, 102)",48,VISIBLE,0.03,0.07
215,46,car,0.8395,121.58,343.61,361.86,517.86,241.72,430.73,240.28,174.25,41869.55,1.38,Horizontal Oblong,Blue,"(100, 76, 60)",46,VISIBLE,-0.24,0.07
215,77,car,0.7044,515.87,266.29,632.45,421.21,574.16,343.75,116.58,154.92,18060.2,0.75,Vertical Oblong,Blue,"(108, 64, 51)",77,VISIBLE,-0.64,0.66
215,51,car,0.7631,224.93,249.57,339.22,333.93,282.07,291.75,114.29,84.36,9641.65,1.35,Horizontal Oblong,Blue,"(98, 58, 110)",51,VISIBLE,0.13,-0.11
215,50,car,0.768,1215.44,201.79,1279.33,246.05,1247.38,223.92,63.89,44.26,2827.38,1.44,Horizontal Oblong,Blue,"(100, 46, 99)",50,VISIBLE,0.03,1.21
215,53,car,0.8103,261.09,300.56,422.16,424.11,341.63,362.33,161.07,123.55,19899.32,1.3,Horizontal Oblong,Orange,"(17, 78, 119)",53,VISIBLE,-0.23,0.37
215,47,car,0.699,344.41,265.66,468.83,374.53,406.62,320.09,124.42,108.86,13544.79,1.14,Spherical / Regular,Blue,"(98, 76, 94)",47,VISIBLE,0.14,0.43
215,59,car,0.5938,404.08,248.92,497.26,334.27,450.67,291.6,93.18,85.35,7952.96,1.09,Spherical / Regular,Blue,"(103, 64, 76)",59,VISIBLE,-0.37,0.18
215,76,car,0.3858,578.7,244.92,673.24,288.44,625.97,266.68,94.54,43.52,4114.39,2.17,Horizontal Oblong,Blue,"(104, 49, 56)",76,VISIBLE,-0.95,-1.52
215,54,car,0.5345,0.06,279.04,87.41,385.67,43.74,332.35,87.35,106.63,9314.5,0.82,Spherical / Regular,Blue,"(98, 50, 97)",54,VISIBLE,-0.42,0.53
215,75,car,0.3071,673.61,183.8,722.69,243.21,698.15,213.51,49.08,59.41,2915.94,0.83,Spherical / Regular,Red,"(8, 55, 97)",75,VISIBLE,-0.55,-0.23
215,61,car,0.469,323.37,219.04,408.13,290.13,365.75,254.59,84.76,71.09,6025.37,1.19,Spherical / Regular,Blue,"(102, 66, 86)",61,VISIBLE,-0.11,0.06
215,65,car,0.5718,201.02,223.41,292.13,294.36,246.58,258.89,91.11,70.95,6464.07,1.28,Horizontal Oblong,Blue,"(99, 61, 107)",65,VISIBLE,-0.23,0.08
215,71,car,0.382,86.42,165.31,188.16,203.62,137.29,184.47,101.74,38.31,3897.78,2.66,Horizontal Oblong,Blue,"(102, 52, 52)",71,VISIBLE,-0.02,0.02
215,63,car,0.5145,66.47,241.21,206.88,310.91,136.67,276.06,140.41,69.71,9787.88,2.01,Horizontal Oblong,Blue,"(99, 54, 107)",63,VISIBLE,-0.27,0.27
215,57,car,0.5331,274.48,199.27,337.05,250.16,305.76,224.71,62.57,50.89,3184.3,1.23,Horizontal Oblong,Blue,"(99, 51, 107)",57,VISIBLE,-0.06,0.19
215,67,car,0.3758,1110.62,167.79,1176.43,191.79,1143.52,179.79,65.8,23.99,1578.82,2.74,Horizontal Oblong,Blue,"(105, 47, 40)",67,VISIBLE,-0.88,0.13
215,73,car,0.3948,487.23,197.08,548.95,249.39,518.09,223.23,61.72,52.31,3228.16,1.18,Spherical / Regular,Blue,"(98, 60, 99)",73,VISIBLE,-0.34,0.37
215,55,car,0.3945,0.1,346.04,75.33,432.01,37.72,389.02,75.23,85.97,6467.15,0.88,Spherical / Regular,Orange,"(16, 46, 71)",55,VISIBLE,-0.11,0.38
215,58,car,0.3836,169.36,158.7,227.39,186.42,198.37,172.56,58.03,27.72,1608.88,2.09,Horizontal Oblong,Blue,"(101, 62, 42)",58,VISIBLE,-0.11,0.09
215,74,car,0.6605,439.8,220.78,527.2,292.85,483.5,256.82,87.4,72.07,6298.55,1.21,Spherical / Regular,Blue,"(98, 56, 96)",74,VISIBLE,-0.16,0.22
215,64,car,0.3407,379.79,202.2,440.76,251.59,410.28,226.89,60.97,49.39,3011.11,1.23,Horizontal Oblong,Blue,"(99, 58, 101)",64,VISIBLE,-0.14,-0.08
215,70,car,0.2251,567.85,201.8,633.37,245.91,600.61,223.85,65.52,44.12,2890.4,1.49,Horizontal Oblong,Blue,"(100, 60, 56)",70,VISIBLE,0.31,-2.07
215,56,car,0.3674,249.96,151.76,305.54,175.74,277.75,163.75,55.58,23.98,1332.59,2.32,Horizontal Oblong,Blue,"(100, 53, 63)",56,VISIBLE,-0.66,0.22
215,52,car,0.2744,450.63,174.57,491.86,211.5,471.25,193.04,41.24,36.93,1522.82,1.12,Spherical / Regular,Blue,"(98, 59, 99)",52,VISIBLE,-0.05,-0.04
215,66,car,0.2487,334.44,189.93,385.07,219.9,359.76,204.92,50.64,29.97,1517.39,1.69,Horizontal Oblong,Blue,"(101, 64, 107)",66,VISIBLE,-0.23,0.54
215,62,car,0.2501,295.24,151.22,331.07,174.62,313.16,162.92,35.84,23.4,838.69,1.53,Horizontal Oblong,Blue,"(105, 55, 44)",62,VISIBLE,0.35,0.04
215,60,car,0.1861,479.95,163.91,516.88,191.59,498.41,177.75,36.93,27.69,1022.49,1.33,Horizontal Oblong,Blue,"(98, 56, 98)",60,VISIBLE,-0.27,-0.64
215,72,car,0.1977,516.5,177.92,566.74,210.04,541.62,193.98,50.24,32.12,1613.79,1.56,Horizontal Oblong,Blue,"(99, 62, 100)",72,VISIBLE,0.13,-0.17
215,78,car,0.1804,1090.33,166.28,1204.48,219.5,1147.4,192.89,114.15,53.22,6074.76,2.15,Horizontal Oblong,Green,"(38, 48, 66)",78,VISIBLE,-1.76,0.35
215,79,bus,0.1791,504.63,133.94,547.09,176.3,525.86,155.12,42.46,42.36,1798.69,1.0,Spherical / Regular,Orange,"(16, 52, 98)",79,VISIBLE,0.07,0.34
215,80,car,0.1566,797.47,134.3,838.85,160.27,818.16,147.28,41.38,25.97,1074.78,1.59,Horizontal Oblong,Orange,"(16, 68, 97)",80,VISIBLE,-0.54,0.17
215,8,car,0.2467,1099.95,164.04,1135.11,188.57,1117.53,176.31,35.17,24.53,862.72,1.43,Horizontal Oblong,Blue,"(102, 45, 45)",81,VISIBLE,0.5,0.6
215,69,car,0.1706,417.09,175.73,457.83,219.27,437.46,197.5,40.74,43.53,1773.48,0.94,Spherical / Regular,Blue,"(98, 58, 103)",82,VISIBLE,-4.29,0.03
215,83,car,0.2527,560.03,226.72,630.13,266.45,595.08,246.59,70.1,39.73,2785.29,1.76,Horizontal Oblong,Blue,"(104, 64, 54)",83,VISIBLE,0.26,0.63
216,15,car,0.5118,709.16,117.09,971.58,163.53,840.37,140.31,262.41,46.44,12186.52,5.65,Horizontal Oblong,Orange,"(18, 61, 103)",15,VISIBLE,-4.39,0.02
216,16,car,0.7988,588.24,316.39,1280.18,709.94,934.21,513.16,691.94,393.55,272313.29,1.76,Horizontal Oblong,Green,"(82, 159, 63)",22,VISIBLE,-2.02,0.24
216,9,car,0.6175,438.0,154.66,689.26,369.74,563.63,262.2,251.26,215.07,54039.7,1.17,Spherical / Regular,Blue,"(100, 59, 92)",27,VISIBLE,-5.54,0.94
216,4,car,0.3009,152.87,132.16,246.41,160.79,199.64,146.47,93.53,28.63,2677.85,3.27,Horizontal Oblong,Blue,"(100, 48, 45)",35,VISIBLE,-8.74,0.4
216,36,car,0.7768,994.61,131.76,1279.62,355.47,1137.12,243.61,285.01,223.71,63759.47,1.27,Horizontal Oblong,Blue,"(100, 50, 70)",36,VISIBLE,-2.48,0.62
216,13,car,0.7745,1159.51,427.65,1279.57,718.08,1219.54,572.86,120.06,290.43,34869.25,0.41,Vertical Oblong,Green,"(81, 143, 67)",37,VISIBLE,-0.67,-0.54
216,39,car,0.921,-8.63,147.88,481.85,541.5,236.61,344.69,490.48,393.62,193063.15,1.25,Horizontal Oblong,Blue,"(99, 61, 88)",39,VISIBLE,-3.95,1.34
216,40,car,0.7616,-15.15,145.38,139.83,215.07,62.34,180.22,154.98,69.69,10800.59,2.22,Horizontal Oblong,Blue,"(99, 46, 48)",40,VISIBLE,-4.99,-1.83
216,41,car,0.6428,320.7,134.64,505.85,215.31,413.28,174.98,185.15,80.67,14935.73,2.3,Horizontal Oblong,Blue,"(101, 51, 95)",41,VISIBLE,-7.52,1.1
216,7,car,0.443,-33.18,157.54,3.8,166.17,-14.69,161.86,36.98,8.62,318.94,4.29,Horizontal Oblong,Orange,"(11, 41, 50)",42,VISIBLE,-3.17,-1.11
216,43,car,0.2136,688.59,133.21,759.64,170.2,724.12,151.71,71.05,36.99,2628.44,1.92,Horizontal Oblong,Red,"(7, 58, 131)",43,VISIBLE,-4.11,-0.29
216,44,car,0.7812,547.96,155.57,1156.01,550.38,851.99,352.98,608.05,394.81,240066.08,1.54,Horizontal Oblong,Green,"(83, 119, 84)",44,VISIBLE,-5.73,7.82
216,49,car,0.8907,-0.01,425.64,194.5,702.95,97.24,564.3,194.51,277.31,53938.96,0.7,Vertical Oblong,Blue,"(101, 50, 54)",49,VISIBLE,-0.13,0.32
216,38,car,0.8803,324.32,431.6,579.08,623.7,451.7,527.65,254.75,192.09,48936.55,1.33,Horizontal Oblong,Blue,"(98, 59, 103)",68,VISIBLE,-1.64,0.8
216,20,car,0.7982,66.64,291.03,226.7,395.01,146.67,343.02,160.06,103.98,16642.98,1.54,Horizontal Oblong,Blue,"(100, 62, 102)",48,VISIBLE,0.34,0.07
216,46,car,0.833,121.33,343.45,361.65,517.85,241.49,430.65,240.32,174.4,41911.82,1.38,Horizontal Oblong,Blue,"(100, 76, 61)",46,VISIBLE,-0.23,-0.04
216,77,car,0.728,515.3,266.16,630.86,421.75,573.08,343.95,115.56,155.59,17980.07,0.74,Vertical Oblong,Blue,"(110, 64, 52)",77,VISIBLE,-0.95,0.34
216,51,car,0.7564,224.89,249.74,339.2,333.79,282.05,291.76,114.31,84.05,9608.36,1.36,Horizontal Oblong,Blue,"(99, 58, 110)",51,VISIBLE,0.02,-0.02
216,50,car,0.7694,1215.46,202.73,1279.33,246.24,1247.4,224.48,63.86,43.51,2778.52,1.47,Horizontal Oblong,Blue,"(100, 46, 103)",50,VISIBLE,0.01,0.76
216,53,car,0.8229,260.69,300.85,421.93,424.63,341.31,362.74,161.24,123.78,19957.83,1.3,Horizontal Oblong,Orange,"(16, 79, 119)",53,VISIBLE,-0.29,0.39
216,47,car,0.6975,344.39,265.99,469.18,374.62,406.79,320.3,124.79,108.63,13556.16,1.15,Spherical / Regular,Blue,"(98, 75, 95)",47,VISIBLE,0.16,0.28
216,59,car,0.6019,403.38,248.96,497.29,334.53,450.33,291.74,93.91,85.57,8036.3,1.1,Spherical / Regular,Blue,"(104, 63, 77)",59,VISIBLE,-0.35,0.16
216,76,car,0.229,575.36,245.71,668.56,288.9,621.96,267.31,93.21,43.19,4025.69,2.16,Horizontal Oblong,Blue,"(102, 46, 59)",76,VISIBLE,-3.09,-0.02
216,54,car,0.52,0.13,279.32,86.62,387.08,43.38,333.2,86.49,107.76,9320.5,0.8,Vertical Oblong,Blue,"(98, 49, 95)",54,VISIBLE,-0.38,0.75
216,75,car,0.3129,674.21,183.86,721.81,242.47,698.01,213.17,47.6,58.61,2789.58,0.81,Vertical Oblong,Red,"(6, 59, 103)",75,VISIBLE,-0.26,-0.31
216,61,car,0.4793,323.1,219.14,408.36,290.41,365.73,254.78,85.26,71.27,6076.44,1.2,Spherical / Regular,Blue,"(103, 66, 82)",61,VISIBLE,-0.05,0.15
216,65,car,0.5722,200.95,223.47,291.68,294.47,246.32,258.97,90.73,71.0,6441.98,1.28,Horizontal Oblong,Blue,"(99, 61, 107)",65,VISIBLE,-0.25,0.08
216,71,car,0.394,86.28,165.43,188.09,204.03,137.18,184.73,101.81,38.6,3929.94,2.64,Horizontal Oblong,Blue,"(103, 53, 53)",71,VISIBLE,-0.08,0.19
216,63,car,0.5303,66.06,241.33,205.19,310.73,135.62,276.03,139.13,69.4,9656.33,2.0,Horizontal Oblong,Blue,"(99, 54, 107)",63,VISIBLE,-0.81,0.06
216,57,car,0.5506,274.45,199.55,337.05,250.33,305.75,224.94,62.6,50.78,3178.48,1.23,Horizontal Oblong,Blue,"(99, 50, 107)",57,VISIBLE,-0.03,0.21
216,67,car,0.3836,1110.77,168.04,1174.81,191.92,1142.79,179.98,64.04,23.88,1529.19,2.68,Horizontal Oblong,Blue,"(100, 48, 40)",67,VISIBLE,-0.78,0.17
216,73,car,0.4041,487.2,197.02,549.01,250.13,518.1,223.57,61.81,53.11,3282.68,1.16,Spherical / Regular,Blue,"(99, 58, 100)",73,VISIBLE,-0.09,0.35
216,55,car,0.3519,0.11,346.12,75.06,432.3,37.58,389.21,74.95,86.18,6459.86,0.87,Spherical / Regular,Orange,"(16, 46, 74)",55,VISIBLE,-0.12,0.24
216,58,car,0.3782,169.08,158.86,227.3,186.36,198.19,172.61,58.22,27.5,1601.06,2.12,Horizontal Oblong,Blue,"(102, 60, 43)",58,VISIBLE,-0.16,0.06
216,74,car,0.6658,440.09,221.33,526.77,292.79,483.43,257.06,86.68,71.46,6194.06,1.21,Spherical / Regular,Blue,"(99, 54, 97)",74,VISIBLE,-0.1,0.24
216,64,car,0.3227,380.16,202.16,440.69,251.64,410.42,226.9,60.53,49.48,2994.86,1.22,Spherical / Regular,Blue,"(100, 59, 101)",64,VISIBLE,0.06,-0.02
216,70,car,0.2213,568.84,201.57,632.77,241.58,600.8,221.57,63.93,40.01,2557.6,1.6,Horizontal Oblong,Blue,"(101, 53, 66)",70,VISIBLE,0.23,-2.22
216,56,car,0.3629,249.7,152.09,301.41,176.27,275.55,164.18,51.71,24.17,1250.01,2.14,Horizontal Oblong,Blue,"(100, 53, 65)",56,VISIBLE,-1.73,0.37
216,52,car,0.2764,450.54,174.63,491.6,211.67,471.07,193.15,41.05,37.03,1520.25,1.11,Spherical / Regular,Blue,"(99, 61, 99)",52,VISIBLE,-0.14,0.07
216,66,car,0.26,334.01,190.34,384.3,219.74,359.16,205.04,50.3,29.39,1478.43,1.71,Horizontal Oblong,Blue,"(101, 61, 105)",66,VISIBLE,-0.49,0.25
216,62,car,0.2564,294.91,151.35,332.15,174.81,313.53,163.08,37.24,23.46,873.55,1.59,Horizontal Oblong,Blue,"(106, 54, 46)",62,VISIBLE,0.37,0.13
216,60,car,0.1985,479.28,164.44,516.03,192.81,497.65,178.62,36.75,28.37,1042.4,1.3,Horizontal Oblong,Blue,"(100, 53, 99)",60,VISIBLE,-0.61,0.42
216,72,car,0.2008,516.54,178.0,566.93,209.7,541.74,193.85,50.38,31.7,1597.02,1.59,Horizontal Oblong,Blue,"(100, 60, 101)",72,VISIBLE,0.12,-0.14
216,78,car,0.1546,1096.09,166.46,1204.09,215.78,1150.09,191.12,108.0,49.32,5326.4,2.19,Horizontal Oblong,Green,"(39, 49, 65)",78,VISIBLE,1.35,-1.13
216,79,bus,0.1849,504.68,134.09,547.15,176.92,525.92,155.5,42.46,42.83,1818.64,0.99,Spherical / Regular,Orange,"(15, 52, 101)",79,VISIBLE,0.06,0.37
216,80,car,0.171,796.81,134.07,838.55,160.67,817.68,147.37,41.74,26.6,1109.96,1.57,Horizontal Oblong,Orange,"(15, 66, 97)",80,VISIBLE,-0.5,0.11
216,8,car,0.2268,1099.86,164.0,1135.34,188.68,1117.6,176.34,35.48,24.69,875.96,1.44,Horizontal Oblong,Blue,"(105, 46, 44)",81,VISIBLE,0.2,0.2
216,69,car,0.1705,416.74,175.96,457.69,219.24,437.21,197.6,40.96,43.28,1772.81,0.95,Spherical / Regular,Blue,"(100, 58, 105)",82,VISIBLE,-1.46,0.08
216,83,car,0.2894,559.71,227.15,629.63,267.63,594.67,247.39,69.92,40.48,2830.23,1.73,Horizontal Oblong,Blue,"(104, 65, 54)",83,VISIBLE,-0.21,0.75
216,84,car,0.1646,583.4,187.67,635.38,206.91,609.39,197.29,51.99,19.24,1000.17,2.7,Horizontal Oblong,Blue,"(100, 59, 99)",84,VISIBLE,0.0,0.0
217,15,car,0.5118,704.21,117.8,967.74,162.87,835.98,140.33,263.52,45.07,11876.25,5.85,Horizontal Oblong,Orange,"(18, 68, 100)",15,VISIBLE,-4.39,0.02
217,16,car,0.7988,585.8,319.78,1280.26,709.98,933.03,514.88,694.45,390.2,270976.04,1.78,Horizontal Oblong,Blue,"(97, 65, 72)",22,VISIBLE,-1.43,1.27
217,9,car,0.6175,432.76,155.39,683.42,370.88,558.09,263.14,250.66,215.49,54015.22,1.16,Spherical / Regular,Blue,"(100, 65, 82)",27,VISIBLE,-5.54,0.94
217,4,car,0.3009,143.77,132.54,238.02,161.2,190.9,146.87,94.25,28.66,2701.46,3.29,Horizontal Oblong,Blue,"(95, 44, 45)",35,VISIBLE,-8.74,0.4
217,36,car,0.7768,989.66,132.12,1279.62,356.33,1134.64,244.23,289.97,224.21,65014.97,1.29,Horizontal Oblong,Blue,"(99, 57, 69)",36,VISIBLE,-2.48,0.61
217,13,car,0.6385,1168.92,442.86,1279.63,691.31,1224.28,567.09,110.72,248.45,27507.36,0.45,Vertical Oblong,Blue,"(100, 54, 69)",37,VISIBLE,3.11,-4.21
217,39,car,0.921,-9.11,148.21,474.43,543.84,232.66,346.03,483.54,395.63,191304.36,1.22,Spherical / Regular,Blue,"(99, 61, 87)",39,VISIBLE,-3.95,1.34
217,40,car,0.7616,-16.04,145.9,130.74,210.87,57.35,178.39,146.78,64.97,9536.17,2.26,Horizontal Oblong,Blue,"(99, 47, 47)",40,VISIBLE,-4.99,-1.84
217,41,car,0.6428,312.3,134.95,499.22,217.2,405.76,176.07,186.91,82.25,15374.44,2.27,Horizontal Oblong,Blue,"(101, 51, 95)",41,VISIBLE,-7.52,1.1
217,7,car,0.443,-39.82,158.55,4.1,162.95,-17.86,160.75,43.92,4.4,193.19,9.98,Horizontal Oblong,Red,"(3, 50, 51)",42,VISIBLE,-3.17,-1.11
217,43,car,0.2136,684.08,133.15,755.93,169.68,720.01,151.41,71.86,36.53,2624.73,1.97,Horizontal Oblong,Red,"(6, 59, 133)",43,VISIBLE,-4.11,-0.29
217,44,car,0.7812,541.08,155.91,1151.78,564.52,846.43,360.22,610.7,408.61,249541.9,1.49,Horizontal Oblong,Blue,"(93, 71, 80)",44,VISIBLE,-5.61,7.42
217,49,car,0.9029,-0.01,425.86,194.06,706.79,97.02,566.32,194.07,280.93,54519.1,0.69,Vertical Oblong,Blue,"(100, 44, 57)",49,VISIBLE,-0.19,1.52
217,38,car,0.8552,324.47,431.55,588.58,632.63,456.52,532.09,264.11,201.08,53107.26,1.31,Horizontal Oblong,Blue,"(98, 69, 93)",68,VISIBLE,2.88,3.35
217,20,car,0.7729,66.63,291.48,226.72,394.73,146.68,343.1,160.09,103.24,16528.28,1.55,Horizontal Oblong,Blue,"(100, 61, 102)",48,VISIBLE,0.11,0.08
217,46,car,0.8456,121.1,343.75,361.37,518.8,241.24,431.27,240.28,175.05,42060.7,1.37,Horizontal Oblong,Blue,"(100, 76, 61)",46,VISIBLE,-0.25,0.43
217,77,car,0.5222,515.39,264.74,642.07,398.55,578.73,331.65,126.69,133.81,16951.96,0.95,Spherical / Regular,Blue,"(102, 73, 67)",77,VISIBLE,3.67,-8.51
217,51,car,0.7488,224.73,249.81,339.94,333.96,282.33,291.88,115.21,84.15,9695.14,1.37,Horizontal Oblong,Blue,"(98, 57, 110)",51,VISIBLE,0.21,0.08
217,50,car,0.7247,1215.53,204.73,1278.86,246.28,1247.19,225.5,63.33,41.55,2631.68,1.52,Horizontal Oblong,Blue,"(100, 46, 103)",50,VISIBLE,-0.14,0.94
217,53,car,0.8275,260.07,301.23,421.65,425.58,340.86,363.41,161.58,124.35,20093.27,1.3,Horizontal Oblong,Orange,"(16, 78, 119)",53,VISIBLE,-0.4,0.58
217,47,car,0.6633,344.35,265.92,470.2,374.03,407.28,319.97,125.84,108.11,13604.81,1.16,Spherical / Regular,Blue,"(99, 75, 94)",47,VISIBLE,0.39,-0.15
217,59,car,0.5257,402.66,249.22,497.3,334.58,449.98,291.9,94.64,85.36,8079.15,1.11,Spherical / Regular,Blue,"(103, 63, 76)",59,VISIBLE,-0.35,0.16
217,76,car,0.229,576.31,245.85,665.3,286.54,620.8,266.19,88.99,40.69,3621.17,2.19,Horizontal Oblong,Blue,"(104, 67, 54)",76,VISIBLE,-1.74,-0.78
217,54,car,0.4937,0.18,279.44,85.87,388.4,43.03,333.92,85.69,108.95,9336.59,0.79,Vertical Oblong,Blue,"(98, 50, 94)",54,VISIBLE,-0.36,0.73
217,75,car,0.1743,675.59,192.69,732.75,244.44,704.17,218.56,57.16,51.75,2958.08,1.1,Spherical / Regular,Orange,"(20, 57, 78)",75,VISIBLE,4.23,3.69
217,61,car,0.4742,323.02,219.03,408.95,290.63,365.99,254.83,85.93,71.61,6152.77,1.2,Spherical / Regular,Blue,"(103, 64, 81)",61,VISIBLE,0.16,0.08
217,65,car,0.5903,200.71,223.71,292.35,294.77,246.53,259.24,91.64,71.05,6511.25,1.29,Horizontal Oblong,Blue,"(99, 60, 107)",65,VISIBLE,0.08,0.21
217,71,car,0.3966,86.69,165.36,190.97,204.61,138.83,184.99,104.28,39.25,4093.29,2.66,Horizontal Oblong,Blue,"(102, 54, 54)",71,VISIBLE,1.13,0.24
217,63,car,0.5773,65.53,241.61,203.24,310.64,134.39,276.13,137.71,69.03,9506.22,1.99,Horizontal Oblong,Blue,"(99, 55, 107)",63,VISIBLE,-1.11,0.08
217,57,car,0.523,274.22,199.88,337.22,250.49,305.72,225.19,63.0,50.62,3189.0,1.24,Horizontal Oblong,Blue,"(100, 50, 107)",57,VISIBLE,-0.03,0.24
217,67,car,0.2614,1112.05,168.43,1173.69,191.97,1142.87,180.2,61.64,23.54,1451.13,2.62,Horizontal Oblong,Blue,"(100, 46, 39)",67,VISIBLE,-0.18,0.21
217,73,car,0.3882,486.45,197.08,548.97,251.0,517.71,224.04,62.52,53.92,3371.1,1.16,Spherical / Regular,Blue,"(99, 57, 100)",73,VISIBLE,-0.3,0.43
217,55,car,0.3132,0.11,345.13,74.61,432.69,37.36,388.91,74.5,87.56,6523.37,0.85,Spherical / Regular,Orange,"(16, 46, 71)",55,VISIBLE,-0.19,-0.14
217,58,car,0.3504,168.77,159.02,227.26,186.32,198.02,172.67,58.49,27.3,1596.88,2.14,Horizontal Oblong,Blue,"(102, 61, 44)",58,VISIBLE,-0.17,0.06
217,74,car,0.6343,440.06,221.71,526.39,292.81,483.23,257.26,86.34,71.1,6138.41,1.21,Spherical / Regular,Blue,"(99, 54, 96)",74,VISIBLE,-0.17,0.21
217,64,car,0.3293,380.07,202.3,440.72,251.84,410.4,227.07,60.64,49.54,3004.2,1.22,Spherical / Regular,Blue,"(100, 58, 102)",64,VISIBLE,-0.0,0.11
217,70,car,0.2213,569.7,201.26,632.32,239.23,601.01,220.24,62.62,37.97,2377.64,1.65,Horizontal Oblong,Blue,"(101, 49, 89)",70,VISIBLE,0.21,-1.6
217,56,car,0.3239,249.37,152.26,306.62,177.52,277.99,164.89,57.25,25.26,1445.89,2.27,Horizontal Oblong,Blue,"(100, 54, 63)",56,VISIBLE,1.19,0.61
217,52,car,0.2331,450.31,174.81,491.37,211.98,470.84,193.39,41.06,37.17,1526.2,1.1,Spherical / Regular,Blue,"(99, 61, 99)",52,VISIBLE,-0.2,0.19
217,66,car,0.2253,333.56,190.64,383.67,219.61,358.62,205.12,50.11,28.97,1451.79,1.73,Horizontal Oblong,Blue,"(101, 60, 103)",66,VISIBLE,-0.52,0.13
217,62,car,0.2028,294.55,151.65,333.59,175.0,314.07,163.32,39.05,23.34,911.48,1.67,Horizontal Oblong,Blue,"(106, 55, 46)",62,VISIBLE,0.49,0.21
217,60,car,0.1589,477.51,164.79,515.68,193.88,496.6,179.33,38.17,29.09,1110.52,1.31,Horizontal Oblong,Blue,"(100, 52, 100)",60,VISIBLE,-0.93,0.62
217,72,car,0.2008,516.72,178.04,567.03,209.63,541.87,193.84,50.31,31.59,1589.21,1.59,Horizontal Oblong,Blue,"(99, 59, 100)",72,VISIBLE,0.13,-0.05
217,78,car,0.1546,1095.12,166.51,1204.07,215.22,1149.6,190.87,108.95,48.71,5307.19,2.24,Horizontal Oblong,Blue,"(87, 51, 64)",78,VISIBLE,0.06,-0.52
217,79,bus,0.1849,504.68,134.19,547.23,177.63,525.96,155.91,42.55,43.45,1848.61,0.98,Spherical / Regular,Orange,"(15, 55, 99)",79,VISIBLE,0.05,0.39
217,80,car,0.171,795.99,133.85,838.47,161.02,817.23,147.44,42.48,27.17,1154.15,1.56,Horizontal Oblong,Orange,"(15, 63, 92)",80,VISIBLE,-0.46,0.08
217,8,car,0.2268,1099.71,164.04,1135.52,188.88,1117.62,176.46,35.81,24.83,889.3,1.44,Horizontal Oblong,Blue,"(105, 46, 47)",81,VISIBLE,0.07,0.15
217,69,car,0.1705,416.52,176.1,457.61,219.22,437.06,197.66,41.08,43.12,1771.62,0.95,Spherical / Regular,Blue,"(100, 59, 105)",82,VISIBLE,-0.54,0.07
217,83,car,0.2267,560.12,227.05,630.05,268.36,595.09,247.7,69.94,41.3,2888.71,1.69,Horizontal Oblong,Blue,"(104, 65, 54)",83,VISIBLE,0.23,0.45
217,84,car,0.1646,583.36,187.69,635.39,206.94,609.37,197.31,52.03,19.25,1001.53,2.7,Horizontal Oblong,Blue,"(99, 61, 98)",84,VISIBLE,-0.01,0.03
218,15,car,0.5118,699.27,118.5,963.9,162.2,831.58,140.35,264.63,43.69,11562.94,6.06,Horizontal Oblong,Orange,"(18, 67, 101)",15,VISIBLE,-4.39,0.02
218,16,car,0.7988,583.36,323.18,1280.33,710.03,931.85,516.61,696.97,386.85,269621.94,1.8,Horizontal Oblong,Blue,"(97, 65, 72)",22,VISIBLE,-1.26,1.59
218,9,car,0.6175,427.53,156.12,677.59,372.03,552.56,264.07,250.06,215.91,53990.24,1.16,Spherical / Regular,Blue,"(101, 65, 81)",27,VISIBLE,-5.53,0.94
218,4,car,0.3009,134.67,132.92,229.63,161.62,182.15,147.27,94.96,28.7,2725.11,3.31,Horizontal Oblong,Red,"(5, 40, 47)",35,VISIBLE,-8.74,0.4
218,36,car,0.7768,984.7,132.48,1279.62,357.2,1132.16,244.84,294.92,224.72,66275.49,1.31,Horizontal Oblong,Blue,"(99, 57, 70)",36,VISIBLE,-2.48,0.61
218,13,car,0.6214,1175.86,453.68,1279.68,672.59,1227.77,563.14,103.82,218.9,22727.35,0.47,Vertical Oblong,Orange,"(16, 53, 59)",37,VISIBLE,3.38,-4.03
218,39,car,0.921,-9.59,148.55,467.01,546.19,228.71,347.37,476.6,397.65,189517.65,1.2,Spherical / Regular,Blue,"(99, 61, 86)",39,VISIBLE,-3.95,1.34
218,40,car,0.7616,-16.93,146.42,121.65,206.68,52.36,176.55,138.57,60.25,8349.18,2.3,Horizontal Oblong,Blue,"(90, 45, 45)",40,VISIBLE,-4.99,-1.84
218,41,car,0.6428,303.91,135.25,492.58,219.09,398.24,177.17,188.67,83.84,15818.75,2.25,Horizontal Oblong,Blue,"(101, 52, 97)",41,VISIBLE,-7.52,1.1
218,7,car,0.443,-46.46,159.56,4.4,159.73,-21.03,160.06,50.85,1.0,50.85,50.85,Horizontal Oblong,Neutral,"(0, 0, 0)",42,VISIBLE,-3.17,-0.81
218,43,car,0.2136,679.56,133.09,752.23,169.15,715.89,151.12,72.67,36.06,2620.27,2.02,Horizontal Oblong,Red,"(6, 59, 132)",43,VISIBLE,-4.11,-0.29
218,44,car,0.7812,534.19,156.25,1147.55,578.67,840.87,367.46,613.35,422.42,259090.88,1.45,Horizontal Oblong,Blue,"(95, 70, 80)",44,VISIBLE,-5.57,7.3
218,49,car,0.9004,-0.01,426.0,193.62,710.01,96.8,568.01,193.63,284.01,54991.08,0.68,Vertical Oblong,Blue,"(100, 45, 58)",49,VISIBLE,-0.21,1.63
218,38,car,0.8602,324.28,431.43,595.66,638.35,459.97,534.89,271.38,206.92,56154.32,1.31,Horizontal Oblong,Blue,"(98, 69, 92)",68,VISIBLE,3.28,2.96
218,20,car,0.7219,67.15,291.23,226.4,394.93,146.77,343.08,159.26,103.7,16515.74,1.54,Horizontal Oblong,Blue,"(100, 61, 102)",48,VISIBLE,0.1,0.01
218,46,car,0.8383,120.81,344.27,361.06,519.4,240.93,431.84,240.25,175.13,42073.53,1.37,Horizontal Oblong,Blue,"(100, 76, 61)",46,VISIBLE,-0.28,0.52
218,77,car,0.5248,515.53,263.97,650.01,382.2,582.77,323.08,134.48,118.23,15899.73,1.14,Spherical / Regular,Blue,"(108, 71, 56)",77,VISIBLE,3.93,-8.55
218,51,car,0.7426,224.53,249.82,340.39,334.3,282.46,292.06,115.86,84.49,9788.75,1.37,Horizontal Oblong,Blue,"(99, 57, 111)",51,VISIBLE,0.15,0.15
218,50,car,0.7325,1215.58,205.9,1278.56,246.3,1247.07,226.1,62.97,40.4,2544.33,1.56,Horizontal Oblong,Blue,"(100, 45, 102)",50,VISIBLE,-0.13,0.7
218,53,car,0.8276,259.43,301.78,421.44,426.3,340.43,364.04,162.01,124.52,20174.1,1.3,Horizontal Oblong,Orange,"(16, 78, 119)",53,VISIBLE,-0.42,0.62
218,47,car,0.6522,344.4,265.62,470.97,373.89,407.69,319.76,126.57,108.27,13703.82,1.17,Spherical / Regular,Blue,"(99, 74, 94)",47,VISIBLE,0.4,-0.2
218,59,car,0.518,402.29,249.45,497.39,334.75,449.84,292.1,95.1,85.3,8112.32,1.11,Spherical / Regular,Blue,"(104, 64, 76)",59,VISIBLE,-0.2,0.19
218,76,car,0.229,577.27,245.98,662.03,284.18,619.65,265.08,84.77,38.2,3237.73,2.22,Horizontal Oblong,Blue,"(103, 67, 55)",76,VISIBLE,-1.33,-1.02
218,54,car,0.4715,0.19,279.54,85.43,390.67,42.81,335.11,85.24,111.13,9472.84,0.77,Vertical Oblong,Blue,"(98, 50, 93)",54,VISIBLE,-0.26,1.05
218,75,car,0.1725,676.32,198.98,740.79,246.3,708.56,222.64,64.48,47.31,3050.47,1.36,Horizontal Oblong,Blue,"(102, 55, 75)",75,VISIBLE,4.34,3.96
218,61,car,0.4807,323.11,218.96,409.36,291.19,366.24,255.08,86.25,72.23,6229.66,1.19,Spherical / Regular,Blue,"(103, 65, 81)",61,VISIBLE,0.22,0.2
218,65,car,0.5764,200.49,223.85,293.08,295.02,246.78,259.44,92.6,71.17,6590.03,1.3,Horizontal Oblong,Blue,"(99, 60, 108)",65,VISIBLE,0.2,0.2
218,71,car,0.4016,86.21,165.87,191.04,205.85,138.62,185.86,104.83,39.98,4191.24,2.62,Horizontal Oblong,Blue,"(103, 53, 53)",71,VISIBLE,0.19,0.68
218,63,car,0.5776,65.24,241.83,201.52,310.36,133.38,276.1,136.27,68.53,9338.68,1.99,Horizontal Oblong,Blue,"(99, 55, 107)",63,VISIBLE,-1.04,0.0
218,57,car,0.5123,274.03,200.13,337.74,250.63,305.88,225.38,63.71,50.5,3217.52,1.26,Horizontal Oblong,Blue,"(100, 49, 108)",57,VISIBLE,0.11,0.21
218,67,car,0.2675,1112.96,168.73,1172.97,192.08,1142.96,180.4,60.01,23.35,1401.31,2.57,Horizontal Oblong,Blue,"(100, 47, 39)",67,VISIBLE,0.01,0.21
218,73,car,0.3929,485.91,197.06,548.9,251.62,517.41,224.34,62.99,54.56,3436.51,1.15,Spherical / Regular,Blue,"(99, 57, 100)",73,VISIBLE,-0.3,0.34
218,55,car,0.2516,0.12,344.86,74.27,432.78,37.19,388.82,74.15,87.92,6519.57,0.84,Spherical / Regular,Orange,"(16, 46, 71)",55,VISIBLE,-0.17,-0.1
218,58,car,0.3438,168.66,159.17,227.24,186.14,197.95,172.66,58.58,26.97,1580.18,2.17,Horizontal Oblong,Blue,"(103, 62, 43)",58,VISIBLE,-0.1,0.01
218,74,car,0.6279,440.32,221.96,526.11,292.91,483.22,257.43,85.79,70.95,6086.13,1.21,Spherical / Regular,Blue,"(99, 53, 97)",74,VISIBLE,-0.06,0.19
218,64,car,0.3415,380.36,202.62,440.73,252.04,410.55,227.33,60.37,49.42,2983.67,1.22,Spherical / Regular,Blue,"(100, 60, 103)",64,VISIBLE,0.1,0.22
218,70,car,0.2213,570.56,200.95,631.88,236.88,601.22,218.91,61.32,35.93,2203.0,1.71,Horizontal Oblong,Blue,"(100, 47, 119)",70,VISIBLE,0.21,-1.41
218,56,car,0.3204,249.18,152.34,314.8,178.7,281.99,165.52,65.61,26.37,1730.03,2.49,Horizontal Oblong,Blue,"(100, 54, 61)",56,VISIBLE,3.15,0.62
218,52,car,0.225,450.02,174.85,491.21,212.43,470.62,193.64,41.19,37.58,1547.77,1.1,Spherical / Regular,Blue,"(99, 61, 100)",52,VISIBLE,-0.22,0.23
218,66,car,0.214,333.51,190.81,383.04,219.4,358.28,205.1,49.53,28.59,1415.89,1.73,Horizontal Oblong,Blue,"(102, 61, 104)",66,VISIBLE,-0.4,0.03
218,62,car,0.1993,294.38,151.99,334.62,175.14,314.5,163.57,40.24,23.16,931.94,1.74,Horizontal Oblong,Blue,"(106, 54, 47)",62,VISIBLE,0.45,0.23
218,60,car,0.1556,476.83,164.83,515.23,194.37,496.03,179.6,38.4,29.54,1134.36,1.3,Horizontal Oblong,Blue,"(100, 53, 100)",60,VISIBLE,-0.67,0.37
218,72,car,0.2008,516.89,178.09,567.13,209.57,542.01,193.83,50.24,31.48,1581.41,1.6,Horizontal Oblong,Blue,"(99, 57, 99)",72,VISIBLE,0.13,-0.02
218,79,bus,0.1849,504.68,134.28,547.31,178.35,526.0,156.32,42.64,44.06,1878.69,0.97,Spherical / Regular,Orange,"(15, 54, 98)",79,VISIBLE,0.04,0.4
218,80,car,0.171,795.16,133.63,838.39,161.38,816.78,147.51,43.23,27.74,1199.19,1.56,Horizontal Oblong,Orange,"(14, 62, 93)",80,VISIBLE,-0.46,0.07
218,8,car,0.2268,1099.56,164.09,1135.7,189.07,1117.63,176.58,36.14,24.98,902.73,1.45,Horizontal Oblong,Blue,"(105, 46, 45)",81,VISIBLE,0.03,0.13
218,69,car,0.1705,416.31,176.24,457.52,219.2,436.91,197.72,41.21,42.96,1770.38,0.96,Spherical / Regular,Blue,"(100, 60, 106)",82,VISIBLE,-0.27,0.06
218,83,car,0.2314,560.27,227.21,631.09,268.59,595.68,247.9,70.82,41.39,2931.04,1.71,Horizontal Oblong,Blue,"(104, 65, 54)",83,VISIBLE,0.48,0.27
218,84,car,0.1646,583.32,187.71,635.4,206.97,609.36,197.34,52.08,19.26,1002.89,2.7,Horizontal Oblong,Blue,"(99, 58, 100)",84,VISIBLE,-0.02,0.03
218,87,car,0.8738,463.12,336.1,879.73,506.02,671.43,421.06,416.61,169.93,70792.41,2.45,Horizontal Oblong,Blue,"(87, 93, 80)",87,VISIBLE,0.0,0.0
218,86,car,0.8259,727.98,409.68,1009.59,646.32,868.79,528.0,281.62,236.64,66641.79,1.19,Spherical / Regular,Blue,"(97, 71, 76)",86,VISIBLE,0.0,0.0
218,98,car,0.8151,849.83,597.94,1278.27,714.84,1064.05,656.39,428.43,116.89,50081.23,3.67,Horizontal Oblong,Blue,"(102, 59, 73)",98,VISIBLE,0.0,0.0
218,45,car,0.7814,884.2,260.14,1025.67,362.85,954.93,311.5,141.47,102.71,14530.0,1.38,Horizontal Oblong,Orange,"(16, 68, 82)",89,VISIBLE,-13.95,1.01
218,95,car,0.796,1022.06,249.65,1132.5,308.52,1077.28,279.09,110.44,58.88,6502.54,1.88,Horizontal Oblong,Blue,"(102, 52, 90)",95,VISIBLE,0.0,0.0
218,92,car,0.775,201.84,619.48,625.22,713.32,413.53,666.4,423.38,93.84,39728.36,4.51,Horizontal Oblong,Blue,"(100, 40, 72)",92,VISIBLE,0.0,0.0
218,85,car,0.7587,1035.49,347.51,1279.69,539.51,1157.59,443.51,244.2,192.0,46885.09,1.27,Horizontal Oblong,Green,"(81, 71, 50)",85,VISIBLE,0.0,0.0
218,93,car,0.7581,953.71,305.3,1126.67,425.62,1040.19,365.46,172.95,120.32,20808.76,1.44,Horizontal Oblong,Orange,"(16, 70, 131)",93,VISIBLE,0.0,0.0
218,94,car,0.6481,1097.38,271.47,1276.1,350.64,1186.74,311.06,178.72,79.17,14148.26,2.26,Horizontal Oblong,Blue,"(105, 61, 49)",94,VISIBLE,0.0,0.0
218,102,car,0.649,583.73,245.64,760.15,337.49,671.94,291.56,176.41,91.85,16202.88,1.92,Horizontal Oblong,Blue,"(104, 67, 55)",102,VISIBLE,0.0,0.0
218,100,car,0.6041,1048.14,192.52,1104.86,227.92,1076.5,210.22,56.72,35.4,2007.87,1.6,Horizontal Oblong,Green,"(39, 49, 75)",100,VISIBLE,0.0,0.0
218,91,car,0.5905,731.14,278.17,868.0,384.94,799.57,331.56,136.86,106.77,14611.98,1.28,Horizontal Oblong,Blue,"(93, 64, 101)",91,VISIBLE,0.0,0.0
218,90,car,0.5091,823.72,220.66,900.96,293.94,862.34,257.3,77.24,73.28,5660.18,1.05,Spherical / Regular,Orange,"(14, 56, 78)",90,VISIBLE,0.0,0.0
218,88,car,0.4432,792.04,207.12,854.39,268.13,823.21,237.63,62.36,61.01,3804.28,1.02,Spherical / Regular,Orange,"(14, 73, 77)",88,VISIBLE,0.0,0.0
218,99,car,0.386,694.7,225.83,772.63,281.54,733.67,253.68,77.93,55.71,4341.68,1.4,Horizontal Oblong,Blue,"(98, 54, 93)",99,VISIBLE,0.0,0.0
218,97,truck,0.3392,830.26,148.11,916.22,219.46,873.24,183.78,85.96,71.35,6133.44,1.2,Spherical / Regular,Orange,"(15, 96, 98)",97,VISIBLE,0.0,0.0
218,101,car,0.3206,982.31,228.91,1062.6,278.38,1022.45,253.64,80.29,49.47,3972.16,1.62,Horizontal Oblong,Blue,"(101, 56, 58)",101,VISIBLE,0.0,0.0
218,96,car,0.2929,863.77,233.01,974.16,317.39,918.97,275.2,110.39,84.39,9315.5,1.31,Horizontal Oblong,Orange,"(22, 54, 71)",96,VISIBLE,0.0,0.0
218,104,car,0.197,965.36,186.54,1013.89,216.29,989.63,201.42,48.53,29.76,1443.92,1.63,Horizontal Oblong,Blue,"(106, 61, 71)",104,VISIBLE,0.0,0.0
218,103,car,0.1973,764.64,197.77,824.81,254.45,794.73,226.11,60.17,56.68,3410.59,1.06,Spherical / Regular,Blue,"(108, 79, 69)",103,VISIBLE,0.0,0.0
219,16,car,0.7988,580.92,326.58,1280.4,710.08,930.66,518.33,699.48,383.5,268251.0,1.82,Horizontal Oblong,Blue,"(97, 66, 72)",22,VISIBLE,-1.21,1.68
219,13,car,0.5915,1180.59,460.92,1279.71,660.69,1230.15,560.81,99.12,199.77,19801.55,0.5,Vertical Oblong,Orange,"(17, 55, 59)",37,VISIBLE,2.68,-2.84
219,44,car,0.7812,527.31,156.59,1143.31,592.81,835.31,374.7,616.0,436.22,268713.01,1.41,Horizontal Oblong,Blue,"(94, 70, 79)",44,VISIBLE,-5.56,7.26
219,49,car,0.8997,-0.01,426.19,193.38,712.14,96.68,569.17,193.38,285.96,55299.66,0.68,Vertical Oblong,Blue,"(100, 45, 57)",49,VISIBLE,-0.15,1.3
219,38,car,0.8583,324.28,431.41,600.65,642.09,462.46,536.75,276.37,210.68,58226.86,1.31,Horizontal Oblong,Blue,"(98, 68, 92)",68,VISIBLE,2.73,2.19
219,20,car,0.7051,66.58,291.02,226.22,395.34,146.4,343.18,159.64,104.31,16652.4,1.53,Horizontal Oblong,Blue,"(100, 61, 101)",48,VISIBLE,-0.23,0.07
219,46,car,0.8421,120.48,344.91,360.88,519.63,240.68,432.27,240.4,174.72,42003.14,1.38,Horizontal Oblong,Blue,"(92, 76, 60)",46,VISIBLE,-0.26,0.46
219,77,car,0.5372,516.69,263.79,654.66,372.07,585.68,317.93,137.98,108.28,14940.48,1.27,Horizontal Oblong,Blue,"(108, 69, 53)",77,VISIBLE,3.21,-6.17
219,51,car,0.7537,224.37,249.75,340.97,334.58,282.67,292.17,116.59,84.83,9890.51,1.37,Horizontal Oblong,Blue,"(98, 57, 111)",51,VISIBLE,0.19,0.12
219,50,car,0.7339,1215.72,206.49,1278.35,246.3,1247.04,226.4,62.63,39.81,2493.37,1.57,Horizontal Oblong,Blue,"(98, 46, 99)",50,VISIBLE,-0.06,0.42
219,53,car,0.8297,258.93,302.21,421.33,427.03,340.13,364.62,162.39,124.82,20269.88,1.3,Horizontal Oblong,Orange,"(17, 78, 119)",53,VISIBLE,-0.34,0.59
219,47,car,0.6327,344.39,265.27,471.16,373.72,407.77,319.5,126.77,108.45,13747.97,1.17,Spherical / Regular,Blue,"(98, 76, 93)",47,VISIBLE,0.18,-0.24
219,59,car,0.537,402.04,249.57,497.53,334.86,449.79,292.21,95.49,85.29,8144.87,1.12,Spherical / Regular,Blue,"(103, 64, 76)",59,VISIBLE,-0.1,0.14
219,76,car,0.229,578.22,246.12,658.76,281.82,618.49,263.97,80.54,35.7,2875.36,2.26,Horizontal Oblong,Blue,"(104, 66, 54)",76,VISIBLE,-1.21,-1.08
219,54,car,0.4517,0.19,279.63,85.0,392.04,42.59,335.83,84.82,112.41,9534.5,0.75,Vertical Oblong,Blue,"(98, 50, 93)",54,VISIBLE,-0.23,0.83
219,75,car,0.1801,676.56,202.98,746.19,248.07,711.37,225.53,69.64,45.08,3139.44,1.54,Horizontal Oblong,Blue,"(102, 52, 74)",75,VISIBLE,3.28,3.21
219,61,car,0.471,323.19,218.88,409.61,291.77,366.4,255.32,86.42,72.89,6299.23,1.19,Spherical / Regular,Blue,"(101, 66, 84)",61,VISIBLE,0.18,0.23
219,65,car,0.5728,200.29,223.93,294.07,295.31,247.18,259.62,93.78,71.38,6694.42,1.31,Horizontal Oblong,Blue,"(99, 61, 108)",65,VISIBLE,0.34,0.19
219,71,car,0.4172,85.55,166.18,193.22,207.81,139.38,186.99,107.68,41.63,4483.05,2.59,Horizontal Oblong,Blue,"(102, 52, 53)",71,VISIBLE,0.59,1.0
219,63,car,0.5664,65.04,241.97,200.36,310.34,132.7,276.16,135.32,68.37,9251.76,1.98,Horizontal Oblong,Blue,"(98, 56, 107)",63,VISIBLE,-0.79,0.04
219,57,car,0.5061,273.9,200.28,338.16,250.63,306.03,225.45,64.26,50.35,3235.52,1.28,Horizontal Oblong,Blue,"(99, 50, 108)",57,VISIBLE,0.13,0.11
219,67,car,0.2716,1113.87,168.96,1172.47,192.17,1143.17,180.57,58.6,23.21,1360.24,2.52,Horizontal Oblong,Blue,"(100, 47, 39)",67,VISIBLE,0.15,0.17
219,73,car,0.3902,486.42,196.98,548.94,251.8,517.68,224.39,62.51,54.82,3426.94,1.14,Spherical / Regular,Blue,"(98, 59, 101)",73,VISIBLE,0.1,0.14
219,55,car,0.2195,0.13,344.98,74.0,432.82,37.06,388.9,73.87,87.85,6489.52,0.84,Spherical / Regular,Orange,"(16, 46, 72)",55,VISIBLE,-0.14,0.02
219,58,car,0.3245,168.55,159.28,227.29,185.91,197.92,172.59,58.74,26.63,1564.18,2.21,Horizontal Oblong,Blue,"(102, 64, 45)",58,VISIBLE,-0.05,-0.04
219,74,car,0.633,440.88,222.03,525.97,293.05,483.42,257.54,85.08,71.02,6042.58,1.2,Spherical / Regular,Blue,"(98, 54, 97)",74,VISIBLE,0.13,0.13
219,64,car,0.3448,380.85,203.1,440.65,252.28,410.75,227.69,59.8,49.18,2940.79,1.22,Spherical / Regular,Blue,"(99, 60, 102)",64,VISIBLE,0.17,0.32
219,70,car,0.1527,572.28,199.02,632.99,233.66,602.64,216.34,60.71,34.64,2103.21,1.75,Horizontal Oblong,Blue,"(98, 48, 122)",70,VISIBLE,1.05,-2.23
219,56,car,0.3513,249.1,152.22,322.77,179.78,285.94,166.0,73.67,27.55,2029.69,2.67,Horizontal Oblong,Blue,"(100, 52, 58)",56,VISIBLE,3.71,0.52
219,52,car,0.229,449.8,174.73,491.12,212.93,470.46,193.83,41.31,38.2,1578.22,1.08,Spherical / Regular,Blue,"(98, 63, 99)",52,VISIBLE,-0.17,0.2
219,66,car,0.2056,333.56,190.89,382.6,219.24,358.08,205.06,49.04,28.35,1390.37,1.73,Horizontal Oblong,Blue,"(100, 61, 105)",66,VISIBLE,-0.26,-0.02
219,62,car,0.2,294.26,152.32,335.2,175.38,314.73,163.85,40.95,23.06,944.35,1.78,Horizontal Oblong,Blue,"(106, 55, 47)",62,VISIBLE,0.3,0.27
219,60,car,0.1504,476.47,164.84,514.92,195.1,495.7,179.97,38.46,30.27,1163.99,1.27,Horizontal Oblong,Blue,"(99, 56, 99)",60,VISIBLE,-0.44,0.37
219,72,car,0.2008,517.07,178.13,567.23,209.5,542.15,193.82,50.16,31.37,1573.62,1.6,Horizontal Oblong,Blue,"(98, 59, 99)",72,VISIBLE,0.14,-0.02
219,79,bus,0.1849,504.67,134.38,547.4,179.06,526.04,156.72,42.72,44.68,1908.87,0.96,Spherical / Regular,Orange,"(16, 53, 92)",79,VISIBLE,0.04,0.4
219,80,car,0.171,794.34,133.41,838.31,161.73,816.33,147.57,43.97,28.32,1245.08,1.55,Horizontal Oblong,Orange,"(15, 61, 90)",80,VISIBLE,-0.45,0.07
219,8,car,0.2268,1099.41,164.14,1135.88,189.27,1117.65,176.7,36.46,25.13,916.26,1.45,Horizontal Oblong,Blue,"(102, 46, 45)",81,VISIBLE,0.02,0.13
219,69,car,0.1705,416.09,176.38,457.43,219.18,436.76,197.78,41.34,42.8,1769.11,0.97,Spherical / Regular,Blue,"(100, 60, 105)",82,VISIBLE,-0.19,0.06
219,83,car,0.2375,560.44,227.23,631.96,268.59,596.2,247.91,71.51,41.36,2957.92,1.73,Horizontal Oblong,Blue,"(102, 67, 54)",83,VISIBLE,0.51,0.09
219,87,car,0.8764,463.28,336.18,879.79,505.97,671.54,421.08,416.51,169.78,70715.53,2.45,Horizontal Oblong,Blue,"(87, 94, 80)",87,VISIBLE,0.11,0.01
219,86,car,0.8276,728.05,409.75,1009.61,646.9,868.83,528.33,281.56,237.15,66770.96,1.19,Spherical / Regular,Blue,"(97, 71, 77)",86,VISIBLE,0.05,0.32
219,98,car,0.794,849.96,598.02,1278.3,714.87,1064.13,656.45,428.34,116.85,50052.26,3.67,Horizontal Oblong,Blue,"(101, 59, 73)",98,VISIBLE,0.08,0.05
219,45,car,0.7713,884.58,260.12,1025.76,363.04,955.17,311.58,141.18,102.92,14530.62,1.37,Horizontal Oblong,Orange,"(16, 68, 82)",89,VISIBLE,-4.02,0.36
219,95,car,0.8022,1021.63,249.86,1132.99,308.78,1077.31,279.32,111.36,58.92,6561.17,1.89,Horizontal Oblong,Blue,"(102, 51, 89)",95,VISIBLE,0.03,0.23
219,92,car,0.7787,200.35,619.7,625.16,713.31,412.75,666.51,424.8,93.62,39768.73,4.54,Horizontal Oblong,Blue,"(95, 40, 73)",92,VISIBLE,-0.77,0.1
219,85,car,0.7487,1036.07,347.6,1279.7,539.67,1157.88,443.63,243.63,192.08,46794.96,1.27,Horizontal Oblong,Green,"(80, 71, 50)",85,VISIBLE,0.29,0.12
219,93,car,0.7614,953.75,305.39,1126.02,425.8,1039.88,365.59,172.27,120.41,20743.93,1.43,Horizontal Oblong,Orange,"(16, 71, 130)",93,VISIBLE,-0.31,0.14
219,94,car,0.6435,1096.36,270.44,1276.15,350.23,1186.25,310.34,179.79,79.79,14344.93,2.25,Horizontal Oblong,Blue,"(105, 61, 50)",94,VISIBLE,-0.49,-0.72
219,102,car,0.641,584.74,245.91,759.68,338.76,672.21,292.34,174.94,92.85,16243.35,1.88,Horizontal Oblong,Blue,"(104, 65, 55)",102,VISIBLE,0.27,0.77
219,100,car,0.5682,1047.88,192.68,1104.13,227.0,1076.01,209.84,56.25,34.32,1930.53,1.64,Horizontal Oblong,Green,"(38, 54, 86)",100,VISIBLE,-0.5,-0.38
219,91,car,0.6057,730.09,277.98,868.05,385.43,799.07,331.7,137.96,107.44,14823.02,1.28,Horizontal Oblong,Blue,"(93, 64, 100)",91,VISIBLE,-0.5,0.15
219,90,car,0.5176,823.73,220.62,900.94,293.74,862.33,257.18,77.21,73.13,5645.95,1.06,Spherical / Regular,Orange,"(14, 57, 78)",90,VISIBLE,-0.0,-0.12
219,88,car,0.4496,792.07,207.06,854.51,268.32,823.29,237.69,62.44,61.26,3825.12,1.02,Spherical / Regular,Orange,"(14, 71, 75)",88,VISIBLE,0.08,0.06
219,99,car,0.4127,694.91,226.08,772.57,280.75,733.74,253.41,77.66,54.67,4245.36,1.42,Horizontal Oblong,Blue,"(98, 53, 91)",99,VISIBLE,0.08,-0.27
219,97,truck,0.3431,830.1,148.23,915.99,219.4,873.05,183.81,85.88,71.17,6112.71,1.21,Spherical / Regular,Orange,"(16, 97, 98)",97,VISIBLE,-0.19,0.03
219,101,car,0.3358,982.95,228.96,1062.38,277.44,1022.66,253.2,79.43,48.48,3850.91,1.64,Horizontal Oblong,Blue,"(101, 57, 57)",101,VISIBLE,0.21,-0.44
219,96,car,0.2881,863.72,233.27,974.23,317.74,918.98,275.5,110.51,84.47,9334.46,1.31,Horizontal Oblong,Orange,"(19, 54, 71)",96,VISIBLE,0.01,0.31
219,104,car,0.2039,964.74,186.93,1013.48,216.18,989.11,201.56,48.74,29.25,1425.68,1.67,Horizontal Oblong,Blue,"(93, 63, 75)",104,VISIBLE,-0.51,0.14
219,103,car,0.2043,764.91,197.22,825.07,254.35,794.99,225.79,60.16,57.13,3436.92,1.05,Spherical / Regular,Blue,"(103, 79, 68)",103,VISIBLE,0.26,-0.32
220,16,car,0.7988,578.48,329.98,1280.48,710.13,929.48,520.06,702.0,380.15,266863.21,1.85,Horizontal Oblong,Blue,"(97, 66, 72)",22,VISIBLE,-1.19,1.71
220,13,car,0.5712,1183.69,465.0,1279.74,653.72,1231.71,559.36,96.05,188.72,18126.64,0.51,Vertical Oblong,Orange,"(15, 55, 62)",37,VISIBLE,1.9,-1.86
220,44,car,0.7812,520.43,156.93,1139.08,606.95,829.75,381.94,618.65,450.02,278408.31,1.37,Horizontal Oblong,Blue,"(95, 69, 79)",44,VISIBLE,-5.56,7.25
220,49,car,0.902,-0.01,426.73,193.24,714.02,96.61,570.37,193.24,287.28,55515.31,0.67,Vertical Oblong,Blue,"(100, 44, 59)",49,VISIBLE,-0.09,1.24
220,38,car,0.8623,324.48,431.5,603.65,644.54,464.07,538.02,279.16,213.04,59473.01,1.31,Horizontal Oblong,Blue,"(98, 68, 92)",68,VISIBLE,1.94,1.55
220,20,car,0.7084,65.26,290.96,226.25,396.13,145.75,343.55,160.98,105.17,16930.56,1.53,Horizontal Oblong,Blue,"(101, 61, 100)",48,VISIBLE,-0.52,0.28
220,46,car,0.8542,120.08,345.63,360.88,520.34,240.48,432.98,240.8,174.71,42070.56,1.38,Horizontal Oblong,Blue,"(100, 77, 60)",46,VISIBLE,-0.22,0.64
220,77,car,0.5453,516.45,263.81,657.37,366.08,586.91,314.95,140.91,102.28,14411.98,1.38,Horizontal Oblong,Blue,"(108, 69, 51)",77,VISIBLE,1.83,-3.94
220,51,car,0.7484,224.21,249.71,341.28,335.23,282.74,292.47,117.08,85.51,10011.31,1.37,Horizontal Oblong,Blue,"(99, 57, 111)",51,VISIBLE,0.11,0.25
220,50,car,0.7363,1215.84,206.67,1278.27,246.28,1247.05,226.48,62.43,39.62,2473.28,1.58,Horizontal Oblong,Blue,"(98, 45, 99)",50,VISIBLE,-0.0,0.18
220,53,car,0.8344,258.64,302.5,421.24,427.61,339.94,365.05,162.59,125.11,20341.83,1.3,Horizontal Oblong,Orange,"(16, 78, 120)",53,VISIBLE,-0.23,0.48
220,47,car,0.629,344.3,265.04,471.25,373.64,407.77,319.34,126.95,108.61,13787.13,1.17,Spherical / Regular,Blue,"(100, 74, 94)",47,VISIBLE,0.06,-0.18
220,59,car,0.5635,401.63,249.54,497.6,334.98,449.62,292.26,95.96,85.44,8198.93,1.12,Spherical / Regular,Blue,"(104, 62, 76)",59,VISIBLE,-0.15,0.07
220,76,car,0.229,579.17,246.26,655.5,279.46,617.34,262.86,76.32,33.2,2534.08,2.3,Horizontal Oblong,Blue,"(104, 66, 54)",76,VISIBLE,-1.17,-1.1
220,54,car,0.4629,0.21,279.55,84.6,391.98,42.4,335.77,84.39,112.43,9487.7,0.75,Vertical Oblong,Blue,"(98, 49, 92)",54,VISIBLE,-0.2,0.2
220,75,car,0.1701,676.49,205.25,749.39,249.29,712.94,227.27,72.89,44.04,3210.23,1.66,Horizontal Oblong,Blue,"(108, 52, 75)",75,VISIBLE,2.08,2.18
220,61,car,0.4937,323.34,218.74,409.86,292.15,366.6,255.44,86.52,73.41,6351.51,1.18,Spherical / Regular,Blue,"(103, 66, 83)",61,VISIBLE,0.19,0.15
220,65,car,0.5216,200.24,224.09,294.62,295.43,247.43,259.76,94.38,71.34,6732.77,1.32,Horizontal Oblong,Blue,"(99, 61, 108)",65,VISIBLE,0.28,0.15
220,71,car,0.4088,84.73,166.52,194.67,208.7,139.7,187.61,109.94,42.18,4637.44,2.61,Horizontal Oblong,Blue,"(103, 51, 52)",71,VISIBLE,0.4,0.73
220,63,car,0.5516,64.91,242.03,199.7,310.3,132.3,276.16,134.79,68.27,9202.36,1.97,Horizontal Oblong,Blue,"(99, 55, 107)",63,VISIBLE,-0.51,0.02
220,57,car,0.4838,273.51,200.54,338.27,250.75,305.89,225.65,64.76,50.21,3251.56,1.29,Horizontal Oblong,Blue,"(100, 50, 106)",57,VISIBLE,-0.06,0.17
220,67,car,0.2698,1115.12,169.12,1172.22,192.31,1143.67,180.71,57.1,23.19,1324.29,2.46,Horizontal Oblong,Blue,"(100, 49, 38)",67,VISIBLE,0.39,0.16
220,73,car,0.3975,487.16,197.14,548.94,252.03,518.05,224.58,61.78,54.88,3390.33,1.13,Spherical / Regular,Blue,"(98, 56, 101)",73,VISIBLE,0.29,0.18
220,55,car,0.2602,0.13,345.36,73.64,433.14,36.89,389.25,73.52,87.78,6453.48,0.84,Spherical / Regular,Orange,"(16, 46, 71)",55,VISIBLE,-0.17,0.25
220,58,car,0.3072,168.44,159.38,227.39,185.98,197.91,172.68,58.95,26.6,1568.08,2.22,Horizontal Oblong,Blue,"(104, 64, 44)",58,VISIBLE,-0.02,0.05
220,74,car,0.6286,441.43,222.08,525.98,293.15,483.71,257.61,84.56,71.06,6008.65,1.19,Spherical / Regular,Blue,"(99, 53, 97)",74,VISIBLE,0.23,0.09
220,64,car,0.3243,381.1,203.57,440.68,252.55,410.89,228.06,59.58,48.97,2917.77,1.22,Spherical / Regular,Blue,"(99, 58, 102)",64,VISIBLE,0.15,0.35
220,70,car,0.1582,573.68,198.0,633.75,231.17,603.72,214.59,60.07,33.18,1993.0,1.81,Horizontal Oblong,Blue,"(99, 50, 121)",70,VISIBLE,1.07,-1.9
220,56,car,0.3526,249.04,152.1,328.93,180.61,288.99,166.36,79.89,28.5,2277.19,2.8,Horizontal Oblong,Blue,"(101, 53, 58)",56,VISIBLE,3.25,0.41
220,52,car,0.2156,449.58,174.49,490.88,213.65,470.23,194.07,41.3,39.16,1617.23,1.05,Spherical / Regular,Blue,"(101, 60, 100)",52,VISIBLE,-0.21,0.23
220,66,car,0.2004,333.25,190.9,382.26,219.22,357.76,205.06,49.01,28.32,1388.08,1.73,Horizontal Oblong,Blue,"(101, 61, 104)",66,VISIBLE,-0.3,-0.01
220,62,car,0.1808,295.97,152.23,336.99,175.18,316.48,163.7,41.01,22.95,941.25,1.79,Horizontal Oblong,Blue,"(106, 54, 47)",62,VISIBLE,1.31,-0.02
220,60,car,0.1616,476.41,164.62,514.77,195.36,495.59,179.99,38.36,30.74,1179.24,1.25,Horizontal Oblong,Blue,"(100, 53, 100)",60,VISIBLE,-0.2,0.13
220,72,car,0.153,516.65,178.46,567.49,210.04,542.07,194.25,50.84,31.58,1605.2,1.61,Horizontal Oblong,Blue,"(99, 57, 99)",72,VISIBLE,-0.01,0.3
220,79,bus,0.1849,504.67,134.48,547.48,179.78,526.08,157.13,42.81,45.3,1939.16,0.94,Spherical / Regular,Orange,"(14, 53, 94)",79,VISIBLE,0.04,0.41
220,80,car,0.171,793.52,133.2,838.24,162.08,815.88,147.64,44.72,28.89,1291.83,1.55,Horizontal Oblong,Orange,"(14, 62, 90)",80,VISIBLE,-0.45,0.07
220,8,car,0.2268,1099.27,164.18,1136.06,189.46,1117.66,176.82,36.79,25.28,929.88,1.46,Horizontal Oblong,Blue,"(102, 46, 45)",81,VISIBLE,0.02,0.12
220,69,car,0.1705,415.88,176.52,457.35,219.15,436.61,197.84,41.47,42.63,1767.79,0.97,Spherical / Regular,Blue,"(101, 58, 106)",82,VISIBLE,-0.16,0.06
220,83,car,0.2551,560.64,227.29,633.02,268.44,596.83,247.87,72.38,41.15,2978.37,1.76,Horizontal Oblong,Blue,"(104, 64, 54)",83,VISIBLE,0.59,-0.01
220,87,car,0.8814,463.85,336.51,880.12,506.03,671.98,421.27,416.27,169.52,70566.16,2.46,Horizontal Oblong,Blue,"(87, 92, 80)",87,VISIBLE,0.35,0.14
220,86,car,0.8222,728.15,409.87,1009.64,647.61,868.89,528.74,281.49,237.74,66921.98,1.18,Spherical / Regular,Blue,"(97, 71, 77)",86,VISIBLE,0.06,0.39
220,98,car,0.8097,850.04,598.82,1278.34,714.84,1064.19,656.83,428.3,116.02,49692.74,3.69,Horizontal Oblong,Blue,"(101, 58, 73)",98,VISIBLE,0.07,0.29
220,45,car,0.7734,884.63,260.58,1025.87,363.15,955.25,311.87,141.25,102.57,14487.4,1.38,Horizontal Oblong,Orange,"(15, 68, 83)",89,VISIBLE,-1.15,0.31
220,95,car,0.808,1021.1,249.99,1133.17,308.92,1077.14,279.46,112.07,58.93,6604.34,1.9,Horizontal Oblong,Blue,"(103, 51, 89)",95,VISIBLE,-0.11,0.17
220,92,car,0.7813,198.39,619.9,625.2,713.32,411.79,666.61,426.82,93.42,39871.74,4.57,Horizontal Oblong,Blue,"(95, 40, 72)",92,VISIBLE,-0.9,0.11
220,85,car,0.759,1036.72,347.77,1279.68,540.11,1158.2,443.94,242.96,192.34,46731.28,1.26,Horizontal Oblong,Blue,"(88, 71, 50)",85,VISIBLE,0.31,0.25
220,93,car,0.7755,953.75,305.47,1125.77,426.01,1039.76,365.74,172.02,120.53,20734.43,1.43,Horizontal Oblong,Orange,"(16, 70, 131)",93,VISIBLE,-0.18,0.14
220,94,car,0.6453,1096.63,270.42,1276.15,350.65,1186.39,310.54,179.53,80.23,14403.05,2.24,Horizontal Oblong,Blue,"(106, 61, 49)",94,VISIBLE,-0.05,-0.08
220,102,car,0.6378,590.15,246.44,758.7,339.73,674.42,293.09,168.55,93.29,15723.86,1.81,Horizontal Oblong,Blue,"(104, 66, 55)",102,VISIBLE,1.63,0.76
220,100,car,0.5198,1047.06,192.68,1102.85,226.59,1074.95,209.64,55.79,33.9,1891.52,1.65,Horizontal Oblong,Green,"(38, 52, 88)",100,VISIBLE,-0.88,-0.26
220,91,car,0.579,729.82,277.84,868.06,385.47,798.94,331.65,138.23,107.63,14878.28,1.28,Horizontal Oblong,Blue,"(94, 64, 100)",91,VISIBLE,-0.24,0.01
220,90,car,0.5198,823.75,220.49,900.86,293.55,862.3,257.02,77.11,73.06,5633.87,1.06,Spherical / Regular,Orange,"(14, 56, 78)",90,VISIBLE,-0.02,-0.15
220,88,car,0.4674,792.02,207.04,854.31,268.43,823.17,237.73,62.29,61.39,3823.79,1.01,Spherical / Regular,Orange,"(15, 68, 76)",88,VISIBLE,-0.06,0.05
220,99,car,0.4124,694.73,226.18,772.59,280.19,733.66,253.18,77.86,54.01,4205.43,1.44,Horizontal Oblong,Blue,"(100, 53, 91)",99,VISIBLE,-0.03,-0.24
220,97,truck,0.3286,830.13,148.41,916.14,219.37,873.13,183.89,86.0,70.96,6102.35,1.21,Spherical / Regular,Orange,"(15, 96, 99)",97,VISIBLE,0.0,0.06
220,101,car,0.3318,982.66,229.17,1062.22,276.94,1022.44,253.06,79.56,47.77,3800.45,1.67,Horizontal Oblong,Blue,"(101, 57, 57)",101,VISIBLE,-0.09,-0.24
220,96,car,0.29,863.59,233.88,974.31,318.44,918.95,276.16,110.71,84.56,9361.76,1.31,Horizontal Oblong,Orange,"(21, 52, 72)",96,VISIBLE,-0.01,0.55
220,104,car,0.1905,965.48,187.22,1013.0,215.74,989.24,201.48,47.52,28.51,1354.88,1.67,Horizontal Oblong,Blue,"(94, 62, 71)",104,VISIBLE,-0.06,-0.01
220,103,car,0.1897,765.06,196.8,825.37,254.41,795.22,225.61,60.3,57.61,3474.01,1.05,Spherical / Regular,Blue,"(114, 75, 68)",103,VISIBLE,0.24,-0.22
221,16,car,0.7988,576.04,333.38,1280.55,710.18,928.3,521.78,704.51,376.8,265458.58,1.87,Horizontal Oblong,Blue,"(97, 66, 72)",22,VISIBLE,-1.19,1.72
221,13,car,0.4719,1185.5,467.46,1279.75,650.26,1232.63,558.86,94.25,182.81,17228.86,0.52,Vertical Oblong,Orange,"(16, 55, 62)",37,VISIBLE,1.21,-0.91
221,44,car,0.7812,513.54,157.27,1134.85,621.09,824.2,389.18,621.3,463.83,288176.77,1.34,Horizontal Oblong,Blue,"(95, 69, 78)",44,VISIBLE,-5.56,7.24
221,49,car,0.9046,-0.0,427.37,193.16,715.06,96.58,571.22,193.17,287.68,55571.38,0.67,Vertical Oblong,Blue,"(100, 44, 59)",49,VISIBLE,-0.05,0.96
221,38,car,0.8537,324.71,431.56,605.3,646.72,465.01,539.14,280.6,215.16,60373.2,1.3,Horizontal Oblong,Blue,"(98, 69, 91)",68,VISIBLE,1.24,1.25
221,20,car,0.7118,62.03,291.28,227.58,398.22,144.81,344.75,165.55,106.94,17703.86,1.55,Horizontal Oblong,Blue,"(101, 62, 99)",48,VISIBLE,-0.82,0.93
221,46,car,0.8534,119.66,346.35,360.86,520.71,240.26,433.53,241.2,174.36,42055.69,1.38,Horizontal Oblong,Blue,"(100, 78, 61)",46,VISIBLE,-0.22,0.57
221,77,car,0.5559,516.19,264.06,658.34,363.27,587.27,313.66,142.16,99.21,14103.78,1.43,Horizontal Oblong,Blue,"(108, 69, 51)",77,VISIBLE,0.8,-2.08
221,51,car,0.7562,224.03,249.72,341.45,335.7,282.74,292.71,117.42,85.98,10095.98,1.37,Horizontal Oblong,Blue,"(99, 57, 110)",51,VISIBLE,0.03,0.24
221,50,car,0.7442,1215.95,206.61,1278.26,246.28,1247.11,226.44,62.31,39.67,2471.47,1.57,Horizontal Oblong,Blue,"(98, 43, 99)",50,VISIBLE,0.03,0.03
221,53,car,0.8355,258.39,302.71,421.12,428.19,339.76,365.45,162.73,125.49,20420.28,1.3,Horizontal Oblong,Orange,"(16, 79, 120)",53,VISIBLE,-0.2,0.42
221,47,car,0.6229,344.29,264.7,471.53,373.41,407.91,319.06,127.24,108.71,13832.34,1.17,Spherical / Regular,Blue,"(100, 75, 94)",47,VISIBLE,0.11,-0.25
221,59,car,0.56,401.2,249.54,497.6,335.22,449.4,292.38,96.4,85.68,8259.24,1.13,Spherical / Regular,Blue,"(103, 62, 75)",59,VISIBLE,-0.2,0.11
221,76,car,0.229,580.13,246.39,652.23,277.1,616.18,261.74,72.1,30.7,2213.88,2.35,Horizontal Oblong,Blue,"(106, 67, 55)",76,VISIBLE,-1.16,-1.11
221,54,car,0.4821,0.16,279.81,84.4,391.14,42.28,335.47,84.24,111.33,9377.95,0.76,Vertical Oblong,Blue,"(98, 49, 92)",54,VISIBLE,-0.15,-0.14
221,75,car,0.1703,676.34,206.45,751.12,250.36,713.73,228.41,74.77,43.91,3283.21,1.7,Horizontal Oblong,Blue,"(105, 53, 75)",75,VISIBLE,1.18,1.45
221,61,car,0.4872,323.51,218.71,409.88,292.3,366.69,255.5,86.36,73.59,6355.26,1.17,Spherical / Regular,Blue,"(103, 66, 84)",61,VISIBLE,0.12,0.09
221,65,car,0.5262,200.26,224.31,294.86,295.38,247.56,259.85,94.59,71.07,6722.87,1.33,Horizontal Oblong,Blue,"(99, 61, 107)",65,VISIBLE,0.17,0.11
221,71,car,0.3994,84.62,166.85,195.46,208.84,140.04,187.84,110.84,41.99,4654.38,2.64,Horizontal Oblong,Blue,"(103, 52, 52)",71,VISIBLE,0.36,0.38
221,63,car,0.5509,64.81,242.31,198.81,309.94,131.81,276.13,134.0,67.63,9062.75,1.98,Horizontal Oblong,Blue,"(98, 55, 105)",63,VISIBLE,-0.5,-0.02
221,57,car,0.4454,273.08,200.78,338.18,250.87,305.63,225.83,65.1,50.09,3260.84,1.3,Horizontal Oblong,Blue,"(99, 51, 107)",57,VISIBLE,-0.2,0.18
221,67,car,0.2762,1116.19,169.25,1172.2,192.5,1144.19,180.87,56.02,23.25,1302.37,2.41,Horizontal Oblong,Blue,"(100, 46, 39)",67,VISIBLE,0.49,0.16
221,73,car,0.4029,489.41,197.3,549.06,252.06,519.23,224.68,59.66,54.75,3266.43,1.09,Spherical / Regular,Blue,"(99, 56, 100)",73,VISIBLE,0.92,0.12
221,55,car,0.3155,0.12,345.36,73.3,433.62,36.71,389.49,73.18,88.25,6458.66,0.83,Spherical / Regular,Orange,"(16, 46, 71)",55,VISIBLE,-0.17,0.24
221,58,car,0.3048,168.42,159.52,227.49,186.18,197.96,172.85,59.06,26.67,1574.99,2.21,Horizontal Oblong,Blue,"(104, 65, 44)",58,VISIBLE,0.02,0.13
221,74,car,0.6079,441.95,221.96,526.1,293.29,484.02,257.62,84.15,71.32,6001.65,1.18,Spherical / Regular,Blue,"(99, 53, 97)",74,VISIBLE,0.29,0.03
221,64,car,0.3156,380.85,203.83,440.86,252.88,410.86,228.36,60.01,49.05,2942.99,1.22,Spherical / Regular,Blue,"(99, 58, 101)",64,VISIBLE,0.02,0.31
221,70,car,0.1529,574.63,197.05,634.43,229.65,604.53,213.35,59.8,32.6,1949.47,1.83,Horizontal Oblong,Blue,"(99, 50, 121)",70,VISIBLE,0.89,-1.43
221,56,car,0.3643,248.93,152.03,332.81,181.27,290.87,166.65,83.87,29.25,2452.96,2.87,Horizontal Oblong,Blue,"(99, 53, 56)",56,VISIBLE,2.29,0.33
221,52,car,0.2084,449.4,174.1,490.7,214.15,470.05,194.13,41.29,40.05,1654.0,1.03,Spherical / Regular,Blue,"(101, 60, 100)",52,VISIBLE,-0.19,0.11
221,66,car,0.179,332.93,190.92,382.0,219.38,357.46,205.15,49.07,28.46,1396.51,1.72,Horizontal Oblong,Blue,"(101, 62, 103)",66,VISIBLE,-0.29,0.06
221,62,car,0.1914,297.44,152.19,337.94,175.07,317.69,163.63,40.5,22.88,926.77,1.77,Horizontal Oblong,Blue,"(106, 50, 48)",62,VISIBLE,1.24,-0.06
221,60,car,0.1607,476.56,164.48,514.5,195.76,495.53,180.12,37.94,31.28,1186.78,1.21,Spherical / Regular,Blue,"(100, 52, 100)",60,VISIBLE,-0.1,0.13
221,72,car,0.1572,509.19,180.39,566.58,217.8,537.89,199.09,57.39,37.42,2147.3,1.53,Horizontal Oblong,Blue,"(99, 54, 100)",72,VISIBLE,-2.93,3.48
221,79,bus,0.1849,504.67,134.58,547.56,180.49,526.12,157.54,42.89,45.92,1969.55,0.93,Spherical / Regular,Orange,"(14, 53, 94)",79,VISIBLE,0.04,0.41
221,80,car,0.171,792.7,132.98,838.16,162.44,815.43,147.71,45.46,29.46,1339.43,1.54,Horizontal Oblong,Orange,"(14, 63, 90)",80,VISIBLE,-0.45,0.07
221,8,car,0.2268,1099.12,164.23,1136.23,189.65,1117.68,176.94,37.12,25.42,943.6,1.46,Horizontal Oblong,Blue,"(100, 46, 42)",81,VISIBLE,0.01,0.12
221,69,car,0.1705,415.67,176.66,457.26,219.13,436.46,197.9,41.59,42.47,1766.44,0.98,Spherical / Regular,Blue,"(100, 58, 106)",82,VISIBLE,-0.15,0.06
221,83,car,0.2635,560.9,227.13,634.38,268.38,597.64,247.75,73.48,41.25,3030.78,1.78,Horizontal Oblong,Blue,"(104, 64, 54)",83,VISIBLE,0.75,-0.08
221,87,car,0.8921,464.99,336.84,880.74,506.33,672.86,421.58,415.75,169.49,70467.48,2.45,Horizontal Oblong,Blue,"(87, 93, 80)",87,VISIBLE,0.72,0.26
221,86,car,0.806,727.98,410.98,1009.72,648.04,868.85,529.51,281.74,237.06,66789.61,1.19,Spherical / Regular,Blue,"(97, 70, 75)",86,VISIBLE,-0.01,0.66
221,98,car,0.7828,850.15,598.99,1278.4,714.84,1064.27,656.92,428.25,115.85,49610.54,3.7,Horizontal Oblong,Blue,"(102, 58, 73)",98,VISIBLE,0.08,0.15
221,45,car,0.7688,884.54,260.93,1026.08,363.27,955.31,312.1,141.53,102.34,14484.03,1.38,Horizontal Oblong,Orange,"(16, 67, 83)",89,VISIBLE,-0.3,0.26
221,95,car,0.7989,1021.06,250.09,1132.97,309.0,1077.01,279.55,111.92,58.91,6592.8,1.9,Horizontal Oblong,Blue,"(102, 52, 90)",95,VISIBLE,-0.12,0.11
221,92,car,0.7922,197.51,620.13,625.16,713.43,411.33,666.78,427.66,93.3,39898.95,4.58,Horizontal Oblong,Blue,"(100, 40, 72)",92,VISIBLE,-0.59,0.15
221,85,car,0.7644,1037.43,347.98,1279.61,540.51,1158.52,444.24,242.18,192.53,46626.23,1.26,Horizontal Oblong,Green,"(75, 71, 50)",85,VISIBLE,0.32,0.29
221,93,car,0.7827,953.45,305.34,1125.53,426.28,1039.49,365.81,172.08,120.94,20812.41,1.42,Horizontal Oblong,Orange,"(16, 70, 131)",93,VISIBLE,-0.24,0.09
221,94,car,0.6655,1096.99,270.42,1276.18,351.07,1186.59,310.75,179.19,80.66,14452.48,2.22,Horizontal Oblong,Blue,"(105, 61, 49)",94,VISIBLE,0.12,0.12
221,102,car,0.6062,599.42,247.23,759.07,340.14,679.24,293.68,159.65,92.91,14832.98,1.72,Horizontal Oblong,Blue,"(104, 66, 56)",102,VISIBLE,3.86,0.65
221,100,car,0.496,1046.33,192.47,1101.64,226.32,1073.98,209.39,55.31,33.85,1872.17,1.63,Horizontal Oblong,Green,"(38, 53, 76)",100,VISIBLE,-0.94,-0.25
221,91,car,0.5912,729.83,277.69,868.15,385.27,798.99,331.48,138.32,107.58,14880.44,1.29,Horizontal Oblong,Blue,"(94, 64, 100)",91,VISIBLE,-0.04,-0.12
221,90,car,0.5094,823.85,220.76,900.91,293.42,862.38,257.09,77.06,72.65,5598.89,1.06,Spherical / Regular,Orange,"(14, 57, 77)",90,VISIBLE,0.05,0.0
221,88,car,0.48,791.74,207.07,854.16,268.65,822.95,237.86,62.42,61.58,3843.86,1.01,Spherical / Regular,Orange,"(14, 70, 78)",88,VISIBLE,-0.17,0.1
221,99,car,0.4041,693.24,226.16,772.48,279.97,732.86,253.07,79.24,53.81,4264.27,1.47,Horizontal Oblong,Blue,"(100, 52, 91)",99,VISIBLE,-0.57,-0.16
221,97,truck,0.3269,830.35,148.57,916.94,219.31,873.65,183.94,86.59,70.74,6124.83,1.22,Spherical / Regular,Orange,"(16, 96, 98)",97,VISIBLE,0.36,0.05
221,101,car,0.3413,981.19,229.21,1062.19,276.72,1021.69,252.97,81.0,47.51,3848.26,1.7,Horizontal Oblong,Blue,"(101, 58, 58)",101,VISIBLE,-0.55,-0.13
221,96,car,0.2804,863.63,234.9,974.25,318.96,918.94,276.93,110.61,84.06,9298.76,1.32,Horizontal Oblong,Orange,"(20, 52, 72)",96,VISIBLE,-0.01,0.7
221,104,car,0.1536,965.26,187.37,1012.23,215.58,988.74,201.47,46.97,28.21,1325.08,1.66,Horizontal Oblong,Yellow,"(27, 57, 69)",104,VISIBLE,-0.37,-0.01
221,103,car,0.176,765.11,196.53,825.7,254.61,795.4,225.57,60.59,58.08,3519.24,1.04,Spherical / Regular,Blue,"(113, 77, 69)",103,VISIBLE,0.2,-0.09
221,40,car,0.1821,332.45,189.8,436.54,236.15,384.49,212.97,104.09,46.35,4824.91,2.25,Horizontal Oblong,Blue,"(100, 61, 106)",105,VISIBLE,76.0,7.95
222,16,car,0.7988,573.6,336.78,1280.63,710.23,927.11,523.51,707.02,373.45,264037.1,1.89,Horizontal Oblong,Blue,"(97, 66, 72)",22,VISIBLE,-1.18,1.72
222,13,car,0.4398,1186.45,468.68,1279.76,649.2,1233.11,558.94,93.3,180.53,16844.03,0.52,Vertical Oblong,Orange,"(16, 57, 60)",37,VISIBLE,0.7,-0.22
222,44,car,0.7812,506.66,157.6,1130.61,635.23,818.64,396.42,623.95,477.63,298018.39,1.31,Horizontal Oblong,Blue,"(95, 69, 79)",44,VISIBLE,-5.56,7.24
222,49,car,0.9043,-0.0,428.01,193.06,715.53,96.53,571.77,193.06,287.52,55508.37,0.67,Vertical Oblong,Blue,"(100, 43, 58)",49,VISIBLE,-0.05,0.68
222,38,car,0.8559,325.09,431.56,606.12,648.18,465.6,539.87,281.03,216.62,60875.28,1.3,Horizontal Oblong,Blue,"(98, 68, 90)",68,VISIBLE,0.79,0.89
222,20,car,0.7322,59.51,291.58,228.7,399.83,144.1,345.7,169.2,108.25,18315.16,1.56,Horizontal Oblong,Blue,"(101, 62, 99)",48,VISIBLE,-0.74,0.95
222,46,car,0.8606,119.31,347.03,360.83,521.14,240.07,434.09,241.52,174.11,42051.09,1.39,Horizontal Oblong,Blue,"(101, 77, 60)",46,VISIBLE,-0.2,0.56
222,77,car,0.5627,516.92,264.2,658.72,363.34,587.82,313.77,141.8,99.14,14057.84,1.43,Horizontal Oblong,Blue,"(108, 69, 51)",77,VISIBLE,0.63,-0.55
222,51,car,0.7575,223.86,249.78,341.64,336.15,282.75,292.97,117.78,86.37,10172.13,1.36,Horizontal Oblong,Blue,"(99, 56, 111)",51,VISIBLE,0.02,0.25
222,50,car,0.7391,1216.08,206.46,1278.26,246.28,1247.17,226.37,62.19,39.82,2476.32,1.56,Horizontal Oblong,Blue,"(98, 43, 100)",50,VISIBLE,0.06,-0.04
222,53,car,0.8373,258.24,302.79,421.08,428.78,339.66,365.79,162.83,125.99,20515.0,1.29,Horizontal Oblong,Orange,"(16, 79, 120)",53,VISIBLE,-0.13,0.36
222,47,car,0.6269,344.35,264.47,471.9,373.22,408.12,318.85,127.55,108.74,13869.85,1.17,Spherical / Regular,Blue,"(100, 74, 94)",47,VISIBLE,0.18,-0.22
222,59,car,0.5555,400.8,249.5,497.51,335.4,449.16,292.45,96.71,85.9,8307.6,1.13,Spherical / Regular,Blue,"(104, 62, 75)",59,VISIBLE,-0.23,0.08
222,76,car,0.229,581.08,246.53,648.97,274.74,615.02,260.63,67.88,28.21,1914.76,2.41,Horizontal Oblong,Blue,"(106, 65, 56)",76,VISIBLE,-1.16,-1.11
222,54,car,0.5273,0.13,280.01,84.2,389.58,42.16,334.79,84.07,109.57,9211.59,0.77,Vertical Oblong,Blue,"(98, 49, 93)",54,VISIBLE,-0.12,-0.52
222,75,car,0.1834,676.25,207.03,751.78,251.19,714.01,229.11,75.53,44.16,3334.96,1.71,Horizontal Oblong,Blue,"(106, 53, 76)",75,VISIBLE,0.55,0.93
222,61,car,0.5072,323.75,218.9,409.23,292.1,366.49,255.5,85.48,73.2,6256.98,1.17,Spherical / Regular,Blue,"(103, 65, 84)",61,VISIBLE,-0.11,0.02
222,65,car,0.5254,200.32,224.56,294.84,295.33,247.58,259.94,94.52,70.76,6688.69,1.34,Horizontal Oblong,Blue,"(99, 61, 108)",65,VISIBLE,0.07,0.1
222,71,car,0.3871,84.47,167.14,195.91,208.94,140.19,188.04,111.44,41.8,4658.57,2.67,Horizontal Oblong,Blue,"(102, 52, 53)",71,VISIBLE,0.21,0.25
222,63,car,0.6034,64.85,242.68,197.71,309.78,131.28,276.23,132.87,67.1,8915.17,1.98,Horizontal Oblong,Blue,"(98, 55, 104)",63,VISIBLE,-0.52,0.07
222,57,car,0.4353,272.99,200.95,338.2,250.92,305.6,225.94,65.21,49.96,3258.44,1.31,Horizontal Oblong,Blue,"(99, 50, 107)",57,VISIBLE,-0.08,0.13
222,67,car,0.2794,1116.79,169.36,1172.35,192.68,1144.57,181.02,55.56,23.32,1295.62,2.38,Horizontal Oblong,Blue,"(100, 46, 40)",67,VISIBLE,0.41,0.15
222,73,car,0.42,491.55,197.38,549.16,252.09,520.36,224.73,57.61,54.71,3152.06,1.05,Spherical / Regular,Blue,"(99, 56, 100)",73,VISIBLE,1.06,0.07
222,55,car,0.3737,0.11,345.44,73.1,434.3,36.6,389.87,72.99,88.86,6485.79,0.82,Spherical / Regular,Orange,"(18, 47, 70)",55,VISIBLE,-0.13,0.34
222,58,car,0.3042,168.39,159.67,227.55,186.32,197.97,172.99,59.16,26.66,1577.07,2.22,Horizontal Oblong,Blue,"(104, 63, 45)",58,VISIBLE,0.02,0.14
222,74,car,0.6007,441.98,221.72,526.24,293.42,484.11,257.57,84.26,71.69,6041.35,1.18,Spherical / Regular,Blue,"(99, 53, 97)",74,VISIBLE,0.15,-0.03
222,64,car,0.318,380.81,203.92,441.14,253.3,410.98,228.61,60.32,49.38,2978.64,1.22,Spherical / Regular,Blue,"(99, 58, 102)",64,VISIBLE,0.09,0.27
222,70,car,0.1603,575.27,196.11,635.1,229.03,605.19,212.57,59.83,32.92,1969.51,1.82,Horizontal Oblong,Blue,"(100, 53, 120)",70,VISIBLE,0.73,-0.98
222,56,car,0.3658,248.9,152.02,334.85,181.75,291.87,166.89,85.95,29.73,2555.16,2.89,Horizontal Oblong,Blue,"(99, 52, 56)",56,VISIBLE,1.39,0.26
222,52,car,0.203,449.23,173.65,490.5,214.47,469.87,194.06,41.27,40.82,1684.76,1.01,Spherical / Regular,Blue,"(101, 58, 101)",52,VISIBLE,-0.19,-0.01
222,66,car,0.1854,333.04,190.91,381.89,219.44,357.47,205.18,48.85,28.53,1393.87,1.71,Horizontal Oblong,Blue,"(101, 63, 101)",66,VISIBLE,-0.09,0.04
222,62,car,0.1872,298.23,152.14,338.43,175.07,318.33,163.61,40.2,22.93,921.79,1.75,Horizontal Oblong,Blue,"(106, 49, 49)",62,VISIBLE,0.82,-0.04
222,60,car,0.1583,476.96,164.36,514.09,196.04,495.53,180.2,37.13,31.68,1176.12,1.17,Spherical / Regular,Blue,"(100, 52, 100)",60,VISIBLE,-0.03,0.09
222,72,car,0.1617,503.87,181.87,565.99,223.34,534.93,202.6,62.12,41.47,2576.19,1.5,Horizontal Oblong,Blue,"(100, 53, 102)",72,VISIBLE,-2.95,3.5
222,79,bus,0.1849,504.67,134.67,547.64,181.21,526.16,157.94,42.98,46.54,2000.06,0.92,Spherical / Regular,Orange,"(14, 55, 95)",79,VISIBLE,0.04,0.41
222,80,car,0.171,791.88,132.76,838.08,162.79,814.98,147.77,46.21,30.04,1387.89,1.54,Horizontal Oblong,Orange,"(14, 63, 90)",80,VISIBLE,-0.45,0.07
222,8,car,0.2268,1098.97,164.28,1136.41,189.85,1117.69,177.06,37.44,25.57,957.42,1.46,Horizontal Oblong,Blue,"(100, 47, 45)",81,VISIBLE,0.01,0.12
222,83,car,0.2817,561.17,226.82,635.73,268.47,598.45,247.64,74.56,41.65,3105.35,1.79,Horizontal Oblong,Blue,"(104, 64, 55)",83,VISIBLE,0.79,-0.1
222,87,car,0.896,465.97,337.13,881.71,506.66,673.84,421.89,415.74,169.53,70480.62,2.45,Horizontal Oblong,Blue,"(87, 92, 80)",87,VISIBLE,0.9,0.3
222,86,car,0.8207,728.26,411.12,1009.82,648.94,869.04,530.03,281.56,237.82,66961.55,1.18,Spherical / Regular,Blue,"(97, 70, 76)",86,VISIBLE,0.13,0.56
222,98,car,0.7592,850.34,600.4,1278.37,714.96,1064.35,657.68,428.03,114.56,49036.34,3.74,Horizontal Oblong,Blue,"(101, 58, 74)",98,VISIBLE,0.08,0.58
222,45,car,0.767,884.47,261.25,1026.17,363.33,955.32,312.29,141.7,102.08,14464.78,1.39,Horizontal Oblong,Orange,"(16, 68, 83)",89,VISIBLE,-0.08,0.21
222,95,car,0.7946,1020.81,250.38,1133.48,309.11,1077.14,279.75,112.67,58.73,6617.29,1.92,Horizontal Oblong,Blue,"(102, 52, 90)",95,VISIBLE,0.06,0.17
222,92,car,0.8017,197.14,620.35,625.3,713.66,411.22,667.0,428.16,93.31,39951.99,4.59,Horizontal Oblong,Blue,"(100, 40, 72)",92,VISIBLE,-0.26,0.2
222,85,car,0.7648,1038.05,348.08,1279.8,541.02,1158.92,444.55,241.75,192.94,46642.42,1.25,Horizontal Oblong,Green,"(81, 70, 50)",85,VISIBLE,0.38,0.3
222,93,car,0.7944,953.31,305.35,1125.21,426.33,1039.26,365.84,171.9,120.98,20796.31,1.42,Horizontal Oblong,Orange,"(16, 70, 131)",93,VISIBLE,-0.23,0.05
222,94,car,0.6747,1097.33,270.4,1276.26,351.46,1186.8,310.93,178.93,81.06,14503.81,2.21,Horizontal Oblong,Blue,"(106, 61, 48)",94,VISIBLE,0.18,0.17
222,102,car,0.6015,609.92,248.34,759.6,340.2,684.76,294.27,149.67,91.85,13747.77,1.63,Horizontal Oblong,Blue,"(102, 67, 58)",102,VISIBLE,5.02,0.6
222,100,car,0.4912,1045.74,192.57,1100.23,226.22,1072.98,209.39,54.5,33.65,1834.09,1.62,Horizontal Oblong,Yellow,"(34, 55, 85)",100,VISIBLE,-0.98,-0.07
222,91,car,0.6289,730.1,277.45,868.04,384.05,799.07,330.75,137.94,106.6,14703.6,1.29,Horizontal Oblong,Blue,"(94, 65, 100)",91,VISIBLE,0.04,-0.55
222,90,car,0.5143,823.92,221.0,901.04,293.4,862.48,257.2,77.11,72.4,5582.77,1.07,Spherical / Regular,Orange,"(14, 57, 78)",90,VISIBLE,0.08,0.08
222,88,car,0.4817,791.1,207.07,853.88,268.96,822.49,238.01,62.79,61.88,3885.52,1.01,Spherical / Regular,Blue,"(95, 70, 78)",88,VISIBLE,-0.37,0.14
222,99,car,0.3611,693.34,226.51,772.43,279.54,732.88,253.03,79.08,53.03,4194.12,1.49,Horizontal Oblong,Blue,"(100, 51, 90)",99,VISIBLE,-0.15,-0.07
222,97,truck,0.3386,830.72,148.68,917.48,219.17,874.1,183.92,86.76,70.49,6115.52,1.23,Horizontal Oblong,Orange,"(15, 97, 99)",97,VISIBLE,0.43,0.01
222,101,car,0.3572,982.01,229.32,1062.25,276.66,1022.13,252.99,80.24,47.34,3798.54,1.69,Horizontal Oblong,Blue,"(101, 57, 58)",101,VISIBLE,0.14,-0.02
222,96,car,0.2771,863.72,236.0,974.02,319.38,918.87,277.69,110.3,83.38,9196.11,1.32,Horizontal Oblong,Orange,"(18, 52, 71)",96,VISIBLE,-0.05,0.74
222,104,car,0.1536,965.09,187.55,1011.81,215.41,988.45,201.48,46.72,27.87,1301.95,1.68,Horizontal Oblong,Blue,"(100, 58, 65)",104,VISIBLE,-0.32,0.0
222,103,car,0.1629,765.19,196.31,825.96,254.43,795.57,225.37,60.77,58.12,3531.64,1.05,Spherical / Regular,Blue,"(114, 78, 70)",103,VISIBLE,0.18,-0.17
222,40,car,0.1696,332.78,189.82,436.97,235.7,384.88,212.76,104.19,45.88,4780.23,2.27,Horizontal Oblong,Blue,"(100, 61, 107)",105,VISIBLE,23.07,2.23
223,16,car,0.7988,571.16,340.18,1280.7,710.28,925.93,525.23,709.54,370.1,262598.77,1.92,Horizontal Oblong,Blue,"(96, 66, 72)",22,VISIBLE,-1.18,1.72
223,13,car,0.4112,1186.95,468.84,1279.76,650.03,1233.35,559.44,92.81,181.19,16816.87,0.51,Vertical Oblong,Orange,"(16, 57, 60)",37,VISIBLE,0.38,0.28
223,44,car,0.7812,499.78,157.94,1126.38,649.38,813.08,403.66,626.6,491.43,307933.16,1.28,Horizontal Oblong,Blue,"(94, 69, 79)",44,VISIBLE,-5.56,7.24
223,49,car,0.9034,-0.0,428.44,193.05,715.58,96.52,572.01,193.05,287.14,55432.39,0.67,Vertical Oblong,Blue,"(100, 43, 58)",49,VISIBLE,-0.02,0.37
223,38,car,0.8497,325.23,431.67,606.28,649.42,465.75,540.54,281.05,217.76,61201.39,1.29,Horizontal Oblong,Blue,"(98, 68, 90)",68,VISIBLE,0.34,0.74
223,20,car,0.7507,58.68,292.23,228.67,399.62,143.68,345.92,170.0,107.4,18257.21,1.58,Horizontal Oblong,Blue,"(101, 62, 99)",48,VISIBLE,-0.52,0.44
223,46,car,0.858,119.05,347.63,360.85,521.05,239.95,434.34,241.8,173.42,41934.35,1.39,Horizontal Oblong,Blue,"(100, 78, 60)",46,VISIBLE,-0.14,0.35
223,77,car,0.515,517.35,264.65,658.12,364.53,587.73,314.59,140.78,99.88,14061.47,1.41,Horizontal Oblong,Blue,"(108, 69, 51)",77,VISIBLE,0.13,0.41
223,51,car,0.7577,223.73,249.89,342.02,336.4,282.88,293.15,118.29,86.51,10233.15,1.37,Horizontal Oblong,Blue,"(98, 57, 110)",51,VISIBLE,0.09,0.2
223,50,car,0.738,1216.22,206.3,1278.28,246.28,1247.25,226.29,62.07,39.98,2481.34,1.55,Horizontal Oblong,Blue,"(98, 43, 100)",50,VISIBLE,0.07,-0.07
223,53,car,0.8413,258.14,302.75,421.01,429.38,339.58,366.07,162.87,126.62,20623.59,1.29,Horizontal Oblong,Orange,"(17, 80, 119)",53,VISIBLE,-0.1,0.3
223,47,car,0.6165,344.45,264.13,472.19,373.09,408.32,318.61,127.74,108.95,13917.86,1.17,Spherical / Regular,Blue,"(98, 74, 94)",47,VISIBLE,0.19,-0.23
223,59,car,0.5625,400.52,249.42,497.49,335.58,449.0,292.5,96.96,86.15,8353.66,1.13,Spherical / Regular,Blue,"(103, 64, 75)",59,VISIBLE,-0.17,0.06
223,76,car,0.229,582.04,246.67,645.7,272.38,613.87,259.52,63.66,25.71,1636.72,2.48,Horizontal Oblong,Blue,"(102, 64, 57)",76,VISIBLE,-1.16,-1.11
223,54,car,0.5404,0.08,280.83,83.62,387.71,41.85,334.27,83.55,106.88,8929.28,0.78,Vertical Oblong,Blue,"(98, 50, 93)",54,VISIBLE,-0.26,-0.52
223,75,car,0.1881,676.3,207.09,751.64,252.17,713.97,229.63,75.34,45.08,3395.82,1.67,Horizontal Oblong,Blue,"(102, 52, 75)",75,VISIBLE,0.13,0.64
223,61,car,0.5239,324.09,219.12,408.5,291.65,366.3,255.38,84.41,72.53,6122.72,1.16,Spherical / Regular,Blue,"(101, 65, 84)",61,VISIBLE,-0.17,-0.07
223,65,car,0.4975,200.36,225.03,294.54,295.26,247.45,260.15,94.18,70.22,6613.52,1.34,Horizontal Oblong,Blue,"(99, 61, 107)",65,VISIBLE,-0.07,0.17
223,71,car,0.3814,83.9,167.39,196.19,209.61,140.05,188.5,112.29,42.22,4741.06,2.66,Horizontal Oblong,Blue,"(102, 52, 53)",71,VISIBLE,-0.04,0.4
223,63,car,0.634,64.8,243.11,196.55,310.02,130.67,276.56,131.75,66.9,8814.57,1.97,Horizontal Oblong,Blue,"(98, 55, 105)",63,VISIBLE,-0.58,0.25
223,57,car,0.4371,272.76,201.2,338.35,251.02,305.55,226.11,65.59,49.82,3267.56,1.32,Horizontal Oblong,Blue,"(98, 50, 106)",57,VISIBLE,-0.05,0.16
223,67,car,0.2728,1117.02,169.45,1172.53,192.85,1144.77,181.15,55.51,23.4,1298.68,2.37,Horizontal Oblong,Blue,"(100, 46, 40)",67,VISIBLE,0.27,0.14
223,73,car,0.4191,493.25,197.27,549.35,252.09,521.3,224.68,56.09,54.81,3074.62,1.02,Spherical / Regular,Blue,"(98, 56, 100)",73,VISIBLE,0.98,-0.02
223,55,car,0.3161,0.11,345.66,72.96,434.85,36.53,390.25,72.85,89.19,6497.15,0.82,Spherical / Regular,Orange,"(18, 47, 70)",55,VISIBLE,-0.09,0.37
223,58,car,0.2825,168.38,159.8,227.65,186.4,198.02,173.1,59.27,26.6,1576.67,2.23,Horizontal Oblong,Blue,"(102, 62, 44)",58,VISIBLE,0.04,0.12
223,74,car,0.5979,441.92,221.38,526.45,293.5,484.19,257.44,84.53,72.12,6095.95,1.17,Spherical / Regular,Blue,"(98, 55, 96)",74,VISIBLE,0.1,-0.1
223,64,car,0.3146,380.98,203.98,441.67,253.69,411.33,228.83,60.69,49.71,3017.12,1.22,Spherical / Regular,Blue,"(98, 59, 102)",64,VISIBLE,0.27,0.24
223,70,car,0.1714,575.42,195.37,635.48,229.08,605.45,212.23,60.06,33.71,2024.23,1.78,Horizontal Oblong,Blue,"(98, 53, 114)",70,VISIBLE,0.4,-0.53
223,56,car,0.3426,248.75,152.14,335.36,182.03,292.06,167.08,86.61,29.88,2588.41,2.9,Horizontal Oblong,Blue,"(99, 53, 56)",56,VISIBLE,0.54,0.22
223,52,car,0.1852,448.96,173.13,490.42,214.54,469.69,193.83,41.46,41.41,1717.09,1.0,Spherical / Regular,Blue,"(99, 60, 100)",52,VISIBLE,-0.18,-0.16
223,66,car,0.1845,333.26,190.91,381.96,219.51,357.61,205.21,48.7,28.6,1392.8,1.7,Horizontal Oblong,Blue,"(100, 64, 98)",66,VISIBLE,0.08,0.04
223,62,car,0.1903,298.32,152.02,338.66,175.08,318.49,163.55,40.33,23.06,930.23,1.75,Horizontal Oblong,Blue,"(105, 49, 47)",62,VISIBLE,0.36,-0.05
223,60,car,0.1583,476.83,164.31,513.75,196.4,495.29,180.36,36.92,32.09,1184.94,1.15,Spherical / Regular,Blue,"(98, 52, 99)",60,VISIBLE,-0.17,0.14
223,72,car,0.1617,501.02,182.7,565.73,226.38,533.37,204.54,64.72,43.68,2826.5,1.48,Horizontal Oblong,Blue,"(98, 53, 101)",72,VISIBLE,-1.97,2.4
223,79,bus,0.1849,504.66,134.77,547.73,181.93,526.2,158.35,43.06,47.15,2030.66,0.91,Spherical / Regular,Orange,"(16, 57, 91)",79,VISIBLE,0.04,0.41
223,83,car,0.2816,561.22,226.39,636.27,268.55,598.75,247.47,75.05,42.16,3164.16,1.78,Horizontal Oblong,Blue,"(102, 64, 54)",83,VISIBLE,0.44,-0.15
223,87,car,0.8947,466.8,337.07,882.4,506.84,674.6,421.95,415.6,169.77,70557.44,2.45,Horizontal Oblong,Blue,"(87, 93, 80)",87,VISIBLE,0.8,0.13
223,86,car,0.8148,728.54,411.16,1009.91,649.52,869.23,530.34,281.37,238.35,67064.34,1.18,Spherical / Regular,Blue,"(97, 71, 76)",86,VISIBLE,0.17,0.39
223,98,car,0.7568,850.7,601.99,1278.32,715.01,1064.51,658.5,427.62,113.02,48330.97,3.78,Horizontal Oblong,Blue,"(101, 58, 73)",98,VISIBLE,0.13,0.75
223,45,car,0.7743,884.38,261.49,1026.22,363.4,955.3,312.45,141.85,101.91,14455.69,1.39,Horizontal Oblong,Orange,"(16, 67, 82)",89,VISIBLE,-0.04,0.17
223,95,car,0.8015,1020.51,250.71,1134.22,309.29,1077.36,280.0,113.71,58.58,6661.37,1.94,Horizontal Oblong,Blue,"(102, 52, 90)",95,VISIBLE,0.17,0.23
223,92,car,0.8034,197.13,620.64,625.29,713.9,411.21,667.27,428.16,93.26,39930.51,4.59,Horizontal Oblong,Blue,"(95, 40, 72)",92,VISIBLE,-0.08,0.25
223,85,car,0.7851,1038.5,348.19,1279.92,541.24,1159.21,444.72,241.41,193.05,46604.53,1.25,Horizontal Oblong,Green,"(50, 71, 50)",85,VISIBLE,0.31,0.21
223,93,car,0.7918,953.24,305.38,1124.89,426.64,1039.07,366.01,171.66,121.26,20814.85,1.42,Horizontal Oblong,Orange,"(16, 71, 131)",93,VISIBLE,-0.21,0.13
223,94,car,0.6889,1097.56,270.54,1276.54,351.73,1187.05,311.14,178.98,81.19,14531.01,2.2,Horizontal Oblong,Blue,"(104, 61, 48)",94,VISIBLE,0.23,0.19
223,102,car,0.5719,618.38,249.17,760.54,340.55,689.46,294.86,142.16,91.38,12990.65,1.56,Horizontal Oblong,Blue,"(101, 66, 59)",102,VISIBLE,4.8,0.59
223,100,car,0.4907,1044.87,192.65,1098.81,226.35,1071.84,209.5,53.94,33.7,1817.82,1.6,Horizontal Oblong,Green,"(38, 53, 79)",100,VISIBLE,-1.1,0.05
223,91,car,0.6355,730.0,277.13,868.11,384.3,799.05,330.72,138.11,107.17,14800.74,1.29,Horizontal Oblong,Blue,"(93, 65, 99)",91,VISIBLE,0.0,-0.19
223,90,car,0.5245,823.93,221.23,901.16,293.65,862.55,257.44,77.23,72.42,5592.87,1.07,Spherical / Regular,Orange,"(14, 58, 78)",90,VISIBLE,0.07,0.19
223,88,car,0.4462,790.16,206.95,853.55,269.21,821.86,238.08,63.4,62.26,3946.98,1.02,Spherical / Regular,Orange,"(14, 71, 79)",88,VISIBLE,-0.56,0.09
223,99,car,0.3519,694.58,226.99,772.81,279.68,733.7,253.33,78.23,52.69,4121.57,1.48,Horizontal Oblong,Blue,"(96, 51, 88)",99,VISIBLE,0.52,0.19
223,97,truck,0.3119,831.23,148.83,917.66,218.91,874.45,183.87,86.42,70.08,6056.58,1.23,Horizontal Oblong,Orange,"(16, 97, 98)",97,VISIBLE,0.37,-0.04
223,101,car,0.362,984.06,229.41,1062.3,276.35,1023.18,252.88,78.24,46.95,3672.99,1.67,Horizontal Oblong,Blue,"(101, 57, 56)",101,VISIBLE,0.78,-0.08
223,96,car,0.2745,863.93,236.86,973.97,319.32,918.95,278.09,110.04,82.47,9074.35,1.33,Horizontal Oblong,Orange,"(18, 53, 72)",96,VISIBLE,0.04,0.5
223,104,car,0.1536,964.93,187.72,1011.4,215.25,988.16,201.49,46.47,27.53,1278.99,1.69,Horizontal Oblong,Yellow,"(33, 58, 64)",104,VISIBLE,-0.29,0.0
223,103,car,0.1616,765.24,196.13,826.07,254.53,795.66,225.33,60.83,58.4,3552.75,1.04,Spherical / Regular,Blue,"(106, 80, 70)",103,VISIBLE,0.11,-0.08
223,40,car,0.1648,333.13,189.9,437.02,234.37,385.07,212.13,103.89,44.48,4620.64,2.34,Horizontal Oblong,Blue,"(99, 62, 106)",105,VISIBLE,7.06,0.23
224,16,car,0.7988,568.72,343.58,1280.77,710.33,924.75,526.95,712.05,366.75,261143.6,1.94,Horizontal Oblong,Blue,"(96, 66, 72)",22,VISIBLE,-1.18,1.72
224,13,car,0.4148,1187.21,468.44,1279.76,651.74,1233.49,560.09,92.55,183.3,16963.88,0.5,Vertical Oblong,Orange,"(15, 57, 61)",37,VISIBLE,0.21,0.54
224,44,car,0.7812,492.89,158.28,1122.15,663.52,807.52,410.9,629.25,505.24,317921.09,1.25,Horizontal Oblong,Blue,"(95, 68, 79)",44,VISIBLE,-5.56,7.24
224,49,car,0.901,0.07,428.76,192.79,715.5,96.43,572.13,192.72,286.74,55259.81,0.67,Vertical Oblong,Blue,"(100, 43, 60)",49,VISIBLE,-0.07,0.2
224,38,car,0.8467,325.19,431.79,605.98,650.51,465.59,541.15,280.79,218.72,61414.35,1.28,Horizontal Oblong,Blue,"(98, 69, 90)",68,VISIBLE,-0.02,0.64
224,20,car,0.804,58.16,292.57,228.61,399.36,143.39,345.96,170.45,106.79,18202.88,1.6,Horizontal Oblong,Blue,"(101, 61, 99)",48,VISIBLE,-0.36,0.16
224,46,car,0.8629,118.86,348.05,360.81,520.93,239.83,434.49,241.95,172.88,41829.9,1.4,Horizontal Oblong,Blue,"(99, 78, 60)",46,VISIBLE,-0.12,0.21
224,77,car,0.5576,517.45,265.32,657.57,366.62,587.51,315.97,140.11,101.3,14193.83,1.38,Horizontal Oblong,Blue,"(108, 68, 51)",77,VISIBLE,-0.12,1.09
224,51,car,0.741,223.68,250.07,342.48,336.66,283.08,293.37,118.8,86.6,10287.89,1.37,Horizontal Oblong,Blue,"(99, 56, 110)",51,VISIBLE,0.17,0.21
224,50,car,0.725,1216.34,206.22,1278.28,246.32,1247.31,226.27,61.94,40.1,2483.71,1.54,Horizontal Oblong,Blue,"(98, 44, 100)",50,VISIBLE,0.06,-0.03
224,53,car,0.8468,258.0,303.1,421.0,429.74,339.5,366.42,163.01,126.64,20643.17,1.29,Horizontal Oblong,Orange,"(17, 80, 120)",53,VISIBLE,-0.08,0.34
224,47,car,0.5957,344.56,263.72,472.59,372.92,408.57,318.32,128.03,109.2,13980.14,1.17,Spherical / Regular,Blue,"(98, 72, 93)",47,VISIBLE,0.24,-0.27
224,59,car,0.5379,400.28,249.43,497.48,335.69,448.88,292.56,97.19,86.27,8384.48,1.13,Spherical / Regular,Blue,"(103, 64, 75)",59,VISIBLE,-0.14,0.06
224,76,car,0.229,582.99,246.8,642.43,270.01,612.71,258.41,59.44,23.21,1379.76,2.56,Horizontal Oblong,Blue,"(102, 65, 63)",76,VISIBLE,-1.16,-1.12
224,54,car,0.5573,0.04,281.65,83.35,385.98,41.69,333.81,83.31,104.32,8690.74,0.8,Vertical Oblong,Blue,"(98, 49, 93)",54,VISIBLE,-0.19,-0.48
224,75,car,0.1881,676.42,208.6,753.43,253.12,714.92,230.86,77.02,44.51,3428.18,1.73,Horizontal Oblong,Blue,"(102, 54, 77)",75,VISIBLE,0.71,1.05
224,61,car,0.5377,324.87,219.06,409.2,291.62,367.03,255.34,84.34,72.56,6119.59,1.16,Spherical / Regular,Blue,"(102, 64, 85)",61,VISIBLE,0.47,-0.05
224,65,car,0.5092,200.43,225.27,294.41,295.22,247.42,260.25,93.98,69.95,6573.92,1.34,Horizontal Oblong,Blue,"(99, 60, 107)",65,VISIBLE,-0.04,0.12
224,71,car,0.3984,84.62,167.77,196.3,210.73,140.46,189.25,111.68,42.96,4797.72,2.6,Horizontal Oblong,Blue,"(102, 53, 54)",71,VISIBLE,0.28,0.64
224,63,car,0.626,64.27,243.47,195.55,310.43,129.91,276.95,131.28,66.96,8791.16,1.96,Horizontal Oblong,Blue,"(98, 55, 106)",63,VISIBLE,-0.71,0.35
224,57,car,0.4287,272.67,201.46,338.5,251.12,305.59,226.29,65.83,49.66,3269.26,1.33,Horizontal Oblong,Blue,"(99, 50, 107)",57,VISIBLE,0.01,0.17
224,67,car,0.2595,1117.64,169.56,1172.73,193.08,1145.19,181.32,55.09,23.52,1295.78,2.34,Horizontal Oblong,Blue,"(100, 45, 41)",67,VISIBLE,0.37,0.16
224,73,car,0.4341,494.79,196.88,549.46,252.19,522.12,224.54,54.67,55.31,3023.95,0.99,Spherical / Regular,Blue,"(98, 56, 101)",73,VISIBLE,0.87,-0.11
224,55,car,0.2675,0.11,346.97,72.44,435.1,36.27,391.03,72.34,88.13,6375.28,0.82,Spherical / Regular,Orange,"(18, 47, 69)",55,VISIBLE,-0.21,0.66
224,58,car,0.2902,168.3,159.89,227.68,186.44,197.99,173.16,59.38,26.55,1576.53,2.24,Horizontal Oblong,Blue,"(104, 64, 44)",58,VISIBLE,-0.01,0.08
224,74,car,0.5753,441.74,220.97,526.66,293.68,484.2,257.32,84.92,72.71,6174.68,1.17,Spherical / Regular,Blue,"(98, 54, 97)",74,VISIBLE,0.04,-0.11
224,64,car,0.3085,381.43,203.99,442.86,253.98,412.15,228.98,61.44,49.99,3070.92,1.23,Horizontal Oblong,Blue,"(99, 58, 103)",64,VISIBLE,0.66,0.18
224,70,car,0.1794,575.22,194.7,635.72,230.07,605.47,212.39,60.5,35.37,2140.2,1.71,Horizontal Oblong,Blue,"(98, 54, 112)",70,VISIBLE,0.14,-0.05
224,56,car,0.3145,248.59,152.27,335.15,182.14,291.87,167.2,86.57,29.87,2586.13,2.9,Horizontal Oblong,Blue,"(99, 53, 56)",56,VISIBLE,0.03,0.15
224,52,car,0.1825,448.67,172.69,490.37,214.53,469.52,193.61,41.7,41.85,1745.14,1.0,Spherical / Regular,Blue,"(100, 57, 101)",52,VISIBLE,-0.17,-0.21
224,66,car,0.1749,333.92,191.0,381.91,219.49,357.91,205.25,48.0,28.49,1367.39,1.68,Horizontal Oblong,Blue,"(101, 64, 99)",66,VISIBLE,0.24,0.04
224,62,car,0.1859,298.23,151.94,338.88,175.16,318.56,163.55,40.65,23.22,943.87,1.75,Horizontal Oblong,Blue,"(106, 49, 48)",62,VISIBLE,0.15,-0.01
224,60,car,0.1583,476.7,164.25,513.41,196.76,495.06,180.51,36.71,32.51,1193.58,1.13,Spherical / Regular,Blue,"(99, 53, 99)",60,VISIBLE,-0.22,0.15
224,72,car,0.1617,498.16,183.53,565.47,229.41,531.82,206.47,67.31,45.88,3088.25,1.47,Horizontal Oblong,Blue,"(98, 53, 102)",72,VISIBLE,-1.68,2.07
224,79,bus,0.1849,504.66,134.87,547.81,182.64,526.24,158.76,43.15,47.77,2061.37,0.9,Spherical / Regular,Orange,"(15, 56, 95)",79,VISIBLE,0.04,0.41
224,83,car,0.2712,561.07,226.32,636.38,268.61,598.73,247.47,75.31,42.28,3184.2,1.78,Horizontal Oblong,Blue,"(102, 64, 55)",83,VISIBLE,0.12,-0.05
224,87,car,0.8885,467.48,337.1,882.84,506.93,675.16,422.02,415.37,169.83,70540.49,2.45,Horizontal Oblong,Blue,"(87, 93, 80)",87,VISIBLE,0.63,0.08
224,86,car,0.8089,728.54,411.21,1010.02,649.95,869.28,530.58,281.48,238.74,67201.45,1.18,Spherical / Regular,Blue,"(96, 71, 75)",86,VISIBLE,0.09,0.28
224,98,car,0.787,850.82,603.53,1278.35,715.06,1064.58,659.29,427.53,111.52,47678.96,3.83,Horizontal Oblong,Blue,"(102, 58, 74)",98,VISIBLE,0.09,0.78
224,45,car,0.7596,884.42,261.94,1026.31,363.51,955.36,312.72,141.89,101.56,14410.2,1.4,Horizontal Oblong,Orange,"(16, 67, 83)",89,VISIBLE,0.03,0.25
224,95,car,0.7918,1020.29,250.92,1134.63,309.44,1077.46,280.18,114.34,58.52,6691.17,1.95,Horizontal Oblong,Blue,"(102, 52, 89)",95,VISIBLE,0.12,0.2
224,92,car,0.7974,198.58,621.08,625.12,714.11,411.85,667.6,426.54,93.03,39681.07,4.58,Horizontal Oblong,Blue,"(100, 41, 72)",92,VISIBLE,0.42,0.3
224,85,car,0.7965,1038.75,348.27,1279.99,541.48,1159.37,444.88,241.24,193.21,46609.54,1.25,Horizontal Oblong,Blue,"(86, 73, 50)",85,VISIBLE,0.21,0.17
224,93,car,0.7912,953.26,305.47,1124.8,427.14,1039.03,366.3,171.54,121.67,20871.41,1.41,Horizontal Oblong,Orange,"(16, 71, 130)",93,VISIBLE,-0.09,0.25
224,94,car,0.7048,1096.89,270.26,1277.01,351.66,1186.95,310.96,180.11,81.4,14661.66,2.21,Horizontal Oblong,Blue,"(105, 62, 49)",94,VISIBLE,0.0,-0.06
224,102,car,0.5597,623.48,249.61,762.13,341.05,692.8,295.33,138.65,91.44,12678.42,1.52,Horizontal Oblong,Blue,"(101, 66, 60)",102,VISIBLE,3.78,0.51
224,100,car,0.4731,1043.73,192.98,1097.56,226.37,1070.64,209.68,53.82,33.39,1797.12,1.61,Horizontal Oblong,Yellow,"(34, 55, 95)",100,VISIBLE,-1.17,0.14
224,91,car,0.624,730.05,276.86,868.1,384.11,799.07,330.48,138.05,107.25,14806.0,1.29,Horizontal Oblong,Blue,"(94, 64, 100)",91,VISIBLE,0.01,-0.22
224,90,car,0.4997,823.86,221.62,901.38,294.16,862.62,257.89,77.51,72.54,5622.97,1.07,Spherical / Regular,Orange,"(14, 58, 78)",90,VISIBLE,0.07,0.37
224,88,car,0.44,789.22,206.85,853.47,269.1,821.34,237.98,64.25,62.25,3999.51,1.03,Spherical / Regular,Orange,"(15, 70, 79)",88,VISIBLE,-0.52,-0.05
224,99,car,0.3645,692.59,226.3,772.61,276.43,732.6,251.36,80.02,50.13,4011.43,1.6,Horizontal Oblong,Blue,"(100, 53, 85)",99,VISIBLE,-0.61,-1.32
224,97,truck,0.286,831.73,149.02,917.91,218.77,874.82,183.89,86.19,69.75,6011.85,1.24,Horizontal Oblong,Orange,"(15, 96, 99)",97,VISIBLE,0.37,0.01
224,101,car,0.4098,990.73,229.77,1062.46,278.26,1026.59,254.01,71.72,48.49,3477.61,1.48,Horizontal Oblong,Blue,"(102, 57, 54)",101,VISIBLE,2.62,0.77
224,96,car,0.2893,864.11,237.35,974.01,319.4,919.06,278.37,109.9,82.04,9016.61,1.34,Horizontal Oblong,Orange,"(17, 54, 73)",96,VISIBLE,0.09,0.35
224,104,car,0.1606,965.0,187.88,1008.97,215.56,986.99,201.72,43.97,27.67,1216.82,1.59,Horizontal Oblong,Yellow,"(30, 53, 62)",104,VISIBLE,-0.91,0.17
224,103,car,0.1639,765.22,195.7,825.76,254.99,795.49,225.34,60.54,59.29,3589.06,1.02,Spherical / Regular,Blue,"(108, 77, 70)",103,VISIBLE,-0.08,-0.01
224,40,car,0.1648,333.29,189.93,437.22,234.08,385.26,212.01,103.93,44.15,4588.88,2.35,Horizontal Oblong,Blue,"(100, 61, 107)",105,VISIBLE,2.24,-0.02
225,16,car,0.7988,566.28,346.98,1280.85,710.38,923.56,528.68,714.57,363.4,259671.59,1.97,Horizontal Oblong,Blue,"(96, 68, 72)",22,VISIBLE,-1.18,1.72
225,13,car,0.4304,1187.24,468.23,1279.76,654.08,1233.5,561.15,92.52,185.85,17194.99,0.5,Vertical Oblong,Orange,"(16, 58, 61)",37,VISIBLE,0.07,0.91
225,44,car,0.7812,486.01,158.62,1117.91,677.66,801.96,418.14,631.9,519.04,327982.19,1.22,Spherical / Regular,Blue,"(95, 69, 79)",44,VISIBLE,-5.56,7.24
225,49,car,0.9023,0.13,429.25,192.6,715.35,96.37,572.3,192.47,286.09,55064.94,0.67,Vertical Oblong,Blue,"(100, 44, 59)",49,VISIBLE,-0.07,0.18
225,38,car,0.8428,325.02,432.07,605.41,650.78,465.22,541.42,280.39,218.71,61326.05,1.28,Horizontal Oblong,Blue,"(98, 69, 90)",68,VISIBLE,-0.26,0.39
225,20,car,0.8231,58.51,292.97,228.53,399.01,143.52,345.99,170.02,106.04,18028.11,1.6,Horizontal Oblong,Blue,"(101, 60, 99)",48,VISIBLE,-0.01,0.07
225,46,car,0.8704,118.58,348.15,360.5,519.88,239.54,434.02,241.92,171.73,41545.34,1.41,Horizontal Oblong,Blue,"(87, 76, 60)",46,VISIBLE,-0.24,-0.27
225,77,car,0.588,517.44,265.98,657.34,368.58,587.39,317.28,139.9,102.6,14354.26,1.36,Horizontal Oblong,Blue,"(108, 68, 52)",77,VISIBLE,-0.12,1.24
225,51,car,0.7243,223.54,250.2,342.47,336.37,283.01,293.29,118.94,86.17,10249.2,1.38,Horizontal Oblong,Blue,"(99, 57, 110)",51,VISIBLE,-0.0,0.01
225,50,car,0.7254,1216.43,206.28,1278.31,246.4,1247.37,226.34,61.88,40.12,2482.94,1.54,Horizontal Oblong,Blue,"(98, 44, 100)",50,VISIBLE,0.06,0.04
225,53,car,0.8479,258.0,303.99,420.98,430.06,339.49,367.02,162.97,126.07,20546.85,1.29,Horizontal Oblong,Orange,"(16, 79, 121)",53,VISIBLE,-0.03,0.53
225,47,car,0.582,344.73,263.85,472.44,373.06,408.59,318.46,127.72,109.2,13946.94,1.17,Spherical / Regular,Blue,"(99, 72, 94)",47,VISIBLE,0.08,0.01
225,59,car,0.4717,399.83,249.5,497.62,336.15,448.73,292.83,97.8,86.65,8474.0,1.13,Spherical / Regular,Blue,"(103, 64, 76)",59,VISIBLE,-0.15,0.2
225,76,car,0.229,583.94,246.94,639.17,267.65,611.55,257.3,55.22,20.71,1143.88,2.67,Horizontal Oblong,Blue,"(102, 64, 65)",76,VISIBLE,-1.16,-1.11
225,54,car,0.5034,0.03,282.4,83.18,385.01,41.61,333.71,83.16,102.6,8531.98,0.81,Vertical Oblong,Blue,"(98, 50, 93)",54,VISIBLE,-0.12,-0.22
225,75,car,0.1881,676.53,210.11,755.22,254.06,715.88,232.09,78.7,43.95,3458.64,1.79,Horizontal Oblong,Blue,"(106, 56, 77)",75,VISIBLE,0.88,1.17
225,61,car,0.5209,324.7,219.14,408.16,291.4,366.43,255.27,83.47,72.26,6031.52,1.16,Spherical / Regular,Blue,"(101, 65, 88)",61,VISIBLE,-0.28,-0.07
225,65,car,0.5286,200.48,225.33,294.68,295.21,247.58,260.27,94.2,69.89,6583.24,1.35,Horizontal Oblong,Blue,"(99, 61, 107)",65,VISIBLE,0.1,0.05
225,71,car,0.4233,84.19,168.14,195.77,210.24,139.98,189.19,111.58,42.1,4697.52,2.65,Horizontal Oblong,Blue,"(102, 53, 52)",71,VISIBLE,-0.25,0.15
225,63,car,0.6436,63.28,243.72,194.65,310.93,128.97,277.32,131.37,67.21,8829.87,1.95,Horizontal Oblong,Blue,"(99, 55, 105)",63,VISIBLE,-0.87,0.37
225,57,car,0.4368,273.17,201.75,339.87,250.87,306.52,226.31,66.69,49.12,3275.75,1.36,Horizontal Oblong,Blue,"(99, 50, 106)",57,VISIBLE,0.66,0.07
225,67,car,0.2578,1117.92,169.69,1172.48,193.19,1145.2,181.44,54.56,23.5,1282.21,2.32,Horizontal Oblong,Blue,"(100, 42, 50)",67,VISIBLE,0.12,0.13
225,73,car,0.477,495.66,196.36,549.4,252.06,522.53,224.21,53.74,55.69,2992.67,0.96,Spherical / Regular,Blue,"(98, 58, 102)",73,VISIBLE,0.54,-0.26
225,55,car,0.2379,0.11,348.58,72.06,435.36,36.08,391.97,71.95,86.78,6243.97,0.83,Spherical / Regular,Orange,"(14, 47, 73)",55,VISIBLE,-0.2,0.85
225,58,car,0.3106,167.77,159.91,227.51,186.75,197.64,173.33,59.73,26.84,1603.33,2.23,Horizontal Oblong,Blue,"(102, 66, 43)",58,VISIBLE,-0.25,0.14
225,74,car,0.6127,441.46,221.06,526.58,293.79,484.02,257.43,85.12,72.74,6191.19,1.17,Spherical / Regular,Blue,"(98, 56, 97)",74,VISIBLE,-0.11,0.04
225,64,car,0.2671,381.91,203.8,444.38,254.11,413.14,228.96,62.47,50.31,3142.57,1.24,Horizontal Oblong,Blue,"(99, 59, 102)",64,VISIBLE,0.9,0.03
225,70,car,0.1632,574.26,194.57,635.74,231.09,605.0,212.83,61.47,36.52,2245.14,1.68,Horizontal Oblong,Blue,"(98, 54, 110)",70,VISIBLE,-0.29,0.3
225,56,car,0.2906,248.11,152.58,333.71,182.39,290.91,167.49,85.6,29.81,2551.81,2.87,Horizontal Oblong,Blue,"(100, 49, 58)",56,VISIBLE,-0.66,0.24
225,52,car,0.1656,448.03,172.96,490.55,214.28,469.29,193.62,42.52,41.31,1756.62,1.03,Spherical / Regular,Blue,"(100, 56, 101)",52,VISIBLE,-0.21,-0.05
225,66,car,0.1749,334.02,191.08,381.77,219.54,357.89,205.31,47.74,28.46,1358.69,1.68,Horizontal Oblong,Blue,"(100, 64, 101)",66,VISIBLE,0.06,0.06
225,62,car,0.1677,297.76,152.09,339.24,175.21,318.5,163.65,41.47,23.12,958.85,1.79,Horizontal Oblong,Blue,"(106, 47, 47)",62,VISIBLE,0.01,0.07
225,60,car,0.1583,476.57,164.2,513.08,197.12,494.82,180.66,36.51,32.93,1202.05,1.11,Spherical / Regular,Blue,"(98, 50, 100)",60,VISIBLE,-0.23,0.15
225,72,car,0.1617,495.3,184.37,565.22,232.45,530.26,208.41,69.91,48.08,3361.45,1.45,Horizontal Oblong,Blue,"(98, 56, 103)",72,VISIBLE,-1.59,1.98
225,79,bus,0.1849,504.66,134.97,547.89,183.36,526.28,159.16,43.24,48.39,2092.19,0.89,Spherical / Regular,Orange,"(14, 54, 98)",79,VISIBLE,0.04,0.41
225,83,car,0.2891,560.3,226.2,636.52,268.67,598.41,247.44,76.22,42.48,3237.53,1.79,Horizontal Oblong,Blue,"(102, 66, 56)",83,VISIBLE,-0.18,-0.04
225,87,car,0.8897,468.63,337.4,883.89,506.98,676.26,422.19,415.26,169.58,70419.05,2.45,Horizontal Oblong,Blue,"(87, 93, 80)",87,VISIBLE,0.96,0.15
225,86,car,0.8022,728.44,412.12,1010.16,649.67,869.3,530.9,281.72,237.55,66922.23,1.19,Spherical / Regular,Blue,"(97, 71, 75)",86,VISIBLE,0.04,0.31
225,98,car,0.8301,851.03,605.49,1278.44,715.13,1064.73,660.31,427.41,109.64,46861.72,3.9,Horizontal Oblong,Blue,"(102, 59, 74)",98,VISIBLE,0.13,0.94
225,45,car,0.7331,884.24,262.13,1026.15,363.57,955.2,312.85,141.91,101.44,14395.22,1.4,Horizontal Oblong,Orange,"(16, 69, 84)",89,VISIBLE,-0.11,0.16
225,95,car,0.7927,1019.88,251.09,1134.76,309.4,1077.32,280.25,114.88,58.31,6698.88,1.97,Horizontal Oblong,Blue,"(100, 53, 92)",95,VISIBLE,-0.06,0.1
225,92,car,0.8059,199.53,621.74,624.79,714.23,412.16,667.98,425.26,92.49,39331.79,4.6,Horizontal Oblong,Blue,"(101, 42, 73)",92,VISIBLE,0.34,0.36
225,85,car,0.7918,1038.97,348.33,1280.03,541.79,1159.5,445.06,241.06,193.46,46634.86,1.25,Horizontal Oblong,Blue,"(86, 75, 50)",85,VISIBLE,0.15,0.18
225,93,car,0.7944,953.45,305.6,1124.98,427.38,1039.21,366.49,171.53,121.78,20889.98,1.41,Horizontal Oblong,Orange,"(16, 73, 131)",93,VISIBLE,0.1,0.2
225,94,car,0.6956,1096.97,270.81,1277.38,351.97,1187.17,311.39,180.41,81.16,14642.68,2.22,Horizontal Oblong,Blue,"(104, 63, 50)",94,VISIBLE,0.16,0.28
225,102,car,0.5673,625.51,249.73,762.85,341.19,694.18,295.46,137.34,91.45,12560.14,1.5,Horizontal Oblong,Blue,"(101, 66, 62)",102,VISIBLE,2.1,0.24
225,100,car,0.5341,1041.97,192.9,1096.58,226.25,1069.28,209.57,54.61,33.35,1821.38,1.64,Horizontal Oblong,Green,"(43, 59, 92)",100,VISIBLE,-1.31,-0.03
225,91,car,0.5829,729.8,276.61,868.18,384.89,798.99,330.75,138.38,108.28,14982.88,1.28,Horizontal Oblong,Blue,"(94, 64, 100)",91,VISIBLE,-0.06,0.12
225,90,car,0.4405,823.78,222.51,901.57,294.78,862.67,258.65,77.8,72.27,5622.08,1.08,Spherical / Regular,Orange,"(15, 56, 80)",90,VISIBLE,0.06,0.64
225,88,car,0.4172,788.28,206.81,853.28,268.79,820.78,237.8,65.0,61.98,4029.01,1.05,Spherical / Regular,Orange,"(14, 68, 86)",88,VISIBLE,-0.55,-0.14
225,99,car,0.3395,689.98,225.92,773.03,274.35,731.51,250.14,83.05,48.43,4022.29,1.71,Horizontal Oblong,Blue,"(103, 57, 81)",99,VISIBLE,-0.95,-1.26
225,97,truck,0.3036,831.31,149.26,918.1,218.69,874.7,183.97,86.79,69.43,6025.8,1.25,Horizontal Oblong,Orange,"(16, 96, 99)",97,VISIBLE,0.03,0.06
225,101,car,0.4278,994.41,230.11,1062.53,278.69,1028.47,254.4,68.12,48.58,3309.46,1.4,Horizontal Oblong,Blue,"(101, 58, 55)",101,VISIBLE,2.1,0.5
225,96,car,0.2805,864.02,238.03,973.71,318.97,918.87,278.5,109.69,80.94,8878.41,1.36,Horizontal Oblong,Orange,"(18, 53, 73)",96,VISIBLE,-0.11,0.19
225,104,car,0.1882,964.54,187.69,1006.92,215.75,985.73,201.72,42.38,28.06,1189.13,1.51,Horizontal Oblong,Blue,"(100, 55, 63)",104,VISIBLE,-1.15,0.05
225,103,car,0.1574,765.42,195.39,825.06,256.45,795.24,225.92,59.64,61.06,3641.41,0.98,Spherical / Regular,Blue,"(105, 77, 71)",103,VISIBLE,-0.2,0.4
225,40,car,0.1648,333.46,189.97,437.43,233.8,385.44,211.88,103.98,43.83,4557.1,2.37,Horizontal Oblong,Blue,"(100, 60, 107)",105,VISIBLE,0.81,-0.09
226,16,car,0.7988,563.84,350.38,1280.92,710.43,922.38,530.4,717.08,360.05,258182.73,1.99,Horizontal Oblong,Blue,"(97, 67, 72)",22,VISIBLE,-1.18,1.72
226,13,car,0.4014,1187.35,467.52,1279.76,656.18,1233.55,561.85,92.42,188.66,17435.56,0.49,Vertical Oblong,Orange,"(15, 57, 61)",37,VISIBLE,0.06,0.76
226,44,car,0.7812,479.13,158.96,1113.68,691.8,796.4,425.38,634.55,532.84,338116.44,1.19,Spherical / Regular,Blue,"(95, 67, 79)",44,VISIBLE,-5.56,7.24
226,49,car,0.9008,0.17,429.67,192.61,714.88,96.39,572.28,192.44,285.21,54885.04,0.67,Vertical Oblong,Blue,"(100, 44, 58)",49,VISIBLE,-0.0,0.04
226,38,car,0.8388,324.88,432.37,604.51,651.01,464.69,541.69,279.64,218.64,61139.34,1.28,Horizontal Oblong,Blue,"(98, 69, 90)",68,VISIBLE,-0.44,0.3
226,20,car,0.8314,58.27,293.32,228.49,398.98,143.38,346.15,170.22,105.66,17985.48,1.61,Horizontal Oblong,Blue,"(101, 60, 100)",48,VISIBLE,-0.1,0.13
226,46,car,0.8675,118.39,348.23,360.25,519.6,239.32,433.91,241.85,171.37,41446.84,1.41,Horizontal Oblong,Blue,"(100, 76, 61)",46,VISIBLE,-0.23,-0.15
226,77,car,0.573,517.21,266.56,656.88,370.46,587.04,318.51,139.67,103.91,14512.32,1.34,Horizontal Oblong,Blue,"(108, 68, 52)",77,VISIBLE,-0.28,1.23
226,51,car,0.7182,223.59,250.35,342.43,336.19,283.01,293.27,118.85,85.84,10201.66,1.38,Horizontal Oblong,Blue,"(99, 57, 110)",51,VISIBLE,0.0,-0.01
226,50,car,0.724,1216.48,206.32,1278.36,246.5,1247.42,226.41,61.89,40.18,2486.41,1.54,Horizontal Oblong,Blue,"(98, 44, 100)",50,VISIBLE,0.05,0.06
226,53,car,0.8476,258.07,304.77,420.99,430.35,339.53,367.56,162.92,125.58,20459.58,1.3,Horizontal Oblong,Orange,"(16, 79, 121)",53,VISIBLE,0.02,0.53
226,47,car,0.5972,344.84,264.26,472.2,373.17,408.52,318.72,127.36,108.91,13870.75,1.17,Spherical / Regular,Blue,"(99, 72, 94)",47,VISIBLE,-0.02,0.19
226,59,car,0.497,399.38,249.58,497.81,336.47,448.6,293.03,98.42,86.9,8552.48,1.13,Spherical / Regular,Blue,"(104, 64, 76)",59,VISIBLE,-0.14,0.2
226,76,car,0.229,584.9,247.08,635.9,265.29,610.4,256.18,51.0,18.22,929.08,2.8,Horizontal Oblong,Blue,"(102, 68, 64)",76,VISIBLE,-1.16,-1.11
226,54,car,0.587,0.02,283.07,82.94,384.19,41.48,333.63,82.92,101.12,8385.04,0.82,Spherical / Regular,Blue,"(98, 50, 93)",54,VISIBLE,-0.12,-0.12
226,75,car,0.1881,676.64,211.63,757.02,255.01,716.83,233.32,80.38,43.39,3487.21,1.85,Horizontal Oblong,Blue,"(106, 55, 77)",75,VISIBLE,0.93,1.22
226,61,car,0.5268,324.52,219.11,407.6,291.11,366.06,255.11,83.08,71.99,5980.88,1.15,Spherical / Regular,Blue,"(101, 64, 89)",61,VISIBLE,-0.34,-0.13
226,65,car,0.5393,200.51,225.32,294.9,295.3,247.71,260.31,94.39,69.98,6605.44,1.35,Horizontal Oblong,Blue,"(99, 61, 107)",65,VISIBLE,0.12,0.04
226,71,car,0.4411,83.8,168.38,195.01,209.34,139.41,188.86,111.21,40.96,4555.53,2.71,Horizontal Oblong,Blue,"(102, 52, 52)",71,VISIBLE,-0.48,-0.19
226,63,car,0.6233,62.34,244.14,193.13,311.29,127.73,277.72,130.8,67.15,8783.38,1.95,Horizontal Oblong,Blue,"(99, 55, 105)",63,VISIBLE,-1.12,0.38
226,57,car,0.4438,273.49,202.06,340.62,250.68,307.05,226.37,67.13,48.62,3263.4,1.38,Horizontal Oblong,Blue,"(99, 50, 106)",57,VISIBLE,0.57,0.06
226,67,car,0.2526,1117.78,169.77,1172.26,193.25,1145.02,181.51,54.48,23.49,1279.57,2.32,Horizontal Oblong,Blue,"(100, 44, 49)",67,VISIBLE,-0.09,0.09
226,73,car,0.4702,496.03,196.09,549.44,251.98,522.73,224.04,53.4,55.89,2984.85,0.96,Spherical / Regular,Blue,"(98, 58, 102)",73,VISIBLE,0.31,-0.2
226,55,car,0.3241,0.1,347.17,72.15,435.75,36.13,391.46,72.05,88.58,6382.32,0.81,Vertical Oblong,Orange,"(14, 47, 73)",55,VISIBLE,-0.03,-0.1
226,58,car,0.3138,167.35,159.95,227.39,186.88,197.37,173.42,60.04,26.93,1616.73,2.23,Horizontal Oblong,Blue,"(102, 64, 44)",58,VISIBLE,-0.26,0.1
226,74,car,0.6072,441.05,221.22,526.46,293.93,483.76,257.57,85.41,72.71,6210.44,1.17,Spherical / Regular,Blue,"(98, 56, 98)",74,VISIBLE,-0.22,0.12
226,64,car,0.2772,382.53,203.68,444.48,254.26,413.5,228.97,61.95,50.58,3133.14,1.22,Spherical / Regular,Blue,"(99, 59, 103)",64,VISIBLE,0.52,0.02
226,70,car,0.1596,573.35,194.46,635.84,232.68,604.59,213.57,62.49,38.22,2388.59,1.64,Horizontal Oblong,Blue,"(98, 54, 113)",70,VISIBLE,-0.37,0.61
226,56,car,0.2909,247.74,152.82,332.23,182.58,289.98,167.7,84.49,29.76,2514.45,2.84,Horizontal Oblong,Blue,"(100, 49, 58)",56,VISIBLE,-0.85,0.22
226,52,car,0.1649,447.33,173.35,490.77,214.33,469.05,193.84,43.44,40.97,1779.79,1.06,Spherical / Regular,Blue,"(100, 57, 101)",52,VISIBLE,-0.23,0.14
226,66,car,0.1749,334.13,191.15,381.62,219.58,357.87,205.37,47.49,28.43,1350.0,1.67,Horizontal Oblong,Blue,"(101, 63, 102)",66,VISIBLE,0.0,0.06
226,62,car,0.1697,297.34,152.17,339.61,175.3,318.47,163.74,42.27,23.12,977.47,1.83,Horizontal Oblong,Blue,"(106, 47, 49)",62,VISIBLE,-0.02,0.08
226,60,car,0.1583,476.44,164.14,512.74,197.48,494.59,180.81,36.3,33.34,1210.35,1.09,Spherical / Regular,Blue,"(98, 50, 100)",60,VISIBLE,-0.23,0.15
226,72,car,0.1617,492.45,185.2,564.96,235.48,528.7,210.34,72.51,50.28,3646.1,1.44,Horizontal Oblong,Blue,"(98, 56, 104)",72,VISIBLE,-1.57,1.94
226,79,bus,0.1849,504.65,135.07,547.98,184.07,526.32,159.57,43.32,49.01,2123.12,0.88,Spherical / Regular,Orange,"(14, 54, 100)",79,VISIBLE,0.04,0.41
226,83,car,0.3353,559.73,226.24,637.37,268.85,598.55,247.55,77.64,42.61,3308.56,1.82,Horizontal Oblong,Blue,"(102, 66, 56)",83,VISIBLE,0.04,0.07
226,87,car,0.8771,472.16,336.83,882.85,506.31,677.5,421.57,410.69,169.48,69604.85,2.42,Horizontal Oblong,Blue,"(87, 93, 80)",87,VISIBLE,1.16,-0.39
226,86,car,0.8158,728.24,412.72,1010.38,649.78,869.31,531.25,282.14,237.07,66885.52,1.19,Spherical / Regular,Blue,"(97, 70, 75)",86,VISIBLE,0.02,0.34
226,98,car,0.8158,851.16,606.74,1278.51,715.14,1064.83,660.94,427.35,108.4,46326.89,3.94,Horizontal Oblong,Blue,"(102, 58, 74)",98,VISIBLE,0.11,0.72
226,45,car,0.7387,884.12,262.12,1026.13,363.55,955.13,312.84,142.01,101.43,14404.67,1.4,Horizontal Oblong,Orange,"(16, 69, 83)",89,VISIBLE,-0.08,0.04
226,95,car,0.7932,1019.68,251.32,1134.88,309.5,1077.28,280.41,115.2,58.18,6702.53,1.98,Horizontal Oblong,Blue,"(101, 53, 91)",95,VISIBLE,-0.05,0.15
226,92,car,0.8049,199.47,622.38,624.69,714.29,412.08,668.33,425.22,91.91,39082.44,4.63,Horizontal Oblong,Blue,"(102, 43, 73)",92,VISIBLE,0.05,0.35
226,85,car,0.7955,1039.13,348.35,1280.05,542.1,1159.59,445.23,240.92,193.76,46678.59,1.24,Horizontal Oblong,Blue,"(88, 74, 50)",85,VISIBLE,0.11,0.17
226,93,car,0.7985,953.65,305.72,1124.94,427.45,1039.29,366.59,171.29,121.73,20851.58,1.41,Horizontal Oblong,Orange,"(16, 73, 132)",93,VISIBLE,0.09,0.13
226,94,car,0.7103,1097.12,271.32,1277.67,352.21,1187.39,311.77,180.55,80.89,14604.78,2.23,Horizontal Oblong,Blue,"(104, 63, 49)",94,VISIBLE,0.2,0.35
226,102,car,0.6318,625.96,249.64,764.83,340.9,695.4,295.27,138.87,91.26,12673.14,1.52,Horizontal Oblong,Blue,"(101, 67, 62)",102,VISIBLE,1.48,-0.06
226,100,car,0.562,1040.85,192.63,1095.32,226.16,1068.09,209.4,54.47,33.53,1826.78,1.62,Horizontal Oblong,Green,"(84, 53, 82)",100,VISIBLE,-1.23,-0.13
226,91,car,0.6059,729.96,277.38,868.26,385.64,799.11,331.51,138.3,108.26,14973.02,1.28,Horizontal Oblong,Blue,"(94, 64, 101)",91,VISIBLE,0.07,0.57
226,90,car,0.4405,823.83,223.31,901.73,295.41,862.78,259.36,77.91,72.1,5617.26,1.08,Spherical / Regular,Orange,"(15, 56, 80)",90,VISIBLE,0.09,0.69
226,88,car,0.4143,787.42,206.78,853.22,268.55,820.32,237.66,65.79,61.77,4064.11,1.07,Spherical / Regular,Orange,"(14, 68, 86)",88,VISIBLE,-0.49,-0.14
226,99,car,0.3139,688.94,225.78,773.32,272.76,731.13,249.27,84.38,46.98,3964.58,1.8,Horizontal Oblong,Blue,"(103, 59, 80)",99,VISIBLE,-0.55,-0.98
226,97,truck,0.2995,831.02,149.49,917.88,218.65,874.45,184.07,86.86,69.16,6007.48,1.26,Horizontal Oblong,Orange,"(15, 96, 99)",97,VISIBLE,-0.17,0.08
226,101,car,0.4455,997.25,230.33,1062.64,278.88,1029.94,254.6,65.38,48.55,3174.13,1.35,Horizontal Oblong,Blue,"(101, 59, 54)",101,VISIBLE,1.66,0.29
226,96,car,0.2825,863.93,238.06,973.53,318.65,918.73,278.35,109.6,80.59,8831.93,1.36,Horizontal Oblong,Blue,"(93, 53, 73)",96,VISIBLE,-0.13,-0.04
226,104,car,0.2227,963.52,187.34,1005.37,215.95,984.44,201.64,41.85,28.61,1197.48,1.46,Horizontal Oblong,Blue,"(108, 53, 63)",104,VISIBLE,-1.25,-0.04
226,103,car,0.1574,765.52,195.09,824.93,256.93,795.22,226.01,59.41,61.84,3674.07,0.96,Spherical / Regular,Blue,"(105, 77, 73)",103,VISIBLE,-0.07,0.18
226,40,car,0.1648,333.62,190.0,437.64,233.51,385.63,211.76,104.02,43.5,4525.29,2.39,Horizontal Oblong,Blue,"(100, 60, 107)",105,VISIBLE,0.37,-0.12
227,16,car,0.7988,561.4,353.78,1280.99,710.47,921.2,532.13,719.59,356.7,256677.02,2.02,Horizontal Oblong,Blue,"(96, 68, 72)",22,VISIBLE,-1.18,1.72
227,13,car,0.4272,1187.41,467.66,1279.76,658.02,1233.59,562.84,92.35,190.36,17580.51,0.49,Vertical Oblong,Orange,"(16, 59, 60)",37,VISIBLE,0.04,0.92
227,44,car,0.7812,472.24,159.3,1109.45,705.94,790.85,432.62,637.2,546.64,348323.85,1.17,Spherical / Regular,Blue,"(95, 67, 79)",44,VISIBLE,-5.56,7.24
227,49,car,0.8982,0.19,429.92,192.49,714.72,96.34,572.32,192.3,284.79,54765.21,0.68,Vertical Oblong,Blue,"(100, 44, 59)",49,VISIBLE,-0.04,0.04
227,38,car,0.8376,324.71,432.78,603.7,650.48,464.2,541.63,278.99,217.7,60735.82,1.28,Horizontal Oblong,Blue,"(98, 69, 90)",68,VISIBLE,-0.48,0.05
227,20,car,0.8416,57.78,293.72,228.35,399.02,143.07,346.37,170.57,105.31,17961.85,1.62,Horizontal Oblong,Blue,"(100, 60, 100)",48,VISIBLE,-0.25,0.19
227,46,car,0.8666,118.34,348.26,360.05,519.71,239.2,433.99,241.71,171.44,41439.73,1.41,Horizontal Oblong,Blue,"(92, 77, 60)",46,VISIBLE,-0.16,0.0
227,77,car,0.5623,516.86,266.9,655.81,372.18,586.33,319.54,138.95,105.27,14627.6,1.32,Horizontal Oblong,Blue,"(108, 68, 51)",77,VISIBLE,-0.58,1.09
227,51,car,0.7243,223.69,250.39,342.35,336.32,283.02,293.35,118.66,85.92,10196.03,1.38,Horizontal Oblong,Blue,"(98, 57, 110)",51,VISIBLE,0.01,0.06
227,50,car,0.7285,1216.49,206.31,1278.42,246.58,1247.46,226.44,61.93,40.27,2493.73,1.54,Horizontal Oblong,Blue,"(98, 44, 99)",50,VISIBLE,0.04,0.04
227,53,car,0.8467,258.23,305.41,421.0,430.64,339.62,368.03,162.76,125.23,20383.18,1.3,Horizontal Oblong,Orange,"(16, 79, 121)",53,VISIBLE,0.07,0.49
227,47,car,0.5975,344.86,264.77,472.12,373.15,408.49,318.96,127.27,108.38,13793.46,1.17,Spherical / Regular,Blue,"(98, 72, 93)",47,VISIBLE,-0.03,0.23
227,59,car,0.5069,399.06,249.67,497.93,336.64,448.5,293.16,98.87,86.97,8599.06,1.14,Spherical / Regular,Blue,"(103, 64, 77)",59,VISIBLE,-0.11,0.15
227,76,car,0.229,585.85,247.21,632.63,262.93,609.24,255.07,46.78,15.72,735.36,2.98,Horizontal Oblong,Blue,"(102, 62, 58)",76,VISIBLE,-1.16,-1.11
227,54,car,0.6353,0.01,283.58,82.68,382.74,41.34,333.16,82.67,99.16,8198.15,0.83,Spherical / Regular,Blue,"(98, 51, 93)",54,VISIBLE,-0.13,-0.36
227,75,car,0.1881,676.75,213.14,758.81,255.96,717.78,234.55,82.06,42.82,3513.89,1.92,Horizontal Oblong,Blue,"(106, 56, 76)",75,VISIBLE,0.94,1.23
227,61,car,0.5077,324.37,219.09,406.99,290.89,365.68,254.99,82.61,71.8,5931.27,1.15,Spherical / Regular,Blue,"(101, 63, 91)",61,VISIBLE,-0.37,-0.12
227,65,car,0.5294,200.49,225.38,295.02,295.54,247.75,260.46,94.53,70.16,6631.78,1.35,Horizontal Oblong,Blue,"(99, 62, 107)",65,VISIBLE,0.07,0.12
227,71,car,0.4506,83.37,168.49,194.34,208.01,138.85,188.25,110.98,39.53,4386.37,2.81,Horizontal Oblong,Blue,"(102, 53, 52)",71,VISIBLE,-0.53,-0.48
227,63,car,0.6096,61.65,244.66,191.61,311.78,126.63,278.22,129.96,67.12,8722.52,1.94,Horizontal Oblong,Blue,"(99, 55, 105)",63,VISIBLE,-1.11,0.47
227,57,car,0.4471,273.62,202.35,341.08,250.73,307.35,226.54,67.46,48.38,3263.65,1.39,Horizontal Oblong,Blue,"(99, 50, 107)",57,VISIBLE,0.38,0.14
227,67,car,0.2522,1117.88,169.86,1172.0,193.35,1144.94,181.6,54.12,23.48,1270.76,2.3,Horizontal Oblong,Blue,"(100, 44, 48)",67,VISIBLE,-0.08,0.09
227,73,car,0.4717,495.95,195.9,549.48,251.94,522.71,223.92,53.53,56.04,3000.03,0.96,Spherical / Regular,Blue,"(98, 59, 102)",73,VISIBLE,0.08,-0.14
227,55,car,0.4049,0.09,346.49,72.2,436.12,36.14,391.3,72.11,89.63,6463.0,0.8,Vertical Oblong,Orange,"(14, 48, 73)",55,VISIBLE,0.0,-0.14
227,58,car,0.3104,167.04,160.01,227.26,186.86,197.15,173.44,60.22,26.85,1616.89,2.24,Horizontal Oblong,Blue,"(102, 66, 44)",58,VISIBLE,-0.23,0.04
227,74,car,0.6132,440.81,221.37,526.47,294.03,483.64,257.7,85.66,72.66,6223.87,1.18,Spherical / Regular,Blue,"(98, 56, 97)",74,VISIBLE,-0.15,0.12
227,64,car,0.2964,383.09,203.52,444.51,254.46,413.8,228.99,61.42,50.94,3128.71,1.21,Spherical / Regular,Blue,"(98, 60, 102)",64,VISIBLE,0.36,0.02
227,70,car,0.1629,572.45,194.29,635.97,234.46,604.21,214.37,63.52,40.18,2552.11,1.58,Horizontal Oblong,Blue,"(98, 54, 113)",70,VISIBLE,-0.38,0.75
227,56,car,0.296,247.42,153.02,330.91,182.7,289.17,167.86,83.49,29.68,2477.75,2.81,Horizontal Oblong,Blue,"(100, 49, 57)",56,VISIBLE,-0.83,0.18
227,52,car,0.1698,446.77,173.77,490.88,214.75,468.82,194.26,44.1,40.98,1807.52,1.08,Spherical / Regular,Blue,"(99, 57, 101)",52,VISIBLE,-0.23,0.34
227,66,car,0.1749,334.24,191.23,381.47,219.63,357.86,205.43,47.23,28.4,1341.32,1.66,Horizontal Oblong,Blue,"(100, 64, 100)",66,VISIBLE,-0.01,0.06
227,62,car,0.1682,297.04,152.21,339.78,175.44,318.41,163.82,42.74,23.23,992.74,1.84,Horizontal Oblong,Blue,"(105, 47, 49)",62,VISIBLE,-0.05,0.09
227,60,car,0.1583,476.3,164.09,512.4,197.84,494.35,180.97,36.09,33.76,1218.47,1.07,Spherical / Regular,Blue,"(96, 52, 100)",60,VISIBLE,-0.24,0.15
227,72,car,0.1617,489.59,186.03,564.7,238.51,527.15,212.27,75.11,52.48,3942.19,1.43,Horizontal Oblong,Blue,"(98, 57, 103)",72,VISIBLE,-1.56,1.93
227,79,bus,0.1849,504.65,135.16,548.06,184.79,526.36,159.98,43.41,49.63,2154.15,0.87,Spherical / Regular,Orange,"(15, 54, 99)",79,VISIBLE,0.04,0.41
227,83,car,0.393,559.32,226.4,638.78,269.16,599.05,247.78,79.46,42.76,3397.49,1.86,Horizontal Oblong,Blue,"(100, 65, 56)",83,VISIBLE,0.36,0.18
227,87,car,0.8777,474.92,336.24,882.49,505.75,678.71,420.99,407.57,169.51,69088.41,2.4,Horizontal Oblong,Blue,"(86, 94, 80)",87,VISIBLE,1.19,-0.52
227,86,car,0.8176,727.89,412.97,1010.72,650.24,869.3,531.6,282.83,237.27,67107.26,1.19,Spherical / Regular,Blue,"(96, 71, 75)",86,VISIBLE,0.0,0.35
227,98,car,0.8475,851.32,607.53,1278.59,715.14,1064.96,661.33,427.27,107.61,45979.21,3.97,Horizontal Oblong,Blue,"(102, 58, 74)",98,VISIBLE,0.12,0.49
227,45,car,0.7483,884.03,261.99,1026.13,363.54,955.08,312.76,142.1,101.55,14430.22,1.4,Horizontal Oblong,Orange,"(16, 69, 83)",89,VISIBLE,-0.06,-0.04
227,95,car,0.7875,1019.54,251.5,1135.01,309.71,1077.28,280.6,115.47,58.21,6721.29,1.98,Horizontal Oblong,Blue,"(100, 53, 91)",95,VISIBLE,-0.02,0.18
227,92,car,0.8007,199.24,623.22,624.65,714.31,411.95,668.76,425.41,91.09,38748.81,4.67,Horizontal Oblong,Blue,"(99, 42, 73)",92,VISIBLE,-0.08,0.41
227,85,car,0.7976,1039.23,348.35,1280.05,542.59,1159.64,445.47,240.82,194.24,46777.7,1.24,Horizontal Oblong,Green,"(76, 74, 50)",85,VISIBLE,0.07,0.22
227,93,car,0.801,953.78,305.87,1124.77,427.69,1039.27,366.78,170.99,121.82,20830.22,1.4,Horizontal Oblong,Orange,"(17, 73, 131)",93,VISIBLE,0.01,0.17
227,94,car,0.7163,1097.11,271.7,1277.89,352.45,1187.5,312.08,180.78,80.75,14598.57,2.24,Horizontal Oblong,Blue,"(104, 63, 49)",94,VISIBLE,0.13,0.32
227,102,car,0.7462,625.93,249.53,768.46,340.51,697.19,295.02,142.53,90.97,12966.06,1.57,Horizontal Oblong,Blue,"(100, 68, 67)",102,VISIBLE,1.7,-0.19
227,100,car,0.5674,1039.99,192.21,1093.88,226.18,1066.93,209.2,53.89,33.97,1830.53,1.59,Horizontal Oblong,Blue,"(94, 49, 77)",100,VISIBLE,-1.17,-0.18
227,91,car,0.6373,730.07,278.21,868.32,386.22,799.2,332.21,138.25,108.01,14932.63,1.28,Horizontal Oblong,Blue,"(94, 64, 100)",91,VISIBLE,0.08,0.66
227,90,car,0.4286,823.85,223.92,901.93,295.94,862.89,259.93,78.08,72.01,5622.73,1.08,Spherical / Regular,Orange,"(15, 56, 77)",90,VISIBLE,0.1,0.61
227,88,car,0.4107,786.49,206.76,853.22,268.43,819.86,237.59,66.73,61.67,4115.45,1.08,Spherical / Regular,Orange,"(14, 68, 85)",88,VISIBLE,-0.47,-0.09
227,99,car,0.2539,688.37,225.78,773.16,270.56,730.77,248.17,84.78,44.78,3796.68,1.89,Horizontal Oblong,Blue,"(103, 62, 79)",99,VISIBLE,-0.42,-1.06
227,97,truck,0.3108,830.59,149.68,917.42,218.54,874.01,184.11,86.83,68.86,5978.96,1.26,Horizontal Oblong,Orange,"(16, 96, 99)",97,VISIBLE,-0.36,0.05
227,101,car,0.4456,998.75,230.43,1062.73,279.03,1030.74,254.73,63.98,48.6,3109.32,1.32,Horizontal Oblong,Blue,"(101, 59, 54)",101,VISIBLE,1.06,0.18
227,96,car,0.2857,863.9,238.06,973.46,318.35,918.68,278.21,109.56,80.29,8796.3,1.36,Horizontal Oblong,Orange,"(21, 54, 72)",96,VISIBLE,-0.07,-0.12
227,104,car,0.2619,962.87,187.31,1003.89,215.92,983.38,201.62,41.02,28.62,1173.95,1.43,Horizontal Oblong,Blue,"(100, 54, 65)",104,VISIBLE,-1.12,-0.03
227,103,car,0.1574,765.61,194.79,824.8,257.42,795.21,226.1,59.18,62.62,3706.38,0.95,Spherical / Regular,Blue,"(104, 76, 71)",103,VISIBLE,-0.04,0.12
227,40,car,0.1648,333.78,190.04,437.85,233.22,385.81,211.63,104.07,43.18,4493.44,2.41,Horizontal Oblong,Blue,"(99, 61, 107)",105,VISIBLE,0.24,-0.12
228,16,car,0.7988,558.96,357.18,1281.07,710.52,920.01,533.85,722.11,353.35,255154.47,2.04,Horizontal Oblong,Blue,"(97, 67, 72)",22,VISIBLE,-1.18,1.72
228,13,car,0.502,1187.32,467.63,1279.76,659.09,1233.54,563.36,92.44,191.46,17698.13,0.48,Vertical Oblong,Orange,"(16, 59, 61)",37,VISIBLE,-0.02,0.64
228,44,car,0.7812,465.36,159.64,1105.21,720.09,785.29,439.86,639.85,560.45,358604.42,1.14,Spherical / Regular,Blue,"(96, 67, 78)",44,VISIBLE,-5.56,7.24
228,49,car,0.9013,0.12,430.01,192.44,714.48,96.28,572.25,192.32,284.46,54706.87,0.68,Vertical Oblong,Blue,"(100, 44, 58)",49,VISIBLE,-0.05,-0.04
228,38,car,0.8447,324.42,433.24,602.98,649.59,463.7,541.41,278.56,216.35,60267.03,1.29,Horizontal Oblong,Blue,"(98, 70, 90)",68,VISIBLE,-0.5,-0.14
228,20,car,0.8251,57.71,294.16,228.12,399.02,142.91,346.59,170.41,104.86,17869.27,1.63,Horizontal Oblong,Blue,"(101, 60, 100)",48,VISIBLE,-0.18,0.21
228,46,car,0.8649,118.39,348.32,359.88,519.48,239.13,433.9,241.48,171.16,41333.01,1.41,Horizontal Oblong,Blue,"(101, 77, 60)",46,VISIBLE,-0.09,-0.06
228,77,car,0.5629,516.35,267.07,654.79,373.39,585.57,320.23,138.44,106.32,14717.98,1.3,Horizontal Oblong,Blue,"(108, 69, 51)",77,VISIBLE,-0.71,0.81
228,51,car,0.717,223.86,250.39,342.27,336.63,283.06,293.51,118.41,86.24,10211.69,1.37,Horizontal Oblong,Blue,"(99, 57, 110)",51,VISIBLE,0.03,0.13
228,50,car,0.7301,1216.49,206.29,1278.5,246.7,1247.49,226.5,62.01,40.4,2505.38,1.53,Horizontal Oblong,Blue,"(99, 43, 100)",50,VISIBLE,0.04,0.05
228,53,car,0.8412,258.5,305.89,421.07,430.77,339.78,368.33,162.58,124.88,20302.39,1.3,Horizontal Oblong,Orange,"(16, 80, 121)",53,VISIBLE,0.14,0.36
228,47,car,0.6239,344.81,265.44,472.06,373.2,408.43,319.32,127.25,107.75,13711.5,1.18,Spherical / Regular,Blue,"(100, 72, 94)",47,VISIBLE,-0.05,0.32
228,59,car,0.5173,398.97,249.83,498.04,336.79,448.5,293.31,99.07,86.96,8614.92,1.14,Spherical / Regular,Blue,"(105, 62, 77)",59,VISIBLE,-0.03,0.15
228,76,car,0.229,586.81,247.35,629.37,260.57,608.09,253.96,42.56,13.22,562.72,3.22,Horizontal Oblong,Blue,"(104, 62, 53)",76,VISIBLE,-1.15,-1.11
228,54,car,0.6306,0.04,283.44,82.48,382.22,41.26,332.83,82.44,98.78,8143.63,0.83,Spherical / Regular,Blue,"(98, 51, 93)",54,VISIBLE,-0.1,-0.34
228,75,car,0.1881,676.86,214.65,760.6,256.91,718.73,235.78,83.74,42.26,3538.68,1.98,Horizontal Oblong,Blue,"(108, 55, 76)",75,VISIBLE,0.95,1.23
228,61,car,0.4969,324.04,219.11,406.37,290.59,365.21,254.85,82.33,71.48,5885.01,1.15,Spherical / Regular,Blue,"(102, 61, 90)",61,VISIBLE,-0.44,-0.14
228,65,car,0.5437,200.49,225.68,294.65,295.76,247.57,260.72,94.16,70.09,6599.33,1.34,Horizontal Oblong,Blue,"(99, 61, 107)",65,VISIBLE,-0.11,0.22
228,71,car,0.4327,82.76,168.59,194.21,206.33,138.49,187.46,111.45,37.75,4206.91,2.95,Horizontal Oblong,Blue,"(103, 52, 51)",71,VISIBLE,-0.42,-0.7
228,63,car,0.6056,60.95,245.11,191.11,312.66,126.03,278.88,130.16,67.55,8791.97,1.93,Horizontal Oblong,Blue,"(99, 54, 105)",63,VISIBLE,-0.75,0.61
228,57,car,0.4276,273.65,202.55,341.1,250.75,307.38,226.65,67.45,48.2,3250.88,1.4,Horizontal Oblong,Blue,"(100, 50, 106)",57,VISIBLE,0.13,0.12
228,67,car,0.2692,1117.76,169.9,1172.01,193.39,1144.88,181.65,54.25,23.49,1274.52,2.31,Horizontal Oblong,Blue,"(100, 44, 47)",67,VISIBLE,-0.06,0.06
228,73,car,0.4703,495.68,195.59,549.62,251.82,522.65,223.71,53.94,56.23,3032.75,0.96,Spherical / Regular,Blue,"(98, 57, 102)",73,VISIBLE,-0.02,-0.19
228,55,car,0.4157,0.08,346.3,72.12,436.21,36.1,391.26,72.04,89.9,6476.93,0.8,Vertical Oblong,Orange,"(14, 47, 72)",55,VISIBLE,-0.03,-0.08
228,58,car,0.2958,166.97,160.15,227.17,186.55,197.07,173.35,60.2,26.4,1589.22,2.28,Horizontal Oblong,Blue,"(105, 64, 44)",58,VISIBLE,-0.13,-0.05
228,74,car,0.6093,440.71,221.52,526.47,294.16,483.59,257.84,85.76,72.64,6229.42,1.18,Spherical / Regular,Blue,"(99, 54, 97)",74,VISIBLE,-0.08,0.13
228,64,car,0.2847,383.63,203.4,444.22,254.61,413.93,229.01,60.6,51.22,3103.64,1.18,Spherical / Regular,Blue,"(100, 59, 103)",64,VISIBLE,0.2,0.02
228,70,car,0.1736,571.9,194.14,635.87,235.26,603.88,214.7,63.97,41.12,2630.21,1.56,Horizontal Oblong,Blue,"(100, 52, 110)",70,VISIBLE,-0.34,0.45
228,56,car,0.2999,247.23,153.27,329.91,182.93,288.57,168.1,82.69,29.66,2452.7,2.79,Horizontal Oblong,Blue,"(100, 50, 58)",56,VISIBLE,-0.66,0.22
228,52,car,0.1859,446.81,174.6,490.81,215.33,468.81,194.96,44.0,40.72,1791.64,1.08,Spherical / Regular,Blue,"(100, 59, 101)",52,VISIBLE,-0.08,0.59
228,66,car,0.1749,334.35,191.31,381.33,219.67,357.84,205.49,46.98,28.37,1332.66,1.66,Horizontal Oblong,Blue,"(101, 63, 100)",66,VISIBLE,-0.01,0.06
228,62,car,0.1608,297.99,152.27,339.73,175.73,318.86,164.0,41.75,23.46,979.47,1.78,Horizontal Oblong,Blue,"(106, 47, 49)",62,VISIBLE,0.3,0.15
228,60,car,0.1583,476.17,164.03,512.06,198.2,494.12,181.12,35.89,34.17,1226.43,1.05,Spherical / Regular,Blue,"(98, 49, 101)",60,VISIBLE,-0.24,0.15
228,72,car,0.1617,486.73,186.86,564.45,241.55,525.59,214.21,77.71,54.68,4249.73,1.42,Horizontal Oblong,Blue,"(98, 56, 103)",72,VISIBLE,-1.56,1.93
228,83,car,0.4136,559.27,226.62,640.25,269.37,599.76,248.0,80.98,42.75,3462.05,1.89,Horizontal Oblong,Blue,"(102, 65, 56)",83,VISIBLE,0.61,0.21
228,87,car,0.8718,473.76,336.68,886.73,506.0,680.25,421.34,412.97,169.32,69923.14,2.44,Horizontal Oblong,Blue,"(87, 93, 80)",87,VISIBLE,1.43,0.09
228,86,car,0.8134,727.75,413.09,1011.15,651.04,869.45,532.06,283.4,237.95,67436.0,1.19,Spherical / Regular,Blue,"(97, 71, 75)",86,VISIBLE,0.1,0.43
228,98,car,0.8599,851.49,608.19,1278.57,715.14,1065.03,661.66,427.08,106.95,45675.86,3.99,Horizontal Oblong,Blue,"(102, 57, 75)",98,VISIBLE,0.09,0.38
228,45,car,0.7557,884.17,261.89,1026.21,363.46,955.19,312.67,142.04,101.57,14427.38,1.4,Horizontal Oblong,Orange,"(15, 69, 84)",89,VISIBLE,0.06,-0.07
228,95,car,0.7837,1019.74,251.63,1134.87,310.02,1077.3,280.83,115.13,58.39,6722.68,1.97,Horizontal Oblong,Blue,"(102, 53, 92)",95,VISIBLE,0.02,0.21
228,92,car,0.793,198.41,623.97,624.87,714.26,411.64,669.12,426.46,90.29,38504.51,4.72,Horizontal Oblong,Blue,"(102, 44, 73)",92,VISIBLE,-0.24,0.37
228,85,car,0.7969,1039.3,348.29,1280.05,543.07,1159.68,445.68,240.74,194.78,46891.42,1.24,Horizontal Oblong,Green,"(81, 74, 50)",85,VISIBLE,0.04,0.21
228,93,car,0.7863,953.92,306.05,1124.8,427.99,1039.36,367.02,170.88,121.94,20836.61,1.4,Horizontal Oblong,Orange,"(16, 73, 133)",93,VISIBLE,0.06,0.22
228,94,car,0.7144,1096.99,272.17,1277.98,352.69,1187.48,312.43,180.98,80.52,14572.49,2.25,Horizontal Oblong,Blue,"(106, 64, 49)",94,VISIBLE,0.03,0.34
228,102,car,0.7858,625.72,249.46,774.31,340.27,700.02,294.87,148.58,90.82,13493.94,1.64,Horizontal Oblong,Blue,"(101, 68, 77)",102,VISIBLE,2.49,-0.17
228,100,car,0.589,1039.34,191.78,1092.63,226.28,1065.99,209.03,53.29,34.5,1838.5,1.54,Horizontal Oblong,Blue,"(95, 53, 75)",100,VISIBLE,-1.02,-0.17
228,91,car,0.5613,730.0,279.05,868.34,385.54,799.17,332.29,138.34,106.49,14731.53,1.3,Horizontal Oblong,Blue,"(95, 65, 100)",91,VISIBLE,0.01,0.26
228,90,car,0.4145,824.17,224.56,902.23,297.53,863.2,261.04,78.06,72.97,5696.15,1.07,Spherical / Regular,Orange,"(14, 57, 76)",90,VISIBLE,0.25,0.96
228,88,car,0.4429,786.35,206.88,853.49,268.48,819.92,237.68,67.13,61.6,4135.6,1.09,Spherical / Regular,Orange,"(14, 68, 84)",88,VISIBLE,-0.1,0.03
228,99,car,0.2145,688.87,226.05,772.57,267.44,730.72,246.74,83.7,41.4,3465.04,2.02,Horizontal Oblong,Blue,"(104, 63, 80)",99,VISIBLE,-0.16,-1.32
228,97,truck,0.279,830.44,149.86,916.91,218.35,873.68,184.1,86.47,68.48,5921.96,1.26,Horizontal Oblong,Orange,"(15, 96, 99)",97,VISIBLE,-0.34,0.01
228,101,car,0.412,998.65,230.4,1062.97,279.37,1030.81,254.88,64.31,48.97,3149.24,1.31,Horizontal Oblong,Blue,"(102, 57, 55)",101,VISIBLE,0.37,0.16
228,96,car,0.2796,863.63,238.09,973.71,318.8,918.67,278.44,110.08,80.71,8884.77,1.36,Horizontal Oblong,Blue,"(101, 54, 71)",96,VISIBLE,-0.03,0.13
228,104,car,0.284,962.46,187.24,1002.59,215.66,982.52,201.45,40.13,28.42,1140.55,1.41,Horizontal Oblong,Blue,"(113, 52, 61)",104,VISIBLE,-0.93,-0.13
228,103,car,0.1543,765.67,194.29,824.27,258.79,794.97,226.54,58.59,64.5,3779.59,0.91,Spherical / Regular,Blue,"(113, 73, 72)",103,VISIBLE,-0.18,0.34
229,16,car,0.7988,556.52,360.58,1281.14,710.57,918.83,535.57,724.62,350.0,253615.07,2.07,Horizontal Oblong,Blue,"(97, 67, 71)",22,VISIBLE,-1.18,1.72
229,13,car,0.5773,1187.39,467.73,1279.76,660.39,1233.58,564.06,92.37,192.66,17795.3,0.48,Vertical Oblong,Orange,"(16, 58, 60)",37,VISIBLE,0.02,0.68
229,44,car,0.7812,458.48,159.98,1100.98,734.23,779.73,447.1,642.5,574.25,368958.15,1.12,Spherical / Regular,Blue,"(96, 67, 78)",44,VISIBLE,-5.56,7.24
229,49,car,0.9024,0.07,430.16,192.37,714.07,96.22,572.12,192.3,283.91,54595.97,0.68,Vertical Oblong,Blue,"(101, 44, 59)",49,VISIBLE,-0.06,-0.1
229,38,car,0.8436,324.32,433.78,602.47,648.74,463.39,541.26,278.15,214.95,59789.51,1.29,Horizontal Oblong,Blue,"(99, 68, 89)",68,VISIBLE,-0.36,-0.15
229,20,car,0.7793,57.01,294.55,227.67,400.12,142.34,347.34,170.66,105.57,18016.06,1.62,Horizontal Oblong,Blue,"(101, 61, 100)",48,VISIBLE,-0.46,0.59
229,46,car,0.8579,118.41,348.37,359.66,520.34,239.03,434.35,241.25,171.97,41487.57,1.4,Horizontal Oblong,Blue,"(101, 76, 61)",46,VISIBLE,-0.1,0.3
229,77,car,0.5825,516.29,266.99,653.94,374.78,585.11,320.89,137.65,107.79,14836.27,1.28,Horizontal Oblong,Blue,"(110, 68, 51)",77,VISIBLE,-0.53,0.7
229,51,car,0.6848,224.05,250.55,342.02,337.53,283.03,294.04,117.97,86.98,10261.08,1.36,Horizontal Oblong,Blue,"(99, 58, 111)",51,VISIBLE,-0.01,0.41
229,50,car,0.746,1216.5,206.35,1278.55,246.86,1247.53,226.6,62.05,40.52,2514.0,1.53,Horizontal Oblong,Blue,"(99, 43, 100)",50,VISIBLE,0.03,0.09
229,53,car,0.8263,258.72,305.96,421.12,430.8,339.92,368.38,162.4,124.84,20274.31,1.3,Horizontal Oblong,Orange,"(16, 79, 121)",53,VISIBLE,0.14,0.14
229,47,car,0.6224,344.75,266.17,472.22,373.24,408.48,319.71,127.47,107.07,13647.99,1.19,Spherical / Regular,Blue,"(100, 72, 94)",47,VISIBLE,0.02,0.37
229,59,car,0.5354,398.8,249.98,498.11,336.89,448.45,293.44,99.3,86.91,8630.75,1.14,Spherical / Regular,Blue,"(105, 62, 77)",59,VISIBLE,-0.04,0.13
229,76,car,0.229,587.76,247.49,626.1,258.21,606.93,252.85,38.34,10.72,411.17,3.58,Horizontal Oblong,Blue,"(102, 60, 49)",76,VISIBLE,-1.16,-1.11
229,54,car,0.6223,0.07,283.34,81.93,382.47,41.0,332.9,81.86,99.13,8115.05,0.83,Spherical / Regular,Blue,"(98, 50, 94)",54,VISIBLE,-0.21,-0.05
229,75,car,0.1881,676.98,216.16,762.39,257.86,719.68,237.01,85.42,41.7,3561.58,2.05,Horizontal Oblong,Blue,"(108, 55, 76)",75,VISIBLE,0.95,1.23
229,61,car,0.4818,323.59,219.06,406.21,290.46,364.9,254.76,82.62,71.4,5899.05,1.16,Spherical / Regular,Blue,"(102, 61, 91)",61,VISIBLE,-0.35,-0.1
229,65,car,0.529,200.5,226.03,294.17,296.05,247.33,261.04,93.67,70.02,6558.67,1.34,Horizontal Oblong,Blue,"(99, 61, 108)",65,VISIBLE,-0.2,0.29
229,71,car,0.42,82.31,168.74,194.17,205.16,138.24,186.95,111.86,36.42,4073.7,3.07,Horizontal Oblong,Blue,"(103, 53, 51)",71,VISIBLE,-0.3,-0.57
229,63,car,0.6011,59.94,245.41,190.7,314.14,125.32,279.78,130.76,68.74,8988.16,1.9,Horizontal Oblong,Blue,"(99, 55, 107)",63,VISIBLE,-0.72,0.8
229,57,car,0.4041,273.5,202.75,341.02,250.81,307.26,226.78,67.51,48.06,3244.62,1.4,Horizontal Oblong,Blue,"(100, 50, 107)",57,VISIBLE,-0.04,0.13
229,67,car,0.2695,1117.52,170.04,1172.36,193.54,1144.94,181.79,54.84,23.49,1288.4,2.33,Horizontal Oblong,Blue,"(100, 44, 48)",67,VISIBLE,0.02,0.12
229,73,car,0.4566,495.34,195.39,549.77,251.78,522.56,223.59,54.43,56.39,3069.14,0.97,Spherical / Regular,Blue,"(98, 56, 102)",73,VISIBLE,-0.07,-0.14
229,55,car,0.442,0.08,346.27,72.08,436.24,36.08,391.26,72.0,89.97,6478.13,0.8,Vertical Oblong,Orange,"(14, 47, 72)",55,VISIBLE,-0.02,-0.02
229,58,car,0.2992,166.9,160.3,227.07,186.16,196.99,173.23,60.17,25.86,1555.98,2.33,Horizontal Oblong,Blue,"(105, 64, 43)",58,VISIBLE,-0.1,-0.1
229,74,car,0.5938,440.82,221.56,526.61,294.23,483.71,257.89,85.79,72.66,6233.83,1.18,Spherical / Regular,Blue,"(99, 54, 98)",74,VISIBLE,0.06,0.08
229,64,car,0.2699,384.03,203.32,443.93,254.69,413.98,229.01,59.9,51.37,3077.33,1.17,Spherical / Regular,Blue,"(100, 58, 104)",64,VISIBLE,0.1,0.0
229,70,car,0.1691,571.62,194.24,635.71,235.55,603.66,214.89,64.09,41.31,2647.64,1.55,Horizontal Oblong,Blue,"(100, 52, 110)",70,VISIBLE,-0.26,0.27
229,56,car,0.3016,247.2,153.44,329.52,183.24,288.36,168.34,82.32,29.8,2453.21,2.76,Horizontal Oblong,Blue,"(100, 51, 58)",56,VISIBLE,-0.35,0.23
229,52,car,0.204,447.08,175.74,490.69,215.65,468.88,195.69,43.62,39.91,1740.61,1.09,Spherical / Regular,Blue,"(100, 60, 101)",52,VISIBLE,0.03,0.69
229,66,car,0.1749,334.45,191.38,381.18,219.72,357.82,205.55,46.73,28.34,1324.02,1.65,Horizontal Oblong,Blue,"(100, 63, 101)",66,VISIBLE,-0.02,0.06
229,62,car,0.1511,299.14,152.34,339.64,175.92,319.39,164.13,40.51,23.59,955.38,1.72,Horizontal Oblong,Blue,"(106, 46, 47)",62,VISIBLE,0.46,0.14
229,60,car,0.1583,476.04,163.97,511.72,198.56,493.88,181.27,35.68,34.59,1234.21,1.03,Spherical / Regular,Blue,"(98, 49, 100)",60,VISIBLE,-0.24,0.15
229,72,car,0.1617,483.88,187.7,564.19,244.58,524.03,216.14,80.31,56.89,4568.72,1.41,Horizontal Oblong,Blue,"(98, 56, 103)",72,VISIBLE,-1.56,1.93
229,83,car,0.4453,559.39,226.75,641.13,269.67,600.26,248.21,81.74,42.92,3508.37,1.9,Horizontal Oblong,Blue,"(102, 65, 57)",83,VISIBLE,0.53,0.21
229,87,car,0.871,476.01,336.42,885.49,506.0,680.75,421.21,409.48,169.57,69436.36,2.41,Horizontal Oblong,Blue,"(87, 93, 80)",87,VISIBLE,0.78,-0.07
229,86,car,0.8136,727.82,413.06,1011.5,651.08,869.66,532.07,283.68,238.03,67524.24,1.19,Spherical / Regular,Blue,"(97, 70, 74)",86,VISIBLE,0.18,0.13
229,98,car,0.8397,851.6,608.73,1278.55,715.15,1065.07,661.94,426.95,106.42,45437.29,4.01,Horizontal Oblong,Blue,"(102, 57, 75)",98,VISIBLE,0.06,0.31
229,45,car,0.754,884.15,261.81,1026.29,363.38,955.22,312.6,142.14,101.57,14437.73,1.4,Horizontal Oblong,Orange,"(15, 68, 83)",89,VISIBLE,0.04,-0.08
229,95,car,0.7808,1020.35,251.77,1134.51,310.37,1077.43,281.07,114.16,58.6,6690.15,1.95,Horizontal Oblong,Blue,"(102, 53, 90)",95,VISIBLE,0.09,0.23
229,92,car,0.7928,196.7,624.78,625.27,714.21,410.98,669.49,428.56,89.43,38326.46,4.79,Horizontal Oblong,Blue,"(100, 42, 73)",92,VISIBLE,-0.53,0.38
229,85,car,0.7825,1039.28,348.39,1280.04,543.38,1159.66,445.89,240.76,194.99,46945.91,1.23,Horizontal Oblong,Green,"(72, 74, 51)",85,VISIBLE,0.0,0.21
229,93,car,0.7807,954.09,306.29,1125.13,428.43,1039.61,367.36,171.04,122.14,20891.77,1.4,Horizontal Oblong,Orange,"(16, 73, 132)",93,VISIBLE,0.19,0.3
229,94,car,0.6856,1096.85,272.76,1277.97,352.96,1187.41,312.86,181.12,80.2,14525.84,2.26,Horizontal Oblong,Blue,"(105, 64, 49)",94,VISIBLE,-0.04,0.4
229,102,car,0.8248,625.51,249.15,780.13,339.9,702.82,294.52,154.62,90.75,14032.14,1.7,Horizontal Oblong,Blue,"(101, 68, 78)",102,VISIBLE,2.71,-0.29
229,100,car,0.6216,1038.67,191.34,1091.39,226.44,1065.03,208.89,52.72,35.09,1849.99,1.5,Horizontal Oblong,Blue,"(95, 46, 78)",100,VISIBLE,-0.97,-0.15
229,91,car,0.5878,729.66,279.86,868.31,385.59,798.98,332.72,138.65,105.73,14659.26,1.31,Horizontal Oblong,Blue,"(95, 64, 101)",91,VISIBLE,-0.13,0.38
229,90,car,0.441,824.46,224.84,902.76,298.24,863.61,261.54,78.3,73.4,5747.25,1.07,Spherical / Regular,Orange,"(14, 57, 77)",90,VISIBLE,0.36,0.64
229,88,car,0.4613,786.22,207.02,853.88,268.75,820.05,237.88,67.66,61.73,4176.8,1.1,Spherical / Regular,Orange,"(14, 70, 84)",88,VISIBLE,0.06,0.15
229,99,car,0.1687,690.06,226.33,771.59,263.89,730.83,245.11,81.53,37.56,3062.23,2.17,Horizontal Oblong,Blue,"(106, 58, 79)",99,VISIBLE,0.03,-1.54
229,97,truck,0.2698,830.48,150.07,916.19,218.31,873.33,184.19,85.71,68.24,5849.12,1.26,Horizontal Oblong,Orange,"(15, 96, 100)",97,VISIBLE,-0.34,0.06
229,101,car,0.3731,995.73,230.29,1063.06,279.67,1029.39,254.98,67.34,49.38,3325.09,1.36,Horizontal Oblong,Blue,"(102, 58, 55)",101,VISIBLE,-0.88,0.11
229,96,car,0.2768,863.43,238.35,973.93,319.5,918.68,278.93,110.5,81.16,8967.65,1.36,Horizontal Oblong,Blue,"(100, 54, 71)",96,VISIBLE,-0.0,0.38
229,104,car,0.214,961.93,187.24,1001.45,215.34,981.69,201.29,39.52,28.1,1110.64,1.41,Horizontal Oblong,Blue,"(104, 53, 63)",104,VISIBLE,-0.86,-0.15
229,103,car,0.1836,765.61,193.72,823.83,258.78,794.72,226.25,58.22,65.05,3787.29,0.89,Spherical / Regular,Blue,"(113, 73, 72)",103,VISIBLE,-0.23,-0.1
229,80,car,0.1649,883.33,200.16,930.69,236.53,907.01,218.34,47.35,36.37,1722.07,1.3,Horizontal Oblong,Orange,"(18, 60, 76)",106,VISIBLE,9.07,7.08
230,16,car,0.7988,554.08,363.98,1281.22,710.62,917.65,537.3,727.14,346.65,252058.83,2.1,Horizontal Oblong,Blue,"(97, 67, 72)",22,VISIBLE,-1.18,1.72
230,13,car,0.6284,1187.75,469.38,1279.76,661.61,1233.75,565.49,92.01,192.23,17687.07,0.48,Vertical Oblong,Orange,"(16, 60, 61)",37,VISIBLE,0.13,1.21
230,44,car,0.7812,451.59,160.32,1096.75,748.37,774.17,454.34,645.15,588.05,379385.04,1.1,Spherical / Regular,Blue,"(97, 67, 78)",44,VISIBLE,-5.56,7.24
230,49,car,0.8992,0.11,430.52,191.91,713.99,96.01,572.26,191.8,283.47,54370.09,0.68,Vertical Oblong,Blue,"(101, 44, 58)",49,VISIBLE,-0.16,0.07
230,38,car,0.8492,324.27,434.38,602.39,648.4,463.33,541.39,278.13,214.01,59523.33,1.3,Horizontal Oblong,Blue,"(98, 68, 89)",68,VISIBLE,-0.15,0.05
230,20,car,0.7831,56.43,294.77,227.39,400.27,141.91,347.52,170.96,105.5,18037.07,1.62,Horizontal Oblong,Blue,"(102, 60, 100)",48,VISIBLE,-0.44,0.31
230,46,car,0.8562,118.33,348.43,359.39,520.91,238.86,434.67,241.05,172.48,41576.3,1.4,Horizontal Oblong,Blue,"(100, 75, 61)",46,VISIBLE,-0.15,0.31
230,77,car,0.623,516.59,267.05,653.04,376.14,584.82,321.59,136.46,109.09,14886.44,1.25,Horizontal Oblong,Blue,"(110, 69, 52)",77,VISIBLE,-0.37,0.71
230,51,car,0.6517,224.18,250.93,341.47,339.16,282.82,295.04,117.29,88.23,10348.41,1.33,Horizontal Oblong,Blue,"(99, 56, 111)",51,VISIBLE,-0.15,0.83
230,50,car,0.7449,1216.53,206.47,1278.58,247.05,1247.55,226.76,62.04,40.58,2517.6,1.53,Horizontal Oblong,Blue,"(99, 44, 99)",50,VISIBLE,0.03,0.14
230,53,car,0.8147,258.88,305.8,421.19,430.8,340.03,368.3,162.32,125.0,20289.79,1.3,Horizontal Oblong,Orange,"(16, 78, 120)",53,VISIBLE,0.12,-0.01
230,47,car,0.6209,344.77,266.74,472.43,373.37,408.6,320.05,127.66,106.62,13611.53,1.2,Spherical / Regular,Blue,"(100, 73, 94)",47,VISIBLE,0.09,0.35
230,59,car,0.5472,398.85,250.09,498.19,336.93,448.52,293.51,99.35,86.85,8628.25,1.14,Spherical / Regular,Blue,"(105, 62, 77)",59,VISIBLE,0.03,0.09
230,54,car,0.6083,0.05,283.91,81.28,380.78,40.67,332.35,81.23,96.87,7869.15,0.84,Spherical / Regular,Blue,"(98, 51, 93)",54,VISIBLE,-0.3,-0.41
230,75,car,0.1881,677.09,217.68,764.18,258.81,720.64,238.24,87.1,41.13,3582.58,2.12,Horizontal Oblong,Blue,"(110, 54, 76)",75,VISIBLE,0.95,1.23
230,61,car,0.5041,323.41,219.12,405.86,290.62,364.64,254.87,82.45,71.51,5895.97,1.15,Spherical / Regular,Blue,"(102, 61, 93)",61,VISIBLE,-0.29,0.05
230,65,car,0.5161,199.99,225.85,294.81,296.44,247.4,261.14,94.81,70.59,6692.48,1.34,Horizontal Oblong,Blue,"(99, 61, 108)",65,VISIBLE,-0.01,0.16
230,71,car,0.4158,81.6,168.83,194.22,204.67,137.91,186.75,112.63,35.83,4035.62,3.14,Horizontal Oblong,Blue,"(102, 54, 53)",71,VISIBLE,-0.32,-0.31
230,63,car,0.5908,58.97,245.67,190.17,315.74,124.57,280.71,131.2,70.06,9192.1,1.87,Horizontal Oblong,Blue,"(99, 54, 108)",63,VISIBLE,-0.74,0.89
230,57,car,0.4076,273.32,202.73,341.08,250.95,307.2,226.84,67.75,48.21,3266.72,1.41,Horizontal Oblong,Blue,"(100, 49, 109)",57,VISIBLE,-0.05,0.08
230,67,car,0.2758,1116.83,170.3,1172.55,193.72,1144.69,182.01,55.73,23.42,1305.08,2.38,Horizontal Oblong,Blue,"(100, 44, 47)",67,VISIBLE,-0.17,0.19
230,73,car,0.4301,494.91,195.38,549.99,251.67,522.45,223.52,55.08,56.3,3100.87,0.98,Spherical / Regular,Blue,"(98, 56, 102)",73,VISIBLE,-0.1,-0.08
230,55,car,0.4973,0.07,346.74,72.0,436.32,36.04,391.53,71.93,89.58,6443.08,0.8,Vertical Oblong,Orange,"(14, 47, 70)",55,VISIBLE,-0.04,0.19
230,58,car,0.2879,166.94,160.43,227.0,185.86,196.97,173.14,60.06,25.44,1527.74,2.36,Horizontal Oblong,Blue,"(105, 62, 43)",58,VISIBLE,-0.04,-0.09
230,74,car,0.5746,440.81,221.48,526.72,294.3,483.77,257.89,85.91,72.82,6255.53,1.18,Spherical / Regular,Blue,"(99, 54, 98)",74,VISIBLE,0.05,0.02
230,64,car,0.2501,384.21,203.26,443.1,254.78,413.66,229.02,58.9,51.52,3034.31,1.14,Spherical / Regular,Blue,"(101, 56, 104)",64,VISIBLE,-0.2,0.01
230,70,car,0.157,571.76,194.38,635.78,235.39,603.77,214.88,64.01,41.01,2625.0,1.56,Horizontal Oblong,Blue,"(100, 53, 110)",70,VISIBLE,-0.0,0.07
230,56,car,0.314,247.04,153.55,329.87,183.7,288.45,168.63,82.83,30.15,2497.55,2.75,Horizontal Oblong,Blue,"(100, 50, 57)",56,VISIBLE,-0.04,0.27
230,52,car,0.211,447.36,176.8,490.58,215.73,468.97,196.27,43.22,38.93,1682.46,1.11,Spherical / Regular,Blue,"(100, 59, 101)",52,VISIBLE,0.07,0.61
230,66,car,0.1749,334.56,191.46,381.03,219.76,357.8,205.61,46.47,28.3,1315.39,1.64,Horizontal Oblong,Blue,"(100, 61, 102)",66,VISIBLE,-0.02,0.06
230,62,car,0.1511,299.58,152.39,339.83,176.07,319.7,164.23,40.25,23.68,953.05,1.7,Horizontal Oblong,Blue,"(105, 47, 47)",62,VISIBLE,0.36,0.11
230,60,car,0.1583,475.91,163.92,511.38,198.93,493.65,181.42,35.47,35.01,1241.82,1.01,Spherical / Regular,Blue,"(98, 50, 100)",60,VISIBLE,-0.24,0.16
230,72,car,0.1617,481.02,188.53,563.93,247.62,522.48,218.07,82.91,59.09,4899.16,1.4,Horizontal Oblong,Blue,"(98, 57, 102)",72,VISIBLE,-1.56,1.93
230,83,car,0.465,559.44,226.85,641.97,270.01,600.7,248.43,82.53,43.16,3561.83,1.91,Horizontal Oblong,Blue,"(102, 64, 59)",83,VISIBLE,0.47,0.22
230,87,car,0.8633,478.05,336.31,884.05,506.13,681.05,421.22,406.0,169.82,68945.87,2.39,Horizontal Oblong,Blue,"(87, 93, 80)",87,VISIBLE,0.45,-0.01
230,86,car,0.8157,728.02,412.96,1011.83,651.42,869.93,532.19,283.81,238.46,67676.86,1.19,Spherical / Regular,Blue,"(97, 71, 75)",86,VISIBLE,0.24,0.12
230,98,car,0.8322,851.61,609.93,1278.41,715.3,1065.01,662.61,426.81,105.37,44974.39,4.05,Horizontal Oblong,Blue,"(102, 57, 75)",98,VISIBLE,-0.03,0.56
230,45,car,0.7556,884.16,261.93,1026.29,363.21,955.22,312.57,142.13,101.28,14394.83,1.4,Horizontal Oblong,Orange,"(15, 68, 82)",89,VISIBLE,0.02,-0.04
230,95,car,0.7748,1020.81,251.88,1134.53,310.77,1077.67,281.32,113.72,58.89,6696.8,1.93,Horizontal Oblong,Blue,"(101, 52, 90)",95,VISIBLE,0.2,0.25
230,92,car,0.7899,194.9,625.6,625.47,714.18,410.18,669.89,430.57,88.58,38140.53,4.86,Horizontal Oblong,Blue,"(95, 40, 73)",92,VISIBLE,-0.72,0.39
230,85,car,0.773,1039.29,348.48,1280.03,543.67,1159.66,446.08,240.75,195.19,46991.36,1.23,Horizontal Oblong,Yellow,"(26, 74, 51)",85,VISIBLE,0.0,0.2
230,93,car,0.7595,954.3,306.35,1125.52,429.18,1039.91,367.76,171.23,122.83,21032.43,1.39,Horizontal Oblong,Orange,"(16, 74, 133)",93,VISIBLE,0.27,0.37
230,94,car,0.6868,1096.87,273.21,1277.84,353.2,1187.35,313.21,180.97,79.98,14474.74,2.26,Horizontal Oblong,Blue,"(106, 64, 49)",94,VISIBLE,-0.05,0.36
230,102,car,0.8371,624.88,249.04,786.41,339.26,705.65,294.15,161.53,90.23,14574.47,1.79,Horizontal Oblong,Blue,"(101, 66, 81)",102,VISIBLE,2.79,-0.35
230,100,car,0.6229,1038.09,191.18,1090.52,226.61,1064.31,208.9,52.43,35.43,1857.92,1.48,Horizontal Oblong,Blue,"(100, 47, 83)",100,VISIBLE,-0.8,-0.04
230,91,car,0.5529,729.6,280.52,868.31,385.39,798.95,332.96,138.71,104.88,14547.28,1.32,Horizontal Oblong,Blue,"(96, 64, 101)",91,VISIBLE,-0.06,0.27
230,90,car,0.4594,824.73,225.17,903.35,297.69,864.04,261.43,78.63,72.52,5702.0,1.08,Spherical / Regular,Orange,"(15, 57, 82)",90,VISIBLE,0.41,0.11
230,88,car,0.4519,787.47,207.22,854.23,269.16,820.85,238.19,66.76,61.94,4134.91,1.08,Spherical / Regular,Orange,"(15, 68, 83)",88,VISIBLE,0.58,0.26
230,99,car,0.1687,689.98,226.41,771.26,261.48,730.62,243.95,81.28,35.07,2850.06,2.32,Horizontal Oblong,Blue,"(108, 56, 79)",99,VISIBLE,-0.14,-1.28
230,97,truck,0.2836,830.75,150.33,915.64,218.73,873.19,184.53,84.89,68.41,5806.94,1.24,Horizontal Oblong,Orange,"(15, 96, 100)",97,VISIBLE,-0.2,0.26
230,101,car,0.3648,994.89,230.32,1062.98,280.24,1028.94,255.28,68.09,49.92,3399.08,1.36,Horizontal Oblong,Blue,"(102, 58, 55)",101,VISIBLE,-0.59,0.24
230,96,car,0.2798,863.17,239.11,973.93,320.33,918.55,279.72,110.76,81.22,8995.53,1.36,Horizontal Oblong,Blue,"(100, 54, 71)",96,VISIBLE,-0.09,0.67
230,104,car,0.2352,961.43,187.17,1000.56,215.24,981.0,201.2,39.13,28.06,1098.12,1.39,Horizontal Oblong,Blue,"(106, 51, 64)",104,VISIBLE,-0.75,-0.1
230,103,car,0.2136,765.6,193.53,823.7,258.02,794.65,225.77,58.1,64.49,3746.73,0.9,Spherical / Regular,Blue,"(113, 72, 72)",103,VISIBLE,-0.12,-0.36
230,80,car,0.1755,883.51,200.21,931.12,236.87,907.31,218.54,47.61,36.67,1745.82,1.3,Horizontal Oblong,Orange,"(17, 60, 81)",106,VISIBLE,2.93,2.26
231,16,car,0.7988,551.64,367.38,1281.29,710.67,916.46,539.02,729.65,343.3,250485.74,2.13,Horizontal Oblong,Blue,"(96, 67, 71)",22,VISIBLE,-1.18,1.72
231,13,car,0.6754,1188.18,471.46,1279.75,663.05,1233.97,567.25,91.57,191.6,17544.66,0.48,Vertical Oblong,Orange,"(17, 61, 62)",37,VISIBLE,0.19,1.59
231,49,car,0.8998,0.14,431.03,191.6,713.94,95.87,572.48,191.46,282.9,54165.94,0.68,Vertical Oblong,Blue,"(100, 43, 59)",49,VISIBLE,-0.15,0.18
231,38,car,0.8465,324.24,435.21,602.43,648.23,463.34,541.72,278.19,213.02,59260.85,1.31,Horizontal Oblong,Blue,"(98, 67, 89)",68,VISIBLE,-0.04,0.24
231,20,car,0.792,56.17,295.13,227.05,401.2,141.61,348.16,170.87,106.08,18125.74,1.61,Horizontal Oblong,Blue,"(101, 60, 100)",48,VISIBLE,-0.34,0.54
231,46,car,0.8333,118.04,348.66,359.11,521.61,238.58,435.14,241.07,172.95,41694.46,1.39,Horizontal Oblong,Blue,"(98, 74, 60)",46,VISIBLE,-0.24,0.42
231,77,car,0.6369,516.43,267.36,650.52,377.65,583.47,322.51,134.09,110.29,14788.61,1.22,Spherical / Regular,Blue,"(108, 69, 51)",77,VISIBLE,-1.05,0.85
231,51,car,0.6451,224.11,251.19,340.84,340.96,282.48,296.07,116.73,89.77,10478.48,1.3,Horizontal Oblong,Blue,"(98, 57, 111)",51,VISIBLE,-0.29,0.97
231,50,car,0.7143,1216.52,206.6,1278.67,247.58,1247.59,227.09,62.15,40.98,2546.86,1.52,Horizontal Oblong,Blue,"(98, 45, 97)",50,VISIBLE,0.04,0.27
231,53,car,0.8164,258.63,305.88,421.22,431.16,339.93,368.52,162.59,125.28,20369.68,1.3,Horizontal Oblong,Orange,"(16, 78, 120)",53,VISIBLE,-0.04,0.15
231,47,car,0.6239,344.51,267.03,472.57,373.58,408.54,320.31,128.06,106.55,13644.37,1.2,Spherical / Regular,Blue,"(99, 73, 93)",47,VISIBLE,-0.02,0.28
231,59,car,0.5301,398.56,250.35,498.22,337.31,448.39,293.83,99.66,86.96,8666.94,1.15,Spherical / Regular,Blue,"(103, 63, 75)",59,VISIBLE,-0.08,0.25
231,54,car,0.6152,0.03,284.49,80.8,380.28,40.42,332.38,80.77,95.79,7736.62,0.84,Spherical / Regular,Blue,"(95, 52, 94)",54,VISIBLE,-0.26,-0.09
231,75,car,0.1881,677.2,219.19,765.98,259.76,721.59,239.47,88.78,40.57,3601.69,2.19,Horizontal Oblong,Blue,"(106, 55, 75)",75,VISIBLE,0.95,1.23
231,61,car,0.5124,322.97,219.46,405.69,290.93,364.33,255.19,82.72,71.47,5912.25,1.16,Spherical / Regular,Blue,"(101, 61, 92)",61,VISIBLE,-0.3,0.24
231,65,car,0.4934,199.67,226.08,295.49,296.88,247.58,261.48,95.83,70.8,6784.82,1.35,Horizontal Oblong,Blue,"(99, 61, 107)",65,VISIBLE,0.12,0.28
231,71,car,0.4095,81.09,168.93,194.92,204.43,138.01,186.68,113.83,35.5,4041.39,3.21,Horizontal Oblong,Blue,"(102, 55, 52)",71,VISIBLE,-0.03,-0.14
231,63,car,0.6057,58.39,246.07,189.14,316.98,123.76,281.53,130.76,70.91,9271.81,1.84,Horizontal Oblong,Blue,"(99, 55, 108)",63,VISIBLE,-0.79,0.84
231,57,car,0.4319,273.04,202.97,340.85,251.17,306.95,227.07,67.81,48.2,3268.43,1.41,Horizontal Oblong,Blue,"(99, 49, 108)",57,VISIBLE,-0.19,0.18
231,67,car,0.28,1115.48,170.68,1172.97,193.96,1144.23,182.32,57.49,23.29,1338.76,2.47,Horizontal Oblong,Blue,"(100, 44, 47)",67,VISIBLE,-0.38,0.27
231,73,car,0.4211,494.33,195.52,550.09,251.68,522.21,223.6,55.75,56.17,3131.34,0.99,Spherical / Regular,Blue,"(98, 56, 101)",73,VISIBLE,-0.2,0.03
231,55,car,0.5439,0.06,347.2,71.82,436.81,35.94,392.01,71.75,89.61,6429.7,0.8,Vertical Oblong,Orange,"(14, 47, 70)",55,VISIBLE,-0.08,0.39
231,58,car,0.2578,167.06,160.62,226.97,185.15,197.01,172.88,59.91,24.53,1469.76,2.44,Horizontal Oblong,Blue,"(104, 65, 44)",58,VISIBLE,0.02,-0.21
231,74,car,0.5828,440.72,221.63,526.7,294.42,483.71,258.02,85.98,72.79,6258.48,1.18,Spherical / Regular,Blue,"(98, 56, 97)",74,VISIBLE,-0.02,0.1
231,64,car,0.2503,384.08,203.55,443.09,255.34,413.59,229.44,59.01,51.79,3056.25,1.14,Spherical / Regular,Blue,"(100, 57, 103)",64,VISIBLE,-0.11,0.3
231,70,car,0.1521,572.38,194.97,636.04,235.42,604.21,215.2,63.67,40.45,2575.56,1.57,Horizontal Oblong,Blue,"(98, 54, 110)",70,VISIBLE,0.31,0.24
231,56,car,0.3019,247.04,153.69,329.86,184.2,288.45,168.94,82.82,30.51,2526.85,2.71,Horizontal Oblong,Blue,"(99, 53, 56)",56,VISIBLE,-0.01,0.3
231,52,car,0.1967,446.81,177.54,490.31,215.8,468.56,196.67,43.5,38.26,1663.99,1.14,Spherical / Regular,Blue,"(99, 59, 100)",52,VISIBLE,-0.27,0.47
231,66,car,0.1718,333.74,191.27,382.4,220.83,358.07,206.05,48.66,29.56,1438.68,1.65,Horizontal Oblong,Blue,"(99, 61, 98)",66,VISIBLE,0.19,0.33
231,62,car,0.1511,300.02,152.44,340.01,176.22,320.02,164.33,39.98,23.78,950.68,1.68,Horizontal Oblong,Blue,"(105, 47, 46)",62,VISIBLE,0.32,0.1
231,60,car,0.1583,475.78,163.86,511.05,199.29,493.41,181.57,35.27,35.42,1249.26,1.0,Spherical / Regular,Blue,"(98, 53, 99)",60,VISIBLE,-0.23,0.15
231,72,car,0.1617,478.16,189.36,563.68,250.65,520.92,220.01,85.51,61.29,5241.04,1.4,Horizontal Oblong,Blue,"(98, 58, 100)",72,VISIBLE,-1.56,1.93
231,83,car,0.5143,559.63,226.73,642.93,270.61,601.28,248.67,83.29,43.88,3655.04,1.9,Horizontal Oblong,Blue,"(102, 66, 58)",83,VISIBLE,0.54,0.23
231,87,car,0.8452,479.99,336.6,872.11,506.51,676.05,421.56,392.12,169.91,66626.02,2.31,Horizontal Oblong,Blue,"(86, 94, 79)",87,VISIBLE,-3.37,0.23
231,86,car,0.8067,728.11,412.66,1012.05,651.53,870.08,532.09,283.94,238.88,67826.59,1.19,Spherical / Regular,Blue,"(97, 71, 75)",86,VISIBLE,0.18,-0.03
231,98,car,0.8404,851.67,611.11,1278.31,715.29,1064.99,663.2,426.63,104.19,44450.04,4.09,Horizontal Oblong,Blue,"(102, 58, 75)",98,VISIBLE,-0.02,0.58
231,45,car,0.7543,884.37,262.47,1026.46,363.21,955.41,312.84,142.09,100.74,14314.62,1.41,Horizontal Oblong,Orange,"(16, 69, 81)",89,VISIBLE,0.14,0.18
231,95,car,0.7803,1021.1,252.06,1134.68,311.08,1077.89,281.57,113.57,59.02,6703.5,1.92,Horizontal Oblong,Blue,"(101, 52, 91)",95,VISIBLE,0.21,0.25
231,92,car,0.7904,193.54,626.64,625.65,714.18,409.6,670.41,432.1,87.54,37824.43,4.94,Horizontal Oblong,Blue,"(100, 41, 73)",92,VISIBLE,-0.63,0.48
231,85,car,0.7703,1039.3,348.63,1280.02,544.01,1159.66,446.32,240.73,195.38,47032.45,1.23,Horizontal Oblong,Yellow,"(26, 74, 51)",85,VISIBLE,0.0,0.23
231,93,car,0.7491,954.51,306.49,1125.73,429.77,1040.12,368.13,171.22,123.28,21107.46,1.39,Horizontal Oblong,Orange,"(16, 73, 131)",93,VISIBLE,0.23,0.37
231,94,car,0.6756,1097.27,273.74,1277.64,353.59,1187.46,313.66,180.36,79.85,14402.22,2.26,Horizontal Oblong,Blue,"(105, 65, 49)",94,VISIBLE,0.05,0.43
231,102,car,0.8348,624.15,249.04,791.68,339.73,707.91,294.38,167.54,90.7,15194.69,1.85,Horizontal Oblong,Blue,"(101, 67, 77)",102,VISIBLE,2.43,0.06
231,100,car,0.6195,1037.56,191.16,1089.13,226.61,1063.34,208.88,51.57,35.44,1827.95,1.46,Horizontal Oblong,Green,"(84, 46, 85)",100,VISIBLE,-0.91,-0.02
231,91,car,0.5491,729.7,281.17,868.26,385.13,798.98,333.15,138.56,103.96,14404.5,1.33,Horizontal Oblong,Blue,"(95, 65, 101)",91,VISIBLE,-0.0,0.22
231,90,car,0.4666,824.92,225.66,904.21,296.98,864.57,261.32,79.29,71.32,5655.01,1.11,Spherical / Regular,Orange,"(14, 57, 79)",90,VISIBLE,0.49,-0.04
231,88,car,0.4267,787.1,206.88,854.48,269.56,820.79,238.22,67.38,62.67,4222.69,1.08,Spherical / Regular,Orange,"(13, 69, 81)",88,VISIBLE,0.13,0.1
231,99,car,0.1687,689.9,226.49,770.93,259.07,730.41,242.78,81.02,32.57,2639.16,2.49,Horizontal Oblong,Blue,"(108, 52, 79)",99,VISIBLE,-0.18,-1.2
231,97,truck,0.2954,830.59,150.66,915.12,219.49,872.85,185.08,84.53,68.83,5818.2,1.23,Horizontal Oblong,Orange,"(16, 97, 99)",97,VISIBLE,-0.3,0.46
231,101,car,0.354,995.91,230.56,1062.86,281.11,1029.39,255.83,66.95,50.55,3384.73,1.32,Horizontal Oblong,Blue,"(102, 59, 54)",101,VISIBLE,0.14,0.46
231,96,car,0.2894,862.46,239.96,973.69,321.35,918.07,280.66,111.23,81.39,9052.66,1.37,Horizontal Oblong,Orange,"(19, 55, 70)",96,VISIBLE,-0.36,0.86
231,104,car,0.2448,960.83,187.26,999.73,215.51,980.28,201.39,38.91,28.25,1099.11,1.38,Horizontal Oblong,Blue,"(101, 54, 64)",104,VISIBLE,-0.72,0.09
231,103,car,0.2228,765.85,194.75,822.79,257.88,794.32,226.32,56.94,63.14,3595.19,0.9,Spherical / Regular,Blue,"(106, 71, 74)",103,VISIBLE,-0.27,0.27
231,80,car,0.1795,883.46,200.28,931.48,237.35,907.47,218.82,48.01,37.08,1780.16,1.3,Horizontal Oblong,Orange,"(18, 61, 79)",106,VISIBLE,0.99,0.87
231,43,car,0.1872,669.4,186.34,724.56,219.52,696.98,202.93,55.16,33.18,1830.15,1.66,Horizontal Oblong,Orange,"(12, 62, 108)",107,VISIBLE,-2.25,2.7
232,13,car,0.6984,1188.53,473.07,1279.75,663.69,1234.14,568.38,91.23,190.61,17389.06,0.48,Vertical Oblong,Orange,"(15, 60, 62)",37,VISIBLE,0.18,1.27
232,49,car,0.9012,0.16,431.57,191.32,714.09,95.74,572.83,191.16,282.51,54005.17,0.68,Vertical Oblong,Blue,"(101, 44, 58)",49,VISIBLE,-0.14,0.3
232,38,car,0.8463,324.14,435.87,602.68,648.17,463.41,542.02,278.55,212.31,59137.73,1.31,Horizontal Oblong,Blue,"(98, 68, 89)",68,VISIBLE,0.04,0.28
232,20,car,0.7914,56.04,295.38,226.74,402.35,141.39,348.86,170.69,106.97,18259.68,1.6,Horizontal Oblong,Blue,"(102, 60, 100)",48,VISIBLE,-0.26,0.65
232,46,car,0.8272,117.79,348.75,358.97,522.15,238.38,435.45,241.18,173.4,41821.55,1.39,Horizontal Oblong,Blue,"(101, 74, 60)",46,VISIBLE,-0.21,0.35
232,77,car,0.6209,516.02,267.66,647.33,378.66,581.68,323.16,131.32,111.01,14577.45,1.18,Spherical / Regular,Blue,"(108, 69, 51)",77,VISIBLE,-1.57,0.71
232,51,car,0.6364,224.09,251.41,340.27,342.24,282.18,296.83,116.18,90.83,10552.12,1.28,Horizontal Oblong,Blue,"(98, 56, 110)",51,VISIBLE,-0.29,0.82
232,50,car,0.6947,1216.5,206.74,1278.72,248.03,1247.61,227.39,62.22,41.29,2568.68,1.51,Horizontal Oblong,Blue,"(98, 44, 97)",50,VISIBLE,0.02,0.29
232,53,car,0.8149,258.37,306.09,421.25,431.35,339.81,368.72,162.88,125.26,20402.79,1.3,Horizontal Oblong,Orange,"(16, 78, 121)",53,VISIBLE,-0.09,0.19
232,47,car,0.6131,344.25,267.21,472.8,373.83,408.53,320.52,128.56,106.62,13706.87,1.21,Spherical / Regular,Blue,"(100, 72, 93)",47,VISIBLE,-0.02,0.23
232,59,car,0.5541,398.01,250.49,498.28,337.48,448.14,293.98,100.27,86.99,8722.45,1.15,Spherical / Regular,Blue,"(104, 64, 75)",59,VISIBLE,-0.2,0.18
232,54,car,0.629,0.02,285.1,80.77,379.36,40.4,332.23,80.75,94.26,7611.53,0.86,Spherical / Regular,Blue,"(98, 53, 93)",54,VISIBLE,-0.09,-0.14
232,75,car,0.1881,677.31,220.7,767.77,260.71,722.54,240.71,90.46,40.01,3618.91,2.26,Horizontal Oblong,Blue,"(108, 53, 75)",75,VISIBLE,0.95,1.23
232,61,car,0.5003,322.65,219.74,405.03,290.98,363.84,255.36,82.38,71.24,5868.54,1.16,Spherical / Regular,Blue,"(101, 61, 92)",61,VISIBLE,-0.43,0.19
232,65,car,0.4986,199.68,226.45,294.84,297.12,247.26,261.78,95.16,70.67,6724.98,1.35,Horizontal Oblong,Blue,"(99, 60, 107)",65,VISIBLE,-0.19,0.3
232,71,car,0.417,80.76,168.98,195.35,204.08,138.06,186.53,114.59,35.1,4021.92,3.27,Horizontal Oblong,Blue,"(102, 55, 52)",71,VISIBLE,0.03,-0.15
232,63,car,0.6151,57.51,246.37,188.15,318.07,122.83,282.22,130.65,71.7,9367.31,1.82,Horizontal Oblong,Blue,"(99, 54, 109)",63,VISIBLE,-0.89,0.74
232,57,car,0.4444,272.8,203.29,340.61,251.51,306.7,227.4,67.81,48.22,3270.27,1.41,Horizontal Oblong,Blue,"(100, 50, 108)",57,VISIBLE,-0.23,0.29
232,67,car,0.2744,1114.71,171.04,1173.12,194.08,1143.91,182.56,58.4,23.04,1345.81,2.53,Horizontal Oblong,Blue,"(100, 44, 46)",67,VISIBLE,-0.33,0.25
232,73,car,0.3941,494.0,195.75,550.32,251.67,522.16,223.71,56.32,55.92,3149.64,1.01,Spherical / Regular,Blue,"(98, 56, 102)",73,VISIBLE,-0.09,0.09
232,55,car,0.5494,0.06,348.32,71.59,437.1,35.82,392.71,71.53,88.78,6350.4,0.81,Vertical Oblong,Orange,"(14, 47, 67)",55,VISIBLE,-0.1,0.61
232,58,car,0.2638,167.18,160.8,226.95,184.72,197.06,172.76,59.77,23.92,1429.85,2.5,Horizontal Oblong,Blue,"(105, 64, 44)",58,VISIBLE,0.04,-0.15
232,74,car,0.5738,440.52,221.92,526.7,294.52,483.61,258.22,86.18,72.61,6257.11,1.19,Spherical / Regular,Blue,"(98, 56, 97)",74,VISIBLE,-0.08,0.17
232,64,car,0.2506,383.88,203.82,443.1,256.15,413.49,229.99,59.22,52.33,3098.93,1.13,Spherical / Regular,Blue,"(100, 57, 103)",64,VISIBLE,-0.1,0.47
232,70,car,0.1521,572.37,195.04,636.15,235.72,604.26,215.38,63.79,40.68,2594.66,1.57,Horizontal Oblong,Blue,"(99, 53, 111)",70,VISIBLE,0.13,0.2
232,56,car,0.3097,247.1,153.81,329.72,184.44,288.41,169.13,82.62,30.62,2529.94,2.7,Horizontal Oblong,Blue,"(100, 53, 57)",56,VISIBLE,-0.03,0.22
232,52,car,0.1889,445.73,177.91,490.1,215.67,467.92,196.79,44.38,37.76,1675.76,1.18,Spherical / Regular,Blue,"(100, 57, 101)",52,VISIBLE,-0.53,0.22
232,66,car,0.1814,332.98,191.13,383.32,221.67,358.15,206.4,50.34,30.54,1537.27,1.65,Horizontal Oblong,Blue,"(100, 60, 98)",66,VISIBLE,0.11,0.34
232,62,car,0.1511,300.47,152.49,340.19,176.36,320.33,164.43,39.72,23.87,948.25,1.66,Horizontal Oblong,Blue,"(105, 47, 48)",62,VISIBLE,0.32,0.1
232,60,car,0.1583,475.65,163.81,510.71,199.65,493.18,181.73,35.06,35.84,1256.53,0.98,Spherical / Regular,Blue,"(98, 53, 100)",60,VISIBLE,-0.23,0.15
232,72,car,0.1617,475.31,190.2,563.42,253.69,519.36,221.94,88.11,63.49,5594.37,1.39,Horizontal Oblong,Blue,"(98, 59, 101)",72,VISIBLE,-1.56,1.94
232,83,car,0.5023,559.82,226.66,643.71,271.09,601.77,248.88,83.89,44.43,3727.23,1.89,Horizontal Oblong,Blue,"(101, 65, 58)",83,VISIBLE,0.5,0.21
232,87,car,0.8502,482.35,337.04,871.45,506.87,676.9,421.96,389.09,169.83,66079.99,2.29,Horizontal Oblong,Blue,"(87, 95, 78)",87,VISIBLE,-0.41,0.35
232,86,car,0.7992,728.18,412.51,1012.39,652.06,870.28,532.28,284.21,239.56,68084.12,1.19,Spherical / Regular,Blue,"(97, 71, 75)",86,VISIBLE,0.2,0.12
232,98,car,0.8457,851.68,612.24,1278.28,715.31,1064.98,663.77,426.6,103.08,43973.8,4.14,Horizontal Oblong,Blue,"(102, 57, 76)",98,VISIBLE,-0.01,0.58
232,45,car,0.7635,884.51,262.99,1026.62,363.23,955.57,313.11,142.11,100.24,14244.56,1.42,Horizontal Oblong,Orange,"(16, 68, 81)",89,VISIBLE,0.15,0.24
232,95,car,0.7704,1021.11,252.26,1134.85,311.36,1077.98,281.81,113.74,59.1,6721.78,1.92,Horizontal Oblong,Blue,"(102, 52, 92)",95,VISIBLE,0.13,0.24
232,92,car,0.7905,191.93,627.53,625.87,714.14,408.9,670.84,433.94,86.61,37581.87,5.01,Horizontal Oblong,Blue,"(95, 41, 72)",92,VISIBLE,-0.68,0.44
232,85,car,0.7758,1039.24,348.74,1280.02,544.55,1159.63,446.65,240.78,195.82,47148.55,1.23,Horizontal Oblong,Blue,"(86, 74, 50)",85,VISIBLE,-0.02,0.3
232,93,car,0.7546,955.62,306.74,1125.79,430.34,1040.71,368.54,170.16,123.6,21033.15,1.38,Horizontal Oblong,Orange,"(16, 74, 132)",93,VISIBLE,0.48,0.4
232,94,car,0.6885,1097.84,274.05,1277.4,353.78,1187.62,313.92,179.56,79.73,14316.61,2.25,Horizontal Oblong,Blue,"(106, 65, 48)",94,VISIBLE,0.13,0.3
232,102,car,0.8495,624.17,249.06,797.5,340.08,710.84,294.57,173.33,91.02,15775.99,1.9,Horizontal Oblong,Blue,"(102, 66, 82)",102,VISIBLE,2.77,0.15
232,100,car,0.6267,1036.96,191.15,1088.06,226.48,1062.51,208.81,51.1,35.33,1805.38,1.45,Horizontal Oblong,Blue,"(95, 47, 87)",100,VISIBLE,-0.86,-0.05
232,91,car,0.5405,729.94,281.5,868.36,385.06,799.15,333.28,138.42,103.56,14335.51,1.34,Horizontal Oblong,Blue,"(95, 64, 102)",91,VISIBLE,0.12,0.16
232,90,car,0.5144,825.07,226.17,904.82,295.6,864.94,260.89,79.75,69.44,5537.82,1.15,Spherical / Regular,Orange,"(15, 57, 80)",90,VISIBLE,0.41,-0.32
232,88,car,0.4141,786.5,206.6,854.55,270.0,820.52,238.3,68.05,63.4,4314.33,1.07,Spherical / Regular,Orange,"(14, 70, 80)",88,VISIBLE,-0.15,0.09
232,99,car,0.1687,689.82,226.57,770.59,256.65,730.21,241.61,80.77,30.08,2429.51,2.69,Horizontal Oblong,Blue,"(108, 49, 79)",99,VISIBLE,-0.2,-1.18
232,97,truck,0.2814,830.31,150.94,914.62,220.04,872.46,185.49,84.31,69.1,5825.9,1.22,Spherical / Regular,Orange,"(15, 97, 100)",97,VISIBLE,-0.36,0.43
232,101,car,0.3675,997.81,230.89,1062.73,281.7,1030.27,256.29,64.92,50.81,3298.26,1.28,Horizontal Oblong,Blue,"(102, 59, 54)",101,VISIBLE,0.66,0.46
232,96,car,0.2698,861.14,240.41,973.43,322.2,917.28,281.3,112.29,81.79,9183.94,1.37,Horizontal Oblong,Blue,"(99, 55, 68)",96,VISIBLE,-0.66,0.71
232,104,car,0.2459,960.41,187.13,999.18,215.64,979.79,201.38,38.78,28.51,1105.51,1.36,Horizontal Oblong,Blue,"(104, 54, 64)",104,VISIBLE,-0.56,0.03
232,103,car,0.2148,765.94,195.83,822.22,257.95,794.08,226.89,56.28,62.12,3496.36,0.91,Spherical / Regular,Blue,"(109, 73, 75)",103,VISIBLE,-0.25,0.48
232,80,car,0.1786,883.32,200.4,931.81,237.57,907.57,218.99,48.49,37.17,1802.42,1.3,Horizontal Oblong,Orange,"(18, 61, 81)",106,VISIBLE,0.36,0.38
232,43,car,0.1947,669.39,186.2,724.54,219.76,696.97,202.98,55.15,33.56,1850.84,1.64,Horizontal Oblong,Orange,"(12, 64, 107)",107,VISIBLE,-0.69,0.85
233,13,car,0.7054,1188.82,474.3,1279.75,664.08,1234.29,569.19,90.93,189.78,17257.4,0.48,Vertical Oblong,Orange,"(15, 61, 62)",37,VISIBLE,0.16,0.95
233,49,car,0.9041,0.17,431.86,191.02,714.31,95.59,573.09,190.85,282.45,53903.42,0.68,Vertical Oblong,Blue,"(101, 43, 59)",49,VISIBLE,-0.14,0.27
233,38,car,0.833,324.25,436.5,602.9,649.05,463.58,542.77,278.65,212.55,59227.2,1.31,Horizontal Oblong,Blue,"(98, 69, 89)",68,VISIBLE,0.13,0.61
233,20,car,0.7934,55.44,295.63,226.5,403.38,140.97,349.5,171.05,107.76,18432.45,1.59,Horizontal Oblong,Blue,"(102, 61, 99)",48,VISIBLE,-0.37,0.64
233,46,car,0.8225,118.03,348.13,359.48,522.72,238.75,435.43,241.45,174.58,42152.82,1.38,Horizontal Oblong,Blue,"(100, 75, 60)",46,VISIBLE,0.2,0.09
233,77,car,0.6058,515.33,267.63,645.7,379.52,580.51,323.57,130.36,111.89,14586.57,1.17,Spherical / Regular,Blue,"(108, 69, 51)",77,VISIBLE,-1.28,0.5
233,51,car,0.6257,224.08,251.56,339.94,342.89,282.01,297.22,115.86,91.33,10582.06,1.27,Horizontal Oblong,Blue,"(98, 55, 110)",51,VISIBLE,-0.21,0.52
233,50,car,0.6916,1216.52,206.81,1278.75,248.51,1247.64,227.66,62.23,41.7,2595.03,1.49,Horizontal Oblong,Blue,"(98, 44, 97)",50,VISIBLE,0.02,0.28
233,53,car,0.8147,258.16,306.34,421.15,431.53,339.66,368.94,162.99,125.19,20404.93,1.3,Horizontal Oblong,Orange,"(16, 79, 121)",53,VISIBLE,-0.14,0.21
233,47,car,0.6131,344.05,267.29,472.58,373.95,408.32,320.62,128.53,106.66,13709.01,1.21,Spherical / Regular,Blue,"(100, 72, 92)",47,VISIBLE,-0.15,0.14
233,59,car,0.5456,397.33,250.55,498.29,337.57,447.81,294.06,100.96,87.02,8785.79,1.16,Spherical / Regular,Blue,"(103, 64, 75)",59,VISIBLE,-0.29,0.11
233,54,car,0.634,0.01,285.64,80.87,378.55,40.44,332.1,80.86,92.9,7512.54,0.87,Spherical / Regular,Blue,"(97, 52, 92)",54,VISIBLE,0.0,-0.14
233,75,car,0.1881,677.42,222.21,769.56,261.66,723.49,241.94,92.14,39.44,3634.23,2.34,Horizontal Oblong,Blue,"(108, 56, 75)",75,VISIBLE,0.95,1.23
233,61,car,0.4765,322.5,220.04,404.46,290.89,363.48,255.47,81.95,70.85,5806.18,1.16,Spherical / Regular,Blue,"(101, 61, 92)",61,VISIBLE,-0.38,0.13
233,65,car,0.4892,199.69,226.63,294.34,297.33,247.02,261.98,94.65,70.69,6691.42,1.34,Horizontal Oblong,Blue,"(99, 60, 107)",65,VISIBLE,-0.23,0.23
233,71,car,0.3992,80.1,169.01,195.69,203.79,137.9,186.4,115.58,34.78,4019.77,3.32,Horizontal Oblong,Blue,"(102, 55, 51)",71,VISIBLE,-0.1,-0.14
233,63,car,0.6265,56.26,246.58,187.51,318.69,121.89,282.64,131.24,72.1,9462.86,1.82,Horizontal Oblong,Blue,"(99, 54, 109)",63,VISIBLE,-0.93,0.51
233,57,car,0.4491,272.64,203.7,340.39,251.84,306.52,227.77,67.75,48.14,3261.7,1.41,Horizontal Oblong,Blue,"(100, 50, 109)",57,VISIBLE,-0.2,0.34
233,67,car,0.2632,1114.58,171.38,1173.14,194.17,1143.86,182.77,58.56,22.8,1335.08,2.57,Horizontal Oblong,Blue,"(100, 42, 46)",67,VISIBLE,-0.14,0.23
233,73,car,0.3951,493.84,195.84,550.46,251.76,522.15,223.8,56.63,55.93,3167.05,1.01,Spherical / Regular,Blue,"(98, 56, 101)",73,VISIBLE,-0.04,0.09
233,55,car,0.5207,0.06,349.01,71.27,437.22,35.66,393.12,71.21,88.22,6282.07,0.81,Vertical Oblong,Orange,"(14, 46, 65)",55,VISIBLE,-0.14,0.47
233,58,car,0.2652,167.22,160.9,226.94,184.48,197.08,172.69,59.72,23.58,1408.03,2.53,Horizontal Oblong,Blue,"(105, 64, 44)",58,VISIBLE,0.02,-0.09
233,74,car,0.5643,440.37,222.1,526.68,294.58,483.52,258.34,86.31,72.48,6255.5,1.19,Spherical / Regular,Blue,"(98, 56, 97)",74,VISIBLE,-0.08,0.13
233,64,car,0.2451,383.63,203.93,443.49,256.93,413.56,230.43,59.86,52.99,3172.04,1.13,Spherical / Regular,Blue,"(100, 57, 103)",64,VISIBLE,0.02,0.45
233,70,car,0.1521,572.36,195.11,636.26,236.01,604.31,215.56,63.9,40.9,2613.82,1.56,Horizontal Oblong,Blue,"(99, 52, 109)",70,VISIBLE,0.07,0.19
233,56,car,0.2853,247.1,153.9,329.44,184.61,288.27,169.26,82.34,30.71,2528.6,2.68,Horizontal Oblong,Blue,"(100, 53, 57)",56,VISIBLE,-0.11,0.16
233,52,car,0.1853,444.6,178.08,489.94,215.46,467.27,196.77,45.34,37.38,1694.74,1.21,Spherical / Regular,Blue,"(100, 58, 101)",52,VISIBLE,-0.61,0.05
233,66,car,0.1838,332.34,191.05,383.85,222.24,358.09,206.65,51.52,31.19,1606.77,1.65,Horizontal Oblong,Blue,"(100, 60, 97)",66,VISIBLE,-0.0,0.27
233,62,car,0.1511,300.91,152.54,340.37,176.51,320.64,164.53,39.46,23.97,945.78,1.65,Horizontal Oblong,Blue,"(105, 47, 49)",62,VISIBLE,0.31,0.1
233,60,car,0.1583,475.52,163.75,510.37,200.01,492.94,181.88,34.86,36.25,1263.62,0.96,Spherical / Regular,Blue,"(98, 53, 100)",60,VISIBLE,-0.23,0.15
233,72,car,0.1617,472.45,191.03,563.16,256.72,517.81,223.88,90.71,65.69,5959.15,1.38,Horizontal Oblong,Blue,"(98, 59, 101)",72,VISIBLE,-1.56,1.93
233,83,car,0.5059,560.0,226.61,644.1,271.57,602.05,249.09,84.1,44.96,3781.48,1.87,Horizontal Oblong,Blue,"(102, 66, 59)",83,VISIBLE,0.35,0.21
233,87,car,0.8589,485.01,337.01,874.5,507.15,679.75,422.08,389.49,170.14,66266.72,2.29,Horizontal Oblong,Blue,"(86, 95, 78)",87,VISIBLE,1.87,0.19
233,86,car,0.7871,728.09,412.68,1012.68,652.24,870.38,532.46,284.58,239.56,68175.37,1.19,Spherical / Regular,Blue,"(97, 71, 74)",86,VISIBLE,0.13,0.16
233,98,car,0.8432,851.68,613.02,1278.31,715.29,1065.0,664.16,426.63,102.27,43632.28,4.17,Horizontal Oblong,Blue,"(102, 57, 76)",98,VISIBLE,0.01,0.44
233,45,car,0.7633,884.64,263.43,1026.82,363.28,955.73,313.36,142.17,99.85,14196.32,1.42,Horizontal Oblong,Orange,"(16, 69, 80)",89,VISIBLE,0.16,0.24
233,95,car,0.7599,1021.13,252.44,1135.03,311.54,1078.08,281.99,113.9,59.1,6731.64,1.93,Horizontal Oblong,Blue,"(101, 52, 92)",95,VISIBLE,0.11,0.2
233,92,car,0.7875,190.72,628.3,626.18,714.13,408.45,671.22,435.46,85.83,37378.03,5.07,Horizontal Oblong,Blue,"(100, 41, 72)",92,VISIBLE,-0.52,0.4
233,85,car,0.7804,1039.25,348.84,1280.01,545.0,1159.63,446.92,240.76,196.16,47227.71,1.23,Horizontal Oblong,Yellow,"(34, 74, 50)",85,VISIBLE,-0.01,0.28
233,93,car,0.767,956.44,306.94,1125.81,430.82,1041.12,368.88,169.37,123.88,20981.64,1.37,Horizontal Oblong,Orange,"(16, 74, 132)",93,VISIBLE,0.44,0.36
233,94,car,0.6987,1098.37,274.24,1277.16,353.87,1187.76,314.05,178.78,79.63,14236.25,2.25,Horizontal Oblong,Blue,"(106, 65, 48)",94,VISIBLE,0.14,0.19
233,102,car,0.847,624.58,249.02,802.21,339.92,713.4,294.47,177.64,90.9,16147.14,1.95,Horizontal Oblong,Blue,"(101, 68, 77)",102,VISIBLE,2.62,-0.03
233,100,car,0.6141,1036.05,191.11,1087.26,226.08,1061.66,208.59,51.2,34.97,1790.68,1.46,Horizontal Oblong,Blue,"(94, 49, 104)",100,VISIBLE,-0.86,-0.17
233,91,car,0.5366,730.09,281.75,868.62,385.35,799.36,333.55,138.53,103.61,14352.33,1.34,Horizontal Oblong,Blue,"(95, 64, 101)",91,VISIBLE,0.18,0.24
233,90,car,0.579,825.07,226.6,905.31,294.79,865.19,260.7,80.24,68.19,5471.26,1.18,Spherical / Regular,Orange,"(14, 57, 80)",90,VISIBLE,0.3,-0.23
233,88,car,0.3699,786.03,206.31,854.53,270.73,820.28,238.52,68.5,64.42,4413.03,1.06,Spherical / Regular,Orange,"(14, 70, 81)",88,VISIBLE,-0.22,0.18
233,99,car,0.1687,689.74,226.65,770.26,254.24,730.0,240.45,80.52,27.59,2221.14,2.92,Horizontal Oblong,Blue,"(108, 51, 79)",99,VISIBLE,-0.2,-1.17
233,97,truck,0.2592,829.88,151.18,914.08,220.49,871.98,185.83,84.2,69.31,5835.99,1.21,Spherical / Regular,Orange,"(15, 97, 100)",97,VISIBLE,-0.45,0.37
233,101,car,0.3643,999.06,231.18,1062.7,281.99,1030.88,256.58,63.64,50.81,3233.51,1.25,Horizontal Oblong,Blue,"(102, 60, 53)",101,VISIBLE,0.63,0.34
233,96,car,0.2486,859.35,240.75,973.23,322.91,916.29,281.83,113.88,82.16,9356.75,1.39,Horizontal Oblong,Orange,"(21, 55, 68)",96,VISIBLE,-0.89,0.58
233,104,car,0.2558,959.42,187.0,999.09,215.2,979.26,201.1,39.68,28.19,1118.67,1.41,Horizontal Oblong,Blue,"(106, 53, 64)",104,VISIBLE,-0.55,-0.19
233,103,car,0.2262,765.87,196.49,822.3,257.74,794.08,227.11,56.43,61.24,3455.94,0.92,Spherical / Regular,Blue,"(110, 74, 75)",103,VISIBLE,-0.07,0.3
233,80,car,0.1807,883.22,200.46,932.48,237.67,907.85,219.06,49.26,37.21,1833.14,1.32,Horizontal Oblong,Orange,"(18, 60, 79)",106,VISIBLE,0.31,0.17
233,43,car,0.1884,669.36,186.22,724.48,220.27,696.92,203.25,55.12,34.05,1877.12,1.62,Horizontal Oblong,Orange,"(12, 67, 107)",107,VISIBLE,-0.24,0.44
234,13,car,0.6957,1189.08,475.22,1279.75,663.69,1234.42,569.45,90.67,188.46,17088.51,0.48,Vertical Oblong,Orange,"(15, 60, 62)",37,VISIBLE,0.14,0.47
234,49,car,0.9046,0.18,431.97,190.79,714.48,95.48,573.22,190.61,282.51,53848.5,0.67,Vertical Oblong,Blue,"(101, 44, 59)",49,VISIBLE,-0.12,0.18
234,38,car,0.8269,324.28,436.99,603.58,649.7,463.93,543.35,279.3,212.71,59411.15,1.31,Horizontal Oblong,Blue,"(98, 68, 89)",68,VISIBLE,0.29,0.58
234,20,car,0.7788,55.36,295.85,226.31,403.85,140.84,349.85,170.95,108.0,18463.51,1.58,Horizontal Oblong,Blue,"(102, 60, 99)",48,VISIBLE,-0.21,0.43
234,46,car,0.8259,118.15,347.7,359.9,523.6,239.03,435.65,241.76,175.9,42524.33,1.37,Horizontal Oblong,Blue,"(100, 75, 61)",46,VISIBLE,0.25,0.18
234,77,car,0.6178,515.05,267.59,645.52,380.13,580.29,323.86,130.46,112.53,14681.02,1.16,Spherical / Regular,Blue,"(108, 69, 51)",77,VISIBLE,-0.55,0.35
234,51,car,0.6282,224.06,251.68,339.79,343.12,281.93,297.4,115.73,91.44,10582.09,1.27,Horizontal Oblong,Blue,"(98, 55, 110)",51,VISIBLE,-0.12,0.28
234,50,car,0.6945,1216.53,206.84,1278.74,248.96,1247.64,227.9,62.21,42.11,2620.07,1.48,Horizontal Oblong,Blue,"(98, 44, 97)",50,VISIBLE,0.01,0.25
234,53,car,0.8194,258.02,306.71,421.08,431.63,339.55,369.17,163.06,124.92,20368.79,1.31,Horizontal Oblong,Orange,"(16, 79, 121)",53,VISIBLE,-0.11,0.23
234,47,car,0.6144,343.93,267.33,472.36,373.67,408.14,320.5,128.42,106.34,13656.22,1.21,Spherical / Regular,Blue,"(99, 73, 93)",47,VISIBLE,-0.16,-0.04
234,59,car,0.5412,396.81,250.58,498.27,337.74,447.54,294.16,101.46,87.16,8843.55,1.16,Spherical / Regular,Blue,"(104, 66, 76)",59,VISIBLE,-0.28,0.1
234,54,car,0.6292,0.01,286.09,80.76,377.79,40.38,331.94,80.75,91.7,7404.81,0.88,Spherical / Regular,Blue,"(97, 53, 91)",54,VISIBLE,-0.04,-0.15
234,75,car,0.1881,677.54,223.73,771.35,262.61,724.44,243.17,93.82,38.88,3647.67,2.41,Horizontal Oblong,Blue,"(106, 56, 74)",75,VISIBLE,0.95,1.23
234,61,car,0.4934,322.62,220.23,403.9,290.68,363.26,255.45,81.28,70.45,5725.74,1.15,Spherical / Regular,Blue,"(101, 61, 92)",61,VISIBLE,-0.27,0.03
234,65,car,0.4873,199.75,226.75,293.55,297.48,246.65,262.11,93.8,70.73,6634.2,1.33,Horizontal Oblong,Blue,"(99, 60, 107)",65,VISIBLE,-0.32,0.16
234,71,car,0.3991,79.46,169.0,196.07,203.57,137.77,186.29,116.61,34.57,4030.94,3.37,Horizontal Oblong,Blue,"(102, 55, 52)",71,VISIBLE,-0.12,-0.12
234,63,car,0.6501,55.34,246.99,189.42,319.49,122.38,283.24,134.08,72.5,9720.45,1.85,Horizontal Oblong,Blue,"(99, 54, 108)",63,VISIBLE,0.07,0.58
234,57,car,0.4298,272.33,204.09,340.13,252.09,306.23,228.09,67.8,48.0,3254.58,1.41,Horizontal Oblong,Blue,"(100, 50, 109)",57,VISIBLE,-0.26,0.33
234,67,car,0.2552,1115.36,171.59,1173.15,194.28,1144.26,182.93,57.8,22.69,1311.46,2.55,Horizontal Oblong,Blue,"(102, 44, 43)",67,VISIBLE,0.24,0.18
234,73,car,0.3924,493.74,195.85,550.58,251.84,522.16,223.84,56.84,55.99,3182.45,1.02,Spherical / Regular,Blue,"(98, 56, 101)",73,VISIBLE,-0.0,0.06
234,55,car,0.4955,0.06,349.41,70.88,437.18,35.47,393.3,70.82,87.77,6216.14,0.81,Vertical Oblong,Orange,"(13, 48, 66)",55,VISIBLE,-0.18,0.27
234,58,car,0.2381,167.35,160.92,226.95,184.33,197.15,172.63,59.6,23.41,1395.44,2.55,Horizontal Oblong,Blue,"(105, 64, 45)",58,VISIBLE,0.06,-0.07
234,74,car,0.5642,440.19,222.28,526.65,294.6,483.42,258.44,86.46,72.32,6253.17,1.2,Spherical / Regular,Blue,"(98, 56, 97)",74,VISIBLE,-0.1,0.11
234,64,car,0.2381,383.23,203.88,444.22,257.41,413.72,230.64,60.99,53.53,3265.2,1.14,Spherical / Regular,Blue,"(100, 57, 103)",64,VISIBLE,0.12,0.29
234,70,car,0.1521,572.35,195.17,636.37,236.3,604.36,215.74,64.02,41.13,2633.03,1.56,Horizontal Oblong,Blue,"(99, 53, 109)",70,VISIBLE,0.06,0.18
234,56,car,0.2717,247.12,153.97,329.09,184.69,288.11,169.33,81.96,30.71,2517.24,2.67,Horizontal Oblong,Blue,"(100, 53, 57)",56,VISIBLE,-0.15,0.1
234,52,car,0.1875,443.34,178.02,489.75,215.06,466.55,196.54,46.41,37.04,1718.84,1.25,Horizontal Oblong,Blue,"(100, 57, 101)",52,VISIBLE,-0.69,-0.15
234,66,car,0.1896,332.06,191.02,384.04,222.65,358.05,206.83,51.98,31.64,1644.66,1.64,Horizontal Oblong,Blue,"(100, 60, 97)",66,VISIBLE,-0.03,0.22
234,62,car,0.1511,301.35,152.6,340.55,176.66,320.95,164.63,39.2,24.06,943.26,1.63,Horizontal Oblong,Blue,"(105, 47, 48)",62,VISIBLE,0.31,0.1
234,60,car,0.1583,475.38,163.7,510.03,200.37,492.71,182.03,34.65,36.67,1270.55,0.94,Spherical / Regular,Blue,"(98, 53, 100)",60,VISIBLE,-0.24,0.15
234,72,car,0.1617,469.59,191.86,562.91,259.76,516.25,225.81,93.31,67.89,6335.38,1.37,Horizontal Oblong,Blue,"(98, 59, 101)",72,VISIBLE,-1.56,1.93
234,83,car,0.4949,560.09,226.65,643.68,271.94,601.89,249.29,83.59,45.29,3786.05,1.85,Horizontal Oblong,Blue,"(102, 66, 59)",83,VISIBLE,-0.01,0.21
234,87,car,0.8586,487.17,337.13,857.61,507.65,672.39,422.39,370.44,170.52,63166.16,2.17,Horizontal Oblong,Blue,"(86, 97, 76)",87,VISIBLE,-4.59,0.27
234,86,car,0.7767,727.81,412.64,1013.09,652.45,870.45,532.55,285.27,239.81,68411.96,1.19,Spherical / Regular,Blue,"(97, 70, 75)",86,VISIBLE,0.08,0.11
234,98,car,0.8479,851.64,613.37,1278.38,715.25,1065.01,664.31,426.74,101.88,43476.38,4.19,Horizontal Oblong,Blue,"(102, 57, 76)",98,VISIBLE,0.01,0.24
234,45,car,0.7574,884.71,263.75,1026.95,363.34,955.83,313.54,142.24,99.58,14164.13,1.43,Horizontal Oblong,Orange,"(16, 69, 80)",89,VISIBLE,0.12,0.21
234,95,car,0.7589,1020.91,252.56,1135.21,311.74,1078.06,282.15,114.31,59.18,6764.36,1.93,Horizontal Oblong,Blue,"(101, 53, 91)",95,VISIBLE,0.02,0.17
234,92,car,0.7947,189.8,628.9,626.48,714.12,408.14,671.51,436.68,85.22,37215.1,5.12,Horizontal Oblong,Blue,"(100, 41, 72)",92,VISIBLE,-0.37,0.33
234,85,car,0.7614,1039.23,348.82,1280.01,545.31,1159.62,447.06,240.78,196.49,47309.91,1.23,Horizontal Oblong,Yellow,"(30, 74, 50)",85,VISIBLE,-0.01,0.19
234,93,car,0.766,957.02,307.08,1125.75,431.14,1041.38,369.11,168.73,124.06,20931.39,1.36,Horizontal Oblong,Orange,"(16, 74, 133)",93,VISIBLE,0.31,0.27
234,94,car,0.689,1098.7,274.39,1277.05,353.9,1187.88,314.15,178.35,79.51,14180.62,2.24,Horizontal Oblong,Blue,"(106, 65, 49)",94,VISIBLE,0.12,0.12
234,102,car,0.824,625.52,248.94,806.78,339.41,716.15,294.17,181.27,90.47,16399.41,2.0,Horizontal Oblong,Blue,"(102, 66, 77)",102,VISIBLE,2.72,-0.21
234,100,car,0.5661,1035.15,190.92,1086.47,225.63,1060.81,208.28,51.32,34.71,1781.18,1.48,Horizontal Oblong,Blue,"(95, 50, 104)",100,VISIBLE,-0.85,-0.28
234,91,car,0.5559,730.24,281.79,869.01,386.3,799.63,334.05,138.77,104.51,14502.49,1.33,Horizontal Oblong,Blue,"(95, 64, 101)",91,VISIBLE,0.24,0.42
234,90,car,0.5853,825.0,226.99,905.74,293.81,865.37,260.4,80.74,66.82,5395.2,1.21,Spherical / Regular,Orange,"(15, 57, 79)",90,VISIBLE,0.21,-0.27
234,88,car,0.3449,785.23,206.02,854.41,271.45,819.82,238.73,69.18,65.43,4526.44,1.06,Spherical / Regular,Orange,"(14, 71, 83)",88,VISIBLE,-0.39,0.2
234,99,car,0.1687,689.66,226.73,769.93,251.83,729.8,239.28,80.26,25.09,2014.02,3.2,Horizontal Oblong,Blue,"(108, 52, 79)",99,VISIBLE,-0.2,-1.17
234,97,truck,0.2554,829.35,151.41,913.7,220.71,871.53,186.06,84.34,69.3,5844.74,1.22,Spherical / Regular,Orange,"(15, 97, 99)",97,VISIBLE,-0.45,0.27
234,101,car,0.379,999.96,231.48,1062.71,282.07,1031.34,256.78,62.75,50.59,3174.26,1.24,Horizontal Oblong,Blue,"(102, 59, 54)",101,VISIBLE,0.51,0.24
234,96,car,0.2399,857.94,241.16,973.17,323.53,915.56,282.35,115.23,82.36,9490.24,1.4,Horizontal Oblong,Orange,"(19, 55, 68)",96,VISIBLE,-0.78,0.53
234,104,car,0.2556,958.67,186.94,998.94,214.78,978.81,200.86,40.27,27.84,1121.21,1.45,Horizontal Oblong,Blue,"(104, 54, 65)",104,VISIBLE,-0.48,-0.23
234,103,car,0.2253,765.7,197.0,823.46,258.03,794.58,227.51,57.76,61.03,3525.32,0.95,Spherical / Regular,Blue,"(106, 78, 74)",103,VISIBLE,0.33,0.37
234,80,car,0.1738,883.05,200.39,934.23,237.63,908.64,219.01,51.18,37.25,1906.28,1.37,Horizontal Oblong,Orange,"(20, 60, 79)",106,VISIBLE,0.65,0.01
234,43,car,0.1894,669.29,186.34,724.43,220.56,696.86,203.45,55.14,34.22,1886.9,1.61,Horizontal Oblong,Orange,"(12, 67, 106)",107,VISIBLE,-0.11,0.28
235,13,car,0.6838,1189.38,475.92,1279.75,663.7,1234.57,569.81,90.37,187.78,16969.93,0.48,Vertical Oblong,Orange,"(16, 61, 61)",37,VISIBLE,0.15,0.39
235,49,car,0.9033,0.18,432.22,190.54,714.48,95.36,573.35,190.36,282.25,53731.14,0.67,Vertical Oblong,Blue,"(100, 43, 59)",49,VISIBLE,-0.12,0.14
235,38,car,0.8345,324.43,437.44,604.12,649.84,464.28,543.64,279.69,212.39,59403.39,1.32,Horizontal Oblong,Blue,"(98, 69, 89)",68,VISIBLE,0.33,0.38
235,20,car,0.7793,54.88,296.08,226.17,404.44,140.52,350.26,171.29,108.36,18560.82,1.58,Horizontal Oblong,Blue,"(101, 61, 98)",48,VISIBLE,-0.28,0.42
235,46,car,0.8151,118.22,347.43,359.93,524.32,239.08,435.87,241.71,176.89,42756.33,1.37,Horizontal Oblong,Yellow,"(26, 75, 61)",46,VISIBLE,0.11,0.21
235,77,car,0.6181,514.74,267.23,647.42,380.5,581.08,323.87,132.68,113.27,15028.87,1.17,Spherical / Regular,Blue,"(108, 68, 51)",77,VISIBLE,0.39,0.11
235,51,car,0.613,224.03,251.8,339.86,342.9,281.95,297.35,115.83,91.1,10552.54,1.27,Horizontal Oblong,Blue,"(98, 56, 109)",51,VISIBLE,-0.02,0.05
235,50,car,0.6963,1216.53,206.91,1278.71,249.33,1247.62,228.12,62.18,42.42,2637.77,1.47,Horizontal Oblong,Blue,"(98, 44, 96)",50,VISIBLE,-0.01,0.23
235,53,car,0.8122,257.93,307.09,421.02,431.59,339.48,369.34,163.09,124.5,20304.87,1.31,Horizontal Oblong,Orange,"(16, 79, 120)",53,VISIBLE,-0.09,0.19
235,47,car,0.5969,343.83,267.33,472.48,373.38,408.16,320.35,128.65,106.06,13644.05,1.21,Spherical / Regular,Blue,"(98, 73, 92)",47,VISIBLE,-0.04,-0.11
235,59,car,0.5621,395.87,250.52,498.26,337.7,447.07,294.11,102.38,87.18,8926.0,1.17,Spherical / Regular,Blue,"(102, 66, 76)",59,VISIBLE,-0.42,-0.0
235,54,car,0.6308,0.0,286.54,80.46,377.2,40.23,331.87,80.46,90.66,7294.23,0.89,Spherical / Regular,Blue,"(95, 53, 90)",54,VISIBLE,-0.12,-0.09
235,75,car,0.1881,677.65,225.24,773.14,263.56,725.4,244.4,95.5,38.32,3659.21,2.49,Horizontal Oblong,Blue,"(105, 57, 74)",75,VISIBLE,0.95,1.23
235,61,car,0.491,322.8,220.39,403.13,290.4,362.97,255.39,80.33,70.01,5623.71,1.15,Spherical / Regular,Blue,"(101, 61, 93)",61,VISIBLE,-0.29,-0.03
235,65,car,0.5012,199.56,226.82,293.37,297.7,246.47,262.26,93.81,70.87,6648.83,1.32,Horizontal Oblong,Blue,"(99, 60, 107)",65,VISIBLE,-0.23,0.15
235,71,car,0.4237,79.01,169.0,196.26,203.41,137.64,186.21,117.24,34.41,4034.24,3.41,Horizontal Oblong,Blue,"(102, 55, 52)",71,VISIBLE,-0.13,-0.09
235,63,car,0.662,54.73,247.13,190.41,319.93,122.57,283.53,135.69,72.8,9878.36,1.86,Horizontal Oblong,Blue,"(98, 55, 109)",63,VISIBLE,0.15,0.38
235,57,car,0.4279,271.91,204.44,339.85,252.48,305.88,228.46,67.95,48.04,3264.25,1.41,Horizontal Oblong,Blue,"(100, 50, 109)",57,VISIBLE,-0.32,0.36
235,67,car,0.2514,1116.6,171.82,1173.16,194.43,1144.88,183.13,56.56,22.61,1278.75,2.5,Horizontal Oblong,Blue,"(101, 44, 43)",67,VISIBLE,0.51,0.19
235,73,car,0.3908,493.66,195.67,550.74,251.98,522.2,223.82,57.09,56.31,3214.37,1.01,Spherical / Regular,Blue,"(98, 57, 100)",73,VISIBLE,0.03,0.0
235,55,car,0.4998,0.06,349.91,70.47,437.31,35.27,393.61,70.41,87.4,6154.35,0.81,Vertical Oblong,Orange,"(14, 47, 66)",55,VISIBLE,-0.2,0.3
235,58,car,0.2338,167.43,160.94,226.97,184.19,197.2,172.57,59.54,23.25,1384.46,2.56,Horizontal Oblong,Blue,"(104, 65, 45)",58,VISIBLE,0.05,-0.06
235,74,car,0.5416,440.12,222.21,526.59,294.63,483.36,258.42,86.47,72.43,6262.62,1.19,Spherical / Regular,Blue,"(98, 56, 96)",74,VISIBLE,-0.07,0.02
235,64,car,0.2281,382.77,203.63,445.43,257.7,414.1,230.67,62.66,54.07,3387.99,1.16,Spherical / Regular,Blue,"(99, 58, 103)",64,VISIBLE,0.3,0.1
235,70,car,0.1521,572.34,195.24,636.48,236.59,604.41,215.91,64.14,41.35,2652.29,1.55,Horizontal Oblong,Blue,"(99, 52, 110)",70,VISIBLE,0.05,0.18
235,56,car,0.2502,246.94,154.31,327.38,184.57,287.16,169.44,80.44,30.26,2433.99,2.66,Horizontal Oblong,Blue,"(98, 52, 58)",56,VISIBLE,-0.71,0.11
235,52,car,0.1879,441.13,177.71,489.61,214.88,465.37,196.3,48.48,37.17,1801.93,1.3,Horizontal Oblong,Blue,"(100, 58, 101)",52,VISIBLE,-1.03,-0.22
235,66,car,0.1835,331.65,191.08,383.86,222.97,357.76,207.02,52.22,31.89,1665.19,1.64,Horizontal Oblong,Blue,"(99, 59, 97)",66,VISIBLE,-0.22,0.2
235,62,car,0.1511,301.8,152.65,340.74,176.8,321.27,164.73,38.94,24.16,940.68,1.61,Horizontal Oblong,Blue,"(102, 48, 48)",62,VISIBLE,0.32,0.1
235,60,car,0.1583,475.25,163.64,509.69,200.73,492.47,182.18,34.44,37.09,1277.3,0.93,Spherical / Regular,Blue,"(98, 53, 100)",60,VISIBLE,-0.24,0.15
235,72,car,0.1617,466.74,192.69,562.65,262.79,514.69,227.74,95.91,70.1,6723.05,1.37,Horizontal Oblong,Blue,"(98, 59, 100)",72,VISIBLE,-1.56,1.93
235,83,car,0.4573,560.11,226.68,642.95,273.67,601.53,250.17,82.84,46.99,3892.94,1.76,Horizontal Oblong,Blue,"(102, 65, 59)",83,VISIBLE,-0.25,0.68
235,87,car,0.8627,489.1,337.25,842.55,507.96,665.82,422.61,353.46,170.71,60337.38,2.07,Horizontal Oblong,Blue,"(86, 100, 75)",87,VISIBLE,-5.97,0.23
235,86,car,0.7775,727.8,412.6,1013.38,652.8,870.59,532.7,285.57,240.2,68593.76,1.19,Spherical / Regular,Blue,"(96, 71, 74)",86,VISIBLE,0.12,0.14
235,98,car,0.8438,851.55,613.41,1278.46,715.24,1065.0,664.33,426.91,101.84,43475.11,4.19,Horizontal Oblong,Blue,"(102, 57, 77)",98,VISIBLE,0.0,0.08
235,45,car,0.7658,884.45,263.97,1027.15,363.45,955.8,313.71,142.7,99.47,14194.77,1.43,Horizontal Oblong,Orange,"(16, 68, 79)",89,VISIBLE,0.01,0.18
235,95,car,0.7553,1020.83,252.62,1135.48,311.9,1078.16,282.26,114.65,59.27,6795.63,1.93,Horizontal Oblong,Blue,"(101, 53, 91)",95,VISIBLE,0.07,0.13
235,92,car,0.7964,189.44,629.44,626.52,714.11,407.98,671.77,437.08,84.67,37006.89,5.16,Horizontal Oblong,Blue,"(100, 41, 72)",92,VISIBLE,-0.22,0.28
235,85,car,0.7516,1039.25,348.76,1280.0,545.55,1159.62,447.15,240.76,196.79,47379.29,1.22,Spherical / Regular,Orange,"(21, 74, 50)",85,VISIBLE,0.0,0.12
235,93,car,0.7811,956.87,307.33,1126.25,431.33,1041.56,369.33,169.38,124.0,21003.66,1.37,Horizontal Oblong,Orange,"(16, 74, 132)",93,VISIBLE,0.22,0.23
235,94,car,0.6891,1098.76,274.47,1277.14,353.9,1187.95,314.19,178.38,79.44,14170.23,2.25,Horizontal Oblong,Blue,"(105, 65, 48)",94,VISIBLE,0.09,0.06
235,102,car,0.8152,629.56,249.27,809.68,338.83,719.62,294.05,180.12,89.56,16132.37,2.01,Horizontal Oblong,Blue,"(101, 66, 82)",102,VISIBLE,3.24,-0.15
235,100,car,0.5509,1033.73,190.54,1085.07,225.37,1059.4,207.96,51.34,34.82,1787.84,1.47,Horizontal Oblong,Green,"(50, 49, 104)",100,VISIBLE,-1.24,-0.31
235,91,car,0.5391,731.16,281.79,869.43,387.28,800.29,334.53,138.26,105.49,14584.9,1.31,Horizontal Oblong,Blue,"(94, 64, 101)",91,VISIBLE,0.54,0.47
235,90,car,0.5843,824.99,227.49,906.31,292.44,865.65,259.97,81.32,64.95,5281.68,1.25,Horizontal Oblong,Orange,"(14, 57, 81)",90,VISIBLE,0.26,-0.39
235,88,car,0.3159,782.29,205.32,854.47,272.21,818.38,238.76,72.19,66.88,4827.86,1.08,Spherical / Regular,Orange,"(14, 71, 83)",88,VISIBLE,-1.12,0.08
235,99,car,0.1687,689.58,226.81,769.59,249.41,729.59,238.11,80.01,22.6,1808.16,3.54,Horizontal Oblong,Blue,"(108, 53, 79)",99,VISIBLE,-0.21,-1.17
235,97,truck,0.2565,828.92,151.57,913.48,221.07,871.2,186.32,84.56,69.5,5876.7,1.22,Spherical / Regular,Orange,"(15, 97, 99)",97,VISIBLE,-0.36,0.26
235,101,car,0.3635,1000.26,231.71,1062.78,281.86,1031.52,256.78,62.51,50.15,3134.84,1.25,Horizontal Oblong,Blue,"(102, 59, 54)",101,VISIBLE,0.28,0.08
235,96,car,0.2547,858.64,241.72,973.16,323.41,915.9,282.56,114.51,81.69,9354.04,1.4,Horizontal Oblong,Orange,"(17, 55, 68)",96,VISIBLE,0.01,0.31
235,104,car,0.2466,958.08,186.8,998.54,214.5,978.31,200.65,40.46,27.71,1120.95,1.46,Horizontal Oblong,Blue,"(106, 55, 67)",104,VISIBLE,-0.49,-0.21
235,103,car,0.2253,765.69,197.44,823.54,258.11,794.61,227.78,57.85,60.67,3509.81,0.95,Spherical / Regular,Blue,"(106, 78, 73)",103,VISIBLE,0.12,0.29
235,80,car,0.1704,882.87,200.39,934.96,237.79,908.92,219.09,52.09,37.41,1948.61,1.39,Horizontal Oblong,Orange,"(18, 59, 82)",106,VISIBLE,0.39,0.06
235,43,car,0.189,669.26,186.4,724.37,220.43,696.81,203.42,55.11,34.02,1875.22,1.62,Horizontal Oblong,Orange,"(12, 67, 103)",107,VISIBLE,-0.07,0.06
236,13,car,0.6789,1189.74,476.1,1279.75,663.95,1234.74,570.03,90.01,187.85,16909.55,0.48,Vertical Oblong,Orange,"(15, 60, 61)",37,VISIBLE,0.17,0.27
236,49,car,0.9053,0.18,432.63,190.31,714.65,95.24,573.64,190.12,282.02,53619.49,0.67,Vertical Oblong,Blue,"(101, 43, 59)",49,VISIBLE,-0.12,0.25
236,38,car,0.8333,324.14,437.8,604.78,650.16,464.46,543.98,280.64,212.36,59595.28,1.32,Horizontal Oblong,Blue,"(98, 68, 88)",68,VISIBLE,0.23,0.35
236,20,car,0.7723,54.55,296.29,226.07,405.56,140.31,350.92,171.52,109.27,18742.08,1.57,Horizontal Oblong,Blue,"(102, 60, 97)",48,VISIBLE,-0.23,0.59
236,46,car,0.8032,118.2,347.33,359.8,524.8,239.0,436.06,241.6,177.47,42875.94,1.36,Horizontal Oblong,Blue,"(98, 75, 60)",46,VISIBLE,-0.02,0.2
236,77,car,0.5937,514.83,266.92,649.6,380.73,582.21,323.82,134.77,113.81,15338.04,1.18,Spherical / Regular,Blue,"(108, 69, 52)",77,VISIBLE,0.91,0.0
236,51,car,0.632,223.96,251.64,340.24,343.05,282.1,297.35,116.29,91.41,10629.84,1.27,Horizontal Oblong,Blue,"(98, 56, 109)",51,VISIBLE,0.1,0.01
236,50,car,0.7089,1216.48,207.05,1278.73,249.67,1247.6,228.36,62.25,42.61,2652.62,1.46,Horizontal Oblong,Blue,"(99, 45, 97)",50,VISIBLE,-0.01,0.24
236,53,car,0.8054,257.99,307.5,420.94,431.76,339.46,369.63,162.95,124.25,20247.37,1.31,Horizontal Oblong,Orange,"(16, 80, 121)",53,VISIBLE,-0.03,0.26
236,47,car,0.6152,343.8,267.33,471.82,373.52,407.81,320.43,128.01,106.2,13594.35,1.21,Spherical / Regular,Blue,"(98, 73, 92)",47,VISIBLE,-0.25,0.01
236,59,car,0.5593,395.17,250.4,498.27,337.59,446.72,293.99,103.1,87.19,8989.57,1.18,Spherical / Regular,Blue,"(102, 66, 77)",59,VISIBLE,-0.37,-0.08
236,54,car,0.6421,-0.0,286.89,80.19,376.87,40.09,331.88,80.19,89.98,7215.42,0.89,Spherical / Regular,Blue,"(96, 53, 89)",54,VISIBLE,-0.13,-0.02
236,75,car,0.163,680.48,227.66,772.93,261.24,726.71,244.45,92.45,33.58,3104.14,2.75,Horizontal Oblong,Blue,"(106, 54, 77)",75,VISIBLE,1.2,0.4
236,61,car,0.4934,322.96,220.52,402.64,289.96,362.8,255.24,79.68,69.44,5532.37,1.15,Spherical / Regular,Blue,"(101, 60, 94)",61,VISIBLE,-0.2,-0.12
236,65,car,0.5355,199.54,227.05,291.58,297.95,245.56,262.5,92.04,70.91,6525.92,1.3,Horizontal Oblong,Blue,"(99, 60, 107)",65,VISIBLE,-0.7,0.21
236,71,car,0.3907,79.59,169.01,196.39,202.91,137.99,185.96,116.79,33.91,3960.03,3.44,Horizontal Oblong,Blue,"(103, 55, 52)",71,VISIBLE,0.21,-0.2
236,63,car,0.7097,54.02,247.16,190.38,320.19,122.2,283.68,136.36,73.02,9958.0,1.87,Horizontal Oblong,Blue,"(99, 54, 109)",63,VISIBLE,-0.21,0.21
236,57,car,0.4103,270.67,204.46,338.6,252.85,304.64,228.66,67.93,48.39,3287.31,1.4,Horizontal Oblong,Blue,"(100, 50, 107)",57,VISIBLE,-0.97,0.24
236,67,car,0.2405,1117.46,171.93,1173.15,194.58,1145.3,183.26,55.69,22.65,1261.57,2.46,Horizontal Oblong,Blue,"(102, 44, 43)",67,VISIBLE,0.45,0.15
236,73,car,0.394,493.53,195.51,550.99,252.21,522.26,223.86,57.45,56.7,3257.57,1.01,Spherical / Regular,Blue,"(98, 57, 100)",73,VISIBLE,0.05,0.03
236,55,car,0.5114,0.05,350.66,70.0,437.71,35.03,394.18,69.95,87.05,6088.68,0.8,Vertical Oblong,Orange,"(12, 48, 67)",55,VISIBLE,-0.23,0.49
236,58,car,0.2607,167.38,160.99,226.9,184.2,197.14,172.6,59.52,23.21,1381.27,2.56,Horizontal Oblong,Blue,"(105, 65, 45)",58,VISIBLE,-0.03,0.0
236,74,car,0.5394,439.85,222.09,526.54,294.68,483.19,258.38,86.69,72.59,6293.0,1.19,Spherical / Regular,Blue,"(98, 55, 97)",74,VISIBLE,-0.13,-0.02
236,64,car,0.2358,382.43,203.19,447.71,257.77,415.07,230.48,65.29,54.58,3563.18,1.2,Spherical / Regular,Blue,"(100, 57, 104)",64,VISIBLE,0.77,-0.1
236,70,car,0.1521,572.33,195.31,636.59,236.88,604.46,216.09,64.26,41.58,2671.6,1.55,Horizontal Oblong,Blue,"(100, 51, 111)",70,VISIBLE,0.05,0.18
236,56,car,0.2569,246.86,154.8,326.14,184.49,286.5,169.65,79.28,29.69,2354.13,2.67,Horizontal Oblong,Blue,"(99, 50, 58)",56,VISIBLE,-0.67,0.18
236,52,car,0.1984,440.84,177.36,489.51,214.65,465.18,196.01,48.67,37.29,1815.04,1.31,Horizontal Oblong,Blue,"(101, 57, 102)",52,VISIBLE,-0.45,-0.27
236,66,car,0.1937,331.4,191.16,383.5,223.44,357.45,207.3,52.1,32.28,1681.65,1.61,Horizontal Oblong,Blue,"(100, 59, 99)",66,VISIBLE,-0.28,0.25
236,62,car,0.1511,302.24,152.7,340.92,176.95,321.58,164.83,38.68,24.25,938.06,1.59,Horizontal Oblong,Blue,"(105, 47, 47)",62,VISIBLE,0.31,0.1
236,60,car,0.1583,475.12,163.59,509.36,201.09,492.24,182.34,34.24,37.5,1283.88,0.91,Spherical / Regular,Blue,"(100, 50, 99)",60,VISIBLE,-0.23,0.15
236,83,car,0.3508,559.99,226.81,642.28,275.26,601.14,251.04,82.29,48.45,3986.84,1.7,Horizontal Oblong,Blue,"(102, 64, 59)",83,VISIBLE,-0.35,0.81
236,87,car,0.871,491.32,337.36,838.41,508.06,664.87,422.71,347.09,170.7,59248.43,2.03,Horizontal Oblong,Blue,"(86, 100, 74)",87,VISIBLE,-2.46,0.14
236,86,car,0.7735,727.94,413.1,1013.07,653.65,870.51,533.38,285.13,240.55,68587.21,1.19,Spherical / Regular,Blue,"(97, 71, 74)",86,VISIBLE,-0.02,0.51
236,98,car,0.8433,851.6,613.79,1278.49,715.25,1065.04,664.52,426.88,101.47,43314.66,4.21,Horizontal Oblong,Blue,"(102, 57, 78)",98,VISIBLE,0.03,0.16
236,45,car,0.7585,884.41,264.14,1027.19,363.64,955.8,313.89,142.77,99.5,14206.41,1.43,Horizontal Oblong,Orange,"(16, 68, 80)",89,VISIBLE,0.0,0.18
236,95,car,0.7448,1020.77,252.74,1135.6,312.41,1078.18,282.57,114.83,59.68,6852.86,1.92,Horizontal Oblong,Blue,"(101, 52, 91)",95,VISIBLE,0.04,0.26
236,92,car,0.791,188.64,630.17,626.47,714.14,407.56,672.15,437.83,83.96,36760.91,5.21,Horizontal Oblong,Blue,"(100, 43, 70)",92,VISIBLE,-0.36,0.35
236,85,car,0.7592,1039.32,348.74,1280.0,545.72,1159.66,447.23,240.68,196.98,47408.48,1.22,Spherical / Regular,Yellow,"(27, 74, 51)",85,VISIBLE,0.02,0.09
236,93,car,0.7758,956.69,307.59,1126.7,431.5,1041.69,369.54,170.01,123.9,21065.42,1.37,Horizontal Oblong,Orange,"(16, 75, 133)",93,VISIBLE,0.16,0.22
236,94,car,0.6742,1098.83,274.57,1277.3,354.03,1188.07,314.3,178.48,79.46,14181.5,2.25,Horizontal Oblong,Blue,"(105, 62, 49)",94,VISIBLE,0.11,0.1
236,102,car,0.8211,635.59,249.99,812.08,337.96,723.83,293.97,176.49,87.97,15525.34,2.01,Horizontal Oblong,Blue,"(101, 66, 75)",102,VISIBLE,3.92,-0.1
236,100,car,0.5552,1032.59,190.19,1083.92,225.39,1058.26,207.79,51.33,35.19,1806.46,1.46,Horizontal Oblong,Blue,"(98, 51, 105)",100,VISIBLE,-1.17,-0.21
236,91,car,0.4407,732.35,281.84,869.66,387.62,801.01,334.73,137.31,105.79,14525.6,1.3,Horizontal Oblong,Blue,"(95, 64, 101)",91,VISIBLE,0.66,0.28
236,90,car,0.5828,824.7,228.06,906.69,290.38,865.69,259.22,81.99,62.32,5109.29,1.32,Horizontal Oblong,Orange,"(15, 57, 84)",90,VISIBLE,0.11,-0.64
236,88,car,0.2934,778.81,204.56,854.66,273.25,816.74,238.9,75.85,68.69,5210.11,1.1,Spherical / Regular,Orange,"(16, 69, 84)",88,VISIBLE,-1.49,0.12
236,99,car,0.1687,689.5,226.89,769.26,247.0,729.38,236.95,79.76,20.11,1603.57,3.97,Horizontal Oblong,Blue,"(111, 60, 83)",99,VISIBLE,-0.21,-1.17
236,97,truck,0.2417,828.64,151.76,913.45,221.3,871.04,186.53,84.81,69.54,5897.71,1.22,Spherical / Regular,Orange,"(15, 97, 99)",97,VISIBLE,-0.22,0.23
236,101,car,0.3378,999.94,231.85,1062.82,281.51,1031.38,256.68,62.89,49.66,3122.66,1.27,Horizontal Oblong,Blue,"(104, 60, 54)",101,VISIBLE,-0.01,-0.05
236,96,car,0.2958,860.78,241.36,973.93,321.83,917.35,281.59,113.15,80.48,9106.34,1.41,Horizontal Oblong,Orange,"(18, 55, 70)",96,VISIBLE,1.02,-0.58
236,104,car,0.209,957.44,186.74,997.97,214.37,977.71,200.56,40.53,27.63,1119.67,1.47,Horizontal Oblong,Blue,"(111, 53, 61)",104,VISIBLE,-0.57,-0.13
236,103,car,0.2253,765.68,197.89,823.61,258.2,794.64,228.04,57.93,60.31,3494.24,0.96,Spherical / Regular,Blue,"(113, 75, 75)",103,VISIBLE,0.06,0.28
236,80,car,0.1767,882.67,200.25,935.71,238.13,909.19,219.19,53.04,37.88,2009.27,1.4,Horizontal Oblong,Orange,"(18, 59, 84)",106,VISIBLE,0.31,0.09
236,43,car,0.1577,669.37,186.43,724.26,219.61,696.81,203.02,54.89,33.18,1821.31,1.65,Horizontal Oblong,Orange,"(10, 67, 101)",107,VISIBLE,-0.02,-0.26
237,13,car,0.694,1190.02,476.1,1279.75,664.44,1234.89,570.27,89.73,188.34,16898.81,0.48,Vertical Oblong,Orange,"(15, 59, 61)",37,VISIBLE,0.15,0.25
237,49,car,0.8995,0.18,433.07,190.18,714.52,95.18,573.79,189.99,281.46,53473.94,0.68,Vertical Oblong,Blue,"(101, 43, 59)",49,VISIBLE,-0.08,0.18
237,38,car,0.8339,323.78,438.21,605.35,650.2,464.57,544.21,281.57,211.99,59691.31,1.33,Horizontal Oblong,Blue,"(99, 68, 88)",68,VISIBLE,0.14,0.26
237,20,car,0.7713,54.22,296.44,226.01,406.7,140.11,351.57,171.79,110.26,18941.59,1.56,Horizontal Oblong,Blue,"(102, 61, 95)",48,VISIBLE,-0.21,0.63
237,46,car,0.802,117.61,347.95,359.18,525.25,238.4,436.6,241.58,177.3,42831.8,1.36,Horizontal Oblong,Blue,"(93, 76, 60)",46,VISIBLE,-0.43,0.43
237,77,car,0.5794,514.43,268.55,650.82,380.83,582.62,324.69,136.39,112.29,15314.85,1.21,Spherical / Regular,Blue,"(108, 69, 51)",77,VISIBLE,0.56,0.61
237,51,car,0.5926,223.85,251.58,340.41,343.38,282.13,297.48,116.56,91.8,10700.07,1.27,Horizontal Oblong,Blue,"(99, 55, 109)",51,VISIBLE,0.05,0.1
237,50,car,0.7127,1216.5,207.53,1278.87,249.93,1247.68,228.73,62.36,42.39,2643.9,1.47,Horizontal Oblong,Blue,"(98, 44, 96)",50,VISIBLE,0.05,0.33
237,53,car,0.8078,258.17,307.85,420.73,432.02,339.45,369.94,162.56,124.16,20183.57,1.31,Horizontal Oblong,Orange,"(16, 80, 120)",53,VISIBLE,-0.02,0.29
237,47,car,0.6061,343.78,267.29,471.75,373.59,407.77,320.44,127.97,106.3,13604.02,1.2,Spherical / Regular,Blue,"(100, 72, 92)",47,VISIBLE,-0.11,0.01
237,59,car,0.5729,394.64,250.24,498.16,337.55,446.4,293.89,103.52,87.3,9037.52,1.19,Spherical / Regular,Blue,"(104, 65, 76)",59,VISIBLE,-0.33,-0.09
237,54,car,0.662,0.04,286.2,79.7,378.9,39.87,332.55,79.66,92.7,7384.74,0.86,Spherical / Regular,Blue,"(95, 53, 86)",54,VISIBLE,-0.2,0.46
237,75,car,0.1692,683.29,229.54,772.39,259.63,727.84,244.59,89.1,30.09,2680.8,2.96,Horizontal Oblong,Blue,"(108, 52, 80)",75,VISIBLE,1.16,0.22
237,61,car,0.4846,323.04,220.61,402.28,289.37,362.66,254.99,79.24,68.76,5448.53,1.15,Spherical / Regular,Blue,"(102, 58, 93)",61,VISIBLE,-0.16,-0.21
237,65,car,0.5439,199.55,227.29,290.0,298.22,244.77,262.76,90.44,70.94,6415.69,1.28,Horizontal Oblong,Blue,"(100, 60, 107)",65,VISIBLE,-0.76,0.24
237,71,car,0.4413,80.14,169.01,196.4,202.5,138.27,185.76,116.27,33.49,3893.35,3.47,Horizontal Oblong,Blue,"(102, 55, 52)",71,VISIBLE,0.26,-0.2
237,63,car,0.7299,53.26,247.28,190.22,321.06,121.74,284.17,136.97,73.78,10105.35,1.86,Horizontal Oblong,Blue,"(99, 54, 109)",63,VISIBLE,-0.39,0.41
237,57,car,0.4128,269.66,204.71,337.36,253.21,303.51,228.96,67.71,48.5,3283.79,1.4,Horizontal Oblong,Blue,"(100, 50, 106)",57,VISIBLE,-1.08,0.29
237,67,car,0.2308,1118.2,172.09,1173.15,194.75,1145.68,183.42,54.95,22.66,1245.26,2.42,Horizontal Oblong,Blue,"(102, 44, 43)",67,VISIBLE,0.39,0.16
237,73,car,0.377,493.27,195.46,551.31,252.35,522.29,223.9,58.05,56.89,3302.38,1.02,Spherical / Regular,Blue,"(98, 56, 100)",73,VISIBLE,0.04,0.04
237,55,car,0.4705,0.05,351.63,69.39,438.16,34.72,394.9,69.34,86.53,5999.63,0.8,Vertical Oblong,Orange,"(14, 46, 64)",55,VISIBLE,-0.28,0.64
237,58,car,0.2635,167.2,161.11,226.89,184.1,197.05,172.6,59.69,22.98,1371.84,2.6,Horizontal Oblong,Blue,"(105, 64, 45)",58,VISIBLE,-0.07,0.01
237,74,car,0.5952,439.17,221.67,526.43,294.71,482.8,258.19,87.27,73.04,6373.97,1.19,Spherical / Regular,Blue,"(98, 53, 97)",74,VISIBLE,-0.32,-0.14
237,64,car,0.2466,382.17,202.47,452.03,258.01,417.1,230.24,69.86,55.55,3880.53,1.26,Horizontal Oblong,Blue,"(100, 56, 103)",64,VISIBLE,1.65,-0.2
237,70,car,0.1521,572.32,195.37,636.7,237.17,604.51,216.27,64.38,41.8,2690.97,1.54,Horizontal Oblong,Blue,"(100, 51, 107)",70,VISIBLE,0.05,0.18
237,56,car,0.2659,246.88,155.42,324.64,184.07,285.76,169.75,77.76,28.65,2227.85,2.71,Horizontal Oblong,Blue,"(100, 51, 57)",56,VISIBLE,-0.72,0.12
237,52,car,0.1968,440.78,177.23,489.45,214.89,465.12,196.06,48.67,37.66,1833.01,1.29,Horizontal Oblong,Blue,"(101, 56, 102)",52,VISIBLE,-0.18,-0.04
237,66,car,0.2069,330.77,191.39,382.91,223.68,356.84,207.53,52.13,32.29,1683.34,1.61,Horizontal Oblong,Blue,"(100, 58, 96)",66,VISIBLE,-0.51,0.24
237,62,car,0.1511,302.68,152.75,341.1,177.1,321.89,164.93,38.42,24.35,935.38,1.58,Horizontal Oblong,Blue,"(105, 44, 45)",62,VISIBLE,0.31,0.1
237,60,car,0.1583,474.99,163.53,509.02,201.45,492.0,182.49,34.03,37.92,1290.29,0.9,Spherical / Regular,Blue,"(100, 49, 99)",60,VISIBLE,-0.23,0.15
237,83,car,0.2996,559.1,226.84,641.72,279.43,600.41,253.13,82.62,52.59,4344.83,1.57,Horizontal Oblong,Blue,"(102, 64, 58)",83,VISIBLE,-0.61,1.71
237,87,car,0.8705,493.27,337.47,833.77,508.32,663.52,422.89,340.5,170.85,58172.89,1.99,Horizontal Oblong,Blue,"(86, 99, 73)",87,VISIBLE,-1.68,0.17
237,86,car,0.7613,728.18,413.26,1012.99,654.2,870.59,533.73,284.8,240.95,68622.2,1.18,Spherical / Regular,Blue,"(97, 71, 73)",86,VISIBLE,0.05,0.4
237,98,car,0.8425,851.77,614.41,1278.53,715.22,1065.15,664.82,426.76,100.81,43019.93,4.23,Horizontal Oblong,Blue,"(102, 56, 78)",98,VISIBLE,0.08,0.25
237,45,car,0.7537,884.71,264.58,1027.1,363.94,955.91,314.26,142.39,99.36,14147.65,1.43,Horizontal Oblong,Orange,"(15, 68, 79)",89,VISIBLE,0.07,0.31
237,95,car,0.7493,1020.93,252.98,1135.5,312.69,1078.21,282.83,114.57,59.71,6841.18,1.92,Horizontal Oblong,Blue,"(102, 52, 91)",95,VISIBLE,0.03,0.26
237,92,car,0.7836,188.16,630.4,626.26,714.13,407.21,672.27,438.1,83.72,36679.76,5.23,Horizontal Oblong,Blue,"(100, 44, 71)",92,VISIBLE,-0.35,0.18
237,85,car,0.7395,1039.51,348.83,1280.0,545.15,1159.76,446.99,240.48,196.32,47211.73,1.22,Spherical / Regular,Yellow,"(27, 74, 50)",85,VISIBLE,0.07,-0.14
237,93,car,0.7606,956.58,307.83,1127.18,431.57,1041.88,369.7,170.6,123.74,21109.26,1.38,Horizontal Oblong,Orange,"(16, 76, 131)",93,VISIBLE,0.18,0.17
237,94,car,0.6565,1098.66,274.47,1277.54,354.06,1188.1,314.27,178.88,79.59,14237.09,2.25,Horizontal Oblong,Blue,"(105, 63, 49)",94,VISIBLE,0.06,0.01
237,102,car,0.7974,639.24,251.04,815.5,337.25,727.37,294.15,176.25,86.21,15194.6,2.04,Horizontal Oblong,Blue,"(102, 66, 74)",102,VISIBLE,3.65,0.09
237,100,car,0.529,1031.52,189.92,1083.0,225.39,1057.26,207.66,51.48,35.46,1825.62,1.45,Horizontal Oblong,Blue,"(90, 47, 106)",100,VISIBLE,-1.05,-0.16
237,91,car,0.4053,732.96,281.91,869.92,387.57,801.44,334.74,136.96,105.67,14471.92,1.3,Horizontal Oblong,Blue,"(95, 64, 102)",91,VISIBLE,0.5,0.09
237,90,car,0.6285,824.4,229.02,906.89,289.16,865.65,259.09,82.49,60.14,4960.91,1.37,Horizontal Oblong,Orange,"(17, 57, 83)",90,VISIBLE,-0.0,-0.28
237,88,car,0.2856,773.74,203.34,854.84,273.51,814.29,238.43,81.1,70.17,5690.76,1.16,Spherical / Regular,Orange,"(15, 68, 85)",88,VISIBLE,-2.16,-0.3
237,99,car,0.1687,689.42,226.97,768.93,244.59,729.18,235.78,79.5,17.61,1400.25,4.51,Horizontal Oblong,Blue,"(128, 71, 87)",99,VISIBLE,-0.21,-1.17
237,97,truck,0.2317,829.2,152.1,913.8,221.32,871.5,186.71,84.6,69.22,5855.72,1.22,Spherical / Regular,Orange,"(15, 97, 99)",97,VISIBLE,0.25,0.19
237,101,car,0.2833,999.38,232.24,1062.91,281.35,1031.14,256.8,63.53,49.11,3120.04,1.29,Horizontal Oblong,Blue,"(103, 61, 54)",101,VISIBLE,-0.17,0.07
237,96,car,0.3106,863.66,240.77,974.58,319.87,919.12,280.32,110.92,79.11,8774.48,1.4,Horizontal Oblong,Blue,"(90, 54, 71)",96,VISIBLE,1.54,-1.07
237,104,car,0.193,956.7,186.8,997.2,214.27,976.95,200.53,40.49,27.47,1112.2,1.47,Horizontal Oblong,Blue,"(111, 53, 66)",104,VISIBLE,-0.7,-0.05
237,103,car,0.2253,765.67,198.33,823.69,258.29,794.68,228.31,58.02,59.96,3478.61,0.97,Spherical / Regular,Blue,"(114, 72, 75)",103,VISIBLE,0.04,0.27
237,80,car,0.1996,882.26,200.2,937.12,238.58,909.69,219.39,54.86,38.38,2105.53,1.43,Horizontal Oblong,Orange,"(19, 60, 81)",106,VISIBLE,0.44,0.17
237,43,car,0.1577,669.37,186.46,724.19,219.48,696.78,202.97,54.82,33.02,1810.26,1.66,Horizontal Oblong,Red,"(9, 66, 101)",107,VISIBLE,-0.03,-0.11
238,13,car,0.697,1190.32,476.64,1279.75,664.11,1235.04,570.37,89.43,187.47,16766.19,0.48,Vertical Oblong,Orange,"(15, 60, 62)",37,VISIBLE,0.15,0.15
238,49,car,0.8963,0.11,433.28,190.36,714.52,95.23,573.9,190.25,281.24,53506.36,0.68,Vertical Oblong,Blue,"(101, 43, 59)",49,VISIBLE,0.01,0.13
238,38,car,0.8397,323.63,438.65,605.34,650.26,464.49,544.45,281.71,211.61,59612.69,1.33,Horizontal Oblong,Blue,"(99, 69, 88)",68,VISIBLE,-0.01,0.25
238,20,car,0.772,53.29,296.36,227.48,406.8,140.39,351.58,174.18,110.45,19238.03,1.58,Horizontal Oblong,Blue,"(102, 61, 94)",48,VISIBLE,0.13,0.2
238,46,car,0.8228,117.18,348.6,358.7,525.78,237.94,437.19,241.51,177.18,42791.44,1.36,Horizontal Oblong,Blue,"(99, 76, 60)",46,VISIBLE,-0.45,0.54
238,77,car,0.6021,514.12,272.17,650.9,381.07,582.51,326.62,136.78,108.9,14895.07,1.26,Horizontal Oblong,Blue,"(108, 69, 50)",77,VISIBLE,0.09,1.53
238,51,car,0.5742,223.52,252.5,340.87,343.79,282.2,298.14,117.35,91.29,10713.12,1.29,Horizontal Oblong,Blue,"(99, 56, 110)",51,VISIBLE,0.06,0.49
238,50,car,0.7258,1216.49,207.67,1278.86,250.44,1247.68,229.05,62.38,42.77,2667.78,1.46,Horizontal Oblong,Blue,"(98, 44, 97)",50,VISIBLE,0.01,0.33
238,53,car,0.8062,258.31,308.0,420.58,432.43,339.44,370.22,162.27,124.43,20191.23,1.3,Horizontal Oblong,Orange,"(16, 80, 120)",53,VISIBLE,-0.01,0.28
238,47,car,0.604,343.92,267.12,471.84,373.63,407.88,320.37,127.92,106.51,13625.74,1.2,Spherical / Regular,Blue,"(100, 71, 92)",47,VISIBLE,0.05,-0.04
238,59,car,0.5574,394.8,250.26,498.13,337.5,446.46,293.88,103.32,87.24,9013.52,1.18,Spherical / Regular,Blue,"(104, 65, 76)",59,VISIBLE,-0.05,-0.04
238,54,car,0.6463,0.06,285.68,79.27,381.09,39.67,333.39,79.21,95.41,7557.43,0.83,Spherical / Regular,Blue,"(95, 52, 86)",54,VISIBLE,-0.2,0.72
238,75,car,0.218,679.89,222.87,766.95,258.61,723.42,240.74,87.06,35.74,3111.63,2.44,Horizontal Oblong,Blue,"(110, 56, 74)",75,VISIBLE,-2.75,-2.63
238,61,car,0.4585,323.19,220.81,401.59,288.99,362.39,254.9,78.4,68.18,5345.03,1.15,Spherical / Regular,Blue,"(102, 58, 94)",61,VISIBLE,-0.24,-0.13
238,65,car,0.5728,199.27,227.45,289.01,298.88,244.14,263.16,89.74,71.43,6410.04,1.26,Horizontal Oblong,Blue,"(100, 61, 107)",65,VISIBLE,-0.67,0.36
238,71,car,0.4652,80.23,169.01,196.1,202.81,138.17,185.91,115.87,33.79,3915.66,3.43,Horizontal Oblong,Blue,"(102, 55, 52)",71,VISIBLE,0.0,0.05
238,63,car,0.7307,52.22,247.47,190.46,322.02,121.34,284.74,138.25,74.55,10306.01,1.85,Horizontal Oblong,Blue,"(99, 54, 109)",63,VISIBLE,-0.4,0.53
238,57,car,0.4011,268.84,205.44,336.39,253.99,302.61,229.72,67.56,48.55,3279.86,1.39,Horizontal Oblong,Blue,"(100, 50, 105)",57,VISIBLE,-0.95,0.61
238,67,car,0.2314,1118.33,172.29,1173.22,194.91,1145.77,183.6,54.9,22.62,1241.93,2.43,Horizontal Oblong,Blue,"(102, 44, 42)",67,VISIBLE,0.19,0.17
238,73,car,0.366,493.32,195.73,551.58,252.64,522.45,224.19,58.26,56.91,3315.46,1.02,Spherical / Regular,Blue,"(98, 56, 100)",73,VISIBLE,0.12,0.21
238,55,car,0.4307,0.05,352.47,68.95,438.53,34.5,395.5,68.9,86.06,5929.61,0.8,Vertical Oblong,Orange,"(14, 47, 62)",55,VISIBLE,-0.24,0.62
238,58,car,0.2666,167.19,161.25,226.89,184.59,197.04,172.92,59.69,23.34,1393.24,2.56,Horizontal Oblong,Blue,"(105, 63, 45)",58,VISIBLE,-0.03,0.22
238,74,car,0.5906,438.78,221.25,526.28,294.8,482.53,258.03,87.5,73.55,6435.99,1.19,Spherical / Regular,Blue,"(98, 53, 98)",74,VISIBLE,-0.28,-0.16
238,64,car,0.2654,382.31,202.0,455.35,258.47,418.83,230.23,73.03,56.47,4124.44,1.29,Horizontal Oblong,Blue,"(100, 56, 104)",64,VISIBLE,1.71,-0.06
238,70,car,0.1521,572.31,195.44,636.81,237.46,604.56,216.45,64.5,42.02,2710.39,1.53,Horizontal Oblong,Blue,"(100, 51, 109)",70,VISIBLE,0.05,0.18
238,56,car,0.2736,247.02,155.89,322.51,183.67,284.76,169.78,75.49,27.78,2097.07,2.72,Horizontal Oblong,Blue,"(100, 53, 57)",56,VISIBLE,-0.91,0.06
238,52,car,0.211,442.16,177.5,489.43,215.41,465.79,196.46,47.26,37.91,1791.6,1.25,Horizontal Oblong,Blue,"(101, 55, 103)",52,VISIBLE,0.42,0.26
238,66,car,0.2236,330.53,191.68,382.13,223.69,356.33,207.68,51.6,32.01,1651.88,1.61,Horizontal Oblong,Blue,"(100, 58, 98)",66,VISIBLE,-0.51,0.18
238,62,car,0.1511,303.13,152.8,341.28,177.25,322.21,165.03,38.16,24.44,932.66,1.56,Horizontal Oblong,Blue,"(105, 44, 46)",62,VISIBLE,0.31,0.1
238,60,car,0.1645,476.94,164.53,512.46,199.23,494.7,181.88,35.52,34.71,1232.86,1.02,Spherical / Regular,Blue,"(100, 47, 99)",60,VISIBLE,1.82,-0.38
238,83,car,0.3481,558.54,227.24,641.88,287.15,600.21,257.19,83.35,59.92,4993.66,1.39,Horizontal Oblong,Blue,"(102, 62, 59)",83,VISIBLE,-0.32,3.36
238,87,car,0.8525,495.75,337.55,827.9,508.52,661.82,423.03,332.15,170.97,56785.88,1.94,Horizontal Oblong,Blue,"(86, 100, 73)",87,VISIBLE,-1.69,0.15
238,86,car,0.7527,728.8,412.12,1012.95,654.15,870.87,533.13,284.16,242.04,68775.72,1.17,Spherical / Regular,Blue,"(96, 71, 72)",86,VISIBLE,0.22,-0.3
238,98,car,0.8369,851.97,614.96,1278.56,715.24,1065.27,665.1,426.59,100.27,42774.42,4.25,Horizontal Oblong,Blue,"(102, 56, 78)",98,VISIBLE,0.11,0.28
238,45,car,0.7518,884.71,264.55,1027.04,364.27,955.88,314.41,142.32,99.72,14193.19,1.43,Horizontal Oblong,Orange,"(15, 68, 80)",89,VISIBLE,0.0,0.2
238,95,car,0.749,1021.2,253.3,1135.03,313.01,1078.11,283.15,113.83,59.72,6797.26,1.91,Horizontal Oblong,Blue,"(102, 52, 92)",95,VISIBLE,-0.06,0.3
238,92,car,0.7777,188.17,630.91,626.0,714.16,407.09,672.54,437.83,83.26,36451.96,5.26,Horizontal Oblong,Blue,"(102, 43, 71)",92,VISIBLE,-0.19,0.24
238,85,car,0.7396,1039.75,348.89,1280.0,544.79,1159.87,446.84,240.25,195.9,47063.89,1.23,Horizontal Oblong,Orange,"(23, 74, 51)",85,VISIBLE,0.11,-0.15
238,93,car,0.7696,956.45,308.02,1127.5,431.66,1041.97,369.84,171.05,123.63,21147.12,1.38,Horizontal Oblong,Orange,"(16, 76, 133)",93,VISIBLE,0.12,0.15
238,94,car,0.6267,1098.37,274.4,1277.8,354.18,1188.09,314.29,179.43,79.77,14313.75,2.25,Horizontal Oblong,Blue,"(105, 63, 49)",94,VISIBLE,0.01,0.02
238,102,car,0.7417,641.78,251.81,819.39,336.71,730.59,294.26,177.62,84.89,15078.54,2.09,Horizontal Oblong,Blue,"(103, 64, 72)",102,VISIBLE,3.35,0.11
238,100,car,0.4961,1030.53,190.29,1082.02,225.25,1056.28,207.77,51.49,34.96,1800.07,1.47,Horizontal Oblong,Blue,"(89, 50, 100)",100,VISIBLE,-1.0,0.03
238,91,car,0.3791,734.29,282.44,870.52,387.86,802.41,335.15,136.23,105.42,14360.61,1.29,Horizontal Oblong,Blue,"(95, 64, 103)",91,VISIBLE,0.83,0.31
238,90,car,0.5862,823.74,229.73,906.68,287.88,865.21,258.8,82.94,58.16,4823.48,1.43,Horizontal Oblong,Orange,"(17, 58, 86)",90,VISIBLE,-0.31,-0.28
238,88,car,0.3023,770.02,202.16,855.19,273.65,812.6,237.9,85.17,71.49,6089.12,1.19,Spherical / Regular,Orange,"(15, 69, 84)",88,VISIBLE,-1.83,-0.45
238,99,car,0.1687,689.34,227.05,768.59,242.17,728.97,234.61,79.25,15.12,1198.18,5.24,Horizontal Oblong,Purple,"(141, 76, 92)",99,VISIBLE,-0.21,-1.17
238,97,truck,0.235,828.31,152.28,913.85,221.46,871.08,186.87,85.54,69.18,5917.51,1.24,Horizontal Oblong,Orange,"(15, 97, 100)",97,VISIBLE,-0.22,0.17
238,101,car,0.2993,998.9,232.66,1063.05,281.68,1030.97,257.17,64.15,49.03,3145.0,1.31,Horizontal Oblong,Blue,"(103, 60, 54)",101,VISIBLE,-0.17,0.28
238,96,car,0.2648,866.99,240.37,975.31,319.04,921.15,279.71,108.32,78.67,8520.96,1.38,Horizontal Oblong,Blue,"(100, 53, 73)",96,VISIBLE,1.88,-0.75
238,104,car,0.1957,956.2,186.99,996.46,214.17,976.33,200.58,40.26,27.18,1094.21,1.48,Horizontal Oblong,Blue,"(106, 54, 70)",104,VISIBLE,-0.64,0.02
238,103,car,0.2253,765.66,198.77,823.76,258.37,794.71,228.57,58.1,59.6,3462.91,0.97,Spherical / Regular,Blue,"(114, 73, 76)",103,VISIBLE,0.03,0.26
238,80,car,0.2155,882.02,200.03,938.43,238.9,910.22,219.46,56.42,38.87,2193.02,1.45,Horizontal Oblong,Orange,"(18, 60, 82)",106,VISIBLE,0.51,0.1
238,43,car,0.1577,669.36,186.49,724.12,219.35,696.74,202.92,54.76,32.86,1799.23,1.67,Horizontal Oblong,Red,"(8, 65, 100)",107,VISIBLE,-0.04,-0.07
238,78,car,0.2176,913.76,215.11,1000.86,261.86,957.31,238.48,87.1,46.75,4072.29,1.86,Horizontal Oblong,Blue,"(90, 44, 106)",108,VISIBLE,-6.39,1.43
239,13,car,0.7223,1190.75,477.14,1279.75,663.12,1235.25,570.13,89.01,185.98,16553.42,0.48,Vertical Oblong,Orange,"(15, 60, 61)",37,VISIBLE,0.2,-0.13
239,49,car,0.8975,0.05,433.53,190.42,714.7,95.23,574.11,190.37,281.17,53525.73,0.68,Vertical Oblong,Blue,"(100, 43, 59)",49,VISIBLE,0.0,0.19
239,38,car,0.8457,323.39,439.11,605.61,650.06,464.5,544.58,282.22,210.94,59531.96,1.34,Horizontal Oblong,Blue,"(98, 68, 88)",68,VISIBLE,0.01,0.17
239,20,car,0.7674,52.72,296.24,228.57,406.71,140.65,351.48,175.84,110.47,19424.83,1.59,Horizontal Oblong,Blue,"(102, 61, 95)",48,VISIBLE,0.22,-0.01
239,46,car,0.8248,116.91,349.34,358.27,526.23,237.59,437.79,241.37,176.89,42695.73,1.36,Horizontal Oblong,Blue,"(92, 76, 60)",46,VISIBLE,-0.38,0.58
239,77,car,0.595,512.27,272.47,650.94,381.32,581.61,326.9,138.67,108.85,15094.05,1.27,Horizontal Oblong,Blue,"(108, 69, 49)",77,VISIBLE,-0.61,0.65
239,51,car,0.5929,223.25,253.21,341.56,343.95,282.41,298.58,118.31,90.75,10736.44,1.3,Horizontal Oblong,Blue,"(98, 56, 109)",51,VISIBLE,0.17,0.45
239,50,car,0.7338,1216.59,208.18,1279.0,250.88,1247.8,229.53,62.41,42.7,2664.62,1.46,Horizontal Oblong,Blue,"(98, 43, 97)",50,VISIBLE,0.09,0.43
239,53,car,0.7918,258.4,307.99,420.39,432.71,339.39,370.35,161.99,124.73,20204.49,1.3,Horizontal Oblong,Orange,"(16, 80, 120)",53,VISIBLE,-0.04,0.18
239,47,car,0.5982,343.4,267.95,469.52,376.59,406.46,322.27,126.12,108.63,13700.75,1.16,Spherical / Regular,Blue,"(98, 73, 93)",47,VISIBLE,-0.98,1.31
239,59,car,0.528,394.9,250.35,498.09,337.42,446.5,293.88,103.19,87.07,8984.88,1.19,Spherical / Regular,Blue,"(103, 65, 77)",59,VISIBLE,0.0,-0.01
239,54,car,0.634,0.05,286.07,78.28,381.78,39.16,333.92,78.23,95.71,7487.37,0.82,Spherical / Regular,Orange,"(24, 53, 86)",54,VISIBLE,-0.41,0.59
239,75,car,0.2297,677.52,218.27,761.86,257.99,719.69,238.13,84.34,39.73,3350.55,2.12,Horizontal Oblong,Blue,"(108, 55, 74)",75,VISIBLE,-3.44,-2.62
239,61,car,0.4345,323.29,220.98,401.21,288.59,362.25,254.78,77.92,67.61,5268.42,1.15,Spherical / Regular,Blue,"(101, 59, 94)",61,VISIBLE,-0.17,-0.12
239,65,car,0.5725,198.98,227.59,290.46,299.61,244.72,263.6,91.47,72.02,6588.06,1.27,Horizontal Oblong,Blue,"(99, 61, 107)",65,VISIBLE,0.2,0.41
239,71,car,0.4431,80.64,169.05,195.95,202.93,138.29,185.99,115.31,33.88,3906.62,3.4,Horizontal Oblong,Blue,"(102, 55, 52)",71,VISIBLE,0.09,0.07
239,63,car,0.7412,51.04,247.65,190.27,322.39,120.66,285.02,139.23,74.74,10405.43,1.86,Horizontal Oblong,Blue,"(98, 54, 108)",63,VISIBLE,-0.6,0.35
239,57,car,0.4088,268.49,205.69,336.84,254.46,302.66,230.07,68.34,48.78,3333.5,1.4,Horizontal Oblong,Blue,"(99, 51, 106)",57,VISIBLE,-0.25,0.44
239,67,car,0.2304,1117.62,172.45,1173.57,195.05,1145.6,183.75,55.95,22.6,1264.31,2.48,Horizontal Oblong,Blue,"(100, 45, 44)",67,VISIBLE,-0.07,0.16
239,73,car,0.3531,492.85,195.88,551.76,252.91,522.3,224.39,58.92,57.03,3359.88,1.03,Spherical / Regular,Blue,"(98, 56, 99)",73,VISIBLE,-0.06,0.21
239,55,car,0.4204,0.05,352.63,68.61,438.88,34.33,395.75,68.56,86.25,5913.59,0.79,Vertical Oblong,Orange,"(14, 47, 62)",55,VISIBLE,-0.19,0.36
239,58,car,0.2813,167.15,161.39,226.82,184.96,196.99,173.17,59.67,23.57,1406.29,2.53,Horizontal Oblong,Blue,"(105, 65, 46)",58,VISIBLE,-0.05,0.25
239,74,car,0.5943,438.89,220.95,526.03,294.84,482.46,257.9,87.13,73.89,6438.48,1.18,Spherical / Regular,Blue,"(98, 52, 98)",74,VISIBLE,-0.13,-0.14
239,64,car,0.2791,382.06,201.72,457.44,258.78,419.75,230.25,75.38,57.06,4301.57,1.32,Horizontal Oblong,Blue,"(98, 56, 103)",64,VISIBLE,1.16,-0.01
239,70,car,0.1521,572.3,195.51,636.91,237.75,604.61,216.63,64.61,42.25,2729.87,1.53,Horizontal Oblong,Blue,"(100, 51, 109)",70,VISIBLE,0.05,0.18
239,56,car,0.2894,247.07,156.31,321.31,183.46,284.19,169.89,74.24,27.15,2015.57,2.73,Horizontal Oblong,Blue,"(100, 53, 58)",56,VISIBLE,-0.68,0.09
239,52,car,0.1956,443.62,178.2,489.3,216.4,466.46,197.3,45.68,38.2,1745.06,1.2,Spherical / Regular,Blue,"(100, 57, 100)",52,VISIBLE,0.59,0.67
239,66,car,0.2155,330.16,192.05,381.22,223.45,355.69,207.75,51.05,31.41,1603.35,1.63,Horizontal Oblong,Blue,"(100, 59, 97)",66,VISIBLE,-0.6,0.1
239,62,car,0.1511,303.57,152.86,341.47,177.39,322.52,165.12,37.89,24.54,929.89,1.54,Horizontal Oblong,Blue,"(105, 43, 46)",62,VISIBLE,0.31,0.1
239,60,car,0.1659,478.24,165.29,514.86,197.5,496.55,181.39,36.61,32.2,1179.1,1.14,Spherical / Regular,Blue,"(98, 46, 97)",60,VISIBLE,1.84,-0.45
239,83,car,0.3554,558.08,227.56,641.94,292.82,600.01,260.19,83.86,65.25,5471.88,1.29,Horizontal Oblong,Blue,"(100, 63, 59)",83,VISIBLE,-0.24,3.1
239,87,car,0.8353,496.46,338.1,829.54,508.5,663.0,423.3,333.07,170.4,56756.23,1.95,Horizontal Oblong,Blue,"(85, 100, 72)",87,VISIBLE,0.32,0.23
239,86,car,0.7624,728.98,413.05,1013.05,654.89,871.01,533.97,284.07,241.83,68696.73,1.17,Spherical / Regular,Blue,"(96, 72, 74)",86,VISIBLE,0.16,0.5
239,98,car,0.8455,852.22,615.76,1278.56,715.26,1065.39,665.51,426.34,99.49,42418.12,4.29,Horizontal Oblong,Blue,"(101, 56, 79)",98,VISIBLE,0.12,0.37
239,45,car,0.7376,884.11,263.95,1027.18,364.53,955.65,314.24,143.08,100.59,14392.04,1.42,Horizontal Oblong,Orange,"(15, 68, 80)",89,VISIBLE,-0.16,-0.06
239,95,car,0.7585,1021.04,253.65,1134.61,313.28,1077.83,283.47,113.57,59.63,6772.41,1.9,Horizontal Oblong,Blue,"(102, 52, 91)",95,VISIBLE,-0.22,0.31
239,92,car,0.7777,188.16,631.5,625.69,714.27,406.93,672.88,437.53,82.77,36214.77,5.29,Horizontal Oblong,Blue,"(100, 42, 71)",92,VISIBLE,-0.17,0.32
239,85,car,0.7372,1039.88,348.87,1280.0,544.6,1159.94,446.73,240.12,195.73,46999.77,1.23,Horizontal Oblong,Yellow,"(25, 75, 51)",85,VISIBLE,0.08,-0.12
239,93,car,0.7601,956.41,308.1,1127.76,431.9,1042.08,370.0,171.35,123.8,21213.68,1.38,Horizontal Oblong,Orange,"(16, 76, 132)",93,VISIBLE,0.11,0.16
239,94,car,0.6121,1097.93,274.49,1278.01,354.41,1187.97,314.45,180.09,79.92,14392.32,2.25,Horizontal Oblong,Blue,"(104, 64, 49)",94,VISIBLE,-0.08,0.12
239,102,car,0.6134,643.4,252.4,823.01,337.31,733.21,294.85,179.61,84.91,15250.81,2.12,Horizontal Oblong,Blue,"(103, 64, 72)",102,VISIBLE,2.84,0.45
239,100,car,0.4509,1029.66,190.72,1080.96,225.09,1055.31,207.9,51.3,34.37,1763.28,1.49,Horizontal Oblong,Blue,"(100, 48, 102)",100,VISIBLE,-0.98,0.1
239,91,car,0.2815,736.61,282.72,872.25,388.03,804.43,335.38,135.63,105.31,14283.6,1.29,Horizontal Oblong,Blue,"(95, 64, 103)",91,VISIBLE,1.67,0.25
239,90,car,0.4686,823.35,230.1,906.97,286.21,865.16,258.16,83.62,56.11,4691.88,1.49,Horizontal Oblong,Orange,"(15, 57, 85)",90,VISIBLE,-0.13,-0.54
239,88,car,0.2946,767.96,201.08,855.85,273.94,811.91,237.51,87.88,72.86,6402.74,1.21,Spherical / Regular,Orange,"(15, 68, 79)",88,VISIBLE,-1.04,-0.41
239,99,car,0.1687,689.26,227.13,768.26,239.76,728.76,233.45,79.0,12.63,997.38,6.26,Horizontal Oblong,Blue,"(120, 71, 82)",99,VISIBLE,-0.21,-1.17
239,97,truck,0.2325,829.01,152.56,914.04,221.66,871.53,187.11,85.04,69.1,5876.08,1.23,Horizontal Oblong,Orange,"(15, 98, 98)",97,VISIBLE,0.25,0.22
239,101,car,0.274,998.51,233.02,1063.26,282.3,1030.88,257.66,64.74,49.27,3190.15,1.31,Horizontal Oblong,Blue,"(102, 61, 55)",101,VISIBLE,-0.11,0.43
239,96,car,0.2205,872.47,240.13,976.04,316.82,924.26,278.47,103.57,76.69,7943.28,1.35,Horizontal Oblong,Blue,"(95, 53, 77)",96,VISIBLE,2.74,-1.09
239,104,car,0.161,955.96,187.34,995.7,214.06,975.83,200.7,39.74,26.72,1061.91,1.49,Horizontal Oblong,Blue,"(106, 54, 68)",104,VISIBLE,-0.54,0.09
239,103,car,0.2253,765.65,199.22,823.84,258.46,794.74,228.84,58.19,59.24,3447.15,0.98,Spherical / Regular,Blue,"(109, 73, 73)",103,VISIBLE,0.03,0.27
239,80,car,0.2014,881.58,199.74,939.44,238.92,910.51,219.33,57.86,39.18,2266.94,1.48,Horizontal Oblong,Orange,"(18, 64, 86)",106,VISIBLE,0.35,-0.06
239,43,car,0.1577,669.36,186.52,724.06,219.22,696.71,202.87,54.7,32.69,1788.23,1.67,Horizontal Oblong,Red,"(9, 64, 100)",107,VISIBLE,-0.03,-0.06
239,78,car,0.2008,913.47,215.35,999.93,261.9,956.7,238.62,86.46,46.54,4024.0,1.86,Horizontal Oblong,Green,"(72, 44, 107)",108,VISIBLE,-2.34,0.53
240,13,car,0.7201,1191.08,477.65,1279.75,663.19,1235.42,570.42,88.67,185.55,16452.39,0.48,Vertical Oblong,Orange,"(15, 59, 60)",37,VISIBLE,0.17,0.16
240,49,car,0.8986,0.01,433.76,190.49,714.87,95.25,574.31,190.48,281.11,53544.41,0.68,Vertical Oblong,Blue,"(100, 43, 59)",49,VISIBLE,0.01,0.2
240,38,car,0.8545,322.86,439.55,605.55,649.8,464.21,544.68,282.69,210.26,59438.66,1.34,Horizontal Oblong,Blue,"(98, 67, 88)",68,VISIBLE,-0.2,0.11
240,20,car,0.7715,53.28,296.2,227.88,406.28,140.58,351.24,174.6,110.08,19219.6,1.59,Horizontal Oblong,Blue,"(102, 61, 95)",48,VISIBLE,0.02,-0.17
240,46,car,0.8315,116.78,350.0,357.9,526.93,237.34,438.46,241.13,176.93,42663.07,1.36,Horizontal Oblong,Blue,"(93, 75, 60)",46,VISIBLE,-0.29,0.65
240,77,car,0.6126,512.11,279.55,650.35,382.29,581.23,330.92,138.23,102.74,14201.37,1.35,Horizontal Oblong,Blue,"(108, 69, 49)",77,VISIBLE,-0.44,3.01
240,51,car,0.6164,222.86,253.73,342.06,344.27,282.46,299.0,119.2,90.54,10792.0,1.32,Horizontal Oblong,Blue,"(98, 56, 110)",51,VISIBLE,0.09,0.43
240,50,car,0.739,1216.58,208.17,1278.98,251.35,1247.78,229.76,62.4,43.18,2694.38,1.45,Horizontal Oblong,Blue,"(98, 44, 96)",50,VISIBLE,0.02,0.29
240,53,car,0.7837,257.58,308.53,420.31,432.8,338.95,370.66,162.73,124.27,20222.74,1.31,Horizontal Oblong,Orange,"(16, 80, 120)",53,VISIBLE,-0.33,0.27
240,47,car,0.6094,343.15,268.87,467.72,378.87,405.44,323.87,124.57,110.0,13702.32,1.13,Spherical / Regular,Blue,"(98, 74, 93)",47,VISIBLE,-1.01,1.51
240,59,car,0.5333,394.52,250.47,498.04,337.46,446.28,293.96,103.51,87.0,9005.19,1.19,Spherical / Regular,Blue,"(103, 64, 77)",59,VISIBLE,-0.15,0.05
240,54,car,0.6071,0.04,286.37,77.29,383.37,38.67,334.87,77.26,97.0,7494.24,0.8,Vertical Oblong,Blue,"(90, 51, 86)",54,VISIBLE,-0.47,0.84
240,75,car,0.2601,676.07,214.56,758.34,258.3,717.2,236.43,82.27,43.74,3598.85,1.88,Horizontal Oblong,Blue,"(108, 57, 76)",75,VISIBLE,-2.77,-1.97
240,61,car,0.4153,323.46,221.24,400.91,288.5,362.19,254.87,77.45,67.26,5209.81,1.15,Spherical / Regular,Blue,"(101, 60, 95)",61,VISIBLE,-0.1,0.02
240,65,car,0.582,198.57,227.71,291.77,300.62,245.17,264.16,93.2,72.91,6795.61,1.28,Horizontal Oblong,Blue,"(99, 60, 107)",65,VISIBLE,0.38,0.52
240,71,car,0.4615,81.05,169.11,195.68,203.45,138.37,186.28,114.63,34.34,3935.86,3.34,Horizontal Oblong,Blue,"(102, 55, 52)",71,VISIBLE,0.08,0.22
240,63,car,0.7435,49.57,247.97,189.35,322.61,119.46,285.29,139.78,74.63,10432.44,1.87,Horizontal Oblong,Blue,"(99, 54, 109)",63,VISIBLE,-1.02,0.29
240,57,car,0.4051,268.16,205.88,337.55,254.75,302.86,230.32,69.39,48.88,3391.39,1.42,Horizontal Oblong,Blue,"(99, 50, 107)",57,VISIBLE,0.06,0.3
240,67,car,0.2211,1116.08,172.52,1173.63,195.21,1144.86,183.86,57.56,22.68,1305.53,2.54,Horizontal Oblong,Blue,"(100, 45, 41)",67,VISIBLE,-0.54,0.13
240,73,car,0.3486,492.5,196.01,551.9,253.23,522.2,224.62,59.4,57.22,3398.85,1.04,Spherical / Regular,Blue,"(98, 56, 99)",73,VISIBLE,-0.09,0.22
240,55,car,0.3917,0.05,352.18,68.24,439.12,34.15,395.65,68.19,86.94,5928.02,0.78,Vertical Oblong,Orange,"(12, 48, 64)",55,VISIBLE,-0.19,0.04
240,58,car,0.2691,167.15,161.45,226.81,185.24,196.98,173.34,59.65,23.79,1419.24,2.51,Horizontal Oblong,Blue,"(105, 65, 46)",58,VISIBLE,-0.02,0.19
240,74,car,0.6275,439.14,221.03,525.8,294.89,482.47,257.96,86.66,73.86,6400.51,1.17,Spherical / Regular,Blue,"(98, 53, 99)",74,VISIBLE,-0.03,0.0
240,64,car,0.2773,382.0,201.73,458.28,258.87,420.14,230.3,76.28,57.14,4358.72,1.33,Horizontal Oblong,Blue,"(99, 56, 103)",64,VISIBLE,0.62,0.03
240,70,car,0.1521,572.29,195.57,637.02,238.05,604.66,216.81,64.73,42.47,2749.39,1.52,Horizontal Oblong,Blue,"(100, 52, 106)",70,VISIBLE,0.05,0.18
240,56,car,0.3144,247.17,156.67,318.05,183.26,282.61,169.96,70.89,26.59,1884.87,2.67,Horizontal Oblong,Blue,"(99, 53, 59)",56,VISIBLE,-1.31,0.08
240,52,car,0.1946,445.04,178.8,489.19,217.21,467.11,198.0,44.15,38.42,1696.4,1.15,Spherical / Regular,Blue,"(100, 55, 99)",52,VISIBLE,0.64,0.69
240,66,car,0.2161,329.76,192.41,380.37,223.2,355.06,207.8,50.62,30.79,1558.53,1.64,Horizontal Oblong,Blue,"(100, 57, 100)",66,VISIBLE,-0.62,0.07
240,62,car,0.1511,304.01,152.91,341.65,177.54,322.83,165.22,37.63,24.63,927.06,1.53,Horizontal Oblong,Blue,"(105, 42, 47)",62,VISIBLE,0.31,0.1
240,60,car,0.1785,479.13,165.67,516.21,195.58,497.67,180.62,37.08,29.91,1108.98,1.24,Horizontal Oblong,Blue,"(98, 46, 96)",60,VISIBLE,1.34,-0.68
240,83,car,0.325,557.82,227.91,641.41,295.96,599.62,261.93,83.59,68.05,5688.52,1.23,Horizontal Oblong,Blue,"(99, 61, 62)",83,VISIBLE,-0.35,2.15
240,87,car,0.803,497.94,338.48,837.57,508.22,667.75,423.35,339.63,169.74,57647.79,2.0,Horizontal Oblong,Blue,"(85, 98, 73)",87,VISIBLE,3.42,0.1
240,86,car,0.7561,729.63,414.57,1013.85,654.61,871.74,534.59,284.23,240.04,68226.69,1.18,Spherical / Regular,Blue,"(96, 71, 74)",86,VISIBLE,0.56,0.58
240,98,car,0.8392,852.45,616.51,1278.54,715.22,1065.5,665.87,426.09,98.71,42059.6,4.32,Horizontal Oblong,Blue,"(101, 56, 79)",98,VISIBLE,0.11,0.36
240,45,car,0.73,884.34,263.11,1027.35,364.67,955.84,313.89,143.01,101.57,14525.04,1.41,Horizontal Oblong,Orange,"(15, 67, 80)",89,VISIBLE,0.09,-0.26
240,95,car,0.7646,1020.59,254.03,1134.17,313.54,1077.38,283.78,113.58,59.51,6758.99,1.91,Horizontal Oblong,Blue,"(102, 52, 91)",95,VISIBLE,-0.38,0.32
240,92,car,0.7658,188.65,631.81,625.39,714.38,407.02,673.1,436.75,82.57,36062.93,5.29,Horizontal Oblong,Blue,"(100, 43, 71)",92,VISIBLE,0.02,0.24
240,85,car,0.7314,1040.03,348.89,1280.0,544.5,1160.01,446.69,239.97,195.61,46940.76,1.23,Horizontal Oblong,Yellow,"(26, 75, 51)",85,VISIBLE,0.08,-0.06
240,93,car,0.7516,956.38,308.19,1128.25,432.13,1042.31,370.16,171.87,123.94,21301.36,1.39,Horizontal Oblong,Orange,"(16, 75, 132)",93,VISIBLE,0.19,0.16
240,94,car,0.6225,1097.6,274.56,1278.13,354.55,1187.87,314.55,180.54,80.0,14442.07,2.26,Horizontal Oblong,Blue,"(104, 64, 49)",94,VISIBLE,-0.1,0.11
240,102,car,0.6602,643.67,252.69,827.2,337.15,735.43,294.92,183.53,84.46,15500.76,2.17,Horizontal Oblong,Blue,"(103, 63, 76)",102,VISIBLE,2.41,0.18
240,100,car,0.4567,1028.78,191.32,1080.06,224.94,1054.42,208.13,51.29,33.63,1724.65,1.53,Horizontal Oblong,Blue,"(100, 55, 96)",100,VISIBLE,-0.92,0.19
240,91,car,0.1891,737.83,282.98,873.34,386.07,805.59,334.53,135.51,103.09,13970.8,1.31,Horizontal Oblong,Blue,"(96, 64, 104)",91,VISIBLE,1.31,-0.52
240,90,car,0.4346,823.0,230.6,906.66,284.8,864.83,257.7,83.66,54.2,4534.57,1.54,Horizontal Oblong,Orange,"(15, 57, 88)",90,VISIBLE,-0.27,-0.48
240,88,car,0.3147,767.0,200.42,856.54,273.18,811.77,236.8,89.54,72.75,6514.32,1.23,Horizontal Oblong,Orange,"(15, 67, 81)",88,VISIBLE,-0.41,-0.62
240,99,car,0.1687,689.18,227.21,767.93,237.35,728.56,232.28,78.74,10.13,797.84,7.77,Horizontal Oblong,Blue,"(108, 65, 67)",99,VISIBLE,-0.21,-1.17
240,97,truck,0.2451,829.74,152.84,914.16,221.85,871.95,187.34,84.42,69.01,5825.66,1.22,Spherical / Regular,Orange,"(15, 97, 98)",97,VISIBLE,0.37,0.23
240,101,car,0.3076,997.83,233.38,1063.39,283.22,1030.61,258.3,65.56,49.85,3268.02,1.32,Horizontal Oblong,Blue,"(102, 61, 55)",101,VISIBLE,-0.23,0.58
240,96,car,0.1978,875.58,240.01,977.58,313.03,926.58,276.52,102.0,73.01,7447.48,1.4,Horizontal Oblong,Blue,"(100, 53, 77)",96,VISIBLE,2.45,-1.69
240,104,car,0.161,955.44,187.45,995.03,213.93,975.24,200.69,39.59,26.48,1048.26,1.5,Horizontal Oblong,Blue,"(106, 53, 69)",104,VISIBLE,-0.58,0.02
240,103,car,0.2253,765.64,199.66,823.91,258.54,794.77,229.1,58.28,58.88,3431.34,0.99,Spherical / Regular,Blue,"(110, 71, 73)",103,VISIBLE,0.03,0.26
240,80,car,0.191,881.04,199.55,939.99,239.01,910.52,219.28,58.95,39.45,2325.62,1.49,Horizontal Oblong,Orange,"(17, 65, 87)",106,VISIBLE,0.11,-0.05
240,43,car,0.1577,669.36,186.56,723.99,219.08,696.67,202.82,54.63,32.53,1777.24,1.68,Horizontal Oblong,Red,"(9, 64, 101)",107,VISIBLE,-0.03,-0.05
240,78,car,0.1831,912.96,215.73,998.69,261.67,955.82,238.7,85.73,45.94,3938.67,1.87,Horizontal Oblong,Green,"(39, 45, 106)",108,VISIBLE,-1.32,0.21
