frame,master_track_id,class_name,state,frames_visible,frames_occluded,confidence_decay,centroid_x,centroid_y,velocity_x,velocity_y,color,area
2,1,person,VISIBLE,1,0,0.9341,662.09,367.49,0.0,0.0,Blue,190930.56
3,1,motorcycle,VISIBLE,2,0,0.9305,652.43,416.31,-9.65,48.83,Blue,232520.05
4,1,motorcycle,VISIBLE,3,0,0.9328,645.2,445.05,-7.96,34.77,Green,259144.09
5,1,motorcycle,VISIBLE,4,0,0.9287,641.2,464.0,-5.19,23.69,Green,276465.53
6,1,motorcycle,VISIBLE,5,0,0.9278,637.83,473.51,-3.92,13.77,Green,287336.19
7,1,motorcycle,VISIBLE,6,0,0.9276,635.3,478.06,-2.95,7.31,Green,292689.57
8,1,person,VISIBLE,7,0,0.9274,640.77,415.33,2.95,-41.72,Green,239016.52
9,1,person,VISIBLE,8,0,0.9308,643.03,372.41,2.46,-42.56,Green,203399.18
10,1,person,VISIBLE,9,0,0.9269,644.37,344.38,1.68,-32.39,Blue,179946.59
11,1,person,VISIBLE,10,0,0.9381,644.28,327.49,0.44,-21.54,Green,166350.91
12,1,person,VISIBLE,11,0,0.9316,644.11,318.74,0.01,-12.58,Green,158787.46
13,1,person,VISIBLE,12,0,0.9382,643.22,315.68,-0.62,-5.92,Green,157582.73
14,1,person,VISIBLE,13,0,0.9416,641.92,316.72,-1.09,-1.05,Green,159131.7
15,1,person,VISIBLE,14,0,0.933,640.69,318.98,-1.19,1.27,Green,162032.95
16,1,person,VISIBLE,15,0,0.9302,640.07,321.83,-0.8,2.38,Green,165160.78
17,1,motorcycle,VISIBLE,16,0,0.9321,630.8,383.46,-6.73,43.85,Green,227012.82
18,1,motorcycle,VISIBLE,17,0,0.924,624.33,426.77,-6.55,43.47,Green,271140.45
19,1,motorcycle,VISIBLE,18,0,0.9275,619.75,455.12,-5.17,32.88,Green,300114.01
20,1,motorcycle,VISIBLE,19,0,0.9259,616.69,471.72,-3.69,21.49,Green,318094.79
21,1,motorcycle,VISIBLE,20,0,0.9237,614.55,481.53,-2.6,13.31,Green,326187.35
22,1,motorcycle,VISIBLE,21,0,0.9228,612.16,484.92,-2.45,6.37,Green,328280.18
22,2,person,VISIBLE,1,0,0.9283,644.01,331.07,0.0,0.0,Green,166803.48
23,1,motorcycle,VISIBLE,22,0,0.917,609.74,484.9,-2.43,1.9,Green,326265.65
23,2,person,VISIBLE,2,0,0.9188,643.29,331.22,-0.73,0.16,Green,166819.54
24,1,motorcycle,VISIBLE,23,0,0.9248,607.9,486.87,-2.02,1.95,Green,317441.15
24,2,person,VISIBLE,3,0,0.9244,645.46,331.67,1.3,0.36,Green,164592.76
25,1,motorcycle,VISIBLE,24,0,0.9209,609.38,485.83,0.43,-0.14,Green,314034.14
25,2,person,VISIBLE,4,0,0.9198,640.09,331.75,-3.37,0.16,Green,170114.65
26,1,motorcycle,VISIBLE,25,0,0.9175,610.86,483.03,1.17,-2.0,Green,312862.25
26,2,person,VISIBLE,5,0,0.9199,637.28,331.66,-2.98,-0.01,Green,173089.7
27,1,motorcycle,VISIBLE,26,0,0.9308,612.11,483.3,1.23,-0.41,Green,308260.07
27,2,person,VISIBLE,6,0,0.9256,635.62,331.8,-2.06,0.09,Green,175637.05
28,1,motorcycle,VISIBLE,27,0,0.9322,613.0,483.12,0.99,-0.25,Green,305029.41
28,2,person,VISIBLE,7,0,0.9252,636.01,331.46,-0.34,-0.21,Green,176117.11
29,1,motorcycle,VISIBLE,28,0,0.9376,613.21,482.71,0.45,-0.36,Green,302917.44
29,2,person,VISIBLE,8,0,0.9165,636.93,330.59,0.54,-0.67,Green,175810.74
30,1,motorcycle,VISIBLE,29,0,0.9381,613.29,482.16,0.19,-0.49,Blue,302362.34
30,2,person,VISIBLE,9,0,0.9118,637.67,330.82,0.68,-0.04,Green,176100.43
31,1,motorcycle,VISIBLE,30,0,0.9392,613.96,481.55,0.53,-0.58,Green,303290.18
31,2,person,VISIBLE,10,0,0.9221,639.12,330.74,1.22,-0.07,Green,175648.06
32,1,motorcycle,VISIBLE,31,0,0.9389,614.61,480.86,0.61,-0.66,Green,304706.36
32,2,person,VISIBLE,11,0,0.9172,639.41,330.88,0.57,0.08,Green,176497.62
33,1,motorcycle,VISIBLE,32,0,0.9425,615.29,480.55,0.66,-0.41,Green,307351.68
33,2,person,VISIBLE,12,0,0.9136,640.6,330.79,1.0,-0.04,Green,175941.34
34,1,motorcycle,VISIBLE,33,0,0.9445,616.39,479.62,0.97,-0.77,Green,310427.77
34,2,person,VISIBLE,13,0,0.9053,641.96,331.38,1.25,0.4,Green,175434.88
35,1,motorcycle,VISIBLE,34,0,0.9447,617.13,479.76,0.81,-0.13,Green,312248.17
35,2,person,VISIBLE,14,0,0.9187,643.0,332.39,1.1,0.83,Green,174626.97
36,1,motorcycle,VISIBLE,35,0,0.9429,617.37,480.12,0.41,0.21,Green,313864.06
36,2,person,VISIBLE,15,0,0.9177,643.99,332.46,1.02,0.29,Green,174495.35
37,1,motorcycle,VISIBLE,36,0,0.9393,617.81,480.12,0.43,0.06,Green,315502.83
37,2,person,VISIBLE,16,0,0.8987,644.69,332.61,0.8,0.19,Green,174567.16
38,1,motorcycle,VISIBLE,37,0,0.9415,618.32,480.12,0.49,0.02,Green,317218.79
38,2,person,VISIBLE,17,0,0.9109,645.2,333.31,0.6,0.55,Blue,174178.3
39,1,motorcycle,VISIBLE,38,0,0.9419,618.83,479.72,0.51,-0.27,Green,319160.05
39,2,person,VISIBLE,18,0,0.9183,645.87,333.52,0.64,0.31,Blue,174204.3
40,1,motorcycle,VISIBLE,39,0,0.9413,619.63,479.14,0.72,-0.49,Green,321248.96
40,2,person,VISIBLE,19,0,0.9243,646.15,333.49,0.39,0.07,Blue,174795.75
41,1,motorcycle,VISIBLE,40,0,0.9402,620.56,478.2,0.86,-0.8,Green,323625.6
41,2,person,VISIBLE,20,0,0.9243,645.92,333.06,-0.04,-0.28,Blue,176266.53
42,1,motorcycle,VISIBLE,41,0,0.9393,621.61,477.65,0.99,-0.62,Green,325332.23
42,2,person,VISIBLE,21,0,0.925,645.82,332.53,-0.08,-0.45,Blue,177745.09
43,1,motorcycle,VISIBLE,42,0,0.9388,622.82,476.81,1.14,-0.78,Green,327330.69
43,2,person,VISIBLE,22,0,0.9294,646.53,332.07,0.47,-0.46,Blue,178226.35
44,1,motorcycle,VISIBLE,43,0,0.9364,624.12,475.99,1.26,-0.81,Green,328156.98
44,2,person,VISIBLE,23,0,0.9238,648.43,331.46,1.47,-0.57,Blue,177623.68
45,1,motorcycle,VISIBLE,44,0,0.9394,625.47,474.93,1.32,-0.98,Green,329428.86
45,2,person,VISIBLE,24,0,0.9215,651.4,331.14,2.52,-0.39,Blue,175868.41
46,1,motorcycle,VISIBLE,45,0,0.9341,626.97,474.28,1.45,-0.75,Green,330667.61
46,2,person,VISIBLE,25,0,0.9194,654.8,331.25,3.13,-0.04,Blue,173966.69
47,1,motorcycle,VISIBLE,46,0,0.9359,628.48,474.15,1.49,-0.32,Green,331449.6
47,2,person,VISIBLE,26,0,0.9149,657.2,331.81,2.62,0.37,Blue,172901.09
48,1,motorcycle,VISIBLE,47,0,0.9375,629.14,474.66,0.91,0.26,Green,330826.47
48,2,person,VISIBLE,27,0,0.9224,660.23,332.7,2.91,0.74,Blue,171107.69
49,1,motorcycle,VISIBLE,48,0,0.9397,630.17,474.59,1.0,0.03,Green,331267.34
49,2,person,VISIBLE,28,0,0.9263,662.86,333.59,2.71,0.85,Green,170615.93
50,1,motorcycle,VISIBLE,49,0,0.9309,631.39,473.13,1.15,-1.01,Green,333541.83
50,2,person,VISIBLE,29,0,0.929,664.95,334.52,2.28,0.91,Green,170616.72
51,1,motorcycle,VISIBLE,50,0,0.9303,633.37,471.14,1.73,-1.69,Green,336940.64
51,2,person,VISIBLE,30,0,0.9219,666.64,334.79,1.87,0.46,Green,170778.05
52,1,motorcycle,VISIBLE,51,0,0.934,635.72,470.52,2.17,-0.95,Green,338388.91
52,2,person,VISIBLE,31,0,0.9185,668.36,334.35,1.76,-0.17,Green,170736.36
53,1,motorcycle,VISIBLE,52,0,0.9268,638.2,466.56,2.38,-3.06,Green,344003.45
53,2,person,VISIBLE,32,0,0.9244,669.98,333.01,1.66,-0.99,Green,170288.52
54,1,motorcycle,VISIBLE,53,0,0.9256,640.32,461.92,2.2,-4.17,Green,349749.5
54,2,person,VISIBLE,33,0,0.9207,671.49,331.91,1.56,-1.07,Green,170812.52
55,1,motorcycle,VISIBLE,54,0,0.9214,641.83,458.66,1.71,-3.53,Green,353426.84
55,2,person,VISIBLE,34,0,0.9187,672.52,330.77,1.19,-1.12,Green,171825.25
56,1,motorcycle,VISIBLE,55,0,0.9265,642.52,456.09,1.0,-2.86,Green,356362.22
56,2,person,VISIBLE,35,0,0.9151,675.68,330.75,2.57,-0.35,Green,170122.1
57,1,motorcycle,VISIBLE,56,0,0.9329,643.13,453.87,0.73,-2.41,Green,359702.86
57,2,person,VISIBLE,36,0,0.9229,674.91,329.73,0.23,-0.82,Green,171966.05
58,1,motorcycle,VISIBLE,57,0,0.9463,643.56,453.08,0.51,-1.28,Green,361979.66
58,2,person,VISIBLE,37,0,0.9259,673.98,328.79,-0.58,-0.9,Green,173583.82
59,1,motorcycle,VISIBLE,58,0,0.9388,643.9,452.04,0.4,-1.11,Green,363272.69
59,2,person,VISIBLE,38,0,0.9186,672.9,327.65,-0.93,-1.07,Green,174974.68
60,1,motorcycle,VISIBLE,59,0,0.9324,643.62,451.7,-0.08,-0.57,Green,363899.85
60,2,person,VISIBLE,39,0,0.881,677.17,327.62,2.71,-0.34,Green,170148.39
61,1,motorcycle,VISIBLE,60,0,0.9172,642.88,452.55,-0.54,0.43,Green,362839.39
61,2,person,VISIBLE,40,0,0.7098,669.8,328.05,-4.35,0.19,Green,177838.28
62,1,motorcycle,VISIBLE,61,0,0.9432,641.9,464.29,-0.85,8.34,Green,346133.8
62,2,person,VISIBLE,41,0,0.9115,664.41,329.2,-5.08,0.87,Green,183263.68
63,1,motorcycle,VISIBLE,62,0,0.9422,641.3,472.7,-0.68,8.39,Green,334631.12
63,2,person,VISIBLE,42,0,0.9199,659.74,331.32,-4.8,1.74,Green,187221.24
63,3,car,VISIBLE,1,0,0.6008,19.46,360.3,0.0,0.0,Blue,1777.7
64,1,motorcycle,VISIBLE,63,0,0.9417,640.63,478.37,-0.67,6.49,Green,327306.56
64,2,person,VISIBLE,43,0,0.9204,657.0,336.22,-3.35,3.95,Green,186967.92
64,3,car,VISIBLE,2,0,0.6591,26.03,361.0,6.57,0.7,Blue,2399.26
65,1,motorcycle,VISIBLE,64,0,0.9407,640.11,481.69,-0.57,4.27,Green,323136.71
65,2,person,VISIBLE,44,0,0.9181,654.85,337.71,-2.51,2.23,Green,185495.25
65,3,car,VISIBLE,3,0,0.761,35.03,361.59,8.27,0.62,Green,3151.76
66,1,motorcycle,VISIBLE,65,0,0.9394,640.05,483.0,-0.22,2.2,Green,321715.7
66,2,person,VISIBLE,45,0,0.9042,653.8,336.88,-1.49,0.08,Green,184485.97
66,3,car,VISIBLE,4,0,0.7966,50.2,361.98,13.09,0.46,Green,3670.55
67,1,motorcycle,VISIBLE,66,0,0.9387,640.46,482.62,0.23,0.39,Green,322268.92
67,2,person,VISIBLE,46,0,0.9191,654.1,337.79,-0.24,0.67,Green,185248.19
67,3,car,VISIBLE,5,0,0.7949,68.14,361.75,16.49,-0.02,Green,3880.91
68,1,motorcycle,VISIBLE,67,0,0.9372,640.56,481.17,0.13,-0.89,Green,323942.49
68,2,person,VISIBLE,47,0,0.9257,654.35,341.75,0.1,2.97,Green,186719.86
68,3,car,VISIBLE,6,0,0.7778,87.37,361.28,18.41,-0.33,Green,3950.19
69,1,motorcycle,VISIBLE,68,0,0.9336,640.12,479.66,-0.26,-1.33,Green,325748.44
69,2,person,VISIBLE,48,0,0.9192,654.77,344.57,0.33,2.86,Green,186576.35
69,3,car,VISIBLE,7,0,0.7949,107.32,360.56,19.49,-0.6,Green,3919.22
70,1,motorcycle,VISIBLE,69,0,0.9335,639.37,478.21,-0.61,-1.41,Green,327823.86
70,2,person,VISIBLE,49,0,0.9155,654.63,344.14,-0.0,0.56,Blue,184936.76
70,3,car,VISIBLE,8,0,0.7883,126.94,360.01,19.57,-0.57,Green,3824.58
71,1,motorcycle,VISIBLE,70,0,0.9324,638.36,476.7,-0.89,-1.48,Green,329991.06
71,2,person,VISIBLE,50,0,0.9144,655.33,343.4,0.49,-0.35,Green,182184.58
71,3,car,VISIBLE,9,0,0.7875,146.5,359.73,19.57,-0.37,Green,3701.95
71,4,car,VISIBLE,1,0,0.2649,282.3,373.51,0.0,0.0,Green,5324.42
72,1,motorcycle,VISIBLE,71,0,0.9347,637.31,475.2,-1.01,-1.5,Green,332190.54
72,2,person,VISIBLE,51,0,0.923,654.22,341.63,-0.63,-1.34,Green,181211.01
72,3,car,VISIBLE,10,0,0.8039,165.69,359.61,19.3,-0.2,Green,3576.88
72,4,car,VISIBLE,2,0,0.2649,289.99,373.4,7.69,-0.11,Green,5315.95
73,1,motorcycle,VISIBLE,72,0,0.9318,636.21,473.44,-1.07,-1.67,Green,334504.94
73,2,person,VISIBLE,52,0,0.9166,654.62,339.47,0.1,-1.91,Green,179300.69
73,3,car,VISIBLE,11,0,0.7846,185.04,359.41,19.34,-0.19,Green,3466.69
73,4,car,VISIBLE,3,0,0.2649,297.68,373.29,7.69,-0.11,Green,5307.47
74,1,motorcycle,VISIBLE,73,0,0.934,635.7,471.94,-0.67,-1.56,Green,336890.87
74,2,person,VISIBLE,53,0,0.9175,654.11,337.05,-0.33,-2.27,Green,179152.09
74,3,car,VISIBLE,12,0,0.7868,204.94,359.35,19.73,-0.1,Green,3382.83
74,4,can,VISIBLE,4,0,0.2297,324.67,373.27,21.2,-0.05,Green,3930.1
75,1,motorcycle,VISIBLE,74,0,0.9362,635.72,470.89,-0.19,-1.2,Green,338773.85
75,2,person,VISIBLE,54,0,0.9215,652.93,334.81,-0.92,-2.25,Green,180410.24
75,3,car,VISIBLE,13,0,0.8063,224.75,359.15,19.79,-0.17,Green,3296.12
75,4,can,VISIBLE,5,0,0.2297,339.13,373.19,16.49,-0.07,Green,3451.56
76,1,motorcycle,VISIBLE,75,0,0.9363,636.39,470.26,0.41,-0.8,Green,340492.28
76,2,person,VISIBLE,55,0,0.9239,652.12,333.26,-0.84,-1.76,Blue,181956.03
76,3,car,VISIBLE,14,0,0.8023,244.5,359.24,19.76,0.01,Green,3220.35
76,4,can,OCCLUDED,5,1,0.989,355.62,373.13,16.49,-0.07,Green,3451.56
77,1,motorcycle,VISIBLE,76,0,0.9371,637.23,470.26,0.71,-0.24,Green,340792.63
77,2,person,VISIBLE,56,0,0.9224,652.17,332.43,-0.21,-1.11,Blue,182704.85
77,3,car,VISIBLE,15,0,0.8005,264.43,359.73,19.88,0.35,Green,3133.03
77,4,can,OCCLUDED,5,2,0.978,372.11,373.06,16.49,-0.07,Green,3451.56
78,1,motorcycle,VISIBLE,77,0,0.9374,638.57,470.53,1.14,0.12,Green,341338.5
78,2,person,VISIBLE,57,0,0.9276,651.34,332.14,-0.65,-0.53,Blue,184162.44
78,3,car,VISIBLE,16,0,0.7548,284.31,360.19,19.88,0.43,Green,3066.51
78,4,can,OCCLUDED,5,3,0.967,388.6,373.0,16.49,-0.07,Green,3451.56
79,1,motorcycle,VISIBLE,78,0,0.9378,639.66,470.9,1.11,0.3,Green,341421.87
79,2,person,VISIBLE,58,0,0.9234,651.84,332.08,0.16,-0.21,Blue,184082.98
79,3,car,VISIBLE,17,0,0.7661,303.8,360.56,19.6,0.38,Green,3007.66
79,4,can,OCCLUDED,5,4,0.956,405.09,372.93,16.49,-0.07,Green,3451.56
79,5,car,VISIBLE,1,0,0.3809,49.07,345.69,0.0,0.0,Green,3296.99
80,1,motorcycle,VISIBLE,79,0,0.9378,640.25,471.19,0.74,0.29,Green,341083.91
80,2,person,VISIBLE,59,0,0.9204,653.81,332.3,1.43,0.09,Blue,182589.42
80,3,car,VISIBLE,18,0,0.7632,322.99,360.73,19.32,0.23,Green,2954.46
80,4,can,OCCLUDED,5,5,0.944,421.57,372.86,16.49,-0.07,Green,3451.56
80,5,car,VISIBLE,2,0,0.3486,56.22,346.02,7.15,0.34,Green,3791.37
81,1,motorcycle,VISIBLE,80,0,0.9404,640.56,471.56,0.44,0.34,Green,340361.81
81,2,person,VISIBLE,60,0,0.9203,657.83,332.53,3.24,0.19,Blue,178879.7
81,3,car,VISIBLE,19,0,0.7483,340.46,360.57,18.02,-0.04,Green,2730.24
81,4,can,OCCLUDED,5,6,0.933,438.06,372.8,16.49,-0.07,Green,3451.56
81,5,car,VISIBLE,3,0,0.2128,69.55,346.1,11.47,0.15,Green,4057.17
82,1,motorcycle,VISIBLE,81,0,0.9374,641.47,471.64,0.77,0.16,Green,339983.94
82,2,person,VISIBLE,61,0,0.9235,656.18,332.99,-0.18,0.37,Blue,181456.93
82,3,car,VISIBLE,20,0,0.5708,355.28,360.69,15.78,0.07,Green,2300.53
82,4,can,OCCLUDED,5,7,0.922,454.55,372.73,16.49,-0.07,Green,3451.56
82,5,car,VISIBLE,4,0,0.1954,92.78,345.99,19.71,-0.03,Green,3945.79
83,1,motorcycle,VISIBLE,82,0,0.935,642.82,471.36,1.18,-0.15,Green,340370.6
83,2,person,VISIBLE,62,0,0.9196,656.46,333.31,0.14,0.34,Blue,182583.29
83,3,car,VISIBLE,21,0,0.5708,373.11,360.81,17.21,0.1,Green,2114.06
83,4,can,OCCLUDED,5,8,0.911,471.04,372.66,16.49,-0.07,Green,3451.56
83,5,car,VISIBLE,5,0,0.2103,117.25,346.22,23.04,0.15,Green,3851.76
84,1,motorcycle,VISIBLE,83,0,0.9391,644.43,471.47,1.48,0.03,Green,339848.32
84,2,person,VISIBLE,63,0,0.9268,655.86,333.48,-0.38,0.22,Blue,185063.46
84,3,car,VISIBLE,22,0,0.5708,390.93,360.91,17.64,0.11,Blue,1929.09
84,4,can,OCCLUDED,5,9,0.9,487.53,372.6,16.49,-0.07,Green,3451.56
84,5,car,VISIBLE,6,0,0.2549,142.39,346.26,24.51,0.07,Green,3703.35
85,1,motorcycle,VISIBLE,84,0,0.9411,646.26,471.5,1.72,0.03,Green,339186.6
85,2,person,VISIBLE,64,0,0.932,655.03,333.17,-0.69,-0.15,Blue,187778.84
85,3,car,VISIBLE,23,0,0.5708,408.75,361.02,17.77,0.11,Blue,1745.63
85,4,can,OCCLUDED,5,10,0.889,504.01,372.53,16.49,-0.07,Green,3451.56
85,5,car,VISIBLE,7,0,0.2154,168.28,346.24,25.48,0.01,Green,3574.05
86,1,motorcycle,VISIBLE,85,0,0.9405,648.32,470.79,1.97,-0.48,Green,339368.91
86,2,person,VISIBLE,65,0,0.9248,655.58,332.57,0.17,-0.47,Blue,189111.98
86,3,car,VISIBLE,24,0,0.5708,426.56,361.14,17.8,0.11,Blue,1563.68
86,4,can,OCCLUDED,5,11,0.878,520.5,372.46,16.49,-0.07,Green,3451.56
86,5,car,VISIBLE,8,0,0.2619,192.7,346.01,24.74,-0.16,Green,3560.25
87,1,motorcycle,VISIBLE,86,0,0.9392,650.29,469.66,1.96,-0.94,Green,340326.25
87,2,person,VISIBLE,66,0,0.9265,656.25,331.8,0.53,-0.68,Blue,190064.57
87,3,car,VISIBLE,25,0,0.5708,444.38,361.25,17.81,0.11,Blue,1383.23
87,4,can,OCCLUDED,5,12,0.867,536.99,372.4,16.49,-0.07,Green,3451.56
87,5,car,VISIBLE,9,0,0.1963,216.34,346.11,23.97,0.02,Green,3501.73
88,1,motorcycle,VISIBLE,87,0,0.9381,652.11,468.71,1.87,-0.95,Green,341088.38
88,2,person,VISIBLE,67,0,0.9217,659.26,330.96,2.27,-0.79,Blue,188586.16
88,3,car,OCCLUDED,25,1,0.989,462.19,361.36,17.81,0.11,Blue,1383.23
88,4,can,OCCLUDED,5,13,0.856,553.48,372.33,16.49,-0.07,Green,3451.56
88,5,car,VISIBLE,10,0,0.2104,241.14,345.89,24.55,-0.15,Green,3421.67
89,1,motorcycle,VISIBLE,88,0,0.938,654.45,468.03,2.2,-0.76,Green,341904.66
89,2,person,VISIBLE,68,0,0.9257,659.98,329.94,1.18,-0.95,Blue,188724.05
89,3,car,OCCLUDED,25,2,0.978,480.0,361.47,17.81,0.11,Blue,1383.23
89,4,can,OCCLUDED,5,14,0.844,569.97,372.26,16.49,-0.07,Green,3451.56
89,5,car,VISIBLE,11,0,0.2104,263.97,345.84,23.35,-0.08,Green,3365.49
90,1,motorcycle,VISIBLE,89,0,0.938,657.12,467.55,2.53,-0.56,Green,342985.32
90,2,person,VISIBLE,69,0,0.9284,660.0,329.23,0.37,-0.79,Blue,189320.53
90,3,car,OCCLUDED,25,3,0.967,497.81,361.58,17.81,0.11,Blue,1383.23
90,4,can,OCCLUDED,5,15,0.833,586.45,372.2,16.49,-0.07,Green,3451.56
90,5,car,VISIBLE,12,0,0.2104,286.79,345.78,22.98,-0.06,Green,3308.49
91,1,motorcycle,VISIBLE,90,0,0.9359,659.67,467.28,2.55,-0.35,Green,343655.9
91,2,person,VISIBLE,70,0,0.9272,661.3,328.7,1.02,-0.6,Blue,188840.28
91,3,car,OCCLUDED,25,4,0.956,515.63,361.69,17.81,0.11,Blue,1383.23
91,4,can,OCCLUDED,5,16,0.822,602.94,372.13,16.49,-0.07,Green,3451.56
91,5,car,VISIBLE,13,0,0.1936,309.25,346.04,22.62,0.16,Green,3225.78
92,1,motorcycle,VISIBLE,91,0,0.9355,661.91,467.09,2.33,-0.24,Green,344086.49
92,2,person,VISIBLE,71,0,0.9282,662.69,328.33,1.28,-0.44,Blue,187606.27
92,3,car,OCCLUDED,25,5,0.944,533.44,361.8,17.81,0.11,Blue,1383.23
92,4,can,OCCLUDED,5,17,0.811,619.43,372.06,16.49,-0.07,Green,3451.56
92,5,car,VISIBLE,14,0,0.1936,331.98,346.07,22.69,0.07,Green,3162.22
93,1,motorcycle,VISIBLE,92,0,0.9325,663.51,467.09,1.82,-0.07,Green,344150.17
93,2,person,VISIBLE,72,0,0.9253,664.41,328.37,1.59,-0.1,Blue,186053.49
93,3,car,OCCLUDED,25,6,0.933,551.25,361.92,17.81,0.11,Blue,1383.23
93,4,can,OCCLUDED,5,18,0.8,635.92,372.0,16.49,-0.07,Green,3451.56
93,5,car,VISIBLE,15,0,0.1785,347.79,346.32,17.87,0.19,Blue,2719.58
94,1,motorcycle,VISIBLE,93,0,0.9314,664.46,467.36,1.21,0.17,Green,343874.78
94,2,person,VISIBLE,73,0,0.9296,668.11,328.87,3.06,0.32,Blue,181367.29
94,3,car,OCCLUDED,25,7,0.922,569.06,362.03,17.81,0.11,Blue,1383.23
94,4,can,OCCLUDED,5,19,0.789,652.41,371.93,16.49,-0.07,Green,3451.56
94,5,car,VISIBLE,16,0,0.2048,362.0,346.88,15.31,0.45,Blue,2219.14
95,1,motorcycle,VISIBLE,94,0,0.9313,664.66,467.77,0.5,0.34,Green,343605.61
95,2,person,VISIBLE,74,0,0.9338,670.17,330.11,2.36,0.96,Blue,178168.98
95,3,car,VISIBLE,26,0,0.2112,127.83,352.04,-22.36,-0.77,Green,2347.68
95,4,can,OCCLUDED,5,20,0.778,668.89,371.86,16.49,-0.07,Green,3451.56
95,5,car,VISIBLE,17,0,0.2048,381.11,347.09,17.97,0.29,Blue,1978.01
96,1,motorcycle,VISIBLE,95,0,0.9328,663.67,467.74,-0.54,0.08,Green,342514.7
96,2,person,VISIBLE,75,0,0.9385,670.7,331.67,1.07,1.38,Blue,175983.32
96,3,car,VISIBLE,27,0,0.155,135.93,351.19,-1.04,-0.83,Green,1675.65
96,4,can,OCCLUDED,5,21,0.767,685.38,371.8,16.49,-0.07,Green,3451.56
96,5,car,VISIBLE,18,0,0.2048,400.24,347.31,18.78,0.24,Blue,1741.74
97,1,motorcycle,VISIBLE,96,0,0.9333,662.12,467.43,-1.25,-0.2,Green,341669.18
97,2,person,VISIBLE,76,0,0.9395,670.02,332.75,-0.15,1.17,Blue,174238.17
97,3,car,VISIBLE,28,0,0.155,139.2,351.05,1.98,-0.35,Green,1510.78
97,4,can,OCCLUDED,5,22,0.756,701.87,371.73,16.49,-0.07,Green,3451.56
97,5,car,VISIBLE,19,0,0.2048,419.36,347.51,19.02,0.21,Blue,1510.35
98,1,motorcycle,VISIBLE,97,0,0.9306,660.45,466.99,-1.55,-0.36,Green,340592.95
98,2,person,VISIBLE,77,0,0.9357,667.52,333.4,-1.79,0.81,Blue,173629.86
98,3,car,VISIBLE,29,0,0.155,142.47,350.9,2.89,-0.21,Green,1352.64
98,4,can,OCCLUDED,5,23,0.744,718.36,371.66,16.49,-0.07,Green,3451.56
98,5,car,VISIBLE,20,0,0.2048,438.48,347.73,19.09,0.21,Blue,1283.81
98,7,car,VISIBLE,1,0,0.2238,180.25,350.17,0.0,0.0,Green,1436.34
99,1,motorcycle,VISIBLE,98,0,0.9284,658.89,466.6,-1.55,-0.38,Green,338812.71
99,2,person,VISIBLE,78,0,0.9289,664.76,333.38,-2.47,0.22,Blue,172712.92
99,3,can,VISIBLE,30,0,0.1662,141.58,355.65,0.24,3.26,Green,1225.07
99,4,can,OCCLUDED,5,24,0.733,734.85,371.6,16.49,-0.07,Green,3451.56
99,5,car,VISIBLE,21,0,0.2048,457.6,347.94,19.11,0.21,Blue,1062.15
99,7,car,VISIBLE,2,0,0.2166,193.21,350.21,12.95,0.05,Green,1320.28
100,1,motorcycle,VISIBLE,99,0,0.9311,657.75,466.25,-1.27,-0.36,Green,336447.17
100,2,person,VISIBLE,79,0,0.9384,662.81,333.04,-2.11,-0.17,Blue,171177.05
100,3,can,VISIBLE,31,0,0.1662,143.39,357.23,1.34,2.08,Green,1024.26
100,4,can,OCCLUDED,5,25,0.722,751.33,371.53,16.49,-0.07,Green,3451.56
100,5,car,OCCLUDED,21,1,0.989,476.71,348.15,19.11,0.21,Blue,1062.15
100,7,car,VISIBLE,3,0,0.2166,197.28,350.21,6.74,0.02,Green,1258.13
101,1,motorcycle,VISIBLE,100,0,0.9282,657.29,466.38,-0.7,-0.01,Green,334236.36
101,2,person,VISIBLE,80,0,0.9363,660.92,332.74,-1.95,-0.26,Blue,170130.51
101,3,can,VISIBLE,32,0,0.1662,145.19,358.81,1.67,1.73,Green,796.63
101,4,can,OCCLUDED,5,26,0.711,767.82,371.46,16.49,-0.07,Green,3451.56
101,5,car,VISIBLE,22,0,0.3481,242.11,351.63,-69.69,1.36,Green,1446.96
101,7,car,VISIBLE,4,0,0.2166,201.35,350.23,4.87,0.02,Green,1195.93
102,1,motorcycle,VISIBLE,101,0,0.9269,657.43,466.78,-0.11,0.27,Green,331481.32
102,2,person,VISIBLE,81,0,0.9356,658.69,332.91,-2.15,0.04,Blue,169396.47
102,3,can,OCCLUDED,32,1,0.989,146.86,360.53,1.67,1.73,Green,796.63
102,4,can,OCCLUDED,5,27,0.7,784.31,371.4,16.49,-0.07,Green,3451.56
102,5,car,VISIBLE,23,0,0.3844,257.23,352.27,-10.32,0.86,Yellow,1496.91
102,7,car,VISIBLE,5,0,0.2166,205.43,350.24,4.32,0.01,Green,1133.69
103,1,motorcycle,VISIBLE,102,0,0.9288,658.14,467.38,0.47,0.51,Green,327911.89
103,2,person,VISIBLE,82,0,0.9355,656.25,332.87,-2.36,-0.02,Blue,168751.98
103,3,can,OCCLUDED,32,2,0.978,148.53,362.26,1.67,1.73,Green,796.63
103,4,can,OCCLUDED,5,28,0.689,800.8,371.33,16.49,-0.07,Green,3451.56
103,5,car,VISIBLE,24,0,0.3844,262.66,352.54,0.71,0.45,Green,1520.53
103,7,car,OCCLUDED,5,1,0.989,209.75,350.24,4.32,0.01,Green,1133.69
104,1,motorcycle,VISIBLE,103,0,0.931,659.51,468.77,1.1,1.12,Green,323227.42
104,2,person,VISIBLE,83,0,0.9353,654.17,334.05,-2.16,0.82,Blue,168321.22
104,3,can,OCCLUDED,32,3,0.967,150.19,363.99,1.67,1.73,Green,796.63
104,4,can,OCCLUDED,5,29,0.678,817.29,371.26,16.49,-0.07,Green,3451.56
104,5,car,VISIBLE,25,0,0.3844,268.11,352.81,4.02,0.32,Green,1544.31
104,7,car,VISIBLE,6,0,0.3988,305.77,352.96,36.41,0.96,Yellow,1406.24
105,1,motorcycle,VISIBLE,104,0,0.9327,661.4,469.55,1.65,0.88,Blue,318796.29
105,2,person,VISIBLE,84,0,0.9357,652.85,335.03,-1.58,0.93,Blue,168245.56
105,3,can,OCCLUDED,32,4,0.956,151.86,365.72,1.67,1.73,Green,796.63
105,4,can,OCCLUDED,5,30,0.667,833.77,371.2,16.49,-0.07,Green,3451.56
105,5,car,VISIBLE,26,0,0.3844,273.54,353.07,5.01,0.28,Green,1568.26
105,7,car,VISIBLE,7,0,0.3988,307.21,353.02,11.93,0.33,Green,1409.13
106,1,motorcycle,VISIBLE,105,0,0.9305,663.75,469.83,2.14,0.46,Green,314795.92
106,2,person,VISIBLE,85,0,0.9367,652.76,336.12,-0.53,1.05,Blue,167685.15
106,3,can,OCCLUDED,32,5,0.944,153.52,367.44,1.67,1.73,Green,796.63
106,4,can,OCCLUDED,5,31,0.656,850.26,371.13,16.49,-0.07,Green,3451.56
106,5,car,OCCLUDED,26,1,0.989,278.55,353.36,5.01,0.28,Green,1568.26
106,7,car,VISIBLE,8,0,0.3988,308.64,353.09,4.58,0.15,Green,1412.02
106,10,car,VISIBLE,1,0,0.5744,1035.74,374.61,0.0,0.0,Green,3236.88
106,11,car,VISIBLE,1,0,0.2857,347.27,353.52,0.0,0.0,Yellow,1230.53
107,1,motorcycle,VISIBLE,106,0,0.9297,666.47,470.2,2.55,0.39,Green,310185.31
107,2,person,VISIBLE,86,0,0.9397,653.71,336.65,0.51,0.68,Blue,166101.16
107,3,can,OCCLUDED,32,6,0.933,155.19,369.17,1.67,1.73,Green,796.63
107,4,can,OCCLUDED,5,32,0.644,866.75,371.06,16.49,-0.07,Green,3451.56
107,5,car,OCCLUDED,26,2,0.978,283.56,353.64,5.01,0.28,Green,1568.26
107,7,car,OCCLUDED,8,1,0.989,313.22,353.24,4.58,0.15,Green,1412.02
107,10,car,VISIBLE,2,0,0.6075,1054.63,374.85,18.89,0.25,Green,3265.69
107,11,car,VISIBLE,2,0,0.2857,348.75,353.49,1.48,-0.04,Green,1236.77
108,1,motorcycle,VISIBLE,107,0,0.9271,669.1,470.43,2.6,0.28,Green,305531.53
108,2,person,VISIBLE,87,0,0.9373,653.85,337.1,0.25,0.52,Blue,164874.58
108,3,can,OCCLUDED,32,7,0.922,156.85,370.9,1.67,1.73,Green,796.63
108,4,can,OCCLUDED,5,33,0.633,883.24,371.0,16.49,-0.07,Green,3451.56
108,5,car,OCCLUDED,26,3,0.967,288.57,353.92,5.01,0.28,Green,1568.26
108,7,car,OCCLUDED,8,2,0.978,317.81,353.38,4.58,0.15,Green,1412.02
108,10,car,VISIBLE,3,0,0.6769,1078.31,375.08,22.24,0.23,Green,3300.33
108,11,car,VISIBLE,3,0,0.2857,350.23,353.45,1.48,-0.04,Green,1242.92
109,1,motorcycle,VISIBLE,108,0,0.9241,671.11,470.22,2.19,-0.06,Green,300706.01
109,2,person,VISIBLE,88,0,0.9372,655.21,337.41,1.03,0.37,Blue,163121.11
109,3,can,OCCLUDED,32,8,0.911,158.52,372.63,1.67,1.73,Green,796.63
109,4,can,OCCLUDED,5,34,0.622,899.73,370.93,16.49,-0.07,Green,3451.56
109,5,car,OCCLUDED,26,4,0.956,293.58,354.2,5.01,0.28,Green,1568.26
109,7,car,OCCLUDED,8,3,0.967,322.39,353.53,4.58,0.15,Green,1412.02
109,10,car,VISIBLE,4,0,0.7135,1106.76,375.53,26.59,0.39,Green,3398.99
109,11,car,OCCLUDED,3,1,0.989,351.71,353.41,1.48,-0.04,Green,1242.92
110,1,motorcycle,VISIBLE,109,0,0.9208,671.75,469.62,1.11,-0.44,Green,295392.28
110,2,person,VISIBLE,89,0,0.9387,655.5,337.49,0.51,0.17,Blue,160931.32
110,3,can,OCCLUDED,32,9,0.9,160.18,374.36,1.67,1.73,Green,796.63
110,4,can,OCCLUDED,5,35,0.611,916.21,370.86,16.49,-0.07,Green,3451.56
110,5,car,OCCLUDED,26,5,0.944,298.59,354.49,5.01,0.28,Green,1568.26
110,7,car,OCCLUDED,8,4,0.956,326.97,353.67,4.58,0.15,Green,1412.02
110,10,car,VISIBLE,5,0,0.6448,1135.65,376.01,28.2,0.45,Green,3489.1
110,11,car,OCCLUDED,3,2,0.978,353.19,353.38,1.48,-0.04,Green,1242.92
110,12,car,VISIBLE,1,0,0.3302,31.69,346.13,0.0,0.0,Green,3130.14
111,1,motorcycle,VISIBLE,110,0,0.9192,671.72,468.95,0.31,-0.6,Green,290535.47
111,2,person,VISIBLE,90,0,0.9429,655.48,337.69,0.14,0.19,Blue,158336.49
111,3,can,OCCLUDED,32,10,0.889,161.85,376.08,1.67,1.73,Green,796.63
111,4,can,OCCLUDED,5,36,0.6,932.7,370.8,16.49,-0.07,Green,3451.56
111,5,car,OCCLUDED,26,6,0.933,303.6,354.77,5.01,0.28,Green,1568.26
111,7,car,OCCLUDED,8,5,0.944,331.56,353.82,4.58,0.15,Green,1412.02
111,10,car,VISIBLE,6,0,0.7062,1163.72,376.61,28.1,0.56,Green,3581.53
111,11,car,OCCLUDED,3,3,0.967,354.67,353.34,1.48,-0.04,Green,1242.92
111,12,car,VISIBLE,2,0,0.4079,39.85,346.37,8.16,0.23,Green,3899.26
112,1,motorcycle,VISIBLE,111,0,0.9136,671.04,468.22,-0.38,-0.69,Green,285555.13
112,2,person,VISIBLE,91,0,0.9456,654.7,338.0,-0.5,0.28,Blue,156260.34
112,3,can,OCCLUDED,32,11,0.878,163.51,377.81,1.67,1.73,Green,796.63
112,4,can,OCCLUDED,5,37,0.589,949.19,370.73,16.49,-0.07,Green,3451.56
112,5,car,OCCLUDED,26,7,0.922,308.61,355.05,5.01,0.28,Green,1568.26
112,7,car,OCCLUDED,8,6,0.933,336.14,353.96,4.58,0.15,Green,1412.02
112,10,car,VISIBLE,7,0,0.7508,1190.1,376.98,26.9,0.43,Green,3665.88
112,11,car,OCCLUDED,3,4,0.956,356.14,353.3,1.48,-0.04,Green,1242.92
112,12,car,VISIBLE,3,0,0.4765,49.95,346.4,9.52,0.09,Green,4775.35
112,13,car,VISIBLE,1,0,0.67,997.56,368.25,0.0,0.0,Green,2529.64
113,1,motorcycle,VISIBLE,112,0,0.9132,669.91,467.49,-0.9,-0.73,Green,280188.11
113,2,person,VISIBLE,92,0,0.9379,651.64,338.18,-2.29,0.21,Blue,155725.11
113,3,can,OCCLUDED,32,12,0.867,165.18,379.54,1.67,1.73,Green,796.63
113,4,can,OCCLUDED,5,38,0.578,965.68,370.66,16.49,-0.07,Green,3451.56
113,5,car,OCCLUDED,26,8,0.911,313.63,355.33,5.01,0.28,Green,1568.26
113,7,car,OCCLUDED,8,7,0.922,340.72,354.11,4.58,0.15,Green,1412.02
113,10,car,VISIBLE,8,0,0.6761,1215.63,377.58,25.95,0.55,Green,3718.99
113,11,car,OCCLUDED,3,5,0.944,357.62,353.27,1.48,-0.04,Green,1242.92
113,12,car,VISIBLE,4,0,0.4742,61.58,346.41,11.0,0.04,Green,5797.95
113,13,car,VISIBLE,2,0,0.7038,1012.52,368.94,14.95,0.69,Green,2552.77
114,1,motorcycle,VISIBLE,113,0,0.9164,668.06,466.95,-1.57,-0.59,Green,274239.21
114,2,person,VISIBLE,93,0,0.9378,648.81,338.66,-2.67,0.4,Blue,154185.31
114,3,can,OCCLUDED,32,13,0.856,166.84,381.27,1.67,1.73,Green,796.63
114,4,can,OCCLUDED,5,39,0.567,982.17,370.6,16.49,-0.07,Green,3451.56
114,5,car,OCCLUDED,26,9,0.9,318.64,355.62,5.01,0.28,Green,1568.26
114,7,car,OCCLUDED,8,8,0.911,345.31,354.25,4.58,0.15,Green,1412.02
114,10,car,VISIBLE,9,0,0.6871,1239.91,378.23,24.77,0.62,Green,3742.53
114,11,car,OCCLUDED,3,6,0.933,359.1,353.23,1.48,-0.04,Green,1242.92
114,12,car,VISIBLE,5,0,0.4674,77.84,346.73,14.68,0.23,Green,6539.77
114,13,car,VISIBLE,3,0,0.7221,1031.44,369.82,17.74,0.82,Green,2616.82
115,1,motorcycle,VISIBLE,114,0,0.918,665.54,466.52,-2.23,-0.48,Green,268185.73
115,2,person,VISIBLE,94,0,0.9406,646.15,339.37,-2.66,0.61,Blue,152756.66
115,3,can,OCCLUDED,32,14,0.844,168.51,383.0,1.67,1.73,Green,796.63
115,4,can,OCCLUDED,5,40,0.556,998.65,370.53,16.49,-0.07,Green,3451.56
115,5,car,OCCLUDED,26,10,0.889,323.65,355.9,5.01,0.28,Green,1568.26
115,7,car,OCCLUDED,8,9,0.9,349.89,354.4,4.58,0.15,Green,1412.02
115,10,car,VISIBLE,10,0,0.7355,1258.71,379.19,20.6,0.85,Green,3217.44
115,11,car,OCCLUDED,3,7,0.922,360.58,353.19,1.48,-0.04,Green,1242.92
115,12,car,VISIBLE,6,0,0.5882,97.27,347.48,18.01,0.6,Green,6967.92
115,13,car,VISIBLE,4,0,0.6732,1053.38,370.77,20.68,0.91,Green,2639.05
116,1,motorcycle,VISIBLE,115,0,0.916,662.65,466.37,-2.69,-0.25,Green,262455.02
116,2,person,VISIBLE,95,0,0.9415,642.41,340.25,-3.42,0.8,Blue,150826.63
116,3,can,OCCLUDED,32,15,0.833,170.17,384.72,1.67,1.73,Green,796.63
116,4,can,OCCLUDED,5,41,0.544,1015.14,370.46,16.49,-0.07,Green,3451.56
116,5,car,OCCLUDED,26,11,0.878,328.66,356.18,5.01,0.28,Green,1568.26
116,7,car,OCCLUDED,8,10,0.889,354.47,354.54,4.58,0.15,Green,1412.02
116,10,car,VISIBLE,11,0,0.6197,1273.26,379.77,16.36,0.67,Green,2450.93
116,11,car,OCCLUDED,3,8,0.911,362.06,353.16,1.48,-0.04,Green,1242.92
116,12,car,VISIBLE,7,0,0.552,118.81,347.57,20.48,0.24,Green,6790.18
116,13,car,VISIBLE,5,0,0.6586,1075.99,371.49,22.03,0.78,Green,2676.41
117,1,motorcycle,VISIBLE,116,0,0.9127,659.24,466.12,-3.2,-0.25,Green,256768.48
117,2,person,VISIBLE,96,0,0.9476,636.79,341.25,-4.96,0.95,Blue,150341.42
117,3,can,OCCLUDED,32,16,0.822,171.84,386.45,1.67,1.73,Green,796.63
117,4,can,OCCLUDED,5,42,0.533,1031.63,370.4,16.49,-0.07,Green,3451.56
117,5,car,OCCLUDED,26,12,0.867,333.67,356.46,5.01,0.28,Green,1568.26
117,7,car,OCCLUDED,8,11,0.878,359.05,354.69,4.58,0.15,Green,1412.02
117,10,car,VISIBLE,12,0,0.6197,1293.99,380.38,19.42,0.63,Green,2174.75
117,11,car,OCCLUDED,3,9,0.9,363.54,353.12,1.48,-0.04,Green,1242.92
117,12,car,VISIBLE,8,0,0.3987,143.69,347.66,23.55,0.14,Green,6287.93
117,13,car,VISIBLE,6,0,0.7565,1098.12,372.12,22.1,0.67,Green,2716.95
118,1,motorcycle,VISIBLE,117,0,0.9156,655.66,465.25,-3.46,-0.68,Green,251635.43
118,2,person,VISIBLE,97,0,0.9456,632.16,341.82,-4.73,0.68,Blue,149336.98
118,3,can,OCCLUDED,32,17,0.811,173.5,388.18,1.67,1.73,Green,796.63
118,4,can,OCCLUDED,5,43,0.522,1048.12,370.33,16.49,-0.07,Green,3451.56
118,5,car,OCCLUDED,26,13,0.856,338.68,356.74,5.01,0.28,Green,1568.26
118,7,car,OCCLUDED,8,12,0.867,363.64,354.83,4.58,0.15,Green,1412.02
118,10,car,VISIBLE,13,0,0.6197,1314.71,381.0,20.33,0.62,Neutral,1897.65
118,11,car,OCCLUDED,3,10,0.889,365.02,353.09,1.48,-0.04,Green,1242.92
118,12,car,VISIBLE,9,0,0.24,170.95,348.33,26.15,0.51,Green,5554.38
118,13,car,VISIBLE,7,0,0.694,1119.78,372.41,21.79,0.41,Green,2734.96
119,1,motorcycle,VISIBLE,118,0,0.9189,652.07,464.22,-3.55,-0.93,Green,246727.86
119,2,person,VISIBLE,98,0,0.9474,627.98,342.56,-4.35,0.72,Blue,146779.14
119,3,can,OCCLUDED,32,18,0.8,175.17,389.91,1.67,1.73,Green,796.63
119,4,can,OCCLUDED,5,44,0.511,1064.6,370.26,16.49,-0.07,Green,3451.56
119,5,car,OCCLUDED,26,14,0.844,343.69,357.03,5.01,0.28,Green,1568.26
119,7,car,OCCLUDED,8,13,0.856,368.22,354.98,4.58,0.15,Green,1412.02
119,10,car,VISIBLE,14,0,0.6197,1335.43,381.61,20.61,0.61,Neutral,1619.64
119,11,car,OCCLUDED,3,11,0.878,366.49,353.05,1.48,-0.04,Green,1242.92
119,12,car,VISIBLE,10,0,0.4078,185.41,348.95,17.96,0.58,Green,5884.3
119,13,car,VISIBLE,8,0,0.653,1140.91,372.42,21.33,0.13,Green,2737.56
120,1,motorcycle,VISIBLE,119,0,0.916,648.18,463.17,-3.79,-1.01,Green,242433.4
120,2,person,VISIBLE,99,0,0.9416,623.03,343.34,-4.77,0.77,Blue,144323.26
120,3,can,OCCLUDED,32,19,0.789,176.83,391.64,1.67,1.73,Green,796.63
120,4,can,OCCLUDED,5,45,0.5,1081.09,370.2,16.49,-0.07,Green,3451.56
120,5,car,OCCLUDED,26,15,0.833,348.7,357.31,5.01,0.28,Green,1568.26
120,7,car,OCCLUDED,8,14,0.844,372.8,355.12,4.58,0.15,Green,1412.02
120,10,car,VISIBLE,15,0,0.6197,1356.16,382.22,20.69,0.61,Neutral,1340.71
120,11,car,OCCLUDED,3,12,0.867,367.97,353.01,1.48,-0.04,Green,1242.92
120,12,car,VISIBLE,11,0,0.3919,201.71,350.38,16.8,1.18,Green,5812.13
120,13,car,VISIBLE,9,0,0.588,1161.1,372.31,20.53,-0.04,Green,2734.02
121,1,motorcycle,VISIBLE,120,0,0.912,643.28,462.28,-4.57,-0.92,Green,237708.71
121,2,person,VISIBLE,100,0,0.9408,620.02,343.8,-3.53,0.55,Blue,140361.08
121,3,can,OCCLUDED,32,20,0.778,178.5,393.36,1.67,1.73,Green,796.63
121,4,can,OCCLUDED,5,46,0.489,1097.58,370.13,16.49,-0.07,Green,3451.56
121,5,car,OCCLUDED,26,16,0.822,353.71,357.59,5.01,0.28,Green,1568.26
121,7,car,OCCLUDED,8,15,0.833,377.39,355.27,4.58,0.15,Green,1412.02
121,10,car,VISIBLE,16,0,0.6197,1376.88,382.83,20.71,0.61,Neutral,1060.86
121,11,car,OCCLUDED,3,13,0.856,369.45,352.98,1.48,-0.04,Green,1242.92
121,12,car,VISIBLE,12,0,0.6207,218.26,350.22,16.63,0.24,Yellow,5857.84
121,13,car,VISIBLE,10,0,0.6717,1180.83,372.24,19.97,-0.06,Green,2725.84
121,14,car,VISIBLE,1,0,0.2835,22.68,349.73,0.0,0.0,Green,2067.82
122,1,motorcycle,VISIBLE,121,0,0.9121,638.43,461.59,-4.77,-0.76,Green,233428.67
122,2,person,VISIBLE,101,0,0.938,615.93,344.19,-3.93,0.44,Blue,136992.63
122,3,can,OCCLUDED,32,21,0.767,180.16,395.09,1.67,1.73,Green,796.63
122,4,can,OCCLUDED,5,47,0.478,1114.07,370.06,16.49,-0.07,Green,3451.56
122,5,car,OCCLUDED,26,17,0.811,358.72,357.87,5.01,0.28,Green,1568.26
122,7,car,OCCLUDED,8,16,0.822,381.97,355.41,4.58,0.15,Green,1412.02
122,10,car,OUT_OF_BOUNDS,16,1,0.989,1397.6,383.44,20.71,0.61,Neutral,1060.86
122,11,car,OCCLUDED,3,14,0.844,370.93,352.94,1.48,-0.04,Green,1242.92
122,12,car,VISIBLE,13,0,0.6482,234.27,349.41,16.19,-0.5,Yellow,5835.84
122,13,car,VISIBLE,11,0,0.6113,1199.74,372.28,19.23,0.01,Green,2748.81
122,14,car,VISIBLE,2,0,0.4504,28.55,347.67,5.86,-2.06,Green,2928.49
123,1,motorcycle,VISIBLE,122,0,0.9115,632.95,460.99,-5.27,-0.65,Green,228934.41
123,2,person,VISIBLE,102,0,0.9413,610.92,344.59,-4.68,0.41,Blue,134340.65
123,3,can,OCCLUDED,32,22,0.756,181.83,396.82,1.67,1.73,Green,796.63
123,4,can,OCCLUDED,5,48,0.467,1130.56,370.0,16.49,-0.07,Green,3451.56
123,5,car,OCCLUDED,26,18,0.8,363.73,358.16,5.01,0.28,Green,1568.26
123,7,car,OCCLUDED,8,17,0.811,386.55,355.56,4.58,0.15,Green,1412.02
123,10,car,OUT_OF_BOUNDS,16,2,0.978,1418.31,384.05,20.71,0.61,Neutral,1060.86
123,11,car,OCCLUDED,3,15,0.833,372.41,352.9,1.48,-0.04,Green,1242.92
123,12,car,VISIBLE,14,0,0.3608,241.46,347.97,9.89,-1.16,Yellow,4738.39
123,13,car,VISIBLE,12,0,0.636,1217.99,372.29,18.54,0.01,Green,2781.49
123,14,car,VISIBLE,3,0,0.4573,36.19,347.56,7.11,-0.69,Green,3883.17
123,15,car,VISIBLE,1,0,0.4816,912.12,357.04,0.0,0.0,Green,4078.4
124,1,motorcycle,VISIBLE,123,0,0.9074,627.45,460.33,-5.43,-0.65,Green,224188.61
124,2,person,VISIBLE,103,0,0.9428,606.35,345.06,-4.61,0.45,Blue,130978.05
124,3,can,OCCLUDED,32,23,0.744,183.49,398.55,1.67,1.73,Green,796.63
124,4,can,OCCLUDED,5,49,0.456,1147.04,369.93,16.49,-0.07,Green,3451.56
124,5,car,OCCLUDED,26,19,0.789,368.74,358.44,5.01,0.28,Green,1568.26
124,7,car,OCCLUDED,8,18,0.8,391.14,355.7,4.58,0.15,Green,1412.02
124,10,car,OUT_OF_BOUNDS,16,3,0.967,1439.03,384.66,20.71,0.61,Neutral,1060.86
124,11,car,OCCLUDED,3,16,0.822,373.89,352.87,1.48,-0.04,Green,1242.92
124,12,car,VISIBLE,15,0,0.331,256.57,347.44,13.54,-0.72,Yellow,4260.48
124,13,car,VISIBLE,13,0,0.5616,1231.3,372.81,14.88,0.37,Green,3238.67
124,14,car,VISIBLE,4,0,0.6218,45.14,348.5,8.4,0.44,Green,4874.06
124,15,car,VISIBLE,2,0,0.6046,925.31,357.47,13.19,0.43,Green,3918.89
125,1,motorcycle,VISIBLE,124,0,0.9093,621.76,460.25,-5.61,-0.25,Blue,219381.29
125,2,person,VISIBLE,104,0,0.9412,601.99,346.27,-4.43,0.99,Blue,127771.69
125,3,can,OCCLUDED,32,24,0.733,185.16,400.27,1.67,1.73,Green,796.63
125,4,can,OCCLUDED,5,50,0.444,1163.53,369.86,16.49,-0.07,Green,3451.56
125,5,car,OCCLUDED,26,20,0.778,373.75,358.72,5.01,0.28,Green,1568.26
125,7,car,OCCLUDED,8,19,0.789,395.72,355.85,4.58,0.15,Green,1412.02
125,10,car,OUT_OF_BOUNDS,16,4,0.956,1459.74,385.27,20.71,0.61,Neutral,1060.86
125,11,car,OCCLUDED,3,17,0.811,375.36,352.83,1.48,-0.04,Green,1242.92
125,12,car,VISIBLE,16,0,0.2627,272.64,348.21,15.31,0.33,Green,4504.93
125,13,car,VISIBLE,14,0,0.5648,1245.64,374.0,14.5,0.94,Green,3584.93
125,14,car,VISIBLE,5,0,0.5594,55.6,349.54,9.84,0.86,Green,5953.5
125,15,car,VISIBLE,3,0,0.585,940.65,357.94,14.7,0.46,Green,3863.44
126,1,motorcycle,VISIBLE,125,0,0.9078,616.07,460.48,-5.67,0.08,Green,215432.67
126,2,person,VISIBLE,105,0,0.9372,597.97,347.19,-4.14,0.94,Blue,124992.46
126,3,can,OCCLUDED,32,25,0.722,186.82,402.0,1.67,1.73,Green,796.63
126,4,can,OCCLUDED,5,51,0.433,1180.02,369.8,16.49,-0.07,Green,3451.56
126,5,car,OCCLUDED,26,21,0.767,378.76,359.0,5.01,0.28,Green,1568.26
126,7,car,OCCLUDED,8,20,0.778,400.3,355.99,4.58,0.15,Green,1412.02
126,10,car,OUT_OF_BOUNDS,16,5,0.944,1480.46,385.89,20.71,0.61,Neutral,1060.86
126,11,car,OCCLUDED,3,18,0.8,376.84,352.79,1.48,-0.04,Green,1242.92
126,12,car,VISIBLE,17,0,0.3697,289.97,348.89,16.72,0.57,Green,4664.25
126,13,car,VISIBLE,15,0,0.4777,1257.35,375.24,12.54,1.15,Green,3378.5
126,14,car,VISIBLE,6,0,0.6254,63.73,350.5,8.64,0.93,Blue,6753.34
126,15,car,VISIBLE,4,0,0.4829,957.09,358.57,15.91,0.58,Green,3819.14
127,1,motorcycle,VISIBLE,126,0,0.911,611.05,460.5,-5.22,0.04,Blue,211844.02
127,2,person,VISIBLE,106,0,0.9321,593.31,347.69,-4.5,0.63,Blue,122707.08
127,3,can,OCCLUDED,32,26,0.711,188.49,403.73,1.67,1.73,Green,796.63
127,4,can,OCCLUDED,5,52,0.422,1196.51,369.73,16.49,-0.07,Green,3451.56
127,5,car,OCCLUDED,26,22,0.756,383.78,359.29,5.01,0.28,Green,1568.26
127,7,car,OCCLUDED,8,21,0.767,404.89,356.14,4.58,0.15,Green,1412.02
127,10,car,OUT_OF_BOUNDS,16,6,0.933,1501.17,386.5,20.71,0.61,Neutral,1060.86
127,11,car,OCCLUDED,3,19,0.789,378.32,352.76,1.48,-0.04,Green,1242.92
127,12,car,VISIBLE,18,0,0.4585,306.64,349.61,16.69,0.68,Green,4792.21
127,13,car,VISIBLE,16,0,0.4777,1272.77,375.91,14.56,0.82,Green,3468.67
127,14,car,VISIBLE,7,0,0.4245,72.11,351.06,8.46,0.67,Green,7514.51
127,15,car,VISIBLE,5,0,0.5106,973.42,359.16,16.21,0.59,Green,3816.18
128,1,motorcycle,VISIBLE,127,0,0.9155,606.64,460.16,-4.65,-0.22,Green,208641.97
128,2,person,VISIBLE,107,0,0.9337,588.1,348.05,-5.0,0.44,Blue,120923.0
128,3,can,OCCLUDED,32,27,0.7,190.15,405.46,1.67,1.73,Green,796.63
128,4,can,OCCLUDED,5,53,0.411,1213.0,369.67,16.49,-0.07,Green,3451.56
128,5,car,OCCLUDED,26,23,0.744,388.79,359.57,5.01,0.28,Green,1568.26
128,7,car,OCCLUDED,8,22,0.756,409.47,356.28,4.58,0.15,Green,1412.02
128,10,car,OUT_OF_BOUNDS,16,7,0.922,1521.89,387.11,20.71,0.61,Neutral,1060.86
128,11,car,OCCLUDED,3,20,0.778,379.8,352.72,1.48,-0.04,Green,1242.92
128,12,car,VISIBLE,19,0,0.3343,316.2,349.6,11.7,0.19,Green,4246.69
128,13,car,VISIBLE,17,0,0.4777,1288.2,376.6,15.17,0.72,Green,3559.93
128,14,car,VISIBLE,8,0,0.5177,80.69,351.36,8.55,0.41,Green,8219.59
128,15,car,VISIBLE,6,0,0.4993,989.61,359.57,16.19,0.46,Green,3897.37
129,1,motorcycle,VISIBLE,128,0,0.92,602.53,459.65,-4.27,-0.42,Blue,205698.27
129,2,person,VISIBLE,108,0,0.9353,583.38,348.06,-4.8,0.14,Blue,119715.4
129,3,can,OCCLUDED,32,28,0.689,191.82,407.19,1.67,1.73,Green,796.63
129,4,can,OCCLUDED,5,54,0.4,1229.48,369.6,16.49,-0.07,Green,3451.56
129,5,car,OCCLUDED,26,24,0.733,393.8,359.85,5.01,0.28,Green,1568.26
129,7,car,OCCLUDED,8,23,0.744,414.05,356.43,4.58,0.15,Green,1412.02
129,10,car,OUT_OF_BOUNDS,16,8,0.911,1542.6,387.72,20.71,0.61,Neutral,1060.86
129,11,car,OCCLUDED,3,21,0.767,381.28,352.68,1.48,-0.04,Green,1242.92
129,12,car,VISIBLE,20,0,0.5356,323.67,349.46,8.74,-0.04,Green,4258.64
129,13,car,VISIBLE,18,0,0.4777,1303.62,377.27,15.35,0.69,Green,3652.28
129,14,car,VISIBLE,9,0,0.7304,93.87,351.14,11.79,-0.02,Green,8666.91
129,15,car,VISIBLE,7,0,0.4244,1004.66,359.72,15.4,0.24,Green,4000.66
129,16,car,VISIBLE,1,0,0.4027,875.69,357.13,0.0,0.0,Yellow,1458.22
130,1,motorcycle,VISIBLE,129,0,0.9169,598.9,459.04,-3.82,-0.56,Blue,202634.8
130,2,person,VISIBLE,109,0,0.9356,580.19,348.06,-3.68,0.05,Blue,118062.29
130,3,can,OCCLUDED,32,29,0.678,193.48,408.91,1.67,1.73,Green,796.63
130,4,can,OCCLUDED,5,55,0.389,1245.97,369.53,16.49,-0.07,Green,3451.56
130,5,car,OCCLUDED,26,25,0.722,398.81,360.13,5.01,0.28,Green,1568.26
130,7,car,OCCLUDED,8,24,0.733,418.64,356.58,4.58,0.15,Green,1412.02
130,10,car,OUT_OF_BOUNDS,16,9,0.9,1563.31,388.33,20.71,0.61,Neutral,1060.86
130,11,car,OCCLUDED,3,22,0.756,382.76,352.65,1.48,-0.04,Green,1242.92
130,12,car,VISIBLE,21,0,0.5189,332.48,348.95,8.78,-0.37,Green,4164.33
130,13,car,VISIBLE,19,0,0.4777,1319.05,377.95,15.4,0.68,Neutral,3745.72
130,14,car,VISIBLE,10,0,0.6772,108.57,350.67,13.83,-0.34,Green,8874.23
130,15,car,VISIBLE,8,0,0.4386,1019.96,359.56,15.33,-0.04,Green,4104.83
130,16,car,VISIBLE,2,0,0.5559,884.73,357.06,9.03,-0.08,Yellow,1573.95
131,1,motorcycle,VISIBLE,130,0,0.9152,596.12,458.61,-3.1,-0.47,Green,199959.84
131,2,person,VISIBLE,110,0,0.9328,577.75,348.11,-2.81,0.05,Blue,116322.75
131,3,can,OCCLUDED,32,30,0.667,195.15,410.64,1.67,1.73,Green,796.63
131,4,can,OCCLUDED,5,56,0.378,1262.46,369.47,16.49,-0.07,Green,3451.56
131,5,car,OCCLUDED,26,26,0.711,403.82,360.41,5.01,0.28,Green,1568.26
131,7,car,OCCLUDED,8,25,0.722,423.22,356.72,4.58,0.15,Green,1412.02
131,10,car,OUT_OF_BOUNDS,16,10,0.889,1584.03,388.94,20.71,0.61,Neutral,1060.86
131,11,car,OCCLUDED,3,23,0.744,384.24,352.61,1.48,-0.04,Green,1242.92
131,12,car,VISIBLE,22,0,0.5683,341.69,348.47,9.09,-0.45,Green,3911.91
131,13,car,VISIBLE,20,0,0.4777,1334.47,378.62,15.42,0.68,Neutral,3840.25
131,14,car,VISIBLE,11,0,0.6927,124.72,350.39,15.46,-0.29,Green,8987.96
131,15,car,VISIBLE,9,0,0.4156,1034.66,359.49,14.89,-0.06,Green,4156.92
131,16,car,VISIBLE,3,0,0.443,896.42,357.07,10.9,-0.01,Yellow,1642.65
132,1,motorcycle,VISIBLE,131,0,0.9165,594.28,458.16,-2.21,-0.45,Green,197668.56
132,2,person,VISIBLE,111,0,0.9333,575.98,348.11,-2.08,0.01,Blue,114926.87
132,3,can,OCCLUDED,32,31,0.656,196.82,412.37,1.67,1.73,Green,796.63
132,4,can,OCCLUDED,5,57,0.367,1278.95,369.4,16.49,-0.07,Green,3451.56
132,5,car,OCCLUDED,26,27,0.7,408.83,360.7,5.01,0.28,Green,1568.26
132,7,car,OCCLUDED,8,26,0.711,427.8,356.87,4.58,0.15,Green,1412.02
132,10,car,OUT_OF_BOUNDS,16,11,0.878,1604.74,389.55,20.71,0.61,Neutral,1060.86
132,11,car,OCCLUDED,3,24,0.733,385.71,352.57,1.48,-0.04,Green,1242.92
132,12,car,VISIBLE,23,0,0.5135,350.02,347.94,8.56,-0.5,Green,3498.29
132,13,car,OUT_OF_BOUNDS,20,1,0.989,1349.89,379.3,15.42,0.68,Neutral,3840.25
132,14,car,VISIBLE,12,0,0.6131,138.79,350.3,14.48,-0.15,Green,8616.57
132,15,car,VISIBLE,10,0,0.4112,1049.14,359.25,14.6,-0.18,Green,4208.69
132,16,car,VISIBLE,4,0,0.443,902.56,357.07,7.56,-0.0,Green,1695.26
133,1,motorcycle,VISIBLE,132,0,0.918,593.1,457.67,-1.49,-0.48,Green,195409.88
133,2,person,VISIBLE,112,0,0.9326,575.32,348.44,-1.09,0.23,Blue,113425.66
133,3,can,OCCLUDED,32,32,0.644,198.48,414.1,1.67,1.73,Green,796.63
133,4,can,OCCLUDED,5,58,0.356,1295.44,369.33,16.49,-0.07,Green,3451.56
133,5,car,OCCLUDED,26,28,0.689,413.84,360.98,5.01,0.28,Green,1568.26
133,7,car,OCCLUDED,8,27,0.7,432.38,357.01,4.58,0.15,Green,1412.02
133,10,car,OUT_OF_BOUNDS,16,12,0.867,1625.46,390.16,20.71,0.61,Neutral,1060.86
133,11,car,OCCLUDED,3,25,0.722,387.19,352.54,1.48,-0.04,Green,1242.92
133,12,car,VISIBLE,24,0,0.4401,357.06,348.15,7.49,0.0,Green,2985.93
133,13,car,OUT_OF_BOUNDS,20,2,0.978,1365.31,379.98,15.42,0.68,Neutral,3840.25
133,14,car,VISIBLE,13,0,0.6324,156.24,350.59,16.56,0.16,Green,8515.82
133,15,car,VISIBLE,11,0,0.4557,1063.73,359.53,14.59,0.14,Green,4243.12
133,16,car,VISIBLE,5,0,0.443,908.69,357.06,6.56,-0.0,Green,1748.15
134,1,motorcycle,VISIBLE,133,0,0.9177,592.7,457.28,-0.72,-0.42,Green,193690.4
134,2,person,VISIBLE,113,0,0.9318,574.89,348.73,-0.62,0.28,Blue,112118.81
134,3,can,OCCLUDED,32,33,0.633,200.15,415.83,1.67,1.73,Green,796.63
134,4,can,OUT_OF_BOUNDS,5,59,0.344,1311.92,369.27,16.49,-0.07,Green,3451.56
134,5,car,OCCLUDED,26,29,0.678,418.85,361.26,5.01,0.28,Green,1568.26
134,7,car,OCCLUDED,8,28,0.689,436.97,357.16,4.58,0.15,Green,1412.02
134,10,car,OUT_OF_BOUNDS,16,13,0.856,1646.17,390.78,20.71,0.61,Neutral,1060.86
134,11,car,OCCLUDED,3,26,0.711,388.67,352.5,1.48,-0.04,Green,1242.92
134,12,car,VISIBLE,25,0,0.4401,366.42,348.02,8.8,-0.09,Green,2712.67
134,13,car,OUT_OF_BOUNDS,20,3,0.967,1380.73,380.66,15.42,0.68,Neutral,3840.25
134,14,car,VISIBLE,14,0,0.6552,171.28,350.95,15.5,0.3,Green,8194.43
134,15,car,VISIBLE,12,0,0.4157,1078.35,360.19,14.61,0.5,Green,4285.21
134,16,car,VISIBLE,6,0,0.443,914.83,357.06,6.26,-0.0,Green,1801.3
135,1,motorcycle,VISIBLE,134,0,0.9194,592.78,456.87,-0.16,-0.41,Green,192039.93
135,2,person,VISIBLE,114,0,0.9333,575.28,349.39,0.09,0.54,Blue,111174.89
135,3,can,OCCLUDED,32,34,0.622,201.81,417.55,1.67,1.73,Green,796.63
135,4,can,OUT_OF_BOUNDS,5,60,0.333,1328.41,369.2,16.49,-0.07,Green,3451.56
135,5,car,OCCLUDED,26,30,0.667,423.86,361.54,5.01,0.28,Green,1568.26
135,7,car,OCCLUDED,8,29,0.678,441.55,357.3,4.58,0.15,Green,1412.02
135,10,car,OUT_OF_BOUNDS,16,14,0.844,1666.89,391.39,20.71,0.61,Neutral,1060.86
135,11,car,OCCLUDED,3,27,0.7,390.15,352.46,1.48,-0.04,Green,1242.92
135,12,car,VISIBLE,26,0,0.4401,375.78,347.89,9.19,-0.12,Green,2448.27
135,13,car,OUT_OF_BOUNDS,20,4,0.956,1396.15,381.33,15.42,0.68,Neutral,3840.25
135,14,car,VISIBLE,15,0,0.7001,186.4,351.13,15.23,0.22,Green,7869.85
135,15,car,VISIBLE,13,0,0.348,1092.92,360.72,14.59,0.52,Green,4278.83
135,16,car,VISIBLE,7,0,0.443,920.95,357.06,6.17,-0.0,Green,1854.73
136,1,motorcycle,VISIBLE,135,0,0.9173,593.64,456.44,0.56,-0.42,Blue,190083.09
136,2,person,VISIBLE,115,0,0.9316,576.46,350.26,0.86,0.78,Blue,110410.51
136,3,can,OCCLUDED,32,35,0.611,203.48,419.28,1.67,1.73,Green,796.63
136,4,can,OUT_OF_BOUNDS,5,61,0.322,1344.9,369.13,16.49,-0.07,Green,3451.56
136,5,car,OCCLUDED,26,31,0.656,428.87,361.83,5.01,0.28,Green,1568.26
136,7,car,OCCLUDED,8,30,0.667,446.13,357.45,4.58,0.15,Green,1412.02
136,10,car,OUT_OF_BOUNDS,16,15,0.833,1687.6,392.0,20.71,0.61,Neutral,1060.86
136,11,car,OCCLUDED,3,28,0.689,391.63,352.43,1.48,-0.04,Green,1242.92
136,12,car,VISIBLE,27,0,0.4401,385.15,347.76,9.31,-0.13,Green,2192.73
136,13,car,OUT_OF_BOUNDS,20,5,0.944,1411.57,382.01,15.42,0.68,Neutral,3840.25
136,14,car,VISIBLE,16,0,0.6992,202.01,351.31,15.5,0.19,Green,7603.0
136,15,car,VISIBLE,14,0,0.3676,1107.68,361.13,14.7,0.45,Green,4290.33
136,16,car,OCCLUDED,7,1,0.989,927.12,357.06,6.17,-0.0,Green,1854.73
137,1,motorcycle,VISIBLE,136,0,0.9164,595.57,456.02,1.51,-0.42,Blue,188531.52
137,2,person,VISIBLE,116,0,0.9272,579.01,351.47,2.04,1.08,Blue,109092.64
137,3,can,OCCLUDED,32,36,0.6,205.14,421.01,1.67,1.73,Green,796.63
137,4,can,OUT_OF_BOUNDS,5,62,0.311,1361.39,369.07,16.49,-0.07,Green,3451.56
137,5,car,OCCLUDED,26,32,0.644,433.88,362.11,5.01,0.28,Green,1568.26
137,7,car,OCCLUDED,8,31,0.656,450.72,357.59,4.58,0.15,Green,1412.02
137,10,car,OUT_OF_BOUNDS,16,16,0.822,1708.32,392.61,20.71,0.61,Neutral,1060.86
137,11,car,OCCLUDED,3,29,0.678,393.11,352.39,1.48,-0.04,Green,1242.92
137,12,car,VISIBLE,28,0,0.4401,394.51,347.62,9.35,-0.13,Blue,1946.05
137,13,car,OUT_OF_BOUNDS,20,6,0.933,1426.98,382.69,15.42,0.68,Neutral,3840.25
137,14,car,VISIBLE,17,0,0.6419,218.01,351.33,15.85,0.07,Green,7453.21
137,15,car,VISIBLE,15,0,0.415,1122.72,361.26,14.94,0.22,Green,4332.01
137,16,car,VISIBLE,8,0,0.2317,874.92,362.89,-14.26,2.04,Yellow,1288.01
138,1,motorcycle,VISIBLE,137,0,0.9188,598.42,455.8,2.45,-0.28,Blue,187458.71
138,2,person,VISIBLE,117,0,0.9297,582.33,351.98,2.93,0.67,Blue,107756.63
138,3,can,OCCLUDED,32,37,0.589,206.81,422.74,1.67,1.73,Green,796.63
138,4,can,OUT_OF_BOUNDS,5,63,0.3,1377.88,369.0,16.49,-0.07,Green,3451.56
138,5,car,OCCLUDED,26,33,0.633,438.89,362.39,5.01,0.28,Green,1568.26
138,7,car,OCCLUDED,8,32,0.644,455.3,357.74,4.58,0.15,Green,1412.02
138,10,car,OUT_OF_BOUNDS,16,17,0.811,1729.03,393.22,20.71,0.61,Neutral,1060.86
138,11,car,OCCLUDED,3,30,0.667,394.59,352.36,1.48,-0.04,Green,1242.92
138,12,car,VISIBLE,29,0,0.4401,403.88,347.49,9.36,-0.13,Blue,1708.24
138,13,car,OUT_OF_BOUNDS,20,7,0.922,1442.4,383.37,15.42,0.68,Neutral,3840.25
138,14,car,VISIBLE,18,0,0.6498,235.11,351.14,16.72,-0.11,Green,7448.02
138,15,car,VISIBLE,16,0,0.3518,1138.05,361.63,15.21,0.33,Green,4341.58
138,16,car,VISIBLE,9,0,0.2317,875.34,362.95,-3.99,0.65,Yellow,1327.79
139,1,motorcycle,VISIBLE,138,0,0.9088,601.74,455.42,3.06,-0.35,Green,186390.42
139,2,person,VISIBLE,118,0,0.9337,587.0,352.04,4.15,0.25,Blue,106447.2
139,3,can,OCCLUDED,32,38,0.578,208.47,424.47,1.67,1.73,Green,796.63
139,4,can,OUT_OF_BOUNDS,5,64,0.289,1394.36,368.93,16.49,-0.07,Green,3451.56
139,5,car,OCCLUDED,26,34,0.622,443.9,362.67,5.01,0.28,Green,1568.26
139,7,car,OCCLUDED,8,33,0.633,459.88,357.88,4.58,0.15,Green,1412.02
139,10,car,OUT_OF_BOUNDS,16,18,0.8,1749.74,393.83,20.71,0.61,Neutral,1060.86
139,11,car,OCCLUDED,3,31,0.656,396.06,352.32,1.48,-0.04,Green,1242.92
139,12,car,OCCLUDED,29,1,0.989,413.23,347.36,9.36,-0.13,Blue,1708.24
139,13,car,OUT_OF_BOUNDS,20,8,0.911,1457.82,384.04,15.42,0.68,Neutral,3840.25
139,14,car,VISIBLE,19,0,0.7205,251.81,350.88,16.71,-0.21,Green,7432.55
139,15,car,VISIBLE,17,0,0.3273,1153.98,361.9,15.72,0.28,Green,4380.2
139,16,car,VISIBLE,10,0,0.2317,875.74,363.0,-0.91,0.23,Green,1367.8
140,1,motorcycle,VISIBLE,139,0,0.9081,605.49,455.25,3.54,-0.23,Blue,185234.54
140,2,person,VISIBLE,119,0,0.9273,591.62,351.69,4.48,-0.17,Blue,105304.14
140,3,can,OCCLUDED,32,39,0.567,210.14,426.19,1.67,1.73,Green,796.63
140,4,can,OUT_OF_BOUNDS,5,65,0.278,1410.85,368.87,16.49,-0.07,Green,3451.56
140,5,car,OCCLUDED,26,35,0.611,448.91,362.96,5.01,0.28,Green,1568.26
140,7,car,OCCLUDED,8,34,0.622,464.47,358.03,4.58,0.15,Green,1412.02
140,10,car,OUT_OF_BOUNDS,16,19,0.789,1770.46,394.44,20.71,0.61,Neutral,1060.86
140,11,car,OCCLUDED,3,32,0.644,397.54,352.28,1.48,-0.04,Green,1242.92
140,12,car,OCCLUDED,29,2,0.978,422.59,347.22,9.36,-0.13,Blue,1708.24
140,13,car,OUT_OF_BOUNDS,20,9,0.9,1473.24,384.72,15.42,0.68,Neutral,3840.25
140,14,car,VISIBLE,20,0,0.7103,268.88,350.81,16.96,-0.12,Green,7542.41
140,15,car,VISIBLE,18,0,0.3759,1169.45,361.86,15.54,0.05,Green,4455.45
140,16,car,OCCLUDED,10,1,0.989,874.83,363.24,-0.91,0.23,Green,1367.8
141,1,motorcycle,VISIBLE,140,0,0.9066,609.53,455.21,3.89,-0.1,Blue,183777.27
141,2,person,VISIBLE,120,0,0.9295,594.76,351.71,3.54,-0.04,Blue,105769.47
141,3,can,OCCLUDED,32,40,0.556,211.8,427.92,1.67,1.73,Green,796.63
141,4,can,OUT_OF_BOUNDS,5,66,0.267,1427.34,368.8,16.49,-0.07,Green,3451.56
141,5,car,OCCLUDED,26,36,0.6,453.92,363.24,5.01,0.28,Green,1568.26
141,7,car,OCCLUDED,8,35,0.611,469.05,358.17,4.58,0.15,Green,1412.02
141,10,car,OUT_OF_BOUNDS,16,20,0.778,1791.17,395.05,20.71,0.61,Neutral,1060.86
141,11,car,OCCLUDED,3,33,0.633,399.02,352.25,1.48,-0.04,Green,1242.92
141,12,car,OCCLUDED,29,3,0.967,431.95,347.09,9.36,-0.13,Blue,1708.24
141,13,car,OUT_OF_BOUNDS,20,10,0.889,1488.66,385.4,15.42,0.68,Neutral,3840.25
141,14,car,VISIBLE,21,0,0.6797,285.43,351.02,16.68,0.11,Green,7552.86
141,15,car,VISIBLE,19,0,0.3821,1184.16,361.7,14.97,-0.09,Green,4670.17
141,16,car,OCCLUDED,10,2,0.978,873.91,363.47,-0.91,0.23,Green,1367.8
142,1,motorcycle,VISIBLE,141,0,0.9111,614.02,455.6,4.31,0.24,Blue,182824.42
142,2,person,VISIBLE,121,0,0.9336,597.68,352.14,3.11,0.3,Blue,106552.96
142,3,can,OCCLUDED,32,41,0.544,213.47,429.65,1.67,1.73,Green,796.63
142,4,can,OUT_OF_BOUNDS,5,67,0.256,1443.83,368.73,16.49,-0.07,Green,3451.56
142,5,car,OCCLUDED,26,37,0.589,458.94,363.52,5.01,0.28,Green,1568.26
142,7,car,OCCLUDED,8,36,0.6,473.63,358.32,4.58,0.15,Green,1412.02
142,10,car,OUT_OF_BOUNDS,16,21,0.767,1811.89,395.67,20.71,0.61,Neutral,1060.86
142,11,car,OCCLUDED,3,34,0.622,400.5,352.21,1.48,-0.04,Green,1242.92
142,12,car,OCCLUDED,29,4,0.956,441.3,346.95,9.36,-0.13,Blue,1708.24
142,13,car,OUT_OF_BOUNDS,20,11,0.878,1504.08,386.08,15.42,0.68,Neutral,3840.25
142,14,car,VISIBLE,22,0,0.7063,301.64,351.16,16.35,0.14,Green,7579.94
142,15,car,VISIBLE,20,0,0.3517,1199.66,362.22,15.34,0.34,Green,4632.68
142,16,car,VISIBLE,11,0,0.2005,854.79,360.7,-5.16,-0.47,Green,907.92
143,1,motorcycle,VISIBLE,142,0,0.9111,618.09,456.24,4.14,0.52,Blue,181889.09
143,2,person,VISIBLE,122,0,0.9302,600.42,352.85,2.85,0.58,Blue,107617.24
143,3,can,OCCLUDED,32,42,0.533,215.13,431.38,1.67,1.73,Green,796.63
143,4,can,OUT_OF_BOUNDS,5,68,0.244,1460.32,368.67,16.49,-0.07,Green,3451.56
143,5,car,OCCLUDED,26,38,0.578,463.95,363.8,5.01,0.28,Green,1568.26
143,7,car,OCCLUDED,8,37,0.589,478.22,358.46,4.58,0.15,Green,1412.02
143,10,car,OUT_OF_BOUNDS,16,22,0.756,1832.6,396.28,20.71,0.61,Neutral,1060.86
143,11,car,OCCLUDED,3,35,0.611,401.98,352.17,1.48,-0.04,Green,1242.92
143,12,car,OCCLUDED,29,5,0.944,450.66,346.82,9.36,-0.13,Blue,1708.24
143,13,car,OUT_OF_BOUNDS,20,12,0.867,1519.49,386.75,15.42,0.68,Neutral,3840.25
143,14,car,VISIBLE,23,0,0.7556,317.08,351.42,15.71,0.22,Green,7594.75
143,15,car,VISIBLE,21,0,0.2444,1212.36,362.62,13.49,0.38,Green,4659.81
143,16,car,VISIBLE,12,0,0.5368,862.22,361.19,3.66,0.2,Green,878.82
144,1,motorcycle,VISIBLE,143,0,0.9125,621.92,456.79,3.93,0.54,Blue,181108.49
144,2,person,VISIBLE,123,0,0.9307,603.67,353.87,3.13,0.89,Blue,108556.08
144,3,can,OCCLUDED,32,43,0.522,216.8,433.11,1.67,1.73,Green,796.63
144,4,can,OUT_OF_BOUNDS,5,69,0.233,1476.8,368.6,16.49,-0.07,Green,3451.56
144,5,car,OCCLUDED,26,39,0.567,468.96,364.08,5.01,0.28,Green,1568.26
144,7,car,OCCLUDED,8,38,0.578,482.8,358.61,4.58,0.15,Green,1412.02
144,10,car,OUT_OF_BOUNDS,16,23,0.744,1853.32,396.89,20.71,0.61,Neutral,1060.86
144,11,car,OCCLUDED,3,36,0.6,403.46,352.14,1.48,-0.04,Green,1242.92
144,12,car,OCCLUDED,29,6,0.933,460.02,346.68,9.36,-0.13,Blue,1708.24
144,13,car,OUT_OF_BOUNDS,20,13,0.856,1534.91,387.43,15.42,0.68,Neutral,3840.25
144,14,car,VISIBLE,24,0,0.732,331.25,351.66,14.64,0.24,Green,7532.01
144,15,car,VISIBLE,22,0,0.2007,1227.03,362.6,14.31,0.1,Green,4176.98
144,16,car,VISIBLE,13,0,0.6855,871.25,361.62,7.42,0.36,Green,853.14
144,19,car,VISIBLE,1,0,0.3045,961.56,365.44,0.0,0.0,Yellow,1348.5
145,1,motorcycle,VISIBLE,144,0,0.9152,625.62,457.32,3.77,0.54,Blue,180532.45
145,2,person,VISIBLE,124,0,0.9289,607.52,354.87,3.64,0.97,Blue,108167.41
145,3,can,OCCLUDED,32,44,0.511,218.46,434.83,1.67,1.73,Green,796.63
145,4,can,OUT_OF_BOUNDS,5,70,0.222,1493.29,368.53,16.49,-0.07,Green,3451.56
145,5,car,OCCLUDED,26,40,0.556,473.97,364.37,5.01,0.28,Green,1568.26
145,7,car,OCCLUDED,8,39,0.567,487.38,358.75,4.58,0.15,Green,1412.02
145,10,car,OUT_OF_BOUNDS,16,24,0.733,1874.03,397.5,20.71,0.61,Neutral,1060.86
145,11,car,OCCLUDED,3,37,0.589,404.93,352.1,1.48,-0.04,Green,1242.92
145,12,car,OCCLUDED,29,7,0.922,469.37,346.55,9.36,-0.13,Blue,1708.24
145,13,car,OUT_OF_BOUNDS,20,14,0.844,1550.33,388.11,15.42,0.68,Neutral,3840.25
145,14,car,VISIBLE,25,0,0.6574,344.27,351.92,13.5,0.25,Green,7464.2
145,15,car,VISIBLE,23,0,0.2644,1234.87,362.6,9.78,0.03,Green,3973.68
145,16,car,VISIBLE,14,0,0.6424,880.97,362.24,9.03,0.54,Green,844.2
145,19,car,VISIBLE,2,0,0.2399,974.41,366.59,12.85,1.15,Orange,1791.13
146,1,motorcycle,VISIBLE,145,0,0.9153,628.79,457.44,3.34,0.25,Blue,179621.54
146,2,person,VISIBLE,125,0,0.9295,611.2,355.5,3.67,0.74,Blue,107816.69
146,3,can,OCCLUDED,32,45,0.5,220.13,436.56,1.67,1.73,Green,796.63
146,4,can,OUT_OF_BOUNDS,5,71,0.211,1509.78,368.47,16.49,-0.07,Green,3451.56
146,5,car,OCCLUDED,26,41,0.544,478.98,364.65,5.01,0.28,Green,1568.26
146,7,car,OCCLUDED,8,40,0.556,491.97,358.9,4.58,0.15,Green,1412.02
146,10,car,OUT_OF_BOUNDS,16,25,0.722,1894.75,398.11,20.71,0.61,Neutral,1060.86
146,11,car,OCCLUDED,3,38,0.578,406.41,352.06,1.48,-0.04,Green,1242.92
146,12,car,OCCLUDED,29,8,0.911,478.73,346.42,9.36,-0.13,Blue,1708.24
146,13,car,OUT_OF_BOUNDS,20,15,0.833,1565.75,388.78,15.42,0.68,Neutral,3840.25
146,14,car,VISIBLE,26,0,0.6743,355.61,351.88,11.99,0.05,Green,7337.82
146,15,car,VISIBLE,24,0,0.3567,1240.88,362.76,7.15,0.13,Green,3556.3
146,16,car,VISIBLE,15,0,0.571,890.53,362.36,9.4,0.25,Green,820.81
146,19,car,VISIBLE,3,0,0.37,981.41,365.15,8.75,-0.66,Yellow,1520.15
147,1,motorcycle,VISIBLE,146,0,0.9142,631.76,457.18,3.09,-0.11,Blue,179156.31
147,2,person,VISIBLE,126,0,0.9325,614.74,355.7,3.57,0.36,Blue,107159.51
147,3,can,OCCLUDED,32,46,0.489,221.79,438.29,1.67,1.73,Green,796.63
147,4,can,OUT_OF_BOUNDS,5,72,0.2,1526.27,368.4,16.49,-0.07,Green,3451.56
147,5,car,OCCLUDED,26,42,0.533,483.99,364.93,5.01,0.28,Green,1568.26
147,7,car,OCCLUDED,8,41,0.544,496.55,359.04,4.58,0.15,Green,1412.02
147,10,car,OUT_OF_BOUNDS,16,26,0.711,1915.46,398.72,20.71,0.61,Neutral,1060.86
147,11,car,OCCLUDED,3,39,0.567,407.89,352.03,1.48,-0.04,Green,1242.92
147,12,car,OCCLUDED,29,9,0.9,488.09,346.28,9.36,-0.13,Blue,1708.24
147,13,car,OUT_OF_BOUNDS,20,16,0.822,1581.17,389.46,15.42,0.68,Neutral,3840.25
147,14,car,VISIBLE,27,0,0.6936,365.6,351.79,10.59,-0.05,Green,7189.35
147,15,car,VISIBLE,25,0,0.3617,1246.19,363.28,5.86,0.4,Green,3022.55
147,16,car,VISIBLE,16,0,0.544,898.84,362.75,8.64,0.34,Green,813.09
147,19,car,VISIBLE,4,0,0.2979,990.09,364.32,8.7,-0.78,Green,1338.93
148,1,motorcycle,VISIBLE,147,0,0.9126,633.94,456.89,2.46,-0.23,Blue,179028.32
148,2,person,VISIBLE,127,0,0.9349,617.52,355.74,3.02,0.14,Blue,106798.53
148,3,can,OCCLUDED,32,47,0.478,223.46,440.02,1.67,1.73,Green,796.63
148,4,can,OUT_OF_BOUNDS,5,73,0.189,1542.76,368.33,16.49,-0.07,Green,3451.56
148,5,car,OCCLUDED,26,43,0.522,489.0,365.21,5.01,0.28,Green,1568.26
148,7,car,OCCLUDED,8,42,0.533,501.13,359.19,4.58,0.15,Green,1412.02
148,10,car,OUT_OF_BOUNDS,16,27,0.7,1936.17,399.33,20.71,0.61,Neutral,1060.86
148,11,car,OCCLUDED,3,40,0.556,409.37,351.99,1.48,-0.04,Green,1242.92
148,12,car,OCCLUDED,29,10,0.889,497.44,346.15,9.36,-0.13,Blue,1708.24
148,13,car,OUT_OF_BOUNDS,20,17,0.811,1596.59,390.14,15.42,0.68,Neutral,3840.25
148,14,car,VISIBLE,28,0,0.5789,373.51,351.65,8.71,-0.11,Green,7006.51
148,15,car,VISIBLE,26,0,0.3901,1250.28,363.8,4.61,0.48,Green,2658.79
148,16,car,VISIBLE,17,0,0.6492,906.13,362.88,7.69,0.2,Green,811.31
148,19,car,VISIBLE,5,0,0.2947,998.24,363.94,8.32,-0.5,Yellow,1222.09
149,1,motorcycle,VISIBLE,148,0,0.9164,635.2,456.68,1.62,-0.22,Blue,178949.56
149,2,person,VISIBLE,128,0,0.932,619.44,355.69,2.24,0.01,Blue,106669.66
149,3,can,OCCLUDED,32,48,0.467,225.12,441.74,1.67,1.73,Green,796.63
149,4,can,OUT_OF_BOUNDS,5,74,0.178,1559.24,368.27,16.49,-0.07,Green,3451.56
149,5,car,OCCLUDED,26,44,0.511,494.01,365.5,5.01,0.28,Green,1568.26
149,7,car,OCCLUDED,8,43,0.522,505.71,359.33,4.58,0.15,Green,1412.02
149,10,car,OUT_OF_BOUNDS,16,28,0.689,1956.89,399.94,20.71,0.61,Neutral,1060.86
149,11,car,OCCLUDED,3,41,0.544,410.85,351.95,1.48,-0.04,Green,1242.92
149,12,car,OCCLUDED,29,11,0.878,506.8,346.01,9.36,-0.13,Blue,1708.24
149,13,car,OUT_OF_BOUNDS,20,18,0.8,1612.0,390.82,15.42,0.68,Neutral,3840.25
149,14,car,VISIBLE,29,0,0.7201,379.66,351.48,6.92,-0.16,Blue,6741.76
149,15,car,VISIBLE,27,0,0.3901,1258.33,364.12,7.02,0.37,Green,2365.4
149,16,car,VISIBLE,18,0,0.6628,912.34,362.93,6.66,0.09,Green,809.57
149,19,car,VISIBLE,6,0,0.2929,1005.95,363.65,7.89,-0.35,Yellow,1153.25
150,1,motorcycle,VISIBLE,149,0,0.9154,635.57,456.29,0.74,-0.34,Blue,179217.23
150,2,person,VISIBLE,129,0,0.9319,621.57,355.77,2.17,0.06,Blue,106338.8
150,3,can,OCCLUDED,32,49,0.456,226.79,443.47,1.67,1.73,Green,796.63
150,4,can,OUT_OF_BOUNDS,5,75,0.167,1575.73,368.2,16.49,-0.07,Green,3451.56
150,5,car,OCCLUDED,26,45,0.5,499.02,365.78,5.01,0.28,Green,1568.26
150,7,car,OCCLUDED,8,44,0.511,510.3,359.48,4.58,0.15,Green,1412.02
150,10,car,OUT_OF_BOUNDS,16,29,0.678,1977.6,400.56,20.71,0.61,Neutral,1060.86
150,11,car,OCCLUDED,3,42,0.533,412.33,351.92,1.48,-0.04,Green,1242.92
150,12,car,OCCLUDED,29,12,0.867,516.16,345.88,9.36,-0.13,Blue,1708.24
150,13,car,OUT_OF_BOUNDS,20,19,0.789,1627.42,391.49,15.42,0.68,Neutral,3840.25
150,14,car,VISIBLE,30,0,0.6441,384.5,350.99,5.46,-0.39,Blue,6311.03
150,15,car,VISIBLE,28,0,0.3901,1266.38,364.44,7.74,0.33,Yellow,2076.96
150,16,car,VISIBLE,19,0,0.6391,917.1,362.99,5.33,0.07,Green,809.63
150,19,car,VISIBLE,7,0,0.3727,1013.08,363.88,7.36,0.06,Yellow,1159.92
151,1,motorcycle,VISIBLE,150,0,0.9149,635.06,456.05,-0.14,-0.27,Blue,179645.44
151,2,person,VISIBLE,130,0,0.9322,622.15,356.05,1.06,0.21,Blue,106477.39
151,3,can,OCCLUDED,32,50,0.444,228.45,445.2,1.67,1.73,Green,796.63
151,4,can,OUT_OF_BOUNDS,5,76,0.156,1592.22,368.13,16.49,-0.07,Green,3451.56
151,5,car,OCCLUDED,26,46,0.489,504.03,366.06,5.01,0.28,Green,1568.26
151,7,car,OCCLUDED,8,45,0.5,514.88,359.62,4.58,0.15,Green,1412.02
151,10,car,OUT_OF_BOUNDS,16,30,0.667,1998.32,401.17,20.71,0.61,Neutral,1060.86
151,11,car,OCCLUDED,3,43,0.522,413.81,351.88,1.48,-0.04,Green,1242.92
151,12,car,OCCLUDED,29,13,0.856,525.51,345.74,9.36,-0.13,Blue,1708.24
151,13,car,OUT_OF_BOUNDS,20,20,0.778,1642.84,392.17,15.42,0.68,Neutral,3840.25
151,14,car,VISIBLE,31,0,0.5777,388.41,350.91,4.38,-0.17,Blue,5926.99
151,15,car,VISIBLE,29,0,0.3901,1274.43,364.75,7.96,0.32,Yellow,1793.49
151,16,car,VISIBLE,20,0,0.6382,920.58,363.19,4.04,0.17,Green,818.27
151,19,car,VISIBLE,8,0,0.4058,1018.68,364.25,6.13,0.28,Yellow,1200.96
152,1,motorcycle,VISIBLE,151,0,0.9141,633.71,456.21,-0.98,0.03,Blue,180136.37
152,2,person,VISIBLE,131,0,0.9367,621.62,356.14,-0.06,0.13,Blue,106670.33
152,3,can,OCCLUDED,32,51,0.433,230.12,446.93,1.67,1.73,Green,796.63
152,4,can,OUT_OF_BOUNDS,5,77,0.144,1608.71,368.07,16.49,-0.07,Green,3451.56
152,5,car,OCCLUDED,26,47,0.478,509.04,366.34,5.01,0.28,Green,1568.26
152,7,car,OCCLUDED,8,46,0.489,519.46,359.77,4.58,0.15,Green,1412.02
152,10,car,OUT_OF_BOUNDS,16,31,0.656,2019.03,401.78,20.71,0.61,Neutral,1060.86
152,11,car,OCCLUDED,3,44,0.511,415.28,351.84,1.48,-0.04,Green,1242.92
152,12,car,OCCLUDED,29,14,0.844,534.87,345.61,9.36,-0.13,Blue,1708.24
152,13,car,OUT_OF_BOUNDS,20,21,0.767,1658.26,392.85,15.42,0.68,Neutral,3840.25
152,14,car,VISIBLE,32,0,0.5306,391.69,350.91,3.61,-0.05,Blue,5597.17
152,15,car,VISIBLE,30,0,0.3901,1282.47,365.08,8.02,0.32,Green,1514.99
152,16,car,VISIBLE,21,0,0.6724,923.19,363.47,3.04,0.24,Green,812.17
152,19,car,VISIBLE,9,0,0.4191,1022.99,364.68,4.85,0.38,Yellow,1220.59
152,20,can,VISIBLE,1,0,0.3301,1051.65,379.19,0.0,0.0,Green,554.28
153,1,motorcycle,VISIBLE,152,0,0.9151,632.05,455.91,-1.46,-0.2,Blue,180681.36
153,2,person,VISIBLE,132,0,0.9345,621.46,355.99,-0.13,-0.07,Blue,106253.48
153,3,can,OCCLUDED,32,52,0.422,231.78,448.66,1.67,1.73,Green,796.63
153,4,can,OUT_OF_BOUNDS,5,78,0.133,1625.2,368.0,16.49,-0.07,Green,3451.56
153,5,car,OCCLUDED,26,48,0.467,514.05,366.63,5.01,0.28,Green,1568.26
153,7,car,OCCLUDED,8,47,0.478,524.05,359.91,4.58,0.15,Green,1412.02
153,10,car,OUT_OF_BOUNDS,16,32,0.644,2039.75,402.39,20.71,0.61,Neutral,1060.86
153,11,car,OCCLUDED,3,45,0.5,416.76,351.81,1.48,-0.04,Green,1242.92
153,12,car,OCCLUDED,29,15,0.833,544.23,345.48,9.36,-0.13,Blue,1708.24
153,13,car,OUT_OF_BOUNDS,20,22,0.756,1673.68,393.53,15.42,0.68,Neutral,3840.25
153,14,car,VISIBLE,33,0,0.4912,394.44,351.07,3.01,0.1,Blue,5274.85
153,15,car,VISIBLE,31,0,0.3901,1290.53,365.39,8.04,0.32,Blue,1241.44
153,16,car,VISIBLE,22,0,0.6803,925.02,363.7,2.19,0.23,Blue,809.89
153,19,car,VISIBLE,10,0,0.398,1026.7,365.29,4.06,0.54,Yellow,1208.88
153,20,can,VISIBLE,2,0,0.7224,1055.92,378.5,4.27,-0.69,Green,639.28
153,21,car,VISIBLE,1,0,0.2841,1257.81,365.19,0.0,0.0,Green,1525.74
154,1,motorcycle,VISIBLE,153,0,0.9161,630.45,455.11,-1.55,-0.63,Blue,181387.16
154,2,person,VISIBLE,133,0,0.9368,622.74,355.62,0.86,-0.28,Blue,104852.99
154,3,can,OCCLUDED,32,53,0.411,233.45,450.38,1.67,1.73,Green,796.63
154,4,can,OUT_OF_BOUNDS,5,79,0.122,1641.68,367.93,16.49,-0.07,Green,3451.56
154,5,car,OCCLUDED,26,49,0.456,519.06,366.91,5.01,0.28,Green,1568.26
154,7,car,OCCLUDED,8,48,0.467,528.63,360.06,4.58,0.15,Green,1412.02
154,10,car,OUT_OF_BOUNDS,16,33,0.633,2060.46,403.0,20.71,0.61,Neutral,1060.86
154,11,car,OCCLUDED,3,46,0.489,418.24,351.77,1.48,-0.04,Green,1242.92
154,12,car,OCCLUDED,29,16,0.822,553.58,345.34,9.36,-0.13,Blue,1708.24
154,13,car,OUT_OF_BOUNDS,20,23,0.744,1689.1,394.2,15.42,0.68,Neutral,3840.25
154,14,car,VISIBLE,34,0,0.5345,396.68,351.21,2.47,0.13,Blue,4906.21
154,15,car,OCCLUDED,31,1,0.989,1298.57,365.72,8.04,0.32,Blue,1241.44
154,16,car,VISIBLE,23,0,0.682,926.4,363.75,1.62,0.11,Green,808.01
154,19,car,VISIBLE,11,0,0.4909,1029.91,365.55,3.47,0.35,Yellow,1202.43
154,20,can,VISIBLE,3,0,0.6217,1062.26,378.36,5.72,-0.31,Green,701.11
154,21,car,VISIBLE,2,0,0.3185,1259.3,365.29,1.49,0.09,Green,1441.5
155,1,motorcycle,VISIBLE,154,0,0.9175,629.05,454.22,-1.45,-0.81,Blue,182024.69
155,2,person,VISIBLE,134,0,0.9393,623.56,355.09,0.83,-0.46,Blue,104472.42
155,3,can,OCCLUDED,32,54,0.4,235.11,452.11,1.67,1.73,Green,796.63
155,4,can,OUT_OF_BOUNDS,5,80,0.111,1658.17,367.87,16.49,-0.07,Green,3451.56
155,5,car,OCCLUDED,26,50,0.444,524.07,367.19,5.01,0.28,Green,1568.26
155,7,car,OCCLUDED,8,49,0.456,533.21,360.21,4.58,0.15,Green,1412.02
155,10,car,OUT_OF_BOUNDS,16,34,0.622,2081.17,403.61,20.71,0.61,Neutral,1060.86
155,11,car,OCCLUDED,3,47,0.478,419.72,351.73,1.48,-0.04,Green,1242.92
155,12,car,OCCLUDED,29,17,0.811,562.94,345.21,9.36,-0.13,Blue,1708.24
155,13,car,OUT_OF_BOUNDS,20,24,0.733,1704.51,394.88,15.42,0.68,Neutral,3840.25
155,14,car,VISIBLE,35,0,0.4944,399.25,350.93,2.55,-0.16,Blue,4554.47
155,15,car,OUT_OF_BOUNDS,31,2,0.978,1306.61,366.04,8.04,0.32,Blue,1241.44
155,16,car,VISIBLE,24,0,0.6772,927.44,363.73,1.21,0.01,Green,817.23
155,19,car,VISIBLE,12,0,0.5562,1033.12,365.81,3.29,0.28,Yellow,1211.91
155,20,can,VISIBLE,4,0,0.6218,1069.9,378.37,7.06,-0.08,Green,715.19
155,21,car,VISIBLE,3,0,0.2592,1261.24,365.69,1.81,0.31,Green,1294.59
156,1,motorcycle,VISIBLE,155,0,0.9166,627.8,453.41,-1.31,-0.81,Blue,182645.3
156,2,person,VISIBLE,135,0,0.9386,623.86,354.21,0.46,-0.75,Blue,104645.22
156,3,can,OCCLUDED,32,55,0.389,236.78,453.84,1.67,1.73,Green,796.63
156,4,can,OUT_OF_BOUNDS,5,81,0.1,1674.66,367.8,16.49,-0.07,Green,3451.56
156,5,car,OCCLUDED,26,51,0.433,529.09,367.47,5.01,0.28,Green,1568.26
156,7,car,OCCLUDED,8,50,0.444,537.8,360.35,4.58,0.15,Green,1412.02
156,10,car,OUT_OF_BOUNDS,16,35,0.611,2101.89,404.22,20.71,0.61,Neutral,1060.86
156,11,car,OCCLUDED,3,48,0.467,421.2,351.7,1.48,-0.04,Green,1242.92
156,12,car,OCCLUDED,29,18,0.8,572.3,345.07,9.36,-0.13,Blue,1708.24
156,13,car,OUT_OF_BOUNDS,20,25,0.722,1719.93,395.56,15.42,0.68,Neutral,3840.25
156,14,car,VISIBLE,36,0,0.5345,402.14,350.78,2.79,-0.15,Green,4061.98
156,15,car,OUT_OF_BOUNDS,31,3,0.967,1314.65,366.36,8.04,0.32,Blue,1241.44
156,16,car,VISIBLE,25,0,0.6734,928.25,363.72,0.93,0.0,Green,828.29
156,19,car,VISIBLE,13,0,0.5822,1035.51,365.92,2.66,0.17,Yellow,1217.37
156,20,can,VISIBLE,5,0,0.685,1077.22,378.6,7.24,0.13,Green,709.11
156,21,car,VISIBLE,4,0,0.1944,1263.5,366.1,2.12,0.38,Green,1118.87
157,1,motorcycle,VISIBLE,156,0,0.9156,626.65,452.66,-1.19,-0.77,Blue,183443.86
157,2,person,VISIBLE,136,0,0.9367,623.98,353.5,0.22,-0.72,Blue,104722.82
157,3,can,OCCLUDED,32,56,0.378,238.44,455.57,1.67,1.73,Green,796.63
157,4,can,OUT_OF_BOUNDS,5,82,0.089,1691.15,367.73,16.49,-0.07,Green,3451.56
157,5,car,OCCLUDED,26,52,0.422,534.1,367.75,5.01,0.28,Green,1568.26
157,7,car,OCCLUDED,8,51,0.433,542.38,360.5,4.58,0.15,Green,1412.02
157,10,car,OUT_OF_BOUNDS,16,36,0.6,2122.6,404.83,20.71,0.61,Neutral,1060.86
157,11,car,OCCLUDED,3,49,0.456,422.68,351.66,1.48,-0.04,Green,1242.92
157,12,car,OCCLUDED,29,19,0.789,581.66,344.94,9.36,-0.13,Blue,1708.24
157,13,car,OUT_OF_BOUNDS,20,26,0.711,1735.35,396.23,15.42,0.68,Neutral,3840.25
157,14,car,VISIBLE,37,0,0.5556,404.94,350.69,2.79,-0.11,Green,3607.74
157,15,car,OUT_OF_BOUNDS,31,4,0.956,1322.69,366.68,8.04,0.32,Blue,1241.44
157,16,car,VISIBLE,26,0,0.6875,928.97,363.71,0.79,-0.0,Green,827.67
157,19,car,VISIBLE,14,0,0.5442,1037.46,366.15,2.16,0.21,Yellow,1212.3
157,20,can,VISIBLE,6,0,0.612,1083.98,378.73,6.91,0.13,Green,699.14
157,21,car,VISIBLE,5,0,0.1802,1265.62,366.7,2.12,0.54,Green,940.13
158,1,motorcycle,VISIBLE,157,0,0.9085,625.48,452.24,-1.18,-0.53,Blue,184196.18
158,2,person,VISIBLE,137,0,0.9379,624.39,352.82,0.36,-0.69,Blue,104520.61
158,3,can,OCCLUDED,32,57,0.367,240.11,457.3,1.67,1.73,Green,796.63
158,4,can,OUT_OF_BOUNDS,5,83,0.078,1707.63,367.67,16.49,-0.07,Green,3451.56
158,5,car,OCCLUDED,26,53,0.411,539.11,368.04,5.01,0.28,Green,1568.26
158,7,car,OCCLUDED,8,52,0.422,546.96,360.64,4.58,0.15,Green,1412.02
158,10,car,OUT_OF_BOUNDS,16,37,0.589,2143.32,405.44,20.71,0.61,Neutral,1060.86
158,11,car,OCCLUDED,3,50,0.444,424.16,351.63,1.48,-0.04,Green,1242.92
158,12,car,OCCLUDED,29,20,0.778,591.01,344.8,9.36,-0.13,Blue,1708.24
158,13,car,OUT_OF_BOUNDS,20,27,0.7,1750.77,396.91,15.42,0.68,Neutral,3840.25
158,14,car,VISIBLE,38,0,0.4333,408.38,350.44,3.24,-0.2,Blue,3087.94
158,15,car,OUT_OF_BOUNDS,31,5,0.944,1330.73,367.0,8.04,0.32,Blue,1241.44
158,16,car,VISIBLE,27,0,0.6712,929.29,363.82,0.46,0.08,Green,833.54
158,19,car,VISIBLE,15,0,0.5583,1039.2,366.4,1.87,0.24,Yellow,1183.85
158,20,can,VISIBLE,7,0,0.5013,1090.25,379.39,6.46,0.5,Green,662.28
158,21,car,VISIBLE,6,0,0.1802,1267.28,367.06,1.8,0.41,Green,819.58
159,1,motorcycle,VISIBLE,158,0,0.9116,624.41,451.78,-1.1,-0.48,Blue,185273.3
159,2,person,VISIBLE,138,0,0.9367,624.41,352.2,0.12,-0.64,Blue,104612.29
159,3,can,OCCLUDED,32,58,0.356,241.77,459.02,1.67,1.73,Green,796.63
159,4,can,OUT_OF_BOUNDS,5,84,0.067,1724.12,367.6,16.49,-0.07,Green,3451.56
159,5,car,OCCLUDED,26,54,0.4,544.12,368.32,5.01,0.28,Green,1568.26
159,7,car,OCCLUDED,8,53,0.411,551.55,360.79,4.58,0.15,Green,1412.02
159,10,car,OUT_OF_BOUNDS,16,38,0.578,2164.03,406.06,20.71,0.61,Neutral,1060.86
159,11,car,OCCLUDED,3,51,0.433,425.63,351.59,1.48,-0.04,Green,1242.92
159,12,car,OCCLUDED,29,21,0.767,600.37,344.67,9.36,-0.13,Blue,1708.24
159,13,car,OUT_OF_BOUNDS,20,28,0.689,1766.19,397.59,15.42,0.68,Neutral,3840.25
159,14,car,VISIBLE,39,0,0.4333,411.84,350.32,3.4,-0.15,Blue,2680.03
159,15,car,OUT_OF_BOUNDS,31,6,0.933,1338.77,367.32,8.04,0.32,Blue,1241.44
159,16,car,VISIBLE,28,0,0.662,929.41,364.08,0.22,0.2,Green,834.82
159,19,car,VISIBLE,16,0,0.5572,1040.56,366.66,1.51,0.25,Yellow,1169.2
159,20,can,VISIBLE,8,0,0.6096,1095.99,379.25,5.96,0.05,Green,634.2
159,21,car,VISIBLE,7,0,0.1802,1268.93,367.41,1.7,0.37,Green,702.59
160,1,motorcycle,VISIBLE,159,0,0.9196,623.37,451.44,-1.06,-0.38,Blue,186498.53
160,2,person,VISIBLE,139,0,0.9368,624.55,352.04,0.13,-0.3,Blue,104643.99
160,3,can,OCCLUDED,32,59,0.344,243.44,460.75,1.67,1.73,Green,796.63
160,4,can,OUT_OF_BOUNDS,5,85,0.056,1740.61,367.53,16.49,-0.07,Green,3451.56
160,5,car,OCCLUDED,26,55,0.389,549.13,368.6,5.01,0.28,Green,1568.26
160,7,car,OCCLUDED,8,54,0.4,556.13,360.93,4.58,0.15,Green,1412.02
160,10,car,OUT_OF_BOUNDS,16,39,0.567,2184.75,406.67,20.71,0.61,Neutral,1060.86
160,11,car,OCCLUDED,3,52,0.422,427.11,351.55,1.48,-0.04,Green,1242.92
160,12,car,OCCLUDED,29,22,0.756,609.73,344.54,9.36,-0.13,Blue,1708.24
160,13,car,OUT_OF_BOUNDS,20,29,0.678,1781.61,398.27,15.42,0.68,Neutral,3840.25
160,14,car,VISIBLE,40,0,0.4333,415.31,350.19,3.45,-0.14,Blue,2277.17
160,15,car,OUT_OF_BOUNDS,31,7,0.922,1346.82,367.64,8.04,0.32,Blue,1241.44
160,16,car,VISIBLE,29,0,0.6618,929.23,364.41,-0.06,0.29,Green,833.19
160,19,car,VISIBLE,17,0,0.5917,1041.57,366.93,1.16,0.26,Yellow,1172.88
160,20,can,VISIBLE,9,0,0.6045,1101.22,380.04,5.44,0.57,Green,591.07
160,21,car,VISIBLE,8,0,0.1802,1270.59,367.76,1.67,0.36,Green,589.15
161,1,motorcycle,VISIBLE,160,0,0.9207,622.29,451.54,-1.07,-0.05,Blue,187201.36
161,2,person,VISIBLE,140,0,0.9349,623.71,351.98,-0.55,-0.14,Blue,105630.25
161,3,can,OCCLUDED,32,60,0.333,245.1,462.48,1.67,1.73,Green,796.63
161,4,can,OUT_OF_BOUNDS,5,86,0.044,1757.1,367.47,16.49,-0.07,Green,3451.56
161,5,car,OCCLUDED,26,56,0.378,554.14,368.88,5.01,0.28,Green,1568.26
161,7,car,OCCLUDED,8,55,0.389,560.71,361.08,4.58,0.15,Green,1412.02
161,10,car,OUT_OF_BOUNDS,16,40,0.556,2205.46,407.28,20.71,0.61,Neutral,1060.86
161,11,car,OCCLUDED,3,53,0.411,428.59,351.52,1.48,-0.04,Green,1242.92
161,12,car,OCCLUDED,29,23,0.744,619.08,344.4,9.36,-0.13,Blue,1708.24
161,13,car,OUT_OF_BOUNDS,20,30,0.667,1797.02,398.94,15.42,0.68,Neutral,3840.25
161,14,car,VISIBLE,41,0,0.4333,418.78,350.06,3.46,-0.13,Blue,1879.34
161,15,car,OUT_OF_BOUNDS,31,8,0.911,1354.86,367.96,8.04,0.32,Blue,1241.44
161,16,car,VISIBLE,30,0,0.67,929.05,364.6,-0.15,0.22,Green,824.03
161,19,car,VISIBLE,18,0,0.6219,1042.47,367.1,0.98,0.19,Yellow,1183.32
161,20,can,VISIBLE,10,0,0.5629,1105.99,380.99,4.97,0.83,Green,565.42
161,21,car,VISIBLE,9,0,0.1802,1272.24,368.12,1.66,0.36,Green,479.27
162,1,motorcycle,VISIBLE,161,0,0.9207,621.52,451.6,-0.86,0.03,Blue,187951.31
162,2,person,VISIBLE,141,0,0.9334,622.87,351.94,-0.76,-0.07,Blue,106828.05
162,3,can,OCCLUDED,32,61,0.322,246.77,464.21,1.67,1.73,Green,796.63
162,4,can,OUT_OF_BOUNDS,5,87,0.033,1773.59,367.4,16.49,-0.07,Green,3451.56
162,5,car,OCCLUDED,26,57,0.367,559.15,369.17,5.01,0.28,Green,1568.26
162,7,car,OCCLUDED,8,56,0.378,565.3,361.22,4.58,0.15,Green,1412.02
162,10,car,OUT_OF_BOUNDS,16,41,0.544,2226.18,407.89,20.71,0.61,Neutral,1060.86
162,11,car,OCCLUDED,3,54,0.4,430.07,351.48,1.48,-0.04,Green,1242.92
162,12,car,OCCLUDED,29,24,0.733,628.44,344.27,9.36,-0.13,Blue,1708.24
162,13,car,OUT_OF_BOUNDS,20,31,0.656,1812.44,399.62,15.42,0.68,Neutral,3840.25
162,14,car,VISIBLE,42,0,0.4333,422.25,349.93,3.47,-0.13,Blue,1486.55
162,15,car,OUT_OF_BOUNDS,31,9,0.9,1362.9,368.28,8.04,0.32,Blue,1241.44
162,16,car,VISIBLE,31,0,0.6699,928.93,364.59,-0.12,0.06,Green,816.37
162,19,car,VISIBLE,19,0,0.6027,1043.3,367.1,0.87,0.06,Yellow,1205.14
162,20,can,VISIBLE,11,0,0.4391,1110.51,381.32,4.66,0.49,Green,560.6
162,21,car,VISIBLE,10,0,0.1802,1273.91,368.48,1.66,0.35,Green,372.94
163,1,motorcycle,VISIBLE,162,0,0.9194,620.79,451.73,-0.77,0.1,Blue,188733.2
163,2,person,VISIBLE,142,0,0.9325,623.14,352.08,-0.03,0.08,Blue,107470.48
163,3,can,OCCLUDED,32,62,0.311,248.44,465.94,1.67,1.73,Green,796.63
163,4,can,OUT_OF_BOUNDS,5,88,0.022,1790.07,367.33,16.49,-0.07,Green,3451.56
163,5,car,OCCLUDED,26,58,0.356,564.16,369.45,5.01,0.28,Green,1568.26
163,7,car,OCCLUDED,8,57,0.367,569.88,361.37,4.58,0.15,Green,1412.02
163,10,car,OUT_OF_BOUNDS,16,42,0.533,2246.89,408.5,20.71,0.61,Neutral,1060.86
163,11,car,OCCLUDED,3,55,0.389,431.55,351.44,1.48,-0.04,Green,1242.92
163,12,car,OCCLUDED,29,25,0.722,637.8,344.13,9.36,-0.13,Blue,1708.24
163,13,car,OUT_OF_BOUNDS,20,32,0.644,1827.86,400.3,15.42,0.68,Neutral,3840.25
163,14,car,VISIBLE,43,0,0.4333,425.72,349.8,3.47,-0.13,Blue,1098.8
163,15,car,OUT_OF_BOUNDS,31,10,0.889,1370.94,368.6,8.04,0.32,Blue,1241.44
163,16,car,VISIBLE,32,0,0.6676,929.01,364.55,0.02,-0.01,Green,797.66
163,19,car,VISIBLE,20,0,0.6218,1044.32,367.04,0.97,-0.02,Yellow,1220.5
163,20,can,VISIBLE,12,0,0.4713,1115.43,381.6,4.84,0.34,Green,546.43
163,21,car,OCCLUDED,10,1,0.989,1275.57,368.83,1.66,0.35,Green,372.94
164,1,motorcycle,VISIBLE,163,0,0.9231,620.06,452.1,-0.75,0.29,Blue,189627.94
164,2,person,VISIBLE,143,0,0.9316,623.48,352.03,0.23,-0.01,Blue,108108.86
164,3,can,OCCLUDED,32,63,0.3,250.1,467.66,1.67,1.73,Green,796.63
164,4,can,OUT_OF_BOUNDS,5,89,0.011,1806.56,367.27,16.49,-0.07,Green,3451.56
164,5,car,OCCLUDED,26,59,0.344,569.17,369.73,5.01,0.28,Green,1568.26
164,7,car,OCCLUDED,8,58,0.356,574.46,361.51,4.58,0.15,Green,1412.02
164,10,car,OUT_OF_BOUNDS,16,43,0.522,2267.6,409.11,20.71,0.61,Neutral,1060.86
164,11,car,OCCLUDED,3,56,0.378,433.03,351.41,1.48,-0.04,Green,1242.92
164,12,car,OCCLUDED,29,26,0.711,647.15,344.0,9.36,-0.13,Blue,1708.24
164,13,car,OUT_OF_BOUNDS,20,33,0.633,1843.28,400.98,15.42,0.68,Neutral,3840.25
164,14,car,OCCLUDED,43,1,0.989,429.18,349.67,3.47,-0.13,Blue,1098.8
164,15,car,OUT_OF_BOUNDS,31,11,0.878,1378.98,368.92,8.04,0.32,Blue,1241.44
164,16,car,VISIBLE,33,0,0.6797,929.05,364.49,0.03,-0.05,Green,783.9
164,19,car,VISIBLE,21,0,0.6108,1045.62,367.0,1.2,-0.04,Yellow,1239.42
164,20,can,VISIBLE,13,0,0.426,1120.01,381.79,4.66,0.24,Green,546.99
164,21,car,OCCLUDED,10,2,0.978,1277.23,369.18,1.66,0.35,Green,372.94
165,1,motorcycle,VISIBLE,164,0,0.9259,618.93,452.62,-1.01,0.45,Blue,190807.32
165,2,person,VISIBLE,144,0,0.9311,623.11,352.34,-0.19,0.21,Blue,109401.26
165,3,can,OCCLUDED,32,64,0.289,251.77,469.39,1.67,1.73,Green,796.63
165,4,can,OUT_OF_BOUNDS,5,90,0.0,1823.05,367.2,16.49,-0.07,Green,3451.56
165,5,car,OCCLUDED,26,60,0.333,574.18,370.01,5.01,0.28,Green,1568.26
165,7,car,OCCLUDED,8,59,0.344,579.04,361.66,4.58,0.15,Green,1412.02
165,10,car,OUT_OF_BOUNDS,16,44,0.511,2288.32,409.72,20.71,0.61,Neutral,1060.86
165,11,car,OCCLUDED,3,57,0.367,434.5,351.37,1.48,-0.04,Green,1242.92
165,12,car,OCCLUDED,29,27,0.7,656.51,343.86,9.36,-0.13,Blue,1708.24
165,13,car,OUT_OF_BOUNDS,20,34,0.622,1858.7,401.65,15.42,0.68,Neutral,3840.25
165,14,car,OCCLUDED,43,2,0.978,432.65,349.54,3.47,-0.13,Blue,1098.8
165,15,car,OUT_OF_BOUNDS,31,12,0.867,1387.02,369.24,8.04,0.32,Blue,1241.44
165,16,car,VISIBLE,34,0,0.6686,929.07,364.55,0.02,0.04,Green,770.08
165,19,car,VISIBLE,22,0,0.5164,1046.82,367.01,1.2,0.0,Yellow,1235.89
165,20,can,VISIBLE,14,0,0.5223,1124.93,381.77,4.84,0.06,Green,537.09
165,21,car,OCCLUDED,10,3,0.967,1278.89,369.53,1.66,0.35,Green,372.94
166,1,motorcycle,VISIBLE,165,0,0.9278,617.63,453.55,-1.21,0.79,Blue,192106.73
166,2,person,VISIBLE,145,0,0.935,622.55,352.5,-0.45,0.18,Blue,110617.29
166,3,can,OCCLUDED,32,65,0.278,253.43,471.12,1.67,1.73,Green,796.63
166,4,can,OUT_OF_BOUNDS,5,91,0.0,1839.54,367.13,16.49,-0.07,Green,3451.56
166,5,car,OCCLUDED,26,61,0.322,579.19,370.3,5.01,0.28,Green,1568.26
166,7,car,OCCLUDED,8,60,0.333,583.63,361.8,4.58,0.15,Green,1412.02
166,10,car,OUT_OF_BOUNDS,16,45,0.5,2309.03,410.33,20.71,0.61,Neutral,1060.86
166,11,car,OCCLUDED,3,58,0.356,435.98,351.33,1.48,-0.04,Green,1242.92
166,12,car,OCCLUDED,29,28,0.689,665.87,343.73,9.36,-0.13,Blue,1708.24
166,13,car,OUT_OF_BOUNDS,20,35,0.611,1874.12,402.33,15.42,0.68,Neutral,3840.25
166,14,car,OCCLUDED,43,3,0.967,436.11,349.42,3.47,-0.13,Blue,1098.8
166,15,car,OUT_OF_BOUNDS,31,13,0.856,1395.07,369.56,8.04,0.32,Blue,1241.44
166,16,car,VISIBLE,35,0,0.6916,929.05,364.84,-0.0,0.21,Green,755.58
166,19,car,VISIBLE,23,0,0.5677,1047.77,367.2,1.03,0.13,Yellow,1237.7
166,20,can,VISIBLE,15,0,0.6375,1129.58,381.93,4.71,0.12,Green,528.84
166,21,car,OCCLUDED,10,4,0.956,1280.56,369.89,1.66,0.35,Green,372.94
167,1,motorcycle,VISIBLE,166,0,0.9285,616.06,454.38,-1.47,0.81,Blue,193658.73
167,2,person,VISIBLE,146,0,0.9291,622.53,352.29,-0.15,-0.09,Blue,111206.12
167,3,can,OCCLUDED,32,66,0.267,255.1,472.85,1.67,1.73,Green,796.63
167,4,can,OUT_OF_BOUNDS,5,92,0.0,1856.03,367.07,16.49,-0.07,Green,3451.56
167,5,car,OCCLUDED,26,62,0.311,584.2,370.58,5.01,0.28,Green,1568.26
167,7,car,OCCLUDED,8,61,0.322,588.21,361.95,4.58,0.15,Green,1412.02
167,10,car,OUT_OF_BOUNDS,16,46,0.489,2329.75,410.95,20.71,0.61,Neutral,1060.86
167,11,car,OCCLUDED,3,59,0.344,437.46,351.3,1.48,-0.04,Green,1242.92
167,12,car,OCCLUDED,29,29,0.678,675.22,343.6,9.36,-0.13,Blue,1708.24
167,13,car,OUT_OF_BOUNDS,20,36,0.6,1889.53,403.01,15.42,0.68,Neutral,3840.25
167,14,car,OCCLUDED,43,4,0.956,439.58,349.29,3.47,-0.13,Blue,1098.8
167,15,car,OUT_OF_BOUNDS,31,14,0.844,1403.11,369.88,8.04,0.32,Blue,1241.44
167,16,car,VISIBLE,36,0,0.6788,928.76,365.14,-0.2,0.28,Green,747.59
167,19,car,VISIBLE,24,0,0.5534,1048.59,367.6,0.88,0.32,Yellow,1239.1
167,20,can,VISIBLE,16,0,0.6061,1134.26,381.12,4.69,-0.52,Green,611.53
167,21,car,OCCLUDED,10,5,0.944,1282.22,370.24,1.66,0.35,Green,372.94
168,1,motorcycle,VISIBLE,167,0,0.9283,614.32,455.2,-1.66,0.82,Blue,195320.55
168,2,person,VISIBLE,147,0,0.9325,622.32,352.37,-0.2,0.02,Blue,111815.97
168,3,can,OCCLUDED,32,67,0.256,256.76,474.58,1.67,1.73,Green,796.63
168,4,can,OUT_OF_BOUNDS,5,93,0.0,1872.51,367.0,16.49,-0.07,Green,3451.56
168,5,car,OCCLUDED,26,63,0.3,589.21,370.86,5.01,0.28,Green,1568.26
168,7,car,OCCLUDED,8,62,0.311,592.79,362.09,4.58,0.15,Green,1412.02
168,10,car,OUT_OF_BOUNDS,16,47,0.478,2350.46,411.56,20.71,0.61,Neutral,1060.86
168,11,car,OCCLUDED,3,60,0.333,438.94,351.26,1.48,-0.04,Green,1242.92
168,12,car,OCCLUDED,29,30,0.667,684.58,343.46,9.36,-0.13,Blue,1708.24
168,13,car,OUT_OF_BOUNDS,20,37,0.589,1904.95,403.69,15.42,0.68,Neutral,3840.25
168,14,car,OCCLUDED,43,5,0.944,443.04,349.16,3.47,-0.13,Blue,1098.8
168,15,car,OUT_OF_BOUNDS,31,15,0.833,1411.15,370.2,8.04,0.32,Blue,1241.44
168,16,car,VISIBLE,37,0,0.6768,928.29,365.48,-0.39,0.31,Green,750.86
168,19,car,VISIBLE,25,0,0.5507,1049.11,368.09,0.63,0.44,Yellow,1251.57
168,20,can,VISIBLE,17,0,0.4843,1137.71,379.8,3.82,-1.08,Green,741.75
168,21,car,OCCLUDED,10,6,0.933,1283.88,370.59,1.66,0.35,Green,372.94
169,1,motorcycle,VISIBLE,168,0,0.9308,612.83,455.83,-1.54,0.69,Blue,196806.57
169,2,person,VISIBLE,148,0,0.9314,621.53,352.39,-0.61,0.03,Blue,112453.5
169,3,can,OCCLUDED,32,68,0.244,258.43,476.3,1.67,1.73,Green,796.63
169,4,can,OUT_OF_BOUNDS,5,94,0.0,1889.0,366.93,16.49,-0.07,Green,3451.56
169,5,car,OCCLUDED,26,64,0.289,594.22,371.14,5.01,0.28,Green,1568.26
169,7,car,OCCLUDED,8,63,0.3,597.38,362.24,4.58,0.15,Green,1412.02
169,10,car,OUT_OF_BOUNDS,16,48,0.467,2371.18,412.17,20.71,0.61,Neutral,1060.86
169,11,car,OCCLUDED,3,61,0.322,440.42,351.22,1.48,-0.04,Green,1242.92
169,12,car,OCCLUDED,29,31,0.656,693.94,343.33,9.36,-0.13,Blue,1708.24
169,13,car,OUT_OF_BOUNDS,20,38,0.578,1920.37,404.36,15.42,0.68,Neutral,3840.25
169,14,car,OCCLUDED,43,6,0.933,446.51,349.03,3.47,-0.13,Blue,1098.8
169,15,car,OUT_OF_BOUNDS,31,16,0.822,1419.19,370.52,8.04,0.32,Blue,1241.44
169,16,car,VISIBLE,38,0,0.6477,927.68,365.65,-0.54,0.22,Green,760.35
169,19,car,VISIBLE,26,0,0.5308,1049.47,368.6,0.44,0.49,Yellow,1262.14
169,20,can,VISIBLE,18,0,0.5341,1140.62,380.78,3.18,0.36,Green,717.62
169,21,car,OCCLUDED,10,7,0.922,1285.55,370.94,1.66,0.35,Green,372.94
170,1,motorcycle,VISIBLE,169,0,0.9304,611.1,456.43,-1.67,0.63,Blue,198325.96
170,2,person,VISIBLE,149,0,0.9317,620.53,352.36,-0.88,-0.02,Blue,113021.86
170,3,can,OCCLUDED,32,69,0.233,260.09,478.03,1.67,1.73,Green,796.63
170,4,can,OUT_OF_BOUNDS,5,95,0.0,1905.49,366.87,16.49,-0.07,Green,3451.56
170,5,car,OCCLUDED,26,65,0.278,599.24,371.42,5.01,0.28,Green,1568.26
170,7,car,OCCLUDED,8,64,0.289,601.96,362.38,4.58,0.15,Green,1412.02
170,10,car,OUT_OF_BOUNDS,16,49,0.456,2391.89,412.78,20.71,0.61,Neutral,1060.86
170,11,car,OCCLUDED,3,62,0.311,441.9,351.19,1.48,-0.04,Green,1242.92
170,12,car,OCCLUDED,29,32,0.644,703.29,343.19,9.36,-0.13,Blue,1708.24
170,13,car,OUT_OF_BOUNDS,20,39,0.567,1935.79,405.04,15.42,0.68,Neutral,3840.25
170,14,car,OCCLUDED,43,7,0.922,449.97,348.91,3.47,-0.13,Blue,1098.8
170,15,car,OUT_OF_BOUNDS,31,17,0.811,1427.23,370.84,8.04,0.32,Blue,1241.44
170,16,car,VISIBLE,39,0,0.6342,926.88,365.9,-0.73,0.24,Green,768.22
170,19,car,VISIBLE,27,0,0.5263,1049.72,368.96,0.31,0.4,Yellow,1270.72
170,20,can,VISIBLE,19,0,0.5791,1144.01,381.52,3.33,0.62,Green,686.34
170,21,car,OCCLUDED,10,8,0.911,1287.21,371.3,1.66,0.35,Green,372.94
171,1,motorcycle,VISIBLE,170,0,0.9321,608.88,456.94,-2.05,0.54,Blue,199708.74
171,2,person,VISIBLE,150,0,0.9336,619.53,352.16,-0.96,-0.14,Blue,113621.05
171,3,can,OCCLUDED,32,70,0.222,261.76,479.76,1.67,1.73,Green,796.63
171,4,can,OUT_OF_BOUNDS,5,96,0.0,1921.98,366.8,16.49,-0.07,Green,3451.56
171,5,car,OCCLUDED,26,66,0.267,604.25,371.71,5.01,0.28,Green,1568.26
171,7,car,OCCLUDED,8,65,0.278,606.54,362.53,4.58,0.15,Green,1412.02
171,10,car,OUT_OF_BOUNDS,16,50,0.444,2412.61,413.39,20.71,0.61,Neutral,1060.86
171,11,car,OCCLUDED,3,63,0.3,443.38,351.15,1.48,-0.04,Green,1242.92
171,12,car,VISIBLE,30,0,0.5508,857.9,371.04,12.44,0.46,Blue,2463.74
171,13,car,OUT_OF_BOUNDS,20,40,0.556,1951.21,405.72,15.42,0.68,Neutral,3840.25
171,14,car,OCCLUDED,43,8,0.911,453.44,348.78,3.47,-0.13,Blue,1098.8
171,15,car,OUT_OF_BOUNDS,31,18,0.8,1435.27,371.16,8.04,0.32,Blue,1241.44
171,16,car,VISIBLE,40,0,0.6139,926.12,366.08,-0.75,0.2,Green,770.77
171,19,car,VISIBLE,28,0,0.507,1049.97,369.12,0.27,0.24,Yellow,1261.03
171,20,can,VISIBLE,20,0,0.6306,1147.18,382.32,3.22,0.75,Green,667.5
171,21,car,OCCLUDED,10,9,0.9,1288.87,371.65,1.66,0.35,Green,372.94
172,1,motorcycle,VISIBLE,171,0,0.9305,606.32,457.23,-2.41,0.37,Blue,201399.44
172,2,person,VISIBLE,151,0,0.9325,618.04,351.3,-1.33,-0.65,Blue,114460.67
172,3,can,OCCLUDED,32,71,0.211,263.42,481.49,1.67,1.73,Green,796.63
172,4,can,OUT_OF_BOUNDS,5,97,0.0,1938.47,366.73,16.49,-0.07,Green,3451.56
172,5,car,OCCLUDED,26,67,0.256,609.26,371.99,5.01,0.28,Green,1568.26
172,7,car,OCCLUDED,8,66,0.267,611.13,362.67,4.58,0.15,Green,1412.02
172,10,car,OUT_OF_BOUNDS,16,51,0.433,2433.32,414.0,20.71,0.61,Neutral,1060.86
172,11,car,OCCLUDED,3,64,0.289,444.85,351.11,1.48,-0.04,Green,1242.92
172,12,car,VISIBLE,31,0,0.5616,860.64,371.58,5.65,0.52,Blue,2448.54
172,13,car,OUT_OF_BOUNDS,20,41,0.544,1966.63,406.39,15.42,0.68,Neutral,3840.25
172,14,car,OCCLUDED,43,9,0.9,456.91,348.65,3.47,-0.13,Blue,1098.8
172,15,car,OUT_OF_BOUNDS,31,19,0.789,1443.32,371.48,8.04,0.32,Blue,1241.44
172,16,car,VISIBLE,41,0,0.5942,925.29,366.19,-0.81,0.14,Green,766.2
172,19,car,VISIBLE,29,0,0.4431,1050.3,369.0,0.31,-0.01,Yellow,1261.98
172,20,can,VISIBLE,21,0,0.1981,1150.37,379.19,3.2,-1.96,Green,816.07
172,21,car,OCCLUDED,10,10,0.889,1290.54,372.0,1.66,0.35,Green,372.94
173,1,motorcycle,VISIBLE,172,0,0.9316,603.87,457.63,-2.44,0.39,Blue,203190.22
173,2,person,VISIBLE,152,0,0.9316,616.76,350.42,-1.3,-0.81,Blue,114969.69
173,3,can,OCCLUDED,32,72,0.2,265.09,483.21,1.67,1.73,Green,796.63
173,4,can,OUT_OF_BOUNDS,5,98,0.0,1954.95,366.67,16.49,-0.07,Green,3451.56
173,5,car,OCCLUDED,26,68,0.244,614.27,372.27,5.01,0.28,Green,1568.26
173,7,car,OCCLUDED,8,67,0.256,615.71,362.82,4.58,0.15,Green,1412.02
173,10,car,OUT_OF_BOUNDS,16,52,0.422,2454.03,414.61,20.71,0.61,Neutral,1060.86
173,11,car,OCCLUDED,3,65,0.278,446.33,351.08,1.48,-0.04,Green,1242.92
173,12,car,VISIBLE,32,0,0.4349,864.65,372.16,4.5,0.56,Blue,2425.33
173,13,car,OUT_OF_BOUNDS,20,42,0.533,1982.04,407.07,15.42,0.68,Neutral,3840.25
173,14,car,OCCLUDED,43,10,0.889,460.37,348.52,3.47,-0.13,Blue,1098.8
173,15,car,OUT_OF_BOUNDS,31,20,0.778,1451.36,371.8,8.04,0.32,Blue,1241.44
173,16,car,VISIBLE,42,0,0.554,924.63,366.11,-0.7,-0.02,Green,753.45
173,19,car,VISIBLE,30,0,0.3669,1050.58,368.66,0.29,-0.24,Yellow,1268.58
173,20,person,VISIBLE,22,0,0.2828,1153.45,376.9,3.12,-2.2,Green,935.79
173,21,car,OCCLUDED,10,11,0.878,1292.2,372.35,1.66,0.35,Green,372.94
174,1,motorcycle,VISIBLE,173,0,0.9332,601.34,458.15,-2.5,0.48,Blue,205260.21
174,2,person,VISIBLE,153,0,0.9326,615.34,350.12,-1.39,-0.46,Blue,115552.39
174,3,can,OCCLUDED,32,73,0.189,266.75,484.94,1.67,1.73,Green,796.63
174,4,can,OUT_OF_BOUNDS,5,99,0.0,1971.44,366.6,16.49,-0.07,Green,3451.56
174,5,car,OCCLUDED,26,69,0.233,619.28,372.55,5.01,0.28,Green,1568.26
174,7,car,OCCLUDED,8,68,0.244,620.29,362.96,4.58,0.15,Green,1412.02
174,10,car,OUT_OF_BOUNDS,16,53,0.411,2474.75,415.22,20.71,0.61,Neutral,1060.86
174,11,car,OCCLUDED,3,66,0.267,447.81,351.04,1.48,-0.04,Green,1242.92
174,12,car,VISIBLE,33,0,0.4405,869.0,372.55,4.4,0.44,Blue,2402.88
174,13,car,OUT_OF_BOUNDS,20,43,0.522,1997.46,407.75,15.42,0.68,Neutral,3840.25
174,14,car,OCCLUDED,43,11,0.878,463.84,348.4,3.47,-0.13,Blue,1098.8
174,15,car,OUT_OF_BOUNDS,31,21,0.767,1459.4,372.12,8.04,0.32,Blue,1241.44
174,16,car,VISIBLE,43,0,0.4754,924.14,366.11,-0.56,-0.01,Green,736.11
174,19,car,VISIBLE,31,0,0.407,1050.9,368.54,0.31,-0.16,Yellow,1262.34
174,20,can,VISIBLE,23,0,0.301,1156.67,375.8,3.19,-1.43,Green,996.41
174,21,car,OCCLUDED,10,12,0.867,1293.86,372.71,1.66,0.35,Green,372.94
175,1,motorcycle,VISIBLE,174,0,0.9378,599.02,458.92,-2.37,0.69,Blue,207548.36
175,2,person,VISIBLE,154,0,0.9312,614.43,350.25,-1.05,-0.04,Blue,116074.71
175,3,can,OCCLUDED,32,74,0.178,268.42,486.67,1.67,1.73,Green,796.63
175,4,can,OUT_OF_BOUNDS,5,100,0.0,1987.93,366.53,16.49,-0.07,Green,3451.56
175,5,car,OCCLUDED,26,70,0.222,624.29,372.84,5.01,0.28,Green,1568.26
175,7,car,OCCLUDED,8,69,0.233,624.88,363.11,4.58,0.15,Green,1412.02
175,10,car,OUT_OF_BOUNDS,16,54,0.4,2495.46,415.84,20.71,0.61,Neutral,1060.86
175,11,car,OCCLUDED,3,67,0.256,449.29,351.0,1.48,-0.04,Green,1242.92
175,12,car,VISIBLE,34,0,0.4093,873.96,372.69,4.79,0.23,Blue,2388.93
175,13,car,OUT_OF_BOUNDS,20,44,0.511,2012.88,408.43,15.42,0.68,Neutral,3840.25
175,14,car,OCCLUDED,43,12,0.867,467.3,348.27,3.47,-0.13,Blue,1098.8
175,15,car,OUT_OF_BOUNDS,31,22,0.756,1467.44,372.44,8.04,0.32,Blue,1241.44
175,16,car,VISIBLE,44,0,0.4144,923.9,366.22,-0.33,0.08,Green,716.04
175,19,car,VISIBLE,32,0,0.4315,1051.45,368.33,0.47,-0.2,Yellow,1270.25
175,20,person,VISIBLE,24,0,0.342,1159.53,374.5,2.96,-1.34,Green,1065.87
175,21,car,OCCLUDED,10,13,0.856,1295.53,373.06,1.66,0.35,Green,372.94
176,1,motorcycle,VISIBLE,175,0,0.9372,596.89,459.92,-2.2,0.9,Blue,209754.92
176,2,person,VISIBLE,155,0,0.9308,613.46,350.21,-0.99,-0.04,Blue,116707.65
176,3,can,OCCLUDED,32,75,0.167,270.08,488.4,1.67,1.73,Green,796.63
176,4,can,OUT_OF_BOUNDS,5,101,0.0,2004.42,366.47,16.49,-0.07,Green,3451.56
176,5,car,OCCLUDED,26,71,0.211,629.3,373.12,5.01,0.28,Green,1568.26
176,7,car,OCCLUDED,8,70,0.222,629.46,363.25,4.58,0.15,Green,1412.02
176,10,car,OUT_OF_BOUNDS,16,55,0.389,2516.18,416.45,20.71,0.61,Neutral,1060.86
176,11,car,OCCLUDED,3,68,0.244,450.77,350.97,1.48,-0.04,Green,1242.92
176,12,car,VISIBLE,35,0,0.3559,878.94,373.01,4.92,0.3,Green,2468.67
176,13,car,OUT_OF_BOUNDS,20,45,0.5,2028.3,409.1,15.42,0.68,Neutral,3840.25
176,14,car,OCCLUDED,43,13,0.856,470.77,348.14,3.47,-0.13,Blue,1098.8
176,15,car,OUT_OF_BOUNDS,31,23,0.744,1475.48,372.76,8.04,0.32,Blue,1241.44
176,16,car,VISIBLE,45,0,0.4362,924.16,366.16,0.09,-0.01,Green,723.66
176,19,car,VISIBLE,33,0,0.4936,1052.43,368.32,0.83,-0.06,Yellow,1267.59
176,20,can,VISIBLE,25,0,0.5429,1163.22,376.64,3.47,1.1,Green,939.5
176,21,car,OCCLUDED,10,14,0.844,1297.19,373.41,1.66,0.35,Green,372.94
177,1,motorcycle,VISIBLE,176,0,0.9371,595.55,461.15,-1.61,1.13,Blue,211888.46
177,2,person,VISIBLE,156,0,0.9298,612.62,350.2,-0.88,-0.02,Blue,117936.3
177,3,can,OCCLUDED,32,76,0.156,271.75,490.13,1.67,1.73,Green,796.63
177,4,can,OUT_OF_BOUNDS,5,102,0.0,2020.91,366.4,16.49,-0.07,Green,3451.56
177,5,car,OCCLUDED,26,72,0.2,634.31,373.4,5.01,0.28,Green,1568.26
177,7,car,OCCLUDED,8,71,0.211,634.04,363.4,4.58,0.15,Green,1412.02
177,10,car,OUT_OF_BOUNDS,16,56,0.378,2536.89,417.06,20.71,0.61,Neutral,1060.86
177,11,car,OCCLUDED,3,69,0.233,452.25,350.93,1.48,-0.04,Green,1242.92
177,12,car,VISIBLE,36,0,0.452,884.83,373.24,5.6,0.25,Green,2476.88
177,13,car,OUT_OF_BOUNDS,20,46,0.489,2043.72,409.78,15.42,0.68,Neutral,3840.25
177,14,car,OCCLUDED,43,14,0.844,474.23,348.01,3.47,-0.13,Blue,1098.8
177,15,car,OUT_OF_BOUNDS,31,24,0.733,1483.52,373.08,8.04,0.32,Blue,1241.44
177,16,car,VISIBLE,46,0,0.4351,925.33,366.07,0.84,-0.07,Green,738.29
177,19,car,VISIBLE,34,0,0.5643,1054.35,368.62,1.6,0.19,Yellow,1249.47
177,20,can,VISIBLE,26,0,0.3124,1167.81,376.94,4.26,0.54,Green,870.98
177,21,car,OCCLUDED,10,15,0.833,1298.85,373.77,1.66,0.35,Green,372.94
178,1,motorcycle,VISIBLE,177,0,0.9354,594.93,462.36,-0.91,1.18,Blue,214115.79
178,2,person,VISIBLE,157,0,0.9263,612.67,349.75,-0.23,-0.32,Blue,118919.61
178,3,can,OCCLUDED,32,77,0.144,273.41,491.85,1.67,1.73,Green,796.63
178,4,can,OUT_OF_BOUNDS,5,103,0.0,2037.39,366.34,16.49,-0.07,Green,3451.56
178,5,car,OCCLUDED,26,73,0.189,639.32,373.68,5.01,0.28,Green,1568.26
178,7,car,OCCLUDED,8,72,0.2,638.63,363.55,4.58,0.15,Green,1412.02
178,10,car,OUT_OF_BOUNDS,16,57,0.367,2557.61,417.67,20.71,0.61,Neutral,1060.86
178,11,car,OCCLUDED,3,70,0.222,453.73,350.9,1.48,-0.04,Green,1242.92
178,12,car,VISIBLE,37,0,0.5337,891.35,373.44,6.24,0.21,Green,2426.64
178,13,car,OUT_OF_BOUNDS,20,47,0.478,2059.14,410.46,15.42,0.68,Neutral,3840.25
178,14,car,OCCLUDED,43,15,0.833,477.7,347.88,3.47,-0.13,Blue,1098.8
178,15,car,OUT_OF_BOUNDS,31,25,0.722,1491.57,373.4,8.04,0.32,Blue,1241.44
178,16,car,VISIBLE,47,0,0.361,927.53,365.77,1.79,-0.23,Green,741.03
178,19,car,VISIBLE,35,0,0.5402,1057.13,368.98,2.43,0.31,Yellow,1253.6
178,20,can,VISIBLE,27,0,0.2719,1173.32,379.5,5.13,1.96,Green,719.44
178,21,car,OUT_OF_BOUNDS,10,16,0.822,1300.52,374.12,1.66,0.35,Green,372.94
179,1,motorcycle,VISIBLE,178,0,0.935,595.35,463.39,0.01,1.08,Blue,216482.1
179,2,person,VISIBLE,158,0,0.9257,613.93,349.57,0.81,-0.22,Blue,119770.25
179,3,can,OCCLUDED,32,78,0.133,275.08,493.58,1.67,1.73,Green,796.63
179,4,can,OUT_OF_BOUNDS,5,104,0.0,2053.88,366.27,16.49,-0.07,Green,3451.56
179,5,car,OCCLUDED,26,74,0.178,644.33,373.96,5.01,0.28,Green,1568.26
179,7,car,OCCLUDED,8,73,0.189,643.21,363.69,4.58,0.15,Green,1412.02
179,10,car,OUT_OF_BOUNDS,16,58,0.356,2578.32,418.28,20.71,0.61,Neutral,1060.86
179,11,car,OCCLUDED,3,71,0.211,455.2,350.86,1.48,-0.04,Green,1242.92
179,12,car,VISIBLE,38,0,0.506,898.51,373.55,6.89,0.14,Green,2390.93
179,13,car,OUT_OF_BOUNDS,20,48,0.467,2074.55,411.14,15.42,0.68,Neutral,3840.25
179,14,car,OCCLUDED,43,16,0.822,481.17,347.76,3.47,-0.13,Blue,1098.8
179,15,car,OUT_OF_BOUNDS,31,26,0.711,1499.61,373.72,8.04,0.32,Blue,1241.44
179,16,car,VISIBLE,48,0,0.3467,931.07,365.42,3.02,-0.32,Green,717.04
179,19,car,VISIBLE,36,0,0.5356,1060.75,369.23,3.26,0.27,Yellow,1249.76
179,20,can,VISIBLE,28,0,0.1663,1179.12,381.19,5.6,1.76,Green,664.03
179,21,car,OUT_OF_BOUNDS,10,17,0.811,1302.18,374.47,1.66,0.35,Green,372.94
180,1,motorcycle,VISIBLE,179,0,0.9362,596.09,464.18,0.52,0.87,Blue,219185.7
180,2,person,VISIBLE,159,0,0.9285,615.92,349.23,1.64,-0.31,Blue,120481.65
180,3,can,OCCLUDED,32,79,0.122,276.74,495.31,1.67,1.73,Green,796.63
180,4,can,OUT_OF_BOUNDS,5,105,0.0,2070.37,366.2,16.49,-0.07,Green,3451.56
180,5,car,OCCLUDED,26,75,0.167,649.34,374.25,5.01,0.28,Green,1568.26
180,7,car,OCCLUDED,8,74,0.178,647.79,363.84,4.58,0.15,Green,1412.02
180,10,car,OUT_OF_BOUNDS,16,59,0.344,2599.03,418.89,20.71,0.61,Neutral,1060.86
180,11,car,OCCLUDED,3,72,0.2,456.68,350.82,1.48,-0.04,Green,1242.92
180,12,car,VISIBLE,39,0,0.4956,906.12,373.6,7.39,0.08,Green,2371.59
180,13,car,OUT_OF_BOUNDS,20,49,0.456,2089.97,411.81,15.42,0.68,Neutral,3840.25
180,14,car,OCCLUDED,43,17,0.811,484.63,347.63,3.47,-0.13,Blue,1098.8
180,15,car,OUT_OF_BOUNDS,31,27,0.7,1507.65,374.04,8.04,0.32,Blue,1241.44
180,16,car,VISIBLE,49,0,0.2846,935.95,365.25,4.32,-0.21,Green,674.13
180,19,car,VISIBLE,37,0,0.4856,1064.51,369.35,3.61,0.16,Yellow,1241.64
180,20,can,VISIBLE,29,0,0.2848,1185.99,383.04,6.48,1.83,Green,571.76
180,21,car,OUT_OF_BOUNDS,10,18,0.8,1303.84,374.82,1.66,0.35,Green,372.94
181,1,motorcycle,VISIBLE,180,0,0.9324,595.74,464.91,-0.08,0.78,Blue,220610.81
181,2,person,VISIBLE,160,0,0.9231,618.11,348.62,2.02,-0.51,Blue,120930.32
181,3,can,OCCLUDED,32,80,0.111,278.41,497.04,1.67,1.73,Green,796.63
181,4,can,OUT_OF_BOUNDS,5,106,0.0,2086.86,366.14,16.49,-0.07,Green,3451.56
181,5,car,OCCLUDED,26,76,0.156,654.35,374.53,5.01,0.28,Green,1568.26
181,7,car,OCCLUDED,8,75,0.167,652.37,363.98,4.58,0.15,Green,1412.02
181,10,car,OUT_OF_BOUNDS,16,60,0.333,2619.75,419.5,20.71,0.61,Neutral,1060.86
181,11,car,OCCLUDED,3,73,0.189,458.16,350.79,1.48,-0.04,Green,1242.92
181,12,car,VISIBLE,40,0,0.4954,913.67,373.46,7.5,-0.08,Green,2367.19
181,13,car,OUT_OF_BOUNDS,20,50,0.444,2105.39,412.49,15.42,0.68,Neutral,3840.25
181,14,car,OCCLUDED,43,18,0.8,488.1,347.5,3.47,-0.13,Blue,1098.8
181,15,car,OUT_OF_BOUNDS,31,28,0.689,1515.69,374.36,8.04,0.32,Blue,1241.44
181,16,car,VISIBLE,50,0,0.192,941.05,364.81,4.86,-0.38,Green,609.41
181,19,car,VISIBLE,38,0,0.5899,1068.95,369.23,4.19,-0.04,Yellow,1216.09
181,20,can,VISIBLE,30,0,0.355,1192.38,384.03,6.42,1.24,Green,516.82
181,21,car,OUT_OF_BOUNDS,10,19,0.789,1305.5,375.18,1.66,0.35,Green,372.94
182,1,motorcycle,VISIBLE,181,0,0.9331,595.18,465.23,-0.42,0.45,Blue,221506.43
182,2,person,VISIBLE,161,0,0.9238,619.14,347.94,1.33,-0.64,Blue,122350.08
182,3,can,OCCLUDED,32,81,0.1,280.07,498.77,1.67,1.73,Green,796.63
182,4,can,OUT_OF_BOUNDS,5,107,0.0,2103.35,366.07,16.49,-0.07,Green,3451.56
182,5,car,OCCLUDED,26,77,0.144,659.36,374.81,5.01,0.28,Green,1568.26
182,7,car,OCCLUDED,8,76,0.156,656.96,364.13,4.58,0.15,Green,1412.02
182,10,car,OUT_OF_BOUNDS,16,61,0.322,2640.46,420.11,20.71,0.61,Neutral,1060.86
182,11,car,OCCLUDED,3,74,0.178,459.64,350.75,1.48,-0.04,Green,1242.92
182,12,car,VISIBLE,41,0,0.5368,921.56,373.18,7.77,-0.22,Green,2349.4
182,13,car,OUT_OF_BOUNDS,20,51,0.433,2120.81,413.17,15.42,0.68,Neutral,3840.25
182,14,car,OCCLUDED,43,19,0.789,491.56,347.37,3.47,-0.13,Blue,1098.8
182,15,car,OUT_OF_BOUNDS,31,29,0.678,1523.73,374.68,8.04,0.32,Blue,1241.44
182,16,car,VISIBLE,51,0,0.192,944.12,364.57,3.61,-0.27,Green,575.65
182,19,car,VISIBLE,39,0,0.5518,1073.88,368.93,4.71,-0.22,Yellow,1209.23
182,20,can,VISIBLE,31,0,0.2082,1199.49,384.41,6.91,0.64,Green,488.15
182,21,car,OUT_OF_BOUNDS,10,20,0.778,1307.17,375.53,1.66,0.35,Green,372.94
183,1,motorcycle,VISIBLE,182,0,0.9292,595.08,464.83,-0.2,-0.14,Blue,222948.8
183,2,person,VISIBLE,162,0,0.918,620.86,346.77,1.6,-1.0,Blue,123283.75
183,3,can,OCCLUDED,32,82,0.089,281.74,500.49,1.67,1.73,Green,796.63
183,4,can,OUT_OF_BOUNDS,5,108,0.0,2119.83,366.0,16.49,-0.07,Green,3451.56
183,5,car,OCCLUDED,26,78,0.133,664.37,375.09,5.01,0.28,Green,1568.26
183,7,car,OCCLUDED,8,77,0.144,661.54,364.27,4.58,0.15,Green,1412.02
183,10,car,OUT_OF_BOUNDS,16,62,0.311,2661.18,420.73,20.71,0.61,Neutral,1060.86
183,11,car,OCCLUDED,3,75,0.167,461.12,350.71,1.48,-0.04,Green,1242.92
183,12,car,VISIBLE,42,0,0.6408,930.03,372.87,8.27,-0.28,Green,2373.46
183,13,car,OUT_OF_BOUNDS,20,52,0.422,2136.23,413.84,15.42,0.68,Neutral,3840.25
183,14,car,OCCLUDED,43,20,0.778,495.03,347.25,3.47,-0.13,Blue,1098.8
183,15,car,OUT_OF_BOUNDS,31,30,0.667,1531.77,375.0,8.04,0.32,Blue,1241.44
183,16,car,VISIBLE,52,0,0.192,947.18,364.35,3.23,-0.24,Blue,540.04
183,19,car,VISIBLE,40,0,0.5382,1078.7,368.82,4.79,-0.14,Yellow,1200.55
183,20,can,VISIBLE,32,0,0.3263,1206.88,384.34,7.25,0.14,Green,466.27
183,21,car,OUT_OF_BOUNDS,10,21,0.767,1308.83,375.88,1.66,0.35,Green,372.94
184,1,motorcycle,VISIBLE,183,0,0.9274,596.34,464.28,0.83,-0.43,Blue,225456.83
184,2,person,VISIBLE,163,0,0.9207,622.42,345.63,1.57,-1.1,Blue,124257.68
184,3,can,OCCLUDED,32,83,0.078,283.4,502.22,1.67,1.73,Green,796.63
184,4,can,OUT_OF_BOUNDS,5,109,0.0,2136.32,365.94,16.49,-0.07,Green,3451.56
184,5,car,OCCLUDED,26,79,0.122,669.38,375.38,5.01,0.28,Green,1568.26
184,7,car,OCCLUDED,8,78,0.133,666.12,364.42,4.58,0.15,Green,1412.02
184,10,car,OUT_OF_BOUNDS,16,63,0.3,2681.89,421.34,20.71,0.61,Neutral,1060.86
184,11,car,OCCLUDED,3,76,0.156,462.6,350.68,1.48,-0.04,Green,1242.92
184,12,car,VISIBLE,43,0,0.6517,937.69,372.51,7.84,-0.34,Green,2321.65
184,13,car,OUT_OF_BOUNDS,20,53,0.411,2151.65,414.52,15.42,0.68,Neutral,3840.25
184,14,car,OCCLUDED,43,21,0.767,498.49,347.12,3.47,-0.13,Blue,1098.8
184,15,car,OUT_OF_BOUNDS,31,31,0.656,1539.82,375.32,8.04,0.32,Blue,1241.44
184,16,car,VISIBLE,53,0,0.192,950.25,364.12,3.12,-0.23,Blue,502.59
184,19,car,VISIBLE,41,0,0.4316,1082.89,368.37,4.37,-0.36,Yellow,1206.85
184,20,can,VISIBLE,33,0,0.1619,1214.09,383.67,7.21,-0.43,Green,489.76
184,21,car,OUT_OF_BOUNDS,10,22,0.756,1310.49,376.23,1.66,0.35,Green,372.94
185,1,motorcycle,VISIBLE,184,0,0.932,598.82,464.1,1.98,-0.25,Blue,229011.0
185,2,person,VISIBLE,164,0,0.9248,623.53,344.7,1.25,-0.98,Blue,125262.61
185,3,can,OCCLUDED,32,84,0.067,285.07,503.95,1.67,1.73,Green,796.63
185,4,can,OUT_OF_BOUNDS,5,110,0.0,2152.81,365.87,16.49,-0.07,Green,3451.56
185,5,car,OCCLUDED,26,80,0.111,674.4,375.66,5.01,0.28,Green,1568.26
185,7,car,OCCLUDED,8,79,0.122,670.71,364.56,4.58,0.15,Green,1412.02
185,10,car,OUT_OF_BOUNDS,16,64,0.289,2702.61,421.95,20.71,0.61,Neutral,1060.86
185,11,car,OCCLUDED,3,77,0.144,464.07,350.64,1.48,-0.04,Green,1242.92
185,12,car,VISIBLE,44,0,0.6005,944.8,372.2,7.33,-0.32,Green,2322.83
185,13,car,OUT_OF_BOUNDS,20,54,0.4,2167.06,415.2,15.42,0.68,Neutral,3840.25
185,14,car,OCCLUDED,43,22,0.756,501.96,346.99,3.47,-0.13,Blue,1098.8
185,15,car,OUT_OF_BOUNDS,31,32,0.644,1547.86,375.64,8.04,0.32,Blue,1241.44
185,16,car,VISIBLE,54,0,0.192,953.33,363.89,3.08,-0.23,Blue,463.3
185,19,car,VISIBLE,42,0,0.5403,1088.05,368.12,4.92,-0.28,Yellow,1221.58
185,20,can,VISIBLE,34,0,0.1619,1220.64,383.97,6.76,0.08,Green,466.81
185,21,car,OUT_OF_BOUNDS,10,23,0.744,1312.16,376.59,1.66,0.35,Green,372.94
186,1,motorcycle,VISIBLE,185,0,0.9309,600.54,464.17,1.8,-0.02,Blue,232086.85
186,2,person,VISIBLE,165,0,0.9301,625.5,344.65,1.75,-0.33,Blue,125880.52
186,3,can,OCCLUDED,32,85,0.056,286.73,505.68,1.67,1.73,Green,796.63
186,4,can,OUT_OF_BOUNDS,5,111,0.0,2169.3,365.8,16.49,-0.07,Green,3451.56
186,5,car,OCCLUDED,26,81,0.1,679.41,375.94,5.01,0.28,Green,1568.26
186,7,car,OCCLUDED,8,80,0.111,675.29,364.71,4.58,0.15,Green,1412.02
186,10,car,OUT_OF_BOUNDS,16,65,0.278,2723.32,422.56,20.71,0.61,Neutral,1060.86
186,11,car,OCCLUDED,3,78,0.133,465.55,350.6,1.48,-0.04,Green,1242.92
186,12,car,VISIBLE,45,0,0.6333,952.09,372.14,7.3,-0.14,Green,2274.52
186,13,car,OUT_OF_BOUNDS,20,55,0.389,2182.48,415.88,15.42,0.68,Neutral,3840.25
186,14,car,OCCLUDED,43,23,0.744,505.43,346.86,3.47,-0.13,Blue,1098.8
186,15,car,OUT_OF_BOUNDS,31,33,0.633,1555.9,375.96,8.04,0.32,Blue,1241.44
186,16,car,VISIBLE,55,0,0.192,956.39,363.66,3.07,-0.23,Blue,422.16
186,19,car,VISIBLE,43,0,0.5681,1092.7,368.02,4.73,-0.15,Yellow,1249.41
186,20,can,VISIBLE,35,0,0.2036,1228.01,383.3,7.18,-0.45,Green,496.07
186,21,car,OUT_OF_BOUNDS,10,24,0.733,1313.82,376.94,1.66,0.35,Green,372.94
187,1,motorcycle,VISIBLE,186,0,0.9294,601.59,464.79,1.28,0.42,Blue,234929.56
187,2,person,VISIBLE,166,0,0.9306,627.21,345.31,1.72,0.36,Blue,127028.6
187,3,can,OCCLUDED,32,86,0.044,288.4,507.41,1.67,1.73,Green,796.63
187,4,can,OUT_OF_BOUNDS,5,112,0.0,2185.79,365.74,16.49,-0.07,Green,3451.56
187,5,car,OCCLUDED,26,82,0.089,684.42,376.22,5.01,0.28,Green,1568.26
187,7,car,OCCLUDED,8,81,0.1,679.87,364.85,4.58,0.15,Green,1412.02
187,10,car,OUT_OF_BOUNDS,16,66,0.267,2744.04,423.17,20.71,0.61,Neutral,1060.86
187,11,car,OCCLUDED,3,79,0.122,467.03,350.57,1.48,-0.04,Green,1242.92
187,12,car,VISIBLE,46,0,0.674,959.5,372.29,7.38,0.06,Green,2247.98
187,13,car,OUT_OF_BOUNDS,20,56,0.378,2197.9,416.55,15.42,0.68,Neutral,3840.25
187,14,car,OCCLUDED,43,24,0.733,508.89,346.74,3.47,-0.13,Blue,1098.8
187,15,car,OUT_OF_BOUNDS,31,34,0.622,1563.94,376.29,8.04,0.32,Blue,1241.44
187,16,car,OCCLUDED,55,1,0.989,959.47,363.44,3.07,-0.23,Blue,422.16
187,19,car,VISIBLE,44,0,0.4214,1097.39,368.06,4.7,-0.02,Yellow,1256.81
187,20,can,VISIBLE,36,0,0.1663,1235.7,382.71,7.54,-0.55,Green,543.37
187,21,car,OUT_OF_BOUNDS,10,25,0.722,1315.48,377.29,1.66,0.35,Green,372.94
188,1,motorcycle,VISIBLE,187,0,0.9293,602.36,465.9,0.92,0.91,Blue,237345.14
188,2,person,VISIBLE,167,0,0.9369,628.87,346.25,1.68,0.77,Blue,127583.98
188,3,can,OCCLUDED,32,87,0.033,290.06,509.13,1.67,1.73,Green,796.63
188,4,can,OUT_OF_BOUNDS,5,113,0.0,2202.27,365.67,16.49,-0.07,Green,3451.56
188,5,car,OCCLUDED,26,83,0.078,689.43,376.51,5.01,0.28,Green,1568.26
188,7,car,OCCLUDED,8,82,0.089,684.46,365.0,4.58,0.15,Green,1412.02
188,10,car,OUT_OF_BOUNDS,16,67,0.256,2764.75,423.78,20.71,0.61,Neutral,1060.86
188,11,car,OCCLUDED,3,80,0.111,468.51,350.53,1.48,-0.04,Green,1242.92
188,12,car,VISIBLE,47,0,0.6934,966.75,372.5,7.29,0.16,Green,2250.34
188,13,car,OUT_OF_BOUNDS,20,57,0.367,2213.32,417.23,15.42,0.68,Neutral,3840.25
188,14,car,OCCLUDED,43,25,0.722,512.36,346.61,3.47,-0.13,Blue,1098.8
188,15,car,OUT_OF_BOUNDS,31,35,0.611,1571.98,376.61,8.04,0.32,Blue,1241.44
188,16,car,OCCLUDED,55,2,0.978,962.54,363.21,3.07,-0.23,Blue,422.16
188,19,car,VISIBLE,45,0,0.4911,1101.81,368.2,4.5,0.09,Yellow,1245.42
188,20,can,VISIBLE,37,0,0.3425,1243.14,382.12,7.47,-0.58,Green,595.18
188,21,car,OUT_OF_BOUNDS,10,26,0.711,1317.15,377.64,1.66,0.35,Green,372.94
189,1,motorcycle,VISIBLE,188,0,0.9327,602.65,467.2,0.48,1.18,Blue,239649.45
189,2,person,VISIBLE,168,0,0.9308,628.78,346.5,0.44,0.4,Blue,129723.52
189,3,can,OCCLUDED,32,88,0.022,291.73,510.86,1.67,1.73,Green,796.63
189,4,can,OUT_OF_BOUNDS,5,114,0.0,2218.76,365.6,16.49,-0.07,Green,3451.56
189,5,car,OCCLUDED,26,84,0.067,694.44,376.79,5.01,0.28,Green,1568.26
189,7,car,OCCLUDED,8,83,0.078,689.04,365.14,4.58,0.15,Green,1412.02
189,10,car,OUT_OF_BOUNDS,16,68,0.244,2785.46,424.39,20.71,0.61,Neutral,1060.86
189,11,car,OCCLUDED,3,81,0.1,469.99,350.49,1.48,-0.04,Green,1242.92
189,12,car,VISIBLE,48,0,0.6192,973.74,372.67,7.08,0.17,Green,2287.42
189,13,car,OUT_OF_BOUNDS,20,58,0.356,2228.74,417.91,15.42,0.68,Neutral,3840.25
189,14,car,OCCLUDED,43,26,0.711,515.82,346.48,3.47,-0.13,Blue,1098.8
189,15,car,OUT_OF_BOUNDS,31,36,0.6,1580.02,376.93,8.04,0.32,Blue,1241.44
189,16,car,OCCLUDED,55,3,0.967,965.62,362.98,3.07,-0.23,Blue,422.16
189,19,car,VISIBLE,46,0,0.4955,1106.72,368.52,4.79,0.26,Yellow,1275.36
189,20,can,VISIBLE,38,0,0.1656,1250.16,381.52,7.16,-0.59,Green,628.99
189,21,car,OUT_OF_BOUNDS,10,27,0.7,1318.81,378.0,1.66,0.35,Green,372.94
190,1,motorcycle,VISIBLE,189,0,0.929,602.9,468.45,0.32,1.23,Blue,241829.46
190,2,person,VISIBLE,169,0,0.9316,629.11,347.12,0.36,0.56,Blue,131189.05
190,3,can,OCCLUDED,32,89,0.011,293.39,512.59,1.67,1.73,Green,796.63
190,4,can,OUT_OF_BOUNDS,5,115,0.0,2235.25,365.54,16.49,-0.07,Green,3451.56
190,5,car,OCCLUDED,26,85,0.056,699.45,377.07,5.01,0.28,Green,1568.26
190,7,car,OCCLUDED,8,84,0.067,693.62,365.29,4.58,0.15,Green,1412.02
190,10,car,OUT_OF_BOUNDS,16,69,0.233,2806.18,425.0,20.71,0.61,Neutral,1060.86
190,11,car,OCCLUDED,3,82,0.089,471.47,350.46,1.48,-0.04,Green,1242.92
190,12,car,VISIBLE,49,0,0.4841,981.13,373.07,7.3,0.33,Green,2234.02
190,13,car,OUT_OF_BOUNDS,20,59,0.344,2244.16,418.59,15.42,0.68,Neutral,3840.25
190,14,car,OCCLUDED,43,27,0.7,519.29,346.35,3.47,-0.13,Blue,1098.8
190,15,car,OUT_OF_BOUNDS,31,37,0.589,1588.07,377.25,8.04,0.32,Blue,1241.44
190,16,car,OCCLUDED,55,4,0.956,968.69,362.76,3.07,-0.23,Blue,422.16
190,19,car,VISIBLE,47,0,0.4964,1111.22,368.82,4.59,0.28,Yellow,1282.49
190,20,can,VISIBLE,39,0,0.2848,1256.89,381.47,6.86,-0.22,Green,653.67
190,21,car,OUT_OF_BOUNDS,10,28,0.689,1320.47,378.35,1.66,0.35,Green,372.94
191,1,motorcycle,VISIBLE,190,0,0.9319,603.27,469.64,0.35,1.2,Blue,243953.65
191,2,person,VISIBLE,170,0,0.9288,628.64,347.36,-0.21,0.34,Blue,133229.83
191,3,can,OCCLUDED,32,90,0.0,295.06,514.32,1.67,1.73,Green,796.63
191,4,can,OUT_OF_BOUNDS,5,116,0.0,2251.74,365.47,16.49,-0.07,Green,3451.56
191,5,car,OCCLUDED,26,86,0.044,704.46,377.35,5.01,0.28,Green,1568.26
191,7,car,OCCLUDED,8,85,0.056,698.21,365.43,4.58,0.15,Green,1412.02
191,10,car,OUT_OF_BOUNDS,16,70,0.222,2826.89,425.61,20.71,0.61,Neutral,1060.86
191,11,car,OCCLUDED,3,83,0.078,472.95,350.42,1.48,-0.04,Green,1242.92
191,12,car,VISIBLE,50,0,0.5277,988.73,373.35,7.51,0.3,Blue,2203.93
191,13,car,OUT_OF_BOUNDS,20,60,0.333,2259.57,419.26,15.42,0.68,Neutral,3840.25
191,14,car,OCCLUDED,43,28,0.689,522.75,346.22,3.47,-0.13,Blue,1098.8
191,15,car,OUT_OF_BOUNDS,31,38,0.578,1596.11,377.57,8.04,0.32,Blue,1241.44
191,16,car,OCCLUDED,55,5,0.944,971.77,362.53,3.07,-0.23,Blue,422.16
191,19,car,VISIBLE,48,0,0.3888,1115.65,368.95,4.47,0.18,Yellow,1308.22
191,20,can,VISIBLE,40,0,0.2848,1263.89,381.2,6.96,-0.25,Green,677.6
191,21,car,OUT_OF_BOUNDS,10,29,0.678,1322.14,378.7,1.66,0.35,Green,372.94
192,1,motorcycle,VISIBLE,191,0,0.9377,603.66,470.61,0.38,1.04,Blue,245894.42
192,2,person,VISIBLE,171,0,0.9273,628.61,346.87,-0.09,-0.24,Blue,134616.21
192,3,can,LOST,32,91,0.0,296.72,516.05,1.67,1.73,Green,796.63
192,4,can,OUT_OF_BOUNDS,5,117,0.0,2268.23,365.4,16.49,-0.07,Green,3451.56
192,5,car,OCCLUDED,26,87,0.033,709.47,377.63,5.01,0.28,Green,1568.26
192,7,car,OCCLUDED,8,86,0.044,702.79,365.58,4.58,0.15,Green,1412.02
192,10,car,OUT_OF_BOUNDS,16,71,0.211,2847.61,426.23,20.71,0.61,Neutral,1060.86
192,11,car,OCCLUDED,3,84,0.067,474.42,350.38,1.48,-0.04,Green,1242.92
192,12,car,VISIBLE,51,0,0.4937,996.7,373.5,7.83,0.2,Blue,2185.37
192,13,car,OUT_OF_BOUNDS,20,61,0.322,2274.99,419.94,15.42,0.68,Neutral,3840.25
192,14,car,OCCLUDED,43,29,0.678,526.22,346.1,3.47,-0.13,Blue,1098.8
192,15,car,OUT_OF_BOUNDS,31,39,0.567,1604.15,377.89,8.04,0.32,Blue,1241.44
192,16,car,VISIBLE,56,0,0.1832,963.21,364.94,1.72,0.08,Green,604.91
192,19,car,VISIBLE,49,0,0.3804,1119.77,369.18,4.23,0.21,Yellow,1284.4
192,20,can,VISIBLE,41,0,0.2848,1270.9,380.94,6.99,-0.26,Green,701.94
192,21,car,OUT_OF_BOUNDS,10,30,0.667,1323.8,379.06,1.66,0.35,Green,372.94
193,1,motorcycle,VISIBLE,192,0,0.9377,603.28,471.11,-0.15,0.66,Blue,247386.58
193,2,person,VISIBLE,172,0,0.9182,628.32,346.23,-0.23,-0.52,Blue,136614.81
193,3,can,LOST,32,92,0.0,298.39,517.77,1.67,1.73,Green,796.63
193,4,can,OUT_OF_BOUNDS,5,118,0.0,2284.71,365.34,16.49,-0.07,Green,3451.56
193,5,car,OCCLUDED,26,88,0.022,714.48,377.92,5.01,0.28,Green,1568.26
193,7,car,OCCLUDED,8,87,0.033,707.37,365.72,4.58,0.15,Green,1412.02
193,10,car,OUT_OF_BOUNDS,16,72,0.2,2868.32,426.84,20.71,0.61,Neutral,1060.86
193,11,car,OCCLUDED,3,85,0.056,475.9,350.35,1.48,-0.04,Green,1242.92
193,12,car,VISIBLE,52,0,0.4553,1004.08,373.48,7.51,0.04,Blue,2187.07
193,13,car,OUT_OF_BOUNDS,20,62,0.311,2290.41,420.62,15.42,0.68,Neutral,3840.25
193,14,car,OCCLUDED,43,30,0.667,529.69,345.97,3.47,-0.13,Blue,1098.8
193,15,car,OUT_OF_BOUNDS,31,40,0.556,1612.19,378.21,8.04,0.32,Blue,1241.44
193,16,car,VISIBLE,57,0,0.2434,966.37,364.81,2.72,-0.07,Green,615.04
193,19,car,VISIBLE,50,0,0.4003,1124.2,369.22,4.37,0.09,Yellow,1298.88
193,20,can,VISIBLE,42,0,0.1576,1275.7,380.9,5.45,-0.11,Green,600.9
193,21,car,OUT_OF_BOUNDS,10,31,0.656,1325.46,379.41,1.66,0.35,Green,372.94
194,1,motorcycle,VISIBLE,193,0,0.9391,603.89,471.19,0.38,0.26,Blue,250006.69
194,2,person,VISIBLE,173,0,0.9254,627.6,345.3,-0.57,-0.8,Blue,138840.94
194,3,can,LOST,32,93,0.0,300.06,519.5,1.67,1.73,Green,796.63
194,4,can,OUT_OF_BOUNDS,5,119,0.0,2301.2,365.27,16.49,-0.07,Green,3451.56
194,5,car,OCCLUDED,26,89,0.011,719.49,378.2,5.01,0.28,Green,1568.26
194,7,car,OCCLUDED,8,88,0.022,711.96,365.87,4.58,0.15,Green,1412.02
194,10,car,OUT_OF_BOUNDS,16,73,0.189,2889.04,427.45,20.71,0.61,Neutral,1060.86
194,11,car,OCCLUDED,3,86,0.044,477.38,350.31,1.48,-0.04,Green,1242.92
194,12,car,VISIBLE,53,0,0.4,1011.73,373.24,7.61,-0.16,Green,2163.27
194,13,car,OUT_OF_BOUNDS,20,63,0.3,2305.83,421.29,15.42,0.68,Neutral,3840.25
194,14,car,OCCLUDED,43,31,0.656,533.15,345.84,3.47,-0.13,Blue,1098.8
194,15,car,OUT_OF_BOUNDS,31,41,0.544,1620.23,378.53,8.04,0.32,Blue,1241.44
194,16,car,VISIBLE,58,0,0.2434,967.47,364.75,1.59,-0.06,Green,617.27
194,19,car,VISIBLE,51,0,0.3879,1128.66,368.82,4.43,-0.25,Yellow,1311.74
194,20,can,VISIBLE,43,0,0.1576,1282.12,380.69,6.13,-0.18,Green,590.34
194,21,car,OUT_OF_BOUNDS,10,32,0.644,1327.13,379.76,1.66,0.35,Green,372.94
195,1,motorcycle,VISIBLE,194,0,0.9406,604.82,471.47,0.77,0.27,Blue,252465.79
195,2,person,VISIBLE,174,0,0.929,628.14,344.55,0.21,-0.77,Blue,140297.45
195,3,can,LOST,32,94,0.0,301.72,521.23,1.67,1.73,Green,796.63
195,4,can,OUT_OF_BOUNDS,5,120,0.0,2317.69,365.2,16.49,-0.07,Green,3451.56
195,5,car,OCCLUDED,26,90,0.0,724.5,378.48,5.01,0.28,Green,1568.26
195,7,car,OCCLUDED,8,89,0.011,716.54,366.01,4.58,0.15,Green,1412.02
195,10,car,OUT_OF_BOUNDS,16,74,0.178,2909.75,428.06,20.71,0.61,Neutral,1060.86
195,11,car,OCCLUDED,3,87,0.033,478.86,350.27,1.48,-0.04,Green,1242.92
195,12,car,VISIBLE,54,0,0.5185,1019.55,372.79,7.75,-0.35,Green,2185.49
195,13,car,OUT_OF_BOUNDS,20,64,0.289,2321.25,421.97,15.42,0.68,Neutral,3840.25
195,14,car,OCCLUDED,43,32,0.644,536.62,345.71,3.47,-0.13,Blue,1098.8
195,15,car,OUT_OF_BOUNDS,31,42,0.533,1628.27,378.85,8.04,0.32,Blue,1241.44
195,16,car,VISIBLE,59,0,0.2935,973.88,364.52,4.96,-0.18,Green,694.59
195,19,car,VISIBLE,52,0,0.2906,1133.84,368.48,4.95,-0.32,Yellow,1302.97
195,20,can,VISIBLE,44,0,0.1576,1288.53,380.49,6.33,-0.2,Neutral,579.22
195,21,car,OUT_OF_BOUNDS,10,33,0.633,1328.79,380.11,1.66,0.35,Green,372.94
196,1,motorcycle,VISIBLE,195,0,0.9394,605.75,472.02,0.88,0.47,Blue,254903.15
196,2,person,VISIBLE,175,0,0.9316,630.04,343.49,1.39,-0.98,Blue,140516.0
196,3,can,LOST,32,95,0.0,303.39,522.96,1.67,1.73,Green,796.63
196,4,can,OUT_OF_BOUNDS,5,121,0.0,2334.18,365.14,16.49,-0.07,Green,3451.56
196,5,car,LOST,26,91,0.0,729.51,378.76,5.01,0.28,Green,1568.26
196,7,car,OCCLUDED,8,90,0.0,721.12,366.16,4.58,0.15,Green,1412.02
196,10,car,OUT_OF_BOUNDS,16,75,0.167,2930.47,428.67,20.71,0.61,Neutral,1060.86
196,11,car,OCCLUDED,3,88,0.022,480.34,350.24,1.48,-0.04,Green,1242.92
196,12,car,VISIBLE,55,0,0.362,1027.83,372.58,8.12,-0.26,Green,2144.85
196,13,car,OUT_OF_BOUNDS,20,65,0.278,2336.67,422.65,15.42,0.68,Neutral,3840.25
196,14,car,OCCLUDED,43,33,0.633,540.08,345.59,3.47,-0.13,Blue,1098.8
196,15,car,OUT_OF_BOUNDS,31,43,0.522,1636.32,379.17,8.04,0.32,Blue,1241.44
196,16,car,VISIBLE,60,0,0.2167,980.12,364.04,5.85,-0.39,Green,763.39
196,19,car,VISIBLE,53,0,0.4529,1139.24,368.24,5.27,-0.26,Yellow,1283.47
196,20,can,VISIBLE,45,0,0.1576,1294.95,380.28,6.39,-0.2,Neutral,567.53
196,21,car,OUT_OF_BOUNDS,10,34,0.622,1330.45,380.47,1.66,0.35,Green,372.94
197,1,motorcycle,VISIBLE,196,0,0.9412,606.65,472.78,0.89,0.67,Blue,257559.1
197,2,person,VISIBLE,176,0,0.9267,631.99,342.84,1.78,-0.74,Blue,140590.97
197,3,can,LOST,32,96,0.0,305.05,524.68,1.67,1.73,Green,796.63
197,4,can,OUT_OF_BOUNDS,5,122,0.0,2350.66,365.07,16.49,-0.07,Green,3451.56
197,5,car,LOST,26,92,0.0,734.52,379.05,5.01,0.28,Green,1568.26
197,7,car,LOST,8,91,0.0,725.7,366.3,4.58,0.15,Green,1412.02
197,10,car,OUT_OF_BOUNDS,16,76,0.156,2951.18,429.28,20.71,0.61,Neutral,1060.86
197,11,car,OCCLUDED,3,89,0.011,481.82,350.2,1.48,-0.04,Green,1242.92
197,12,car,VISIBLE,56,0,0.4619,1036.09,372.36,8.22,-0.23,Green,2146.88
197,13,car,OUT_OF_BOUNDS,20,66,0.267,2352.08,423.33,15.42,0.68,Neutral,3840.25
197,14,car,OCCLUDED,43,34,0.622,543.55,345.46,3.47,-0.13,Blue,1098.8
197,15,car,OUT_OF_BOUNDS,31,44,0.511,1644.36,379.49,8.04,0.32,Blue,1241.44
197,16,car,VISIBLE,61,0,0.177,985.83,364.55,5.76,0.24,Green,875.97
197,19,car,VISIBLE,54,0,0.3061,1145.16,368.11,5.73,-0.17,Yellow,1280.66
197,20,can,VISIBLE,46,0,0.1576,1301.37,380.08,6.41,-0.2,Neutral,555.27
197,21,car,OUT_OF_BOUNDS,10,35,0.611,1332.12,380.82,1.66,0.35,Green,372.94
198,1,motorcycle,VISIBLE,197,0,0.943,607.55,473.75,0.9,0.88,Green,260813.41
198,2,person,VISIBLE,177,0,0.9362,631.36,342.64,0.09,-0.36,Blue,143294.53
198,3,can,LOST,32,97,0.0,306.72,526.41,1.67,1.73,Green,796.63
198,4,can,OUT_OF_BOUNDS,5,123,0.0,2367.15,365.0,16.49,-0.07,Green,3451.56
198,5,car,LOST,26,93,0.0,739.53,379.33,5.01,0.28,Green,1568.26
198,7,car,LOST,8,92,0.0,730.29,366.45,4.58,0.15,Green,1412.02
198,10,car,OUT_OF_BOUNDS,16,77,0.144,2971.89,429.89,20.71,0.61,Neutral,1060.86
198,11,car,OCCLUDED,3,90,0.0,483.3,350.17,1.48,-0.04,Green,1242.92
198,12,car,VISIBLE,57,0,0.5381,1044.68,372.4,8.48,-0.04,Green,2130.36
198,13,car,OUT_OF_BOUNDS,20,67,0.256,2367.5,424.0,15.42,0.68,Neutral,3840.25
198,14,car,OCCLUDED,43,35,0.611,547.01,345.33,3.47,-0.13,Blue,1098.8
198,15,car,OUT_OF_BOUNDS,31,45,0.5,1652.4,379.81,8.04,0.32,Blue,1241.44
198,16,car,VISIBLE,62,0,0.281,992.56,365.02,6.43,0.4,Green,889.8
198,19,car,VISIBLE,55,0,0.3505,1151.74,368.42,6.32,0.17,Yellow,1228.98
198,20,can,OUT_OF_BOUNDS,46,1,0.989,1307.78,379.88,6.41,-0.2,Neutral,555.27
198,21,car,OUT_OF_BOUNDS,10,36,0.6,1333.78,381.17,1.66,0.35,Green,372.94
199,1,motorcycle,VISIBLE,198,0,0.941,608.21,474.99,0.73,1.13,Green,264345.08
199,2,person,VISIBLE,178,0,0.9332,631.2,342.61,-0.08,-0.13,Blue,145520.96
199,3,can,LOST,32,98,0.0,308.38,528.14,1.67,1.73,Green,796.63
199,4,can,OUT_OF_BOUNDS,5,124,0.0,2383.64,364.94,16.49,-0.07,Green,3451.56
199,5,car,LOST,26,94,0.0,744.55,379.61,5.01,0.28,Green,1568.26
199,7,car,LOST,8,93,0.0,734.87,366.59,4.58,0.15,Green,1412.02
199,10,car,OUT_OF_BOUNDS,16,78,0.133,2992.61,430.5,20.71,0.61,Neutral,1060.86
199,11,car,LOST,3,91,0.0,484.77,350.13,1.48,-0.04,Green,1242.92
199,12,car,VISIBLE,58,0,0.6029,1053.67,372.5,8.83,0.06,Green,2128.51
199,13,car,OUT_OF_BOUNDS,20,68,0.244,2382.92,424.68,15.42,0.68,Neutral,3840.25
199,14,car,OCCLUDED,43,36,0.6,550.48,345.2,3.47,-0.13,Blue,1098.8
199,15,car,OUT_OF_BOUNDS,31,46,0.489,1660.44,380.13,8.04,0.32,Blue,1241.44
199,16,car,VISIBLE,63,0,0.2686,1000.08,365.13,7.19,0.2,Green,822.31
199,19,car,VISIBLE,56,0,0.4407,1158.63,368.83,6.72,0.34,Yellow,1203.03
199,20,can,OUT_OF_BOUNDS,46,2,0.978,1314.19,379.67,6.41,-0.2,Neutral,555.27
199,21,car,OUT_OF_BOUNDS,10,37,0.589,1335.44,381.52,1.66,0.35,Green,372.94
200,1,motorcycle,VISIBLE,199,0,0.9409,608.8,476.24,0.63,1.22,Green,267641.1
200,2,person,VISIBLE,179,0,0.931,631.41,342.95,0.12,0.2,Blue,147463.96
200,3,can,LOST,32,99,0.0,310.05,529.87,1.67,1.73,Green,796.63
200,4,can,OUT_OF_BOUNDS,5,125,0.0,2400.13,364.87,16.49,-0.07,Green,3451.56
200,5,car,LOST,26,95,0.0,749.56,379.89,5.01,0.28,Green,1568.26
200,7,car,LOST,8,94,0.0,739.45,366.74,4.58,0.15,Green,1412.02
200,10,car,OUT_OF_BOUNDS,16,79,0.122,3013.32,431.12,20.71,0.61,Neutral,1060.86
200,11,car,LOST,3,92,0.0,486.25,350.09,1.48,-0.04,Green,1242.92
200,12,car,VISIBLE,59,0,0.5697,1062.87,372.65,9.09,0.12,Green,2113.12
200,13,car,OUT_OF_BOUNDS,20,69,0.233,2398.34,425.36,15.42,0.68,Neutral,3840.25
200,14,car,OCCLUDED,43,37,0.589,553.95,345.08,3.47,-0.13,Blue,1098.8
200,15,car,OUT_OF_BOUNDS,31,47,0.478,1668.48,380.45,8.04,0.32,Blue,1241.44
200,16,car,VISIBLE,64,0,0.1811,1008.91,365.19,8.34,0.1,Green,681.25
200,19,car,VISIBLE,57,0,0.3594,1165.6,369.14,6.89,0.32,Yellow,1146.83
200,20,can,OUT_OF_BOUNDS,46,3,0.967,1320.6,379.47,6.41,-0.2,Neutral,555.27
200,21,car,OUT_OF_BOUNDS,10,38,0.578,1337.1,381.88,1.66,0.35,Green,372.94
201,1,motorcycle,VISIBLE,200,0,0.9348,609.55,476.92,0.72,0.84,Green,270902.49
201,2,person,VISIBLE,180,0,0.9334,631.63,342.89,0.19,0.02,Green,149123.96
201,3,can,LOST,32,100,0.0,311.71,531.6,1.67,1.73,Green,796.63
201,4,can,OUT_OF_BOUNDS,5,126,0.0,2416.62,364.8,16.49,-0.07,Green,3451.56
201,5,car,LOST,26,96,0.0,754.57,380.18,5.01,0.28,Green,1568.26
201,7,car,LOST,8,95,0.0,744.04,366.88,4.58,0.15,Green,1412.02
201,10,car,OUT_OF_BOUNDS,16,80,0.111,3034.04,431.73,20.71,0.61,Neutral,1060.86
201,11,car,LOST,3,93,0.0,487.73,350.06,1.48,-0.04,Green,1242.92
201,12,car,VISIBLE,60,0,0.6162,1072.08,372.5,9.17,-0.07,Green,2100.26
201,13,car,OUT_OF_BOUNDS,20,70,0.222,2413.76,426.04,15.42,0.68,Neutral,3840.25
201,14,car,OCCLUDED,43,38,0.578,557.41,344.95,3.47,-0.13,Blue,1098.8
201,15,car,OUT_OF_BOUNDS,31,48,0.467,1676.52,380.77,8.04,0.32,Blue,1241.44
201,16,car,VISIBLE,65,0,0.1811,1015.54,365.31,7.14,0.11,Yellow,657.55
201,19,car,VISIBLE,58,0,0.4203,1172.57,368.82,6.94,-0.13,Yellow,1142.5
201,20,can,OUT_OF_BOUNDS,46,4,0.956,1327.01,379.26,6.41,-0.2,Neutral,555.27
201,21,car,OUT_OF_BOUNDS,10,39,0.567,1338.77,382.23,1.66,0.35,Green,372.94
201,24,car,VISIBLE,1,0,0.2259,832.08,355.22,0.0,0.0,Blue,4406.09
202,1,motorcycle,VISIBLE,201,0,0.9337,610.45,477.18,0.85,0.43,Green,274557.55
202,2,person,VISIBLE,181,0,0.9321,631.82,342.31,0.19,-0.4,Green,151195.53
202,3,can,LOST,32,101,0.0,313.38,533.32,1.67,1.73,Green,796.63
202,4,can,OUT_OF_BOUNDS,5,127,0.0,2433.1,364.74,16.49,-0.07,Green,3451.56
202,5,car,LOST,26,97,0.0,759.58,380.46,5.01,0.28,Green,1568.26
202,7,car,LOST,8,96,0.0,748.62,367.03,4.58,0.15,Green,1412.02
202,10,car,OUT_OF_BOUNDS,16,81,0.1,3054.75,432.34,20.71,0.61,Neutral,1060.86
202,11,car,LOST,3,94,0.0,489.21,350.02,1.48,-0.04,Green,1242.92
202,12,car,VISIBLE,61,0,0.6189,1081.99,372.57,9.69,0.03,Green,2080.44
202,13,car,OUT_OF_BOUNDS,20,71,0.211,2429.18,426.71,15.42,0.68,Neutral,3840.25
202,14,car,OCCLUDED,43,39,0.567,560.88,344.82,3.47,-0.13,Blue,1098.8
202,15,car,OUT_OF_BOUNDS,31,49,0.456,1684.57,381.09,8.04,0.32,Blue,1241.44
202,16,car,VISIBLE,66,0,0.1811,1022.17,365.41,6.79,0.11,Yellow,634.0
202,19,car,VISIBLE,59,0,0.3932,1179.89,368.18,7.21,-0.49,Yellow,1140.92
202,20,can,OUT_OF_BOUNDS,46,5,0.944,1333.42,379.06,6.41,-0.2,Neutral,555.27
202,21,car,OUT_OF_BOUNDS,10,40,0.556,1340.43,382.58,1.66,0.35,Green,372.94
202,24,car,VISIBLE,2,0,0.2259,832.44,355.24,0.37,0.02,Blue,4418.59
203,1,motorcycle,VISIBLE,202,0,0.9358,611.63,477.27,1.08,0.2,Green,278325.26
203,2,person,VISIBLE,182,0,0.9332,631.95,341.42,0.15,-0.75,Green,153671.23
203,3,can,LOST,32,102,0.0,315.04,535.05,1.67,1.73,Green,796.63
203,4,can,OUT_OF_BOUNDS,5,128,0.0,2449.59,364.67,16.49,-0.07,Green,3451.56
203,5,car,LOST,26,98,0.0,764.59,380.74,5.01,0.28,Green,1568.26
203,7,car,LOST,8,97,0.0,753.2,367.18,4.58,0.15,Green,1412.02
203,10,car,OUT_OF_BOUNDS,16,82,0.089,3075.47,432.95,20.71,0.61,Neutral,1060.86
203,11,car,LOST,3,95,0.0,490.69,349.98,1.48,-0.04,Green,1242.92
203,12,car,VISIBLE,62,0,0.642,1092.53,372.52,10.29,-0.02,Green,2046.34
203,13,car,OUT_OF_BOUNDS,20,72,0.2,2444.59,427.39,15.42,0.68,Neutral,3840.25
203,14,car,OCCLUDED,43,40,0.556,564.34,344.69,3.47,-0.13,Blue,1098.8
203,15,car,OUT_OF_BOUNDS,31,50,0.444,1692.61,381.41,8.04,0.32,Blue,1241.44
203,16,car,VISIBLE,67,0,0.1811,1028.81,365.52,6.68,0.11,Yellow,610.61
203,19,car,VISIBLE,60,0,0.4847,1187.92,368.0,7.79,-0.27,Yellow,1142.11
203,20,can,OUT_OF_BOUNDS,46,6,0.933,1339.83,378.85,6.41,-0.2,Neutral,555.27
203,21,car,OUT_OF_BOUNDS,10,41,0.544,1342.09,382.93,1.66,0.35,Green,372.94
203,24,car,VISIBLE,3,0,0.2259,832.8,355.26,0.36,0.02,Blue,4430.94
204,1,motorcycle,VISIBLE,203,0,0.9358,612.87,477.1,1.19,-0.06,Green,281964.49
204,2,person,VISIBLE,183,0,0.9303,632.89,340.38,0.7,-0.95,Green,155607.39
204,3,can,LOST,32,103,0.0,316.71,536.78,1.67,1.73,Green,796.63
204,4,can,OUT_OF_BOUNDS,5,129,0.0,2466.08,364.6,16.49,-0.07,Green,3451.56
204,5,car,LOST,26,99,0.0,769.6,381.02,5.01,0.28,Green,1568.26
204,7,car,LOST,8,98,0.0,757.79,367.32,4.58,0.15,Green,1412.02
204,10,car,OUT_OF_BOUNDS,16,83,0.078,3096.18,433.56,20.71,0.61,Neutral,1060.86
204,11,car,LOST,3,96,0.0,492.17,349.95,1.48,-0.04,Green,1242.92
204,12,car,VISIBLE,63,0,0.6245,1103.69,372.51,10.9,-0.02,Green,2023.61
204,13,car,OUT_OF_BOUNDS,20,73,0.189,2460.01,428.07,15.42,0.68,Neutral,3840.25
204,14,car,OCCLUDED,43,41,0.544,567.81,344.56,3.47,-0.13,Blue,1098.8
204,15,car,OUT_OF_BOUNDS,31,51,0.433,1700.65,381.73,8.04,0.32,Blue,1241.44
204,16,car,VISIBLE,68,0,0.1811,1035.43,365.63,6.64,0.11,Green,587.38
204,19,car,VISIBLE,61,0,0.3266,1196.12,367.75,8.07,-0.26,Yellow,1144.04
204,20,can,OUT_OF_BOUNDS,46,7,0.922,1346.24,378.65,6.41,-0.2,Neutral,555.27
204,21,car,OUT_OF_BOUNDS,10,42,0.533,1343.76,383.29,1.66,0.35,Green,372.94
204,24,car,OCCLUDED,3,1,0.989,833.16,355.29,0.36,0.02,Blue,4430.94
205,1,motorcycle,VISIBLE,204,0,0.9366,613.87,477.25,1.06,0.09,Green,285148.59
205,2,person,VISIBLE,184,0,0.9277,633.24,339.52,0.46,-0.88,Green,157660.6
205,3,can,LOST,32,104,0.0,318.37,538.51,1.67,1.73,Green,796.63
205,4,can,OUT_OF_BOUNDS,5,130,0.0,2482.57,364.54,16.49,-0.07,Green,3451.56
205,5,car,LOST,26,100,0.0,774.61,381.3,5.01,0.28,Green,1568.26
205,7,car,LOST,8,99,0.0,762.37,367.47,4.58,0.15,Green,1412.02
205,10,car,OUT_OF_BOUNDS,16,84,0.067,3116.89,434.17,20.71,0.61,Neutral,1060.86
205,11,car,LOST,3,97,0.0,493.64,349.91,1.48,-0.04,Green,1242.92
205,12,car,VISIBLE,64,0,0.6015,1115.65,372.68,11.64,0.11,Green,1957.26
205,13,car,OUT_OF_BOUNDS,20,74,0.178,2475.43,428.75,15.42,0.68,Neutral,3840.25
205,14,car,OCCLUDED,43,42,0.533,571.27,344.44,3.47,-0.13,Blue,1098.8
205,15,car,OUT_OF_BOUNDS,31,52,0.422,1708.69,382.05,8.04,0.32,Blue,1241.44
205,16,car,VISIBLE,69,0,0.1811,1042.07,365.74,6.63,0.11,Green,564.31
205,19,car,VISIBLE,62,0,0.4027,1204.68,367.88,8.42,0.01,Yellow,1176.78
205,20,can,OUT_OF_BOUNDS,46,8,0.911,1352.65,378.45,6.41,-0.2,Neutral,555.27
205,21,car,OUT_OF_BOUNDS,10,43,0.522,1345.42,383.64,1.66,0.35,Green,372.94
205,24,car,VISIBLE,4,0,0.1573,896.88,359.47,22.54,1.48,Green,1993.3
206,1,motorcycle,VISIBLE,205,0,0.9376,614.66,477.58,0.87,0.25,Green,288314.38
206,2,person,VISIBLE,185,0,0.9294,633.81,339.12,0.54,-0.54,Green,159918.98
206,3,can,LOST,32,105,0.0,320.04,540.24,1.67,1.73,Green,796.63
206,4,can,OUT_OF_BOUNDS,5,131,0.0,2499.06,364.47,16.49,-0.07,Green,3451.56
206,5,car,LOST,26,101,0.0,779.62,381.59,5.01,0.28,Green,1568.26
206,7,car,LOST,8,100,0.0,766.95,367.61,4.58,0.15,Green,1412.02
206,10,car,OUT_OF_BOUNDS,16,85,0.056,3137.61,434.78,20.71,0.61,Neutral,1060.86
206,11,car,LOST,3,98,0.0,495.12,349.87,1.48,-0.04,Green,1242.92
206,12,car,VISIBLE,65,0,0.5108,1128.44,373.0,12.45,0.26,Green,1844.94
206,13,car,OUT_OF_BOUNDS,20,75,0.167,2490.85,429.42,15.42,0.68,Neutral,3840.25
206,14,car,OCCLUDED,43,43,0.522,574.74,344.31,3.47,-0.13,Blue,1098.8
206,15,car,OUT_OF_BOUNDS,31,53,0.411,1716.73,382.37,8.04,0.32,Blue,1241.44
206,16,car,OCCLUDED,69,1,0.989,1048.7,365.84,6.63,0.11,Green,564.31
206,19,car,VISIBLE,63,0,0.3334,1213.95,368.39,9.01,0.36,Yellow,1194.08
206,20,can,OUT_OF_BOUNDS,46,9,0.9,1359.06,378.24,6.41,-0.2,Neutral,555.27
206,21,car,OUT_OF_BOUNDS,10,44,0.511,1347.08,383.99,1.66,0.35,Green,372.94
206,24,car,VISIBLE,5,0,0.3603,881.28,358.72,-4.17,-0.08,Green,3996.44
207,1,motorcycle,VISIBLE,206,0,0.9407,615.39,478.18,0.77,0.5,Green,291419.62
207,2,person,VISIBLE,186,0,0.9243,634.76,339.33,0.83,-0.02,Green,161728.53
207,3,can,LOST,32,106,0.0,321.7,541.96,1.67,1.73,Green,796.63
207,4,can,OUT_OF_BOUNDS,5,132,0.0,2515.54,364.4,16.49,-0.07,Green,3451.56
207,5,car,LOST,26,102,0.0,784.63,381.87,5.01,0.28,Green,1568.26
207,7,car,LOST,8,101,0.0,771.54,367.76,4.58,0.15,Green,1412.02
207,10,car,OUT_OF_BOUNDS,16,86,0.044,3158.32,435.39,20.71,0.61,Neutral,1060.86
207,11,car,LOST,3,99,0.0,496.6,349.84,1.48,-0.04,Green,1242.92
207,12,car,VISIBLE,66,0,0.466,1143.35,373.44,14.17,0.38,Green,1645.0
207,13,car,OUT_OF_BOUNDS,20,76,0.156,2506.27,430.1,15.42,0.68,Neutral,3840.25
207,14,car,OCCLUDED,43,44,0.511,578.21,344.18,3.47,-0.13,Blue,1098.8
207,15,car,OUT_OF_BOUNDS,31,54,0.4,1724.77,382.69,8.04,0.32,Blue,1241.44
207,16,car,OCCLUDED,69,2,0.978,1055.33,365.95,6.63,0.11,Green,564.31
207,19,car,VISIBLE,64,0,0.3136,1223.67,369.03,9.51,0.56,Yellow,1217.78
207,20,can,OUT_OF_BOUNDS,46,10,0.889,1365.47,378.04,6.41,-0.2,Neutral,555.27
207,21,car,OUT_OF_BOUNDS,10,45,0.5,1348.75,384.35,1.66,0.35,Green,372.94
207,24,car,VISIBLE,6,0,0.3432,890.83,358.94,5.44,0.13,Green,4296.25
208,1,motorcycle,VISIBLE,207,0,0.9444,616.03,478.98,0.68,0.71,Green,294859.87
208,2,person,VISIBLE,187,0,0.9265,635.8,339.24,0.97,-0.07,Green,163428.89
208,3,can,LOST,32,107,0.0,323.37,543.69,1.67,1.73,Green,796.63
208,4,can,OUT_OF_BOUNDS,5,133,0.0,2532.03,364.34,16.49,-0.07,Green,3451.56
208,5,car,LOST,26,103,0.0,789.64,382.15,5.01,0.28,Green,1568.26
208,7,car,LOST,8,102,0.0,776.12,367.9,4.58,0.15,Green,1412.02
208,10,car,OUT_OF_BOUNDS,16,87,0.033,3179.04,436.01,20.71,0.61,Neutral,1060.86
208,11,car,LOST,3,100,0.0,498.08,349.8,1.48,-0.04,Green,1242.92
208,12,car,VISIBLE,67,0,0.2535,1159.08,374.0,15.26,0.51,Green,1406.62
208,13,car,OUT_OF_BOUNDS,20,77,0.144,2521.69,430.78,15.42,0.68,Neutral,3840.25
208,14,car,OCCLUDED,43,45,0.5,581.67,344.05,3.47,-0.13,Blue,1098.8
208,15,car,OUT_OF_BOUNDS,31,55,0.389,1732.82,383.01,8.04,0.32,Blue,1241.44
208,16,car,OCCLUDED,69,3,0.967,1061.97,366.05,6.63,0.11,Green,564.31
208,19,car,VISIBLE,65,0,0.4129,1233.96,369.73,10.06,0.65,Yellow,1230.3
208,20,can,OUT_OF_BOUNDS,46,11,0.878,1371.88,377.83,6.41,-0.2,Neutral,555.27
208,21,car,OUT_OF_BOUNDS,10,46,0.489,1350.41,384.7,1.66,0.35,Green,372.94
208,24,car,VISIBLE,7,0,0.4091,892.6,359.11,2.87,0.16,Green,5376.7
209,1,motorcycle,VISIBLE,208,0,0.9422,616.36,479.74,0.43,0.75,Green,298243.75
209,2,person,VISIBLE,188,0,0.9293,636.32,338.54,0.66,-0.51,Green,166083.68
209,3,can,LOST,32,108,0.0,325.03,545.42,1.67,1.73,Green,796.63
209,4,can,OUT_OF_BOUNDS,5,134,0.0,2548.52,364.27,16.49,-0.07,Green,3451.56
209,5,car,LOST,26,104,0.0,794.65,382.43,5.01,0.28,Green,1568.26
209,7,car,LOST,8,103,0.0,780.7,368.05,4.58,0.15,Green,1412.02
209,10,car,OUT_OF_BOUNDS,16,88,0.022,3199.75,436.62,20.71,0.61,Neutral,1060.86
209,11,car,LOST,3,101,0.0,499.56,349.76,1.48,-0.04,Green,1242.92
209,12,car,VISIBLE,68,0,0.4043,1169.21,374.5,11.67,0.5,Yellow,1702.05
209,13,car,OUT_OF_BOUNDS,20,78,0.133,2537.1,431.45,15.42,0.68,Neutral,3840.25
209,14,car,OCCLUDED,43,46,0.489,585.14,343.93,3.47,-0.13,Blue,1098.8
209,15,car,OUT_OF_BOUNDS,31,56,0.378,1740.86,383.33,8.04,0.32,Blue,1241.44
209,16,car,OCCLUDED,69,4,0.956,1068.6,366.16,6.63,0.11,Green,564.31
209,19,car,VISIBLE,66,0,0.3506,1244.81,370.13,10.61,0.48,Yellow,1215.72
209,20,can,OUT_OF_BOUNDS,46,12,0.867,1378.29,377.63,6.41,-0.2,Neutral,555.27
209,21,car,OUT_OF_BOUNDS,10,47,0.478,1352.07,385.05,1.66,0.35,Green,372.94
209,24,car,VISIBLE,8,0,0.3956,906.93,359.9,10.9,0.6,Green,4826.16
210,1,motorcycle,VISIBLE,209,0,0.9417,617.29,480.42,0.78,0.7,Green,302070.43
210,2,person,VISIBLE,189,0,0.9269,636.99,339.13,0.67,0.26,Green,167971.93
210,3,can,LOST,32,109,0.0,326.7,547.15,1.67,1.73,Green,796.63
210,4,can,OUT_OF_BOUNDS,5,135,0.0,2565.01,364.2,16.49,-0.07,Green,3451.56
210,5,car,LOST,26,105,0.0,799.66,382.72,5.01,0.28,Green,1568.26
210,7,car,LOST,8,104,0.0,785.29,368.19,4.58,0.15,Green,1412.02
210,10,car,OUT_OF_BOUNDS,16,89,0.011,3220.47,437.23,20.71,0.61,Neutral,1060.86
210,11,car,LOST,3,102,0.0,501.04,349.73,1.48,-0.04,Green,1242.92
210,12,car,VISIBLE,69,0,0.3709,1180.82,374.86,11.63,0.4,Yellow,1954.24
210,13,car,OUT_OF_BOUNDS,20,79,0.122,2552.52,432.13,15.42,0.68,Neutral,3840.25
210,14,car,OCCLUDED,43,47,0.478,588.6,343.8,3.47,-0.13,Blue,1098.8
210,15,car,OUT_OF_BOUNDS,31,57,0.367,1748.9,383.65,8.04,0.32,Blue,1241.44
210,16,car,OCCLUDED,69,5,0.944,1075.24,366.27,6.63,0.11,Green,564.31
210,19,car,VISIBLE,67,0,0.2728,1255.62,370.15,10.75,0.16,Yellow,1246.8
210,20,can,OUT_OF_BOUNDS,46,13,0.856,1384.71,377.43,6.41,-0.2,Neutral,555.27
210,21,car,OUT_OF_BOUNDS,10,48,0.467,1353.74,385.4,1.66,0.35,Green,372.94
210,24,car,VISIBLE,9,0,0.6679,921.75,360.4,13.64,0.53,Green,4680.07
211,1,motorcycle,VISIBLE,210,0,0.9413,617.57,481.11,0.43,0.69,Green,305269.65
211,2,person,VISIBLE,190,0,0.9243,637.94,338.88,0.86,-0.09,Green,170074.7
211,3,can,LOST,32,110,0.0,328.36,548.88,1.67,1.73,Green,796.63
211,4,can,OUT_OF_BOUNDS,5,136,0.0,2581.5,364.14,16.49,-0.07,Green,3451.56
211,5,car,LOST,26,106,0.0,804.67,383.0,5.01,0.28,Green,1568.26
211,7,car,LOST,8,105,0.0,789.87,368.34,4.58,0.15,Green,1412.02
211,10,car,OUT_OF_BOUNDS,16,90,0.0,3241.18,437.84,20.71,0.61,Neutral,1060.86
211,11,car,LOST,3,103,0.0,502.52,349.69,1.48,-0.04,Green,1242.92
211,12,car,VISIBLE,70,0,0.1874,1192.1,373.87,11.38,-0.57,Green,2183.89
211,13,car,OUT_OF_BOUNDS,20,80,0.111,2567.94,432.81,15.42,0.68,Neutral,3840.25
211,14,car,OCCLUDED,43,48,0.467,592.07,343.67,3.47,-0.13,Blue,1098.8
211,15,car,OUT_OF_BOUNDS,31,58,0.356,1756.94,383.97,8.04,0.32,Blue,1241.44
211,16,car,OCCLUDED,69,6,0.933,1081.87,366.37,6.63,0.11,Green,564.31
211,19,car,VISIBLE,68,0,0.2645,1264.64,370.33,9.54,0.17,Yellow,1149.54
211,20,can,OUT_OF_BOUNDS,46,14,0.844,1391.12,377.22,6.41,-0.2,Neutral,555.27
211,21,car,OUT_OF_BOUNDS,10,49,0.456,1355.4,385.76,1.66,0.35,Green,372.94
211,24,car,VISIBLE,10,0,0.7019,938.58,360.44,15.87,0.19,Green,5038.75
212,1,motorcycle,VISIBLE,211,0,0.9415,618.1,481.71,0.5,0.63,Green,308426.91
212,2,person,VISIBLE,191,0,0.9297,638.48,338.96,0.64,0.02,Green,172238.46
212,3,can,LOST,32,111,0.0,330.03,550.6,1.67,1.73,Green,796.63
212,4,can,OUT_OF_BOUNDS,5,137,0.0,2597.98,364.07,16.49,-0.07,Green,3451.56
212,5,car,LOST,26,107,0.0,809.68,383.28,5.01,0.28,Green,1568.26
212,7,car,LOST,8,106,0.0,794.45,368.48,4.58,0.15,Green,1412.02
212,10,car,OUT_OF_BOUNDS,16,91,0.0,3261.9,438.45,20.71,0.61,Neutral,1060.86
212,11,car,LOST,3,104,0.0,503.99,349.65,1.48,-0.04,Green,1242.92
212,12,car,VISIBLE,71,0,0.2031,1199.05,373.04,8.28,-0.75,Yellow,1846.1
212,13,car,OUT_OF_BOUNDS,20,81,0.1,2583.36,433.49,15.42,0.68,Neutral,3840.25
212,14,car,OCCLUDED,43,49,0.456,595.53,343.54,3.47,-0.13,Blue,1098.8
212,15,car,OUT_OF_BOUNDS,31,59,0.344,1764.98,384.29,8.04,0.32,Blue,1241.44
212,16,car,OCCLUDED,69,7,0.922,1088.5,366.48,6.63,0.11,Green,564.31
212,19,car,VISIBLE,69,0,0.1735,1271.82,369.5,7.89,-0.53,Yellow,898.22
212,20,can,OUT_OF_BOUNDS,46,15,0.833,1397.53,377.02,6.41,-0.2,Neutral,555.27
212,21,car,OUT_OF_BOUNDS,10,50,0.444,1357.06,386.11,1.66,0.35,Green,372.94
212,24,car,VISIBLE,11,0,0.7578,949.89,360.36,12.69,-0.01,Green,4996.08
213,1,motorcycle,VISIBLE,212,0,0.9407,618.99,482.16,0.78,0.51,Green,311599.73
213,2,person,VISIBLE,192,0,0.9258,639.53,338.73,0.93,-0.15,Green,173874.87
213,3,can,LOST,32,112,0.0,331.69,552.33,1.67,1.73,Green,796.63
213,4,can,OUT_OF_BOUNDS,5,138,0.0,2614.47,364.0,16.49,-0.07,Green,3451.56
213,5,car,LOST,26,108,0.0,814.69,383.56,5.01,0.28,Green,1568.26
213,7,car,LOST,8,107,0.0,799.03,368.63,4.58,0.15,Green,1412.02
213,10,car,OUT_OF_BOUNDS,16,92,0.0,3282.61,439.06,20.71,0.61,Neutral,1060.86
213,11,car,LOST,3,105,0.0,505.47,349.62,1.48,-0.04,Green,1242.92
213,12,car,VISIBLE,72,0,0.3391,1210.03,373.0,10.17,-0.25,Green,1741.9
213,13,car,OUT_OF_BOUNDS,20,82,0.089,2598.78,434.16,15.42,0.68,Neutral,3840.25
213,14,car,OCCLUDED,43,50,0.444,599.0,343.42,3.47,-0.13,Blue,1098.8
213,15,car,OUT_OF_BOUNDS,31,60,0.333,1773.02,384.61,8.04,0.32,Blue,1241.44
213,16,car,OCCLUDED,69,8,0.911,1095.14,366.58,6.63,0.11,Green,564.31
213,19,car,VISIBLE,70,0,0.1735,1280.79,369.45,8.64,-0.19,Yellow,818.22
213,20,can,OUT_OF_BOUNDS,46,16,0.822,1403.94,376.81,6.41,-0.2,Neutral,555.27
213,21,car,OUT_OF_BOUNDS,10,51,0.433,1358.73,386.46,1.66,0.35,Green,372.94
213,24,car,VISIBLE,12,0,0.7555,959.73,360.31,10.69,-0.03,Green,5244.83
214,1,motorcycle,VISIBLE,213,0,0.9387,619.5,482.58,0.59,0.44,Green,314900.88
214,2,person,VISIBLE,193,0,0.9255,640.7,338.53,1.09,-0.19,Green,175047.97
214,3,can,LOST,32,113,0.0,333.36,554.06,1.67,1.73,Green,796.63
214,4,can,OUT_OF_BOUNDS,5,139,0.0,2630.96,363.94,16.49,-0.07,Green,3451.56
214,5,car,LOST,26,109,0.0,819.71,383.85,5.01,0.28,Green,1568.26
214,7,car,LOST,8,108,0.0,803.62,368.77,4.58,0.15,Green,1412.02
214,10,car,OUT_OF_BOUNDS,16,93,0.0,3303.32,439.67,20.71,0.61,Neutral,1060.86
214,11,car,LOST,3,106,0.0,506.95,349.58,1.48,-0.04,Green,1242.92
214,12,car,VISIBLE,73,0,0.3056,1223.61,372.98,12.56,-0.1,Green,1767.34
214,13,car,OUT_OF_BOUNDS,20,83,0.078,2614.2,434.84,15.42,0.68,Neutral,3840.25
214,14,car,OCCLUDED,43,51,0.433,602.47,343.29,3.47,-0.13,Blue,1098.8
214,15,car,OUT_OF_BOUNDS,31,61,0.322,1781.07,384.93,8.04,0.32,Blue,1241.44
214,16,car,OCCLUDED,69,9,0.9,1101.77,366.69,6.63,0.11,Green,564.31
214,19,car,VISIBLE,71,0,0.1735,1289.76,369.41,8.87,-0.08,Yellow,738.03
214,20,can,OUT_OF_BOUNDS,46,17,0.811,1410.35,376.61,6.41,-0.2,Neutral,555.27
214,21,car,OUT_OF_BOUNDS,10,52,0.422,1360.39,386.81,1.66,0.35,Green,372.94
214,24,car,VISIBLE,13,0,0.7706,971.64,360.38,11.55,0.03,Green,5489.59
215,1,motorcycle,VISIBLE,214,0,0.94,620.6,483.31,0.95,0.65,Green,318777.47
215,2,person,VISIBLE,194,0,0.9204,642.53,338.52,1.62,-0.06,Green,175928.94
215,3,can,LOST,32,114,0.0,335.02,555.79,1.67,1.73,Green,796.63
215,4,can,OUT_OF_BOUNDS,5,140,0.0,2647.45,363.87,16.49,-0.07,Green,3451.56
215,5,car,LOST,26,110,0.0,824.72,384.13,5.01,0.28,Green,1568.26
215,7,car,LOST,8,109,0.0,808.2,368.92,4.58,0.15,Green,1412.02
215,10,car,OUT_OF_BOUNDS,16,94,0.0,3324.04,440.28,20.71,0.61,Neutral,1060.86
215,11,car,LOST,3,107,0.0,508.43,349.54,1.48,-0.04,Green,1242.92
215,12,car,VISIBLE,74,0,0.489,1239.52,373.25,14.9,0.16,Green,1858.49
215,13,car,OUT_OF_BOUNDS,20,84,0.067,2629.61,435.52,15.42,0.68,Neutral,3840.25
215,14,car,OCCLUDED,43,52,0.422,605.93,343.16,3.47,-0.13,Blue,1098.8
215,15,car,OUT_OF_BOUNDS,31,62,0.311,1789.11,385.25,8.04,0.32,Blue,1241.44
215,16,car,OCCLUDED,69,10,0.889,1108.41,366.8,6.63,0.11,Green,564.31
215,19,car,VISIBLE,72,0,0.1735,1298.73,369.37,8.94,-0.06,Neutral,657.65
215,20,can,OUT_OF_BOUNDS,46,18,0.8,1416.76,376.4,6.41,-0.2,Neutral,555.27
215,21,car,OUT_OF_BOUNDS,10,53,0.411,1362.05,387.17,1.66,0.35,Green,372.94
215,24,car,VISIBLE,14,0,0.756,990.01,360.75,16.32,0.28,Green,5268.24
216,1,motorcycle,VISIBLE,215,0,0.9417,621.78,484.13,1.11,0.77,Green,322634.11
216,2,person,VISIBLE,195,0,0.9193,644.28,338.64,1.71,0.06,Green,177310.24
216,3,can,LOST,32,115,0.0,336.69,557.51,1.67,1.73,Green,796.63
216,4,can,OUT_OF_BOUNDS,5,141,0.0,2663.94,363.8,16.49,-0.07,Green,3451.56
216,5,car,LOST,26,111,0.0,829.73,384.41,5.01,0.28,Green,1568.26
216,7,car,LOST,8,110,0.0,812.78,369.06,4.58,0.15,Green,1412.02
216,10,car,OUT_OF_BOUNDS,16,95,0.0,3344.75,440.9,20.71,0.61,Neutral,1060.86
216,11,car,LOST,3,108,0.0,509.91,349.51,1.48,-0.04,Green,1242.92
216,12,car,VISIBLE,75,0,0.5456,1253.64,373.69,14.36,0.35,Green,1840.33
216,13,car,OUT_OF_BOUNDS,20,85,0.056,2645.03,436.2,15.42,0.68,Neutral,3840.25
216,14,car,OCCLUDED,43,53,0.411,609.4,343.03,3.47,-0.13,Blue,1098.8
216,15,car,OUT_OF_BOUNDS,31,63,0.3,1797.15,385.57,8.04,0.32,Blue,1241.44
216,16,car,OCCLUDED,69,11,0.878,1115.04,366.9,6.63,0.11,Green,564.31
216,19,car,VISIBLE,73,0,0.1735,1307.7,369.33,8.96,-0.04,Neutral,577.09
216,20,can,OUT_OF_BOUNDS,46,19,0.789,1423.17,376.2,6.41,-0.2,Neutral,555.27
216,21,car,OUT_OF_BOUNDS,10,54,0.4,1363.72,387.52,1.66,0.35,Green,372.94
216,24,car,VISIBLE,15,0,0.5458,1012.22,360.95,20.44,0.22,Green,4814.16
217,1,motorcycle,VISIBLE,216,0,0.9431,623.17,484.79,1.31,0.7,Green,326539.43
217,2,person,VISIBLE,196,0,0.9185,645.59,338.69,1.43,0.05,Green,179499.93
217,3,can,LOST,32,116,0.0,338.35,559.24,1.67,1.73,Green,796.63
217,4,can,OUT_OF_BOUNDS,5,142,0.0,2680.42,363.74,16.49,-0.07,Green,3451.56
217,5,car,LOST,26,112,0.0,834.74,384.69,5.01,0.28,Green,1568.26
217,7,car,LOST,8,111,0.0,817.37,369.21,4.58,0.15,Green,1412.02
217,10,car,OUT_OF_BOUNDS,16,96,0.0,3365.47,441.51,20.71,0.61,Neutral,1060.86
217,11,car,LOST,3,109,0.0,511.39,349.47,1.48,-0.04,Green,1242.92
217,12,car,VISIBLE,76,0,0.3566,1265.8,374.3,12.82,0.53,Green,1589.18
217,13,car,OUT_OF_BOUNDS,20,86,0.044,2660.45,436.87,15.42,0.68,Neutral,3840.25
217,14,car,OCCLUDED,43,54,0.4,612.86,342.9,3.47,-0.13,Blue,1098.8
217,15,car,OUT_OF_BOUNDS,31,64,0.289,1805.19,385.89,8.04,0.32,Blue,1241.44
217,16,car,OCCLUDED,69,12,0.867,1121.68,367.01,6.63,0.11,Green,564.31
217,19,car,VISIBLE,74,0,0.1735,1316.66,369.29,8.96,-0.04,Neutral,496.34
217,20,can,OUT_OF_BOUNDS,46,20,0.778,1429.58,376.0,6.41,-0.2,Neutral,555.27
217,21,car,OUT_OF_BOUNDS,10,55,0.389,1365.38,387.87,1.66,0.35,Green,372.94
217,24,car,VISIBLE,16,0,0.5128,1024.34,360.79,14.62,-0.05,Green,5141.98
218,1,motorcycle,VISIBLE,217,0,0.9398,624.55,484.73,1.35,0.16,Green,330754.83
218,2,person,VISIBLE,197,0,0.9014,647.6,338.52,1.84,-0.1,Green,180979.36
218,3,can,LOST,32,117,0.0,340.02,560.97,1.67,1.73,Green,796.63
218,4,can,OUT_OF_BOUNDS,5,143,0.0,2696.91,363.67,16.49,-0.07,Green,3451.56
218,5,car,LOST,26,113,0.0,839.75,384.97,5.01,0.28,Green,1568.26
218,7,car,LOST,8,112,0.0,821.95,369.35,4.58,0.15,Green,1412.02
218,10,car,OUT_OF_BOUNDS,16,97,0.0,3386.18,442.12,20.71,0.61,Neutral,1060.86
218,11,car,LOST,3,110,0.0,512.87,349.44,1.48,-0.04,Green,1242.92
218,12,car,VISIBLE,77,0,0.3566,1278.6,374.52,12.81,0.32,Green,1522.41
218,13,car,OUT_OF_BOUNDS,20,87,0.033,2675.87,437.55,15.42,0.68,Neutral,3840.25
218,14,car,OCCLUDED,43,55,0.389,616.33,342.78,3.47,-0.13,Blue,1098.8
218,15,car,OUT_OF_BOUNDS,31,65,0.278,1813.23,386.21,8.04,0.32,Blue,1241.44
218,16,car,OCCLUDED,69,13,0.856,1128.31,367.11,6.63,0.11,Green,564.31
218,19,car,OUT_OF_BOUNDS,74,1,0.989,1325.63,369.24,8.96,-0.04,Neutral,496.34
218,20,can,OUT_OF_BOUNDS,46,21,0.767,1435.99,375.79,6.41,-0.2,Neutral,555.27
218,21,car,OUT_OF_BOUNDS,10,56,0.378,1367.04,388.23,1.66,0.35,Green,372.94
218,24,car,VISIBLE,17,0,0.5102,1037.7,360.6,13.74,-0.15,Green,5543.28
219,1,motorcycle,VISIBLE,218,0,0.9394,625.64,484.81,1.18,0.1,Green,333749.37
219,2,person,VISIBLE,198,0,0.9004,648.71,338.44,1.33,-0.08,Green,182770.35
219,3,can,LOST,32,118,0.0,341.68,562.7,1.67,1.73,Green,796.63
219,4,can,OUT_OF_BOUNDS,5,144,0.0,2713.4,363.6,16.49,-0.07,Green,3451.56
219,5,car,LOST,26,114,0.0,844.76,385.26,5.01,0.28,Green,1568.26
219,7,car,LOST,8,113,0.0,826.53,369.5,4.58,0.15,Green,1412.02
219,10,car,OUT_OF_BOUNDS,16,98,0.0,3406.9,442.73,20.71,0.61,Neutral,1060.86
219,11,car,LOST,3,111,0.0,514.34,349.4,1.48,-0.04,Green,1242.92
219,12,car,VISIBLE,78,0,0.3566,1291.4,374.76,12.8,0.26,Green,1455.31
219,13,car,OUT_OF_BOUNDS,20,88,0.022,2691.29,438.23,15.42,0.68,Neutral,3840.25
219,14,car,OCCLUDED,43,56,0.378,619.79,342.65,3.47,-0.13,Blue,1098.8
219,15,car,OUT_OF_BOUNDS,31,66,0.267,1821.27,386.53,8.04,0.32,Blue,1241.44
219,16,car,OCCLUDED,69,14,0.844,1134.94,367.22,6.63,0.11,Green,564.31
219,19,car,OUT_OF_BOUNDS,74,2,0.978,1334.59,369.2,8.96,-0.04,Neutral,496.34
219,20,can,OUT_OF_BOUNDS,46,22,0.756,1442.4,375.59,6.41,-0.2,Neutral,555.27
219,21,car,OUT_OF_BOUNDS,10,57,0.367,1368.7,388.58,1.66,0.35,Green,372.94
219,24,car,VISIBLE,18,0,0.4883,1052.52,361.44,14.49,0.54,Green,5400.42
220,1,motorcycle,VISIBLE,219,0,0.9371,627.15,484.16,1.41,-0.42,Green,337860.49
220,2,person,VISIBLE,199,0,0.9088,650.0,338.05,1.31,-0.3,Green,183749.17
220,3,can,LOST,32,119,0.0,343.35,564.43,1.67,1.73,Green,796.63
220,4,can,OUT_OF_BOUNDS,5,145,0.0,2729.89,363.54,16.49,-0.07,Green,3451.56
220,5,car,LOST,26,115,0.0,849.77,385.54,5.01,0.28,Green,1568.26
220,7,car,LOST,8,114,0.0,831.12,369.64,4.58,0.15,Green,1412.02
220,10,car,OUT_OF_BOUNDS,16,99,0.0,3427.61,443.34,20.71,0.61,Neutral,1060.86
220,11,car,LOST,3,112,0.0,515.82,349.36,1.48,-0.04,Green,1242.92
220,12,car,VISIBLE,79,0,0.3566,1304.2,375.0,12.8,0.24,Neutral,1387.87
220,13,car,OUT_OF_BOUNDS,20,89,0.011,2706.7,438.9,15.42,0.68,Neutral,3840.25
220,14,car,OCCLUDED,43,57,0.367,623.26,342.52,3.47,-0.13,Blue,1098.8
220,15,car,OUT_OF_BOUNDS,31,67,0.256,1829.32,386.86,8.04,0.32,Blue,1241.44
220,16,car,OCCLUDED,69,15,0.833,1141.58,367.33,6.63,0.11,Green,564.31
220,19,car,OUT_OF_BOUNDS,74,3,0.967,1343.56,369.15,8.96,-0.04,Neutral,496.34
220,20,can,OUT_OF_BOUNDS,46,23,0.744,1448.81,375.38,6.41,-0.2,Neutral,555.27
220,21,car,OUT_OF_BOUNDS,10,58,0.356,1370.37,388.93,1.66,0.35,Green,372.94
220,24,car,VISIBLE,19,0,0.2894,1068.74,360.68,15.7,-0.37,Green,5648.36
221,1,motorcycle,VISIBLE,220,0,0.937,628.34,483.62,1.25,-0.51,Green,341462.74
221,2,person,VISIBLE,200,0,0.9252,650.17,337.79,0.51,-0.27,Green,185954.46
221,3,can,LOST,32,120,0.0,345.01,566.15,1.67,1.73,Green,796.63
221,4,can,OUT_OF_BOUNDS,5,146,0.0,2746.38,363.47,16.49,-0.07,Green,3451.56
221,5,car,LOST,26,116,0.0,854.78,385.82,5.01,0.28,Green,1568.26
221,7,car,LOST,8,115,0.0,835.7,369.79,4.58,0.15,Green,1412.02
221,10,car,OUT_OF_BOUNDS,16,100,0.0,3448.33,443.95,20.71,0.61,Neutral,1060.86
221,11,car,LOST,3,113,0.0,517.3,349.33,1.48,-0.04,Green,1242.92
221,12,car,VISIBLE,80,0,0.3566,1316.99,375.23,12.8,0.24,Neutral,1320.11
221,13,car,OUT_OF_BOUNDS,20,90,0.0,2722.12,439.58,15.42,0.68,Neutral,3840.25
221,14,car,OCCLUDED,43,58,0.356,626.73,342.39,3.47,-0.13,Blue,1098.8
221,15,car,OUT_OF_BOUNDS,31,68,0.244,1837.36,387.18,8.04,0.32,Blue,1241.44
221,16,car,OCCLUDED,69,16,0.822,1148.21,367.43,6.63,0.11,Green,564.31
221,19,car,OUT_OF_BOUNDS,74,4,0.956,1352.52,369.11,8.96,-0.04,Neutral,496.34
221,20,can,OUT_OF_BOUNDS,46,24,0.733,1455.22,375.18,6.41,-0.2,Neutral,555.27
221,21,car,OUT_OF_BOUNDS,10,59,0.344,1372.03,389.28,1.66,0.35,Green,372.94
221,24,car,VISIBLE,20,0,0.3484,1084.95,360.04,16.06,-0.56,Green,5836.22
221,26,car,VISIBLE,1,0,0.1945,972.53,359.79,0.0,0.0,Green,2837.19
222,1,motorcycle,VISIBLE,221,0,0.9378,629.15,482.97,0.95,-0.6,Green,344773.51
222,2,person,VISIBLE,201,0,0.9245,651.02,337.36,0.75,-0.38,Green,187166.09
222,3,can,LOST,32,121,0.0,346.68,567.88,1.67,1.73,Green,796.63
222,4,can,OUT_OF_BOUNDS,5,147,0.0,2762.86,363.4,16.49,-0.07,Green,3451.56
222,5,car,LOST,26,117,0.0,859.79,386.1,5.01,0.28,Green,1568.26
222,7,car,LOST,8,116,0.0,840.28,369.93,4.58,0.15,Green,1412.02
222,10,car,OUT_OF_BOUNDS,16,101,0.0,3469.04,444.56,20.71,0.61,Neutral,1060.86
222,11,car,LOST,3,114,0.0,518.78,349.29,1.48,-0.04,Green,1242.92
222,12,car,VISIBLE,81,0,0.3566,1329.8,375.46,12.8,0.23,Neutral,1252.01
222,13,car,OUT_OF_BOUNDS,20,91,0.0,2737.54,440.26,15.42,0.68,Neutral,3840.25
222,14,car,OCCLUDED,43,59,0.344,630.19,342.27,3.47,-0.13,Blue,1098.8
222,15,car,OUT_OF_BOUNDS,31,69,0.233,1845.4,387.5,8.04,0.32,Blue,1241.44
222,16,car,OCCLUDED,69,17,0.811,1154.85,367.54,6.63,0.11,Green,564.31
222,19,car,OUT_OF_BOUNDS,74,5,0.944,1361.48,369.06,8.96,-0.04,Neutral,496.34
222,20,can,OUT_OF_BOUNDS,46,25,0.722,1461.64,374.98,6.41,-0.2,Neutral,555.27
222,21,car,OUT_OF_BOUNDS,10,60,0.333,1373.69,389.64,1.66,0.35,Green,372.94
222,24,car,VISIBLE,21,0,0.3458,1092.3,359.72,9.96,-0.39,Green,5170.66
222,26,car,VISIBLE,2,0,0.1945,978.39,359.73,5.87,-0.06,Green,2835.29
223,1,motorcycle,VISIBLE,222,0,0.937,630.06,482.39,0.91,-0.59,Green,348242.82
223,2,person,VISIBLE,202,0,0.9293,651.61,337.19,0.63,-0.23,Blue,189095.68
223,3,can,LOST,32,122,0.0,348.34,569.61,1.67,1.73,Green,796.63
223,4,can,OUT_OF_BOUNDS,5,148,0.0,2779.35,363.34,16.49,-0.07,Green,3451.56
223,5,car,LOST,26,118,0.0,864.8,386.39,5.01,0.28,Green,1568.26
223,7,car,LOST,8,117,0.0,844.87,370.08,4.58,0.15,Green,1412.02
223,10,car,OUT_OF_BOUNDS,16,102,0.0,3489.75,445.17,20.71,0.61,Neutral,1060.86
223,11,car,LOST,3,115,0.0,520.26,349.25,1.48,-0.04,Green,1242.92
223,12,car,OUT_OF_BOUNDS,81,1,0.989,1342.59,375.68,12.8,0.23,Neutral,1252.01
223,13,car,OUT_OF_BOUNDS,20,92,0.0,2752.96,440.94,15.42,0.68,Neutral,3840.25
223,14,car,OCCLUDED,43,60,0.333,633.66,342.14,3.47,-0.13,Blue,1098.8
223,15,car,OUT_OF_BOUNDS,31,70,0.222,1853.44,387.82,8.04,0.32,Blue,1241.44
223,16,car,OCCLUDED,69,18,0.8,1161.48,367.64,6.63,0.11,Green,564.31
223,19,car,OUT_OF_BOUNDS,74,6,0.933,1370.45,369.02,8.96,-0.04,Neutral,496.34
223,20,can,OUT_OF_BOUNDS,46,26,0.711,1468.05,374.77,6.41,-0.2,Neutral,555.27
223,21,car,OUT_OF_BOUNDS,10,61,0.322,1375.36,389.99,1.66,0.35,Green,372.94
223,24,car,VISIBLE,22,0,0.48,1106.52,360.29,12.94,0.29,Green,5093.78
223,26,car,VISIBLE,3,0,0.1945,984.26,359.67,5.87,-0.06,Green,2833.26
223,28,can,VISIBLE,1,0,0.2691,232.08,396.46,0.0,0.0,Green,4280.14
223,27,car,VISIBLE,1,0,0.3712,1249.09,369.67,0.0,0.0,Green,1263.33
224,1,motorcycle,VISIBLE,223,0,0.9349,631.01,482.25,0.94,-0.28,Green,351230.99
224,2,person,VISIBLE,203,0,0.929,652.28,337.31,0.66,0.01,Blue,190954.85
224,3,can,LOST,32,123,0.0,350.01,571.34,1.67,1.73,Green,796.63
224,4,can,OUT_OF_BOUNDS,5,149,0.0,2795.84,363.27,16.49,-0.07,Green,3451.56
224,5,car,LOST,26,119,0.0,869.81,386.67,5.01,0.28,Green,1568.26
224,7,car,LOST,8,118,0.0,849.45,370.22,4.58,0.15,Green,1412.02
224,10,car,OUT_OF_BOUNDS,16,103,0.0,3510.47,445.79,20.71,0.61,Neutral,1060.86
224,11,car,LOST,3,116,0.0,521.74,349.22,1.48,-0.04,Green,1242.92
224,12,car,OUT_OF_BOUNDS,81,2,0.978,1355.39,375.91,12.8,0.23,Neutral,1252.01
224,13,car,OUT_OF_BOUNDS,20,93,0.0,2768.38,441.61,15.42,0.68,Neutral,3840.25
224,14,car,OCCLUDED,43,61,0.322,637.12,342.01,3.47,-0.13,Blue,1098.8
224,15,car,OUT_OF_BOUNDS,31,71,0.211,1861.48,388.14,8.04,0.32,Blue,1241.44
224,16,car,OCCLUDED,69,19,0.789,1168.12,367.75,6.63,0.11,Green,564.31
224,19,car,OUT_OF_BOUNDS,74,7,0.922,1379.41,368.97,8.96,-0.04,Neutral,496.34
224,20,can,OUT_OF_BOUNDS,46,27,0.7,1474.46,374.57,6.41,-0.2,Neutral,555.27
224,21,car,OUT_OF_BOUNDS,10,62,0.311,1377.02,390.34,1.66,0.35,Green,372.94
224,24,car,VISIBLE,23,0,0.6234,1125.27,360.93,17.01,0.53,Green,5316.6
224,26,car,OCCLUDED,3,1,0.989,990.13,359.62,5.87,-0.06,Green,2833.26
224,28,can,VISIBLE,2,0,0.2691,233.58,396.55,1.5,0.09,Green,4129.37
224,27,car,VISIBLE,2,0,0.3038,1257.51,369.0,8.43,-0.67,Green,1198.01
225,1,motorcycle,VISIBLE,224,0,0.9358,632.32,482.14,1.2,-0.16,Green,354490.79
225,2,person,VISIBLE,204,0,0.9233,654.35,337.83,1.65,0.37,Blue,191180.33
225,3,can,LOST,32,124,0.0,351.68,573.07,1.67,1.73,Green,796.63
225,4,can,OUT_OF_BOUNDS,5,150,0.0,2812.33,363.2,16.49,-0.07,Green,3451.56
225,5,car,LOST,26,120,0.0,874.82,386.95,5.01,0.28,Green,1568.26
225,7,car,LOST,8,119,0.0,854.03,370.37,4.58,0.15,Green,1412.02
225,10,car,OUT_OF_BOUNDS,16,104,0.0,3531.18,446.4,20.71,0.61,Neutral,1060.86
225,11,car,LOST,3,117,0.0,523.21,349.18,1.48,-0.04,Green,1242.92
225,12,car,OUT_OF_BOUNDS,81,3,0.967,1368.19,376.14,12.8,0.23,Neutral,1252.01
225,13,car,OUT_OF_BOUNDS,20,94,0.0,2783.8,442.29,15.42,0.68,Neutral,3840.25
225,14,car,OCCLUDED,43,62,0.311,640.59,341.88,3.47,-0.13,Blue,1098.8
225,15,car,OUT_OF_BOUNDS,31,72,0.2,1869.52,388.46,8.04,0.32,Blue,1241.44
225,16,car,OCCLUDED,69,20,0.778,1174.75,367.86,6.63,0.11,Green,564.31
225,19,car,OUT_OF_BOUNDS,74,8,0.911,1388.38,368.93,8.96,-0.04,Neutral,496.34
225,20,can,OUT_OF_BOUNDS,46,28,0.689,1480.87,374.36,6.41,-0.2,Neutral,555.27
225,21,car,OUT_OF_BOUNDS,10,63,0.3,1378.68,390.69,1.66,0.35,Green,372.94
225,24,car,VISIBLE,24,0,0.6662,1147.31,361.78,20.53,0.76,Green,5684.67
225,26,car,OCCLUDED,3,2,0.978,995.99,359.56,5.87,-0.06,Green,2833.26
225,28,can,VISIBLE,3,0,0.2691,235.07,396.63,1.5,0.09,Green,3979.45
225,27,car,VISIBLE,3,0,0.3038,1260.6,368.81,4.69,-0.34,Yellow,1161.51
226,1,motorcycle,VISIBLE,225,0,0.9341,633.42,482.28,1.13,0.05,Green,356671.25
226,2,person,VISIBLE,205,0,0.915,657.05,338.56,2.39,0.62,Blue,191105.03
226,3,can,LOST,32,125,0.0,353.34,574.79,1.67,1.73,Green,796.63
226,4,can,OUT_OF_BOUNDS,5,151,0.0,2828.82,363.14,16.49,-0.07,Green,3451.56
226,5,car,LOST,26,121,0.0,879.83,387.23,5.01,0.28,Green,1568.26
226,7,car,LOST,8,120,0.0,858.62,370.52,4.58,0.15,Green,1412.02
226,10,car,OUT_OF_BOUNDS,16,105,0.0,3551.9,447.01,20.71,0.61,Neutral,1060.86
226,11,car,LOST,3,118,0.0,524.69,349.14,1.48,-0.04,Green,1242.92
226,12,car,OUT_OF_BOUNDS,81,4,0.956,1380.99,376.37,12.8,0.23,Neutral,1252.01
226,13,car,OUT_OF_BOUNDS,20,95,0.0,2799.21,442.97,15.42,0.68,Neutral,3840.25
226,14,car,OCCLUDED,43,63,0.3,644.05,341.76,3.47,-0.13,Blue,1098.8
226,15,car,OUT_OF_BOUNDS,31,73,0.189,1877.57,388.78,8.04,0.32,Blue,1241.44
226,16,car,OCCLUDED,69,21,0.767,1181.38,367.96,6.63,0.11,Green,564.31
226,19,car,OUT_OF_BOUNDS,74,9,0.9,1397.34,368.88,8.96,-0.04,Neutral,496.34
226,20,can,OUT_OF_BOUNDS,46,29,0.678,1487.28,374.16,6.41,-0.2,Neutral,555.27
226,21,car,OUT_OF_BOUNDS,10,64,0.289,1380.35,391.05,1.66,0.35,Green,372.94
226,24,car,VISIBLE,25,0,0.6224,1167.49,362.91,20.29,1.02,Green,5919.81
226,26,car,OCCLUDED,3,3,0.967,1001.86,359.51,5.87,-0.06,Green,2833.26
226,28,can,OCCLUDED,3,1,0.989,236.57,396.72,1.5,0.09,Green,3979.45
226,27,car,VISIBLE,4,0,0.3038,1263.68,368.62,3.56,-0.23,Green,1120.4
227,1,motorcycle,VISIBLE,226,0,0.9341,634.48,482.45,1.08,0.13,Green,358592.62
227,2,person,VISIBLE,206,0,0.9143,661.87,339.31,4.08,0.71,Blue,188969.63
227,3,can,LOST,32,126,0.0,355.01,576.52,1.67,1.73,Green,796.63
227,4,can,OUT_OF_BOUNDS,5,152,0.0,2845.3,363.07,16.49,-0.07,Green,3451.56
227,5,car,LOST,26,122,0.0,884.84,387.52,5.01,0.28,Green,1568.26
227,7,car,LOST,8,121,0.0,863.2,370.66,4.58,0.15,Green,1412.02
227,10,car,OUT_OF_BOUNDS,16,106,0.0,3572.61,447.62,20.71,0.61,Neutral,1060.86
227,11,car,LOST,3,119,0.0,526.17,349.11,1.48,-0.04,Green,1242.92
227,12,car,OUT_OF_BOUNDS,81,5,0.944,1393.79,376.6,12.8,0.23,Neutral,1252.01
227,13,car,OUT_OF_BOUNDS,20,96,0.0,2814.63,443.65,15.42,0.68,Neutral,3840.25
227,14,car,OCCLUDED,43,64,0.289,647.52,341.63,3.47,-0.13,Blue,1098.8
227,15,car,OUT_OF_BOUNDS,31,74,0.178,1885.61,389.1,8.04,0.32,Blue,1241.44
227,16,car,OCCLUDED,69,22,0.756,1188.02,368.07,6.63,0.11,Green,564.31
227,19,car,OUT_OF_BOUNDS,74,10,0.889,1406.3,368.84,8.96,-0.04,Neutral,496.34
227,20,can,OUT_OF_BOUNDS,46,30,0.667,1493.69,373.95,6.41,-0.2,Neutral,555.27
227,21,car,OUT_OF_BOUNDS,10,65,0.278,1382.01,391.4,1.66,0.35,Green,372.94
227,24,car,VISIBLE,26,0,0.718,1187.3,364.25,19.95,1.24,Green,6063.01
227,26,car,OCCLUDED,3,4,0.956,1007.73,359.45,5.87,-0.06,Green,2833.26
227,28,can,OCCLUDED,3,2,0.978,238.07,396.8,1.5,0.09,Green,3979.45
227,27,car,VISIBLE,5,0,0.3038,1266.75,368.43,3.22,-0.21,Green,1074.68
228,1,motorcycle,VISIBLE,227,0,0.9328,635.28,482.55,0.89,0.11,Green,359777.03
228,2,person,VISIBLE,207,0,0.9177,666.11,339.79,4.2,0.55,Blue,187134.97
228,3,can,LOST,32,127,0.0,356.67,578.25,1.67,1.73,Green,796.63
228,4,can,OUT_OF_BOUNDS,5,153,0.0,2861.79,363.01,16.49,-0.07,Green,3451.56
228,5,car,LOST,26,123,0.0,889.86,387.8,5.01,0.28,Green,1568.26
228,7,car,LOST,8,122,0.0,867.78,370.81,4.58,0.15,Green,1412.02
228,10,car,OUT_OF_BOUNDS,16,107,0.0,3593.33,448.23,20.71,0.61,Neutral,1060.86
228,11,car,LOST,3,120,0.0,527.65,349.07,1.48,-0.04,Green,1242.92
228,12,car,OUT_OF_BOUNDS,81,6,0.933,1406.59,376.83,12.8,0.23,Neutral,1252.01
228,13,car,OUT_OF_BOUNDS,20,97,0.0,2830.05,444.32,15.42,0.68,Neutral,3840.25
228,14,car,OCCLUDED,43,65,0.278,650.99,341.5,3.47,-0.13,Blue,1098.8
228,15,car,OUT_OF_BOUNDS,31,75,0.167,1893.65,389.42,8.04,0.32,Blue,1241.44
228,16,car,OCCLUDED,69,23,0.744,1194.65,368.18,6.63,0.11,Green,564.31
228,19,car,OUT_OF_BOUNDS,74,11,0.878,1415.27,368.79,8.96,-0.04,Neutral,496.34
228,20,can,OUT_OF_BOUNDS,46,31,0.656,1500.1,373.75,6.41,-0.2,Neutral,555.27
228,21,car,OUT_OF_BOUNDS,10,66,0.267,1383.67,391.75,1.66,0.35,Green,372.94
228,24,car,VISIBLE,27,0,0.6981,1206.43,365.53,19.38,1.27,Green,6072.23
228,26,car,OCCLUDED,3,5,0.944,1013.59,359.39,5.87,-0.06,Green,2833.26
228,28,can,OCCLUDED,3,3,0.967,239.56,396.89,1.5,0.09,Green,3979.45
228,27,car,OCCLUDED,5,1,0.989,1269.97,368.22,3.22,-0.21,Green,1074.68
229,1,motorcycle,VISIBLE,228,0,0.9303,636.31,482.79,0.98,0.2,Green,361110.4
229,2,person,VISIBLE,208,0,0.9186,669.57,340.16,3.68,0.42,Blue,186174.06
229,3,can,LOST,32,128,0.0,358.34,579.98,1.67,1.73,Green,796.63
229,4,can,OUT_OF_BOUNDS,5,154,0.0,2878.28,362.94,16.49,-0.07,Green,3451.56
229,5,car,LOST,26,124,0.0,894.87,388.08,5.01,0.28,Green,1568.26
229,7,car,LOST,8,123,0.0,872.36,370.95,4.58,0.15,Green,1412.02
229,10,car,OUT_OF_BOUNDS,16,108,0.0,3614.04,448.84,20.71,0.61,Neutral,1060.86
229,11,car,LOST,3,121,0.0,529.13,349.03,1.48,-0.04,Green,1242.92
229,12,car,OUT_OF_BOUNDS,81,7,0.922,1419.39,377.06,12.8,0.23,Neutral,1252.01
229,13,car,OUT_OF_BOUNDS,20,98,0.0,2845.47,445.0,15.42,0.68,Neutral,3840.25
229,14,car,OCCLUDED,43,66,0.267,654.45,341.37,3.47,-0.13,Blue,1098.8
229,15,car,OUT_OF_BOUNDS,31,76,0.156,1901.69,389.74,8.04,0.32,Blue,1241.44
229,16,car,OCCLUDED,69,24,0.733,1201.29,368.28,6.63,0.11,Green,564.31
229,19,car,OUT_OF_BOUNDS,74,12,0.867,1424.23,368.75,8.96,-0.04,Neutral,496.34
229,20,can,OUT_OF_BOUNDS,46,32,0.644,1506.51,373.55,6.41,-0.2,Neutral,555.27
229,21,car,OUT_OF_BOUNDS,10,67,0.256,1385.34,392.1,1.66,0.35,Green,372.94
229,24,car,VISIBLE,28,0,0.7356,1222.31,366.73,16.92,1.22,Green,5721.78
229,26,car,OCCLUDED,3,6,0.933,1019.46,359.34,5.87,-0.06,Green,2833.26
229,28,can,OCCLUDED,3,4,0.956,241.06,396.98,1.5,0.09,Green,3979.45
229,27,car,OCCLUDED,5,2,0.978,1273.19,368.01,3.22,-0.21,Green,1074.68
230,1,motorcycle,VISIBLE,229,0,0.9291,637.73,482.81,1.3,0.07,Green,362912.67
230,2,person,VISIBLE,209,0,0.9181,670.8,339.97,1.97,-0.01,Blue,187087.27
230,3,can,LOST,32,129,0.0,360.0,581.71,1.67,1.73,Green,796.63
230,4,can,OUT_OF_BOUNDS,5,155,0.0,2894.77,362.87,16.49,-0.07,Green,3451.56
230,5,car,LOST,26,125,0.0,899.88,388.36,5.01,0.28,Green,1568.26
230,7,car,LOST,8,124,0.0,876.95,371.1,4.58,0.15,Green,1412.02
230,10,car,OUT_OF_BOUNDS,16,109,0.0,3634.75,449.45,20.71,0.61,Neutral,1060.86
230,11,car,LOST,3,122,0.0,530.61,349.0,1.48,-0.04,Green,1242.92
230,12,car,OUT_OF_BOUNDS,81,8,0.911,1432.19,377.28,12.8,0.23,Neutral,1252.01
230,13,car,OUT_OF_BOUNDS,20,99,0.0,2860.89,445.68,15.42,0.68,Neutral,3840.25
230,14,car,OCCLUDED,43,67,0.256,657.92,341.24,3.47,-0.13,Blue,1098.8
230,15,car,OUT_OF_BOUNDS,31,77,0.144,1909.73,390.06,8.04,0.32,Blue,1241.44
230,16,car,OCCLUDED,69,25,0.722,1207.92,368.39,6.63,0.11,Green,564.31
230,19,car,OUT_OF_BOUNDS,74,13,0.856,1433.2,368.7,8.96,-0.04,Neutral,496.34
230,20,can,OUT_OF_BOUNDS,46,33,0.633,1512.92,373.34,6.41,-0.2,Neutral,555.27
230,21,car,OUT_OF_BOUNDS,10,68,0.244,1387.0,392.46,1.66,0.35,Green,372.94
230,24,car,VISIBLE,29,0,0.6637,1234.98,367.0,13.95,0.56,Green,5041.2
230,26,car,OCCLUDED,3,7,0.922,1025.33,359.28,5.87,-0.06,Green,2833.26
230,28,can,VISIBLE,4,0,0.5234,249.72,376.69,2.5,-2.77,Green,1970.32
230,27,car,OCCLUDED,5,3,0.967,1276.41,367.81,3.22,-0.21,Green,1074.68
231,1,motorcycle,VISIBLE,230,0,0.9307,639.19,482.64,1.41,-0.09,Green,364788.25
231,2,person,VISIBLE,210,0,0.9182,670.46,339.34,0.35,-0.44,Blue,189955.14
231,3,can,LOST,32,130,0.0,361.67,583.43,1.67,1.73,Green,796.63
231,4,can,OUT_OF_BOUNDS,5,156,0.0,2911.26,362.81,16.49,-0.07,Green,3451.56
231,5,car,LOST,26,126,0.0,904.89,388.64,5.01,0.28,Green,1568.26
231,7,car,LOST,8,125,0.0,881.53,371.24,4.58,0.15,Green,1412.02
231,10,car,OUT_OF_BOUNDS,16,110,0.0,3655.47,450.06,20.71,0.61,Neutral,1060.86
231,11,car,LOST,3,123,0.0,532.09,348.96,1.48,-0.04,Green,1242.92
231,12,car,OUT_OF_BOUNDS,81,9,0.9,1444.99,377.51,12.8,0.23,Neutral,1252.01
231,13,car,OUT_OF_BOUNDS,20,100,0.0,2876.31,446.35,15.42,0.68,Neutral,3840.25
231,14,car,OCCLUDED,43,68,0.244,661.38,341.12,3.47,-0.13,Blue,1098.8
231,15,car,OUT_OF_BOUNDS,31,78,0.133,1917.77,390.38,8.04,0.32,Blue,1241.44
231,16,car,OCCLUDED,69,26,0.711,1214.56,368.49,6.63,0.11,Green,564.31
231,19,car,OUT_OF_BOUNDS,74,14,0.844,1442.16,368.66,8.96,-0.04,Neutral,496.34
231,20,can,OUT_OF_BOUNDS,46,34,0.622,1519.33,373.14,6.41,-0.2,Neutral,555.27
231,21,car,OUT_OF_BOUNDS,10,69,0.233,1388.66,392.81,1.66,0.35,Green,372.94
231,24,car,VISIBLE,30,0,0.5906,1245.75,366.89,11.72,0.09,Green,4211.34
231,26,car,OCCLUDED,3,8,0.911,1031.19,359.22,5.87,-0.06,Green,2833.26
231,28,can,VISIBLE,5,0,0.5234,251.21,376.72,1.8,-0.81,Green,1963.64
231,27,car,OCCLUDED,5,4,0.956,1279.63,367.6,3.22,-0.21,Green,1074.68
231,30,car,VISIBLE,1,0,0.3953,27.84,368.67,0.0,0.0,Blue,4453.44
232,1,motorcycle,VISIBLE,231,0,0.9302,640.22,482.41,1.15,-0.19,Green,366177.22
232,2,person,VISIBLE,211,0,0.9231,670.86,338.11,0.38,-0.99,Blue,192070.82
232,3,can,LOST,32,131,0.0,363.33,585.16,1.67,1.73,Green,796.63
232,4,can,OUT_OF_BOUNDS,5,157,0.0,2927.74,362.74,16.49,-0.07,Green,3451.56
232,5,car,LOST,26,127,0.0,909.9,388.93,5.01,0.28,Green,1568.26
232,7,car,LOST,8,126,0.0,886.11,371.39,4.58,0.15,Green,1412.02
232,10,car,OUT_OF_BOUNDS,16,111,0.0,3676.18,450.67,20.71,0.61,Neutral,1060.86
232,11,car,LOST,3,124,0.0,533.56,348.92,1.48,-0.04,Green,1242.92
232,12,car,OUT_OF_BOUNDS,81,10,0.889,1457.79,377.74,12.8,0.23,Neutral,1252.01
232,13,car,OUT_OF_BOUNDS,20,101,0.0,2891.72,447.03,15.42,0.68,Neutral,3840.25
232,14,car,OCCLUDED,43,69,0.233,664.85,340.99,3.47,-0.13,Blue,1098.8
232,15,car,OUT_OF_BOUNDS,31,79,0.122,1925.82,390.7,8.04,0.32,Blue,1241.44
232,16,car,OCCLUDED,69,27,0.7,1221.19,368.6,6.63,0.11,Green,564.31
232,19,car,OUT_OF_BOUNDS,74,15,0.833,1451.12,368.61,8.96,-0.04,Neutral,496.34
232,20,can,OUT_OF_BOUNDS,46,35,0.611,1525.74,372.93,6.41,-0.2,Neutral,555.27
232,21,car,OUT_OF_BOUNDS,10,70,0.222,1390.33,393.16,1.66,0.35,Green,372.94
232,24,car,VISIBLE,31,0,0.5431,1255.24,366.73,10.16,-0.09,Green,3275.14
232,26,car,OCCLUDED,3,9,0.9,1037.06,359.17,5.87,-0.06,Green,2833.26
232,28,can,VISIBLE,6,0,0.5234,252.7,376.74,1.59,-0.23,Grey/Brown,1956.95
232,27,car,OCCLUDED,5,5,0.944,1282.85,367.39,3.22,-0.21,Green,1074.68
232,30,car,VISIBLE,2,0,0.3122,37.79,367.96,9.96,-0.71,Blue,5982.67
233,1,motorcycle,VISIBLE,232,0,0.931,641.23,482.08,1.04,-0.29,Green,367201.24
233,2,person,VISIBLE,212,0,0.9264,676.0,336.83,3.71,-1.19,Blue,188743.41
233,3,can,LOST,32,132,0.0,365.0,586.89,1.67,1.73,Green,796.63
233,4,can,OUT_OF_BOUNDS,5,158,0.0,2944.23,362.67,16.49,-0.07,Green,3451.56
233,5,car,LOST,26,128,0.0,914.91,389.21,5.01,0.28,Green,1568.26
233,7,car,LOST,8,127,0.0,890.7,371.53,4.58,0.15,Green,1412.02
233,10,car,OUT_OF_BOUNDS,16,112,0.0,3696.9,451.29,20.71,0.61,Neutral,1060.86
233,11,car,LOST,3,125,0.0,535.04,348.89,1.48,-0.04,Green,1242.92
233,12,car,OUT_OF_BOUNDS,81,11,0.878,1470.59,377.97,12.8,0.23,Neutral,1252.01
233,13,car,OUT_OF_BOUNDS,20,102,0.0,2907.14,447.71,15.42,0.68,Neutral,3840.25
233,14,car,OCCLUDED,43,70,0.222,668.31,340.86,3.47,-0.13,Blue,1098.8
233,15,car,OUT_OF_BOUNDS,31,80,0.111,1933.86,391.02,8.04,0.32,Blue,1241.44
233,16,car,OCCLUDED,69,28,0.689,1227.82,368.71,6.63,0.11,Green,564.31
233,19,car,OUT_OF_BOUNDS,74,16,0.822,1460.09,368.57,8.96,-0.04,Neutral,496.34
233,20,can,OUT_OF_BOUNDS,46,36,0.6,1532.15,372.73,6.41,-0.2,Neutral,555.27
233,21,car,OUT_OF_BOUNDS,10,71,0.211,1391.99,393.52,1.66,0.35,Green,372.94
233,24,car,VISIBLE,32,0,0.1908,1264.64,366.53,9.63,-0.17,Green,2234.3
233,26,car,OCCLUDED,3,10,0.889,1042.92,359.11,5.87,-0.06,Green,2833.26
233,28,can,OCCLUDED,6,1,0.989,254.29,376.51,1.59,-0.23,Grey/Brown,1956.95
233,27,car,OCCLUDED,5,6,0.933,1286.08,367.19,3.22,-0.21,Green,1074.68
233,30,car,VISIBLE,3,0,0.4234,34.42,369.34,0.63,0.75,Blue,5805.54
234,1,motorcycle,VISIBLE,233,0,0.9339,642.92,481.66,1.5,-0.38,Green,368854.31
234,2,person,VISIBLE,213,0,0.9309,680.05,335.54,3.95,-1.26,Blue,186499.4
234,3,can,LOST,32,133,0.0,366.66,588.62,1.67,1.73,Green,796.63
234,4,can,OUT_OF_BOUNDS,5,159,0.0,2960.72,362.61,16.49,-0.07,Green,3451.56
234,5,car,LOST,26,129,0.0,919.92,389.49,5.01,0.28,Green,1568.26
234,7,car,LOST,8,128,0.0,895.28,371.68,4.58,0.15,Green,1412.02
234,10,car,OUT_OF_BOUNDS,16,113,0.0,3717.61,451.9,20.71,0.61,Neutral,1060.86
234,11,car,LOST,3,126,0.0,536.52,348.85,1.48,-0.04,Green,1242.92
234,12,car,OUT_OF_BOUNDS,81,12,0.867,1483.39,378.2,12.8,0.23,Neutral,1252.01
234,13,car,OUT_OF_BOUNDS,20,103,0.0,2922.56,448.39,15.42,0.68,Neutral,3840.25
234,14,car,OCCLUDED,43,71,0.211,671.78,340.73,3.47,-0.13,Blue,1098.8
234,15,car,OUT_OF_BOUNDS,31,81,0.1,1941.9,391.34,8.04,0.32,Blue,1241.44
234,16,car,OCCLUDED,69,29,0.678,1234.46,368.81,6.63,0.11,Green,564.31
234,19,car,OUT_OF_BOUNDS,74,17,0.811,1469.05,368.52,8.96,-0.04,Neutral,496.34
234,20,can,OUT_OF_BOUNDS,46,37,0.589,1538.56,372.52,6.41,-0.2,Neutral,555.27
234,21,car,OUT_OF_BOUNDS,10,72,0.2,1393.65,393.87,1.66,0.35,Green,372.94
234,24,car,VISIBLE,33,0,0.1908,1277.05,366.75,11.57,0.1,Green,1618.65
234,26,car,OCCLUDED,3,11,0.878,1048.79,359.05,5.87,-0.06,Green,2833.26
234,28,can,VISIBLE,7,0,0.2164,340.92,376.79,31.35,-0.05,Green,1593.99
234,27,car,OCCLUDED,5,7,0.922,1289.3,366.98,3.22,-0.21,Green,1074.68
234,30,car,VISIBLE,4,0,0.5446,38.84,369.75,3.28,0.52,Blue,6924.37
234,31,car,VISIBLE,1,0,0.4204,95.02,367.24,0.0,0.0,Blue,6698.68
235,1,motorcycle,VISIBLE,234,0,0.9341,644.9,481.26,1.84,-0.39,Green,370626.16
235,2,person,VISIBLE,214,0,0.9237,681.61,334.76,2.27,-0.92,Blue,187228.83
235,3,can,LOST,32,134,0.0,368.33,590.35,1.67,1.73,Green,796.63
235,4,can,OUT_OF_BOUNDS,5,160,0.0,2977.21,362.54,16.49,-0.07,Green,3451.56
235,5,car,LOST,26,130,0.0,924.93,389.77,5.01,0.28,Green,1568.26
235,7,car,LOST,8,129,0.0,899.86,371.82,4.58,0.15,Green,1412.02
235,10,car,OUT_OF_BOUNDS,16,114,0.0,3738.33,452.51,20.71,0.61,Neutral,1060.86
235,11,car,LOST,3,127,0.0,538.0,348.81,1.48,-0.04,Green,1242.92
235,12,car,OUT_OF_BOUNDS,81,13,0.856,1496.19,378.43,12.8,0.23,Neutral,1252.01
235,13,car,OUT_OF_BOUNDS,20,104,0.0,2937.98,449.06,15.42,0.68,Neutral,3840.25
235,14,car,OCCLUDED,43,72,0.2,675.25,340.61,3.47,-0.13,Blue,1098.8
235,15,car,OUT_OF_BOUNDS,31,82,0.089,1949.94,391.66,8.04,0.32,Blue,1241.44
235,16,car,OCCLUDED,69,30,0.667,1241.09,368.92,6.63,0.11,Green,564.31
235,19,car,OUT_OF_BOUNDS,74,18,0.8,1478.01,368.48,8.96,-0.04,Neutral,496.34
235,20,can,OUT_OF_BOUNDS,46,38,0.578,1544.98,372.32,6.41,-0.2,Neutral,555.27
235,21,car,OUT_OF_BOUNDS,10,73,0.189,1395.32,394.22,1.66,0.35,Green,372.94
235,24,car,VISIBLE,34,0,0.1908,1289.45,366.96,12.15,0.18,Green,1017.85
235,26,car,OCCLUDED,3,12,0.867,1054.66,359.0,5.87,-0.06,Green,2833.26
235,28,can,VISIBLE,8,0,0.2164,342.04,376.76,10.19,-0.03,Green,1555.51
235,27,car,OCCLUDED,5,8,0.911,1292.52,366.77,3.22,-0.21,Green,1074.68
235,30,car,VISIBLE,5,0,0.4902,49.01,369.61,8.1,0.05,Blue,8917.57
235,31,car,VISIBLE,2,0,0.3388,114.63,367.31,19.62,0.08,Blue,6526.39
236,1,motorcycle,VISIBLE,235,0,0.932,646.83,480.91,1.9,-0.36,Green,372280.32
236,2,person,VISIBLE,215,0,0.9252,683.33,334.57,1.89,-0.41,Blue,188036.03
236,3,can,LOST,32,135,0.0,369.99,592.07,1.67,1.73,Green,796.63
236,4,can,OUT_OF_BOUNDS,5,161,0.0,2993.69,362.47,16.49,-0.07,Green,3451.56
236,5,car,LOST,26,131,0.0,929.94,390.06,5.01,0.28,Green,1568.26
236,7,car,LOST,8,130,0.0,904.45,371.97,4.58,0.15,Green,1412.02
236,10,car,OUT_OF_BOUNDS,16,115,0.0,3759.04,453.12,20.71,0.61,Neutral,1060.86
236,11,car,LOST,3,128,0.0,539.48,348.78,1.48,-0.04,Green,1242.92
236,12,car,OUT_OF_BOUNDS,81,14,0.844,1508.99,378.66,12.8,0.23,Neutral,1252.01
236,13,car,OUT_OF_BOUNDS,20,105,0.0,2953.4,449.74,15.42,0.68,Neutral,3840.25
236,14,car,OCCLUDED,43,73,0.189,678.71,340.48,3.47,-0.13,Blue,1098.8
236,15,car,OUT_OF_BOUNDS,31,83,0.078,1957.98,391.98,8.04,0.32,Blue,1241.44
236,16,car,OCCLUDED,69,31,0.656,1247.73,369.02,6.63,0.11,Green,564.31
236,19,car,OUT_OF_BOUNDS,74,19,0.789,1486.98,368.43,8.96,-0.04,Neutral,496.34
236,20,can,OUT_OF_BOUNDS,46,39,0.567,1551.39,372.12,6.41,-0.2,Neutral,555.27
236,21,car,OUT_OF_BOUNDS,10,74,0.178,1396.98,394.57,1.66,0.35,Green,372.94
236,24,car,VISIBLE,35,0,0.1908,1301.85,367.17,12.33,0.2,Neutral,431.92
236,26,car,OCCLUDED,3,13,0.856,1060.52,358.94,5.87,-0.06,Green,2833.26
236,28,can,VISIBLE,9,0,0.2164,343.16,376.75,3.84,-0.02,Yellow,1517.18
236,27,car,OCCLUDED,5,9,0.9,1295.74,366.57,3.22,-0.21,Green,1074.68
236,30,car,VISIBLE,6,0,0.4815,62.19,369.38,11.66,-0.15,Blue,11463.41
236,31,car,VISIBLE,3,0,0.3609,140.16,367.39,23.75,0.08,Blue,6370.71
237,1,motorcycle,VISIBLE,236,0,0.9333,649.23,480.81,2.25,-0.19,Green,374117.04
237,2,person,VISIBLE,216,0,0.9184,680.38,334.78,-1.5,0.03,Blue,194246.04
237,3,can,LOST,32,136,0.0,371.66,593.8,1.67,1.73,Green,796.63
237,4,can,OUT_OF_BOUNDS,5,162,0.0,3010.18,362.41,16.49,-0.07,Green,3451.56
237,5,car,LOST,26,132,0.0,934.95,390.34,5.01,0.28,Green,1568.26
237,7,car,LOST,8,131,0.0,909.03,372.11,4.58,0.15,Green,1412.02
237,10,car,OUT_OF_BOUNDS,16,116,0.0,3779.76,453.73,20.71,0.61,Neutral,1060.86
237,11,car,LOST,3,129,0.0,540.96,348.74,1.48,-0.04,Green,1242.92
237,12,car,OUT_OF_BOUNDS,81,15,0.833,1521.79,378.89,12.8,0.23,Neutral,1252.01
237,13,car,OUT_OF_BOUNDS,20,106,0.0,2968.82,450.42,15.42,0.68,Neutral,3840.25
237,14,car,OCCLUDED,43,74,0.178,682.18,340.35,3.47,-0.13,Blue,1098.8
237,15,car,OUT_OF_BOUNDS,31,84,0.067,1966.02,392.3,8.04,0.32,Blue,1241.44
237,16,car,OCCLUDED,69,32,0.644,1254.36,369.13,6.63,0.11,Green,564.31
237,19,car,OUT_OF_BOUNDS,74,20,0.778,1495.94,368.39,8.96,-0.04,Neutral,496.34
237,20,can,OUT_OF_BOUNDS,46,40,0.556,1557.8,371.91,6.41,-0.2,Neutral,555.27
237,21,car,OUT_OF_BOUNDS,10,75,0.167,1398.64,394.93,1.66,0.35,Green,372.94
237,24,car,VISIBLE,36,0,0.1908,1314.24,367.38,12.37,0.21,Neutral,139.15
237,26,car,OCCLUDED,3,14,0.844,1066.39,358.88,5.87,-0.06,Green,2833.26
237,28,can,OCCLUDED,9,1,0.989,347.01,376.73,3.84,-0.02,Yellow,1517.18
237,27,car,OCCLUDED,5,10,0.889,1298.96,366.36,3.22,-0.21,Green,1074.68
237,30,car,VISIBLE,7,0,0.316,76.02,369.17,13.18,-0.19,Blue,14064.23
237,31,car,VISIBLE,4,0,0.398,169.69,367.85,27.8,0.34,Blue,6208.93
238,1,motorcycle,VISIBLE,237,0,0.9323,651.02,480.95,1.93,0.04,Green,374679.77
238,2,person,VISIBLE,217,0,0.9142,682.37,335.38,0.94,0.42,Blue,194319.21
238,3,can,LOST,32,137,0.0,373.32,595.53,1.67,1.73,Green,796.63
238,4,can,OUT_OF_BOUNDS,5,163,0.0,3026.67,362.34,16.49,-0.07,Green,3451.56
238,5,car,LOST,26,133,0.0,939.96,390.62,5.01,0.28,Green,1568.26
238,7,car,LOST,8,132,0.0,913.61,372.26,4.58,0.15,Green,1412.02
238,10,car,OUT_OF_BOUNDS,16,117,0.0,3800.47,454.34,20.71,0.61,Neutral,1060.86
238,11,car,LOST,3,130,0.0,542.44,348.71,1.48,-0.04,Green,1242.92
238,12,car,OUT_OF_BOUNDS,81,16,0.822,1534.59,379.11,12.8,0.23,Neutral,1252.01
238,13,car,OUT_OF_BOUNDS,20,107,0.0,2984.23,451.1,15.42,0.68,Neutral,3840.25
238,14,car,OCCLUDED,43,75,0.167,685.64,340.22,3.47,-0.13,Blue,1098.8
238,15,car,OUT_OF_BOUNDS,31,85,0.056,1974.07,392.62,8.04,0.32,Blue,1241.44
238,16,car,OCCLUDED,69,33,0.633,1261.0,369.24,6.63,0.11,Green,564.31
238,19,car,OUT_OF_BOUNDS,74,21,0.767,1504.91,368.34,8.96,-0.04,Neutral,496.34
238,20,can,OUT_OF_BOUNDS,46,41,0.544,1564.21,371.71,6.41,-0.2,Neutral,555.27
238,21,car,OUT_OF_BOUNDS,10,76,0.156,1400.3,395.28,1.66,0.35,Green,372.94
238,24,car,VISIBLE,37,0,0.1908,1326.64,367.6,12.39,0.21,Neutral,695.35
238,26,car,OCCLUDED,3,15,0.833,1072.26,358.83,5.87,-0.06,Green,2833.26
238,28,can,OCCLUDED,9,2,0.978,350.85,376.71,3.84,-0.02,Yellow,1517.18
238,27,car,OUT_OF_BOUNDS,5,11,0.878,1302.18,366.15,3.22,-0.21,Green,1074.68
238,30,car,VISIBLE,8,0,0.3461,91.28,369.45,14.63,0.14,Blue,16932.85
238,31,car,VISIBLE,5,0,0.3879,200.35,368.24,29.8,0.38,Blue,6090.27
239,1,motorcycle,VISIBLE,238,0,0.9324,653.53,481.36,2.33,0.3,Green,375562.61
239,2,person,VISIBLE,218,0,0.9085,681.71,336.57,-0.18,0.96,Blue,197880.62
239,3,can,LOST,32,138,0.0,374.99,597.26,1.67,1.73,Green,796.63
239,4,can,OUT_OF_BOUNDS,5,164,0.0,3043.16,362.27,16.49,-0.07,Green,3451.56
239,5,car,LOST,26,134,0.0,944.97,390.9,5.01,0.28,Green,1568.26
239,7,car,LOST,8,133,0.0,918.2,372.4,4.58,0.15,Green,1412.02
239,10,car,OUT_OF_BOUNDS,16,118,0.0,3821.18,454.95,20.71,0.61,Neutral,1060.86
239,11,car,LOST,3,131,0.0,543.91,348.67,1.48,-0.04,Green,1242.92
239,12,car,OUT_OF_BOUNDS,81,17,0.811,1547.39,379.34,12.8,0.23,Neutral,1252.01
239,13,car,OUT_OF_BOUNDS,20,108,0.0,2999.65,451.77,15.42,0.68,Neutral,3840.25
239,14,car,OCCLUDED,43,76,0.156,689.11,340.1,3.47,-0.13,Blue,1098.8
239,15,car,OUT_OF_BOUNDS,31,86,0.044,1982.11,392.94,8.04,0.32,Blue,1241.44
239,16,car,OCCLUDED,69,34,0.622,1267.63,369.34,6.63,0.11,Green,564.31
239,19,car,OUT_OF_BOUNDS,74,22,0.756,1513.87,368.3,8.96,-0.04,Neutral,496.34
239,20,can,OUT_OF_BOUNDS,46,42,0.533,1570.62,371.5,6.41,-0.2,Neutral,555.27
239,21,car,OUT_OF_BOUNDS,10,77,0.144,1401.97,395.63,1.66,0.35,Green,372.94
239,24,car,OUT_OF_BOUNDS,37,1,0.989,1339.03,367.81,12.39,0.21,Neutral,695.35
239,26,car,OCCLUDED,3,16,0.822,1078.12,358.77,5.87,-0.06,Green,2833.26
239,28,can,OCCLUDED,9,3,0.967,354.69,376.69,3.84,-0.02,Yellow,1517.18
239,27,car,OUT_OF_BOUNDS,5,12,0.867,1305.4,365.95,3.22,-0.21,Green,1074.68
239,30,car,VISIBLE,9,0,0.3933,106.82,370.31,15.27,0.64,Green,19603.45
239,31,car,VISIBLE,6,0,0.3167,230.69,369.06,30.18,0.69,Blue,6007.19
240,1,motorcycle,VISIBLE,239,0,0.9331,655.58,482.09,2.13,0.6,Green,375665.99
240,2,person,VISIBLE,219,0,0.908,683.12,337.8,0.93,1.14,Blue,198202.12
240,3,can,LOST,32,139,0.0,376.65,598.98,1.67,1.73,Green,796.63
240,4,can,OUT_OF_BOUNDS,5,165,0.0,3059.65,362.21,16.49,-0.07,Green,3451.56
240,5,car,LOST,26,135,0.0,949.98,391.18,5.01,0.28,Green,1568.26
240,7,car,LOST,8,134,0.0,922.78,372.55,4.58,0.15,Green,1412.02
240,10,car,OUT_OF_BOUNDS,16,119,0.0,3841.9,455.56,20.71,0.61,Neutral,1060.86
240,11,car,LOST,3,132,0.0,545.39,348.63,1.48,-0.04,Green,1242.92
240,12,car,OUT_OF_BOUNDS,81,18,0.8,1560.19,379.57,12.8,0.23,Neutral,1252.01
240,13,car,OUT_OF_BOUNDS,20,109,0.0,3015.07,452.45,15.42,0.68,Neutral,3840.25
240,14,car,OCCLUDED,43,77,0.144,692.57,339.97,3.47,-0.13,Blue,1098.8
240,15,car,OUT_OF_BOUNDS,31,87,0.033,1990.15,393.26,8.04,0.32,Blue,1241.44
240,16,car,OCCLUDED,69,35,0.611,1274.26,369.45,6.63,0.11,Green,564.31
240,19,car,OUT_OF_BOUNDS,74,23,0.744,1522.83,368.25,8.96,-0.04,Neutral,496.34
240,20,can,OUT_OF_BOUNDS,46,43,0.522,1577.03,371.3,6.41,-0.2,Neutral,555.27
240,21,car,OUT_OF_BOUNDS,10,78,0.133,1403.63,395.98,1.66,0.35,Green,372.94
240,24,car,OUT_OF_BOUNDS,37,2,0.978,1351.42,368.02,12.39,0.21,Neutral,695.35
240,26,car,OCCLUDED,3,17,0.811,1083.99,358.71,5.87,-0.06,Green,2833.26
240,28,can,OCCLUDED,9,4,0.956,358.53,376.67,3.84,-0.02,Yellow,1517.18
240,27,car,OUT_OF_BOUNDS,5,13,0.856,1308.62,365.74,3.22,-0.21,Green,1074.68
240,30,car,VISIBLE,10,0,0.3657,126.14,371.25,18.1,0.85,Green,21638.37
240,31,car,VISIBLE,7,0,0.3971,260.11,369.71,29.65,0.66,Blue,5889.52
