frame,track_id,class_name,confidence,x1,y1,x2,y2,center_x,center_y,width,height,area,aspect_ratio,shape_type,color,color_hsv,lab,chroma,raw_track_id,memory_state,velocity_x,velocity_y
2,1,person,0.9517,599.62,32.2,928.78,716.34,764.2,374.27,329.16,684.14,225194.39,0.48,Vertical Oblong,Yellow,"(32, 95, 131)","(50.2, -7.0, 22.0)",23.09,1,VISIBLE,0.0,0.0
2,2,car,0.5983,182.91,381.29,216.14,406.63,199.52,393.96,33.23,25.34,842.04,1.31,Horizontal Oblong,Grey,"(99, 65, 109)","(41.18, -5.0, -7.0)",8.6,2,VISIBLE,0.0,0.0
2,3,car,0.4208,339.39,378.11,389.94,412.42,364.67,395.26,50.54,34.31,1733.93,1.47,Horizontal Oblong,Grey,"(113, 24, 84)","(33.33, 2.0, -1.0)",2.24,3,VISIBLE,0.0,0.0
2,4,car,0.2904,259.09,381.0,283.99,403.57,271.54,392.29,24.9,22.58,562.28,1.1,Spherical / Regular,White,"(27, 14, 208)","(83.14, -1.0, 4.0)",4.12,4,VISIBLE,0.0,0.0
2,5,can,0.5293,505.53,389.27,526.63,423.53,516.08,406.4,21.1,34.26,722.79,0.62,Vertical Oblong,Green,"(73, 101, 82)","(32.16, -17.0, 7.0)",18.38,5,VISIBLE,0.0,0.0
3,1,person,0.9487,598.64,33.36,928.35,716.3,763.5,374.83,329.71,682.94,225169.04,0.48,Vertical Oblong,Yellow,"(32, 96, 131)","(50.2, -7.0, 22.0)",23.09,1,VISIBLE,-0.7,0.56
3,2,car,0.5973,183.43,381.16,216.39,406.56,199.91,393.86,32.96,25.4,837.34,1.3,Horizontal Oblong,Grey,"(100, 67, 109)","(40.78, -5.0, -8.0)",9.43,2,VISIBLE,0.38,-0.1
3,3,car,0.4206,339.37,378.13,389.89,412.18,364.63,395.16,50.52,34.04,1719.75,1.48,Horizontal Oblong,Grey,"(115, 24, 84)","(33.33, 2.0, -1.0)",2.24,3,VISIBLE,-0.04,-0.11
3,4,car,0.285,259.14,380.87,283.78,403.55,271.46,392.21,24.64,22.68,558.85,1.09,Spherical / Regular,White,"(27, 14, 209)","(83.53, -1.0, 4.0)",4.12,4,VISIBLE,-0.08,-0.08
3,5,can,0.523,505.13,389.18,526.23,423.51,515.68,406.35,21.1,34.33,724.52,0.61,Vertical Oblong,Green,"(73, 97, 82)","(32.16, -16.0, 7.0)",17.46,5,VISIBLE,-0.4,-0.05
4,1,person,0.9513,596.82,35.08,927.99,716.21,762.41,375.65,331.17,681.13,225569.74,0.49,Vertical Oblong,Yellow,"(32, 96, 131)","(50.2, -7.0, 22.0)",23.09,1,VISIBLE,-0.97,0.74
4,2,car,0.6077,184.07,381.0,216.89,406.49,200.48,393.75,32.82,25.49,836.62,1.29,Horizontal Oblong,Grey,"(100, 67, 111)","(41.57, -5.0, -8.0)",9.43,2,VISIBLE,0.51,-0.11
4,3,car,0.4178,339.51,377.99,389.99,412.02,364.75,395.0,50.48,34.03,1718.08,1.48,Horizontal Oblong,Grey,"(115, 25, 84)","(33.33, 2.0, -1.0)",2.24,3,VISIBLE,0.07,-0.14
4,4,car,0.2802,259.1,380.82,283.59,403.52,271.35,392.17,24.49,22.7,555.94,1.08,Spherical / Regular,White,"(27, 14, 210)","(83.53, -1.0, 4.0)",4.12,4,VISIBLE,-0.1,-0.05
4,5,can,0.5298,504.72,389.13,525.83,423.44,515.28,406.29,21.11,34.3,724.27,0.62,Vertical Oblong,Green,"(74, 96, 83)","(32.55, -16.0, 6.0)",17.09,5,VISIBLE,-0.4,-0.06
5,1,person,0.9512,595.14,37.88,927.07,715.88,761.1,376.88,331.92,678.0,225044.37,0.49,Vertical Oblong,Yellow,"(32, 96, 131)","(50.2, -7.0, 22.0)",23.09,1,VISIBLE,-1.2,1.09
5,2,car,0.6242,184.63,380.82,217.49,406.26,201.06,393.54,32.86,25.44,835.75,1.29,Horizontal Oblong,Grey,"(99, 67, 109)","(41.18, -5.0, -7.0)",8.6,2,VISIBLE,0.56,-0.18
5,3,car,0.4407,339.83,377.88,389.98,411.75,364.91,394.82,50.15,33.87,1698.64,1.48,Horizontal Oblong,Grey,"(126, 23, 88)","(35.29, 2.0, -1.0)",2.24,3,VISIBLE,0.13,-0.17
5,4,car,0.2821,259.01,380.78,283.91,403.46,271.46,392.12,24.9,22.68,564.66,1.1,Spherical / Regular,White,"(27, 14, 207)","(82.35, -1.0, 4.0)",4.12,4,VISIBLE,0.05,-0.05
5,5,can,0.5082,504.36,389.05,525.31,423.18,514.83,406.12,20.95,34.13,714.99,0.61,Vertical Oblong,Green,"(74, 103, 83)","(32.16, -16.0, 6.0)",17.09,5,VISIBLE,-0.43,-0.14
6,1,person,0.9561,594.54,40.57,925.83,712.91,760.18,376.74,331.3,672.34,222744.85,0.49,Vertical Oblong,Yellow,"(31, 94, 132)","(50.59, -7.0, 22.0)",23.09,1,VISIBLE,-1.0,0.23
6,2,car,0.6275,185.22,381.11,218.07,406.2,201.65,393.66,32.85,25.09,824.23,1.31,Horizontal Oblong,Grey,"(99, 67, 109)","(41.18, -5.0, -8.0)",9.43,2,VISIBLE,0.58,0.03
6,3,car,0.4323,340.13,377.94,389.99,411.7,365.06,394.82,49.86,33.77,1683.5,1.48,Horizontal Oblong,Grey,"(126, 24, 91)","(35.69, 2.0, -1.0)",2.24,3,VISIBLE,0.15,-0.05
6,4,car,0.2916,258.94,380.76,286.53,403.59,272.73,392.18,27.6,22.82,629.89,1.21,Spherical / Regular,Grey,"(28, 14, 193)","(77.84, -1.0, 4.0)",4.12,4,VISIBLE,0.91,0.02
6,5,can,0.5032,503.93,389.1,524.74,423.23,514.33,406.16,20.81,34.13,710.33,0.61,Vertical Oblong,Green,"(73, 98, 83)","(32.55, -16.0, 6.0)",17.09,5,VISIBLE,-0.48,-0.01
7,1,person,0.9537,594.47,42.95,924.24,709.72,759.35,376.34,329.77,666.77,219882.82,0.49,Vertical Oblong,Yellow,"(32, 95, 133)","(50.98, -7.0, 22.0)",23.09,1,VISIBLE,-0.88,-0.22
7,2,car,0.6228,185.8,381.59,218.53,406.28,202.16,393.93,32.73,24.69,808.04,1.33,Horizontal Oblong,Grey,"(99, 66, 109)","(41.57, -5.0, -7.0)",8.6,2,VISIBLE,0.54,0.2
7,3,car,0.4059,340.34,378.09,389.98,411.8,365.16,394.94,49.65,33.71,1673.62,1.47,Horizontal Oblong,Grey,"(126, 24, 89)","(35.29, 2.0, -1.0)",2.24,3,VISIBLE,0.11,0.07
7,4,car,0.3167,258.86,380.86,288.15,403.8,273.5,392.33,29.29,22.94,671.73,1.28,Horizontal Oblong,Grey,"(30, 14, 177)","(71.76, -2.0, 4.0)",4.47,4,VISIBLE,0.81,0.12
7,5,can,0.4999,503.48,389.27,524.23,423.36,513.86,406.32,20.74,34.09,707.21,0.61,Vertical Oblong,Green,"(73, 94, 83)","(32.55, -16.0, 7.0)",17.46,5,VISIBLE,-0.48,0.1
8,1,person,0.9424,594.71,44.26,922.75,700.34,758.73,372.3,328.04,656.08,215224.38,0.5,Vertical Oblong,Yellow,"(31, 94, 136)","(52.16, -7.0, 22.0)",23.09,1,VISIBLE,-0.7,-2.89
8,2,car,0.6216,186.26,382.11,218.9,406.39,202.58,394.25,32.64,24.28,792.48,1.34,Horizontal Oblong,Grey,"(99, 67, 109)","(41.18, -5.0, -7.0)",8.6,2,VISIBLE,0.45,0.28
8,3,car,0.4185,340.53,378.17,390.0,411.93,365.26,395.05,49.47,33.76,1669.91,1.47,Horizontal Oblong,Grey,"(126, 25, 91)","(35.69, 2.0, -2.0)",2.83,3,VISIBLE,0.11,0.1
8,4,car,0.306,258.8,381.36,286.84,403.83,272.82,392.59,28.03,22.47,629.97,1.25,Spherical / Regular,Grey,"(27, 14, 196)","(78.43, -1.0, 4.0)",4.12,4,VISIBLE,-0.24,0.22
8,5,can,0.4955,502.86,389.46,523.8,423.71,513.33,406.58,20.93,34.25,717.02,0.61,Vertical Oblong,Green,"(72, 92, 83)","(32.55, -16.0, 7.0)",17.46,5,VISIBLE,-0.51,0.22
9,1,person,0.9456,595.11,44.48,921.13,697.89,758.12,371.19,326.03,653.4,213026.36,0.5,Vertical Oblong,Yellow,"(31, 94, 137)","(52.55, -7.0, 23.0)",24.04,1,VISIBLE,-0.64,-1.65
9,2,car,0.6141,186.53,382.5,219.1,406.49,202.82,394.5,32.57,24.0,781.48,1.36,Horizontal Oblong,Grey,"(99, 67, 109)","(41.57, -5.0, -7.0)",8.6,2,VISIBLE,0.3,0.26
9,3,car,0.384,340.73,378.33,390.02,412.06,365.38,395.2,49.28,33.72,1662.07,1.46,Horizontal Oblong,Grey,"(120, 25, 85)","(33.53, 2.0, -1.0)",2.24,3,VISIBLE,0.11,0.13
9,4,car,0.2889,258.61,381.76,284.99,403.85,271.8,392.8,26.38,22.09,582.77,1.19,Spherical / Regular,White,"(27, 14, 202)","(81.18, -1.0, 4.0)",4.12,4,VISIBLE,-0.78,0.21
9,5,can,0.4252,502.28,389.6,523.15,423.89,512.71,406.74,20.87,34.29,715.7,0.61,Vertical Oblong,Green,"(72, 94, 82)","(32.16, -16.0, 7.0)",17.46,5,VISIBLE,-0.58,0.18
10,1,person,0.9473,594.76,43.52,919.71,701.12,757.23,372.32,324.95,657.59,213684.96,0.49,Vertical Oblong,Yellow,"(31, 94, 139)","(53.33, -7.0, 23.0)",24.04,1,VISIBLE,-0.81,0.3
10,2,car,0.6005,186.83,382.68,219.51,406.57,203.17,394.62,32.67,23.89,780.41,1.37,Horizontal Oblong,Grey,"(99, 67, 109)","(41.57, -5.0, -7.0)",8.6,2,VISIBLE,0.34,0.17
10,3,car,0.3947,340.89,378.29,389.97,412.01,365.43,395.15,49.08,33.72,1655.11,1.46,Horizontal Oblong,Grey,"(120, 24, 89)","(34.51, 2.0, -1.0)",2.24,3,VISIBLE,0.07,0.01
10,4,car,0.2889,258.52,381.96,284.79,403.9,271.66,392.93,26.26,21.93,576.08,1.2,Spherical / Regular,White,"(27, 14, 202)","(80.78, -1.0, 4.0)",4.12,4,VISIBLE,-0.34,0.15
10,5,can,0.4644,501.66,389.81,521.62,423.83,511.64,406.82,19.96,34.02,679.12,0.59,Vertical Oblong,Green,"(71, 90, 82)","(32.55, -16.0, 7.0)",17.46,5,VISIBLE,-0.93,0.11
11,1,person,0.9507,594.58,41.75,918.57,705.85,756.58,373.8,323.99,664.1,215162.74,0.49,Vertical Oblong,Yellow,"(31, 94, 140)","(53.33, -7.0, 23.0)",24.04,1,VISIBLE,-0.71,1.13
11,2,car,0.6011,187.22,382.45,219.88,406.38,203.55,394.42,32.67,23.92,781.49,1.37,Horizontal Oblong,Grey,"(99, 70, 112)","(41.96, -5.0, -8.0)",9.43,2,VISIBLE,0.37,-0.1
11,3,car,0.3787,341.1,378.24,390.06,411.92,365.58,395.08,48.96,33.68,1648.64,1.45,Horizontal Oblong,Grey,"(126, 25, 87)","(33.73, 2.0, -1.0)",2.24,3,VISIBLE,0.13,-0.05
11,4,car,0.2889,258.43,382.17,284.58,403.95,271.51,393.06,26.15,21.78,569.43,1.2,Spherical / Regular,White,"(26, 14, 208)","(83.14, -1.0, 4.0)",4.12,4,VISIBLE,-0.21,0.14
11,5,can,0.4806,501.15,389.77,520.28,423.57,510.71,406.67,19.13,33.8,646.48,0.57,Vertical Oblong,Green,"(71, 93, 82)","(32.16, -16.0, 7.0)",17.46,5,VISIBLE,-0.93,-0.07
12,1,person,0.9522,594.07,39.85,917.45,710.7,755.76,375.27,323.37,670.85,216933.97,0.48,Vertical Oblong,Yellow,"(31, 93, 141)","(53.33, -7.0, 23.0)",24.04,1,VISIBLE,-0.78,1.37
12,2,car,0.605,187.64,382.15,220.41,406.17,204.02,394.16,32.77,24.03,787.31,1.36,Horizontal Oblong,Grey,"(99, 70, 111)","(41.96, -5.0, -7.0)",8.6,2,VISIBLE,0.44,-0.21
12,3,car,0.3806,341.25,378.16,390.11,411.72,365.68,394.94,48.86,33.57,1640.02,1.46,Horizontal Oblong,Grey,"(126, 26, 85)","(34.12, 2.0, -1.0)",2.24,3,VISIBLE,0.11,-0.11
12,4,car,0.2889,258.34,382.38,284.38,404.0,271.36,393.19,26.03,21.62,562.81,1.2,Spherical / Regular,White,"(26, 14, 210)","(83.53, -1.0, 4.0)",4.12,4,VISIBLE,-0.16,0.13
12,5,can,0.5123,500.77,389.73,519.24,423.26,510.01,406.49,18.48,33.52,619.4,0.55,Vertical Oblong,Green,"(73, 93, 83)","(32.55, -16.0, 7.0)",17.46,5,VISIBLE,-0.77,-0.14
13,2,car,0.586,188.2,381.68,220.92,405.91,204.56,393.8,32.72,24.23,792.69,1.35,Horizontal Oblong,Grey,"(101, 69, 114)","(42.75, -5.0, -8.0)",9.43,2,VISIBLE,0.51,-0.32
13,3,car,0.4115,341.42,377.96,390.3,411.47,365.86,394.72,48.88,33.51,1637.83,1.46,Horizontal Oblong,Grey,"(126, 25, 87)","(34.51, 2.0, -1.0)",2.24,3,VISIBLE,0.16,-0.19
13,4,car,0.2889,258.25,382.59,284.17,404.05,271.21,393.32,25.92,21.46,556.24,1.21,Spherical / Regular,White,"(27, 14, 207)","(82.75, -1.0, 4.0)",4.12,4,VISIBLE,-0.15,0.13
13,5,can,0.4879,500.43,389.58,518.3,422.75,509.37,406.16,17.87,33.18,592.83,0.54,Vertical Oblong,Green,"(73, 100, 84)","(32.55, -17.0, 7.0)",18.38,5,VISIBLE,-0.68,-0.27
13,1,person,0.9522,593.77,39.42,916.23,712.0,755.0,375.71,322.47,672.58,216885.21,0.48,Vertical Oblong,Yellow,"(31, 94, 141)","(53.73, -7.0, 23.0)",24.04,1,VISIBLE,-0.77,0.72
14,1,person,0.9423,593.71,39.24,915.5,712.59,754.61,375.91,321.79,673.36,216677.62,0.48,Vertical Oblong,Yellow,"(31, 92, 142)","(54.51, -7.0, 23.0)",24.04,1,VISIBLE,-0.51,0.36
14,2,car,0.5841,188.88,381.36,221.5,405.81,205.19,393.59,32.62,24.45,797.4,1.33,Horizontal Oblong,Grey,"(101, 66, 115)","(43.14, -4.0, -8.0)",8.94,2,VISIBLE,0.59,-0.24
14,3,car,0.4121,341.66,377.92,390.64,411.31,366.15,394.62,48.97,33.39,1635.28,1.47,Horizontal Oblong,Grey,"(126, 26, 89)","(34.51, 2.5, -1.0)",2.69,3,VISIBLE,0.25,-0.13
14,4,car,0.2889,258.16,382.8,283.97,404.1,271.07,393.45,25.81,21.3,549.69,1.21,Spherical / Regular,White,"(27, 13, 208)","(82.75, -1.0, 4.0)",4.12,4,VISIBLE,-0.15,0.13
14,5,can,0.5025,500.16,389.51,517.69,422.39,508.93,405.95,17.53,32.88,576.49,0.53,Vertical Oblong,Green,"(73, 95, 84)","(32.94, -16.0, 7.0)",17.46,5,VISIBLE,-0.51,-0.23
15,1,person,0.9446,593.79,40.42,913.94,713.01,753.87,376.71,320.14,672.59,215325.02,0.48,Vertical Oblong,Yellow,"(31, 92, 143)","(54.51, -8.0, 23.0)",24.35,1,VISIBLE,-0.67,0.67
15,2,car,0.5767,189.69,381.31,222.17,405.85,205.93,393.58,32.49,24.54,797.11,1.32,Horizontal Oblong,Grey,"(100, 66, 114)","(43.14, -5.0, -8.0)",9.43,2,VISIBLE,0.7,-0.08
15,3,car,0.4135,342.0,378.0,390.87,411.27,366.44,394.64,48.88,33.28,1626.5,1.47,Horizontal Oblong,Grey,"(126, 25, 89)","(35.29, 2.0, -1.0)",2.24,3,VISIBLE,0.27,-0.02
15,5,can,0.4789,499.98,389.41,517.29,422.14,508.63,405.78,17.32,32.73,566.75,0.53,Vertical Oblong,Green,"(73, 94, 85)","(33.14, -16.0, 7.0)",17.46,5,VISIBLE,-0.36,-0.19
16,1,person,0.9521,594.23,42.72,911.48,711.1,752.86,376.91,317.25,668.38,212046.51,0.47,Vertical Oblong,Yellow,"(31, 91, 143)","(54.9, -7.0, 22.0)",23.09,1,VISIBLE,-0.91,0.34
16,2,car,0.5777,190.55,381.38,222.86,406.0,206.71,393.69,32.32,24.62,795.62,1.31,Horizontal Oblong,Grey,"(100, 69, 113)","(42.75, -5.0, -8.0)",9.43,2,VISIBLE,0.75,0.05
16,3,car,0.4221,342.34,378.09,391.15,411.33,366.74,394.71,48.82,33.25,1623.05,1.47,Horizontal Oblong,Grey,"(128, 25, 88)","(34.12, 3.0, -2.0)",3.61,3,VISIBLE,0.3,0.05
16,5,can,0.4791,499.72,389.42,517.0,422.1,508.36,405.76,17.27,32.68,564.45,0.53,Vertical Oblong,Green,"(73, 95, 85)","(33.14, -16.0, 7.0)",17.46,5,VISIBLE,-0.3,-0.07
17,1,person,0.9481,594.86,45.72,908.24,701.69,751.55,373.7,313.38,655.97,205570.28,0.48,Vertical Oblong,Yellow,"(32, 91, 143)","(54.51, -8.0, 23.0)",24.35,1,VISIBLE,-1.19,-2.14
17,2,car,0.5854,191.24,381.39,223.43,406.11,207.33,393.75,32.19,24.72,795.78,1.3,Horizontal Oblong,Grey,"(100, 69, 113)","(42.75, -5.0, -8.0)",9.43,2,VISIBLE,0.67,0.06
17,3,car,0.4218,342.61,378.16,391.37,411.39,366.99,394.78,48.76,33.22,1619.94,1.47,Horizontal Oblong,Grey,"(113, 23, 90)","(34.9, 2.0, -1.0)",2.24,3,VISIBLE,0.26,0.06
17,5,can,0.4723,499.44,389.47,516.67,422.17,508.06,405.82,17.23,32.7,563.59,0.53,Vertical Oblong,Green,"(73, 100, 84)","(32.55, -17.0, 8.0)",18.79,5,VISIBLE,-0.3,0.02
18,1,person,0.9415,595.04,48.2,904.19,689.98,749.62,369.09,309.15,641.78,198408.91,0.48,Vertical Oblong,Yellow,"(31, 90, 145)","(55.29, -7.0, 22.0)",23.09,1,VISIBLE,-1.71,-3.87
18,2,car,0.5883,192.07,381.44,224.17,406.31,208.12,393.87,32.1,24.87,798.32,1.29,Horizontal Oblong,Grey,"(99, 67, 112)","(43.14, -5.0, -7.0)",8.6,2,VISIBLE,0.75,0.1
18,3,car,0.4154,342.9,378.2,391.66,411.55,367.28,394.87,48.76,33.35,1626.42,1.46,Horizontal Oblong,Grey,"(126, 24, 91)","(35.29, 2.0, -1.0)",2.24,3,VISIBLE,0.28,0.09
18,5,can,0.4647,499.11,389.37,516.54,422.32,507.82,405.84,17.43,32.95,574.32,0.53,Vertical Oblong,Green,"(73, 97, 84)","(32.94, -16.0, 7.0)",17.46,5,VISIBLE,-0.25,0.02
19,1,person,0.9436,594.58,49.58,900.21,687.62,747.39,368.6,305.64,638.03,195004.86,0.48,Vertical Oblong,Yellow,"(31, 91, 145)","(55.29, -7.0, 22.0)",23.09,1,VISIBLE,-2.07,-1.5
19,2,car,0.5865,192.71,381.27,224.76,406.44,208.73,393.86,32.05,25.17,806.69,1.27,Horizontal Oblong,Grey,"(100, 65, 113)","(42.75, -4.0, -7.0)",8.06,2,VISIBLE,0.66,0.02
19,3,car,0.4283,343.25,378.22,391.95,411.67,367.6,394.94,48.7,33.46,1629.4,1.46,Horizontal Oblong,Grey,"(128, 24, 89)","(34.71, 2.0, -1.0)",2.24,3,VISIBLE,0.31,0.08
19,5,can,0.4447,498.81,389.17,516.38,422.31,507.59,405.74,17.58,33.14,582.48,0.53,Vertical Oblong,Green,"(73, 97, 85)","(33.33, -17.0, 7.0)",18.38,5,VISIBLE,-0.24,-0.07
19,4,car,0.2941,258.73,380.88,289.85,403.59,274.29,392.23,31.12,22.71,706.65,1.37,Horizontal Oblong,Grey,"(34, 13, 167)","(68.04, -2.0, 3.0)",3.61,6,VISIBLE,0.41,-0.13
20,1,person,0.949,593.18,49.77,896.09,695.57,744.63,372.67,302.91,645.81,195620.32,0.47,Vertical Oblong,Yellow,"(31, 90, 147)","(55.69, -7.0, 23.0)",24.04,1,VISIBLE,-2.55,2.4
20,2,car,0.5719,193.26,381.14,225.44,406.53,209.35,393.83,32.18,25.39,817.01,1.27,Horizontal Oblong,Grey,"(100, 64, 112)","(42.75, -5.0, -7.0)",8.6,2,VISIBLE,0.63,-0.01
20,3,car,0.4359,343.52,378.36,392.33,411.67,367.92,395.01,48.82,33.31,1626.2,1.47,Horizontal Oblong,Grey,"(129, 25, 88)","(34.12, 3.0, -1.0)",3.16,3,VISIBLE,0.32,0.07
20,4,car,0.2941,258.74,380.87,289.88,403.59,274.31,392.23,31.14,22.72,707.4,1.37,Horizontal Oblong,Grey,"(34, 13, 167)","(68.43, -2.0, 2.0)",2.83,6,VISIBLE,0.14,-0.04
20,5,can,0.4513,498.59,389.1,516.24,422.21,507.41,405.66,17.66,33.11,584.77,0.53,Vertical Oblong,Green,"(74, 97, 85)","(33.33, -17.0, 7.0)",18.38,5,VISIBLE,-0.2,-0.08
21,1,person,0.9539,591.83,49.33,891.06,704.11,741.45,376.72,299.23,654.78,195931.07,0.46,Vertical Oblong,Yellow,"(31, 91, 148)","(56.08, -7.0, 23.0)",24.04,1,VISIBLE,-3.0,3.55
21,2,car,0.5741,193.89,380.78,226.3,406.59,210.1,393.69,32.4,25.81,836.27,1.26,Horizontal Oblong,Grey,"(98, 61, 112)","(43.53, -5.0, -6.0)",7.81,2,VISIBLE,0.71,-0.11
21,3,car,0.4364,344.24,378.43,392.71,411.62,368.48,395.03,48.47,33.19,1608.51,1.46,Horizontal Oblong,Grey,"(113, 24, 87)","(34.12, 2.0, -1.0)",2.24,3,VISIBLE,0.48,0.03
21,4,car,0.2941,258.74,380.87,289.9,403.6,274.32,392.23,31.15,22.73,708.15,1.37,Horizontal Oblong,Grey,"(34, 16, 161)","(65.88, -2.0, 4.0)",4.47,6,VISIBLE,0.05,-0.01
21,5,can,0.4492,498.46,388.92,516.31,421.97,507.39,405.45,17.85,33.05,589.9,0.54,Vertical Oblong,Green,"(76, 103, 86)","(33.73, -17.0, 6.0)",18.03,5,VISIBLE,-0.08,-0.17
22,1,person,0.9443,589.95,48.69,886.65,711.76,738.3,380.23,296.69,663.07,196729.16,0.45,Vertical Oblong,Yellow,"(31, 90, 148)","(56.47, -7.0, 23.0)",24.04,1,VISIBLE,-3.1,3.52
22,2,car,0.5487,194.91,380.55,227.46,406.62,211.19,393.59,32.55,26.06,848.44,1.25,Spherical / Regular,Grey,"(99, 61, 112)","(43.53, -5.0, -6.0)",7.81,2,VISIBLE,0.98,-0.1
22,3,car,0.4247,345.43,378.45,393.5,411.59,369.46,395.02,48.08,33.14,1593.28,1.45,Horizontal Oblong,Grey,"(130, 24, 86)","(34.12, 2.0, -2.0)",2.83,3,VISIBLE,0.84,0.01
22,5,can,0.4612,498.67,388.72,516.79,421.84,507.73,405.28,18.13,33.12,600.38,0.55,Vertical Oblong,Green,"(74, 99, 88)","(34.12, -17.0, 7.0)",18.38,5,VISIBLE,0.22,-0.17
23,1,person,0.9456,587.94,48.36,882.6,716.74,735.27,382.55,294.65,668.38,196938.57,0.44,Vertical Oblong,Yellow,"(31, 90, 148)","(56.47, -7.0, 23.0)",24.04,1,VISIBLE,-3.05,2.68
23,2,car,0.5232,196.57,380.53,229.2,406.17,212.89,393.35,32.63,25.64,836.69,1.27,Horizontal Oblong,Grey,"(99, 62, 111)","(43.14, -5.0, -6.0)",7.81,2,VISIBLE,1.48,-0.2
23,3,car,0.46,346.93,378.46,394.68,411.17,370.81,394.81,47.75,32.71,1561.99,1.46,Horizontal Oblong,Grey,"(126, 23, 87)","(34.51, 2.0, -2.0)",2.83,3,VISIBLE,1.19,-0.14
23,5,can,0.3835,499.35,388.06,517.51,421.17,508.43,404.61,18.16,33.11,601.25,0.55,Vertical Oblong,Green,"(74, 99, 87)","(34.12, -17.0, 7.0)",18.38,5,VISIBLE,0.56,-0.52
24,1,person,0.9451,585.84,48.12,878.29,719.64,732.06,383.88,292.45,671.52,196386.83,0.44,Vertical Oblong,Yellow,"(31, 89, 148)","(56.86, -7.0, 22.0)",23.09,1,VISIBLE,-3.16,1.74
24,2,car,0.5201,199.32,380.68,231.7,405.46,215.51,393.07,32.38,24.78,802.3,1.31,Horizontal Oblong,Grey,"(98, 62, 109)","(43.14, -5.0, -5.0)",7.07,2,VISIBLE,2.28,-0.25
24,3,car,0.4649,348.73,378.31,396.0,410.49,372.37,394.4,47.27,32.18,1521.26,1.47,Horizontal Oblong,Grey,"(126, 23, 89)","(34.51, 2.0, -2.0)",2.83,3,VISIBLE,1.45,-0.33
24,5,can,0.3737,500.59,387.38,518.62,420.07,509.6,403.72,18.04,32.68,589.45,0.55,Vertical Oblong,Green,"(74, 97, 90)","(35.29, -17.0, 7.0)",18.38,5,VISIBLE,0.99,-0.78
25,1,person,0.9417,584.01,48.23,873.64,719.28,728.83,383.76,289.63,671.04,194354.39,0.43,Vertical Oblong,Yellow,"(31, 89, 149)","(56.86, -7.0, 22.0)",23.09,1,VISIBLE,-3.22,0.43
25,2,car,0.5734,202.17,380.4,234.32,404.81,218.24,392.6,32.15,24.41,784.81,1.32,Horizontal Oblong,Grey,"(98, 61, 111)","(43.53, -5.0, -6.0)",7.81,2,VISIBLE,2.6,-0.4
25,3,car,0.4635,351.39,378.03,397.83,409.79,374.61,393.91,46.44,31.76,1474.73,1.46,Horizontal Oblong,Grey,"(120, 24, 91)","(35.49, 2.0, -2.0)",2.83,3,VISIBLE,2.01,-0.44
25,5,can,0.3189,502.6,386.97,520.54,419.12,511.57,403.05,17.94,32.15,576.8,0.56,Vertical Oblong,Green,"(74, 97, 89)","(35.1, -17.0, 8.0)",18.79,5,VISIBLE,1.67,-0.71
26,1,person,0.9463,581.11,47.99,869.33,716.31,725.22,382.15,288.22,668.32,192622.36,0.43,Vertical Oblong,Yellow,"(31, 87, 149)","(57.25, -7.0, 22.0)",23.09,1,VISIBLE,-3.49,-0.99
26,2,car,0.5391,205.75,379.68,237.67,404.35,221.71,392.01,31.92,24.68,787.59,1.29,Horizontal Oblong,Grey,"(99, 60, 110)","(43.53, -5.0, -6.0)",7.81,2,VISIBLE,3.21,-0.53
26,3,car,0.4619,354.75,377.53,400.62,409.22,377.68,393.37,45.87,31.7,1453.93,1.45,Horizontal Oblong,Grey,"(113, 23, 93)","(36.47, 2.0, -1.0)",2.24,3,VISIBLE,2.75,-0.51
26,5,can,0.4787,505.29,386.47,523.42,418.32,514.35,402.39,18.13,31.85,577.4,0.57,Vertical Oblong,Green,"(71, 94, 90)","(35.29, -17.0, 8.0)",18.79,5,VISIBLE,2.45,-0.67
27,1,person,0.9431,579.04,48.48,864.43,709.74,721.74,379.11,285.39,661.26,188713.66,0.43,Vertical Oblong,Yellow,"(31, 87, 148)","(57.25, -7.0, 22.0)",23.09,1,VISIBLE,-3.49,-2.43
27,5,can,0.5161,508.59,385.8,526.78,417.52,517.68,401.66,18.19,31.72,577.02,0.57,Vertical Oblong,Green,"(72, 94, 90)","(35.29, -16.0, 8.0)",17.89,5,VISIBLE,3.07,-0.71
27,2,car,0.4813,210.04,379.38,241.84,403.64,225.94,391.51,31.81,24.27,771.93,1.31,Horizontal Oblong,Grey,"(98, 61, 110)","(43.53, -5.0, -5.0)",7.07,2,VISIBLE,3.92,-0.51
27,3,car,0.4709,358.56,377.0,404.18,408.56,381.37,392.78,45.63,31.56,1440.12,1.45,Horizontal Oblong,Grey,"(115, 23, 94)","(36.47, 2.0, -1.0)",2.24,3,VISIBLE,3.41,-0.57
28,1,person,0.9339,577.32,49.51,857.96,698.61,717.64,374.06,280.64,649.1,182165.11,0.43,Vertical Oblong,Yellow,"(30, 85, 148)","(56.86, -7.0, 21.0)",22.14,1,VISIBLE,-3.91,-4.26
28,2,car,0.536,215.39,379.13,247.01,402.99,231.2,391.06,31.62,23.86,754.63,1.33,Horizontal Oblong,Grey,"(98, 59, 110)","(43.53, -5.0, -5.0)",7.07,2,VISIBLE,4.86,-0.47
28,3,car,0.4856,363.25,376.59,408.49,408.11,385.87,392.35,45.24,31.51,1425.76,1.44,Horizontal Oblong,Grey,"(120, 23, 95)","(37.25, 2.0, -1.0)",2.24,3,VISIBLE,4.17,-0.47
28,5,can,0.4394,512.85,385.36,530.89,416.86,521.87,401.11,18.03,31.5,568.07,0.57,Vertical Oblong,Green,"(71, 86, 91)","(36.08, -16.0, 8.0)",17.89,5,VISIBLE,3.85,-0.6
29,1,person,0.9354,574.14,50.2,851.59,683.62,712.87,366.91,277.44,633.42,175738.03,0.44,Vertical Oblong,Yellow,"(31, 83, 147)","(57.25, -7.0, 20.0)",21.19,1,VISIBLE,-4.52,-6.28
29,2,car,0.5326,221.69,378.65,253.17,402.57,237.43,390.61,31.48,23.92,752.84,1.32,Horizontal Oblong,Grey,"(96, 58, 111)","(43.53, -6.0, -5.0)",7.81,2,VISIBLE,5.82,-0.46
29,3,car,0.4906,369.01,376.19,413.71,407.59,391.36,391.89,44.7,31.4,1403.81,1.42,Horizontal Oblong,Grey,"(105, 21, 101)","(39.61, 2.0, -1.0)",2.24,3,VISIBLE,5.09,-0.46
29,5,can,0.3869,517.95,385.0,536.24,416.12,527.09,400.56,18.29,31.12,569.16,0.59,Vertical Oblong,Green,"(70, 88, 91)","(35.69, -16.0, 8.0)",17.89,5,VISIBLE,4.81,-0.56
30,1,person,0.9229,568.48,50.33,844.54,666.71,706.51,358.52,276.05,616.39,170154.07,0.45,Vertical Oblong,Yellow,"(30, 81, 147)","(57.25, -6.0, 20.0)",20.88,1,VISIBLE,-5.8,-7.76
30,2,car,0.5108,229.1,378.26,260.48,402.1,244.79,390.18,31.38,23.85,748.42,1.32,Horizontal Oblong,Grey,"(98, 60, 111)","(43.92, -5.0, -5.0)",7.07,2,VISIBLE,6.9,-0.44
30,3,car,0.4995,375.91,375.96,420.06,407.33,397.99,391.65,44.14,31.37,1384.74,1.41,Horizontal Oblong,Grey,"(105, 21, 101)","(40.0, 2.0, 0.0)",2.0,3,VISIBLE,6.17,-0.31
30,5,can,0.3733,523.91,384.27,542.38,415.79,533.14,400.03,18.47,31.51,581.85,0.59,Vertical Oblong,Green,"(69, 79, 96)","(38.04, -16.0, 8.0)",17.89,5,VISIBLE,5.68,-0.54
31,1,person,0.9303,561.45,50.15,836.57,658.34,699.01,354.24,275.12,608.2,167328.07,0.45,Vertical Oblong,Yellow,"(30, 81, 149)","(58.04, -6.0, 20.0)",20.88,1,VISIBLE,-6.99,-5.32
31,2,car,0.5549,237.41,377.86,268.68,401.81,253.05,389.84,31.27,23.94,748.74,1.31,Horizontal Oblong,Grey,"(95, 59, 112)","(43.92, -6.0, -5.0)",7.81,2,VISIBLE,7.85,-0.37
31,3,car,0.5297,383.71,375.74,427.62,406.9,405.66,391.32,43.9,31.16,1367.98,1.41,Horizontal Oblong,Grey,"(92, 21, 110)","(44.12, 1.0, 0.0)",1.0,3,VISIBLE,7.23,-0.32
31,5,can,0.3733,527.83,383.76,546.39,415.18,537.11,399.47,18.56,31.42,583.23,0.59,Vertical Oblong,Green,"(46, 66, 138)","(55.49, -13.0, 14.0)",19.1,5,VISIBLE,4.48,-0.55
32,1,person,0.933,553.55,48.88,826.15,662.67,689.85,355.77,272.6,613.78,167315.38,0.44,Vertical Oblong,Yellow,"(29, 80, 150)","(58.43, -6.0, 20.0)",20.88,1,VISIBLE,-8.51,-0.52
32,2,car,0.5413,246.85,377.72,278.07,401.5,262.46,389.61,31.22,23.79,742.65,1.31,Horizontal Oblong,Grey,"(96, 60, 111)","(44.31, -6.0, -5.0)",7.81,2,VISIBLE,8.94,-0.27
32,3,car,0.5347,392.98,375.52,436.49,406.42,414.74,390.97,43.51,30.9,1344.33,1.41,Horizontal Oblong,Grey,"(93, 21, 107)","(42.55, 1.0, 0.0)",1.0,3,VISIBLE,8.52,-0.34
32,5,can,0.3733,531.75,383.24,550.4,414.58,541.07,398.91,18.65,31.34,584.59,0.6,Vertical Oblong,Yellow,"(34, 63, 158)","(63.53, -8.0, 19.0)",20.62,5,VISIBLE,4.12,-0.56
33,1,person,0.9355,543.86,46.19,816.78,674.84,680.32,360.52,272.93,628.65,171573.86,0.43,Vertical Oblong,Black,"(90, 46, 40)","(13.73, 0.0, 0.0)",0.0,1,VISIBLE,-9.22,3.16
33,2,car,0.4693,257.63,376.64,288.71,400.66,273.17,388.65,31.08,24.02,746.49,1.29,Horizontal Oblong,Grey,"(95, 55, 112)","(44.71, -6.0, -4.0)",7.21,2,VISIBLE,10.18,-0.75
33,3,car,0.5306,402.86,375.08,446.9,405.98,424.88,390.53,44.04,30.9,1360.81,1.43,Horizontal Oblong,Grey,"(73, 20, 111)","(45.1, 1.0, 1.0)",1.41,3,VISIBLE,9.66,-0.41
33,5,can,0.3733,535.66,382.72,554.41,413.97,545.04,398.35,18.75,31.25,585.94,0.6,Vertical Oblong,Orange,"(16, 60, 165)","(63.73, 3.0, 15.0)",15.3,5,VISIBLE,4.01,-0.56
34,1,person,0.9431,535.08,43.07,811.69,686.41,673.38,364.74,276.61,643.33,177951.71,0.43,Vertical Oblong,Black,"(90, 41, 42)","(14.12, 0.0, 0.0)",0.0,1,VISIBLE,-7.62,3.91
34,2,car,0.5268,269.31,375.88,300.36,400.01,284.83,387.95,31.05,24.14,749.46,1.29,Horizontal Oblong,Grey,"(96, 53, 112)","(44.71, -5.0, -4.0)",6.4,2,VISIBLE,11.22,-0.72
34,3,car,0.5689,413.93,374.64,457.91,405.57,435.92,390.11,43.98,30.94,1360.69,1.42,Horizontal Oblong,Grey,"(84, 23, 116)","(46.08, 1.0, 0.0)",1.0,3,VISIBLE,10.62,-0.42
34,5,can,0.3733,539.58,382.2,558.43,413.37,549.0,397.79,18.84,31.17,587.27,0.6,Vertical Oblong,Orange,"(14, 77, 178)","(64.31, 7.0, 17.0)",18.38,5,VISIBLE,3.98,-0.56
35,1,person,0.9395,527.91,39.81,811.13,695.68,669.52,367.74,283.22,655.87,185754.84,0.43,Vertical Oblong,Black,"(34, 42, 52)","(18.04, 0.0, 0.0)",0.0,1,VISIBLE,-4.99,3.28
35,2,car,0.5333,282.39,375.13,313.34,399.2,297.87,387.16,30.95,24.07,745.01,1.29,Horizontal Oblong,Grey,"(96, 54, 111)","(44.71, -5.0, -5.0)",7.07,2,VISIBLE,12.49,-0.76
35,3,car,0.5761,426.47,374.12,470.33,404.67,448.4,389.4,43.86,30.55,1339.79,1.44,Horizontal Oblong,Grey,"(81, 21, 109)","(43.14, 1.0, 1.0)",1.41,3,VISIBLE,11.92,-0.62
35,5,can,0.3733,543.5,381.69,562.44,412.77,552.97,397.23,18.94,31.08,588.58,0.61,Vertical Oblong,Orange,"(13, 60, 233)","(83.53, 8.0, 16.0)",17.89,5,VISIBLE,3.97,-0.56
36,1,person,0.9413,520.58,36.93,813.24,702.63,666.91,369.78,292.66,665.7,194825.0,0.44,Vertical Oblong,Grey,"(30, 44, 65)","(25.49, 0.0, 2.0)",2.0,1,VISIBLE,-3.32,2.41
36,2,car,0.5288,296.21,374.41,327.01,398.21,311.61,386.31,30.8,23.8,733.07,1.29,Horizontal Oblong,Grey,"(98, 57, 113)","(45.29, -5.0, -5.0)",7.07,2,VISIBLE,13.37,-0.83
36,3,car,0.5165,440.02,373.56,483.48,403.93,461.75,388.75,43.46,30.38,1320.08,1.43,Horizontal Oblong,Grey,"(93, 20, 101)","(40.78, 2.0, 0.0)",2.0,3,VISIBLE,12.92,-0.64
37,1,person,0.9434,514.67,34.63,817.52,706.66,666.09,370.65,302.85,672.04,203526.0,0.45,Vertical Oblong,Grey,"(30, 49, 72)","(28.63, 0.0, 2.0)",2.0,1,VISIBLE,-1.57,1.33
37,2,car,0.4935,311.06,373.83,341.57,397.14,326.32,385.48,30.52,23.3,711.04,1.31,Horizontal Oblong,Grey,"(98, 56, 117)","(45.49, -5.0, -5.0)",7.07,2,VISIBLE,14.3,-0.83
37,3,car,0.4483,454.63,372.76,497.91,403.11,476.27,387.93,43.28,30.34,1313.3,1.43,Horizontal Oblong,Grey,"(90, 19, 107)","(42.35, 1.0, 0.0)",1.0,3,VISIBLE,14.04,-0.76
38,1,person,0.943,509.18,33.56,823.15,708.26,666.16,370.91,313.98,674.69,211836.91,0.47,Vertical Oblong,Grey,"(30, 51, 81)","(32.16, 0.0, 2.0)",2.0,1,VISIBLE,-0.42,0.58
38,2,car,0.5088,326.99,373.54,356.7,396.37,341.85,384.95,29.71,22.83,678.18,1.3,Horizontal Oblong,Grey,"(96, 52, 115)","(45.1, -5.0, -4.5)",6.73,2,VISIBLE,15.16,-0.62
38,3,car,0.4628,468.58,371.92,511.37,401.93,489.98,386.93,42.79,30.01,1284.21,1.43,Horizontal Oblong,Grey,"(90, 20, 116)","(46.08, 1.0, 0.0)",1.0,3,VISIBLE,13.81,-0.93
39,1,person,0.95,504.53,33.43,829.74,709.59,667.13,371.51,325.21,676.16,219897.93,0.48,Vertical Oblong,Grey,"(34, 53, 87)","(34.51, 0.0, 2.0)",2.0,1,VISIBLE,0.55,0.6
39,2,car,0.5191,343.24,373.35,372.32,395.65,357.78,384.5,29.08,22.3,648.47,1.3,Horizontal Oblong,Grey,"(96, 56, 114)","(45.1, -6.0, -5.0)",7.81,2,VISIBLE,15.7,-0.5
39,3,car,0.4628,480.82,371.31,523.34,401.14,502.08,386.22,42.52,29.82,1268.17,1.43,Horizontal Oblong,Orange,"(16, 55, 180)","(66.67, 3.0, 14.0)",14.32,3,VISIBLE,12.62,-0.77
40,1,person,0.9442,500.24,33.82,837.24,712.65,668.74,373.24,337.01,678.82,228767.73,0.5,Vertical Oblong,Grey,"(35, 57, 89)","(35.69, 0.0, 2.0)",2.0,1,VISIBLE,1.29,1.39
40,2,car,0.5404,359.92,373.26,388.49,395.18,374.2,384.22,28.57,21.92,626.4,1.3,Horizontal Oblong,Grey,"(98, 54, 116)","(45.49, -5.0, -5.0)",7.07,2,VISIBLE,16.21,-0.35
40,3,car,0.4628,493.07,370.7,535.31,400.34,514.19,385.52,42.25,29.64,1252.23,1.43,Horizontal Oblong,Orange,"(13, 50, 228)","(82.16, 7.0, 13.0)",14.76,3,VISIBLE,12.26,-0.72
41,2,car,0.5651,376.54,373.06,405.21,395.0,390.87,384.03,28.67,21.94,628.81,1.31,Horizontal Oblong,Grey,"(98, 59, 116)","(44.71, -5.0, -6.0)",7.81,2,VISIBLE,16.53,-0.24
41,3,car,0.4628,505.31,370.08,547.29,399.54,526.3,384.81,41.98,29.45,1236.39,1.43,Horizontal Oblong,Orange,"(12, 54, 214)","(78.04, 7.0, 12.0)",13.89,3,VISIBLE,12.16,-0.71
41,1,person,0.9442,494.71,32.87,840.77,715.82,667.74,374.35,346.07,682.95,236345.5,0.51,Vertical Oblong,Grey,"(39, 58, 87)","(34.51, 0.0, 1.0)",1.0,1,VISIBLE,-0.31,1.19
42,1,person,0.9441,492.32,34.44,845.26,699.74,668.79,367.09,352.93,665.3,234809.28,0.53,Vertical Oblong,Grey,"(87, 59, 70)","(27.45, 0.0, 0.0)",0.0,1,VISIBLE,0.64,-4.72
42,2,car,0.5645,393.99,372.93,422.65,394.99,408.32,383.96,28.67,22.05,632.22,1.3,Horizontal Oblong,Grey,"(98, 50, 115)","(45.49, -5.0, -5.0)",7.07,2,VISIBLE,17.17,-0.12
42,3,car,0.4628,517.55,369.47,559.26,398.74,538.41,384.1,41.7,29.27,1220.65,1.42,Horizontal Oblong,Grey,"(16, 19, 99)","(40.39, 1.0, 3.0)",3.16,3,VISIBLE,12.12,-0.71
43,1,person,0.9472,489.64,35.41,849.22,683.41,669.43,359.41,359.58,648.0,233009.73,0.55,Vertical Oblong,Black,"(95, 58, 58)","(21.18, 0.0, -1.0)",1.0,1,VISIBLE,0.64,-6.79
43,2,car,0.5674,411.73,372.92,440.57,395.17,426.15,384.04,28.84,22.25,641.69,1.3,Horizontal Oblong,Grey,"(96, 50, 115)","(45.49, -5.0, -5.0)",7.07,2,VISIBLE,17.63,0.02
43,3,car,0.4628,529.8,368.85,571.23,397.94,550.51,383.4,41.43,29.08,1205.01,1.42,Horizontal Oblong,Grey,"(21, 25, 145)","(59.41, 0.0, 5.0)",5.0,3,VISIBLE,12.11,-0.71
44,2,car,0.4063,429.78,372.81,458.39,395.24,444.09,384.02,28.61,22.43,641.75,1.28,Horizontal Oblong,Grey,"(96, 50, 117)","(46.27, -5.0, -5.0)",7.07,2,VISIBLE,17.84,-0.01
44,1,person,0.9472,485.48,35.46,853.05,677.66,669.26,356.56,367.57,642.2,236054.82,0.57,Vertical Oblong,Black,"(98, 55, 59)","(21.96, 0.0, -1.0)",1.0,1,VISIBLE,0.08,-4.03
45,1,person,0.9472,481.32,35.51,856.88,671.9,669.1,353.71,375.57,636.39,239007.09,0.59,Vertical Oblong,Grey,"(95, 49, 70)","(27.84, 0.0, -1.0)",1.0,1,VISIBLE,-0.09,-3.21
45,2,car,0.4063,446.55,372.63,475.01,395.07,460.78,383.85,28.46,22.44,638.64,1.27,Horizontal Oblong,Grey,"(95, 47, 117)","(46.67, -5.0, -4.0)",6.4,2,VISIBLE,17.04,-0.12
45,7,bicycle,0.9458,349.34,303.38,917.22,720.0,633.28,511.69,567.88,416.62,236590.63,1.36,Horizontal Oblong,Orange,"(24, 93, 135)","(50.59, -2.0, 20.0)",20.1,7,VISIBLE,0.0,0.0
46,7,bicycle,0.944,336.03,301.79,924.37,720.0,630.2,510.89,588.33,418.21,246049.26,1.41,Horizontal Oblong,Yellow,"(27, 92, 135)","(50.59, -4.0, 20.0)",20.4,7,VISIBLE,-3.08,-0.8
46,1,person,0.9472,477.15,35.56,860.71,666.15,668.93,350.85,383.56,630.58,241866.55,0.61,Vertical Oblong,Grey,"(90, 48, 81)","(32.16, 0.0, 0.0)",0.0,1,VISIBLE,-0.15,-2.96
46,2,car,0.4063,463.31,372.46,491.63,394.9,477.47,383.68,28.32,22.44,635.54,1.26,Horizontal Oblong,Grey,"(50, 24, 125)","(51.76, -4.0, 5.0)",6.4,2,VISIBLE,16.79,-0.16
47,1,person,0.9449,474.08,34.05,852.72,666.68,663.4,350.36,378.64,632.63,239541.87,0.6,Vertical Oblong,Grey,"(84, 46, 91)","(36.47, 0.0, 0.0)",0.0,1,VISIBLE,-3.92,-1.23
47,2,car,0.4063,480.08,372.29,508.25,394.73,494.17,383.51,28.17,22.45,632.43,1.26,Horizontal Oblong,Grey,"(46, 30, 104)","(42.75, -3.0, 4.0)",5.0,2,VISIBLE,16.72,-0.17
47,7,bicycle,0.944,331.29,301.46,926.97,720.0,629.13,510.73,595.68,418.54,249318.99,1.42,Horizontal Oblong,Yellow,"(27, 93, 134)","(50.59, -4.0, 21.0)",21.38,7,VISIBLE,-1.67,-0.35
48,1,person,0.9505,470.76,31.82,843.35,674.26,657.06,353.04,372.6,642.44,239370.51,0.58,Vertical Oblong,Yellow,"(31, 92, 135)","(50.98, -6.0, 21.0)",21.84,1,VISIBLE,-5.62,1.5
48,2,car,0.4063,496.84,372.11,524.87,394.56,510.86,383.34,28.03,22.45,629.32,1.25,Spherical / Regular,Grey,"(42, 13, 83)","(34.9, -1.0, 3.0)",3.16,2,VISIBLE,16.7,-0.17
48,7,bicycle,0.944,326.55,301.12,929.58,720.0,628.06,510.56,603.03,418.88,252593.59,1.44,Horizontal Oblong,Yellow,"(29, 91, 135)","(50.98, -5.0, 21.0)",21.59,7,VISIBLE,-1.25,-0.23
49,1,person,0.9528,465.88,29.22,835.68,684.47,650.78,356.85,369.8,655.25,242310.42,0.56,Vertical Oblong,Yellow,"(34, 95, 132)","(49.41, -7.0, 21.0)",22.14,1,VISIBLE,-6.08,3.11
49,2,car,0.4063,513.61,371.94,541.49,394.39,527.55,383.17,27.89,22.46,626.21,1.24,Spherical / Regular,Grey,"(72, 21, 120)","(49.41, -4.0, 2.0)",4.47,2,VISIBLE,16.7,-0.17
49,7,bicycle,0.944,321.81,300.79,932.18,720.0,627.0,510.4,610.37,419.21,255873.04,1.46,Horizontal Oblong,Yellow,"(28, 88, 137)","(50.98, -5.0, 21.0)",21.59,7,VISIBLE,-1.12,-0.18
50,1,person,0.9553,462.18,26.32,830.68,691.53,646.43,358.92,368.49,665.21,245125.01,0.55,Vertical Oblong,Yellow,"(35, 96, 126)","(47.06, -7.0, 20.0)",21.19,1,VISIBLE,-4.87,2.39
51,1,person,0.9542,459.19,23.15,827.75,695.98,643.47,359.56,368.55,672.83,247974.47,0.55,Vertical Oblong,Yellow,"(36, 100, 119)","(44.71, -8.0, 20.0)",21.54,1,VISIBLE,-3.53,1.17
52,1,person,0.95,457.45,20.24,826.88,697.71,642.17,358.97,369.43,677.46,250273.82,0.55,Vertical Oblong,Yellow,"(37, 105, 113)","(42.75, -9.0, 20.0)",21.93,1,VISIBLE,-1.97,-0.06
53,1,person,0.9517,456.3,18.15,827.96,693.98,642.13,356.06,371.67,675.82,251181.31,0.55,Vertical Oblong,Green,"(39, 108, 107)","(40.78, -10.0, 20.0)",22.36,1,VISIBLE,-0.62,-2.06
54,1,person,0.9459,456.35,17.41,830.16,682.09,643.26,349.75,373.81,664.68,248464.55,0.56,Vertical Oblong,Green,"(40, 108, 102)","(38.82, -10.0, 19.0)",21.47,1,VISIBLE,0.6,-5.04
54,7,bicycle,0.9386,257.77,312.68,980.5,720.0,619.14,516.34,722.72,407.32,294376.77,1.77,Horizontal Oblong,Yellow,"(30, 93, 123)","(47.06, -5.0, 19.0)",19.65,8,VISIBLE,-1.44,0.78
55,7,bicycle,0.9362,256.35,314.38,985.16,720.0,620.75,517.19,728.82,405.62,295619.16,1.8,Horizontal Oblong,Yellow,"(32, 93, 122)","(46.67, -6.0, 19.0)",19.92,8,VISIBLE,0.7,0.83
55,1,person,0.936,456.64,17.17,833.9,650.37,645.27,333.77,377.26,633.19,238876.8,0.6,Vertical Oblong,Green,"(40, 106, 99)","(38.43, -10.0, 18.0)",20.59,1,VISIBLE,1.59,-12.7
56,1,person,0.9399,457.45,17.07,838.38,632.7,647.91,324.89,380.93,615.63,234511.42,0.62,Vertical Oblong,Green,"(41, 104, 95)","(37.25, -10.0, 17.0)",19.72,1,VISIBLE,2.33,-10.03
56,7,bicycle,0.9312,255.05,315.69,990.68,720.0,622.87,517.84,735.63,404.31,297422.75,1.82,Horizontal Oblong,Yellow,"(33, 92, 121)","(45.88, -6.0, 19.0)",19.92,8,VISIBLE,1.69,0.71
56,3,car,0.3696,795.91,372.23,849.31,401.83,822.61,387.03,53.4,29.6,1580.83,1.8,Horizontal Oblong,Grey,"(25, 16, 146)","(59.61, 0.0, 4.0)",4.0,9,VISIBLE,18.29,-0.02
57,1,person,0.9475,460.17,16.61,842.58,638.18,651.37,327.39,382.4,621.57,237690.45,0.62,Vertical Oblong,Green,"(41, 98, 95)","(37.25, -10.0, 16.0)",18.87,1,VISIBLE,3.12,-1.25
57,7,bicycle,0.9338,254.92,321.68,998.2,720.0,626.56,520.84,743.28,398.32,296060.68,1.87,Horizontal Oblong,Yellow,"(31, 93, 123)","(46.27, -5.0, 19.0)",19.65,8,VISIBLE,3.09,2.31
57,3,car,0.5379,812.63,372.06,865.73,401.84,839.18,386.95,53.1,29.78,1581.59,1.78,Horizontal Oblong,Grey,"(22, 16, 152)","(61.96, 0.0, 4.0)",4.0,9,VISIBLE,17.08,-0.06
58,1,person,0.9534,462.53,16.19,847.5,655.94,655.02,336.06,384.98,639.74,246286.57,0.6,Vertical Oblong,Green,"(41, 99, 96)","(37.65, -10.0, 16.0)",18.87,1,VISIBLE,3.48,5.69
58,7,bicycle,0.9391,254.61,325.57,1006.31,720.0,630.46,522.78,751.69,394.43,296493.67,1.91,Horizontal Oblong,Yellow,"(30, 94, 122)","(46.27, -5.0, 19.0)",19.65,8,VISIBLE,3.66,2.05
58,3,car,0.5379,818.23,371.98,871.46,401.86,844.84,386.92,53.23,29.88,1590.69,1.78,Horizontal Oblong,Yellow,"(32, 44, 141)","(58.04, -5.0, 13.0)",13.93,9,VISIBLE,9.09,-0.04
59,1,person,0.9585,465.42,16.32,852.34,680.45,658.88,348.39,386.91,664.13,256962.13,0.58,Vertical Oblong,Green,"(44, 100, 91)","(34.51, -11.0, 15.0)",18.6,1,VISIBLE,3.75,10.33
59,3,car,0.5379,823.83,371.91,877.2,401.88,850.51,386.89,53.37,29.98,1599.81,1.78,Horizontal Oblong,Yellow,"(34, 58, 126)","(51.76, -7.0, 14.0)",15.65,9,VISIBLE,6.7,-0.03
59,7,bicycle,0.9391,254.11,328.57,1011.93,720.0,633.02,524.29,757.82,391.43,296630.91,1.94,Horizontal Oblong,Yellow,"(36, 99, 111)","(42.35, -4.0, 17.0)",17.46,8,VISIBLE,2.89,1.67
59,2,car,0.4068,867.74,371.85,920.76,401.15,894.25,386.5,53.02,29.3,1553.35,1.81,Horizontal Oblong,Grey,"(27, 16, 146)","(60.0, 0.0, 4.0)",4.0,10,VISIBLE,30.68,0.18
60,1,person,0.9562,468.68,16.5,856.58,697.98,662.63,357.24,387.9,681.47,264342.58,0.57,Vertical Oblong,Green,"(50, 95, 87)","(30.59, -11.0, 12.0)",16.28,1,VISIBLE,3.75,9.3
60,3,car,0.5379,829.43,371.83,882.93,401.9,856.18,386.87,53.5,30.08,1608.96,1.78,Horizontal Oblong,Yellow,"(34, 37, 138)","(56.86, -5.0, 11.0)",12.08,9,VISIBLE,5.97,-0.03
60,2,car,0.3865,883.71,371.81,937.54,401.14,910.62,386.47,53.83,29.33,1578.96,1.84,Horizontal Oblong,Yellow,"(37, 66, 113)","(46.67, -8.0, 15.0)",17.0,10,VISIBLE,20.67,0.04
60,7,bicycle,0.9391,253.61,331.58,1017.55,720.0,635.58,525.79,763.94,388.42,296731.36,1.97,Horizontal Oblong,Green,"(47, 96, 99)","(34.51, -4.0, 12.0)",12.65,8,VISIBLE,2.66,1.55
61,1,person,0.9529,472.26,15.82,861.44,702.36,666.85,359.09,389.18,686.54,267186.98,0.57,Vertical Oblong,Green,"(52, 93, 84)","(29.8, -11.0, 11.0)",15.56,1,VISIBLE,4.08,4.08
61,7,bicycle,0.9345,258.1,329.73,1028.42,720.0,643.26,524.86,770.32,390.27,300634.77,1.97,Horizontal Oblong,Blue,"(104, 109, 97)","(29.41, -2.0, -12.0)",12.17,8,VISIBLE,6.17,-0.18
61,2,car,0.3865,889.49,371.81,943.43,401.13,916.46,386.47,53.95,29.32,1581.94,1.84,Horizontal Oblong,Yellow,"(32, 43, 141)","(57.65, -4.0, 12.0)",12.65,10,VISIBLE,10.28,0.01
62,1,person,0.9523,476.82,15.97,866.6,695.2,671.71,355.58,389.78,679.23,264749.37,0.57,Vertical Oblong,Green,"(50, 96, 86)","(30.59, -11.0, 12.0)",16.28,1,VISIBLE,4.63,-1.23
62,7,bicycle,0.9471,261.97,328.91,1037.53,720.0,649.75,524.45,775.56,391.09,303316.24,1.98,Horizontal Oblong,Blue,"(105, 121, 96)","(28.24, -1.0, -13.0)",13.04,8,VISIBLE,6.4,-0.34
62,2,car,0.3865,895.27,371.81,949.33,401.13,922.3,386.47,54.06,29.32,1584.92,1.84,Horizontal Oblong,Yellow,"(32, 55, 122)","(50.2, -6.0, 14.0)",15.23,10,VISIBLE,7.17,0.0
62,3,car,0.4025,939.29,372.42,992.43,401.73,965.86,387.08,53.14,29.31,1557.43,1.81,Horizontal Oblong,Grey,"(21, 15, 143)","(58.04, 0.0, 2.0)",2.0,11,VISIBLE,40.18,0.06
63,7,bicycle,0.9507,264.5,327.62,1044.31,720.0,654.4,523.81,779.81,392.38,305982.59,1.99,Horizontal Oblong,Blue,"(103, 110, 97)","(29.41, -2.0, -12.0)",12.17,8,VISIBLE,5.18,-0.55
63,1,person,0.947,479.84,15.74,870.35,678.48,675.09,347.11,390.52,662.74,258811.82,0.59,Vertical Oblong,Green,"(48, 98, 88)","(31.76, -11.0, 13.0)",17.03,1,VISIBLE,3.76,-6.3
63,2,car,0.3865,901.05,371.81,955.22,401.12,928.13,386.46,54.17,29.31,1587.89,1.85,Horizontal Oblong,Yellow,"(33, 48, 126)","(52.16, -6.0, 13.0)",14.32,10,VISIBLE,6.24,-0.0
63,3,car,0.4025,940.3,372.4,994.02,401.75,967.16,387.08,53.73,29.35,1576.62,1.83,Horizontal Oblong,Yellow,"(30, 45, 145)","(59.61, -4.0, 12.0)",12.65,11,VISIBLE,12.96,0.02
64,7,bicycle,0.9502,265.36,327.22,1048.87,720.0,657.11,523.61,783.51,392.78,307743.79,1.99,Horizontal Oblong,Brown,"(63, 102, 97)","(30.2, -5.0, 8.0)",9.43,8,VISIBLE,3.45,-0.31
64,1,person,0.9482,479.55,15.75,872.34,665.24,675.94,340.5,392.79,649.49,255114.33,0.6,Vertical Oblong,Green,"(48, 99, 88)","(31.37, -11.0, 13.0)",17.03,1,VISIBLE,1.72,-6.52
64,3,car,0.4025,941.3,372.39,995.62,401.77,968.46,387.08,54.31,29.38,1595.85,1.85,Horizontal Oblong,Yellow,"(33, 58, 120)","(49.41, -6.0, 14.0)",15.23,11,VISIBLE,4.8,0.01
65,1,person,0.9494,478.9,15.65,874.25,667.8,676.57,341.73,395.35,652.15,257828.45,0.61,Vertical Oblong,Green,"(49, 98, 87)","(31.37, -11.0, 13.0)",17.03,1,VISIBLE,0.96,-1.1
65,7,bicycle,0.9437,264.79,324.74,1051.71,720.0,658.25,522.37,786.92,395.26,311037.02,1.99,Horizontal Oblong,Green,"(58, 95, 97)","(31.76, -6.0, 9.0)",10.82,8,VISIBLE,1.83,-0.96
65,2,car,0.392,1006.49,373.64,1062.8,404.28,1034.64,388.96,56.31,30.65,1725.77,1.84,Horizontal Oblong,Grey,"(27, 16, 141)","(57.65, 1.0, 2.0)",2.24,12,VISIBLE,39.15,0.87
66,1,person,0.9508,477.02,15.18,875.5,675.46,676.26,345.32,398.48,660.28,263107.84,0.6,Vertical Oblong,Green,"(51, 98, 85)","(29.8, -11.0, 11.0)",15.56,1,VISIBLE,0.07,2.19
66,7,bicycle,0.9478,262.93,324.62,1053.44,720.0,658.18,522.31,790.51,395.38,312552.77,2.0,Horizontal Oblong,Green,"(54, 91, 98)","(32.16, -6.0, 9.0)",10.82,8,VISIBLE,0.5,-0.33
66,2,car,0.392,1007.69,373.71,1064.36,404.32,1036.03,389.02,56.67,30.61,1734.91,1.85,Horizontal Oblong,Yellow,"(29, 39, 146)","(60.0, -4.0, 11.0)",11.7,12,VISIBLE,12.71,0.3
67,1,person,0.9549,474.35,13.99,875.59,684.79,674.97,349.39,401.24,670.8,269148.94,0.6,Vertical Oblong,Green,"(52, 97, 84)","(29.41, -11.0, 11.0)",15.56,1,VISIBLE,-0.88,3.51
67,7,bicycle,0.9481,260.65,324.09,1054.42,720.0,657.53,522.05,793.77,395.91,314259.48,2.0,Horizontal Oblong,Green,"(50, 89, 99)","(33.33, -7.0, 10.0)",12.21,8,VISIBLE,-0.3,-0.28
67,2,car,0.392,1008.89,373.79,1065.93,404.36,1037.41,389.07,57.03,30.58,1744.02,1.87,Horizontal Oblong,Yellow,"(34, 56, 119)","(49.02, -6.0, 13.5)",14.77,12,VISIBLE,4.78,0.13
67,3,car,0.455,1055.55,374.93,1108.9,405.57,1082.22,390.25,53.34,30.64,1634.33,1.74,Horizontal Oblong,Grey,"(42, 16, 135)","(54.9, 1.0, 2.0)",2.24,13,VISIBLE,27.98,0.74
68,1,person,0.9504,471.11,11.52,874.84,694.19,672.98,352.85,403.72,682.67,275610.27,0.59,Vertical Oblong,Black,"(103, 96, 42)","(12.94, -2.0, -4.0)",4.47,1,VISIBLE,-1.66,3.48
68,7,bicycle,0.9459,258.57,323.52,1055.15,720.0,656.86,521.76,796.58,396.48,315828.86,2.01,Horizontal Oblong,Green,"(50, 90, 98)","(33.33, -7.0, 10.0)",12.21,8,VISIBLE,-0.56,-0.28
68,3,car,0.455,1056.25,374.97,1110.43,405.64,1083.34,390.3,54.18,30.68,1661.93,1.77,Horizontal Oblong,Yellow,"(29, 35, 144)","(58.82, -3.0, 10.0)",10.44,13,VISIBLE,9.18,0.26
69,1,person,0.9471,467.67,8.1,873.98,698.17,670.82,353.14,406.32,690.07,280386.12,0.59,Vertical Oblong,Black,"(104, 97, 43)","(12.94, -1.0, -4.0)",4.12,1,VISIBLE,-2.0,1.24
69,7,bicycle,0.9401,257.28,322.97,1056.05,720.0,656.66,521.48,798.77,397.03,317135.51,2.01,Horizontal Oblong,Green,"(51, 93, 96)","(32.16, -7.0, 10.0)",12.21,8,VISIBLE,-0.31,-0.28
69,3,car,0.455,1056.95,375.0,1111.96,405.71,1084.46,390.35,55.01,30.71,1689.59,1.79,Horizontal Oblong,Yellow,"(34, 57, 115)","(47.45, -6.0, 14.0)",15.23,13,VISIBLE,3.53,0.11
69,2,car,0.389,1099.88,375.31,1155.38,406.57,1127.63,390.94,55.5,31.26,1735.12,1.78,Horizontal Oblong,Grey,"(37, 17, 130)","(52.55, 2.0, 1.0)",2.24,14,VISIBLE,33.01,0.69
70,7,bicycle,0.941,255.32,322.38,1057.09,720.0,656.2,521.19,801.77,397.62,318797.34,2.02,Horizontal Oblong,Green,"(50, 96, 95)","(32.16, -7.0, 10.0)",12.21,8,VISIBLE,-0.41,-0.29
70,1,person,0.9289,463.16,5.18,872.58,699.67,667.87,352.43,409.42,694.49,284340.93,0.59,Vertical Oblong,Black,"(104, 95, 43)","(12.94, -1.0, -5.0)",5.1,1,VISIBLE,-2.67,-0.13
70,2,car,0.389,1100.58,375.34,1156.97,406.58,1128.78,390.96,56.38,31.23,1760.94,1.81,Horizontal Oblong,Yellow,"(25, 35, 151)","(61.57, -2.0, 10.0)",10.2,14,VISIBLE,10.71,0.22
71,7,bicycle,0.9395,253.64,322.6,1058.29,720.0,655.96,521.3,804.65,397.4,319769.38,2.02,Horizontal Oblong,Green,"(50, 96, 95)","(32.55, -8.0, 11.0)",13.6,8,VISIBLE,-0.29,-0.01
71,1,person,0.9111,460.27,2.92,871.43,693.36,665.85,348.14,411.17,690.44,283885.54,0.6,Vertical Oblong,Black,"(104, 96, 44)","(12.94, -1.0, -4.0)",4.12,1,VISIBLE,-2.21,-3.04
71,2,car,0.389,1101.29,375.38,1158.55,406.58,1129.92,390.98,57.27,31.2,1786.7,1.84,Horizontal Oblong,Yellow,"(33, 60, 118)","(48.63, -6.0, 14.0)",15.23,14,VISIBLE,4.01,0.08
72,1,person,0.9448,460.29,1.55,871.39,651.96,665.84,326.75,411.1,650.41,267380.44,0.63,Vertical Oblong,Black,"(104, 96, 42)","(12.55, -1.0, -4.0)",4.12,1,VISIBLE,-0.67,-15.88
72,7,bicycle,0.9385,251.09,322.49,1059.15,720.0,655.12,521.25,808.06,397.51,321210.56,2.03,Horizontal Oblong,Green,"(49, 96, 95)","(32.94, -8.0, 11.0)",13.6,8,VISIBLE,-0.68,-0.04
73,1,person,0.9493,460.87,1.54,871.75,630.01,666.31,315.78,410.88,628.47,258224.72,0.65,Vertical Oblong,Black,"(104, 95, 43)","(12.94, -1.0, -4.0)",4.12,1,VISIBLE,0.13,-12.45
73,7,bicycle,0.9379,247.67,321.54,1059.99,720.0,653.83,520.77,812.32,398.46,323673.22,2.04,Horizontal Oblong,Green,"(48, 96, 97)","(34.51, -8.0, 12.0)",14.42,8,VISIBLE,-1.11,-0.34
73,2,car,0.3061,1205.42,375.23,1252.9,406.89,1229.16,391.06,47.48,31.65,1502.82,1.5,Horizontal Oblong,Grey,"(126, 19, 100)","(40.39, 2.0, 0.0)",2.0,15,VISIBLE,35.94,0.05
74,1,person,0.9542,461.53,1.49,872.06,623.18,666.79,312.34,410.53,621.69,255221.85,0.66,Vertical Oblong,Black,"(104, 93, 43)","(13.33, -1.0, -4.0)",4.12,1,VISIBLE,0.38,-6.14
74,7,bicycle,0.9403,243.81,318.44,1060.96,720.0,652.38,519.22,817.15,401.56,328135.59,2.03,Horizontal Oblong,Green,"(47, 98, 98)","(34.9, -8.0, 13.0)",15.26,8,VISIBLE,-1.34,-1.19
74,2,car,0.3061,1206.93,375.24,1254.58,406.89,1230.76,391.06,47.66,31.65,1508.11,1.51,Horizontal Oblong,Yellow,"(37, 64, 98)","(40.39, -6.0, 13.0)",14.32,15,VISIBLE,11.9,0.02
75,1,person,0.9524,461.92,1.7,871.93,634.96,666.93,318.33,410.01,633.26,259645.01,0.65,Vertical Oblong,Black,"(102, 88, 45)","(14.51, -2.0, -3.0)",3.61,1,VISIBLE,0.2,2.35
75,7,bicycle,0.9364,239.28,316.58,1062.14,720.0,650.71,518.29,822.86,403.42,331961.23,2.04,Horizontal Oblong,Green,"(48, 100, 96)","(34.51, -9.0, 13.0)",15.81,8,VISIBLE,-1.58,-1.01
75,2,car,0.3061,1208.44,375.25,1256.27,406.89,1232.36,391.07,47.83,31.64,1513.4,1.51,Horizontal Oblong,Yellow,"(32, 59, 105)","(43.53, -6.0, 13.0)",14.32,15,VISIBLE,4.69,0.01
76,1,person,0.9553,462.02,1.1,871.07,653.99,666.55,327.54,409.05,652.9,267067.45,0.63,Vertical Oblong,Black,"(102, 85, 46)","(14.9, -2.0, -3.0)",3.61,1,VISIBLE,-0.2,7.16
76,7,bicycle,0.9384,234.99,316.37,1063.7,720.0,649.35,518.19,828.71,403.63,334491.97,2.05,Horizontal Oblong,Green,"(49, 101, 95)","(33.73, -9.0, 13.0)",15.81,8,VISIBLE,-1.43,-0.38
77,1,person,0.9607,460.74,0.72,868.95,677.3,664.84,339.01,408.21,676.58,276187.82,0.6,Vertical Oblong,Black,"(102, 85, 48)","(14.9, -2.0, -3.0)",3.61,1,VISIBLE,-1.25,10.17
77,7,bicycle,0.9399,231.12,319.17,1065.19,720.0,648.16,519.58,834.07,400.83,334322.63,2.08,Horizontal Oblong,Green,"(50, 102, 94)","(32.94, -9.0, 12.0)",15.0,8,VISIBLE,-1.26,0.87
78,1,person,0.9628,458.95,1.39,866.83,699.48,662.89,350.43,407.88,698.1,284741.93,0.58,Vertical Oblong,Black,"(103, 89, 48)","(14.51, -2.0, -3.0)",3.61,1,VISIBLE,-1.74,11.05
78,7,bicycle,0.9416,226.68,320.41,1065.87,720.0,646.28,520.21,839.19,399.59,335331.25,2.1,Horizontal Oblong,Green,"(49, 101, 94)","(33.73, -9.0, 13.0)",15.81,8,VISIBLE,-1.69,0.69
79,1,person,0.9586,455.64,2.73,864.31,714.71,659.97,358.72,408.67,711.98,290967.16,0.57,Vertical Oblong,Black,"(102, 91, 46)","(13.33, -2.0, -3.0)",3.61,1,VISIBLE,-2.56,9.11
79,7,bicycle,0.9453,221.84,322.61,1065.84,719.95,643.84,521.28,844.0,397.34,335360.97,2.12,Horizontal Oblong,Green,"(50, 100, 93)","(32.94, -9.0, 13.0)",15.81,8,VISIBLE,-2.21,0.96
80,1,person,0.9473,448.6,4.03,862.63,721.23,655.62,362.63,414.02,717.19,296934.16,0.58,Vertical Oblong,Black,"(102, 93, 44)","(12.94, -2.0, -3.0)",3.61,1,VISIBLE,-3.82,5.47
80,7,bicycle,0.9453,217.78,323.42,1066.7,719.94,642.24,521.68,848.93,396.52,336615.83,2.14,Horizontal Oblong,Green,"(52, 99, 90)","(31.37, -10.0, 13.0)",16.4,8,VISIBLE,-1.78,0.57
81,1,person,0.9601,441.83,5.18,860.59,726.28,651.21,365.73,418.76,721.1,301969.21,0.58,Vertical Oblong,Black,"(103, 94, 42)","(12.55, -2.0, -3.0)",3.61,1,VISIBLE,-4.23,3.81
81,7,bicycle,0.9453,213.72,324.23,1067.57,719.93,640.64,522.08,853.85,395.69,337862.56,2.16,Horizontal Oblong,Green,"(52, 96, 89)","(30.59, -9.0, 13.0)",15.81,8,VISIBLE,-1.65,0.45
82,1,person,0.9641,434.65,6.28,857.96,728.07,646.3,367.18,423.31,721.79,305540.95,0.59,Vertical Oblong,Black,"(103, 97, 41)","(12.16, -2.0, -3.0)",3.61,1,VISIBLE,-4.7,2.15
82,7,bicycle,0.9453,209.66,325.04,1068.43,719.91,639.04,522.48,858.77,394.87,339101.16,2.17,Horizontal Oblong,Green,"(53, 98, 87)","(30.2, -9.0, 12.0)",15.0,8,VISIBLE,-1.62,0.41
83,1,person,0.9666,428.73,6.92,856.56,727.36,642.64,367.14,427.83,720.44,308222.19,0.59,Vertical Oblong,Black,"(102, 98, 40)","(11.76, -2.0, -3.0)",3.61,1,VISIBLE,-3.97,0.62
83,7,bicycle,0.9453,205.6,325.86,1069.29,719.9,637.44,522.88,863.69,394.04,340331.64,2.19,Horizontal Oblong,Green,"(53, 98, 88)","(30.98, -9.0, 12.0)",15.0,8,VISIBLE,-1.6,0.41
84,1,person,0.964,424.07,7.65,855.44,725.87,639.76,366.76,431.36,718.22,309813.38,0.6,Vertical Oblong,Black,"(103, 100, 40)","(11.37, -2.0, -4.0)",4.47,1,VISIBLE,-3.21,-0.08
84,7,bicycle,0.9453,201.54,326.67,1070.15,719.89,635.84,523.28,868.61,393.22,341553.98,2.21,Horizontal Oblong,Green,"(52, 99, 87)","(30.98, -9.0, 12.0)",15.0,8,VISIBLE,-1.6,0.4
85,1,person,0.961,420.13,7.87,855.88,725.13,638.0,366.5,435.75,717.25,312541.11,0.61,Vertical Oblong,Black,"(104, 100, 39)","(11.37, -2.0, -4.0)",4.47,1,VISIBLE,-2.19,-0.21
86,1,person,0.9606,417.14,7.85,855.21,722.5,636.18,365.18,438.07,714.65,313065.1,0.61,Vertical Oblong,Green,"(44, 99, 96)","(35.69, -7.0, 13.0)",14.76,1,VISIBLE,-1.94,-0.99
87,1,person,0.9593,414.6,8.8,855.1,714.26,634.85,361.53,440.5,705.46,310754.4,0.62,Vertical Oblong,Green,"(44, 97, 96)","(35.29, -7.0, 12.0)",13.89,1,VISIBLE,-1.51,-2.85
88,1,person,0.9486,411.68,9.42,853.68,699.96,632.68,354.69,442.0,690.54,305220.29,0.64,Vertical Oblong,Black,"(102, 96, 43)","(12.94, -2.0, -4.0)",4.47,1,VISIBLE,-1.97,-5.64
88,7,bicycle,0.9387,216.49,324.23,1073.88,720.0,645.18,522.11,857.38,395.77,339328.04,2.17,Horizontal Oblong,Green,"(52, 98, 89)","(31.76, -10.0, 12.0)",15.62,16,VISIBLE,1.15,-0.08
89,1,person,0.9512,408.35,10.08,851.65,683.87,630.0,346.97,443.3,673.79,298692.08,0.66,Vertical Oblong,Black,"(102, 95, 45)","(12.94, -2.0, -3.0)",3.61,1,VISIBLE,-2.47,-7.09
89,7,bicycle,0.9382,215.85,325.61,1073.75,720.0,644.8,522.8,857.89,394.39,338348.4,2.18,Horizontal Oblong,Green,"(52, 95, 88)","(31.76, -10.0, 12.0)",15.62,16,VISIBLE,0.08,0.46
90,1,person,0.9523,406.72,9.42,849.17,677.14,627.94,343.28,442.45,667.72,295432.38,0.66,Vertical Oblong,Black,"(102, 96, 46)","(12.94, -2.0, -3.0)",3.61,1,VISIBLE,-2.18,-4.71
90,7,bicycle,0.9412,215.19,325.98,1073.02,720.0,644.1,522.99,857.83,394.02,338006.77,2.18,Horizontal Oblong,Green,"(52, 98, 86)","(30.98, -10.0, 12.0)",15.62,16,VISIBLE,-0.46,0.27
91,1,person,0.9508,406.74,8.5,846.13,677.22,626.44,342.86,439.4,668.72,293832.14,0.66,Vertical Oblong,Black,"(102, 97, 44)","(12.94, -2.0, -3.0)",3.61,1,VISIBLE,-1.71,-1.71
91,7,bicycle,0.9453,214.62,328.08,1071.69,720.0,643.16,524.04,857.07,391.92,335900.42,2.19,Horizontal Oblong,Green,"(52, 98, 88)","(31.76, -10.0, 12.0)",15.62,16,VISIBLE,-0.8,0.82
92,1,person,0.9539,405.38,8.22,843.19,685.36,624.28,346.79,437.81,677.14,296454.0,0.65,Vertical Oblong,Black,"(102, 97, 42)","(12.55, -2.0, -3.0)",3.61,1,VISIBLE,-2.02,2.24
92,7,bicycle,0.938,214.17,329.8,1069.99,720.0,642.08,524.9,855.82,390.2,333936.54,2.19,Horizontal Oblong,Green,"(52, 96, 87)","(31.37, -10.0, 12.0)",15.62,16,VISIBLE,-0.99,0.85
93,1,person,0.9574,405.35,7.83,842.94,694.29,624.14,351.06,437.58,686.47,300386.95,0.64,Vertical Oblong,Black,"(103, 98, 43)","(12.55, -2.0, -4.0)",4.47,1,VISIBLE,-0.7,3.66
93,7,bicycle,0.9368,213.9,330.49,1068.05,720.0,640.97,525.25,854.14,389.51,332694.6,2.19,Horizontal Oblong,Green,"(52, 95, 88)","(31.76, -10.0, 12.0)",15.62,16,VISIBLE,-1.07,0.5
94,1,person,0.9539,403.55,7.26,843.94,703.16,623.75,355.21,440.39,695.89,306464.77,0.63,Vertical Oblong,Black,"(103, 97, 44)","(12.94, -2.0, -3.0)",3.61,1,VISIBLE,-0.49,4.0
94,7,bicycle,0.9368,213.51,331.55,1066.8,720.0,640.16,525.77,853.29,388.45,331461.22,2.2,Horizontal Oblong,Green,"(52, 96, 87)","(31.76, -10.0, 12.0)",15.62,16,VISIBLE,-0.9,0.52
95,1,person,0.9532,403.18,6.82,844.78,710.0,623.98,358.41,441.6,703.18,310523.14,0.63,Vertical Oblong,Black,"(103, 98, 43)","(12.55, -2.0, -4.0)",4.47,1,VISIBLE,0.02,3.44
95,7,bicycle,0.9368,213.12,332.6,1065.55,720.0,639.34,526.3,852.43,387.4,330229.65,2.2,Horizontal Oblong,Green,"(54, 97, 85)","(31.37, -10.0, 11.0)",14.87,16,VISIBLE,-0.84,0.52
96,1,person,0.9515,402.84,6.87,845.98,712.77,624.41,359.82,443.14,705.89,312806.83,0.63,Vertical Oblong,Black,"(103, 98, 42)","(12.16, -2.0, -4.0)",4.47,1,VISIBLE,0.31,2.02
96,7,bicycle,0.9368,212.73,333.66,1064.31,720.0,638.52,526.83,851.58,386.34,328999.88,2.2,Horizontal Oblong,Green,"(54, 97, 85)","(30.59, -10.0, 11.0)",14.87,16,VISIBLE,-0.82,0.53
97,1,person,0.9503,402.9,7.73,846.71,704.63,624.81,356.18,443.81,696.89,309290.32,0.64,Vertical Oblong,Black,"(104, 97, 41)","(12.16, -2.0, -4.0)",4.47,1,VISIBLE,0.37,-1.94
97,7,bicycle,0.9409,218.67,328.11,1066.24,720.0,642.46,524.05,847.57,391.89,332154.18,2.16,Horizontal Oblong,Green,"(55, 97, 87)","(30.98, -10.0, 11.0)",14.87,16,VISIBLE,2.51,-1.78
98,1,person,0.9451,403.18,9.36,847.24,695.68,625.21,352.52,444.06,686.32,304764.84,0.65,Vertical Oblong,Black,"(104, 98, 40)","(11.76, -2.0, -4.0)",4.47,1,VISIBLE,0.39,-3.14
98,7,bicycle,0.9363,225.22,325.31,1068.06,720.0,646.64,522.66,842.84,394.69,332661.98,2.14,Horizontal Oblong,Green,"(55, 98, 87)","(30.2, -10.0, 10.0)",14.14,16,VISIBLE,3.68,-1.52
99,7,bicycle,0.9376,231.74,321.54,1069.53,720.0,650.63,520.77,837.79,398.46,333829.12,2.1,Horizontal Oblong,Green,"(55, 99, 86)","(29.8, -10.0, 10.0)",14.14,16,VISIBLE,3.9,-1.77
99,1,person,0.9362,403.95,11.23,847.96,689.83,625.95,350.53,444.01,678.61,301307.14,0.65,Vertical Oblong,Black,"(104, 100, 39)","(11.76, -2.0, -4.0)",4.47,1,VISIBLE,0.64,-2.34
100,1,person,0.9402,404.48,12.3,848.39,678.47,626.43,345.38,443.91,666.17,295714.31,0.67,Vertical Oblong,Green,"(48, 92, 86)","(29.8, -8.0, 11.0)",13.6,1,VISIBLE,0.53,-4.3
100,7,bicycle,0.9388,238.85,318.72,1070.22,720.0,654.53,519.36,831.37,401.28,333613.58,2.07,Horizontal Oblong,Green,"(55, 97, 84)","(29.02, -10.0, 10.0)",14.14,16,VISIBLE,3.9,-1.52
100,17,can,0.4929,21.54,296.24,83.71,402.8,52.62,349.52,62.17,106.56,6624.57,0.58,Vertical Oblong,Black,"(18, 55, 52)","(20.39, 1.0, 6.0)",6.08,17,VISIBLE,0.0,0.0
101,1,person,0.9456,404.56,12.72,848.25,662.36,626.4,337.54,443.69,649.64,288241.97,0.68,Vertical Oblong,Green,"(46, 89, 88)","(30.98, -8.0, 11.0)",13.6,1,VISIBLE,0.14,-6.78
101,7,bicycle,0.9414,245.03,317.23,1070.49,720.0,657.76,518.61,825.45,402.77,332471.56,2.05,Horizontal Oblong,Green,"(56, 93, 84)","(29.02, -9.0, 10.0)",13.45,16,VISIBLE,3.43,-0.98
101,17,can,0.4929,23.44,296.31,85.51,402.81,54.47,349.56,62.07,106.5,6610.14,0.58,Vertical Oblong,Black,"(9, 78, 59)","(20.39, 4.0, 5.0)",6.4,17,VISIBLE,1.85,0.04
102,1,person,0.9394,424.72,12.91,809.34,650.12,617.03,331.51,384.61,637.21,245081.01,0.6,Vertical Oblong,Green,"(41, 96, 105)","(41.57, -11.0, 18.0)",21.1,1,VISIBLE,-6.52,-6.25
102,17,can,0.4929,25.34,296.38,87.31,402.82,56.32,349.6,61.97,106.43,6595.71,0.58,Vertical Oblong,Black,"(55, 88, 23)","(7.06, -4.0, 3.0)",5.0,17,VISIBLE,1.85,0.04
102,7,bicycle,0.9414,250.07,315.23,1070.99,720.0,660.53,517.61,820.92,404.77,332284.22,2.03,Horizontal Oblong,Green,"(44, 96, 94)","(36.86, -11.0, 16.0)",19.42,16,VISIBLE,2.97,-0.99
103,1,person,0.9392,441.5,14.01,780.69,643.39,611.1,328.7,339.19,629.38,213475.48,0.54,Vertical Oblong,Green,"(41, 99, 104)","(41.18, -11.0, 18.0)",21.1,1,VISIBLE,-6.11,-3.85
103,7,bicycle,0.9414,255.11,313.23,1071.48,720.0,663.29,516.61,816.38,406.77,332078.74,2.01,Horizontal Oblong,Green,"(43, 98, 95)","(37.25, -11.0, 17.0)",20.25,16,VISIBLE,2.83,-1.0
103,3,car,0.4136,1163.5,345.51,1200.36,372.61,1181.93,359.06,36.85,27.1,998.77,1.36,Horizontal Oblong,Grey,"(94, 29, 57)","(23.14, -1.0, -1.0)",1.41,18,VISIBLE,3.07,-0.61
104,1,person,0.9573,455.13,18.04,761.37,638.29,608.25,328.16,306.24,620.25,189945.52,0.49,Vertical Oblong,Green,"(43, 99, 102)","(39.22, -11.0, 16.0)",19.42,1,VISIBLE,-3.82,-1.53
104,3,car,0.4851,1155.04,346.72,1190.86,373.68,1172.95,360.2,35.83,26.96,966.09,1.33,Horizontal Oblong,Grey,"(88, 36, 60)","(23.92, -2.0, 0.0)",2.0,18,VISIBLE,-5.37,0.61
104,7,bicycle,0.9414,260.14,311.23,1071.98,720.0,666.06,515.62,811.84,408.77,331855.13,1.99,Horizontal Oblong,Green,"(43, 98, 96)","(37.65, -11.0, 17.0)",20.25,16,VISIBLE,2.78,-1.0
105,1,person,0.9409,465.46,24.64,750.66,634.22,608.06,329.43,285.2,609.58,173854.66,0.47,Vertical Oblong,Green,"(43, 94, 101)","(39.22, -11.0, 16.0)",19.42,1,VISIBLE,-1.28,0.43
105,3,car,0.4513,1143.65,348.07,1178.8,374.79,1161.22,361.43,35.15,26.71,938.8,1.32,Horizontal Oblong,Grey,"(81, 36, 61)","(24.71, -2.0, 0.0)",2.0,18,VISIBLE,-9.82,1.05
105,7,bicycle,0.9414,265.18,309.23,1072.48,720.0,668.83,514.62,807.3,410.77,331613.39,1.97,Horizontal Oblong,Green,"(43, 94, 96)","(37.65, -11.0, 16.0)",19.42,16,VISIBLE,2.77,-1.0
106,1,person,0.9391,474.42,30.65,745.78,628.21,610.1,329.43,271.35,597.56,162149.11,0.45,Vertical Oblong,Green,"(43, 95, 101)","(39.22, -10.0, 15.0)",18.03,1,VISIBLE,1.04,0.13
106,3,car,0.4365,1130.28,349.44,1165.85,375.83,1148.07,362.63,35.57,26.39,938.61,1.35,Horizontal Oblong,Grey,"(90, 42, 61)","(24.31, -3.0, -1.0)",3.16,18,VISIBLE,-12.16,1.16
106,7,bicycle,0.9414,270.21,307.24,1072.98,720.0,671.6,513.62,802.77,412.76,331353.51,1.94,Horizontal Oblong,Green,"(42, 91, 96)","(37.65, -11.0, 16.0)",19.42,16,VISIBLE,2.77,-1.0
107,1,person,0.9434,481.3,37.02,743.97,619.22,612.63,328.12,262.67,582.21,152928.43,0.45,Vertical Oblong,Black,"(103, 102, 42)","(12.55, -2.0, -4.0)",4.47,1,VISIBLE,2.09,-0.88
107,3,car,0.4206,1117.02,350.51,1152.51,376.25,1134.76,363.38,35.49,25.74,913.37,1.38,Horizontal Oblong,Grey,"(93, 39, 59)","(23.53, -2.0, -1.0)",2.24,18,VISIBLE,-12.96,0.87
108,1,person,0.9364,486.04,43.15,742.73,608.76,614.39,325.96,256.69,565.61,145186.03,0.45,Vertical Oblong,Black,"(103, 100, 41)","(12.16, -2.0, -4.0)",4.47,1,VISIBLE,1.85,-1.78
108,3,car,0.3877,1104.06,351.4,1139.97,377.0,1122.01,364.2,35.91,25.6,919.1,1.4,Horizontal Oblong,Grey,"(93, 36, 60)","(24.31, -2.0, -1.0)",2.24,18,VISIBLE,-12.81,0.83
109,3,car,0.408,1091.58,352.31,1127.78,378.35,1109.68,365.33,36.21,26.04,942.93,1.39,Horizontal Oblong,Grey,"(92, 32, 65)","(25.88, -2.0, -1.0)",2.24,18,VISIBLE,-12.48,1.04
109,1,person,0.9364,493.87,48.05,735.51,600.73,614.69,324.39,241.64,552.68,133551.34,0.44,Vertical Oblong,Black,"(104, 99, 41)","(12.16, -2.0, -4.0)",4.47,1,VISIBLE,0.77,-1.63
110,1,person,0.9217,495.22,54.07,736.64,588.42,615.93,321.25,241.43,534.35,129006.46,0.45,Vertical Oblong,Black,"(104, 98, 41)","(12.55, -2.0, -4.0)",4.47,1,VISIBLE,1.1,-2.69
110,3,car,0.4154,1080.24,353.03,1116.16,378.88,1098.2,365.95,35.92,25.84,928.39,1.39,Horizontal Oblong,Grey,"(94, 36, 69)","(27.45, -2.0, -1.0)",2.24,18,VISIBLE,-11.78,0.75
111,1,person,0.9162,496.66,59.4,738.56,582.59,617.61,321.0,241.9,523.18,126559.33,0.46,Vertical Oblong,Black,"(104, 96, 41)","(12.55, -2.0, -4.0)",4.47,1,VISIBLE,1.51,-0.98
111,3,car,0.4403,1069.95,354.09,1105.32,379.97,1087.63,367.03,35.37,25.88,915.54,1.37,Horizontal Oblong,Grey,"(98, 34, 74)","(29.02, -1.0, -2.0)",2.24,18,VISIBLE,-10.93,0.98
111,5,can,0.4183,1152.92,358.82,1175.2,382.51,1164.06,370.67,22.28,23.7,527.88,0.94,Spherical / Regular,Green,"(58, 72, 87)","(34.51, -13.0, 12.0)",17.69,19,VISIBLE,6.82,-0.41
112,3,car,0.4218,1060.03,355.46,1095.27,381.08,1077.65,368.27,35.23,25.62,902.48,1.38,Horizontal Oblong,Grey,"(100, 36, 75)","(29.41, -1.0, -2.0)",2.24,18,VISIBLE,-10.27,1.16
112,1,person,0.9162,501.53,64.64,735.4,574.3,618.46,319.47,233.87,509.67,119194.52,0.46,Vertical Oblong,Black,"(104, 95, 40)","(12.55, -2.0, -4.0)",4.47,1,VISIBLE,1.05,-1.36
112,5,can,0.4183,1152.12,358.94,1174.58,382.59,1163.35,370.76,22.46,23.66,531.27,0.95,Spherical / Regular,Yellow,"(31, 64, 103)","(41.57, -5.0, 12.0)",13.0,19,VISIBLE,1.55,-0.05
113,3,car,0.413,1050.93,356.4,1085.93,381.69,1068.43,369.04,35.0,25.29,885.01,1.38,Horizontal Oblong,Grey,"(101, 35, 79)","(30.98, -1.0, -2.0)",2.24,18,VISIBLE,-9.53,0.89
113,5,can,0.4183,1151.32,359.06,1173.96,382.67,1162.64,370.86,22.64,23.61,534.66,0.96,Spherical / Regular,Orange,"(19, 72, 130)","(49.41, 1.0, 15.0)",15.03,19,VISIBLE,-0.03,0.05
113,1,person,0.9162,506.4,69.87,732.23,566.02,619.32,317.94,225.83,496.15,112046.91,0.46,Vertical Oblong,Black,"(104, 94, 40)","(12.55, -2.0, -4.0)",4.47,1,VISIBLE,0.91,-1.48
113,7,bicycle,0.9452,431.14,304.32,752.14,704.09,591.64,504.21,321.0,399.78,128328.32,0.8,Spherical / Regular,Green,"(40, 78, 119)","(44.31, -8.0, 13.0)",15.26,20,VISIBLE,-7.17,-1.24
114,7,bicycle,0.9352,436.22,304.85,751.54,701.01,593.88,502.93,315.32,396.16,124916.09,0.8,Spherical / Regular,Green,"(40, 77, 119)","(43.53, -7.0, 13.0)",14.76,20,VISIBLE,-0.58,-1.26
114,3,car,0.4385,1041.8,357.42,1077.62,382.75,1059.71,370.08,35.83,25.33,907.43,1.41,Horizontal Oblong,Grey,"(100, 36, 81)","(31.76, -1.0, -2.0)",2.24,18,VISIBLE,-8.96,1.0
114,1,person,0.9162,511.27,75.1,729.07,557.73,620.17,316.41,217.8,482.63,105116.51,0.45,Vertical Oblong,Black,"(103, 93, 40)","(12.94, -2.0, -4.0)",4.47,1,VISIBLE,0.87,-1.51
115,7,bicycle,0.9215,442.14,306.07,750.5,697.11,596.32,501.59,308.36,391.04,120581.62,0.79,Vertical Oblong,Green,"(42, 78, 117)","(41.96, -7.0, 12.0)",13.89,20,VISIBLE,1.53,-1.32
115,3,car,0.3345,1034.27,358.5,1069.61,383.6,1051.94,371.05,35.34,25.11,887.18,1.41,Horizontal Oblong,Grey,"(98, 39, 75)","(30.2, -2.0, -2.0)",2.83,18,VISIBLE,-8.13,0.97
115,1,person,0.9162,516.14,80.33,725.9,549.45,621.02,314.89,209.76,469.12,98403.33,0.45,Vertical Oblong,Black,"(104, 90, 40)","(12.55, -2.0, -4.0)",4.47,1,VISIBLE,0.86,-1.52
116,7,bicycle,0.9241,447.94,307.73,749.46,692.69,598.7,500.21,301.51,384.96,116070.86,0.78,Vertical Oblong,Green,"(44, 77, 112)","(40.0, -7.0, 12.0)",13.89,20,VISIBLE,2.13,-1.36
116,3,car,0.3151,1026.62,359.44,1062.17,384.46,1044.4,371.95,35.56,25.03,889.84,1.42,Horizontal Oblong,Grey,"(98, 36, 78)","(30.98, -2.0, -2.0)",2.83,18,VISIBLE,-7.72,0.92
116,1,person,0.9162,521.01,85.56,722.73,541.16,621.87,313.36,201.73,455.6,91907.35,0.44,Vertical Oblong,Black,"(103, 91, 40)","(12.55, -2.0, -4.0)",4.47,1,VISIBLE,0.85,-1.53
117,7,bicycle,0.9226,453.91,311.08,749.23,688.81,601.57,499.95,295.32,377.73,111548.75,0.78,Vertical Oblong,Green,"(48, 78, 110)","(38.04, -6.0, 11.0)",12.53,20,VISIBLE,2.65,-0.59
117,3,car,0.3242,1019.86,360.11,1054.92,385.14,1037.39,372.62,35.06,25.04,877.86,1.4,Horizontal Oblong,Grey,"(99, 38, 76)","(30.59, -2.0, -2.0)",2.83,18,VISIBLE,-7.22,0.75
117,21,car,0.3048,955.7,360.99,980.07,376.37,967.89,368.68,24.37,15.38,374.75,1.58,Horizontal Oblong,Grey,"(100, 29, 155)","(61.96, -4.0, -4.0)",5.66,21,VISIBLE,0.0,0.0
118,7,bicycle,0.9179,459.2,313.99,747.57,685.33,603.38,499.66,288.37,371.34,107085.02,0.78,Vertical Oblong,Green,"(52, 82, 109)","(37.25, -6.0, 10.0)",11.66,20,VISIBLE,2.06,-0.38
118,3,car,0.3956,1012.22,360.54,1048.01,385.89,1030.11,373.21,35.79,25.35,907.2,1.41,Horizontal Oblong,Grey,"(98, 43, 78)","(30.59, -2.0, -2.0)",2.83,18,VISIBLE,-7.26,0.64
118,21,car,0.3048,955.2,361.07,979.56,376.4,967.38,368.74,24.35,15.33,373.34,1.59,Horizontal Oblong,Grey,"(81, 27, 140)","(57.25, -4.0, 0.0)",4.0,21,VISIBLE,-0.5,0.05
119,7,bicycle,0.9277,464.08,316.06,745.45,681.74,604.77,498.9,281.36,365.68,102889.03,0.77,Vertical Oblong,Green,"(58, 85, 108)","(36.86, -6.0, 9.0)",10.82,20,VISIBLE,1.59,-0.65
119,3,car,0.3236,1005.57,360.96,1040.8,386.47,1023.19,373.72,35.23,25.51,898.78,1.38,Horizontal Oblong,Grey,"(94, 37, 78)","(30.98, -3.0, -2.0)",3.61,18,VISIBLE,-7.03,0.54
119,21,car,0.3048,954.71,361.15,979.05,376.43,966.88,368.79,24.34,15.28,371.92,1.59,Horizontal Oblong,Brown,"(50, 32, 113)","(46.67, -6.0, 7.0)",9.22,21,VISIBLE,-0.5,0.05
119,5,can,0.3433,1093.64,366.44,1110.4,389.11,1102.02,377.78,16.76,22.68,380.06,0.74,Vertical Oblong,Green,"(58, 82, 85)","(33.73, -15.0, 13.0)",19.85,22,VISIBLE,-7.08,0.82
120,7,bicycle,0.9279,468.06,316.84,743.48,679.08,605.77,497.96,275.42,362.23,99765.88,0.76,Vertical Oblong,Green,"(58, 84, 110)","(36.86, -6.0, 9.0)",10.82,20,VISIBLE,1.18,-0.85
120,5,can,0.3433,1093.12,366.43,1109.93,389.18,1101.52,377.8,16.81,22.76,382.47,0.74,Vertical Oblong,Yellow,"(29, 60, 102)","(41.57, -4.0, 12.0)",12.65,22,VISIBLE,-2.47,0.27
120,3,car,0.3,998.73,361.52,1033.58,387.31,1016.15,374.41,34.85,25.79,898.68,1.35,Horizontal Oblong,Grey,"(95, 38, 77)","(30.59, -3.0, -2.0)",3.61,18,VISIBLE,-7.03,0.65
120,23,car,0.3215,934.22,363.04,958.48,378.97,946.35,371.0,24.26,15.92,386.3,1.52,Horizontal Oblong,Grey,"(100, 28, 160)","(62.75, -3.0, -4.0)",5.0,23,VISIBLE,0.0,0.0
121,5,can,0.3433,1092.6,366.42,1109.45,389.25,1101.03,377.83,16.85,22.84,384.89,0.74,Vertical Oblong,Orange,"(19, 66, 132)","(50.98, 1.0, 14.0)",14.04,22,VISIBLE,-1.09,0.1
121,3,car,0.3246,991.83,362.49,1026.25,388.46,1009.04,375.47,34.42,25.97,894.06,1.33,Horizontal Oblong,Grey,"(93, 39, 76)","(30.59, -3.0, -1.0)",3.16,18,VISIBLE,-7.09,0.94
121,23,car,0.3328,928.88,363.79,952.76,379.79,940.82,371.79,23.88,16.0,382.06,1.49,Horizontal Oblong,Grey,"(98, 27, 155)","(62.35, -4.0, -3.0)",5.0,23,VISIBLE,-5.53,0.79
121,7,bicycle,0.9279,472.69,318.56,742.07,675.91,607.38,497.23,269.37,357.36,96262.79,0.75,Vertical Oblong,Brown,"(62, 87, 103)","(34.9, -5.0, 8.0)",9.43,20,VISIBLE,1.48,-0.76
121,24,can,0.419,1078.0,367.93,1095.27,391.22,1086.64,379.58,17.27,23.28,402.11,0.74,Vertical Oblong,Green,"(58, 80, 85)","(33.73, -15.0, 13.0)",19.85,24,VISIBLE,0.0,0.0
122,7,bicycle,0.9185,476.29,318.53,739.56,673.8,607.93,496.16,263.27,355.27,93531.37,0.74,Vertical Oblong,Green,"(62, 88, 101)","(32.94, -6.0, 8.0)",10.0,20,VISIBLE,0.83,-0.98
122,24,can,0.4554,1073.33,368.3,1090.09,392.01,1081.71,380.16,16.76,23.71,397.35,0.71,Vertical Oblong,Green,"(56, 82, 86)","(33.73, -15.0, 13.0)",19.85,24,VISIBLE,-4.93,0.58
122,3,car,0.3314,985.0,363.21,1019.3,389.75,1002.15,376.48,34.3,26.54,910.38,1.29,Horizontal Oblong,Grey,"(98, 41, 78)","(30.59, -2.0, -2.0)",2.83,18,VISIBLE,-6.95,0.98
122,23,car,0.3328,927.05,364.01,950.81,380.06,938.93,372.04,23.75,16.05,381.15,1.48,Horizontal Oblong,Grey,"(72, 29, 134)","(54.71, -5.0, 2.0)",5.39,23,VISIBLE,-2.98,0.41
123,7,bicycle,0.928,479.66,319.7,737.32,671.72,608.49,495.71,257.66,352.02,90700.66,0.73,Vertical Oblong,Green,"(55, 85, 95)","(30.98, -7.0, 9.0)",11.4,20,VISIBLE,0.64,-0.61
123,24,can,0.4554,1071.61,368.44,1088.26,392.32,1079.94,380.38,16.65,23.88,397.72,0.7,Vertical Oblong,Yellow,"(34, 62, 89)","(36.67, -5.0, 12.0)",13.0,24,VISIBLE,-2.72,0.33
123,3,car,0.3151,977.94,364.17,1012.52,390.9,995.23,377.53,34.58,26.73,924.49,1.29,Horizontal Oblong,Grey,"(98, 40, 77)","(30.2, -2.0, -2.0)",2.83,18,VISIBLE,-6.93,1.03
123,23,car,0.3328,925.22,364.24,948.85,380.34,937.04,372.29,23.62,16.1,380.22,1.47,Horizontal Oblong,Brown,"(47, 33, 113)","(46.67, -6.0, 7.0)",9.22,23,VISIBLE,-2.22,0.3
124,3,car,0.3011,970.96,365.14,1005.55,391.86,988.25,378.5,34.59,26.72,924.35,1.29,Horizontal Oblong,Grey,"(98, 40, 78)","(30.98, -2.0, -2.0)",2.83,18,VISIBLE,-6.96,0.99
124,23,car,0.3328,923.4,364.47,946.89,380.61,935.14,372.54,23.49,16.14,379.28,1.46,Horizontal Oblong,Brown,"(47, 32, 113)","(46.67, -6.0, 7.0)",9.22,23,VISIBLE,-1.99,0.27
124,24,can,0.4554,1069.89,368.57,1086.44,392.62,1078.16,380.6,16.55,24.05,398.04,0.69,Vertical Oblong,Orange,"(22, 65, 103)","(41.96, -1.0, 14.0)",14.04,24,VISIBLE,-2.06,0.25
124,7,bicycle,0.928,483.75,320.93,735.47,669.05,609.61,494.99,251.72,348.11,87626.22,0.72,Vertical Oblong,Green,"(54, 82, 97)","(32.16, -7.0, 10.0)",12.21,20,VISIBLE,0.98,-0.69
125,3,car,0.3208,963.27,365.87,998.81,392.8,981.04,379.33,35.54,26.93,956.96,1.32,Horizontal Oblong,Grey,"(95, 34, 77)","(31.18, -2.0, -2.0)",2.83,18,VISIBLE,-7.14,0.88
125,24,can,0.4554,1068.17,368.71,1084.62,392.93,1076.39,380.82,16.45,24.22,398.34,0.68,Vertical Oblong,Orange,"(19, 70, 146)","(56.08, 1.0, 15.0)",15.03,24,VISIBLE,-1.86,0.23
125,7,bicycle,0.928,487.85,322.17,733.63,666.37,610.74,494.27,245.78,344.2,84598.18,0.71,Vertical Oblong,Green,"(52, 78, 101)","(34.51, -8.0, 10.0)",12.81,20,VISIBLE,1.08,-0.71
125,1,person,0.9378,517.8,111.55,725.01,583.67,621.41,347.61,207.22,472.12,97830.57,0.44,Vertical Oblong,Black,"(104, 90, 42)","(12.94, -1.0, -3.0)",3.16,25,VISIBLE,0.22,2.21
126,1,person,0.9395,518.81,113.03,722.59,587.18,620.7,350.1,203.78,474.15,96623.03,0.43,Vertical Oblong,Black,"(104, 94, 42)","(12.94, -1.0, -3.0)",3.16,25,VISIBLE,-0.43,2.41
126,3,car,0.3208,956.0,366.68,991.76,393.78,973.88,380.23,35.76,27.1,969.11,1.32,Horizontal Oblong,Grey,"(94, 34, 76)","(30.78, -2.0, -2.0)",2.83,18,VISIBLE,-7.15,0.89
126,7,bicycle,0.928,491.94,323.4,731.78,663.7,611.86,493.55,239.84,340.3,81616.56,0.7,Vertical Oblong,Green,"(50, 79, 107)","(38.04, -8.0, 11.0)",13.6,20,VISIBLE,1.11,-0.72
127,1,person,0.9393,520.03,115.56,719.97,591.9,620.0,353.73,199.94,476.33,95238.37,0.42,Vertical Oblong,Black,"(104, 96, 41)","(12.55, -1.0, -3.0)",3.16,25,VISIBLE,-0.62,3.26
127,3,car,0.3568,949.06,367.18,985.41,394.28,967.24,380.73,36.34,27.1,985.05,1.34,Horizontal Oblong,Grey,"(94, 33, 75)","(30.39, -2.0, -1.0)",2.24,18,VISIBLE,-6.8,0.62
127,7,bicycle,0.928,496.04,324.63,729.94,661.02,612.99,492.83,233.9,336.39,78681.34,0.7,Vertical Oblong,Green,"(48, 79, 109)","(38.82, -8.0, 12.0)",14.42,20,VISIBLE,1.12,-0.72
127,24,can,0.4555,1037.38,373.84,1055.07,396.54,1046.22,385.19,17.69,22.7,401.47,0.78,Vertical Oblong,Green,"(60, 79, 89)","(35.29, -16.0, 12.0)",20.0,26,VISIBLE,-11.12,1.6
128,1,person,0.9395,521.21,118.08,716.61,594.78,618.91,356.43,195.4,476.7,93146.74,0.41,Vertical Oblong,Black,"(104, 97, 41)","(12.16, -1.0, -3.0)",3.16,25,VISIBLE,-0.95,2.87
128,24,can,0.5757,1032.41,374.41,1050.13,397.06,1041.27,385.73,17.72,22.65,401.39,0.78,Vertical Oblong,Green,"(58, 80, 89)","(35.29, -16.0, 13.0)",20.62,26,VISIBLE,-6.8,0.86
128,3,car,0.344,942.78,367.74,978.61,394.69,960.69,381.21,35.83,26.95,965.57,1.33,Horizontal Oblong,Grey,"(93, 36, 83)","(33.73, -2.0, -2.0)",2.83,18,VISIBLE,-6.62,0.52
128,7,bicycle,0.928,500.14,325.86,728.09,658.35,614.11,492.1,227.96,332.49,75792.52,0.69,Vertical Oblong,Green,"(48, 79, 111)","(39.22, -8.0, 12.0)",14.42,20,VISIBLE,1.12,-0.72
129,1,person,0.9392,521.63,121.0,712.42,593.66,617.02,357.33,190.79,472.66,90176.37,0.4,Vertical Oblong,Black,"(104, 99, 41)","(12.55, -1.0, -3.0)",3.16,25,VISIBLE,-1.6,1.49
129,24,can,0.4772,1026.34,374.86,1043.53,397.58,1034.93,386.22,17.19,22.72,390.65,0.76,Vertical Oblong,Green,"(57, 78, 87)","(34.51, -15.0, 12.0)",19.21,26,VISIBLE,-6.48,0.6
129,3,car,0.344,935.84,368.42,971.76,395.43,953.8,381.92,35.92,27.01,970.08,1.33,Horizontal Oblong,Grey,"(93, 35, 84)","(33.73, -2.0, -1.0)",2.24,18,VISIBLE,-6.81,0.65
129,23,car,0.4295,872.58,371.25,894.95,386.75,883.77,379.0,22.37,15.5,346.71,1.44,Horizontal Oblong,Grey,"(101, 28, 160)","(63.14, -3.0, -5.0)",5.83,27,VISIBLE,-7.79,0.98
130,1,person,0.9373,522.59,124.71,708.55,592.45,615.57,358.58,185.96,467.73,86980.8,0.4,Vertical Oblong,Black,"(104, 100, 40)","(12.16, -1.0, -3.0)",3.16,25,VISIBLE,-1.5,1.32
130,3,car,0.3056,930.05,369.37,965.87,396.37,947.96,382.87,35.82,27.0,967.02,1.33,Horizontal Oblong,Grey,"(93, 39, 79)","(31.37, -2.0, -2.0)",2.83,18,VISIBLE,-6.13,0.86
130,23,car,0.4059,867.8,371.46,890.59,387.03,879.2,379.24,22.79,15.57,354.69,1.46,Horizontal Oblong,Grey,"(100, 28, 156)","(61.96, -3.0, -4.0)",5.0,27,VISIBLE,-5.54,0.47
130,24,can,0.4772,1023.13,375.15,1040.09,397.88,1031.61,386.51,16.96,22.73,385.56,0.75,Vertical Oblong,Green,"(44, 62, 92)","(37.45, -9.0, 12.0)",15.0,26,VISIBLE,-4.27,0.39
131,1,person,0.9321,524.09,128.89,706.1,589.15,615.09,359.02,182.02,460.26,83774.61,0.4,Vertical Oblong,Black,"(104, 101, 40)","(12.16, -1.0, -4.0)",4.12,25,VISIBLE,-0.78,0.7
131,24,can,0.5158,1015.34,375.85,1032.68,399.42,1024.01,387.63,17.33,23.57,408.63,0.74,Vertical Oblong,Green,"(54, 72, 88)","(35.29, -13.0, 12.0)",17.69,26,VISIBLE,-6.6,0.9
131,3,car,0.3236,924.55,370.57,959.93,396.87,942.24,383.72,35.38,26.29,930.28,1.35,Horizontal Oblong,Grey,"(95, 36, 81)","(32.16, -2.0, -2.0)",2.83,18,VISIBLE,-5.84,0.85
131,23,car,0.3956,861.93,371.93,885.13,387.85,873.53,379.89,23.2,15.91,369.16,1.46,Horizontal Oblong,Grey,"(98, 27, 153)","(60.78, -4.0, -4.0)",5.66,27,VISIBLE,-5.63,0.59
132,1,person,0.9339,524.88,133.1,703.99,591.05,614.43,362.08,179.1,457.94,82020.06,0.39,Vertical Oblong,Black,"(103, 101, 40)","(12.16, -2.0, -3.0)",3.61,25,VISIBLE,-0.7,2.35
132,3,car,0.3299,918.49,371.66,954.09,397.64,936.29,384.65,35.61,25.98,924.98,1.37,Horizontal Oblong,Grey,"(94, 37, 80)","(32.16, -2.0, -2.0)",2.83,18,VISIBLE,-5.92,0.91
132,23,car,0.374,855.52,373.03,878.85,388.85,867.19,380.94,23.34,15.82,369.1,1.48,Horizontal Oblong,Grey,"(100, 28, 156)","(61.96, -3.0, -4.0)",5.0,27,VISIBLE,-6.13,0.91
132,24,can,0.3308,1007.84,376.48,1025.22,400.9,1016.53,388.69,17.38,24.42,424.49,0.71,Vertical Oblong,Green,"(58, 75, 89)","(35.29, -15.0, 12.0)",19.21,26,VISIBLE,-7.22,1.01
133,1,person,0.9398,525.39,136.96,700.28,583.56,612.83,360.26,174.89,446.6,78106.46,0.39,Vertical Oblong,Black,"(104, 100, 40)","(12.16, -1.0, -4.0)",4.12,25,VISIBLE,-1.33,-0.57
133,3,car,0.3396,912.85,372.95,948.31,398.9,930.58,385.92,35.47,25.95,920.36,1.37,Horizontal Oblong,Grey,"(100, 37, 81)","(32.16, -1.0, -2.0)",2.24,18,VISIBLE,-5.77,1.16
133,23,car,0.361,848.77,374.08,871.8,389.81,860.29,381.94,23.03,15.73,362.36,1.46,Horizontal Oblong,Grey,"(100, 27, 157)","(62.35, -3.0, -4.0)",5.0,27,VISIBLE,-6.67,0.98
133,24,can,0.3308,1002.24,376.97,1019.61,401.85,1010.93,389.41,17.38,24.88,432.42,0.7,Vertical Oblong,Green,"(58, 74, 89)","(35.29, -15.0, 12.0)",19.21,26,VISIBLE,-6.09,0.81
134,1,person,0.9419,525.64,140.56,697.78,573.21,611.71,356.89,172.14,432.65,74475.27,0.4,Vertical Oblong,Black,"(104, 100, 40)","(12.16, -1.0, -3.0)",3.16,25,VISIBLE,-1.19,-2.53
134,24,can,0.4653,994.82,378.15,1013.26,403.2,1004.04,390.67,18.44,25.04,461.9,0.74,Vertical Oblong,Green,"(60, 76, 90)","(35.29, -16.0, 13.0)",20.62,26,VISIBLE,-6.65,1.13
134,3,car,0.3259,907.49,374.14,942.53,399.77,925.01,386.96,35.04,25.63,898.07,1.37,Horizontal Oblong,Grey,"(99, 39, 74)","(29.02, -2.0, -2.0)",2.83,18,VISIBLE,-5.63,1.07
134,23,car,0.4279,841.99,375.31,865.06,390.84,853.52,383.08,23.06,15.53,358.15,1.49,Horizontal Oblong,Grey,"(99, 28, 158)","(62.35, -3.0, -4.0)",5.0,27,VISIBLE,-6.73,1.08
135,1,person,0.9352,525.73,143.79,696.27,563.16,611.0,353.47,170.54,419.36,71518.0,0.41,Vertical Oblong,Black,"(104, 97, 41)","(12.55, -1.0, -4.0)",4.12,25,VISIBLE,-0.85,-3.15
135,24,can,0.5867,988.83,379.5,1006.82,404.47,997.82,391.99,17.99,24.97,449.19,0.72,Vertical Oblong,Green,"(59, 74, 90)","(35.29, -15.0, 12.0)",19.21,26,VISIBLE,-6.34,1.26
135,3,car,0.2886,901.66,375.23,937.22,400.91,919.44,388.07,35.56,25.68,913.22,1.38,Horizontal Oblong,Grey,"(100, 33, 77)","(29.41, -1.0, -2.0)",2.24,18,VISIBLE,-5.59,1.1
135,23,car,0.467,835.77,376.59,859.25,392.01,847.51,384.3,23.48,15.42,362.12,1.52,Horizontal Oblong,Grey,"(100, 27, 160)","(62.75, -3.0, -4.0)",5.0,27,VISIBLE,-6.23,1.18
135,21,car,0.3231,797.53,375.62,822.56,395.5,810.05,385.56,25.04,19.88,497.84,1.26,Horizontal Oblong,Grey,"(99, 46, 140)","(54.12, -4.0, -7.0)",8.06,28,VISIBLE,-7.01,0.75
136,1,person,0.9339,525.98,147.22,694.97,554.45,610.47,350.83,168.98,407.23,68816.25,0.41,Vertical Oblong,Black,"(103, 97, 41)","(12.94, -1.0, -4.0)",4.12,25,VISIBLE,-0.62,-2.79
136,3,car,0.3551,895.98,376.09,931.71,401.96,913.84,389.03,35.73,25.86,924.06,1.38,Horizontal Oblong,Grey,"(99, 34, 79)","(31.37, -1.0, -2.0)",2.24,18,VISIBLE,-5.59,1.0
136,23,car,0.4448,830.08,377.82,853.09,393.01,841.59,385.41,23.01,15.19,349.65,1.51,Horizontal Oblong,Grey,"(101, 28, 160)","(62.75, -3.0, -4.0)",5.0,27,VISIBLE,-6.02,1.14
136,21,car,0.3089,792.08,376.59,816.91,395.99,804.49,386.29,24.83,19.4,481.6,1.28,Horizontal Oblong,Grey,"(99, 45, 143)","(55.29, -5.0, -7.0)",8.6,28,VISIBLE,-5.99,0.74
136,24,can,0.5867,982.74,380.37,1000.82,405.6,991.78,392.99,18.09,25.22,456.15,0.72,Vertical Oblong,Green,"(59, 76, 92)","(36.47, -16.0, 13.0)",20.62,26,VISIBLE,-6.13,1.08
137,1,person,0.9351,526.19,150.07,694.28,552.64,610.24,351.35,168.09,402.57,67668.79,0.42,Vertical Oblong,Black,"(104, 97, 42)","(13.33, -1.0, -4.0)",4.12,25,VISIBLE,-0.36,-0.47
137,24,can,0.6259,977.42,381.98,995.67,406.77,986.54,394.37,18.25,24.79,452.5,0.74,Vertical Oblong,Green,"(59, 72, 92)","(36.47, -15.0, 11.0)",18.6,26,VISIBLE,-5.5,1.3
137,3,car,0.3462,890.92,376.9,926.42,403.52,908.67,390.21,35.5,26.62,944.97,1.33,Horizontal Oblong,Grey,"(96, 34, 79)","(31.76, -2.0, -2.0)",2.83,18,VISIBLE,-5.3,1.13
137,23,car,0.4663,824.28,378.71,847.21,394.11,835.75,386.41,22.93,15.4,353.29,1.49,Horizontal Oblong,Grey,"(101, 27, 160)","(63.14, -3.0, -4.0)",5.0,27,VISIBLE,-5.89,1.04
137,21,car,0.3089,788.87,377.13,813.59,396.33,801.23,386.73,24.72,19.21,474.87,1.29,Horizontal Oblong,Grey,"(98, 41, 139)","(54.12, -5.0, -5.0)",7.07,28,VISIBLE,-4.08,0.53
138,1,person,0.9368,525.97,152.87,693.39,556.75,609.68,354.81,167.43,403.88,67621.03,0.41,Vertical Oblong,Black,"(102, 96, 44)","(14.51, -2.0, -3.0)",3.61,25,VISIBLE,-0.5,2.28
138,24,can,0.6261,972.55,383.26,990.28,407.49,981.41,395.38,17.73,24.23,429.59,0.73,Vertical Oblong,Green,"(61, 74, 92)","(36.47, -15.0, 11.0)",18.6,26,VISIBLE,-5.24,1.09
138,3,car,0.3085,884.95,377.6,921.21,404.6,903.08,391.1,36.26,27.0,979.03,1.34,Horizontal Oblong,Grey,"(94, 34, 80)","(31.76, -1.0, -1.0)",1.41,18,VISIBLE,-5.5,0.96
138,23,car,0.426,818.93,379.95,841.85,395.25,830.39,387.6,22.92,15.3,350.54,1.5,Horizontal Oblong,Grey,"(98, 27, 159)","(63.14, -3.0, -3.0)",4.24,27,VISIBLE,-5.52,1.14
138,21,car,0.3089,785.66,377.66,810.27,396.68,797.97,387.17,24.61,19.02,468.19,1.29,Horizontal Oblong,Grey,"(93, 37, 133)","(52.75, -5.0, -3.0)",5.83,28,VISIBLE,-3.51,0.47
139,1,person,0.9273,525.62,154.89,692.39,563.75,609.01,359.32,166.77,408.86,68184.9,0.41,Vertical Oblong,Black,"(102, 92, 44)","(14.51, -2.0, -3.0)",3.61,25,VISIBLE,-0.62,3.84
139,24,can,0.4804,967.58,384.32,985.57,408.15,976.58,396.23,17.99,23.83,428.7,0.75,Vertical Oblong,Green,"(60, 73, 92)","(36.47, -15.0, 11.0)",18.6,26,VISIBLE,-4.96,0.93
139,3,car,0.3547,879.45,378.26,916.22,405.62,897.83,391.94,36.77,27.37,1006.35,1.34,Horizontal Oblong,Grey,"(95, 37, 78)","(31.37, -2.0, -2.0)",2.83,18,VISIBLE,-5.32,0.88
139,23,car,0.3984,813.53,380.97,836.32,396.23,824.92,388.6,22.79,15.26,347.7,1.49,Horizontal Oblong,Grey,"(99, 27, 161)","(63.14, -3.0, -3.5)",4.61,27,VISIBLE,-5.48,1.04
139,21,car,0.3089,782.45,378.19,806.95,397.03,794.7,387.61,24.51,18.83,461.55,1.3,Horizontal Oblong,Grey,"(93, 37, 126)","(51.57, -5.0, -2.0)",5.39,28,VISIBLE,-3.34,0.45
140,1,person,0.9243,524.77,156.72,691.24,571.43,608.0,364.07,166.46,414.72,69035.12,0.4,Vertical Oblong,Black,"(102, 88, 45)","(14.9, -1.0, -3.0)",3.16,25,VISIBLE,-0.89,4.48
140,24,can,0.6772,963.04,385.39,980.76,409.0,971.9,397.19,17.72,23.61,418.23,0.75,Vertical Oblong,Green,"(61, 75, 93)","(36.47, -15.5, 11.0)",19.01,26,VISIBLE,-4.76,0.95
140,3,car,0.4362,875.04,379.14,911.11,406.43,893.07,392.79,36.07,27.29,984.44,1.32,Horizontal Oblong,Grey,"(99, 34, 76)","(30.39, -1.0, -2.0)",2.24,18,VISIBLE,-4.93,0.85
140,23,car,0.3907,808.2,381.82,831.5,397.1,819.85,389.46,23.3,15.29,356.16,1.52,Horizontal Oblong,Grey,"(99, 30, 162)","(63.14, -4.0, -4.0)",5.66,27,VISIBLE,-5.2,0.91
141,1,person,0.9209,524.83,158.21,689.99,577.25,607.41,367.73,165.16,419.05,69211.54,0.39,Vertical Oblong,Black,"(102, 79, 46)","(14.9, -1.0, -3.0)",3.16,25,VISIBLE,-0.68,3.9
141,24,can,0.6423,958.54,386.39,975.93,409.79,967.24,398.09,17.38,23.4,406.82,0.74,Vertical Oblong,Green,"(61, 78, 92)","(36.08, -16.0, 12.0)",20.0,26,VISIBLE,-4.69,0.91
141,3,car,0.337,870.37,379.88,906.01,407.07,888.19,393.47,35.63,27.19,968.88,1.31,Horizontal Oblong,Grey,"(98, 32, 78)","(30.98, -1.0, -2.0)",2.24,18,VISIBLE,-4.9,0.74
141,23,car,0.3253,803.32,382.33,826.51,397.87,814.91,390.1,23.19,15.54,360.36,1.49,Horizontal Oblong,Grey,"(98, 30, 160)","(63.14, -4.0, -4.0)",5.66,27,VISIBLE,-5.01,0.72
142,1,person,0.9182,524.01,159.85,688.6,579.24,606.3,369.54,164.59,419.4,69028.41,0.39,Vertical Oblong,Black,"(100, 77, 46)","(14.9, -1.0, -2.0)",2.24,25,VISIBLE,-0.98,2.44
142,24,can,0.649,953.9,387.3,971.68,410.5,962.79,398.9,17.77,23.2,412.3,0.77,Vertical Oblong,Green,"(61, 78, 93)","(36.47, -16.0, 12.0)",20.0,26,VISIBLE,-4.52,0.84
142,3,car,0.4017,865.26,380.74,901.02,407.85,883.14,394.29,35.76,27.12,969.57,1.32,Horizontal Oblong,Grey,"(95, 40, 78)","(31.18, -3.0, -2.0)",3.61,18,VISIBLE,-5.0,0.8
142,23,car,0.2829,798.13,382.78,821.25,398.82,809.69,390.8,23.12,16.04,370.86,1.44,Horizontal Oblong,Grey,"(98, 31, 160)","(62.75, -4.0, -4.0)",5.66,27,VISIBLE,-5.16,0.71
143,1,person,0.9228,523.04,161.73,688.03,575.05,605.54,368.39,164.99,413.32,68192.45,0.4,Vertical Oblong,Black,"(100, 77, 46)","(14.9, -1.0, -2.0)",2.24,25,VISIBLE,-0.83,-0.08
143,24,can,0.6692,948.8,387.89,967.0,411.49,957.9,399.69,18.2,23.6,429.64,0.77,Vertical Oblong,Green,"(61, 78, 93)","(36.47, -16.0, 12.0)",20.0,26,VISIBLE,-4.78,0.81
143,3,car,0.3803,860.45,381.86,895.99,408.64,878.22,395.25,35.54,26.78,951.66,1.33,Horizontal Oblong,Grey,"(95, 38, 77)","(31.18, -2.0, -2.0)",2.83,18,VISIBLE,-4.95,0.91
143,23,car,0.2829,792.83,383.54,815.97,399.75,804.4,391.64,23.13,16.21,374.93,1.43,Horizontal Oblong,Grey,"(99, 30, 161)","(63.14, -4.0, -4.0)",5.66,27,VISIBLE,-5.25,0.8
143,21,car,0.3534,753.49,383.41,778.93,403.8,766.21,393.6,25.45,20.39,518.95,1.25,Spherical / Regular,Grey,"(100, 46, 144)","(55.29, -4.0, -7.0)",8.06,29,VISIBLE,-5.99,1.18
144,1,person,0.9181,521.92,164.12,686.5,576.61,604.21,370.37,164.59,412.49,67890.73,0.4,Vertical Oblong,Black,"(100, 78, 44)","(14.9, -2.0, -2.0)",2.83,25,VISIBLE,-1.18,1.36
144,24,can,0.6965,944.51,389.32,962.32,412.8,953.42,401.06,17.81,23.48,418.18,0.76,Vertical Oblong,Green,"(63, 78, 94)","(36.86, -16.0, 11.0)",19.42,26,VISIBLE,-4.57,1.2
144,3,car,0.3214,854.91,382.65,890.93,409.38,872.92,396.02,36.02,26.73,962.89,1.35,Horizontal Oblong,Grey,"(98, 38, 82)","(32.16, -2.0, -2.0)",2.83,18,VISIBLE,-5.19,0.81
144,23,car,0.2829,787.54,384.29,810.68,400.67,799.11,392.48,23.14,16.38,379.0,1.41,Horizontal Oblong,Grey,"(98, 31, 161)","(63.14, -4.0, -4.0)",5.66,27,VISIBLE,-5.28,0.83
144,21,car,0.3647,749.71,384.08,774.81,404.44,762.26,394.26,25.1,20.36,510.99,1.23,Spherical / Regular,Grey,"(99, 52, 142)","(54.51, -5.0, -7.0)",8.6,29,VISIBLE,-4.56,0.81
145,1,person,0.9214,521.35,167.21,683.97,571.73,602.66,369.47,162.62,404.52,65782.36,0.4,Vertical Oblong,Black,"(102, 85, 43)","(14.12, -2.0, -3.0)",3.61,25,VISIBLE,-1.44,-0.22
145,24,can,0.6229,939.84,390.5,957.44,413.94,948.64,402.22,17.6,23.45,412.65,0.75,Vertical Oblong,Green,"(61, 74, 93)","(36.86, -15.0, 11.0)",18.6,26,VISIBLE,-4.71,1.17
145,3,car,0.4083,849.41,383.63,885.85,410.87,867.63,397.25,36.44,27.24,992.62,1.34,Horizontal Oblong,Grey,"(99, 37, 82)","(32.55, -2.0, -2.0)",2.83,18,VISIBLE,-5.26,1.11
145,23,car,0.4514,782.46,385.7,804.99,401.87,793.73,393.79,22.53,16.16,364.11,1.39,Horizontal Oblong,Grey,"(99, 30, 160)","(62.75, -4.0, -4.0)",5.66,27,VISIBLE,-5.35,1.16
145,21,car,0.3489,744.21,385.09,769.29,404.95,756.75,395.02,25.08,19.86,498.09,1.26,Horizontal Oblong,Grey,"(100, 47, 144)","(54.9, -4.0, -7.0)",8.06,29,VISIBLE,-5.23,0.78
146,1,person,0.9259,520.99,170.03,682.16,566.1,601.58,368.06,161.17,396.07,63836.26,0.41,Vertical Oblong,Black,"(102, 89, 43)","(13.73, -2.0, -3.0)",3.61,25,VISIBLE,-1.19,-1.05
146,24,can,0.5923,934.32,391.65,952.45,415.08,943.39,403.37,18.12,23.43,424.66,0.77,Vertical Oblong,Green,"(61, 78, 93)","(36.47, -16.0, 11.0)",19.42,26,VISIBLE,-5.09,1.15
146,3,car,0.3637,844.62,384.62,880.6,411.91,862.61,398.27,35.98,27.29,981.87,1.32,Horizontal Oblong,Grey,"(95, 40, 79)","(31.37, -3.0, -2.0)",3.61,18,VISIBLE,-5.09,1.04
146,23,car,0.5053,777.23,386.61,799.57,403.01,788.4,394.81,22.34,16.4,366.34,1.36,Horizontal Oblong,Grey,"(100, 33, 161)","(62.55, -3.0, -5.0)",5.83,27,VISIBLE,-5.33,1.07
146,21,car,0.3425,738.41,386.02,763.82,406.05,751.12,396.04,25.41,20.03,509.06,1.27,Horizontal Oblong,Grey,"(100, 50, 140)","(54.12, -4.0, -7.0)",8.06,29,VISIBLE,-5.51,0.94
147,1,person,0.9303,520.76,172.11,681.13,561.06,600.95,366.58,160.37,388.95,62377.08,0.41,Vertical Oblong,Black,"(103, 90, 43)","(12.94, -2.0, -3.0)",3.61,25,VISIBLE,-0.8,-1.35
147,24,can,0.803,929.29,392.47,947.71,416.42,938.5,404.45,18.42,23.95,441.22,0.77,Vertical Oblong,Green,"(60, 75, 93)","(36.47, -15.0, 11.0)",18.6,26,VISIBLE,-4.95,1.1
147,3,car,0.3535,839.17,385.73,875.41,412.81,857.29,399.27,36.24,27.07,981.3,1.34,Horizontal Oblong,Grey,"(98, 40, 77)","(30.98, -2.0, -2.0)",2.83,18,VISIBLE,-5.25,1.02
147,23,car,0.4954,771.88,387.37,794.66,403.72,783.27,395.54,22.78,16.35,372.32,1.39,Horizontal Oblong,Grey,"(100, 32, 163)","(63.14, -3.0, -5.0)",5.83,27,VISIBLE,-5.19,0.83
147,21,car,0.3527,732.44,387.14,757.49,407.57,744.97,397.35,25.05,20.42,511.58,1.23,Spherical / Regular,Grey,"(101, 47, 143)","(54.71, -4.0, -7.0)",8.06,29,VISIBLE,-5.96,1.21
148,1,person,0.9279,520.73,173.57,680.01,556.6,600.37,365.09,159.27,383.03,61007.63,0.42,Vertical Oblong,Black,"(102, 87, 42)","(13.33, -2.0, -3.0)",3.61,25,VISIBLE,-0.64,-1.46
148,24,can,0.6313,924.47,393.16,942.78,417.36,933.63,405.26,18.31,24.21,443.22,0.76,Vertical Oblong,Green,"(59, 75, 92)","(36.08, -15.0, 12.0)",19.21,26,VISIBLE,-4.9,0.9
148,3,car,0.399,834.15,386.82,870.06,413.62,852.1,400.22,35.91,26.8,962.24,1.34,Horizontal Oblong,Grey,"(99, 42, 75)","(29.41, -2.0, -2.0)",2.83,18,VISIBLE,-5.21,0.97
148,23,car,0.4476,766.49,388.2,788.75,404.55,777.62,396.38,22.26,16.35,363.88,1.36,Horizontal Oblong,Grey,"(102, 34, 163)","(62.75, -3.0, -6.0)",6.71,27,VISIBLE,-5.51,0.83
148,21,car,0.3372,726.03,388.05,751.26,408.36,738.64,398.21,25.23,20.31,512.45,1.24,Spherical / Regular,Grey,"(102, 49, 143)","(54.51, -4.0, -7.0)",8.06,29,VISIBLE,-6.21,0.96
149,1,person,0.9301,520.41,174.7,679.11,555.68,599.76,365.19,158.7,380.98,60463.7,0.42,Vertical Oblong,Black,"(103, 78, 42)","(13.33, -1.0, -2.0)",2.24,25,VISIBLE,-0.62,-0.36
149,24,can,0.5069,918.34,393.76,937.9,418.29,928.12,406.02,19.56,24.54,480.0,0.8,Spherical / Regular,Green,"(60, 74, 91)","(36.08, -15.0, 12.0)",19.21,26,VISIBLE,-5.32,0.81
149,3,car,0.3761,829.05,387.89,864.6,414.14,846.82,401.02,35.55,26.25,933.02,1.35,Horizontal Oblong,Grey,"(100, 41, 72)","(28.24, -2.0, -2.0)",2.83,18,VISIBLE,-5.26,0.85
149,23,car,0.4912,761.12,389.17,783.49,405.28,772.3,397.23,22.37,16.11,360.41,1.39,Horizontal Oblong,Grey,"(102, 33, 162)","(62.75, -3.0, -6.0)",6.71,27,VISIBLE,-5.37,0.84
149,21,car,0.3372,721.0,388.88,746.24,409.21,733.62,399.04,25.24,20.33,513.04,1.24,Spherical / Regular,Grey,"(100, 50, 142)","(54.71, -4.0, -7.0)",8.06,29,VISIBLE,-5.38,0.88
150,1,person,0.9329,520.19,176.86,677.9,558.78,599.05,367.82,157.71,381.92,60232.46,0.41,Vertical Oblong,Black,"(102, 78, 42)","(12.94, -1.0, -2.0)",2.24,25,VISIBLE,-0.69,1.73
150,24,can,0.7295,913.21,394.52,933.32,419.22,923.26,406.87,20.11,24.7,496.54,0.81,Spherical / Regular,Green,"(59, 76, 92)","(36.08, -15.0, 12.0)",19.21,26,VISIBLE,-5.0,0.83
150,3,car,0.4366,823.4,389.0,859.47,415.21,841.43,402.1,36.07,26.21,945.47,1.38,Horizontal Oblong,Grey,"(98, 44, 77)","(30.2, -2.0, -2.0)",2.83,18,VISIBLE,-5.35,1.02
150,23,car,0.5051,755.71,390.35,778.04,406.2,766.87,398.27,22.33,15.85,353.83,1.41,Horizontal Oblong,Grey,"(100, 33, 162)","(62.75, -3.0, -5.0)",5.83,27,VISIBLE,-5.41,0.99
150,21,car,0.2992,714.9,389.8,740.23,410.54,727.57,400.17,25.32,20.73,524.98,1.22,Spherical / Regular,Grey,"(100, 50, 144)","(55.29, -4.0, -7.0)",8.06,29,VISIBLE,-5.85,1.05
151,1,person,0.9305,519.71,178.59,676.84,568.71,598.27,373.65,157.13,390.12,61299.5,0.4,Vertical Oblong,Black,"(103, 77, 41)","(12.94, -1.0, -2.0)",2.24,25,VISIBLE,-0.74,4.6
151,24,can,0.5947,908.24,395.42,928.34,420.19,918.29,407.8,20.1,24.77,497.92,0.81,Spherical / Regular,Green,"(58, 74, 92)","(36.08, -15.0, 12.0)",19.21,26,VISIBLE,-4.98,0.9
151,3,car,0.3706,818.61,389.85,854.31,416.39,836.46,403.12,35.7,26.54,947.46,1.34,Horizontal Oblong,Grey,"(100, 42, 77)","(30.2, -2.0, -3.0)",3.61,18,VISIBLE,-5.09,1.02
151,23,car,0.504,750.55,391.26,772.4,407.17,761.48,399.21,21.85,15.91,347.64,1.37,Horizontal Oblong,Grey,"(100, 33, 162)","(62.75, -3.0, -5.0)",5.83,27,VISIBLE,-5.4,0.95
151,21,car,0.3183,709.07,390.99,734.5,411.6,721.78,401.29,25.43,20.61,523.99,1.23,Spherical / Regular,Grey,"(100, 50, 143)","(55.29, -4.0, -7.0)",8.06,29,VISIBLE,-5.8,1.1
152,1,person,0.9246,519.7,180.46,675.73,578.59,597.71,379.52,156.02,398.13,62117.96,0.39,Vertical Oblong,Black,"(102, 78, 42)","(13.33, -2.0, -3.0)",3.61,25,VISIBLE,-0.62,5.49
152,24,can,0.5731,904.39,396.54,923.86,421.19,914.12,408.87,19.48,24.65,480.07,0.79,Vertical Oblong,Green,"(60, 74, 91)","(36.08, -15.0, 12.0)",19.21,26,VISIBLE,-4.41,1.01
152,3,car,0.3119,813.8,390.91,849.22,417.53,831.51,404.22,35.42,26.63,943.1,1.33,Horizontal Oblong,Grey,"(100, 40, 79)","(31.18, -2.0, -2.0)",2.83,18,VISIBLE,-4.99,1.07
152,23,car,0.5524,745.38,392.5,767.13,408.3,756.26,400.4,21.76,15.79,343.57,1.38,Horizontal Oblong,Grey,"(101, 31, 162)","(62.75, -3.0, -5.0)",5.83,27,VISIBLE,-5.28,1.12
152,21,car,0.3183,703.62,391.93,729.09,412.59,716.35,402.26,25.47,20.67,526.45,1.23,Spherical / Regular,Grey,"(101, 46, 146)","(55.69, -4.0, -7.0)",8.06,29,VISIBLE,-5.54,1.01
153,1,person,0.9289,520.49,181.92,675.35,587.89,597.92,384.91,154.85,405.97,62866.12,0.38,Vertical Oblong,Black,"(102, 73, 42)","(13.33, -1.0, -2.0)",2.24,25,VISIBLE,-0.04,5.41
153,24,can,0.7366,899.28,397.78,919.2,422.46,909.24,410.12,19.93,24.68,491.75,0.81,Spherical / Regular,Green,"(59, 74, 90)","(35.29, -15.0, 12.0)",19.21,26,VISIBLE,-4.74,1.18
153,3,car,0.3299,808.94,391.87,844.38,418.63,826.66,405.25,35.44,26.76,948.52,1.32,Horizontal Oblong,Grey,"(100, 40, 80)","(31.37, -2.0, -3.0)",3.61,18,VISIBLE,-4.89,1.04
153,23,car,0.5262,740.32,393.48,762.36,409.13,751.34,401.3,22.05,15.65,344.97,1.41,Horizontal Oblong,Grey,"(100, 30, 160)","(62.35, -3.0, -5.0)",5.83,27,VISIBLE,-5.02,0.97
153,21,car,0.3217,698.21,393.06,723.61,413.52,710.91,403.29,25.4,20.46,519.63,1.24,Spherical / Regular,Grey,"(99, 47, 143)","(55.29, -5.0, -6.0)",7.81,29,VISIBLE,-5.47,1.02
154,1,person,0.9335,521.45,183.03,675.03,593.36,598.24,388.2,153.58,410.33,63018.29,0.37,Vertical Oblong,Black,"(102, 76, 43)","(14.12, -2.0, -2.0)",2.83,25,VISIBLE,0.21,3.93
154,24,can,0.7131,894.81,398.78,915.01,423.72,904.91,411.25,20.2,24.94,503.8,0.81,Spherical / Regular,Green,"(59, 73, 91)","(35.69, -15.0, 12.0)",19.21,26,VISIBLE,-4.45,1.15
154,3,car,0.3329,804.21,392.7,839.72,419.65,821.96,406.17,35.5,26.95,956.93,1.32,Horizontal Oblong,Grey,"(99, 40, 77)","(30.59, -2.0, -2.0)",2.83,18,VISIBLE,-4.75,0.96
154,23,car,0.5487,735.34,394.62,757.2,410.12,746.27,402.37,21.86,15.5,338.9,1.41,Horizontal Oblong,Grey,"(100, 30, 159)","(62.35, -3.0, -5.0)",5.83,27,VISIBLE,-5.06,1.04
154,21,car,0.306,693.05,394.14,718.61,414.28,705.83,404.21,25.56,20.15,514.9,1.27,Horizontal Oblong,Grey,"(99, 48, 143)","(54.9, -5.0, -6.0)",7.81,29,VISIBLE,-5.2,0.95
155,1,person,0.9366,522.17,184.16,674.61,595.77,598.39,389.96,152.44,411.61,62745.6,0.37,Vertical Oblong,Black,"(103, 75, 44)","(14.12, -1.0, -2.0)",2.24,25,VISIBLE,0.17,2.42
155,24,can,0.7032,890.44,399.81,911.3,424.89,900.87,412.35,20.86,25.09,523.22,0.83,Spherical / Regular,Green,"(58, 77, 90)","(35.69, -15.0, 13.0)",19.85,26,VISIBLE,-4.16,1.11
155,3,car,0.3683,799.59,393.35,835.04,420.74,817.32,407.04,35.45,27.39,970.98,1.29,Horizontal Oblong,Grey,"(100, 38, 79)","(31.18, -2.0, -3.0)",3.61,18,VISIBLE,-4.68,0.9
155,23,car,0.4907,730.74,395.64,752.6,411.26,741.67,403.45,21.87,15.62,341.46,1.4,Horizontal Oblong,Grey,"(100, 30, 159)","(61.96, -3.0, -5.0)",5.83,27,VISIBLE,-4.74,1.07
155,21,car,0.362,688.14,395.32,713.94,415.63,701.04,405.48,25.8,20.31,524.0,1.27,Horizontal Oblong,Grey,"(99, 47, 143)","(54.9, -5.0, -6.0)",7.81,29,VISIBLE,-4.91,1.17
156,1,person,0.9367,522.85,185.82,674.59,596.07,598.72,390.95,151.74,410.25,62251.5,0.37,Vertical Oblong,Black,"(105, 77, 42)","(13.73, -1.0, -3.0)",3.16,25,VISIBLE,0.28,1.41
156,24,can,0.6446,885.15,400.33,907.52,425.69,896.33,413.01,22.38,25.36,567.46,0.88,Spherical / Regular,Green,"(59, 69, 91)","(36.08, -15.0, 11.0)",18.6,26,VISIBLE,-4.42,0.8
156,3,car,0.4153,795.46,394.1,830.64,421.87,813.05,407.99,35.18,27.77,976.82,1.27,Horizontal Oblong,Grey,"(100, 39, 76)","(30.0, -2.0, -3.0)",3.61,18,VISIBLE,-4.39,0.93
156,23,car,0.4829,726.0,396.63,747.9,412.4,736.95,404.51,21.9,15.77,345.34,1.39,Horizontal Oblong,Grey,"(100, 30, 159)","(61.96, -3.0, -5.0)",5.83,27,VISIBLE,-4.73,1.07
156,21,car,0.4408,683.13,396.13,709.05,416.89,696.09,406.51,25.92,20.76,538.05,1.25,Spherical / Regular,Grey,"(98, 49, 141)","(53.92, -5.0, -6.0)",7.81,29,VISIBLE,-4.94,1.08
157,1,person,0.9362,522.59,187.56,673.93,595.65,598.26,391.61,151.34,408.09,61759.67,0.37,Vertical Oblong,Black,"(104, 77, 42)","(14.12, -1.0, -3.0)",3.16,25,VISIBLE,-0.24,0.89
157,24,can,0.7709,880.96,401.2,903.86,426.59,892.41,413.9,22.89,25.4,581.39,0.9,Spherical / Regular,Green,"(59, 67, 93)","(37.06, -14.0, 11.0)",17.8,26,VISIBLE,-4.07,0.86
157,3,car,0.3739,791.05,394.81,826.73,422.96,808.89,408.88,35.67,28.15,1004.32,1.27,Horizontal Oblong,Grey,"(99, 35, 76)","(30.98, -2.0, -2.0)",2.83,18,VISIBLE,-4.23,0.91
157,23,car,0.417,721.43,397.42,743.56,413.19,732.49,405.3,22.13,15.77,349.02,1.4,Horizontal Oblong,Grey,"(98, 34, 158)","(61.96, -4.0, -5.0)",6.4,27,VISIBLE,-4.54,0.87
157,21,car,0.3386,678.93,397.17,704.65,417.94,691.79,407.56,25.71,20.77,534.02,1.24,Spherical / Regular,Grey,"(98, 45, 139)","(54.12, -5.0, -6.0)",7.81,29,VISIBLE,-4.49,1.05
158,1,person,0.938,522.08,189.67,673.49,593.38,597.78,391.53,151.41,403.71,61123.31,0.38,Vertical Oblong,Black,"(102, 77, 42)","(14.12, -1.0, -2.0)",2.24,25,VISIBLE,-0.4,0.21
158,24,can,0.7442,877.26,402.15,900.31,427.45,888.79,414.8,23.06,25.3,583.21,0.91,Spherical / Regular,Green,"(60, 69, 93)","(36.47, -15.0, 11.0)",18.6,26,VISIBLE,-3.76,0.89
158,3,car,0.3437,786.83,395.71,822.77,423.83,804.8,409.77,35.94,28.12,1010.42,1.28,Horizontal Oblong,Grey,"(98, 40, 79)","(31.37, -3.0, -2.0)",3.61,18,VISIBLE,-4.13,0.89
158,23,car,0.3687,717.0,398.26,739.36,414.07,728.18,406.16,22.37,15.81,353.55,1.41,Horizontal Oblong,Grey,"(98, 33, 157)","(61.37, -4.0, -5.0)",6.4,27,VISIBLE,-4.38,0.86
158,21,car,0.4605,674.41,397.77,700.6,419.25,687.51,408.51,26.19,21.48,562.49,1.22,Spherical / Regular,Grey,"(99, 46, 139)","(54.12, -5.0, -6.0)",7.81,29,VISIBLE,-4.35,0.98
159,1,person,0.9368,522.35,191.86,672.82,585.95,597.58,388.9,150.47,394.09,59298.93,0.38,Vertical Oblong,Black,"(103, 80, 42)","(12.94, -2.0, -3.0)",3.61,25,VISIBLE,-0.26,-1.77
159,24,can,0.7352,874.03,402.83,896.69,428.33,885.36,415.58,22.66,25.5,577.9,0.89,Spherical / Regular,Green,"(61, 70, 93)","(36.86, -15.0, 11.0)",18.6,26,VISIBLE,-3.53,0.81
159,3,car,0.3746,782.91,396.62,818.81,424.79,800.86,410.71,35.9,28.16,1011.15,1.27,Horizontal Oblong,Grey,"(99, 39, 80)","(31.76, -2.0, -2.0)",2.83,18,VISIBLE,-4.0,0.92
159,23,car,0.3331,712.89,399.33,735.42,415.38,724.15,407.36,22.53,16.04,361.47,1.4,Horizontal Oblong,Grey,"(100, 30, 158)","(61.96, -3.0, -5.0)",5.83,27,VISIBLE,-4.13,1.09
159,21,car,0.4652,670.21,398.45,696.63,420.17,683.42,409.31,26.42,21.73,573.96,1.22,Spherical / Regular,Grey,"(100, 45, 140)","(54.12, -4.0, -6.0)",7.21,29,VISIBLE,-4.16,0.86
160,1,person,0.9372,522.79,193.83,672.28,574.79,597.53,384.31,149.48,380.96,56946.8,0.39,Vertical Oblong,Black,"(103, 85, 42)","(13.33, -2.0, -3.0)",3.61,25,VISIBLE,-0.11,-3.75
160,24,can,0.688,870.9,403.5,893.52,428.98,882.21,416.24,22.61,25.49,576.36,0.89,Spherical / Regular,Green,"(61, 71, 94)","(36.86, -15.0, 11.0)",18.6,26,VISIBLE,-3.26,0.71
160,3,car,0.3262,779.06,397.14,815.06,425.55,797.06,411.34,36.01,28.4,1022.71,1.27,Horizontal Oblong,Grey,"(99, 40, 75)","(29.02, -2.0, -2.0)",2.83,18,VISIBLE,-3.86,0.72
160,23,car,0.3871,709.13,400.03,731.34,416.28,720.23,408.15,22.22,16.25,361.08,1.37,Horizontal Oblong,Grey,"(101, 31, 158)","(61.96, -3.0, -5.0)",5.83,27,VISIBLE,-3.98,0.89
160,21,car,0.499,666.41,399.16,692.55,421.26,679.48,410.21,26.14,22.1,577.77,1.18,Spherical / Regular,Grey,"(99, 44, 138)","(52.94, -4.0, -6.0)",7.21,29,VISIBLE,-4.01,0.89
161,1,person,0.9359,523.4,195.07,671.77,564.4,597.58,379.74,148.37,369.33,54795.99,0.4,Vertical Oblong,Black,"(104, 85, 42)","(13.33, -2.0, -3.0)",3.61,25,VISIBLE,0.0,-4.33
161,24,can,0.7042,867.31,404.0,890.41,429.62,878.86,416.81,23.1,25.62,591.72,0.9,Spherical / Regular,Green,"(61, 69, 95)","(37.65, -15.0, 11.0)",18.6,26,VISIBLE,-3.32,0.61
161,3,car,0.3262,774.84,397.91,810.93,426.48,792.89,412.2,36.09,28.58,1031.27,1.26,Horizontal Oblong,Grey,"(100, 34, 80)","(31.76, -2.0, -2.0)",2.83,18,VISIBLE,-4.08,0.81
161,23,car,0.3445,705.33,400.75,727.34,416.76,716.33,408.75,22.01,16.01,352.4,1.37,Horizontal Oblong,Grey,"(100, 30, 157)","(61.96, -3.0, -5.0)",5.83,27,VISIBLE,-3.93,0.69
161,21,car,0.5159,662.61,399.78,688.64,421.94,675.62,410.86,26.03,22.16,576.83,1.17,Spherical / Regular,Grey,"(100, 44, 141)","(54.51, -4.0, -7.0)",8.06,29,VISIBLE,-3.9,0.72
162,1,person,0.9347,523.87,196.18,671.63,558.3,597.75,377.24,147.77,362.13,53510.86,0.41,Vertical Oblong,Black,"(104, 85, 43)","(13.73, -2.0, -3.0)",3.61,25,VISIBLE,0.12,-3.04
162,24,can,0.8147,864.44,404.45,887.25,430.31,875.84,417.38,22.81,25.86,589.89,0.88,Spherical / Regular,Green,"(61, 75, 96)","(37.65, -16.0, 12.0)",20.0,26,VISIBLE,-3.11,0.58
162,3,car,0.3069,771.3,398.32,807.82,426.95,789.56,412.63,36.52,28.63,1045.67,1.28,Horizontal Oblong,Grey,"(98, 36, 79)","(31.37, -2.0, -2.0)",2.83,18,VISIBLE,-3.55,0.55
162,23,car,0.3664,701.56,401.41,723.93,417.46,712.74,409.43,22.36,16.05,358.92,1.39,Horizontal Oblong,Grey,"(100, 31, 157)","(61.18, -3.0, -5.0)",5.83,27,VISIBLE,-3.69,0.68
162,21,car,0.5228,658.67,400.13,684.9,422.3,671.78,411.21,26.23,22.17,581.5,1.18,Spherical / Regular,Grey,"(99, 46, 137)","(52.16, -5.0, -6.0)",7.81,29,VISIBLE,-3.86,0.46
163,1,person,0.9304,524.28,196.59,671.95,554.39,598.11,375.49,147.67,357.79,52834.36,0.41,Vertical Oblong,Black,"(103, 85, 44)","(14.12, -2.0, -3.0)",3.61,25,VISIBLE,0.29,-2.14
163,24,can,0.8475,862.11,405.18,884.42,431.07,873.26,418.13,22.31,25.89,577.6,0.86,Spherical / Regular,Green,"(61, 72, 95)","(37.65, -15.0, 12.0)",19.21,26,VISIBLE,-2.74,0.7
163,3,car,0.3107,767.75,398.69,804.59,427.23,786.17,412.96,36.84,28.54,1051.44,1.29,Horizontal Oblong,Grey,"(100, 32, 80)","(31.37, -2.0, -2.0)",2.83,18,VISIBLE,-3.44,0.39
163,23,car,0.458,697.9,401.94,720.33,418.0,709.12,409.97,22.43,16.06,360.22,1.4,Horizontal Oblong,Grey,"(101, 30, 157)","(61.76, -3.0, -5.0)",5.83,27,VISIBLE,-3.65,0.58
163,21,car,0.5086,654.85,400.35,681.66,423.04,668.25,411.69,26.82,22.69,608.59,1.18,Spherical / Regular,Grey,"(98, 43, 135)","(51.37, -4.0, -5.0)",6.4,29,VISIBLE,-3.63,0.48
164,1,person,0.9274,525.49,197.37,672.02,559.64,598.75,378.51,146.53,362.27,53084.0,0.4,Vertical Oblong,Black,"(103, 81, 45)","(14.9, -2.0, -3.0)",3.61,25,VISIBLE,0.54,1.47
164,24,can,0.8578,859.67,405.71,881.42,431.69,870.55,418.7,21.75,25.98,565.04,0.84,Spherical / Regular,Green,"(61, 74, 96)","(38.04, -15.0, 12.0)",19.21,26,VISIBLE,-2.73,0.61
164,3,car,0.317,764.8,399.11,801.28,427.53,783.04,413.32,36.48,28.42,1036.71,1.28,Horizontal Oblong,Grey,"(99, 34, 78)","(31.37, -2.0, -2.0)",2.83,18,VISIBLE,-3.22,0.37
164,23,car,0.5148,694.72,402.3,717.01,418.33,705.87,410.31,22.3,16.03,357.3,1.39,Horizontal Oblong,Grey,"(101, 29, 158)","(62.16, -3.0, -5.0)",5.83,27,VISIBLE,-3.37,0.42
164,21,car,0.3191,651.62,399.75,677.88,423.65,664.75,411.7,26.26,23.91,627.82,1.1,Spherical / Regular,Grey,"(99, 43, 138)","(52.94, -4.0, -5.0)",6.4,29,VISIBLE,-3.54,0.15
165,1,person,0.9244,526.86,198.13,672.54,563.25,599.7,380.69,145.69,365.12,53193.27,0.4,Vertical Oblong,Black,"(104, 81, 46)","(14.9, -1.0, -3.0)",3.16,25,VISIBLE,0.82,1.97
165,24,can,0.8074,857.13,406.24,878.6,432.17,867.87,419.21,21.48,25.94,557.09,0.83,Spherical / Regular,Green,"(61, 74, 96)","(38.04, -16.0, 12.0)",20.0,26,VISIBLE,-2.69,0.54
165,3,car,0.3053,761.86,399.58,798.35,427.88,780.1,413.73,36.49,28.3,1032.48,1.29,Horizontal Oblong,Grey,"(98, 36, 79)","(31.37, -2.0, -2.0)",2.83,18,VISIBLE,-3.02,0.4
165,23,car,0.5394,691.65,402.8,714.03,418.45,702.84,410.63,22.37,15.65,350.12,1.43,Horizontal Oblong,Grey,"(100, 30, 158)","(62.35, -3.0, -5.0)",5.83,27,VISIBLE,-3.13,0.34
165,21,car,0.312,647.19,399.35,674.54,424.77,660.87,412.06,27.35,25.41,695.0,1.08,Spherical / Regular,Grey,"(99, 43, 136)","(52.35, -4.0, -5.5)",6.8,29,VISIBLE,-3.78,0.3
166,1,person,0.9216,528.1,198.8,673.22,567.19,600.66,383.0,145.13,368.4,53464.25,0.39,Vertical Oblong,Black,"(102, 78, 47)","(14.9, -2.0, -3.0)",3.61,25,VISIBLE,0.92,2.2
166,24,can,0.7178,854.61,406.66,876.01,432.59,865.31,419.63,21.4,25.93,554.82,0.83,Spherical / Regular,Green,"(61, 75, 96)","(38.04, -16.0, 12.0)",20.0,26,VISIBLE,-2.6,0.46
166,3,car,0.299,759.0,399.87,795.53,428.09,777.27,413.98,36.52,28.22,1030.78,1.29,Horizontal Oblong,Grey,"(98, 38, 74)","(29.22, -3.0, -2.0)",3.61,18,VISIBLE,-2.89,0.29
166,23,car,0.5916,688.36,403.47,710.62,418.85,699.49,411.16,22.27,15.38,342.46,1.45,Horizontal Oblong,Grey,"(101, 31, 159)","(62.35, -3.0, -5.0)",5.83,27,VISIBLE,-3.28,0.48
166,21,car,0.312,643.19,399.42,670.82,425.61,657.0,412.51,27.63,26.19,723.76,1.06,Spherical / Regular,Grey,"(98, 43, 138)","(54.12, -4.0, -5.0)",6.4,29,VISIBLE,-3.84,0.41
167,1,person,0.9178,529.67,198.86,674.03,568.43,601.85,383.65,144.36,369.57,53350.66,0.39,Vertical Oblong,Black,"(102, 70, 48)","(15.69, -1.0, -2.0)",2.24,25,VISIBLE,1.11,1.12
167,24,can,0.7717,850.97,406.73,873.75,433.09,862.36,419.91,22.78,26.35,600.18,0.86,Spherical / Regular,Green,"(61, 72, 99)","(38.82, -15.0, 11.0)",18.6,26,VISIBLE,-2.84,0.34
167,3,car,0.3056,756.19,400.09,792.92,428.42,774.56,414.26,36.73,28.34,1040.81,1.3,Horizontal Oblong,Grey,"(99, 36, 77)","(30.2, -2.0, -2.0)",2.83,18,VISIBLE,-2.77,0.28
167,23,car,0.528,685.31,403.87,707.56,419.13,696.43,411.5,22.24,15.26,339.5,1.46,Horizontal Oblong,Grey,"(100, 30, 160)","(62.35, -3.0, -5.0)",5.83,27,VISIBLE,-3.12,0.38
167,21,car,0.312,639.18,399.48,667.1,426.45,653.14,412.97,27.92,26.97,752.97,1.04,Spherical / Regular,Grey,"(96, 40, 134)","(51.76, -4.0, -4.0)",5.66,29,VISIBLE,-3.86,0.44
168,1,person,0.9125,531.52,198.97,674.73,568.09,603.13,383.53,143.21,369.11,52862.34,0.39,Vertical Oblong,Black,"(101, 68, 48)","(15.69, -2.0, -2.0)",2.83,25,VISIBLE,1.23,0.25
168,24,can,0.8745,848.25,406.96,871.26,433.6,859.76,420.28,23.0,26.64,612.78,0.86,Spherical / Regular,Green,"(61, 73, 98)","(38.82, -16.0, 12.0)",20.0,26,VISIBLE,-2.68,0.36
168,3,car,0.3179,753.35,400.31,790.36,429.04,771.86,414.68,37.01,28.74,1063.59,1.29,Horizontal Oblong,Grey,"(100, 38, 74)","(29.02, -1.5, -3.0)",3.35,18,VISIBLE,-2.72,0.38
168,23,car,0.5901,682.26,404.07,704.58,419.46,693.42,411.77,22.32,15.39,343.46,1.45,Horizontal Oblong,Grey,"(100, 33, 158)","(61.96, -3.0, -5.0)",5.83,27,VISIBLE,-3.05,0.3
168,21,car,0.312,635.17,399.55,663.38,427.3,649.28,413.42,28.21,27.75,782.62,1.02,Spherical / Regular,Grey,"(98, 43, 115)","(45.49, -4.0, -3.0)",5.0,29,VISIBLE,-3.86,0.45
169,1,person,0.907,533.36,198.77,675.98,569.47,604.67,384.12,142.62,370.71,52868.8,0.38,Vertical Oblong,Black,"(102, 67, 47)","(15.69, -1.0, -2.0)",2.24,25,VISIBLE,1.45,0.49
169,24,can,0.871,846.52,407.13,869.21,433.91,857.87,420.52,22.69,26.78,607.64,0.85,Spherical / Regular,Green,"(61, 72, 98)","(38.63, -16.0, 12.0)",20.0,26,VISIBLE,-2.13,0.28
169,3,car,0.3675,751.02,400.48,787.52,429.38,769.27,414.93,36.51,28.9,1055.03,1.26,Horizontal Oblong,Grey,"(101, 37, 75)","(30.2, -1.0, -3.0)",3.16,18,VISIBLE,-2.63,0.29
169,23,car,0.6191,679.36,404.02,701.46,419.85,690.41,411.94,22.1,15.84,349.96,1.4,Horizontal Oblong,Grey,"(100, 30, 157)","(61.96, -3.0, -5.0)",5.83,27,VISIBLE,-3.02,0.21
169,21,car,0.312,631.17,399.62,659.66,428.14,645.42,413.88,28.49,28.52,812.72,1.0,Spherical / Regular,Grey,"(100, 40, 61)","(24.12, -2.0, -2.0)",2.83,29,VISIBLE,-3.86,0.45
170,1,person,0.9094,535.03,198.85,677.16,567.25,606.1,383.05,142.13,368.41,52360.39,0.39,Vertical Oblong,Black,"(101, 67, 48)","(15.69, -2.0, -2.0)",2.83,25,VISIBLE,1.43,-0.6
170,24,can,0.8488,844.05,407.21,867.21,434.19,855.63,420.7,23.16,26.99,625.07,0.86,Spherical / Regular,Green,"(61, 77, 98)","(38.43, -16.0, 13.0)",20.62,26,VISIBLE,-2.2,0.21
170,3,car,0.3972,748.78,400.65,784.95,429.61,766.87,415.13,36.17,28.96,1047.53,1.25,Spherical / Regular,Grey,"(100, 41, 79)","(31.37, -2.0, -3.0)",3.61,18,VISIBLE,-2.47,0.23
170,23,car,0.5328,677.04,403.98,699.02,420.11,688.03,412.05,21.98,16.13,354.54,1.36,Horizontal Oblong,Grey,"(99, 30, 157)","(61.96, -3.0, -5.0)",5.83,27,VISIBLE,-2.57,0.14
170,21,car,0.312,627.16,399.68,655.94,428.98,641.55,414.33,28.78,29.3,843.26,0.98,Spherical / Regular,Black,"(100, 53, 29)","(9.41, -1.0, -2.0)",2.24,29,VISIBLE,-3.86,0.45
171,1,person,0.9121,536.32,198.82,678.41,571.82,607.36,385.32,142.09,373.0,52998.53,0.38,Vertical Oblong,Black,"(103, 64, 48)","(15.69, -1.0, -2.0)",2.24,25,VISIBLE,1.32,1.41
171,24,can,0.8612,842.22,407.29,865.24,434.5,853.73,420.89,23.02,27.21,626.42,0.85,Spherical / Regular,Green,"(63, 75, 98)","(38.82, -16.0, 12.0)",20.0,26,VISIBLE,-1.99,0.2
171,3,car,0.3225,746.71,400.77,782.7,429.89,764.71,415.33,35.99,29.12,1047.94,1.24,Spherical / Regular,Grey,"(100, 42, 80)","(31.37, -2.0, -3.0)",3.61,18,VISIBLE,-2.25,0.21
171,23,car,0.4654,674.56,403.79,696.79,420.27,685.67,412.03,22.23,16.48,366.27,1.35,Horizontal Oblong,Grey,"(100, 30, 157)","(61.96, -3.0, -5.0)",5.83,27,VISIBLE,-2.42,0.03
172,1,person,0.9203,537.65,198.73,679.7,570.08,608.67,384.4,142.05,371.36,52750.28,0.38,Vertical Oblong,Black,"(100, 64, 46)","(15.29, -1.0, -2.0)",2.24,25,VISIBLE,1.31,-0.22
172,24,can,0.8307,840.24,407.42,863.5,434.73,851.87,421.08,23.26,27.31,635.34,0.85,Spherical / Regular,Green,"(63, 75, 99)","(38.82, -16.0, 12.5)",20.3,26,VISIBLE,-1.9,0.19
172,3,car,0.3239,744.15,400.96,780.89,429.9,762.52,415.43,36.74,28.95,1063.52,1.27,Horizontal Oblong,Grey,"(100, 44, 78)","(31.18, -3.0, -3.0)",4.24,18,VISIBLE,-2.21,0.13
172,23,car,0.3489,672.01,403.9,694.03,420.27,683.02,412.09,22.02,16.37,360.42,1.35,Horizontal Oblong,Grey,"(100, 29, 157)","(61.76, -3.0, -4.0)",5.0,27,VISIBLE,-2.58,0.05
173,1,person,0.9228,539.07,198.62,681.25,565.37,610.16,382.0,142.18,366.74,52142.09,0.39,Vertical Oblong,Black,"(102, 64, 46)","(15.29, -1.0, -2.0)",2.24,25,VISIBLE,1.43,-1.75
173,24,can,0.8063,838.47,407.6,861.91,434.84,850.19,421.22,23.45,27.24,638.61,0.86,Spherical / Regular,Green,"(63, 74, 100)","(39.22, -16.0, 12.0)",20.0,26,VISIBLE,-1.75,0.16
173,3,car,0.3887,741.7,401.21,778.9,429.89,760.3,415.55,37.21,28.67,1066.89,1.3,Horizontal Oblong,Grey,"(100, 40, 79)","(31.37, -2.0, -3.0)",3.61,18,VISIBLE,-2.22,0.12
173,23,car,0.3299,669.83,403.88,691.3,420.27,680.57,412.08,21.47,16.39,351.92,1.31,Horizontal Oblong,Grey,"(101, 31, 159)","(61.96, -3.0, -5.0)",5.83,27,VISIBLE,-2.49,0.01
174,1,person,0.9282,540.35,198.68,683.21,560.12,611.78,379.4,142.86,361.44,51634.58,0.4,Vertical Oblong,Black,"(100, 63, 46)","(14.9, -1.0, -2.0)",2.24,25,VISIBLE,1.56,-2.34
174,24,can,0.7305,836.11,407.66,860.28,434.75,848.2,421.21,24.17,27.09,654.77,0.89,Spherical / Regular,Green,"(63, 75, 100)","(39.61, -17.0, 12.0)",20.81,26,VISIBLE,-1.92,0.04
174,3,car,0.3948,739.67,401.44,776.9,429.86,758.28,415.65,37.23,28.42,1058.02,1.31,Horizontal Oblong,Grey,"(99, 42, 78)","(30.59, -3.0, -3.0)",4.24,18,VISIBLE,-2.08,0.11
174,23,car,0.3299,667.23,403.96,688.52,420.44,677.87,412.2,21.29,16.48,350.83,1.29,Horizontal Oblong,Grey,"(102, 33, 158)","(61.96, -3.0, -6.0)",6.71,27,VISIBLE,-2.63,0.09
175,1,person,0.9283,541.51,198.81,685.17,558.66,613.34,378.74,143.67,359.85,51698.1,0.4,Vertical Oblong,Black,"(102, 66, 46)","(14.9, -1.0, -2.0)",2.24,25,VISIBLE,1.56,-1.17
175,24,can,0.8002,833.96,407.72,858.74,434.89,846.35,421.3,24.78,27.17,673.09,0.91,Spherical / Regular,Green,"(63, 72, 102)","(40.2, -16.0, 11.0)",19.42,26,VISIBLE,-1.87,0.08
175,3,car,0.3333,737.56,401.47,774.98,429.89,756.27,415.68,37.41,28.41,1062.97,1.32,Horizontal Oblong,Grey,"(101, 43, 78)","(30.98, -2.0, -3.0)",3.61,18,VISIBLE,-2.03,0.05
175,23,car,0.3299,664.63,404.04,685.74,420.61,675.18,412.33,21.11,16.56,349.7,1.27,Horizontal Oblong,Grey,"(100, 33, 159)","(62.35, -3.0, -5.0)",5.83,27,VISIBLE,-2.67,0.11
176,1,person,0.93,542.77,198.86,686.76,562.36,614.76,380.61,143.99,363.5,52340.63,0.4,Vertical Oblong,Black,"(102, 68, 46)","(14.9, -2.0, -3.0)",3.61,25,VISIBLE,1.47,0.96
176,24,can,0.845,832.53,407.77,857.14,435.09,844.83,421.43,24.61,27.32,672.47,0.9,Spherical / Regular,Green,"(63, 73, 101)","(39.61, -17.0, 12.0)",20.81,26,VISIBLE,-1.62,0.11
176,3,car,0.4137,735.51,401.38,772.99,430.13,754.25,415.76,37.48,28.75,1077.56,1.3,Horizontal Oblong,Grey,"(100, 43, 77)","(30.0, -3.0, -3.0)",4.24,18,VISIBLE,-2.02,0.07
176,23,car,0.3299,662.02,404.12,682.95,420.77,672.49,412.45,20.93,16.65,348.54,1.26,Horizontal Oblong,Grey,"(102, 33, 159)","(62.35, -3.0, -5.0)",5.83,27,VISIBLE,-2.69,0.12
177,1,person,0.9275,543.97,198.63,687.96,568.89,615.96,383.76,143.99,370.26,53315.24,0.39,Vertical Oblong,Black,"(102, 64, 46)","(14.9, -2.0, -2.0)",2.83,25,VISIBLE,1.28,2.49
177,24,can,0.8779,831.32,407.78,855.46,435.26,843.39,421.52,24.15,27.48,663.61,0.88,Spherical / Regular,Green,"(63, 75, 103)","(40.39, -17.0, 12.0)",20.81,26,VISIBLE,-1.5,0.1
177,3,car,0.4385,733.62,401.31,770.8,430.2,752.21,415.76,37.18,28.89,1074.14,1.29,Horizontal Oblong,Grey,"(100, 46, 77)","(30.0, -3.0, -3.0)",4.24,18,VISIBLE,-2.04,0.02
177,23,car,0.3299,659.42,404.2,680.17,420.94,669.8,412.57,20.75,16.74,347.36,1.24,Spherical / Regular,Grey,"(100, 32, 159)","(62.35, -3.0, -5.0)",5.83,27,VISIBLE,-2.69,0.12
178,1,person,0.9244,544.83,198.21,689.36,576.92,617.09,387.57,144.53,378.71,54735.24,0.38,Vertical Oblong,Black,"(101, 64, 46)","(14.9, -2.0, -2.0)",2.83,25,VISIBLE,1.17,3.41
178,24,can,0.8614,830.32,407.65,853.83,435.37,842.08,421.51,23.51,27.72,651.6,0.85,Spherical / Regular,Green,"(64, 78, 103)","(40.59, -18.0, 12.0)",21.63,26,VISIBLE,-1.37,0.02
178,3,car,0.3863,731.18,401.21,769.09,430.05,750.13,415.63,37.91,28.85,1093.62,1.31,Horizontal Oblong,Grey,"(98, 46, 72)","(28.63, -3.0, -2.0)",3.61,18,VISIBLE,-2.06,-0.08
178,23,car,0.3299,656.81,404.28,677.39,421.11,667.1,412.69,20.58,16.82,346.14,1.22,Spherical / Regular,Grey,"(99, 31, 157)","(61.37, -3.0, -3.0)",4.24,27,VISIBLE,-2.69,0.12
179,1,person,0.921,546.03,197.18,690.91,584.16,618.47,390.67,144.88,386.98,56064.54,0.37,Vertical Oblong,Black,"(102, 64, 46)","(14.9, -2.0, -2.0)",2.83,25,VISIBLE,1.31,3.2
179,24,can,0.8654,829.08,407.49,852.24,435.38,840.66,421.44,23.16,27.89,646.01,0.83,Spherical / Regular,Green,"(63, 74, 102)","(40.0, -17.0, 12.0)",20.81,26,VISIBLE,-1.4,-0.05
179,3,car,0.3397,729.34,401.03,767.5,429.91,748.42,415.47,38.15,28.89,1102.1,1.32,Horizontal Oblong,Grey,"(100, 45, 77)","(30.2, -3.0, -3.0)",4.24,18,VISIBLE,-1.82,-0.14
180,1,person,0.9232,547.08,195.75,692.14,589.51,619.61,392.63,145.06,393.76,57120.92,0.37,Vertical Oblong,Black,"(101, 63, 46)","(15.29, -2.0, -2.0)",2.83,25,VISIBLE,1.19,2.33
180,24,can,0.8467,827.78,407.32,850.61,435.3,839.19,421.31,22.82,27.98,638.75,0.82,Spherical / Regular,Green,"(64, 75, 103)","(40.39, -17.0, 12.0)",20.81,26,VISIBLE,-1.45,-0.1
180,3,car,0.3381,727.4,400.87,765.77,429.82,746.59,415.34,38.37,28.94,1110.56,1.33,Horizontal Oblong,Grey,"(100, 43, 78)","(30.98, -3.0, -3.0)",4.24,18,VISIBLE,-1.83,-0.13
181,1,person,0.9284,547.75,194.26,693.49,594.3,620.62,394.28,145.73,400.04,58298.47,0.36,Vertical Oblong,Black,"(101, 55, 47)","(15.69, -1.0, -2.0)",2.24,25,VISIBLE,1.06,1.85
181,24,can,0.853,826.66,407.17,849.15,435.27,837.9,421.22,22.49,28.1,631.91,0.8,Spherical / Regular,Green,"(63, 75, 102)","(40.39, -17.0, 12.0)",20.81,26,VISIBLE,-1.34,-0.09
181,3,car,0.3141,725.58,400.81,763.9,429.72,744.74,415.26,38.32,28.91,1107.86,1.33,Horizontal Oblong,Grey,"(100, 43, 76)","(30.39, -3.0, -3.0)",4.24,18,VISIBLE,-1.84,-0.09
182,1,person,0.9332,548.45,193.12,694.52,596.62,621.49,394.87,146.07,403.5,58940.35,0.36,Vertical Oblong,Black,"(100, 48, 48)","(16.08, -1.0, -2.0)",2.24,25,VISIBLE,0.92,0.97
182,24,can,0.8124,825.07,406.98,847.88,435.23,836.48,421.11,22.81,28.24,644.22,0.81,Spherical / Regular,Green,"(64, 80, 102)","(40.39, -18.0, 13.0)",22.2,26,VISIBLE,-1.4,-0.11
182,3,car,0.3297,723.6,400.87,761.95,429.77,742.77,415.32,38.35,28.9,1108.32,1.33,Horizontal Oblong,Grey,"(98, 44, 76)","(30.0, -3.0, -2.0)",3.61,18,VISIBLE,-1.93,0.01
183,1,person,0.935,548.87,192.43,695.2,596.42,622.03,394.43,146.33,403.99,59114.55,0.36,Vertical Oblong,Black,"(100, 45, 50)","(16.47, -1.0, -2.0)",2.24,25,VISIBLE,0.66,-0.02
183,24,can,0.7844,823.73,406.83,846.84,435.22,835.28,421.03,23.11,28.39,656.06,0.81,Spherical / Regular,Green,"(63, 74, 102)","(40.39, -17.0, 11.0)",20.25,26,VISIBLE,-1.25,-0.09
183,3,car,0.3397,721.91,400.93,760.17,430.05,741.04,415.49,38.27,29.12,1114.29,1.31,Horizontal Oblong,Grey,"(100, 39, 70)","(27.45, -2.0, -3.0)",3.61,18,VISIBLE,-1.79,0.12
184,1,person,0.9345,549.25,192.08,695.57,595.22,622.41,393.65,146.32,403.14,58986.92,0.36,Vertical Oblong,Black,"(100, 43, 50)","(16.47, -1.0, -2.0)",2.24,25,VISIBLE,0.46,-0.55
184,24,can,0.7588,822.56,406.79,845.82,435.27,834.19,421.03,23.26,28.47,662.26,0.82,Spherical / Regular,Green,"(63, 74, 102)","(40.0, -17.0, 11.0)",20.25,26,VISIBLE,-1.14,-0.02
184,3,car,0.353,720.08,401.03,758.35,430.16,739.22,415.59,38.27,29.13,1114.7,1.31,Horizontal Oblong,Grey,"(100, 42, 72)","(27.45, -2.0, -3.0)",3.61,18,VISIBLE,-1.82,0.11
185,1,person,0.9341,549.64,192.32,696.32,590.92,622.98,391.62,146.68,398.6,58466.03,0.37,Vertical Oblong,Black,"(100, 43, 50)","(17.25, -1.0, -2.0)",2.24,25,VISIBLE,0.54,-1.59
185,24,can,0.7471,820.84,406.75,844.91,435.52,832.88,421.14,24.07,28.77,692.43,0.84,Spherical / Regular,Green,"(63, 74, 101)","(40.0, -17.0, 11.0)",20.25,26,VISIBLE,-1.26,0.07
185,3,car,0.3502,718.23,401.07,756.4,430.37,737.31,415.72,38.17,29.3,1118.14,1.3,Horizontal Oblong,Grey,"(100, 43, 73)","(28.04, -2.0, -3.0)",3.61,18,VISIBLE,-1.87,0.12
186,1,person,0.9356,550.0,192.66,696.86,585.21,623.43,388.94,146.86,392.55,57649.48,0.37,Vertical Oblong,Black,"(94, 43, 50)","(16.86, -1.0, -1.0)",1.41,25,VISIBLE,0.48,-2.36
186,24,can,0.7915,819.24,406.72,844.0,435.76,831.62,421.24,24.76,29.04,719.0,0.85,Spherical / Regular,Green,"(64, 77, 100)","(39.22, -17.0, 12.0)",20.81,26,VISIBLE,-1.26,0.09
186,3,car,0.3292,716.52,401.03,754.26,430.47,735.39,415.75,37.74,29.44,1110.93,1.28,Horizontal Oblong,Grey,"(100, 46, 74)","(28.63, -3.0, -3.0)",4.24,18,VISIBLE,-1.91,0.06
187,1,person,0.9322,550.38,193.07,697.41,578.47,623.89,385.77,147.02,385.4,56663.07,0.38,Vertical Oblong,Black,"(100, 41, 50)","(17.25, -1.0, -2.0)",2.24,25,VISIBLE,0.47,-2.92
187,24,can,0.8113,817.65,406.73,842.92,435.99,830.28,421.36,25.27,29.26,739.35,0.86,Spherical / Regular,Green,"(63, 74, 98)","(38.82, -17.0, 11.0)",20.25,26,VISIBLE,-1.31,0.11
187,3,car,0.3708,714.77,401.08,752.47,430.67,733.62,415.87,37.71,29.59,1115.71,1.27,Horizontal Oblong,Grey,"(100, 45, 75)","(28.63, -3.0, -3.0)",4.24,18,VISIBLE,-1.81,0.1
188,1,person,0.9312,550.58,193.32,697.71,569.98,624.14,381.65,147.13,376.67,55420.31,0.39,Vertical Oblong,Black,"(94, 43, 50)","(16.86, -1.0, -1.0)",1.41,25,VISIBLE,0.32,-3.76
188,24,can,0.8376,816.34,406.73,841.31,436.09,828.83,421.41,24.98,29.36,733.18,0.85,Spherical / Regular,Green,"(63, 76, 97)","(38.24, -17.0, 11.0)",20.25,26,VISIBLE,-1.42,0.07
188,3,car,0.3578,712.52,400.97,751.16,430.64,731.84,415.81,38.64,29.66,1146.23,1.3,Horizontal Oblong,Grey,"(100, 44, 73)","(28.24, -3.0, -3.0)",4.24,18,VISIBLE,-1.79,-0.02
189,1,person,0.9342,551.06,193.09,697.67,561.17,624.37,377.13,146.61,368.07,53962.3,0.4,Vertical Oblong,Black,"(90, 41, 49)","(16.86, -1.0, -1.0)",1.41,25,VISIBLE,0.25,-4.29
189,24,can,0.8309,815.34,406.77,839.88,436.08,827.61,421.42,24.54,29.31,719.46,0.84,Spherical / Regular,Green,"(63, 75, 97)","(38.43, -16.0, 11.0)",19.42,26,VISIBLE,-1.28,0.03
189,3,car,0.3841,710.72,400.86,749.49,430.53,730.11,415.69,38.78,29.67,1150.32,1.31,Horizontal Oblong,Grey,"(98, 41, 72)","(27.84, -3.0, -2.0)",3.61,18,VISIBLE,-1.75,-0.08
190,1,person,0.9353,552.06,192.67,698.17,556.78,625.12,374.73,146.11,364.12,53200.33,0.4,Vertical Oblong,Black,"(90, 44, 50)","(16.86, -1.0, 0.0)",1.0,25,VISIBLE,0.6,-2.97
190,24,can,0.826,814.56,406.79,838.65,436.09,826.61,421.44,24.09,29.3,705.91,0.82,Spherical / Regular,Green,"(63, 77, 98)","(38.82, -17.0, 12.0)",20.81,26,VISIBLE,-1.09,0.02
190,3,car,0.404,708.63,400.95,747.87,430.37,728.25,415.66,39.24,29.42,1154.39,1.33,Horizontal Oblong,Grey,"(98, 40, 72)","(28.24, -3.0, -2.0)",3.61,18,VISIBLE,-1.82,-0.05
191,1,person,0.9316,552.97,192.03,699.11,556.68,626.04,374.35,146.14,364.66,53290.59,0.4,Vertical Oblong,Black,"(90, 41, 51)","(17.65, -1.0, 0.0)",1.0,25,VISIBLE,0.83,-1.15
191,24,can,0.8539,813.57,406.73,837.52,436.24,825.55,421.49,23.95,29.5,706.61,0.81,Spherical / Regular,Green,"(63, 74, 98)","(38.82, -16.0, 11.0)",19.42,26,VISIBLE,-1.07,0.04
191,3,car,0.4028,706.86,400.94,746.07,430.41,726.47,415.67,39.22,29.47,1155.6,1.33,Horizontal Oblong,Grey,"(100, 40, 71)","(27.45, -2.0, -3.0)",3.61,18,VISIBLE,-1.8,-0.0
192,1,person,0.9277,554.41,191.61,700.1,561.84,627.26,376.73,145.69,370.23,53938.73,0.39,Vertical Oblong,Black,"(90, 41, 51)","(18.04, -1.0, 0.0)",1.0,25,VISIBLE,1.1,1.31
192,24,can,0.8606,812.42,406.74,836.51,436.39,824.47,421.56,24.09,29.65,714.49,0.81,Spherical / Regular,Green,"(63, 77, 98)","(38.43, -17.0, 12.0)",20.81,26,VISIBLE,-1.08,0.07
192,3,car,0.4249,704.64,400.95,744.3,430.5,724.47,415.72,39.67,29.55,1172.17,1.34,Horizontal Oblong,Grey,"(100, 42, 71)","(27.84, -2.0, -3.0)",3.61,18,VISIBLE,-1.94,0.03
193,1,person,0.9247,556.86,191.29,701.2,570.72,629.03,381.0,144.33,379.43,54764.24,0.38,Vertical Oblong,Black,"(90, 38, 53)","(18.04, -1.0, 0.0)",1.0,25,VISIBLE,1.57,3.39
193,24,can,0.8641,811.33,406.9,835.27,436.71,823.3,421.8,23.94,29.81,713.79,0.8,Spherical / Regular,Green,"(63, 76, 96)","(38.04, -16.0, 12.0)",20.0,26,VISIBLE,-1.14,0.19
193,3,car,0.437,702.13,400.94,742.36,430.73,722.25,415.83,40.23,29.79,1198.52,1.35,Horizontal Oblong,Grey,"(99, 43, 71)","(27.84, -3.0, -2.0)",3.61,18,VISIBLE,-2.14,0.09
194,1,person,0.9275,559.25,190.94,702.54,580.1,630.89,385.52,143.3,389.16,55764.7,0.37,Vertical Oblong,Black,"(69, 39, 52)","(18.04, -1.0, 0.0)",1.0,25,VISIBLE,1.78,4.18
194,24,can,0.8614,810.11,407.14,834.1,437.03,822.11,422.08,23.99,29.89,716.86,0.8,Spherical / Regular,Green,"(63, 78, 95)","(37.25, -17.0, 13.0)",21.4,26,VISIBLE,-1.18,0.25
194,3,car,0.4778,699.68,401.08,740.43,431.0,720.06,416.04,40.75,29.92,1219.32,1.36,Horizontal Oblong,Grey,"(99, 42, 80)","(31.76, -3.0, -2.0)",3.61,18,VISIBLE,-2.17,0.17
195,1,person,0.9228,561.46,190.68,704.45,589.3,632.96,389.99,142.99,398.62,56999.19,0.36,Vertical Oblong,Black,"(50, 39, 52)","(18.43, -1.0, 0.0)",1.0,25,VISIBLE,1.98,4.38
195,24,can,0.8497,808.83,407.31,832.93,437.19,820.88,422.25,24.1,29.88,720.05,0.81,Spherical / Regular,Green,"(63, 75, 96)","(37.84, -16.0, 12.0)",20.0,26,VISIBLE,-1.21,0.19
195,3,car,0.4847,697.42,401.15,738.65,431.27,718.04,416.21,41.23,30.12,1242.07,1.37,Horizontal Oblong,Grey,"(100, 43, 77)","(30.39, -2.0, -3.0)",3.61,18,VISIBLE,-2.07,0.17
196,1,person,0.9216,564.44,190.12,706.55,596.62,635.49,393.37,142.11,406.49,57767.77,0.35,Vertical Oblong,Black,"(50, 38, 53)","(19.22, -1.0, 0.0)",1.0,25,VISIBLE,2.37,3.68
196,24,can,0.835,807.6,407.5,832.09,437.24,819.85,422.37,24.49,29.74,728.45,0.82,Spherical / Regular,Green,"(63, 79, 94)","(36.86, -17.0, 13.0)",21.4,26,VISIBLE,-1.09,0.14
196,3,car,0.4758,695.43,401.23,737.11,431.66,716.27,416.45,41.68,30.43,1268.17,1.37,Horizontal Oblong,Grey,"(99, 44, 76)","(29.8, -3.0, -3.0)",4.24,18,VISIBLE,-1.86,0.22
197,1,person,0.9162,567.23,189.2,708.76,601.72,637.99,395.46,141.53,412.52,58385.0,0.34,Vertical Oblong,Black,"(50, 36, 55)","(20.0, -1.0, 0.0)",1.0,25,VISIBLE,2.46,2.57
197,24,can,0.815,806.03,407.36,831.1,437.4,818.57,422.38,25.07,30.03,753.09,0.83,Spherical / Regular,Green,"(61, 79, 93)","(36.47, -17.0, 13.0)",21.4,26,VISIBLE,-1.22,0.05
197,3,car,0.5326,693.16,401.04,735.52,431.82,714.34,416.43,42.36,30.78,1303.69,1.38,Horizontal Oblong,Grey,"(99, 44, 76)","(29.41, -3.0, -3.0)",4.24,18,VISIBLE,-1.91,0.05
198,1,person,0.9107,569.57,187.83,710.98,603.77,640.27,395.8,141.41,415.94,58818.68,0.34,Vertical Oblong,Black,"(55, 38, 55)","(20.0, -1.0, 0.0)",1.0,25,VISIBLE,2.33,1.01
198,24,can,0.8088,804.3,407.15,829.91,437.59,817.11,422.37,25.61,30.44,779.72,0.84,Spherical / Regular,Green,"(61, 83, 93)","(36.47, -17.0, 13.0)",21.4,26,VISIBLE,-1.39,0.01
198,3,car,0.5135,691.2,400.86,733.63,431.94,712.42,416.4,42.43,31.08,1318.69,1.37,Horizontal Oblong,Grey,"(98, 44, 82)","(31.76, -3.0, -3.0)",4.24,18,VISIBLE,-1.92,-0.0
199,1,person,0.9114,571.41,186.29,712.71,602.82,642.06,394.56,141.31,416.53,58858.29,0.34,Vertical Oblong,Black,"(50, 38, 55)","(19.61, -1.0, 0.0)",1.0,25,VISIBLE,1.95,-0.57
199,24,can,0.8476,802.45,407.05,828.75,437.69,815.6,422.37,26.3,30.64,805.98,0.86,Spherical / Regular,Green,"(63, 79, 95)","(37.25, -17.0, 13.0)",21.4,26,VISIBLE,-1.47,0.0
199,3,car,0.4162,690.23,400.65,731.5,431.77,710.87,416.21,41.27,31.13,1284.42,1.33,Horizontal Oblong,Grey,"(100, 45, 76)","(30.0, -2.0, -4.0)",4.47,18,VISIBLE,-1.66,-0.13
200,1,person,0.9196,572.83,184.59,714.8,602.01,643.81,393.3,141.97,417.42,59260.37,0.34,Vertical Oblong,Black,"(50, 38, 54)","(19.61, -1.0, 0.0)",1.0,25,VISIBLE,1.81,-1.05
200,24,can,0.8482,800.73,406.86,827.36,437.64,814.05,422.25,26.63,30.78,819.65,0.87,Spherical / Regular,Green,"(61, 80, 95)","(37.25, -17.0, 13.0)",21.4,26,VISIBLE,-1.53,-0.08
200,3,car,0.4611,689.75,400.49,729.64,431.6,709.7,416.04,39.9,31.11,1241.2,1.28,Horizontal Oblong,Grey,"(101, 46, 71)","(27.84, -2.0, -3.0)",3.61,18,VISIBLE,-1.32,-0.16
201,1,person,0.9214,574.41,182.98,717.01,599.75,645.71,391.36,142.6,416.78,59432.23,0.34,Vertical Oblong,Black,"(50, 38, 54)","(19.61, -1.0, 0.0)",1.0,25,VISIBLE,1.87,-1.67
201,24,can,0.8346,799.39,406.71,825.81,437.47,812.6,422.09,26.42,30.76,812.66,0.86,Spherical / Regular,Green,"(63, 77, 97)","(38.04, -17.0, 13.0)",21.4,26,VISIBLE,-1.47,-0.14
201,3,car,0.4873,689.76,400.33,727.33,431.32,708.54,415.83,37.57,30.99,1164.31,1.21,Spherical / Regular,Grey,"(101, 50, 68)","(25.49, -2.0, -4.0)",4.47,18,VISIBLE,-1.2,-0.2
202,1,person,0.9208,575.41,181.34,719.16,595.98,647.29,388.66,143.75,414.64,59604.52,0.35,Vertical Oblong,Black,"(50, 37, 52)","(18.82, -1.0, 0.0)",1.0,25,VISIBLE,1.66,-2.39
202,24,can,0.8539,797.95,406.58,823.99,437.23,810.97,421.91,26.05,30.65,798.2,0.85,Spherical / Regular,Green,"(63, 80, 99)","(38.82, -18.0, 13.0)",22.2,26,VISIBLE,-1.58,-0.17
202,3,car,0.4468,690.04,399.92,725.08,431.22,707.56,415.57,35.04,31.3,1096.81,1.12,Spherical / Regular,Grey,"(100, 56, 64)","(24.71, -3.0, -4.0)",5.0,18,VISIBLE,-1.05,-0.24
202,21,car,0.492,564.07,403.32,588.32,426.33,576.2,414.83,24.25,23.01,557.95,1.05,Spherical / Regular,Grey,"(95, 38, 126)","(50.0, -5.0, -4.0)",6.4,30,VISIBLE,-2.59,0.15
203,1,person,0.9216,576.1,179.14,720.8,590.5,648.45,384.82,144.7,411.36,59525.12,0.35,Vertical Oblong,Black,"(60, 38, 51)","(18.04, 0.0, 0.0)",0.0,25,VISIBLE,1.31,-3.41
203,24,can,0.885,796.63,406.62,821.98,437.13,809.31,421.87,25.35,30.51,773.4,0.83,Spherical / Regular,Green,"(63, 77, 98)","(38.43, -17.0, 12.0)",20.81,26,VISIBLE,-1.64,-0.07
203,3,car,0.4004,690.77,398.62,722.6,431.1,706.69,414.86,31.82,32.47,1033.35,0.98,Spherical / Regular,Grey,"(100, 55, 65)","(24.71, -3.0, -4.0)",5.0,18,VISIBLE,-0.93,-0.57
203,21,car,0.5356,561.74,403.12,588.96,426.72,575.35,414.92,27.22,23.6,642.33,1.15,Spherical / Regular,Grey,"(98, 43, 127)","(50.78, -4.0, -4.5)",6.02,30,VISIBLE,-1.37,0.11
204,1,person,0.9244,576.19,176.7,721.4,584.78,648.79,380.74,145.22,408.07,59258.73,0.36,Vertical Oblong,Black,"(84, 38, 51)","(18.04, 0.0, 0.0)",0.0,25,VISIBLE,0.64,-3.88
204,24,can,0.8924,795.11,406.42,819.7,437.16,807.41,421.79,24.59,30.74,755.99,0.8,Spherical / Regular,Green,"(64, 81, 99)","(38.82, -18.0, 12.0)",21.63,26,VISIBLE,-1.82,-0.08
204,3,car,0.3407,691.87,398.43,720.46,430.69,706.16,414.56,28.59,32.26,922.5,0.89,Spherical / Regular,Grey,"(100, 54, 68)","(26.67, -3.0, -4.0)",5.0,18,VISIBLE,-0.64,-0.38
204,21,car,0.5451,559.16,403.55,586.81,426.77,572.99,415.16,27.65,23.22,642.15,1.19,Spherical / Regular,Grey,"(97, 44, 128)","(50.78, -5.0, -5.0)",7.07,30,VISIBLE,-2.07,0.2
205,1,person,0.9223,574.25,173.67,719.06,573.5,646.66,373.59,144.81,399.83,57898.93,0.36,Vertical Oblong,Black,"(90, 40, 51)","(17.84, 0.0, 0.0)",0.0,25,VISIBLE,-1.31,-6.17
205,24,can,0.8573,793.09,406.35,817.72,437.34,805.4,421.84,24.62,30.99,763.08,0.79,Vertical Oblong,Green,"(63, 76, 98)","(38.82, -17.0, 12.0)",20.81,26,VISIBLE,-1.95,0.01
205,3,car,0.3599,693.55,397.26,718.01,430.59,705.78,413.93,24.46,33.33,815.18,0.73,Vertical Oblong,Grey,"(97, 39, 68)","(27.06, -2.0, -2.0)",2.83,18,VISIBLE,-0.46,-0.56
205,21,car,0.569,556.08,403.83,583.82,426.79,569.95,415.31,27.74,22.95,636.86,1.21,Spherical / Regular,Grey,"(98, 44, 128)","(50.78, -5.0, -5.0)",7.07,30,VISIBLE,-2.74,0.17
206,1,person,0.9289,569.2,170.18,715.18,567.0,642.19,368.59,145.98,396.82,57926.29,0.37,Vertical Oblong,Black,"(50, 36, 52)","(18.04, 0.0, 0.0)",0.0,25,VISIBLE,-3.52,-5.35
206,24,can,0.8165,790.86,406.36,815.59,437.46,803.23,421.91,24.73,31.1,769.26,0.8,Spherical / Regular,Green,"(64, 77, 99)","(38.82, -17.0, 12.0)",20.81,26,VISIBLE,-2.11,0.05
206,3,car,0.2978,695.7,397.65,715.24,430.72,705.47,414.18,19.54,33.07,646.24,0.59,Vertical Oblong,Grey,"(66, 31, 65)","(27.06, -1.0, 1.0)",1.41,18,VISIBLE,-0.36,0.01
206,21,car,0.5988,552.63,403.82,580.3,426.42,566.46,415.12,27.67,22.6,625.46,1.22,Spherical / Regular,Grey,"(98, 45, 128)","(50.98, -5.0, -4.0)",6.4,30,VISIBLE,-3.26,-0.08
207,1,person,0.9324,560.84,165.91,712.59,565.62,636.72,365.76,151.75,399.71,60656.65,0.38,Vertical Oblong,Black,"(38, 31, 55)","(21.18, -1.0, 0.0)",1.0,25,VISIBLE,-4.89,-3.58
207,24,can,0.7892,788.22,406.22,813.51,437.68,800.87,421.95,25.29,31.46,795.62,0.8,Spherical / Regular,Green,"(63, 75, 98)","(38.43, -17.0, 11.0)",20.25,26,VISIBLE,-2.28,0.04
207,3,car,0.2978,696.62,397.3,712.87,430.64,704.74,413.97,16.24,33.34,541.5,0.49,Vertical Oblong,Black,"(15, 23, 49)","(19.8, 0.0, 2.0)",2.0,18,VISIBLE,-0.61,-0.15
207,21,car,0.4607,548.94,403.68,576.8,426.73,562.87,415.21,27.86,23.05,642.2,1.21,Spherical / Regular,Grey,"(98, 44, 127)","(50.59, -5.0, -5.0)",7.07,30,VISIBLE,-3.5,0.03
208,1,person,0.9214,551.59,161.68,712.97,568.95,632.28,365.32,161.38,407.27,65723.22,0.4,Vertical Oblong,Grey,"(81, 33, 64)","(25.88, -1.0, 0.0)",1.0,25,VISIBLE,-4.57,-1.39
208,24,can,0.805,785.09,406.07,811.42,437.89,798.25,421.98,26.33,31.82,837.75,0.83,Spherical / Regular,Green,"(64, 77, 98)","(38.43, -17.0, 12.0)",20.81,26,VISIBLE,-2.51,0.03
208,3,car,0.2978,697.55,396.95,710.49,430.56,704.02,413.76,12.94,33.61,434.98,0.39,Vertical Oblong,Black,"(11, 23, 37)","(14.12, 0.0, 2.0)",2.0,18,VISIBLE,-0.69,-0.19
208,21,car,0.5552,544.85,403.51,572.83,426.67,558.84,415.09,27.99,23.16,648.18,1.21,Spherical / Regular,Grey,"(98, 47, 128)","(50.2, -5.0, -5.0)",7.07,30,VISIBLE,-3.87,-0.07
209,1,person,0.9229,539.4,157.98,716.44,573.88,627.92,365.93,177.04,415.9,73630.41,0.43,Vertical Oblong,Grey,"(84, 41, 68)","(27.84, -1.0, 0.0)",1.0,25,VISIBLE,-4.42,0.01
209,24,can,0.8022,782.24,406.19,808.89,438.02,795.57,422.11,26.65,31.83,848.33,0.84,Spherical / Regular,Green,"(63, 75, 97)","(38.43, -17.0, 11.0)",20.25,26,VISIBLE,-2.64,0.1
209,3,car,0.2978,698.47,396.6,708.11,430.48,703.29,413.54,9.64,33.88,326.67,0.28,Vertical Oblong,Black,"(30, 20, 31)","(11.37, -1.0, 0.0)",1.0,18,VISIBLE,-0.72,-0.21
209,21,car,0.4722,541.02,403.79,569.03,426.5,555.03,415.15,28.02,22.72,636.44,1.23,Spherical / Regular,Grey,"(98, 46, 129)","(50.59, -5.0, -5.0)",7.07,30,VISIBLE,-3.83,0.02
210,1,person,0.9252,533.4,155.19,721.46,577.44,627.43,366.31,188.06,422.24,79408.23,0.45,Vertical Oblong,Grey,"(90, 47, 58)","(22.75, -1.0, -1.0)",1.41,25,VISIBLE,-1.67,0.27
210,24,can,0.8504,779.53,406.13,806.14,438.16,792.84,422.14,26.61,32.03,852.4,0.83,Spherical / Regular,Green,"(64, 82, 97)","(38.04, -17.0, 12.0)",20.81,26,VISIBLE,-2.7,0.06
210,3,car,0.2978,699.4,396.26,705.74,430.41,702.57,413.33,6.34,34.15,216.59,0.19,Vertical Oblong,Black,"(90, 20, 25)","(8.24, 0.0, -1.0)",1.0,18,VISIBLE,-0.72,-0.21
210,21,car,0.3156,537.1,403.9,564.86,426.08,550.98,414.99,27.76,22.19,615.97,1.25,Spherical / Regular,Grey,"(98, 47, 130)","(50.59, -5.0, -5.0)",7.07,30,VISIBLE,-3.98,-0.1
211,1,person,0.9328,531.78,153.35,726.97,576.08,629.38,364.72,195.18,422.73,82509.27,0.46,Vertical Oblong,Grey,"(90, 51, 61)","(24.31, -1.0, 0.0)",1.0,25,VISIBLE,0.86,-1.04
211,24,can,0.8448,776.99,406.25,803.3,438.51,790.14,422.38,26.31,32.26,848.77,0.82,Spherical / Regular,Green,"(65, 78, 97)","(38.04, -17.0, 11.0)",20.25,26,VISIBLE,-2.69,0.18
211,3,car,0.2978,700.32,395.91,703.36,430.33,701.84,413.12,3.04,34.42,104.71,0.09,Vertical Oblong,Black,"(113, 43, 25)","(7.45, 0.0, -2.0)",2.0,18,VISIBLE,-0.73,-0.21
211,21,car,0.3156,533.61,403.97,561.46,425.95,547.53,414.96,27.85,21.98,612.18,1.27,Horizontal Oblong,Grey,"(98, 46, 137)","(52.55, -5.0, -6.0)",7.81,30,VISIBLE,-3.61,-0.05
211,7,bicycle,0.8597,516.1,369.3,698.26,667.97,607.18,518.64,182.15,298.67,54403.75,0.61,Vertical Oblong,Orange,"(23, 110, 134)","(50.98, -2.0, 26.0)",26.08,31,VISIBLE,0.28,0.01
212,1,person,0.9295,533.03,152.4,731.27,573.95,632.15,363.17,198.23,421.54,83563.44,0.47,Vertical Oblong,Grey,"(90, 43, 63)","(25.1, -1.0, 0.0)",1.0,25,VISIBLE,2.2,-1.39
212,7,bicycle,0.8666,511.71,368.71,698.53,669.94,605.12,519.33,186.82,301.23,56276.56,0.62,Vertical Oblong,Orange,"(23, 118, 135)","(50.59, -1.0, 26.0)",26.02,31,VISIBLE,-1.36,0.49
212,24,can,0.8061,774.85,406.4,800.58,438.93,787.71,422.66,25.73,32.52,836.9,0.79,Vertical Oblong,Green,"(65, 78, 97)","(38.04, -17.0, 11.0)",20.25,26,VISIBLE,-2.51,0.25
212,21,car,0.3156,530.12,404.04,558.06,425.82,544.09,414.93,27.94,21.78,608.36,1.28,Horizontal Oblong,Grey,"(98, 46, 136)","(52.94, -5.0, -6.0)",7.81,30,VISIBLE,-3.49,-0.04
213,1,person,0.9262,529.79,151.59,733.48,579.17,631.64,365.38,203.7,427.58,87096.48,0.48,Vertical Oblong,Grey,"(90, 42, 69)","(27.84, -1.0, 0.0)",1.0,25,VISIBLE,0.3,1.13
213,7,bicycle,0.8546,507.98,369.89,704.17,673.72,606.07,521.81,196.19,303.83,59609.0,0.65,Vertical Oblong,Orange,"(23, 119, 135)","(50.2, -1.0, 25.0)",25.02,31,VISIBLE,0.26,1.88
213,24,can,0.8095,771.51,406.62,797.77,439.37,784.64,423.0,26.26,32.75,859.96,0.8,Spherical / Regular,Green,"(65, 75, 98)","(38.43, -17.0, 11.0)",20.25,26,VISIBLE,-2.91,0.31
213,21,car,0.5033,525.35,404.55,553.43,426.61,539.39,415.58,28.08,22.06,619.58,1.27,Horizontal Oblong,Grey,"(98, 45, 136)","(52.55, -5.0, -5.0)",7.07,30,VISIBLE,-4.34,0.44
214,1,person,0.9322,521.2,150.73,734.58,588.97,627.89,369.85,213.38,438.25,93513.77,0.49,Vertical Oblong,Grey,"(90, 38, 81)","(32.94, -1.0, 0.0)",1.0,25,VISIBLE,-2.53,3.47
214,24,can,0.8475,768.06,406.9,794.66,439.9,781.36,423.4,26.59,32.99,877.38,0.81,Spherical / Regular,Green,"(64, 77, 98)","(38.43, -17.0, 11.0)",20.25,26,VISIBLE,-3.17,0.38
214,21,car,0.5362,520.36,405.06,548.63,427.15,534.5,416.11,28.26,22.09,624.3,1.28,Horizontal Oblong,Grey,"(98, 47, 130)","(50.98, -5.0, -5.0)",7.07,30,VISIBLE,-4.73,0.5
214,7,bicycle,0.8546,505.74,370.22,706.27,675.46,606.01,522.84,200.54,305.24,61211.69,0.66,Vertical Oblong,Orange,"(23, 128, 136)","(49.8, -1.0, 28.0)",28.02,31,VISIBLE,0.03,1.29
215,1,person,0.9396,512.22,149.77,735.02,600.86,623.62,375.31,222.8,451.09,100503.27,0.49,Vertical Oblong,Grey,"(66, 39, 93)","(37.65, -1.0, 0.0)",1.0,25,VISIBLE,-3.75,4.87
215,24,can,0.8766,764.69,407.6,791.03,440.6,777.86,424.1,26.34,33.01,869.42,0.8,Spherical / Regular,Green,"(63, 77, 98)","(38.43, -17.0, 11.0)",20.25,26,VISIBLE,-3.4,0.6
215,21,car,0.3862,515.64,405.62,543.66,428.05,529.65,416.83,28.02,22.44,628.6,1.25,Spherical / Regular,Grey,"(98, 45, 127)","(50.0, -5.0, -5.0)",7.07,30,VISIBLE,-4.81,0.66
215,7,bicycle,0.8546,503.5,370.54,708.38,677.2,605.94,523.87,204.88,306.66,62826.65,0.67,Vertical Oblong,Orange,"(23, 127, 136)","(49.8, -1.0, 27.0)",27.02,31,VISIBLE,-0.04,1.11
216,1,person,0.9438,504.98,148.91,735.3,612.18,620.14,380.54,230.32,463.27,106698.08,0.5,Vertical Oblong,Grey,"(66, 39, 93)","(37.65, -1.0, 0.0)",1.0,25,VISIBLE,-3.56,5.12
216,24,can,0.8329,762.05,408.23,787.12,441.17,774.58,424.7,25.07,32.94,825.87,0.76,Vertical Oblong,Green,"(65, 82, 98)","(38.43, -17.0, 11.0)",20.25,26,VISIBLE,-3.31,0.6
216,21,car,0.525,510.8,405.95,539.05,428.43,524.92,417.19,28.25,22.48,635.07,1.26,Horizontal Oblong,Grey,"(98, 44, 131)","(50.98, -5.0, -5.0)",7.07,30,VISIBLE,-4.75,0.45
216,7,bicycle,0.8546,501.26,370.87,710.48,678.94,605.87,524.9,209.22,308.07,64453.9,0.68,Vertical Oblong,Orange,"(23, 124, 136)","(50.2, 0.0, 27.0)",27.0,31,VISIBLE,-0.06,1.06
217,1,person,0.9458,501.9,147.63,735.82,622.7,618.86,385.16,233.92,475.07,111129.12,0.49,Vertical Oblong,Grey,"(66, 43, 93)","(37.65, 0.0, 0.0)",0.0,25,VISIBLE,-1.96,4.77
217,24,can,0.7638,759.32,408.55,783.67,441.6,771.49,425.08,24.35,33.05,804.89,0.74,Vertical Oblong,Green,"(65, 80, 96)","(37.65, -17.0, 11.0)",20.25,26,VISIBLE,-3.16,0.44
217,21,car,0.5069,506.2,406.4,534.28,428.74,520.24,417.57,28.08,22.34,627.24,1.26,Horizontal Oblong,Grey,"(98, 45, 127)","(50.59, -5.0, -5.0)",7.07,30,VISIBLE,-4.7,0.4
217,7,bicycle,0.8546,499.02,371.2,712.58,680.68,605.8,525.94,213.56,309.48,66093.44,0.69,Vertical Oblong,Orange,"(23, 128, 135)","(49.41, 0.0, 28.0)",28.0,31,VISIBLE,-0.07,1.04
218,1,person,0.9434,500.7,145.64,737.15,628.44,618.93,387.04,236.45,482.8,114160.32,0.49,Vertical Oblong,Grey,"(69, 43, 95)","(38.04, -1.0, 0.0)",1.0,25,VISIBLE,-0.54,2.74
218,24,can,0.7164,755.39,408.93,780.21,442.06,767.8,425.5,24.82,33.13,822.2,0.75,Vertical Oblong,Green,"(65, 81, 95)","(37.65, -17.0, 11.0)",20.25,26,VISIBLE,-3.53,0.43
218,21,car,0.3619,501.28,406.48,529.55,429.12,515.42,417.8,28.26,22.65,640.13,1.25,Spherical / Regular,Grey,"(97, 49, 129)","(50.0, -5.0, -5.0)",7.07,30,VISIBLE,-4.79,0.28
219,1,person,0.9476,499.82,143.1,738.6,631.19,619.21,387.14,238.78,488.09,116547.79,0.49,Vertical Oblong,Grey,"(66, 43, 95)","(38.43, 0.0, 0.0)",0.0,25,VISIBLE,0.04,0.9
219,24,can,0.795,751.06,409.07,776.72,442.54,763.89,425.81,25.66,33.47,858.89,0.77,Vertical Oblong,Green,"(65, 77, 96)","(38.04, -16.0, 10.0)",18.87,26,VISIBLE,-3.8,0.35
219,21,car,0.5138,496.51,406.89,524.99,429.85,510.75,418.37,28.48,22.95,653.66,1.24,Spherical / Regular,Grey,"(97, 51, 132)","(51.37, -5.0, -5.0)",7.07,30,VISIBLE,-4.7,0.48
220,1,person,0.9516,499.36,140.63,741.21,630.67,620.29,385.65,241.84,490.04,118512.7,0.49,Vertical Oblong,Grey,"(60, 45, 93)","(37.25, 0.0, 0.0)",0.0,25,VISIBLE,0.76,-0.78
220,24,can,0.6965,746.63,409.45,773.39,443.17,760.01,426.31,26.77,33.73,902.8,0.79,Vertical Oblong,Green,"(64, 77, 98)","(38.43, -16.0, 11.0)",19.42,26,VISIBLE,-3.86,0.46
220,21,car,0.5994,492.08,407.44,520.45,429.88,506.27,418.66,28.37,22.44,636.46,1.26,Horizontal Oblong,Grey,"(98, 51, 136)","(52.55, -5.0, -6.0)",7.81,30,VISIBLE,-4.55,0.35
221,1,person,0.9527,499.55,137.85,743.92,627.68,621.73,382.77,244.36,489.83,119695.18,0.5,Vertical Oblong,Grey,"(55, 46, 90)","(36.47, 0.0, 0.0)",0.0,25,VISIBLE,1.24,-2.25
221,24,can,0.6913,743.34,410.19,770.29,443.96,756.81,427.07,26.95,33.78,910.49,0.8,Spherical / Regular,Green,"(65, 78, 97)","(38.04, -17.0, 11.0)",20.25,26,VISIBLE,-3.39,0.67
221,21,car,0.6358,487.83,408.09,515.86,430.42,501.84,419.26,28.04,22.33,626.14,1.26,Horizontal Oblong,Grey,"(98, 52, 135)","(52.55, -5.0, -6.0)",7.81,30,VISIBLE,-4.46,0.52
222,1,person,0.9517,499.65,135.02,746.52,620.48,623.08,377.75,246.87,485.46,119845.07,0.51,Vertical Oblong,Grey,"(84, 50, 83)","(33.33, -1.0, 0.0)",1.0,25,VISIBLE,1.32,-4.19
222,21,car,0.6623,483.04,408.83,511.72,431.44,497.38,420.14,28.68,22.62,648.72,1.27,Horizontal Oblong,Grey,"(97, 53, 135)","(52.16, -6.0, -6.0)",8.49,30,VISIBLE,-4.46,0.77
222,24,can,0.5648,740.38,411.07,767.68,444.77,754.03,427.92,27.3,33.71,920.22,0.81,Spherical / Regular,Green,"(65, 79, 97)","(38.04, -17.0, 10.0)",19.72,26,VISIBLE,-2.97,0.79
223,1,person,0.9511,500.29,132.71,749.27,617.2,624.78,374.96,248.98,484.48,120628.67,0.51,Vertical Oblong,Grey,"(90, 55, 78)","(31.37, -1.0, 0.0)",1.0,25,VISIBLE,1.58,-3.21
223,21,car,0.6942,478.79,409.74,507.47,432.84,493.13,421.29,28.68,23.1,662.34,1.24,Spherical / Regular,Grey,"(98, 49, 136)","(52.55, -5.0, -6.0)",7.81,30,VISIBLE,-4.31,1.04
223,24,can,0.5615,737.52,412.13,764.99,445.82,751.26,428.98,27.47,33.69,925.53,0.82,Spherical / Regular,Green,"(65, 78, 97)","(38.24, -16.0, 10.0)",18.87,26,VISIBLE,-2.83,0.98
224,1,person,0.9524,501.03,130.62,753.51,619.8,627.27,375.21,252.47,489.18,123504.79,0.52,Vertical Oblong,Grey,"(90, 56, 77)","(30.98, -1.0, 0.0)",1.0,25,VISIBLE,2.22,-0.79
224,21,car,0.6273,474.86,410.97,503.18,433.98,489.02,422.47,28.32,23.01,651.83,1.23,Spherical / Regular,Grey,"(98, 50, 138)","(52.94, -5.0, -6.0)",7.81,30,VISIBLE,-4.17,1.14
224,24,can,0.4285,735.56,412.85,762.36,446.84,748.96,429.84,26.79,33.99,910.67,0.79,Vertical Oblong,Green,"(65, 80, 97)","(38.04, -17.0, 10.0)",19.72,26,VISIBLE,-2.46,0.9
225,1,person,0.9531,501.77,128.93,757.84,624.94,629.8,376.94,256.06,496.01,127009.67,0.52,Vertical Oblong,Grey,"(90, 56, 80)","(31.76, 0.0, 0.0)",0.0,25,VISIBLE,2.44,0.97
225,21,car,0.6058,470.81,411.9,499.34,435.12,485.08,423.51,28.53,23.22,662.44,1.23,Spherical / Regular,Grey,"(97, 49, 135)","(52.55, -6.0, -6.0)",8.49,30,VISIBLE,-4.01,1.07
225,24,can,0.3154,734.98,412.91,760.19,448.0,747.58,430.46,25.21,35.09,884.62,0.72,Vertical Oblong,Green,"(65, 84, 97)","(38.04, -17.0, 10.0)",19.72,26,VISIBLE,-1.7,0.7
226,1,person,0.9551,502.47,127.23,763.11,636.82,632.79,382.03,260.64,509.59,132817.94,0.51,Vertical Oblong,Grey,"(84, 56, 80)","(32.16, -1.0, 0.0)",1.0,25,VISIBLE,2.82,3.85
226,21,car,0.6869,466.67,412.62,495.58,436.15,481.13,424.38,28.9,23.53,680.14,1.23,Spherical / Regular,Grey,"(97, 51, 133)","(51.76, -6.0, -6.0)",8.49,30,VISIBLE,-3.97,0.93
226,24,can,0.3154,732.67,413.44,757.48,448.92,745.08,431.18,24.81,35.47,880.12,0.7,Vertical Oblong,Green,"(67, 74, 91)","(35.69, -14.0, 7.0)",15.65,26,VISIBLE,-2.27,0.72
227,1,person,0.9577,503.01,124.64,768.55,649.72,635.78,387.18,265.54,525.08,139430.35,0.51,Vertical Oblong,Grey,"(62, 55, 82)","(32.94, 0.0, 0.0)",0.0,25,VISIBLE,2.94,4.76
227,21,car,0.5977,463.03,413.47,492.2,436.91,477.62,425.19,29.17,23.44,683.91,1.24,Spherical / Regular,Grey,"(98, 49, 136)","(52.55, -5.0, -7.0)",8.6,30,VISIBLE,-3.65,0.84
227,24,can,0.3154,730.37,413.97,754.78,449.83,742.57,431.9,24.41,35.86,875.32,0.68,Vertical Oblong,Black,"(100, 66, 34)","(11.37, -2.0, -3.0)",3.61,26,VISIBLE,-2.43,0.72
228,1,person,0.9573,503.97,120.65,774.73,663.38,639.35,392.02,270.76,542.73,146945.87,0.5,Vertical Oblong,Grey,"(50, 55, 86)","(34.51, 0.0, 0.0)",0.0,25,VISIBLE,3.38,4.81
228,21,car,0.5458,459.64,414.35,488.71,437.64,474.17,425.99,29.07,23.29,677.2,1.25,Spherical / Regular,Grey,"(98, 48, 136)","(52.55, -5.0, -6.0)",7.81,30,VISIBLE,-3.5,0.82
228,24,can,0.3154,728.06,414.5,752.07,450.75,740.06,432.62,24.01,36.24,870.2,0.66,Vertical Oblong,Black,"(100, 82, 29)","(9.02, -2.0, -3.0)",3.61,26,VISIBLE,-2.49,0.72
229,1,person,0.9545,505.52,114.89,780.77,676.43,643.15,395.66,275.25,561.54,154561.88,0.49,Vertical Oblong,Grey,"(45, 58, 85)","(33.73, 0.0, 1.0)",1.0,25,VISIBLE,3.67,4.0
229,21,car,0.5007,456.66,415.24,485.32,438.51,470.99,426.88,28.66,23.27,666.93,1.23,Spherical / Regular,Grey,"(98, 47, 137)","(52.35, -5.0, -6.0)",7.81,30,VISIBLE,-3.28,0.86
229,24,can,0.3154,725.75,415.03,749.36,451.66,737.56,433.35,23.61,36.63,864.78,0.64,Vertical Oblong,Black,"(106, 95, 32)","(9.02, 0.0, -6.0)",6.0,26,VISIBLE,-2.5,0.72
230,1,person,0.9526,506.54,108.92,787.22,687.86,646.88,398.39,280.67,578.94,162493.22,0.48,Vertical Oblong,Grey,"(44, 59, 84)","(33.73, 0.0, 1.0)",1.0,25,VISIBLE,3.72,3.11
230,21,car,0.5404,453.33,416.06,481.98,439.41,467.65,427.73,28.66,23.35,669.16,1.23,Spherical / Regular,Grey,"(98, 51, 135)","(52.16, -5.0, -6.0)",7.81,30,VISIBLE,-3.32,0.86
230,24,can,0.3154,723.44,415.56,746.66,452.57,735.05,434.07,23.21,37.01,859.05,0.63,Vertical Oblong,Black,"(106, 80, 33)","(9.41, 0.0, -5.0)",5.0,26,VISIBLE,-2.5,0.72
231,1,person,0.949,506.71,103.13,793.76,696.58,650.23,399.85,287.05,593.44,170345.29,0.48,Vertical Oblong,Grey,"(44, 58, 86)","(34.51, 0.0, 0.0)",0.0,25,VISIBLE,3.46,1.96
231,21,car,0.591,450.03,416.97,479.02,440.45,464.52,428.71,28.99,23.48,680.83,1.23,Spherical / Regular,Grey,"(98, 48, 138)","(53.33, -5.0, -6.0)",7.81,30,VISIBLE,-3.19,0.94
232,1,person,0.9513,505.82,97.96,800.35,704.48,653.09,401.22,294.53,606.52,178638.89,0.49,Vertical Oblong,Grey,"(45, 57, 83)","(33.33, 0.0, 0.0)",0.0,25,VISIBLE,3.03,1.54
232,21,car,0.5423,446.93,417.93,476.1,441.24,461.51,429.59,29.17,23.31,680.14,1.25,Spherical / Regular,Grey,"(97, 50, 137)","(53.33, -6.0, -6.0)",8.49,30,VISIBLE,-3.06,0.89
232,23,car,0.5029,495.57,418.81,521.44,435.74,508.51,427.27,25.87,16.93,437.91,1.53,Horizontal Oblong,Grey,"(98, 29, 157)","(61.96, -3.0, -4.0)",5.0,32,VISIBLE,-2.86,0.23
233,1,person,0.9522,504.57,93.89,806.21,711.62,655.39,402.75,301.63,617.73,186326.18,0.49,Vertical Oblong,Grey,"(48, 58, 82)","(32.94, 0.0, 0.0)",0.0,25,VISIBLE,2.52,1.54
233,21,car,0.5298,443.76,418.74,473.14,442.1,458.45,430.42,29.38,23.36,686.42,1.26,Horizontal Oblong,Grey,"(98, 48, 136)","(52.94, -5.0, -5.0)",7.07,30,VISIBLE,-3.06,0.85
233,23,car,0.598,493.32,419.74,518.86,436.26,506.09,428.0,25.55,16.52,422.14,1.55,Horizontal Oblong,Grey,"(98, 26, 155)","(61.96, -3.0, -3.0)",4.24,32,VISIBLE,-2.55,0.58
234,1,person,0.9528,503.12,90.25,812.04,717.63,657.58,403.94,308.92,627.38,193807.57,0.49,Vertical Oblong,Grey,"(50, 59, 81)","(32.55, 0.0, 0.0)",0.0,25,VISIBLE,2.29,1.29
234,21,car,0.5673,440.74,419.8,469.86,443.12,455.3,431.46,29.12,23.32,679.04,1.25,Spherical / Regular,Grey,"(96, 48, 134)","(52.55, -6.0, -5.0)",7.81,30,VISIBLE,-3.12,0.98
234,23,car,0.5666,490.16,420.65,515.84,437.21,503.0,428.93,25.68,16.56,425.25,1.55,Horizontal Oblong,Grey,"(98, 27, 154)","(61.96, -4.0, -3.5)",5.32,32,VISIBLE,-2.93,0.82
235,1,person,0.953,501.59,86.26,818.28,722.49,659.94,404.37,316.7,636.22,201489.79,0.5,Vertical Oblong,Grey,"(50, 58, 80)","(32.16, 0.0, 0.0)",0.0,25,VISIBLE,2.34,0.69
235,21,car,0.575,437.32,420.9,466.54,444.23,451.93,432.57,29.22,23.33,681.65,1.25,Spherical / Regular,Grey,"(98, 45, 136)","(52.94, -5.0, -5.0)",7.07,30,VISIBLE,-3.3,1.07
235,23,car,0.5479,486.6,421.97,512.29,438.47,499.45,430.22,25.68,16.49,423.59,1.56,Horizontal Oblong,Grey,"(98, 26, 153)","(61.18, -3.0, -3.0)",4.24,32,VISIBLE,-3.37,1.15
236,1,person,0.9458,499.56,80.75,824.25,724.93,661.9,402.84,324.69,644.18,209160.23,0.5,Vertical Oblong,Grey,"(63, 60, 77)","(30.98, 0.0, 0.0)",0.0,25,VISIBLE,2.08,-0.87
236,21,car,0.4979,434.03,422.13,463.32,445.49,448.67,433.81,29.3,23.37,684.59,1.25,Spherical / Regular,Grey,"(98, 47, 136)","(53.73, -5.0, -6.0)",7.81,30,VISIBLE,-3.27,1.19
236,23,car,0.5984,482.71,423.29,508.95,440.02,495.83,431.65,26.24,16.73,438.92,1.57,Horizontal Oblong,Grey,"(98, 26, 155)","(61.57, -3.0, -4.0)",5.0,32,VISIBLE,-3.54,1.35
237,1,person,0.9501,497.01,75.34,829.79,725.27,663.4,400.3,332.78,649.94,216283.29,0.51,Vertical Oblong,Grey,"(84, 59, 77)","(30.59, 0.0, 0.0)",0.0,25,VISIBLE,1.67,-2.03
237,21,car,0.4584,430.93,423.19,460.07,446.2,445.5,434.7,29.14,23.01,670.54,1.27,Horizontal Oblong,Grey,"(98, 45, 136)","(54.12, -5.0, -6.0)",7.81,30,VISIBLE,-3.2,0.98
237,23,car,0.4434,478.88,424.38,505.59,441.36,492.24,432.87,26.71,16.98,453.52,1.57,Horizontal Oblong,Grey,"(99, 27, 155)","(61.57, -3.0, -4.0)",5.0,32,VISIBLE,-3.58,1.26
238,1,person,0.9568,493.38,70.0,834.74,725.39,664.06,397.7,341.37,655.39,223728.48,0.52,Vertical Oblong,Grey,"(90, 60, 76)","(30.2, 0.0, 0.0)",0.0,25,VISIBLE,0.96,-2.44
238,21,car,0.4697,427.91,424.36,457.06,447.76,442.49,436.06,29.15,23.4,682.06,1.25,Spherical / Regular,Grey,"(98, 47, 137)","(54.51, -5.0, -6.0)",7.81,30,VISIBLE,-3.07,1.25
238,23,car,0.5663,475.17,425.29,501.96,442.48,488.57,433.88,26.79,17.19,460.44,1.56,Horizontal Oblong,Grey,"(100, 28, 155)","(61.18, -3.0, -4.0)",5.0,32,VISIBLE,-3.64,1.09
239,1,person,0.961,490.1,63.98,839.58,724.48,664.84,394.23,349.48,660.5,230834.3,0.53,Vertical Oblong,Grey,"(90, 59, 73)","(29.02, 0.0, 0.0)",0.0,25,VISIBLE,0.83,-3.16
239,21,car,0.5042,424.93,425.78,453.52,449.41,439.22,437.59,28.59,23.63,675.57,1.21,Spherical / Regular,Grey,"(98, 44, 138)","(54.51, -5.0, -5.0)",7.07,30,VISIBLE,-3.2,1.45
239,23,car,0.5837,471.25,426.23,498.38,443.85,484.81,435.04,27.13,17.62,478.03,1.54,Horizontal Oblong,Grey,"(99, 27, 155)","(61.37, -3.0, -4.0)",5.0,32,VISIBLE,-3.72,1.13
240,1,person,0.9602,486.85,57.26,844.41,723.11,665.63,390.18,357.56,665.85,238081.54,0.54,Vertical Oblong,Grey,"(90, 60, 71)","(28.24, 0.0, -1.0)",1.0,25,VISIBLE,0.8,-3.78
240,21,car,0.5855,421.38,426.96,450.36,451.0,435.87,438.98,28.98,24.04,696.72,1.21,Spherical / Regular,Grey,"(97, 45, 137)","(54.51, -5.0, -5.0)",7.07,30,VISIBLE,-3.31,1.4
240,23,car,0.5005,467.64,427.36,494.77,445.05,481.21,436.2,27.13,17.69,479.82,1.53,Horizontal Oblong,Grey,"(99, 26, 154)","(60.98, -3.0, -4.0)",5.0,32,VISIBLE,-3.64,1.16
