frame,track_id,class_name,confidence,x1,y1,x2,y2,center_x,center_y,width,height,area,aspect_ratio,shape_type,color,color_hsv,lab,chroma,raw_track_id,memory_state,velocity_x,velocity_y
2,1,chair,0.9123,489.07,76.17,905.06,681.38,697.06,378.78,415.99,605.21,251757.04,0.69,Vertical Oblong,Red,"(10, 180, 93)","(23.92, 21.0, 14.0)",25.24,1,VISIBLE,0.0,0.0
2,2,chair,0.6449,48.08,257.17,347.12,667.03,197.6,462.1,299.04,409.85,122563.42,0.73,Vertical Oblong,Blue,"(115, 96, 82)","(24.31, 8.0, -12.0)",14.42,2,VISIBLE,0.0,0.0
2,3,dog,0.4877,558.71,243.04,828.68,426.41,693.7,334.72,269.97,183.37,49503.53,1.47,Horizontal Oblong,Orange,"(11, 173, 122)","(33.14, 21.0, 18.0)",27.66,3,VISIBLE,0.0,0.0
3,1,chair,0.9116,489.35,74.92,904.37,680.55,696.86,377.73,415.03,605.63,251354.16,0.69,Vertical Oblong,Red,"(10, 179, 94)","(23.92, 20.0, 14.0)",24.41,1,VISIBLE,-0.2,-1.04
3,2,chair,0.6857,48.32,256.11,347.28,666.96,197.8,461.54,298.96,410.86,122828.67,0.73,Vertical Oblong,Blue,"(115, 96, 82)","(24.31, 8.0, -12.0)",14.42,2,VISIBLE,0.2,-0.56
3,3,dog,0.4707,559.04,242.38,829.1,426.05,694.07,334.21,270.06,183.66,49600.7,1.47,Horizontal Oblong,Orange,"(11, 173, 121)","(32.94, 20.0, 18.0)",26.91,3,VISIBLE,0.38,-0.51
4,1,chair,0.9012,489.68,73.71,904.3,679.69,696.99,376.7,414.62,605.98,251253.22,0.68,Vertical Oblong,Red,"(10, 179, 93)","(23.92, 20.0, 14.0)",24.41,1,VISIBLE,0.03,-1.04
4,2,chair,0.6928,47.12,255.81,347.46,666.67,197.29,461.24,300.34,410.85,123396.55,0.73,Vertical Oblong,Blue,"(115, 96, 82)","(24.31, 8.0, -12.0)",14.42,2,VISIBLE,-0.3,-0.38
4,3,dog,0.4922,559.46,241.71,825.02,425.22,692.24,333.46,265.56,183.51,48731.91,1.45,Horizontal Oblong,Orange,"(11, 170, 123)","(33.73, 20.0, 17.0)",26.25,3,VISIBLE,-1.17,-0.68
5,1,chair,0.9034,489.81,72.28,904.66,678.68,697.23,375.48,414.85,606.4,251563.13,0.68,Vertical Oblong,Red,"(10, 181, 93)","(23.92, 20.0, 14.0)",24.41,1,VISIBLE,0.18,-1.16
5,2,chair,0.6685,47.71,254.11,347.42,666.08,197.56,460.1,299.71,411.97,123472.84,0.73,Vertical Oblong,Blue,"(114, 96, 84)","(25.1, 8.0, -12.0)",14.42,2,VISIBLE,0.1,-0.91
5,3,dog,0.6279,559.89,240.61,837.11,425.2,698.5,332.91,277.21,184.6,51173.16,1.5,Horizontal Oblong,Orange,"(11, 177, 119)","(32.16, 20.0, 18.0)",26.91,3,VISIBLE,4.03,-0.6
6,1,chair,0.8962,489.86,71.08,905.79,677.89,697.83,374.48,415.93,606.81,252387.4,0.69,Vertical Oblong,Red,"(10, 178, 93)","(23.92, 20.0, 14.0)",24.41,1,VISIBLE,0.47,-1.05
6,2,chair,0.6663,49.55,252.77,347.43,665.46,198.49,459.11,297.88,412.69,122933.91,0.72,Vertical Oblong,Blue,"(115, 95, 83)","(24.71, 8.0, -12.0)",14.42,2,VISIBLE,0.68,-0.96
6,3,dog,0.4742,560.5,239.84,823.91,424.34,692.2,332.09,263.42,184.5,48599.75,1.43,Horizontal Oblong,Orange,"(11, 168, 123)","(34.12, 20.0, 17.0)",26.25,3,VISIBLE,-3.2,-0.75
7,1,chair,0.886,490.07,70.17,906.72,677.16,698.39,373.66,416.64,606.99,252900.02,0.69,Vertical Oblong,Red,"(10, 179, 93)","(23.92, 20.0, 14.0)",24.41,1,VISIBLE,0.54,-0.89
7,2,chair,0.6683,50.04,252.58,347.21,665.75,198.63,459.16,297.17,413.17,122782.43,0.72,Vertical Oblong,Blue,"(115, 95, 83)","(24.71, 8.0, -12.0)",14.42,2,VISIBLE,0.3,-0.25
7,3,dog,0.4393,560.61,238.9,813.55,423.32,687.08,331.11,252.94,184.42,46646.97,1.37,Horizontal Oblong,Orange,"(11, 164, 125)","(34.9, 19.0, 17.0)",25.5,3,VISIBLE,-4.55,-0.91
8,1,chair,0.9062,490.1,69.07,907.37,676.77,698.74,372.92,417.27,607.7,253572.93,0.69,Vertical Oblong,Red,"(10, 178, 93)","(23.92, 20.0, 14.0)",24.41,1,VISIBLE,0.4,-0.79
8,2,chair,0.6746,50.6,251.14,347.38,665.57,198.99,458.35,296.78,414.43,122992.74,0.72,Vertical Oblong,Blue,"(115, 95, 83)","(24.71, 8.0, -12.0)",14.42,2,VISIBLE,0.34,-0.64
8,3,dog,0.4801,560.79,237.78,805.22,421.69,683.0,329.73,244.43,183.91,44953.78,1.33,Horizontal Oblong,Orange,"(11, 162, 127)","(36.08, 19.0, 16.0)",24.84,3,VISIBLE,-4.22,-1.24
9,1,chair,0.9125,490.09,68.45,907.63,676.49,698.86,372.47,417.53,608.05,253880.98,0.69,Vertical Oblong,Red,"(10, 180, 93)","(23.92, 20.0, 14.0)",24.41,1,VISIBLE,0.21,-0.55
9,2,chair,0.66,50.09,250.82,347.13,666.18,198.61,458.5,297.04,415.36,123378.03,0.72,Vertical Oblong,Blue,"(114, 96, 84)","(25.1, 8.0, -12.0)",14.42,2,VISIBLE,-0.16,-0.09
9,3,dog,0.5104,560.84,236.91,801.46,420.25,681.15,328.58,240.62,183.34,44115.4,1.31,Horizontal Oblong,Orange,"(11, 162, 128)","(36.86, 19.0, 16.0)",24.84,3,VISIBLE,-2.56,-1.18
10,1,chair,0.9133,490.1,67.99,907.77,676.5,698.93,372.24,417.67,608.5,254153.51,0.69,Vertical Oblong,Red,"(10, 178, 94)","(23.92, 20.0, 14.0)",24.41,1,VISIBLE,0.11,-0.32
10,2,chair,0.6429,50.42,250.35,346.83,666.83,198.63,458.59,296.41,416.48,123450.12,0.71,Vertical Oblong,Blue,"(115, 96, 82)","(24.31, 8.0, -12.0)",14.42,2,VISIBLE,-0.04,0.04
10,3,dog,0.5069,560.81,236.38,799.57,419.25,680.19,327.82,238.76,182.87,43661.91,1.31,Horizontal Oblong,Orange,"(11, 161, 129)","(37.25, 19.0, 16.0)",24.84,3,VISIBLE,-1.44,-0.89
10,4,sofa,0.4407,0.0,300.93,93.32,645.82,46.66,473.38,93.32,344.9,32186.93,0.27,Vertical Oblong,Black,"(106, 49, 55)","(21.18, 3.0, 1.0)",3.16,4,VISIBLE,0.0,0.0
11,1,chair,0.9144,490.06,67.6,907.94,676.66,699.0,372.13,417.88,609.06,254516.2,0.69,Vertical Oblong,Red,"(10, 178, 94)","(23.92, 20.0, 14.0)",24.41,1,VISIBLE,0.08,-0.18
11,2,chair,0.6457,51.71,250.32,346.45,667.25,199.08,458.78,294.74,416.93,122884.84,0.71,Vertical Oblong,Blue,"(115, 95, 83)","(24.71, 8.0, -12.0)",14.42,2,VISIBLE,0.31,0.15
11,4,sofa,0.4697,0.0,303.29,93.08,645.48,46.54,474.38,93.08,342.19,31849.79,0.27,Vertical Oblong,Black,"(106, 50, 55)","(20.78, 3.0, 2.0)",3.61,4,VISIBLE,-0.12,1.01
11,3,dog,0.497,560.69,236.13,799.2,418.54,679.95,327.34,238.51,182.41,43507.41,1.31,Horizontal Oblong,Orange,"(11, 160, 128)","(36.86, 19.0, 16.0)",24.84,3,VISIBLE,-0.6,-0.6
12,1,chair,0.9122,489.95,67.18,908.09,676.86,699.02,372.02,418.14,609.68,254935.37,0.69,Vertical Oblong,Red,"(10, 178, 94)","(23.92, 20.0, 14.0)",24.41,1,VISIBLE,0.04,-0.13
12,2,chair,0.6297,52.35,250.63,345.99,667.59,199.17,459.11,293.64,416.96,122437.04,0.7,Vertical Oblong,Blue,"(115, 95, 84)","(24.71, 8.0, -12.0)",14.42,2,VISIBLE,0.16,0.27
12,4,sofa,0.432,0.0,306.02,93.14,645.47,46.57,475.74,93.14,339.45,31615.81,0.27,Vertical Oblong,Black,"(104, 51, 54)","(20.78, 3.0, 2.0)",3.61,4,VISIBLE,-0.02,1.25
12,3,dog,0.4936,560.4,235.98,799.52,418.29,679.96,327.14,239.12,182.31,43593.17,1.31,Horizontal Oblong,Orange,"(11, 160, 129)","(37.25, 19.0, 16.0)",24.84,3,VISIBLE,-0.17,-0.32
13,1,chair,0.9171,489.61,66.87,908.31,677.05,698.96,371.96,418.7,610.18,255481.52,0.69,Vertical Oblong,Red,"(10, 179, 93)","(23.92, 20.0, 14.0)",24.41,1,VISIBLE,-0.03,-0.08
13,2,chair,0.6188,54.59,250.84,345.49,667.83,200.04,459.33,290.9,416.99,121302.09,0.7,Vertical Oblong,Blue,"(114, 96, 83)","(24.71, 8.0, -12.0)",14.42,2,VISIBLE,0.66,0.24
13,4,sofa,0.3823,0.01,307.02,92.6,646.54,46.3,476.78,92.59,339.52,31435.61,0.27,Vertical Oblong,Black,"(102, 51, 54)","(20.78, 3.0, 1.0)",3.16,4,VISIBLE,-0.19,1.1
13,3,dog,0.5101,560.0,235.89,800.59,418.16,680.3,327.02,240.59,182.27,43851.7,1.32,Horizontal Oblong,Orange,"(11, 161, 128)","(36.86, 19.0, 16.0)",24.84,3,VISIBLE,0.18,-0.17
14,1,chair,0.9189,489.38,66.55,908.5,677.08,698.94,371.81,419.12,610.53,255887.19,0.69,Vertical Oblong,Red,"(10, 177, 94)","(23.92, 20.0, 14.0)",24.41,1,VISIBLE,-0.02,-0.13
14,2,chair,0.6385,56.29,250.82,345.14,667.98,200.71,459.4,288.84,417.17,120496.66,0.69,Vertical Oblong,Blue,"(115, 96, 82)","(24.31, 8.0, -12.0)",14.42,2,VISIBLE,0.67,0.12
14,4,sofa,0.3978,0.02,307.33,92.32,646.64,46.17,476.98,92.31,339.31,31320.78,0.27,Vertical Oblong,Black,"(106, 50, 54)","(20.78, 3.0, 2.0)",3.61,4,VISIBLE,-0.15,0.47
14,3,dog,0.5309,559.62,235.81,801.87,417.6,680.74,326.71,242.25,181.79,44039.84,1.33,Horizontal Oblong,Orange,"(11, 160, 129)","(37.25, 19.0, 15.0)",24.21,3,VISIBLE,0.37,-0.28
15,1,chair,0.9215,489.18,65.85,908.49,677.07,698.84,371.46,419.31,611.21,256289.76,0.69,Vertical Oblong,Red,"(10, 178, 94)","(23.92, 20.0, 14.0)",24.41,1,VISIBLE,-0.08,-0.29
15,2,chair,0.6382,57.26,250.48,344.84,668.13,201.05,459.31,287.58,417.64,120103.93,0.69,Vertical Oblong,Blue,"(114, 96, 83)","(24.71, 8.0, -12.0)",14.42,2,VISIBLE,0.44,-0.03
15,4,sofa,0.3608,0.02,307.37,92.11,646.79,46.07,477.08,92.09,339.42,31257.52,0.27,Vertical Oblong,Black,"(105, 50, 54)","(20.78, 3.0, 2.0)",3.61,4,VISIBLE,-0.12,0.21
15,3,dog,0.5479,559.26,235.54,802.92,417.1,681.09,326.32,243.65,181.56,44237.65,1.34,Horizontal Oblong,Orange,"(11, 160, 127)","(36.86, 19.0, 16.0)",24.84,3,VISIBLE,0.35,-0.35
16,1,chair,0.9158,489.07,65.26,908.87,676.91,698.97,371.09,419.8,611.65,256771.5,0.69,Vertical Oblong,Red,"(10, 177, 94)","(23.92, 20.0, 14.0)",24.41,1,VISIBLE,0.07,-0.35
16,2,chair,0.632,57.31,250.46,344.66,668.13,200.99,459.29,287.35,417.67,120016.19,0.69,Vertical Oblong,Blue,"(114, 96, 83)","(24.71, 8.0, -12.0)",14.42,2,VISIBLE,0.09,-0.02
16,4,sofa,0.3588,0.02,307.62,91.99,646.77,46.01,477.2,91.96,339.16,31190.0,0.27,Vertical Oblong,Black,"(106, 50, 54)","(20.78, 3.0, 2.0)",3.61,4,VISIBLE,-0.08,0.14
16,3,dog,0.5657,559.04,235.07,803.52,416.86,681.28,325.96,244.48,181.79,44445.47,1.34,Horizontal Oblong,Orange,"(11, 160, 127)","(36.08, 19.0, 15.0)",24.21,3,VISIBLE,0.24,-0.35
17,1,chair,0.9142,489.07,64.83,909.34,676.83,699.2,370.83,420.27,612.0,257207.81,0.69,Vertical Oblong,Red,"(10, 179, 94)","(23.92, 20.0, 14.0)",24.41,1,VISIBLE,0.19,-0.28
17,2,chair,0.6272,56.38,249.84,344.79,668.08,200.59,458.96,288.41,418.24,120624.86,0.69,Vertical Oblong,Blue,"(113, 97, 84)","(24.71, 8.0, -12.0)",14.42,2,VISIBLE,-0.25,-0.24
17,4,sofa,0.3495,0.02,307.82,92.29,646.58,46.16,477.2,92.26,338.76,31254.16,0.27,Vertical Oblong,Black,"(106, 50, 54)","(20.78, 3.0, 2.0)",3.61,4,VISIBLE,0.08,0.05
17,3,dog,0.5521,559.31,234.59,804.5,416.56,681.91,325.57,245.18,181.98,44617.53,1.35,Horizontal Oblong,Orange,"(11, 161, 126)","(36.08, 19.0, 16.0)",24.84,3,VISIBLE,0.51,-0.38
18,1,chair,0.9134,489.22,64.26,910.28,676.66,699.75,370.46,421.06,612.41,257859.61,0.69,Vertical Oblong,Red,"(10, 177, 93)","(23.92, 20.0, 14.0)",24.41,1,VISIBLE,0.44,-0.34
18,2,chair,0.6182,54.92,248.94,345.11,668.01,200.01,458.47,290.19,419.07,121610.27,0.69,Vertical Oblong,Blue,"(114, 97, 83)","(24.71, 8.0, -12.0)",14.42,2,VISIBLE,-0.48,-0.41
18,4,sofa,0.3315,0.02,308.2,93.32,646.12,46.67,477.16,93.3,337.92,31528.03,0.28,Vertical Oblong,Black,"(106, 52, 54)","(20.78, 3.0, 2.0)",3.61,4,VISIBLE,0.39,-0.01
18,3,dog,0.5412,559.64,234.02,805.95,416.28,682.79,325.15,246.31,182.26,44892.74,1.35,Horizontal Oblong,Orange,"(11, 159, 127)","(36.47, 19.0, 15.0)",24.21,3,VISIBLE,0.78,-0.41
19,1,chair,0.917,489.5,63.81,912.26,676.48,700.88,370.14,422.76,612.68,259016.47,0.69,Vertical Oblong,Red,"(10, 177, 94)","(23.92, 20.0, 14.0)",24.41,1,VISIBLE,0.92,-0.32
19,2,chair,0.6298,53.08,248.27,345.44,667.93,199.26,458.1,292.37,419.66,122694.74,0.7,Vertical Oblong,Blue,"(114, 96, 83)","(24.71, 8.0, -12.0)",14.42,2,VISIBLE,-0.67,-0.39
19,4,sofa,0.3467,0.02,308.38,93.67,645.51,46.85,476.95,93.65,337.13,31572.07,0.28,Vertical Oblong,Black,"(106, 52, 54)","(20.39, 3.0, 2.0)",3.61,4,VISIBLE,0.24,-0.15
19,3,dog,0.5631,560.16,233.23,806.62,415.04,683.39,324.14,246.47,181.81,44810.03,1.36,Horizontal Oblong,Orange,"(11, 160, 126)","(36.08, 19.0, 15.0)",24.21,3,VISIBLE,0.65,-0.83
20,1,chair,0.9184,489.69,63.46,912.7,676.18,701.2,369.82,423.02,612.72,259190.78,0.69,Vertical Oblong,Red,"(10, 177, 93)","(23.92, 20.0, 14.0)",24.41,1,VISIBLE,0.5,-0.32
20,2,chair,0.6297,53.28,247.77,345.63,667.87,199.45,457.82,292.34,420.1,122812.87,0.7,Vertical Oblong,Blue,"(114, 97, 83)","(24.31, 8.0, -12.0)",14.42,2,VISIBLE,-0.06,-0.31
20,4,sofa,0.3497,0.02,308.57,93.22,645.77,46.62,477.17,93.19,337.2,31424.48,0.28,Vertical Oblong,Black,"(106, 52, 54)","(20.39, 3.0, 2.0)",3.61,4,VISIBLE,-0.09,0.11
20,3,dog,0.5591,560.66,232.6,807.62,413.96,684.14,323.28,246.95,181.36,44786.9,1.36,Horizontal Oblong,Orange,"(11, 160, 126)","(36.08, 19.0, 15.0)",24.21,3,VISIBLE,0.72,-0.85
21,1,chair,0.9192,489.76,63.01,912.5,675.88,701.13,369.44,422.74,612.88,259087.46,0.69,Vertical Oblong,Red,"(10, 179, 93)","(23.92, 20.0, 14.0)",24.41,1,VISIBLE,0.1,-0.36
21,2,chair,0.6276,53.42,247.51,345.75,667.84,199.58,457.68,292.33,420.33,122875.57,0.7,Vertical Oblong,Blue,"(113, 97, 84)","(24.71, 8.0, -12.0)",14.42,2,VISIBLE,0.07,-0.2
21,4,sofa,0.3233,0.02,308.74,92.56,646.28,46.29,477.51,92.53,337.54,31234.47,0.27,Vertical Oblong,Black,"(104, 52, 54)","(20.39, 3.0, 2.0)",3.61,4,VISIBLE,-0.26,0.27
21,3,dog,0.5933,561.09,232.18,807.49,413.26,684.29,322.72,246.4,181.08,44618.3,1.36,Horizontal Oblong,Orange,"(11, 162, 126)","(35.69, 19.0, 16.0)",24.84,3,VISIBLE,0.32,-0.65
22,1,chair,0.917,489.84,62.47,911.45,675.77,700.65,369.12,421.61,613.3,258572.51,0.69,Vertical Oblong,Red,"(10, 177, 93)","(23.92, 20.0, 14.0)",24.41,1,VISIBLE,-0.31,-0.34
22,2,chair,0.6236,53.7,247.28,345.85,667.87,199.77,457.58,292.15,420.59,122874.79,0.69,Vertical Oblong,Blue,"(115, 97, 82)","(24.31, 8.0, -12.0)",14.42,2,VISIBLE,0.15,-0.13
22,4,sofa,0.3108,0.02,309.59,92.55,646.15,46.29,477.87,92.53,336.56,31142.65,0.27,Vertical Oblong,Black,"(106, 52, 54)","(20.39, 3.0, 1.0)",3.16,4,VISIBLE,-0.08,0.33
22,3,dog,0.5772,561.35,232.04,805.36,413.59,683.36,322.81,244.0,181.54,44297.34,1.34,Horizontal Oblong,Orange,"(11, 160, 127)","(36.47, 19.0, 15.0)",24.21,3,VISIBLE,-0.56,-0.13
23,1,chair,0.9106,489.88,62.04,910.73,675.7,700.3,368.87,420.85,613.65,258256.46,0.69,Vertical Oblong,Red,"(10, 178, 93)","(23.92, 20.0, 14.0)",24.41,1,VISIBLE,-0.33,-0.28
23,2,chair,0.6244,54.22,246.93,345.88,668.04,200.05,457.48,291.66,421.11,122820.35,0.69,Vertical Oblong,Blue,"(114, 96, 82)","(24.31, 8.0, -12.0)",14.42,2,VISIBLE,0.24,-0.1
23,4,sofa,0.3108,0.02,310.03,92.46,646.17,46.24,478.1,92.44,336.14,31072.71,0.28,Vertical Oblong,Black,"(106, 52, 54)","(20.39, 3.0, 1.0)",3.16,4,VISIBLE,-0.06,0.26
23,3,dog,0.5691,561.49,231.98,803.04,414.05,682.27,323.02,241.55,182.07,43978.6,1.33,Horizontal Oblong,Orange,"(11, 159, 128)","(36.86, 19.0, 15.0)",24.21,3,VISIBLE,-0.93,0.1
24,1,chair,0.9006,490.0,61.63,910.59,675.5,700.29,368.56,420.59,613.87,258188.46,0.69,Vertical Oblong,Red,"(10, 178, 93)","(23.92, 20.0, 14.0)",24.41,1,VISIBLE,-0.11,-0.3
24,2,chair,0.6056,54.14,246.78,345.79,668.19,199.97,457.49,291.65,421.41,122904.52,0.69,Vertical Oblong,Blue,"(115, 96, 83)","(24.31, 8.0, -12.0)",14.42,2,VISIBLE,0.01,-0.03
24,4,sofa,0.3108,0.02,310.47,92.37,646.19,46.2,478.33,92.35,335.72,31002.84,0.28,Vertical Oblong,Black,"(108, 52, 54)","(20.39, 3.0, 1.0)",3.16,4,VISIBLE,-0.05,0.24
24,3,dog,0.5418,561.61,231.93,800.77,414.57,681.19,323.25,239.15,182.64,43678.35,1.31,Horizontal Oblong,Orange,"(11, 158, 129)","(37.25, 19.0, 15.0)",24.21,3,VISIBLE,-1.03,0.2
25,1,chair,0.8916,490.19,61.25,910.48,675.2,700.34,368.23,420.29,613.95,258039.32,0.68,Vertical Oblong,Red,"(10, 179, 93)","(23.92, 20.0, 14.0)",24.41,1,VISIBLE,-0.0,-0.33
25,2,chair,0.6066,53.87,246.64,345.62,668.35,199.74,457.49,291.75,421.71,123033.06,0.69,Vertical Oblong,Blue,"(114, 97, 83)","(24.71, 8.0, -12.0)",14.42,2,VISIBLE,-0.15,-0.0
25,4,sofa,0.3108,0.02,310.91,92.28,646.2,46.15,478.55,92.26,335.3,30933.05,0.28,Vertical Oblong,Black,"(106, 52, 54)","(20.0, 3.0, 2.0)",3.61,4,VISIBLE,-0.05,0.23
25,3,dog,0.542,561.59,231.7,799.93,415.0,680.76,323.35,238.34,183.31,43688.63,1.3,Horizontal Oblong,Orange,"(11, 159, 130)","(37.65, 18.0, 15.0)",23.43,3,VISIBLE,-0.61,0.13
26,1,chair,0.8999,490.12,60.97,910.55,675.13,700.33,368.05,420.43,614.16,258212.52,0.68,Vertical Oblong,Red,"(10, 178, 93)","(23.92, 20.0, 14.0)",24.41,1,VISIBLE,-0.0,-0.22
26,2,chair,0.5992,53.13,246.44,345.42,668.52,199.27,457.48,292.29,422.08,123370.04,0.69,Vertical Oblong,Blue,"(114, 97, 82)","(24.31, 8.0, -12.0)",14.42,2,VISIBLE,-0.37,-0.01
26,4,sofa,0.3108,0.03,311.34,92.19,646.22,46.11,478.78,92.16,334.88,30863.34,0.28,Vertical Oblong,Black,"(106, 53, 54)","(19.61, 3.0, 2.0)",3.61,4,VISIBLE,-0.04,0.23
26,3,dog,0.5457,561.59,231.33,800.37,415.2,680.98,323.27,238.77,183.87,43902.41,1.3,Horizontal Oblong,Orange,"(11, 158, 130)","(37.65, 19.0, 15.0)",24.21,3,VISIBLE,-0.03,-0.02
27,1,chair,0.9107,489.84,60.83,910.63,675.26,700.24,368.04,420.8,614.43,258550.25,0.68,Vertical Oblong,Red,"(10, 177, 93)","(23.92, 20.0, 14.0)",24.41,1,VISIBLE,-0.07,-0.07
27,2,chair,0.612,52.21,246.15,345.2,668.59,198.7,457.37,292.99,422.43,123768.32,0.69,Vertical Oblong,Blue,"(114, 97, 83)","(24.31, 8.0, -12.0)",14.42,2,VISIBLE,-0.51,-0.08
27,4,sofa,0.3108,0.03,311.78,92.1,646.23,46.06,479.01,92.07,334.45,30793.7,0.28,Vertical Oblong,Black,"(106, 52, 54)","(19.61, 3.0, 2.0)",3.61,4,VISIBLE,-0.04,0.23
27,3,dog,0.5659,561.63,230.9,803.23,414.61,682.43,322.75,241.6,183.7,44382.81,1.32,Horizontal Oblong,Orange,"(11, 158, 129)","(37.25, 19.0, 15.0)",24.21,3,VISIBLE,1.01,-0.36
28,1,chair,0.9115,489.68,60.58,910.98,675.59,700.33,368.08,421.3,615.02,259104.47,0.69,Vertical Oblong,Red,"(10, 177, 93)","(23.92, 20.0, 14.0)",24.41,1,VISIBLE,0.05,0.01
28,2,chair,0.6076,51.56,245.78,345.08,668.72,198.32,457.25,293.52,422.93,124139.14,0.69,Vertical Oblong,Blue,"(114, 97, 83)","(24.71, 8.0, -12.0)",14.42,2,VISIBLE,-0.42,-0.11
28,3,dog,0.5906,561.78,230.58,805.25,414.17,683.51,322.38,243.47,183.6,44700.31,1.33,Horizontal Oblong,Orange,"(11, 158, 128)","(36.86, 19.0, 15.0)",24.21,3,VISIBLE,1.06,-0.37
29,1,chair,0.9076,489.95,60.23,911.6,676.0,700.77,368.12,421.65,615.77,259640.85,0.68,Vertical Oblong,Red,"(10, 178, 93)","(23.92, 20.0, 14.0)",24.41,1,VISIBLE,0.33,0.02
29,2,chair,0.609,51.44,245.58,345.14,668.83,198.29,457.2,293.7,423.26,124310.21,0.69,Vertical Oblong,Blue,"(114, 97, 83)","(24.71, 8.0, -12.0)",14.42,2,VISIBLE,-0.15,-0.06
29,3,dog,0.5696,562.25,230.36,804.93,413.99,683.59,322.18,242.68,183.63,44564.5,1.32,Horizontal Oblong,Orange,"(11, 159, 128)","(37.25, 19.0, 15.0)",24.21,3,VISIBLE,0.37,-0.25
30,1,chair,0.9022,490.46,59.94,912.46,676.4,701.46,368.17,422.0,616.46,260142.72,0.68,Vertical Oblong,Red,"(10, 176, 93)","(23.92, 20.0, 14.0)",24.41,1,VISIBLE,0.58,0.05
30,2,chair,0.6026,50.92,245.47,345.35,668.98,198.13,457.23,294.42,423.5,124689.34,0.7,Vertical Oblong,Blue,"(115, 97, 81)","(23.92, 8.0, -12.0)",14.42,2,VISIBLE,-0.15,-0.01
30,3,dog,0.551,562.79,230.32,804.71,413.97,683.75,322.15,241.92,183.64,44427.56,1.32,Horizontal Oblong,Orange,"(11, 156, 130)","(37.25, 19.0, 15.0)",24.21,3,VISIBLE,0.22,-0.1
31,1,chair,0.9009,491.5,59.62,913.99,677.05,702.75,368.33,422.48,617.44,260855.96,0.68,Vertical Oblong,Red,"(10, 177, 93)","(23.92, 20.0, 14.0)",24.41,1,VISIBLE,1.07,0.13
31,2,chair,0.6023,49.81,245.4,345.61,669.17,197.71,457.28,295.8,423.78,125353.81,0.7,Vertical Oblong,Blue,"(114, 97, 82)","(24.31, 8.0, -12.0)",14.42,2,VISIBLE,-0.34,0.04
31,3,dog,0.5675,563.34,230.35,805.48,413.9,684.41,322.13,242.14,183.55,44444.66,1.32,Horizontal Oblong,Orange,"(11, 156, 129)","(37.25, 18.0, 15.0)",23.43,3,VISIBLE,0.53,-0.04
32,1,chair,0.9026,492.02,59.54,915.08,677.51,703.55,368.52,423.06,617.97,261440.52,0.68,Vertical Oblong,Red,"(10, 176, 93)","(23.92, 20.0, 14.0)",24.41,1,VISIBLE,0.89,0.17
32,2,chair,0.599,49.65,245.31,346.02,669.44,197.84,457.38,296.37,424.12,125698.34,0.7,Vertical Oblong,Blue,"(115, 96, 81)","(23.92, 8.0, -12.0)",14.42,2,VISIBLE,-0.02,0.08
32,3,dog,0.5876,563.95,230.41,805.2,414.0,684.58,322.21,241.25,183.58,44288.9,1.31,Horizontal Oblong,Orange,"(11, 156, 130)","(37.65, 19.0, 15.0)",24.21,3,VISIBLE,0.27,0.04
33,1,chair,0.906,492.09,59.6,915.48,677.67,703.79,368.64,423.39,618.07,261685.22,0.69,Vertical Oblong,Red,"(10, 179, 93)","(23.92, 20.0, 14.0)",24.41,1,VISIBLE,0.43,0.13
33,2,chair,0.5932,49.59,245.45,346.38,669.87,197.99,457.66,296.78,424.42,125960.17,0.7,Vertical Oblong,Blue,"(114, 96, 82)","(24.31, 8.0, -12.0)",14.42,2,VISIBLE,0.1,0.22
33,3,dog,0.6174,564.72,230.43,806.13,413.93,685.42,322.18,241.41,183.5,44298.54,1.32,Horizontal Oblong,Orange,"(11, 158, 129)","(37.25, 18.0, 15.0)",23.43,3,VISIBLE,0.68,-0.0
34,1,chair,0.907,492.3,59.53,915.98,677.76,704.14,368.65,423.68,618.23,261930.36,0.69,Vertical Oblong,Red,"(10, 176, 93)","(23.92, 20.0, 14.0)",24.41,1,VISIBLE,0.38,0.05
34,2,chair,0.5709,50.03,245.77,346.77,670.31,198.4,458.04,296.75,424.54,125981.0,0.7,Vertical Oblong,Blue,"(115, 96, 81)","(23.92, 8.0, -12.0)",14.42,2,VISIBLE,0.32,0.33
34,3,dog,0.5953,565.43,230.48,807.6,413.75,686.52,322.12,242.17,183.27,44382.42,1.32,Horizontal Oblong,Orange,"(11, 157, 129)","(37.25, 19.0, 15.0)",24.21,3,VISIBLE,0.97,-0.05
35,1,chair,0.9092,492.73,59.39,916.57,678.32,704.65,368.85,423.84,618.92,262322.67,0.68,Vertical Oblong,Red,"(10, 177, 93)","(23.92, 20.0, 14.0)",24.41,1,VISIBLE,0.47,0.16
35,2,chair,0.5689,51.03,246.32,347.04,670.68,199.03,458.5,296.01,424.36,125615.73,0.7,Vertical Oblong,Blue,"(114, 96, 82)","(24.31, 8.0, -12.0)",14.42,2,VISIBLE,0.54,0.42
35,3,dog,0.5922,566.04,230.47,809.44,413.91,687.74,322.19,243.4,183.43,44647.92,1.33,Horizontal Oblong,Orange,"(11, 158, 128)","(36.86, 19.0, 15.0)",24.21,3,VISIBLE,1.15,0.04
36,1,chair,0.9073,493.12,59.27,924.21,678.86,708.67,369.07,431.09,619.59,267099.15,0.7,Vertical Oblong,Red,"(10, 176, 94)","(24.31, 20.0, 14.0)",24.41,1,VISIBLE,2.95,0.2
36,2,chair,0.5595,51.15,246.8,347.23,671.12,199.19,458.96,296.08,424.32,125631.37,0.7,Vertical Oblong,Blue,"(115, 96, 82)","(24.31, 8.0, -12.0)",14.42,2,VISIBLE,0.27,0.45
36,3,dog,0.5823,566.52,230.38,811.26,414.46,688.89,322.42,244.75,184.08,45053.49,1.33,Horizontal Oblong,Orange,"(11, 157, 128)","(36.47, 19.0, 15.0)",24.21,3,VISIBLE,1.15,0.17
37,1,chair,0.9139,493.17,59.38,928.15,679.35,710.66,369.36,434.99,619.97,269678.68,0.7,Vertical Oblong,Red,"(10, 178, 94)","(24.31, 20.0, 14.0)",24.41,1,VISIBLE,2.28,0.27
37,2,chair,0.5694,50.44,247.33,347.33,671.62,198.88,459.47,296.89,424.29,125966.79,0.7,Vertical Oblong,Blue,"(113, 97, 83)","(24.71, 8.0, -12.0)",14.42,2,VISIBLE,-0.13,0.5
37,3,dog,0.6002,566.66,230.18,813.39,415.45,690.02,322.82,246.73,185.27,45711.38,1.33,Horizontal Oblong,Orange,"(11, 159, 127)","(36.08, 18.0, 15.0)",23.43,3,VISIBLE,1.14,0.33
38,1,chair,0.9069,493.2,59.54,927.85,679.75,710.53,369.65,434.65,620.21,269571.6,0.7,Vertical Oblong,Red,"(10, 176, 94)","(24.31, 20.0, 14.0)",24.41,1,VISIBLE,0.59,0.28
38,2,chair,0.5699,49.7,247.71,347.46,672.08,198.58,459.9,297.77,424.37,126361.95,0.7,Vertical Oblong,Blue,"(115, 96, 82)","(24.31, 8.0, -12.0)",14.42,2,VISIBLE,-0.25,0.44
38,3,dog,0.5883,566.69,229.91,813.85,416.47,690.27,323.19,247.17,186.57,46112.74,1.32,Horizontal Oblong,Orange,"(11, 156, 128)","(36.86, 19.0, 14.0)",23.6,3,VISIBLE,0.51,0.36
39,1,chair,0.903,493.12,59.57,927.98,680.05,710.55,369.81,434.86,620.48,269821.81,0.7,Vertical Oblong,Red,"(10, 176, 94)","(24.31, 20.0, 14.0)",24.41,1,VISIBLE,0.19,0.2
39,2,chair,0.5815,49.94,248.0,347.58,672.73,198.76,460.36,297.64,424.73,126418.29,0.7,Vertical Oblong,Blue,"(114, 96, 82)","(24.31, 8.0, -12.0)",14.42,2,VISIBLE,0.05,0.46
39,3,dog,0.6006,566.71,229.55,814.71,416.95,690.71,323.25,248.0,187.39,46473.46,1.32,Horizontal Oblong,Orange,"(11, 157, 128)","(36.86, 18.0, 15.0)",23.43,3,VISIBLE,0.46,0.15
40,1,chair,0.9026,492.82,59.4,928.65,680.32,710.73,369.86,435.83,620.92,270618.88,0.7,Vertical Oblong,Red,"(10, 176, 94)","(24.31, 20.0, 14.0)",24.41,1,VISIBLE,0.19,0.09
40,2,chair,0.5773,49.98,248.28,347.7,673.25,198.84,460.77,297.72,424.98,126523.6,0.7,Vertical Oblong,Blue,"(115, 96, 82)","(24.31, 8.0, -12.0)",14.42,2,VISIBLE,0.07,0.42
40,3,dog,0.6134,566.63,229.24,814.54,417.45,690.58,323.35,247.91,188.2,46657.28,1.32,Horizontal Oblong,Orange,"(11, 156, 129)","(36.86, 18.0, 14.0)",22.8,3,VISIBLE,0.05,0.11
41,1,chair,0.9153,492.54,59.31,932.78,680.55,712.66,369.93,440.24,621.24,273493.75,0.71,Vertical Oblong,Red,"(10, 178, 94)","(24.31, 20.0, 14.0)",24.41,1,VISIBLE,1.4,0.08
41,2,chair,0.5862,49.48,248.46,347.72,673.65,198.6,461.05,298.24,425.19,126810.48,0.7,Vertical Oblong,Blue,"(113, 96, 83)","(24.71, 8.0, -12.0)",14.42,2,VISIBLE,-0.15,0.33
41,3,dog,0.6098,566.77,229.04,814.78,417.61,690.78,323.33,248.01,188.57,46766.49,1.32,Horizontal Oblong,Orange,"(11, 157, 129)","(36.86, 18.0, 14.0)",22.8,3,VISIBLE,0.15,0.02
42,1,chair,0.9199,492.36,59.33,930.58,680.92,711.47,370.12,438.22,621.6,272396.17,0.7,Vertical Oblong,Red,"(10, 176, 94)","(24.31, 20.0, 14.0)",24.41,1,VISIBLE,-0.41,0.16
42,2,chair,0.6029,49.06,248.45,347.76,674.04,198.41,461.25,298.7,425.58,127122.87,0.7,Vertical Oblong,Blue,"(115, 96, 82)","(23.92, 8.0, -12.0)",14.42,2,VISIBLE,-0.18,0.23
42,3,dog,0.6146,566.95,228.86,813.91,417.68,690.43,323.27,246.96,188.82,46631.28,1.31,Horizontal Oblong,Orange,"(11, 155, 130)","(37.65, 18.0, 14.0)",22.8,3,VISIBLE,-0.2,-0.03
43,1,chair,0.92,492.27,59.41,929.9,681.13,711.09,370.27,437.63,621.72,272080.43,0.7,Vertical Oblong,Red,"(10, 176, 94)","(24.31, 20.0, 14.0)",24.41,1,VISIBLE,-0.39,0.15
43,2,chair,0.6207,46.56,248.49,347.75,674.4,197.16,461.44,301.2,425.91,128284.18,0.71,Vertical Oblong,Blue,"(114, 96, 82)","(24.31, 8.0, -12.0)",14.42,2,VISIBLE,-0.93,0.21
43,3,dog,0.6362,566.88,228.82,814.25,418.01,690.56,323.42,247.38,189.18,46800.05,1.31,Horizontal Oblong,Orange,"(11, 155, 130)","(37.65, 18.0, 14.0)",22.8,3,VISIBLE,0.04,0.09
44,1,chair,0.9198,492.27,59.41,933.71,681.16,712.99,370.28,441.44,621.74,274461.63,0.71,Vertical Oblong,Red,"(10, 176, 94)","(24.31, 20.0, 14.0)",24.41,1,VISIBLE,1.22,0.06
44,2,chair,0.6074,43.97,248.54,347.73,674.63,195.85,461.59,303.77,426.09,129430.48,0.71,Vertical Oblong,Blue,"(114, 96, 82)","(24.31, 8.0, -12.0)",14.42,2,VISIBLE,-1.19,0.16
44,3,dog,0.6227,566.62,229.08,814.73,418.04,690.67,323.56,248.12,188.97,46885.95,1.31,Horizontal Oblong,Orange,"(11, 155, 131)","(37.65, 18.0, 14.0)",22.8,3,VISIBLE,0.09,0.13
45,1,chair,0.9198,492.17,59.36,941.09,681.28,716.63,370.32,448.92,621.92,279190.94,0.72,Vertical Oblong,Red,"(10, 178, 94)","(24.71, 20.0, 14.0)",24.41,1,VISIBLE,2.91,0.04
45,2,chair,0.6119,44.16,248.56,347.72,674.73,195.94,461.65,303.56,426.17,129368.49,0.71,Vertical Oblong,Blue,"(113, 97, 83)","(24.71, 8.0, -12.0)",14.42,2,VISIBLE,-0.29,0.09
45,3,dog,0.6039,566.55,229.0,816.19,417.96,691.37,323.48,249.65,188.96,47173.41,1.32,Horizontal Oblong,Orange,"(11, 157, 129)","(37.25, 18.0, 14.0)",22.8,3,VISIBLE,0.51,-0.02
46,1,chair,0.916,492.21,59.24,949.21,681.3,720.71,370.27,457.0,622.06,284280.77,0.73,Vertical Oblong,Red,"(10, 176, 94)","(24.31, 20.0, 14.0)",24.41,1,VISIBLE,3.73,-0.02
46,2,chair,0.624,44.72,248.48,347.72,674.8,196.22,461.64,302.99,426.32,129171.69,0.71,Vertical Oblong,Blue,"(114, 96, 82)","(24.31, 8.0, -12.0)",14.42,2,VISIBLE,0.11,0.02
46,3,dog,0.6503,565.94,228.71,828.65,420.0,697.29,324.35,262.71,191.29,50253.47,1.37,Horizontal Oblong,Orange,"(11, 161, 126)","(35.69, 18.0, 15.0)",23.43,3,VISIBLE,4.3,0.61
47,1,chair,0.9149,492.17,58.98,952.45,681.58,722.31,370.28,460.28,622.6,286572.26,0.74,Vertical Oblong,Red,"(10, 176, 95)","(24.71, 20.0, 14.0)",24.41,1,VISIBLE,2.24,0.0
47,2,chair,0.6391,46.45,248.22,347.69,674.97,197.07,461.6,301.24,426.74,128552.72,0.71,Vertical Oblong,Blue,"(114, 96, 82)","(24.31, 8.0, -12.0)",14.42,2,VISIBLE,0.63,-0.02
47,3,dog,0.6339,565.47,228.07,839.58,421.76,702.53,324.92,274.11,193.69,53093.21,1.42,Horizontal Oblong,Orange,"(11, 165, 124)","(34.51, 19.0, 15.0)",24.21,3,VISIBLE,4.95,0.57
48,1,chair,0.9162,492.18,58.81,945.48,681.96,718.83,370.39,453.3,623.14,282470.03,0.73,Vertical Oblong,Red,"(10, 176, 94)","(24.31, 20.0, 14.0)",24.41,1,VISIBLE,-1.76,0.07
48,2,chair,0.6521,47.24,247.85,347.7,675.2,197.47,461.52,300.46,427.35,128398.48,0.7,Vertical Oblong,Blue,"(114, 96, 83)","(24.71, 8.0, -12.0)",14.42,2,VISIBLE,0.47,-0.06
48,3,dog,0.6158,565.86,227.3,833.29,421.15,699.58,324.22,267.44,193.85,51842.02,1.38,Horizontal Oblong,Orange,"(11, 161, 126)","(35.69, 18.0, 15.0)",23.43,3,VISIBLE,-0.58,-0.31
49,1,chair,0.9141,492.07,58.64,942.3,682.36,717.18,370.5,450.22,623.72,280811.45,0.72,Vertical Oblong,Red,"(10, 178, 94)","(24.31, 20.0, 14.0)",24.41,1,VISIBLE,-1.68,0.1
49,2,chair,0.6593,49.44,247.47,347.69,675.48,198.57,461.47,298.25,428.01,127656.2,0.7,Vertical Oblong,Blue,"(113, 97, 83)","(24.71, 8.0, -12.0)",14.42,2,VISIBLE,0.91,-0.05
49,3,dog,0.5862,566.28,226.53,828.19,420.33,697.23,323.43,261.91,193.8,50757.52,1.35,Horizontal Oblong,Orange,"(11, 160, 126)","(35.69, 18.0, 15.0)",23.43,3,VISIBLE,-1.81,-0.65
50,1,chair,0.9102,491.8,58.48,942.83,682.71,717.31,370.59,451.03,624.23,281545.45,0.72,Vertical Oblong,Red,"(10, 176, 94)","(24.31, 19.0, 14.0)",23.6,1,VISIBLE,-0.41,0.1
50,2,chair,0.6541,50.91,247.17,347.73,675.74,199.32,461.45,296.82,428.57,127209.38,0.69,Vertical Oblong,Blue,"(114, 97, 82)","(24.31, 8.0, -12.0)",14.42,2,VISIBLE,0.8,-0.03
50,3,dog,0.5884,566.62,225.85,823.77,419.81,695.2,322.83,257.15,193.97,49878.55,1.33,Horizontal Oblong,Orange,"(11, 156, 129)","(37.25, 18.0, 14.0)",22.8,3,VISIBLE,-1.97,-0.61
51,1,chair,0.9098,491.7,58.31,946.59,682.88,719.15,370.6,454.89,624.57,284110.2,0.73,Vertical Oblong,Red,"(10, 175, 95)","(24.71, 19.0, 14.0)",23.6,1,VISIBLE,1.16,0.03
51,2,chair,0.6472,51.99,246.84,347.75,675.94,199.87,461.39,295.76,429.1,126911.46,0.69,Vertical Oblong,Blue,"(113, 96, 82)","(24.31, 8.0, -12.0)",14.42,2,VISIBLE,0.63,-0.05
51,3,dog,0.6252,566.26,225.22,835.43,421.09,700.85,323.16,269.17,195.87,52720.98,1.37,Horizontal Oblong,Orange,"(11, 161, 126)","(35.29, 18.0, 15.0)",23.43,3,VISIBLE,3.36,0.04
52,1,chair,0.9081,491.72,58.27,948.73,683.13,720.22,370.7,457.01,624.86,285566.47,0.73,Vertical Oblong,Red,"(10, 175, 94)","(24.71, 19.0, 14.0)",23.6,1,VISIBLE,1.1,0.08
52,2,chair,0.6544,52.83,246.86,347.9,676.15,200.36,461.51,295.07,429.29,126670.33,0.69,Vertical Oblong,Blue,"(114, 96, 82)","(24.31, 8.0, -12.0)",14.42,2,VISIBLE,0.53,0.06
52,3,dog,0.6384,566.66,225.2,828.22,420.7,697.44,322.95,261.57,195.51,51137.38,1.34,Horizontal Oblong,Orange,"(11, 157, 127)","(36.08, 17.0, 14.0)",22.02,3,VISIBLE,-1.37,-0.13
53,1,chair,0.9079,492.09,58.34,947.73,683.29,719.91,370.81,455.65,624.95,284758.77,0.73,Vertical Oblong,Red,"(10, 178, 94)","(24.71, 19.0, 14.0)",23.6,1,VISIBLE,0.11,0.11
53,2,chair,0.6613,53.36,247.09,348.11,676.36,200.73,461.72,294.75,429.27,126524.9,0.69,Vertical Oblong,Blue,"(113, 96, 83)","(24.71, 8.0, -12.0)",14.42,2,VISIBLE,0.42,0.17
53,3,dog,0.6504,567.2,225.22,826.12,420.12,696.66,322.67,258.92,194.9,50463.59,1.33,Horizontal Oblong,Orange,"(11, 158, 127)","(36.86, 17.0, 14.0)",22.02,3,VISIBLE,-0.96,-0.24
54,1,chair,0.9084,492.28,58.26,950.73,683.36,721.5,370.81,458.45,625.1,286575.06,0.73,Vertical Oblong,Red,"(10, 176, 94)","(24.71, 19.0, 14.0)",23.6,1,VISIBLE,1.15,0.03
54,2,chair,0.6639,53.41,247.31,348.32,676.54,200.86,461.93,294.92,429.23,126586.16,0.69,Vertical Oblong,Blue,"(114, 96, 82)","(24.31, 8.0, -12.0)",14.42,2,VISIBLE,0.22,0.19
54,3,dog,0.6059,567.7,225.35,829.45,419.39,698.57,322.37,261.74,194.05,50790.63,1.35,Horizontal Oblong,Orange,"(11, 156, 127)","(36.47, 18.0, 14.0)",22.8,3,VISIBLE,1.05,-0.28
55,1,chair,0.9064,492.44,58.18,954.07,683.33,723.26,370.76,461.63,625.15,288587.0,0.74,Vertical Oblong,Red,"(10, 176, 94)","(24.71, 19.0, 14.0)",23.6,1,VISIBLE,1.57,-0.03
55,2,chair,0.659,53.93,247.47,348.48,676.69,201.2,462.08,294.55,429.22,126427.64,0.69,Vertical Oblong,Blue,"(113, 96, 83)","(24.71, 8.0, -12.0)",14.42,2,VISIBLE,0.3,0.17
55,3,dog,0.5913,568.15,225.31,832.76,418.79,700.46,322.05,264.61,193.48,51197.98,1.37,Horizontal Oblong,Orange,"(11, 158, 126)","(35.69, 18.0, 14.0)",22.8,3,VISIBLE,1.63,-0.31
56,1,chair,0.9074,492.64,57.85,957.03,683.16,724.83,370.5,464.39,625.31,290384.95,0.74,Vertical Oblong,Red,"(10, 175, 94)","(24.71, 19.0, 14.0)",23.6,1,VISIBLE,1.58,-0.18
56,2,chair,0.6563,53.87,247.39,348.58,676.8,201.23,462.1,294.71,429.41,126550.57,0.69,Vertical Oblong,Blue,"(113, 96, 82)","(24.31, 8.0, -12.0)",14.42,2,VISIBLE,0.1,0.06
56,3,dog,0.5642,568.46,225.1,842.12,418.98,705.29,322.04,273.66,193.88,53058.07,1.41,Horizontal Oblong,Orange,"(11, 162, 124)","(34.51, 18.0, 15.0)",23.43,3,VISIBLE,3.87,-0.1
57,1,chair,0.9089,492.76,57.43,963.53,682.9,728.15,370.17,470.76,625.47,294446.89,0.75,Vertical Oblong,Red,"(10, 177, 94)","(24.71, 19.0, 14.0)",23.6,1,VISIBLE,2.79,-0.29
57,2,chair,0.6494,53.74,247.08,348.62,676.92,201.18,462.0,294.88,429.84,126751.81,0.69,Vertical Oblong,Blue,"(113, 97, 83)","(24.71, 8.0, -12.0)",14.42,2,VISIBLE,-0.0,-0.05
57,3,dog,0.5778,568.66,224.84,847.67,419.88,708.16,322.36,279.02,195.04,54419.98,1.43,Horizontal Oblong,Orange,"(11, 166, 122)","(33.33, 18.0, 15.0)",23.43,3,VISIBLE,3.17,0.19
58,1,chair,0.9073,492.78,57.13,967.11,682.71,729.94,369.92,474.33,625.57,296728.79,0.76,Vertical Oblong,Red,"(10, 175, 95)","(24.71, 19.0, 14.0)",23.6,1,VISIBLE,2.1,-0.26
58,2,chair,0.6422,54.18,246.64,348.63,677.01,201.41,461.83,294.44,430.38,126721.56,0.68,Vertical Oblong,Blue,"(114, 96, 82)","(24.31, 8.0, -12.0)",14.42,2,VISIBLE,0.16,-0.14
58,3,dog,0.5923,568.86,224.58,847.09,420.38,707.97,322.48,278.23,195.81,54479.16,1.42,Horizontal Oblong,Orange,"(11, 164, 123)","(33.73, 18.0, 15.0)",23.43,3,VISIBLE,0.82,0.14
59,1,chair,0.9047,492.84,56.85,969.4,682.48,731.12,369.66,476.56,625.62,298149.99,0.76,Vertical Oblong,Red,"(10, 176, 94)","(24.71, 19.0, 14.0)",23.6,1,VISIBLE,1.45,-0.26
59,2,chair,0.6316,54.44,246.17,348.57,677.18,201.51,461.68,294.13,431.02,126772.63,0.68,Vertical Oblong,Blue,"(113, 96, 83)","(24.71, 8.0, -12.0)",14.42,2,VISIBLE,0.12,-0.15
59,3,dog,0.6169,569.03,224.33,847.12,420.95,708.08,322.64,278.08,196.62,54677.1,1.41,Horizontal Oblong,Orange,"(11, 165, 122)","(33.73, 18.0, 15.0)",23.43,3,VISIBLE,0.32,0.15
60,1,chair,0.9047,492.78,56.49,971.18,682.27,731.98,369.38,478.4,625.77,299372.91,0.76,Vertical Oblong,Red,"(10, 175, 94)","(24.71, 19.0, 14.0)",23.6,1,VISIBLE,1.04,-0.28
60,2,chair,0.6473,53.21,245.9,348.46,677.31,200.83,461.61,295.25,431.4,127373.68,0.68,Vertical Oblong,Blue,"(114, 96, 83)","(24.71, 8.0, -12.0)",14.42,2,VISIBLE,-0.43,-0.09
60,3,dog,0.6109,569.14,224.07,848.38,421.08,708.76,322.58,279.24,197.02,55014.61,1.42,Horizontal Oblong,Orange,"(11, 164, 122)","(33.73, 18.0, 15.0)",23.43,3,VISIBLE,0.57,0.0
61,1,chair,0.9036,492.68,55.95,972.8,682.03,732.74,368.99,480.12,626.08,300595.4,0.77,Vertical Oblong,Red,"(10, 177, 94)","(24.71, 19.0, 14.0)",23.6,1,VISIBLE,0.84,-0.36
61,2,chair,0.6488,52.32,245.74,348.28,677.45,200.3,461.59,295.96,431.7,127766.53,0.69,Vertical Oblong,Blue,"(113, 97, 83)","(24.71, 8.0, -12.0)",14.42,2,VISIBLE,-0.5,-0.03
61,3,dog,0.5989,568.97,223.68,856.77,422.73,712.87,323.2,287.8,199.06,57288.35,1.45,Horizontal Oblong,Orange,"(11, 168, 120)","(32.55, 18.0, 15.0)",23.43,3,VISIBLE,3.05,0.44
62,1,chair,0.901,492.53,55.41,974.17,681.84,733.35,368.62,481.64,626.43,301712.67,0.77,Vertical Oblong,Orange,"(21, 136, 114)","(32.94, 9.0, 5.0)",10.3,1,VISIBLE,0.68,-0.36
62,2,chair,0.6479,50.3,245.64,348.09,677.51,199.19,461.57,297.78,431.87,128605.2,0.69,Vertical Oblong,Blue,"(114, 97, 81)","(24.31, 8.0, -12.0)",14.42,2,VISIBLE,-0.92,-0.02
62,3,dog,0.6065,568.96,223.23,862.64,423.73,715.8,323.48,293.69,200.5,58884.6,1.46,Horizontal Oblong,Orange,"(11, 167, 120)","(32.55, 18.0, 15.0)",23.43,3,VISIBLE,2.97,0.32
63,1,chair,0.8975,492.45,55.08,975.1,681.64,733.78,368.36,482.64,626.56,302405.65,0.77,Vertical Oblong,Orange,"(17, 136, 113)","(32.55, 9.0, 5.0)",10.3,1,VISIBLE,0.5,-0.29
63,2,chair,0.6539,49.05,245.55,347.88,677.73,198.47,461.64,298.83,432.18,129148.51,0.69,Vertical Oblong,Blue,"(114, 97, 81)","(24.31, 8.0, -12.0)",14.42,2,VISIBLE,-0.79,0.04
63,3,dog,0.6081,569.13,222.67,866.34,424.11,717.73,323.39,297.21,201.44,59871.46,1.48,Horizontal Oblong,Orange,"(11, 169, 119)","(32.16, 18.0, 15.0)",23.43,3,VISIBLE,2.24,0.03
64,1,chair,0.8931,492.56,54.72,977.41,681.36,734.98,368.04,484.85,626.64,303822.35,0.77,Vertical Oblong,Orange,"(20, 137, 114)","(32.55, 9.0, 5.0)",10.3,1,VISIBLE,1.0,-0.31
64,2,chair,0.646,48.98,245.19,347.71,677.82,198.35,461.5,298.73,432.63,129240.81,0.69,Vertical Oblong,Blue,"(114, 96, 82)","(24.31, 8.0, -12.0)",14.42,2,VISIBLE,-0.32,-0.08
64,3,dog,0.6102,569.31,221.99,868.75,423.57,719.03,322.78,299.43,201.58,60360.13,1.49,Horizontal Oblong,Orange,"(11, 168, 119)","(32.16, 19.0, 15.0)",24.21,3,VISIBLE,1.58,-0.42
65,1,chair,0.8962,492.82,53.98,979.37,681.24,736.09,367.61,486.56,627.26,305194.71,0.78,Vertical Oblong,Orange,"(15, 137, 113)","(32.55, 9.0, 5.0)",10.3,1,VISIBLE,1.08,-0.39
65,2,chair,0.6174,49.47,244.28,347.63,677.66,198.55,460.97,298.16,433.37,129213.71,0.69,Vertical Oblong,Blue,"(113, 96, 83)","(24.71, 7.0, -12.0)",13.89,2,VISIBLE,0.05,-0.4
65,3,dog,0.6137,569.62,221.57,870.19,423.0,719.91,322.28,300.57,201.43,60542.3,1.49,Horizontal Oblong,Orange,"(11, 170, 118)","(32.16, 19.0, 15.0)",24.21,3,VISIBLE,1.09,-0.47
66,1,chair,0.9047,492.84,53.03,980.42,680.97,736.63,367.0,487.58,627.94,306168.74,0.78,Vertical Oblong,Orange,"(20, 138, 114)","(32.55, 10.0, 5.0)",11.18,1,VISIBLE,0.7,-0.55
66,2,chair,0.6276,50.04,243.55,347.73,677.4,198.89,460.48,297.69,433.85,129151.46,0.69,Vertical Oblong,Blue,"(114, 96, 82)","(24.31, 8.0, -12.0)",14.42,2,VISIBLE,0.25,-0.47
66,3,dog,0.6464,569.88,221.01,870.43,422.43,720.15,321.72,300.56,201.42,60537.48,1.49,Horizontal Oblong,Orange,"(11, 169, 119)","(32.16, 19.0, 15.0)",24.21,3,VISIBLE,0.5,-0.54
67,1,chair,0.9102,492.66,52.14,980.62,680.5,736.64,366.32,487.96,628.37,306617.37,0.78,Vertical Oblong,Orange,"(17, 137, 113)","(32.55, 9.0, 5.0)",10.3,1,VISIBLE,0.22,-0.64
67,2,chair,0.6216,50.42,242.76,347.84,677.08,199.13,459.92,297.42,434.31,129173.69,0.68,Vertical Oblong,Blue,"(114, 96, 82)","(24.31, 8.0, -12.0)",14.42,2,VISIBLE,0.25,-0.53
67,3,dog,0.6573,570.19,220.28,870.1,419.41,720.15,319.85,299.91,199.13,59720.4,1.51,Horizontal Oblong,Orange,"(11, 170, 119)","(32.16, 19.0, 15.0)",24.21,3,VISIBLE,0.14,-1.47
68,1,chair,0.9141,492.71,51.38,979.78,680.09,736.25,365.74,487.07,628.71,306228.91,0.77,Vertical Oblong,Orange,"(20, 137, 114)","(32.94, 9.0, 5.0)",10.3,1,VISIBLE,-0.21,-0.6
68,2,chair,0.6047,51.16,242.09,347.91,676.58,199.53,459.34,296.75,434.49,128933.78,0.68,Vertical Oblong,Blue,"(113, 96, 82)","(24.31, 8.0, -12.0)",14.42,2,VISIBLE,0.36,-0.57
68,3,dog,0.6341,570.4,219.45,869.25,418.68,719.82,319.07,298.86,199.23,59541.85,1.5,Horizontal Oblong,Orange,"(11, 170, 119)","(32.16, 19.0, 15.0)",24.21,3,VISIBLE,-0.18,-0.99
69,1,chair,0.9138,492.8,50.6,978.13,679.45,735.46,365.02,485.33,628.85,305197.58,0.77,Vertical Oblong,Orange,"(15, 136, 113)","(32.55, 9.0, 5.0)",10.3,1,VISIBLE,-0.61,-0.68
69,2,chair,0.5777,52.16,241.51,347.84,675.98,200.0,458.74,295.68,434.47,128463.15,0.68,Vertical Oblong,Blue,"(113, 96, 82)","(24.71, 7.0, -12.0)",13.89,2,VISIBLE,0.43,-0.58
69,3,dog,0.6193,570.38,218.55,868.02,417.48,719.2,318.01,297.64,198.94,59212.12,1.5,Horizontal Oblong,Orange,"(11, 171, 118)","(31.76, 19.0, 15.0)",24.21,3,VISIBLE,-0.49,-1.03
70,1,chair,0.9069,492.84,49.66,975.18,678.78,734.01,364.22,482.34,629.13,303454.14,0.77,Vertical Oblong,Orange,"(18, 134, 114)","(32.94, 9.0, 5.0)",10.3,1,VISIBLE,-1.2,-0.77
70,2,chair,0.5071,52.1,240.08,347.81,674.22,199.96,457.15,295.71,434.14,128378.8,0.68,Vertical Oblong,Blue,"(114, 96, 80)","(23.92, 8.0, -12.0)",14.42,2,VISIBLE,0.1,-1.29
70,3,dog,0.6079,570.48,217.58,865.41,414.64,717.95,316.11,294.92,197.06,58118.39,1.5,Horizontal Oblong,Orange,"(11, 170, 119)","(32.16, 19.0, 15.0)",24.21,3,VISIBLE,-1.03,-1.64
71,1,chair,0.9022,492.71,47.85,972.05,677.8,732.38,362.83,479.33,629.95,301956.23,0.76,Vertical Oblong,Orange,"(21, 134, 114)","(32.94, 9.0, 5.0)",10.3,1,VISIBLE,-1.5,-1.21
71,2,chair,0.5643,49.9,167.26,347.85,673.34,198.87,420.3,297.95,506.08,150787.32,0.59,Vertical Oblong,Blue,"(114, 98, 82)","(24.31, 7.0, -13.0)",14.76,2,VISIBLE,-0.73,-26.18
71,3,dog,0.6444,569.22,216.25,864.35,412.82,716.78,314.53,295.13,196.57,58014.85,1.5,Horizontal Oblong,Orange,"(11, 169, 119)","(32.16, 19.0, 15.0)",24.21,3,VISIBLE,-1.12,-1.6
72,1,chair,0.8964,492.5,46.65,969.04,677.12,730.77,361.89,476.53,630.46,300436.13,0.76,Vertical Oblong,Orange,"(11, 175, 94)","(24.31, 19.0, 14.0)",23.6,1,VISIBLE,-1.58,-1.02
72,2,chair,0.555,44.51,115.19,347.9,672.88,196.21,394.03,303.39,557.7,169198.05,0.54,Vertical Oblong,Blue,"(115, 98, 79)","(22.75, 8.0, -13.0)",15.26,2,VISIBLE,-2.09,-26.24
72,3,dog,0.589,568.12,214.7,862.03,411.71,715.08,313.2,293.92,197.01,57905.3,1.49,Horizontal Oblong,Orange,"(11, 168, 119)","(32.16, 19.0, 15.0)",24.21,3,VISIBLE,-1.53,-1.41
73,1,chair,0.8941,492.45,45.77,967.1,676.74,729.78,361.25,474.65,630.97,299490.04,0.75,Vertical Oblong,Red,"(10, 177, 94)","(24.31, 19.0, 14.0)",23.6,1,VISIBLE,-1.17,-0.75
73,2,chair,0.6368,43.11,81.55,347.84,672.27,195.48,376.91,304.73,590.72,180010.31,0.52,Vertical Oblong,Blue,"(115, 102, 73)","(20.78, 8.0, -13.0)",15.26,2,VISIBLE,-1.14,-19.86
73,3,dog,0.581,567.24,213.64,861.18,411.58,714.21,312.61,293.94,197.95,58183.99,1.48,Horizontal Oblong,Orange,"(11, 168, 119)","(32.16, 19.0, 15.0)",24.21,3,VISIBLE,-1.07,-0.84
74,1,chair,0.8944,492.35,45.16,965.68,676.59,729.02,360.87,473.33,631.42,298871.18,0.75,Vertical Oblong,Orange,"(11, 175, 94)","(24.71, 19.0, 14.0)",23.6,1,VISIBLE,-0.88,-0.49
74,2,chair,0.6625,41.68,61.61,347.8,672.03,194.74,366.82,306.12,610.42,186862.95,0.5,Vertical Oblong,Blue,"(116, 102, 72)","(20.78, 8.0, -12.0)",14.42,2,VISIBLE,-0.86,-13.02
74,3,dog,0.5858,566.64,212.92,861.1,411.97,713.87,312.45,294.47,199.05,58612.87,1.48,Horizontal Oblong,Orange,"(11, 167, 119)","(32.55, 19.0, 15.0)",24.21,3,VISIBLE,-0.56,-0.37
75,1,chair,0.8993,492.15,44.64,964.17,676.66,728.16,360.65,472.01,632.02,298321.74,0.75,Vertical Oblong,Red,"(10, 175, 94)","(24.31, 19.0, 14.0)",23.6,1,VISIBLE,-0.86,-0.3
75,2,chair,0.6799,39.58,51.56,347.7,671.97,193.64,361.76,308.12,620.4,191156.61,0.5,Vertical Oblong,Blue,"(116, 102, 72)","(20.78, 8.0, -12.0)",14.42,2,VISIBLE,-1.03,-7.44
75,3,dog,0.6242,566.14,212.37,861.46,412.29,713.8,312.33,295.32,199.92,59041.77,1.48,Horizontal Oblong,Orange,"(11, 167, 120)","(32.55, 19.0, 15.0)",24.21,3,VISIBLE,-0.22,-0.19
76,1,chair,0.9012,492.17,43.86,962.89,676.66,727.53,360.26,470.72,632.8,297870.56,0.74,Vertical Oblong,Red,"(10, 175, 94)","(24.71, 19.0, 14.0)",23.6,1,VISIBLE,-0.7,-0.36
76,2,chair,0.6886,36.63,48.19,347.55,671.9,192.09,360.05,310.93,623.71,193929.66,0.5,Vertical Oblong,Blue,"(116, 102, 72)","(20.78, 8.0, -12.0)",14.42,2,VISIBLE,-1.39,-3.44
76,3,dog,0.6155,565.86,211.95,861.93,412.75,713.9,312.35,296.06,200.8,59448.63,1.47,Horizontal Oblong,Orange,"(11, 166, 120)","(32.55, 19.0, 15.0)",24.21,3,VISIBLE,0.0,-0.04
77,1,chair,0.9084,492.09,42.9,961.51,676.52,726.8,359.71,469.42,633.62,297431.47,0.74,Vertical Oblong,Red,"(10, 177, 94)","(24.71, 19.0, 14.0)",23.6,1,VISIBLE,-0.72,-0.49
77,2,chair,0.6797,34.62,49.36,347.34,671.89,190.98,360.63,312.71,622.53,194674.26,0.5,Vertical Oblong,Blue,"(115, 102, 73)","(20.78, 8.0, -12.0)",14.42,2,VISIBLE,-1.19,-0.63
77,3,dog,0.6384,565.83,211.43,862.61,412.59,714.22,312.01,296.78,201.15,59699.23,1.48,Horizontal Oblong,Orange,"(11, 167, 119)","(32.55, 18.0, 15.0)",23.43,3,VISIBLE,0.23,-0.25
78,1,chair,0.9089,492.17,42.56,956.91,676.31,724.54,359.43,464.74,633.76,294532.53,0.73,Vertical Oblong,Red,"(10, 175, 94)","(24.71, 19.0, 14.0)",23.6,1,VISIBLE,-1.8,-0.34
78,2,chair,0.6233,34.74,53.85,347.04,671.9,190.89,362.87,312.3,618.05,193015.09,0.51,Vertical Oblong,Blue,"(116, 102, 72)","(20.78, 8.0, -12.0)",14.42,2,VISIBLE,-0.42,1.39
78,3,dog,0.6463,565.8,210.85,860.88,411.56,713.34,311.21,295.08,200.71,59227.42,1.47,Horizontal Oblong,Orange,"(11, 167, 120)","(32.55, 18.0, 15.0)",23.43,3,VISIBLE,-0.55,-0.64
79,1,chair,0.9168,492.25,42.1,948.87,676.28,720.56,359.19,456.61,634.18,289573.74,0.72,Vertical Oblong,Red,"(10, 176, 94)","(24.31, 19.0, 14.0)",23.6,1,VISIBLE,-3.33,-0.27
79,2,chair,0.6168,37.15,59.0,346.68,671.89,191.91,365.44,309.53,612.9,189710.88,0.51,Vertical Oblong,Blue,"(116, 102, 72)","(20.78, 8.0, -12.0)",14.42,2,VISIBLE,0.59,2.22
79,3,dog,0.6466,565.83,210.18,858.21,410.6,712.02,310.39,292.38,200.42,58598.32,1.46,Horizontal Oblong,Orange,"(11, 166, 120)","(32.55, 19.0, 15.0)",24.21,3,VISIBLE,-1.09,-0.76
80,1,chair,0.9171,492.64,41.62,941.24,676.09,716.94,358.85,448.6,634.47,284624.54,0.71,Vertical Oblong,Red,"(10, 176, 94)","(24.31, 19.0, 14.0)",23.6,1,VISIBLE,-3.53,-0.32
80,2,chair,0.6459,37.07,63.24,346.34,671.86,191.7,367.55,309.27,608.62,188227.23,0.51,Vertical Oblong,Blue,"(116, 102, 72)","(20.78, 8.0, -13.0)",15.26,2,VISIBLE,0.03,2.14
80,3,dog,0.6365,565.9,209.5,856.11,409.87,711.0,309.69,290.21,200.37,58150.13,1.45,Horizontal Oblong,Orange,"(11, 165, 121)","(32.94, 19.0, 15.0)",24.21,3,VISIBLE,-1.04,-0.72
81,1,chair,0.9102,493.08,41.36,936.65,675.56,714.86,358.46,443.57,634.2,281311.92,0.7,Vertical Oblong,Red,"(10, 178, 94)","(24.31, 19.0, 14.0)",23.6,1,VISIBLE,-2.51,-0.37
81,2,chair,0.6584,36.77,66.6,346.18,671.83,191.47,369.21,309.41,605.23,187263.6,0.51,Vertical Oblong,Blue,"(115, 102, 73)","(20.78, 8.0, -12.0)",14.42,2,VISIBLE,-0.15,1.81
81,3,dog,0.6224,565.83,208.96,851.08,409.32,708.46,309.14,285.25,200.36,57153.0,1.42,Horizontal Oblong,Orange,"(11, 166, 122)","(33.33, 19.0, 15.0)",24.21,3,VISIBLE,-2.1,-0.6
82,1,chair,0.9156,493.19,40.7,933.58,674.91,713.38,357.8,440.39,634.21,279301.58,0.69,Vertical Oblong,Red,"(10, 176, 93)","(24.31, 20.0, 14.0)",24.41,1,VISIBLE,-1.79,-0.57
82,2,chair,0.6668,35.69,68.99,346.14,671.81,190.91,370.4,310.45,602.81,187140.6,0.51,Vertical Oblong,Blue,"(116, 101, 72)","(20.78, 8.0, -12.0)",14.42,2,VISIBLE,-0.44,1.37
82,3,dog,0.5611,565.82,208.7,840.82,408.93,703.32,308.81,275.0,200.23,55065.26,1.37,Horizontal Oblong,Orange,"(11, 158, 127)","(35.69, 18.0, 14.0)",22.8,3,VISIBLE,-4.22,-0.41
83,1,chair,0.915,493.46,39.62,932.62,674.52,713.04,357.07,439.16,634.9,278819.93,0.69,Vertical Oblong,Red,"(10, 177, 94)","(24.31, 19.0, 14.0)",23.6,1,VISIBLE,-0.78,-0.69
83,2,chair,0.685,33.91,70.52,346.08,671.77,190.0,371.15,312.17,601.25,187690.92,0.52,Vertical Oblong,Blue,"(116, 101, 73)","(20.78, 8.0, -12.0)",14.42,2,VISIBLE,-0.78,0.93
83,3,dog,0.5721,565.87,208.41,835.01,408.47,700.44,308.44,269.13,200.06,53843.17,1.35,Horizontal Oblong,Orange,"(11, 157, 128)","(36.47, 18.0, 14.0)",22.8,3,VISIBLE,-3.28,-0.38
84,1,chair,0.9106,493.55,38.66,932.76,674.06,713.16,356.36,439.21,635.4,279077.32,0.69,Vertical Oblong,Red,"(10, 176, 94)","(24.31, 19.0, 14.0)",23.6,1,VISIBLE,-0.15,-0.7
84,2,chair,0.6703,27.81,71.36,346.25,672.05,187.03,371.7,318.44,600.69,191285.46,0.53,Vertical Oblong,Blue,"(116, 101, 73)","(20.78, 8.0, -12.0)",14.42,2,VISIBLE,-2.31,0.67
84,3,dog,0.5919,565.35,208.05,838.39,408.15,701.87,308.1,273.04,200.09,54633.38,1.36,Horizontal Oblong,Orange,"(11, 157, 127)","(35.69, 18.0, 14.0)",22.8,3,VISIBLE,0.02,-0.35
85,1,chair,0.9151,492.91,37.33,932.71,673.82,712.81,355.58,439.8,636.49,279927.55,0.69,Vertical Oblong,Red,"(10, 179, 94)","(24.31, 19.0, 14.0)",23.6,1,VISIBLE,-0.29,-0.76
85,2,chair,0.6908,22.92,71.77,346.35,672.11,184.64,371.94,323.43,600.35,194170.29,0.54,Vertical Oblong,Blue,"(115, 101, 73)","(21.18, 8.0, -12.0)",14.42,2,VISIBLE,-2.37,0.37
85,3,dog,0.6509,564.74,207.56,852.08,408.51,708.41,308.03,287.34,200.96,57742.34,1.43,Horizontal Oblong,Orange,"(11, 166, 122)","(33.33, 18.0, 15.0)",23.43,3,VISIBLE,4.58,-0.15
86,1,chair,0.91,492.66,35.85,933.04,673.56,712.85,354.7,440.38,637.71,280837.62,0.69,Vertical Oblong,Orange,"(11, 177, 94)","(24.31, 19.0, 14.0)",23.6,1,VISIBLE,-0.06,-0.84
86,2,chair,0.675,20.11,72.19,346.44,672.11,183.28,372.15,326.33,599.93,195771.17,0.54,Vertical Oblong,Blue,"(115, 101, 73)","(20.78, 8.0, -12.0)",14.42,2,VISIBLE,-1.66,0.26
86,3,dog,0.694,564.13,206.95,860.99,409.13,712.56,308.04,296.86,202.18,60017.55,1.47,Horizontal Oblong,Orange,"(11, 165, 121)","(32.94, 18.0, 15.0)",23.43,3,VISIBLE,4.28,-0.04
87,1,chair,0.9004,492.65,34.95,933.65,673.34,713.15,354.15,441.0,638.39,281531.29,0.69,Vertical Oblong,Red,"(10, 177, 94)","(24.31, 19.0, 14.0)",23.6,1,VISIBLE,0.19,-0.64
87,2,chair,0.6537,18.66,72.61,346.52,672.06,182.59,372.34,327.87,599.45,196540.61,0.55,Vertical Oblong,Blue,"(115, 101, 73)","(20.78, 8.0, -13.0)",15.26,2,VISIBLE,-0.98,0.21
87,3,dog,0.6352,563.93,206.38,867.55,409.67,715.74,308.03,303.61,203.3,61723.42,1.49,Horizontal Oblong,Orange,"(11, 165, 120)","(32.55, 18.0, 14.0)",22.8,3,VISIBLE,3.51,-0.02
88,1,chair,0.9023,492.42,34.29,934.54,673.11,713.48,353.7,442.12,638.82,282431.67,0.69,Vertical Oblong,Red,"(10, 177, 93)","(24.31, 19.0, 14.0)",23.6,1,VISIBLE,0.29,-0.5
88,2,chair,0.664,17.99,72.83,346.68,672.08,182.33,372.45,328.69,599.24,196968.54,0.55,Vertical Oblong,Blue,"(115, 101, 73)","(21.18, 8.0, -13.0)",15.26,2,VISIBLE,-0.47,0.15
88,3,dog,0.6804,563.8,205.89,871.53,409.57,717.67,307.73,307.72,203.68,62675.71,1.51,Horizontal Oblong,Orange,"(11, 165, 120)","(32.55, 18.0, 14.0)",22.8,3,VISIBLE,2.4,-0.21
89,1,chair,0.9035,492.23,34.02,935.34,672.72,713.79,353.37,443.11,638.7,283014.69,0.69,Vertical Oblong,Red,"(10, 179, 93)","(24.31, 19.0, 14.0)",23.6,1,VISIBLE,0.3,-0.38
89,2,chair,0.7041,20.28,72.75,346.74,671.77,183.51,372.26,326.46,599.02,195552.68,0.54,Vertical Oblong,Blue,"(115, 101, 74)","(21.18, 8.0, -12.0)",14.42,2,VISIBLE,0.68,-0.09
89,3,dog,0.6701,563.87,205.43,873.73,409.34,718.8,307.38,309.85,203.91,63180.82,1.52,Horizontal Oblong,Orange,"(11, 168, 119)","(32.55, 18.0, 14.0)",22.8,3,VISIBLE,1.51,-0.31
90,1,chair,0.8981,492.27,33.93,936.72,672.35,714.49,353.14,444.46,638.42,283750.77,0.7,Vertical Oblong,Red,"(10, 177, 93)","(23.92, 19.0, 14.0)",23.6,1,VISIBLE,0.59,-0.28
90,2,chair,0.6602,21.08,72.92,347.03,671.94,184.05,372.43,325.96,599.02,195255.26,0.54,Vertical Oblong,Blue,"(116, 101, 73)","(20.78, 8.0, -12.0)",14.42,2,VISIBLE,0.59,0.09
90,3,dog,0.6658,564.05,205.02,873.32,409.23,718.68,307.13,309.27,204.21,63155.43,1.51,Horizontal Oblong,Orange,"(11, 165, 120)","(32.55, 18.0, 14.0)",22.8,3,VISIBLE,0.37,-0.27
91,1,chair,0.8985,492.52,34.07,937.89,672.01,715.2,353.04,445.37,637.94,284124.3,0.7,Vertical Oblong,Red,"(10, 177, 93)","(23.92, 19.0, 14.0)",23.6,1,VISIBLE,0.67,-0.15
91,2,chair,0.6203,21.46,73.26,347.33,672.09,184.39,372.67,325.87,598.84,195145.56,0.54,Vertical Oblong,Blue,"(115, 100, 73)","(21.18, 8.0, -12.0)",14.42,2,VISIBLE,0.41,0.2
91,3,dog,0.6595,564.34,204.68,871.63,409.11,717.99,306.9,307.29,204.43,62817.72,1.5,Horizontal Oblong,Orange,"(11, 163, 120)","(32.55, 18.0, 14.0)",22.8,3,VISIBLE,-0.38,-0.24
92,1,chair,0.9106,492.61,34.03,938.99,671.85,715.8,352.94,446.38,637.82,284709.66,0.7,Vertical Oblong,Orange,"(11, 176, 93)","(23.92, 19.0, 14.0)",23.6,1,VISIBLE,0.62,-0.12
92,2,chair,0.701,22.07,72.94,347.7,672.12,184.88,372.53,325.63,599.18,195109.8,0.54,Vertical Oblong,Blue,"(116, 100, 73)","(20.78, 8.0, -12.0)",14.42,2,VISIBLE,0.47,-0.04
92,3,dog,0.6702,564.64,204.31,869.45,409.05,717.04,306.68,304.81,204.74,62406.92,1.49,Horizontal Oblong,Orange,"(11, 162, 121)","(32.94, 18.0, 14.0)",22.8,3,VISIBLE,-0.77,-0.22
93,1,chair,0.9132,492.92,33.88,940.07,671.68,716.5,352.78,447.15,637.8,285194.9,0.7,Vertical Oblong,Orange,"(11, 178, 94)","(24.31, 19.0, 14.0)",23.6,1,VISIBLE,0.67,-0.15
93,2,chair,0.7356,23.05,72.41,347.9,671.86,185.47,372.14,324.85,599.45,194730.98,0.54,Vertical Oblong,Blue,"(115, 101, 74)","(21.18, 8.0, -12.0)",14.42,2,VISIBLE,0.55,-0.29
93,3,dog,0.6577,564.87,204.07,867.27,409.36,716.07,306.72,302.41,205.29,62082.14,1.47,Horizontal Oblong,Orange,"(11, 163, 120)","(32.94, 17.0, 14.0)",22.02,3,VISIBLE,-0.91,-0.04
94,1,chair,0.9064,493.37,33.72,941.38,671.39,717.37,352.55,448.01,637.67,285681.04,0.7,Vertical Oblong,Orange,"(11, 176, 93)","(24.31, 19.0, 14.0)",23.6,1,VISIBLE,0.82,-0.2
94,2,chair,0.7316,21.97,72.06,348.2,671.79,185.08,371.92,326.24,599.73,195653.59,0.54,Vertical Oblong,Blue,"(116, 100, 73)","(20.78, 8.0, -12.0)",14.42,2,VISIBLE,-0.11,-0.23
94,3,dog,0.6158,565.13,203.7,863.43,409.32,714.28,306.51,298.3,205.62,61337.71,1.45,Horizontal Oblong,Orange,"(11, 161, 121)","(32.94, 17.0, 14.0)",22.02,3,VISIBLE,-1.53,-0.16
95,1,chair,0.8952,493.62,33.28,947.89,671.32,720.76,352.3,454.27,638.03,289836.32,0.71,Vertical Oblong,Orange,"(11, 176, 94)","(24.31, 19.0, 14.0)",23.6,1,VISIBLE,2.61,-0.24
95,2,chair,0.7437,20.92,71.75,348.65,671.8,184.78,371.77,327.73,600.05,196653.66,0.55,Vertical Oblong,Blue,"(115, 100, 73)","(21.18, 8.0, -12.0)",14.42,2,VISIBLE,-0.24,-0.18
95,3,dog,0.6451,565.32,203.33,862.38,409.31,713.85,306.32,297.06,205.98,61187.95,1.44,Horizontal Oblong,Orange,"(11, 160, 121)","(32.94, 17.0, 14.0)",22.02,3,VISIBLE,-0.76,-0.18
96,1,chair,0.8928,494.05,32.68,944.29,671.36,719.17,352.02,450.25,638.68,287563.28,0.7,Vertical Oblong,Red,"(10, 176, 93)","(24.31, 19.0, 14.0)",23.6,1,VISIBLE,-0.33,-0.27
96,2,chair,0.7421,22.82,71.44,349.3,671.94,186.06,371.69,326.48,600.51,196055.7,0.54,Vertical Oblong,Blue,"(116, 100, 73)","(21.18, 8.0, -12.0)",14.42,2,VISIBLE,0.82,-0.11
96,3,dog,0.6715,565.87,202.87,864.85,410.0,715.36,306.44,298.97,207.14,61927.81,1.44,Horizontal Oblong,Orange,"(11, 159, 120)","(33.33, 17.0, 13.0)",21.4,3,VISIBLE,0.83,0.03
97,1,chair,0.9051,494.4,32.21,953.27,671.64,723.84,351.92,458.87,639.43,293411.7,0.72,Vertical Oblong,Orange,"(11, 178, 93)","(24.31, 19.0, 14.0)",23.6,1,VISIBLE,3.17,-0.15
97,2,chair,0.7504,27.34,71.29,349.97,672.04,188.66,371.67,322.62,600.75,193816.31,0.54,Vertical Oblong,Blue,"(115, 100, 73)","(21.18, 8.0, -12.0)",14.42,2,VISIBLE,2.06,-0.05
97,3,dog,0.6714,566.58,202.28,867.99,410.36,717.28,306.32,301.41,208.08,62716.45,1.45,Horizontal Oblong,Orange,"(11, 160, 120)","(32.94, 16.0, 14.0)",21.26,3,VISIBLE,1.6,-0.07
98,1,chair,0.9013,495.04,31.55,962.19,671.84,728.61,351.69,467.14,640.29,299108.41,0.73,Vertical Oblong,Red,"(10, 176, 93)","(24.31, 19.0, 14.0)",23.6,1,VISIBLE,4.3,-0.21
98,2,chair,0.7354,28.2,71.37,350.62,672.19,189.41,371.78,322.42,600.83,193716.1,0.54,Vertical Oblong,Blue,"(116, 100, 72)","(20.78, 8.0, -12.0)",14.42,2,VISIBLE,1.15,0.07
98,3,dog,0.6183,567.86,201.93,872.22,410.52,720.04,306.23,304.36,208.59,63486.32,1.46,Horizontal Oblong,Orange,"(11, 158, 120)","(32.94, 17.0, 13.0)",21.4,3,VISIBLE,2.41,-0.09
99,1,chair,0.8874,496.05,31.06,972.06,671.76,734.06,351.41,476.01,640.7,304981.29,0.74,Vertical Oblong,Red,"(10, 177, 93)","(24.31, 19.0, 14.0)",23.6,1,VISIBLE,5.1,-0.26
99,2,chair,0.712,30.78,71.89,351.02,672.86,190.9,372.38,320.24,600.97,192453.54,0.53,Vertical Oblong,Blue,"(116, 100, 73)","(20.78, 8.0, -12.0)",14.42,2,VISIBLE,1.39,0.44
99,3,dog,0.591,569.43,201.8,875.93,410.91,722.68,306.36,306.5,209.11,64091.49,1.47,Horizontal Oblong,Orange,"(11, 159, 119)","(32.55, 17.0, 13.0)",21.4,3,VISIBLE,2.57,0.06
100,1,chair,0.8702,498.31,31.2,979.82,671.33,739.06,351.26,481.51,640.13,308231.4,0.75,Vertical Oblong,Orange,"(11, 176, 93)","(24.31, 19.0, 14.0)",23.6,1,VISIBLE,5.04,-0.18
100,2,chair,0.4881,40.94,141.36,351.91,672.61,196.42,406.99,310.96,531.25,165199.04,0.59,Vertical Oblong,Blue,"(113, 97, 81)","(24.31, 8.0, -13.0)",15.26,2,VISIBLE,4.28,24.36
100,3,dog,0.5053,570.92,201.94,878.27,410.72,724.59,306.33,307.35,208.78,64168.66,1.47,Horizontal Oblong,Orange,"(11, 161, 118)","(32.55, 17.0, 13.0)",21.4,3,VISIBLE,2.11,0.0
101,1,chair,0.8601,500.99,31.54,981.4,671.01,741.19,351.27,480.41,639.47,307210.23,0.75,Vertical Oblong,Orange,"(11, 179, 93)","(24.31, 19.0, 14.0)",23.6,1,VISIBLE,3.0,-0.05
101,2,chair,0.5431,48.75,192.45,352.79,672.84,200.77,432.64,304.04,480.39,146055.91,0.63,Vertical Oblong,Blue,"(113, 96, 82)","(24.31, 7.0, -12.0)",13.89,2,VISIBLE,4.33,25.27
101,3,dog,0.5373,572.05,202.18,877.35,410.34,724.7,306.26,305.3,208.15,63548.01,1.47,Horizontal Oblong,Orange,"(11, 163, 118)","(32.16, 17.0, 14.0)",22.02,3,VISIBLE,0.71,-0.05
102,1,chair,0.8495,503.04,31.72,982.68,670.96,742.86,351.34,479.64,639.25,306607.4,0.75,Vertical Oblong,Orange,"(11, 177, 93)","(24.31, 19.0, 14.0)",23.6,1,VISIBLE,2.07,0.03
102,2,chair,0.5566,53.81,225.64,353.33,673.04,203.57,449.34,299.52,447.4,134005.51,0.67,Vertical Oblong,Blue,"(115, 95, 81)","(23.92, 8.0, -12.0)",14.42,2,VISIBLE,3.26,19.27
102,3,dog,0.5454,572.81,202.46,878.13,410.34,725.47,306.4,305.32,207.88,63470.82,1.47,Horizontal Oblong,Orange,"(11, 161, 119)","(32.55, 17.0, 14.0)",22.02,3,VISIBLE,0.75,0.08
103,1,chair,0.8336,504.48,31.75,979.86,671.0,742.17,351.38,475.38,639.26,303890.32,0.74,Vertical Oblong,Red,"(10, 178, 93)","(23.92, 19.0, 14.0)",23.6,1,VISIBLE,0.14,0.03
103,2,chair,0.5759,56.93,245.23,353.6,673.39,205.27,459.31,296.67,428.16,127022.06,0.69,Vertical Oblong,Blue,"(115, 96, 80)","(23.92, 8.0, -12.0)",14.42,2,VISIBLE,2.16,12.76
103,3,dog,0.5893,573.31,202.64,878.23,410.43,725.77,306.54,304.93,207.79,63360.79,1.47,Horizontal Oblong,Orange,"(11, 163, 118)","(32.16, 17.0, 14.0)",22.02,3,VISIBLE,0.44,0.12
104,1,chair,0.8366,505.66,31.87,976.85,671.32,741.26,351.6,471.19,639.45,301306.17,0.74,Vertical Oblong,Orange,"(11, 177, 93)","(23.92, 19.0, 14.0)",23.6,1,VISIBLE,-0.6,0.16
104,2,chair,0.5721,58.55,254.81,353.8,673.68,206.18,464.25,295.25,418.88,123672.12,0.7,Vertical Oblong,Blue,"(114, 96, 79)","(23.53, 8.0, -12.0)",14.42,2,VISIBLE,1.29,7.28
104,3,dog,0.6074,573.59,202.74,877.07,410.78,725.33,306.76,303.48,208.04,63134.29,1.46,Horizontal Oblong,Orange,"(11, 160, 119)","(32.55, 17.0, 13.0)",21.4,3,VISIBLE,-0.18,0.19
105,1,chair,0.8462,506.82,32.12,967.28,671.85,737.05,351.99,460.46,639.73,294569.53,0.72,Vertical Oblong,Orange,"(11, 179, 93)","(23.92, 19.0, 14.0)",23.6,1,VISIBLE,-3.12,0.32
105,2,chair,0.6019,59.89,257.86,353.9,674.13,206.89,466.0,294.01,416.27,122388.12,0.71,Vertical Oblong,Blue,"(113, 95, 80)","(24.31, 7.0, -12.0)",13.89,2,VISIBLE,0.89,3.41
105,3,dog,0.6107,573.91,202.83,875.65,411.31,724.78,307.07,301.74,208.48,62906.87,1.45,Horizontal Oblong,Orange,"(12, 161, 118)","(32.55, 17.0, 13.0)",21.4,3,VISIBLE,-0.44,0.28
106,1,chair,0.882,506.51,32.47,958.44,672.5,732.48,352.49,451.93,640.03,289249.42,0.71,Vertical Oblong,Orange,"(11, 177, 93)","(23.92, 19.0, 14.0)",23.6,1,VISIBLE,-4.14,0.45
106,2,chair,0.6099,59.66,257.05,353.94,674.47,206.8,465.76,294.29,417.42,122841.08,0.71,Vertical Oblong,Blue,"(114, 95, 78)","(23.53, 8.0, -12.0)",14.42,2,VISIBLE,0.2,0.86
106,3,dog,0.6372,574.23,202.9,873.89,411.33,724.06,307.12,299.67,208.43,62460.18,1.44,Horizontal Oblong,Orange,"(11, 159, 120)","(32.94, 17.0, 13.0)",21.4,3,VISIBLE,-0.64,0.11
107,1,chair,0.8836,506.9,32.91,951.26,673.08,729.08,353.0,444.36,640.17,284466.87,0.69,Vertical Oblong,Orange,"(11, 177, 93)","(23.92, 19.0, 14.0)",23.6,1,VISIBLE,-3.62,0.49
107,2,chair,0.5805,58.39,254.28,354.05,674.94,206.22,464.61,295.66,420.66,124373.22,0.7,Vertical Oblong,Blue,"(114, 96, 79)","(23.92, 8.0, -12.0)",14.42,2,VISIBLE,-0.35,-0.55
107,3,dog,0.6323,574.54,202.96,872.48,411.12,723.51,307.04,297.94,208.16,62018.44,1.43,Horizontal Oblong,Orange,"(11, 158, 120)","(32.94, 17.0, 13.0)",21.4,3,VISIBLE,-0.58,-0.02
108,1,chair,0.8682,507.27,33.28,948.81,673.43,728.04,353.36,441.54,640.15,282649.31,0.69,Vertical Oblong,Orange,"(11, 177, 93)","(23.92, 19.0, 14.0)",23.6,1,VISIBLE,-1.81,0.4
108,2,chair,0.5758,57.68,250.45,354.14,675.53,205.91,462.99,296.46,425.08,126021.07,0.7,Vertical Oblong,Blue,"(114, 96, 80)","(23.92, 8.0, -12.0)",14.42,2,VISIBLE,-0.32,-1.3
108,3,dog,0.644,574.85,203.03,871.2,410.81,723.02,306.92,296.35,207.79,61577.35,1.43,Horizontal Oblong,Orange,"(11, 160, 120)","(32.94, 17.0, 13.0)",21.4,3,VISIBLE,-0.51,-0.09
109,1,chair,0.8703,508.07,33.55,946.9,673.83,727.49,353.69,438.83,640.28,280975.84,0.69,Vertical Oblong,Orange,"(11, 179, 93)","(23.92, 19.0, 14.0)",23.6,1,VISIBLE,-0.93,0.35
109,2,chair,0.5464,55.98,246.51,354.08,676.25,205.03,461.38,298.1,429.74,128103.04,0.69,Vertical Oblong,Blue,"(113, 96, 81)","(24.31, 8.0, -12.0)",14.42,2,VISIBLE,-0.71,-1.52
109,3,dog,0.6584,575.1,202.99,868.6,410.62,721.85,306.81,293.5,207.63,60940.73,1.41,Horizontal Oblong,Orange,"(11, 160, 120)","(32.94, 17.0, 13.0)",21.4,3,VISIBLE,-0.98,-0.11
110,1,chair,0.8567,508.62,33.67,946.24,674.31,727.43,353.99,437.62,640.64,280356.58,0.68,Vertical Oblong,Orange,"(11, 177, 93)","(23.92, 19.0, 14.0)",23.6,1,VISIBLE,-0.32,0.32
110,2,chair,0.5304,52.59,243.17,353.79,676.89,203.19,460.03,301.2,433.71,130632.52,0.69,Vertical Oblong,Blue,"(115, 96, 81)","(23.92, 8.0, -12.0)",14.42,2,VISIBLE,-1.5,-1.4
110,3,dog,0.6507,575.12,203.13,874.36,410.68,724.74,306.91,299.23,207.56,62108.25,1.44,Horizontal Oblong,Orange,"(11, 159, 120)","(32.94, 17.0, 13.0)",21.4,3,VISIBLE,1.73,0.04
111,1,chair,0.8523,508.87,33.83,946.37,674.51,727.62,354.17,437.49,640.68,280294.14,0.68,Vertical Oblong,Orange,"(11, 178, 93)","(23.92, 19.0, 14.0)",23.6,1,VISIBLE,0.04,0.22
111,2,chair,0.4978,50.34,240.24,353.51,677.48,201.92,458.86,303.17,437.25,132560.25,0.69,Vertical Oblong,Blue,"(114, 95, 81)","(24.31, 8.0, -12.0)",14.42,2,VISIBLE,-1.34,-1.24
111,3,dog,0.6633,574.91,203.38,879.66,410.91,727.29,307.14,304.75,207.53,63244.48,1.47,Horizontal Oblong,Orange,"(11, 161, 119)","(32.55, 17.0, 14.0)",22.02,3,VISIBLE,2.3,0.18
112,1,chair,0.8533,508.02,34.0,947.01,674.66,727.52,354.33,438.98,640.65,281237.36,0.69,Vertical Oblong,Orange,"(11, 178, 94)","(23.92, 19.0, 14.0)",23.6,1,VISIBLE,-0.06,0.18
112,2,chair,0.4846,47.77,236.94,353.33,678.24,200.55,457.59,305.56,441.3,134845.27,0.69,Vertical Oblong,Blue,"(114, 95, 82)","(24.71, 8.0, -12.0)",14.42,2,VISIBLE,-1.36,-1.26
112,3,dog,0.6668,574.42,203.58,878.54,411.32,726.48,307.45,304.13,207.75,63180.78,1.46,Horizontal Oblong,Orange,"(11, 159, 120)","(32.94, 17.0, 13.0)",21.4,3,VISIBLE,0.13,0.27
113,1,chair,0.8613,507.18,34.13,947.64,674.84,727.41,354.49,440.46,640.72,282211.77,0.69,Vertical Oblong,Orange,"(11, 179, 93)","(23.92, 19.0, 14.0)",23.6,1,VISIBLE,-0.09,0.16
113,2,chair,0.4907,44.66,234.78,353.07,678.69,198.86,456.74,308.42,443.91,136908.63,0.69,Vertical Oblong,Blue,"(113, 95, 82)","(24.71, 8.0, -12.0)",14.42,2,VISIBLE,-1.59,-0.98
113,3,dog,0.6726,573.8,203.77,877.34,411.59,725.57,307.68,303.54,207.81,63079.11,1.46,Horizontal Oblong,Orange,"(11, 160, 120)","(32.94, 17.0, 13.0)",21.4,3,VISIBLE,-0.6,0.24
114,1,chair,0.8532,505.81,34.12,948.38,674.91,727.09,354.51,442.57,640.79,283591.61,0.69,Vertical Oblong,Orange,"(11, 177, 93)","(24.31, 19.0, 14.0)",23.6,1,VISIBLE,-0.25,0.07
114,2,chair,0.4846,41.04,234.03,352.94,678.94,196.99,456.49,311.9,444.91,138766.3,0.7,Vertical Oblong,Blue,"(114, 96, 81)","(24.31, 8.0, -12.0)",14.42,2,VISIBLE,-1.79,-0.47
114,3,dog,0.6342,573.35,203.95,876.43,411.87,724.89,307.91,303.08,207.92,63015.49,1.46,Horizontal Oblong,Orange,"(11, 159, 121)","(33.33, 17.0, 13.0)",21.4,3,VISIBLE,-0.66,0.23
115,1,chair,0.8564,505.1,34.04,949.02,675.02,727.06,354.53,443.93,640.98,284547.88,0.69,Vertical Oblong,Orange,"(11, 177, 93)","(24.31, 19.0, 14.0)",23.6,1,VISIBLE,-0.1,0.03
115,2,chair,0.4644,39.55,232.3,352.85,679.06,196.2,455.68,313.3,446.76,139970.74,0.7,Vertical Oblong,Blue,"(114, 96, 82)","(24.71, 8.0, -12.0)",14.42,2,VISIBLE,-1.09,-0.7
115,3,dog,0.605,572.98,204.05,873.47,412.24,723.23,308.15,300.49,208.19,62559.52,1.44,Horizontal Oblong,Orange,"(11, 157, 121)","(33.33, 17.0, 13.0)",21.4,3,VISIBLE,-1.36,0.23
116,1,chair,0.869,504.45,33.93,949.77,675.31,727.11,354.62,445.33,641.39,285626.07,0.69,Vertical Oblong,Red,"(10, 178, 93)","(23.92, 19.0, 14.0)",23.6,1,VISIBLE,0.01,0.07
116,2,chair,0.4422,38.22,230.48,352.83,679.07,195.52,454.77,314.61,448.59,141132.39,0.7,Vertical Oblong,Blue,"(114, 96, 81)","(24.31, 8.0, -12.0)",14.42,2,VISIBLE,-0.8,-0.84
116,3,dog,0.6598,572.62,204.07,867.66,412.4,720.14,308.23,295.04,208.33,61466.7,1.42,Horizontal Oblong,Orange,"(11, 157, 122)","(33.73, 17.0, 13.0)",21.4,3,VISIBLE,-2.57,0.13
117,1,chair,0.8721,504.53,33.99,950.41,675.58,727.47,354.79,445.88,641.59,286071.99,0.69,Vertical Oblong,Orange,"(11, 179, 93)","(23.92, 19.0, 14.0)",23.6,1,VISIBLE,0.25,0.14
117,2,chair,0.4445,38.71,231.02,352.88,679.1,195.8,455.06,314.18,448.08,140776.36,0.7,Vertical Oblong,Blue,"(113, 96, 82)","(24.31, 8.0, -12.0)",14.42,2,VISIBLE,-0.05,-0.05
117,3,dog,0.6694,572.49,204.02,862.81,412.45,717.65,308.23,290.32,208.42,60510.18,1.39,Horizontal Oblong,Orange,"(12, 156, 123)","(34.12, 16.0, 13.0)",20.62,3,VISIBLE,-2.51,0.04
118,1,chair,0.8547,505.73,34.25,951.4,675.8,728.57,355.02,445.67,641.55,285918.01,0.69,Vertical Oblong,Red,"(10, 177, 93)","(23.92, 19.0, 14.0)",23.6,1,VISIBLE,0.84,0.21
118,2,chair,0.4597,33.99,164.94,352.5,680.09,193.24,422.51,318.51,515.15,164081.89,0.62,Vertical Oblong,Blue,"(114, 97, 81)","(24.31, 8.0, -13.0)",15.26,2,VISIBLE,-1.8,-22.8
118,3,dog,0.6287,572.72,203.93,861.35,412.33,717.04,308.13,288.63,208.4,60151.81,1.38,Horizontal Oblong,Orange,"(11, 154, 124)","(34.51, 16.0, 13.0)",20.62,3,VISIBLE,-1.18,-0.06
119,1,chair,0.8227,513.81,34.82,951.97,675.64,732.89,355.23,438.15,640.82,280777.09,0.68,Vertical Oblong,Red,"(10, 177, 94)","(24.31, 19.0, 14.0)",23.6,1,VISIBLE,3.28,0.21
119,2,chair,0.4499,33.42,118.41,352.26,680.79,192.84,399.6,318.84,562.37,179306.34,0.57,Vertical Oblong,Blue,"(115, 98, 79)","(23.14, 8.0, -12.0)",14.42,2,VISIBLE,-0.82,-22.88
119,3,dog,0.5656,573.09,203.72,862.12,412.55,717.61,308.13,289.03,208.83,60357.92,1.38,Horizontal Oblong,Orange,"(11, 154, 123)","(34.51, 16.0, 13.0)",20.62,3,VISIBLE,0.04,-0.01
120,1,chair,0.8623,517.47,35.41,952.76,675.69,735.12,355.55,435.29,640.28,278709.32,0.68,Vertical Oblong,Red,"(10, 177, 93)","(24.31, 19.0, 14.0)",23.6,1,VISIBLE,2.54,0.29
120,2,chair,0.4502,37.47,153.44,352.89,680.07,195.18,416.75,315.42,526.63,166110.87,0.6,Vertical Oblong,Blue,"(114, 97, 82)","(24.31, 7.0, -13.0)",14.76,2,VISIBLE,1.39,5.14
120,3,dog,0.6668,573.78,203.3,855.82,412.07,714.8,307.69,282.04,208.77,58881.78,1.35,Horizontal Oblong,Orange,"(11, 149, 127)","(36.08, 16.0, 13.0)",20.62,3,VISIBLE,-1.95,-0.32
121,1,chair,0.899,516.22,35.16,952.81,675.88,734.52,355.52,436.59,640.72,279730.54,0.68,Vertical Oblong,Red,"(10, 179, 93)","(23.92, 19.0, 14.0)",23.6,1,VISIBLE,0.34,0.06
121,2,chair,0.4441,40.05,180.19,353.54,679.39,196.8,429.79,313.49,499.2,156493.46,0.63,Vertical Oblong,Blue,"(113, 97, 82)","(24.31, 7.0, -12.0)",13.89,2,VISIBLE,1.55,10.67
121,3,dog,0.6778,574.61,202.94,849.76,411.51,712.18,307.23,275.15,208.57,57388.65,1.32,Horizontal Oblong,Orange,"(11, 147, 129)","(37.25, 15.0, 12.0)",19.21,3,VISIBLE,-2.42,-0.42
122,1,chair,0.8932,514.26,34.67,951.35,675.9,732.81,355.28,437.09,641.23,280273.45,0.68,Vertical Oblong,Red,"(10, 177, 93)","(23.92, 19.0, 14.0)",23.6,1,VISIBLE,-1.09,-0.15
122,2,chair,0.4461,36.47,136.16,353.74,679.51,195.11,407.83,317.28,543.35,172392.07,0.58,Vertical Oblong,Blue,"(114, 97, 81)","(24.31, 8.0, -12.0)",14.42,2,VISIBLE,-0.72,-12.17
122,3,dog,0.6648,575.21,202.78,846.9,411.4,711.06,307.09,271.69,208.62,56680.82,1.3,Horizontal Oblong,Orange,"(11, 144, 131)","(38.43, 16.0, 12.0)",20.0,3,VISIBLE,-1.52,-0.22
123,1,chair,0.8892,521.33,34.41,949.85,675.62,735.59,355.01,428.52,641.22,274777.6,0.67,Vertical Oblong,Red,"(10, 178, 93)","(23.92, 19.0, 14.0)",23.6,1,VISIBLE,1.62,-0.23
123,2,chair,0.4583,39.87,170.64,354.29,678.48,197.08,424.56,314.41,507.84,159671.7,0.62,Vertical Oblong,Blue,"(114, 97, 81)","(24.31, 8.0, -12.0)",14.42,2,VISIBLE,1.17,8.06
123,3,dog,0.6645,575.99,202.76,844.4,411.14,710.19,306.95,268.41,208.38,55931.37,1.29,Horizontal Oblong,Orange,"(11, 143, 132)","(39.22, 15.0, 11.0)",18.6,3,VISIBLE,-1.06,-0.16
124,1,chair,0.8864,526.42,33.94,950.17,675.44,738.29,354.69,423.75,641.5,271838.3,0.66,Vertical Oblong,Red,"(10, 179, 93)","(23.92, 20.0, 14.0)",24.41,1,VISIBLE,2.38,-0.3
124,2,chair,0.5246,41.94,200.71,355.01,677.98,198.47,439.35,313.07,477.27,149418.21,0.66,Vertical Oblong,Blue,"(115, 96, 81)","(23.92, 8.0, -12.0)",14.42,2,VISIBLE,1.33,12.77
124,3,dog,0.5902,576.62,202.87,847.65,411.06,712.13,306.96,271.03,208.19,56425.04,1.3,Horizontal Oblong,Orange,"(11, 144, 132)","(38.43, 15.0, 12.0)",19.21,3,VISIBLE,1.04,-0.04
125,1,chair,0.8843,541.05,33.72,952.87,675.3,746.96,354.51,411.82,641.59,264218.22,0.64,Vertical Oblong,Red,"(10, 180, 94)","(24.31, 20.0, 14.0)",24.41,1,VISIBLE,6.78,-0.22
125,2,chair,0.5577,42.19,222.33,355.75,677.79,198.97,450.06,313.56,455.46,142812.69,0.69,Vertical Oblong,Blue,"(113, 96, 81)","(24.31, 8.0, -12.0)",14.42,2,VISIBLE,0.74,11.33
125,3,dog,0.6195,577.41,203.01,849.69,410.88,713.55,306.94,272.27,207.88,56599.43,1.31,Horizontal Oblong,Orange,"(12, 147, 130)","(37.65, 15.0, 12.0)",19.21,3,VISIBLE,1.3,-0.03
126,1,chair,0.886,555.15,33.45,955.33,675.28,755.24,354.37,400.19,641.83,256852.53,0.62,Vertical Oblong,Red,"(10, 179, 95)","(24.31, 20.0, 14.0)",24.41,1,VISIBLE,7.83,-0.17
126,2,chair,0.5528,41.82,236.41,356.41,677.49,199.12,456.95,314.59,441.09,138760.57,0.71,Vertical Oblong,Blue,"(115, 95, 80)","(23.92, 8.0, -12.0)",14.42,2,VISIBLE,0.32,8.22
126,3,dog,0.6374,578.37,203.36,853.11,410.69,715.74,307.02,274.73,207.33,56960.75,1.33,Horizontal Oblong,Orange,"(11, 147, 129)","(36.86, 16.0, 12.0)",20.0,3,VISIBLE,1.92,0.05
127,1,chair,0.8741,557.18,33.19,957.5,675.3,757.34,354.25,400.32,642.11,257050.75,0.62,Vertical Oblong,Red,"(10, 179, 95)","(24.31, 20.0, 14.0)",24.41,1,VISIBLE,3.82,-0.13
127,2,chair,0.5142,39.77,243.66,357.18,677.11,198.48,460.39,317.41,433.45,137581.58,0.73,Vertical Oblong,Blue,"(115, 95, 80)","(23.92, 8.0, -12.0)",14.42,2,VISIBLE,-0.35,4.87
127,3,dog,0.6298,579.25,203.4,857.99,410.37,718.62,306.88,278.74,206.98,57692.61,1.35,Horizontal Oblong,Orange,"(11, 148, 128)","(36.47, 16.0, 12.0)",20.0,3,VISIBLE,2.59,-0.08
128,1,chair,0.8494,562.35,33.92,958.95,676.21,760.65,355.07,396.6,642.29,254734.36,0.62,Vertical Oblong,Red,"(10, 179, 95)","(24.71, 20.0, 14.0)",24.41,1,VISIBLE,3.46,0.53
128,2,chair,0.5668,39.24,248.14,358.12,676.96,198.68,462.55,318.87,428.83,136740.56,0.74,Vertical Oblong,Blue,"(115, 96, 79)","(23.53, 8.0, -12.0)",14.42,2,VISIBLE,0.04,2.98
128,3,dog,0.6495,580.14,203.34,863.69,410.29,721.91,306.81,283.55,206.95,58680.91,1.37,Horizontal Oblong,Orange,"(11, 151, 125)","(34.9, 16.0, 12.0)",20.0,3,VISIBLE,3.08,-0.07
129,1,chair,0.8474,564.52,33.92,959.9,676.65,762.21,355.29,395.38,642.73,254124.82,0.62,Vertical Oblong,Red,"(10, 180, 95)","(24.71, 20.0, 14.0)",24.41,1,VISIBLE,2.13,0.31
129,2,chair,0.5973,38.06,249.52,359.02,677.0,198.54,463.26,320.97,427.47,137204.04,0.75,Vertical Oblong,Blue,"(113, 96, 79)","(23.53, 8.0, -12.0)",14.42,2,VISIBLE,-0.09,1.39
129,3,dog,0.5997,580.77,203.12,870.61,410.1,725.69,306.61,289.84,206.98,59990.49,1.4,Horizontal Oblong,Orange,"(11, 155, 121)","(33.33, 16.0, 13.0)",20.62,3,VISIBLE,3.57,-0.17
130,1,chair,0.846,560.79,33.62,961.94,676.64,761.37,355.13,401.15,643.03,257951.02,0.62,Vertical Oblong,Red,"(10, 177, 95)","(24.71, 20.0, 14.0)",24.41,1,VISIBLE,0.05,-0.01
130,2,chair,0.6129,36.35,248.51,360.0,677.05,198.18,462.78,323.65,428.54,138696.97,0.76,Vertical Oblong,Blue,"(115, 96, 79)","(23.53, 8.0, -12.0)",14.42,2,VISIBLE,-0.28,0.08
130,3,dog,0.5907,581.3,202.6,876.33,409.73,728.82,306.16,295.02,207.13,61108.71,1.42,Horizontal Oblong,Orange,"(11, 155, 120)","(33.33, 17.0, 12.0)",20.81,3,VISIBLE,3.26,-0.36
131,1,chair,0.8493,543.72,33.06,960.91,676.46,752.32,354.76,417.19,643.4,268423.02,0.65,Vertical Oblong,Red,"(10, 177, 95)","(24.71, 20.0, 14.0)",24.41,1,VISIBLE,-6.32,-0.26
131,2,chair,0.5831,36.44,246.25,360.8,676.96,198.62,461.61,324.36,430.7,139705.16,0.75,Vertical Oblong,Blue,"(115, 96, 79)","(23.53, 8.0, -12.0)",14.42,2,VISIBLE,0.23,-0.8
131,3,dog,0.5648,581.8,202.1,877.83,409.31,729.81,305.71,296.04,207.2,61340.47,1.43,Horizontal Oblong,Orange,"(11, 155, 120)","(32.94, 16.0, 12.0)",20.0,3,VISIBLE,1.68,-0.43
132,1,chair,0.8839,527.83,31.53,961.38,675.73,744.6,353.63,433.55,644.19,279290.18,0.67,Vertical Oblong,Red,"(10, 177, 93)","(23.92, 19.0, 14.0)",23.6,1,VISIBLE,-7.29,-0.87
132,2,chair,0.5475,31.05,172.77,360.79,676.38,195.92,424.57,329.73,503.61,166057.11,0.65,Vertical Oblong,Blue,"(115, 97, 80)","(23.92, 8.0, -12.0)",14.42,2,VISIBLE,-1.82,-26.16
132,3,dog,0.5608,582.02,201.19,883.16,409.18,732.59,305.18,301.15,207.99,62634.59,1.45,Horizontal Oblong,Orange,"(11, 155, 119)","(32.94, 16.0, 13.0)",20.62,3,VISIBLE,2.45,-0.49
133,1,chair,0.9131,515.93,30.07,963.87,675.12,739.9,352.59,447.95,645.05,288946.43,0.69,Vertical Oblong,Red,"(10, 177, 93)","(23.92, 19.0, 14.0)",23.6,1,VISIBLE,-5.48,-0.99
133,2,chair,0.6938,28.61,120.26,361.18,676.22,194.89,398.24,332.57,555.96,184896.05,0.6,Vertical Oblong,Blue,"(114, 98, 79)","(23.53, 8.0, -12.0)",14.42,2,VISIBLE,-1.26,-26.28
133,3,dog,0.5777,582.84,201.09,889.98,410.45,736.41,305.77,307.15,209.36,64302.93,1.47,Horizontal Oblong,Orange,"(11, 156, 118)","(32.55, 16.0, 12.0)",20.0,3,VISIBLE,3.41,0.26
134,1,chair,0.9203,508.48,28.57,961.97,674.61,735.23,351.59,453.5,646.03,292973.48,0.7,Vertical Oblong,Orange,"(11, 175, 92)","(23.92, 19.0, 14.0)",23.6,1,VISIBLE,-4.92,-1.0
134,2,chair,0.6489,28.95,86.05,361.71,676.02,195.33,381.03,332.76,589.98,196321.1,0.56,Vertical Oblong,Blue,"(116, 100, 74)","(21.18, 9.0, -12.0)",15.0,2,VISIBLE,-0.07,-19.93
134,3,dog,0.5834,583.31,200.22,880.28,408.97,731.79,304.6,296.97,208.76,61994.81,1.42,Horizontal Oblong,Orange,"(11, 153, 121)","(33.33, 16.0, 12.0)",20.0,3,VISIBLE,-2.21,-0.74
135,1,chair,0.9093,504.49,27.43,959.08,674.07,731.78,350.75,454.59,646.63,293949.84,0.7,Vertical Oblong,Red,"(10, 176, 92)","(23.92, 19.0, 14.0)",23.6,1,VISIBLE,-3.88,-0.89
135,2,chair,0.603,27.86,65.07,361.81,675.46,194.83,370.27,333.95,610.39,203840.41,0.55,Vertical Oblong,Blue,"(116, 101, 74)","(21.18, 9.0, -12.0)",15.0,2,VISIBLE,-0.37,-13.52
135,3,dog,0.6287,583.85,199.48,868.82,408.05,726.33,303.77,284.97,208.57,59437.64,1.37,Horizontal Oblong,Orange,"(11, 150, 126)","(35.69, 16.0, 12.0)",20.0,3,VISIBLE,-4.48,-0.8
136,1,chair,0.9055,502.94,26.67,959.9,673.52,731.42,350.1,456.96,646.85,295583.47,0.71,Vertical Oblong,Red,"(10, 174, 92)","(23.92, 19.0, 13.0)",23.02,1,VISIBLE,-1.42,-0.72
136,2,chair,0.4964,27.89,54.93,362.51,676.18,195.2,365.55,334.62,621.25,207882.9,0.54,Vertical Oblong,Blue,"(117, 101, 74)","(21.57, 9.0, -12.0)",15.0,2,VISIBLE,0.14,-7.35
136,3,dog,0.667,584.72,199.61,873.92,409.0,729.32,304.31,289.21,209.39,60556.16,1.38,Horizontal Oblong,Orange,"(11, 151, 124)","(34.9, 16.0, 12.0)",20.0,3,VISIBLE,0.74,0.14
137,1,chair,0.905,503.12,26.07,957.86,673.04,730.49,349.55,454.74,646.97,294204.63,0.7,Vertical Oblong,Red,"(10, 177, 92)","(23.92, 19.0, 14.0)",23.6,1,VISIBLE,-1.08,-0.6
137,2,chair,0.6021,28.11,51.29,363.03,675.73,195.57,363.51,334.92,624.44,209139.16,0.54,Vertical Oblong,Blue,"(116, 101, 74)","(21.57, 9.0, -12.0)",15.0,2,VISIBLE,0.3,-3.64
137,3,dog,0.6428,585.8,199.78,879.48,409.9,732.64,304.84,293.68,210.11,61705.23,1.4,Horizontal Oblong,Orange,"(11, 154, 121)","(33.33, 16.0, 12.0)",20.0,3,VISIBLE,2.55,0.42
138,1,chair,0.8993,504.82,26.1,958.26,672.99,731.54,349.54,453.43,646.89,293318.87,0.7,Vertical Oblong,Red,"(10, 175, 92)","(23.53, 19.0, 13.0)",23.02,1,VISIBLE,0.41,-0.19
138,2,chair,0.6962,28.96,52.16,364.35,676.28,196.65,364.22,335.39,624.12,209319.97,0.54,Vertical Oblong,Blue,"(118, 100, 75)","(21.57, 9.0, -12.0)",15.0,2,VISIBLE,0.85,-0.59
138,3,dog,0.6111,587.45,199.53,884.17,410.74,735.81,305.14,296.72,211.22,62671.75,1.4,Horizontal Oblong,Orange,"(11, 153, 121)","(33.33, 16.0, 12.0)",20.0,3,VISIBLE,2.98,0.33
139,1,chair,0.8777,506.81,26.09,958.7,673.1,732.75,349.59,451.88,647.01,292373.29,0.7,Vertical Oblong,Red,"(10, 177, 92)","(23.92, 19.0, 14.0)",23.6,1,VISIBLE,0.97,-0.02
139,2,chair,0.6937,30.93,55.18,365.67,676.79,198.3,365.98,334.73,621.61,208074.88,0.54,Vertical Oblong,Blue,"(117, 101, 74)","(21.57, 9.0, -12.0)",15.0,2,VISIBLE,1.41,1.06
139,3,dog,0.5582,588.92,199.24,876.29,410.09,732.61,304.66,287.36,210.85,60591.47,1.36,Horizontal Oblong,Orange,"(11, 152, 123)","(34.51, 16.0, 12.0)",20.0,3,VISIBLE,-1.35,-0.23
140,1,chair,0.8787,509.23,26.51,961.43,673.33,735.33,349.92,452.2,646.82,292494.9,0.7,Vertical Oblong,Orange,"(11, 175, 92)","(23.53, 19.0, 13.0)",23.02,1,VISIBLE,2.09,0.22
140,2,chair,0.7032,31.87,59.28,367.05,677.29,199.46,368.28,335.18,618.01,207146.28,0.54,Vertical Oblong,Blue,"(118, 99, 75)","(21.57, 9.0, -12.0)",15.0,2,VISIBLE,1.23,1.93
140,3,dog,0.5114,590.1,199.08,872.12,409.89,731.11,304.48,282.02,210.81,59451.88,1.34,Horizontal Oblong,Orange,"(11, 149, 126)","(35.69, 16.0, 12.0)",20.0,3,VISIBLE,-1.45,-0.19
141,1,chair,0.8934,511.9,26.46,965.55,673.81,738.73,350.14,453.64,647.35,293663.65,0.7,Vertical Oblong,Red,"(10, 178, 92)","(23.92, 19.0, 14.0)",23.6,1,VISIBLE,3.0,0.22
141,2,chair,0.7456,31.88,63.38,368.36,677.94,200.12,370.66,336.48,614.56,206788.07,0.55,Vertical Oblong,Blue,"(115, 101, 75)","(21.57, 9.0, -12.0)",15.0,2,VISIBLE,0.83,2.24
141,3,dog,0.4369,590.92,199.04,869.12,408.83,730.02,303.94,278.19,209.8,58364.24,1.33,Horizontal Oblong,Orange,"(12, 148, 129)","(37.25, 15.0, 12.0)",19.21,3,VISIBLE,-1.2,-0.44
142,1,chair,0.8701,515.29,26.92,970.89,674.16,743.09,350.54,455.6,647.24,294886.43,0.7,Vertical Oblong,Red,"(10, 175, 92)","(23.92, 19.0, 14.0)",23.6,1,VISIBLE,3.96,0.35
142,2,chair,0.6777,31.82,67.37,369.39,678.21,200.61,372.79,337.57,610.84,206199.82,0.55,Vertical Oblong,Blue,"(117, 100, 74)","(21.57, 9.0, -12.0)",15.0,2,VISIBLE,0.59,2.16
142,3,dog,0.4782,591.72,199.23,858.79,408.3,725.25,303.77,267.07,209.07,55837.53,1.28,Horizontal Oblong,Orange,"(11, 142, 136)","(41.18, 15.0, 12.0)",19.21,3,VISIBLE,-3.69,-0.25
143,1,chair,0.8618,519.06,26.96,972.71,673.96,745.89,350.46,453.65,647.0,293514.45,0.7,Vertical Oblong,Red,"(10, 178, 92)","(23.53, 19.0, 14.0)",23.6,1,VISIBLE,3.14,0.05
143,2,chair,0.6994,33.81,70.92,370.86,679.82,202.34,375.37,337.05,608.9,205230.1,0.55,Vertical Oblong,Blue,"(117, 100, 74)","(21.57, 9.0, -12.0)",15.0,2,VISIBLE,1.39,2.45
143,3,dog,0.5537,592.71,200.51,863.47,408.7,728.09,304.61,270.75,208.2,56370.23,1.3,Horizontal Oblong,Orange,"(12, 146, 135)","(40.0, 15.0, 13.0)",19.85,3,VISIBLE,0.88,0.51
144,1,chair,0.8821,520.94,26.73,976.13,673.66,748.54,350.19,455.19,646.94,294480.32,0.7,Vertical Oblong,Red,"(10, 176, 92)","(23.92, 19.0, 14.0)",23.6,1,VISIBLE,2.8,-0.17
144,2,chair,0.5128,34.57,75.36,372.05,680.21,203.31,377.79,337.48,604.85,204126.55,0.56,Vertical Oblong,Blue,"(116, 99, 75)","(21.96, 9.0, -12.0)",15.0,2,VISIBLE,1.1,2.43
144,3,dog,0.6805,592.98,202.5,878.79,409.78,735.89,306.14,285.81,207.28,59242.61,1.38,Horizontal Oblong,Orange,"(11, 156, 124)","(34.12, 16.0, 15.0)",21.93,3,VISIBLE,5.72,1.23
145,1,chair,0.8767,522.75,26.17,981.41,673.89,752.08,350.03,458.66,647.72,297083.51,0.71,Vertical Oblong,Red,"(10, 179, 92)","(23.92, 19.0, 14.0)",23.6,1,VISIBLE,3.32,-0.17
145,2,chair,0.5711,34.92,78.13,373.07,680.44,203.99,379.28,338.15,602.31,203669.1,0.56,Vertical Oblong,Blue,"(115, 100, 75)","(21.96, 9.0, -12.0)",15.0,2,VISIBLE,0.81,1.78
145,3,dog,0.5845,592.38,204.75,889.94,410.44,741.16,307.59,297.56,205.69,61206.27,1.45,Horizontal Oblong,Orange,"(11, 165, 116)","(31.37, 16.0, 16.0)",22.63,3,VISIBLE,5.41,1.39
146,1,chair,0.8176,526.57,27.24,979.03,674.97,752.8,351.1,452.46,647.73,293074.24,0.7,Vertical Oblong,Red,"(10, 179, 92)","(23.92, 19.0, 14.0)",23.6,1,VISIBLE,1.5,0.7
146,2,chair,0.6073,34.95,79.82,374.09,680.71,204.52,380.26,339.14,600.89,203785.01,0.56,Vertical Oblong,Blue,"(116, 99, 75)","(21.96, 9.0, -12.0)",15.0,2,VISIBLE,0.61,1.22
146,3,dog,0.4461,589.48,207.21,873.73,409.66,731.6,308.44,284.25,202.44,57544.65,1.4,Horizontal Oblong,Orange,"(11, 163, 124)","(34.51, 16.0, 17.0)",23.35,3,VISIBLE,-5.07,1.0
147,1,chair,0.8509,526.86,25.76,982.07,675.32,754.46,350.54,455.21,649.55,295682.74,0.7,Vertical Oblong,Red,"(10, 182, 92)","(23.53, 19.0, 14.0)",23.6,1,VISIBLE,1.62,-0.18
147,2,chair,0.5395,35.35,81.52,375.1,681.08,205.22,381.3,339.74,599.55,203695.07,0.57,Vertical Oblong,Blue,"(116, 100, 76)","(21.96, 9.0, -12.0)",15.0,2,VISIBLE,0.68,1.09
147,3,dog,0.4844,584.38,209.88,861.11,409.28,722.75,309.58,276.74,199.4,55181.27,1.39,Horizontal Oblong,Orange,"(12, 160, 131)","(38.43, 15.0, 16.0)",21.93,3,VISIBLE,-7.72,1.1
148,1,chair,0.8214,526.9,24.56,983.82,675.54,755.36,350.05,456.91,650.98,297439.73,0.7,Vertical Oblong,Red,"(10, 182, 91)","(23.14, 19.0, 14.0)",23.6,1,VISIBLE,1.11,-0.4
148,2,chair,0.6126,35.71,81.45,376.08,681.21,205.9,381.33,340.38,599.76,204142.92,0.57,Vertical Oblong,Blue,"(116, 100, 75)","(21.96, 9.0, -12.0)",15.0,2,VISIBLE,0.67,0.35
148,3,dog,0.4156,577.87,212.46,850.75,409.04,714.31,310.75,272.88,196.58,53642.2,1.39,Horizontal Oblong,Orange,"(12, 158, 138)","(40.78, 16.0, 17.0)",23.35,3,VISIBLE,-8.22,1.15
149,1,chair,0.8,526.39,23.95,986.35,675.12,756.37,349.54,459.97,651.17,299517.41,0.71,Vertical Oblong,Red,"(10, 186, 91)","(23.14, 19.0, 14.0)",23.6,1,VISIBLE,1.04,-0.48
149,2,chair,0.5538,36.32,81.4,377.06,681.28,206.69,381.34,340.74,599.88,204400.69,0.57,Vertical Oblong,Blue,"(115, 101, 75)","(21.96, 9.0, -12.0)",15.0,2,VISIBLE,0.76,0.11
149,3,dog,0.4474,571.62,214.16,836.74,408.08,704.18,311.12,265.12,193.92,51411.66,1.37,Horizontal Oblong,Orange,"(12, 168, 143)","(42.35, 18.0, 18.0)",25.46,3,VISIBLE,-9.56,0.6
150,1,chair,0.8164,526.65,23.14,990.11,675.19,758.38,349.17,463.46,652.04,302192.7,0.71,Vertical Oblong,Red,"(10, 183, 91)","(23.14, 19.0, 14.0)",23.6,1,VISIBLE,1.72,-0.4
150,2,chair,0.4902,40.49,134.35,377.96,681.94,209.22,408.14,337.47,547.6,184796.23,0.62,Vertical Oblong,Blue,"(115, 97, 81)","(24.31, 8.0, -12.0)",14.42,2,VISIBLE,2.0,18.8
150,3,dog,0.5885,565.44,213.73,824.16,408.23,694.8,310.98,258.73,194.49,50320.4,1.33,Horizontal Oblong,Orange,"(11, 172, 147)","(43.14, 20.0, 19.0)",27.59,3,VISIBLE,-9.43,0.08
151,1,chair,0.8347,527.32,22.54,995.26,675.26,761.29,348.9,467.94,652.71,305432.87,0.72,Vertical Oblong,Red,"(10, 183, 92)","(23.53, 19.0, 14.0)",23.6,1,VISIBLE,2.55,-0.31
151,2,chair,0.7095,42.55,117.32,379.11,682.96,210.83,400.14,336.55,565.64,190367.42,0.6,Vertical Oblong,Blue,"(115, 97, 79)","(23.53, 8.0, -12.0)",14.42,2,VISIBLE,1.72,0.04
151,3,dog,0.5735,559.24,209.0,823.07,410.19,691.15,309.6,263.83,201.19,53079.55,1.31,Horizontal Oblong,Orange,"(11, 175, 147)","(42.75, 18.0, 18.0)",25.46,3,VISIBLE,-5.38,-0.94
152,1,chair,0.8503,527.88,22.46,998.08,675.55,762.98,349.01,470.2,653.09,307080.2,0.72,Vertical Oblong,Red,"(10, 184, 92)","(23.92, 19.0, 14.0)",23.6,1,VISIBLE,1.95,-0.02
152,2,chair,0.704,45.67,103.36,380.2,683.69,212.94,393.52,334.53,580.33,194139.09,0.58,Vertical Oblong,Blue,"(116, 99, 77)","(22.75, 9.0, -12.0)",15.0,2,VISIBLE,1.99,-4.62
152,3,dog,0.5698,553.92,200.4,825.12,411.07,689.52,305.73,271.2,210.67,57133.35,1.29,Horizontal Oblong,Orange,"(11, 183, 147)","(43.14, 16.0, 14.0)",21.26,3,VISIBLE,-2.76,-2.99
153,1,chair,0.8724,528.81,22.93,999.77,676.2,764.29,349.57,470.95,653.27,307658.36,0.72,Vertical Oblong,Red,"(10, 186, 92)","(23.53, 19.0, 14.0)",23.6,1,VISIBLE,1.5,0.39
153,2,chair,0.7538,49.25,92.93,381.2,684.39,215.22,388.66,331.96,591.46,196338.89,0.56,Vertical Oblong,Blue,"(115, 99, 76)","(22.35, 9.0, -12.0)",15.0,2,VISIBLE,2.2,-4.79
153,3,dog,0.5112,550.91,185.65,834.12,410.8,692.51,298.23,283.22,225.15,63766.64,1.26,Horizontal Oblong,Orange,"(12, 180, 141)","(40.78, 16.0, 12.0)",20.0,3,VISIBLE,1.27,-6.15
154,1,chair,0.8701,536.91,22.77,1001.25,677.47,769.08,350.12,464.33,654.7,303999.21,0.71,Vertical Oblong,Red,"(10, 187, 92)","(23.92, 19.0, 14.0)",23.6,1,VISIBLE,3.8,0.5
154,2,chair,0.7116,52.12,85.59,382.28,684.8,217.2,385.19,330.15,599.21,197833.14,0.55,Vertical Oblong,Blue,"(116, 99, 76)","(22.35, 9.0, -12.0)",15.0,2,VISIBLE,2.04,-3.86
154,3,dog,0.5112,546.41,179.9,833.16,411.1,689.79,295.5,286.75,231.2,66295.89,1.24,Spherical / Regular,Orange,"(12, 163, 152)","(44.31, 13.0, 13.0)",18.38,3,VISIBLE,-1.53,-3.75
155,1,chair,0.8725,567.62,23.26,1003.87,678.64,785.74,350.95,436.25,655.38,285909.67,0.67,Vertical Oblong,Orange,"(17, 142, 97)","(30.2, 9.0, 5.0)",10.3,1,VISIBLE,12.81,0.73
155,2,chair,0.5155,55.61,82.07,384.53,684.95,220.07,383.51,328.92,602.88,198298.73,0.55,Vertical Oblong,Blue,"(116, 99, 77)","(22.75, 9.0, -12.0)",15.0,2,VISIBLE,2.62,-2.34
155,3,dog,0.3735,542.36,156.14,852.52,394.36,697.44,275.25,310.16,238.23,73888.16,1.3,Horizontal Oblong,Orange,"(12, 188, 143)","(40.78, 18.0, 13.0)",22.2,3,VISIBLE,4.9,-15.3
156,1,chair,0.8182,587.1,23.84,1008.92,678.44,798.01,351.14,421.82,654.6,276124.04,0.64,Vertical Oblong,Orange,"(14, 153, 95)","(29.02, 11.0, 5.0)",12.08,1,VISIBLE,12.43,0.35
156,2,chair,0.5614,56.25,80.11,386.79,684.89,221.52,382.5,330.53,604.77,199896.08,0.55,Vertical Oblong,Blue,"(116, 99, 77)","(22.35, 9.0, -12.0)",15.0,2,VISIBLE,1.8,-1.41
156,3,dog,0.3735,537.99,145.6,856.95,390.14,697.47,267.87,318.97,244.53,77998.23,1.3,Horizontal Oblong,Orange,"(12, 186, 146)","(43.53, 16.0, 13.0)",20.62,3,VISIBLE,1.49,-9.76
156,5,desk,0.3288,219.3,240.46,759.52,651.75,489.41,446.11,540.22,411.29,222185.04,1.31,Horizontal Oblong,Blue,"(107, 117, 92)","(27.06, 12.0, 4.0)",12.65,5,VISIBLE,0.0,0.0
157,1,chair,0.88,573.17,23.88,1012.71,678.16,792.94,351.02,439.53,654.28,287575.4,0.67,Vertical Oblong,Orange,"(15, 149, 96)","(30.2, 10.0, 4.0)",10.77,1,VISIBLE,0.18,0.02
157,2,chair,0.6168,61.06,79.58,389.59,685.41,225.32,382.5,328.53,605.83,199033.57,0.54,Vertical Oblong,Blue,"(115, 100, 77)","(22.75, 9.0, -12.0)",15.0,2,VISIBLE,3.2,-0.43
157,5,desk,0.2835,221.0,239.65,788.65,655.68,504.82,447.66,567.65,416.03,236158.74,1.36,Horizontal Oblong,Blue,"(103, 123, 94)","(27.06, 12.0, 5.0)",13.0,5,VISIBLE,15.41,1.56
157,3,dog,0.6783,526.31,124.44,870.6,379.35,698.46,251.89,344.29,254.9,87759.75,1.35,Horizontal Oblong,Orange,"(12, 185, 145)","(42.75, 16.0, 13.0)",20.62,3,VISIBLE,1.14,-14.11
158,1,chair,0.8234,564.72,24.42,1015.48,677.28,790.1,350.85,450.76,652.86,294280.13,0.69,Vertical Oblong,Red,"(10, 185, 94)","(24.71, 20.0, 15.0)",25.0,1,VISIBLE,-1.93,-0.11
158,2,chair,0.7451,62.92,78.41,391.57,685.67,227.25,382.04,328.65,607.26,199574.17,0.54,Vertical Oblong,Blue,"(116, 99, 77)","(23.14, 9.0, -12.0)",15.0,2,VISIBLE,2.31,-0.45
158,5,desk,0.4869,222.73,239.6,765.37,657.47,494.05,448.53,542.64,417.87,226755.2,1.3,Horizontal Oblong,Blue,"(109, 112, 92)","(27.06, 12.0, 2.0)",12.17,5,VISIBLE,-2.92,1.08
158,3,dog,0.4424,515.04,104.8,868.34,356.6,691.69,230.7,353.3,251.81,88963.84,1.4,Horizontal Oblong,Orange,"(12, 166, 156)","(48.24, 17.0, 13.0)",21.4,3,VISIBLE,-4.39,-19.07
159,1,chair,0.7902,589.05,24.57,1017.16,676.18,803.11,350.38,428.11,651.62,278963.41,0.66,Vertical Oblong,Red,"(10, 183, 94)","(24.71, 20.0, 15.0)",25.0,1,VISIBLE,8.52,-0.37
159,2,chair,0.7686,63.99,79.26,393.86,685.72,228.92,382.49,329.86,606.46,200047.64,0.54,Vertical Oblong,Blue,"(116, 99, 78)","(23.14, 9.0, -12.0)",15.0,2,VISIBLE,1.87,0.18
159,5,desk,0.4508,223.24,239.48,756.67,657.55,489.96,448.52,533.43,418.07,223008.26,1.28,Horizontal Oblong,Blue,"(110, 108, 93)","(27.45, 12.0, 1.0)",12.04,5,VISIBLE,-3.74,0.31
159,3,dog,0.3237,501.77,86.15,874.9,325.95,688.34,206.05,373.13,239.8,89477.7,1.56,Horizontal Oblong,Orange,"(12, 144, 163)","(50.98, 17.0, 15.0)",22.67,3,VISIBLE,-3.67,-22.98
160,1,chair,0.8055,576.79,24.53,1017.43,675.68,797.11,350.1,440.64,651.15,286921.15,0.68,Vertical Oblong,Red,"(10, 182, 93)","(24.31, 19.0, 14.0)",23.6,1,VISIBLE,-1.64,-0.3
160,2,chair,0.7727,64.02,80.24,396.07,686.22,230.04,383.23,332.05,605.98,201217.94,0.55,Vertical Oblong,Blue,"(116, 99, 78)","(23.53, 9.0, -12.0)",15.0,2,VISIBLE,1.34,0.57
160,5,desk,0.5195,223.89,239.05,767.8,656.66,495.84,447.86,543.91,417.62,227144.69,1.3,Horizontal Oblong,Blue,"(109, 111, 90)","(26.27, 12.0, 2.0)",12.17,5,VISIBLE,3.0,-0.37
160,3,dog,0.4119,488.43,75.83,867.17,296.78,677.8,186.31,378.74,220.95,83683.8,1.71,Horizontal Oblong,Orange,"(13, 150, 155)","(49.41, 16.0, 20.0)",25.61,3,VISIBLE,-8.47,-20.71
161,1,chair,0.82,564.75,24.01,1017.59,675.27,791.17,349.64,452.85,651.26,294921.28,0.7,Vertical Oblong,Red,"(10, 182, 92)","(23.92, 19.0, 14.0)",23.6,1,VISIBLE,-4.65,-0.42
161,2,chair,0.7898,64.88,81.67,397.79,686.53,231.33,384.1,332.91,604.86,201364.35,0.55,Vertical Oblong,Blue,"(115, 99, 78)","(23.53, 9.0, -12.0)",15.0,2,VISIBLE,1.31,0.78
161,5,desk,0.5401,224.18,239.16,772.63,655.12,498.4,447.14,548.46,415.96,228134.19,1.32,Horizontal Oblong,Blue,"(108, 113, 89)","(25.49, 12.0, 3.0)",12.37,5,VISIBLE,2.69,-0.61
161,3,cat,0.3075,473.3,72.05,867.19,279.05,670.25,175.55,393.89,207.0,81533.37,1.9,Horizontal Oblong,Orange,"(12, 158, 147)","(45.88, 17.0, 20.0)",26.25,3,VISIBLE,-7.83,-13.74
162,1,chair,0.8096,557.67,23.75,1018.5,674.65,788.09,349.2,460.83,650.89,299950.16,0.71,Vertical Oblong,Red,"(10, 183, 90)","(23.53, 19.0, 14.0)",23.6,1,VISIBLE,-3.55,-0.43
162,2,chair,0.853,64.97,83.21,399.05,686.38,232.01,384.8,334.08,603.17,201507.77,0.55,Vertical Oblong,Blue,"(116, 99, 78)","(23.53, 9.0, -12.0)",15.0,2,VISIBLE,0.86,0.72
162,5,desk,0.5683,224.68,238.11,770.89,654.99,497.78,446.55,546.21,416.88,227703.59,1.31,Horizontal Oblong,Blue,"(110, 112, 89)","(25.49, 12.0, 2.0)",12.17,5,VISIBLE,0.37,-0.6
162,3,cat,0.3075,461.76,60.41,868.39,260.13,665.08,160.27,406.63,199.72,81213.77,2.04,Horizontal Oblong,Orange,"(13, 167, 133)","(42.75, 10.0, 11.0)",14.87,3,VISIBLE,-5.97,-14.82
163,1,chair,0.7973,552.23,23.31,1020.38,674.43,786.31,348.87,468.15,651.12,304823.17,0.72,Vertical Oblong,Red,"(10, 184, 89)","(22.75, 19.0, 14.0)",23.6,1,VISIBLE,-2.31,-0.36
163,2,chair,0.8369,64.92,84.52,401.07,685.98,233.0,385.25,336.16,601.45,202183.77,0.56,Vertical Oblong,Blue,"(115, 99, 78)","(23.53, 9.0, -12.0)",15.0,2,VISIBLE,0.95,0.53
163,5,desk,0.5353,224.74,237.55,769.62,654.57,497.18,446.06,544.88,417.02,227227.84,1.31,Horizontal Oblong,Blue,"(110, 112, 89)","(25.49, 12.0, 2.0)",12.17,5,VISIBLE,-0.31,-0.52
163,3,dog,0.3496,443.16,70.1,865.22,262.32,654.19,166.21,422.06,192.22,81128.6,2.2,Horizontal Oblong,Orange,"(12, 177, 129)","(38.43, 14.0, 17.0)",22.02,3,VISIBLE,-9.41,-0.29
164,1,chair,0.7649,552.74,22.63,1023.49,674.76,788.12,348.69,470.76,652.13,306996.58,0.72,Vertical Oblong,Red,"(10, 183, 88)","(22.75, 19.0, 14.0)",23.6,1,VISIBLE,0.57,-0.23
164,2,chair,0.8459,65.44,86.34,403.07,685.85,234.25,386.1,337.63,599.51,202413.3,0.56,Vertical Oblong,Blue,"(115, 99, 78)","(23.53, 9.0, -12.0)",15.0,2,VISIBLE,1.17,0.75
164,5,desk,0.6401,227.63,237.88,766.03,657.19,496.83,447.53,538.4,419.31,225755.83,1.28,Horizontal Oblong,Blue,"(111, 111, 89)","(25.49, 12.0, 2.0)",12.17,5,VISIBLE,-0.34,0.88
164,3,dog,0.5502,421.34,79.63,861.56,288.54,641.45,184.08,440.22,208.91,91966.43,2.11,Horizontal Oblong,Orange,"(12, 176, 136)","(39.61, 17.0, 22.0)",27.8,3,VISIBLE,-11.74,12.43
164,6,chair,0.3989,0.0,328.53,43.59,684.87,21.8,506.7,43.59,356.35,15533.66,0.12,Vertical Oblong,Black,"(126, 51, 47)","(16.86, 3.0, -3.0)",4.24,6,VISIBLE,0.0,0.0
165,1,chair,0.7813,552.44,21.55,1027.75,675.96,790.09,348.75,475.31,654.41,311045.35,0.73,Vertical Oblong,Red,"(10, 182, 86)","(21.96, 19.0, 14.0)",23.6,1,VISIBLE,1.56,-0.03
165,2,chair,0.8136,66.72,87.79,406.08,685.78,236.4,386.78,339.37,597.99,202936.61,0.57,Vertical Oblong,Blue,"(115, 99, 79)","(23.53, 9.0, -11.0)",14.21,2,VISIBLE,1.85,0.71
165,5,desk,0.6017,229.75,238.76,763.97,661.06,496.86,449.91,534.22,422.29,225595.11,1.27,Horizontal Oblong,Blue,"(109, 112, 89)","(25.49, 12.0, 2.0)",12.17,5,VISIBLE,-0.08,1.93
165,6,chair,0.4618,0.0,330.37,45.74,683.31,22.87,506.84,45.74,352.94,16141.64,0.13,Vertical Oblong,Black,"(122, 64, 46)","(16.08, 2.0, -3.0)",3.61,6,VISIBLE,1.08,0.14
165,3,dog,0.5807,398.93,86.86,863.42,308.23,631.17,197.54,464.48,221.37,102820.77,2.1,Horizontal Oblong,Orange,"(12, 167, 142)","(42.35, 14.0, 17.0)",22.02,3,VISIBLE,-10.71,13.15
166,1,chair,0.8015,555.27,20.66,1031.91,676.85,793.59,348.75,476.64,656.19,312765.66,0.73,Vertical Oblong,Red,"(10, 181, 87)","(22.35, 19.0, 13.0)",23.02,1,VISIBLE,2.91,-0.01
166,2,chair,0.8329,69.49,88.53,409.62,685.79,239.55,387.16,340.13,597.26,203144.8,0.57,Vertical Oblong,Blue,"(116, 99, 79)","(23.92, 9.0, -11.0)",14.21,2,VISIBLE,2.76,0.48
166,5,desk,0.63,231.45,239.64,763.15,663.05,497.3,451.34,531.71,423.41,225127.89,1.26,Horizontal Oblong,Blue,"(111, 111, 89)","(25.88, 12.0, 2.0)",12.17,5,VISIBLE,0.28,1.58
166,6,chair,0.4896,0.0,331.53,48.25,679.55,24.12,505.54,48.25,348.02,16791.46,0.14,Vertical Oblong,Black,"(125, 99, 42)","(10.2, 4.0, -4.0)",5.66,6,VISIBLE,1.2,-0.87
166,3,dog,0.6156,381.93,94.42,869.66,321.28,625.79,207.85,487.73,226.86,110646.33,2.15,Horizontal Oblong,Orange,"(11, 158, 147)","(43.92, 16.0, 18.0)",24.08,3,VISIBLE,-6.98,11.16
167,1,chair,0.7877,559.33,20.03,1036.72,677.13,798.02,348.58,477.39,657.1,313691.65,0.73,Vertical Oblong,Red,"(10, 183, 89)","(22.75, 19.0, 14.0)",23.6,1,VISIBLE,3.98,-0.12
167,2,chair,0.8463,73.08,89.89,413.01,686.58,243.05,388.24,339.93,596.69,202831.18,0.57,Vertical Oblong,Blue,"(115, 99, 80)","(23.92, 9.0, -11.0)",14.21,2,VISIBLE,3.27,0.9
167,5,desk,0.6081,235.42,240.51,764.7,662.84,500.06,451.67,529.28,422.33,223533.72,1.25,Spherical / Regular,Blue,"(110, 112, 89)","(25.88, 12.0, 2.0)",12.17,5,VISIBLE,2.02,0.71
167,6,chair,0.4834,0.0,331.83,52.72,686.9,26.36,509.37,52.72,355.07,18719.96,0.15,Vertical Oblong,Black,"(125, 103, 38)","(7.84, 4.0, -5.0)",6.4,6,VISIBLE,1.92,2.42
167,3,fox,0.5117,366.0,101.26,889.29,327.87,627.64,214.57,523.29,226.61,118582.32,2.31,Horizontal Oblong,Orange,"(12, 167, 155)","(46.67, 19.0, 24.0)",30.61,3,VISIBLE,-0.8,8.05
168,1,chair,0.8146,565.84,19.05,1041.06,676.6,803.45,347.83,475.22,657.55,312480.96,0.72,Vertical Oblong,Orange,"(11, 182, 87)","(22.75, 19.0, 14.0)",23.6,1,VISIBLE,4.99,-0.57
168,2,chair,0.868,78.56,90.44,418.04,686.92,248.3,388.68,339.48,596.48,202490.98,0.57,Vertical Oblong,Blue,"(115, 100, 80)","(23.92, 10.0, -11.0)",14.87,2,VISIBLE,4.66,0.58
168,5,desk,0.5678,245.18,236.47,774.12,662.84,509.65,449.66,528.94,426.37,225522.79,1.24,Spherical / Regular,Blue,"(110, 113, 88)","(25.49, 12.0, 2.0)",12.17,5,VISIBLE,7.32,-1.2
168,6,desk,0.314,0.01,327.76,58.94,692.59,29.47,510.17,58.93,364.83,21499.2,0.16,Vertical Oblong,Black,"(126, 100, 36)","(7.84, 4.0, -5.0)",6.4,6,VISIBLE,2.76,1.29
168,3,dog,0.4597,353.18,108.84,854.44,302.07,603.81,205.45,501.25,193.23,96857.03,2.59,Horizontal Oblong,Orange,"(12, 161, 163)","(50.98, 19.0, 29.0)",34.67,3,VISIBLE,-16.92,-3.96
169,1,chair,0.7963,578.46,16.95,1046.85,675.74,812.66,346.35,468.4,658.79,308576.28,0.71,Vertical Oblong,Orange,"(11, 180, 87)","(22.75, 18.0, 13.0)",22.2,1,VISIBLE,7.94,-1.21
169,2,chair,0.837,85.63,91.11,423.27,685.9,254.45,388.5,337.64,594.79,200826.31,0.57,Vertical Oblong,Blue,"(113, 101, 80)","(23.92, 10.0, -10.0)",14.14,2,VISIBLE,5.7,0.05
169,5,desk,0.6495,256.26,238.83,777.75,662.02,517.0,450.42,521.49,423.19,220688.22,1.23,Spherical / Regular,Blue,"(108, 113, 88)","(25.49, 12.0, 3.0)",12.37,5,VISIBLE,7.34,0.18
169,6,desk,0.3298,0.01,326.95,64.68,697.43,32.34,512.19,64.67,370.48,23960.64,0.17,Vertical Oblong,Black,"(126, 101, 34)","(7.45, 4.0, -5.0)",6.4,6,VISIBLE,2.84,1.8
169,3,dog,0.4259,345.37,102.65,823.09,288.45,584.23,195.55,477.72,185.8,88762.07,2.57,Horizontal Oblong,Orange,"(12, 173, 159)","(48.63, 19.0, 28.0)",33.84,3,VISIBLE,-18.78,-8.12
170,1,chair,0.7466,605.13,16.97,1054.3,674.81,829.72,345.89,449.17,657.84,295484.84,0.68,Vertical Oblong,Orange,"(11, 178, 85)","(21.57, 18.0, 13.0)",22.2,1,VISIBLE,14.32,-0.68
170,2,chair,0.8251,91.89,91.36,427.44,685.52,259.66,388.44,335.55,594.17,199374.83,0.56,Vertical Oblong,Blue,"(113, 101, 81)","(23.92, 10.0, -10.0)",14.14,2,VISIBLE,5.36,-0.03
170,5,desk,0.6393,265.74,239.43,780.06,662.0,522.9,450.71,514.32,422.57,217335.72,1.22,Spherical / Regular,Blue,"(110, 113, 88)","(25.49, 12.0, 3.0)",12.37,5,VISIBLE,6.33,0.26
170,6,chair,0.3676,0.0,254.74,70.31,693.65,35.16,474.19,70.31,438.9,30858.19,0.16,Vertical Oblong,Black,"(125, 99, 38)","(8.24, 4.0, -6.0)",7.21,6,VISIBLE,2.82,-26.06
170,3,dog,0.5941,340.32,91.47,792.95,294.18,566.64,192.82,452.63,202.71,91753.8,2.23,Horizontal Oblong,Orange,"(12, 175, 155)","(47.45, 19.0, 26.0)",32.2,3,VISIBLE,-17.95,-4.34
171,1,chair,0.8048,596.41,16.54,1060.94,675.22,828.68,345.88,464.53,658.68,305977.28,0.71,Vertical Oblong,Orange,"(11, 176, 84)","(21.18, 18.0, 12.0)",21.63,1,VISIBLE,3.57,-0.21
171,2,chair,0.7935,98.58,92.33,432.23,686.36,265.41,389.35,333.64,594.03,198194.31,0.56,Vertical Oblong,Blue,"(114, 99, 82)","(24.31, 10.0, -9.0)",13.45,2,VISIBLE,5.63,0.62
171,5,desk,0.5542,273.4,240.72,793.92,665.43,533.66,453.08,520.51,424.71,221067.37,1.23,Spherical / Regular,Blue,"(108, 115, 87)","(24.71, 13.0, 4.0)",13.6,5,VISIBLE,9.43,1.73
171,6,chair,0.4397,0.02,280.8,74.54,692.02,37.28,486.41,74.53,411.22,30646.72,0.18,Vertical Oblong,Black,"(126, 104, 35)","(7.45, 4.0, -6.0)",7.21,6,VISIBLE,2.33,0.73
171,3,horse,0.3691,335.5,62.1,761.09,294.49,548.3,178.29,425.6,232.38,98900.31,1.83,Horizontal Oblong,Orange,"(12, 161, 148)","(47.06, 16.0, 21.0)",26.4,3,VISIBLE,-18.22,-11.47
172,1,chair,0.8251,592.08,15.45,1066.99,676.11,829.53,345.78,474.91,660.66,313754.24,0.72,Vertical Oblong,Orange,"(11, 174, 82)","(20.78, 18.0, 12.0)",21.63,1,VISIBLE,1.67,-0.13
172,2,chair,0.7562,104.27,93.11,437.66,686.7,270.97,389.91,333.39,593.59,197896.15,0.56,Vertical Oblong,Blue,"(115, 97, 83)","(24.71, 10.0, -9.0)",13.45,2,VISIBLE,5.58,0.58
172,5,desk,0.4219,289.9,240.11,804.88,668.1,547.39,454.11,514.98,427.99,220408.11,1.2,Spherical / Regular,Blue,"(109, 115, 88)","(25.49, 13.0, 4.0)",13.6,5,VISIBLE,12.44,1.24
172,6,chair,0.5987,0.01,301.46,79.55,691.34,39.78,496.4,79.53,389.89,31009.49,0.2,Vertical Oblong,Black,"(129, 106, 36)","(7.84, 4.0, -6.0)",7.21,6,VISIBLE,2.45,7.21
172,3,horse,0.3691,325.83,53.09,740.45,292.76,533.14,172.93,414.62,239.68,99374.61,1.73,Horizontal Oblong,Orange,"(11, 140, 145)","(48.63, 13.0, 18.0)",22.2,3,VISIBLE,-16.08,-7.2
173,1,chair,0.8258,589.85,15.09,1073.3,676.39,831.58,345.74,483.45,661.3,319707.03,0.73,Vertical Oblong,Red,"(10, 171, 81)","(20.39, 17.0, 11.0)",20.25,1,VISIBLE,1.93,-0.07
173,2,chair,0.69,110.65,94.31,450.0,687.75,280.33,391.03,339.35,593.45,201388.75,0.57,Vertical Oblong,Blue,"(114, 96, 83)","(24.71, 9.0, -10.0)",13.45,2,VISIBLE,8.23,0.96
173,5,desk,0.5802,304.55,238.81,813.56,667.61,559.06,453.21,509.01,428.8,218260.54,1.19,Spherical / Regular,Blue,"(107, 116, 87)","(24.71, 13.0, 4.0)",13.6,5,VISIBLE,11.9,-0.25
173,6,chair,0.5443,0.02,316.42,84.48,691.54,42.25,503.98,84.46,375.12,31682.74,0.23,Vertical Oblong,Black,"(131, 106, 35)","(7.45, 4.0, -5.0)",6.4,6,VISIBLE,2.46,7.47
173,3,horse,0.3691,316.16,44.07,719.8,291.04,517.98,167.56,403.64,246.97,99688.74,1.63,Horizontal Oblong,Orange,"(12, 101, 149)","(53.73, 10.0, 12.0)",15.62,3,VISIBLE,-15.43,-5.92
174,1,chair,0.7728,591.92,14.65,1079.53,676.83,835.73,345.74,487.61,662.18,322884.61,0.74,Vertical Oblong,Orange,"(11, 168, 80)","(20.39, 17.0, 11.0)",20.25,1,VISIBLE,3.48,-0.02
174,2,chair,0.5378,116.8,95.1,451.14,690.41,283.97,392.75,334.34,595.31,199034.98,0.56,Vertical Oblong,Blue,"(116, 95, 84)","(25.1, 9.0, -10.0)",13.45,2,VISIBLE,5.02,1.5
174,5,desk,0.613,317.79,240.78,820.11,671.09,568.95,455.93,502.32,430.31,216155.22,1.17,Spherical / Regular,Blue,"(109, 116, 87)","(24.71, 13.0, 4.0)",13.6,5,VISIBLE,10.5,1.83
174,6,chair,0.5873,0.03,327.1,89.21,693.9,44.62,510.5,89.17,366.8,32708.63,0.24,Vertical Oblong,Black,"(135, 108, 36)","(7.84, 5.0, -4.0)",6.4,6,VISIBLE,2.4,6.8
174,3,horse,0.3691,306.49,35.05,699.16,289.32,502.82,162.19,392.67,254.27,99842.69,1.54,Horizontal Oblong,Orange,"(12, 82, 147)","(54.51, 9.0, 11.0)",14.21,3,VISIBLE,-15.24,-5.53
175,1,chair,0.7577,630.06,12.81,1086.05,676.43,858.05,344.62,455.99,663.63,302609.12,0.69,Vertical Oblong,Orange,"(11, 175, 78)","(18.82, 17.0, 11.0)",20.25,1,VISIBLE,16.68,-0.79
175,2,chair,0.4757,122.78,96.51,431.86,692.17,277.32,394.34,309.08,595.65,184105.51,0.52,Vertical Oblong,Blue,"(115, 95, 84)","(25.1, 9.0, -11.0)",14.21,2,VISIBLE,-3.15,1.56
175,5,desk,0.6504,328.04,242.83,826.6,672.55,577.32,457.69,498.56,429.72,214240.19,1.16,Spherical / Regular,Blue,"(106, 116, 88)","(25.1, 13.0, 5.0)",13.93,5,VISIBLE,9.01,1.78
175,6,chair,0.5769,0.04,334.12,95.19,696.37,47.62,515.25,95.15,362.25,34467.44,0.26,Vertical Oblong,Black,"(135, 107, 36)","(7.84, 5.0, -4.0)",6.4,6,VISIBLE,2.82,5.36
175,3,horse,0.3691,296.82,26.04,678.51,287.6,487.66,156.82,381.69,261.56,99836.46,1.46,Horizontal Oblong,Orange,"(14, 65, 145)","(54.51, 6.0, 11.0)",12.53,3,VISIBLE,-15.18,-5.42
176,1,chair,0.7508,657.28,10.39,1093.45,676.77,875.37,343.58,436.17,666.38,290657.25,0.65,Vertical Oblong,Orange,"(11, 178, 77)","(18.43, 17.0, 10.0)",19.72,1,VISIBLE,17.12,-0.97
176,2,chair,0.5407,128.75,98.76,432.53,693.4,280.64,396.08,303.78,594.64,180639.13,0.51,Vertical Oblong,Blue,"(116, 95, 85)","(25.49, 9.0, -11.0)",14.21,2,VISIBLE,1.38,1.69
176,5,desk,0.5521,323.62,245.01,830.49,670.58,577.05,457.8,506.88,425.57,215713.11,1.19,Spherical / Regular,Blue,"(107, 118, 87)","(25.1, 13.0, 5.0)",13.93,5,VISIBLE,2.52,0.61
176,6,chair,0.5845,0.05,339.88,101.4,696.58,50.72,518.23,101.36,356.7,36154.03,0.28,Vertical Oblong,Black,"(135, 106, 36)","(7.84, 4.0, -4.0)",5.66,6,VISIBLE,3.02,3.7
176,3,horse,0.3691,287.15,17.02,657.86,285.88,472.51,151.45,370.71,268.86,99670.06,1.38,Horizontal Oblong,Orange,"(12, 146, 100)","(30.2, 14.0, 16.0)",21.26,3,VISIBLE,-15.17,-5.38
177,1,chair,0.7406,665.89,10.59,1100.17,678.43,883.03,344.51,434.28,667.84,290029.45,0.65,Vertical Oblong,Orange,"(11, 177, 77)","(18.43, 17.0, 10.0)",19.72,1,VISIBLE,10.5,0.36
177,2,chair,0.607,133.91,100.6,444.73,694.87,289.32,397.73,310.82,594.27,184709.95,0.52,Vertical Oblong,Blue,"(115, 95, 85)","(25.88, 9.0, -10.0)",13.45,2,VISIBLE,6.49,1.66
177,5,desk,0.5795,323.93,248.59,833.71,667.27,578.82,457.93,509.78,418.68,213431.33,1.22,Spherical / Regular,Blue,"(104, 117, 87)","(25.1, 13.0, 5.0)",13.93,5,VISIBLE,1.99,0.28
177,6,chair,0.5414,0.04,343.19,106.03,697.08,53.03,520.13,105.98,353.88,37506.18,0.3,Vertical Oblong,Black,"(135, 104, 35)","(7.84, 4.0, -3.0)",5.0,6,VISIBLE,2.52,2.44
178,1,chair,0.7085,679.86,10.05,1105.59,679.39,892.73,344.72,425.74,669.34,284961.46,0.64,Vertical Oblong,Orange,"(12, 175, 77)","(18.43, 17.0, 10.0)",19.72,1,VISIBLE,9.94,0.26
178,2,chair,0.5644,137.33,99.25,462.53,695.43,299.93,397.34,325.2,596.18,193877.16,0.55,Vertical Oblong,Blue,"(115, 94, 86)","(26.67, 10.0, -9.0)",13.45,2,VISIBLE,9.37,0.22
178,5,desk,0.5667,325.08,247.7,838.49,669.25,581.79,458.47,513.41,421.55,216427.98,1.22,Spherical / Regular,Blue,"(104, 120, 86)","(24.31, 13.0, 6.0)",14.32,5,VISIBLE,2.67,0.46
178,6,chair,0.5831,0.03,346.19,110.25,697.55,55.14,521.87,110.22,351.36,38725.94,0.31,Vertical Oblong,Black,"(138, 105, 35)","(7.84, 4.0, -3.0)",5.0,6,VISIBLE,2.23,1.95
179,1,chair,0.6838,692.72,9.62,1110.25,679.66,901.49,344.64,417.53,670.04,279758.68,0.62,Vertical Oblong,Orange,"(12, 174, 76)","(18.43, 17.0, 10.0)",19.72,1,VISIBLE,9.11,0.02
179,2,chair,0.5621,141.54,102.36,469.85,696.82,305.7,399.59,328.31,594.46,195167.27,0.55,Vertical Oblong,Blue,"(115, 94, 86)","(26.67, 9.0, -8.0)",12.04,2,VISIBLE,6.85,1.64
179,5,desk,0.6554,323.41,249.26,843.21,673.05,583.31,461.16,519.79,423.79,220284.64,1.23,Spherical / Regular,Blue,"(104, 120, 87)","(24.71, 13.0, 6.0)",14.32,5,VISIBLE,1.87,2.02
179,6,chair,0.6241,0.02,348.18,115.35,698.67,57.69,523.43,115.33,350.49,40423.0,0.33,Vertical Oblong,Black,"(138, 107, 34)","(7.45, 4.0, -3.0)",5.0,6,VISIBLE,2.45,1.67
180,1,chair,0.6901,701.19,10.11,1116.45,681.01,908.82,345.56,415.26,670.9,278597.91,0.62,Vertical Oblong,Orange,"(14, 173, 77)","(18.82, 17.0, 10.0)",19.72,1,VISIBLE,7.87,0.65
180,2,chair,0.6328,145.38,103.18,470.88,698.13,308.13,400.65,325.5,594.95,193655.07,0.55,Vertical Oblong,Blue,"(116, 93, 87)","(27.06, 9.0, -9.0)",12.73,2,VISIBLE,3.76,1.24
180,5,desk,0.6655,320.22,250.91,849.01,671.53,584.61,461.22,528.79,420.62,222420.46,1.26,Horizontal Oblong,Blue,"(105, 119, 87)","(25.1, 13.0, 5.0)",13.93,5,VISIBLE,1.47,0.65
180,6,chair,0.6666,0.01,348.96,120.51,699.4,60.26,524.18,120.5,350.44,42226.94,0.34,Vertical Oblong,Black,"(138, 108, 34)","(7.45, 4.0, -3.0)",5.0,6,VISIBLE,2.54,1.03
181,1,chair,0.7667,712.19,10.04,1124.96,681.65,918.58,345.85,412.77,671.61,277219.08,0.61,Vertical Oblong,Orange,"(13, 172, 78)","(19.22, 17.0, 10.0)",19.72,1,VISIBLE,9.19,0.39
181,2,chair,0.574,149.24,103.69,484.56,698.41,316.9,401.05,335.31,594.72,199416.54,0.56,Vertical Oblong,Blue,"(115, 92, 89)","(27.84, 9.0, -9.0)",12.73,2,VISIBLE,7.27,0.65
181,5,desk,0.6641,319.36,250.89,854.36,672.92,586.86,461.9,535.0,422.03,225782.83,1.27,Horizontal Oblong,Blue,"(104, 118, 87)","(25.1, 13.0, 5.0)",13.93,5,VISIBLE,2.01,0.67
181,6,chair,0.5849,0.0,349.44,125.97,700.02,62.98,524.73,125.97,350.59,44161.97,0.36,Vertical Oblong,Black,"(138, 106, 33)","(7.45, 4.0, -3.0)",5.0,6,VISIBLE,2.67,0.69
182,1,chair,0.7574,722.0,9.3,1132.18,682.31,927.09,345.81,410.18,673.01,276056.67,0.61,Vertical Oblong,Orange,"(17, 170, 77)","(18.82, 17.0, 9.0)",19.24,1,VISIBLE,8.72,0.09
182,2,chair,0.574,153.75,105.52,491.76,699.17,322.76,402.35,338.01,593.64,200659.4,0.57,Vertical Oblong,Blue,"(115, 93, 89)","(27.45, 10.0, -8.0)",12.81,2,VISIBLE,6.28,1.1
182,5,desk,0.6537,323.25,252.64,857.94,667.48,590.6,460.06,534.7,414.83,221810.54,1.29,Horizontal Oblong,Blue,"(106, 119, 87)","(24.71, 13.0, 5.0)",13.93,5,VISIBLE,3.22,-1.09
182,6,chair,0.6385,-0.0,349.94,131.93,700.71,65.96,525.33,131.93,350.77,46276.33,0.38,Vertical Oblong,Black,"(138, 106, 33)","(7.84, 4.0, -3.0)",5.0,6,VISIBLE,2.89,0.62
183,1,chair,0.7979,729.48,10.76,1138.15,683.27,933.81,347.02,408.67,672.51,274838.69,0.61,Vertical Oblong,Orange,"(13, 172, 76)","(18.82, 17.0, 9.0)",19.24,1,VISIBLE,7.32,0.87
183,2,chair,0.5617,158.03,106.86,496.23,700.93,327.13,403.89,338.2,594.07,200913.47,0.57,Vertical Oblong,Blue,"(114, 93, 90)","(27.84, 10.0, -8.0)",12.81,2,VISIBLE,4.95,1.42
183,5,desk,0.6572,327.27,253.91,862.72,665.05,594.99,459.48,535.45,411.14,220146.01,1.3,Horizontal Oblong,Blue,"(105, 119, 86)","(24.71, 13.0, 5.0)",13.93,5,VISIBLE,4.05,-0.73
183,6,chair,0.5455,-0.0,349.37,136.97,703.22,68.48,526.3,136.98,353.85,48469.38,0.39,Vertical Oblong,Black,"(135, 105, 34)","(7.84, 4.0, -3.0)",5.0,6,VISIBLE,2.63,0.87
184,1,chair,0.8151,734.37,13.66,1142.9,684.8,938.64,349.23,408.53,671.14,274183.11,0.61,Vertical Oblong,Orange,"(17, 173, 76)","(18.82, 17.0, 9.0)",19.24,1,VISIBLE,5.57,1.81
184,2,chair,0.5591,163.08,108.49,499.33,703.18,331.2,405.83,336.25,594.69,199962.81,0.57,Vertical Oblong,Blue,"(114, 94, 90)","(27.45, 10.0, -8.0)",12.81,2,VISIBLE,4.34,1.78
184,5,desk,0.571,331.06,254.68,868.55,667.4,599.81,461.04,537.5,412.72,221837.15,1.3,Horizontal Oblong,Blue,"(106, 118, 87)","(24.71, 13.0, 5.0)",13.93,5,VISIBLE,4.58,0.87
184,6,chair,0.3498,-0.0,348.69,142.0,704.77,71.0,526.73,142.0,356.08,50563.85,0.4,Vertical Oblong,Black,"(138, 105, 35)","(8.24, 4.0, -3.0)",5.0,6,VISIBLE,2.55,0.56
185,1,chair,0.7912,739.56,14.71,1148.03,686.48,943.79,350.59,408.46,671.76,274389.79,0.61,Vertical Oblong,Orange,"(14, 172, 76)","(18.82, 16.0, 9.0)",18.36,1,VISIBLE,5.28,1.5
185,2,chair,0.584,168.55,110.08,503.68,705.33,336.11,407.7,335.12,595.25,199481.29,0.56,Vertical Oblong,Blue,"(113, 96, 91)","(28.24, 10.0, -7.0)",12.21,2,VISIBLE,4.74,1.84
185,5,desk,0.5959,333.11,256.01,872.5,669.7,602.81,462.86,539.39,413.69,223141.36,1.3,Horizontal Oblong,Blue,"(104, 120, 87)","(25.1, 13.0, 5.0)",13.93,5,VISIBLE,3.47,1.53
185,6,chair,0.4685,-0.0,348.92,146.68,706.41,73.34,527.66,146.69,357.49,52440.63,0.41,Vertical Oblong,Black,"(135, 99, 35)","(9.02, 4.0, -3.0)",5.0,6,VISIBLE,2.4,0.82
186,1,chair,0.778,740.99,15.76,1153.69,688.22,947.34,351.99,412.7,672.46,277525.55,0.61,Vertical Oblong,Orange,"(19, 170, 76)","(18.82, 16.0, 8.0)",17.89,1,VISIBLE,4.07,1.43
186,2,chair,0.6624,173.36,112.38,509.14,707.22,341.25,409.8,335.79,594.84,199739.11,0.56,Vertical Oblong,Blue,"(113, 96, 92)","(28.24, 10.0, -6.0)",11.66,2,VISIBLE,5.02,2.02
186,5,desk,0.6551,335.97,257.68,878.37,672.05,607.17,464.87,542.4,414.37,224756.7,1.31,Horizontal Oblong,Blue,"(105, 120, 88)","(25.1, 13.0, 5.0)",13.93,5,VISIBLE,4.1,1.87
186,6,chair,0.4267,-0.0,349.2,151.63,708.02,75.81,528.61,151.63,358.82,54407.69,0.42,Vertical Oblong,Black,"(135, 97, 37)","(9.8, 4.0, -3.0)",5.0,6,VISIBLE,2.45,0.91
187,1,chair,0.7959,746.08,17.21,1159.36,689.41,952.72,353.31,413.28,672.19,277806.12,0.61,Vertical Oblong,Orange,"(17, 172, 76)","(18.82, 16.0, 9.0)",18.36,1,VISIBLE,4.99,1.35
187,2,chair,0.6685,175.76,115.04,513.14,708.32,344.45,411.68,337.39,593.28,200165.14,0.57,Vertical Oblong,Blue,"(112, 97, 91)","(28.24, 10.0, -6.0)",11.66,2,VISIBLE,3.74,1.92
187,5,desk,0.6569,340.05,259.18,881.69,671.17,610.87,465.18,541.64,411.99,223150.21,1.31,Horizontal Oblong,Blue,"(104, 123, 87)","(24.71, 13.0, 5.0)",13.93,5,VISIBLE,3.82,0.78
187,6,chair,0.5031,-0.0,351.15,155.86,708.3,77.93,529.73,155.87,357.15,55668.18,0.44,Vertical Oblong,Black,"(135, 95, 37)","(10.2, 4.0, -3.0)",5.0,6,VISIBLE,2.22,1.05
188,1,chair,0.8013,750.61,18.07,1164.08,689.87,957.34,353.97,413.46,671.8,277764.1,0.62,Vertical Oblong,Orange,"(18, 171, 76)","(18.82, 16.0, 9.0)",18.36,1,VISIBLE,4.73,0.87
188,2,chair,0.7543,178.71,117.48,517.46,710.66,348.09,414.07,338.75,593.18,200940.62,0.57,Vertical Oblong,Blue,"(112, 99, 90)","(27.84, 10.0, -6.0)",11.66,2,VISIBLE,3.67,2.25
188,5,desk,0.6885,344.32,259.87,885.71,673.38,615.02,466.63,541.39,413.51,223868.88,1.31,Horizontal Oblong,Blue,"(105, 122, 86)","(23.92, 13.0, 5.0)",13.93,5,VISIBLE,4.05,1.25
188,6,chair,0.4061,-0.0,352.92,160.35,708.64,80.17,530.78,160.35,355.72,57039.71,0.45,Vertical Oblong,Black,"(135, 93, 38)","(10.59, 4.0, -3.0)",5.0,6,VISIBLE,2.24,1.05
189,1,chair,0.7983,754.74,18.45,1169.44,691.31,962.09,354.88,414.7,672.87,279039.31,0.62,Vertical Oblong,Orange,"(14, 172, 76)","(18.43, 16.0, 9.0)",18.36,1,VISIBLE,4.74,0.9
189,2,chair,0.6119,181.97,119.61,519.61,711.54,350.79,415.58,337.65,591.92,199860.34,0.57,Vertical Oblong,Blue,"(111, 98, 91)","(27.84, 10.0, -6.0)",11.66,2,VISIBLE,2.99,1.73
189,5,desk,0.661,348.58,260.28,889.38,674.29,618.98,467.28,540.8,414.0,223893.5,1.31,Horizontal Oblong,Blue,"(104, 124, 85)","(23.92, 13.0, 5.0)",13.93,5,VISIBLE,3.99,0.84
189,6,chair,0.3147,-0.0,272.63,164.94,710.65,82.47,491.64,164.94,438.01,72246.07,0.38,Vertical Oblong,Black,"(133, 85, 42)","(12.55, 4.0, -2.0)",4.47,6,VISIBLE,2.28,-27.08
190,1,chair,0.8107,758.47,18.84,1173.87,693.03,966.17,355.94,415.41,674.18,280060.01,0.62,Vertical Oblong,Orange,"(20, 168, 76)","(18.82, 16.0, 8.0)",17.89,1,VISIBLE,4.28,1.01
190,2,chair,0.5579,186.16,121.81,522.26,712.5,354.21,417.15,336.11,590.69,198535.33,0.57,Vertical Oblong,Blue,"(112, 97, 91)","(27.84, 10.0, -6.0)",11.66,2,VISIBLE,3.29,1.62
190,5,desk,0.6614,354.65,260.76,893.65,672.61,624.15,466.68,539.0,411.85,221986.56,1.31,Horizontal Oblong,Blue,"(107, 122, 86)","(24.31, 13.0, 5.0)",13.93,5,VISIBLE,4.82,-0.17
190,6,chair,0.3637,-0.0,298.74,169.27,711.09,84.63,504.91,169.27,412.35,69799.03,0.41,Vertical Oblong,Black,"(135, 92, 41)","(11.76, 4.0, -3.0)",5.0,6,VISIBLE,2.2,1.17
191,1,chair,0.7342,759.82,18.36,1178.21,693.91,969.01,356.14,418.39,675.55,282645.97,0.62,Vertical Oblong,Orange,"(17, 170, 75)","(18.43, 16.0, 8.0)",17.89,1,VISIBLE,3.28,0.44
191,2,chair,0.6548,191.95,122.53,527.44,714.09,359.7,418.31,335.48,591.55,198457.66,0.57,Vertical Oblong,Blue,"(111, 97, 91)","(28.24, 10.0, -5.0)",11.18,2,VISIBLE,4.83,1.3
191,5,desk,0.6858,359.26,261.3,898.98,673.51,629.12,467.41,539.72,412.21,222476.62,1.31,Horizontal Oblong,Blue,"(106, 122, 86)","(24.31, 13.0, 5.0)",13.93,5,VISIBLE,4.92,0.45
191,6,chair,0.4489,-0.0,320.48,173.18,712.74,86.59,516.61,173.18,392.26,67933.28,0.44,Vertical Oblong,Black,"(135, 87, 41)","(11.76, 4.0, -3.0)",5.0,6,VISIBLE,2.03,8.54
192,1,chair,0.727,763.76,17.75,1184.64,694.49,974.2,356.12,420.87,676.74,284821.54,0.62,Vertical Oblong,Yellow,"(25, 169, 75)","(18.43, 16.0, 8.0)",17.89,1,VISIBLE,4.61,0.12
192,2,chair,0.6822,197.15,122.19,532.52,715.68,364.83,418.93,335.37,593.49,199037.77,0.57,Vertical Oblong,Blue,"(110, 98, 91)","(28.24, 10.0, -4.0)",10.77,2,VISIBLE,5.05,0.83
192,5,desk,0.657,362.03,261.91,904.13,674.01,633.08,467.96,542.1,412.1,223400.63,1.32,Horizontal Oblong,Blue,"(105, 122, 86)","(24.31, 13.0, 5.0)",13.93,5,VISIBLE,4.25,0.52
192,6,chair,0.4582,-0.0,337.74,176.89,713.88,88.44,525.81,176.89,376.14,66534.3,0.47,Vertical Oblong,Black,"(135, 80, 40)","(11.37, 4.0, -3.0)",5.0,6,VISIBLE,1.91,9.0
193,1,chair,0.7577,758.9,16.71,1190.63,695.34,974.77,356.02,431.73,678.63,292985.11,0.64,Vertical Oblong,Orange,"(21, 168, 75)","(18.43, 16.0, 8.0)",17.89,1,VISIBLE,1.78,-0.03
193,2,chair,0.6564,202.03,121.69,536.69,716.41,369.36,419.05,334.67,594.72,199034.74,0.56,Vertical Oblong,Blue,"(109, 98, 92)","(28.24, 10.0, -3.0)",10.44,2,VISIBLE,4.68,0.33
193,5,desk,0.6029,365.67,262.6,907.38,672.69,636.52,467.64,541.71,410.1,222155.74,1.32,Horizontal Oblong,Blue,"(104, 122, 85)","(24.31, 13.0, 5.0)",13.93,5,VISIBLE,3.69,-0.06
193,6,chair,0.607,-0.0,350.2,181.04,715.06,90.52,532.63,181.04,364.86,66054.85,0.5,Vertical Oblong,Black,"(135, 73, 39)","(11.37, 4.0, -3.0)",5.0,6,VISIBLE,2.02,7.47
194,1,chair,0.7592,736.49,16.11,1196.3,695.39,966.39,355.75,459.8,679.28,312335.79,0.68,Vertical Oblong,Orange,"(18, 167, 75)","(18.82, 15.0, 8.0)",17.0,1,VISIBLE,-5.33,-0.2
194,2,chair,0.647,206.37,121.69,543.64,717.09,375.01,419.39,337.27,595.4,200809.86,0.57,Vertical Oblong,Blue,"(109, 100, 91)","(28.24, 10.0, -1.0)",10.05,2,VISIBLE,5.36,0.34
194,5,desk,0.6355,365.35,263.21,911.41,673.06,638.38,468.13,546.06,409.85,223800.7,1.33,Horizontal Oblong,Blue,"(105, 122, 86)","(24.31, 13.0, 5.0)",13.93,5,VISIBLE,2.4,0.32
194,6,chair,0.5979,0.01,244.61,185.38,714.72,92.69,479.67,185.37,470.11,87146.08,0.39,Vertical Oblong,Black,"(131, 67, 45)","(15.29, 4.0, -2.0)",4.47,6,VISIBLE,2.13,-34.83
195,1,chair,0.7863,750.45,14.1,1202.11,695.31,976.28,354.71,451.65,681.21,307669.91,0.66,Vertical Oblong,Orange,"(17, 168, 75)","(18.43, 15.0, 8.0)",17.0,1,VISIBLE,5.32,-0.79
195,2,chair,0.7656,209.81,120.82,553.12,716.99,381.46,418.9,343.31,596.16,204670.47,0.58,Vertical Oblong,Blue,"(109, 101, 91)","(28.24, 11.0, -1.0)",11.05,2,VISIBLE,6.13,-0.24
195,5,desk,0.696,369.43,263.43,915.86,675.63,642.64,469.53,546.43,412.2,225238.5,1.33,Horizontal Oblong,Blue,"(104, 124, 86)","(24.31, 13.0, 5.0)",13.93,5,VISIBLE,3.71,1.07
195,6,chair,0.6929,0.12,171.88,189.13,714.33,94.63,443.11,189.02,542.45,102532.68,0.35,Vertical Oblong,Black,"(126, 47, 57)","(20.78, 3.0, -2.0)",3.61,6,VISIBLE,1.99,-36.04
196,1,chair,0.7877,763.96,12.29,1207.94,695.35,985.95,353.82,443.98,683.06,303265.86,0.65,Vertical Oblong,Orange,"(19, 166, 76)","(18.82, 15.0, 8.0)",17.0,1,VISIBLE,8.37,-0.86
196,2,chair,0.7068,214.29,119.94,560.41,716.2,387.35,418.07,346.12,596.25,206376.15,0.58,Vertical Oblong,Blue,"(110, 101, 91)","(28.24, 11.0, -1.0)",11.05,2,VISIBLE,5.96,-0.66
196,5,desk,0.5523,375.49,263.8,919.29,676.74,647.39,470.27,543.79,412.94,224554.21,1.32,Horizontal Oblong,Blue,"(105, 123, 86)","(24.31, 13.0, 6.0)",14.32,5,VISIBLE,4.43,0.84
196,6,chair,0.7186,0.09,124.15,193.5,714.47,96.79,419.31,193.41,590.32,114174.65,0.33,Vertical Oblong,Grey,"(114, 41, 73)","(23.92, 2.0, -1.0)",2.24,6,VISIBLE,2.12,-27.47
197,1,chair,0.8155,776.08,12.14,1212.62,696.08,994.35,354.11,436.54,683.94,298568.83,0.64,Vertical Oblong,Orange,"(17, 168, 75)","(18.82, 15.0, 8.0)",17.0,1,VISIBLE,8.39,-0.05
197,2,chair,0.6452,217.99,119.08,572.27,716.76,395.13,417.92,354.29,597.68,211750.61,0.59,Vertical Oblong,Blue,"(109, 102, 92)","(28.63, 10.0, -1.0)",10.05,2,VISIBLE,7.23,-0.3
197,5,desk,0.485,382.45,264.33,921.97,677.34,652.21,470.84,539.52,413.01,222826.75,1.31,Horizontal Oblong,Blue,"(104, 124, 87)","(24.71, 13.0, 6.0)",14.32,5,VISIBLE,4.7,0.65
197,6,chair,0.633,0.09,78.11,197.55,715.64,98.82,396.87,197.45,637.53,125884.22,0.31,Vertical Oblong,Grey,"(100, 36, 86)","(28.63, 2.0, -1.0)",2.24,6,VISIBLE,2.05,-23.95
198,1,chair,0.7899,785.79,12.64,1216.74,697.09,1001.27,354.86,430.94,684.45,294958.48,0.63,Vertical Oblong,Yellow,"(37, 164, 75)","(18.43, 15.0, 8.0)",17.0,1,VISIBLE,7.36,0.51
198,2,chair,0.5847,221.99,118.55,576.66,716.74,399.32,417.64,354.67,598.19,212159.06,0.59,Vertical Oblong,Blue,"(112, 100, 93)","(28.63, 10.0, -4.0)",10.77,2,VISIBLE,5.11,-0.28
198,5,desk,0.5566,386.92,264.47,925.04,677.74,655.98,471.1,538.12,413.27,222388.82,1.3,Horizontal Oblong,Blue,"(108, 123, 87)","(24.71, 13.0, 5.0)",13.93,5,VISIBLE,4.05,0.38
198,6,chair,0.6295,0.1,45.6,202.03,717.9,101.06,381.75,201.93,672.31,135760.37,0.3,Vertical Oblong,Grey,"(100, 36, 95)","(34.51, 2.0, -1.0)",2.24,6,VISIBLE,2.19,-17.77
199,1,chair,0.803,792.76,11.77,1221.75,697.91,1007.26,354.84,428.99,686.13,294343.06,0.63,Vertical Oblong,Yellow,"(34, 164, 75)","(18.82, 15.0, 8.0)",17.0,1,VISIBLE,6.4,0.14
199,2,chair,0.66,225.4,118.57,582.23,717.05,403.81,417.81,356.83,598.47,213551.29,0.6,Vertical Oblong,Blue,"(112, 100, 92)","(28.63, 10.0, -4.0)",10.77,2,VISIBLE,4.67,0.03
199,5,desk,0.581,391.59,264.0,930.62,677.85,661.1,470.92,539.03,413.84,223075.62,1.3,Horizontal Oblong,Blue,"(108, 124, 86)","(24.31, 13.0, 5.0)",13.93,5,VISIBLE,4.8,-0.01
199,6,chair,0.5952,0.1,19.43,205.77,719.41,102.93,369.42,205.67,699.98,143966.12,0.29,Vertical Oblong,Grey,"(98, 36, 99)","(39.61, 1.0, -1.0)",1.41,6,VISIBLE,1.97,-13.96
200,1,chair,0.7971,793.94,10.83,1226.64,698.23,1010.29,354.53,432.69,687.4,297433.26,0.63,Vertical Oblong,Green,"(40, 164, 76)","(19.22, 15.0, 8.0)",17.0,1,VISIBLE,4.04,-0.18
200,2,chair,0.6349,228.15,119.49,592.98,717.15,410.57,418.32,364.83,597.66,218044.35,0.61,Vertical Oblong,Blue,"(112, 101, 92)","(28.24, 11.0, -3.0)",11.4,2,VISIBLE,6.13,0.37
200,5,desk,0.614,394.58,263.33,935.23,675.89,664.91,469.61,540.65,412.56,223047.28,1.31,Horizontal Oblong,Blue,"(109, 124, 85)","(23.92, 13.0, 5.0)",13.93,5,VISIBLE,4.1,-0.92
200,6,chair,0.6471,0.07,6.69,209.38,719.54,104.73,363.12,209.31,712.85,149207.29,0.29,Vertical Oblong,Grey,"(95, 37, 100)","(40.0, 1.0, 0.0)",1.0,6,VISIBLE,1.84,-8.6
201,1,chair,0.8006,772.74,11.42,1231.05,697.6,1001.9,354.51,458.31,686.19,314485.09,0.67,Vertical Oblong,Orange,"(22, 164, 76)","(19.61, 15.0, 8.0)",17.0,1,VISIBLE,-4.66,-0.07
201,2,chair,0.6119,231.53,120.27,595.52,717.77,413.52,419.02,364.0,597.5,217487.18,0.61,Vertical Oblong,Blue,"(111, 103, 91)","(27.84, 11.0, -1.0)",11.05,2,VISIBLE,3.91,0.6
201,5,desk,0.6032,395.91,262.94,939.43,675.33,667.67,469.13,543.52,412.39,224141.39,1.32,Horizontal Oblong,Blue,"(107, 126, 84)","(23.53, 13.0, 5.0)",13.93,5,VISIBLE,3.17,-0.61
201,6,chair,0.5994,0.06,5.68,213.36,718.98,106.71,362.33,213.3,713.3,152149.54,0.3,Vertical Oblong,Grey,"(95, 38, 100)","(40.0, 1.0, 0.0)",1.0,6,VISIBLE,1.94,-3.13
202,1,chair,0.797,786.51,11.38,1235.8,697.56,1011.15,354.47,449.28,686.17,308287.19,0.65,Vertical Oblong,Cyan,"(98, 161, 76)","(19.61, 15.0, 7.0)",16.55,1,VISIBLE,5.08,-0.05
202,2,chair,0.6474,233.67,120.61,588.3,717.44,410.99,419.02,354.63,596.83,211652.22,0.59,Vertical Oblong,Blue,"(112, 101, 91)","(27.84, 11.0, -2.0)",11.18,2,VISIBLE,-0.6,0.18
202,5,desk,0.578,396.32,262.63,943.52,675.09,669.92,468.86,547.2,412.46,225700.6,1.33,Horizontal Oblong,Blue,"(108, 127, 84)","(23.53, 13.0, 5.0)",13.93,5,VISIBLE,2.52,-0.38
202,6,chair,0.6324,0.04,7.82,217.59,718.06,108.81,362.94,217.55,710.25,154512.35,0.31,Vertical Oblong,Grey,"(98, 38, 100)","(40.0, 1.0, -1.0)",1.41,6,VISIBLE,2.06,-0.51
203,1,chair,0.7923,799.85,11.3,1240.5,697.36,1020.18,354.33,440.65,686.06,302310.86,0.64,Vertical Oblong,Green,"(41, 160, 77)","(20.0, 15.0, 7.0)",16.55,1,VISIBLE,7.84,-0.11
203,2,chair,0.6712,235.82,123.37,586.37,717.86,411.09,420.62,350.55,594.49,208396.01,0.59,Vertical Oblong,Blue,"(111, 102, 92)","(28.24, 11.0, -1.0)",11.05,2,VISIBLE,-0.1,1.17
203,5,desk,0.6435,397.64,262.29,948.72,676.06,673.18,469.18,551.08,413.77,228019.82,1.33,Horizontal Oblong,Blue,"(108, 127, 84)","(23.53, 13.0, 5.0)",13.93,5,VISIBLE,3.04,0.11
203,6,chair,0.6018,0.03,9.42,221.02,716.0,110.53,362.71,220.99,706.58,156147.54,0.31,Vertical Oblong,Grey,"(96, 38, 101)","(40.39, 1.0, 0.0)",1.0,6,VISIBLE,1.81,-0.31
204,1,chair,0.7962,811.64,11.74,1245.08,697.46,1028.36,354.6,433.44,685.71,297213.14,0.63,Vertical Oblong,Cyan,"(101, 158, 77)","(20.39, 15.0, 7.0)",16.55,1,VISIBLE,8.08,0.16
204,2,chair,0.6616,238.38,124.56,588.38,717.68,413.38,421.12,350.01,593.12,207596.6,0.59,Vertical Oblong,Blue,"(111, 100, 93)","(28.63, 11.0, -1.0)",11.05,2,VISIBLE,1.57,0.7
204,5,desk,0.629,401.13,262.39,952.71,676.15,676.92,469.27,551.59,413.76,228225.18,1.33,Horizontal Oblong,Blue,"(108, 126, 85)","(23.92, 13.0, 5.0)",13.93,5,VISIBLE,3.53,0.1
204,6,chair,0.5744,0.03,13.57,224.93,713.78,112.48,363.68,224.9,700.21,157476.28,0.32,Vertical Oblong,Grey,"(98, 38, 102)","(40.39, 2.0, 0.0)",2.0,6,VISIBLE,1.91,0.58
205,1,chair,0.7912,819.18,12.09,1249.32,698.92,1034.25,355.51,430.14,686.83,295434.45,0.63,Vertical Oblong,Green,"(40, 159, 78)","(20.39, 15.0, 7.0)",16.55,1,VISIBLE,6.55,0.68
205,2,chair,0.6693,241.31,124.81,588.98,717.75,415.15,421.28,347.67,592.95,206149.57,0.59,Vertical Oblong,Blue,"(111, 101, 93)","(28.63, 10.0, -1.0)",10.05,2,VISIBLE,1.71,0.32
205,5,desk,0.6023,405.13,262.53,956.74,679.47,680.93,471.0,551.61,416.94,229987.05,1.32,Horizontal Oblong,Blue,"(107, 127, 85)","(23.92, 13.0, 5.0)",13.93,5,VISIBLE,3.87,1.24
205,6,chair,0.486,0.02,10.41,228.82,712.15,114.42,361.28,228.8,701.74,160554.08,0.33,Vertical Oblong,Grey,"(95, 39, 102)","(40.39, 1.0, 0.0)",1.0,6,VISIBLE,1.93,-1.5
206,1,chair,0.8102,824.97,11.94,1253.87,700.31,1039.42,356.12,428.9,688.37,295239.88,0.62,Vertical Oblong,Blue,"(103, 157, 77)","(20.39, 15.0, 6.0)",16.16,1,VISIBLE,5.58,0.64
206,2,chair,0.7954,244.27,124.8,587.03,717.66,415.65,421.23,342.76,592.86,203207.52,0.58,Vertical Oblong,Blue,"(112, 99, 94)","(29.02, 11.0, -3.0)",11.4,2,VISIBLE,0.87,0.06
206,5,desk,0.6301,407.4,262.93,960.69,678.97,684.04,470.95,553.29,416.04,230191.34,1.33,Horizontal Oblong,Blue,"(110, 127, 86)","(23.92, 13.0, 4.0)",13.6,5,VISIBLE,3.34,0.34
206,6,chair,0.533,0.01,10.88,232.39,711.47,116.2,361.17,232.38,700.59,162802.91,0.33,Vertical Oblong,Grey,"(98, 40, 102)","(40.0, 2.0, 0.0)",2.0,6,VISIBLE,1.83,-0.52
207,1,chair,0.8136,828.92,11.13,1258.4,701.0,1043.66,356.07,429.48,689.87,296280.86,0.62,Vertical Oblong,Green,"(44, 159, 77)","(20.39, 14.0, 7.0)",15.65,1,VISIBLE,4.64,0.15
207,2,chair,0.7203,248.96,124.99,587.64,717.9,418.3,421.45,338.68,592.91,200806.56,0.57,Vertical Oblong,Blue,"(111, 99, 95)","(29.41, 11.0, -3.0)",11.4,2,VISIBLE,2.11,0.17
207,5,desk,0.6254,409.45,263.41,965.17,678.59,687.31,471.0,555.72,415.18,230725.82,1.34,Horizontal Oblong,Blue,"(108, 129, 85)","(23.53, 13.0, 4.0)",13.6,5,VISIBLE,3.29,0.14
207,6,chair,0.5075,0.0,10.71,236.31,712.25,118.16,361.48,236.31,701.54,165779.6,0.34,Vertical Oblong,Cyan,"(90, 121, 71)","(19.22, 12.0, 5.0)",13.0,6,VISIBLE,1.92,0.06
207,7,dog,0.5982,466.71,466.65,716.73,683.56,591.72,575.1,250.02,216.91,54231.81,1.15,Spherical / Regular,Yellow,"(30, 129, 93)","(25.88, 11.0, 4.0)",11.7,7,VISIBLE,0.0,0.0
208,1,chair,0.7608,834.1,10.9,1264.31,700.62,1049.2,355.76,430.21,689.72,296723.67,0.62,Vertical Oblong,Green,"(47, 159, 77)","(20.0, 14.0, 7.0)",15.65,1,VISIBLE,5.27,-0.17
208,2,chair,0.7256,254.59,125.0,593.3,717.79,423.94,421.39,338.72,592.79,200790.16,0.57,Vertical Oblong,Blue,"(112, 98, 95)","(29.41, 11.0, -4.0)",11.7,2,VISIBLE,4.59,0.02
208,5,desk,0.7027,413.27,263.43,969.68,678.68,691.47,471.06,556.41,415.25,231051.25,1.34,Horizontal Oblong,Blue,"(109, 128, 85)","(23.53, 13.0, 4.0)",13.6,5,VISIBLE,3.9,0.08
208,6,chair,0.5451,-0.0,11.7,239.96,712.64,119.98,362.17,239.96,700.94,168199.88,0.34,Vertical Oblong,Cyan,"(95, 120, 72)","(19.61, 12.0, 5.0)",13.0,6,VISIBLE,1.85,0.5
208,7,dog,0.3933,469.74,465.9,719.68,680.39,594.71,573.15,249.94,214.49,53610.93,1.17,Spherical / Regular,Blue,"(108, 157, 84)","(22.75, 11.0, 3.0)",11.4,7,VISIBLE,2.99,-1.96
209,1,chair,0.7674,799.24,10.26,1271.08,700.09,1035.16,355.17,471.84,689.84,325490.16,0.68,Vertical Oblong,Yellow,"(34, 160, 77)","(20.39, 14.0, 7.0)",15.65,1,VISIBLE,-8.25,-0.46
209,2,chair,0.7545,259.96,124.41,596.96,718.2,428.46,421.3,337.0,593.79,200104.65,0.57,Vertical Oblong,Blue,"(111, 100, 95)","(29.41, 10.0, -2.0)",10.2,2,VISIBLE,4.54,-0.06
209,5,desk,0.66,418.74,263.42,974.39,679.3,696.56,471.36,555.65,415.89,231085.19,1.34,Horizontal Oblong,Blue,"(107, 128, 84)","(23.53, 13.0, 4.0)",13.6,5,VISIBLE,4.73,0.24
209,6,chair,0.4801,0.55,14.69,243.6,714.0,122.07,364.35,243.05,699.31,169968.67,0.35,Vertical Oblong,Cyan,"(89, 120, 73)","(20.39, 12.0, 5.0)",13.0,6,VISIBLE,2.02,1.67
209,7,dog,0.4838,509.05,468.57,723.31,677.41,616.18,572.99,214.26,208.84,44745.68,1.03,Spherical / Regular,Red,"(10, 130, 88)","(24.71, 15.0, 9.0)",17.49,7,VISIBLE,15.93,-0.7
210,1,chair,0.7674,814.62,9.3,1276.16,700.41,1045.39,354.86,461.54,691.11,318976.25,0.67,Vertical Oblong,Blue,"(103, 157, 77)","(20.0, 14.0, 6.0)",15.23,1,VISIBLE,4.69,-0.36
210,2,chair,0.7336,263.41,123.93,600.85,718.35,432.13,421.14,337.44,594.43,200585.42,0.57,Vertical Oblong,Blue,"(113, 100, 94)","(29.02, 11.0, -3.0)",11.4,2,VISIBLE,3.93,-0.13
210,5,desk,0.5978,422.04,263.56,978.61,679.09,700.33,471.33,556.57,415.53,231270.84,1.34,Horizontal Oblong,Blue,"(111, 128, 84)","(23.53, 13.0, 3.0)",13.34,5,VISIBLE,4.05,0.05
210,6,chair,0.4326,1.66,13.2,249.13,714.57,125.39,363.89,247.47,701.37,173565.56,0.35,Vertical Oblong,Cyan,"(97, 118, 73)","(20.39, 12.0, 4.0)",12.65,6,VISIBLE,2.93,0.18
210,7,dog,0.4829,532.93,472.87,726.15,674.61,629.54,573.74,193.22,201.74,38980.84,0.96,Spherical / Regular,Red,"(10, 152, 85)","(23.53, 15.0, 10.0)",18.03,7,VISIBLE,14.13,0.32
211,1,chair,0.8132,827.27,9.04,1280.35,700.42,1053.81,354.73,453.08,691.38,313253.49,0.66,Vertical Oblong,Blue,"(102, 159, 78)","(20.39, 14.0, 7.0)",15.65,1,VISIBLE,7.3,-0.2
211,2,chair,0.759,266.28,123.15,602.0,718.01,434.14,420.58,335.72,594.87,199711.02,0.56,Vertical Oblong,Blue,"(112, 100, 94)","(29.02, 11.0, -2.0)",11.18,2,VISIBLE,2.59,-0.43
211,5,desk,0.5751,422.92,263.72,982.27,680.97,702.59,472.34,559.35,417.25,233386.42,1.34,Horizontal Oblong,Blue,"(110, 128, 84)","(23.53, 13.0, 3.0)",13.34,5,VISIBLE,2.8,0.73
211,6,chair,0.5591,1.84,11.76,253.92,714.35,127.88,363.05,252.09,702.59,177114.32,0.36,Vertical Oblong,Cyan,"(96, 117, 74)","(20.78, 12.0, 4.0)",12.65,6,VISIBLE,2.62,-0.53
211,7,dog,0.3702,521.62,475.73,730.93,679.75,626.28,577.74,209.31,204.02,42703.8,1.03,Spherical / Regular,Orange,"(11, 139, 86)","(23.92, 15.0, 8.0)",17.0,7,VISIBLE,1.95,2.89
212,1,chair,0.8317,837.47,9.12,1282.74,700.49,1060.11,354.8,445.27,691.37,307847.34,0.64,Vertical Oblong,Blue,"(103, 158, 78)","(20.78, 14.0, 6.0)",15.23,1,VISIBLE,6.6,-0.01
212,2,chair,0.7395,269.45,123.29,604.75,717.67,437.1,420.48,335.3,594.38,199292.36,0.56,Vertical Oblong,Blue,"(113, 99, 94)","(29.02, 11.0, -3.0)",11.4,2,VISIBLE,2.85,-0.2
212,5,desk,0.5406,422.87,263.69,984.79,684.57,703.83,474.13,561.92,420.88,236500.78,1.34,Horizontal Oblong,Blue,"(112, 126, 84)","(23.53, 13.0, 2.0)",13.15,5,VISIBLE,1.71,1.47
212,6,chair,0.5646,2.03,10.11,260.83,714.52,131.43,362.32,258.8,704.41,182302.0,0.37,Vertical Oblong,Cyan,"(96, 117, 75)","(21.18, 12.0, 4.0)",12.65,6,VISIBLE,3.27,-0.68
212,7,dog,0.4697,545.57,477.36,735.12,681.62,640.34,579.49,189.55,204.26,38717.34,0.93,Spherical / Regular,Orange,"(11, 165, 81)","(20.78, 15.0, 10.0)",18.03,7,VISIBLE,10.44,2.09
213,1,chair,0.826,845.85,8.98,1283.93,700.53,1064.89,354.75,438.07,691.54,302948.31,0.63,Vertical Oblong,Green,"(44, 159, 78)","(20.78, 14.0, 7.0)",15.65,1,VISIBLE,5.33,-0.04
213,2,chair,0.7601,272.33,122.99,605.24,717.77,438.78,420.38,332.91,594.78,198004.55,0.56,Vertical Oblong,Blue,"(112, 99, 95)","(29.41, 11.0, -3.0)",11.4,2,VISIBLE,2.03,-0.13
213,5,desk,0.6197,428.03,263.81,987.06,684.16,707.55,473.98,559.03,420.35,234988.01,1.33,Horizontal Oblong,Blue,"(110, 126, 85)","(23.53, 13.0, 2.0)",13.15,5,VISIBLE,3.11,0.34
213,6,chair,0.5883,3.19,9.62,261.86,714.46,132.52,362.04,258.68,704.84,182325.1,0.37,Vertical Oblong,Cyan,"(93, 116, 76)","(21.57, 12.0, 5.0)",13.0,6,VISIBLE,1.75,-0.4
213,7,dog,0.3999,559.06,477.39,739.18,684.27,649.12,580.83,180.12,206.88,37262.68,0.87,Spherical / Regular,Red,"(10, 174, 82)","(20.0, 15.0, 11.0)",18.6,7,VISIBLE,9.27,1.57
214,1,chair,0.7971,852.79,9.06,1284.13,700.76,1068.46,354.91,431.33,691.7,298351.95,0.62,Vertical Oblong,Blue,"(103, 157, 77)","(20.39, 14.0, 6.0)",15.23,1,VISIBLE,4.1,0.1
214,2,chair,0.7243,274.43,122.56,610.45,717.87,442.44,420.22,336.03,595.31,200039.32,0.56,Vertical Oblong,Blue,"(113, 98, 95)","(29.8, 11.0, -4.0)",11.7,2,VISIBLE,3.17,-0.15
214,5,desk,0.6189,432.12,263.71,989.22,682.84,710.67,473.27,557.1,419.14,233500.09,1.33,Horizontal Oblong,Blue,"(112, 125, 85)","(23.53, 13.0, 1.0)",13.04,5,VISIBLE,3.12,-0.4
214,6,chair,0.6028,4.05,9.29,262.59,715.29,133.32,362.29,258.54,706.0,182531.58,0.37,Vertical Oblong,Cyan,"(98, 114, 77)","(21.57, 12.0, 4.0)",12.65,6,VISIBLE,1.08,0.06
214,7,dog,0.569,569.68,491.86,741.19,685.28,655.43,588.57,171.51,193.42,33173.86,0.89,Spherical / Regular,Red,"(10, 182, 81)","(18.82, 16.0, 12.0)",20.0,7,VISIBLE,7.2,5.89
215,1,chair,0.8095,857.01,9.04,1283.45,701.29,1070.23,355.16,426.44,692.26,295204.28,0.62,Vertical Oblong,Blue,"(102, 158, 78)","(20.78, 14.0, 6.0)",15.23,1,VISIBLE,2.47,0.21
215,2,chair,0.7626,276.95,122.1,619.08,717.8,448.02,419.95,342.13,595.7,203811.08,0.57,Vertical Oblong,Blue,"(113, 98, 95)","(29.41, 11.0, -3.0)",11.4,2,VISIBLE,4.85,-0.23
215,5,desk,0.5891,434.39,263.85,990.77,683.71,712.58,473.78,556.39,419.86,233603.81,1.33,Horizontal Oblong,Blue,"(112, 126, 85)","(23.53, 13.0, 1.0)",13.04,5,VISIBLE,2.27,0.23
215,6,chair,0.5488,4.02,11.81,263.37,714.76,133.7,363.28,259.35,702.95,182313.26,0.37,Vertical Oblong,Cyan,"(99, 112, 78)","(21.96, 12.0, 3.0)",12.37,6,VISIBLE,0.59,0.71
215,7,dog,0.569,582.19,496.84,744.33,686.44,663.26,591.64,162.14,189.6,30742.05,0.86,Spherical / Regular,Red,"(10, 191, 80)","(18.82, 17.0, 14.0)",22.02,7,VISIBLE,7.64,3.92
216,1,chair,0.8019,860.68,8.92,1282.88,702.15,1071.78,355.54,422.2,693.23,292683.61,0.61,Vertical Oblong,Blue,"(102, 156, 78)","(21.18, 14.0, 6.0)",15.23,1,VISIBLE,1.83,0.32
216,2,chair,0.7617,279.12,121.27,628.56,717.51,453.84,419.39,349.44,596.24,208352.02,0.59,Vertical Oblong,Blue,"(113, 99, 95)","(29.41, 11.0, -3.0)",11.4,2,VISIBLE,5.53,-0.46
216,5,desk,0.5963,436.37,263.83,994.16,683.63,715.27,473.73,557.79,419.8,234161.12,1.33,Horizontal Oblong,Blue,"(111, 126, 84)","(23.14, 13.0, 2.0)",13.15,5,VISIBLE,2.56,0.04
216,6,chair,0.5068,3.42,13.72,264.61,714.12,134.01,363.92,261.19,700.4,182938.31,0.37,Vertical Oblong,Cyan,"(101, 109, 80)","(23.14, 11.0, 2.0)",11.18,6,VISIBLE,0.4,0.66
216,7,dog,0.569,594.71,501.82,747.48,687.61,671.09,594.71,152.77,185.78,28381.83,0.82,Spherical / Regular,Red,"(10, 200, 84)","(19.61, 20.0, 18.0)",26.91,7,VISIBLE,7.78,3.33
217,1,chair,0.7866,861.91,8.73,1281.7,702.51,1071.8,355.62,419.79,693.78,291238.09,0.61,Vertical Oblong,Green,"(44, 157, 79)","(21.57, 13.0, 6.0)",14.32,1,VISIBLE,0.57,0.16
217,2,chair,0.7637,281.85,120.53,632.87,716.41,457.36,418.47,351.02,595.88,209167.4,0.59,Vertical Oblong,Blue,"(112, 99, 95)","(29.41, 11.0, -3.0)",11.4,2,VISIBLE,4.12,-0.78
217,5,desk,0.5879,439.73,264.03,997.29,680.15,718.51,472.09,557.56,416.12,232016.18,1.34,Horizontal Oblong,Blue,"(109, 128, 83)","(23.14, 13.0, 2.0)",13.15,5,VISIBLE,3.04,-1.14
217,6,chair,0.5393,2.22,12.91,266.87,715.39,134.54,364.15,264.65,702.48,185911.26,0.38,Vertical Oblong,Cyan,"(99, 108, 81)","(23.92, 11.0, 2.0)",11.18,6,VISIBLE,0.49,0.36
217,7,dog,0.569,607.22,506.81,750.62,688.77,678.92,597.79,143.4,181.96,26093.2,0.79,Vertical Oblong,Red,"(9, 206, 84)","(20.0, 20.0, 20.0)",28.28,7,VISIBLE,7.81,3.15
218,1,chair,0.7729,862.06,8.32,1280.02,703.54,1071.04,355.93,417.96,695.21,290570.35,0.6,Vertical Oblong,Blue,"(103, 154, 79)","(21.18, 13.0, 6.0)",14.32,1,VISIBLE,-0.37,0.26
218,2,chair,0.7679,283.55,120.76,635.39,716.34,459.47,418.55,351.84,595.59,209551.62,0.59,Vertical Oblong,Blue,"(114, 97, 95)","(29.8, 11.0, -4.0)",11.7,2,VISIBLE,2.71,-0.18
218,5,desk,0.5322,441.01,264.29,999.93,678.03,720.47,471.16,558.92,413.73,231246.0,1.35,Horizontal Oblong,Blue,"(111, 127, 84)","(23.14, 13.0, 2.0)",13.15,5,VISIBLE,2.28,-0.99
218,6,chair,0.5344,2.43,13.46,269.93,715.14,136.18,364.3,267.5,701.68,187699.15,0.38,Vertical Oblong,Blue,"(103, 106, 82)","(23.92, 11.0, 0.0)",11.0,6,VISIBLE,1.29,0.21
218,7,dog,0.3763,610.66,506.29,798.69,680.65,704.68,593.47,188.03,174.36,32784.64,1.08,Spherical / Regular,Red,"(9, 188, 76)","(17.65, 16.0, 15.0)",21.93,7,VISIBLE,20.37,-2.08
219,1,chair,0.7729,863.77,7.94,1277.04,704.8,1070.4,356.37,413.27,696.86,287992.82,0.59,Vertical Oblong,Blue,"(102, 154, 80)","(21.57, 13.0, 6.0)",14.32,1,VISIBLE,-0.55,0.39
219,2,chair,0.776,285.08,121.1,636.87,715.9,460.98,418.5,351.79,594.79,209241.14,0.59,Vertical Oblong,Blue,"(115, 96, 96)","(29.8, 11.0, -4.0)",11.7,2,VISIBLE,1.87,-0.09
219,5,desk,0.5001,438.56,264.34,1002.29,677.57,720.42,470.95,563.74,413.23,232953.65,1.36,Horizontal Oblong,Blue,"(111, 126, 84)","(23.14, 13.0, 2.0)",13.15,5,VISIBLE,0.65,-0.44
219,6,chair,0.5044,4.02,16.58,272.31,714.69,138.16,365.64,268.29,698.12,187296.56,0.38,Vertical Oblong,Blue,"(103, 106, 83)","(24.31, 11.0, 1.0)",11.05,6,VISIBLE,1.78,1.0
219,7,fox,0.4736,609.83,502.72,828.18,673.55,719.0,588.13,218.35,170.83,37299.95,1.28,Horizontal Oblong,Orange,"(11, 185, 86)","(21.18, 10.0, 6.0)",11.66,7,VISIBLE,16.14,-4.36
220,1,chair,0.7822,836.28,8.48,1274.81,704.34,1055.54,356.41,438.53,695.86,305152.55,0.63,Vertical Oblong,Blue,"(102, 153, 80)","(21.18, 13.0, 6.0)",14.32,1,VISIBLE,-10.57,0.14
220,2,chair,0.7567,286.26,120.59,637.55,715.31,461.91,417.95,351.3,594.72,208923.18,0.59,Vertical Oblong,Blue,"(115, 97, 95)","(29.8, 11.0, -3.0)",11.4,2,VISIBLE,1.21,-0.41
220,5,desk,0.5848,443.51,263.81,1004.19,676.84,723.85,470.32,560.68,413.03,231576.0,1.36,Horizontal Oblong,Blue,"(111, 127, 83)","(23.14, 13.0, 2.0)",13.15,5,VISIBLE,2.59,-0.57
220,6,chair,0.4363,7.52,15.11,274.83,714.36,141.18,364.74,267.31,699.25,186919.02,0.38,Vertical Oblong,Blue,"(103, 107, 82)","(23.92, 12.0, 2.0)",12.17,6,VISIBLE,2.64,-0.33
220,7,fox,0.4369,606.15,491.62,843.55,668.51,724.85,580.06,237.4,176.89,41993.59,1.34,Horizontal Oblong,Orange,"(11, 191, 77)","(18.04, 13.0, 7.0)",14.76,7,VISIBLE,8.93,-6.96
221,1,chair,0.7576,836.24,7.82,1268.29,705.33,1052.27,356.57,432.05,697.5,301353.54,0.62,Vertical Oblong,Green,"(44, 154, 80)","(21.57, 13.0, 7.0)",14.76,1,VISIBLE,-5.47,0.16
221,2,chair,0.7768,287.36,119.98,637.72,714.34,462.54,417.16,350.36,594.35,208235.56,0.59,Vertical Oblong,Blue,"(113, 97, 95)","(29.8, 11.0, -3.0)",11.4,2,VISIBLE,0.81,-0.68
221,5,desk,0.673,449.24,262.01,1005.44,684.2,727.34,473.1,556.2,422.19,234826.57,1.32,Horizontal Oblong,Blue,"(110, 127, 83)","(22.75, 13.0, 2.0)",13.15,5,VISIBLE,3.22,1.77
221,6,chair,0.4392,8.58,14.92,277.69,714.25,143.13,364.58,269.11,699.33,188196.89,0.38,Vertical Oblong,Cyan,"(101, 105, 84)","(25.1, 11.0, 2.0)",11.18,6,VISIBLE,2.16,-0.2
221,7,dog,0.4172,606.39,476.82,858.19,665.22,732.29,571.02,251.8,188.41,47440.64,1.34,Horizontal Oblong,Red,"(10, 187, 73)","(16.86, 13.0, 8.0)",15.26,7,VISIBLE,7.89,-8.42
222,1,chair,0.7944,850.65,7.34,1264.13,706.09,1057.39,356.72,413.48,698.75,288918.63,0.59,Vertical Oblong,Blue,"(104, 151, 79)","(21.18, 13.0, 6.0)",14.32,1,VISIBLE,1.95,0.15
222,2,chair,0.7897,288.54,119.19,638.08,713.79,463.31,416.49,349.54,594.6,207839.49,0.59,Vertical Oblong,Blue,"(115, 96, 96)","(30.2, 11.0, -4.0)",11.7,2,VISIBLE,0.78,-0.67
222,5,desk,0.6626,452.81,260.35,1007.66,692.45,730.23,476.4,554.85,432.1,239752.26,1.28,Horizontal Oblong,Blue,"(112, 125, 83)","(22.75, 13.0, 2.0)",13.15,5,VISIBLE,2.99,2.84
222,6,chair,0.47,6.12,14.41,280.68,715.33,143.4,364.87,274.56,700.92,192444.57,0.39,Vertical Oblong,Blue,"(104, 100, 87)","(26.27, 11.0, -1.0)",11.05,6,VISIBLE,0.83,0.14
222,7,dog,0.5955,610.03,459.05,870.92,662.3,740.47,560.67,260.89,203.25,53025.8,1.28,Horizontal Oblong,Orange,"(11, 172, 74)","(18.04, 12.0, 8.0)",14.42,7,VISIBLE,8.1,-9.77
223,1,chair,0.8145,863.17,7.08,1264.07,706.3,1063.62,356.69,400.89,699.22,280311.51,0.57,Vertical Oblong,Cyan,"(101, 153, 79)","(21.18, 13.0, 6.0)",14.32,1,VISIBLE,4.95,0.03
223,2,chair,0.7911,289.91,118.94,639.49,713.37,464.7,416.16,349.58,594.43,207802.32,0.59,Vertical Oblong,Blue,"(115, 96, 96)","(30.2, 11.0, -4.0)",11.7,2,VISIBLE,1.21,-0.44
223,5,desk,0.6102,455.35,259.86,1012.21,691.28,733.78,475.57,556.86,431.42,240242.38,1.29,Horizontal Oblong,Blue,"(112, 124, 82)","(22.75, 13.0, 1.0)",13.04,5,VISIBLE,3.38,0.27
223,6,chair,0.4601,4.35,14.87,285.18,716.15,144.76,365.51,280.83,701.28,196941.96,0.4,Vertical Oblong,Blue,"(105, 97, 91)","(27.84, 10.0, -5.0)",11.18,6,VISIBLE,1.21,0.49
223,7,dog,0.4292,626.58,459.36,876.85,660.29,751.71,559.83,250.27,200.93,50287.53,1.25,Spherical / Regular,Orange,"(11, 170, 72)","(17.65, 13.0, 9.0)",15.81,7,VISIBLE,10.3,-3.53
224,1,chair,0.8018,873.13,6.78,1265.53,705.32,1069.33,356.05,392.4,698.53,274107.91,0.56,Vertical Oblong,Blue,"(103, 151, 79)","(21.18, 13.0, 6.0)",14.32,1,VISIBLE,5.48,-0.44
224,2,chair,0.7933,290.88,118.73,641.42,712.65,466.15,415.69,350.54,593.93,208194.13,0.59,Vertical Oblong,Blue,"(115, 97, 96)","(29.8, 11.0, -4.0)",11.7,2,VISIBLE,1.38,-0.46
224,5,desk,0.589,456.86,259.65,1016.59,690.05,736.73,474.85,559.73,430.4,240907.58,1.3,Horizontal Oblong,Blue,"(112, 123, 82)","(23.14, 13.0, 1.0)",13.04,5,VISIBLE,3.08,-0.42
224,6,chair,0.4601,4.02,15.01,288.33,716.51,146.18,365.76,284.31,701.5,199445.94,0.41,Vertical Oblong,Blue,"(105, 95, 94)","(29.41, 9.0, -6.0)",10.82,6,VISIBLE,1.35,0.32
224,7,dog,0.4304,640.73,442.95,878.66,659.38,759.7,551.16,237.93,216.43,51494.79,1.1,Spherical / Regular,Orange,"(11, 148, 73)","(19.22, 12.0, 7.0)",13.89,7,VISIBLE,8.68,-7.12
225,1,chair,0.7722,874.97,6.63,1266.16,703.47,1070.57,355.05,391.19,696.84,272595.85,0.56,Vertical Oblong,Green,"(48, 153, 80)","(21.57, 13.0, 6.0)",14.32,1,VISIBLE,2.51,-0.83
225,2,chair,0.781,291.6,119.88,644.17,713.43,467.89,416.65,352.57,593.55,209268.64,0.59,Vertical Oblong,Blue,"(113, 98, 96)","(30.2, 11.0, -4.0)",11.7,2,VISIBLE,1.63,0.54
225,5,desk,0.5718,457.48,259.96,1020.13,686.71,738.81,473.34,562.66,426.75,240112.35,1.32,Horizontal Oblong,Blue,"(110, 122, 81)","(22.75, 13.0, 1.0)",13.04,5,VISIBLE,2.38,-1.19
225,6,chair,0.4601,3.69,15.15,291.49,716.88,147.59,366.02,287.79,701.73,201951.48,0.41,Vertical Oblong,Blue,"(104, 94, 97)","(30.59, 8.0, -7.0)",10.63,6,VISIBLE,1.4,0.28
225,7,dog,0.3238,655.9,425.72,877.96,659.96,766.93,542.84,222.06,234.24,52016.4,0.95,Spherical / Regular,Orange,"(12, 135, 75)","(20.78, 11.0, 7.0)",13.04,7,VISIBLE,7.67,-7.96
226,1,chair,0.7848,870.21,6.46,1267.39,703.48,1068.8,354.97,397.18,697.01,276841.0,0.57,Vertical Oblong,Blue,"(102, 151, 79)","(21.18, 13.0, 6.0)",14.32,1,VISIBLE,-0.48,-0.31
226,2,chair,0.7981,293.09,121.17,646.55,714.36,469.82,417.77,353.46,593.19,209671.03,0.6,Vertical Oblong,Blue,"(115, 97, 96)","(30.2, 11.0, -4.0)",11.7,2,VISIBLE,1.84,0.94
226,5,desk,0.6129,458.31,260.58,1023.14,687.22,740.72,473.9,564.83,426.64,240982.35,1.32,Horizontal Oblong,Blue,"(112, 121, 81)","(22.75, 13.0, 0.0)",13.0,5,VISIBLE,2.06,0.04
226,6,chair,0.4,7.48,17.06,299.33,718.07,153.4,367.56,291.84,701.0,204582.49,0.42,Vertical Oblong,Blue,"(105, 97, 94)","(29.8, 10.0, -5.0)",11.18,6,VISIBLE,4.49,1.17
226,7,dog,0.3943,667.74,409.29,874.29,661.24,771.02,535.27,206.55,251.95,52040.75,0.82,Spherical / Regular,Orange,"(15, 126, 80)","(23.14, 10.0, 6.0)",11.66,7,VISIBLE,5.16,-7.69
227,1,chair,0.8147,846.59,6.66,1266.29,704.48,1056.44,355.57,419.69,697.82,292869.15,0.6,Vertical Oblong,Cyan,"(88, 156, 77)","(20.39, 13.0, 6.0)",14.32,1,VISIBLE,-8.8,0.33
227,2,chair,0.8028,295.38,120.41,648.49,715.24,471.93,417.82,353.11,594.83,210040.61,0.59,Vertical Oblong,Blue,"(115, 97, 96)","(29.8, 11.0, -4.0)",11.7,2,VISIBLE,2.03,0.32
227,5,desk,0.6489,460.54,261.26,1025.56,687.95,743.05,474.6,565.01,426.69,241086.12,1.32,Horizontal Oblong,Blue,"(111, 121, 81)","(23.14, 13.0, 0.0)",13.0,5,VISIBLE,2.24,0.51
227,6,chair,0.4637,11.08,19.38,305.45,718.53,158.26,368.95,294.37,699.16,205808.72,0.42,Vertical Oblong,Blue,"(104, 98, 94)","(29.41, 10.0, -1.0)",10.05,6,VISIBLE,4.75,1.32
227,7,cat,0.3892,677.29,399.48,877.07,661.38,777.18,530.43,199.78,261.9,52322.49,0.76,Vertical Oblong,Orange,"(15, 121, 83)","(24.31, 9.0, 6.0)",10.82,7,VISIBLE,5.86,-5.69
228,1,chair,0.7966,833.61,7.32,1265.03,704.64,1049.32,355.98,431.43,697.31,300839.45,0.62,Vertical Oblong,Green,"(42, 158, 76)","(20.0, 13.0, 7.0)",14.76,1,VISIBLE,-7.62,0.39
228,2,chair,0.7992,297.88,122.48,650.77,716.23,474.32,419.36,352.89,593.74,209525.14,0.59,Vertical Oblong,Blue,"(115, 97, 96)","(29.8, 11.0, -4.0)",11.7,2,VISIBLE,2.28,1.17
228,5,desk,0.6349,462.51,262.0,1028.0,690.06,745.26,476.03,565.48,428.06,242059.99,1.32,Horizontal Oblong,Blue,"(112, 120, 82)","(23.53, 13.0, 0.0)",13.0,5,VISIBLE,2.22,1.15
228,6,chair,0.3332,13.53,18.06,311.11,719.37,162.32,368.71,297.58,701.32,208700.09,0.42,Vertical Oblong,Blue,"(104, 99, 95)","(29.41, 10.0, 0.0)",10.0,6,VISIBLE,4.26,0.23
228,7,cat,0.4697,685.41,395.0,878.03,661.5,781.72,528.25,192.62,266.5,51333.92,0.72,Vertical Oblong,Orange,"(15, 119, 84)","(25.1, 9.0, 5.0)",10.3,7,VISIBLE,4.94,-3.23
229,1,chair,0.7783,848.19,7.73,1268.51,705.92,1058.35,356.82,420.32,698.19,293461.71,0.6,Vertical Oblong,Yellow,"(34, 159, 76)","(20.39, 13.0, 7.0)",14.76,1,VISIBLE,4.03,0.71
229,2,chair,0.78,299.99,123.48,653.4,717.3,476.7,420.39,353.41,593.81,209862.87,0.6,Vertical Oblong,Blue,"(114, 97, 96)","(30.2, 11.0, -4.0)",11.7,2,VISIBLE,2.34,1.07
229,5,desk,0.6086,463.42,262.77,1030.98,690.35,747.2,476.56,567.56,427.58,242680.11,1.33,Horizontal Oblong,Blue,"(111, 121, 82)","(23.53, 13.0, 1.0)",13.04,5,VISIBLE,2.03,0.72
229,6,chair,0.3247,39.02,171.45,310.88,716.29,174.95,443.87,271.87,544.84,148122.83,0.5,Vertical Oblong,Cyan,"(89, 112, 85)","(25.1, 12.0, 6.0)",13.42,6,VISIBLE,10.12,52.68
229,7,dog,0.3583,692.92,393.83,872.81,662.24,782.87,528.03,179.88,268.41,48282.72,0.67,Vertical Oblong,Orange,"(16, 117, 85)","(25.49, 9.0, 5.0)",10.3,7,VISIBLE,2.28,-1.12
230,1,chair,0.7868,863.9,8.85,1271.85,707.33,1067.88,358.09,407.96,698.49,284953.71,0.58,Vertical Oblong,Cyan,"(101, 156, 76)","(20.0, 13.0, 6.0)",14.32,1,VISIBLE,7.88,1.1
230,2,chair,0.7771,302.25,124.22,656.35,717.97,479.3,421.09,354.1,593.76,210250.94,0.6,Vertical Oblong,Blue,"(116, 96, 97)","(30.2, 11.0, -5.0)",12.08,2,VISIBLE,2.53,0.82
230,5,desk,0.585,463.02,263.8,1033.44,688.44,748.23,476.12,570.42,424.64,242221.91,1.34,Horizontal Oblong,Blue,"(112, 120, 83)","(23.92, 13.0, -1.0)",13.04,5,VISIBLE,1.33,-0.09
230,6,chair,0.4118,57.17,279.47,309.97,714.48,183.57,496.98,252.8,435.01,109970.95,0.58,Vertical Oblong,Red,"(10, 120, 76)","(21.18, 13.0, 7.0)",14.76,6,VISIBLE,9.07,52.98
230,7,dog,0.3583,702.17,386.27,873.75,662.15,787.96,524.21,171.58,275.87,47334.98,0.62,Vertical Oblong,Orange,"(11, 152, 67)","(16.86, 13.0, 8.0)",15.26,7,VISIBLE,4.25,-3.01
231,1,chair,0.8241,877.81,10.24,1275.07,710.13,1076.44,360.18,397.27,699.89,278041.23,0.57,Vertical Oblong,Green,"(46, 158, 75)","(19.61, 13.0, 6.0)",14.32,1,VISIBLE,8.36,1.8
231,2,chair,0.749,304.64,124.61,659.02,718.48,481.83,421.55,354.39,593.88,210462.65,0.6,Vertical Oblong,Blue,"(115, 96, 96)","(30.2, 11.0, -5.0)",12.08,2,VISIBLE,2.53,0.56
231,5,desk,0.5476,461.05,264.98,1035.51,687.34,748.28,476.16,574.46,422.36,242625.6,1.36,Horizontal Oblong,Blue,"(112, 121, 82)","(23.53, 13.0, 0.0)",13.0,5,VISIBLE,0.43,0.0
231,6,chair,0.3245,73.22,349.61,307.93,713.87,190.57,531.74,234.71,364.26,85494.18,0.64,Vertical Oblong,Red,"(8, 133, 71)","(18.82, 14.0, 9.0)",16.64,6,VISIBLE,7.62,40.23
231,7,dog,0.3583,711.41,378.72,874.7,662.06,793.06,520.39,163.28,283.33,46263.4,0.58,Vertical Oblong,Orange,"(12, 159, 63)","(14.9, 13.0, 8.0)",15.26,7,VISIBLE,4.84,-3.58
232,1,chair,0.7727,887.37,11.85,1277.11,713.11,1082.24,362.48,389.75,701.26,273312.98,0.56,Vertical Oblong,Green,"(50, 157, 74)","(19.61, 13.0, 6.0)",14.32,1,VISIBLE,6.57,2.15
232,2,chair,0.7478,307.34,125.32,661.6,718.81,484.47,422.07,354.25,593.49,210246.88,0.6,Vertical Oblong,Blue,"(116, 96, 97)","(30.2, 11.0, -5.0)",12.08,2,VISIBLE,2.61,0.53
232,5,desk,0.5414,459.47,265.67,1036.06,687.54,747.76,476.61,576.6,421.87,243248.35,1.37,Horizontal Oblong,Blue,"(112, 121, 82)","(23.53, 13.0, 0.0)",13.0,5,VISIBLE,-0.23,0.31
232,6,chair,0.4016,86.86,390.66,306.59,713.97,196.72,552.31,219.73,323.31,71038.92,0.68,Vertical Oblong,Red,"(8, 135, 70)","(18.43, 14.0, 8.0)",16.12,6,VISIBLE,6.59,26.47
232,7,dog,0.3583,720.66,371.17,875.64,661.96,798.15,516.57,154.98,290.79,45067.97,0.53,Vertical Oblong,Orange,"(13, 159, 64)","(14.51, 13.0, 6.0)",14.32,7,VISIBLE,5.02,-3.75
233,1,chair,0.754,894.54,13.48,1278.93,715.17,1086.74,364.32,384.39,701.69,269720.43,0.55,Vertical Oblong,Green,"(38, 160, 74)","(19.61, 13.0, 7.0)",14.76,1,VISIBLE,5.12,1.94
233,2,chair,0.7552,310.18,126.47,663.67,718.9,486.92,422.68,353.49,592.43,209416.36,0.6,Vertical Oblong,Blue,"(115, 96, 96)","(29.8, 11.0, -6.0)",12.53,2,VISIBLE,2.5,0.59
233,5,desk,0.5357,461.05,266.65,1037.05,685.02,749.05,475.83,576.0,418.36,240974.58,1.38,Horizontal Oblong,Blue,"(111, 122, 81)","(23.14, 13.0, 1.0)",13.04,5,VISIBLE,0.83,-0.45
233,6,chair,0.4016,99.41,446.96,307.15,713.47,203.28,580.22,207.75,266.51,55367.41,0.78,Vertical Oblong,Red,"(9, 151, 65)","(16.86, 14.0, 9.0)",16.64,6,VISIBLE,6.57,27.47
233,7,dog,0.3583,729.9,363.62,876.59,661.87,803.24,512.74,146.68,298.25,43748.7,0.49,Vertical Oblong,Orange,"(15, 163, 64)","(13.73, 13.0, 5.0)",13.93,7,VISIBLE,5.07,-3.8
234,1,chair,0.7385,901.82,15.2,1280.41,716.8,1091.12,366.0,378.59,701.6,265618.2,0.54,Vertical Oblong,Green,"(41, 159, 73)","(19.22, 13.0, 6.0)",14.32,1,VISIBLE,4.6,1.75
234,2,chair,0.7379,313.41,127.8,665.37,719.0,489.39,423.4,351.97,591.2,208083.42,0.6,Vertical Oblong,Blue,"(115, 96, 96)","(29.8, 11.0, -6.0)",12.53,2,VISIBLE,2.48,0.68
234,5,desk,0.5568,463.8,267.79,1038.68,683.68,751.24,475.73,574.88,415.89,239085.92,1.38,Horizontal Oblong,Blue,"(112, 122, 81)","(23.14, 13.0, 0.0)",13.0,5,VISIBLE,1.78,-0.2
234,6,chair,0.3967,104.89,442.38,308.53,715.61,206.71,579.0,203.64,273.23,55640.63,0.75,Vertical Oblong,Red,"(9, 146, 65)","(16.86, 14.0, 8.0)",16.12,6,VISIBLE,4.37,7.39
234,7,dog,0.3583,739.15,356.06,877.53,661.78,808.34,508.92,138.38,305.72,42305.58,0.45,Vertical Oblong,Blue,"(107, 165, 63)","(12.55, 13.0, 4.0)",13.6,7,VISIBLE,5.09,-3.82
235,1,chair,0.7392,905.89,16.48,1281.19,717.99,1093.54,367.23,375.3,701.52,263280.47,0.53,Vertical Oblong,Yellow,"(34, 160, 73)","(18.82, 13.0, 7.0)",14.76,1,VISIBLE,3.08,1.39
235,2,chair,0.7311,315.49,129.37,667.0,719.21,491.25,424.29,351.51,589.84,207332.41,0.6,Vertical Oblong,Blue,"(115, 96, 96)","(29.8, 11.0, -6.0)",12.53,2,VISIBLE,2.04,0.83
235,5,desk,0.5913,466.91,269.34,1040.65,683.31,753.78,476.33,573.74,413.98,237515.73,1.39,Horizontal Oblong,Blue,"(112, 122, 81)","(22.75, 13.0, 0.0)",13.0,5,VISIBLE,2.31,0.35
235,6,chair,0.392,119.16,431.29,310.64,717.56,214.9,574.42,191.47,286.27,54812.6,0.67,Vertical Oblong,Black,"(143, 70, 53)","(16.86, 5.0, -1.0)",5.1,6,VISIBLE,7.04,-0.98
236,1,chair,0.7539,906.55,18.88,1281.48,717.93,1094.02,368.41,374.93,699.05,262096.66,0.54,Vertical Oblong,Yellow,"(37, 161, 72)","(18.82, 13.0, 6.0)",14.32,1,VISIBLE,1.26,1.24
236,2,chair,0.7418,317.19,130.61,668.75,719.37,492.97,424.99,351.56,588.76,206981.19,0.6,Vertical Oblong,Blue,"(116, 97, 96)","(29.41, 11.0, -6.0)",12.53,2,VISIBLE,1.82,0.74
236,5,desk,0.6126,468.38,270.68,1043.07,682.25,755.73,476.47,574.69,411.57,236522.7,1.4,Horizontal Oblong,Blue,"(113, 124, 80)","(22.35, 13.0, 1.0)",13.04,5,VISIBLE,2.06,0.2
236,6,chair,0.392,130.79,457.84,311.77,718.22,221.28,588.03,180.98,260.38,47124.84,0.7,Vertical Oblong,Black,"(141, 72, 55)","(17.65, 5.0, -1.0)",5.1,6,VISIBLE,6.58,9.23
237,1,chair,0.7585,906.48,20.77,1281.47,717.94,1093.98,369.35,374.99,697.17,261431.5,0.54,Vertical Oblong,Yellow,"(31, 163, 71)","(18.43, 13.0, 7.0)",14.76,1,VISIBLE,0.35,1.04
237,2,chair,0.7598,319.74,131.77,670.54,719.78,495.14,425.77,350.8,588.02,206273.86,0.6,Vertical Oblong,Blue,"(115, 96, 96)","(29.8, 11.0, -5.0)",12.08,2,VISIBLE,2.06,0.77
237,5,desk,0.6261,471.4,272.07,1045.43,683.01,758.42,477.54,574.03,410.94,235894.21,1.4,Horizontal Oblong,Blue,"(112, 124, 80)","(22.75, 13.0, 1.0)",13.04,5,VISIBLE,2.5,0.81
237,6,chair,0.392,142.42,484.39,312.91,718.89,227.66,601.64,170.49,234.5,39980.21,0.73,Vertical Oblong,Black,"(113, 56, 63)","(20.0, 4.0, 0.0)",4.0,6,VISIBLE,6.44,12.3
237,8,chair,0.3439,35.91,8.89,325.5,720.0,180.71,364.45,289.59,711.11,205930.59,0.41,Vertical Oblong,Cyan,"(98, 106, 92)","(27.84, 11.0, 4.0)",11.7,8,VISIBLE,0.0,0.0
238,1,chair,0.7346,909.69,21.27,1281.29,718.7,1095.49,369.99,371.6,697.43,259162.48,0.53,Vertical Oblong,Green,"(43, 162, 71)","(18.43, 14.0, 6.0)",15.23,1,VISIBLE,1.17,0.75
238,2,chair,0.767,323.37,132.74,672.45,720.05,497.91,426.39,349.09,587.31,205022.57,0.59,Vertical Oblong,Blue,"(117, 95, 96)","(29.8, 11.0, -6.0)",12.53,2,VISIBLE,2.56,0.67
238,5,desk,0.6221,472.59,273.85,1048.08,683.91,760.33,478.88,575.5,410.06,235988.6,1.4,Horizontal Oblong,Blue,"(113, 122, 81)","(22.75, 13.0, -1.0)",13.04,5,VISIBLE,2.09,1.18
238,6,chair,0.3258,146.66,450.73,323.95,707.13,235.31,578.93,177.29,256.4,45457.49,0.69,Vertical Oblong,Black,"(141, 76, 61)","(18.04, 6.0, -1.0)",6.08,6,VISIBLE,7.28,-12.21
238,8,chair,0.3439,36.09,8.8,325.91,720.0,181.0,364.4,289.82,711.2,206121.16,0.41,Vertical Oblong,Blue,"(102, 104, 92)","(27.84, 12.0, 3.0)",12.37,8,VISIBLE,0.29,-0.05
239,1,chair,0.7418,910.99,21.21,1281.04,719.47,1096.01,370.34,370.05,698.25,258387.74,0.53,Vertical Oblong,Green,"(43, 162, 71)","(18.43, 13.0, 6.0)",14.32,1,VISIBLE,0.72,0.47
239,2,chair,0.7498,326.4,133.38,674.79,720.19,500.6,426.79,348.39,586.81,204434.8,0.59,Vertical Oblong,Blue,"(116, 96, 96)","(29.8, 11.0, -6.0)",12.53,2,VISIBLE,2.65,0.47
239,5,desk,0.5957,473.96,275.49,1050.57,685.02,762.27,480.25,576.61,409.53,236141.51,1.41,Horizontal Oblong,Blue,"(113, 122, 80)","(22.75, 13.0, -1.0)",13.04,5,VISIBLE,1.98,1.32
239,6,chair,0.3088,140.59,421.77,330.39,711.39,235.49,566.58,189.79,289.62,54968.23,0.66,Vertical Oblong,Black,"(135, 70, 59)","(18.04, 5.0, -1.0)",5.1,6,VISIBLE,2.31,-12.31
239,8,chair,0.3439,36.26,8.7,326.31,720.0,181.29,364.35,290.05,711.3,206311.77,0.41,Vertical Oblong,Blue,"(102, 102, 93)","(28.24, 11.0, 3.0)",11.4,8,VISIBLE,0.29,-0.05
240,1,chair,0.7621,914.67,20.77,1280.77,719.9,1097.72,370.33,366.1,699.13,255950.86,0.52,Vertical Oblong,Green,"(43, 164, 70)","(18.04, 14.0, 6.0)",15.23,1,VISIBLE,1.41,0.14
240,2,chair,0.7713,330.04,134.33,678.02,720.25,504.03,427.29,347.97,585.92,203883.57,0.59,Vertical Oblong,Blue,"(118, 95, 96)","(29.8, 11.0, -6.0)",12.53,2,VISIBLE,3.2,0.5
240,5,desk,0.6663,475.73,276.67,1053.21,684.49,764.47,480.58,577.48,407.82,235509.06,1.42,Horizontal Oblong,Blue,"(113, 122, 80)","(22.75, 13.0, -1.0)",13.04,5,VISIBLE,2.14,0.62
240,6,chair,0.3088,146.08,421.84,334.86,710.58,240.47,566.21,188.78,288.74,54506.87,0.65,Vertical Oblong,Black,"(134, 70, 61)","(18.04, 6.0, -1.0)",6.08,6,VISIBLE,4.18,-3.95
240,8,chair,0.2984,54.85,18.39,332.62,720.0,193.74,369.2,277.77,701.61,194884.93,0.4,Vertical Oblong,Cyan,"(98, 112, 86)","(25.49, 12.0, 5.0)",13.0,8,VISIBLE,8.8,3.38
241,1,chair,0.7785,917.81,20.74,1280.54,720.13,1099.17,370.43,362.73,699.39,253691.58,0.52,Vertical Oblong,Orange,"(23, 166, 71)","(18.43, 13.0, 7.0)",14.76,1,VISIBLE,1.44,0.11
241,2,chair,0.7862,333.69,135.16,681.58,720.25,507.64,427.7,347.89,585.09,203544.79,0.59,Vertical Oblong,Blue,"(116, 96, 96)","(29.8, 11.0, -7.0)",13.04,2,VISIBLE,3.48,0.44
241,5,desk,0.6982,478.32,277.61,1056.21,685.58,767.27,481.6,577.89,407.97,235763.75,1.42,Horizontal Oblong,Blue,"(112, 122, 80)","(22.75, 13.0, -1.0)",13.04,5,VISIBLE,2.6,0.9
241,6,chair,0.3088,151.57,421.92,339.33,709.78,245.45,565.85,187.76,287.85,54047.3,0.65,Vertical Oblong,Black,"(122, 68, 62)","(18.82, 5.0, 1.0)",5.1,6,VISIBLE,4.74,-1.44
241,8,chair,0.3342,63.06,17.61,335.96,720.0,199.51,368.81,272.9,702.39,191681.71,0.39,Vertical Oblong,Orange,"(13, 117, 84)","(24.71, 12.0, 6.0)",13.42,8,VISIBLE,6.68,0.74
