frame,track_id,class_name,confidence,x1,y1,x2,y2,center_x,center_y,width,height,area,aspect_ratio,shape_type,color,color_hsv,lab,chroma,raw_track_id,memory_state,velocity_x,velocity_y
2,1,person,0.757,542.62,94.05,712.81,345.55,627.72,219.8,170.19,251.5,42802.44,0.68,Vertical Oblong,Orange,"(17, 109, 66)","(21.96, 4.0, 11.0)",11.7,1,VISIBLE,0.0,0.0
3,1,person,0.7601,541.61,94.33,711.55,344.96,626.58,219.65,169.94,250.63,42592.56,0.68,Vertical Oblong,Orange,"(18, 111, 65)","(21.57, 4.0, 12.0)",12.65,1,VISIBLE,-1.13,-0.16
4,1,person,0.7593,541.1,94.59,710.83,344.75,625.96,219.67,169.73,250.16,42459.28,0.68,Vertical Oblong,Orange,"(17, 111, 65)","(21.57, 4.0, 12.0)",12.65,1,VISIBLE,-0.77,-0.03
5,1,person,0.7472,539.85,95.33,709.4,344.87,624.62,220.1,169.55,249.54,42309.34,0.68,Vertical Oblong,Orange,"(18, 111, 65)","(21.57, 4.0, 11.0)",11.7,1,VISIBLE,-1.17,0.29
6,1,person,0.7506,537.18,95.67,708.64,344.72,622.91,220.2,171.46,249.05,42702.53,0.69,Vertical Oblong,Orange,"(17, 111, 65)","(21.76, 4.0, 11.0)",11.7,1,VISIBLE,-1.55,0.15
7,1,person,0.7634,534.47,96.06,705.85,344.2,620.16,220.13,171.38,248.14,42524.94,0.69,Vertical Oblong,Orange,"(18, 111, 66)","(21.96, 4.0, 12.0)",12.65,1,VISIBLE,-2.39,0.0
8,1,person,0.745,532.42,96.56,702.56,344.54,617.49,220.55,170.14,247.98,42192.51,0.69,Vertical Oblong,Orange,"(18, 111, 67)","(21.96, 4.0, 12.0)",12.65,1,VISIBLE,-2.59,0.29
9,1,person,0.7346,530.87,96.83,698.61,344.6,614.74,220.71,167.74,247.77,41560.91,0.68,Vertical Oblong,Orange,"(18, 111, 69)","(22.75, 4.0, 12.0)",12.65,1,VISIBLE,-2.7,0.2
10,1,person,0.7518,529.87,97.14,696.22,344.32,613.04,220.73,166.35,247.18,41116.99,0.67,Vertical Oblong,Orange,"(17, 111, 69)","(22.75, 4.0, 12.0)",12.65,1,VISIBLE,-2.0,0.07
11,1,person,0.7362,529.23,97.49,694.67,344.66,611.95,221.08,165.44,247.16,40890.41,0.67,Vertical Oblong,Orange,"(18, 111, 68)","(22.75, 4.0, 12.0)",12.65,1,VISIBLE,-1.37,0.26
12,1,person,0.7279,528.97,97.58,694.66,345.21,611.81,221.4,165.69,247.62,41029.01,0.67,Vertical Oblong,Orange,"(18, 111, 69)","(22.75, 4.0, 12.0)",12.65,1,VISIBLE,-0.5,0.3
13,1,person,0.7235,527.37,98.03,693.45,345.78,610.41,221.91,166.07,247.75,41145.23,0.67,Vertical Oblong,Orange,"(18, 111, 67)","(22.35, 4.0, 12.0)",12.65,1,VISIBLE,-1.13,0.45
14,1,person,0.7414,525.52,97.97,693.26,345.64,609.39,221.8,167.74,247.67,41544.09,0.68,Vertical Oblong,Orange,"(18, 112, 67)","(21.96, 4.0, 12.0)",12.65,1,VISIBLE,-1.05,0.06
15,1,person,0.7536,523.43,97.83,692.65,345.53,608.04,221.68,169.22,247.7,41916.87,0.68,Vertical Oblong,Orange,"(17, 112, 68)","(22.35, 4.0, 12.0)",12.65,1,VISIBLE,-1.26,-0.07
16,1,person,0.7726,521.6,97.58,691.61,346.16,606.61,221.87,170.0,248.57,42258.36,0.68,Vertical Oblong,Orange,"(18, 111, 67)","(22.35, 4.0, 12.0)",12.65,1,VISIBLE,-1.38,0.11
17,1,person,0.7625,519.99,97.45,690.02,346.04,605.01,221.74,170.03,248.58,42266.49,0.68,Vertical Oblong,Orange,"(18, 112, 68)","(22.35, 4.0, 12.0)",12.65,1,VISIBLE,-1.53,-0.05
18,1,person,0.7717,519.02,97.35,688.94,346.0,603.98,221.68,169.92,248.65,42250.72,0.68,Vertical Oblong,Orange,"(18, 111, 68)","(22.35, 4.0, 12.0)",12.65,1,VISIBLE,-1.18,-0.07
18,2,person,0.3324,84.0,327.88,109.49,392.6,96.74,360.24,25.49,64.73,1649.77,0.39,Vertical Oblong,Orange,"(16, 82, 111)","(40.78, 4.0, 10.0)",10.77,2,VISIBLE,0.0,0.0
19,1,person,0.77,517.98,97.31,687.82,345.36,602.9,221.34,169.84,248.04,42127.52,0.68,Vertical Oblong,Orange,"(18, 112, 68)","(22.35, 4.0, 12.0)",12.65,1,VISIBLE,-1.11,-0.26
19,2,person,0.3555,82.96,327.59,108.26,392.96,95.61,360.28,25.3,65.37,1654.21,0.39,Vertical Oblong,Orange,"(16, 82, 112)","(41.96, 4.0, 10.0)",10.77,2,VISIBLE,-1.13,0.04
20,1,person,0.7933,517.24,97.74,687.37,344.91,602.3,221.32,170.14,247.17,42053.25,0.69,Vertical Oblong,Orange,"(18, 111, 67)","(21.96, 4.0, 12.0)",12.65,1,VISIBLE,-0.75,-0.08
20,2,person,0.3588,81.49,328.06,106.66,393.06,94.07,360.56,25.17,65.0,1636.37,0.39,Vertical Oblong,Orange,"(16, 84, 113)","(42.35, 4.0, 11.0)",11.7,2,VISIBLE,-1.41,0.21
21,1,person,0.7794,516.21,98.18,687.22,344.7,601.72,221.44,171.01,246.52,42157.39,0.69,Vertical Oblong,Orange,"(18, 111, 66)","(21.96, 4.0, 12.0)",12.65,1,VISIBLE,-0.64,0.06
21,2,person,0.3759,79.89,329.56,104.39,393.04,92.14,361.3,24.49,63.48,1554.7,0.39,Vertical Oblong,Orange,"(16, 86, 111)","(41.18, 3.0, 11.0)",11.4,2,VISIBLE,-1.78,0.58
22,1,person,0.7718,515.22,98.48,686.95,344.47,601.09,221.47,171.73,245.99,42244.67,0.7,Vertical Oblong,Orange,"(17, 110, 66)","(21.96, 4.0, 11.0)",11.7,1,VISIBLE,-0.63,0.04
22,2,person,0.4164,78.03,329.96,102.48,393.09,90.26,361.52,24.45,63.13,1543.53,0.39,Vertical Oblong,Orange,"(16, 84, 111)","(40.78, 3.0, 11.0)",11.4,2,VISIBLE,-1.85,0.33
23,1,person,0.7784,513.92,98.64,686.76,344.4,600.34,221.52,172.84,245.75,42475.93,0.7,Vertical Oblong,Orange,"(18, 111, 66)","(21.96, 4.0, 12.0)",12.65,1,VISIBLE,-0.71,0.04
23,2,person,0.3889,75.75,330.19,101.2,393.24,88.48,361.72,25.44,63.04,1604.15,0.4,Vertical Oblong,Orange,"(16, 85, 106)","(40.0, 3.0, 11.0)",11.4,2,VISIBLE,-1.8,0.23
24,1,person,0.7871,512.38,98.11,685.38,343.62,598.88,220.86,173.0,245.52,42475.06,0.7,Vertical Oblong,Orange,"(17, 111, 66)","(21.96, 4.0, 12.0)",12.65,1,VISIBLE,-1.24,-0.45
24,2,person,0.3904,73.34,329.92,99.88,393.5,86.61,361.71,26.54,63.58,1687.04,0.42,Vertical Oblong,Orange,"(16, 83, 105)","(38.82, 3.0, 10.0)",10.44,2,VISIBLE,-1.85,0.07
25,1,person,0.8294,510.64,97.74,682.91,342.79,596.78,220.27,172.28,245.05,42217.6,0.7,Vertical Oblong,Orange,"(18, 111, 67)","(22.35, 4.0, 12.0)",12.65,1,VISIBLE,-1.84,-0.55
25,2,person,0.2972,71.79,330.19,98.26,393.73,85.02,361.96,26.47,63.54,1681.92,0.42,Vertical Oblong,Orange,"(16, 83, 103)","(38.04, 3.0, 11.0)",11.4,2,VISIBLE,-1.66,0.19
26,1,person,0.8247,509.09,97.55,680.78,342.26,594.93,219.91,171.69,244.71,42015.21,0.7,Vertical Oblong,Orange,"(17, 111, 68)","(22.35, 4.0, 12.0)",12.65,1,VISIBLE,-1.84,-0.42
26,2,person,0.2972,70.04,330.44,96.79,393.88,83.42,362.16,26.75,63.44,1696.81,0.42,Vertical Oblong,Orange,"(16, 83, 107)","(40.0, 4.0, 11.0)",11.7,2,VISIBLE,-1.63,0.2
27,1,person,0.8067,507.74,97.41,678.14,341.44,592.94,219.43,170.4,244.03,41583.02,0.7,Vertical Oblong,Orange,"(17, 111, 67)","(22.35, 4.0, 12.0)",12.65,1,VISIBLE,-1.95,-0.46
27,2,person,0.2972,68.3,330.7,95.32,394.04,81.81,362.37,27.02,63.35,1711.65,0.43,Vertical Oblong,Orange,"(16, 83, 105)","(38.82, 3.0, 11.0)",11.4,2,VISIBLE,-1.61,0.21
28,1,person,0.8031,506.98,97.55,676.73,341.11,591.86,219.33,169.75,243.56,41345.54,0.7,Vertical Oblong,Orange,"(17, 112, 68)","(22.35, 4.0, 12.0)",12.65,1,VISIBLE,-1.34,-0.2
28,2,person,0.2865,66.39,330.21,93.2,394.09,79.8,362.15,26.81,63.87,1712.59,0.42,Vertical Oblong,Orange,"(16, 85, 105)","(38.43, 3.0, 11.0)",11.4,2,VISIBLE,-1.89,-0.09
29,1,person,0.8015,506.27,97.77,675.15,341.24,590.71,219.5,168.89,243.47,41118.9,0.69,Vertical Oblong,Orange,"(18, 110, 68)","(22.75, 4.0, 12.0)",12.65,1,VISIBLE,-1.2,0.06
29,2,person,0.3006,64.5,330.3,91.31,394.07,77.9,362.19,26.81,63.76,1709.47,0.42,Vertical Oblong,Orange,"(16, 83, 103)","(38.04, 3.0, 10.0)",10.44,2,VISIBLE,-1.89,-0.0
30,1,person,0.7891,505.88,97.78,674.11,341.36,589.99,219.57,168.23,243.58,40976.76,0.69,Vertical Oblong,Orange,"(17, 110, 69)","(22.75, 4.0, 12.0)",12.65,1,VISIBLE,-0.86,0.06
30,2,person,0.3399,61.91,330.08,89.53,394.16,75.72,362.12,27.62,64.08,1769.89,0.43,Vertical Oblong,Orange,"(16, 84, 99)","(36.86, 3.0, 10.0)",10.44,2,VISIBLE,-2.1,-0.05
31,1,person,0.7891,505.26,98.14,673.71,342.13,589.48,220.13,168.45,243.99,41101.06,0.69,Vertical Oblong,Orange,"(18, 109, 68)","(22.35, 4.0, 12.0)",12.65,1,VISIBLE,-0.62,0.41
31,2,person,0.3399,59.89,330.07,87.8,394.25,73.85,362.16,27.91,64.18,1791.47,0.43,Vertical Oblong,Orange,"(16, 86, 98)","(36.86, 3.0, 10.0)",10.44,2,VISIBLE,-1.94,0.01
32,1,person,0.7891,504.85,98.32,674.07,342.79,589.46,220.55,169.22,244.47,41369.65,0.69,Vertical Oblong,Orange,"(18, 108, 67)","(22.35, 4.0, 11.0)",11.7,1,VISIBLE,-0.2,0.42
32,2,person,0.2826,59.05,330.38,85.72,394.08,72.39,362.23,26.67,63.7,1698.83,0.42,Vertical Oblong,Orange,"(16, 86, 104)","(38.43, 3.0, 11.0)",11.4,2,VISIBLE,-1.6,0.05
33,1,person,0.7888,504.37,98.28,674.17,343.34,589.27,220.81,169.8,245.06,41611.98,0.69,Vertical Oblong,Orange,"(18, 109, 67)","(21.96, 4.0, 12.0)",12.65,1,VISIBLE,-0.19,0.3
33,2,person,0.2826,57.35,330.46,83.9,394.11,70.62,362.28,26.55,63.65,1690.14,0.42,Vertical Oblong,Orange,"(15, 85, 103)","(37.65, 4.0, 10.0)",10.77,2,VISIBLE,-1.71,0.05
33,3,person,0.2854,252.73,273.18,274.51,357.6,263.62,315.39,21.78,84.42,1838.88,0.26,Vertical Oblong,Orange,"(17, 77, 74)","(25.88, 3.0, 11.0)",11.4,3,VISIBLE,0.0,0.0
34,1,person,0.7896,504.05,98.3,674.12,343.71,589.08,221.01,170.08,245.41,41738.55,0.69,Vertical Oblong,Orange,"(18, 109, 67)","(21.96, 4.0, 11.0)",11.7,1,VISIBLE,-0.19,0.23
34,2,person,0.2883,56.19,329.97,81.9,393.85,69.05,361.91,25.71,63.88,1642.71,0.4,Vertical Oblong,Orange,"(15, 84, 109)","(40.0, 4.0, 10.0)",10.77,2,VISIBLE,-1.62,-0.25
34,3,person,0.2854,252.64,273.14,274.47,357.58,263.55,315.36,21.84,84.43,1843.61,0.26,Vertical Oblong,Orange,"(16, 76, 76)","(26.67, 3.0, 10.0)",10.44,3,VISIBLE,-0.06,-0.03
35,1,person,0.7927,503.88,98.37,674.23,344.02,589.05,221.2,170.34,245.65,41844.42,0.69,Vertical Oblong,Orange,"(18, 110, 67)","(21.96, 4.0, 12.0)",12.65,1,VISIBLE,-0.08,0.2
35,2,person,0.298,54.48,329.85,80.5,393.81,67.49,361.83,26.02,63.95,1664.01,0.41,Vertical Oblong,Orange,"(15, 86, 103)","(38.04, 3.0, 10.0)",10.44,2,VISIBLE,-1.57,-0.13
35,3,person,0.2854,252.55,273.1,274.43,357.55,263.49,315.33,21.89,84.45,1848.34,0.26,Vertical Oblong,Orange,"(17, 77, 75)","(27.06, 2.0, 11.0)",11.18,3,VISIBLE,-0.06,-0.03
36,1,person,0.7906,503.83,98.41,674.44,344.06,589.14,221.23,170.61,245.66,41911.48,0.69,Vertical Oblong,Orange,"(18, 109, 67)","(21.96, 4.0, 12.0)",12.65,1,VISIBLE,0.03,0.09
36,2,person,0.2973,53.28,329.35,79.51,393.78,66.39,361.56,26.23,64.43,1689.74,0.41,Vertical Oblong,Orange,"(16, 84, 103)","(37.65, 3.0, 10.0)",10.44,2,VISIBLE,-1.24,-0.22
36,3,person,0.2923,250.36,272.66,273.55,357.26,261.96,314.96,23.19,84.6,1961.72,0.27,Vertical Oblong,Orange,"(17, 77, 74)","(26.67, 3.0, 11.0)",11.4,3,VISIBLE,-1.09,-0.27
37,1,person,0.8016,503.87,98.41,675.04,344.1,589.45,221.26,171.17,245.7,42057.23,0.7,Vertical Oblong,Orange,"(18, 110, 67)","(22.35, 4.0, 12.0)",12.65,1,VISIBLE,0.23,0.04
37,2,person,0.2911,51.73,328.82,78.27,393.65,65.0,361.24,26.54,64.82,1720.31,0.41,Vertical Oblong,Orange,"(15, 84, 95)","(35.1, 3.0, 10.0)",10.44,2,VISIBLE,-1.35,-0.3
37,3,person,0.2923,249.68,272.51,273.27,357.16,261.48,314.83,23.59,84.65,1997.2,0.28,Vertical Oblong,Orange,"(17, 77, 74)","(25.49, 3.0, 10.0)",10.44,3,VISIBLE,-0.66,-0.17
38,1,person,0.8043,504.18,98.05,675.04,343.16,589.61,220.61,170.86,245.11,41879.2,0.7,Vertical Oblong,Orange,"(17, 109, 67)","(22.35, 4.0, 12.0)",12.65,1,VISIBLE,0.18,-0.44
38,2,person,0.2911,50.22,328.54,76.81,393.58,63.52,361.06,26.58,65.04,1729.01,0.41,Vertical Oblong,Orange,"(16, 86, 91)","(33.73, 3.0, 10.0)",10.44,2,VISIBLE,-1.44,-0.21
38,4,person,0.3638,74.53,322.47,91.13,385.87,82.83,354.17,16.6,63.4,1052.6,0.26,Vertical Oblong,Orange,"(20, 63, 202)","(75.69, 1.0, 18.0)",18.03,4,VISIBLE,0.0,0.0
39,1,person,0.8127,504.56,97.68,675.13,342.52,589.84,220.1,170.57,244.84,41761.92,0.7,Vertical Oblong,Orange,"(18, 111, 67)","(22.35, 4.0, 12.0)",12.65,1,VISIBLE,0.22,-0.49
39,2,person,0.2911,48.72,328.26,75.35,393.52,62.03,360.89,26.63,65.26,1737.72,0.41,Vertical Oblong,Orange,"(15, 90, 128)","(46.27, 6.0, 15.0)",16.16,2,VISIBLE,-1.47,-0.18
39,4,person,0.352,74.25,322.44,91.16,386.16,82.7,354.3,16.91,63.72,1077.74,0.27,Vertical Oblong,Orange,"(20, 63, 206)","(77.65, 1.0, 18.0)",18.03,4,VISIBLE,-0.12,0.13
40,1,person,0.8046,505.18,97.35,675.88,342.56,590.53,219.95,170.7,245.21,41858.83,0.7,Vertical Oblong,Orange,"(17, 111, 68)","(22.35, 4.0, 12.0)",12.65,1,VISIBLE,0.54,-0.25
40,2,person,0.2911,47.21,327.98,73.88,393.45,60.55,360.71,26.67,65.48,1746.46,0.41,Vertical Oblong,Orange,"(15, 88, 129)","(46.67, 6.0, 15.0)",16.16,2,VISIBLE,-1.48,-0.18
40,4,person,0.3523,73.87,322.29,91.28,386.51,82.57,354.4,17.41,64.23,1118.02,0.27,Vertical Oblong,Orange,"(20, 66, 201)","(76.08, 0.0, 19.0)",19.0,4,VISIBLE,-0.13,0.11
41,1,person,0.8103,505.85,97.26,677.23,342.54,591.54,219.9,171.39,245.28,42037.83,0.7,Vertical Oblong,Orange,"(17, 112, 68)","(22.75, 4.0, 12.0)",12.65,1,VISIBLE,0.87,-0.11
41,2,person,0.2911,45.7,327.69,72.42,393.38,59.06,360.54,26.72,65.69,1755.21,0.41,Vertical Oblong,Orange,"(14, 87, 131)","(47.45, 6.0, 15.0)",16.16,2,VISIBLE,-1.48,-0.18
41,4,person,0.3987,73.67,322.17,91.23,386.27,82.45,354.22,17.56,64.11,1125.8,0.27,Vertical Oblong,Orange,"(20, 64, 201)","(75.69, 1.0, 18.0)",18.03,4,VISIBLE,-0.13,-0.09
42,1,person,0.8171,506.4,97.13,679.4,343.11,592.9,220.12,173.0,245.97,42553.71,0.7,Vertical Oblong,Orange,"(17, 111, 68)","(22.35, 4.0, 11.0)",11.7,1,VISIBLE,1.21,0.12
42,2,person,0.2911,44.19,327.41,70.96,393.32,57.57,360.36,26.76,65.91,1763.99,0.41,Vertical Oblong,Orange,"(14, 88, 126)","(45.49, 6.0, 13.0)",14.32,2,VISIBLE,-1.48,-0.17
42,4,person,0.4161,73.46,322.04,91.23,386.27,82.35,354.16,17.77,64.23,1141.52,0.28,Vertical Oblong,Orange,"(20, 64, 208)","(78.43, 1.0, 18.0)",18.03,4,VISIBLE,-0.11,-0.07
43,1,person,0.8214,507.08,97.03,682.12,343.4,594.6,220.21,175.04,246.37,43125.01,0.71,Vertical Oblong,Orange,"(18, 112, 66)","(21.57, 4.0, 12.0)",12.65,1,VISIBLE,1.55,0.1
43,2,person,0.2941,46.56,328.69,72.72,392.99,59.64,360.84,26.16,64.3,1682.34,0.41,Vertical Oblong,Orange,"(14, 87, 128)","(46.67, 6.0, 14.0)",15.23,2,VISIBLE,1.0,0.28
43,4,person,0.4553,73.24,321.94,91.4,386.1,82.32,354.02,18.16,64.16,1165.02,0.28,Vertical Oblong,Orange,"(20, 63, 213)","(80.39, 1.0, 18.0)",18.03,4,VISIBLE,-0.05,-0.12
44,1,person,0.8191,507.68,96.97,685.16,343.88,596.42,220.42,177.48,246.92,43821.88,0.72,Vertical Oblong,Orange,"(18, 111, 67)","(21.96, 4.0, 11.0)",11.7,1,VISIBLE,1.74,0.18
44,2,person,0.3323,48.21,329.45,74.26,392.73,61.24,361.09,26.05,63.28,1648.49,0.41,Vertical Oblong,Orange,"(14, 87, 129)","(47.45, 6.0, 14.0)",15.23,2,VISIBLE,1.42,0.26
44,4,person,0.4975,73.06,321.72,92.15,385.86,82.6,353.79,19.09,64.14,1224.48,0.3,Vertical Oblong,Orange,"(20, 63, 213)","(80.39, 1.0, 18.0)",18.03,4,VISIBLE,0.18,-0.2
45,1,person,0.8011,508.47,97.17,688.31,345.1,598.39,221.13,179.84,247.93,44588.59,0.73,Vertical Oblong,Orange,"(18, 111, 67)","(21.96, 4.0, 12.0)",12.65,1,VISIBLE,1.9,0.55
45,2,person,0.3056,51.01,329.79,75.75,392.58,63.38,361.18,24.74,62.79,1553.52,0.39,Vertical Oblong,Orange,"(15, 82, 92)","(34.51, 3.0, 10.0)",10.44,2,VISIBLE,1.93,0.14
45,4,person,0.5038,73.23,321.73,92.41,385.27,82.82,353.5,19.18,63.54,1218.56,0.3,Vertical Oblong,Orange,"(20, 63, 202)","(76.08, 0.0, 18.0)",18.0,4,VISIBLE,0.21,-0.26
46,1,person,0.7809,510.2,96.8,689.42,344.72,599.81,220.76,179.21,247.91,44429.49,0.72,Vertical Oblong,Orange,"(18, 111, 67)","(21.96, 4.0, 11.0)",11.7,1,VISIBLE,1.56,-0.1
46,2,person,0.3241,53.18,329.72,76.86,392.41,65.02,361.07,23.68,62.7,1484.48,0.38,Vertical Oblong,Orange,"(16, 82, 104)","(38.82, 3.0, 10.0)",10.44,2,VISIBLE,1.73,-0.04
46,4,person,0.5189,73.48,321.7,93.08,384.51,83.28,353.1,19.6,62.81,1231.23,0.31,Vertical Oblong,Orange,"(23, 89, 36)","(10.98, -1.0, 10.0)",10.05,4,VISIBLE,0.38,-0.36
47,1,person,0.7514,512.88,96.34,690.63,344.35,601.76,220.34,177.76,248.01,44085.24,0.72,Vertical Oblong,Orange,"(18, 112, 66)","(21.57, 4.0, 11.0)",11.7,1,VISIBLE,1.83,-0.32
47,2,person,0.337,54.32,329.49,77.79,392.56,66.06,361.02,23.48,63.07,1480.63,0.37,Vertical Oblong,Orange,"(16, 80, 109)","(40.39, 3.0, 10.5)",10.92,2,VISIBLE,1.24,-0.04
47,4,person,0.5176,73.75,321.55,93.56,383.77,83.66,352.66,19.81,62.22,1232.47,0.32,Vertical Oblong,Orange,"(20, 63, 205)","(77.65, 1.0, 18.0)",18.03,4,VISIBLE,0.38,-0.42
48,1,person,0.7259,515.54,95.82,691.95,344.71,603.75,220.26,176.41,248.89,43905.48,0.71,Vertical Oblong,Orange,"(18, 112, 66)","(21.57, 4.0, 12.0)",12.65,1,VISIBLE,1.94,-0.15
48,2,person,0.3511,54.41,329.48,78.61,392.72,66.51,361.1,24.2,63.24,1530.42,0.38,Vertical Oblong,Orange,"(16, 82, 108)","(40.0, 3.0, 10.0)",10.44,2,VISIBLE,0.69,0.04
48,4,person,0.4933,74.22,321.22,94.1,382.77,84.16,351.99,19.88,61.54,1223.21,0.32,Vertical Oblong,Orange,"(20, 63, 207)","(78.63, 1.0, 18.0)",18.03,4,VISIBLE,0.47,-0.59
49,1,person,0.7259,517.25,95.52,693.57,344.87,605.41,220.19,176.32,249.34,43963.87,0.71,Vertical Oblong,Orange,"(12, 188, 66)","(18.04, 11.0, 19.0)",21.95,1,VISIBLE,1.75,-0.09
49,2,person,0.3511,55.29,329.55,79.31,392.71,67.3,361.13,24.03,63.15,1517.48,0.38,Vertical Oblong,Black,"(15, 64, 12)","(2.75, 0.0, 0.0)",0.0,2,VISIBLE,0.76,0.03
49,4,person,0.4933,74.39,321.07,94.53,382.16,84.46,351.61,20.13,61.09,1230.02,0.33,Vertical Oblong,Black,"(113, 73, 14)","(3.14, 0.0, -2.0)",2.0,4,VISIBLE,0.35,-0.44
50,1,person,0.7259,518.95,95.23,695.18,345.02,607.07,220.13,176.23,249.8,44022.19,0.71,Vertical Oblong,Orange,"(12, 189, 67)","(18.04, 11.0, 19.0)",21.95,1,VISIBLE,1.68,-0.08
50,2,person,0.3511,56.16,329.62,80.02,392.69,68.09,361.15,23.86,63.07,1504.58,0.38,Vertical Oblong,Orange,"(16, 128, 108)","(37.45, 6.0, 25.0)",25.71,2,VISIBLE,0.78,0.03
50,4,person,0.4933,74.56,320.91,94.96,381.55,84.76,351.23,20.39,60.64,1236.6,0.34,Vertical Oblong,Black,"(113, 73, 14)","(3.14, 0.0, -2.0)",2.0,4,VISIBLE,0.32,-0.4
50,3,person,0.7817,84.94,1.9,629.65,479.74,357.29,240.82,544.71,477.85,260288.15,1.14,Spherical / Regular,Black,"(115, 153, 9)","(0.78, 0.0, -2.0)",2.0,5,VISIBLE,4.96,-4.04
51,1,person,0.7259,520.66,94.93,696.8,345.18,608.73,220.06,176.14,250.25,44080.43,0.7,Vertical Oblong,Orange,"(12, 189, 70)","(18.82, 11.0, 19.0)",21.95,1,VISIBLE,1.67,-0.07
51,2,person,0.3511,57.04,329.68,80.72,392.67,68.88,361.18,23.68,62.99,1491.7,0.38,Vertical Oblong,Orange,"(16, 114, 78)","(25.49, 4.0, 15.0)",15.52,2,VISIBLE,0.79,0.02
51,4,person,0.4933,74.74,320.75,95.39,380.94,85.06,350.85,20.65,60.19,1242.95,0.34,Vertical Oblong,Black,"(113, 64, 13)","(2.75, 0.0, -2.0)",2.0,4,VISIBLE,0.31,-0.39
51,3,person,0.7797,81.76,1.43,629.94,479.62,355.85,240.52,548.18,478.19,262134.9,1.15,Spherical / Regular,Black,"(115, 153, 9)","(0.78, 0.0, -2.0)",2.0,5,VISIBLE,0.48,-1.42
52,1,person,0.7259,522.36,94.64,698.42,345.34,610.39,219.99,176.06,250.71,44138.59,0.7,Vertical Oblong,Orange,"(12, 189, 71)","(19.22, 11.0, 20.0)",22.83,1,VISIBLE,1.66,-0.07
52,2,person,0.3511,57.91,329.75,81.42,392.66,69.67,361.2,23.51,62.9,1478.85,0.37,Vertical Oblong,Orange,"(17, 105, 169)","(60.0, 5.0, 25.0)",25.5,2,VISIBLE,0.79,0.03
52,4,person,0.4933,74.91,320.6,95.82,380.34,85.36,350.47,20.91,59.74,1249.06,0.35,Vertical Oblong,Black,"(113, 85, 13)","(2.75, 0.0, -2.0)",2.0,4,VISIBLE,0.3,-0.38
52,3,person,0.8325,79.12,1.21,629.84,479.62,354.48,240.41,550.72,478.41,263469.08,1.15,Spherical / Regular,Black,"(115, 153, 10)","(1.18, 0.0, -2.0)",2.0,5,VISIBLE,-0.82,-0.5
52,6,person,0.3409,769.18,56.7,854.0,308.32,811.59,182.51,84.82,251.62,21342.73,0.34,Vertical Oblong,Orange,"(16, 149, 127)","(40.39, 7.0, 28.0)",28.86,6,VISIBLE,0.0,0.0
53,1,person,0.7259,524.06,94.34,700.03,345.5,612.05,219.92,175.97,251.16,44196.67,0.7,Vertical Oblong,Orange,"(12, 190, 71)","(18.82, 11.0, 20.0)",22.83,1,VISIBLE,1.66,-0.07
53,2,person,0.3511,58.79,329.82,82.13,392.64,70.46,361.23,23.34,62.82,1466.04,0.37,Vertical Oblong,Orange,"(18, 98, 201)","(71.37, 4.0, 27.0)",27.29,2,VISIBLE,0.79,0.03
53,4,person,0.4933,75.08,320.44,96.25,379.73,85.66,350.08,21.17,59.29,1254.95,0.36,Vertical Oblong,Orange,"(15, 136, 86)","(29.02, 7.0, 19.0)",20.25,4,VISIBLE,0.3,-0.38
53,3,person,0.8325,77.72,0.94,631.92,479.51,354.82,240.22,554.19,478.57,265220.77,1.16,Spherical / Regular,Black,"(115, 153, 9)","(1.18, 0.0, -2.0)",2.0,5,VISIBLE,-0.01,-0.28
53,6,person,0.6469,774.16,64.53,854.0,307.64,814.08,186.09,79.84,243.11,19410.51,0.33,Vertical Oblong,Orange,"(17, 151, 127)","(40.39, 7.0, 28.0)",28.86,6,VISIBLE,2.49,3.58
54,3,person,0.8549,78.45,1.29,629.42,479.64,353.94,240.46,550.97,478.36,263561.14,1.15,Spherical / Regular,Black,"(115, 153, 9)","(1.18, 0.0, -2.0)",2.0,5,VISIBLE,-0.62,0.08
54,6,person,0.389,780.89,87.38,854.0,396.01,817.45,241.7,73.11,308.63,22563.12,0.24,Vertical Oblong,Orange,"(16, 158, 132)","(42.35, 10.0, 27.0)",28.79,6,VISIBLE,3.1,40.0
55,3,person,0.8634,79.18,1.57,626.65,479.83,352.91,240.7,547.47,478.26,261833.25,1.14,Spherical / Regular,Black,"(115, 153, 10)","(1.18, 0.0, -2.0)",2.0,5,VISIBLE,-0.9,0.19
55,6,person,0.5401,788.4,89.14,854.0,453.24,821.2,271.19,65.6,364.1,23884.84,0.18,Vertical Oblong,Orange,"(15, 163, 127)","(40.39, 10.0, 24.0)",26.0,6,VISIBLE,3.56,32.65
56,3,person,0.8634,80.44,1.99,623.69,479.94,352.07,240.97,543.25,477.95,259644.99,1.14,Spherical / Regular,Black,"(115, 153, 10)","(1.18, 0.0, -2.0)",2.0,5,VISIBLE,-0.87,0.24
56,6,person,0.5401,793.25,96.28,854.0,493.01,823.63,294.65,60.75,396.73,24100.19,0.15,Vertical Oblong,Orange,"(15, 165, 123)","(38.82, 10.0, 24.0)",26.0,6,VISIBLE,2.77,26.21
57,3,person,0.8528,84.25,2.1,620.21,480.01,352.23,241.06,535.96,477.91,256141.11,1.12,Spherical / Regular,Black,"(113, 128, 10)","(1.18, 0.0, -2.0)",2.0,5,VISIBLE,-0.14,0.14
57,6,person,0.5401,798.11,103.42,854.0,532.78,826.05,318.1,55.89,429.36,23998.88,0.13,Vertical Oblong,Orange,"(15, 165, 119)","(37.65, 10.0, 23.0)",25.08,6,VISIBLE,2.53,24.28
57,2,person,0.3877,15.28,280.88,51.4,360.75,33.34,320.82,36.12,79.88,2885.2,0.45,Vertical Oblong,Black,"(102, 117, 33)","(9.02, -2.0, -6.0)",6.32,7,VISIBLE,-6.26,-7.06
58,3,person,0.792,87.8,1.88,615.37,480.05,351.58,240.96,527.56,478.17,252261.8,1.1,Spherical / Regular,Black,"(113, 128, 10)","(1.18, 0.0, -2.0)",2.0,5,VISIBLE,-0.49,-0.02
58,6,person,0.5401,802.96,110.56,854.0,572.55,828.48,341.55,51.04,461.99,23580.91,0.11,Vertical Oblong,Orange,"(14, 166, 116)","(36.47, 10.0, 23.0)",25.08,6,VISIBLE,2.46,23.7
58,2,person,0.3575,20.33,280.94,56.34,360.46,38.33,320.7,36.01,79.53,2863.62,0.45,Vertical Oblong,Black,"(102, 112, 33)","(9.41, -2.0, -6.0)",6.32,7,VISIBLE,1.62,-2.2
59,3,person,0.8016,89.51,1.2,609.35,479.84,349.43,240.52,519.84,478.64,248817.01,1.09,Spherical / Regular,Black,"(115, 128, 10)","(1.18, 0.0, -2.0)",2.0,5,VISIBLE,-1.66,-0.32
59,6,person,0.5401,807.81,117.7,854.0,612.31,830.91,365.0,46.19,494.62,22846.29,0.09,Vertical Oblong,Orange,"(14, 167, 112)","(35.29, 10.0, 22.0)",24.17,6,VISIBLE,2.43,23.53
59,2,person,0.4904,25.73,280.7,61.88,360.0,43.81,320.35,36.15,79.29,2866.64,0.46,Vertical Oblong,Black,"(101, 113, 34)","(9.8, -2.0, -5.0)",5.39,7,VISIBLE,4.31,-0.9
60,3,person,0.8092,90.5,1.44,601.7,479.91,346.1,240.67,511.2,478.47,244590.21,1.07,Spherical / Regular,Black,"(115, 128, 10)","(1.96, 0.0, -2.0)",2.0,5,VISIBLE,-2.83,0.01
60,6,person,0.5401,812.66,124.83,854.0,652.08,833.33,388.46,41.34,527.25,21795.01,0.08,Vertical Oblong,Orange,"(14, 167, 102)","(32.16, 10.0, 19.0)",21.47,6,VISIBLE,2.43,23.47
60,2,person,0.481,30.49,280.55,66.01,359.32,48.25,319.94,35.52,78.77,2797.6,0.45,Vertical Oblong,Orange,"(16, 92, 113)","(41.18, 4.0, 17.0)",17.46,7,VISIBLE,4.41,-0.56
61,3,person,0.8575,90.01,1.42,590.62,479.96,340.31,240.69,500.61,478.53,239557.65,1.05,Spherical / Regular,Black,"(113, 109, 10)","(1.96, 0.0, -2.0)",2.0,5,VISIBLE,-4.9,0.01
61,2,person,0.4754,34.39,280.54,67.23,358.8,50.81,319.67,32.84,78.27,2570.49,0.42,Vertical Oblong,Orange,"(16, 92, 113)","(40.39, 4.0, 16.0)",16.49,7,VISIBLE,3.11,-0.35
62,3,person,0.8451,89.24,1.17,574.78,479.99,332.01,240.58,485.54,478.82,232483.42,1.01,Spherical / Regular,Black,"(113, 126, 11)","(1.96, 0.0, -2.0)",2.0,5,VISIBLE,-7.28,-0.07
62,2,person,0.5061,36.43,280.44,67.12,358.57,51.78,319.51,30.69,78.13,2397.94,0.39,Vertical Oblong,Orange,"(16, 94, 112)","(40.39, 5.0, 16.0)",16.76,7,VISIBLE,1.61,-0.22
63,3,person,0.8461,88.43,1.6,556.83,480.01,322.63,240.8,468.4,478.41,224089.27,0.98,Spherical / Regular,Black,"(113, 118, 12)","(1.96, 0.0, -2.0)",2.0,5,VISIBLE,-8.75,0.14
63,2,person,0.4618,37.15,280.32,66.09,358.42,51.62,319.37,28.94,78.1,2259.92,0.37,Vertical Oblong,Orange,"(16, 94, 112)","(40.0, 5.0, 16.0)",16.76,7,VISIBLE,0.37,-0.16
64,3,person,0.8681,87.66,1.51,536.49,480.02,312.07,240.76,448.83,478.51,214766.13,0.94,Spherical / Regular,Black,"(113, 102, 12)","(2.35, 0.0, -2.0)",2.0,5,VISIBLE,-10.01,0.01
64,2,person,0.3953,36.51,280.34,63.68,358.74,50.09,319.54,27.17,78.4,2130.06,0.35,Vertical Oblong,Orange,"(16, 94, 110)","(39.61, 5.0, 16.0)",16.76,7,VISIBLE,-0.96,0.07
65,3,person,0.8429,87.37,0.92,515.07,480.02,301.22,240.47,427.7,479.1,204910.36,0.89,Spherical / Regular,Black,"(113, 109, 13)","(2.75, 0.0, -2.0)",2.0,5,VISIBLE,-10.6,-0.2
65,2,person,0.4428,35.07,280.3,60.69,358.93,47.88,319.61,25.62,78.63,2014.51,0.33,Vertical Oblong,Orange,"(16, 89, 111)","(40.0, 4.0, 16.0)",16.49,7,VISIBLE,-1.84,0.07
66,3,person,0.7863,86.36,0.43,491.55,480.02,288.96,240.23,405.19,479.59,194323.04,0.84,Spherical / Regular,Black,"(113, 109, 13)","(2.75, 0.0, -2.0)",2.0,5,VISIBLE,-11.77,-0.23
66,2,person,0.4428,35.93,280.24,60.03,358.87,47.98,319.55,24.1,78.63,1894.74,0.31,Vertical Oblong,Orange,"(17, 95, 108)","(39.61, 4.0, 17.0)",17.46,7,VISIBLE,-0.48,-0.02
67,3,person,0.7999,84.82,0.11,467.98,480.02,276.4,240.06,383.16,479.91,183880.55,0.8,Spherical / Regular,Black,"(113, 109, 14)","(2.75, 0.0, -2.0)",2.0,5,VISIBLE,-12.32,-0.18
67,2,person,0.3013,32.43,280.87,56.29,359.05,44.36,319.96,23.86,78.18,1865.51,0.31,Vertical Oblong,Orange,"(16, 93, 106)","(38.43, 4.0, 16.0)",16.49,7,VISIBLE,-2.68,0.28
67,8,person,0.3567,473.38,221.5,500.9,334.42,487.14,277.96,27.52,112.91,3107.32,0.24,Vertical Oblong,Orange,"(14, 148, 108)","(33.33, 9.0, 22.0)",23.77,8,VISIBLE,0.0,0.0
68,3,person,0.8002,83.54,-0.09,443.6,480.01,263.57,239.96,360.06,480.1,172864.37,0.75,Vertical Oblong,Black,"(113, 102, 14)","(2.75, 0.0, -2.0)",2.0,5,VISIBLE,-12.68,-0.13
68,2,person,0.3013,32.14,280.99,54.82,359.06,43.48,320.02,22.68,78.06,1770.32,0.29,Vertical Oblong,Orange,"(17, 96, 108)","(39.61, 4.0, 17.0)",17.46,7,VISIBLE,-1.42,0.13
68,8,person,0.3567,473.13,221.56,500.81,334.34,486.97,277.95,27.67,112.78,3121.16,0.25,Vertical Oblong,Orange,"(14, 148, 106)","(33.33, 9.0, 22.0)",23.77,8,VISIBLE,-0.17,-0.01
69,3,person,0.8672,82.0,-0.18,419.76,480.01,250.88,239.91,337.76,480.19,162192.17,0.7,Vertical Oblong,Black,"(113, 109, 14)","(2.75, 0.0, -2.0)",2.0,5,VISIBLE,-12.69,-0.07
69,2,person,0.3013,31.86,281.12,53.35,359.06,42.6,320.09,21.49,77.94,1675.4,0.28,Vertical Oblong,Orange,"(17, 95, 106)","(38.43, 4.0, 16.0)",16.49,7,VISIBLE,-1.04,0.08
69,8,person,0.3309,464.44,221.43,498.58,334.96,481.51,278.19,34.14,113.52,3875.88,0.3,Vertical Oblong,Orange,"(14, 152, 109)","(34.12, 10.0, 22.0)",24.17,8,VISIBLE,-3.87,0.17
70,3,person,0.8509,79.9,-0.22,395.52,480.01,237.71,239.9,315.62,480.22,151567.2,0.66,Vertical Oblong,Black,"(113, 109, 15)","(2.75, 0.0, -2.0)",2.0,5,VISIBLE,-13.02,-0.03
70,2,person,0.3013,31.57,281.24,51.88,359.07,41.73,320.15,20.31,77.82,1580.77,0.26,Vertical Oblong,Orange,"(19, 81, 81)","(30.59, 1.0, 11.0)",11.05,7,VISIBLE,-0.93,0.07
70,8,person,0.2883,460.67,223.61,496.34,334.87,478.51,279.24,35.67,111.27,3968.9,0.32,Vertical Oblong,Orange,"(14, 151, 110)","(34.51, 9.0, 23.0)",24.7,8,VISIBLE,-3.27,0.78
70,1,person,0.4255,791.79,103.11,854.0,433.49,822.9,268.3,62.21,330.39,20553.05,0.19,Vertical Oblong,Orange,"(16, 158, 129)","(41.18, 9.0, 24.0)",25.63,9,VISIBLE,9.18,1.97
71,3,person,0.8015,78.39,-0.02,372.32,480.0,225.36,239.99,293.94,480.03,141098.05,0.61,Vertical Oblong,Black,"(113, 109, 15)","(3.14, 0.0, -2.0)",2.0,5,VISIBLE,-12.56,0.06
71,2,person,0.3013,31.29,281.37,50.41,359.07,40.85,320.22,19.13,77.71,1486.43,0.25,Vertical Oblong,Orange,"(17, 88, 73)","(27.45, 3.0, 12.0)",12.37,7,VISIBLE,-0.89,0.07
71,8,person,0.3185,459.81,223.31,494.05,335.21,476.93,279.26,34.25,111.9,3832.0,0.31,Vertical Oblong,Orange,"(14, 150, 109)","(34.51, 9.0, 22.0)",23.77,8,VISIBLE,-2.08,0.25
71,1,person,0.314,789.07,103.88,854.0,463.2,821.54,283.54,64.93,359.32,23329.83,0.18,Vertical Oblong,Orange,"(15, 162, 126)","(40.39, 9.0, 24.0)",25.63,9,VISIBLE,1.8,11.26
72,3,person,0.8293,77.38,-0.05,349.11,480.0,213.24,239.98,271.72,480.05,130440.9,0.57,Vertical Oblong,Black,"(113, 102, 15)","(3.53, 0.0, -2.0)",2.0,5,VISIBLE,-12.24,0.01
72,2,person,0.3013,31.0,281.49,48.94,359.08,39.97,320.28,17.95,77.59,1392.36,0.23,Vertical Oblong,Orange,"(18, 106, 58)","(20.39, 2.0, 12.0)",12.17,7,VISIBLE,-0.88,0.07
72,8,person,0.4083,456.73,222.52,491.78,335.49,474.26,279.01,35.05,112.98,3959.5,0.31,Vertical Oblong,Orange,"(14, 150, 109)","(34.51, 9.0, 22.0)",23.77,8,VISIBLE,-2.5,-0.1
72,1,person,0.4299,785.4,122.42,854.0,388.3,819.7,255.36,68.6,265.88,18240.32,0.26,Vertical Oblong,Orange,"(16, 131, 163)","(54.12, 8.0, 26.0)",27.2,9,VISIBLE,-0.74,-16.35
73,3,person,0.8153,76.04,0.08,327.59,480.0,201.82,240.04,251.55,479.92,120721.96,0.52,Vertical Oblong,Black,"(105, 96, 16)","(3.53, 0.0, -2.0)",2.0,5,VISIBLE,-11.67,0.05
73,8,person,0.3835,454.08,222.21,489.45,335.78,471.76,278.99,35.36,113.58,4016.3,0.31,Vertical Oblong,Orange,"(14, 147, 109)","(34.51, 9.0, 22.0)",23.77,8,VISIBLE,-2.49,-0.04
73,1,person,0.4572,781.09,134.49,854.0,338.53,817.54,236.51,72.91,204.04,14876.52,0.36,Vertical Oblong,Orange,"(17, 109, 186)","(65.1, 6.0, 27.0)",27.66,9,VISIBLE,-1.73,-18.1
74,3,person,0.8543,74.17,0.19,308.12,480.0,191.14,240.09,233.94,479.81,112249.17,0.49,Vertical Oblong,Black,"(105, 102, 15)","(3.14, 0.0, -2.0)",2.0,5,VISIBLE,-10.97,0.05
74,8,person,0.384,453.07,221.69,487.14,335.49,470.11,278.59,34.07,113.79,3877.3,0.3,Vertical Oblong,Orange,"(14, 146, 110)","(34.9, 9.0, 22.0)",23.77,8,VISIBLE,-1.91,-0.29
74,1,person,0.4572,778.38,142.58,854.0,311.43,816.19,227.01,75.62,168.85,12769.31,0.45,Vertical Oblong,Orange,"(16, 119, 177)","(60.78, 7.0, 28.0)",28.86,9,VISIBLE,-1.47,-12.08
75,3,person,0.8665,72.71,0.12,289.86,480.0,181.29,240.06,217.15,479.88,104208.62,0.45,Vertical Oblong,Black,"(105, 102, 15)","(3.14, 0.0, -2.0)",2.0,5,VISIBLE,-10.19,-0.01
75,8,person,0.4016,451.46,226.25,484.11,334.99,467.79,280.62,32.64,108.73,3549.29,0.3,Vertical Oblong,Orange,"(14, 143, 107)","(34.12, 9.0, 21.0)",22.85,8,VISIBLE,-2.2,1.33
75,1,person,0.4572,775.66,150.67,854.0,284.34,814.83,217.5,78.34,133.66,10471.1,0.59,Vertical Oblong,Orange,"(16, 133, 151)","(50.2, 8.0, 27.0)",28.16,9,VISIBLE,-1.39,-10.28
76,3,person,0.9004,65.68,0.08,273.74,479.89,169.71,239.99,208.06,479.81,99828.82,0.43,Vertical Oblong,Black,"(100, 96, 17)","(3.92, 0.0, -2.0)",2.0,5,VISIBLE,-11.16,-0.06
76,8,person,0.4241,449.2,225.62,481.39,334.63,465.3,280.13,32.19,109.01,3509.42,0.3,Vertical Oblong,Orange,"(15, 145, 108)","(34.12, 8.0, 21.0)",22.47,8,VISIBLE,-2.4,0.05
76,1,person,0.4572,772.95,158.76,854.0,257.24,813.47,208.0,81.05,98.48,7981.88,0.82,Spherical / Regular,Orange,"(16, 140, 140)","(46.67, 8.0, 28.0)",29.12,9,VISIBLE,-1.37,-9.74
76,4,person,0.2873,392.39,240.92,413.36,301.4,402.88,271.16,20.97,60.47,1268.28,0.35,Vertical Oblong,Orange,"(16, 67, 101)","(39.41, 3.0, 11.0)",11.4,10,VISIBLE,9.74,-2.52
77,3,person,0.8786,48.3,0.04,258.0,479.92,153.15,239.98,209.7,479.88,100632.71,0.44,Vertical Oblong,Black,"(99, 100, 17)","(4.31, 0.0, -2.0)",2.0,5,VISIBLE,-14.94,-0.02
77,8,person,0.4078,444.69,225.98,478.51,334.69,461.6,280.34,33.81,108.71,3675.96,0.31,Vertical Oblong,Orange,"(15, 140, 110)","(35.29, 8.0, 21.0)",22.47,8,VISIBLE,-3.31,0.16
77,1,person,0.4572,770.23,166.85,854.0,230.14,812.12,198.5,83.77,63.29,5301.67,1.32,Horizontal Oblong,Orange,"(16, 138, 134)","(44.51, 7.0, 27.0)",27.89,9,VISIBLE,-1.36,-9.57
77,4,person,0.2873,392.23,240.88,413.18,301.41,402.7,271.14,20.95,60.53,1268.03,0.35,Vertical Oblong,Orange,"(17, 74, 84)","(33.14, 3.0, 12.0)",12.37,10,VISIBLE,2.8,-0.77
78,3,person,0.879,25.64,0.45,243.49,479.92,134.57,240.19,217.85,479.47,104454.58,0.45,Vertical Oblong,Black,"(100, 109, 17)","(4.31, 0.0, -2.0)",2.0,5,VISIBLE,-17.49,0.14
78,8,person,0.4079,440.55,225.43,475.31,335.23,457.93,280.33,34.76,109.8,3817.07,0.32,Vertical Oblong,Orange,"(14, 141, 111)","(35.69, 8.0, 21.0)",22.47,8,VISIBLE,-3.56,0.05
78,1,person,0.4572,767.52,174.94,854.0,203.05,810.76,188.99,86.48,28.1,2430.45,3.08,Horizontal Oblong,Orange,"(16, 146, 126)","(40.39, 9.0, 28.0)",29.41,9,VISIBLE,-1.36,-9.52
78,4,person,0.2873,392.07,240.83,412.99,301.42,402.53,271.13,20.92,60.6,1267.77,0.35,Vertical Oblong,Orange,"(17, 76, 72)","(23.92, 3.0, 11.0)",11.4,10,VISIBLE,0.72,-0.24
79,3,person,0.8467,11.33,0.41,230.04,479.95,120.68,240.18,218.71,479.54,104879.84,0.46,Vertical Oblong,Black,"(100, 109, 17)","(3.92, 0.0, -2.0)",2.0,5,VISIBLE,-14.96,0.04
79,8,person,0.3889,439.19,228.87,471.92,335.64,455.55,282.26,32.73,106.76,3494.69,0.31,Vertical Oblong,Orange,"(15, 136, 110)","(35.69, 7.0, 21.0)",22.14,8,VISIBLE,-2.73,1.36
80,3,person,0.8876,-0.3,0.63,216.41,479.97,108.06,240.3,216.71,479.35,103878.55,0.45,Vertical Oblong,Black,"(100, 109, 17)","(3.92, 0.0, -2.0)",2.0,5,VISIBLE,-13.33,0.1
80,8,person,0.3162,436.35,227.29,468.4,335.73,452.37,281.51,32.04,108.44,3474.95,0.3,Vertical Oblong,Orange,"(14, 138, 111)","(35.69, 8.0, 21.0)",22.47,8,VISIBLE,-3.05,-0.11
80,1,person,0.6367,734.69,25.85,853.93,312.9,794.31,169.38,119.24,287.05,34228.31,0.42,Vertical Oblong,Orange,"(17, 133, 60)","(18.82, 4.0, 13.0)",13.6,11,VISIBLE,-6.16,-9.72
81,3,person,0.8812,-6.73,0.67,209.23,479.99,101.25,240.33,215.95,479.32,103510.32,0.45,Vertical Oblong,Black,"(95, 99, 18)","(4.71, 0.0, -2.0)",2.0,5,VISIBLE,-8.76,0.05
81,8,person,0.2912,435.92,232.03,464.47,334.98,450.19,283.51,28.55,102.95,2939.42,0.28,Vertical Oblong,Orange,"(15, 132, 110)","(34.9, 7.0, 20.0)",21.19,8,VISIBLE,-2.44,1.36
81,1,person,0.7764,729.51,25.03,853.95,312.21,791.73,168.62,124.44,287.18,35737.65,0.43,Vertical Oblong,Orange,"(17, 125, 52)","(16.47, 4.0, 10.0)",10.77,11,VISIBLE,-3.66,-3.45
82,3,person,0.8699,-9.51,1.0,203.74,480.0,97.12,240.5,213.25,479.0,102147.34,0.45,Vertical Oblong,Black,"(94, 96, 18)","(4.71, 0.0, -1.0)",1.0,5,VISIBLE,-5.52,0.13
82,8,person,0.2912,433.83,233.58,461.18,334.89,447.5,284.23,27.35,101.31,2770.83,0.27,Vertical Oblong,Orange,"(15, 134, 111)","(36.08, 7.0, 21.0)",22.14,8,VISIBLE,-2.61,0.92
82,1,person,0.8155,722.5,24.87,853.98,310.77,788.24,167.82,131.48,285.91,37591.14,0.46,Vertical Oblong,Orange,"(16, 138, 139)","(45.88, 9.0, 27.0)",28.46,11,VISIBLE,-3.54,-1.59
83,3,person,0.8635,-9.93,0.64,199.5,480.0,94.78,240.32,209.43,479.37,100393.32,0.44,Vertical Oblong,Black,"(90, 90, 18)","(4.71, 0.0, 0.0)",0.0,5,VISIBLE,-3.29,-0.09
83,8,person,0.2912,431.74,235.12,457.89,334.8,444.81,284.96,26.15,99.67,2606.19,0.26,Vertical Oblong,Orange,"(16, 126, 109)","(36.08, 6.0, 20.0)",20.88,8,VISIBLE,-2.67,0.78
83,1,person,0.7898,714.49,24.42,853.99,309.59,784.24,167.01,139.5,285.17,39781.53,0.49,Vertical Oblong,Orange,"(16, 139, 139)","(46.27, 9.0, 27.0)",28.46,11,VISIBLE,-3.86,-1.05
84,3,person,0.8783,-8.99,0.36,193.19,480.01,92.1,240.18,202.18,479.64,96975.56,0.42,Vertical Oblong,Black,"(50, 91, 20)","(5.49, 0.0, 0.0)",0.0,5,VISIBLE,-2.87,-0.12
84,8,person,0.2912,429.65,236.67,454.59,334.7,442.12,285.69,24.95,98.03,2445.49,0.25,Vertical Oblong,Orange,"(16, 122, 107)","(35.69, 6.0, 19.0)",19.92,8,VISIBLE,-2.69,0.74
84,1,person,0.7423,705.43,24.83,854.0,310.45,779.71,167.64,148.56,285.62,42432.96,0.52,Vertical Oblong,Orange,"(17, 122, 50)","(15.69, 4.0, 10.0)",10.77,11,VISIBLE,-4.33,0.13
85,3,person,0.8818,-7.41,0.69,185.46,479.98,89.02,240.34,192.87,479.29,92439.86,0.4,Vertical Oblong,Black,"(50, 75, 22)","(6.27, 0.0, 0.0)",0.0,5,VISIBLE,-3.01,0.07
85,8,person,0.2912,427.56,238.22,451.3,334.61,439.43,286.41,23.74,96.39,2288.73,0.25,Vertical Oblong,Orange,"(20, 81, 81)","(29.02, 1.0, 12.0)",12.04,8,VISIBLE,-2.69,0.73
85,1,person,0.7084,697.78,25.46,854.0,310.85,775.89,168.16,156.22,285.39,44582.12,0.55,Vertical Oblong,Orange,"(17, 120, 57)","(18.04, 4.0, 10.0)",10.77,11,VISIBLE,-3.98,0.4
86,3,person,0.8923,-5.66,1.87,177.19,479.94,85.77,240.9,182.85,478.07,87416.19,0.38,Vertical Oblong,Black,"(30, 75, 22)","(6.27, 0.0, 0.0)",0.0,5,VISIBLE,-3.19,0.42
86,8,person,0.2912,425.47,239.76,448.01,334.52,436.74,287.14,22.54,94.75,2135.91,0.24,Vertical Oblong,Orange,"(19, 91, 90)","(31.76, 1.0, 15.0)",15.03,8,VISIBLE,-2.69,0.73
86,1,person,0.7415,690.01,26.02,853.98,311.36,772.0,168.69,163.98,285.35,46790.53,0.57,Vertical Oblong,Orange,"(17, 122, 62)","(19.61, 5.0, 12.0)",13.0,11,VISIBLE,-3.92,0.49
87,3,person,0.888,-4.02,3.97,170.72,479.96,83.35,241.96,174.74,475.99,83173.73,0.37,Vertical Oblong,Black,"(30, 78, 20)","(5.88, 0.0, 0.0)",0.0,5,VISIBLE,-2.65,0.87
87,1,person,0.7264,681.09,26.51,853.99,310.46,767.54,168.48,172.89,283.96,49093.83,0.61,Vertical Oblong,Orange,"(17, 122, 64)","(20.39, 5.0, 12.0)",13.0,11,VISIBLE,-4.29,0.0
88,3,person,0.8579,-2.63,8.26,164.08,479.98,80.73,244.12,166.72,471.72,78642.91,0.35,Vertical Oblong,Black,"(30, 82, 21)","(6.27, 0.0, 1.0)",1.0,5,VISIBLE,-2.63,1.77
88,1,person,0.7291,673.57,26.7,853.99,308.53,763.78,167.61,180.43,281.83,50848.42,0.64,Vertical Oblong,Orange,"(17, 122, 63)","(20.39, 5.0, 13.0)",13.93,11,VISIBLE,-3.92,-0.61
89,3,person,0.8345,-1.55,15.39,155.3,479.99,76.87,247.69,156.85,464.6,72870.47,0.34,Vertical Oblong,Black,"(84, 76, 22)","(6.27, 0.0, 0.0)",0.0,5,VISIBLE,-3.48,3.03
89,1,person,0.7806,665.9,27.03,853.92,307.35,759.91,167.19,188.02,280.32,52705.0,0.67,Vertical Oblong,Orange,"(17, 118, 62)","(20.39, 5.0, 12.0)",13.0,11,VISIBLE,-3.89,-0.48
90,3,person,0.8185,-0.76,21.45,146.9,480.0,73.07,250.72,147.67,458.55,67712.2,0.32,Vertical Oblong,Black,"(30, 85, 22)","(6.27, 0.0, 2.0)",2.0,5,VISIBLE,-3.71,3.03
90,1,person,0.7516,658.01,27.27,849.12,306.87,753.57,167.07,191.11,279.6,53435.61,0.68,Vertical Oblong,Orange,"(17, 121, 61)","(19.61, 5.0, 12.0)",13.0,11,VISIBLE,-5.61,-0.23
91,3,person,0.8209,-0.24,27.78,137.25,480.0,68.5,253.89,137.49,452.22,62174.97,0.3,Vertical Oblong,Black,"(30, 90, 21)","(5.88, 0.0, 0.0)",0.0,5,VISIBLE,-4.31,3.13
91,1,person,0.7541,651.82,27.28,842.65,306.15,747.23,166.71,190.83,278.88,53217.85,0.68,Vertical Oblong,Orange,"(17, 121, 62)","(19.22, 5.0, 12.0)",13.0,11,VISIBLE,-6.11,-0.32
92,3,person,0.7999,0.08,34.56,128.35,480.0,64.21,257.28,128.27,445.44,57135.67,0.29,Vertical Oblong,Black,"(42, 91, 20)","(5.88, 0.0, 0.0)",0.0,5,VISIBLE,-4.3,3.31
92,1,person,0.783,645.62,27.55,836.52,306.37,741.07,166.96,190.9,278.82,53226.11,0.68,Vertical Oblong,Orange,"(17, 121, 61)","(19.61, 5.0, 12.0)",13.0,11,VISIBLE,-6.15,0.08
93,3,person,0.6309,0.25,22.45,177.74,480.0,88.99,251.23,177.49,457.55,81211.04,0.39,Vertical Oblong,Orange,"(13, 174, 76)","(21.18, 18.0, 19.0)",26.17,5,VISIBLE,16.06,-3.25
93,1,person,0.783,638.64,27.77,832.94,305.9,735.79,166.84,194.3,278.13,54041.05,0.7,Vertical Oblong,Orange,"(13, 61, 123)","(45.88, 5.0, 10.0)",11.18,11,VISIBLE,-5.54,-0.06
94,3,person,0.5925,0.31,13.46,216.84,480.0,108.58,246.73,216.53,466.54,101018.63,0.46,Vertical Oblong,Orange,"(13, 176, 60)","(17.65, 12.0, 11.0)",16.28,5,VISIBLE,18.52,-4.12
94,1,person,0.783,631.66,27.99,829.36,305.44,730.51,166.71,197.7,277.45,54851.33,0.71,Vertical Oblong,Orange,"(13, 61, 123)","(45.88, 4.0, 10.0)",10.77,11,VISIBLE,-5.36,-0.1
94,4,person,0.4023,512.97,3.33,663.53,391.6,588.25,197.47,150.55,388.26,58454.41,0.39,Vertical Oblong,Black,"(96, 44, 46)","(17.25, -2.0, -2.0)",2.83,12,VISIBLE,8.34,-3.3
94,8,person,0.4211,261.44,196.09,339.18,391.15,300.31,293.62,77.74,195.06,15163.96,0.4,Vertical Oblong,Black,"(103, 181, 26)","(5.49, -2.0, -5.0)",5.39,13,VISIBLE,-12.74,0.79
94,14,car,0.3587,799.67,254.68,853.96,443.73,826.81,349.21,54.29,189.05,10264.37,0.29,Vertical Oblong,Black,"(104, 170, 24)","(4.31, -2.0, -5.0)",5.39,14,VISIBLE,0.0,0.0
94,15,desk,0.3439,262.97,394.75,736.71,480.0,499.84,437.37,473.74,85.25,40387.81,5.56,Horizontal Oblong,Orange,"(15, 151, 114)","(35.69, 8.0, 16.0)",17.89,15,VISIBLE,0.0,0.0
94,16,cup,0.3171,318.66,349.11,372.02,437.89,345.34,393.5,53.35,88.78,4736.73,0.6,Vertical Oblong,Orange,"(13, 153, 107)","(32.16, 13.0, 21.0)",24.7,16,VISIBLE,0.0,0.0
95,3,person,0.6132,0.31,6.77,245.17,480.0,122.74,243.39,244.86,473.24,115878.44,0.52,Vertical Oblong,Orange,"(13, 173, 59)","(16.86, 11.0, 10.0)",14.87,5,VISIBLE,15.47,-3.58
95,1,person,0.783,624.68,28.21,825.78,304.97,725.23,166.59,201.1,276.76,55656.96,0.73,Vertical Oblong,Orange,"(13, 60, 123)","(45.88, 4.0, 10.0)",10.77,11,VISIBLE,-5.3,-0.12
95,4,person,0.4538,516.67,2.45,667.78,391.49,592.22,196.97,151.11,389.04,58788.0,0.39,Vertical Oblong,Black,"(96, 44, 46)","(17.25, -2.0, -2.0)",2.83,12,VISIBLE,5.28,-1.34
95,8,person,0.4574,265.02,196.86,342.54,391.25,303.78,294.06,77.52,194.39,15069.87,0.4,Vertical Oblong,Black,"(103, 181, 25)","(5.49, -2.0, -5.0)",5.39,13,VISIBLE,-1.39,0.54
95,15,desk,0.5234,265.46,395.65,740.56,480.0,503.01,437.83,475.1,84.35,40073.5,5.63,Horizontal Oblong,Orange,"(15, 147, 115)","(36.86, 8.0, 16.0)",17.89,15,VISIBLE,3.17,0.45
95,14,car,0.3692,803.24,254.77,853.98,443.76,828.61,349.27,50.74,188.98,9588.47,0.27,Vertical Oblong,Black,"(103, 174, 24)","(4.71, -2.0, -5.0)",5.39,14,VISIBLE,1.79,0.06
95,16,cup,0.3171,319.01,349.12,372.26,437.54,345.64,393.33,53.25,88.42,4708.41,0.6,Vertical Oblong,Orange,"(13, 132, 91)","(30.98, 11.0, 12.0)",16.28,16,VISIBLE,0.29,-0.17
96,3,person,0.6468,0.27,2.34,264.24,480.0,132.26,241.17,263.97,477.66,126086.96,0.55,Vertical Oblong,Orange,"(14, 170, 58)","(16.08, 11.0, 10.0)",14.87,5,VISIBLE,11.3,-2.62
96,1,person,0.783,617.7,28.43,822.2,304.51,719.95,166.47,204.5,276.08,56457.92,0.74,Vertical Oblong,Orange,"(13, 60, 123)","(46.27, 4.0, 10.0)",10.77,11,VISIBLE,-5.29,-0.12
96,4,person,0.4652,520.56,2.79,672.4,393.39,596.48,198.09,151.84,390.6,59307.78,0.39,Vertical Oblong,Black,"(94, 44, 45)","(17.25, -2.0, -2.0)",2.83,12,VISIBLE,4.56,0.38
96,8,person,0.4229,268.67,197.43,347.31,391.83,307.99,294.63,78.64,194.4,15287.81,0.4,Vertical Oblong,Black,"(103, 174, 26)","(5.49, -2.0, -5.0)",5.39,13,VISIBLE,2.53,0.56
96,16,cup,0.3171,319.36,349.13,372.51,437.19,345.93,393.16,53.15,88.06,4680.16,0.6,Vertical Oblong,Orange,"(12, 156, 128)","(38.04, 15.0, 24.0)",28.3,16,VISIBLE,0.3,-0.17
96,15,desk,0.5082,269.54,396.8,746.56,480.0,508.05,438.4,477.02,83.2,39690.59,5.73,Horizontal Oblong,Orange,"(15, 146, 115)","(36.47, 8.0, 16.0)",17.89,15,VISIBLE,4.48,0.54
96,14,car,0.3692,804.53,254.85,853.98,443.87,829.26,349.36,49.46,189.02,9347.83,0.26,Vertical Oblong,Orange,"(18, 151, 154)","(52.55, 6.0, 32.0)",32.56,14,VISIBLE,0.99,0.08
96,17,bowl,0.4024,549.94,415.37,594.23,441.24,572.08,428.3,44.29,25.88,1146.23,1.71,Horizontal Oblong,Orange,"(17, 89, 210)","(75.29, 5.0, 25.0)",25.5,17,VISIBLE,0.0,0.0
97,3,person,0.6442,0.22,-0.31,273.36,480.0,136.79,239.85,273.14,480.31,131189.83,0.57,Vertical Oblong,Orange,"(14, 167, 57)","(15.69, 10.0, 10.0)",14.14,5,VISIBLE,6.57,-1.71
97,1,person,0.783,610.72,28.65,818.62,304.04,714.67,166.34,207.9,275.39,57254.23,0.75,Vertical Oblong,Brown,"(13, 55, 123)","(46.27, 4.0, 8.0)",8.94,11,VISIBLE,-5.28,-0.12
97,4,person,0.4702,525.38,2.38,677.63,394.98,601.51,198.68,152.25,392.6,59773.59,0.39,Vertical Oblong,Black,"(95, 43, 45)","(16.86, -2.0, -2.0)",2.83,12,VISIBLE,4.89,0.53
97,8,person,0.4834,272.22,198.48,356.74,393.69,314.48,296.09,84.52,195.21,16499.07,0.43,Vertical Oblong,Black,"(102, 176, 26)","(5.49, -2.0, -5.0)",5.39,13,VISIBLE,5.3,1.19
97,17,bowl,0.4024,550.23,415.43,594.49,441.35,572.36,428.39,44.26,25.92,1147.17,1.71,Horizontal Oblong,Orange,"(18, 91, 201)","(71.37, 5.0, 26.0)",26.48,17,VISIBLE,0.28,0.09
97,15,desk,0.5895,273.72,397.18,751.49,480.0,512.61,438.59,477.77,82.82,39567.21,5.77,Horizontal Oblong,Orange,"(16, 111, 97)","(31.76, 5.0, 10.0)",11.18,15,VISIBLE,4.53,0.29
97,14,car,0.3692,805.82,254.93,853.99,443.97,829.9,349.45,48.17,189.05,9107.11,0.25,Vertical Oblong,Orange,"(19, 142, 198)","(67.45, 6.0, 33.0)",33.54,14,VISIBLE,0.75,0.09
97,18,cup,0.5935,459.16,388.39,487.19,423.36,473.18,405.87,28.03,34.97,980.19,0.8,Spherical / Regular,Red,"(10, 184, 135)","(30.98, 21.0, 26.0)",33.42,18,VISIBLE,0.0,0.0
98,3,person,0.7051,0.19,-1.7,277.94,480.0,139.06,239.15,277.75,481.7,133795.7,0.58,Vertical Oblong,Orange,"(13, 165, 58)","(16.08, 10.0, 10.0)",14.14,5,VISIBLE,3.56,-1.0
98,4,person,0.294,528.83,1.91,682.51,396.73,605.67,199.32,153.69,394.82,60678.15,0.39,Vertical Oblong,Black,"(98, 43, 47)","(17.65, -1.0, -2.0)",2.24,12,VISIBLE,4.38,0.61
98,8,person,0.4059,276.27,199.38,367.73,395.11,322.0,297.24,91.46,195.73,17901.22,0.47,Vertical Oblong,Black,"(103, 170, 26)","(5.49, 0.0, -5.0)",5.0,13,VISIBLE,6.85,1.17
98,15,desk,0.6344,278.24,396.1,755.59,480.0,516.91,438.05,477.35,83.9,40050.24,5.69,Horizontal Oblong,Orange,"(15, 109, 101)","(33.33, 6.0, 10.0)",11.66,15,VISIBLE,4.38,-0.29
98,17,cup,0.3026,556.71,417.07,599.67,443.1,578.19,430.08,42.97,26.03,1118.36,1.65,Horizontal Oblong,Orange,"(17, 90, 203)","(72.16, 6.0, 26.0)",26.68,17,VISIBLE,4.16,1.21
98,18,cup,0.6328,461.77,388.84,489.56,424.31,475.66,406.57,27.78,35.47,985.52,0.78,Vertical Oblong,Orange,"(11, 130, 136)","(38.82, 17.0, 25.0)",30.23,18,VISIBLE,2.49,0.7
98,14,car,0.3692,807.1,255.01,853.99,444.08,830.55,349.54,46.89,189.08,8866.32,0.25,Vertical Oblong,Orange,"(18, 139, 200)","(67.84, 7.0, 34.0)",34.71,14,VISIBLE,0.67,0.09
99,3,person,0.7363,0.15,-2.18,279.7,480.0,139.93,238.91,279.55,482.18,134795.68,0.58,Vertical Oblong,Orange,"(13, 163, 58)","(15.69, 11.0, 10.0)",14.87,5,VISIBLE,1.67,-0.47
99,4,person,0.294,531.97,1.67,686.46,397.96,609.22,199.82,154.5,396.28,61224.5,0.39,Vertical Oblong,Black,"(96, 42, 46)","(17.65, -1.0, -2.0)",2.24,12,VISIBLE,3.8,0.53
99,8,person,0.3471,279.89,200.34,371.53,396.08,325.71,298.21,91.64,195.74,17937.86,0.47,Vertical Oblong,Black,"(104, 170, 26)","(5.49, 0.0, -4.0)",4.0,13,VISIBLE,4.65,1.03
99,15,desk,0.5737,280.97,397.71,759.98,480.0,520.47,438.85,479.01,82.29,39418.82,5.82,Horizontal Oblong,Orange,"(15, 117, 101)","(33.33, 5.0, 10.0)",11.18,15,VISIBLE,3.8,0.48
99,17,cup,0.3026,558.74,417.58,601.32,443.67,580.03,430.62,42.58,26.09,1110.81,1.63,Horizontal Oblong,Orange,"(17, 103, 203)","(69.61, 7.0, 27.0)",27.89,17,VISIBLE,2.54,0.74
99,18,cup,0.5711,464.69,389.01,492.51,425.42,478.6,407.21,27.82,36.41,1012.84,0.76,Vertical Oblong,Orange,"(12, 141, 137)","(36.47, 15.0, 25.0)",29.15,18,VISIBLE,2.8,0.66
100,3,person,0.7481,0.12,-2.08,280.16,480.0,140.14,238.96,280.04,482.08,135002.58,0.58,Vertical Oblong,Orange,"(13, 162, 57)","(15.69, 10.0, 9.0)",13.45,5,VISIBLE,0.65,-0.11
100,4,person,0.294,535.11,1.44,690.42,399.19,612.76,200.31,155.31,397.75,61773.23,0.39,Vertical Oblong,Black,"(94, 42, 46)","(17.65, -1.0, -2.0)",2.24,12,VISIBLE,3.62,0.51
100,8,person,0.3725,283.87,201.33,379.48,396.63,331.67,298.98,95.61,195.29,18672.76,0.49,Vertical Oblong,Black,"(104, 159, 26)","(5.49, 0.0, -4.0)",4.0,13,VISIBLE,5.57,0.85
100,17,cup,0.3026,560.78,418.09,602.97,444.23,581.87,431.16,42.2,26.14,1103.21,1.61,Horizontal Oblong,Orange,"(16, 108, 182)","(61.57, 8.0, 26.0)",27.2,17,VISIBLE,2.05,0.6
100,18,cup,0.5524,467.86,389.37,496.2,426.44,482.03,407.91,28.34,37.06,1050.39,0.76,Vertical Oblong,Red,"(10, 153, 135)","(34.71, 20.0, 26.0)",32.8,18,VISIBLE,3.24,0.68
100,15,desk,0.5247,283.76,399.36,763.39,480.0,523.57,439.68,479.63,80.64,38677.48,5.95,Horizontal Oblong,Orange,"(16, 120, 97)","(31.76, 5.0, 9.0)",10.3,15,VISIBLE,3.31,0.72
101,3,person,0.8156,0.07,-1.66,280.8,480.0,140.44,239.17,280.73,481.66,135216.82,0.58,Vertical Oblong,Orange,"(13, 158, 55)","(15.69, 10.0, 9.0)",13.45,5,VISIBLE,0.4,0.12
101,4,person,0.3327,539.2,2.62,692.9,397.52,616.05,200.07,153.7,394.9,60695.24,0.39,Vertical Oblong,Black,"(95, 43, 45)","(16.47, -1.0, -2.0)",2.24,12,VISIBLE,3.39,-0.02
101,8,person,0.5346,288.01,202.09,388.9,396.81,338.46,299.45,100.88,194.72,19643.78,0.52,Vertical Oblong,Black,"(104, 158, 25)","(5.49, 0.0, -3.0)",3.0,13,VISIBLE,6.42,0.58
101,18,cup,0.617,470.69,390.51,499.05,427.4,484.87,408.95,28.37,36.89,1046.3,0.77,Vertical Oblong,Red,"(9, 150, 137)","(37.25, 18.5, 26.0)",31.91,18,VISIBLE,2.96,0.94
101,15,desk,0.4763,286.03,401.05,766.76,480.0,526.39,440.52,480.73,78.95,37954.74,6.09,Horizontal Oblong,Orange,"(14, 142, 116)","(37.25, 8.0, 16.0)",17.89,15,VISIBLE,2.97,0.81
102,3,person,0.8257,0.04,-1.17,283.36,480.0,141.7,239.41,283.32,481.17,136325.09,0.59,Vertical Oblong,Orange,"(13, 158, 55)","(15.69, 10.0, 9.0)",13.45,5,VISIBLE,1.01,0.21
102,4,person,0.3674,541.73,4.04,695.12,396.53,618.42,200.28,153.38,392.49,60201.25,0.39,Vertical Oblong,Black,"(94, 42, 45)","(16.47, -1.0, -2.0)",2.24,12,VISIBLE,2.68,0.14
102,8,person,0.5261,290.97,202.62,393.29,397.01,342.13,299.81,102.32,194.39,19890.07,0.53,Vertical Oblong,Black,"(103, 154, 26)","(5.88, 0.0, -3.0)",3.0,13,VISIBLE,4.5,0.43
102,18,cup,0.6622,472.69,391.6,501.21,428.22,486.95,409.91,28.52,36.62,1044.5,0.78,Vertical Oblong,Red,"(9, 166, 137)","(35.88, 21.0, 26.0)",33.42,18,VISIBLE,2.34,0.95
102,15,desk,0.4455,288.0,401.41,768.28,480.0,528.14,440.7,480.27,78.59,37746.71,6.11,Horizontal Oblong,Orange,"(15, 113, 96)","(31.37, 5.0, 10.0)",11.18,15,VISIBLE,2.11,0.37
102,2,person,0.3923,238.77,190.16,298.21,398.44,268.49,294.3,59.44,208.28,12379.26,0.29,Vertical Oblong,Black,"(111, 153, 17)","(2.75, 0.0, -3.0)",3.0,19,VISIBLE,5.07,-0.59
103,3,person,0.8587,0.01,-0.68,285.53,480.0,142.77,239.66,285.52,480.68,137242.75,0.59,Vertical Oblong,Orange,"(13, 159, 55)","(15.69, 10.0, 9.0)",13.45,5,VISIBLE,1.05,0.23
103,4,person,0.3569,542.89,5.1,696.65,396.03,619.77,200.56,153.76,390.94,60111.32,0.39,Vertical Oblong,Black,"(98, 42, 44)","(16.47, -1.0, -2.0)",2.24,12,VISIBLE,1.75,0.24
103,8,person,0.531,292.8,203.66,391.46,397.17,342.13,300.41,98.65,193.52,19090.64,0.51,Vertical Oblong,Black,"(104, 159, 26)","(5.49, 0.0, -4.0)",4.0,13,VISIBLE,1.35,0.55
103,2,person,0.4008,240.05,192.74,298.05,398.97,269.05,295.85,58.01,206.24,11963.42,0.28,Vertical Oblong,Black,"(111, 153, 17)","(3.14, 0.0, -3.0)",3.0,19,VISIBLE,1.91,0.91
103,18,cup,0.634,474.28,392.39,502.74,428.96,488.51,410.68,28.46,36.58,1040.86,0.78,Vertical Oblong,Red,"(9, 159, 143)","(40.78, 21.0, 27.0)",34.21,18,VISIBLE,1.8,0.82
103,15,desk,0.4859,289.58,401.16,769.19,480.0,529.39,440.58,479.61,78.84,37811.53,6.08,Horizontal Oblong,Orange,"(15, 114, 100)","(31.76, 5.0, 10.0)",11.18,15,VISIBLE,1.51,0.02
104,3,person,0.8707,-0.0,-0.25,286.13,480.0,143.07,239.88,286.14,480.25,137416.25,0.6,Vertical Oblong,Orange,"(13, 158, 56)","(15.69, 10.0, 9.0)",13.45,5,VISIBLE,0.52,0.22
104,4,person,0.4121,543.75,6.03,696.87,395.64,620.31,200.84,153.12,389.6,59655.83,0.39,Vertical Oblong,Black,"(95, 43, 44)","(16.08, -1.0, -2.0)",2.24,12,VISIBLE,0.9,0.26
104,8,person,0.5592,293.71,204.88,391.35,397.36,342.53,301.12,97.65,192.48,18795.17,0.51,Vertical Oblong,Black,"(104, 157, 26)","(5.49, 0.0, -4.0)",4.0,13,VISIBLE,0.68,0.66
104,2,person,0.4357,241.17,196.63,297.4,399.32,269.28,297.97,56.23,202.69,11397.42,0.28,Vertical Oblong,Black,"(108, 153, 18)","(3.14, 0.0, -3.0)",3.0,19,VISIBLE,0.74,1.76
104,18,cup,0.6427,475.35,393.15,503.54,429.64,489.45,411.4,28.19,36.49,1028.86,0.77,Vertical Oblong,Red,"(8, 188, 142)","(33.73, 24.0, 28.0)",36.88,18,VISIBLE,1.19,0.75
104,15,desk,0.4793,290.3,401.15,769.69,480.0,529.99,440.58,479.39,78.85,37798.27,6.08,Horizontal Oblong,Orange,"(16, 110, 96)","(30.98, 5.0, 9.0)",10.3,15,VISIBLE,0.88,0.0
105,3,person,0.8672,-0.01,0.11,285.25,480.0,142.62,240.05,285.26,479.89,136893.66,0.59,Vertical Oblong,Orange,"(13, 156, 57)","(16.08, 11.0, 9.0)",14.21,5,VISIBLE,-0.15,0.19
105,4,person,0.4143,543.88,6.71,696.77,395.94,620.33,201.33,152.89,389.23,59508.5,0.39,Vertical Oblong,Black,"(95, 44, 43)","(15.69, -1.0, -2.0)",2.24,12,VISIBLE,0.28,0.42
105,8,person,0.5842,294.06,206.29,391.07,397.78,342.56,302.04,97.01,191.49,18577.1,0.51,Vertical Oblong,Black,"(103, 159, 25)","(5.49, 0.0, -3.0)",3.0,13,VISIBLE,0.23,0.84
105,2,person,0.4478,242.18,200.55,296.48,399.91,269.33,300.23,54.3,199.36,10825.38,0.27,Vertical Oblong,Black,"(106, 156, 18)","(3.14, 0.0, -3.0)",3.0,19,VISIBLE,0.25,2.11
105,18,cup,0.6873,475.95,394.46,503.64,430.37,489.79,412.42,27.69,35.91,994.26,0.77,Vertical Oblong,Red,"(8, 196, 142)","(32.16, 24.0, 27.0)",36.12,18,VISIBLE,0.6,0.94
105,15,desk,0.5046,290.6,401.85,768.74,480.0,529.67,440.92,478.14,78.15,37367.17,6.12,Horizontal Oblong,Orange,"(14, 139, 116)","(37.25, 7.0, 15.0)",16.55,15,VISIBLE,0.04,0.25
106,3,person,0.8673,-0.01,0.37,282.44,480.0,141.22,240.19,282.46,479.63,135473.9,0.59,Vertical Oblong,Orange,"(13, 157, 58)","(16.47, 11.0, 9.0)",14.21,5,VISIBLE,-1.03,0.15
106,4,person,0.3213,543.51,7.36,696.0,396.7,619.76,202.03,152.49,389.34,59371.27,0.39,Vertical Oblong,Black,"(95, 43, 43)","(15.69, -1.0, -2.0)",2.24,12,VISIBLE,-0.31,0.62
106,8,person,0.5523,293.73,207.64,389.71,398.33,341.72,302.98,95.98,190.69,18302.52,0.5,Vertical Oblong,Black,"(104, 157, 26)","(5.49, 0.0, -4.0)",4.0,13,VISIBLE,-0.52,0.92
106,2,person,0.4461,242.83,203.06,295.66,400.46,269.24,301.76,52.83,197.39,10427.57,0.27,Vertical Oblong,Black,"(108, 153, 18)","(3.14, 0.0, -3.0)",3.0,19,VISIBLE,0.02,1.7
106,18,cup,0.7005,475.94,395.59,503.37,431.24,489.66,413.41,27.43,35.65,977.74,0.77,Vertical Oblong,Red,"(8, 217, 141)","(31.76, 25.0, 28.0)",37.54,18,VISIBLE,0.08,0.98
106,15,desk,0.4495,290.52,402.3,765.35,480.0,527.94,441.15,474.83,77.7,36893.98,6.11,Horizontal Oblong,Orange,"(14, 139, 116)","(36.47, 7.0, 15.0)",16.55,15,VISIBLE,-1.2,0.23
107,3,person,0.833,-0.01,0.37,278.76,480.0,139.38,240.18,278.77,479.63,133706.05,0.58,Vertical Oblong,Orange,"(13, 158, 62)","(17.65, 12.0, 10.0)",15.62,5,VISIBLE,-1.6,0.04
107,4,person,0.4298,542.9,7.9,695.06,398.36,618.98,203.13,152.17,390.45,59414.07,0.39,Vertical Oblong,Black,"(96, 43, 44)","(16.08, -1.0, -2.0)",2.24,12,VISIBLE,-0.64,0.96
107,8,person,0.4681,292.87,209.0,389.2,398.78,341.04,303.89,96.33,189.77,18281.15,0.51,Vertical Oblong,Black,"(104, 158, 26)","(5.49, 0.0, -4.0)",4.0,13,VISIBLE,-0.64,0.91
107,2,person,0.341,242.85,205.01,294.98,401.08,268.92,303.04,52.13,196.08,10221.13,0.27,Vertical Oblong,Black,"(108, 153, 18)","(3.14, 0.0, -3.0)",3.0,19,VISIBLE,-0.23,1.41
107,18,cup,0.6944,475.57,396.47,502.83,431.86,489.2,414.16,27.26,35.39,964.82,0.77,Vertical Oblong,Red,"(6, 227, 140)","(31.76, 28.0, 29.0)",40.31,18,VISIBLE,-0.29,0.82
107,15,desk,0.4819,290.56,402.81,764.1,480.0,527.33,441.41,473.54,77.19,36552.11,6.13,Horizontal Oblong,Orange,"(14, 140, 113)","(35.29, 7.0, 15.0)",16.55,15,VISIBLE,-0.78,0.25
107,16,bottle,0.3625,348.07,361.15,371.31,430.99,359.69,396.07,23.23,69.84,1622.79,0.33,Vertical Oblong,Red,"(10, 135, 87)","(26.67, 13.0, 13.0)",18.38,20,VISIBLE,0.96,0.13
108,3,person,0.8114,0.0,0.52,274.55,480.0,137.28,240.26,274.54,479.48,131637.65,0.57,Vertical Oblong,Orange,"(13, 158, 65)","(18.43, 13.0, 11.0)",17.03,5,VISIBLE,-1.95,0.07
108,4,person,0.3767,542.14,8.55,693.9,399.56,618.02,204.05,151.76,391.02,59340.68,0.39,Vertical Oblong,Black,"(95, 44, 42)","(15.69, -2.0, -2.0)",2.83,12,VISIBLE,-0.86,0.93
108,8,person,0.4122,291.83,210.11,388.21,399.3,340.02,304.7,96.39,189.19,18235.43,0.51,Vertical Oblong,Black,"(103, 159, 26)","(5.49, 0.0, -4.0)",4.0,13,VISIBLE,-0.9,0.84
108,2,person,0.3094,242.64,205.77,294.66,401.33,268.65,303.55,52.03,195.55,10173.85,0.27,Vertical Oblong,Black,"(108, 150, 18)","(3.14, 0.0, -3.0)",3.0,19,VISIBLE,-0.25,0.78
108,18,cup,0.693,474.6,396.99,502.08,432.21,488.34,414.6,27.48,35.22,967.86,0.78,Vertical Oblong,Red,"(8, 196, 142)","(32.16, 27.0, 28.0)",38.9,18,VISIBLE,-0.69,0.55
108,16,bottle,0.3532,347.82,361.93,371.3,431.61,359.56,396.77,23.49,69.68,1636.71,0.34,Vertical Oblong,Red,"(10, 138, 89)","(27.06, 13.0, 14.0)",19.1,20,VISIBLE,0.2,0.53
108,15,desk,0.4585,289.83,403.69,762.35,480.0,526.09,441.85,472.52,76.31,36057.61,6.19,Horizontal Oblong,Orange,"(15, 138, 111)","(34.51, 7.0, 14.0)",15.65,15,VISIBLE,-1.1,0.38
109,3,person,0.8275,0.01,0.46,270.82,480.0,135.41,240.23,270.81,479.54,129863.67,0.56,Vertical Oblong,Orange,"(13, 159, 70)","(20.0, 15.0, 13.0)",19.85,5,VISIBLE,-1.89,-0.0
109,4,person,0.4662,541.35,9.14,692.73,402.17,617.04,205.65,151.38,393.03,59498.19,0.39,Vertical Oblong,Black,"(95, 44, 44)","(16.08, -1.0, -2.0)",2.24,12,VISIBLE,-0.94,1.4
109,8,person,0.4559,290.73,211.27,389.76,399.94,340.24,305.6,99.04,188.67,18685.68,0.52,Vertical Oblong,Black,"(103, 158, 26)","(5.49, 0.0, -3.0)",3.0,13,VISIBLE,-0.11,0.88
109,2,person,0.297,241.42,206.94,294.01,402.57,267.72,304.75,52.58,195.63,10287.12,0.27,Vertical Oblong,Black,"(106, 153, 18)","(3.14, 0.0, -3.0)",3.0,19,VISIBLE,-0.73,1.08
109,18,cup,0.7128,473.72,397.68,501.24,432.73,487.48,415.21,27.53,35.05,964.91,0.79,Vertical Oblong,Red,"(7, 195, 143)","(32.55, 24.0, 28.0)",36.88,18,VISIBLE,-0.81,0.59
109,16,cup,0.3123,347.88,362.06,385.49,435.86,366.68,398.96,37.61,73.8,2775.85,0.51,Vertical Oblong,Orange,"(13, 134, 71)","(25.1, 8.0, 9.0)",12.04,20,VISIBLE,5.05,1.69
109,15,desk,0.4391,288.11,404.92,755.15,480.0,521.63,442.46,467.04,75.08,35067.32,6.22,Horizontal Oblong,Orange,"(15, 143, 107)","(33.73, 7.0, 14.0)",15.65,15,VISIBLE,-3.45,0.55
110,3,person,0.8107,0.01,0.41,267.36,480.0,133.69,240.2,267.35,479.59,128220.63,0.56,Vertical Oblong,Orange,"(13, 159, 75)","(20.78, 16.0, 16.0)",22.63,5,VISIBLE,-1.78,-0.02
110,4,person,0.418,540.78,10.04,691.73,404.01,616.25,207.03,150.96,393.98,59473.24,0.38,Vertical Oblong,Black,"(96, 43, 44)","(16.47, -1.0, -2.0)",2.24,12,VISIBLE,-0.83,1.38
110,8,person,0.4436,289.63,212.1,390.15,400.83,339.89,306.47,100.52,188.73,18972.18,0.53,Vertical Oblong,Black,"(104, 158, 26)","(5.49, 0.0, -4.0)",4.0,13,VISIBLE,-0.28,0.87
110,2,person,0.297,241.34,208.63,293.46,403.2,267.4,305.92,52.12,194.57,10140.7,0.27,Vertical Oblong,Black,"(108, 150, 19)","(3.53, 0.0, -3.0)",3.0,19,VISIBLE,-0.44,1.13
110,18,cup,0.7019,472.91,398.29,500.51,433.29,486.71,415.79,27.6,35.0,965.74,0.79,Vertical Oblong,Red,"(8, 204, 141)","(32.16, 25.0, 27.0)",36.8,18,VISIBLE,-0.78,0.59
110,16,cup,0.3454,347.78,362.7,394.47,439.35,371.12,401.03,46.69,76.65,3578.98,0.61,Vertical Oblong,Orange,"(12, 153, 98)","(28.63, 13.0, 20.0)",23.85,20,VISIBLE,4.62,1.95
110,15,desk,0.4716,287.07,406.06,746.41,480.0,516.74,443.03,459.34,73.94,33962.94,6.21,Horizontal Oblong,Orange,"(15, 144, 107)","(33.33, 7.0, 15.0)",16.55,15,VISIBLE,-4.46,0.56
111,3,person,0.8059,0.02,0.3,264.88,480.0,132.45,240.15,264.86,479.7,127054.36,0.55,Vertical Oblong,Orange,"(13, 161, 79)","(21.18, 16.0, 18.0)",24.08,5,VISIBLE,-1.4,-0.04
111,4,person,0.4392,540.44,11.0,690.7,404.45,615.57,207.73,150.26,393.45,59118.03,0.38,Vertical Oblong,Black,"(98, 43, 44)","(16.08, -1.0, -2.0)",2.24,12,VISIBLE,-0.73,0.9
111,8,person,0.4002,287.92,213.14,388.51,401.66,338.22,307.4,100.6,188.52,18964.29,0.53,Vertical Oblong,Black,"(103, 157, 26)","(5.88, 0.0, -3.0)",3.0,13,VISIBLE,-1.26,0.91
111,2,person,0.297,241.26,210.33,292.92,403.84,267.09,307.08,51.65,193.51,9995.26,0.27,Vertical Oblong,Black,"(108, 150, 18)","(3.14, 0.0, -3.0)",3.0,19,VISIBLE,-0.35,1.16
111,18,cup,0.6828,472.28,398.94,499.96,433.89,486.12,416.42,27.68,34.95,967.41,0.79,Vertical Oblong,Red,"(9, 171, 143)","(36.08, 23.0, 27.0)",35.47,18,VISIBLE,-0.65,0.61
111,16,cup,0.2888,347.66,363.42,399.11,441.71,373.39,402.56,51.45,78.3,4028.66,0.66,Vertical Oblong,Orange,"(12, 157, 111)","(31.76, 14.0, 26.0)",29.53,20,VISIBLE,2.97,1.66
111,15,desk,0.4595,286.49,407.07,739.55,480.0,513.02,443.53,453.06,72.93,33042.82,6.21,Horizontal Oblong,Orange,"(16, 109, 98)","(31.76, 5.0, 10.0)",11.18,15,VISIBLE,-3.94,0.52
112,3,person,0.8176,0.02,0.19,262.93,480.0,131.48,240.1,262.92,479.81,126148.69,0.55,Vertical Oblong,Orange,"(13, 161, 84)","(21.96, 16.0, 20.0)",25.61,5,VISIBLE,-1.1,-0.05
112,4,person,0.4227,540.19,11.83,689.49,404.78,614.84,208.3,149.3,392.95,58667.34,0.38,Vertical Oblong,Black,"(96, 43, 44)","(16.08, -1.0, -2.0)",2.24,12,VISIBLE,-0.73,0.68
112,8,person,0.4281,286.35,214.26,385.39,402.31,335.87,308.29,99.04,188.05,18625.38,0.53,Vertical Oblong,Black,"(104, 158, 27)","(5.88, 0.0, -4.0)",4.0,13,VISIBLE,-2.02,0.89
112,2,person,0.297,241.18,212.03,292.37,404.47,266.77,308.25,51.19,192.44,9850.82,0.27,Vertical Oblong,Black,"(108, 148, 19)","(3.53, 0.0, -3.0)",3.0,19,VISIBLE,-0.33,1.16
112,18,cup,0.653,471.79,399.51,499.62,434.44,485.7,416.97,27.82,34.93,971.93,0.8,Spherical / Regular,Orange,"(11, 208, 142)","(31.76, 21.0, 27.0)",34.21,18,VISIBLE,-0.48,0.58
112,16,cup,0.3213,347.42,364.04,401.18,443.35,374.3,403.7,53.76,79.31,4263.59,0.68,Vertical Oblong,Orange,"(12, 156, 113)","(32.94, 14.0, 26.5)",29.97,20,VISIBLE,1.53,1.29
112,15,desk,0.4077,286.07,407.56,739.9,480.0,512.99,443.78,453.83,72.44,32874.79,6.27,Horizontal Oblong,Orange,"(16, 109, 99)","(32.16, 5.0, 10.0)",11.18,15,VISIBLE,-1.21,0.33
113,3,person,0.8314,0.02,0.16,261.83,480.0,130.93,240.08,261.81,479.84,125627.53,0.55,Vertical Oblong,Orange,"(13, 162, 87)","(22.35, 16.0, 21.0)",26.4,5,VISIBLE,-0.72,-0.03
113,4,person,0.4285,540.02,12.73,688.65,405.23,614.33,208.98,148.63,392.5,58338.4,0.38,Vertical Oblong,Black,"(94, 44, 43)","(15.69, -2.0, -2.0)",2.83,12,VISIBLE,-0.57,0.68
113,8,person,0.4746,285.73,215.14,386.95,402.82,336.34,308.98,101.22,187.67,18996.17,0.54,Vertical Oblong,Black,"(103, 159, 26)","(5.88, 0.0, -4.0)",4.0,13,VISIBLE,-0.28,0.75
113,2,person,0.297,241.1,213.72,291.82,405.1,266.46,309.41,50.72,191.38,9707.36,0.27,Vertical Oblong,Black,"(108, 147, 18)","(3.14, 0.0, -3.0)",3.0,19,VISIBLE,-0.32,1.16
113,18,cup,0.6323,471.42,399.88,499.23,435.25,485.33,417.56,27.81,35.36,983.42,0.79,Vertical Oblong,Red,"(7, 175, 142)","(34.12, 21.0, 28.0)",35.0,18,VISIBLE,-0.41,0.59
113,16,cup,0.3213,347.3,364.56,405.92,445.46,376.61,405.01,58.62,80.9,4742.43,0.72,Vertical Oblong,Orange,"(12, 159, 113)","(33.33, 13.0, 26.0)",29.07,20,VISIBLE,2.08,1.31
113,15,desk,0.4044,285.63,407.97,740.85,480.0,513.24,443.98,455.22,72.03,32791.4,6.32,Horizontal Oblong,Orange,"(16, 112, 100)","(32.16, 5.0, 10.0)",11.18,15,VISIBLE,-0.18,0.24
114,3,person,0.8223,0.03,0.2,261.52,480.0,130.78,240.1,261.49,479.8,125463.15,0.55,Vertical Oblong,Orange,"(13, 162, 89)","(22.75, 16.0, 22.0)",27.2,5,VISIBLE,-0.32,0.01
114,4,person,0.4157,539.95,13.5,688.2,405.58,614.08,209.54,148.25,392.08,58125.68,0.38,Vertical Oblong,Black,"(95, 44, 44)","(16.08, -1.0, -2.0)",2.24,12,VISIBLE,-0.35,0.59
114,8,person,0.4765,284.81,215.58,388.71,403.28,336.76,309.43,103.89,187.7,19500.5,0.55,Vertical Oblong,Black,"(104, 159, 27)","(5.88, 0.0, -4.0)",4.0,13,VISIBLE,0.21,0.54
114,2,person,0.297,241.02,215.42,291.28,405.73,266.15,310.58,50.26,190.32,9564.89,0.26,Vertical Oblong,Black,"(111, 146, 18)","(3.14, 0.0, -3.0)",3.0,19,VISIBLE,-0.31,1.16
114,18,cup,0.642,471.23,400.09,499.07,435.9,485.15,418.0,27.84,35.81,996.87,0.78,Vertical Oblong,Red,"(7, 218, 140)","(30.98, 25.0, 28.0)",37.54,18,VISIBLE,-0.25,0.48
114,16,cup,0.3213,347.17,365.07,410.65,447.56,378.91,406.31,63.48,82.49,5236.75,0.77,Vertical Oblong,Orange,"(12, 156, 113)","(33.92, 13.0, 25.0)",28.18,20,VISIBLE,2.23,1.31
114,15,desk,0.4349,285.48,408.04,743.25,480.0,514.36,444.02,457.77,71.96,32939.15,6.36,Horizontal Oblong,Orange,"(16, 111, 99)","(32.16, 5.0, 10.0)",11.18,15,VISIBLE,0.73,0.1
115,3,person,0.7997,0.02,0.15,261.51,480.0,130.77,240.07,261.49,479.85,125476.81,0.54,Vertical Oblong,Orange,"(13, 163, 90)","(22.75, 16.0, 23.0)",28.02,5,VISIBLE,-0.1,-0.02
115,4,person,0.4323,539.9,14.22,688.08,405.82,613.99,210.02,148.18,391.6,58026.6,0.38,Vertical Oblong,Black,"(95, 44, 43)","(16.08, -1.0, -2.0)",2.24,12,VISIBLE,-0.17,0.51
115,8,person,0.4288,283.9,216.23,388.56,403.33,336.23,309.78,104.66,187.1,19580.92,0.56,Vertical Oblong,Black,"(103, 161, 27)","(5.88, 0.0, -4.0)",4.0,13,VISIBLE,-0.31,0.41
115,18,cup,0.638,471.04,400.28,499.1,436.23,485.07,418.25,28.06,35.96,1008.97,0.78,Vertical Oblong,Red,"(8, 213, 141)","(31.76, 25.0, 27.0)",36.8,18,VISIBLE,-0.13,0.33
115,16,cup,0.3213,347.05,365.58,415.39,449.66,381.22,407.62,68.34,84.08,5746.53,0.81,Spherical / Regular,Orange,"(12, 158, 112)","(33.73, 13.0, 22.0)",25.55,20,VISIBLE,2.29,1.31
115,15,desk,0.4205,285.35,408.03,745.52,480.0,515.43,444.01,460.17,71.97,33119.24,6.39,Horizontal Oblong,Orange,"(16, 111, 99)","(32.16, 5.0, 10.0)",11.18,15,VISIBLE,0.97,0.03
116,3,person,0.7836,0.03,0.42,262.27,480.0,131.15,240.21,262.24,479.58,125767.0,0.55,Vertical Oblong,Orange,"(13, 163, 90)","(22.35, 16.0, 22.0)",27.2,5,VISIBLE,0.24,0.09
116,4,person,0.4131,539.92,14.59,688.05,405.51,613.98,210.05,148.14,390.92,57909.79,0.38,Vertical Oblong,Black,"(95, 44, 43)","(16.08, -1.0, -2.0)",2.24,12,VISIBLE,-0.05,0.18
116,8,person,0.403,283.35,216.35,386.84,403.17,335.09,309.76,103.49,186.82,19334.65,0.55,Vertical Oblong,Black,"(103, 163, 28)","(6.27, 0.0, -4.0)",4.0,13,VISIBLE,-0.89,0.11
116,18,cup,0.6352,470.97,400.32,499.19,436.35,485.08,418.33,28.22,36.04,1016.74,0.78,Vertical Oblong,Red,"(8, 173, 139)","(31.37, 21.0, 27.0)",34.21,18,VISIBLE,-0.03,0.15
116,16,cup,0.3213,346.92,366.09,420.13,451.77,383.53,408.93,73.2,85.68,6271.79,0.85,Spherical / Regular,Orange,"(13, 161, 110)","(33.33, 12.0, 21.0)",24.19,20,VISIBLE,2.3,1.31
116,15,desk,0.4024,285.29,407.94,747.57,480.0,516.43,443.97,462.28,72.06,33311.15,6.42,Horizontal Oblong,Orange,"(16, 111, 100)","(32.16, 5.0, 10.0)",11.18,15,VISIBLE,0.99,-0.02
117,3,person,0.8089,0.02,0.43,263.07,480.0,131.54,240.22,263.05,479.57,126149.83,0.55,Vertical Oblong,Orange,"(13, 161, 86)","(21.18, 16.0, 21.0)",26.4,5,VISIBLE,0.35,0.03
117,4,person,0.4385,539.6,14.64,688.02,405.29,613.81,209.97,148.42,390.65,57981.11,0.38,Vertical Oblong,Black,"(95, 44, 43)","(16.08, -2.0, -2.0)",2.83,12,VISIBLE,-0.14,-0.01
117,8,person,0.4933,282.34,216.33,388.51,402.87,335.43,309.6,106.18,186.54,19806.33,0.57,Vertical Oblong,Black,"(103, 160, 27)","(5.88, 0.0, -4.0)",4.0,13,VISIBLE,-0.04,-0.08
117,18,cup,0.6288,470.95,400.15,499.11,436.32,485.03,418.24,28.16,36.17,1018.81,0.78,Vertical Oblong,Red,"(7, 182, 139)","(31.76, 22.0, 28.0)",35.61,18,VISIBLE,-0.04,-0.02
117,16,cup,0.3213,346.8,366.6,424.86,453.87,385.83,410.24,78.07,87.27,6812.52,0.89,Spherical / Regular,Orange,"(14, 163, 110)","(33.33, 11.0, 20.0)",22.83,20,VISIBLE,2.3,1.31
117,15,desk,0.4078,284.97,407.66,750.05,480.0,517.51,443.83,465.09,72.34,33646.39,6.43,Horizontal Oblong,Orange,"(16, 111, 99)","(31.76, 5.0, 10.0)",11.18,15,VISIBLE,1.05,-0.11
118,3,person,0.8181,0.01,0.48,264.02,480.0,132.01,240.24,264.01,479.52,126595.82,0.55,Vertical Oblong,Orange,"(13, 161, 84)","(20.78, 16.0, 21.0)",26.4,5,VISIBLE,0.43,0.03
118,4,person,0.3945,539.06,14.38,687.99,404.85,613.52,209.61,148.93,390.48,58154.74,0.38,Vertical Oblong,Black,"(95, 43, 43)","(15.69, -1.0, -2.0)",2.24,12,VISIBLE,-0.24,-0.25
118,8,person,0.5075,280.96,216.23,389.47,402.65,335.22,309.44,108.51,186.42,20228.73,0.58,Vertical Oblong,Black,"(102, 159, 27)","(5.88, 0.0, -4.0)",4.0,13,VISIBLE,-0.16,-0.14
118,18,cup,0.6218,470.76,399.93,498.95,436.12,484.86,418.02,28.19,36.19,1019.9,0.78,Vertical Oblong,Red,"(8, 181, 140)","(31.96, 22.0, 27.0)",34.83,18,VISIBLE,-0.14,-0.15
118,16,cup,0.288,346.75,366.1,413.95,450.2,380.35,408.15,67.19,84.11,5651.36,0.8,Spherical / Regular,Orange,"(12, 156, 113)","(33.73, 13.0, 24.0)",27.29,20,VISIBLE,-3.14,-1.07
118,15,desk,0.3951,284.79,407.6,753.48,480.0,519.14,443.8,468.69,72.4,33932.7,6.47,Horizontal Oblong,Orange,"(16, 109, 98)","(31.76, 5.0, 10.0)",11.18,15,VISIBLE,1.45,-0.05
119,3,person,0.8043,0.01,0.49,265.15,480.0,132.58,240.25,265.14,479.51,127137.42,0.55,Vertical Oblong,Orange,"(13, 161, 84)","(21.18, 16.0, 21.0)",26.4,5,VISIBLE,0.53,0.01
119,4,person,0.3943,538.23,13.64,687.78,404.67,613.0,209.16,149.55,391.03,58480.09,0.38,Vertical Oblong,Black,"(98, 43, 43)","(15.69, -1.0, -2.0)",2.24,12,VISIBLE,-0.44,-0.4
119,8,person,0.4853,280.62,215.98,390.39,402.41,335.5,309.2,109.77,186.43,20464.11,0.59,Vertical Oblong,Black,"(103, 158, 28)","(6.27, 0.0, -4.0)",4.0,13,VISIBLE,0.16,-0.21
119,18,cup,0.6169,470.49,399.6,498.77,435.78,484.63,417.69,28.28,36.19,1023.3,0.78,Vertical Oblong,Red,"(8, 187, 143)","(32.16, 22.0, 27.0)",34.83,18,VISIBLE,-0.2,-0.28
119,16,cup,0.3527,346.44,365.53,406.11,448.91,376.27,407.22,59.67,83.37,4974.91,0.72,Vertical Oblong,Orange,"(12, 158, 114)","(34.51, 14.0, 27.0)",30.41,20,VISIBLE,-3.8,-0.97
119,15,desk,0.4022,284.55,407.67,756.56,480.0,520.55,443.83,472.01,72.33,34141.58,6.53,Horizontal Oblong,Orange,"(16, 110, 97)","(31.76, 5.0, 9.0)",10.3,15,VISIBLE,1.43,0.01
119,21,handbag,0.2932,208.18,275.56,237.45,327.54,222.82,301.55,29.27,51.99,1521.74,0.56,Vertical Oblong,Cyan,"(98, 196, 70)","(21.76, -9.0, -13.0)",15.81,21,VISIBLE,0.0,0.0
120,3,person,0.7939,0.01,0.43,266.07,480.0,133.04,240.22,266.06,479.57,127592.47,0.55,Vertical Oblong,Orange,"(13, 161, 82)","(20.78, 16.0, 20.0)",25.61,5,VISIBLE,0.48,-0.02
120,4,person,0.4381,537.33,12.45,687.82,404.92,612.58,208.69,150.49,392.47,59061.83,0.38,Vertical Oblong,Black,"(95, 43, 43)","(16.08, -1.0, -2.0)",2.24,12,VISIBLE,-0.43,-0.45
120,8,person,0.5266,280.29,215.46,391.62,402.17,335.95,308.81,111.33,186.71,20785.23,0.6,Vertical Oblong,Black,"(102, 159, 28)","(6.27, 0.0, -4.0)",4.0,13,VISIBLE,0.36,-0.33
120,18,cup,0.6418,470.07,398.99,498.53,435.28,484.3,417.14,28.46,36.28,1032.56,0.78,Vertical Oblong,Red,"(8, 198, 141)","(31.57, 25.0, 27.0)",36.8,18,VISIBLE,-0.29,-0.47
120,16,cup,0.3613,345.86,364.73,400.52,448.36,373.19,406.55,54.66,83.64,4571.78,0.65,Vertical Oblong,Orange,"(12, 160, 115)","(32.94, 14.0, 28.0)",31.3,20,VISIBLE,-3.3,-0.76
120,15,desk,0.3978,284.4,407.63,758.99,480.0,521.7,443.81,474.59,72.37,34347.74,6.56,Horizontal Oblong,Orange,"(16, 109, 95)","(31.37, 5.0, 9.0)",10.3,15,VISIBLE,1.23,-0.01
120,21,handbag,0.2932,208.33,275.52,237.51,327.51,222.92,301.52,29.18,51.99,1516.98,0.56,Vertical Oblong,Cyan,"(98, 201, 66)","(20.39, -8.0, -11.0)",13.6,21,VISIBLE,0.1,-0.04
121,3,person,0.7782,0.0,0.35,268.11,480.0,134.05,240.17,268.1,479.65,128595.89,0.56,Vertical Oblong,Orange,"(13, 160, 78)","(20.39, 16.0, 19.0)",24.84,5,VISIBLE,0.85,-0.03
121,4,person,0.5307,536.54,10.78,687.57,404.95,612.05,207.86,151.03,394.17,59530.54,0.38,Vertical Oblong,Black,"(96, 43, 44)","(16.08, -1.0, -2.0)",2.24,12,VISIBLE,-0.49,-0.71
121,8,person,0.3968,280.52,214.8,390.19,401.79,335.35,308.29,109.67,186.99,20507.17,0.59,Vertical Oblong,Black,"(102, 156, 28)","(6.27, 0.0, -4.0)",4.0,13,VISIBLE,-0.31,-0.46
121,18,cup,0.6705,469.78,398.14,498.09,434.7,483.94,416.42,28.31,36.56,1035.16,0.77,Vertical Oblong,Red,"(6, 204, 140)","(31.37, 24.0, 27.0)",36.12,18,VISIBLE,-0.34,-0.64
121,16,cup,0.4329,345.2,363.33,396.55,449.63,370.88,406.48,51.35,86.3,4431.56,0.6,Vertical Oblong,Orange,"(12, 162, 112)","(31.76, 14.0, 28.0)",31.3,20,VISIBLE,-2.61,-0.27
121,15,desk,0.4424,284.46,407.31,760.55,480.0,522.51,443.65,476.09,72.69,34609.29,6.55,Horizontal Oblong,Orange,"(16, 143, 106)","(32.94, 6.0, 14.0)",15.23,15,VISIBLE,0.94,-0.12
121,21,handbag,0.2932,208.48,275.49,237.56,327.48,223.02,301.48,29.08,51.99,1512.22,0.56,Vertical Oblong,Cyan,"(98, 185, 46)","(13.33, -7.0, -8.0)",10.63,21,VISIBLE,0.1,-0.03
122,3,person,0.7852,0.0,0.28,269.99,480.0,134.99,240.14,269.99,479.72,129518.33,0.56,Vertical Oblong,Orange,"(13, 160, 77)","(20.0, 16.0, 19.0)",24.84,5,VISIBLE,0.91,-0.03
122,4,person,0.5051,535.67,9.53,687.42,405.01,611.55,207.27,151.75,395.48,60013.2,0.38,Vertical Oblong,Black,"(98, 42, 44)","(16.47, -1.0, -2.0)",2.24,12,VISIBLE,-0.51,-0.63
122,8,person,0.4189,280.32,214.47,388.93,401.32,334.63,307.89,108.6,186.85,20292.74,0.58,Vertical Oblong,Black,"(104, 155, 28)","(6.27, 0.0, -4.0)",4.0,13,VISIBLE,-0.6,-0.42
122,18,cup,0.6708,469.57,397.42,497.78,433.94,483.68,415.68,28.21,36.52,1030.23,0.77,Vertical Oblong,Red,"(8, 202, 142)","(31.76, 21.0, 27.0)",34.21,18,VISIBLE,-0.28,-0.71
122,16,cup,0.4572,344.77,362.28,394.05,448.78,369.41,405.53,49.28,86.5,4263.13,0.57,Vertical Oblong,Orange,"(12, 160, 110)","(31.37, 14.0, 27.0)",30.41,20,VISIBLE,-1.81,-0.75
122,15,desk,0.4353,284.57,407.19,761.36,480.0,522.96,443.6,476.79,72.81,34714.45,6.55,Horizontal Oblong,Orange,"(16, 141, 106)","(33.33, 7.0, 14.0)",15.65,15,VISIBLE,0.6,-0.08
123,3,person,0.7941,0.0,0.22,272.97,480.0,136.48,240.11,272.96,479.78,130962.47,0.57,Vertical Oblong,Orange,"(13, 160, 77)","(20.0, 16.0, 19.0)",24.84,5,VISIBLE,1.32,-0.03
123,4,person,0.4774,534.73,8.53,687.28,405.03,611.01,206.78,152.55,396.49,60485.53,0.38,Vertical Oblong,Black,"(98, 42, 45)","(16.47, -1.0, -2.0)",2.24,12,VISIBLE,-0.53,-0.53
123,8,person,0.3844,281.16,213.89,384.62,400.65,332.89,307.27,103.46,186.76,19322.98,0.55,Vertical Oblong,Black,"(103, 155, 28)","(6.27, 0.0, -4.0)",4.0,13,VISIBLE,-1.4,-0.56
123,18,cup,0.6724,469.44,396.88,497.59,433.1,483.51,414.99,28.14,36.22,1019.39,0.78,Vertical Oblong,Red,"(9, 197, 140)","(31.76, 22.0, 27.0)",34.83,18,VISIBLE,-0.2,-0.7
123,16,cup,0.4528,344.4,361.45,392.67,446.77,368.53,404.11,48.27,85.31,4117.87,0.57,Vertical Oblong,Orange,"(12, 158, 106)","(29.8, 14.0, 25.0)",28.65,20,VISIBLE,-1.16,-1.22
123,15,desk,0.4743,284.59,406.75,761.82,480.0,523.21,443.38,477.23,73.25,34955.46,6.52,Horizontal Oblong,Orange,"(16, 142, 106)","(32.94, 7.0, 14.0)",15.65,15,VISIBLE,0.35,-0.18
123,2,person,0.3215,237.24,203.57,296.24,402.18,266.74,302.88,59.0,198.61,11718.55,0.3,Vertical Oblong,Black,"(115, 142, 15)","(2.75, 0.0, -2.0)",2.0,22,VISIBLE,-0.05,-0.25
124,3,person,0.7707,-0.0,0.17,277.22,480.0,138.61,240.09,277.22,479.83,133016.71,0.58,Vertical Oblong,Orange,"(13, 161, 78)","(20.39, 16.0, 19.0)",24.84,5,VISIBLE,1.88,-0.03
124,4,person,0.4207,534.07,7.74,687.21,405.19,610.64,206.47,153.14,397.45,60865.31,0.39,Vertical Oblong,Black,"(95, 42, 45)","(16.47, -1.0, -2.0)",2.24,12,VISIBLE,-0.41,-0.38
124,8,person,0.3947,281.49,213.45,379.82,400.22,330.66,306.83,98.34,186.77,18366.19,0.53,Vertical Oblong,Black,"(104, 156, 28)","(6.27, 0.0, -4.0)",4.0,13,VISIBLE,-1.98,-0.47
124,2,person,0.3518,237.23,200.42,296.28,402.23,266.75,301.32,59.05,201.81,11917.82,0.29,Vertical Oblong,Black,"(115, 142, 16)","(2.75, 0.0, -2.0)",2.0,22,VISIBLE,-0.0,-1.16
124,18,cup,0.6724,469.4,396.54,497.38,432.58,483.39,414.56,27.98,36.04,1008.31,0.78,Vertical Oblong,Red,"(9, 207, 141)","(32.16, 22.0, 27.0)",34.83,18,VISIBLE,-0.15,-0.51
124,16,cup,0.4247,344.17,361.8,392.33,446.12,368.25,403.96,48.16,84.33,4061.38,0.57,Vertical Oblong,Orange,"(12, 159, 105)","(29.8, 14.0, 25.0)",28.65,20,VISIBLE,-0.55,-0.47
124,15,desk,0.5099,284.67,406.4,761.87,480.0,523.27,443.2,477.2,73.6,35122.39,6.48,Horizontal Oblong,Orange,"(16, 143, 106)","(32.94, 6.0, 14.0)",15.23,15,VISIBLE,0.15,-0.18
125,3,person,0.7962,-0.0,0.07,280.73,480.0,140.36,240.04,280.73,479.93,134728.24,0.58,Vertical Oblong,Orange,"(13, 163, 75)","(19.61, 17.0, 18.0)",24.76,5,VISIBLE,1.79,-0.04
125,4,person,0.3776,534.03,7.18,687.32,405.29,610.67,206.24,153.29,398.11,61024.79,0.39,Vertical Oblong,Black,"(98, 43, 44)","(16.47, -1.0, -2.0)",2.24,12,VISIBLE,-0.1,-0.28
125,8,person,0.3947,282.7,212.89,376.88,399.65,329.79,306.27,94.18,186.76,17589.32,0.5,Vertical Oblong,Black,"(102, 159, 28)","(6.27, 0.0, -4.0)",4.0,13,VISIBLE,-1.2,-0.54
125,2,person,0.359,236.41,197.4,296.05,402.15,266.23,299.78,59.64,204.75,12211.44,0.29,Vertical Oblong,Black,"(111, 146, 16)","(2.75, 0.0, -2.0)",2.0,22,VISIBLE,-0.37,-1.43
125,18,cup,0.6893,469.4,396.23,497.33,432.24,483.37,414.23,27.94,36.01,1005.9,0.78,Vertical Oblong,Red,"(7, 205, 139)","(31.37, 23.0, 26.0)",34.71,18,VISIBLE,-0.06,-0.38
125,16,cup,0.4848,344.04,361.99,392.53,446.18,368.28,404.08,48.5,84.19,4083.01,0.58,Vertical Oblong,Orange,"(12, 159, 105)","(29.41, 14.0, 24.0)",27.78,20,VISIBLE,-0.14,-0.05
125,15,desk,0.5025,284.56,406.12,761.74,480.0,523.15,443.06,477.18,73.88,35252.09,6.46,Horizontal Oblong,Orange,"(16, 147, 103)","(31.76, 6.0, 14.0)",15.23,15,VISIBLE,-0.04,-0.15
126,3,person,0.7742,-0.0,0.01,283.45,480.0,141.72,240.0,283.45,479.99,136053.76,0.59,Vertical Oblong,Orange,"(13, 163, 72)","(18.82, 17.0, 17.0)",24.04,5,VISIBLE,1.49,-0.03
126,4,person,0.3646,534.63,6.58,687.71,403.99,611.17,205.29,153.08,397.41,60835.76,0.39,Vertical Oblong,Black,"(98, 42, 44)","(16.08, -1.0, -2.0)",2.24,12,VISIBLE,0.32,-0.75
126,8,person,0.3503,283.52,212.35,371.33,399.15,327.43,305.75,87.81,186.8,16402.93,0.47,Vertical Oblong,Black,"(103, 159, 28)","(6.27, 0.0, -5.0)",5.0,13,VISIBLE,-2.02,-0.53
126,2,person,0.3707,236.03,195.8,296.28,402.43,266.16,299.11,60.25,206.63,12450.47,0.29,Vertical Oblong,Black,"(111, 146, 17)","(2.75, 0.0, -3.0)",3.0,22,VISIBLE,-0.16,-0.89
126,18,cup,0.6503,469.65,395.81,497.4,431.82,483.52,413.81,27.75,36.0,999.29,0.77,Vertical Oblong,Red,"(8, 198, 140)","(31.76, 20.0, 27.0)",33.6,18,VISIBLE,0.09,-0.41
126,16,cup,0.4544,344.23,361.16,392.86,448.16,368.54,404.66,48.62,87.0,4230.14,0.56,Vertical Oblong,Orange,"(12, 155, 106)","(30.2, 14.0, 23.0)",26.93,20,VISIBLE,0.14,0.39
126,15,desk,0.5361,284.53,405.44,761.9,480.0,523.21,442.72,477.37,74.56,35594.83,6.4,Horizontal Oblong,Orange,"(16, 144, 104)","(32.16, 6.0, 14.0)",15.23,15,VISIBLE,0.03,-0.28
127,3,person,0.763,-0.0,-0.03,286.59,480.0,143.29,239.99,286.59,480.03,137571.33,0.6,Vertical Oblong,Orange,"(13, 164, 70)","(18.82, 17.0, 16.0)",23.35,5,VISIBLE,1.55,-0.02
127,4,person,0.334,535.64,6.08,688.23,402.15,611.93,204.12,152.59,396.06,60434.81,0.39,Vertical Oblong,Black,"(99, 43, 43)","(15.69, -1.0, -2.0)",2.24,12,VISIBLE,0.63,-1.04
127,8,person,0.476,283.72,211.62,374.35,398.47,329.03,305.05,90.63,186.85,16935.02,0.49,Vertical Oblong,Black,"(103, 159, 28)","(6.27, 0.0, -5.0)",5.0,13,VISIBLE,0.52,-0.65
127,2,person,0.3518,236.24,195.05,296.11,401.85,266.18,298.45,59.88,206.79,12382.26,0.29,Vertical Oblong,Black,"(111, 149, 17)","(2.75, 0.0, -3.0)",3.0,22,VISIBLE,-0.03,-0.73
127,18,cup,0.6232,470.1,395.32,497.57,431.08,483.84,413.2,27.47,35.77,982.64,0.77,Vertical Oblong,Red,"(6, 194, 138)","(31.37, 24.0, 27.0)",36.12,18,VISIBLE,0.25,-0.55
127,16,cup,0.4255,344.69,360.49,393.49,449.29,369.09,404.89,48.8,88.8,4333.72,0.55,Vertical Oblong,Orange,"(12, 153, 107)","(30.98, 14.0, 24.0)",27.78,20,VISIBLE,0.42,0.28
127,15,desk,0.5339,285.18,404.02,762.94,480.0,524.06,442.01,477.76,75.98,36300.48,6.29,Horizontal Oblong,Orange,"(16, 146, 104)","(32.16, 6.0, 13.0)",14.32,15,VISIBLE,0.6,-0.58
128,3,person,0.7672,-0.0,-0.04,290.22,480.0,145.11,239.98,290.22,480.04,139318.51,0.6,Vertical Oblong,Orange,"(13, 165, 68)","(18.43, 17.0, 16.0)",23.35,5,VISIBLE,1.73,-0.01
128,4,person,0.3564,536.91,5.58,688.91,401.0,612.91,203.29,152.0,395.42,60104.69,0.38,Vertical Oblong,Black,"(98, 43, 43)","(15.69, -1.0, -2.0)",2.24,12,VISIBLE,0.87,-0.89
128,8,person,0.4709,283.24,210.88,374.59,397.85,328.92,304.37,91.35,186.97,17079.52,0.49,Vertical Oblong,Black,"(104, 159, 28)","(6.27, 0.0, -5.0)",5.0,13,VISIBLE,0.07,-0.67
128,2,person,0.3146,236.78,201.02,295.31,400.73,266.05,300.88,58.53,199.71,11688.19,0.29,Vertical Oblong,Black,"(111, 150, 18)","(3.14, 0.0, -3.0)",3.0,22,VISIBLE,-0.1,1.48
128,18,cup,0.6336,470.63,394.41,497.96,430.29,484.3,412.35,27.33,35.88,980.45,0.76,Vertical Oblong,Red,"(8, 173, 138)","(31.37, 22.0, 25.0)",33.3,18,VISIBLE,0.4,-0.76
128,16,cup,0.3488,345.37,360.39,394.38,445.31,369.87,402.85,49.01,84.92,4161.97,0.58,Vertical Oblong,Orange,"(12, 157, 107)","(30.2, 14.0, 25.0)",28.65,20,VISIBLE,0.68,-1.34
128,15,desk,0.5194,285.73,403.41,764.06,480.0,524.89,441.71,478.33,76.59,36634.76,6.25,Horizontal Oblong,Orange,"(16, 148, 103)","(31.76, 6.0, 13.0)",14.32,15,VISIBLE,0.76,-0.39
129,3,person,0.77,-0.0,0.14,295.29,480.0,147.64,240.07,295.29,479.86,141697.28,0.62,Vertical Oblong,Orange,"(14, 165, 63)","(17.65, 16.0, 12.0)",20.0,5,VISIBLE,2.29,0.06
129,4,person,0.4451,537.92,5.34,690.01,399.35,613.96,202.34,152.1,394.01,59928.48,0.39,Vertical Oblong,Black,"(98, 43, 44)","(16.08, -1.0, -2.0)",2.24,12,VISIBLE,1.0,-0.93
129,8,person,0.6041,281.7,210.23,379.97,397.19,330.84,303.71,98.27,186.96,18372.95,0.53,Vertical Oblong,Black,"(103, 159, 27)","(5.88, 0.0, -4.0)",4.0,13,VISIBLE,1.37,-0.66
129,2,person,0.3146,236.82,201.77,295.06,400.32,265.94,301.05,58.24,198.55,11563.12,0.29,Vertical Oblong,Black,"(106, 153, 18)","(3.14, 0.0, -3.0)",3.0,22,VISIBLE,-0.1,0.56
129,18,cup,0.6752,471.15,393.34,498.52,429.53,484.84,411.44,27.37,36.19,990.53,0.76,Vertical Oblong,Red,"(8, 201, 141)","(32.16, 21.0, 27.0)",34.21,18,VISIBLE,0.5,-0.87
129,16,cup,0.3488,345.55,360.01,394.24,444.59,369.9,402.3,48.69,84.58,4118.21,0.58,Vertical Oblong,Orange,"(12, 157, 105)","(29.8, 13.0, 24.0)",27.29,20,VISIBLE,0.22,-0.79
129,15,desk,0.5184,286.49,402.77,764.94,480.0,525.72,441.39,478.45,77.23,36949.83,6.2,Horizontal Oblong,Orange,"(16, 148, 103)","(31.76, 6.0, 13.0)",14.32,15,VISIBLE,0.8,-0.34
130,3,person,0.776,-0.0,1.1,300.41,480.0,150.21,240.55,300.42,478.9,143869.16,0.63,Vertical Oblong,Orange,"(14, 166, 63)","(17.65, 16.0, 12.0)",20.0,5,VISIBLE,2.48,0.35
130,4,person,0.3936,538.87,5.35,691.3,397.9,615.08,201.63,152.43,392.55,59834.78,0.39,Vertical Oblong,Black,"(98, 43, 43)","(15.69, -1.0, -2.0)",2.24,12,VISIBLE,1.08,-0.78
130,8,person,0.6223,279.62,209.66,383.52,396.68,331.57,303.17,103.9,187.02,19431.5,0.56,Vertical Oblong,Black,"(104, 155, 27)","(5.88, 0.0, -4.0)",4.0,13,VISIBLE,0.92,-0.58
130,2,person,0.3146,236.86,202.51,294.8,399.91,265.83,301.21,57.95,197.4,11438.73,0.29,Vertical Oblong,Orange,"(14, 177, 176)","(51.76, 21.0, 41.0)",46.07,22,VISIBLE,-0.11,0.28
130,18,cup,0.6784,471.53,392.54,499.09,428.86,485.31,410.7,27.56,36.32,1000.96,0.76,Vertical Oblong,Red,"(10, 166, 143)","(37.65, 21.0, 26.0)",33.42,18,VISIBLE,0.48,-0.78
130,16,cup,0.3488,345.73,359.63,394.1,443.87,369.92,401.75,48.37,84.24,4074.66,0.57,Vertical Oblong,Orange,"(11, 156, 103)","(29.41, 14.0, 22.0)",26.08,20,VISIBLE,0.08,-0.62
130,15,desk,0.4984,287.17,402.35,765.65,480.0,526.41,441.17,478.49,77.65,37155.11,6.16,Horizontal Oblong,Orange,"(16, 147, 103)","(31.76, 6.0, 13.0)",14.32,15,VISIBLE,0.73,-0.25
131,3,person,0.7809,-0.0,1.4,304.66,480.0,152.33,240.7,304.67,478.6,145812.23,0.64,Vertical Oblong,Orange,"(14, 167, 63)","(17.65, 15.0, 12.0)",19.21,5,VISIBLE,2.23,0.21
131,4,person,0.4311,539.89,5.32,692.41,396.45,616.15,200.89,152.52,391.13,59655.75,0.39,Vertical Oblong,Black,"(99, 43, 43)","(15.69, -1.0, -2.0)",2.24,12,VISIBLE,1.07,-0.75
131,8,person,0.6323,276.88,209.46,384.59,396.52,330.74,302.99,107.71,187.06,20148.02,0.58,Vertical Oblong,Black,"(104, 158, 27)","(5.88, 0.0, -4.0)",4.0,13,VISIBLE,-0.31,-0.3
131,2,person,0.3146,236.89,203.26,294.55,399.51,265.72,301.38,57.66,196.25,11315.0,0.29,Vertical Oblong,Orange,"(14, 177, 176)","(52.16, 21.0, 41.0)",46.07,22,VISIBLE,-0.11,0.21
131,18,cup,0.6606,471.84,392.0,499.52,428.23,485.68,410.12,27.68,36.23,1002.87,0.76,Vertical Oblong,Red,"(10, 183, 142)","(32.55, 21.0, 26.0)",33.42,18,VISIBLE,0.4,-0.64
131,16,cup,0.3488,345.91,359.25,393.96,443.15,369.94,401.2,48.05,83.9,4031.33,0.57,Vertical Oblong,Orange,"(11, 153, 100)","(29.41, 13.0, 21.0)",24.7,20,VISIBLE,0.04,-0.57
131,15,desk,0.4864,287.7,401.57,766.12,480.0,526.91,440.79,478.42,78.43,37520.96,6.1,Horizontal Oblong,Orange,"(16, 149, 103)","(31.76, 6.0, 13.0)",14.32,15,VISIBLE,0.57,-0.35
132,3,person,0.8024,-0.0,2.95,309.23,480.0,154.62,241.48,309.23,477.05,147519.13,0.65,Vertical Oblong,Orange,"(14, 168, 65)","(18.04, 16.0, 13.0)",20.62,5,VISIBLE,2.27,0.61
132,4,person,0.4769,540.42,5.07,693.13,395.46,616.78,200.27,152.71,390.39,59615.7,0.39,Vertical Oblong,Black,"(98, 43, 43)","(15.69, -1.0, -2.0)",2.24,12,VISIBLE,0.76,-0.66
132,8,person,0.5973,272.63,209.26,385.05,396.46,328.84,302.86,112.42,187.2,21045.22,0.6,Vertical Oblong,Black,"(104, 158, 27)","(5.88, 0.0, -5.0)",5.0,13,VISIBLE,-1.42,-0.18
132,2,person,0.3146,236.93,204.01,294.29,399.1,265.61,301.55,57.37,195.09,11191.95,0.29,Vertical Oblong,Orange,"(14, 176, 177)","(52.55, 20.0, 41.0)",45.62,22,VISIBLE,-0.11,0.18
132,18,cup,0.6641,471.99,391.67,499.88,427.86,485.93,409.77,27.89,36.18,1009.24,0.77,Vertical Oblong,Orange,"(12, 159, 140)","(40.0, 21.0, 26.0)",33.42,18,VISIBLE,0.3,-0.44
132,16,cup,0.3488,346.1,358.88,393.83,442.44,369.96,400.66,47.73,83.56,3988.21,0.57,Vertical Oblong,Orange,"(12, 155, 101)","(29.02, 14.0, 22.0)",26.08,20,VISIBLE,0.03,-0.55
132,15,desk,0.5208,287.93,400.93,766.6,480.0,527.26,440.47,478.68,79.07,37846.68,6.05,Horizontal Oblong,Orange,"(16, 150, 103)","(31.76, 6.0, 13.0)",14.32,15,VISIBLE,0.42,-0.33
133,3,person,0.8175,-0.0,4.15,314.53,480.0,157.27,242.08,314.53,475.85,149670.03,0.66,Vertical Oblong,Orange,"(13, 167, 65)","(18.04, 16.0, 12.0)",20.0,5,VISIBLE,2.54,0.6
133,4,person,0.4484,540.16,4.98,693.44,394.99,616.8,199.98,153.27,390.01,59777.96,0.39,Vertical Oblong,Black,"(95, 44, 42)","(15.69, -1.0, -2.0)",2.24,12,VISIBLE,0.25,-0.39
133,8,person,0.5958,269.04,209.3,385.42,396.41,327.23,302.85,116.38,187.1,21774.84,0.62,Vertical Oblong,Black,"(103, 159, 27)","(5.88, 0.0, -4.0)",4.0,13,VISIBLE,-1.55,-0.06
133,2,person,0.3146,236.96,204.75,294.04,398.69,265.5,301.72,57.08,193.94,11069.56,0.29,Vertical Oblong,Orange,"(14, 175, 180)","(52.94, 21.0, 41.0)",46.07,22,VISIBLE,-0.11,0.17
133,18,cup,0.6645,471.95,391.47,499.99,427.6,485.97,409.54,28.04,36.13,1012.96,0.78,Vertical Oblong,Orange,"(12, 155, 142)","(41.18, 20.0, 27.0)",33.6,18,VISIBLE,0.11,-0.29
133,16,cup,0.3488,346.28,358.5,393.69,441.72,369.98,400.11,47.41,83.22,3945.32,0.57,Vertical Oblong,Orange,"(12, 155, 100)","(28.63, 13.0, 22.0)",25.55,20,VISIBLE,0.02,-0.55
133,15,desk,0.5175,288.02,400.66,766.77,480.0,527.39,440.33,478.75,79.34,37981.47,6.03,Horizontal Oblong,Orange,"(16, 152, 102)","(31.76, 6.0, 13.0)",14.32,15,VISIBLE,0.22,-0.19
134,3,person,0.8124,-0.0,5.83,318.26,480.0,159.13,242.91,318.26,474.17,150912.2,0.67,Vertical Oblong,Orange,"(13, 166, 66)","(18.04, 16.0, 13.0)",20.62,5,VISIBLE,2.07,0.77
134,4,person,0.4028,540.0,5.39,692.9,395.65,616.45,200.52,152.9,390.26,59670.23,0.39,Vertical Oblong,Black,"(98, 43, 43)","(15.69, -1.0, -2.0)",2.24,12,VISIBLE,-0.17,0.26
134,8,person,0.509,266.54,209.2,383.46,396.52,325.0,302.86,116.92,187.32,21900.58,0.62,Vertical Oblong,Black,"(104, 159, 27)","(5.88, 0.0, -5.0)",5.0,13,VISIBLE,-2.03,-0.01
134,18,cup,0.6698,471.77,391.41,499.93,427.53,485.85,409.47,28.16,36.12,1017.23,0.78,Vertical Oblong,Orange,"(12, 158, 142)","(41.57, 21.0, 26.0)",33.42,18,VISIBLE,-0.05,-0.13
134,15,desk,0.5169,287.75,400.48,766.79,480.0,527.27,440.24,479.04,79.52,38091.54,6.02,Horizontal Oblong,Orange,"(16, 151, 102)","(31.37, 6.0, 13.0)",14.32,15,VISIBLE,-0.02,-0.12
135,3,person,0.8251,-0.0,7.31,320.47,480.0,160.24,243.66,320.47,472.69,151482.79,0.68,Vertical Oblong,Orange,"(14, 167, 68)","(18.43, 16.0, 13.0)",20.62,5,VISIBLE,1.39,0.75
135,4,person,0.4225,539.78,5.7,692.37,396.2,616.08,200.95,152.59,390.5,59588.11,0.39,Vertical Oblong,Black,"(98, 43, 43)","(15.69, -1.0, -2.0)",2.24,12,VISIBLE,-0.31,0.38
135,8,person,0.524,264.73,209.21,381.93,396.64,323.33,302.93,117.2,187.44,21967.9,0.63,Vertical Oblong,Black,"(103, 160, 27)","(5.88, 0.0, -5.0)",5.0,13,VISIBLE,-1.78,0.04
135,18,cup,0.6692,471.5,391.42,499.7,427.63,485.6,409.52,28.2,36.2,1020.96,0.78,Vertical Oblong,Orange,"(12, 160, 142)","(41.18, 22.0, 26.0)",34.06,18,VISIBLE,-0.19,-0.0
135,15,desk,0.5141,287.32,400.37,766.81,480.0,527.06,440.19,479.49,79.63,38181.02,6.02,Horizontal Oblong,Orange,"(16, 151, 102)","(31.37, 6.0, 13.0)",14.32,15,VISIBLE,-0.15,-0.07
136,3,person,0.8017,0.0,8.33,321.69,480.0,160.85,244.17,321.69,471.67,151730.93,0.68,Vertical Oblong,Orange,"(14, 166, 67)","(18.43, 16.0, 14.0)",21.26,5,VISIBLE,0.85,0.58
136,4,person,0.4234,539.13,5.96,691.81,396.68,615.47,201.32,152.68,390.72,59656.05,0.39,Vertical Oblong,Black,"(98, 44, 42)","(15.69, -1.0, -2.0)",2.24,12,VISIBLE,-0.52,0.37
136,8,person,0.4919,262.33,209.24,380.6,396.94,321.46,303.09,118.26,187.7,22198.11,0.63,Vertical Oblong,Black,"(103, 161, 27)","(5.88, 0.0, -5.0)",5.0,13,VISIBLE,-1.84,0.13
136,18,cup,0.6449,471.2,391.52,499.29,427.81,485.25,409.67,28.09,36.29,1019.32,0.77,Vertical Oblong,Orange,"(11, 160, 142)","(41.18, 22.0, 27.0)",34.83,18,VISIBLE,-0.31,0.1
136,15,desk,0.5021,286.74,400.41,766.88,480.0,526.81,440.21,480.14,79.59,38212.55,6.03,Horizontal Oblong,Orange,"(16, 150, 103)","(31.76, 6.0, 13.0)",14.32,15,VISIBLE,-0.22,-0.01
136,16,cup,0.3425,344.92,358.62,396.39,449.27,370.65,403.94,51.47,90.65,4665.67,0.57,Vertical Oblong,Orange,"(12, 153, 113)","(32.55, 14.0, 26.0)",29.53,23,VISIBLE,0.16,0.73
137,3,person,0.8004,0.0,9.18,322.36,480.0,161.18,244.59,322.36,470.82,151772.1,0.68,Vertical Oblong,Orange,"(13, 164, 65)","(18.04, 15.0, 11.0)",18.6,5,VISIBLE,0.49,0.47
137,4,person,0.4091,538.28,6.23,691.3,397.52,614.79,201.88,153.02,391.28,59874.56,0.39,Vertical Oblong,Black,"(98, 43, 43)","(15.69, -1.0, -2.0)",2.24,12,VISIBLE,-0.63,0.5
137,8,person,0.5134,259.91,209.27,377.54,397.19,318.72,303.23,117.63,187.91,22103.89,0.63,Vertical Oblong,Black,"(103, 165, 27)","(5.88, 0.0, -5.0)",5.0,13,VISIBLE,-2.47,0.14
137,18,cup,0.6114,470.65,391.59,498.98,427.97,484.81,409.78,28.33,36.38,1030.5,0.78,Vertical Oblong,Red,"(10, 161, 143)","(40.0, 20.0, 27.0)",33.6,18,VISIBLE,-0.39,0.11
137,16,cup,0.4616,344.71,359.02,396.06,450.0,370.38,404.51,51.34,90.98,4671.36,0.56,Vertical Oblong,Orange,"(12, 155, 114)","(32.94, 14.0, 27.0)",30.41,23,VISIBLE,-0.14,0.61
137,15,desk,0.5078,286.08,400.64,766.62,480.0,526.35,440.32,480.53,79.36,38133.95,6.06,Horizontal Oblong,Orange,"(16, 150, 103)","(31.76, 6.0, 13.0)",14.32,15,VISIBLE,-0.39,0.08
138,3,person,0.8024,0.0,9.56,321.96,480.0,160.98,244.78,321.96,470.44,151462.15,0.68,Vertical Oblong,Orange,"(13, 163, 64)","(18.04, 16.0, 11.0)",19.42,5,VISIBLE,0.01,0.27
138,4,person,0.4014,536.47,6.19,690.69,398.05,613.58,202.12,154.22,391.85,60433.03,0.39,Vertical Oblong,Black,"(99, 42, 44)","(16.08, -1.0, -2.0)",2.24,12,VISIBLE,-1.04,0.32
138,8,person,0.4828,257.85,209.13,376.75,397.31,317.3,303.22,118.9,188.18,22373.7,0.63,Vertical Oblong,Black,"(104, 161, 27)","(5.88, 0.0, -5.0)",5.0,13,VISIBLE,-1.74,0.03
138,18,cup,0.5965,470.1,391.69,498.45,428.18,484.28,409.93,28.36,36.49,1034.57,0.78,Vertical Oblong,Red,"(8, 180, 142)","(35.88, 22.0, 27.0)",34.83,18,VISIBLE,-0.5,0.14
138,16,cup,0.3981,344.38,358.84,395.7,450.58,370.04,404.71,51.32,91.74,4708.53,0.56,Vertical Oblong,Orange,"(12, 157, 116)","(33.73, 14.0, 27.0)",30.41,23,VISIBLE,-0.28,0.32
138,15,desk,0.5344,285.42,400.83,765.9,480.0,525.66,440.41,480.48,79.17,38041.65,6.07,Horizontal Oblong,Orange,"(16, 148, 104)","(32.16, 6.0, 13.0)",14.32,15,VISIBLE,-0.6,0.09
139,3,person,0.7985,0.0,9.33,320.89,480.0,160.45,244.66,320.89,470.67,151036.82,0.68,Vertical Oblong,Orange,"(13, 164, 64)","(17.65, 15.0, 11.0)",18.6,5,VISIBLE,-0.37,0.0
139,4,person,0.3721,535.1,6.16,689.93,398.31,612.51,202.23,154.83,392.15,60716.29,0.39,Vertical Oblong,Black,"(99, 43, 44)","(16.08, -1.0, -2.0)",2.24,12,VISIBLE,-1.06,0.18
139,8,person,0.4354,257.95,208.42,376.49,397.83,317.22,303.13,118.54,189.4,22451.39,0.63,Vertical Oblong,Black,"(103, 165, 27)","(5.88, 0.0, -5.0)",5.0,13,VISIBLE,-0.58,-0.06
139,18,cup,0.5966,469.51,391.7,497.77,428.26,483.64,409.98,28.26,36.56,1033.38,0.77,Vertical Oblong,Red,"(8, 187, 142)","(33.33, 23.0, 26.5)",35.09,18,VISIBLE,-0.59,0.07
139,16,cup,0.3878,343.88,358.5,394.88,449.38,369.38,403.94,51.0,90.88,4634.64,0.56,Vertical Oblong,Orange,"(12, 156, 114)","(32.55, 14.0, 27.0)",30.41,23,VISIBLE,-0.55,-0.44
139,15,desk,0.5429,284.92,400.93,765.16,480.0,525.04,440.47,480.25,79.07,37971.98,6.07,Horizontal Oblong,Orange,"(16, 150, 102)","(31.37, 7.0, 13.0)",14.76,15,VISIBLE,-0.61,0.06
140,3,person,0.7836,0.0,9.09,319.5,480.0,159.75,244.55,319.5,470.91,150454.52,0.68,Vertical Oblong,Orange,"(13, 164, 63)","(17.65, 15.0, 10.0)",18.03,5,VISIBLE,-0.6,-0.08
140,4,person,0.3721,534.23,6.22,689.51,398.57,611.87,202.4,155.27,392.36,60922.3,0.4,Vertical Oblong,Black,"(95, 43, 44)","(16.08, -1.0, -2.0)",2.24,12,VISIBLE,-0.77,0.17
140,8,person,0.4382,257.74,207.62,377.16,398.13,317.45,302.87,119.42,190.51,22749.68,0.63,Vertical Oblong,Black,"(103, 161, 27)","(5.88, 0.0, -5.0)",5.0,13,VISIBLE,-0.01,-0.19
140,18,cup,0.5629,468.91,391.68,497.07,428.11,482.99,409.9,28.17,36.44,1026.37,0.77,Vertical Oblong,Red,"(8, 191, 142)","(32.16, 24.0, 26.0)",35.38,18,VISIBLE,-0.63,-0.04
140,16,cup,0.384,343.14,358.35,393.87,448.01,368.51,403.18,50.73,89.66,4548.15,0.57,Vertical Oblong,Orange,"(12, 157, 116)","(33.33, 14.0, 27.0)",30.41,23,VISIBLE,-0.78,-0.66
140,15,desk,0.5325,284.48,401.1,764.53,480.0,524.5,440.55,480.05,78.9,37876.11,6.08,Horizontal Oblong,Orange,"(16, 149, 103)","(31.76, 6.0, 13.0)",14.32,15,VISIBLE,-0.56,0.08
141,3,person,0.7885,0.0,8.45,318.34,480.0,159.17,244.22,318.34,471.55,150113.5,0.68,Vertical Oblong,Orange,"(13, 164, 62)","(17.25, 15.0, 10.0)",18.03,5,VISIBLE,-0.59,-0.25
141,4,person,0.3326,533.53,5.88,688.66,398.42,611.09,202.15,155.13,392.54,60894.15,0.4,Vertical Oblong,Black,"(98, 43, 44)","(16.08, -1.0, -2.0)",2.24,12,VISIBLE,-0.77,-0.12
141,8,person,0.4729,256.06,206.67,376.32,398.27,316.19,302.47,120.26,191.61,23042.14,0.63,Vertical Oblong,Black,"(103, 163, 26)","(5.88, 0.0, -5.0)",5.0,13,VISIBLE,-0.89,-0.34
141,18,cup,0.5756,468.21,391.53,496.01,427.87,482.11,409.7,27.8,36.34,1010.09,0.76,Vertical Oblong,Red,"(10, 172, 143)","(36.47, 23.0, 27.0)",35.47,18,VISIBLE,-0.81,-0.15
141,16,cup,0.394,342.23,358.0,392.87,447.1,367.55,402.55,50.64,89.11,4511.94,0.57,Vertical Oblong,Orange,"(12, 159, 114)","(32.55, 15.0, 27.0)",30.89,23,VISIBLE,-0.9,-0.64
141,15,desk,0.5337,284.07,401.09,763.96,480.0,524.02,440.54,479.89,78.91,37869.68,6.08,Horizontal Oblong,Orange,"(16, 152, 102)","(31.37, 6.0, 13.0)",14.32,15,VISIBLE,-0.51,0.02
142,3,person,0.7865,0.0,7.9,317.06,480.0,158.53,243.95,317.06,472.1,149683.12,0.67,Vertical Oblong,Orange,"(13, 163, 62)","(17.25, 15.0, 10.0)",18.03,5,VISIBLE,-0.62,-0.27
142,4,person,0.3817,532.99,5.46,687.97,398.13,610.48,201.8,154.97,392.66,60852.95,0.39,Vertical Oblong,Black,"(99, 43, 44)","(15.69, -1.0, -2.0)",2.24,12,VISIBLE,-0.66,-0.29
142,8,person,0.4501,254.74,206.08,372.45,398.17,313.6,302.12,117.71,192.08,22609.46,0.61,Vertical Oblong,Black,"(104, 165, 26)","(5.49, 0.0, -5.0)",5.0,13,VISIBLE,-2.08,-0.34
142,18,cup,0.5485,467.56,391.18,495.15,427.47,481.36,409.32,27.6,36.29,1001.46,0.76,Vertical Oblong,Orange,"(11, 196, 143)","(32.55, 23.0, 27.0)",35.47,18,VISIBLE,-0.77,-0.31
142,16,cup,0.4525,341.15,357.5,392.15,448.49,366.65,402.99,50.99,90.99,4639.99,0.56,Vertical Oblong,Orange,"(12, 157, 114)","(32.55, 15.0, 26.0)",30.02,23,VISIBLE,-0.9,0.12
142,15,desk,0.5108,283.63,400.7,763.31,480.0,523.47,440.35,479.67,79.3,38038.29,6.05,Horizontal Oblong,Orange,"(16, 149, 103)","(31.76, 6.0, 13.0)",14.32,15,VISIBLE,-0.53,-0.13
143,3,person,0.7992,0.0,7.29,315.69,480.0,157.85,243.65,315.69,472.71,149231.36,0.67,Vertical Oblong,Orange,"(13, 164, 62)","(16.86, 14.0, 10.0)",17.2,5,VISIBLE,-0.67,-0.29
143,4,person,0.4379,532.72,5.0,687.16,397.7,609.94,201.35,154.44,392.71,60648.94,0.39,Vertical Oblong,Black,"(99, 43, 44)","(15.69, -1.0, -2.0)",2.24,12,VISIBLE,-0.58,-0.4
143,8,person,0.4476,253.14,206.0,367.5,397.69,310.32,301.85,114.36,191.69,21922.19,0.6,Vertical Oblong,Black,"(104, 165, 26)","(5.49, 0.0, -5.0)",5.0,13,VISIBLE,-2.92,-0.3
143,18,cup,0.55,466.98,390.87,494.55,427.04,480.76,408.96,27.57,36.17,997.12,0.76,Vertical Oblong,Red,"(9, 171, 143)","(32.55, 21.0, 26.0)",33.42,18,VISIBLE,-0.64,-0.35
143,16,cup,0.4625,340.14,356.76,391.92,449.35,366.03,403.06,51.78,92.59,4794.0,0.56,Vertical Oblong,Orange,"(12, 155, 113)","(32.55, 14.0, 26.0)",29.53,23,VISIBLE,-0.7,0.08
143,15,desk,0.5234,283.08,399.81,762.81,480.0,522.95,439.9,479.73,80.19,38471.82,5.98,Horizontal Oblong,Orange,"(16, 151, 102)","(31.76, 6.0, 13.0)",14.32,15,VISIBLE,-0.53,-0.35
144,3,person,0.7857,0.0,6.62,314.43,480.0,157.21,243.31,314.43,473.38,148843.18,0.66,Vertical Oblong,Orange,"(13, 163, 60)","(16.86, 13.0, 10.0)",16.4,5,VISIBLE,-0.64,-0.32
144,4,person,0.4669,532.26,4.58,686.83,397.36,609.55,200.97,154.57,392.78,60710.61,0.39,Vertical Oblong,Black,"(98, 43, 43)","(16.08, -1.0, -2.0)",2.24,12,VISIBLE,-0.45,-0.39
144,8,person,0.4585,250.79,205.49,364.31,397.53,307.55,301.51,113.53,192.04,21801.53,0.59,Vertical Oblong,Black,"(104, 164, 26)","(5.49, 0.0, -5.0)",5.0,13,VISIBLE,-2.81,-0.32
144,18,cup,0.5553,466.48,390.53,494.13,426.68,480.3,408.61,27.65,36.15,999.62,0.76,Vertical Oblong,Red,"(10, 163, 143)","(37.65, 20.0, 27.0)",33.6,18,VISIBLE,-0.52,-0.35
144,16,cup,0.4393,339.26,356.31,391.28,450.14,365.27,403.23,52.02,93.83,4880.33,0.55,Vertical Oblong,Orange,"(12, 153, 115)","(32.94, 14.0, 25.0)",28.65,23,VISIBLE,-0.74,0.14
144,15,desk,0.5111,282.47,398.88,762.63,480.0,522.55,439.44,480.17,81.12,38950.37,5.92,Horizontal Oblong,Orange,"(16, 151, 103)","(31.76, 6.0, 13.0)",14.32,15,VISIBLE,-0.43,-0.43
145,3,person,0.7913,0.0,6.5,313.15,480.0,156.58,243.25,313.15,473.5,148278.13,0.66,Vertical Oblong,Orange,"(13, 162, 60)","(16.86, 12.0, 10.0)",15.62,5,VISIBLE,-0.64,-0.14
145,4,person,0.5568,531.86,4.4,686.81,396.98,609.33,200.69,154.95,392.58,60829.19,0.39,Vertical Oblong,Black,"(98, 43, 43)","(15.69, -1.0, -2.0)",2.24,12,VISIBLE,-0.28,-0.31
145,8,person,0.4774,250.1,205.33,365.02,397.56,307.56,301.45,114.92,192.24,22091.32,0.6,Vertical Oblong,Black,"(104, 165, 25)","(5.49, 0.0, -5.0)",5.0,13,VISIBLE,-0.84,-0.14
145,18,cup,0.5358,466.1,390.08,493.59,426.13,479.84,408.1,27.49,36.04,990.84,0.76,Vertical Oblong,Red,"(10, 175, 142)","(37.45, 21.0, 27.0)",34.21,18,VISIBLE,-0.48,-0.46
145,16,cup,0.4183,338.41,356.18,390.73,450.57,364.57,403.37,52.33,94.39,4939.08,0.55,Vertical Oblong,Orange,"(12, 154, 112)","(32.55, 14.0, 24.0)",27.78,23,VISIBLE,-0.71,0.15
145,15,desk,0.5315,282.0,398.51,762.49,480.0,522.24,439.26,480.48,81.49,39154.51,5.9,Horizontal Oblong,Orange,"(16, 152, 102)","(31.76, 6.0, 13.0)",14.32,15,VISIBLE,-0.34,-0.26
146,3,person,0.7741,0.0,6.56,312.1,480.0,156.05,243.28,312.1,473.44,147762.24,0.66,Vertical Oblong,Orange,"(13, 161, 59)","(16.86, 12.0, 9.0)",15.0,5,VISIBLE,-0.56,-0.02
146,4,person,0.5486,531.73,4.32,686.8,396.69,609.27,200.51,155.07,392.36,60845.34,0.4,Vertical Oblong,Black,"(98, 43, 44)","(16.08, -1.0, -2.0)",2.24,12,VISIBLE,-0.13,-0.22
146,8,person,0.5009,249.4,205.29,365.89,397.62,307.64,301.46,116.49,192.33,22404.93,0.61,Vertical Oblong,Black,"(104, 164, 25)","(5.49, 0.0, -5.0)",5.0,13,VISIBLE,-0.19,-0.04
146,18,cup,0.5527,465.82,389.86,493.19,425.77,479.5,407.82,27.37,35.92,983.1,0.76,Vertical Oblong,Red,"(10, 162, 143)","(38.82, 21.0, 27.0)",34.21,18,VISIBLE,-0.38,-0.34
146,16,cup,0.4311,338.05,356.5,390.49,448.83,364.27,402.67,52.43,92.33,4841.35,0.57,Vertical Oblong,Orange,"(12, 154, 111)","(32.16, 14.0, 25.0)",28.65,23,VISIBLE,-0.42,-0.45
146,15,desk,0.5305,281.58,398.32,762.46,480.0,522.02,439.16,480.88,81.68,39276.37,5.89,Horizontal Oblong,Orange,"(16, 151, 103)","(31.76, 6.0, 13.0)",14.32,15,VISIBLE,-0.26,-0.14
147,3,person,0.7913,0.0,6.64,311.18,480.0,155.59,243.32,311.18,473.36,147300.32,0.66,Vertical Oblong,Orange,"(13, 162, 58)","(16.47, 12.0, 9.0)",15.0,5,VISIBLE,-0.49,0.02
147,4,person,0.5854,531.25,4.35,686.9,396.56,609.08,200.45,155.65,392.21,61047.19,0.4,Vertical Oblong,Black,"(98, 42, 44)","(16.08, -1.0, -2.0)",2.24,12,VISIBLE,-0.17,-0.1
147,8,person,0.5277,249.14,205.29,366.4,397.67,307.77,301.48,117.25,192.38,22557.43,0.61,Vertical Oblong,Black,"(104, 161, 25)","(5.49, 0.0, -5.0)",5.0,13,VISIBLE,0.03,0.01
147,18,cup,0.5657,465.55,389.78,492.93,425.6,479.24,407.69,27.39,35.82,981.02,0.76,Vertical Oblong,Red,"(10, 160, 142)","(38.82, 21.0, 27.0)",34.21,18,VISIBLE,-0.3,-0.19
147,16,cup,0.4547,337.85,356.68,390.33,447.74,364.09,402.21,52.48,91.06,4778.71,0.58,Vertical Oblong,Orange,"(12, 154, 109)","(31.76, 14.0, 25.0)",28.65,23,VISIBLE,-0.25,-0.45
147,15,desk,0.5385,281.19,398.12,762.5,480.0,521.85,439.06,481.31,81.88,39409.32,5.88,Horizontal Oblong,Orange,"(16, 151, 103)","(31.76, 6.0, 13.0)",14.32,15,VISIBLE,-0.2,-0.11
148,3,person,0.8113,-0.0,6.43,310.48,480.0,155.24,243.21,310.48,473.57,147037.37,0.66,Vertical Oblong,Orange,"(13, 161, 58)","(16.08, 11.0, 9.0)",14.21,5,VISIBLE,-0.39,-0.07
148,4,person,0.5826,531.06,4.36,686.92,396.45,608.99,200.4,155.86,392.09,61112.22,0.4,Vertical Oblong,Black,"(98, 42, 44)","(16.08, -1.0, -2.0)",2.24,12,VISIBLE,-0.11,-0.07
148,8,person,0.532,250.37,205.16,367.1,397.3,308.74,301.23,116.74,192.14,22429.9,0.61,Vertical Oblong,Black,"(104, 163, 25)","(5.49, 0.0, -5.0)",5.0,13,VISIBLE,0.68,-0.17
148,15,desk,0.5364,280.78,397.45,762.63,480.0,521.7,438.72,481.85,82.55,39777.57,5.84,Horizontal Oblong,Orange,"(16, 150, 104)","(32.16, 6.0, 13.0)",14.32,15,VISIBLE,-0.16,-0.27
148,18,cup,0.5329,465.19,389.62,492.74,425.53,478.96,407.57,27.55,35.91,989.27,0.77,Vertical Oblong,Red,"(10, 150, 142)","(39.41, 20.0, 27.0)",33.6,18,VISIBLE,-0.28,-0.14
148,16,cup,0.4418,337.71,356.9,390.2,446.13,363.95,401.52,52.48,89.23,4683.23,0.59,Vertical Oblong,Orange,"(12, 152, 111)","(32.16, 14.0, 25.0)",28.65,23,VISIBLE,-0.17,-0.62
149,3,person,0.8236,-0.0,5.74,309.55,480.0,154.78,242.87,309.55,474.26,146807.12,0.65,Vertical Oblong,Orange,"(14, 160, 57)","(16.08, 11.0, 9.0)",14.21,5,VISIBLE,-0.44,-0.26
149,4,person,0.5538,529.95,4.29,687.05,396.44,608.5,200.36,157.1,392.15,61606.96,0.4,Vertical Oblong,Black,"(98, 43, 44)","(16.47, -1.0, -2.0)",2.24,12,VISIBLE,-0.38,-0.05
149,8,person,0.5233,252.04,205.2,368.01,396.91,310.02,301.05,115.97,191.71,22231.69,0.6,Vertical Oblong,Black,"(104, 159, 25)","(5.49, 0.0, -5.0)",5.0,13,VISIBLE,1.11,-0.17
149,15,desk,0.4969,280.47,396.81,763.5,480.0,521.98,438.41,483.03,83.19,40182.9,5.81,Horizontal Oblong,Orange,"(16, 151, 103)","(31.76, 6.0, 13.0)",14.32,15,VISIBLE,0.15,-0.3
149,18,cup,0.4751,464.88,389.4,492.64,425.36,478.76,407.38,27.76,35.96,998.4,0.77,Vertical Oblong,Orange,"(12, 156, 143)","(40.0, 16.0, 27.0)",31.38,18,VISIBLE,-0.23,-0.18
149,16,cup,0.328,337.6,356.79,389.97,444.65,363.79,400.72,52.37,87.86,4601.67,0.6,Vertical Oblong,Orange,"(12, 154, 108)","(30.98, 14.0, 25.0)",28.65,23,VISIBLE,-0.17,-0.74
150,3,person,0.8204,-0.0,4.52,308.27,480.0,154.14,242.26,308.27,475.48,146579.37,0.65,Vertical Oblong,Orange,"(14, 160, 55)","(15.69, 11.0, 9.0)",14.21,5,VISIBLE,-0.58,-0.51
150,4,person,0.5752,529.62,4.13,687.07,396.24,608.34,200.18,157.45,392.12,61740.55,0.4,Vertical Oblong,Black,"(95, 43, 44)","(16.47, -1.0, -2.0)",2.24,12,VISIBLE,-0.22,-0.14
150,8,person,0.5312,252.08,204.61,368.88,396.41,310.48,300.51,116.8,191.8,22401.54,0.61,Vertical Oblong,Black,"(104, 159, 25)","(5.49, 0.0, -5.0)",5.0,13,VISIBLE,0.65,-0.43
150,18,cup,0.5151,464.58,389.14,492.47,424.95,478.52,407.05,27.89,35.82,999.05,0.78,Vertical Oblong,Orange,"(11, 182, 142)","(32.55, 19.0, 27.0)",33.02,18,VISIBLE,-0.23,-0.29
150,16,cup,0.328,337.24,356.77,389.67,443.71,363.45,400.24,52.43,86.95,4558.72,0.6,Vertical Oblong,Orange,"(12, 154, 108)","(30.98, 14.0, 25.0)",28.65,23,VISIBLE,-0.28,-0.56
150,15,desk,0.4926,280.16,395.79,764.13,480.0,522.14,437.89,483.97,84.21,40755.69,5.75,Horizontal Oblong,Orange,"(16, 150, 104)","(31.76, 6.0, 13.0)",14.32,15,VISIBLE,0.16,-0.45
