frame,track_id,class_name,confidence,x1,y1,x2,y2,center_x,center_y,width,height,area,aspect_ratio,shape_type,color,color_hsv,lab,chroma,raw_track_id,memory_state,velocity_x,velocity_y
2,1,person,0.9118,688.57,272.25,854.0,448.13,771.29,360.19,165.43,175.88,29094.9,0.94,Spherical / Regular,Cyan,"(90, 135, 139)","(51.76, -14.0, -3.0)",14.32,1,VISIBLE,0.0,0.0
2,2,person,0.78,286.49,300.26,359.76,409.71,323.13,354.99,73.27,109.45,8019.23,0.67,Vertical Oblong,Blue,"(113, 131, 166)","(45.49, 10.0, 20.0)",22.36,2,VISIBLE,0.0,0.0
2,3,person,0.8086,179.8,295.71,233.54,392.8,206.67,344.25,53.73,97.1,5217.05,0.55,Vertical Oblong,Green,"(48, 129, 167)","(62.35, -27.0, 14.0)",30.41,3,VISIBLE,0.0,0.0
2,4,person,0.7266,31.97,300.48,77.17,390.71,54.57,345.59,45.2,90.23,4078.3,0.5,Vertical Oblong,Red,"(175, 144, 179)","(45.1, 38.0, 21.0)",43.42,4,VISIBLE,0.0,0.0
2,5,person,0.7116,509.37,283.54,610.52,414.88,559.95,349.21,101.16,131.34,13286.06,0.77,Vertical Oblong,Green,"(46, 145, 158)","(55.69, -15.0, 24.0)",28.3,5,VISIBLE,0.0,0.0
2,6,person,0.6678,450.58,274.57,573.45,431.35,512.02,352.96,122.86,156.78,19262.27,0.78,Vertical Oblong,Cyan,"(92, 153, 170)","(54.12, 7.0, 18.0)",19.31,6,VISIBLE,0.0,0.0
3,1,person,0.9092,683.81,272.15,854.0,448.59,768.9,360.37,170.19,176.45,30030.6,0.96,Spherical / Regular,Cyan,"(90, 133, 137)","(50.98, -13.0, -3.0)",13.34,1,VISIBLE,-2.38,0.18
3,2,person,0.7587,285.28,299.43,359.6,409.63,322.44,354.53,74.32,110.2,8189.57,0.67,Vertical Oblong,Blue,"(103, 133, 165)","(46.67, 8.0, 20.0)",21.54,2,VISIBLE,-0.69,-0.46
3,3,person,0.7955,175.25,295.34,229.66,392.75,202.46,344.04,54.42,97.41,5300.55,0.56,Vertical Oblong,Green,"(47, 134, 169)","(62.35, -28.0, 14.0)",31.3,3,VISIBLE,-4.22,-0.21
3,4,person,0.7436,28.74,300.14,73.5,390.0,51.12,345.07,44.76,89.86,4022.32,0.5,Vertical Oblong,Red,"(175, 142, 179)","(45.1, 37.5, 21.0)",42.98,4,VISIBLE,-3.45,-0.52
3,5,person,0.6737,506.42,283.99,606.25,417.65,556.34,350.82,99.83,133.66,13343.61,0.75,Vertical Oblong,Green,"(46, 147, 157)","(55.69, -15.0, 24.0)",28.3,5,VISIBLE,-3.61,1.61
3,6,person,0.6678,450.51,274.47,573.56,431.21,512.03,352.84,123.05,156.74,19286.31,0.79,Vertical Oblong,Cyan,"(90, 155, 168)","(54.12, 7.0, 18.0)",19.31,6,VISIBLE,0.02,-0.12
4,1,person,0.913,678.11,272.28,854.0,448.97,766.05,360.62,175.89,176.7,31080.17,1.0,Spherical / Regular,Cyan,"(91, 131, 137)","(50.59, -11.0, -4.0)",11.7,1,VISIBLE,-2.71,0.23
4,2,person,0.7797,281.81,298.73,360.08,410.19,320.95,354.46,78.26,111.46,8722.75,0.7,Vertical Oblong,Cyan,"(98, 133, 162)","(45.49, 8.0, 18.0)",19.7,2,VISIBLE,-1.25,-0.19
4,3,person,0.7835,170.1,294.29,223.97,392.62,197.04,343.45,53.87,98.32,5296.27,0.55,Vertical Oblong,Green,"(48, 134, 168)","(62.75, -28.0, 14.0)",31.3,3,VISIBLE,-5.06,-0.48
4,4,person,0.7511,24.8,299.92,69.39,389.77,47.1,344.85,44.59,89.85,4006.4,0.5,Vertical Oblong,Red,"(175, 140, 176)","(45.1, 34.5, 23.0)",41.46,4,VISIBLE,-3.85,-0.31
4,5,person,0.7287,501.98,284.84,601.65,422.16,551.82,353.5,99.68,137.32,13687.5,0.73,Vertical Oblong,Green,"(49, 134, 153)","(53.33, 4.0, 14.0)",14.56,5,VISIBLE,-4.25,2.36
4,6,person,0.6678,450.44,274.38,573.67,431.07,512.05,352.72,123.24,156.7,19310.32,0.79,Vertical Oblong,Cyan,"(90, 155, 164)","(53.33, 8.0, 18.0)",19.7,6,VISIBLE,0.02,-0.12
5,1,person,0.9093,672.24,272.27,853.85,448.66,763.05,360.46,181.61,176.39,32035.08,1.03,Spherical / Regular,Cyan,"(91, 124, 136)","(50.78, -11.0, -3.0)",11.4,1,VISIBLE,-2.92,-0.04
5,2,person,0.7354,280.66,297.54,363.2,409.8,321.93,353.67,82.55,112.27,9267.18,0.74,Vertical Oblong,Blue,"(112, 126, 154)","(42.75, 7.0, 16.0)",17.46,2,VISIBLE,0.31,-0.61
5,3,person,0.7756,162.74,292.42,217.42,392.2,190.08,342.31,54.68,99.79,5456.75,0.55,Vertical Oblong,Green,"(49, 129, 167)","(62.35, -25.0, 13.0)",28.18,3,VISIBLE,-6.39,-0.94
5,4,person,0.7697,19.67,299.29,64.78,389.29,42.23,344.29,45.11,90.0,4059.81,0.5,Vertical Oblong,Red,"(174, 136, 171)","(42.75, 30.0, 20.0)",36.06,4,VISIBLE,-4.56,-0.48
5,5,person,0.6057,488.88,285.92,596.1,423.21,542.49,354.57,107.22,137.29,14720.92,0.78,Vertical Oblong,Green,"(64, 128, 151)","(51.76, 5.0, 17.0)",17.72,5,VISIBLE,-7.8,1.45
6,1,person,0.8963,666.29,271.9,853.85,448.39,760.07,360.15,187.56,176.49,33102.37,1.06,Spherical / Regular,Cyan,"(91, 126, 137)","(51.37, -12.0, -2.0)",12.17,1,VISIBLE,-2.96,-0.24
6,2,person,0.7338,278.05,295.89,366.36,409.42,322.2,352.66,88.31,113.53,10025.67,0.78,Vertical Oblong,Blue,"(108, 126, 148)","(41.57, 6.0, 17.0)",18.03,2,VISIBLE,0.29,-0.89
6,3,person,0.8088,155.87,291.27,210.86,391.63,183.37,341.45,54.99,100.35,5518.52,0.55,Vertical Oblong,Green,"(49, 131, 168)","(62.35, -25.0, 14.0)",28.65,3,VISIBLE,-6.62,-0.89
6,4,person,0.7857,14.47,298.46,60.61,388.82,37.54,343.64,46.14,90.37,4169.38,0.51,Vertical Oblong,Red,"(173, 131, 172)","(43.92, 26.0, 19.0)",32.2,4,VISIBLE,-4.65,-0.6
6,5,person,0.4869,481.55,287.11,590.75,422.31,536.15,354.71,109.2,135.2,14764.07,0.81,Spherical / Regular,Green,"(49, 128, 151)","(52.16, 6.0, 19.0)",19.92,5,VISIBLE,-6.78,0.54
7,1,person,0.9002,660.06,271.72,853.89,447.98,756.98,359.85,193.83,176.26,34164.29,1.1,Spherical / Regular,Cyan,"(91, 126, 138)","(51.37, -11.0, -2.0)",11.18,1,VISIBLE,-3.05,-0.28
7,2,person,0.7932,272.08,294.32,370.26,409.14,321.17,351.73,98.19,114.83,11274.63,0.86,Spherical / Regular,Blue,"(104, 125, 133)","(37.25, 5.0, 16.0)",16.76,2,VISIBLE,-0.64,-0.92
7,3,person,0.7736,149.44,289.92,203.77,390.9,176.61,340.41,54.34,100.97,5486.69,0.54,Vertical Oblong,Green,"(52, 133, 168)","(62.35, -23.0, 13.0)",26.42,3,VISIBLE,-6.72,-0.99
7,4,person,0.7783,9.21,297.45,56.82,388.51,33.02,342.98,47.61,91.06,4334.89,0.52,Vertical Oblong,Pink,"(161, 126, 174)","(44.31, 20.5, 19.0)",27.95,4,VISIBLE,-4.56,-0.64
7,5,person,0.4569,458.86,273.24,584.01,420.14,521.43,346.69,125.16,146.9,18385.91,0.85,Spherical / Regular,Green,"(84, 137, 143)","(46.67, 6.0, 16.0)",17.09,5,VISIBLE,-12.33,-5.45
8,1,person,0.8767,654.82,271.38,853.74,447.37,754.28,359.38,198.93,175.99,35008.37,1.13,Spherical / Regular,Cyan,"(91, 123, 138)","(51.37, -10.0, -2.0)",10.2,1,VISIBLE,-2.8,-0.42
8,2,person,0.8185,265.87,292.57,374.46,408.7,320.17,350.63,108.59,116.12,12609.8,0.94,Spherical / Regular,Blue,"(108, 118, 123)","(34.9, 5.0, 13.0)",13.93,2,VISIBLE,-0.9,-1.04
8,3,person,0.7635,143.49,288.79,197.45,390.29,170.47,339.54,53.96,101.5,5477.11,0.53,Vertical Oblong,Green,"(51, 130, 168)","(61.96, -22.0, 13.0)",25.55,3,VISIBLE,-6.31,-0.91
8,4,person,0.753,3.54,296.51,53.41,388.23,28.47,342.37,49.87,91.72,4573.48,0.54,Vertical Oblong,Pink,"(158, 119, 172)","(44.51, 17.0, 16.0)",23.35,4,VISIBLE,-4.55,-0.62
8,5,person,0.49,444.68,262.87,558.45,417.56,501.57,340.21,113.77,154.68,17598.39,0.74,Vertical Oblong,Cyan,"(100, 123, 150)","(45.1, 5.0, 11.0)",12.08,5,VISIBLE,-17.61,-6.17
9,1,person,0.8816,654.09,270.86,851.22,447.06,752.66,358.96,197.13,176.2,34733.66,1.12,Spherical / Regular,Cyan,"(93, 121, 137)","(50.98, -10.0, -3.0)",10.44,1,VISIBLE,-1.98,-0.42
9,2,person,0.8113,265.74,291.0,377.47,409.31,321.61,350.16,111.72,118.3,13217.18,0.94,Spherical / Regular,Blue,"(109, 123, 117)","(31.76, 5.0, 13.0)",13.93,2,VISIBLE,0.74,-0.65
9,3,person,0.7693,137.26,287.58,191.92,389.57,164.59,338.57,54.66,101.99,5575.06,0.54,Vertical Oblong,Green,"(54, 127, 166)","(61.96, -23.0, 12.0)",25.94,3,VISIBLE,-6.01,-0.95
9,4,person,0.7124,-0.57,295.98,54.73,387.99,27.08,341.99,55.3,92.01,5088.11,0.6,Vertical Oblong,Blue,"(120, 110, 170)","(45.1, 19.0, 14.0)",23.6,4,VISIBLE,-2.34,-0.46
9,5,person,0.5032,436.98,254.39,539.36,414.16,488.17,334.28,102.38,159.77,16357.11,0.64,Vertical Oblong,Cyan,"(101, 109, 139)","(43.53, 5.0, 9.0)",10.3,5,VISIBLE,-14.66,-6.01
10,1,person,0.8905,653.88,269.97,847.11,446.74,750.49,358.36,193.23,176.77,34156.38,1.09,Spherical / Regular,Cyan,"(92, 127, 137)","(50.98, -11.0, -2.0)",11.18,1,VISIBLE,-2.11,-0.55
10,2,person,0.8251,266.96,289.65,379.15,408.67,323.05,349.16,112.19,119.01,13352.06,0.94,Spherical / Regular,Blue,"(111, 123, 111)","(30.2, 6.0, 12.0)",13.42,2,VISIBLE,1.24,-0.89
10,3,person,0.7792,130.7,286.31,186.42,388.98,158.56,337.64,55.72,102.67,5720.7,0.54,Vertical Oblong,Green,"(50, 131, 167)","(62.35, -24.0, 13.0)",27.29,3,VISIBLE,-6.02,-0.94
10,4,person,0.7515,-2.56,295.62,53.34,387.43,25.39,341.53,55.9,91.8,5132.27,0.61,Vertical Oblong,Blue,"(115, 116, 167)","(44.31, 19.0, 16.0)",24.84,4,VISIBLE,-1.89,-0.46
10,5,person,0.5014,433.41,247.4,540.16,415.75,486.78,331.58,106.75,168.35,17971.0,0.63,Vertical Oblong,Green,"(47, 142, 149)","(53.33, 2.0, 25.0)",25.08,5,VISIBLE,-5.37,-3.69
10,7,person,0.572,251.17,315.63,284.22,381.11,267.7,348.37,33.05,65.48,2163.96,0.5,Vertical Oblong,Cyan,"(96, 91, 168)","(58.24, -4.0, -11.0)",11.7,7,VISIBLE,0.0,0.0
11,1,person,0.8866,654.61,268.83,841.53,446.75,748.07,357.79,186.92,177.92,33257.46,1.05,Spherical / Regular,Cyan,"(92, 128, 138)","(51.37, -12.0, -3.0)",12.37,1,VISIBLE,-2.33,-0.56
11,2,person,0.8244,266.79,288.63,380.58,407.12,323.69,347.88,113.79,118.48,13482.37,0.96,Spherical / Regular,Blue,"(119, 123, 110)","(29.02, 6.0, 11.0)",12.53,2,VISIBLE,0.81,-1.17
11,3,person,0.76,124.7,285.24,181.68,389.13,153.19,337.19,56.97,103.89,5918.68,0.55,Vertical Oblong,Green,"(49, 132, 168)","(62.75, -24.0, 15.0)",28.3,3,VISIBLE,-5.57,-0.6
11,4,person,0.7799,-3.51,295.05,50.71,387.6,23.6,341.33,54.22,92.55,5018.2,0.59,Vertical Oblong,Pink,"(164, 127, 167)","(43.53, 25.0, 18.0)",30.81,4,VISIBLE,-1.82,-0.28
11,5,person,0.4045,432.5,242.28,538.9,418.22,485.7,330.25,106.39,175.94,18718.37,0.6,Vertical Oblong,Green,"(46, 144, 149)","(52.94, 0.0, 26.0)",26.0,5,VISIBLE,-2.37,-2.04
11,7,person,0.5852,248.14,316.03,282.38,380.42,265.26,348.23,34.24,64.39,2204.95,0.53,Vertical Oblong,Cyan,"(96, 100, 167)","(57.65, -3.0, -10.0)",10.44,7,VISIBLE,-2.43,-0.14
12,1,person,0.8988,655.89,267.76,835.19,446.6,745.54,357.18,179.29,178.84,32065.25,1.0,Spherical / Regular,Cyan,"(92, 130, 137)","(51.37, -12.0, -3.0)",12.37,1,VISIBLE,-2.47,-0.59
12,2,person,0.8136,264.47,288.14,381.12,405.6,322.8,346.87,116.66,117.46,13702.27,0.99,Spherical / Regular,Blue,"(117, 122, 102)","(27.45, 6.0, 9.0)",10.82,2,VISIBLE,-0.38,-1.05
12,3,person,0.7833,118.66,284.44,176.8,389.79,147.73,337.11,58.14,105.34,6124.8,0.55,Vertical Oblong,Green,"(50, 133, 167)","(62.35, -25.0, 15.0)",29.15,3,VISIBLE,-5.49,-0.23
12,4,person,0.7752,-3.64,294.61,46.44,388.08,21.4,341.34,50.08,93.46,4680.61,0.54,Vertical Oblong,Red,"(174, 136, 167)","(43.14, 27.0, 21.0)",34.21,4,VISIBLE,-2.09,-0.07
12,5,person,0.7025,433.75,238.44,540.85,421.84,487.3,330.14,107.1,183.4,19642.02,0.58,Vertical Oblong,Green,"(47, 146, 148)","(51.96, -2.0, 26.0)",26.08,5,VISIBLE,0.41,-0.69
12,7,person,0.6116,243.86,316.09,279.49,380.11,261.68,348.1,35.63,64.02,2280.91,0.56,Vertical Oblong,Cyan,"(98, 99, 167)","(56.47, -2.0, -11.0)",11.18,7,VISIBLE,-3.24,-0.13
13,1,person,0.8836,658.35,265.6,828.57,446.04,743.46,355.82,170.22,180.44,30714.04,0.94,Spherical / Regular,Cyan,"(94, 128, 137)","(50.98, -12.0, -4.0)",12.65,1,VISIBLE,-2.2,-1.13
13,2,person,0.8323,262.53,287.78,380.51,404.86,321.52,346.32,117.97,117.08,13812.05,1.01,Spherical / Regular,Green,"(46, 139, 155)","(57.25, -17.0, 31.0)",35.36,2,VISIBLE,-1.01,-0.7
13,3,person,0.7928,112.99,283.98,172.59,390.47,142.79,337.23,59.6,106.49,6346.43,0.56,Vertical Oblong,Green,"(50, 131, 165)","(61.57, -25.0, 15.0)",29.15,3,VISIBLE,-5.11,0.01
13,4,person,0.7655,-3.28,294.43,42.34,389.05,19.53,341.74,45.62,94.62,4316.2,0.48,Vertical Oblong,Red,"(174, 133, 165)","(43.92, 30.0, 22.0)",37.2,4,VISIBLE,-1.93,0.26
13,5,person,0.7358,436.62,236.59,542.21,423.65,489.42,330.12,105.59,187.06,19752.4,0.56,Vertical Oblong,Green,"(47, 145, 148)","(52.16, -1.0, 27.0)",27.02,5,VISIBLE,1.6,-0.22
13,7,person,0.5828,239.97,315.36,280.86,380.29,260.41,347.82,40.89,64.94,2655.12,0.63,Vertical Oblong,Cyan,"(98, 106, 165)","(54.12, -3.0, -12.0)",12.37,7,VISIBLE,-1.85,-0.23
14,1,person,0.8666,661.22,263.72,821.89,445.61,741.55,354.67,160.67,181.89,29223.75,0.88,Spherical / Regular,Cyan,"(93, 133, 139)","(51.37, -14.0, -3.0)",14.32,1,VISIBLE,-1.99,-1.15
14,2,person,0.8473,263.99,287.15,379.33,404.95,321.66,346.05,115.34,117.79,13585.73,0.98,Spherical / Regular,Green,"(46, 140, 155)","(57.25, -18.0, 32.0)",36.72,2,VISIBLE,-0.2,-0.4
14,3,person,0.7838,107.43,283.69,168.55,390.91,137.99,337.3,61.12,107.22,6553.56,0.57,Vertical Oblong,Green,"(49, 133, 166)","(61.96, -26.0, 16.0)",30.53,3,VISIBLE,-4.89,0.05
14,4,person,0.7516,-2.69,294.21,36.71,389.77,17.01,341.99,39.41,95.56,3765.98,0.41,Vertical Oblong,Red,"(175, 148, 168)","(43.92, 36.0, 24.0)",43.27,4,VISIBLE,-2.34,0.25
14,5,person,0.7804,437.76,235.61,546.26,425.36,492.01,330.49,108.5,189.76,20588.92,0.57,Vertical Oblong,Green,"(46, 147, 148)","(52.55, -1.0, 27.0)",27.02,5,VISIBLE,2.3,0.19
14,7,person,0.6778,234.88,314.7,273.52,380.44,254.2,347.57,38.65,65.75,2540.81,0.59,Vertical Oblong,Cyan,"(97, 117, 165)","(54.12, -4.0, -11.0)",11.7,7,VISIBLE,-4.91,-0.25
15,1,person,0.8186,661.82,261.58,814.2,445.33,738.01,353.45,152.38,183.75,28000.59,0.83,Spherical / Regular,Cyan,"(92, 134, 138)","(51.76, -15.0, -2.0)",15.13,1,VISIBLE,-3.08,-1.19
15,2,person,0.8353,265.52,286.21,377.83,405.43,321.68,345.82,112.32,119.22,13390.71,0.94,Spherical / Regular,Blue,"(113, 115, 104)","(28.24, 6.0, 8.0)",10.0,2,VISIBLE,-0.05,-0.28
15,3,person,0.7572,102.41,283.18,164.43,391.34,133.42,337.26,62.02,108.17,6708.61,0.57,Vertical Oblong,Green,"(48, 135, 165)","(61.96, -27.0, 18.0)",32.45,3,VISIBLE,-4.67,-0.01
15,4,person,0.7517,-2.06,293.88,30.73,390.04,14.33,341.96,32.78,96.17,3152.51,0.34,Vertical Oblong,Red,"(175, 152, 172)","(44.71, 39.0, 26.0)",46.87,4,VISIBLE,-2.58,0.05
15,5,person,0.7677,437.67,233.81,551.99,426.58,494.83,330.2,114.31,192.77,22035.6,0.59,Vertical Oblong,Green,"(46, 147, 148)","(52.94, 0.0, 27.0)",27.0,5,VISIBLE,2.66,-0.15
15,7,person,0.6803,229.74,314.15,267.05,380.63,248.39,347.39,37.31,66.48,2480.38,0.56,Vertical Oblong,Cyan,"(97, 114, 164)","(53.73, -4.0, -11.0)",11.7,7,VISIBLE,-5.54,-0.2
16,1,person,0.8266,659.31,259.3,807.93,444.8,733.62,352.05,148.62,185.5,27568.76,0.8,Spherical / Regular,Cyan,"(93, 135, 141)","(52.16, -15.0, -2.0)",15.13,1,VISIBLE,-4.0,-1.34
16,2,person,0.8317,268.01,285.24,375.52,406.02,321.77,345.63,107.52,120.78,12985.6,0.89,Spherical / Regular,Blue,"(119, 120, 105)","(28.63, 6.0, 9.0)",10.82,2,VISIBLE,0.05,-0.22
16,3,person,0.7656,97.38,283.03,160.81,391.53,129.09,337.28,63.44,108.5,6882.85,0.58,Vertical Oblong,Green,"(48, 134, 166)","(62.35, -27.0, 18.0)",32.45,3,VISIBLE,-4.43,0.01
16,4,person,0.7369,-1.46,293.87,25.59,390.21,12.07,342.04,27.05,96.34,2606.26,0.28,Vertical Oblong,Red,"(174, 143, 176)","(46.27, 39.0, 24.0)",45.79,4,VISIBLE,-2.36,0.07
16,5,person,0.748,435.63,231.51,557.2,427.27,496.42,329.39,121.57,195.76,23798.84,0.62,Vertical Oblong,Green,"(46, 145, 147)","(52.94, -2.0, 27.0)",27.07,5,VISIBLE,1.91,-0.61
16,7,person,0.6898,225.46,313.76,262.12,380.59,243.79,347.17,36.67,66.83,2450.75,0.55,Vertical Oblong,Cyan,"(98, 108, 165)","(54.12, -4.0, -12.0)",12.65,7,VISIBLE,-4.88,-0.21
17,1,person,0.8332,652.89,256.39,796.44,443.91,724.67,350.15,143.55,187.52,26918.26,0.77,Vertical Oblong,Cyan,"(95, 133, 146)","(52.94, -13.0, -5.0)",13.93,1,VISIBLE,-7.47,-1.73
17,2,person,0.8406,272.76,283.51,374.54,406.49,323.65,345.0,101.78,122.98,12517.31,0.83,Spherical / Regular,Purple,"(133, 132, 124)","(31.37, 9.0, 10.0)",13.45,2,VISIBLE,1.33,-0.51
17,3,person,0.7297,92.11,282.9,157.96,391.19,125.03,337.05,65.85,108.29,7130.16,0.61,Vertical Oblong,Green,"(48, 137, 165)","(61.57, -29.0, 21.0)",35.81,3,VISIBLE,-4.17,-0.16
17,4,person,0.6643,-0.95,293.62,20.82,389.71,9.93,341.66,21.77,96.09,2092.07,0.23,Vertical Oblong,Red,"(175, 128, 171)","(46.67, 34.0, 18.0)",38.47,4,VISIBLE,-2.2,-0.24
17,5,person,0.7758,431.45,228.41,568.78,426.97,500.11,327.69,137.32,198.56,27266.28,0.69,Vertical Oblong,Blue,"(102, 137, 135)","(36.86, 4.0, 10.0)",10.77,5,VISIBLE,3.16,-1.37
17,7,person,0.6351,220.23,312.2,256.65,380.29,238.44,346.24,36.42,68.09,2480.17,0.53,Vertical Oblong,Cyan,"(98, 126, 166)","(55.29, -7.0, -14.0)",15.65,7,VISIBLE,-5.21,-0.71
18,1,person,0.8507,645.74,253.56,786.16,443.23,715.95,348.39,140.41,189.67,26632.54,0.74,Vertical Oblong,Cyan,"(95, 136, 148)","(54.12, -13.0, -6.0)",14.32,1,VISIBLE,-8.34,-1.75
18,2,person,0.848,278.17,282.18,372.21,406.74,325.19,344.46,94.04,124.55,11712.5,0.75,Vertical Oblong,Purple,"(134, 138, 138)","(34.12, 9.0, 13.0)",15.81,2,VISIBLE,1.48,-0.53
18,3,person,0.5001,88.67,283.22,154.39,390.81,121.53,337.01,65.72,107.59,7070.83,0.61,Vertical Oblong,Green,"(47, 138, 166)","(62.35, -29.0, 23.0)",37.01,3,VISIBLE,-3.7,-0.07
18,4,person,0.5562,-0.56,293.47,16.73,389.02,8.09,341.25,17.28,95.55,1651.45,0.18,Vertical Oblong,Red,"(175, 116, 175)","(49.8, 30.0, 17.0)",34.48,4,VISIBLE,-1.95,-0.37
18,5,person,0.7002,424.89,226.16,580.18,426.04,502.53,326.1,155.29,199.87,31037.46,0.78,Vertical Oblong,Cyan,"(100, 142, 132)","(35.69, 4.0, 11.0)",11.7,5,VISIBLE,2.64,-1.52
18,7,person,0.6201,216.04,311.08,251.2,379.92,233.62,345.5,35.16,68.84,2420.39,0.51,Vertical Oblong,Cyan,"(97, 133, 169)","(55.69, -7.0, -12.0)",13.89,7,VISIBLE,-4.94,-0.74
19,1,person,0.8487,638.87,250.56,776.59,442.42,707.73,346.49,137.72,191.87,26424.42,0.72,Vertical Oblong,Cyan,"(95, 139, 151)","(54.9, -13.0, -7.0)",14.76,1,VISIBLE,-8.26,-1.86
19,2,person,0.8388,284.65,281.31,369.85,406.74,327.25,344.03,85.2,125.44,10686.97,0.68,Vertical Oblong,Purple,"(130, 147, 154)","(38.43, 10.0, 17.0)",19.72,2,VISIBLE,1.89,-0.46
19,3,person,0.4745,87.6,283.21,151.98,390.42,119.79,336.81,64.38,107.22,6902.15,0.6,Vertical Oblong,Green,"(47, 138, 167)","(62.35, -29.0, 23.0)",37.01,3,VISIBLE,-2.33,-0.16
19,4,person,0.5562,-0.49,293.24,12.25,388.9,5.88,341.07,12.74,95.66,1219.15,0.13,Vertical Oblong,Pink,"(158, 108, 163)","(50.59, 15.0, 12.0)",19.21,4,VISIBLE,-2.13,-0.23
19,5,person,0.7641,416.87,224.72,590.34,424.85,503.6,324.78,173.47,200.12,34716.12,0.87,Spherical / Regular,Cyan,"(100, 141, 131)","(34.51, 4.0, 10.0)",10.77,5,VISIBLE,1.54,-1.38
19,7,person,0.6864,211.86,310.05,246.34,379.36,229.1,344.71,34.47,69.3,2388.97,0.5,Vertical Oblong,Cyan,"(97, 123, 171)","(57.65, -7.0, -11.0)",13.04,7,VISIBLE,-4.65,-0.78
20,1,person,0.8618,630.82,247.67,768.73,441.79,699.77,344.73,137.9,194.12,26769.66,0.71,Vertical Oblong,Cyan,"(96, 140, 151)","(54.51, -13.0, -7.0)",14.76,1,VISIBLE,-8.05,-1.79
20,2,person,0.8218,291.46,280.78,366.72,406.74,329.09,343.76,75.25,125.97,9479.34,0.6,Vertical Oblong,Purple,"(150, 149, 165)","(42.35, 14.0, 21.0)",25.24,2,VISIBLE,1.85,-0.32
20,3,person,0.554,91.61,283.33,149.04,389.9,120.32,336.62,57.43,106.57,6120.51,0.54,Vertical Oblong,Green,"(48, 138, 168)","(62.75, -29.0, 17.0)",33.62,3,VISIBLE,-0.32,-0.19
20,4,person,0.5562,-0.43,293.0,7.78,388.78,3.67,340.89,8.2,95.78,785.82,0.09,Vertical Oblong,Pink,"(161, 94, 152)","(50.78, 12.5, 9.5)",15.7,4,VISIBLE,-2.18,-0.2
20,5,person,0.7767,409.68,223.7,598.87,423.93,504.27,323.81,189.18,200.23,37880.94,0.94,Spherical / Regular,Green,"(46, 148, 147)","(53.33, -20.0, 31.0)",36.89,5,VISIBLE,0.93,-1.09
20,7,person,0.6602,208.06,309.35,241.83,378.95,224.95,344.15,33.77,69.59,2350.31,0.49,Vertical Oblong,Cyan,"(98, 124, 170)","(56.67, -5.0, -12.0)",13.0,7,VISIBLE,-4.3,-0.62
20,6,person,0.3039,407.8,279.23,502.45,401.56,455.13,340.39,94.65,122.33,11578.17,0.77,Vertical Oblong,Green,"(50, 148, 162)","(58.43, -20.0, 26.0)",32.8,8,VISIBLE,-2.48,-0.57
21,1,person,0.8706,622.36,245.46,757.31,440.93,689.84,343.2,134.95,195.46,26378.02,0.69,Vertical Oblong,Cyan,"(96, 140, 152)","(54.12, -13.0, -7.0)",14.76,1,VISIBLE,-9.37,-1.61
21,2,person,0.817,297.93,280.88,362.54,406.72,330.23,343.8,64.61,125.84,8130.93,0.51,Vertical Oblong,Red,"(174, 162, 164)","(41.18, 26.0, 23.0)",34.71,2,VISIBLE,1.36,-0.07
21,3,person,0.5308,88.23,284.25,147.01,389.69,117.62,336.97,58.79,105.44,6198.35,0.56,Vertical Oblong,Green,"(48, 142, 167)","(62.35, -28.0, 18.0)",33.29,3,VISIBLE,-1.99,0.19
21,4,person,0.5562,-0.37,292.76,3.3,388.65,1.47,340.71,3.67,95.89,351.46,0.04,Vertical Oblong,Green,"(47, 139, 153)","(56.27, -2.0, 29.0)",29.07,4,VISIBLE,-2.2,-0.19
21,5,person,0.8819,405.85,222.82,606.51,422.52,506.18,322.67,200.66,199.7,40072.79,1.0,Spherical / Regular,Green,"(47, 147, 148)","(54.12, -22.0, 33.0)",39.66,5,VISIBLE,1.61,-1.13
21,7,person,0.6594,204.47,308.69,237.59,378.37,221.03,343.53,33.12,69.68,2307.65,0.48,Vertical Oblong,Cyan,"(98, 121, 175)","(56.86, -6.0, -12.0)",13.42,7,VISIBLE,-4.03,-0.62
21,6,person,0.5354,408.29,277.41,498.79,392.73,453.54,335.07,90.5,115.32,10435.87,0.78,Vertical Oblong,Cyan,"(91, 100, 189)","(67.45, -11.0, -5.0)",12.08,8,VISIBLE,-1.85,-3.9
22,1,person,0.8648,613.63,243.58,747.81,440.17,680.72,341.87,134.18,196.59,26378.19,0.68,Vertical Oblong,Cyan,"(95, 141, 152)","(54.12, -13.0, -7.0)",14.76,1,VISIBLE,-9.19,-1.41
22,2,person,0.7966,303.24,280.21,360.02,406.73,331.63,343.47,56.79,126.53,7185.22,0.45,Vertical Oblong,Red,"(174, 183, 162)","(40.39, 31.5, 26.0)",40.84,2,VISIBLE,1.38,-0.25
22,3,person,0.6564,84.12,284.95,144.66,389.28,114.39,337.12,60.54,104.33,6316.63,0.58,Vertical Oblong,Cyan,"(92, 128, 175)","(64.31, -9.0, -6.0)",10.82,3,VISIBLE,-2.86,0.16
22,4,person,0.5562,-1.18,292.53,-0.3,388.53,-0.68,340.53,1.0,96.0,96.0,0.01,Vertical Oblong,Neutral,"(0, 0, 0)","(0.0, 0.0, 0.0)",0.0,4,VISIBLE,-2.16,-0.18
22,5,person,0.8761,402.92,222.1,612.14,421.2,507.53,321.65,209.22,199.1,41656.12,1.05,Spherical / Regular,Green,"(46, 147, 148)","(54.12, -23.0, 33.0)",40.22,5,VISIBLE,1.43,-1.05
22,7,person,0.6322,200.21,308.27,233.26,377.96,216.74,343.12,33.05,69.68,2302.77,0.47,Vertical Oblong,Cyan,"(96, 125, 176)","(58.43, -8.0, -11.0)",13.6,7,VISIBLE,-4.22,-0.48
22,6,person,0.6228,406.77,274.94,494.67,385.6,450.72,330.27,87.9,110.66,9726.94,0.79,Vertical Oblong,Cyan,"(89, 141, 171)","(60.78, -11.0, 18.0)",21.1,8,VISIBLE,-2.53,-4.53
23,1,person,0.8433,604.73,241.76,739.68,439.51,672.21,340.63,134.95,197.76,26686.75,0.68,Vertical Oblong,Cyan,"(94, 141, 151)","(53.33, -13.0, -6.0)",14.32,1,VISIBLE,-8.72,-1.29
23,2,person,0.7573,307.31,279.15,360.18,406.19,333.75,342.67,52.87,127.03,6716.63,0.42,Vertical Oblong,Pink,"(167, 175, 168)","(41.18, 29.0, 27.0)",39.62,2,VISIBLE,1.9,-0.64
23,3,person,0.72,79.8,285.78,141.72,388.67,110.76,337.22,61.92,102.89,6370.63,0.6,Vertical Oblong,Cyan,"(91, 131, 175)","(64.31, -10.0, -6.5)",11.93,3,VISIBLE,-3.4,0.12
23,4,person,0.5562,-5.65,292.29,-0.24,388.41,-2.95,340.35,5.41,96.12,520.32,0.06,Vertical Oblong,Neutral,"(0, 0, 0)","(0.0, 0.0, 0.0)",0.0,4,VISIBLE,-2.23,-0.18
23,5,person,0.8625,400.89,220.61,615.78,419.84,508.34,320.23,214.89,199.23,42812.71,1.08,Spherical / Regular,Green,"(46, 147, 148)","(54.51, -22.0, 33.0)",39.66,5,VISIBLE,0.99,-1.31
23,7,person,0.583,195.5,307.89,229.6,377.45,212.55,342.67,34.1,69.56,2371.83,0.49,Vertical Oblong,Cyan,"(96, 115, 175)","(58.43, -7.0, -8.0)",10.63,7,VISIBLE,-4.19,-0.45
23,6,person,0.5712,403.22,272.45,490.23,384.68,446.72,328.56,87.01,112.23,9765.11,0.78,Vertical Oblong,Green,"(83, 139, 171)","(61.57, -10.0, 17.0)",19.72,8,VISIBLE,-3.56,-2.55
24,1,person,0.8014,595.75,239.64,733.47,438.65,664.61,339.15,137.72,199.01,27406.92,0.69,Vertical Oblong,Cyan,"(95, 142, 149)","(52.16, -12.0, -5.0)",13.0,1,VISIBLE,-7.93,-1.43
24,2,person,0.7792,310.13,277.82,361.83,405.54,335.98,341.68,51.7,127.72,6603.05,0.4,Vertical Oblong,Pink,"(158, 155, 171)","(41.96, 28.0, 26.0)",38.21,2,VISIBLE,2.13,-0.88
24,3,person,0.678,80.7,286.63,138.32,388.15,109.51,337.39,57.62,101.52,5849.78,0.57,Vertical Oblong,Cyan,"(92, 135, 187)","(65.49, -12.0, -8.0)",14.42,3,VISIBLE,-1.89,0.15
24,5,person,0.834,398.7,218.84,618.26,418.28,508.48,318.56,219.55,199.44,43787.22,1.1,Spherical / Regular,Green,"(46, 147, 148)","(54.12, -21.0, 33.0)",39.12,5,VISIBLE,0.4,-1.56
24,7,person,0.6385,189.17,307.46,226.45,377.44,207.81,342.45,37.28,69.98,2608.83,0.53,Vertical Oblong,Green,"(76, 136, 170)","(61.18, -19.0, 10.0)",21.47,7,VISIBLE,-4.58,-0.29
24,6,person,0.5055,399.67,270.47,486.93,387.76,443.3,329.12,87.26,117.29,10234.22,0.74,Vertical Oblong,Green,"(57, 140, 167)","(60.39, -14.0, 17.0)",22.02,8,VISIBLE,-3.46,-0.38
25,1,person,0.8407,587.32,237.78,727.04,438.72,657.18,338.25,139.73,200.93,28076.05,0.7,Vertical Oblong,Green,"(48, 150, 139)","(51.76, -25.0, 20.0)",32.02,1,VISIBLE,-7.58,-1.06
25,2,person,0.7846,311.62,276.79,363.75,404.27,337.68,340.53,52.13,127.49,6645.67,0.41,Vertical Oblong,Purple,"(141, 134, 148)","(36.86, 17.0, 22.0)",27.8,2,VISIBLE,1.83,-1.07
25,3,person,0.7426,77.89,287.73,136.24,387.63,107.06,337.68,58.35,99.9,5829.23,0.58,Vertical Oblong,Cyan,"(92, 137, 188)","(64.31, -9.0, -7.0)",11.4,3,VISIBLE,-2.28,0.25
25,5,person,0.7679,408.96,217.47,619.29,417.65,514.12,317.56,210.34,200.18,42105.19,1.05,Spherical / Regular,Green,"(46, 148, 149)","(54.51, -22.0, 34.0)",40.5,5,VISIBLE,4.07,-1.17
25,7,person,0.64,188.34,306.95,222.88,377.25,205.61,342.1,34.54,70.31,2428.47,0.49,Vertical Oblong,Green,"(55, 135, 172)","(62.75, -21.0, 12.0)",24.19,7,VISIBLE,-2.91,-0.33
25,6,person,0.6254,396.56,271.96,481.69,393.81,439.13,332.88,85.12,121.84,10371.27,0.7,Vertical Oblong,Green,"(48, 151, 165)","(60.0, -23.0, 20.0)",30.48,8,VISIBLE,-3.96,2.52
26,1,person,0.8293,579.85,236.35,721.43,438.09,650.64,337.22,141.58,201.74,28562.22,0.7,Vertical Oblong,Green,"(48, 150, 139)","(51.76, -25.0, 20.0)",32.02,1,VISIBLE,-6.85,-1.04
26,2,person,0.789,311.89,275.77,367.67,403.59,339.78,339.68,55.78,127.82,7129.32,0.44,Vertical Oblong,Purple,"(133, 131, 146)","(36.47, 12.0, 21.0)",24.19,2,VISIBLE,2.02,-0.92
26,3,person,0.7306,75.86,288.07,132.15,387.01,104.0,337.54,56.29,98.94,5569.13,0.57,Vertical Oblong,Cyan,"(91, 138, 196)","(65.88, -11.0, -7.0)",13.04,3,VISIBLE,-2.83,-0.02
26,5,person,0.7641,421.7,216.17,619.47,416.86,520.58,316.51,197.77,200.69,39691.73,0.99,Spherical / Regular,Green,"(47, 148, 149)","(54.51, -19.0, 33.0)",38.08,5,VISIBLE,5.74,-1.08
26,7,person,0.6598,186.64,306.16,219.7,376.66,203.17,341.41,33.07,70.5,2331.21,0.47,Vertical Oblong,Cyan,"(96, 119, 178)","(60.78, -7.0, -8.0)",10.63,7,VISIBLE,-2.58,-0.58
26,6,person,0.689,393.68,267.54,479.09,399.35,436.39,333.45,85.41,131.81,11258.02,0.65,Vertical Oblong,Cyan,"(90, 98, 221)","(79.61, -11.0, -2.0)",11.18,8,VISIBLE,-3.11,1.15
27,1,person,0.834,573.29,234.92,717.06,437.87,645.17,336.39,143.77,202.95,29178.21,0.71,Vertical Oblong,Green,"(48, 151, 140)","(51.76, -25.0, 21.0)",32.65,1,VISIBLE,-5.88,-0.89
27,2,person,0.8085,311.22,274.24,374.56,402.65,342.89,338.45,63.34,128.42,8133.78,0.49,Vertical Oblong,Purple,"(135, 130, 132)","(32.55, 8.0, 18.0)",19.7,2,VISIBLE,2.78,-1.14
27,3,person,0.7422,73.99,288.2,128.36,386.28,101.17,337.24,54.36,98.08,5331.99,0.55,Vertical Oblong,Cyan,"(91, 140, 199)","(66.27, -12.0, -7.0)",13.89,3,VISIBLE,-2.83,-0.22
27,5,person,0.8372,434.44,214.77,619.54,415.27,526.99,315.02,185.11,200.51,37115.23,0.92,Spherical / Regular,Green,"(46, 147, 149)","(53.73, -11.0, 31.0)",32.89,5,VISIBLE,6.21,-1.37
27,7,person,0.655,184.93,305.62,216.34,376.4,200.63,341.01,31.41,70.78,2223.09,0.44,Vertical Oblong,Cyan,"(95, 126, 179)","(60.78, -9.0, -10.5)",13.83,7,VISIBLE,-2.55,-0.45
27,6,person,0.7767,391.34,265.39,477.34,404.41,434.34,334.9,86.0,139.02,11954.75,0.62,Vertical Oblong,Cyan,"(90, 106, 219)","(77.65, -11.0, -2.0)",11.18,8,VISIBLE,-2.36,1.36
28,1,person,0.8487,568.03,233.89,713.68,437.39,640.86,335.64,145.65,203.49,29638.81,0.72,Vertical Oblong,Green,"(48, 151, 139)","(51.37, -25.0, 19.0)",31.4,1,VISIBLE,-4.79,-0.8
28,2,person,0.83,309.96,272.93,382.9,401.6,346.43,337.26,72.94,128.67,9384.85,0.57,Vertical Oblong,Purple,"(135, 128, 111)","(28.63, 7.0, 12.0)",13.89,2,VISIBLE,3.31,-1.17
28,3,person,0.7414,72.36,288.34,124.21,385.48,98.28,336.91,51.85,97.14,5037.07,0.53,Vertical Oblong,Cyan,"(91, 142, 201)","(67.45, -13.0, -8.0)",15.26,3,VISIBLE,-2.87,-0.3
28,5,person,0.8343,445.47,213.98,619.29,414.12,532.38,314.05,173.82,200.14,34787.54,0.87,Spherical / Regular,Green,"(47, 147, 149)","(52.94, -1.0, 31.0)",31.02,5,VISIBLE,5.63,-1.09
28,7,person,0.6603,182.8,305.27,213.06,376.04,197.93,340.65,30.26,70.77,2141.13,0.43,Vertical Oblong,Cyan,"(96, 127, 181)","(60.39, -8.0, -14.0)",16.12,7,VISIBLE,-2.66,-0.38
28,6,person,0.8111,389.65,263.36,476.16,409.96,432.91,336.66,86.51,146.6,12682.39,0.59,Vertical Oblong,Cyan,"(90, 105, 212)","(74.9, -11.0, -3.0)",11.4,8,VISIBLE,-1.71,1.64
29,1,person,0.8196,562.26,233.04,711.47,436.6,636.87,334.82,149.21,203.56,30372.35,0.73,Vertical Oblong,Green,"(49, 152, 138)","(50.59, -25.0, 19.0)",31.4,1,VISIBLE,-4.23,-0.81
29,2,person,0.7978,307.55,271.76,391.99,400.98,349.77,336.37,84.45,129.22,10912.38,0.65,Vertical Oblong,Purple,"(133, 128, 92)","(23.53, 8.0, 12.0)",14.42,2,VISIBLE,3.33,-0.98
29,3,person,0.7793,71.19,287.55,121.44,384.97,96.31,336.26,50.25,97.42,4895.36,0.52,Vertical Oblong,Cyan,"(91, 133, 210)","(69.41, -13.0, -7.0)",14.76,3,VISIBLE,-2.24,-0.54
29,5,person,0.7834,443.02,213.64,618.64,413.62,530.83,313.63,175.62,199.98,35120.55,0.88,Spherical / Regular,Green,"(47, 146, 150)","(52.94, -3.0, 29.0)",29.15,5,VISIBLE,0.61,-0.62
29,7,person,0.6423,180.21,304.68,210.36,375.55,195.28,340.11,30.15,70.87,2136.71,0.43,Vertical Oblong,Cyan,"(95, 130, 183)","(64.31, -15.0, -12.0)",19.21,7,VISIBLE,-2.65,-0.49
29,6,person,0.7673,388.58,261.8,479.91,415.5,434.25,338.65,91.33,153.7,14037.19,0.59,Vertical Oblong,Cyan,"(90, 108, 206)","(72.94, -12.0, -3.0)",12.37,8,VISIBLE,0.42,1.89
30,1,person,0.8258,557.05,232.54,709.85,435.46,633.45,334.0,152.79,202.92,31004.57,0.75,Vertical Oblong,Green,"(48, 153, 140)","(50.98, -25.0, 20.0)",32.02,1,VISIBLE,-3.66,-0.82
30,2,person,0.7934,305.86,270.69,395.9,398.6,350.88,334.64,90.03,127.91,11516.03,0.7,Vertical Oblong,Purple,"(133, 128, 87)","(21.96, 8.0, 11.0)",13.6,2,VISIBLE,1.78,-1.5
30,3,person,0.7637,69.27,285.82,117.73,384.18,93.5,335.0,48.46,98.37,4767.27,0.49,Vertical Oblong,Cyan,"(90, 133, 217)","(70.59, -12.0, -7.0)",13.89,3,VISIBLE,-2.64,-1.05
30,5,person,0.8052,455.14,213.15,617.15,413.63,536.14,313.39,162.01,200.48,32480.23,0.81,Spherical / Regular,Green,"(47, 147, 151)","(52.94, -2.0, 32.0)",32.06,5,VISIBLE,3.9,-0.35
30,7,person,0.6065,178.05,303.36,207.13,374.85,192.59,339.11,29.08,71.49,2078.94,0.41,Vertical Oblong,Cyan,"(94, 124, 183)","(64.71, -12.0, -10.0)",15.62,7,VISIBLE,-2.68,-0.86
30,6,person,0.8195,388.19,260.11,482.76,419.4,435.47,339.76,94.57,159.29,15064.81,0.59,Vertical Oblong,Cyan,"(90, 113, 201)","(71.76, -11.0, -3.0)",11.4,8,VISIBLE,0.99,1.34
31,1,person,0.8517,553.35,232.1,708.66,433.85,631.0,332.97,155.31,201.75,31334.75,0.77,Vertical Oblong,Green,"(48, 153, 142)","(50.98, -25.0, 23.0)",33.97,1,VISIBLE,-2.81,-0.96
31,2,person,0.7922,304.79,269.67,400.66,396.97,352.72,333.32,95.87,127.31,12205.28,0.75,Vertical Oblong,Purple,"(133, 134, 85)","(21.57, 8.0, 10.0)",12.81,2,VISIBLE,1.82,-1.38
31,3,person,0.7354,67.04,284.49,114.25,383.09,90.64,333.79,47.21,98.6,4655.23,0.48,Vertical Oblong,Cyan,"(91, 124, 220)","(72.55, -9.0, -8.0)",12.04,3,VISIBLE,-2.79,-1.16
31,5,person,0.8392,465.25,213.1,615.03,414.28,540.14,313.69,149.78,201.18,30132.71,0.74,Vertical Oblong,Green,"(47, 147, 150)","(52.55, -1.0, 33.0)",33.02,5,VISIBLE,3.97,0.1
31,7,person,0.621,175.37,301.88,204.49,374.06,189.93,337.97,29.12,72.18,2101.75,0.4,Vertical Oblong,Cyan,"(94, 122, 183)","(65.1, -10.5, -11.0)",15.21,7,VISIBLE,-2.67,-1.05
31,6,person,0.8267,387.99,258.28,485.86,421.65,436.93,339.97,97.87,163.37,15989.13,0.6,Vertical Oblong,Cyan,"(92, 115, 185)","(67.06, -10.0, -2.0)",10.2,8,VISIBLE,1.31,0.55
32,1,person,0.8551,550.36,231.92,708.15,433.45,629.26,332.68,157.79,201.53,31800.2,0.78,Vertical Oblong,Green,"(48, 152, 142)","(51.37, -25.0, 24.0)",34.66,1,VISIBLE,-2.07,-0.49
32,2,person,0.7808,305.02,268.59,403.62,395.91,354.32,332.25,98.6,127.32,12553.9,0.77,Vertical Oblong,Purple,"(135, 132, 83)","(21.18, 8.0, 10.0)",12.81,2,VISIBLE,1.66,-1.16
32,3,person,0.7409,64.42,283.46,111.17,382.1,87.8,332.78,46.76,98.64,4612.06,0.47,Vertical Oblong,Green,"(49, 143, 164)","(60.78, -28.0, 15.0)",31.76,3,VISIBLE,-2.83,-1.06
32,5,person,0.8022,471.53,213.92,612.2,415.81,541.87,314.87,140.68,201.9,28401.93,0.7,Vertical Oblong,Green,"(47, 147, 149)","(52.55, -2.0, 34.0)",34.06,5,VISIBLE,2.4,0.85
32,7,person,0.5902,172.83,300.38,201.88,372.39,187.36,336.38,29.05,72.01,2092.25,0.4,Vertical Oblong,Cyan,"(95, 107, 182)","(64.31, -7.0, -8.0)",10.63,7,VISIBLE,-2.6,-1.42
32,6,person,0.8291,387.7,256.15,485.53,421.97,436.62,339.06,97.84,165.82,16223.31,0.59,Vertical Oblong,Green,"(47, 147, 155)","(55.29, -21.0, 22.0)",30.41,8,VISIBLE,0.18,-0.47
33,1,person,0.8671,547.61,231.72,709.49,433.03,628.55,332.37,161.87,201.31,32586.44,0.8,Spherical / Regular,Green,"(47, 152, 138)","(50.59, -25.0, 26.0)",36.07,1,VISIBLE,-1.11,-0.36
33,2,person,0.749,306.75,268.38,407.75,396.1,357.25,332.24,101.0,127.72,12899.96,0.79,Vertical Oblong,Purple,"(141, 147, 90)","(22.35, 9.0, 12.5)",15.4,2,VISIBLE,2.55,-0.36
33,3,person,0.784,61.58,282.03,108.7,381.1,85.14,331.56,47.12,99.07,4667.64,0.48,Vertical Oblong,Green,"(48, 143, 163)","(60.0, -28.0, 18.0)",33.29,3,VISIBLE,-2.71,-1.17
33,5,person,0.8281,476.61,215.13,606.22,417.86,541.42,316.49,129.61,202.73,26276.4,0.64,Vertical Oblong,Green,"(47, 147, 147)","(51.37, -6.0, 34.0)",34.53,5,VISIBLE,0.4,1.4
33,7,person,0.592,170.53,298.62,199.73,371.62,185.13,335.12,29.2,73.0,2131.9,0.4,Vertical Oblong,Cyan,"(94, 115, 182)","(65.49, -8.0, -8.0)",11.31,7,VISIBLE,-2.34,-1.31
33,6,person,0.7941,387.18,254.73,485.09,419.45,436.13,337.09,97.91,164.72,16128.23,0.59,Vertical Oblong,Green,"(48, 143, 152)","(54.51, -19.0, 21.0)",28.32,8,VISIBLE,-0.28,-1.52
34,1,person,0.8657,545.48,231.99,711.38,432.5,628.43,332.24,165.9,200.51,33266.09,0.83,Spherical / Regular,Green,"(47, 151, 138)","(50.59, -25.0, 27.0)",36.8,1,VISIBLE,-0.42,-0.2
34,2,person,0.7554,310.46,268.82,409.72,397.06,360.09,332.94,99.26,128.24,12729.3,0.77,Vertical Oblong,Purple,"(141, 153, 92)","(23.14, 10.0, 14.0)",17.2,2,VISIBLE,2.75,0.38
34,3,person,0.7792,58.48,280.4,107.14,379.54,82.81,329.97,48.67,99.14,4824.58,0.49,Vertical Oblong,Green,"(48, 143, 163)","(60.0, -27.0, 17.0)",31.91,3,VISIBLE,-2.44,-1.47
34,5,person,0.8339,479.95,216.35,600.36,421.4,540.15,318.88,120.41,205.05,24690.35,0.59,Vertical Oblong,Green,"(47, 147, 146)","(50.59, -4.0, 34.0)",34.23,5,VISIBLE,-0.76,2.09
34,7,person,0.644,168.6,297.03,198.13,370.8,183.36,333.91,29.53,73.77,2178.08,0.4,Vertical Oblong,Cyan,"(93, 109, 183)","(65.88, -8.0, -7.0)",10.63,7,VISIBLE,-1.94,-1.24
34,6,person,0.7967,386.25,252.84,485.06,419.45,435.65,336.14,98.81,166.61,16463.71,0.59,Vertical Oblong,Green,"(47, 144, 153)","(54.51, -19.0, 22.0)",29.07,8,VISIBLE,-0.42,-1.12
35,1,person,0.8656,547.26,231.91,713.4,431.33,630.33,331.62,166.14,199.41,33130.25,0.83,Spherical / Regular,Green,"(47, 152, 138)","(50.59, -25.0, 27.0)",36.8,1,VISIBLE,1.2,-0.5
35,2,person,0.7725,312.21,268.31,409.77,397.67,360.99,332.99,97.56,129.36,12619.93,0.75,Vertical Oblong,Purple,"(133, 159, 99)","(24.71, 13.0, 16.0)",20.62,2,VISIBLE,1.46,0.15
35,3,person,0.7909,55.84,278.18,106.59,377.93,81.21,328.05,50.75,99.74,5061.71,0.51,Vertical Oblong,Green,"(48, 143, 163)","(60.39, -25.0, 17.0)",30.23,3,VISIBLE,-1.85,-1.78
35,5,person,0.8247,482.2,217.16,593.78,425.45,537.99,321.31,111.58,208.29,23240.78,0.54,Vertical Oblong,Blue,"(106, 135, 118)","(30.59, 2.0, 11.0)",11.18,5,VISIBLE,-1.74,2.33
35,7,person,0.6114,166.79,295.63,196.26,369.69,181.52,332.66,29.47,74.06,2182.61,0.4,Vertical Oblong,Green,"(67, 144, 171)","(62.35, -25.0, 11.0)",27.31,7,VISIBLE,-1.87,-1.25
35,6,person,0.8077,385.37,250.78,484.87,420.01,435.12,335.4,99.5,169.23,16837.37,0.59,Vertical Oblong,Green,"(47, 145, 153)","(54.51, -19.0, 22.0)",29.07,8,VISIBLE,-0.5,-0.86
35,9,ball,0.3141,404.3,383.51,435.83,414.43,420.07,398.97,31.53,30.92,974.94,1.02,Spherical / Regular,Green,"(45, 90, 194)","(69.41, -9.0, 26.0)",27.51,9,VISIBLE,0.0,0.0
36,1,person,0.8759,550.58,232.39,715.2,430.54,632.89,331.46,164.61,198.15,32618.52,0.83,Spherical / Regular,Green,"(47, 151, 138)","(50.59, -25.0, 29.0)",38.29,1,VISIBLE,2.15,-0.26
36,2,person,0.7544,312.65,268.27,409.64,398.34,361.15,333.3,96.99,130.07,12615.53,0.75,Vertical Oblong,Purple,"(131, 165, 108)","(25.88, 15.0, 18.0)",23.43,2,VISIBLE,0.55,0.27
36,3,person,0.7753,54.01,276.49,106.94,376.45,80.48,326.47,52.94,99.95,5291.06,0.53,Vertical Oblong,Green,"(49, 142, 162)","(59.61, -21.0, 16.0)",26.4,3,VISIBLE,-1.07,-1.64
36,5,person,0.8189,483.9,217.98,585.23,428.21,534.57,323.1,101.32,210.23,21301.42,0.48,Vertical Oblong,Blue,"(106, 141, 128)","(31.76, 4.0, 18.5)",18.93,5,VISIBLE,-2.92,1.95
36,7,person,0.6133,165.09,294.47,194.8,368.49,179.94,331.48,29.71,74.02,2199.34,0.4,Vertical Oblong,Green,"(71, 138, 172)","(63.53, -24.0, 7.0)",25.0,7,VISIBLE,-1.67,-1.2
36,6,person,0.8213,384.21,248.97,484.97,420.77,434.59,334.87,100.77,171.79,17310.7,0.59,Vertical Oblong,Green,"(47, 145, 151)","(54.9, -19.0, 21.0)",28.32,8,VISIBLE,-0.52,-0.63
36,9,ball,0.4244,403.81,383.92,432.82,415.21,418.31,399.56,29.01,31.29,907.7,0.93,Spherical / Regular,Green,"(44, 123, 135)","(51.76, -18.0, 26.0)",31.62,9,VISIBLE,-1.75,0.6
37,1,person,0.8502,555.28,233.85,716.23,430.32,635.75,332.09,160.95,196.47,31622.16,0.82,Spherical / Regular,Green,"(47, 152, 136)","(49.8, -25.0, 28.0)",37.54,1,VISIBLE,2.65,0.36
37,2,person,0.6755,310.18,268.66,412.2,403.42,361.19,336.04,102.01,134.76,13747.2,0.76,Vertical Oblong,Purple,"(150, 177, 115)","(27.06, 16.0, 19.0)",24.84,2,VISIBLE,0.2,1.99
37,3,person,0.7785,53.01,274.7,108.76,375.38,80.89,325.04,55.75,100.68,5613.03,0.55,Vertical Oblong,Green,"(49, 137, 160)","(59.61, -26.0, 20.0)",32.8,3,VISIBLE,-0.03,-1.49
37,5,person,0.794,486.03,220.03,580.02,429.24,533.02,324.63,93.99,209.21,19663.88,0.45,Vertical Oblong,Blue,"(113, 145, 127)","(30.2, 7.0, 21.0)",22.14,5,VISIBLE,-1.95,1.66
37,7,person,0.6296,163.82,292.22,194.43,367.23,179.13,329.72,30.61,75.01,2296.28,0.41,Vertical Oblong,Green,"(61, 141, 172)","(63.53, -24.0, 12.0)",26.83,7,VISIBLE,-1.07,-1.59
37,6,person,0.8133,382.07,246.93,486.37,419.82,434.22,333.38,104.3,172.88,18031.45,0.6,Vertical Oblong,Green,"(46, 145, 148)","(53.73, -18.0, 20.0)",26.91,8,VISIBLE,-0.42,-1.23
37,9,ball,0.4244,403.59,384.08,431.78,415.48,417.68,399.78,28.19,31.4,885.13,0.9,Spherical / Regular,Yellow,"(34, 35, 240)","(92.16, -2.0, 11.0)",11.18,9,VISIBLE,-0.97,0.33
38,1,person,0.8686,560.64,234.93,716.27,430.04,638.45,332.48,155.63,195.11,30364.64,0.8,Spherical / Regular,Green,"(47, 152, 135)","(49.8, -25.0, 29.0)",38.29,1,VISIBLE,2.69,0.39
38,2,person,0.64,306.46,268.65,411.2,403.08,358.83,335.87,104.73,134.43,14079.43,0.78,Vertical Oblong,Pink,"(155, 183, 121)","(29.02, 19.0, 20.0)",27.59,2,VISIBLE,-1.59,0.48
38,3,person,0.7822,52.32,273.46,110.43,374.23,81.38,323.85,58.11,100.77,5855.76,0.58,Vertical Oblong,Green,"(48, 139, 162)","(60.0, -27.0, 21.0)",34.21,3,VISIBLE,0.33,-1.28
38,5,person,0.8048,488.87,221.95,577.46,429.84,533.17,325.9,88.59,207.89,18417.81,0.43,Vertical Oblong,Blue,"(109, 148, 132)","(31.37, 8.0, 24.0)",25.3,5,VISIBLE,-0.49,1.38
38,7,person,0.6459,163.01,290.15,194.81,365.92,178.91,328.03,31.8,75.77,2409.14,0.42,Vertical Oblong,Green,"(65, 141, 176)","(64.71, -24.0, 11.0)",26.4,7,VISIBLE,-0.47,-1.66
38,6,person,0.8055,379.95,244.82,488.25,418.52,434.1,331.67,108.3,173.7,18812.03,0.62,Vertical Oblong,Cyan,"(96, 142, 148)","(49.8, -10.0, -5.0)",11.18,8,VISIBLE,-0.21,-1.56
38,9,ball,0.4231,399.65,386.06,428.82,417.42,414.23,401.74,29.17,31.36,914.76,0.93,Spherical / Regular,Yellow,"(35, 101, 146)","(54.51, -9.0, 22.0)",23.77,9,VISIBLE,-2.7,1.47
39,1,person,0.8712,565.7,235.97,715.45,429.58,640.58,332.77,149.75,193.62,28993.64,0.77,Vertical Oblong,Green,"(47, 151, 134)","(49.8, -25.0, 27.0)",36.8,1,VISIBLE,2.29,0.32
39,2,person,0.659,302.26,268.29,417.71,409.93,359.98,339.11,115.45,141.63,16352.16,0.82,Spherical / Regular,Cyan,"(87, 170, 138)","(34.9, 13.0, 22.0)",25.55,2,VISIBLE,0.33,2.41
39,3,person,0.778,52.0,271.92,111.49,373.4,81.75,322.66,59.49,101.48,6037.7,0.59,Vertical Oblong,Green,"(48, 139, 162)","(60.39, -27.0, 21.0)",34.21,3,VISIBLE,0.36,-1.21
39,5,person,0.7695,490.9,222.56,577.34,429.99,534.12,326.28,86.44,207.43,17930.14,0.42,Vertical Oblong,Blue,"(120, 150, 135)","(31.76, 9.0, 24.0)",25.63,5,VISIBLE,0.52,0.68
39,7,person,0.6587,162.48,288.14,195.39,364.77,178.94,326.45,32.91,76.64,2522.04,0.43,Vertical Oblong,Cyan,"(95, 106, 184)","(62.35, -7.0, -8.0)",10.63,7,VISIBLE,-0.12,-1.6
39,6,person,0.8053,379.21,242.51,490.22,416.8,434.71,329.65,111.0,174.28,19345.88,0.64,Vertical Oblong,Cyan,"(96, 146, 146)","(48.24, -11.0, -5.0)",12.08,8,VISIBLE,0.37,-1.88
39,9,ball,0.4398,396.35,386.69,425.47,418.76,410.91,402.73,29.12,32.07,933.9,0.91,Spherical / Regular,Green,"(53, 36, 239)","(91.96, -9.0, 13.0)",15.81,9,VISIBLE,-3.14,1.13
40,1,person,0.8434,569.02,236.69,714.64,429.79,641.83,333.24,145.62,193.1,28119.6,0.75,Vertical Oblong,Green,"(47, 151, 134)","(49.8, -25.0, 26.0)",36.07,1,VISIBLE,1.57,0.42
40,2,person,0.7113,298.24,268.34,416.97,407.1,357.6,337.72,118.73,138.76,16475.1,0.86,Spherical / Regular,Green,"(71, 164, 138)","(36.47, 11.0, 24.0)",26.4,2,VISIBLE,-1.57,-0.25
40,3,person,0.79,52.14,270.69,112.76,372.54,82.45,321.62,60.62,101.85,6174.68,0.6,Vertical Oblong,Green,"(48, 138, 162)","(60.0, -27.0, 22.0)",34.83,3,VISIBLE,0.6,-1.1
40,5,person,0.7941,493.55,223.77,580.35,429.43,536.95,326.6,86.8,205.66,17851.59,0.42,Vertical Oblong,Purple,"(128, 150, 134)","(31.37, 11.0, 25.0)",27.31,5,VISIBLE,2.14,0.43
40,7,person,0.6533,162.53,286.7,195.61,363.9,179.07,325.3,33.08,77.2,2553.37,0.43,Vertical Oblong,Green,"(70, 138, 176)","(64.71, -24.0, 11.0)",26.4,7,VISIBLE,0.06,-1.29
40,6,person,0.8041,378.03,241.07,492.64,415.33,435.34,328.2,114.61,174.26,19970.7,0.66,Vertical Oblong,Cyan,"(96, 146, 145)","(48.24, -11.0, -5.0)",12.08,8,VISIBLE,0.54,-1.58
40,9,ball,0.5769,392.55,385.54,422.48,418.06,407.52,401.8,29.92,32.52,973.01,0.92,Spherical / Regular,Green,"(44, 76, 211)","(80.98, -12.0, 26.0)",28.64,9,VISIBLE,-3.32,-0.31
41,1,person,0.8319,572.2,237.45,714.57,430.21,643.38,333.83,142.37,192.76,27444.35,0.74,Vertical Oblong,Green,"(47, 149, 134)","(48.63, -24.0, 25.0)",34.66,1,VISIBLE,1.56,0.54
41,2,person,0.6862,295.01,267.84,418.13,397.62,356.57,332.73,123.12,129.78,15978.37,0.95,Spherical / Regular,Blue,"(103, 167, 133)","(35.69, 13.0, 19.0)",23.02,2,VISIBLE,-1.19,-3.57
41,3,person,0.7923,53.58,269.19,115.56,371.96,84.57,320.58,61.98,102.77,6369.73,0.6,Vertical Oblong,Green,"(48, 139, 162)","(60.0, -27.0, 26.0)",37.48,3,VISIBLE,1.66,-1.06
41,5,person,0.8256,495.98,225.1,588.93,427.72,542.46,326.41,92.95,202.62,18832.95,0.46,Vertical Oblong,Purple,"(135, 149, 123)","(30.2, 10.0, 22.0)",24.17,5,VISIBLE,4.49,-0.0
41,7,person,0.6689,163.06,285.23,195.95,363.22,179.51,324.23,32.88,77.99,2564.74,0.42,Vertical Oblong,Cyan,"(95, 120, 184)","(60.0, -8.0, -9.0)",12.04,7,VISIBLE,0.32,-1.14
41,6,person,0.7934,377.21,239.08,496.18,413.83,436.7,326.46,118.97,174.75,20790.79,0.68,Vertical Oblong,Green,"(47, 145, 149)","(53.33, -17.0, 22.0)",27.8,8,VISIBLE,1.12,-1.7
41,9,ball,0.4211,389.45,384.09,419.5,416.72,404.48,400.4,30.05,32.63,980.62,0.92,Spherical / Regular,Green,"(41, 43, 240)","(90.98, -7.0, 13.0)",14.76,9,VISIBLE,-3.12,-1.07
42,1,person,0.8137,574.39,237.9,714.85,430.19,644.62,334.05,140.46,192.29,27008.21,0.73,Vertical Oblong,Green,"(47, 149, 133)","(48.63, -23.0, 23.0)",32.53,1,VISIBLE,1.33,0.31
42,2,person,0.7819,292.58,267.18,422.12,390.69,357.35,328.94,129.54,123.51,15998.73,1.05,Spherical / Regular,Cyan,"(101, 156, 126)","(34.12, 13.0, 18.0)",22.2,2,VISIBLE,0.19,-3.73
42,3,person,0.8084,54.86,267.74,119.4,370.65,87.13,319.2,64.54,102.91,6641.49,0.63,Vertical Oblong,Green,"(47, 139, 165)","(60.39, -28.0, 26.0)",38.21,3,VISIBLE,2.29,-1.28
42,5,person,0.8227,498.73,225.69,598.76,425.84,548.75,325.77,100.03,200.15,20021.2,0.5,Vertical Oblong,Purple,"(128, 148, 112)","(27.45, 8.5, 21.0)",22.66,5,VISIBLE,5.75,-0.45
42,7,person,0.6719,163.81,284.13,196.69,362.47,180.25,323.3,32.88,78.35,2576.14,0.42,Vertical Oblong,Cyan,"(96, 115, 182)","(59.22, -8.0, -8.0)",11.31,7,VISIBLE,0.62,-0.99
42,6,person,0.8029,376.2,236.96,499.29,412.29,437.74,324.62,123.09,175.34,21581.91,0.7,Vertical Oblong,Green,"(46, 144, 150)","(53.73, -18.0, 22.0)",28.43,8,VISIBLE,1.07,-1.79
42,9,ball,0.377,386.12,382.84,417.09,415.26,401.6,399.05,30.97,32.42,1003.88,0.96,Spherical / Regular,Yellow,"(33, 77, 216)","(72.94, -4.0, 21.0)",21.38,9,VISIBLE,-2.95,-1.27
43,1,person,0.8022,575.61,237.73,715.25,429.86,645.43,333.8,139.64,192.12,26828.45,0.73,Vertical Oblong,Green,"(47, 148, 133)","(48.63, -22.0, 22.0)",31.11,1,VISIBLE,0.97,-0.08
43,2,person,0.7728,291.1,266.56,429.92,386.79,360.51,326.68,138.82,120.23,16690.83,1.15,Spherical / Regular,Blue,"(103, 150, 119)","(33.33, 11.0, 15.0)",18.6,2,VISIBLE,2.27,-2.7
43,3,person,0.8327,56.26,266.33,123.3,369.21,89.78,317.77,67.04,102.88,6897.49,0.65,Vertical Oblong,Green,"(47, 142, 165)","(60.39, -27.0, 28.0)",38.9,3,VISIBLE,2.54,-1.38
43,5,person,0.8095,501.82,226.84,610.85,424.94,556.34,325.89,109.04,198.1,21600.16,0.55,Vertical Oblong,Cyan,"(94, 144, 119)","(29.02, 9.0, 21.0)",22.85,5,VISIBLE,7.04,-0.05
43,7,person,0.6695,164.77,283.23,198.08,361.57,181.43,322.4,33.31,78.34,2609.66,0.43,Vertical Oblong,Cyan,"(96, 124, 181)","(58.04, -7.0, -8.0)",10.63,7,VISIBLE,1.01,-0.93
43,6,person,0.7836,375.37,236.39,501.61,410.83,438.49,323.61,126.24,174.44,22021.06,0.72,Vertical Oblong,Green,"(46, 145, 150)","(54.12, -18.0, 21.0)",27.66,8,VISIBLE,0.84,-1.25
43,9,ball,0.3429,383.63,381.68,414.98,413.14,399.3,397.41,31.35,31.46,986.41,1.0,Spherical / Regular,Yellow,"(35, 99, 171)","(60.78, -4.0, 23.0)",23.35,9,VISIBLE,-2.49,-1.53
44,1,person,0.7626,574.53,237.26,716.01,429.25,645.27,333.25,141.48,191.99,27162.86,0.74,Vertical Oblong,Green,"(46, 145, 132)","(49.02, -21.0, 22.0)",30.41,1,VISIBLE,0.18,-0.4
44,2,person,0.7481,290.24,265.64,437.29,386.85,363.77,326.24,147.05,121.21,17823.39,1.21,Spherical / Regular,Cyan,"(96, 147, 119)","(33.73, 10.0, 13.0)",16.4,2,VISIBLE,2.96,-1.11
44,3,person,0.8064,57.64,264.68,127.59,367.82,92.62,316.25,69.95,103.14,7214.65,0.68,Vertical Oblong,Green,"(47, 142, 166)","(60.39, -27.0, 29.0)",39.62,3,VISIBLE,2.75,-1.48
44,5,person,0.7803,505.28,228.05,622.51,424.49,563.89,326.27,117.23,196.43,23028.63,0.6,Vertical Oblong,Cyan,"(90, 143, 128)","(31.37, 8.0, 21.0)",22.47,5,VISIBLE,7.4,0.25
44,7,person,0.6469,166.0,282.4,199.59,360.66,182.8,321.53,33.59,78.26,2628.82,0.43,Vertical Oblong,Cyan,"(96, 121, 178)","(57.65, -8.0, -9.0)",12.04,7,VISIBLE,1.26,-0.89
44,6,person,0.7998,373.19,236.1,502.36,409.23,437.77,322.67,129.17,173.14,22364.01,0.75,Vertical Oblong,Green,"(46, 146, 149)","(53.73, -18.0, 21.0)",27.66,8,VISIBLE,-0.25,-1.04
44,9,ball,0.4318,381.67,380.48,413.59,410.96,397.63,395.72,31.92,30.48,972.91,1.05,Spherical / Regular,Green,"(43, 91, 154)","(57.65, -7.0, 20.0)",21.19,9,VISIBLE,-1.92,-1.64
45,1,person,0.588,572.45,235.36,716.55,427.73,644.5,331.55,144.09,192.38,27720.36,0.75,Vertical Oblong,Green,"(48, 146, 132)","(47.06, -18.0, 17.0)",24.76,1,VISIBLE,-0.49,-1.32
45,2,person,0.744,292.66,265.15,446.09,391.31,369.38,328.23,153.43,126.16,19357.53,1.22,Spherical / Regular,Cyan,"(90, 139, 120)","(36.86, 6.0, 12.0)",13.42,2,VISIBLE,4.81,1.06
45,3,person,0.8262,60.13,263.33,133.13,366.49,96.63,314.91,73.0,103.16,7531.29,0.71,Vertical Oblong,Green,"(47, 140, 160)","(59.22, -26.0, 26.0)",36.77,3,VISIBLE,3.63,-1.38
45,5,person,0.5824,508.98,229.99,632.61,424.18,570.79,327.09,123.63,194.19,24007.62,0.64,Vertical Oblong,Cyan,"(90, 142, 134)","(38.04, 6.0, 17.0)",18.03,5,VISIBLE,7.05,0.65
45,7,person,0.6722,167.93,281.65,202.29,359.52,185.11,320.59,34.36,77.87,2675.8,0.44,Vertical Oblong,Green,"(67, 139, 174)","(63.53, -22.0, 11.0)",24.6,7,VISIBLE,2.0,-0.93
45,6,person,0.7921,370.62,235.81,505.65,407.35,438.13,321.58,135.03,171.54,23163.58,0.79,Vertical Oblong,Green,"(46, 146, 148)","(52.94, -16.0, 22.0)",27.2,8,VISIBLE,0.18,-1.07
45,9,ball,0.3119,380.66,379.08,412.58,408.88,396.62,393.98,31.92,29.81,951.48,1.07,Spherical / Regular,Green,"(41, 45, 222)","(86.47, -7.0, 17.0)",18.38,9,VISIBLE,-1.28,-1.71
46,1,person,0.4673,570.82,233.77,696.1,427.58,633.46,330.68,125.28,193.81,24281.45,0.65,Vertical Oblong,Green,"(51, 142, 143)","(50.2, -16.0, 14.0)",21.26,1,VISIBLE,-7.87,-1.0
46,2,person,0.7422,295.76,264.76,447.61,389.45,371.68,327.11,151.84,124.69,18933.29,1.22,Spherical / Regular,Green,"(51, 139, 122)","(37.25, 7.0, 12.0)",13.89,2,VISIBLE,3.06,-0.47
46,3,person,0.767,62.63,262.26,138.9,364.89,100.77,313.57,76.27,102.63,7827.29,0.74,Vertical Oblong,Green,"(47, 141, 162)","(59.61, -25.0, 25.0)",35.36,3,VISIBLE,3.98,-1.35
46,5,person,0.5125,512.97,231.1,623.28,420.86,568.13,325.98,110.31,189.75,20931.72,0.58,Vertical Oblong,Cyan,"(90, 144, 133)","(35.29, 9.0, 19.0)",21.02,5,VISIBLE,0.25,-0.58
46,7,person,0.6268,170.12,280.76,205.59,358.67,187.86,319.72,35.47,77.91,2763.54,0.46,Vertical Oblong,Cyan,"(95, 119, 179)","(60.0, -7.0, -9.0)",11.4,7,VISIBLE,2.52,-0.89
46,6,person,0.7694,369.25,235.74,507.09,405.48,438.17,320.61,137.85,169.74,23398.85,0.81,Spherical / Regular,Green,"(46, 146, 148)","(52.94, -16.0, 22.0)",27.2,8,VISIBLE,0.08,-1.0
46,9,ball,0.5375,379.57,377.7,412.18,407.45,395.87,392.58,32.61,29.75,970.26,1.1,Spherical / Regular,Green,"(40, 74, 194)","(73.53, -10.0, 23.0)",25.08,9,VISIBLE,-0.91,-1.5
47,1,person,0.5157,567.48,231.61,680.99,427.75,624.23,329.68,113.51,196.13,22263.57,0.58,Vertical Oblong,Green,"(64, 143, 148)","(51.37, -13.0, 14.0)",19.1,1,VISIBLE,-8.82,-1.0
47,2,person,0.7693,299.29,264.38,447.05,387.36,373.17,325.87,147.76,122.98,18171.61,1.2,Spherical / Regular,Green,"(51, 140, 123)","(38.04, 8.0, 13.0)",15.26,2,VISIBLE,1.96,-1.01
47,3,person,0.7983,65.76,261.53,144.63,363.66,105.19,312.6,78.86,102.14,8054.59,0.77,Vertical Oblong,Green,"(47, 142, 163)","(60.39, -27.0, 26.0)",37.48,3,VISIBLE,4.3,-1.09
47,5,person,0.3863,517.28,232.21,617.03,418.84,567.15,325.52,99.75,186.62,18616.41,0.53,Vertical Oblong,Cyan,"(86, 145, 136)","(34.12, 11.0, 21.0)",23.71,5,VISIBLE,-0.61,-0.49
47,7,person,0.6541,173.39,279.75,209.15,357.26,191.27,318.51,35.76,77.51,2771.91,0.46,Vertical Oblong,Cyan,"(95, 123, 184)","(61.18, -8.0, -8.0)",11.31,7,VISIBLE,3.15,-1.11
47,6,person,0.7631,368.97,235.68,507.56,403.68,438.27,319.68,138.59,168.0,23283.29,0.82,Spherical / Regular,Green,"(46, 147, 150)","(53.33, -16.0, 22.0)",27.2,8,VISIBLE,0.09,-0.95
47,9,ball,0.5413,378.32,376.83,411.42,406.61,394.87,391.72,33.11,29.78,985.75,1.11,Spherical / Regular,Green,"(39, 89, 210)","(70.78, -10.5, 25.0)",27.12,9,VISIBLE,-0.98,-1.05
47,10,person,0.4255,613.35,260.19,716.38,424.65,664.86,342.42,103.03,164.47,16945.04,0.63,Vertical Oblong,Green,"(48, 151, 142)","(49.41, -20.0, 22.0)",29.73,10,VISIBLE,0.0,0.0
48,1,person,0.5701,547.34,230.36,676.02,425.63,611.68,327.99,128.68,195.27,25127.62,0.66,Vertical Oblong,Green,"(66, 148, 140)","(49.02, -12.0, 18.0)",21.63,1,VISIBLE,-11.43,-1.48
48,2,person,0.7579,303.69,263.95,445.91,385.71,374.8,324.83,142.21,121.77,17316.57,1.17,Spherical / Regular,Green,"(49, 138, 122)","(37.25, 9.0, 15.0)",17.49,2,VISIBLE,1.73,-1.03
48,3,person,0.7777,69.17,261.5,150.36,362.79,109.76,312.14,81.19,101.3,8224.21,0.8,Spherical / Regular,Green,"(46, 140, 163)","(60.0, -27.0, 27.0)",38.18,3,VISIBLE,4.49,-0.64
48,5,person,0.3863,520.92,233.43,617.88,417.4,569.4,325.42,96.96,183.96,17837.01,0.53,Vertical Oblong,Cyan,"(101, 145, 136)","(34.12, 10.0, 21.0)",23.26,5,VISIBLE,1.39,-0.22
48,7,person,0.6965,176.52,278.9,212.33,356.55,194.42,317.72,35.8,77.65,2779.95,0.46,Vertical Oblong,Cyan,"(95, 117, 186)","(61.96, -8.0, -8.0)",11.31,7,VISIBLE,3.15,-0.88
48,6,person,0.7695,370.09,235.03,507.66,402.4,438.88,318.71,137.57,167.37,23025.71,0.82,Spherical / Regular,Green,"(46, 146, 150)","(54.12, -17.0, 23.0)",28.6,8,VISIBLE,0.45,-0.96
48,10,person,0.4317,613.41,260.58,716.06,424.7,664.73,342.64,102.65,164.12,16847.54,0.63,Vertical Oblong,Green,"(48, 149, 142)","(49.02, -19.0, 20.0)",27.59,10,VISIBLE,-0.13,0.22
48,9,ball,0.5413,376.6,375.8,410.14,405.32,393.37,390.56,33.54,29.53,990.24,1.14,Spherical / Regular,Green,"(47, 59, 208)","(79.22, -12.0, 18.0)",21.63,9,VISIBLE,-1.34,-1.13
49,1,person,0.5683,552.06,226.16,671.44,425.56,611.75,325.86,119.38,199.4,23804.52,0.6,Vertical Oblong,Cyan,"(88, 150, 137)","(46.67, -10.0, 16.0)",18.87,1,VISIBLE,-3.38,-1.94
49,2,person,0.6874,310.59,263.28,446.6,385.29,378.59,324.29,136.01,122.0,16593.87,1.11,Spherical / Regular,Green,"(48, 128, 122)","(38.04, 10.0, 14.0)",17.2,2,VISIBLE,3.18,-0.69
49,3,person,0.7316,73.08,261.74,156.12,362.77,114.6,312.25,83.04,101.02,8388.95,0.82,Spherical / Regular,Green,"(47, 137, 158)","(59.22, -27.0, 27.0)",38.18,3,VISIBLE,4.73,-0.12
49,5,person,0.3863,524.57,234.66,618.73,415.96,571.65,325.31,94.16,181.31,17072.48,0.52,Vertical Oblong,Cyan,"(98, 156, 130)","(34.12, 10.0, 17.0)",19.72,5,VISIBLE,1.99,-0.14
49,7,person,0.7172,180.3,278.24,216.06,356.89,198.18,317.57,35.76,78.65,2812.82,0.45,Vertical Oblong,Cyan,"(90, 133, 170)","(61.57, -19.0, 0.0)",19.0,7,VISIBLE,3.57,-0.38
49,6,person,0.808,373.36,234.55,508.08,401.92,440.72,318.24,134.73,167.37,22549.32,0.8,Spherical / Regular,Green,"(46, 146, 150)","(53.73, -15.0, 21.0)",25.81,8,VISIBLE,1.43,-0.62
49,10,person,0.3673,616.23,261.3,716.11,424.17,666.17,342.74,99.88,162.87,16268.03,0.61,Vertical Oblong,Green,"(53, 148, 148)","(49.8, -17.0, 18.0)",24.76,10,VISIBLE,0.97,0.13
49,9,ball,0.5925,377.69,375.63,410.86,405.57,394.28,390.6,33.17,29.93,992.82,1.11,Spherical / Regular,Green,"(39, 74, 229)","(87.45, -14.0, 26.0)",29.53,9,VISIBLE,0.23,-0.31
50,1,person,0.51,554.38,222.57,671.47,424.75,612.92,323.66,117.09,202.18,23673.48,0.58,Vertical Oblong,Cyan,"(89, 152, 135)","(46.67, -12.0, 16.0)",20.0,1,VISIBLE,-0.19,-2.12
50,2,person,0.5978,317.07,262.61,451.91,389.2,384.49,325.9,134.84,126.59,17069.4,1.07,Spherical / Regular,Green,"(47, 133, 138)","(42.75, 8.0, 16.0)",17.89,2,VISIBLE,5.08,0.93
50,3,person,0.5518,77.8,262.3,160.83,363.05,119.32,312.67,83.03,100.75,8365.89,0.82,Spherical / Regular,Green,"(47, 137, 158)","(59.61, -28.0, 28.0)",39.6,3,VISIBLE,4.72,0.26
50,5,person,0.3863,528.21,235.88,619.58,414.52,573.9,325.2,91.37,178.65,16322.82,0.51,Vertical Oblong,Cyan,"(100, 166, 129)","(34.12, 8.0, 16.0)",17.89,5,VISIBLE,2.17,-0.12
50,7,person,0.6704,185.05,277.66,220.1,357.23,202.58,317.44,35.05,79.57,2789.08,0.44,Vertical Oblong,Cyan,"(88, 137, 172)","(61.96, -21.0, 3.0)",21.21,7,VISIBLE,4.15,-0.2
50,6,person,0.8165,377.81,234.4,505.99,402.32,441.9,318.36,128.18,167.92,21524.08,0.76,Vertical Oblong,Green,"(46, 147, 150)","(54.51, -16.0, 22.0)",27.2,8,VISIBLE,1.25,-0.1
50,10,person,0.4108,619.89,261.16,714.45,423.39,667.17,342.28,94.56,162.22,15339.12,0.58,Vertical Oblong,Green,"(56, 147, 148)","(50.98, -16.0, 17.0)",23.35,10,VISIBLE,0.99,-0.28
50,9,ball,0.4232,378.22,375.88,411.6,406.21,394.91,391.05,33.38,30.33,1012.65,1.1,Spherical / Regular,Green,"(40, 62, 249)","(92.35, -7.5, 21.0)",22.3,9,VISIBLE,0.51,0.22
50,11,person,0.695,0.02,189.28,39.12,410.51,19.57,299.9,39.1,221.24,8651.4,0.18,Vertical Oblong,Purple,"(135, 105, 99)","(27.84, 10.0, 7.0)",12.21,11,VISIBLE,0.0,0.0
51,1,person,0.5453,556.55,219.76,676.52,424.14,616.54,321.95,119.97,204.37,24519.67,0.59,Vertical Oblong,Green,"(84, 153, 132)","(47.06, -13.0, 17.0)",21.4,1,VISIBLE,2.47,-1.83
51,2,person,0.5978,321.21,262.06,454.59,389.43,387.9,325.74,133.38,127.37,16987.91,1.05,Spherical / Regular,Green,"(47, 132, 141)","(43.53, 7.0, 16.0)",17.46,2,VISIBLE,3.91,0.17
51,3,person,0.6835,84.23,262.5,165.08,363.12,124.65,312.81,80.86,100.63,8136.35,0.8,Spherical / Regular,Green,"(47, 139, 160)","(60.0, -28.0, 28.0)",39.6,3,VISIBLE,5.15,0.17
51,5,person,0.3863,531.86,237.1,620.43,413.09,576.15,325.09,88.57,175.99,15588.01,0.5,Vertical Oblong,Cyan,"(100, 173, 133)","(36.47, 6.0, 15.0)",16.16,5,VISIBLE,2.23,-0.11
51,7,person,0.7026,189.55,277.59,224.83,357.86,207.19,317.73,35.29,80.28,2832.68,0.44,Vertical Oblong,Green,"(83, 138, 172)","(62.35, -21.0, 7.0)",22.14,7,VISIBLE,4.48,0.14
51,6,person,0.8146,382.91,234.02,502.87,403.03,442.89,318.53,119.96,169.01,20274.89,0.71,Vertical Oblong,Green,"(46, 147, 151)","(54.9, -16.0, 21.0)",26.4,8,VISIBLE,1.07,0.09
51,10,person,0.449,623.26,260.83,712.3,422.09,667.78,341.46,89.04,161.26,14359.07,0.55,Vertical Oblong,Green,"(54, 144, 145)","(50.59, -15.0, 16.0)",21.93,10,VISIBLE,0.72,-0.66
51,11,person,0.6639,0.02,189.6,40.51,410.43,20.26,300.01,40.49,220.83,8942.22,0.18,Vertical Oblong,Purple,"(141, 134, 155)","(40.39, 16.0, 19.0)",24.84,11,VISIBLE,0.69,0.12
51,9,ball,0.5309,378.78,376.59,412.57,407.32,395.67,391.96,33.79,30.74,1038.55,1.1,Spherical / Regular,Yellow,"(31, 83, 231)","(77.06, -3.0, 25.0)",25.18,9,VISIBLE,0.69,0.7
52,1,person,0.3494,549.01,219.02,662.14,421.77,605.58,320.4,113.13,202.75,22937.63,0.56,Vertical Oblong,Green,"(48, 153, 132)","(46.67, -11.0, 21.0)",23.71,1,VISIBLE,-6.93,-1.64
52,2,person,0.3501,329.66,261.23,462.62,385.69,396.14,323.46,132.96,124.45,16547.75,1.07,Spherical / Regular,Green,"(47, 128, 143)","(43.92, 8.0, 15.0)",17.0,2,VISIBLE,6.94,-1.55
52,3,person,0.4923,91.39,263.01,169.68,363.04,130.53,313.02,78.29,100.03,7831.28,0.78,Vertical Oblong,Green,"(47, 136, 160)","(60.0, -28.0, 29.0)",40.31,3,VISIBLE,5.66,0.2
52,5,person,0.3863,535.5,238.32,621.28,411.65,578.39,324.98,85.78,173.33,14868.07,0.49,Vertical Oblong,Cyan,"(99, 168, 136)","(37.65, 4.0, 12.0)",12.65,5,VISIBLE,2.24,-0.11
52,7,person,0.6817,194.03,277.37,229.94,357.96,211.99,317.67,35.91,80.59,2893.82,0.45,Vertical Oblong,Cyan,"(95, 120, 186)","(62.35, -8.0, -7.0)",10.63,7,VISIBLE,4.7,-0.0
52,6,person,0.7503,391.25,234.0,499.33,403.85,445.29,318.92,108.08,169.86,18357.16,0.64,Vertical Oblong,Green,"(46, 146, 151)","(55.29, -17.0, 21.0)",27.02,8,VISIBLE,2.0,0.31
52,10,person,0.3471,627.88,261.86,708.55,421.97,668.21,341.91,80.67,160.11,12915.94,0.5,Vertical Oblong,Green,"(51, 141, 143)","(50.59, -14.0, 16.0)",21.26,10,VISIBLE,0.52,0.12
52,11,person,0.7218,0.01,192.91,45.72,408.73,22.87,300.82,45.71,215.83,9865.73,0.21,Vertical Oblong,Red,"(173, 170, 187)","(44.71, 36.0, 28.0)",45.61,11,VISIBLE,2.03,0.6
52,9,ball,0.5309,378.5,376.39,412.56,407.27,395.53,391.83,34.06,30.88,1051.7,1.1,Spherical / Regular,Green,"(39, 39, 244)","(94.31, -3.0, 13.0)",13.34,9,VISIBLE,0.11,0.12
53,1,person,0.6802,551.11,215.7,674.37,421.62,612.74,318.66,123.26,205.92,25382.57,0.6,Vertical Oblong,Green,"(54, 154, 137)","(45.88, -11.0, 18.0)",21.1,1,VISIBLE,2.94,-1.71
53,2,person,0.3501,334.94,260.61,466.72,384.86,400.83,322.74,131.78,124.25,16373.7,1.06,Spherical / Regular,Green,"(47, 129, 134)","(42.35, 8.0, 14.0)",16.12,2,VISIBLE,5.37,-0.97
53,3,person,0.5122,116.85,264.6,175.7,363.1,146.28,313.85,58.85,98.5,5796.55,0.6,Vertical Oblong,Green,"(48, 137, 162)","(60.0, -26.0, 20.0)",32.8,3,VISIBLE,12.72,0.64
53,7,person,0.6873,198.84,277.83,235.0,358.02,216.92,317.93,36.16,80.19,2899.88,0.45,Vertical Oblong,Green,"(70, 138, 166)","(60.0, -19.0, 12.0)",22.47,7,VISIBLE,4.86,0.18
53,6,person,0.738,400.46,233.6,495.77,406.44,448.12,320.02,95.31,172.84,16472.43,0.55,Vertical Oblong,Green,"(46, 144, 149)","(54.9, -14.0, 20.0)",24.41,8,VISIBLE,2.58,0.86
53,10,person,0.3471,630.9,262.17,706.71,421.45,668.81,341.81,75.8,159.28,12074.23,0.48,Vertical Oblong,Green,"(58, 133, 141)","(50.59, -14.0, 14.0)",19.8,10,VISIBLE,0.57,-0.04
53,11,person,0.7097,0.02,196.51,53.81,407.93,26.92,302.22,53.79,211.42,11371.94,0.25,Vertical Oblong,Red,"(175, 184, 193)","(45.49, 41.0, 25.0)",48.02,11,VISIBLE,3.44,1.16
53,9,ball,0.2887,380.43,378.91,414.35,410.41,397.39,394.66,33.93,31.5,1068.56,1.08,Spherical / Regular,Green,"(45, 122, 141)","(54.51, -20.0, 28.0)",34.41,9,VISIBLE,1.33,2.02
54,1,person,0.5093,549.12,223.4,668.0,421.33,608.56,322.36,118.88,197.93,23529.47,0.6,Vertical Oblong,Green,"(50, 155, 140)","(46.67, -12.0, 20.0)",23.32,1,VISIBLE,-2.05,2.08
54,2,person,0.6217,342.06,259.46,475.02,392.41,408.54,325.93,132.96,132.95,17676.51,1.0,Spherical / Regular,Green,"(46, 141, 146)","(46.67, 7.0, 17.0)",18.38,2,VISIBLE,7.01,1.95
54,3,person,0.4201,136.49,266.02,182.12,363.14,159.31,314.58,45.63,97.12,4431.94,0.47,Vertical Oblong,Green,"(51, 137, 162)","(60.39, -25.0, 15.0)",29.15,3,VISIBLE,12.94,0.7
54,7,person,0.6966,204.2,278.26,240.43,357.3,222.32,317.78,36.23,79.05,2863.51,0.46,Vertical Oblong,Cyan,"(92, 122, 189)","(61.96, -11.0, -5.0)",12.08,7,VISIBLE,5.24,-0.05
54,6,person,0.6451,414.03,232.94,491.88,409.56,452.95,321.25,77.85,176.61,13750.3,0.44,Vertical Oblong,Cyan,"(93, 145, 183)","(60.39, -11.0, -9.0)",14.21,8,VISIBLE,4.16,1.12
54,10,person,0.3072,634.4,260.3,703.68,413.63,669.04,336.96,69.28,153.33,10622.84,0.45,Vertical Oblong,Green,"(61, 139, 145)","(51.37, -13.0, 14.0)",19.1,10,VISIBLE,0.34,-3.4
54,11,person,0.8127,0.04,198.04,60.84,407.49,30.44,302.77,60.8,209.45,12735.82,0.29,Vertical Oblong,Red,"(176, 191, 196)","(46.67, 44.0, 29.0)",52.7,11,VISIBLE,3.5,0.73
54,9,ball,0.4894,382.31,381.7,415.88,413.19,399.1,397.45,33.57,31.49,1057.12,1.07,Spherical / Regular,Green,"(42, 124, 138)","(52.94, -16.0, 27.0)",31.38,9,VISIBLE,1.59,2.55
55,1,person,0.7287,550.7,217.47,684.39,422.17,617.54,319.82,133.69,204.7,27366.64,0.65,Vertical Oblong,Green,"(49, 153, 139)","(47.45, -14.0, 19.0)",23.6,1,VISIBLE,5.68,-1.16
55,2,person,0.2841,348.68,258.73,481.34,387.73,415.01,323.23,132.66,128.99,17112.07,1.03,Spherical / Regular,Green,"(46, 138, 138)","(42.75, 8.0, 15.0)",17.0,2,VISIBLE,6.63,-1.31
55,3,person,0.4233,151.67,268.06,189.69,363.26,170.68,315.66,38.02,95.2,3619.66,0.4,Vertical Oblong,Green,"(51, 135, 166)","(61.18, -23.0, 13.0)",26.42,3,VISIBLE,11.84,0.97
55,7,person,0.6892,209.85,278.8,245.73,357.43,227.79,318.11,35.88,78.63,2821.24,0.46,Vertical Oblong,Cyan,"(93, 116, 196)","(63.92, -10.0, -5.0)",11.18,7,VISIBLE,5.4,0.22
55,6,person,0.691,421.45,232.37,492.58,412.2,457.02,322.29,71.13,179.83,12791.7,0.4,Vertical Oblong,Cyan,"(91, 140, 191)","(62.75, -10.0, -4.0)",10.77,8,VISIBLE,4.09,1.06
55,10,person,0.3589,639.59,259.42,704.9,411.22,672.24,335.32,65.32,151.8,9915.0,0.43,Vertical Oblong,Green,"(55, 148, 143)","(50.2, -14.0, 15.0)",20.52,10,VISIBLE,2.34,-2.17
55,11,person,0.834,0.02,199.33,71.56,406.72,35.79,303.02,71.53,207.4,14835.84,0.34,Vertical Oblong,Red,"(176, 184, 186)","(46.27, 41.0, 30.0)",50.8,11,VISIBLE,4.8,0.4
55,9,ball,0.4552,383.94,382.01,417.98,413.63,400.96,397.82,34.04,31.62,1076.25,1.08,Spherical / Regular,Green,"(44, 55, 228)","(87.45, -10.0, 15.0)",18.03,9,VISIBLE,1.78,1.03
56,1,person,0.6562,551.18,212.3,698.92,424.03,625.05,318.16,147.74,211.73,31281.4,0.7,Vertical Oblong,Green,"(48, 151, 138)","(47.84, -15.0, 19.0)",24.21,1,VISIBLE,6.96,-1.51
56,2,person,0.455,354.17,258.51,487.43,391.2,420.8,324.86,133.25,132.69,17680.75,1.0,Spherical / Regular,Green,"(46, 144, 139)","(42.75, 8.0, 17.0)",18.79,2,VISIBLE,6.04,0.74
56,3,person,0.4208,163.04,269.48,196.47,363.71,179.75,316.59,33.42,94.24,3149.61,0.35,Vertical Oblong,Green,"(54, 130, 166)","(61.57, -23.0, 14.0)",26.93,3,VISIBLE,9.91,0.94
56,7,person,0.6708,215.67,279.48,251.2,357.63,233.44,318.56,35.53,78.15,2776.74,0.45,Vertical Oblong,Cyan,"(94, 118, 196)","(64.31, -9.0, -8.0)",12.04,7,VISIBLE,5.57,0.37
56,6,person,0.7224,429.05,231.3,499.71,414.11,464.38,322.71,70.67,182.81,12918.08,0.39,Vertical Oblong,Green,"(46, 142, 148)","(54.51, -15.0, 21.0)",25.81,8,VISIBLE,6.38,0.61
56,10,person,0.4891,641.91,257.93,708.72,408.94,675.31,333.44,66.81,151.0,10087.82,0.44,Vertical Oblong,Green,"(48, 149, 148)","(50.98, -13.0, 15.0)",19.85,10,VISIBLE,2.85,-1.97
56,11,person,0.7988,1.6,202.17,84.47,406.45,43.04,304.31,82.86,204.28,16927.8,0.41,Vertical Oblong,Red,"(175, 167, 174)","(45.49, 34.0, 27.0)",43.42,11,VISIBLE,6.51,1.02
56,9,ball,0.4529,385.94,380.83,420.1,412.13,403.02,396.48,34.17,31.3,1069.62,1.09,Spherical / Regular,Yellow,"(36, 52, 222)","(84.71, -6.0, 17.0)",18.03,9,VISIBLE,1.98,-0.63
57,1,person,0.7299,549.09,207.95,710.8,426.12,629.95,317.03,161.71,218.17,35281.05,0.74,Vertical Oblong,Green,"(52, 150, 139)","(48.63, -14.0, 18.0)",22.8,1,VISIBLE,5.51,-1.24
57,2,person,0.7296,357.08,258.35,496.75,400.76,426.91,329.55,139.68,142.41,19890.99,0.98,Spherical / Regular,Green,"(46, 149, 145)","(47.06, 4.0, 20.0)",20.4,2,VISIBLE,6.09,3.51
57,3,person,0.5522,159.69,270.84,203.91,363.88,181.8,317.36,44.22,93.04,4113.86,0.48,Vertical Oblong,Green,"(61, 134, 163)","(60.39, -23.0, 12.0)",25.94,3,VISIBLE,4.4,0.82
57,7,person,0.6662,221.37,280.21,256.96,357.79,239.17,319.0,35.6,77.58,2761.54,0.46,Vertical Oblong,Cyan,"(95, 124, 204)","(64.71, -8.0, -8.0)",11.31,7,VISIBLE,5.68,0.42
57,6,person,0.5995,437.02,230.95,509.42,415.03,473.22,322.99,72.4,184.08,13327.04,0.39,Vertical Oblong,Green,"(46, 142, 146)","(53.33, -14.0, 20.0)",24.41,8,VISIBLE,8.1,0.38
57,10,person,0.4535,649.15,256.67,713.42,402.96,681.29,329.81,64.28,146.28,9402.39,0.44,Vertical Oblong,Cyan,"(90, 143, 153)","(52.55, -13.0, 12.0)",17.69,10,VISIBLE,5.03,-3.13
57,11,person,0.8593,7.64,204.33,96.42,406.75,52.03,305.54,88.78,202.42,17970.23,0.44,Vertical Oblong,Red,"(175, 167, 168)","(44.71, 33.0, 24.0)",40.8,11,VISIBLE,8.25,1.17
57,9,ball,0.372,389.0,378.72,422.55,410.23,405.78,394.47,33.55,31.51,1057.16,1.06,Spherical / Regular,Green,"(42, 49, 208)","(81.18, -10.0, 17.0)",19.72,9,VISIBLE,2.52,-1.59
57,5,person,0.3166,690.23,283.56,724.5,367.13,707.36,325.34,34.27,83.57,2863.65,0.41,Vertical Oblong,Cyan,"(95, 111, 151)","(57.25, -13.0, -6.0)",14.32,12,VISIBLE,18.73,0.02
58,1,person,0.6885,542.22,204.64,719.2,428.17,630.71,316.41,176.98,223.52,39558.93,0.79,Vertical Oblong,Green,"(49, 151, 139)","(48.63, -15.0, 20.0)",25.0,1,VISIBLE,2.19,-0.81
58,2,person,0.7046,360.3,257.89,505.36,407.04,432.83,332.46,145.05,149.15,21634.76,0.97,Spherical / Regular,Green,"(46, 148, 147)","(51.37, 4.0, 20.5)",20.89,2,VISIBLE,5.97,3.09
58,3,person,0.4892,171.43,271.61,210.64,363.88,191.03,317.74,39.21,92.27,3618.07,0.42,Vertical Oblong,Cyan,"(94, 76, 197)","(73.73, -7.0, -9.0)",11.4,3,VISIBLE,7.79,0.52
58,7,person,0.6236,227.7,281.02,262.9,358.57,245.3,319.79,35.2,77.55,2729.52,0.45,Vertical Oblong,Cyan,"(94, 133, 208)","(65.88, -11.0, -7.0)",13.04,7,VISIBLE,6.0,0.68
58,6,person,0.5815,443.24,230.72,520.57,415.6,481.9,323.16,77.33,184.89,14297.07,0.42,Vertical Oblong,Green,"(46, 143, 147)","(53.73, -16.0, 20.0)",25.61,8,VISIBLE,8.51,0.23
58,10,person,0.4212,655.48,255.61,719.81,400.96,687.65,328.28,64.33,145.35,9350.25,0.44,Vertical Oblong,Cyan,"(88, 143, 153)","(53.33, -14.0, 14.0)",19.8,10,VISIBLE,5.96,-2.01
58,11,person,0.8889,15.17,205.97,108.91,407.7,62.04,306.83,93.74,201.73,18910.75,0.46,Vertical Oblong,Red,"(175, 165, 163)","(44.71, 31.0, 24.0)",39.2,11,VISIBLE,9.48,1.26
58,5,person,0.2816,694.63,283.23,729.07,365.93,711.85,324.58,34.43,82.7,2847.83,0.42,Vertical Oblong,Cyan,"(96, 117, 149)","(56.08, -12.0, -6.0)",13.42,12,VISIBLE,8.76,-0.53
58,9,ball,0.46,391.95,376.28,424.75,407.61,408.35,391.94,32.8,31.33,1027.71,1.05,Spherical / Regular,Yellow,"(30, 89, 179)","(69.8, -2.0, 27.0)",27.07,9,VISIBLE,2.56,-2.25
59,1,person,0.4707,534.23,202.88,720.35,429.76,627.29,316.32,186.12,226.88,42226.44,0.82,Spherical / Regular,Green,"(47, 151, 138)","(48.63, -16.0, 21.0)",26.4,1,VISIBLE,-1.74,-0.3
59,2,person,0.7136,362.99,257.31,513.88,411.73,438.44,334.52,150.88,154.43,23300.54,0.98,Spherical / Regular,Green,"(46, 146, 147)","(52.55, 3.0, 21.0)",21.21,2,VISIBLE,5.71,2.37
59,3,person,0.4987,181.39,272.14,217.12,364.13,199.25,318.13,35.73,91.99,3287.31,0.39,Vertical Oblong,Cyan,"(92, 78, 198)","(73.73, -9.0, -7.0)",11.4,3,VISIBLE,8.09,0.43
59,7,person,0.631,233.6,281.88,269.63,358.96,251.61,320.42,36.03,77.08,2777.2,0.47,Vertical Oblong,Cyan,"(94, 129, 211)","(68.24, -9.0, -8.0)",12.04,7,VISIBLE,6.22,0.64
59,6,person,0.5815,450.51,230.25,525.78,416.86,488.15,323.56,75.27,186.61,14046.19,0.4,Vertical Oblong,Green,"(46, 144, 147)","(54.12, -14.0, 20.0)",24.41,8,VISIBLE,6.92,0.35
59,10,person,0.4583,660.99,254.95,726.97,402.03,693.98,328.49,65.98,147.09,9704.24,0.45,Vertical Oblong,Green,"(57, 140, 151)","(53.73, -13.0, 16.0)",20.62,10,VISIBLE,6.22,-0.46
59,11,person,0.894,22.84,207.13,120.26,408.61,71.55,307.87,97.42,201.48,19627.81,0.48,Vertical Oblong,Red,"(175, 165, 164)","(44.71, 32.0, 25.0)",40.61,11,VISIBLE,9.5,1.1
59,5,person,0.288,701.09,281.86,734.54,366.89,717.81,324.38,33.46,85.03,2845.02,0.39,Vertical Oblong,Cyan,"(96, 115, 150)","(56.86, -10.0, -5.5)",11.41,12,VISIBLE,6.8,-0.3
59,9,ball,0.2941,395.01,373.73,427.42,405.09,411.22,389.41,32.41,31.36,1016.23,1.03,Spherical / Regular,Green,"(44, 137, 137)","(50.98, -21.0, 31.0)",37.44,9,VISIBLE,2.77,-2.45
60,1,person,0.4553,528.88,201.99,709.69,431.87,619.28,316.93,180.81,229.88,41564.76,0.79,Vertical Oblong,Green,"(47, 151, 136)","(47.84, -17.0, 22.0)",27.8,1,VISIBLE,-6.12,0.34
60,2,person,0.7582,364.95,257.31,520.92,414.09,442.93,335.7,155.97,156.78,24452.69,0.99,Spherical / Regular,Green,"(46, 144, 146)","(52.94, 3.0, 20.0)",20.22,2,VISIBLE,4.86,1.54
60,3,person,0.6217,189.25,272.63,223.97,364.78,206.61,318.71,34.72,92.15,3199.11,0.38,Vertical Oblong,Cyan,"(94, 77, 194)","(71.37, -7.0, -8.0)",10.63,3,VISIBLE,7.58,0.53
60,7,person,0.6695,239.33,282.77,275.26,359.75,257.29,321.26,35.93,76.98,2765.83,0.47,Vertical Oblong,Cyan,"(93, 132, 210)","(66.67, -10.0, -6.0)",11.66,7,VISIBLE,5.84,0.78
60,6,person,0.5815,457.79,229.78,531.0,418.12,494.39,323.95,73.21,188.34,13788.21,0.39,Vertical Oblong,Green,"(46, 142, 148)","(54.12, -15.0, 20.0)",25.0,8,VISIBLE,6.45,0.38
60,10,person,0.5249,665.83,254.21,734.29,402.47,700.06,328.34,68.46,148.26,10149.98,0.46,Vertical Oblong,Green,"(52, 138, 146)","(53.33, -16.0, 17.0)",23.35,10,VISIBLE,6.12,-0.24
60,11,person,0.8792,29.63,207.96,130.58,409.25,80.1,308.61,100.94,201.29,20318.43,0.5,Vertical Oblong,Red,"(175, 165, 162)","(43.92, 30.0, 24.0)",38.42,11,VISIBLE,8.84,0.84
60,5,person,0.3432,708.76,280.78,742.15,366.08,725.46,323.43,33.39,85.3,2848.34,0.39,Vertical Oblong,Cyan,"(95, 112, 149)","(56.08, -11.0, -5.0)",12.08,12,VISIBLE,7.39,-0.75
60,9,ball,0.3045,397.97,371.02,430.06,402.43,414.01,386.73,32.09,31.41,1007.96,1.02,Spherical / Regular,Yellow,"(30, 42, 239)","(89.02, -1.0, 15.5)",15.53,9,VISIBLE,2.79,-2.61
61,1,person,0.5724,518.51,201.59,692.35,434.56,605.43,318.07,173.84,232.97,40500.47,0.75,Vertical Oblong,Green,"(47, 147, 137)","(48.24, -15.0, 22.0)",26.63,1,VISIBLE,-11.54,0.9
61,2,person,0.6312,372.58,256.72,527.02,414.69,449.8,335.71,154.44,157.97,24397.57,0.98,Spherical / Regular,Green,"(47, 143, 145)","(51.37, 2.0, 17.0)",17.12,2,VISIBLE,6.26,0.46
61,3,person,0.581,191.06,273.24,231.46,365.68,211.26,319.46,40.4,92.44,3734.8,0.44,Vertical Oblong,Green,"(75, 123, 158)","(58.82, -19.0, 10.0)",21.47,3,VISIBLE,5.53,0.69
61,7,person,0.7034,245.72,283.55,281.36,360.75,263.54,322.15,35.64,77.2,2751.63,0.46,Vertical Oblong,Cyan,"(97, 123, 211)","(65.69, -7.0, -8.0)",10.63,7,VISIBLE,6.12,0.86
61,6,person,0.4525,463.66,227.71,555.49,417.62,509.58,322.67,91.83,189.91,17439.42,0.48,Vertical Oblong,Green,"(46, 140, 146)","(54.12, -19.0, 22.0)",29.07,8,VISIBLE,12.56,-0.79
61,10,person,0.536,670.57,253.65,740.75,401.93,705.66,327.79,70.19,148.28,10407.19,0.47,Vertical Oblong,Green,"(54, 142, 149)","(52.94, -15.0, 17.0)",22.67,10,VISIBLE,5.76,-0.46
61,11,person,0.888,37.31,208.3,139.36,410.41,88.33,309.36,102.05,202.11,20625.16,0.5,Vertical Oblong,Red,"(173, 161, 160)","(43.14, 28.0, 23.0)",36.24,11,VISIBLE,8.41,0.78
61,5,person,0.3808,715.9,278.73,752.38,367.56,734.14,323.14,36.48,88.83,3240.66,0.41,Vertical Oblong,Cyan,"(97, 125, 151)","(55.69, -12.0, -6.0)",13.42,12,VISIBLE,8.3,-0.43
61,9,ball,0.4209,400.22,369.08,433.0,400.18,416.61,384.63,32.78,31.1,1019.51,1.05,Spherical / Regular,Yellow,"(26, 87, 209)","(64.71, -3.0, 21.0)",21.21,9,VISIBLE,2.65,-2.25
62,1,person,0.6061,514.61,201.52,675.27,436.7,594.94,319.11,160.66,235.18,37784.18,0.68,Vertical Oblong,Green,"(47, 149, 137)","(48.63, -15.0, 22.0)",26.63,1,VISIBLE,-10.8,1.0
62,2,person,0.5351,379.19,255.62,534.13,415.21,456.66,335.42,154.95,159.6,24728.69,0.97,Spherical / Regular,Green,"(47, 142, 146)","(50.98, 3.0, 17.0)",17.26,2,VISIBLE,6.68,-0.06
62,3,person,0.6622,198.12,273.55,239.84,366.69,218.98,320.12,41.72,93.15,3886.03,0.45,Vertical Oblong,Green,"(75, 126, 161)","(60.0, -18.0, 9.0)",20.12,3,VISIBLE,7.06,0.67
62,7,person,0.7101,252.19,283.48,287.93,361.72,270.06,322.6,35.75,78.25,2797.05,0.46,Vertical Oblong,Cyan,"(96, 135, 214)","(66.67, -11.0, -8.0)",13.6,7,VISIBLE,6.4,0.57
62,6,person,0.3359,468.26,225.6,570.43,417.94,519.35,321.77,102.16,192.34,19650.45,0.53,Vertical Oblong,Green,"(46, 141, 147)","(54.51, -19.0, 23.0)",29.83,8,VISIBLE,10.61,-0.86
62,10,person,0.4837,675.72,252.93,745.77,402.3,710.74,327.61,70.04,149.38,10462.53,0.47,Vertical Oblong,Green,"(51, 146, 149)","(52.94, -18.0, 18.0)",25.46,10,VISIBLE,5.29,-0.26
62,11,person,0.8812,44.62,208.6,148.04,411.7,96.33,310.15,103.41,203.1,21002.49,0.51,Vertical Oblong,Red,"(173, 149, 162)","(43.53, 24.0, 24.0)",33.94,11,VISIBLE,8.12,0.79
62,5,person,0.3796,723.12,276.82,762.05,367.64,742.58,322.23,38.93,90.82,3535.78,0.43,Vertical Oblong,Cyan,"(96, 131, 151)","(55.29, -12.0, -7.0)",13.89,12,VISIBLE,8.4,-0.77
62,9,ball,0.3556,402.14,367.46,434.88,398.87,418.51,383.17,32.75,31.41,1028.44,1.04,Spherical / Regular,Yellow,"(34, 71, 177)","(63.92, -4.0, 17.0)",17.46,9,VISIBLE,2.13,-1.7
62,13,person,0.4774,593.35,213.67,720.31,430.6,656.83,322.13,126.95,216.93,27540.59,0.59,Vertical Oblong,Green,"(57, 155, 138)","(48.24, -14.0, 20.0)",24.41,13,VISIBLE,0.0,0.0
63,1,person,0.4008,519.04,201.58,657.06,437.61,588.05,319.59,138.02,236.03,32576.63,0.58,Vertical Oblong,Green,"(48, 147, 141)","(50.2, -17.0, 22.0)",27.8,1,VISIBLE,-8.06,0.64
63,2,person,0.5351,384.33,255.01,541.2,417.45,462.76,336.23,156.87,162.44,25482.36,0.97,Spherical / Regular,Green,"(47, 140, 145)","(50.2, 3.0, 16.0)",16.28,2,VISIBLE,6.28,0.55
63,3,person,0.6398,206.03,273.77,246.57,367.69,226.3,320.73,40.54,93.92,3807.53,0.43,Vertical Oblong,Green,"(59, 125, 161)","(60.39, -18.0, 13.0)",22.2,3,VISIBLE,7.24,0.63
63,7,person,0.6943,258.55,283.48,294.52,362.73,276.53,323.1,35.97,79.24,2850.24,0.45,Vertical Oblong,Cyan,"(96, 138, 215)","(67.45, -9.5, -9.0)",13.09,7,VISIBLE,6.45,0.53
63,6,person,0.4301,473.55,223.08,564.62,417.91,519.08,320.5,91.06,194.83,17741.05,0.47,Vertical Oblong,Green,"(46, 141, 148)","(54.12, -15.0, 21.0)",25.81,8,VISIBLE,3.0,-1.15
63,10,person,0.592,682.45,252.78,752.61,400.24,717.53,326.51,70.17,147.46,10346.97,0.48,Vertical Oblong,Green,"(49, 147, 150)","(53.73, -20.0, 17.0)",26.25,10,VISIBLE,6.34,-0.85
63,11,person,0.8864,51.11,208.6,156.27,412.61,103.69,310.61,105.16,204.01,21452.8,0.52,Vertical Oblong,Red,"(173, 153, 165)","(43.92, 26.0, 24.0)",35.38,11,VISIBLE,7.59,0.56
63,5,person,0.3762,731.36,274.43,771.62,369.96,751.49,322.19,40.26,95.54,3846.43,0.42,Vertical Oblong,Cyan,"(96, 134, 153)","(56.47, -13.0, -7.0)",14.76,12,VISIBLE,8.75,-0.25
63,13,person,0.4304,590.86,213.19,719.35,430.65,655.1,321.92,128.49,217.46,27940.57,0.59,Vertical Oblong,Green,"(56, 155, 140)","(48.63, -15.0, 21.0)",25.81,13,VISIBLE,-1.73,-0.22
63,9,ball,0.4007,404.34,366.38,436.51,398.13,420.42,382.25,32.17,31.75,1021.28,1.01,Spherical / Regular,Green,"(48, 76, 171)","(65.88, -13.0, 19.0)",23.02,9,VISIBLE,1.98,-1.15
64,1,person,0.4008,516.28,200.65,647.04,439.23,581.66,319.94,130.76,238.58,31196.55,0.55,Vertical Oblong,Green,"(49, 147, 145)","(51.76, -18.0, 20.0)",26.91,1,VISIBLE,-6.89,0.43
64,2,person,0.3651,392.26,254.06,546.15,418.07,469.21,336.07,153.88,164.01,25238.46,0.94,Spherical / Regular,Green,"(46, 137, 144)","(47.45, 3.0, 16.0)",16.28,2,VISIBLE,6.39,0.05
64,3,person,0.6703,213.7,273.98,253.47,368.79,233.58,321.38,39.77,94.81,3770.37,0.42,Vertical Oblong,Green,"(59, 128, 158)","(59.61, -20.0, 12.5)",23.58,3,VISIBLE,7.27,0.65
64,7,person,0.6769,263.88,284.11,300.59,363.6,282.23,323.86,36.71,79.49,2918.08,0.46,Vertical Oblong,Cyan,"(96, 132, 211)","(65.88, -8.0, -8.0)",11.31,7,VISIBLE,5.93,0.68
64,6,person,0.5405,478.38,221.31,579.54,418.28,528.96,319.8,101.16,196.97,19924.65,0.51,Vertical Oblong,Green,"(46, 140, 147)","(54.51, -15.0, 20.0)",25.0,8,VISIBLE,7.81,-0.84
64,10,person,0.6109,687.6,252.05,760.81,398.13,724.2,325.09,73.21,146.08,10694.19,0.5,Vertical Oblong,Green,"(49, 148, 150)","(53.73, -21.0, 16.0)",26.4,10,VISIBLE,6.57,-1.25
64,11,person,0.873,58.32,208.33,164.8,413.9,111.56,311.11,106.48,205.57,21888.45,0.52,Vertical Oblong,Red,"(172, 152, 162)","(44.31, 25.0, 23.0)",33.97,11,VISIBLE,7.79,0.52
64,5,person,0.4507,739.65,273.08,779.87,368.74,759.76,320.91,40.23,95.66,3848.11,0.42,Vertical Oblong,Cyan,"(95, 139, 154)","(56.47, -13.0, -8.0)",15.26,12,VISIBLE,8.42,-0.98
64,13,person,0.4549,577.88,211.73,725.89,432.19,651.89,321.96,148.02,220.46,32631.89,0.67,Vertical Oblong,Green,"(70, 157, 141)","(48.63, -14.0, 20.0)",24.41,13,VISIBLE,-2.77,-0.04
64,9,ball,0.3192,406.1,365.88,438.25,398.07,422.18,381.98,32.14,32.19,1034.87,1.0,Spherical / Regular,Green,"(43, 80, 195)","(73.92, -13.0, 22.0)",25.55,9,VISIBLE,1.82,-0.54
65,1,person,0.5009,526.27,200.36,638.27,440.13,582.27,320.25,112.0,239.76,26853.76,0.47,Vertical Oblong,Green,"(47, 147, 144)","(52.55, -22.0, 20.0)",29.73,1,VISIBLE,-1.64,0.34
65,2,person,0.3651,398.15,253.36,552.65,419.88,475.4,336.62,154.5,166.52,25727.7,0.93,Spherical / Regular,Green,"(47, 137, 144)","(47.06, 5.0, 17.0)",17.72,2,VISIBLE,6.25,0.4
65,3,person,0.7507,220.83,273.74,261.67,369.86,241.25,321.8,40.84,96.12,3925.28,0.42,Vertical Oblong,Green,"(78, 126, 157)","(59.61, -18.0, 7.0)",19.31,3,VISIBLE,7.55,0.48
65,7,person,0.7235,270.38,284.33,306.88,364.5,288.63,324.42,36.5,80.18,2926.32,0.46,Vertical Oblong,Cyan,"(97, 129, 215)","(66.67, -7.0, -8.0)",10.63,7,VISIBLE,6.25,0.6
65,6,person,0.4788,482.47,219.94,582.23,418.84,532.35,319.39,99.76,198.9,19841.4,0.5,Vertical Oblong,Green,"(47, 143, 149)","(54.51, -18.0, 19.0)",26.17,8,VISIBLE,4.72,-0.53
65,10,person,0.6496,692.62,251.57,767.64,399.14,730.13,325.35,75.02,147.58,11071.1,0.51,Vertical Oblong,Green,"(50, 148, 150)","(53.73, -22.0, 18.0)",28.43,10,VISIBLE,6.12,-0.19
65,11,person,0.8786,69.32,206.55,173.04,415.49,121.18,311.02,103.72,208.94,21672.25,0.5,Vertical Oblong,Red,"(170, 146, 159)","(42.35, 24.0, 22.0)",32.56,11,VISIBLE,9.07,0.09
65,5,person,0.5942,747.3,271.91,790.02,369.84,768.66,320.88,42.72,97.93,4183.17,0.44,Vertical Oblong,Cyan,"(97, 133, 156)","(57.25, -12.0, -7.0)",13.89,12,VISIBLE,8.75,-0.32
65,13,person,0.3492,581.4,210.69,730.2,433.75,655.8,322.22,148.81,223.05,33191.84,0.67,Vertical Oblong,Blue,"(106, 147, 141)","(40.78, 4.0, 11.0)",11.7,13,VISIBLE,1.91,0.17
65,9,ball,0.6341,408.34,366.02,440.54,397.78,424.44,381.9,32.2,31.76,1022.56,1.01,Spherical / Regular,Green,"(39, 91, 198)","(72.16, -12.0, 27.5)",30.0,9,VISIBLE,2.13,-0.21
66,1,person,0.5796,536.72,200.31,634.55,440.39,585.63,320.35,97.83,240.08,23486.38,0.41,Vertical Oblong,Green,"(47, 146, 143)","(52.55, -22.0, 20.0)",29.73,1,VISIBLE,1.86,0.18
66,2,person,0.5626,416.55,251.96,553.29,419.25,484.92,335.6,136.74,167.29,22876.03,0.82,Spherical / Regular,Green,"(46, 141, 146)","(47.06, 7.0, 18.0)",19.31,2,VISIBLE,8.54,-0.59
66,3,person,0.711,228.67,274.0,269.53,370.94,249.1,322.47,40.86,96.94,3961.14,0.42,Vertical Oblong,Green,"(80, 127, 162)","(60.39, -20.0, 5.0)",20.62,3,VISIBLE,7.76,0.61
66,7,person,0.6882,276.64,284.71,312.83,365.38,294.74,325.04,36.18,80.67,2919.0,0.45,Vertical Oblong,Cyan,"(96, 129, 217)","(69.02, -8.0, -8.0)",11.31,7,VISIBLE,6.15,0.62
66,6,person,0.332,487.75,219.14,585.69,417.52,536.72,318.33,97.94,198.38,19429.5,0.49,Vertical Oblong,Green,"(47, 144, 151)","(55.69, -19.0, 20.0)",27.59,8,VISIBLE,4.47,-0.9
66,10,person,0.6818,697.54,250.83,773.4,403.18,735.47,327.0,75.86,152.35,11557.44,0.5,Vertical Oblong,Green,"(48, 151, 149)","(52.55, -24.0, 20.0)",31.24,10,VISIBLE,5.57,1.1
66,11,person,0.8913,79.07,205.33,181.84,416.93,130.45,311.13,102.77,211.6,21745.14,0.49,Vertical Oblong,Red,"(170, 147, 163)","(43.14, 22.0, 23.0)",31.83,11,VISIBLE,9.21,0.1
66,5,person,0.5989,754.92,270.98,799.91,370.6,777.42,320.79,44.99,99.62,4481.45,0.45,Vertical Oblong,Cyan,"(96, 130, 156)","(57.65, -13.0, -7.0)",14.76,12,VISIBLE,8.75,-0.15
66,13,person,0.4233,589.97,209.93,733.24,435.97,661.6,322.95,143.27,226.03,32383.57,0.63,Vertical Oblong,Blue,"(112, 150, 142)","(40.78, 4.0, 16.0)",16.49,13,VISIBLE,4.64,0.56
66,9,ball,0.3811,410.28,366.32,442.33,398.64,426.3,382.48,32.05,32.32,1035.92,0.99,Spherical / Regular,Green,"(50, 56, 229)","(82.35, -11.0, 16.0)",19.42,9,VISIBLE,1.94,0.34
67,1,person,0.6889,546.44,199.49,633.86,441.74,590.15,320.61,87.42,242.25,21177.83,0.36,Vertical Oblong,Green,"(47, 145, 142)","(52.16, -22.0, 21.0)",30.41,1,VISIBLE,3.72,0.24
67,2,person,0.5837,431.88,250.83,548.04,413.33,489.96,332.08,116.17,162.5,18877.0,0.71,Vertical Oblong,Green,"(45, 143, 144)","(44.31, 10.0, 18.0)",20.59,2,VISIBLE,6.09,-2.64
67,3,person,0.7149,236.31,273.99,277.14,372.43,256.72,323.21,40.83,98.44,4019.42,0.41,Vertical Oblong,Cyan,"(91, 92, 195)","(69.8, -6.0, -8.0)",10.0,3,VISIBLE,7.67,0.7
67,7,person,0.6953,282.56,285.0,318.88,366.31,300.72,325.65,36.32,81.3,2952.77,0.45,Vertical Oblong,Cyan,"(96, 123, 223)","(69.02, -7.0, -8.0)",10.63,7,VISIBLE,6.03,0.61
67,6,person,0.4727,491.01,215.99,583.89,418.23,537.45,317.11,92.88,202.24,18785.03,0.46,Vertical Oblong,Cyan,"(95, 139, 174)","(61.57, -8.0, -6.0)",10.0,8,VISIBLE,1.85,-1.12
67,10,person,0.6532,702.99,250.62,778.1,406.27,740.55,328.45,75.12,155.64,11691.38,0.48,Vertical Oblong,Green,"(48, 153, 148)","(52.16, -26.0, 22.0)",34.06,10,VISIBLE,5.22,1.34
67,11,person,0.8874,87.72,204.76,189.66,418.45,138.69,311.6,101.93,213.69,21782.61,0.48,Vertical Oblong,Red,"(170, 146, 166)","(43.53, 23.0, 23.0)",32.53,11,VISIBLE,8.53,0.36
67,5,person,0.5878,762.71,270.11,810.7,370.99,786.7,320.55,47.99,100.88,4841.28,0.48,Vertical Oblong,Cyan,"(96, 119, 158)","(58.43, -13.0, -6.0)",14.32,12,VISIBLE,9.13,-0.21
67,13,person,0.4555,595.42,209.34,737.6,437.46,666.51,323.4,142.18,228.12,32434.47,0.62,Vertical Oblong,Purple,"(126, 154, 140)","(40.0, 6.0, 19.0)",19.92,13,VISIBLE,4.82,0.48
67,9,ball,0.4415,411.91,366.99,444.05,400.09,427.98,383.54,32.14,33.1,1063.89,0.97,Spherical / Regular,Green,"(51, 55, 220)","(83.14, -14.0, 15.0)",20.52,9,VISIBLE,1.76,0.84
68,1,person,0.7044,555.65,198.54,634.77,442.0,595.21,320.27,79.12,243.46,19261.68,0.32,Vertical Oblong,Green,"(47, 145, 141)","(51.76, -20.0, 20.0)",28.28,1,VISIBLE,4.66,-0.17
68,2,person,0.678,442.4,249.93,546.97,407.95,494.68,328.94,104.57,158.03,16525.29,0.66,Vertical Oblong,Green,"(38, 144, 139)","(41.96, 11.0, 18.0)",21.1,2,VISIBLE,5.13,-2.99
68,3,person,0.7092,243.1,274.75,286.07,373.88,264.58,324.31,42.98,99.13,4260.32,0.43,Vertical Oblong,Green,"(68, 131, 166)","(61.18, -20.0, 12.0)",23.32,3,VISIBLE,7.8,0.98
68,7,person,0.6456,288.93,285.55,324.55,367.02,306.74,326.29,35.62,81.48,2902.11,0.44,Vertical Oblong,Cyan,"(96, 126, 216)","(68.24, -7.0, -10.0)",12.21,7,VISIBLE,6.02,0.62
68,6,person,0.597,494.22,213.65,594.01,419.35,544.12,316.5,99.78,205.7,20526.03,0.49,Vertical Oblong,Green,"(46, 144, 154)","(55.69, -16.0, 19.0)",24.84,8,VISIBLE,5.22,-0.76
68,10,person,0.6656,707.98,250.2,782.7,408.81,745.34,329.51,74.72,158.6,11850.38,0.47,Vertical Oblong,Green,"(48, 154, 148)","(51.76, -26.0, 24.0)",35.38,10,VISIBLE,4.92,1.14
68,11,person,0.8809,97.52,204.53,196.64,419.6,147.08,312.06,99.12,215.07,21317.89,0.46,Vertical Oblong,Red,"(168, 148, 163)","(43.53, 23.0, 23.0)",32.53,11,VISIBLE,8.43,0.43
68,5,person,0.6364,770.07,268.67,822.07,370.74,796.07,319.7,51.99,102.07,5306.93,0.51,Vertical Oblong,Cyan,"(95, 122, 158)","(57.65, -12.0, -5.0)",13.0,12,VISIBLE,9.29,-0.66
68,13,person,0.5791,602.89,208.74,743.76,438.19,673.33,323.46,140.87,229.45,32323.61,0.61,Vertical Oblong,Purple,"(135, 157, 136)","(36.86, 8.0, 21.0)",22.47,13,VISIBLE,6.22,0.19
68,9,ball,0.3034,413.4,368.36,445.4,401.74,429.4,385.05,32.01,33.38,1068.42,0.96,Spherical / Regular,Green,"(44, 55, 212)","(80.39, -12.0, 16.0)",20.0,9,VISIBLE,1.52,1.31
69,1,person,0.673,562.26,198.03,636.78,442.53,599.52,320.28,74.51,244.5,18218.25,0.3,Vertical Oblong,Green,"(47, 142, 140)","(51.37, -18.0, 19.0)",26.17,1,VISIBLE,4.41,-0.04
69,2,person,0.6603,449.23,248.57,548.38,405.93,498.81,327.25,99.14,157.36,15601.15,0.63,Vertical Oblong,Green,"(43, 142, 128)","(36.08, 14.0, 17.0)",22.02,2,VISIBLE,4.42,-2.08
69,3,person,0.6628,252.04,275.7,297.91,375.21,274.98,325.45,45.86,99.51,4563.67,0.46,Vertical Oblong,Green,"(56, 120, 161)","(60.39, -18.0, 12.0)",21.63,3,VISIBLE,9.61,1.09
69,7,person,0.6252,295.59,285.59,330.62,368.41,313.11,327.0,35.03,82.82,2901.26,0.42,Vertical Oblong,Cyan,"(97, 124, 221)","(71.37, -7.0, -9.0)",11.4,7,VISIBLE,6.26,0.69
69,6,person,0.6238,498.97,211.93,598.91,418.23,548.94,315.08,99.94,206.3,20618.63,0.48,Vertical Oblong,Green,"(48, 141, 154)","(55.29, -14.0, 16.0)",21.26,8,VISIBLE,4.94,-1.22
69,10,person,0.6519,710.45,249.45,786.68,407.75,748.57,328.6,76.24,158.3,12068.81,0.48,Vertical Oblong,Green,"(48, 151, 146)","(50.59, -23.0, 24.0)",33.24,10,VISIBLE,3.73,-0.29
69,11,person,0.8627,108.36,203.99,206.07,421.11,157.22,312.55,97.71,217.13,21215.37,0.45,Vertical Oblong,Red,"(171, 152, 169)","(42.75, 27.0, 22.0)",34.83,11,VISIBLE,9.62,0.47
69,5,person,0.6007,779.01,268.77,833.51,371.04,806.26,319.9,54.5,102.27,5573.85,0.53,Vertical Oblong,Cyan,"(93, 119, 159)","(57.25, -10.0, 0.0)",10.0,12,VISIBLE,9.92,-0.06
69,13,person,0.694,608.57,208.44,751.08,438.31,679.82,323.37,142.51,229.87,32757.64,0.62,Vertical Oblong,Purple,"(141, 157, 132)","(32.16, 9.0, 21.0)",22.85,13,VISIBLE,6.42,-0.01
69,9,ball,0.3034,415.24,368.54,447.18,402.24,431.21,385.39,31.94,33.7,1076.21,0.95,Spherical / Regular,Green,"(44, 43, 251)","(95.29, -10.0, 15.0)",18.03,9,VISIBLE,1.72,0.63
69,14,person,0.6262,0.01,200.24,30.22,411.03,15.12,305.63,30.21,210.79,6367.74,0.14,Vertical Oblong,Pink,"(155, 103, 151)","(44.71, 12.0, 14.0)",18.44,14,VISIBLE,0.0,0.0
70,1,person,0.6717,566.74,197.65,638.94,443.11,602.84,320.38,72.2,245.46,17722.46,0.29,Vertical Oblong,Green,"(47, 143, 140)","(50.98, -18.0, 20.0)",26.91,1,VISIBLE,3.65,0.06
70,2,person,0.6569,453.83,247.54,565.67,409.16,509.75,328.35,111.84,161.62,18074.4,0.69,Vertical Oblong,Green,"(48, 142, 144)","(40.39, 10.0, 17.0)",19.72,2,VISIBLE,8.99,0.15
70,3,person,0.599,260.73,276.53,306.67,377.06,283.7,326.8,45.95,100.52,4618.68,0.46,Vertical Oblong,Green,"(52, 121, 161)","(59.61, -18.0, 12.0)",21.63,3,VISIBLE,8.99,1.27
70,7,person,0.5123,301.8,285.96,336.9,369.67,319.35,327.82,35.1,83.71,2937.84,0.42,Vertical Oblong,Cyan,"(95, 123, 224)","(72.55, -9.0, -10.0)",13.45,7,VISIBLE,6.25,0.78
70,6,person,0.6238,503.42,210.03,604.44,418.25,553.93,314.14,101.03,208.22,21036.16,0.49,Vertical Oblong,Green,"(48, 144, 157)","(55.69, -14.0, 15.0)",20.52,8,VISIBLE,4.98,-1.02
70,10,person,0.6403,714.38,248.26,789.83,409.05,752.1,328.66,75.45,160.79,12132.07,0.47,Vertical Oblong,Green,"(48, 155, 147)","(50.2, -24.0, 27.0)",36.12,10,VISIBLE,3.6,-0.05
70,11,person,0.839,119.21,204.15,214.62,422.64,166.92,313.39,95.41,218.49,20845.89,0.44,Vertical Oblong,Red,"(171, 149, 169)","(43.14, 25.0, 22.0)",33.3,11,VISIBLE,9.68,0.73
70,5,person,0.675,786.99,268.59,845.2,371.41,816.1,320.0,58.21,102.82,5985.32,0.57,Vertical Oblong,Cyan,"(95, 125, 156)","(55.69, -10.0, -1.0)",10.05,12,VISIBLE,9.86,0.05
70,13,person,0.6506,613.13,208.26,757.57,438.19,685.35,323.23,144.44,229.93,33210.57,0.63,Vertical Oblong,Purple,"(135, 163, 129)","(31.76, 8.0, 22.0)",23.41,13,VISIBLE,5.79,-0.11
70,14,person,0.6931,0.01,202.75,37.15,412.27,18.58,307.51,37.14,209.52,7781.57,0.18,Vertical Oblong,Red,"(176, 188, 185)","(44.71, 46.0, 28.0)",53.85,14,VISIBLE,3.46,1.88
70,9,ball,0.4956,417.59,371.09,449.17,404.95,433.38,388.02,31.58,33.86,1069.15,0.93,Spherical / Regular,Green,"(43, 42, 252)","(96.27, -9.0, 17.5)",19.68,9,VISIBLE,2.04,2.03
70,15,balloon,0.4907,400.74,233.61,426.48,258.76,413.61,246.18,25.74,25.15,647.2,1.02,Spherical / Regular,Purple,"(136, 191, 250)","(48.63, 70.0, -75.0)",102.59,15,VISIBLE,0.0,0.0
71,1,person,0.4928,571.58,199.38,640.92,443.38,606.25,321.38,69.34,244.0,16918.56,0.28,Vertical Oblong,Green,"(47, 142, 140)","(50.98, -17.0, 21.0)",27.02,1,VISIBLE,3.48,0.72
71,2,person,0.7396,456.37,246.37,579.5,411.66,517.94,329.02,123.13,165.3,20353.54,0.74,Vertical Oblong,Green,"(50, 142, 150)","(46.08, 8.0, 16.0)",17.89,2,VISIBLE,8.43,0.51
71,3,person,0.6369,268.64,277.94,314.47,378.03,291.56,327.98,45.84,100.09,4587.84,0.46,Vertical Oblong,Green,"(53, 123, 166)","(60.78, -18.0, 13.0)",22.2,3,VISIBLE,8.2,1.21
71,7,person,0.618,308.08,286.4,343.31,371.0,325.7,328.7,35.24,84.61,2981.54,0.42,Vertical Oblong,Cyan,"(95, 131, 224)","(70.59, -7.0, -10.0)",12.21,7,VISIBLE,6.32,0.85
71,6,person,0.6238,507.86,208.13,609.97,418.27,558.92,313.2,102.11,210.15,21457.85,0.49,Vertical Oblong,Green,"(48, 145, 157)","(55.29, -14.0, 15.0)",20.52,8,VISIBLE,4.98,-0.97
71,10,person,0.6371,718.79,246.91,793.2,408.68,756.0,327.79,74.41,161.77,12037.65,0.46,Vertical Oblong,Green,"(48, 157, 149)","(50.59, -24.0, 27.0)",36.12,10,VISIBLE,3.8,-0.62
71,11,person,0.8515,129.7,204.66,223.26,423.85,176.48,314.26,93.56,219.18,20505.62,0.43,Vertical Oblong,Red,"(171, 144, 170)","(43.92, 26.0, 21.0)",33.42,11,VISIBLE,9.6,0.82
71,5,person,0.6582,794.27,268.09,855.02,372.33,824.65,320.21,60.75,104.24,6332.4,0.58,Vertical Oblong,Cyan,"(95, 134, 155)","(54.9, -10.0, -1.0)",10.05,12,VISIBLE,8.94,0.16
71,13,person,0.5226,601.94,207.89,764.56,438.45,683.25,323.17,162.63,230.56,37494.98,0.71,Vertical Oblong,Purple,"(135, 165, 133)","(32.94, 8.0, 23.0)",24.35,13,VISIBLE,0.27,-0.07
71,14,person,0.8263,0.0,206.02,46.56,413.65,23.28,309.84,46.56,207.63,9667.52,0.22,Vertical Oblong,Red,"(175, 203, 197)","(45.49, 51.0, 29.0)",58.67,14,VISIBLE,4.33,2.19
71,9,ball,0.4865,419.39,373.99,451.31,407.83,435.35,390.91,31.92,33.83,1079.97,0.94,Spherical / Regular,Green,"(41, 72, 244)","(89.8, -7.0, 25.0)",25.96,9,VISIBLE,1.99,2.63
71,15,balloon,0.5363,398.49,233.88,422.77,258.65,410.63,246.26,24.27,24.77,601.28,0.98,Spherical / Regular,Purple,"(136, 184, 252)","(50.59, 69.0, -74.0)",101.18,15,VISIBLE,-2.98,0.08
72,1,person,0.5661,575.27,200.75,643.37,444.73,609.32,322.74,68.09,243.98,16614.13,0.28,Vertical Oblong,Green,"(47, 141, 139)","(50.59, -15.0, 21.0)",25.81,1,VISIBLE,3.19,1.17
72,2,person,0.7451,457.57,245.02,589.24,413.41,523.4,329.22,131.66,168.4,22171.71,0.78,Vertical Oblong,Green,"(84, 142, 155)","(48.24, 5.0, 15.0)",15.81,2,VISIBLE,6.36,0.29
72,3,person,0.6491,276.02,279.33,321.73,378.95,298.88,329.14,45.71,99.61,4553.1,0.46,Vertical Oblong,Green,"(62, 122, 165)","(60.78, -17.0, 11.0)",20.25,3,VISIBLE,7.58,1.17
72,7,person,0.5926,314.52,287.42,349.1,372.81,331.81,330.12,34.58,85.39,2953.05,0.4,Vertical Oblong,Cyan,"(95, 125, 217)","(69.41, -7.0, -11.0)",13.04,7,VISIBLE,6.18,1.25
72,6,person,0.6238,512.31,206.23,615.5,418.3,563.9,312.26,103.19,212.07,21883.7,0.49,Vertical Oblong,Green,"(48, 144, 157)","(54.9, -13.0, 15.0)",19.85,8,VISIBLE,4.99,-0.94
72,10,person,0.654,724.37,245.82,795.89,406.75,760.13,326.28,71.52,160.93,11509.54,0.44,Vertical Oblong,Green,"(48, 156, 150)","(50.98, -23.0, 26.0)",34.71,10,VISIBLE,4.04,-1.24
72,11,person,0.8346,139.89,205.25,232.58,424.59,186.24,314.92,92.69,219.34,20329.87,0.42,Vertical Oblong,Red,"(168, 142, 167)","(43.53, 25.0, 20.0)",32.02,11,VISIBLE,9.71,0.71
72,5,person,0.5892,801.63,268.55,860.33,368.59,830.98,318.57,58.7,100.04,5871.92,0.59,Vertical Oblong,Cyan,"(95, 153, 153)","(54.12, -12.0, -5.0)",13.0,12,VISIBLE,7.12,-1.1
72,13,person,0.5547,610.66,207.95,771.5,436.88,691.08,322.41,160.84,228.94,36821.77,0.7,Vertical Oblong,Purple,"(143, 166, 128)","(31.37, 9.0, 23.0)",24.7,13,VISIBLE,5.56,-0.55
72,14,person,0.7758,-0.0,208.51,56.46,414.91,28.23,311.71,56.46,206.41,11653.16,0.27,Vertical Oblong,Red,"(175, 177, 193)","(45.88, 43.0, 27.0)",50.77,14,VISIBLE,4.76,1.97
72,9,ball,0.3582,420.63,377.28,452.99,410.4,436.81,393.84,32.36,33.11,1071.62,0.98,Spherical / Regular,Green,"(45, 132, 143)","(53.33, -20.0, 28.0)",34.41,9,VISIBLE,1.62,2.84
72,15,balloon,0.538,396.59,234.68,419.6,258.28,408.09,246.48,23.01,23.6,543.15,0.97,Spherical / Regular,Purple,"(135, 185, 251)","(49.8, 71.0, -74.0)",102.55,15,VISIBLE,-2.67,0.17
73,1,person,0.3017,579.56,204.25,647.84,445.17,613.7,324.71,68.28,240.92,16450.59,0.28,Vertical Oblong,Green,"(47, 141, 138)","(49.41, -15.0, 21.0)",25.81,1,VISIBLE,4.02,1.73
73,2,person,0.7561,458.18,243.17,593.01,414.51,525.59,328.84,134.83,171.34,23100.54,0.79,Vertical Oblong,Cyan,"(90, 139, 150)","(47.45, 5.0, 14.0)",14.87,2,VISIBLE,3.44,-0.17
73,3,person,0.6243,283.35,280.21,329.03,380.25,306.19,330.23,45.68,100.04,4569.34,0.46,Vertical Oblong,Cyan,"(95, 92, 183)","(65.88, -6.0, -8.0)",10.0,3,VISIBLE,7.4,1.11
73,7,person,0.4975,319.98,288.55,355.3,374.27,337.64,331.41,35.32,85.71,3027.42,0.41,Vertical Oblong,Cyan,"(97, 110, 213)","(70.59, -6.0, -12.0)",13.42,7,VISIBLE,5.93,1.28
73,6,person,0.507,516.67,205.06,624.55,418.77,570.61,311.92,107.88,213.72,23054.95,0.5,Vertical Oblong,Green,"(49, 141, 152)","(54.12, -13.0, 15.0)",19.85,8,VISIBLE,6.19,-0.53
73,10,person,0.6245,731.67,244.44,798.12,405.03,764.9,324.74,66.45,160.59,10670.97,0.41,Vertical Oblong,Green,"(49, 153, 147)","(51.37, -21.0, 23.0)",31.14,10,VISIBLE,4.55,-1.46
73,11,person,0.8101,150.33,206.56,241.22,424.79,195.78,315.68,90.89,218.23,19835.1,0.42,Vertical Oblong,Red,"(168, 135, 168)","(43.53, 26.0, 18.0)",31.62,11,VISIBLE,9.59,0.74
73,5,person,0.6098,808.35,269.7,862.57,365.42,835.46,317.56,54.22,95.72,5189.96,0.57,Vertical Oblong,Cyan,"(97, 172, 151)","(50.59, -11.0, -9.0)",14.21,12,VISIBLE,5.27,-1.04
73,13,person,0.6873,619.46,207.73,779.59,437.18,699.53,322.46,160.12,229.45,36740.84,0.7,Vertical Oblong,Purple,"(143, 160, 129)","(32.55, 10.0, 22.0)",24.17,13,VISIBLE,7.58,-0.14
73,14,person,0.7612,0.28,208.89,69.5,417.32,34.89,313.1,69.22,208.43,14427.95,0.33,Vertical Oblong,Red,"(174, 135, 176)","(43.92, 31.0, 19.0)",36.36,14,VISIBLE,6.09,1.57
73,9,ball,0.4471,422.79,380.23,454.75,413.12,438.77,396.68,31.96,32.9,1051.38,0.97,Spherical / Regular,Yellow,"(34, 50, 247)","(94.12, -6.5, 19.5)",20.55,9,VISIBLE,1.86,2.84
73,15,balloon,0.538,395.16,234.99,416.95,257.9,406.05,246.44,21.79,22.9,499.04,0.95,Spherical / Regular,Blue,"(117, 122, 104)","(30.78, 9.5, -23.0)",24.88,15,VISIBLE,-2.23,0.03
74,1,person,0.3017,584.39,205.46,649.25,445.89,616.82,325.67,64.87,240.43,15595.83,0.27,Vertical Oblong,Green,"(47, 144, 139)","(49.8, -14.0, 21.0)",25.24,1,VISIBLE,3.39,1.19
74,2,person,0.777,458.55,241.77,597.33,415.89,527.94,328.83,138.77,174.12,24163.01,0.8,Spherical / Regular,Cyan,"(89, 141, 148)","(44.71, 6.0, 16.0)",17.09,2,VISIBLE,2.67,-0.06
74,3,person,0.6734,290.08,281.54,335.27,382.11,312.67,331.83,45.19,100.57,4545.36,0.45,Vertical Oblong,Green,"(82, 120, 165)","(60.39, -19.0, 7.0)",20.25,3,VISIBLE,6.76,1.45
74,7,person,0.5652,327.05,290.13,361.62,374.91,344.34,332.52,34.57,84.78,2930.78,0.41,Vertical Oblong,Cyan,"(95, 118, 216)","(72.16, -8.0, -12.0)",14.42,7,VISIBLE,6.47,1.16
74,6,person,0.4386,521.5,203.56,635.89,420.03,578.69,311.79,114.39,216.46,24760.17,0.53,Vertical Oblong,Green,"(48, 143, 154)","(54.51, -15.0, 15.0)",21.21,8,VISIBLE,7.52,-0.24
74,10,person,0.6805,739.44,243.57,799.43,404.54,769.43,324.06,59.99,160.98,9657.55,0.37,Vertical Oblong,Cyan,"(90, 121, 165)","(59.22, -10.0, -2.0)",10.2,10,VISIBLE,4.54,-0.91
74,11,person,0.8024,161.15,208.01,249.85,425.06,205.5,316.54,88.7,217.05,19252.34,0.41,Vertical Oblong,Pink,"(158, 133, 168)","(43.92, 21.0, 18.0)",27.66,11,VISIBLE,9.68,0.82
74,5,person,0.6098,815.73,269.75,869.84,364.11,842.79,316.93,54.12,94.36,5106.66,0.57,Vertical Oblong,Green,"(48, 178, 148)","(52.16, -16.0, 20.0)",25.61,12,VISIBLE,6.71,-0.75
74,13,person,0.7268,626.49,207.52,787.47,437.49,706.98,322.51,160.98,229.97,37021.17,0.7,Vertical Oblong,Purple,"(135, 157, 127)","(32.75, 8.0, 21.0)",22.47,13,VISIBLE,7.49,-0.01
74,14,person,0.7686,0.35,211.89,80.02,419.01,40.19,315.45,79.67,207.12,16501.64,0.38,Vertical Oblong,Pink,"(165, 119, 163)","(42.35, 23.0, 18.0)",29.21,14,VISIBLE,5.53,2.11
74,9,ball,0.3694,424.94,383.72,456.42,415.25,440.68,399.49,31.48,31.53,992.66,1.0,Spherical / Regular,Green,"(42, 46, 250)","(95.29, -7.0, 19.0)",20.25,9,VISIBLE,1.89,2.82
74,15,balloon,0.538,393.73,235.31,414.3,257.51,404.01,246.41,20.57,22.2,456.65,0.93,Spherical / Regular,Blue,"(113, 78, 97)","(32.35, 3.0, -13.0)",13.34,15,VISIBLE,-2.1,-0.02
75,1,person,0.3017,589.22,206.67,650.67,446.61,619.95,326.64,61.45,239.94,14744.4,0.26,Vertical Oblong,Green,"(47, 145, 139)","(48.63, -13.0, 20.0)",23.85,1,VISIBLE,3.2,1.03
75,2,person,0.8097,458.53,241.05,599.55,416.87,529.04,328.96,141.02,175.82,24793.51,0.8,Spherical / Regular,Green,"(52, 145, 144)","(41.37, 7.0, 17.0)",18.38,2,VISIBLE,1.57,0.07
75,3,person,0.666,296.46,282.31,343.42,383.4,319.94,332.86,46.95,101.09,4746.63,0.46,Vertical Oblong,Green,"(78, 120, 168)","(61.18, -18.0, 8.0)",19.7,3,VISIBLE,7.11,1.16
75,7,person,0.5654,333.16,291.46,367.37,376.47,350.27,333.97,34.21,85.02,2908.65,0.4,Vertical Oblong,Cyan,"(95, 117, 210)","(70.2, -6.0, -11.0)",12.53,7,VISIBLE,6.09,1.36
75,6,person,0.6516,527.1,203.5,644.25,423.76,585.67,313.63,117.15,220.26,25803.66,0.53,Vertical Oblong,Green,"(48, 144, 152)","(53.33, -15.0, 16.0)",21.93,8,VISIBLE,7.14,1.21
75,10,person,0.6841,745.91,242.71,800.8,405.62,773.35,324.16,54.89,162.92,8942.49,0.34,Vertical Oblong,Green,"(51, 154, 150)","(52.16, -22.0, 17.0)",27.8,10,VISIBLE,4.11,-0.2
75,11,person,0.7543,172.06,210.39,259.14,425.45,215.6,317.92,87.08,215.06,18728.02,0.4,Vertical Oblong,Pink,"(157, 127, 166)","(44.71, 19.0, 17.0)",25.5,11,VISIBLE,9.98,1.22
75,5,person,0.6098,823.11,269.79,877.12,362.8,850.11,316.29,54.01,93.01,5023.64,0.58,Vertical Oblong,Green,"(46, 181, 148)","(51.76, -16.0, 38.0)",41.23,12,VISIBLE,7.14,-0.67
75,13,person,0.7011,631.93,207.54,794.65,437.57,713.29,322.55,162.71,230.03,37429.05,0.71,Vertical Oblong,Purple,"(135, 154, 127)","(32.55, 6.0, 20.0)",20.88,13,VISIBLE,6.66,0.03
75,14,person,0.7955,0.62,213.89,89.88,420.77,45.25,317.33,89.26,206.88,18466.06,0.43,Vertical Oblong,Purple,"(138, 108, 143)","(38.82, 15.0, 13.0)",19.85,14,VISIBLE,5.21,1.95
75,9,ball,0.3694,426.87,386.23,458.2,417.34,442.54,401.78,31.33,31.1,974.49,1.01,Spherical / Regular,Green,"(43, 62, 238)","(87.84, -5.5, 22.0)",22.68,9,VISIBLE,1.87,2.46
75,15,balloon,0.538,392.3,235.63,411.65,257.13,401.98,246.38,19.35,21.5,415.97,0.9,Spherical / Regular,Purple,"(154, 161, 51)","(10.98, 20.0, -10.0)",22.36,15,VISIBLE,-2.06,-0.03
75,16,person,0.4889,0.03,305.77,20.29,394.34,10.16,350.06,20.26,88.56,1794.15,0.23,Vertical Oblong,Green,"(39, 145, 124)","(34.12, 22.0, 17.0)",27.8,16,VISIBLE,0.0,0.0
76,1,person,0.3017,594.05,207.88,652.09,447.33,623.07,327.6,58.03,239.45,13896.31,0.24,Vertical Oblong,Green,"(47, 145, 139)","(48.63, -14.0, 19.0)",23.6,1,VISIBLE,3.15,0.99
76,2,person,0.7722,458.46,240.78,601.04,418.38,529.75,329.58,142.58,177.6,25322.45,0.8,Spherical / Regular,Green,"(84, 145, 137)","(39.22, 8.0, 17.0)",18.79,2,VISIBLE,0.97,0.46
76,3,person,0.6377,303.34,283.45,352.41,384.61,327.87,334.03,49.07,101.16,4964.2,0.49,Vertical Oblong,Green,"(81, 125, 170)","(61.57, -19.0, 6.5)",20.08,3,VISIBLE,7.69,1.17
76,7,person,0.5407,339.46,292.35,373.49,378.07,356.47,335.21,34.03,85.72,2917.13,0.4,Vertical Oblong,Cyan,"(95, 115, 200)","(67.06, -5.0, -11.0)",12.08,7,VISIBLE,6.17,1.28
76,6,person,0.6491,531.9,203.25,649.07,428.43,590.48,315.84,117.17,225.18,26383.79,0.52,Vertical Oblong,Cyan,"(96, 131, 176)","(59.22, -6.0, -9.0)",10.82,8,VISIBLE,5.51,1.91
76,10,person,0.6745,751.51,242.38,803.01,407.95,777.26,325.17,51.5,165.57,8526.59,0.31,Vertical Oblong,Green,"(50, 155, 150)","(52.55, -22.0, 18.0)",28.43,10,VISIBLE,3.97,0.64
76,11,person,0.7874,182.93,211.57,269.97,426.43,226.45,319.0,87.04,214.86,18701.75,0.41,Vertical Oblong,Purple,"(152, 120, 161)","(43.14, 20.0, 16.0)",25.61,11,VISIBLE,10.59,1.12
76,5,person,0.6098,830.49,269.83,884.39,361.49,857.44,315.66,53.91,91.66,4940.91,0.59,Vertical Oblong,Green,"(46, 184, 144)","(51.37, -16.0, 46.0)",48.7,12,VISIBLE,7.27,-0.65
76,13,person,0.7403,637.21,207.75,800.99,437.6,719.1,322.67,163.78,229.86,37646.01,0.71,Vertical Oblong,Purple,"(133, 152, 127)","(32.16, 5.0, 19.0)",19.65,13,VISIBLE,6.07,0.09
76,14,person,0.806,6.59,215.67,99.83,422.23,53.21,318.95,93.24,206.56,19260.5,0.45,Vertical Oblong,Purple,"(133, 104, 132)","(36.47, 14.0, 10.0)",17.2,14,VISIBLE,7.13,1.72
76,16,person,0.6019,0.01,307.71,25.26,389.87,12.64,348.79,25.24,82.15,2073.87,0.31,Vertical Oblong,Red,"(174, 149, 116)","(30.2, 28.0, 16.0)",32.25,16,VISIBLE,2.47,-1.26
76,9,ball,0.3694,428.81,388.75,459.99,419.42,444.4,404.08,31.18,30.68,956.46,1.02,Spherical / Regular,Green,"(43, 46, 247)","(90.78, -4.0, 12.0)",12.65,9,VISIBLE,1.87,2.35
76,15,balloon,0.538,390.87,235.94,409.0,256.75,399.94,246.35,18.12,20.8,377.0,0.87,Spherical / Regular,Purple,"(133, 98, 57)","(17.25, 9.0, -12.0)",15.0,15,VISIBLE,-2.05,-0.03
77,1,person,0.3017,598.89,209.09,653.5,448.05,626.2,328.57,54.62,238.97,13051.56,0.23,Vertical Oblong,Green,"(48, 149, 135)","(47.45, -14.0, 15.0)",20.52,1,VISIBLE,3.13,0.97
77,2,person,0.8342,459.26,239.23,601.31,420.57,530.29,329.9,142.04,181.34,25757.86,0.78,Vertical Oblong,Cyan,"(99, 142, 124)","(34.9, 9.0, 17.0)",19.24,2,VISIBLE,0.67,0.36
77,3,person,0.6576,311.37,285.42,363.46,385.74,337.42,335.58,52.08,100.32,5224.75,0.52,Vertical Oblong,Cyan,"(90, 120, 170)","(61.96, -18.0, -7.0)",19.31,3,VISIBLE,8.98,1.44
77,7,person,0.5944,345.27,293.11,380.23,380.36,362.75,336.73,34.96,87.24,3049.76,0.4,Vertical Oblong,Cyan,"(95, 93, 199)","(65.69, -6.0, -11.0)",12.53,7,VISIBLE,6.24,1.45
77,6,person,0.5891,537.25,202.54,651.93,433.03,594.59,317.79,114.69,230.49,26434.13,0.5,Vertical Oblong,Cyan,"(97, 136, 178)","(59.61, -7.0, -12.0)",13.89,8,VISIBLE,4.53,1.93
77,10,person,0.6811,755.73,241.36,806.85,410.4,781.29,325.88,51.12,169.04,8640.58,0.3,Vertical Oblong,Green,"(56, 145, 147)","(50.98, -18.0, 17.0)",24.76,10,VISIBLE,4.01,0.69
77,11,person,0.8114,192.72,213.95,280.19,428.21,236.45,321.08,87.46,214.25,18739.03,0.41,Vertical Oblong,Blue,"(113, 123, 149)","(38.82, 19.0, 16.0)",24.84,11,VISIBLE,10.18,1.79
77,5,person,0.6098,837.86,269.87,891.67,360.18,864.77,315.03,53.8,90.3,4858.46,0.6,Vertical Oblong,Green,"(46, 185, 150)","(52.55, -34.0, 47.0)",58.01,12,VISIBLE,7.31,-0.64
77,13,person,0.7106,636.85,207.69,805.99,438.26,721.42,322.97,169.14,230.57,38999.74,0.73,Vertical Oblong,Purple,"(141, 146, 124)","(30.98, 5.0, 18.0)",18.68,13,VISIBLE,3.44,0.24
77,14,person,0.7876,16.94,216.94,108.86,423.36,62.9,320.15,91.92,206.42,18973.65,0.45,Vertical Oblong,Purple,"(133, 106, 125)","(33.33, 13.0, 8.0)",15.26,14,VISIBLE,8.92,1.36
77,16,person,0.6985,1.45,310.21,31.63,387.77,16.54,348.99,30.18,77.55,2340.16,0.39,Vertical Oblong,Pink,"(161, 162, 131)","(31.76, 31.0, 17.0)",35.36,16,VISIBLE,3.48,-0.24
77,9,ball,0.3135,430.86,393.01,461.51,423.03,446.19,408.02,30.65,30.01,919.82,1.02,Spherical / Regular,Green,"(41, 127, 147)","(56.08, -19.0, 32.0)",37.22,9,VISIBLE,1.81,3.46
78,1,person,0.3017,603.72,210.3,654.92,448.77,629.32,329.53,51.2,238.48,12210.16,0.21,Vertical Oblong,Green,"(48, 150, 134)","(47.45, -15.0, 14.0)",20.52,1,VISIBLE,3.13,0.97
78,2,person,0.8711,454.23,238.12,598.88,422.74,526.55,330.43,144.64,184.63,26704.58,0.78,Vertical Oblong,Cyan,"(100, 144, 114)","(30.59, 10.0, 17.0)",19.72,2,VISIBLE,-2.41,0.48
78,3,person,0.637,318.83,286.9,372.91,386.83,345.87,336.86,54.08,99.93,5404.4,0.54,Vertical Oblong,Cyan,"(89, 123, 177)","(63.92, -19.0, -5.0)",19.65,3,VISIBLE,8.61,1.33
78,7,person,0.5446,351.76,294.32,386.84,383.25,369.3,338.79,35.08,88.92,3119.79,0.39,Vertical Oblong,Cyan,"(94, 100, 206)","(66.27, -7.0, -10.0)",12.21,7,VISIBLE,6.46,1.87
78,6,person,0.6668,542.54,202.56,653.38,437.32,597.96,319.94,110.84,234.76,26019.96,0.47,Vertical Oblong,Cyan,"(96, 138, 177)","(60.78, -9.0, -11.0)",14.21,8,VISIBLE,3.72,2.09
78,10,person,0.7277,758.75,240.95,812.02,410.93,785.38,325.94,53.26,169.98,9053.34,0.31,Vertical Oblong,Green,"(50, 150, 146)","(50.59, -22.0, 19.0)",29.07,10,VISIBLE,4.07,0.25
78,11,person,0.8007,201.39,216.22,290.74,429.44,246.07,322.83,89.35,213.22,19052.15,0.42,Vertical Oblong,Blue,"(111, 126, 149)","(38.82, 16.0, 17.0)",23.35,11,VISIBLE,9.78,1.76
78,5,person,0.6098,845.24,269.92,898.94,358.87,872.09,314.39,53.7,88.95,4776.3,0.6,Vertical Oblong,Green,"(44, 186, 150)","(54.12, -35.0, 48.5)",59.81,12,VISIBLE,7.32,-0.63
78,13,person,0.7647,635.61,207.55,809.2,439.11,722.4,323.33,173.59,231.56,40197.35,0.75,Vertical Oblong,Purple,"(141, 146, 124)","(30.2, 5.0, 18.0)",18.68,13,VISIBLE,1.72,0.32
78,14,person,0.826,28.77,218.22,117.06,424.66,72.91,321.44,88.29,206.44,18227.72,0.43,Vertical Oblong,Purple,"(131, 104, 127)","(34.31, 14.0, 10.0)",17.2,14,VISIBLE,9.69,1.31
78,16,person,0.7627,4.69,311.93,38.62,387.16,21.65,349.54,33.93,75.22,2552.28,0.45,Vertical Oblong,Red,"(169, 148, 126)","(30.98, 28.0, 16.0)",32.25,16,VISIBLE,4.62,0.32
78,9,ball,0.3163,432.0,396.14,461.68,425.44,446.84,410.79,29.68,29.29,869.52,1.01,Spherical / Regular,Yellow,"(25, 45, 245)","(93.73, -1.0, 15.0)",15.03,9,VISIBLE,1.0,2.98
79,2,person,0.853,447.59,237.16,595.52,425.45,521.56,331.3,147.93,188.29,27853.06,0.79,Vertical Oblong,Blue,"(106, 142, 111)","(29.41, 9.0, 17.0)",19.24,2,VISIBLE,-4.22,0.76
79,3,person,0.5919,326.67,288.27,382.43,387.8,354.55,338.04,55.75,99.53,5549.17,0.56,Vertical Oblong,Cyan,"(94, 85, 206)","(70.98, -5.0, -9.0)",10.3,3,VISIBLE,8.66,1.22
79,7,person,0.3886,358.68,295.11,392.88,383.61,375.78,339.36,34.2,88.5,3026.88,0.39,Vertical Oblong,Cyan,"(94, 98, 212)","(70.2, -5.0, -10.0)",11.18,7,VISIBLE,6.47,0.96
79,6,person,0.6713,546.85,203.61,655.7,440.6,601.27,322.11,108.85,236.99,25795.99,0.46,Vertical Oblong,Cyan,"(96, 137, 176)","(60.0, -9.0, -10.0)",13.45,8,VISIBLE,3.44,2.14
79,10,person,0.7582,763.43,240.9,818.49,413.02,790.96,326.96,55.06,172.12,9476.71,0.32,Vertical Oblong,Green,"(51, 151, 146)","(50.98, -22.0, 19.0)",29.07,10,VISIBLE,5.12,0.79
79,11,person,0.849,209.67,218.68,300.94,431.11,255.31,324.9,91.26,212.43,19387.05,0.43,Vertical Oblong,Blue,"(102, 131, 157)","(39.22, 17.0, 18.0)",24.76,11,VISIBLE,9.4,1.97
79,13,person,0.7803,637.9,207.76,810.82,440.62,724.36,324.19,172.92,232.86,40266.64,0.74,Vertical Oblong,Purple,"(141, 148, 124)","(30.2, 5.0, 20.0)",20.62,13,VISIBLE,1.89,0.7
79,14,person,0.7933,42.1,219.1,125.89,425.56,83.99,322.33,83.78,206.46,17298.03,0.41,Vertical Oblong,Purple,"(141, 110, 136)","(35.69, 18.0, 13.0)",22.2,14,VISIBLE,10.66,1.02
79,16,person,0.7394,9.86,313.28,45.35,387.81,27.6,350.54,35.49,74.53,2645.1,0.48,Vertical Oblong,Red,"(171, 153, 128)","(30.98, 29.0, 15.0)",32.65,16,VISIBLE,5.55,0.79
79,9,ball,0.3163,433.75,399.16,462.99,427.9,448.37,413.53,29.24,28.74,840.48,1.02,Spherical / Regular,Green,"(41, 67, 164)","(61.76, -4.0, 17.0)",17.46,9,VISIBLE,1.37,2.81
80,2,person,0.8931,438.92,236.11,591.83,427.72,515.38,331.92,152.91,191.61,29298.43,0.8,Spherical / Regular,Purple,"(125, 140, 101)","(26.67, 8.0, 15.0)",17.0,2,VISIBLE,-5.59,0.65
80,3,person,0.5912,333.98,289.9,391.27,389.08,362.63,339.49,57.29,99.18,5681.81,0.58,Vertical Oblong,Green,"(82, 127, 178)","(64.71, -21.0, 3.0)",21.21,3,VISIBLE,8.25,1.38
80,7,person,0.3886,365.1,296.06,399.14,385.13,382.12,340.6,34.04,89.07,3032.0,0.38,Vertical Oblong,Green,"(82, 132, 177)","(64.31, -21.0, 2.0)",21.1,7,VISIBLE,6.38,1.15
80,6,person,0.7887,551.08,206.34,658.63,442.52,604.85,324.43,107.55,236.18,25400.62,0.46,Vertical Oblong,Cyan,"(96, 138, 175)","(59.22, -10.0, -7.0)",12.21,8,VISIBLE,3.54,2.27
80,10,person,0.7644,768.06,241.14,824.82,414.57,796.44,327.86,56.76,173.43,9843.38,0.33,Vertical Oblong,Green,"(51, 148, 146)","(51.37, -22.0, 16.0)",27.2,10,VISIBLE,5.37,0.86
80,11,person,0.8164,216.76,221.3,309.93,432.36,263.35,326.83,93.18,211.06,19665.64,0.44,Vertical Oblong,Blue,"(111, 131, 154)","(37.25, 17.0, 18.0)",24.76,11,VISIBLE,8.45,1.95
80,13,person,0.8596,640.87,208.42,811.73,442.85,726.3,325.63,170.85,234.43,40053.45,0.73,Vertical Oblong,Purple,"(143, 149, 124)","(30.98, 5.0, 22.0)",22.56,13,VISIBLE,1.92,1.22
80,14,person,0.7857,54.87,220.53,134.07,426.38,94.47,323.46,79.21,205.85,16304.57,0.38,Vertical Oblong,Purple,"(145, 119, 141)","(35.29, 19.0, 15.0)",24.21,14,VISIBLE,10.53,1.09
80,16,person,0.7703,15.94,314.44,51.74,389.33,33.84,351.89,35.79,74.89,2680.46,0.48,Vertical Oblong,Red,"(172, 158, 127)","(30.2, 29.0, 16.0)",33.12,16,VISIBLE,6.03,1.18
80,9,ball,0.3163,435.49,402.18,464.29,430.37,449.89,416.28,28.8,28.19,811.93,1.02,Spherical / Regular,Green,"(43, 164, 114)","(44.31, -22.0, 30.0)",37.2,9,VISIBLE,1.48,2.76
81,2,person,0.8926,429.29,234.66,586.22,429.86,507.75,332.26,156.93,195.2,30632.56,0.8,Spherical / Regular,Purple,"(135, 129, 96)","(23.92, 7.0, 14.0)",15.65,2,VISIBLE,-7.01,0.44
81,3,person,0.6178,342.43,292.09,402.05,389.72,372.24,340.9,59.62,97.63,5820.56,0.61,Vertical Oblong,Cyan,"(91, 84, 224)","(78.82, -8.0, -6.0)",10.0,3,VISIBLE,9.21,1.41
81,7,person,0.3886,371.53,297.01,405.4,386.66,388.47,341.83,33.88,89.65,3036.93,0.38,Vertical Oblong,Green,"(81, 122, 174)","(64.71, -22.0, 5.0)",22.56,7,VISIBLE,6.36,1.21
81,6,person,0.8012,555.31,208.81,658.02,443.1,606.66,325.95,102.71,234.28,24063.07,0.44,Vertical Oblong,Green,"(47, 147, 144)","(52.94, -22.0, 19.0)",29.07,8,VISIBLE,2.33,1.75
81,10,person,0.7433,772.83,241.15,831.7,416.25,802.27,328.7,58.87,175.1,10307.49,0.34,Vertical Oblong,Green,"(73, 143, 144)","(51.76, -22.0, 13.0)",25.55,10,VISIBLE,5.69,0.85
81,11,person,0.868,224.41,224.34,323.52,434.66,273.96,329.5,99.12,210.31,20845.35,0.47,Vertical Oblong,Blue,"(116, 127, 149)","(36.86, 15.0, 19.0)",24.21,11,VISIBLE,9.97,2.45
81,13,person,0.8717,643.65,209.0,811.62,445.55,727.64,327.27,167.97,236.55,39734.22,0.71,Vertical Oblong,Purple,"(135, 149, 127)","(30.98, 6.0, 21.0)",21.84,13,VISIBLE,1.51,1.51
81,14,person,0.7867,68.2,220.09,146.63,426.81,107.41,323.45,78.43,206.72,16213.14,0.38,Vertical Oblong,Pink,"(167, 124, 134)","(34.9, 22.0, 13.0)",25.55,14,VISIBLE,12.22,0.32
81,16,person,0.699,22.2,314.85,58.36,390.95,40.28,352.9,36.16,76.1,2751.7,0.48,Vertical Oblong,Red,"(174, 171, 134)","(32.16, 36.0, 18.0)",40.25,16,VISIBLE,6.32,1.06
81,9,ball,0.3163,437.24,405.2,465.6,432.84,451.42,419.02,28.36,27.64,783.87,1.03,Spherical / Regular,Green,"(44, 142, 123)","(47.84, -26.0, 34.0)",42.8,9,VISIBLE,1.51,2.75
82,2,person,0.8372,417.83,233.42,585.15,431.72,501.49,332.57,167.32,198.3,33178.72,0.84,Spherical / Regular,Purple,"(133, 127, 89)","(22.35, 6.0, 11.0)",12.53,2,VISIBLE,-6.49,0.35
82,3,person,0.5873,350.41,293.74,410.45,391.12,380.43,342.43,60.04,97.38,5846.06,0.62,Vertical Oblong,Cyan,"(90, 93, 222)","(76.67, -10.0, -5.0)",11.18,3,VISIBLE,8.49,1.49
82,7,person,0.3886,377.95,297.96,411.67,388.18,394.81,343.07,33.71,90.22,3041.67,0.37,Vertical Oblong,Green,"(63, 125, 175)","(64.71, -21.0, 10.0)",23.26,7,VISIBLE,6.35,1.23
82,6,person,0.7787,558.72,211.86,657.06,443.88,607.89,327.87,98.34,232.02,22817.18,0.42,Vertical Oblong,Green,"(48, 145, 146)","(53.33, -23.0, 18.0)",29.21,8,VISIBLE,1.56,1.87
82,10,person,0.7244,778.13,241.59,837.7,417.96,807.91,329.78,59.56,176.37,10505.43,0.34,Vertical Oblong,Green,"(70, 143, 146)","(52.55, -23.0, 12.0)",25.94,10,VISIBLE,5.66,1.01
82,11,person,0.8434,232.3,228.07,341.32,436.11,286.81,332.09,109.02,208.04,22679.41,0.52,Vertical Oblong,Blue,"(113, 123, 148)","(36.08, 13.0, 19.0)",23.02,11,VISIBLE,11.98,2.55
82,13,person,0.8673,646.24,210.18,810.84,447.98,728.54,329.08,164.61,237.8,39142.85,0.69,Vertical Oblong,Purple,"(141, 157, 128)","(31.76, 6.0, 22.0)",22.8,13,VISIBLE,1.09,1.72
82,14,person,0.7779,80.54,219.86,156.28,426.87,118.41,323.36,75.74,207.01,15679.21,0.37,Vertical Oblong,Red,"(168, 124, 139)","(36.86, 20.0, 13.0)",23.85,14,VISIBLE,11.36,0.04
82,16,person,0.6853,28.04,315.39,64.33,392.32,46.18,353.85,36.29,76.93,2792.07,0.47,Vertical Oblong,Red,"(174, 173, 137)","(32.94, 35.0, 19.0)",39.82,16,VISIBLE,6.03,0.99
82,9,ball,0.3163,438.99,408.22,466.91,435.31,452.95,421.76,27.92,27.09,756.29,1.03,Spherical / Regular,Green,"(46, 148, 134)","(51.76, -28.0, 36.0)",45.61,9,VISIBLE,1.53,2.75
82,15,ball,0.5219,431.27,383.07,462.78,412.74,447.03,397.9,31.51,29.68,935.1,1.06,Spherical / Regular,Green,"(46, 59, 212)","(73.33, -6.0, 17.0)",18.03,17,VISIBLE,4.88,17.67
83,2,person,0.8318,410.99,232.52,585.89,433.79,498.44,333.15,174.9,201.28,35202.69,0.87,Spherical / Regular,Purple,"(133, 121, 89)","(22.35, 6.0, 10.0)",11.66,2,VISIBLE,-4.08,0.51
83,3,person,0.6088,359.6,296.71,417.82,392.75,388.71,344.73,58.22,96.04,5591.54,0.61,Vertical Oblong,Green,"(63, 120, 173)","(63.92, -18.0, 11.0)",21.1,3,VISIBLE,8.34,2.06
83,7,person,0.3886,384.38,298.91,417.93,389.71,401.15,344.31,33.55,90.8,3046.23,0.37,Vertical Oblong,Green,"(64, 124, 172)","(63.92, -18.0, 11.0)",21.1,7,VISIBLE,6.35,1.24
83,6,person,0.7638,562.84,215.47,656.95,445.62,609.9,330.55,94.11,230.15,21658.7,0.41,Vertical Oblong,Green,"(49, 145, 146)","(54.12, -23.0, 16.0)",28.02,8,VISIBLE,1.87,2.43
83,10,person,0.7714,784.02,242.55,845.14,419.47,814.58,331.01,61.12,176.92,10813.82,0.35,Vertical Oblong,Green,"(65, 147, 145)","(52.16, -24.0, 12.0)",26.83,10,VISIBLE,6.36,1.17
83,11,person,0.8812,240.7,231.37,357.01,437.42,298.86,334.4,116.31,206.06,23966.54,0.56,Vertical Oblong,Blue,"(113, 119, 148)","(36.86, 12.0, 19.0)",22.47,11,VISIBLE,12.03,2.38
83,13,person,0.8671,648.79,211.36,809.84,450.79,729.31,331.08,161.05,239.43,38561.4,0.67,Vertical Oblong,Purple,"(141, 160, 130)","(32.55, 8.0, 22.0)",23.41,13,VISIBLE,0.87,1.91
83,14,person,0.7943,91.52,219.47,163.14,427.0,127.33,323.24,71.62,207.53,14862.71,0.35,Vertical Oblong,Red,"(170, 122, 140)","(37.25, 21.0, 13.0)",24.7,14,VISIBLE,9.65,-0.08
83,16,person,0.7363,33.73,316.04,70.1,393.8,51.92,354.92,36.37,77.76,2828.34,0.47,Vertical Oblong,Red,"(174, 170, 139)","(33.73, 36.0, 18.0)",40.25,16,VISIBLE,5.82,1.04
83,9,ball,0.3163,440.73,411.24,468.21,437.77,454.47,424.5,27.48,26.54,729.2,1.04,Spherical / Regular,Green,"(46, 145, 134)","(51.76, -27.0, 36.0)",45.0,9,VISIBLE,1.52,2.74
83,15,ball,0.4862,431.85,380.62,462.67,409.66,447.26,395.14,30.82,29.04,894.89,1.06,Spherical / Regular,Green,"(50, 47, 229)","(79.61, -14.0, 14.0)",19.8,17,VISIBLE,1.63,3.37
84,2,person,0.8668,406.27,231.93,585.9,435.96,496.09,333.94,179.63,204.03,36649.66,0.88,Spherical / Regular,Green,"(47, 144, 141)","(51.37, -17.0, 33.0)",37.12,2,VISIBLE,-2.87,0.71
84,3,person,0.7386,368.34,298.1,423.89,394.75,396.11,346.42,55.55,96.65,5369.27,0.57,Vertical Oblong,Green,"(51, 119, 172)","(63.92, -18.0, 12.0)",21.63,3,VISIBLE,7.69,1.8
84,7,person,0.3886,390.8,299.86,424.19,391.23,407.5,345.54,33.39,91.37,3050.6,0.37,Vertical Oblong,Green,"(51, 120, 172)","(63.92, -20.0, 13.0)",23.85,7,VISIBLE,6.34,1.24
84,6,person,0.7169,567.94,218.58,657.07,447.1,612.5,332.84,89.12,228.51,20365.32,0.39,Vertical Oblong,Green,"(52, 145, 145)","(54.12, -23.0, 14.0)",26.93,8,VISIBLE,2.39,2.34
84,10,person,0.7902,789.51,243.48,851.47,421.08,820.49,332.28,61.95,177.6,11002.64,0.35,Vertical Oblong,Green,"(62, 149, 144)","(51.76, -23.0, 12.0)",25.94,10,VISIBLE,6.05,1.24
84,11,person,0.8723,249.47,234.81,373.89,438.33,311.68,336.57,124.42,203.52,25322.21,0.61,Vertical Oblong,Blue,"(113, 114, 144)","(36.08, 11.0, 18.0)",21.1,11,VISIBLE,12.59,2.24
84,13,person,0.8496,649.52,212.71,808.64,453.82,729.08,333.27,159.13,241.11,38367.49,0.66,Vertical Oblong,Purple,"(141, 162, 130)","(32.55, 10.0, 22.0)",24.17,13,VISIBLE,0.1,2.11
84,14,person,0.7969,101.96,219.25,169.65,427.44,135.81,323.34,67.69,208.19,14091.64,0.33,Vertical Oblong,Red,"(168, 121, 138)","(36.86, 21.0, 13.0)",24.7,14,VISIBLE,8.83,0.05
84,16,person,0.6739,39.24,316.46,75.42,394.98,57.33,355.72,36.18,78.52,2840.49,0.46,Vertical Oblong,Red,"(174, 170, 140)","(33.73, 35.0, 18.0)",39.36,16,VISIBLE,5.54,0.87
84,15,ball,0.6412,432.14,377.84,462.43,406.69,447.28,392.26,30.29,28.85,873.9,1.05,Spherical / Regular,Green,"(48, 68, 207)","(73.92, -10.0, 18.0)",20.59,17,VISIBLE,0.51,-1.0
85,2,person,0.8594,404.59,231.43,584.7,437.91,494.64,334.67,180.11,206.48,37190.16,0.87,Spherical / Regular,Green,"(47, 144, 142)","(51.76, -18.0, 32.0)",36.72,2,VISIBLE,-1.87,0.72
85,3,person,0.7164,375.47,299.07,429.78,397.22,402.63,348.15,54.3,98.16,5330.31,0.55,Vertical Oblong,Green,"(49, 125, 170)","(62.75, -17.0, 15.0)",22.67,3,VISIBLE,6.86,1.75
85,6,person,0.776,574.25,221.4,659.16,449.32,616.7,335.36,84.91,227.92,19351.72,0.37,Vertical Oblong,Cyan,"(97, 127, 161)","(56.86, -8.0, -7.0)",10.63,8,VISIBLE,3.66,2.46
85,10,person,0.804,794.44,244.41,855.92,424.28,825.18,334.34,61.48,179.87,11059.04,0.34,Vertical Oblong,Green,"(72, 144, 143)","(52.55, -22.0, 11.0)",24.6,10,VISIBLE,5.1,1.82
85,11,person,0.8563,258.8,238.76,388.24,438.68,323.52,338.72,129.44,199.92,25877.28,0.65,Vertical Oblong,Blue,"(120, 112, 142)","(36.08, 10.0, 18.0)",20.59,11,VISIBLE,12.06,2.18
85,13,person,0.8738,650.56,215.0,806.36,457.37,728.46,336.19,155.8,242.37,37761.56,0.64,Vertical Oblong,Purple,"(146, 166, 130)","(32.55, 12.0, 22.0)",25.06,13,VISIBLE,-0.41,2.68
85,14,person,0.769,111.92,220.12,177.0,428.17,144.46,324.15,65.08,208.05,13538.98,0.31,Vertical Oblong,Pink,"(167, 122, 137)","(34.9, 19.0, 12.0)",22.47,14,VISIBLE,8.71,0.58
85,16,person,0.7018,44.74,316.41,80.72,395.8,62.73,356.1,35.97,79.38,2855.62,0.45,Vertical Oblong,Red,"(174, 176, 139)","(33.73, 36.5, 18.0)",40.7,16,VISIBLE,5.44,0.53
85,15,ball,0.368,432.16,373.3,462.41,402.87,447.28,388.08,30.25,29.58,894.69,1.02,Spherical / Regular,Green,"(50, 76, 176)","(62.94, -14.0, 16.5)",21.64,17,VISIBLE,0.15,-3.23
86,2,person,0.8601,405.68,230.75,584.27,439.74,494.98,335.25,178.58,208.99,37321.61,0.85,Spherical / Regular,Green,"(47, 145, 142)","(52.16, -21.0, 33.0)",39.12,2,VISIBLE,-0.33,0.62
86,3,person,0.6157,381.66,303.18,434.8,399.25,408.23,351.22,53.14,96.07,5105.5,0.55,Vertical Oblong,Green,"(47, 126, 173)","(63.14, -16.0, 15.0)",21.93,3,VISIBLE,5.98,2.67
86,6,person,0.7432,579.72,224.31,662.29,451.53,621.0,337.92,82.57,227.22,18761.78,0.36,Vertical Oblong,Cyan,"(97, 127, 162)","(57.65, -8.0, -7.0)",10.63,8,VISIBLE,4.11,2.53
86,10,person,0.7869,797.64,245.91,858.22,427.9,827.93,336.91,60.58,181.99,11024.62,0.33,Vertical Oblong,Green,"(77, 145, 146)","(53.33, -23.0, 9.0)",24.7,10,VISIBLE,3.45,2.34
86,11,person,0.8516,268.89,243.88,406.09,438.9,337.49,341.39,137.2,195.01,26754.94,0.7,Vertical Oblong,Blue,"(118, 108, 142)","(34.9, 9.0, 17.0)",19.24,11,VISIBLE,13.4,2.52
86,13,person,0.8617,651.19,217.23,804.09,461.5,727.64,339.37,152.9,244.27,37349.18,0.63,Vertical Oblong,Purple,"(145, 169, 130)","(32.94, 13.0, 22.0)",25.55,13,VISIBLE,-0.7,3.03
86,14,person,0.7725,119.96,221.29,183.22,429.27,151.59,325.28,63.26,207.98,13156.69,0.3,Vertical Oblong,Red,"(168, 120, 139)","(34.9, 18.0, 12.0)",21.63,14,VISIBLE,7.6,0.97
86,16,person,0.7124,49.33,316.43,85.93,396.79,67.63,356.61,36.6,80.37,2941.11,0.46,Vertical Oblong,Red,"(174, 178, 139)","(34.12, 36.0, 18.0)",40.25,16,VISIBLE,5.06,0.51
86,15,ball,0.348,433.3,368.8,462.59,398.83,447.94,383.82,29.29,30.03,879.64,0.98,Spherical / Regular,Green,"(50, 97, 194)","(68.24, -4.0, 20.0)",20.4,17,VISIBLE,0.51,-3.96
87,2,person,0.8107,409.5,230.11,581.29,441.99,495.39,336.05,171.79,211.88,36398.47,0.81,Spherical / Regular,Green,"(47, 146, 143)","(52.16, -23.0, 34.0)",41.05,2,VISIBLE,0.2,0.75
87,3,person,0.6201,385.16,304.83,439.06,401.8,412.11,353.31,53.91,96.97,5227.12,0.56,Vertical Oblong,Green,"(48, 122, 173)","(63.14, -14.0, 15.0)",20.52,3,VISIBLE,4.51,2.27
87,6,person,0.8225,584.53,226.94,667.08,454.21,625.8,340.58,82.54,227.27,18759.65,0.36,Vertical Oblong,Cyan,"(97, 133, 167)","(58.82, -10.0, -8.0)",12.81,8,VISIBLE,4.59,2.62
87,10,person,0.7429,798.66,247.95,859.0,432.02,828.83,339.98,60.34,184.07,11106.4,0.33,Vertical Oblong,Green,"(60, 147, 145)","(52.55, -24.0, 14.0)",27.78,10,VISIBLE,1.67,2.86
87,11,person,0.8461,278.91,248.26,419.17,438.41,349.04,343.34,140.26,190.16,26670.48,0.74,Vertical Oblong,Blue,"(120, 111, 142)","(35.69, 10.0, 17.0)",19.72,11,VISIBLE,12.1,2.12
87,13,person,0.8731,651.03,218.77,801.62,465.51,726.33,342.14,150.59,246.74,37155.95,0.61,Vertical Oblong,Purple,"(150, 175, 130)","(32.94, 17.0, 23.0)",28.6,13,VISIBLE,-1.13,2.85
87,14,person,0.8037,126.83,222.36,190.54,430.62,158.69,326.49,63.72,208.26,13269.54,0.31,Vertical Oblong,Red,"(168, 118, 137)","(34.51, 18.0, 12.0)",21.63,14,VISIBLE,7.25,1.14
87,16,person,0.7169,54.08,316.37,91.42,398.43,72.75,357.4,37.34,82.07,3064.63,0.46,Vertical Oblong,Red,"(174, 169, 140)","(34.12, 36.0, 17.0)",39.81,16,VISIBLE,5.1,0.71
87,15,ball,0.3854,434.37,365.04,463.11,394.83,448.74,379.94,28.74,29.79,855.93,0.96,Spherical / Regular,Yellow,"(33, 51, 247)","(93.53, -1.0, 15.0)",15.03,17,VISIBLE,0.71,-3.9
88,2,person,0.7585,417.65,229.32,581.58,443.32,499.62,336.32,163.92,214.01,35080.39,0.77,Vertical Oblong,Green,"(47, 147, 142)","(51.76, -16.0, 34.0)",37.58,2,VISIBLE,3.01,0.41
88,3,person,0.5659,386.68,303.54,442.4,404.57,414.54,354.05,55.72,101.02,5629.22,0.55,Vertical Oblong,Green,"(47, 121, 171)","(62.35, -14.0, 16.0)",21.26,3,VISIBLE,3.05,1.2
88,6,person,0.8096,588.44,229.67,672.84,456.73,630.64,343.2,84.4,227.06,19163.47,0.37,Vertical Oblong,Cyan,"(97, 134, 168)","(59.61, -11.0, -9.0)",14.21,8,VISIBLE,4.76,2.62
88,10,person,0.7763,799.17,249.78,858.82,436.39,829.0,343.09,59.66,186.61,11132.32,0.32,Vertical Oblong,Green,"(51, 145, 141)","(52.16, -25.0, 18.5)",31.1,10,VISIBLE,0.62,3.03
88,11,person,0.7827,289.42,251.77,430.53,438.15,359.97,344.96,141.11,186.38,26299.33,0.76,Vertical Oblong,Blue,"(120, 113, 143)","(36.47, 9.0, 16.0)",18.36,11,VISIBLE,11.29,1.77
88,13,person,0.8738,653.41,221.18,798.99,469.56,726.2,345.37,145.58,248.39,36159.95,0.59,Vertical Oblong,Pink,"(155, 175, 132)","(33.73, 19.0, 23.0)",29.83,13,VISIBLE,-0.43,3.12
88,14,person,0.7854,132.95,223.49,196.99,432.13,164.97,327.81,64.04,208.64,13360.35,0.31,Vertical Oblong,Red,"(169, 122, 134)","(34.12, 19.0, 12.0)",22.47,14,VISIBLE,6.57,1.27
88,16,person,0.7021,58.46,316.49,96.51,399.84,77.49,358.17,38.06,83.35,3171.92,0.46,Vertical Oblong,Red,"(174, 163, 141)","(34.51, 35.0, 18.0)",39.36,16,VISIBLE,4.85,0.75
88,15,ball,0.3183,435.46,361.38,463.89,392.0,449.68,376.69,28.43,30.61,870.31,0.93,Spherical / Regular,Green,"(38, 37, 252)","(97.25, -2.0, 14.0)",14.14,17,VISIBLE,0.87,-3.44
88,9,ball,0.8383,437.72,268.25,461.78,290.51,449.75,279.38,24.05,22.26,535.28,1.08,Spherical / Regular,Yellow,"(31, 95, 178)","(67.84, -8.0, 29.0)",30.08,18,VISIBLE,-0.2,-19.49
89,2,person,0.6009,441.87,228.43,573.65,445.83,507.76,337.13,131.78,217.4,28648.52,0.61,Vertical Oblong,Purple,"(131, 137, 107)","(26.67, 7.0, 10.0)",12.21,2,VISIBLE,6.61,0.69
89,3,person,0.5659,391.82,304.74,447.79,406.77,419.8,355.76,55.97,102.03,5710.67,0.55,Vertical Oblong,Green,"(51, 109, 170)","(62.35, -10.0, 14.0)",17.2,3,VISIBLE,4.6,1.55
89,6,person,0.7796,593.15,232.68,678.54,459.08,635.85,345.88,85.38,226.39,19330.5,0.38,Vertical Oblong,Cyan,"(97, 137, 171)","(59.61, -14.0, -7.0)",15.65,8,VISIBLE,5.07,2.66
89,10,person,0.788,801.68,251.88,858.15,441.41,829.92,346.64,56.47,189.53,10703.07,0.3,Vertical Oblong,Green,"(49, 148, 140)","(51.76, -25.0, 22.0)",33.3,10,VISIBLE,0.83,3.4
89,11,person,0.7735,299.88,256.63,441.08,438.72,370.48,347.68,141.2,182.09,25710.65,0.78,Vertical Oblong,Cyan,"(101, 108, 150)","(38.82, 10.0, 16.0)",18.87,11,VISIBLE,10.74,2.43
89,13,person,0.8527,655.97,223.28,796.33,473.55,726.15,348.41,140.37,250.27,35129.22,0.56,Vertical Oblong,Red,"(168, 193, 135)","(34.51, 28.0, 25.0)",37.54,13,VISIBLE,-0.16,3.07
89,14,person,0.7981,138.2,226.07,203.61,433.23,170.91,329.65,65.41,207.16,13550.1,0.32,Vertical Oblong,Pink,"(162, 119, 133)","(33.33, 18.0, 13.0)",22.2,14,VISIBLE,6.13,1.67
89,16,person,0.7521,62.66,316.02,102.34,400.7,82.5,358.36,39.68,84.68,3359.7,0.47,Vertical Oblong,Red,"(175, 163, 141)","(34.12, 34.5, 17.0)",38.46,16,VISIBLE,4.96,0.36
89,15,ball,0.3183,436.23,357.96,464.22,388.85,450.23,373.4,27.99,30.88,864.5,0.91,Spherical / Regular,Green,"(57, 100, 148)","(54.12, -3.0, 13.5)",13.83,17,VISIBLE,0.65,-3.33
89,9,ball,0.8383,437.83,267.86,462.04,290.49,449.93,279.17,24.21,22.63,547.81,1.07,Spherical / Regular,Green,"(39, 89, 97)","(39.02, -12.0, 19.0)",22.47,18,VISIBLE,0.07,-5.99
90,2,person,0.6244,454.12,226.29,567.8,447.14,510.96,336.71,113.68,220.85,25106.71,0.51,Vertical Oblong,Purple,"(131, 142, 120)","(29.02, 9.0, 13.0)",15.81,2,VISIBLE,4.22,-0.08
90,3,person,0.332,401.67,305.89,452.98,408.47,427.33,357.18,51.31,102.58,5263.8,0.5,Vertical Oblong,Green,"(46, 115, 176)","(63.53, -13.0, 17.0)",21.4,3,VISIBLE,6.64,1.46
90,6,person,0.7554,597.23,235.34,683.6,461.65,640.42,348.49,86.36,226.31,19544.78,0.38,Vertical Oblong,Cyan,"(96, 138, 178)","(61.18, -15.0, -7.0)",16.55,8,VISIBLE,4.72,2.63
90,10,person,0.7884,804.5,254.47,857.29,446.44,830.89,350.46,52.79,191.97,10134.76,0.28,Vertical Oblong,Green,"(49, 150, 141)","(52.16, -26.0, 24.0)",35.38,10,VISIBLE,0.93,3.69
90,11,person,0.7705,310.92,261.45,451.47,440.42,381.2,350.94,140.55,178.97,25154.83,0.79,Vertical Oblong,Cyan,"(89, 106, 155)","(40.39, 9.0, 17.0)",19.24,11,VISIBLE,10.72,3.01
90,13,person,0.8604,658.81,225.63,794.08,477.46,726.44,351.54,135.26,251.83,34062.81,0.54,Vertical Oblong,Red,"(174, 206, 136)","(34.9, 31.0, 27.0)",41.11,13,VISIBLE,0.16,3.11
90,14,person,0.8286,143.18,229.31,210.14,435.17,176.66,332.24,66.96,205.86,13784.97,0.33,Vertical Oblong,Pink,"(161, 117, 136)","(33.73, 17.0, 14.0)",22.02,14,VISIBLE,5.87,2.31
90,16,person,0.722,66.94,316.32,108.0,401.56,87.47,358.94,41.06,85.24,3499.49,0.48,Vertical Oblong,Red,"(175, 160, 142)","(34.12, 32.0, 17.0)",36.24,16,VISIBLE,4.97,0.51
90,15,ball,0.3183,437.0,354.54,464.55,385.7,450.77,370.12,27.55,31.16,858.45,0.88,Spherical / Regular,Green,"(43, 42, 238)","(90.98, -3.0, 12.0)",12.37,17,VISIBLE,0.58,-3.3
90,9,ball,0.8383,437.93,267.47,462.3,290.47,450.12,278.97,24.37,23.0,560.47,1.06,Spherical / Regular,Black,"(126, 85, 26)","(6.27, 2.0, -2.0)",2.83,18,VISIBLE,0.15,-1.94
91,2,person,0.7597,457.99,218.57,560.19,445.26,509.09,331.91,102.2,226.68,23167.44,0.45,Vertical Oblong,Purple,"(135, 149, 126)","(29.41, 12.0, 16.0)",20.0,2,VISIBLE,-0.04,-3.38
91,3,person,0.289,410.01,306.45,459.91,410.62,434.96,358.54,49.9,104.18,5198.32,0.48,Vertical Oblong,Green,"(51, 120, 168)","(61.57, -15.0, 15.0)",21.21,3,VISIBLE,7.34,1.39
91,6,person,0.7537,600.09,238.26,688.03,464.33,644.06,351.3,87.94,226.08,19881.84,0.39,Vertical Oblong,Cyan,"(97, 139, 177)","(61.18, -15.0, -9.0)",17.49,8,VISIBLE,3.97,2.75
91,10,person,0.8011,808.33,257.2,856.43,451.08,832.38,354.14,48.1,193.87,9325.58,0.25,Vertical Oblong,Green,"(49, 151, 139)","(51.76, -26.0, 26.0)",36.77,10,VISIBLE,1.32,3.69
91,11,person,0.7368,321.24,266.45,460.37,443.91,390.81,355.18,139.13,177.46,24690.82,0.78,Vertical Oblong,Cyan,"(96, 110, 156)","(41.18, 9.0, 15.0)",17.49,11,VISIBLE,9.94,3.88
91,13,person,0.8695,662.87,227.77,791.68,480.51,727.28,354.14,128.82,252.75,32557.95,0.51,Vertical Oblong,Red,"(174, 216, 139)","(35.69, 37.0, 28.0)",46.4,13,VISIBLE,0.63,2.75
91,14,person,0.8556,146.8,232.61,216.45,437.13,181.62,334.87,69.65,204.53,14245.08,0.34,Vertical Oblong,Pink,"(161, 121, 139)","(34.12, 15.0, 13.0)",19.85,14,VISIBLE,5.24,2.53
91,16,person,0.6999,70.6,316.58,112.66,402.47,91.63,359.52,42.06,85.89,3612.8,0.49,Vertical Oblong,Red,"(175, 156, 141)","(34.12, 31.0, 17.0)",35.36,16,VISIBLE,4.4,0.56
91,15,ball,0.4452,438.31,355.81,464.37,383.48,451.34,369.65,26.06,27.67,721.1,0.94,Spherical / Regular,Yellow,"(34, 38, 247)","(94.12, -2.0, 14.0)",14.14,17,VISIBLE,0.57,-1.32
91,19,ball,0.4056,442.05,239.55,474.29,271.41,458.17,255.48,32.24,31.86,1027.13,1.01,Spherical / Regular,Yellow,"(36, 44, 230)","(86.27, -5.0, 14.0)",14.87,19,VISIBLE,0.0,0.0
92,2,person,0.7561,458.24,213.03,552.21,442.02,505.22,327.52,93.97,229.0,21519.12,0.41,Vertical Oblong,Purple,"(131, 148, 122)","(29.02, 13.0, 16.0)",20.62,2,VISIBLE,-2.72,-4.09
92,3,person,0.289,416.92,307.47,465.67,412.72,441.29,360.09,48.75,105.25,5130.98,0.46,Vertical Oblong,Green,"(54, 112, 168)","(60.78, -14.0, 13.0)",19.1,3,VISIBLE,6.64,1.51
92,6,person,0.7663,602.71,240.97,692.28,466.34,647.49,353.65,89.57,225.37,20185.18,0.4,Vertical Oblong,Cyan,"(96, 138, 171)","(60.0, -14.0, -8.0)",16.12,8,VISIBLE,3.59,2.48
92,10,person,0.728,812.95,260.2,855.67,454.9,834.31,357.55,42.72,194.71,8318.19,0.22,Vertical Oblong,Green,"(49, 150, 140)","(51.76, -25.0, 23.0)",33.97,10,VISIBLE,1.75,3.49
92,11,person,0.7742,329.18,271.1,466.47,448.02,397.82,359.56,137.29,176.92,24289.36,0.78,Vertical Oblong,Cyan,"(96, 111, 151)","(40.78, 8.0, 15.0)",17.0,11,VISIBLE,7.9,4.23
92,13,person,0.863,664.13,230.31,789.59,481.88,726.86,356.09,125.46,251.57,31562.52,0.5,Vertical Oblong,Red,"(175, 219, 141)","(37.25, 41.0, 29.0)",50.22,13,VISIBLE,-0.1,2.19
92,14,person,0.8433,150.38,236.17,222.18,438.47,186.28,337.32,71.8,202.3,14524.26,0.35,Vertical Oblong,Pink,"(165, 120, 140)","(34.51, 16.0, 14.0)",21.26,14,VISIBLE,4.83,2.48
92,16,person,0.7485,73.69,316.97,117.63,403.84,95.66,360.4,43.94,86.87,3816.87,0.51,Vertical Oblong,Red,"(174, 143, 138)","(34.12, 30.0, 16.0)",34.0,16,VISIBLE,4.14,0.79
92,15,ball,0.4829,439.19,356.42,464.5,381.58,451.85,369.0,25.31,25.16,636.88,1.01,Spherical / Regular,Green,"(44, 82, 187)","(70.59, -13.0, 21.0)",24.7,17,VISIBLE,0.52,-0.85
92,19,ball,0.6153,443.55,234.09,474.97,267.2,459.26,250.64,31.42,33.11,1040.44,0.95,Spherical / Regular,Green,"(44, 66, 124)","(48.63, -11.0, 17.0)",20.25,19,VISIBLE,1.09,-4.84
93,2,person,0.7685,456.62,205.22,545.02,436.61,500.82,320.91,88.4,231.39,20454.46,0.38,Vertical Oblong,Purple,"(133, 137, 97)","(25.88, 10.0, 9.0)",13.45,2,VISIBLE,-3.9,-5.85
93,3,person,0.289,423.82,308.49,471.43,414.81,447.63,361.65,47.6,106.32,5061.18,0.45,Vertical Oblong,Green,"(79, 123, 171)","(61.18, -16.0, 6.0)",17.09,3,VISIBLE,6.42,1.54
93,6,person,0.7551,604.31,243.08,696.36,468.03,650.33,355.55,92.05,224.95,20706.81,0.41,Vertical Oblong,Cyan,"(97, 139, 172)","(59.22, -12.0, -7.0)",13.89,8,VISIBLE,3.07,2.07
93,10,person,0.7031,817.24,261.4,855.05,458.45,836.14,359.92,37.81,197.05,7450.66,0.19,Vertical Oblong,Green,"(49, 148, 142)","(51.37, -23.0, 19.0)",29.83,10,VISIBLE,1.81,2.71
93,11,person,0.766,338.86,273.66,473.85,452.1,406.36,362.88,134.99,178.44,24088.1,0.76,Vertical Oblong,Cyan,"(101, 115, 154)","(41.18, 8.0, 11.0)",13.6,11,VISIBLE,8.34,3.59
93,13,person,0.8598,666.39,233.16,787.25,482.68,726.82,357.92,120.87,249.52,30158.37,0.48,Vertical Oblong,Red,"(175, 223, 151)","(38.04, 46.0, 31.0)",55.47,13,VISIBLE,-0.06,1.94
93,14,person,0.8439,153.42,239.12,228.51,440.29,190.96,339.7,75.09,201.17,15105.29,0.37,Vertical Oblong,Pink,"(158, 130, 144)","(34.9, 17.0, 15.0)",22.67,14,VISIBLE,4.73,2.41
93,16,person,0.7437,76.58,317.04,122.44,405.15,99.51,361.09,45.86,88.11,4040.48,0.52,Vertical Oblong,Red,"(174, 153, 133)","(32.94, 28.0, 17.0)",32.76,16,VISIBLE,3.94,0.72
93,15,ball,0.4829,440.1,354.98,464.68,378.95,452.39,366.97,24.58,23.96,589.06,1.03,Spherical / Regular,Green,"(42, 78, 230)","(87.45, -13.0, 27.0)",29.97,17,VISIBLE,0.54,-1.68
93,19,ball,0.74,445.58,227.38,476.58,258.75,461.08,243.07,31.0,31.37,972.53,0.99,Spherical / Regular,Green,"(43, 48, 152)","(60.98, -9.0, 13.0)",15.81,19,VISIBLE,1.6,-6.76
94,2,person,0.7485,456.75,194.73,540.36,431.72,498.56,313.23,83.61,236.99,19814.17,0.35,Vertical Oblong,Purple,"(128, 133, 92)","(25.1, 10.0, 7.0)",12.21,2,VISIBLE,-2.76,-7.14
94,3,person,0.289,430.73,309.51,477.19,416.91,453.96,363.21,46.45,107.4,4988.9,0.43,Vertical Oblong,Green,"(77, 121, 166)","(58.82, -14.0, 8.5)",16.38,3,VISIBLE,6.36,1.55
94,6,person,0.7858,604.66,244.68,699.43,469.62,652.04,357.15,94.77,224.95,21319.01,0.42,Vertical Oblong,Cyan,"(96, 139, 172)","(60.0, -13.0, -7.0)",14.76,8,VISIBLE,2.12,1.74
94,10,person,0.685,820.82,261.86,854.58,461.98,837.7,361.92,33.76,200.12,6755.78,0.17,Vertical Oblong,Green,"(48, 152, 149)","(52.55, -24.0, 20.0)",31.24,10,VISIBLE,1.63,2.21
94,11,person,0.7438,349.42,274.26,481.27,457.83,415.34,366.04,131.85,183.57,24204.24,0.72,Vertical Oblong,Cyan,"(96, 121, 155)","(43.92, 7.0, 10.0)",12.21,11,VISIBLE,8.8,3.29
94,13,person,0.8412,668.14,235.8,785.62,482.82,726.88,359.31,117.48,247.02,29019.32,0.48,Vertical Oblong,Red,"(176, 225, 158)","(39.61, 48.0, 31.0)",57.14,13,VISIBLE,0.02,1.55
94,14,person,0.8759,155.96,241.73,235.44,441.99,195.7,341.86,79.48,200.26,15916.31,0.4,Vertical Oblong,Pink,"(159, 128, 145)","(34.12, 15.0, 15.0)",21.21,14,VISIBLE,4.73,2.23
94,16,person,0.7401,79.99,317.06,126.63,406.49,103.31,361.78,46.64,89.43,4170.84,0.52,Vertical Oblong,Red,"(172, 143, 128)","(32.55, 26.0, 17.0)",31.06,16,VISIBLE,3.84,0.69
94,15,ball,0.4829,441.0,353.55,464.86,376.31,452.93,364.93,23.85,22.76,543.0,1.05,Spherical / Regular,Green,"(42, 112, 162)","(59.61, -14.0, 22.0)",26.08,17,VISIBLE,0.54,-1.93
94,19,ball,0.7338,447.66,219.73,478.63,249.61,463.15,234.67,30.97,29.88,925.33,1.04,Spherical / Regular,Green,"(38, 71, 149)","(48.82, -8.0, 18.0)",19.7,19,VISIBLE,1.93,-7.9
95,2,person,0.7575,458.5,188.58,537.33,427.31,497.92,307.95,78.83,238.72,18819.84,0.33,Vertical Oblong,Purple,"(125, 128, 87)","(23.92, 8.0, 8.0)",11.31,2,VISIBLE,-1.27,-5.84
95,3,person,0.3017,436.39,311.17,476.81,418.1,456.6,364.63,40.42,106.93,4321.79,0.38,Vertical Oblong,Cyan,"(87, 130, 172)","(59.61, -13.0, 6.0)",14.32,3,VISIBLE,3.76,1.46
95,6,person,0.818,604.19,246.54,702.16,471.23,653.18,358.89,97.97,224.7,22013.19,0.44,Vertical Oblong,Cyan,"(96, 139, 166)","(58.82, -11.0, -7.0)",13.04,8,VISIBLE,1.43,1.74
95,10,person,0.5805,824.38,261.39,854.25,465.5,839.31,363.45,29.87,204.11,6097.33,0.15,Vertical Oblong,Green,"(48, 155, 149)","(52.55, -25.0, 26.0)",36.07,10,VISIBLE,1.62,1.73
95,11,person,0.7831,356.93,269.47,486.93,463.3,421.93,366.38,130.0,193.83,25198.85,0.67,Vertical Oblong,Cyan,"(95, 122, 158)","(44.71, 6.0, 9.0)",10.82,11,VISIBLE,7.25,1.23
95,13,person,0.8335,669.88,238.14,783.75,482.56,726.81,360.35,113.87,244.42,27833.16,0.47,Vertical Oblong,Red,"(176, 225, 168)","(40.39, 49.0, 32.0)",58.52,13,VISIBLE,-0.04,1.19
95,14,person,0.8785,157.74,244.51,242.33,443.59,200.04,344.05,84.59,199.08,16841.07,0.42,Vertical Oblong,Purple,"(143, 128, 142)","(33.73, 13.0, 15.0)",19.85,14,VISIBLE,4.45,2.2
95,16,person,0.761,83.56,317.81,129.67,407.44,106.62,362.63,46.11,89.63,4132.76,0.51,Vertical Oblong,Red,"(174, 145, 130)","(32.94, 26.0, 17.0)",31.06,16,VISIBLE,3.47,0.8
95,15,ball,0.4829,441.9,352.11,465.03,373.68,453.47,362.9,23.13,21.56,498.68,1.07,Spherical / Regular,Cyan,"(90, 99, 215)","(74.51, -12.0, -7.0)",13.89,17,VISIBLE,0.54,-2.0
95,19,ball,0.7476,449.66,211.9,480.15,240.89,464.9,226.4,30.49,28.99,883.94,1.05,Spherical / Regular,Green,"(38, 61, 193)","(74.9, -6.0, 17.0)",18.03,19,VISIBLE,1.81,-8.16
96,2,person,0.726,459.02,186.14,535.56,425.04,497.29,305.59,76.54,238.9,18285.54,0.32,Vertical Oblong,Blue,"(120, 127, 86)","(24.31, 8.0, 8.0)",11.31,2,VISIBLE,-0.82,-3.4
96,3,person,0.3017,442.97,312.36,480.94,419.95,461.96,366.16,37.97,107.59,4085.51,0.35,Vertical Oblong,Cyan,"(85, 133, 175)","(61.18, -14.0, 12.0)",18.44,3,VISIBLE,4.88,1.5
96,6,person,0.7841,603.47,248.12,703.87,472.49,653.67,360.3,100.4,224.37,22527.79,0.45,Vertical Oblong,Cyan,"(95, 139, 160)","(57.25, -10.0, -5.0)",11.18,8,VISIBLE,0.77,1.51
96,10,person,0.4922,827.82,264.71,854.04,468.56,840.93,366.64,26.22,203.86,5345.1,0.13,Vertical Oblong,Green,"(48, 155, 148)","(52.94, -26.0, 32.0)",41.23,10,VISIBLE,1.62,2.75
96,11,person,0.7531,366.58,265.12,489.47,468.58,428.03,366.85,122.89,203.45,25003.02,0.6,Vertical Oblong,Cyan,"(94, 122, 158)","(44.71, 6.0, 9.0)",10.82,11,VISIBLE,6.44,0.69
96,13,person,0.8036,671.99,240.54,781.91,482.11,726.95,361.32,109.92,241.58,26553.28,0.45,Vertical Oblong,Red,"(176, 224, 175)","(41.18, 51.0, 33.0)",60.75,13,VISIBLE,0.08,1.04
96,14,person,0.8486,159.37,247.5,249.64,445.55,204.51,346.53,90.27,198.06,17878.34,0.46,Vertical Oblong,Purple,"(141, 128, 140)","(32.94, 13.0, 14.0)",19.1,14,VISIBLE,4.47,2.39
96,16,person,0.7768,85.96,318.59,132.65,408.44,109.3,363.52,46.68,89.85,4194.49,0.52,Vertical Oblong,Red,"(173, 140, 129)","(32.55, 24.0, 16.0)",28.84,16,VISIBLE,2.92,0.86
96,15,ball,0.4829,442.81,350.68,465.21,371.04,454.01,360.86,22.4,20.36,456.11,1.1,Spherical / Regular,Cyan,"(87, 69, 237)","(87.06, -14.0, -3.0)",14.32,17,VISIBLE,0.54,-2.03
96,19,ball,0.818,451.31,204.31,481.97,235.2,466.64,219.75,30.66,30.89,946.93,0.99,Spherical / Regular,Yellow,"(35, 66, 197)","(75.49, -7.0, 22.0)",23.09,19,VISIBLE,1.76,-7.1
97,2,person,0.726,462.02,199.59,533.71,424.51,497.86,312.05,71.68,224.92,16123.32,0.32,Vertical Oblong,Blue,"(117, 132, 94)","(27.06, 9.0, 10.0)",13.45,2,VISIBLE,0.16,3.5
97,3,person,0.3526,444.42,313.66,482.71,422.9,463.56,368.28,38.28,109.24,4182.19,0.35,Vertical Oblong,Cyan,"(85, 130, 169)","(63.14, -15.0, 9.0)",17.49,3,VISIBLE,2.59,1.94
97,6,person,0.7655,602.79,250.81,704.53,473.98,653.66,362.39,101.74,223.17,22704.9,0.46,Vertical Oblong,Green,"(49, 149, 148)","(54.9, -25.0, 20.0)",32.02,8,VISIBLE,0.23,1.92
97,10,person,0.457,831.26,263.46,853.92,471.6,842.59,367.53,22.65,208.15,4715.33,0.11,Vertical Oblong,Green,"(48, 157, 148)","(52.55, -29.0, 34.0)",44.69,10,VISIBLE,1.65,1.45
97,11,person,0.8103,374.81,266.29,492.02,473.11,433.41,369.7,117.21,206.82,24240.63,0.57,Vertical Oblong,Cyan,"(94, 119, 158)","(43.92, 6.0, 10.0)",11.66,11,VISIBLE,5.71,2.2
97,13,person,0.7879,674.59,243.16,779.83,481.62,727.21,362.39,105.24,238.46,25094.71,0.44,Vertical Oblong,Red,"(176, 224, 167)","(39.61, 51.0, 32.0)",60.21,13,VISIBLE,0.21,1.06
97,14,person,0.9011,161.08,250.87,256.62,447.92,208.85,349.39,95.54,197.06,18827.47,0.48,Vertical Oblong,Purple,"(152, 127, 140)","(32.55, 14.0, 15.0)",20.52,14,VISIBLE,4.38,2.73
97,16,person,0.7861,88.26,319.19,135.91,409.32,112.08,364.26,47.65,90.13,4294.71,0.53,Vertical Oblong,Red,"(174, 147, 126)","(31.37, 26.0, 16.0)",30.53,16,VISIBLE,2.82,0.78
97,15,ball,0.4829,443.71,349.24,465.39,368.41,454.55,358.82,21.67,19.16,415.28,1.13,Spherical / Regular,Cyan,"(85, 35, 243)","(91.37, -13.0, -1.5)",13.09,17,VISIBLE,0.54,-2.03
97,19,ball,0.8415,453.74,197.49,483.8,228.9,468.77,213.19,30.06,31.41,944.17,0.96,Spherical / Regular,Yellow,"(36, 65, 201)","(79.02, -9.0, 21.0)",22.85,19,VISIBLE,2.02,-6.72
98,2,person,0.7343,461.57,211.08,534.89,425.99,498.23,318.53,73.32,214.91,15756.96,0.34,Vertical Oblong,Purple,"(126, 133, 99)","(28.24, 10.0, 11.0)",14.87,2,VISIBLE,0.3,5.59
98,3,person,0.4022,446.19,315.12,483.7,424.92,464.95,370.02,37.51,109.8,4119.02,0.34,Vertical Oblong,Cyan,"(90, 82, 215)","(80.39, -13.0, -2.0)",13.15,3,VISIBLE,1.74,1.8
98,6,person,0.7615,602.63,252.76,703.34,475.8,652.98,364.28,100.71,223.04,22461.96,0.45,Vertical Oblong,Green,"(48, 148, 148)","(54.9, -26.0, 21.0)",33.42,8,VISIBLE,-0.4,1.89
98,10,person,0.2996,834.39,271.39,853.86,474.71,844.12,373.05,19.47,203.33,3958.3,0.1,Vertical Oblong,Green,"(48, 158, 149)","(52.55, -30.0, 36.0)",46.86,10,VISIBLE,1.57,4.3
98,11,person,0.7863,382.41,268.21,490.59,475.97,436.5,372.09,108.17,207.77,22474.73,0.52,Vertical Oblong,Cyan,"(93, 121, 152)","(41.57, 6.0, 11.0)",12.53,11,VISIBLE,3.87,2.33
98,13,person,0.7926,676.13,245.62,778.16,481.15,727.14,363.38,102.03,235.53,24031.74,0.43,Vertical Oblong,Red,"(176, 224, 165)","(39.22, 49.0, 32.0)",58.52,13,VISIBLE,0.02,1.01
98,14,person,0.894,162.29,254.14,261.31,449.96,211.8,352.05,99.02,195.82,19390.47,0.51,Vertical Oblong,Purple,"(146, 130, 138)","(31.76, 13.0, 15.0)",19.85,14,VISIBLE,3.38,2.68
98,16,person,0.7639,90.86,320.1,138.4,410.17,114.63,365.14,47.54,90.07,4282.21,0.53,Vertical Oblong,Red,"(173, 142, 125)","(31.37, 26.0, 16.0)",30.53,16,VISIBLE,2.63,0.85
98,19,ball,0.8194,455.76,190.75,485.6,222.3,470.68,206.52,29.85,31.55,941.58,0.95,Spherical / Regular,Yellow,"(36, 74, 213)","(81.18, -6.0, 17.0)",18.03,19,VISIBLE,1.94,-6.69
99,2,person,0.7479,458.72,219.7,541.5,428.5,500.11,324.1,82.78,208.8,17285.47,0.4,Vertical Oblong,Purple,"(150, 143, 114)","(31.37, 12.0, 13.0)",17.69,2,VISIBLE,1.41,5.57
99,3,person,0.421,447.11,316.44,484.5,426.24,465.8,371.34,37.39,109.81,4105.37,0.34,Vertical Oblong,Cyan,"(90, 84, 209)","(77.84, -11.0, -1.0)",11.05,3,VISIBLE,1.12,1.46
99,6,person,0.7972,603.2,255.93,701.52,477.68,652.36,366.8,98.32,221.76,21803.23,0.44,Vertical Oblong,Green,"(48, 149, 148)","(54.9, -27.0, 21.0)",34.21,8,VISIBLE,-0.56,2.34
99,10,person,0.2996,837.82,274.14,853.72,478.06,845.77,376.1,15.89,203.92,3240.75,0.08,Vertical Oblong,Green,"(48, 156, 147)","(52.16, -30.0, 36.0)",46.86,10,VISIBLE,1.62,3.42
99,11,person,0.7666,388.93,270.29,489.16,477.7,439.04,374.0,100.23,207.41,20789.36,0.48,Vertical Oblong,Cyan,"(95, 122, 148)","(40.78, 6.0, 12.0)",13.42,11,VISIBLE,2.94,2.03
99,13,person,0.8212,676.56,248.48,778.65,480.76,727.6,364.62,102.1,232.28,23714.49,0.44,Vertical Oblong,Red,"(176, 223, 163)","(39.22, 47.0, 31.0)",56.3,13,VISIBLE,0.33,1.17
99,14,person,0.8887,163.02,257.43,264.96,451.99,213.99,354.71,101.94,194.56,19833.54,0.52,Vertical Oblong,Purple,"(145, 133, 135)","(31.37, 12.0, 15.0)",19.21,14,VISIBLE,2.55,2.66
99,16,person,0.7464,93.57,321.2,141.32,411.54,117.45,366.37,47.75,90.34,4313.74,0.53,Vertical Oblong,Red,"(173, 134, 124)","(31.37, 25.0, 15.0)",29.15,16,VISIBLE,2.76,1.12
99,19,ball,0.8442,457.18,184.77,487.4,215.92,472.29,200.35,30.22,31.15,941.34,0.97,Spherical / Regular,Green,"(43, 80, 207)","(79.02, -10.0, 23.0)",25.08,19,VISIBLE,1.71,-6.33
100,2,person,0.7335,456.73,227.35,546.04,432.01,501.39,329.68,89.31,204.66,18277.36,0.44,Vertical Oblong,Pink,"(157, 150, 121)","(32.55, 15.0, 13.0)",19.85,2,VISIBLE,1.31,5.58
100,3,person,0.421,450.51,317.73,486.79,428.15,468.65,372.94,36.28,110.42,4005.78,0.33,Vertical Oblong,Cyan,"(90, 96, 195)","(71.37, -10.0, 2.0)",10.2,3,VISIBLE,2.33,1.56
100,6,person,0.7799,604.06,258.74,699.82,479.3,651.94,369.02,95.76,220.57,21120.61,0.43,Vertical Oblong,Green,"(48, 149, 147)","(54.9, -27.0, 21.0)",34.21,8,VISIBLE,-0.46,2.25
100,10,person,0.2996,841.26,276.89,853.57,481.41,847.42,379.15,12.32,204.52,2518.93,0.06,Vertical Oblong,Green,"(48, 156, 145)","(52.16, -30.0, 36.0)",46.86,10,VISIBLE,1.64,3.16
100,11,person,0.731,393.11,272.56,487.82,479.13,440.46,375.85,94.72,206.58,19566.41,0.46,Vertical Oblong,Cyan,"(94, 123, 145)","(39.61, 6.0, 13.0)",14.32,11,VISIBLE,1.88,1.91
100,13,person,0.8145,676.4,250.99,781.0,480.45,728.7,365.72,104.6,229.46,24001.35,0.46,Vertical Oblong,Red,"(176, 220, 161)","(39.61, 45.0, 31.0)",54.64,13,VISIBLE,0.86,1.12
100,14,person,0.883,163.57,260.58,267.57,453.96,215.57,357.27,104.0,193.38,20110.99,0.54,Vertical Oblong,Purple,"(145, 130, 132)","(30.59, 11.0, 15.0)",18.6,14,VISIBLE,1.87,2.59
100,16,person,0.7387,96.08,322.18,144.0,412.9,120.04,367.54,47.92,90.72,4346.84,0.53,Vertical Oblong,Red,"(173, 134, 124)","(31.37, 24.0, 16.0)",28.84,16,VISIBLE,2.64,1.15
100,19,ball,0.8429,458.7,179.0,488.89,210.39,473.8,194.7,30.19,31.38,947.52,0.96,Spherical / Regular,Green,"(45, 64, 225)","(85.29, -17.0, 22.0)",27.8,19,VISIBLE,1.57,-5.85
101,2,person,0.603,448.94,234.05,547.16,435.76,498.05,334.91,98.22,201.71,19811.87,0.49,Vertical Oblong,Purple,"(141, 138, 121)","(32.55, 11.0, 6.0)",12.53,2,VISIBLE,-1.94,5.33
101,3,person,0.421,453.92,319.02,489.09,430.05,471.5,374.53,35.17,111.03,3904.83,0.32,Vertical Oblong,Cyan,"(91, 134, 162)","(56.08, -7.0, 11.0)",13.04,3,VISIBLE,2.7,1.58
101,6,person,0.7551,605.2,262.57,698.78,480.36,651.99,371.46,93.59,217.79,20382.48,0.43,Vertical Oblong,Green,"(48, 146, 150)","(55.1, -27.0, 20.0)",33.6,8,VISIBLE,-0.1,2.39
101,10,person,0.2996,844.69,279.64,853.43,484.76,849.06,382.2,8.74,205.12,1792.85,0.04,Vertical Oblong,Green,"(47, 157, 142)","(50.98, -30.0, 36.0)",46.86,10,VISIBLE,1.64,3.08
101,11,person,0.5557,393.32,273.53,492.82,481.11,443.07,377.32,99.5,207.59,20654.21,0.48,Vertical Oblong,Cyan,"(97, 128, 143)","(37.65, 6.0, 14.0)",15.23,11,VISIBLE,2.39,1.6
101,13,person,0.7921,675.52,253.13,787.96,480.21,731.74,366.67,112.45,227.09,25534.7,0.5,Vertical Oblong,Red,"(175, 217, 156)","(38.04, 40.0, 28.0)",48.83,13,VISIBLE,2.39,1.0
101,14,person,0.8636,164.2,264.5,270.53,455.81,217.36,360.15,106.33,191.31,20342.35,0.56,Vertical Oblong,Pink,"(158, 143, 131)","(30.59, 15.0, 18.0)",23.43,14,VISIBLE,1.82,2.8
101,16,person,0.7578,96.25,323.34,145.98,413.72,121.12,368.53,49.73,90.38,4494.35,0.55,Vertical Oblong,Red,"(172, 132, 124)","(31.37, 23.0, 16.0)",28.02,16,VISIBLE,1.55,1.04
101,19,ball,0.8111,459.83,173.63,490.31,205.4,475.07,189.51,30.48,31.77,968.52,0.96,Spherical / Regular,Green,"(39, 62, 217)","(80.59, -6.0, 21.0)",21.84,19,VISIBLE,1.36,-5.38
102,19,ball,0.8582,460.79,169.14,491.43,200.94,476.11,185.04,30.64,31.8,974.38,0.96,Spherical / Regular,Green,"(38, 62, 212)","(80.39, -4.0, 21.0)",21.38,19,VISIBLE,1.14,-4.75
102,2,person,0.5363,445.28,239.06,544.98,439.85,495.13,339.46,99.7,200.79,20017.96,0.5,Vertical Oblong,Purple,"(145, 139, 120)","(32.16, 12.0, 5.0)",13.0,2,VISIBLE,-2.63,4.78
102,3,person,0.421,457.32,320.31,491.39,431.95,474.35,376.13,34.06,111.64,3802.53,0.31,Vertical Oblong,Cyan,"(92, 131, 133)","(37.65, 9.5, 10.0)",13.79,3,VISIBLE,2.8,1.59
102,6,person,0.765,606.55,265.92,698.27,480.87,652.41,373.39,91.72,214.95,19715.34,0.43,Vertical Oblong,Green,"(48, 146, 151)","(55.29, -27.0, 20.0)",33.6,8,VISIBLE,0.26,2.07
102,10,person,0.2996,848.13,282.39,853.29,488.11,850.71,385.25,5.16,205.72,1062.5,0.03,Vertical Oblong,Green,"(48, 155, 140)","(50.98, -31.0, 37.0)",48.27,10,VISIBLE,1.65,3.06
102,11,person,0.6166,390.32,280.96,489.1,482.08,439.71,381.52,98.79,201.13,19868.62,0.49,Vertical Oblong,Cyan,"(98, 136, 143)","(37.25, 7.0, 17.0)",18.38,11,VISIBLE,-1.64,3.42
102,13,person,0.8228,674.31,255.88,794.78,480.07,734.54,367.97,120.46,224.19,27006.08,0.54,Vertical Oblong,Red,"(175, 216, 155)","(36.86, 37.0, 26.0)",45.22,13,VISIBLE,2.68,1.21
102,14,person,0.8558,164.5,267.85,272.67,457.14,218.58,362.49,108.17,189.29,20475.43,0.57,Vertical Oblong,Purple,"(148, 141, 128)","(30.2, 13.0, 17.0)",21.4,14,VISIBLE,1.4,2.48
102,16,person,0.7496,95.54,324.16,147.28,414.56,121.41,369.36,51.73,90.41,4676.98,0.57,Vertical Oblong,Red,"(169, 130, 126)","(31.76, 21.0, 15.0)",25.81,16,VISIBLE,0.67,0.89
103,19,ball,0.8693,461.8,164.82,492.61,196.61,477.2,180.71,30.81,31.79,979.46,0.97,Spherical / Regular,Yellow,"(37, 64, 217)","(83.92, -3.0, 20.0)",20.22,19,VISIBLE,1.11,-4.45
103,2,person,0.616,435.9,242.54,539.85,443.14,487.88,342.84,103.95,200.6,20852.4,0.52,Vertical Oblong,Purple,"(141, 137, 122)","(32.55, 10.0, 7.0)",12.21,2,VISIBLE,-5.87,3.8
103,3,person,0.421,460.73,321.61,493.68,433.85,477.2,377.73,32.95,112.25,3698.88,0.29,Vertical Oblong,Green,"(66, 128, 134)","(39.22, 11.0, 15.0)",18.6,3,VISIBLE,2.84,1.6
103,6,person,0.8088,608.27,268.78,698.04,481.19,653.16,374.98,89.78,212.41,19069.89,0.42,Vertical Oblong,Green,"(49, 146, 151)","(54.9, -27.0, 19.0)",33.02,8,VISIBLE,0.6,1.73
103,10,person,0.2996,851.56,285.15,853.15,491.46,852.35,388.3,1.59,206.31,327.88,0.01,Vertical Oblong,Neutral,"(0, 0, 0)","(0.0, 0.0, 0.0)",0.0,10,VISIBLE,1.65,3.06
103,11,person,0.6642,386.33,291.21,485.54,482.38,435.94,386.79,99.21,191.16,18965.71,0.52,Vertical Oblong,Cyan,"(96, 138, 149)","(38.43, 8.0, 18.0)",19.7,11,VISIBLE,-3.13,4.72
103,13,person,0.8103,673.0,259.07,802.31,479.98,737.66,369.52,129.31,220.91,28566.43,0.59,Vertical Oblong,Red,"(173, 210, 154)","(36.86, 34.0, 25.0)",42.2,13,VISIBLE,2.98,1.45
103,14,person,0.8607,164.21,270.71,274.14,458.46,219.17,364.58,109.93,187.74,20637.81,0.59,Vertical Oblong,Purple,"(141, 141, 128)","(30.59, 11.0, 16.0)",19.42,14,VISIBLE,0.83,2.21
103,16,person,0.7493,95.87,325.22,148.05,415.34,121.96,370.28,52.19,90.11,4702.62,0.58,Vertical Oblong,Pink,"(163, 127, 126)","(32.55, 19.0, 14.0)",23.6,16,VISIBLE,0.59,0.91
104,2,person,0.6944,433.28,244.65,533.78,446.22,483.53,345.44,100.5,201.57,20258.8,0.5,Vertical Oblong,Purple,"(138, 138, 130)","(34.12, 11.0, 8.0)",13.6,2,VISIBLE,-4.8,2.96
104,3,person,0.421,464.13,322.9,495.98,435.75,480.05,379.33,31.84,112.86,3593.88,0.28,Vertical Oblong,Green,"(46, 125, 148)","(43.14, 10.0, 14.0)",17.2,3,VISIBLE,2.85,1.6
104,6,person,0.7872,610.22,271.5,698.13,481.23,654.17,376.36,87.92,209.73,18438.69,0.42,Vertical Oblong,Green,"(49, 146, 151)","(54.9, -26.0, 17.0)",31.06,8,VISIBLE,0.89,1.49
104,11,person,0.6867,382.8,299.16,483.1,482.26,432.95,390.71,100.29,183.1,18363.71,0.55,Vertical Oblong,Cyan,"(92, 137, 150)","(40.78, 7.0, 19.0)",20.25,11,VISIBLE,-3.03,4.16
104,13,person,0.8322,671.46,262.45,809.22,479.93,740.34,371.19,137.76,217.48,29959.46,0.63,Vertical Oblong,Red,"(173, 207, 154)","(36.86, 31.0, 23.0)",38.6,13,VISIBLE,2.77,1.6
104,14,person,0.8779,164.15,273.24,274.99,459.81,219.57,366.52,110.85,186.56,20679.86,0.59,Vertical Oblong,Purple,"(141, 139, 130)","(30.98, 11.0, 16.0)",19.42,14,VISIBLE,0.53,2.02
104,16,person,0.751,96.08,326.22,149.07,416.31,122.57,371.27,53.0,90.09,4774.32,0.59,Vertical Oblong,Pink,"(165, 127, 125)","(32.55, 19.0, 15.0)",24.21,16,VISIBLE,0.61,0.96
104,19,ball,0.8696,462.67,160.65,493.69,192.24,478.18,176.44,31.02,31.59,979.94,0.98,Spherical / Regular,Yellow,"(36, 78, 215)","(80.98, -6.0, 19.0)",19.92,19,VISIBLE,1.01,-4.32
105,2,person,0.5825,439.66,246.9,524.67,450.11,482.16,348.5,85.01,203.21,17273.92,0.42,Vertical Oblong,Pink,"(155, 134, 132)","(34.51, 14.0, 7.0)",15.65,2,VISIBLE,-2.4,3.04
105,6,person,0.7658,612.73,276.02,698.3,481.1,655.51,378.56,85.57,205.08,17548.95,0.42,Vertical Oblong,Green,"(50, 145, 153)","(55.69, -25.0, 17.0)",30.23,8,VISIBLE,1.21,1.98
105,11,person,0.6539,380.52,304.32,478.85,481.93,429.68,393.12,98.34,177.61,17465.14,0.55,Vertical Oblong,Blue,"(110, 140, 152)","(40.39, 8.0, 23.0)",24.35,11,VISIBLE,-3.19,2.94
105,13,person,0.7779,670.76,266.73,815.41,479.91,743.09,373.32,144.64,213.18,30834.94,0.68,Vertical Oblong,Red,"(171, 206, 151)","(35.29, 27.0, 21.0)",34.21,13,VISIBLE,2.75,1.97
105,14,person,0.8836,163.36,276.78,278.17,460.99,220.77,368.88,114.81,184.21,21148.93,0.62,Vertical Oblong,Purple,"(131, 135, 124)","(31.37, 11.0, 12.0)",16.28,14,VISIBLE,0.99,2.26
105,16,person,0.7438,97.69,327.78,149.3,417.24,123.49,372.51,51.61,89.46,4616.82,0.58,Vertical Oblong,Pink,"(163, 133, 127)","(31.76, 21.0, 15.0)",25.81,16,VISIBLE,0.83,1.16
105,19,ball,0.8096,463.55,156.68,494.34,188.53,478.94,172.61,30.79,31.85,980.53,0.97,Spherical / Regular,Green,"(40, 60, 210)","(81.18, -7.0, 20.0)",21.19,19,VISIBLE,0.84,-3.99
106,2,person,0.6085,445.1,249.04,518.69,453.66,481.9,351.35,73.6,204.62,15059.36,0.36,Vertical Oblong,Pink,"(162, 146, 132)","(34.12, 19.0, 11.0)",21.95,2,VISIBLE,-0.91,2.9
106,6,person,0.7661,615.05,280.62,697.95,480.9,656.5,380.76,82.9,200.29,16603.18,0.41,Vertical Oblong,Green,"(51, 144, 155)","(56.08, -25.0, 15.0)",29.15,8,VISIBLE,1.05,2.13
106,11,person,0.4749,393.43,305.96,476.25,481.52,434.84,393.74,82.82,175.56,14538.78,0.47,Vertical Oblong,Blue,"(102, 144, 152)","(40.78, 10.0, 22.0)",24.17,11,VISIBLE,2.65,1.31
106,13,person,0.7598,668.66,270.47,820.43,479.91,744.55,375.19,151.77,209.44,31786.88,0.72,Vertical Oblong,Red,"(168, 203, 149)","(34.9, 24.0, 19.0)",30.61,13,VISIBLE,1.85,1.9
106,14,person,0.8769,162.83,280.14,280.03,462.12,221.43,371.13,117.2,181.99,21328.79,0.64,Vertical Oblong,Purple,"(129, 132, 128)","(32.16, 9.0, 11.0)",14.21,14,VISIBLE,0.76,2.25
106,16,person,0.7153,98.41,328.84,148.57,418.13,123.49,373.48,50.16,89.3,4479.5,0.56,Vertical Oblong,Pink,"(163, 130, 126)","(32.55, 21.0, 15.0)",25.81,16,VISIBLE,0.24,1.03
106,19,ball,0.7999,464.23,153.03,494.66,184.46,479.45,168.74,30.43,31.43,956.36,0.97,Spherical / Regular,Green,"(41, 71, 185)","(69.02, -6.0, 20.0)",20.88,19,VISIBLE,0.6,-3.9
107,2,person,0.5858,448.38,251.33,515.97,456.0,482.18,353.67,67.6,204.66,13834.3,0.33,Vertical Oblong,Red,"(172, 166, 144)","(36.08, 22.0, 15.0)",26.63,2,VISIBLE,-0.08,2.49
107,6,person,0.7262,618.6,284.79,697.49,480.69,658.04,382.74,78.89,195.9,15454.59,0.4,Vertical Oblong,Green,"(62, 144, 157)","(56.08, -24.0, 14.0)",27.78,8,VISIBLE,1.4,2.03
107,11,person,0.4142,402.01,309.18,474.36,481.11,438.18,395.14,72.35,171.93,12438.77,0.42,Vertical Oblong,Blue,"(105, 161, 151)","(40.78, 15.0, 24.0)",28.3,11,VISIBLE,3.14,1.38
107,13,person,0.7486,666.13,274.62,824.12,479.92,745.13,377.27,157.99,205.3,32435.24,0.77,Vertical Oblong,Pink,"(165, 202, 147)","(34.51, 23.0, 17.0)",28.6,13,VISIBLE,0.96,2.03
107,14,person,0.8665,162.24,283.45,281.42,463.84,221.83,373.64,119.18,180.39,21498.97,0.66,Vertical Oblong,Purple,"(129, 128, 130)","(32.94, 9.0, 11.0)",14.21,14,VISIBLE,0.51,2.44
107,16,person,0.7204,98.7,329.85,146.86,419.24,122.78,374.55,48.16,89.39,4305.26,0.54,Vertical Oblong,Pink,"(167, 135, 127)","(32.55, 23.0, 15.0)",27.46,16,VISIBLE,-0.42,1.05
107,19,ball,0.8254,464.62,149.55,494.96,180.8,479.79,165.17,30.34,31.25,948.14,0.97,Spherical / Regular,Yellow,"(37, 63, 207)","(80.2, -4.0, 17.0)",17.46,19,VISIBLE,0.42,-3.67
108,2,person,0.6795,449.48,254.29,515.56,457.71,482.52,356.0,66.09,203.42,13443.51,0.32,Vertical Oblong,Red,"(173, 181, 152)","(36.86, 27.0, 17.0)",31.91,2,VISIBLE,0.22,2.38
108,6,person,0.7487,621.72,288.83,696.73,480.48,659.23,384.66,75.01,191.66,14375.36,0.39,Vertical Oblong,Green,"(72, 144, 158)","(56.86, -22.0, 12.0)",25.06,8,VISIBLE,1.25,1.95
108,11,person,0.4267,405.94,312.56,472.27,480.75,439.11,396.66,66.33,168.19,11155.53,0.39,Vertical Oblong,Cyan,"(100, 162, 149)","(39.8, 17.0, 24.0)",29.41,11,VISIBLE,1.58,1.47
108,13,person,0.7573,664.12,278.17,825.82,479.94,744.97,379.05,161.7,201.77,32626.98,0.8,Spherical / Regular,Pink,"(167, 202, 142)","(33.33, 24.0, 16.0)",28.84,13,VISIBLE,0.18,1.86
108,14,person,0.8723,161.81,287.21,282.4,465.83,222.1,376.52,120.59,178.62,21540.12,0.68,Vertical Oblong,Purple,"(128, 126, 132)","(33.33, 9.0, 11.0)",14.21,14,VISIBLE,0.35,2.74
108,16,person,0.7285,98.34,331.48,145.43,420.71,121.89,376.09,47.1,89.23,4202.32,0.53,Vertical Oblong,Pink,"(164, 130, 127)","(33.33, 22.0, 15.0)",26.63,16,VISIBLE,-0.75,1.4
108,19,ball,0.8341,464.92,146.16,495.19,177.15,480.05,161.66,30.27,30.99,937.86,0.98,Spherical / Regular,Green,"(38, 65, 192)","(75.1, -8.0, 21.0)",22.47,19,VISIBLE,0.31,-3.56
109,19,ball,0.8792,464.86,142.75,495.11,174.03,479.99,158.39,30.25,31.28,946.3,0.97,Spherical / Regular,Green,"(39, 36, 200)","(77.84, -9.0, 13.5)",16.22,19,VISIBLE,0.04,-3.35
109,2,person,0.4379,447.92,259.01,513.17,464.73,480.54,361.87,65.25,205.72,13423.44,0.32,Vertical Oblong,Red,"(171, 163, 163)","(40.39, 21.0, 16.0)",26.4,2,VISIBLE,-1.32,4.82
109,6,person,0.6872,624.85,293.74,695.21,480.32,660.03,387.03,70.36,186.58,13127.0,0.38,Vertical Oblong,Cyan,"(87, 144, 160)","(56.47, -17.0, 9.0)",19.24,8,VISIBLE,0.94,2.25
109,11,person,0.4642,409.62,317.2,470.71,480.46,440.16,398.83,61.09,163.26,9972.99,0.37,Vertical Oblong,Purple,"(150, 186, 140)","(34.9, 26.0, 23.0)",34.71,11,VISIBLE,1.22,1.96
109,13,person,0.6727,661.45,283.05,826.53,479.95,743.99,381.5,165.09,196.9,32505.51,0.84,Spherical / Regular,Pink,"(158, 191, 138)","(33.33, 20.0, 11.0)",22.83,13,VISIBLE,-0.63,2.27
109,14,person,0.873,160.73,291.75,284.91,468.06,222.82,379.9,124.17,176.31,21893.04,0.7,Vertical Oblong,Blue,"(120, 125, 133)","(34.51, 10.0, 12.0)",15.62,14,VISIBLE,0.6,3.19
109,16,person,0.6968,97.65,333.45,144.73,422.96,121.19,378.2,47.08,89.51,4214.2,0.53,Vertical Oblong,Pink,"(167, 139, 133)","(35.69, 26.0, 16.0)",30.53,16,VISIBLE,-0.71,1.9
110,19,ball,0.9296,464.81,139.85,495.14,171.47,479.98,155.66,30.33,31.62,959.28,0.96,Spherical / Regular,Green,"(39, 48, 203)","(76.47, -6.5, 17.0)",18.2,19,VISIBLE,0.01,-2.92
110,2,person,0.3351,450.53,300.54,518.4,461.82,484.46,381.18,67.87,161.28,10946.25,0.42,Vertical Oblong,Blue,"(105, 145, 169)","(43.92, 8.0, 10.0)",12.81,2,VISIBLE,2.35,14.96
110,6,person,0.7142,625.28,298.65,693.9,480.18,659.59,389.42,68.62,181.53,12456.78,0.38,Vertical Oblong,Green,"(84, 143, 159)","(55.69, -16.0, 11.0)",19.42,8,VISIBLE,-0.03,2.34
110,11,person,0.4607,408.64,322.38,469.55,480.25,439.09,401.31,60.91,157.87,9615.2,0.39,Vertical Oblong,Red,"(170, 198, 137)","(34.12, 28.0, 23.0)",36.24,11,VISIBLE,-0.38,2.33
110,13,person,0.7365,655.58,287.83,826.14,479.97,740.86,383.9,170.56,192.13,32771.03,0.89,Spherical / Regular,Pink,"(158, 186, 138)","(32.94, 16.0, 8.0)",17.89,13,VISIBLE,-2.38,2.36
110,14,person,0.8746,159.73,295.49,286.26,470.33,223.0,382.91,126.54,174.84,22123.94,0.72,Vertical Oblong,Purple,"(125, 126, 134)","(34.51, 10.0, 13.0)",16.4,14,VISIBLE,0.3,3.06
110,16,person,0.7042,96.78,335.16,143.15,425.35,119.96,380.26,46.37,90.19,4182.03,0.51,Vertical Oblong,Pink,"(161, 142, 133)","(35.49, 24.0, 17.0)",29.41,16,VISIBLE,-1.07,2.0
110,3,person,0.3708,366.4,373.82,417.76,440.56,392.08,407.19,51.36,66.74,3427.86,0.77,Vertical Oblong,Purple,"(138, 122, 168)","(41.57, 14.0, 15.0)",20.52,20,VISIBLE,-9.41,3.73
111,19,ball,0.922,464.73,137.34,495.1,169.0,479.91,153.17,30.37,31.66,961.58,0.96,Spherical / Regular,Green,"(41, 44, 213)","(77.84, -6.0, 14.0)",15.23,19,VISIBLE,-0.04,-2.62
111,2,person,0.5736,456.13,329.92,525.65,459.42,490.89,394.67,69.53,129.5,9003.64,0.54,Vertical Oblong,Green,"(83, 147, 170)","(55.69, -3.0, 26.0)",26.17,2,VISIBLE,5.2,13.93
111,6,person,0.6839,624.38,302.97,693.96,480.09,659.17,391.53,69.58,177.12,12323.53,0.39,Vertical Oblong,Cyan,"(87, 147, 158)","(54.9, -16.0, 12.0)",20.0,8,VISIBLE,-0.3,2.18
111,11,person,0.3482,406.07,328.02,467.13,480.1,436.6,404.06,61.06,152.08,9285.75,0.4,Vertical Oblong,Pink,"(166, 199, 140)","(36.08, 28.0, 23.0)",36.24,11,VISIBLE,-1.86,2.62
111,13,person,0.6878,649.16,292.76,823.34,479.98,736.25,386.37,174.18,187.22,32609.14,0.93,Spherical / Regular,Pink,"(158, 190, 140)","(33.33, 15.0, 6.0)",16.16,13,VISIBLE,-3.94,2.44
111,14,person,0.8733,158.92,298.83,287.44,472.25,223.18,385.54,128.52,173.42,22287.96,0.74,Vertical Oblong,Blue,"(120, 124, 134)","(34.51, 8.0, 12.0)",14.42,14,VISIBLE,0.22,2.76
111,16,person,0.6963,95.81,336.55,141.29,427.73,118.55,382.14,45.48,91.18,4147.32,0.5,Vertical Oblong,Pink,"(167, 147, 134)","(35.69, 25.5, 17.0)",30.65,16,VISIBLE,-1.31,1.92
111,3,person,0.3887,364.96,375.74,416.19,441.85,390.57,408.8,51.23,66.11,3386.87,0.77,Vertical Oblong,Purple,"(129, 123, 172)","(41.18, 14.0, 14.0)",19.8,20,VISIBLE,-3.88,2.24
112,2,person,0.6036,457.0,349.49,529.82,458.74,493.41,404.12,72.83,109.25,7956.41,0.67,Vertical Oblong,Green,"(55, 147, 167)","(57.25, -18.0, 27.0)",32.45,2,VISIBLE,3.32,10.79
112,6,person,0.6634,621.83,307.37,694.99,480.03,658.41,393.7,73.16,172.66,12631.78,0.42,Vertical Oblong,Cyan,"(88, 149, 154)","(54.12, -15.0, 13.0)",19.85,8,VISIBLE,-0.62,2.17
112,11,person,0.2944,406.25,338.02,464.3,480.01,435.27,409.01,58.05,141.99,8241.75,0.41,Vertical Oblong,Cyan,"(97, 187, 142)","(36.86, 26.0, 22.0)",34.06,11,VISIBLE,-1.49,4.25
112,13,person,0.5892,650.34,297.1,818.1,479.99,734.22,388.54,167.76,182.89,30680.89,0.92,Spherical / Regular,Pink,"(161, 191, 136)","(32.55, 18.0, 7.0)",19.31,13,VISIBLE,-2.6,2.25
112,14,person,0.8725,157.99,301.87,288.34,474.15,223.17,388.01,130.35,172.28,22456.92,0.76,Vertical Oblong,Purple,"(125, 122, 138)","(34.9, 8.0, 12.0)",14.42,14,VISIBLE,0.06,2.56
112,16,person,0.6893,94.25,338.0,138.46,429.53,116.35,383.77,44.22,91.52,4046.75,0.48,Vertical Oblong,Pink,"(167, 146, 134)","(36.47, 25.0, 17.0)",30.23,16,VISIBLE,-1.93,1.71
112,3,person,0.3793,363.59,377.74,416.47,443.86,390.03,410.8,52.89,66.12,3497.1,0.8,Spherical / Regular,Purple,"(148, 125, 171)","(41.57, 14.0, 15.0)",20.52,20,VISIBLE,-1.54,2.08
112,19,ball,0.8519,464.66,135.08,495.19,166.91,479.92,150.99,30.53,31.83,971.79,0.96,Spherical / Regular,Green,"(41, 51, 190)","(71.76, -5.5, 14.0)",15.04,19,VISIBLE,-0.01,-2.31
112,1,person,0.3242,434.79,270.87,488.65,437.41,461.72,354.14,53.86,166.54,8969.18,0.32,Vertical Oblong,Red,"(175, 197, 158)","(36.86, 46.0, 21.0)",50.57,21,VISIBLE,-2.51,0.8
113,2,person,0.6798,455.74,361.78,534.94,459.12,495.34,410.45,79.2,97.34,7709.16,0.81,Spherical / Regular,Green,"(55, 144, 167)","(58.82, -23.0, 26.0)",34.71,2,VISIBLE,2.35,7.67
113,6,person,0.6255,619.25,312.24,694.0,479.99,656.63,396.11,74.75,167.75,12539.03,0.45,Vertical Oblong,Cyan,"(90, 149, 155)","(53.73, -12.0, 13.0)",17.69,8,VISIBLE,-1.44,2.34
113,11,person,0.2944,407.3,344.15,462.15,479.91,434.73,412.03,54.86,135.76,7447.42,0.4,Vertical Oblong,Red,"(174, 168, 140)","(36.08, 29.0, 20.0)",35.23,11,VISIBLE,-0.83,3.39
113,13,person,0.5576,645.11,302.19,810.61,479.99,727.86,391.09,165.51,177.8,29427.37,0.93,Spherical / Regular,Red,"(168, 198, 148)","(35.69, 20.0, 8.0)",21.54,13,VISIBLE,-5.23,2.46
113,14,person,0.8665,157.05,304.51,291.39,477.35,224.22,390.93,134.35,172.84,23220.43,0.78,Vertical Oblong,Purple,"(128, 123, 134)","(34.51, 10.0, 14.0)",17.2,14,VISIBLE,0.76,2.81
113,16,person,0.6529,92.29,339.54,135.4,431.59,113.84,385.57,43.11,92.05,3968.63,0.47,Vertical Oblong,Red,"(169, 150, 142)","(38.43, 28.0, 19.0)",33.84,16,VISIBLE,-2.34,1.77
113,3,person,0.4273,361.09,379.76,418.73,446.12,389.91,412.94,57.64,66.36,3824.84,0.87,Spherical / Regular,Purple,"(140, 128, 166)","(40.78, 17.0, 14.0)",22.02,20,VISIBLE,-0.55,2.12
113,1,person,0.6401,421.91,275.12,488.56,460.54,455.23,367.83,66.66,185.43,12359.74,0.36,Vertical Oblong,Red,"(175, 178, 159)","(36.47, 41.0, 18.0)",44.78,21,VISIBLE,-5.29,9.82
113,19,ball,0.8575,464.73,132.68,495.2,164.61,479.96,148.65,30.47,31.93,972.8,0.95,Spherical / Regular,Green,"(46, 77, 178)","(66.27, -13.0, 20.0)",23.85,19,VISIBLE,0.03,-2.34
114,2,person,0.6328,452.87,368.64,538.06,460.5,495.47,414.57,85.18,91.86,7824.51,0.93,Spherical / Regular,Green,"(54, 145, 168)","(60.2, -26.0, 26.0)",36.77,2,VISIBLE,0.79,5.19
114,6,person,0.6565,616.88,316.51,691.97,479.97,654.43,398.24,75.09,163.46,12274.42,0.46,Vertical Oblong,Cyan,"(90, 151, 154)","(52.94, -11.0, 13.0)",17.03,8,VISIBLE,-1.97,2.19
114,11,person,0.2944,408.35,350.29,460.01,479.82,434.18,415.06,51.67,129.54,6692.8,0.4,Vertical Oblong,Red,"(174, 173, 136)","(34.31, 28.0, 18.0)",33.29,11,VISIBLE,-0.63,3.13
114,13,person,0.5093,642.57,306.64,795.83,480.0,719.2,393.32,153.26,173.36,26568.8,0.88,Spherical / Regular,Red,"(170, 210, 157)","(37.25, 27.0, 11.0)",29.15,13,VISIBLE,-7.63,2.3
114,14,person,0.8667,156.44,306.81,294.81,479.61,225.63,393.21,138.36,172.79,23908.44,0.8,Spherical / Regular,Purple,"(133, 124, 133)","(34.51, 11.0, 14.0)",17.8,14,VISIBLE,1.21,2.44
114,16,person,0.6455,90.66,340.86,133.0,433.55,111.83,387.2,42.34,92.69,3924.91,0.46,Vertical Oblong,Pink,"(167, 148, 142)","(40.39, 27.0, 19.0)",33.02,16,VISIBLE,-2.11,1.68
114,3,person,0.4406,358.71,381.46,420.72,448.68,389.72,415.07,62.01,67.22,4168.32,0.92,Spherical / Regular,Blue,"(114, 127, 168)","(43.53, 13.0, 13.0)",18.38,20,VISIBLE,-0.3,2.13
114,1,person,0.5028,413.53,280.42,485.75,474.09,449.64,377.26,72.22,193.66,13986.98,0.37,Vertical Oblong,Red,"(175, 175, 156)","(36.08, 35.0, 18.0)",39.36,21,VISIBLE,-5.5,9.54
114,19,ball,0.859,464.55,130.85,495.01,162.59,479.78,146.72,30.46,31.74,966.75,0.96,Spherical / Regular,Green,"(42, 68, 180)","(70.39, -2.0, 15.0)",15.13,19,VISIBLE,-0.12,-2.05
115,2,person,0.6148,449.13,372.09,539.27,462.29,494.2,417.19,90.14,90.2,8130.97,1.0,Spherical / Regular,Green,"(52, 146, 168)","(60.78, -27.0, 26.0)",37.48,2,VISIBLE,-0.65,3.39
115,6,person,0.6322,614.53,320.41,688.32,479.96,651.42,400.19,73.78,159.55,11772.4,0.46,Vertical Oblong,Cyan,"(89, 151, 152)","(52.94, -11.0, 12.0)",16.28,8,VISIBLE,-2.69,2.02
115,11,person,0.2944,409.39,356.42,457.87,479.73,433.63,418.08,48.48,123.32,5977.88,0.39,Vertical Oblong,Red,"(175, 161, 147)","(36.47, 29.0, 17.0)",33.62,11,VISIBLE,-0.57,3.05
115,13,person,0.6123,642.66,311.07,782.62,480.0,712.64,395.53,139.97,168.93,23645.35,0.83,Spherical / Regular,Red,"(174, 219, 163)","(37.65, 38.0, 17.0)",41.63,13,VISIBLE,-6.88,2.24
115,14,person,0.8715,156.03,309.6,297.59,481.03,226.81,395.32,141.56,171.43,24267.99,0.83,Spherical / Regular,Purple,"(133, 125, 135)","(34.12, 10.0, 15.0)",18.03,14,VISIBLE,1.19,2.21
115,16,person,0.6223,89.52,342.2,130.81,434.99,110.17,388.6,41.3,92.79,3831.96,0.45,Vertical Oblong,Red,"(172, 172, 144)","(38.43, 31.0, 19.0)",36.36,16,VISIBLE,-1.8,1.48
115,3,person,0.3311,356.02,382.77,413.59,450.38,384.8,416.58,57.57,67.61,3892.37,0.85,Spherical / Regular,Blue,"(117, 128, 166)","(41.57, 14.0, 14.0)",19.8,20,VISIBLE,-3.53,1.69
115,1,person,0.4469,418.02,286.51,481.65,460.33,449.84,373.42,63.62,173.82,11059.3,0.37,Vertical Oblong,Red,"(175, 190, 162)","(36.86, 44.0, 19.0)",47.93,21,VISIBLE,-1.51,0.18
115,19,ball,0.8699,464.37,129.16,494.85,161.0,479.61,145.08,30.48,31.84,970.37,0.96,Spherical / Regular,Green,"(38, 65, 204)","(77.45, -2.0, 14.0)",14.14,19,VISIBLE,-0.16,-1.76
116,19,ball,0.8553,464.31,127.69,494.82,159.41,479.57,143.55,30.51,31.72,967.66,0.96,Spherical / Regular,Yellow,"(31, 88, 212)","(78.63, -2.0, 20.0)",20.1,19,VISIBLE,-0.08,-1.6
116,2,person,0.6779,449.69,373.06,538.51,464.37,494.1,418.71,88.81,91.32,8110.0,0.97,Spherical / Regular,Green,"(52, 145, 168)","(61.18, -28.0, 27.0)",38.9,2,VISIBLE,-0.26,2.08
116,6,person,0.6119,612.23,324.42,683.86,479.96,648.04,402.19,71.63,155.54,11141.18,0.46,Vertical Oblong,Cyan,"(86, 149, 154)","(53.73, -12.0, 12.0)",16.97,8,VISIBLE,-3.17,2.01
116,11,person,0.2944,410.44,362.55,455.73,479.64,433.08,421.1,45.29,117.09,5302.67,0.39,Vertical Oblong,Green,"(56, 146, 161)","(41.18, 28.0, 18.0)",33.29,11,VISIBLE,-0.55,3.03
116,13,person,0.6372,641.62,315.16,770.43,479.95,706.03,397.56,128.82,164.79,21227.15,0.78,Vertical Oblong,Red,"(175, 222, 168)","(38.04, 42.0, 21.0)",46.96,13,VISIBLE,-6.69,2.09
116,14,person,0.8428,155.65,312.54,300.09,481.7,227.87,397.12,144.44,169.17,24434.9,0.85,Spherical / Regular,Purple,"(133, 122, 136)","(34.12, 9.0, 14.0)",16.64,14,VISIBLE,1.1,1.93
116,16,person,0.6199,88.42,343.48,129.07,436.87,108.75,390.17,40.65,93.39,3796.08,0.44,Vertical Oblong,Red,"(171, 169, 144)","(38.43, 31.0, 20.0)",36.89,16,VISIBLE,-1.53,1.55
116,3,person,0.3299,353.17,385.15,408.66,452.03,380.91,418.59,55.49,66.89,3711.52,0.83,Spherical / Regular,Blue,"(112, 128, 165)","(41.76, 13.5, 16.0)",20.93,20,VISIBLE,-3.78,1.92
116,1,person,0.375,410.0,292.03,476.39,471.17,443.19,381.6,66.39,179.14,11893.04,0.37,Vertical Oblong,Red,"(175, 183, 166)","(38.04, 41.0, 19.0)",45.19,21,VISIBLE,-5.1,5.78
117,19,ball,0.8604,464.15,126.11,494.65,158.15,479.4,142.13,30.5,32.04,977.12,0.95,Spherical / Regular,Green,"(44, 70, 184)","(65.1, -11.0, 18.0)",21.1,19,VISIBLE,-0.14,-1.47
117,2,person,0.7407,452.19,372.71,539.39,466.89,495.79,419.8,87.2,94.17,8212.02,0.93,Spherical / Regular,Green,"(52, 141, 169)","(61.57, -27.0, 22.0)",34.83,2,VISIBLE,1.1,1.38
117,6,person,0.579,608.78,328.56,680.18,479.97,644.48,404.26,71.39,151.41,10809.68,0.47,Vertical Oblong,Cyan,"(90, 149, 159)","(55.69, -12.0, 9.0)",15.0,8,VISIBLE,-3.45,2.06
117,11,person,0.2944,411.49,368.68,453.58,479.55,432.54,424.12,42.1,110.87,4667.16,0.38,Vertical Oblong,Red,"(173, 146, 165)","(43.53, 35.0, 22.0)",41.34,11,VISIBLE,-0.55,3.02
117,13,person,0.6725,642.74,319.44,755.61,479.97,699.18,399.7,112.87,160.53,18119.52,0.7,Vertical Oblong,Red,"(176, 223, 179)","(40.0, 49.0, 27.0)",55.95,13,VISIBLE,-6.8,2.13
117,14,person,0.8321,155.65,315.58,306.8,481.88,231.23,398.73,151.16,166.3,25137.28,0.91,Spherical / Regular,Purple,"(129, 123, 134)","(33.73, 9.0, 12.0)",15.0,14,VISIBLE,2.68,1.7
117,16,person,0.587,88.02,344.98,128.09,438.77,108.06,391.88,40.07,93.79,3757.92,0.43,Vertical Oblong,Red,"(173, 161, 147)","(38.04, 32.0, 22.0)",38.83,16,VISIBLE,-0.94,1.65
117,3,person,0.4086,349.34,386.88,406.68,455.15,378.01,421.02,57.35,68.27,3915.08,0.84,Spherical / Regular,Blue,"(114, 123, 167)","(44.71, 9.0, 14.0)",16.64,20,VISIBLE,-3.17,2.27
117,1,person,0.6583,402.93,299.41,471.77,477.77,437.35,388.59,68.84,178.36,12277.68,0.39,Vertical Oblong,Red,"(175, 187, 165)","(39.22, 40.0, 22.0)",45.65,21,VISIBLE,-5.62,6.63
118,19,ball,0.8792,463.94,124.84,494.59,156.97,479.27,140.91,30.65,32.12,984.43,0.95,Spherical / Regular,Green,"(45, 58, 175)","(67.25, -12.0, 18.0)",21.63,19,VISIBLE,-0.14,-1.3
118,2,person,0.774,454.24,371.77,539.07,469.3,496.65,420.54,84.83,97.53,8273.26,0.87,Spherical / Regular,Green,"(50, 140, 168)","(61.96, -28.0, 20.0)",34.41,2,VISIBLE,0.94,0.93
118,6,person,0.6815,605.66,332.37,677.63,479.97,641.64,406.17,71.97,147.6,10622.48,0.49,Vertical Oblong,Cyan,"(90, 148, 161)","(56.08, -14.0, 10.0)",17.2,8,VISIBLE,-3.02,1.95
118,13,person,0.6666,640.06,322.93,744.24,479.98,692.15,401.45,104.18,157.05,16360.78,0.66,Vertical Oblong,Red,"(176, 224, 186)","(41.18, 50.5, 28.0)",57.74,13,VISIBLE,-6.96,1.86
118,14,person,0.8108,155.98,318.33,311.9,481.75,233.94,400.04,155.92,163.42,25481.4,0.95,Spherical / Regular,Purple,"(129, 125, 133)","(32.55, 8.0, 11.0)",13.6,14,VISIBLE,2.7,1.43
118,16,person,0.5757,87.17,346.17,127.85,440.25,107.51,393.21,40.68,94.08,3826.98,0.43,Vertical Oblong,Pink,"(156, 160, 151)","(39.22, 30.0, 21.0)",36.62,16,VISIBLE,-0.66,1.43
118,3,person,0.3967,345.54,388.47,406.04,457.76,375.79,423.12,60.5,69.29,4191.96,0.87,Spherical / Regular,Blue,"(112, 119, 164)","(44.71, 8.5, 13.0)",15.53,20,VISIBLE,-2.5,2.15
118,1,person,0.6811,396.99,305.67,466.79,481.47,431.89,393.57,69.81,175.8,12271.92,0.4,Vertical Oblong,Red,"(175, 187, 161)","(38.43, 38.0, 21.0)",43.42,21,VISIBLE,-5.51,5.47
119,19,ball,0.8834,463.73,123.69,494.53,155.9,479.13,139.8,30.8,32.21,992.01,0.96,Spherical / Regular,Green,"(43, 55, 189)","(74.31, -9.5, 15.0)",17.76,19,VISIBLE,-0.14,-1.17
119,2,person,0.7706,455.62,370.63,537.66,471.18,496.64,420.9,82.04,100.55,8249.27,0.82,Spherical / Regular,Green,"(50, 141, 168)","(61.57, -28.0, 21.0)",35.0,2,VISIBLE,0.27,0.54
119,6,person,0.6569,602.34,335.13,675.51,479.98,638.92,407.55,73.17,144.85,10598.93,0.51,Vertical Oblong,Cyan,"(90, 152, 162)","(56.08, -14.0, 11.0)",17.8,8,VISIBLE,-2.81,1.55
119,13,person,0.6615,639.89,326.14,734.64,479.96,687.27,403.05,94.75,153.82,14574.5,0.62,Vertical Oblong,Red,"(176, 228, 189)","(41.57, 51.0, 30.0)",59.17,13,VISIBLE,-5.51,1.68
119,14,person,0.821,156.35,320.98,318.67,481.47,237.51,401.23,162.32,160.49,26051.19,1.01,Spherical / Regular,Purple,"(131, 127, 127)","(30.59, 8.0, 9.0)",12.04,14,VISIBLE,3.31,1.26
119,16,person,0.5712,85.72,347.49,128.2,441.94,106.96,394.72,42.48,94.45,4012.09,0.45,Vertical Oblong,Purple,"(135, 154, 153)","(40.39, 25.5, 18.0)",31.21,16,VISIBLE,-0.58,1.48
119,3,person,0.4813,342.42,389.69,406.13,459.71,374.28,424.7,63.71,70.02,4461.33,0.91,Spherical / Regular,Blue,"(103, 122, 163)","(45.1, 8.0, 12.0)",14.42,20,VISIBLE,-1.81,1.76
119,1,person,0.5923,390.82,312.23,463.61,482.93,427.22,397.58,72.78,170.7,12424.42,0.43,Vertical Oblong,Red,"(174, 180, 164)","(39.22, 36.0, 20.0)",41.18,21,VISIBLE,-4.93,4.45
119,7,person,0.4192,833.18,330.58,854.0,480.0,843.59,405.29,20.82,149.42,3111.59,0.14,Vertical Oblong,Grey,"(92, 156, 137)","(41.18, -1.0, -8.0)",8.06,22,VISIBLE,10.62,1.57
120,19,ball,0.8875,463.57,122.38,494.5,154.53,479.03,138.45,30.92,32.15,994.24,0.96,Spherical / Regular,Green,"(41, 69, 156)","(61.57, -10.0, 18.0)",20.59,19,VISIBLE,-0.11,-1.29
120,2,person,0.7586,455.76,369.89,536.1,472.57,495.93,421.23,80.34,102.69,8250.0,0.78,Vertical Oblong,Green,"(50, 143, 169)","(61.96, -28.0, 20.0)",34.41,2,VISIBLE,-0.42,0.39
120,6,person,0.5939,600.95,337.92,671.94,479.99,636.44,408.95,71.0,142.07,10086.37,0.5,Vertical Oblong,Cyan,"(89, 151, 163)","(57.25, -15.0, 10.0)",18.03,8,VISIBLE,-2.58,1.45
120,13,person,0.6551,638.58,328.71,726.64,479.96,682.61,404.33,88.06,151.25,13319.32,0.58,Vertical Oblong,Red,"(176, 227, 183)","(40.78, 50.0, 28.0)",57.31,13,VISIBLE,-4.91,1.4
120,14,person,0.8386,157.01,323.25,323.69,481.15,240.35,402.2,166.68,157.9,26319.37,1.06,Spherical / Regular,Purple,"(131, 127, 125)","(29.02, 8.0, 8.0)",11.31,14,VISIBLE,2.98,1.06
120,16,person,0.6473,84.12,348.35,128.56,443.44,106.34,395.9,44.44,95.09,4225.87,0.47,Vertical Oblong,Blue,"(107, 148, 155)","(41.96, 18.0, 18.0)",25.46,16,VISIBLE,-0.61,1.27
120,3,person,0.4072,339.23,390.83,403.59,461.17,371.41,426.0,64.36,70.34,4527.08,0.91,Spherical / Regular,Blue,"(103, 121, 161)","(42.35, 6.0, 11.0)",12.53,20,VISIBLE,-2.55,1.44
120,1,person,0.5644,385.52,318.46,459.1,483.69,422.31,401.08,73.58,165.23,12157.66,0.45,Vertical Oblong,Red,"(174, 179, 156)","(37.65, 35.0, 20.0)",40.31,21,VISIBLE,-4.91,3.78
120,7,person,0.4849,831.31,332.08,854.0,480.0,842.65,406.04,22.69,147.92,3356.84,0.15,Vertical Oblong,Cyan,"(92, 156, 136)","(41.18, -2.0, -10.0)",10.2,22,VISIBLE,2.53,0.99
121,19,ball,0.9065,463.28,120.91,494.29,153.24,478.78,137.08,31.01,32.33,1002.6,0.96,Spherical / Regular,Green,"(43, 63, 168)","(63.92, -11.0, 17.0)",20.25,19,VISIBLE,-0.21,-1.35
121,2,person,0.7865,458.04,369.54,534.06,474.52,496.05,422.03,76.02,104.98,7980.46,0.72,Vertical Oblong,Green,"(50, 144, 168)","(61.57, -27.0, 18.0)",32.45,2,VISIBLE,-0.04,0.68
121,6,person,0.619,600.0,340.1,669.3,479.99,634.65,410.04,69.3,139.89,9694.83,0.5,Vertical Oblong,Cyan,"(90, 149, 159)","(56.47, -12.0, 11.0)",16.28,8,VISIBLE,-2.03,1.2
121,13,person,0.6332,635.59,331.16,719.94,479.97,677.76,405.57,84.35,148.81,12552.06,0.57,Vertical Oblong,Red,"(176, 225, 179)","(39.61, 48.0, 27.0)",55.07,13,VISIBLE,-4.86,1.28
121,14,person,0.8364,157.38,317.53,327.19,480.83,242.28,399.18,169.81,163.3,27729.5,1.04,Spherical / Regular,Green,"(49, 139, 150)","(52.94, 6.0, 30.0)",30.59,14,VISIBLE,2.25,-1.8
121,16,person,0.6763,82.58,348.27,129.71,446.2,106.15,397.24,47.12,97.93,4614.56,0.48,Vertical Oblong,Blue,"(105, 127, 156)","(43.73, 15.0, 16.0)",21.93,16,VISIBLE,-0.32,1.32
121,3,person,0.4406,336.13,391.93,400.96,462.72,368.55,427.32,64.83,70.79,4589.04,0.92,Spherical / Regular,Blue,"(113, 125, 164)","(41.18, 8.0, 10.0)",12.81,20,VISIBLE,-2.77,1.36
121,1,person,0.6141,379.36,324.33,455.07,483.7,417.22,404.01,75.71,159.36,12066.04,0.48,Vertical Oblong,Red,"(171, 153, 153)","(38.82, 30.0, 17.0)",34.48,21,VISIBLE,-5.04,3.19
121,7,person,0.5926,829.09,333.72,854.0,480.0,841.54,406.86,24.91,146.28,3644.12,0.17,Vertical Oblong,Cyan,"(91, 151, 139)","(43.53, -5.0, -12.0)",13.0,22,VISIBLE,-0.02,0.87
122,19,ball,0.881,462.92,119.83,494.07,152.33,478.49,136.08,31.15,32.49,1012.02,0.96,Spherical / Regular,Green,"(41, 63, 176)","(67.45, -11.0, 17.0)",20.25,19,VISIBLE,-0.27,-1.1
122,2,person,0.7414,459.16,369.13,531.59,475.87,495.37,422.5,72.43,106.74,7731.07,0.68,Vertical Oblong,Green,"(51, 143, 168)","(61.18, -27.0, 16.0)",31.38,2,VISIBLE,-0.48,0.53
122,6,person,0.5944,599.7,342.32,666.59,480.0,633.14,411.16,66.88,137.67,9207.71,0.49,Vertical Oblong,Cyan,"(90, 151, 158)","(56.08, -11.0, 11.0)",15.56,8,VISIBLE,-1.66,1.14
122,13,person,0.6541,633.48,333.01,714.55,479.99,674.02,406.5,81.07,146.98,11916.14,0.55,Vertical Oblong,Red,"(176, 227, 179)","(38.82, 47.0, 27.0)",54.2,13,VISIBLE,-4.08,1.04
122,14,person,0.8728,158.0,307.97,330.83,480.56,244.42,394.26,172.82,172.59,29827.3,1.0,Spherical / Regular,Green,"(50, 137, 151)","(51.37, 7.0, 29.0)",29.83,14,VISIBLE,2.17,-3.98
122,16,person,0.7187,80.6,348.31,130.41,448.53,105.5,398.42,49.81,100.22,4991.87,0.5,Vertical Oblong,Cyan,"(100, 125, 157)","(46.27, 9.0, 15.0)",17.49,16,VISIBLE,-0.54,1.23
122,3,person,0.4939,333.29,393.04,397.37,463.74,365.33,428.39,64.08,70.7,4530.03,0.91,Spherical / Regular,Blue,"(109, 128, 161)","(40.0, 7.5, 11.0)",13.31,20,VISIBLE,-3.08,1.15
122,1,person,0.6508,372.24,330.1,451.23,483.28,411.74,406.69,78.99,153.18,12099.15,0.52,Vertical Oblong,Pink,"(157, 142, 147)","(36.08, 22.5, 14.0)",26.5,21,VISIBLE,-5.35,2.83
122,7,person,0.6498,826.91,335.03,854.0,480.0,840.45,407.52,27.09,144.97,3927.68,0.19,Vertical Oblong,Cyan,"(90, 149, 138)","(43.92, -7.0, -8.0)",10.63,22,VISIBLE,-0.77,0.72
123,19,ball,0.8899,462.61,119.01,494.05,151.43,478.33,135.22,31.44,32.42,1019.41,0.97,Spherical / Regular,Green,"(43, 68, 178)","(69.8, -11.0, 18.0)",21.1,19,VISIBLE,-0.2,-0.93
123,2,person,0.7375,459.69,369.06,529.5,476.95,494.6,423.0,69.8,107.89,7530.9,0.65,Vertical Oblong,Cyan,"(96, 135, 171)","(61.57, -6.0, -9.0)",10.82,2,VISIBLE,-0.69,0.51
123,6,person,0.5484,599.16,343.36,662.81,480.0,630.98,411.68,63.64,136.63,8696.05,0.47,Vertical Oblong,Cyan,"(90, 149, 160)","(56.47, -13.0, 10.0)",16.4,8,VISIBLE,-2.01,0.71
123,13,person,0.5415,632.67,334.71,709.91,480.0,671.29,407.35,77.24,145.29,11221.83,0.53,Vertical Oblong,Red,"(176, 231, 177)","(38.43, 47.0, 27.0)",54.2,13,VISIBLE,-3.13,0.91
123,14,person,0.8459,158.81,302.92,334.13,480.34,246.47,391.63,175.33,177.41,31105.66,0.99,Spherical / Regular,Green,"(50, 137, 152)","(51.76, 6.0, 29.0)",29.61,14,VISIBLE,2.09,-3.04
123,16,person,0.7086,78.55,348.57,131.52,450.55,105.04,399.56,52.97,101.98,5401.88,0.52,Vertical Oblong,Cyan,"(101, 124, 160)","(47.25, 8.0, 15.0)",17.0,16,VISIBLE,-0.49,1.17
123,3,person,0.4476,330.65,394.16,394.46,464.47,362.55,429.31,63.81,70.3,4485.89,0.91,Spherical / Regular,Blue,"(106, 126, 159)","(37.45, 7.5, 13.0)",15.01,20,VISIBLE,-2.87,0.99
123,1,person,0.6484,367.09,335.96,447.96,482.66,407.53,409.31,80.87,146.71,11864.16,0.55,Vertical Oblong,Pink,"(157, 141, 150)","(36.47, 23.0, 14.0)",26.93,21,VISIBLE,-4.55,2.68
123,7,person,0.6688,824.73,336.58,854.0,480.0,839.37,408.29,29.27,143.42,4197.67,0.2,Vertical Oblong,Cyan,"(90, 157, 138)","(44.31, -9.0, -9.0)",12.73,22,VISIBLE,-0.99,0.76
124,19,ball,0.8807,462.33,118.23,494.1,150.68,478.21,134.45,31.77,32.45,1030.96,0.98,Spherical / Regular,Green,"(44, 68, 178)","(67.45, -9.0, 18.0)",20.12,19,VISIBLE,-0.14,-0.82
124,2,person,0.753,459.77,369.25,526.86,478.17,493.32,423.71,67.09,108.91,7307.28,0.62,Vertical Oblong,Cyan,"(96, 140, 175)","(62.35, -8.0, -10.0)",12.81,2,VISIBLE,-1.1,0.65
124,6,person,0.5902,598.45,342.64,659.37,480.0,628.91,411.32,60.92,137.36,8368.2,0.44,Vertical Oblong,Cyan,"(90, 148, 161)","(57.25, -14.0, 10.0)",17.2,8,VISIBLE,-2.06,-0.04
124,13,person,0.5316,632.22,336.06,705.98,480.0,669.1,408.03,73.76,143.94,10617.85,0.51,Vertical Oblong,Red,"(176, 231, 173)","(37.65, 48.0, 27.0)",55.07,13,VISIBLE,-2.47,0.75
124,14,person,0.8581,159.65,311.13,337.86,480.18,248.76,395.65,178.21,169.05,30125.33,1.05,Spherical / Regular,Green,"(50, 137, 153)","(52.16, 6.0, 30.0)",30.59,14,VISIBLE,2.23,1.91
124,16,person,0.6658,76.42,349.37,132.31,451.73,104.36,400.55,55.89,102.36,5720.86,0.55,Vertical Oblong,Cyan,"(99, 122, 161)","(49.02, 5.0, 14.0)",14.87,16,VISIBLE,-0.62,1.04
124,3,person,0.4935,327.9,394.42,388.49,465.2,358.2,429.81,60.6,70.78,4289.06,0.86,Spherical / Regular,Blue,"(106, 118, 152)","(36.08, 7.0, 13.0)",14.76,20,VISIBLE,-3.91,0.64
124,1,person,0.675,363.49,341.46,445.2,482.01,404.35,411.73,81.7,140.55,11483.5,0.58,Vertical Oblong,Pink,"(166, 148, 155)","(37.65, 30.0, 16.0)",34.0,21,VISIBLE,-3.59,2.5
124,7,person,0.6954,822.96,335.93,854.0,480.0,838.48,407.96,31.04,144.07,4472.25,0.22,Vertical Oblong,Cyan,"(91, 160, 137)","(44.31, -12.0, -11.0)",16.28,22,VISIBLE,-0.92,0.0
125,19,ball,0.9198,461.93,117.58,494.05,150.02,477.99,133.8,32.12,32.44,1041.94,0.99,Spherical / Regular,Green,"(43, 79, 149)","(54.12, -10.0, 20.0)",22.36,19,VISIBLE,-0.2,-0.7
125,2,person,0.7785,459.21,369.72,525.72,479.01,492.47,424.36,66.51,109.28,7268.14,0.61,Vertical Oblong,Cyan,"(97, 143, 175)","(62.35, -6.0, -11.0)",12.53,2,VISIBLE,-0.93,0.65
125,6,person,0.5717,597.4,341.3,656.71,480.0,627.06,410.65,59.31,138.7,8226.07,0.43,Vertical Oblong,Cyan,"(91, 148, 163)","(57.65, -13.0, 6.0)",14.32,8,VISIBLE,-1.92,-0.48
125,13,person,0.4758,631.59,337.26,702.03,480.0,666.81,408.63,70.44,142.74,10054.12,0.49,Vertical Oblong,Red,"(176, 228, 173)","(38.04, 48.0, 28.0)",55.57,13,VISIBLE,-2.34,0.64
125,14,person,0.8802,161.04,318.7,341.76,480.07,251.4,399.38,180.72,161.37,29161.87,1.12,Spherical / Regular,Green,"(49, 138, 155)","(52.55, 8.0, 30.0)",31.05,14,VISIBLE,2.52,3.18
125,16,person,0.7021,73.53,350.5,132.98,452.82,103.26,401.66,59.45,102.32,6082.54,0.58,Vertical Oblong,Blue,"(104, 117, 163)","(48.63, 8.0, 14.0)",16.12,16,VISIBLE,-0.96,1.09
125,3,person,0.3758,325.86,394.94,387.72,465.92,356.79,430.43,61.87,70.97,4390.9,0.87,Spherical / Regular,Blue,"(102, 110, 134)","(34.12, 11.0, 11.0)",15.56,20,VISIBLE,-2.16,0.63
125,1,person,0.6122,359.81,347.3,442.74,481.41,401.28,414.36,82.93,134.11,11121.88,0.62,Vertical Oblong,Red,"(173, 156, 160)","(39.22, 30.0, 17.0)",34.48,21,VISIBLE,-3.23,2.58
125,7,person,0.7154,819.58,335.19,854.0,480.0,836.79,407.6,34.42,144.81,4984.35,0.24,Vertical Oblong,Cyan,"(94, 164, 139)","(44.71, -15.0, -12.0)",19.21,22,VISIBLE,-1.46,-0.26
126,19,ball,0.9292,461.54,117.05,493.83,149.66,477.69,133.36,32.29,32.61,1053.12,0.99,Spherical / Regular,Green,"(43, 77, 165)","(61.57, -12.0, 21.0)",24.19,19,VISIBLE,-0.27,-0.52
126,2,person,0.7761,458.28,370.29,524.08,479.51,491.18,424.9,65.8,109.22,7186.49,0.6,Vertical Oblong,Cyan,"(97, 141, 177)","(62.75, -5.0, -11.0)",12.08,2,VISIBLE,-1.18,0.57
126,6,person,0.3985,594.96,335.08,656.4,480.0,625.68,407.54,61.45,144.93,8905.27,0.42,Vertical Oblong,Cyan,"(92, 152, 161)","(56.47, -13.0, 11.0)",17.03,8,VISIBLE,-1.54,-2.32
126,13,person,0.4682,628.23,338.21,698.9,480.0,663.57,409.11,70.68,141.79,10021.66,0.5,Vertical Oblong,Red,"(176, 229, 176)","(39.22, 48.0, 27.0)",55.07,13,VISIBLE,-2.97,0.53
126,14,person,0.8745,162.82,324.14,345.32,480.0,254.07,402.07,182.49,155.86,28442.27,1.17,Spherical / Regular,Green,"(49, 138, 156)","(51.76, 8.0, 30.0)",31.05,14,VISIBLE,2.62,2.83
126,16,person,0.7261,71.0,351.42,132.17,453.96,101.59,402.69,61.17,102.54,6272.42,0.6,Vertical Oblong,Blue,"(104, 117, 167)","(49.8, 7.0, 11.0)",13.04,16,VISIBLE,-1.46,1.05
126,3,person,0.3567,323.2,395.03,384.95,466.66,354.08,430.84,61.75,71.63,4422.94,0.86,Spherical / Regular,Cyan,"(100, 112, 136)","(33.53, 12.0, 13.0)",17.69,20,VISIBLE,-2.55,0.48
126,1,person,0.6288,344.98,352.31,441.17,480.91,393.08,416.61,96.19,128.6,12369.88,0.75,Vertical Oblong,Pink,"(158, 138, 150)","(37.65, 21.0, 13.0)",24.7,21,VISIBLE,-6.71,2.35
126,7,person,0.7592,816.63,334.71,854.0,480.0,835.32,407.35,37.37,145.29,5429.1,0.26,Vertical Oblong,Cyan,"(94, 168, 140)","(45.88, -16.0, -13.0)",20.62,22,VISIBLE,-1.47,-0.25
127,19,ball,0.9059,461.15,116.63,493.66,149.5,477.4,133.07,32.51,32.87,1068.45,0.99,Spherical / Regular,Green,"(46, 68, 165)","(64.51, -11.0, 19.0)",21.95,19,VISIBLE,-0.28,-0.36
127,2,person,0.7815,457.0,370.7,522.16,479.99,489.58,425.34,65.16,109.29,7121.31,0.6,Vertical Oblong,Cyan,"(97, 143, 179)","(62.75, -6.0, -11.0)",12.53,2,VISIBLE,-1.47,0.48
127,6,person,0.3985,593.51,334.01,654.11,480.0,623.81,407.01,60.61,145.99,8848.15,0.42,Vertical Oblong,Cyan,"(92, 154, 162)","(56.47, -12.0, 11.0)",16.28,8,VISIBLE,-1.77,-1.07
127,13,person,0.4468,610.79,334.84,694.68,480.0,652.73,407.42,83.9,145.17,12179.0,0.58,Vertical Oblong,Red,"(172, 185, 179)","(43.53, 24.0, 10.0)",26.0,13,VISIBLE,-8.47,-1.02
127,14,person,0.8764,164.97,327.86,348.37,479.96,256.67,403.91,183.41,152.1,27895.83,1.21,Spherical / Regular,Green,"(49, 139, 156)","(51.37, 8.0, 29.0)",30.08,14,VISIBLE,2.61,2.14
127,16,person,0.746,68.31,352.17,130.73,454.98,99.52,403.58,62.43,102.82,6418.25,0.61,Vertical Oblong,Blue,"(104, 118, 168)","(49.41, 6.0, 14.0)",15.23,16,VISIBLE,-1.88,0.93
127,3,person,0.2955,320.18,393.93,381.66,467.71,350.92,430.82,61.48,73.78,4536.23,0.83,Spherical / Regular,Cyan,"(97, 118, 127)","(31.37, 12.0, 12.0)",16.97,20,VISIBLE,-2.97,0.13
127,1,person,0.7213,333.57,357.0,440.72,480.53,387.14,418.76,107.14,123.53,13235.45,0.87,Spherical / Regular,Pink,"(155, 137, 145)","(36.08, 18.0, 12.0)",21.63,21,VISIBLE,-6.16,2.21
127,7,person,0.7493,813.59,334.56,854.0,480.0,833.8,407.28,40.41,145.44,5876.48,0.28,Vertical Oblong,Cyan,"(93, 171, 142)","(47.45, -17.0, -13.0)",21.4,22,VISIBLE,-1.5,-0.13
128,19,ball,0.8871,460.75,116.41,493.6,149.14,477.17,132.77,32.86,32.73,1075.32,1.0,Spherical / Regular,Green,"(42, 75, 156)","(61.37, -12.0, 19.0)",22.47,19,VISIBLE,-0.24,-0.31
128,2,person,0.777,454.81,371.07,520.58,480.33,487.7,425.7,65.77,109.26,7186.07,0.6,Vertical Oblong,Cyan,"(98, 140, 180)","(62.35, -4.0, -11.0)",11.7,2,VISIBLE,-1.76,0.39
128,6,person,0.41,588.9,328.31,655.87,480.0,622.38,404.15,66.98,151.7,10160.39,0.44,Vertical Oblong,Cyan,"(94, 158, 160)","(54.31, -7.0, 13.0)",14.76,8,VISIBLE,-1.53,-2.32
128,13,person,0.4893,613.88,337.26,692.56,480.0,653.22,408.63,78.68,142.74,11231.56,0.55,Vertical Oblong,Red,"(175, 207, 181)","(41.96, 39.0, 16.0)",42.15,13,VISIBLE,-2.2,0.54
128,14,person,0.8554,167.81,330.18,350.74,479.94,259.28,405.06,182.93,149.77,27396.07,1.22,Spherical / Regular,Green,"(49, 140, 156)","(50.98, 8.0, 30.0)",31.05,14,VISIBLE,2.61,1.45
128,16,person,0.7595,65.44,352.61,128.61,455.68,97.03,404.15,63.16,103.07,6510.2,0.61,Vertical Oblong,Blue,"(103, 121, 169)","(49.41, 7.0, 13.0)",14.76,16,VISIBLE,-2.31,0.68
128,3,person,0.2955,317.43,394.12,378.78,468.72,348.1,431.42,61.35,74.6,4576.96,0.82,Spherical / Regular,Green,"(81, 123, 122)","(30.2, 13.0, 12.0)",17.69,20,VISIBLE,-2.86,0.46
128,1,person,0.6883,324.03,360.62,441.53,480.25,382.78,420.43,117.5,119.63,14056.28,0.98,Spherical / Regular,Purple,"(146, 137, 145)","(36.08, 17.0, 12.0)",20.81,21,VISIBLE,-4.9,1.83
128,7,person,0.7586,810.56,334.45,854.0,480.0,832.28,407.23,43.44,145.55,6322.07,0.3,Vertical Oblong,Cyan,"(94, 174, 144)","(49.41, -17.0, -14.0)",22.02,22,VISIBLE,-1.51,-0.08
129,19,ball,0.8473,460.22,115.82,493.01,148.79,476.61,132.31,32.78,32.97,1080.92,0.99,Spherical / Regular,Green,"(42, 74, 168)","(66.27, -13.0, 20.0)",23.85,19,VISIBLE,-0.47,-0.42
129,2,person,0.7461,453.67,371.37,520.13,480.61,486.9,425.99,66.46,109.24,7260.15,0.61,Vertical Oblong,Cyan,"(99, 146, 182)","(60.78, -3.0, -12.0)",12.37,2,VISIBLE,-1.08,0.32
129,6,person,0.4853,584.1,326.37,650.15,480.0,617.12,403.18,66.05,153.63,10147.67,0.43,Vertical Oblong,Cyan,"(95, 154, 161)","(54.9, -11.0, 10.5)",15.21,8,VISIBLE,-4.14,-1.37
129,13,person,0.6104,614.21,338.85,689.77,480.0,651.99,409.43,75.56,141.16,10665.43,0.54,Vertical Oblong,Red,"(175, 218, 179)","(40.0, 44.0, 22.0)",49.19,13,VISIBLE,-1.52,0.72
129,14,person,0.7673,169.81,331.42,352.94,479.94,261.37,405.68,183.13,148.52,27198.18,1.23,Spherical / Regular,Green,"(49, 142, 158)","(50.59, 9.0, 28.0)",29.41,14,VISIBLE,2.25,0.87
129,16,person,0.7287,62.49,352.85,127.7,456.79,95.1,404.82,65.21,103.94,6777.47,0.63,Vertical Oblong,Blue,"(102, 117, 166)","(48.63, 3.0, 10.0)",10.44,16,VISIBLE,-2.04,0.68
129,3,person,0.2955,314.68,394.31,375.9,469.73,345.29,432.02,61.22,75.42,4617.48,0.81,Spherical / Regular,Green,"(47, 131, 132)","(34.51, 12.0, 17.0)",20.81,20,VISIBLE,-2.83,0.56
129,1,person,0.604,315.65,362.99,441.1,480.07,378.37,421.53,125.45,117.08,14688.31,1.07,Spherical / Regular,Purple,"(136, 148, 153)","(38.82, 17.5, 16.0)",23.71,21,VISIBLE,-4.55,1.32
129,7,person,0.7545,807.47,334.72,854.0,480.0,830.73,407.36,46.53,145.28,6760.3,0.32,Vertical Oblong,Cyan,"(94, 135, 118)","(39.61, -9.0, -10.0)",13.45,22,VISIBLE,-1.54,0.07
130,19,ball,0.8811,459.55,115.72,492.3,148.76,475.93,132.24,32.76,33.04,1082.44,0.99,Spherical / Regular,Green,"(41, 63, 183)","(71.96, -10.0, 17.0)",19.72,19,VISIBLE,-0.62,-0.17
130,2,person,0.7699,453.03,371.46,518.71,480.69,485.87,426.07,65.68,109.23,7174.33,0.6,Vertical Oblong,Cyan,"(99, 144, 184)","(61.96, -3.0, -12.0)",12.37,2,VISIBLE,-1.05,0.16
130,6,person,0.4514,580.57,324.55,643.8,480.0,612.19,402.27,63.23,155.45,9828.51,0.41,Vertical Oblong,Cyan,"(92, 151, 163)","(56.67, -15.0, 4.0)",15.52,8,VISIBLE,-4.7,-1.05
130,13,person,0.5883,612.9,340.27,686.49,480.0,649.69,410.13,73.59,139.74,10283.35,0.53,Vertical Oblong,Red,"(175, 220, 176)","(40.39, 44.0, 23.0)",49.65,13,VISIBLE,-2.06,0.71
130,14,person,0.7702,171.33,331.95,355.12,479.95,263.23,405.95,183.79,148.0,27200.28,1.24,Spherical / Regular,Green,"(49, 141, 157)","(49.41, 10.0, 28.0)",29.73,14,VISIBLE,1.97,0.45
130,16,person,0.7631,59.2,353.11,125.7,457.58,92.45,405.34,66.5,104.47,6947.19,0.64,Vertical Oblong,Blue,"(103, 118, 168)","(49.02, 4.0, 12.0)",12.65,16,VISIBLE,-2.46,0.57
130,3,person,0.2871,311.36,402.16,370.96,470.25,341.16,436.21,59.6,68.09,4057.69,0.88,Spherical / Regular,Green,"(48, 132, 137)","(36.47, 9.0, 18.0)",20.12,20,VISIBLE,-3.74,3.1
130,1,person,0.6023,310.68,364.01,441.13,479.96,375.9,421.98,130.45,115.95,15125.17,1.13,Spherical / Regular,Purple,"(131, 151, 158)","(40.0, 18.0, 17.0)",24.76,21,VISIBLE,-3.1,0.71
130,7,person,0.7513,803.9,335.14,854.0,480.0,828.95,407.57,50.1,144.86,7257.68,0.35,Vertical Oblong,Cyan,"(94, 155, 126)","(43.53, -14.0, -11.0)",17.8,22,VISIBLE,-1.71,0.17
131,19,ball,0.8332,458.63,115.87,491.36,148.9,475.0,132.39,32.73,33.03,1080.98,0.99,Spherical / Regular,Green,"(42, 56, 197)","(76.86, -9.0, 16.0)",18.36,19,VISIBLE,-0.84,0.05
131,2,person,0.7678,452.18,371.5,517.13,480.65,484.65,426.08,64.96,109.15,7090.28,0.6,Vertical Oblong,Cyan,"(99, 142, 186)","(61.57, -3.0, -12.0)",12.37,2,VISIBLE,-1.16,0.05
131,6,person,0.4533,575.97,323.06,638.78,480.0,607.37,401.53,62.82,156.94,9858.31,0.4,Vertical Oblong,Cyan,"(91, 149, 164)","(57.25, -16.0, 1.0)",16.03,8,VISIBLE,-4.78,-0.84
131,13,person,0.6349,611.41,341.66,683.04,480.0,647.23,410.83,71.63,138.34,9909.17,0.52,Vertical Oblong,Red,"(176, 226, 176)","(39.61, 45.0, 25.0)",51.48,13,VISIBLE,-2.35,0.7
131,14,person,0.7821,172.98,332.11,357.75,479.96,265.36,406.03,184.77,147.85,27318.15,1.25,Spherical / Regular,Green,"(49, 142, 158)","(49.8, 9.0, 28.0)",29.41,14,VISIBLE,2.09,0.19
131,16,person,0.7482,55.79,353.21,122.65,457.94,89.22,405.58,66.86,104.73,7001.96,0.64,Vertical Oblong,Blue,"(104, 120, 168)","(47.84, 6.0, 13.5)",14.77,16,VISIBLE,-3.0,0.33
131,3,person,0.3101,307.8,407.52,366.58,470.48,337.19,439.0,58.79,62.96,3700.88,0.93,Spherical / Regular,Green,"(58, 138, 138)","(37.65, 9.0, 21.0)",22.85,20,VISIBLE,-3.9,2.89
131,1,person,0.5073,309.1,364.3,441.39,479.9,375.25,422.1,132.29,115.61,15293.52,1.14,Spherical / Regular,Blue,"(116, 152, 161)","(40.78, 18.0, 17.0)",24.76,21,VISIBLE,-1.39,0.29
131,7,person,0.7534,799.79,335.93,854.0,480.0,826.89,407.96,54.21,144.07,7810.92,0.38,Vertical Oblong,Cyan,"(94, 162, 131)","(44.71, -15.0, -12.0)",19.21,22,VISIBLE,-1.95,0.33
132,19,ball,0.8414,457.49,115.93,490.32,148.99,473.91,132.46,32.83,33.07,1085.59,0.99,Spherical / Regular,Green,"(41, 54, 197)","(76.67, -8.0, 15.0)",17.0,19,VISIBLE,-1.01,0.07
132,2,person,0.7844,451.16,371.73,515.49,480.56,483.33,426.15,64.34,108.82,7001.15,0.59,Vertical Oblong,Cyan,"(99, 138, 186)","(62.35, -3.0, -12.0)",12.37,2,VISIBLE,-1.28,0.06
132,6,person,0.5042,570.98,321.81,634.25,480.0,602.62,400.91,63.27,158.19,10008.26,0.4,Vertical Oblong,Cyan,"(93, 148, 163)","(56.86, -14.5, 0.0)",14.5,8,VISIBLE,-4.77,-0.69
132,13,person,0.5999,609.06,342.73,679.42,480.0,644.24,411.37,70.36,137.27,9658.34,0.51,Vertical Oblong,Red,"(175, 228, 173)","(38.43, 45.0, 24.0)",51.0,13,VISIBLE,-2.79,0.58
132,14,person,0.7917,175.0,332.13,358.6,479.97,266.8,406.05,183.6,147.84,27143.61,1.24,Spherical / Regular,Green,"(49, 142, 157)","(50.2, 9.0, 27.0)",28.46,14,VISIBLE,1.63,0.07
132,16,person,0.7648,51.9,353.06,118.59,458.78,85.24,405.92,66.69,105.72,7050.86,0.63,Vertical Oblong,Blue,"(105, 125, 168)","(47.45, 9.0, 16.0)",18.36,16,VISIBLE,-3.68,0.34
132,3,person,0.3225,304.46,410.5,362.28,470.64,333.37,440.57,57.81,60.14,3476.77,0.96,Spherical / Regular,Green,"(54, 139, 140)","(40.0, 8.0, 23.0)",24.35,20,VISIBLE,-3.84,1.96
132,1,person,0.6539,304.01,363.88,441.33,479.88,372.67,421.88,137.32,116.0,15929.33,1.18,Spherical / Regular,Blue,"(116, 147, 161)","(40.78, 17.0, 16.0)",23.35,21,VISIBLE,-2.22,-0.07
132,7,person,0.7906,794.97,336.13,854.0,480.0,824.48,408.07,59.03,143.87,8492.47,0.41,Vertical Oblong,Cyan,"(95, 164, 133)","(45.29, -14.0, -13.0)",19.1,22,VISIBLE,-2.27,0.17
133,19,ball,0.8863,456.27,116.31,489.1,149.34,472.68,132.82,32.83,33.03,1084.31,0.99,Spherical / Regular,Green,"(43, 79, 153)","(60.0, -11.5, 20.0)",23.07,19,VISIBLE,-1.16,0.28
133,2,person,0.7742,449.96,371.92,514.56,480.44,482.26,426.18,64.6,108.51,7009.4,0.6,Vertical Oblong,Cyan,"(98, 144, 196)","(61.18, -3.0, -12.0)",12.37,2,VISIBLE,-1.13,0.04
133,6,person,0.5084,565.95,319.97,630.97,480.0,598.46,399.99,65.03,160.03,10406.07,0.41,Vertical Oblong,Cyan,"(93, 152, 163)","(56.86, -14.0, -5.0)",14.87,8,VISIBLE,-4.34,-0.85
133,13,person,0.6985,605.11,344.42,675.14,480.0,640.13,412.21,70.03,135.58,9494.25,0.52,Vertical Oblong,Red,"(176, 226, 163)","(37.25, 43.0, 23.0)",48.76,13,VISIBLE,-3.72,0.77
133,14,person,0.7417,177.89,332.22,358.91,479.98,268.4,406.1,181.03,147.76,26748.01,1.23,Spherical / Regular,Green,"(49, 143, 158)","(50.59, 9.0, 29.0)",30.36,14,VISIBLE,1.61,0.06
133,16,person,0.7792,48.0,352.46,114.79,459.23,81.4,405.85,66.79,106.77,7131.67,0.63,Vertical Oblong,Blue,"(106, 137, 170)","(44.9, 11.0, 19.0)",21.95,16,VISIBLE,-3.8,0.05
133,3,person,0.3225,301.32,413.54,358.43,471.2,329.88,442.37,57.11,57.66,3293.37,0.99,Spherical / Regular,Green,"(55, 139, 140)","(40.39, 0.0, 21.0)",21.0,20,VISIBLE,-3.6,1.85
133,1,person,0.4838,301.46,362.92,441.31,479.89,371.38,421.4,139.85,116.97,16358.3,1.2,Spherical / Regular,Purple,"(129, 145, 160)","(41.57, 16.0, 16.0)",22.63,21,VISIBLE,-1.57,-0.35
133,7,person,0.7951,790.14,336.91,854.0,480.0,822.07,408.45,63.86,143.09,9138.18,0.45,Vertical Oblong,Cyan,"(95, 173, 142)","(48.24, -16.0, -14.0)",21.26,22,VISIBLE,-2.37,0.32
134,19,ball,0.9097,454.97,116.46,487.99,149.9,471.48,133.18,33.02,33.43,1103.88,0.99,Spherical / Regular,Green,"(43, 82, 168)","(62.75, -12.0, 21.0)",24.19,19,VISIBLE,-1.19,0.33
134,2,person,0.7723,449.51,371.73,512.82,480.32,481.16,426.02,63.31,108.59,6874.76,0.58,Vertical Oblong,Cyan,"(98, 144, 199)","(62.35, -4.0, -12.0)",12.65,2,VISIBLE,-1.11,-0.1
134,6,person,0.652,560.14,319.44,624.81,480.0,592.47,399.72,64.67,160.56,10383.39,0.4,Vertical Oblong,Cyan,"(93, 152, 164)","(57.25, -16.0, -7.0)",17.46,8,VISIBLE,-5.49,-0.44
134,13,person,0.7033,600.53,345.75,670.21,480.0,635.37,412.88,69.68,134.25,9353.69,0.52,Vertical Oblong,Red,"(176, 228, 164)","(37.25, 43.0, 24.0)",49.24,13,VISIBLE,-4.44,0.7
134,14,person,0.7513,181.68,332.21,358.13,479.98,269.91,406.1,176.45,147.77,26074.27,1.19,Spherical / Regular,Green,"(49, 143, 158)","(49.8, 10.0, 28.0)",29.73,14,VISIBLE,1.54,0.01
134,16,person,0.7943,43.63,351.7,111.35,459.71,77.49,405.7,67.72,108.01,7314.06,0.63,Vertical Oblong,Blue,"(105, 137, 169)","(45.1, 9.0, 19.0)",21.02,16,VISIBLE,-3.87,-0.08
134,3,person,0.3225,298.18,416.57,354.59,471.76,326.38,444.17,56.41,55.19,3113.44,1.02,Spherical / Regular,Green,"(54, 143, 145)","(45.1, -1.0, 23.0)",23.02,20,VISIBLE,-3.52,1.81
134,1,person,0.3917,316.21,361.51,440.38,479.9,378.3,420.7,124.17,118.39,14701.0,1.05,Spherical / Regular,Purple,"(150, 157, 163)","(41.18, 17.0, 14.0)",22.02,21,VISIBLE,4.37,-0.6
134,7,person,0.7887,785.72,337.75,853.97,480.0,819.85,408.87,68.24,142.25,9707.58,0.48,Vertical Oblong,Cyan,"(94, 176, 148)","(50.98, -17.0, -14.0)",22.02,22,VISIBLE,-2.27,0.39
135,19,ball,0.9369,453.69,116.85,486.96,150.72,470.33,133.78,33.27,33.87,1126.91,0.98,Spherical / Regular,Green,"(45, 76, 190)","(68.43, -14.0, 22.0)",26.08,19,VISIBLE,-1.17,0.52
135,2,person,0.799,448.52,371.41,510.9,480.19,479.71,425.8,62.38,108.77,6785.06,0.57,Vertical Oblong,Cyan,"(98, 145, 200)","(61.96, -3.0, -12.0)",12.37,2,VISIBLE,-1.35,-0.19
135,6,person,0.517,554.46,318.51,620.78,480.0,587.62,399.25,66.32,161.49,10711.04,0.41,Vertical Oblong,Cyan,"(92, 155, 161)","(56.86, -15.0, -4.0)",15.52,8,VISIBLE,-5.05,-0.46
135,13,person,0.7322,596.66,345.73,665.51,480.0,631.09,412.86,68.85,134.27,9244.8,0.51,Vertical Oblong,Red,"(176, 231, 163)","(36.47, 42.0, 23.0)",47.89,13,VISIBLE,-4.33,0.2
135,14,person,0.7282,186.39,331.88,357.01,479.99,271.7,405.93,170.62,148.11,25270.92,1.15,Spherical / Regular,Blue,"(120, 119, 146)","(36.08, 9.0, 6.0)",10.82,14,VISIBLE,1.72,-0.11
135,16,person,0.8044,39.32,351.01,107.26,459.82,73.29,405.42,67.94,108.81,7392.55,0.62,Vertical Oblong,Blue,"(111, 144, 169)","(44.31, 12.0, 19.0)",22.47,16,VISIBLE,-4.1,-0.23
135,3,person,0.2974,293.18,406.68,348.57,471.04,320.87,438.86,55.39,64.36,3564.49,0.86,Spherical / Regular,Green,"(50, 127, 155)","(51.76, 0.0, 22.0)",22.0,20,VISIBLE,-4.91,-3.17
135,1,person,0.3839,327.97,359.97,439.89,479.92,383.93,419.94,111.93,119.95,13425.71,0.93,Spherical / Regular,Red,"(171, 187, 161)","(39.61, 27.0, 16.0)",31.38,21,VISIBLE,5.25,-0.71
135,7,person,0.8198,780.51,338.2,853.92,480.0,817.22,409.1,73.41,141.8,10409.52,0.52,Vertical Oblong,Cyan,"(94, 180, 154)","(53.73, -18.0, -14.0)",22.8,22,VISIBLE,-2.52,0.27
136,19,ball,0.8754,452.19,117.56,486.0,151.55,469.09,134.55,33.8,33.98,1148.77,0.99,Spherical / Regular,Green,"(43, 72, 194)","(73.33, -13.0, 20.0)",23.85,19,VISIBLE,-1.21,0.7
136,2,person,0.8113,447.4,371.32,508.62,480.11,478.01,425.72,61.22,108.79,6660.21,0.56,Vertical Oblong,Cyan,"(99, 145, 200)","(62.35, -3.0, -13.0)",13.34,2,VISIBLE,-1.6,-0.12
136,6,person,0.4893,549.4,317.87,618.05,480.0,583.73,398.93,68.65,162.13,11131.0,0.42,Vertical Oblong,Cyan,"(93, 155, 159)","(55.69, -13.0, 2.0)",13.15,8,VISIBLE,-4.24,-0.36
136,13,person,0.6526,591.94,346.08,660.27,480.0,626.1,413.04,68.33,133.92,9150.57,0.51,Vertical Oblong,Red,"(175, 231, 159)","(36.08, 42.0, 22.0)",47.41,13,VISIBLE,-4.79,0.18
136,14,person,0.7452,191.42,330.86,358.36,480.0,274.89,405.43,166.94,149.13,24896.05,1.12,Spherical / Regular,Blue,"(120, 123, 153)","(37.25, 10.0, 8.0)",12.81,14,VISIBLE,2.75,-0.39
136,16,person,0.7891,34.4,350.61,102.85,459.95,68.63,405.28,68.45,109.34,7484.31,0.63,Vertical Oblong,Pink,"(155, 147, 166)","(43.53, 19.0, 20.0)",27.59,16,VISIBLE,-4.5,-0.16
136,3,person,0.3597,288.21,400.09,350.55,470.69,319.38,435.39,62.35,70.61,4401.95,0.88,Spherical / Regular,Green,"(48, 120, 159)","(53.92, 3.0, 17.0)",17.26,20,VISIBLE,-2.52,-3.38
136,1,person,0.5356,326.38,358.0,437.86,479.94,382.12,418.97,111.47,121.95,13593.7,0.91,Spherical / Regular,Red,"(171, 192, 156)","(38.43, 29.0, 16.0)",33.12,21,VISIBLE,0.31,-0.9
136,7,person,0.7988,774.86,338.55,853.9,480.0,814.38,409.28,79.03,141.45,11178.83,0.56,Vertical Oblong,Cyan,"(95, 177, 157)","(53.33, -17.0, -15.0)",22.67,22,VISIBLE,-2.74,0.2
137,19,ball,0.9182,450.62,118.54,484.67,152.73,467.64,135.64,34.05,34.19,1163.99,1.0,Spherical / Regular,Green,"(46, 65, 200)","(75.69, -14.0, 20.0)",24.41,19,VISIBLE,-1.38,0.96
137,2,person,0.7956,446.33,370.59,506.29,480.06,476.31,425.32,59.96,109.47,6563.4,0.55,Vertical Oblong,Cyan,"(97, 143, 199)","(61.18, -4.0, -12.0)",12.65,2,VISIBLE,-1.67,-0.31
137,6,person,0.4961,544.93,317.47,616.0,480.0,580.46,398.73,71.07,162.53,11550.92,0.44,Vertical Oblong,Grey,"(95, 156, 161)","(55.29, -7.0, 2.0)",7.28,8,VISIBLE,-3.55,-0.25
137,13,person,0.6672,587.34,346.91,655.09,480.0,621.22,413.46,67.75,133.09,9016.5,0.51,Vertical Oblong,Red,"(176, 224, 151)","(34.12, 41.0, 21.0)",46.07,13,VISIBLE,-4.86,0.35
137,14,person,0.6941,196.91,330.55,359.97,480.0,278.44,405.28,163.07,149.45,24369.38,1.09,Spherical / Regular,Purple,"(129, 126, 163)","(41.57, 11.0, 11.0)",15.56,14,VISIBLE,3.31,-0.22
137,16,person,0.7645,29.94,349.12,96.95,460.35,63.44,404.74,67.01,111.23,7453.25,0.6,Vertical Oblong,Red,"(173, 166, 164)","(42.75, 28.0, 21.0)",35.0,16,VISIBLE,-4.97,-0.43
137,3,person,0.3597,284.22,398.05,347.83,470.77,316.03,434.41,63.61,72.72,4625.79,0.87,Spherical / Regular,Green,"(59, 119, 158)","(53.73, 0.0, 12.0)",12.0,20,VISIBLE,-3.1,-1.7
137,1,person,0.5806,323.52,355.6,435.69,479.96,379.6,417.78,112.16,124.36,13948.99,0.9,Spherical / Regular,Red,"(173, 190, 157)","(38.43, 29.0, 15.0)",32.65,21,VISIBLE,-1.67,-1.1
137,7,person,0.8123,769.3,339.09,852.98,480.0,811.14,409.54,83.68,140.91,11791.58,0.59,Vertical Oblong,Cyan,"(95, 181, 159)","(54.12, -18.0, -16.0)",24.08,22,VISIBLE,-3.09,0.25
138,19,ball,0.9153,449.18,119.41,483.37,154.03,466.28,136.72,34.19,34.62,1183.7,0.99,Spherical / Regular,Green,"(42, 62, 189)","(69.8, -11.0, 17.0)",20.25,19,VISIBLE,-1.37,1.05
138,2,person,0.7568,444.76,369.97,503.24,480.02,474.0,425.0,58.48,110.05,6435.46,0.53,Vertical Oblong,Cyan,"(97, 144, 194)","(60.78, -4.0, -12.0)",12.65,2,VISIBLE,-2.12,-0.32
138,6,person,0.489,540.35,318.14,611.73,479.25,576.04,398.69,71.38,161.11,11500.03,0.44,Vertical Oblong,Grey,"(94, 159, 158)","(54.12, -7.0, 4.0)",8.06,8,VISIBLE,-4.16,-0.1
138,13,person,0.6927,581.17,347.18,650.04,480.0,615.61,413.59,68.87,132.82,9147.58,0.52,Vertical Oblong,Red,"(176, 227, 148)","(33.73, 40.0, 21.0)",45.18,13,VISIBLE,-5.38,0.2
138,14,person,0.5822,206.25,330.15,348.78,480.0,277.51,405.08,142.53,149.85,21357.75,0.95,Spherical / Regular,Purple,"(150, 135, 168)","(42.75, 16.0, 15.0)",21.93,14,VISIBLE,0.35,-0.21
138,16,person,0.7604,24.82,347.85,90.92,460.42,57.87,404.13,66.1,112.56,7440.94,0.59,Vertical Oblong,Red,"(174, 171, 165)","(42.35, 28.0, 21.0)",35.0,16,VISIBLE,-5.39,-0.55
138,3,person,0.3597,280.23,396.01,345.11,470.84,312.67,433.42,64.88,74.83,4854.99,0.87,Spherical / Regular,Green,"(55, 119, 158)","(52.16, 1.0, 12.0)",12.04,20,VISIBLE,-3.28,-1.2
138,1,person,0.5066,324.4,353.24,433.33,479.97,378.87,416.61,108.93,126.74,13805.4,0.86,Spherical / Regular,Red,"(174, 201, 155)","(36.86, 31.0, 16.0)",34.89,21,VISIBLE,-1.02,-1.15
138,7,person,0.7966,764.48,339.76,849.59,480.0,807.03,409.88,85.11,140.24,11936.07,0.61,Vertical Oblong,Cyan,"(95, 183, 157)","(52.55, -17.0, -16.0)",23.35,22,VISIBLE,-3.8,0.31
139,19,ball,0.8563,447.94,120.6,482.41,155.44,465.18,138.02,34.48,34.84,1201.13,0.99,Spherical / Regular,Yellow,"(37, 50, 205)","(79.22, -8.0, 16.0)",17.89,19,VISIBLE,-1.18,1.22
139,2,person,0.7082,442.54,369.66,499.87,479.67,471.21,424.67,57.33,110.01,6306.84,0.52,Vertical Oblong,Cyan,"(97, 148, 194)","(62.35, -5.0, -13.0)",13.93,2,VISIBLE,-2.59,-0.33
139,6,person,0.4135,534.27,317.85,604.97,478.72,569.62,398.28,70.7,160.86,11372.55,0.44,Vertical Oblong,Cyan,"(93, 159, 158)","(55.29, -10.0, 2.0)",10.2,8,VISIBLE,-5.74,-0.32
139,13,person,0.7038,575.12,346.83,644.87,480.0,610.0,413.42,69.75,133.17,9288.8,0.52,Vertical Oblong,Red,"(175, 229, 146)","(33.33, 38.0, 19.0)",42.49,13,VISIBLE,-5.54,-0.06
139,14,person,0.5859,213.58,329.87,339.3,480.0,276.44,404.94,125.72,150.13,18875.38,0.84,Spherical / Regular,Red,"(172, 163, 178)","(43.14, 27.0, 18.0)",32.45,14,VISIBLE,-0.65,-0.16
139,16,person,0.7934,19.19,346.62,85.56,460.15,52.38,403.39,66.37,113.53,7534.8,0.58,Vertical Oblong,Red,"(175, 177, 165)","(41.96, 33.0, 22.0)",39.66,16,VISIBLE,-5.46,-0.69
139,3,person,0.3597,276.24,393.97,342.39,470.91,309.31,432.44,66.15,76.94,5089.54,0.86,Spherical / Regular,Green,"(59, 118, 157)","(51.76, 2.0, 11.0)",11.18,20,VISIBLE,-3.33,-1.05
139,1,person,0.3199,310.94,350.08,431.31,479.99,371.13,415.03,120.37,129.91,15636.98,0.93,Spherical / Regular,Pink,"(165, 188, 154)","(38.04, 22.0, 15.0)",26.63,21,VISIBLE,-5.72,-1.44
139,7,person,0.802,759.16,340.09,844.68,480.0,801.92,410.04,85.52,139.91,11964.99,0.61,Vertical Oblong,Cyan,"(94, 183, 157)","(52.94, -18.0, -15.0)",23.43,22,VISIBLE,-4.72,0.21
140,2,person,0.7335,440.64,369.0,496.69,478.54,468.67,423.77,56.05,109.54,6139.8,0.51,Vertical Oblong,Cyan,"(96, 148, 200)","(63.14, -6.0, -13.0)",14.32,2,VISIBLE,-2.56,-0.72
140,6,person,0.4842,529.09,317.52,601.65,478.08,565.37,397.8,72.56,160.55,11650.18,0.45,Vertical Oblong,Grey,"(94, 159, 155)","(53.73, -8.0, 4.0)",8.94,8,VISIBLE,-4.7,-0.43
140,13,person,0.6824,568.97,346.59,639.69,480.0,604.33,413.3,70.72,133.41,9434.25,0.53,Vertical Oblong,Red,"(175, 226, 143)","(33.33, 36.5, 17.0)",40.26,13,VISIBLE,-5.63,-0.1
140,14,person,0.6406,219.32,329.99,331.15,480.0,275.23,405.0,111.83,150.01,16775.41,0.75,Vertical Oblong,Red,"(174, 194, 181)","(43.92, 35.0, 22.0)",41.34,14,VISIBLE,-1.04,-0.01
140,16,person,0.7617,13.9,345.65,79.84,459.89,46.87,402.77,65.94,114.24,7532.82,0.58,Vertical Oblong,Red,"(175, 176, 161)","(40.78, 34.0, 20.0)",39.45,16,VISIBLE,-5.49,-0.64
140,3,person,0.3597,272.25,391.93,339.67,470.98,305.96,431.46,67.42,79.05,5329.45,0.85,Spherical / Regular,Green,"(50, 135, 156)","(52.16, 5.0, 22.0)",22.56,20,VISIBLE,-3.35,-1.0
140,1,person,0.4373,300.23,347.09,429.25,479.99,364.74,413.54,129.02,132.91,17147.14,0.97,Spherical / Regular,Pink,"(157, 176, 151)","(37.65, 17.0, 14.0)",22.02,21,VISIBLE,-6.19,-1.48
140,7,person,0.8342,753.52,340.43,839.08,480.0,796.3,410.21,85.56,139.57,11941.32,0.61,Vertical Oblong,Cyan,"(95, 180, 155)","(52.16, -17.0, -16.0)",23.35,22,VISIBLE,-5.35,0.18
140,19,ball,0.8119,446.51,122.12,481.31,156.98,463.91,139.55,34.8,34.87,1213.34,1.0,Spherical / Regular,Yellow,"(35, 49, 197)","(77.65, -5.0, 13.0)",13.93,19,VISIBLE,-1.24,1.44
141,19,ball,0.8359,445.33,123.76,479.78,158.52,462.55,141.14,34.44,34.76,1197.17,0.99,Spherical / Regular,Green,"(43, 80, 159)","(62.35, -10.0, 18.0)",20.59,19,VISIBLE,-1.32,1.54
141,2,person,0.7038,438.49,367.8,494.39,477.78,466.44,422.79,55.9,109.97,6147.77,0.51,Vertical Oblong,Cyan,"(96, 148, 197)","(63.14, -6.0, -13.0)",14.32,2,VISIBLE,-2.32,-0.9
141,6,person,0.4034,523.58,317.5,602.07,476.01,562.83,396.75,78.49,158.5,12440.44,0.5,Vertical Oblong,Cyan,"(93, 159, 152)","(52.55, -9.0, 10.0)",13.45,8,VISIBLE,-3.19,-0.86
141,13,person,0.6665,563.38,346.97,634.78,480.0,599.08,413.49,71.4,133.03,9498.5,0.54,Vertical Oblong,Red,"(175, 213, 131)","(30.59, 31.0, 14.0)",34.01,13,VISIBLE,-5.36,0.1
141,14,person,0.499,222.21,330.5,325.73,480.0,273.97,405.25,103.52,149.5,15476.28,0.69,Vertical Oblong,Red,"(175, 208, 177)","(45.1, 41.0, 23.0)",47.01,14,VISIBLE,-1.2,0.18
141,16,person,0.8059,5.1,343.64,73.9,459.85,39.5,401.74,68.81,116.21,7996.37,0.59,Vertical Oblong,Red,"(175, 173, 159)","(39.61, 31.0, 18.0)",35.85,16,VISIBLE,-6.81,-0.91
141,3,person,0.3597,268.26,389.89,336.95,471.05,302.6,430.47,68.69,81.16,5574.72,0.85,Spherical / Regular,Green,"(51, 143, 153)","(50.59, 5.0, 24.0)",24.52,20,VISIBLE,-3.35,-0.99
141,1,person,0.4033,292.19,343.66,427.4,480.0,359.79,411.83,135.21,136.34,18433.78,0.99,Spherical / Regular,Pink,"(156, 168, 151)","(38.04, 16.0, 14.0)",21.26,21,VISIBLE,-5.32,-1.64
141,7,person,0.8344,748.0,340.55,832.92,480.0,790.46,410.28,84.92,139.45,11841.96,0.61,Vertical Oblong,Cyan,"(95, 182, 161)","(54.9, -18.0, -16.0)",24.08,22,VISIBLE,-5.69,0.1
142,19,ball,0.8739,444.35,125.47,478.29,160.39,461.32,142.93,33.94,34.92,1185.25,0.97,Spherical / Regular,Green,"(41, 82, 149)","(59.22, -9.0, 21.0)",22.85,19,VISIBLE,-1.26,1.72
142,2,person,0.7211,436.56,365.96,491.61,476.66,464.09,421.31,55.05,110.71,6094.31,0.5,Vertical Oblong,Cyan,"(95, 149, 196)","(62.75, -5.0, -12.0)",13.0,2,VISIBLE,-2.35,-1.31
142,6,person,0.5176,516.78,318.23,595.94,476.35,556.36,397.29,79.16,158.12,12516.75,0.5,Vertical Oblong,Cyan,"(92, 162, 156)","(55.69, -13.0, 9.0)",15.81,8,VISIBLE,-5.48,0.12
142,13,person,0.6872,556.97,346.94,630.24,480.0,593.6,413.47,73.27,133.06,9749.31,0.55,Vertical Oblong,Red,"(175, 210, 133)","(32.16, 29.0, 13.0)",31.78,13,VISIBLE,-5.44,0.02
142,14,person,0.6932,220.9,331.23,320.19,480.0,270.54,405.61,99.29,148.78,14771.63,0.67,Vertical Oblong,Red,"(175, 218, 177)","(45.1, 41.0, 25.0)",48.02,14,VISIBLE,-2.76,0.31
142,16,person,0.8132,-0.46,341.81,67.51,459.67,33.52,400.74,67.97,117.86,8011.27,0.58,Vertical Oblong,Red,"(175, 170, 159)","(40.0, 32.0, 18.0)",36.72,16,VISIBLE,-6.22,-0.98
142,3,person,0.2881,275.7,381.2,342.2,468.68,308.95,424.94,66.49,87.47,5816.49,0.76,Vertical Oblong,Green,"(48, 138, 158)","(54.12, 1.0, 21.0)",21.02,20,VISIBLE,3.44,-4.17
142,1,person,0.6028,286.89,340.35,427.81,480.0,357.35,410.18,140.92,139.65,19679.43,1.01,Spherical / Regular,Purple,"(150, 160, 151)","(37.65, 13.0, 14.0)",19.1,21,VISIBLE,-3.31,-1.65
142,7,person,0.8239,743.09,340.59,826.46,479.96,784.77,410.28,83.37,139.37,11619.54,0.6,Vertical Oblong,Cyan,"(95, 185, 160)","(54.9, -18.0, -16.0)",24.08,22,VISIBLE,-5.69,0.03
143,19,ball,0.8924,443.37,127.31,477.33,162.2,460.35,144.76,33.96,34.89,1184.92,0.97,Spherical / Regular,Green,"(42, 78, 164)","(64.71, -9.0, 20.0)",21.93,19,VISIBLE,-1.06,1.79
143,2,person,0.7398,435.07,364.37,489.56,475.69,462.32,420.03,54.49,111.32,6065.56,0.49,Vertical Oblong,Cyan,"(96, 149, 181)","(61.18, -5.0, -12.0)",13.0,2,VISIBLE,-1.94,-1.29
143,6,person,0.5702,510.06,318.88,588.11,473.81,549.08,396.34,78.05,154.92,12091.82,0.5,Vertical Oblong,Cyan,"(91, 158, 159)","(56.47, -15.0, 6.0)",16.16,8,VISIBLE,-6.74,-0.63
143,13,person,0.6844,550.86,346.48,625.58,480.0,588.22,413.24,74.72,133.52,9976.18,0.56,Vertical Oblong,Red,"(175, 211, 130)","(31.76, 28.0, 14.0)",31.3,13,VISIBLE,-5.4,-0.15
143,14,person,0.7312,217.75,332.17,316.25,480.0,267.0,406.09,98.5,147.83,14561.27,0.67,Vertical Oblong,Red,"(175, 220, 176)","(45.1, 38.0, 25.0)",45.49,14,VISIBLE,-3.31,0.42
143,16,person,0.8072,-3.5,340.16,61.75,459.56,29.13,399.86,65.26,119.4,7791.61,0.55,Vertical Oblong,Red,"(176, 194, 160)","(39.61, 38.0, 22.0)",43.91,16,VISIBLE,-4.95,-0.91
143,3,person,0.2881,274.75,377.4,341.59,468.1,308.17,422.75,66.84,90.7,6062.72,0.74,Vertical Oblong,Green,"(48, 144, 158)","(52.94, 4.0, 21.0)",21.38,20,VISIBLE,0.48,-2.78
143,1,person,0.7091,285.97,337.17,429.56,480.0,357.77,408.59,143.59,142.83,20508.92,1.01,Spherical / Regular,Purple,"(145, 161, 151)","(37.25, 13.0, 14.0)",19.1,21,VISIBLE,-0.7,-1.61
143,7,person,0.8298,738.37,340.38,819.86,479.97,779.11,410.18,81.49,139.59,11374.87,0.58,Vertical Oblong,Cyan,"(94, 188, 163)","(56.08, -18.0, -16.0)",24.08,22,VISIBLE,-5.67,-0.06
144,19,ball,0.8953,442.39,129.6,476.28,164.29,459.34,146.95,33.89,34.69,1175.42,0.98,Spherical / Regular,Green,"(43, 76, 191)","(72.55, -13.0, 21.0)",24.7,19,VISIBLE,-1.03,2.07
144,2,person,0.7392,432.47,362.08,486.22,474.45,459.34,418.27,53.75,112.37,6039.98,0.48,Vertical Oblong,Cyan,"(96, 149, 181)","(59.61, -4.0, -12.0)",12.65,2,VISIBLE,-2.66,-1.62
144,6,person,0.591,503.04,319.1,582.71,472.7,542.88,395.9,79.67,153.6,12236.91,0.52,Vertical Oblong,Cyan,"(91, 153, 158)","(56.08, -15.0, 4.0)",15.52,8,VISIBLE,-6.37,-0.5
144,13,person,0.6925,545.34,345.82,619.95,480.0,582.65,412.91,74.61,134.18,10010.97,0.56,Vertical Oblong,Red,"(174, 194, 128)","(32.55, 25.0, 11.0)",27.31,13,VISIBLE,-5.52,-0.28
144,14,person,0.7074,213.26,332.96,313.17,480.0,263.22,406.48,99.91,147.05,14691.06,0.68,Vertical Oblong,Red,"(175, 218, 172)","(44.71, 36.0, 23.0)",42.72,14,VISIBLE,-3.64,0.4
144,16,person,0.8145,-4.51,338.7,56.38,459.29,25.94,399.0,60.9,120.59,7343.75,0.5,Vertical Oblong,Red,"(176, 203, 160)","(39.22, 43.0, 24.0)",49.24,16,VISIBLE,-3.72,-0.88
144,1,person,0.7181,286.45,334.26,429.26,480.0,357.86,407.13,142.81,145.75,20813.47,0.98,Spherical / Regular,Purple,"(146, 161, 150)","(36.27, 13.0, 13.0)",18.38,21,VISIBLE,-0.15,-1.5
144,7,person,0.8358,733.36,339.85,813.65,479.98,773.51,409.91,80.3,140.13,11252.18,0.57,Vertical Oblong,Cyan,"(95, 184, 160)","(54.51, -18.0, -16.0)",24.08,22,VISIBLE,-5.63,-0.2
145,2,person,0.7914,430.24,359.76,484.87,473.64,457.56,416.7,54.62,113.88,6220.72,0.48,Vertical Oblong,Cyan,"(96, 140, 179)","(57.25, -6.0, -13.0)",14.32,2,VISIBLE,-2.05,-1.58
145,6,person,0.5315,495.49,319.54,582.23,474.65,538.86,397.1,86.75,155.11,13455.55,0.56,Vertical Oblong,Cyan,"(90, 159, 154)","(55.29, -16.0, 11.0)",19.42,8,VISIBLE,-4.72,0.69
145,13,person,0.7048,540.11,346.06,614.88,480.0,577.5,413.03,74.77,133.94,10014.36,0.56,Vertical Oblong,Red,"(168, 188, 122)","(31.37, 22.0, 11.0)",24.6,13,VISIBLE,-5.26,0.0
145,14,person,0.6177,207.04,333.95,309.91,480.0,258.48,406.98,102.86,146.05,15023.14,0.7,Vertical Oblong,Red,"(174, 210, 162)","(42.75, 32.0, 23.0)",39.41,14,VISIBLE,-4.41,0.47
145,16,person,0.8309,-4.73,336.93,51.22,459.27,23.25,398.1,55.95,122.33,6844.67,0.46,Vertical Oblong,Red,"(176, 213, 165)","(39.61, 43.0, 26.0)",50.25,16,VISIBLE,-3.0,-0.89
145,1,person,0.7055,284.26,331.25,434.8,479.83,359.53,405.54,150.55,148.58,22368.33,1.01,Spherical / Regular,Purple,"(135, 158, 154)","(37.25, 11.0, 12.0)",16.28,21,VISIBLE,1.13,-1.56
145,7,person,0.8403,728.17,339.47,807.77,479.99,767.97,409.73,79.61,140.52,11186.3,0.57,Vertical Oblong,Cyan,"(95, 179, 161)","(54.9, -18.0, -16.0)",24.08,22,VISIBLE,-5.56,-0.19
145,19,ball,0.7515,441.36,131.71,475.11,166.6,458.24,149.16,33.75,34.89,1177.28,0.97,Spherical / Regular,Yellow,"(34, 60, 208)","(81.96, -5.0, 15.0)",15.81,19,VISIBLE,-1.08,2.17
146,2,person,0.7835,428.23,357.49,482.08,472.73,455.16,415.11,53.86,115.24,6206.4,0.47,Vertical Oblong,Cyan,"(96, 140, 178)","(57.65, -5.0, -12.0)",13.0,2,VISIBLE,-2.3,-1.59
146,6,person,0.5942,488.04,323.3,577.74,476.88,532.89,400.09,89.69,153.58,13775.3,0.58,Vertical Oblong,Cyan,"(90, 159, 154)","(54.9, -18.0, 12.0)",21.63,8,VISIBLE,-5.6,2.3
146,13,person,0.6655,534.46,346.2,609.99,480.0,572.22,413.1,75.53,133.8,10106.63,0.56,Vertical Oblong,Pink,"(165, 189, 124)","(32.55, 21.0, 11.0)",23.71,13,VISIBLE,-5.27,0.05
146,14,person,0.6231,199.43,334.26,307.27,480.0,253.35,407.13,107.83,145.74,15715.82,0.74,Vertical Oblong,Blue,"(113, 182, 157)","(41.96, 24.0, 22.0)",32.56,14,VISIBLE,-4.91,0.25
146,16,person,0.8331,-4.3,335.1,46.55,459.69,21.13,397.4,50.84,124.59,6334.28,0.41,Vertical Oblong,Red,"(176, 214, 169)","(40.78, 44.0, 28.0)",52.15,16,VISIBLE,-2.38,-0.76
146,1,person,0.6822,281.78,328.48,437.99,479.75,359.89,404.12,156.22,151.27,23631.0,1.03,Spherical / Regular,Purple,"(129, 156, 152)","(36.47, 9.0, 11.5)",14.6,21,VISIBLE,0.59,-1.47
146,7,person,0.8298,723.1,338.63,801.7,480.0,762.4,409.31,78.6,141.37,11111.56,0.56,Vertical Oblong,Cyan,"(95, 182, 161)","(54.51, -18.0, -16.0)",24.08,22,VISIBLE,-5.57,-0.35
146,19,ball,0.7871,440.45,134.1,474.17,169.41,457.31,151.76,33.72,35.32,1191.08,0.95,Spherical / Regular,Yellow,"(35, 65, 205)","(81.18, -6.0, 17.0)",18.03,19,VISIBLE,-0.97,2.47
147,2,person,0.759,426.34,355.38,478.89,471.88,452.62,413.63,52.55,116.5,6121.7,0.45,Vertical Oblong,Cyan,"(95, 142, 180)","(60.0, -6.0, -12.0)",13.42,2,VISIBLE,-2.47,-1.51
147,6,person,0.5597,481.03,326.33,573.26,478.49,527.14,402.41,92.23,152.16,14034.32,0.61,Vertical Oblong,Green,"(84, 160, 151)","(54.51, -21.0, 14.0)",25.24,8,VISIBLE,-5.7,2.31
147,13,person,0.6549,528.86,345.78,604.55,480.0,566.71,412.89,75.69,134.22,10159.19,0.56,Vertical Oblong,Purple,"(125, 181, 124)","(33.73, 18.0, 10.0)",20.59,13,VISIBLE,-5.44,-0.13
147,14,person,0.5209,191.14,335.18,305.5,480.0,248.32,407.59,114.36,144.82,16561.25,0.79,Vertical Oblong,Blue,"(108, 151, 153)","(41.57, 15.0, 22.0)",26.63,14,VISIBLE,-4.99,0.4
147,16,person,0.804,-3.54,333.61,42.35,459.89,19.4,396.75,45.89,126.28,5795.16,0.36,Vertical Oblong,Red,"(175, 206, 169)","(41.57, 42.0, 28.0)",50.48,16,VISIBLE,-1.92,-0.68
147,1,person,0.6967,281.71,325.81,438.89,479.83,360.3,402.82,157.18,154.03,24209.21,1.02,Spherical / Regular,Purple,"(128, 155, 146)","(34.9, 9.0, 11.0)",14.21,21,VISIBLE,0.47,-1.35
147,7,person,0.8432,718.25,338.11,796.02,480.0,757.14,409.05,77.77,141.89,11034.67,0.55,Vertical Oblong,Cyan,"(95, 183, 162)","(54.9, -18.0, -15.0)",23.43,22,VISIBLE,-5.36,-0.29
147,19,ball,0.7818,439.66,136.86,473.33,172.26,456.49,154.56,33.67,35.4,1191.88,0.95,Spherical / Regular,Yellow,"(36, 49, 189)","(74.12, -3.0, 12.0)",12.37,19,VISIBLE,-0.86,2.7
148,2,person,0.7414,424.47,353.92,475.0,470.98,449.73,412.45,50.53,117.06,5915.17,0.43,Vertical Oblong,Cyan,"(95, 138, 180)","(61.18, -8.0, -12.0)",14.42,2,VISIBLE,-2.76,-1.28
148,6,person,0.6848,474.3,330.92,565.86,479.56,520.08,405.24,91.56,148.63,13608.85,0.62,Vertical Oblong,Green,"(64, 156, 151)","(54.51, -24.0, 15.0)",28.3,8,VISIBLE,-6.66,2.68
148,13,person,0.6592,524.05,345.65,599.92,480.0,561.98,412.82,75.87,134.35,10192.93,0.56,Vertical Oblong,Blue,"(122, 179, 124)","(33.73, 18.0, 9.0)",20.12,13,VISIBLE,-4.94,-0.09
148,14,person,0.5353,182.74,336.35,315.05,480.0,248.9,408.17,132.32,143.65,19007.21,0.92,Spherical / Regular,Blue,"(104, 144, 144)","(38.43, 11.0, 19.0)",21.95,14,VISIBLE,-1.1,0.53
148,16,person,0.7576,-2.7,332.0,38.42,460.73,17.86,396.36,41.13,128.74,5294.37,0.32,Vertical Oblong,Red,"(175, 193, 166)","(41.96, 37.0, 28.0)",46.4,16,VISIBLE,-1.66,-0.47
148,1,person,0.6991,283.9,323.56,436.08,479.49,359.99,401.52,152.18,155.93,23729.25,0.98,Spherical / Regular,Purple,"(131, 155, 141)","(33.33, 10.0, 12.0)",15.62,21,VISIBLE,-0.08,-1.31
148,7,person,0.8395,712.76,337.4,790.86,480.0,751.81,408.7,78.1,142.6,11137.26,0.55,Vertical Oblong,Cyan,"(95, 179, 160)","(54.12, -18.0, -16.0)",24.08,22,VISIBLE,-5.33,-0.33
148,19,ball,0.7568,438.93,139.8,472.83,174.99,455.88,157.39,33.89,35.19,1192.84,0.96,Spherical / Regular,Green,"(43, 66, 164)","(64.31, -7.0, 16.0)",17.46,19,VISIBLE,-0.69,2.8
149,2,person,0.7894,422.14,351.1,472.03,470.06,447.08,410.58,49.9,118.96,5935.63,0.42,Vertical Oblong,Cyan,"(94, 142, 185)","(60.0, -6.0, -12.0)",13.42,2,VISIBLE,-2.68,-1.69
149,6,person,0.6741,469.06,335.35,560.1,479.84,514.58,407.6,91.04,144.49,13154.47,0.63,Vertical Oblong,Green,"(63, 156, 153)","(54.12, -23.0, 15.0)",27.46,8,VISIBLE,-5.85,2.45
149,13,person,0.6866,518.38,346.03,595.33,480.0,556.85,413.02,76.95,133.97,10308.67,0.57,Vertical Oblong,Blue,"(109, 176, 132)","(36.47, 18.0, 12.0)",21.63,13,VISIBLE,-5.07,0.11
149,14,person,0.71,174.93,337.14,320.14,480.0,247.53,408.57,145.21,142.86,20745.51,1.02,Spherical / Regular,Blue,"(108, 134, 134)","(37.65, 7.0, 15.0)",16.55,14,VISIBLE,-1.28,0.44
149,16,person,0.679,-1.92,330.25,33.49,461.04,15.79,395.65,35.41,130.79,4631.16,0.27,Vertical Oblong,Red,"(174, 192, 165)","(40.39, 24.0, 22.0)",32.56,16,VISIBLE,-1.95,-0.65
149,1,person,0.702,282.1,320.5,434.64,479.53,358.37,400.01,152.54,159.03,24258.48,0.96,Spherical / Regular,Purple,"(133, 152, 146)","(34.51, 9.0, 11.0)",14.21,21,VISIBLE,-1.16,-1.45
149,7,person,0.8359,707.17,336.81,785.59,480.0,746.38,408.4,78.42,143.2,11229.61,0.55,Vertical Oblong,Cyan,"(95, 177, 160)","(54.12, -17.0, -16.0)",23.35,22,VISIBLE,-5.4,-0.31
149,19,ball,0.8132,438.27,142.87,472.11,178.09,455.19,160.48,33.85,35.23,1192.29,0.96,Spherical / Regular,Green,"(42, 68, 191)","(73.73, -7.0, 18.0)",19.31,19,VISIBLE,-0.69,3.0
150,2,person,0.8004,419.75,348.23,468.79,468.95,444.27,408.59,49.04,120.72,5920.13,0.41,Vertical Oblong,Cyan,"(95, 148, 187)","(60.39, -6.5, -12.0)",13.65,2,VISIBLE,-2.78,-1.9
150,6,person,0.6559,463.35,339.49,553.69,480.02,508.52,409.75,90.35,140.53,12696.36,0.64,Vertical Oblong,Green,"(51, 155, 155)","(54.9, -26.0, 16.0)",30.53,8,VISIBLE,-6.0,2.25
150,13,person,0.6991,516.26,346.56,590.86,480.0,553.56,413.28,74.61,133.44,9955.25,0.56,Vertical Oblong,Blue,"(108, 179, 138)","(38.04, 19.0, 14.0)",23.6,13,VISIBLE,-3.83,0.22
150,14,person,0.6024,169.21,337.27,321.51,480.0,245.36,408.64,152.29,142.73,21736.56,1.07,Spherical / Regular,Blue,"(106, 132, 139)","(38.82, 6.0, 14.0)",15.23,14,VISIBLE,-1.91,0.18
150,16,person,0.6087,-1.26,329.07,28.88,444.02,13.81,386.55,30.14,114.95,3464.58,0.26,Vertical Oblong,Red,"(175, 207, 176)","(39.22, 40.0, 15.0)",42.72,16,VISIBLE,-1.97,-6.56
150,1,person,0.7316,279.41,317.66,433.76,479.7,356.59,398.68,154.35,162.04,25010.67,0.95,Spherical / Regular,Purple,"(131, 150, 143)","(33.33, 8.0, 10.0)",12.81,21,VISIBLE,-1.6,-1.37
150,7,person,0.85,702.06,336.06,780.37,480.0,741.21,408.03,78.31,143.95,11272.43,0.54,Vertical Oblong,Cyan,"(95, 179, 157)","(53.73, -18.0, -16.0)",24.08,22,VISIBLE,-5.24,-0.35
150,19,ball,0.8364,437.48,146.18,471.65,181.29,454.56,163.74,34.18,35.11,1199.91,0.97,Spherical / Regular,Green,"(43, 74, 178)","(67.84, -11.0, 21.0)",23.71,19,VISIBLE,-0.64,3.18
