frame,master_track_id,class_name,state,frames_visible,frames_occluded,confidence_decay,centroid_x,centroid_y,velocity_x,velocity_y,color,area
2,1,person,VISIBLE,1,0,0.9118,771.29,360.19,0.0,0.0,Cyan,29094.9
2,2,person,VISIBLE,1,0,0.78,323.12,354.99,0.0,0.0,Blue,8019.23
2,3,person,VISIBLE,1,0,0.8086,206.67,344.25,0.0,0.0,Green,5217.05
2,4,person,VISIBLE,1,0,0.7266,54.57,345.6,0.0,0.0,Red,4078.3
2,5,person,VISIBLE,1,0,0.7116,559.94,349.21,0.0,0.0,Green,13286.06
2,6,person,VISIBLE,1,0,0.6678,512.01,352.96,0.0,0.0,Cyan,19262.27
3,1,person,VISIBLE,2,0,0.9092,768.9,360.37,-2.38,0.18,Cyan,30030.6
3,2,person,VISIBLE,2,0,0.7587,322.44,354.53,-0.69,-0.46,Blue,8189.57
3,3,person,VISIBLE,2,0,0.7955,202.45,344.04,-4.22,-0.21,Green,5300.55
3,4,person,VISIBLE,2,0,0.7436,51.12,345.07,-3.45,-0.52,Red,4022.32
3,5,person,VISIBLE,2,0,0.6737,556.34,350.82,-3.61,1.61,Green,13343.61
3,6,person,VISIBLE,2,0,0.6678,512.03,352.84,0.02,-0.12,Cyan,19286.31
4,1,person,VISIBLE,3,0,0.913,766.06,360.62,-2.71,0.23,Cyan,31080.17
4,2,person,VISIBLE,3,0,0.7797,320.94,354.46,-1.25,-0.19,Cyan,8722.75
4,3,person,VISIBLE,3,0,0.7835,197.03,343.46,-5.06,-0.48,Green,5296.27
4,4,person,VISIBLE,3,0,0.7511,47.09,344.85,-3.85,-0.31,Red,4006.4
4,5,person,VISIBLE,3,0,0.7287,551.82,353.5,-4.25,2.36,Green,13687.5
4,6,person,VISIBLE,3,0,0.6678,512.05,352.73,0.02,-0.12,Cyan,19310.32
5,1,person,VISIBLE,4,0,0.9093,763.05,360.47,-2.92,-0.04,Cyan,32035.08
5,2,person,VISIBLE,4,0,0.7354,321.93,353.67,0.31,-0.61,Blue,9267.18
5,3,person,VISIBLE,4,0,0.7756,190.08,342.31,-6.39,-0.94,Green,5456.75
5,4,person,VISIBLE,4,0,0.7697,42.23,344.29,-4.56,-0.48,Red,4059.81
5,5,person,VISIBLE,4,0,0.6057,542.49,354.56,-7.8,1.45,Green,14720.92
5,6,person,OCCLUDED,3,1,0.989,512.07,352.61,0.02,-0.12,Cyan,19310.32
6,1,person,VISIBLE,5,0,0.8963,760.07,360.14,-2.96,-0.24,Cyan,33102.37
6,2,person,VISIBLE,5,0,0.7338,322.21,352.65,0.29,-0.89,Blue,10025.67
6,3,person,VISIBLE,5,0,0.8088,183.37,341.45,-6.62,-0.89,Green,5518.52
6,4,person,VISIBLE,5,0,0.7857,37.54,343.64,-4.65,-0.6,Red,4169.38
6,5,person,VISIBLE,5,0,0.4869,536.15,354.71,-6.78,0.54,Green,14764.07
6,6,person,OCCLUDED,3,2,0.978,512.09,352.49,0.02,-0.12,Cyan,19310.32
7,1,person,VISIBLE,6,0,0.9002,756.97,359.85,-3.05,-0.28,Cyan,34164.29
7,2,person,VISIBLE,6,0,0.7932,321.17,351.73,-0.64,-0.92,Blue,11274.63
7,3,person,VISIBLE,6,0,0.7736,176.61,340.41,-6.72,-0.99,Green,5486.69
7,4,person,VISIBLE,6,0,0.7783,33.02,342.98,-4.56,-0.64,Pink,4334.89
7,5,person,VISIBLE,6,0,0.4569,521.43,346.69,-12.33,-5.45,Green,18385.91
7,6,person,OCCLUDED,3,3,0.967,512.11,352.38,0.02,-0.12,Cyan,19310.32
8,1,person,VISIBLE,7,0,0.8767,754.28,359.38,-2.8,-0.42,Cyan,35008.37
8,2,person,VISIBLE,7,0,0.8185,320.16,350.63,-0.9,-1.04,Blue,12609.8
8,3,person,VISIBLE,7,0,0.7635,170.47,339.54,-6.31,-0.91,Green,5477.11
8,4,person,VISIBLE,7,0,0.753,28.47,342.37,-4.55,-0.62,Pink,4573.48
8,5,person,VISIBLE,7,0,0.49,501.57,340.22,-17.61,-6.17,Cyan,17598.39
8,6,person,OCCLUDED,3,4,0.956,512.13,352.26,0.02,-0.12,Cyan,19310.32
9,1,person,VISIBLE,8,0,0.8816,752.65,358.96,-1.98,-0.42,Cyan,34733.66
9,2,person,VISIBLE,8,0,0.8113,321.61,350.15,0.74,-0.65,Blue,13217.18
9,3,person,VISIBLE,8,0,0.7693,164.59,338.57,-6.01,-0.95,Green,5575.06
9,4,person,VISIBLE,8,0,0.7124,27.08,341.99,-2.34,-0.46,Blue,5088.11
9,5,person,VISIBLE,8,0,0.5032,488.17,334.27,-14.66,-6.01,Cyan,16357.11
9,6,person,OCCLUDED,3,5,0.944,512.15,352.14,0.02,-0.12,Cyan,19310.32
10,1,person,VISIBLE,9,0,0.8905,750.5,358.36,-2.11,-0.55,Cyan,34156.38
10,2,person,VISIBLE,9,0,0.8251,323.05,349.16,1.24,-0.89,Blue,13352.06
10,3,person,VISIBLE,9,0,0.7792,158.56,337.64,-6.02,-0.94,Green,5720.7
10,4,person,VISIBLE,9,0,0.7515,25.39,341.52,-1.89,-0.46,Blue,5132.27
10,5,person,VISIBLE,9,0,0.5014,486.78,331.57,-5.37,-3.69,Green,17971.0
10,6,person,OCCLUDED,3,6,0.933,512.17,352.03,0.02,-0.12,Cyan,19310.32
10,7,person,VISIBLE,1,0,0.572,267.69,348.37,0.0,0.0,Cyan,2163.96
11,1,person,VISIBLE,10,0,0.8866,748.07,357.79,-2.33,-0.56,Cyan,33257.46
11,2,person,VISIBLE,10,0,0.8244,323.69,347.88,0.81,-1.17,Blue,13482.37
11,3,person,VISIBLE,10,0,0.76,153.19,337.19,-5.57,-0.6,Green,5918.68
11,4,person,VISIBLE,10,0,0.7799,23.6,341.33,-1.82,-0.28,Pink,5018.2
11,5,person,VISIBLE,10,0,0.4045,485.7,330.25,-2.37,-2.04,Green,18718.37
11,6,person,OCCLUDED,3,7,0.922,512.19,351.91,0.02,-0.12,Cyan,19310.32
11,7,person,VISIBLE,2,0,0.5852,265.26,348.23,-2.43,-0.14,Cyan,2204.95
12,1,person,VISIBLE,11,0,0.8988,745.54,357.18,-2.47,-0.59,Cyan,32065.25
12,2,person,VISIBLE,11,0,0.8136,322.8,346.87,-0.38,-1.05,Blue,13702.27
12,3,person,VISIBLE,11,0,0.7833,147.73,337.12,-5.49,-0.23,Green,6124.8
12,4,person,VISIBLE,11,0,0.7752,21.4,341.35,-2.09,-0.07,Red,4680.61
12,5,person,VISIBLE,11,0,0.7025,487.3,330.14,0.41,-0.69,Green,19642.02
12,6,person,OCCLUDED,3,8,0.911,512.21,351.79,0.02,-0.12,Cyan,19310.32
12,7,person,VISIBLE,3,0,0.6116,261.68,348.1,-3.24,-0.13,Cyan,2280.91
13,1,person,VISIBLE,12,0,0.8836,743.46,355.82,-2.2,-1.13,Cyan,30714.04
13,2,person,VISIBLE,12,0,0.8323,321.52,346.32,-1.01,-0.7,Green,13812.05
13,3,person,VISIBLE,12,0,0.7928,142.79,337.23,-5.11,0.01,Green,6346.43
13,4,person,VISIBLE,12,0,0.7655,19.53,341.74,-1.93,0.26,Red,4316.2
13,5,person,VISIBLE,12,0,0.7358,489.42,330.12,1.6,-0.22,Green,19752.4
13,6,person,OCCLUDED,3,9,0.9,512.23,351.68,0.02,-0.12,Cyan,19310.32
13,7,person,VISIBLE,4,0,0.5828,260.42,347.83,-1.85,-0.23,Cyan,2655.12
14,1,person,VISIBLE,13,0,0.8666,741.56,354.67,-1.99,-1.15,Cyan,29223.75
14,2,person,VISIBLE,13,0,0.8473,321.66,346.05,-0.2,-0.4,Green,13585.73
14,3,person,VISIBLE,13,0,0.7838,137.99,337.3,-4.89,0.05,Green,6553.56
14,4,person,VISIBLE,13,0,0.7516,17.01,341.99,-2.34,0.25,Red,3765.98
14,5,person,VISIBLE,13,0,0.7804,492.01,330.49,2.3,0.19,Green,20588.92
14,6,person,OCCLUDED,3,10,0.889,512.25,351.56,0.02,-0.12,Cyan,19310.32
14,7,person,VISIBLE,5,0,0.6778,254.2,347.57,-4.91,-0.25,Cyan,2540.81
15,1,person,VISIBLE,14,0,0.8186,738.01,353.45,-3.08,-1.19,Cyan,28000.59
15,2,person,VISIBLE,14,0,0.8353,321.67,345.82,-0.05,-0.28,Blue,13390.71
15,3,person,VISIBLE,14,0,0.7572,133.42,337.26,-4.67,-0.01,Green,6708.61
15,4,person,VISIBLE,14,0,0.7517,14.33,341.96,-2.58,0.05,Red,3152.51
15,5,person,VISIBLE,14,0,0.7677,494.83,330.19,2.66,-0.15,Green,22035.6
15,6,person,OCCLUDED,3,11,0.878,512.27,351.44,0.02,-0.12,Cyan,19310.32
15,7,person,VISIBLE,6,0,0.6803,248.4,347.39,-5.54,-0.2,Cyan,2480.38
16,1,person,VISIBLE,15,0,0.8266,733.62,352.05,-4.0,-1.34,Cyan,27568.76
16,2,person,VISIBLE,15,0,0.8317,321.76,345.63,0.05,-0.22,Blue,12985.6
16,3,person,VISIBLE,15,0,0.7656,129.09,337.28,-4.43,0.01,Green,6882.85
16,4,person,VISIBLE,15,0,0.7369,12.07,342.04,-2.36,0.07,Red,2606.26
16,5,person,VISIBLE,15,0,0.748,496.42,329.39,1.91,-0.61,Green,23798.84
16,6,person,OCCLUDED,3,12,0.867,512.29,351.33,0.02,-0.12,Cyan,19310.32
16,7,person,VISIBLE,7,0,0.6898,243.79,347.17,-4.88,-0.21,Cyan,2450.75
17,1,person,VISIBLE,16,0,0.8332,724.66,350.15,-7.47,-1.73,Cyan,26918.26
17,2,person,VISIBLE,16,0,0.8406,323.65,345.0,1.33,-0.51,Purple,12517.31
17,3,person,VISIBLE,16,0,0.7297,125.03,337.04,-4.17,-0.16,Green,7130.16
17,4,person,VISIBLE,16,0,0.6643,9.94,341.66,-2.2,-0.24,Red,2092.07
17,5,person,VISIBLE,16,0,0.7758,500.12,327.69,3.16,-1.37,Blue,27266.28
17,6,person,OCCLUDED,3,13,0.856,512.31,351.21,0.02,-0.12,Cyan,19310.32
17,7,person,VISIBLE,8,0,0.6351,238.44,346.25,-5.21,-0.71,Cyan,2480.17
18,1,person,VISIBLE,17,0,0.8507,715.95,348.39,-8.34,-1.75,Cyan,26632.54
18,2,person,VISIBLE,17,0,0.848,325.19,344.46,1.48,-0.53,Purple,11712.5
18,3,person,VISIBLE,17,0,0.5001,121.53,337.01,-3.7,-0.07,Green,7070.83
18,4,person,VISIBLE,17,0,0.5562,8.08,341.25,-1.95,-0.37,Red,1651.45
18,5,person,VISIBLE,17,0,0.7002,502.53,326.1,2.64,-1.52,Cyan,31037.46
18,6,person,OCCLUDED,3,14,0.844,512.33,351.09,0.02,-0.12,Cyan,19310.32
18,7,person,VISIBLE,9,0,0.6201,233.62,345.5,-4.94,-0.74,Cyan,2420.39
19,1,person,VISIBLE,18,0,0.8487,707.73,346.49,-8.26,-1.86,Cyan,26424.42
19,2,person,VISIBLE,18,0,0.8388,327.25,344.02,1.89,-0.46,Purple,10686.97
19,3,person,VISIBLE,18,0,0.4745,119.79,336.81,-2.33,-0.16,Green,6902.15
19,4,person,VISIBLE,18,0,0.5562,5.88,341.07,-2.13,-0.23,Pink,1219.15
19,5,person,VISIBLE,18,0,0.7641,503.61,324.79,1.54,-1.38,Cyan,34716.12
19,6,person,OCCLUDED,3,15,0.833,512.35,350.98,0.02,-0.12,Cyan,19310.32
19,7,person,VISIBLE,10,0,0.6864,229.1,344.71,-4.65,-0.78,Cyan,2388.97
20,1,person,VISIBLE,19,0,0.8618,699.78,344.73,-8.05,-1.79,Cyan,26769.66
20,2,person,VISIBLE,19,0,0.8218,329.09,343.76,1.85,-0.32,Purple,9479.34
20,3,person,VISIBLE,19,0,0.554,120.32,336.62,-0.32,-0.19,Green,6120.51
20,4,person,VISIBLE,19,0,0.5562,3.68,340.89,-2.18,-0.2,Pink,785.82
20,5,person,VISIBLE,19,0,0.7767,504.27,323.81,0.93,-1.09,Green,37880.94
20,6,person,VISIBLE,4,0,0.3039,455.12,340.39,-2.48,-0.57,Green,11578.17
20,7,person,VISIBLE,11,0,0.6602,224.94,344.15,-4.3,-0.62,Cyan,2350.31
21,1,person,VISIBLE,20,0,0.8706,689.84,343.19,-9.37,-1.61,Cyan,26378.02
21,2,person,VISIBLE,20,0,0.817,330.24,343.8,1.36,-0.07,Red,8130.93
21,3,person,VISIBLE,20,0,0.5308,117.62,336.97,-1.99,0.19,Green,6198.35
21,4,person,VISIBLE,20,0,0.5562,1.46,340.7,-2.2,-0.19,Green,351.46
21,5,person,VISIBLE,20,0,0.8819,506.18,322.67,1.61,-1.13,Green,40072.79
21,6,person,VISIBLE,5,0,0.5354,453.54,335.07,-1.85,-3.9,Cyan,10435.87
21,7,person,VISIBLE,12,0,0.6594,221.03,343.53,-4.03,-0.62,Cyan,2307.65
22,1,person,VISIBLE,21,0,0.8648,680.72,341.88,-9.19,-1.41,Cyan,26378.19
22,2,person,VISIBLE,21,0,0.7966,331.63,343.47,1.38,-0.25,Red,7185.22
22,3,person,VISIBLE,21,0,0.6564,114.39,337.12,-2.86,0.16,Cyan,6316.63
22,4,person,VISIBLE,21,0,0.5562,-0.68,340.53,-2.16,-0.18,Neutral,96.0
22,5,person,VISIBLE,21,0,0.8761,507.53,321.65,1.43,-1.05,Green,41656.12
22,6,person,VISIBLE,6,0,0.6228,450.72,330.27,-2.53,-4.53,Cyan,9726.94
22,7,person,VISIBLE,13,0,0.6322,216.74,343.12,-4.22,-0.48,Cyan,2302.77
23,1,person,VISIBLE,22,0,0.8433,672.2,340.63,-8.72,-1.29,Cyan,26686.75
23,2,person,VISIBLE,22,0,0.7573,333.75,342.67,1.9,-0.64,Pink,6716.63
23,3,person,VISIBLE,22,0,0.72,110.76,337.23,-3.4,0.12,Cyan,6370.63
23,4,person,VISIBLE,22,0,0.5562,-2.95,340.35,-2.23,-0.18,Neutral,520.32
23,5,person,VISIBLE,22,0,0.8625,508.33,320.23,0.99,-1.31,Green,42812.71
23,6,person,VISIBLE,7,0,0.5712,446.73,328.56,-3.56,-2.55,Green,9765.11
23,7,person,VISIBLE,14,0,0.583,212.55,342.67,-4.19,-0.45,Cyan,2371.83
24,1,person,VISIBLE,23,0,0.8014,664.61,339.14,-7.93,-1.43,Cyan,27406.92
24,2,person,VISIBLE,23,0,0.7792,335.98,341.68,2.13,-0.88,Pink,6603.05
24,3,person,VISIBLE,23,0,0.678,109.51,337.39,-1.89,0.15,Cyan,5849.78
24,4,person,OCCLUDED,22,1,0.989,-5.18,340.17,-2.23,-0.18,Neutral,520.32
24,5,person,VISIBLE,23,0,0.834,508.48,318.56,0.4,-1.56,Green,43787.22
24,6,person,VISIBLE,8,0,0.5055,443.3,329.12,-3.46,-0.38,Green,10234.22
24,7,person,VISIBLE,15,0,0.6385,207.81,342.45,-4.58,-0.29,Green,2608.83
25,1,person,VISIBLE,24,0,0.8407,657.18,338.25,-7.58,-1.06,Green,28076.05
25,2,person,VISIBLE,24,0,0.7846,337.69,340.53,1.83,-1.07,Purple,6645.67
25,3,person,VISIBLE,24,0,0.7426,107.06,337.68,-2.28,0.25,Cyan,5829.23
25,4,person,OCCLUDED,22,2,0.978,-7.41,339.99,-2.23,-0.18,Neutral,520.32
25,5,person,VISIBLE,24,0,0.7679,514.12,317.56,4.07,-1.17,Green,42105.19
25,6,person,VISIBLE,9,0,0.6254,439.12,332.88,-3.96,2.52,Green,10371.27
25,7,person,VISIBLE,16,0,0.64,205.61,342.1,-2.91,-0.33,Green,2428.47
26,1,person,VISIBLE,25,0,0.8293,650.64,337.22,-6.85,-1.04,Green,28562.22
26,2,person,VISIBLE,25,0,0.789,339.78,339.68,2.02,-0.92,Purple,7129.32
26,3,person,VISIBLE,25,0,0.7306,104.0,337.54,-2.83,-0.02,Cyan,5569.13
26,4,person,OCCLUDED,22,3,0.967,-9.65,339.81,-2.23,-0.18,Neutral,520.32
26,5,person,VISIBLE,25,0,0.7641,520.59,316.51,5.74,-1.08,Green,39691.73
26,6,person,VISIBLE,10,0,0.689,436.38,333.45,-3.11,1.15,Cyan,11258.02
26,7,person,VISIBLE,17,0,0.6598,203.17,341.41,-2.58,-0.58,Cyan,2331.21
27,1,person,VISIBLE,26,0,0.834,645.17,336.39,-5.88,-0.89,Green,29178.21
27,2,person,VISIBLE,26,0,0.8085,342.89,338.44,2.78,-1.14,Purple,8133.78
27,3,person,VISIBLE,26,0,0.7422,101.18,337.24,-2.83,-0.22,Cyan,5331.99
27,4,person,OCCLUDED,22,4,0.956,-11.88,339.63,-2.23,-0.18,Neutral,520.32
27,5,person,VISIBLE,26,0,0.8372,526.99,315.02,6.21,-1.37,Green,37115.23
27,6,person,VISIBLE,11,0,0.7767,434.34,334.9,-2.36,1.36,Cyan,11954.75
27,7,person,VISIBLE,18,0,0.655,200.63,341.01,-2.55,-0.45,Cyan,2223.09
28,1,person,VISIBLE,27,0,0.8487,640.86,335.64,-4.79,-0.8,Green,29638.81
28,2,person,VISIBLE,27,0,0.83,346.43,337.26,3.31,-1.17,Purple,9384.85
28,3,person,VISIBLE,27,0,0.7414,98.28,336.91,-2.87,-0.3,Cyan,5037.07
28,4,person,OCCLUDED,22,5,0.944,-14.12,339.45,-2.23,-0.18,Neutral,520.32
28,5,person,VISIBLE,27,0,0.8343,532.38,314.05,5.63,-1.09,Green,34787.54
28,6,person,VISIBLE,12,0,0.8111,432.9,336.66,-1.71,1.64,Cyan,12682.39
28,7,person,VISIBLE,19,0,0.6603,197.93,340.65,-2.66,-0.38,Cyan,2141.13
29,1,person,VISIBLE,28,0,0.8196,636.87,334.82,-4.23,-0.81,Green,30372.35
29,2,person,VISIBLE,28,0,0.7978,349.77,336.37,3.33,-0.98,Purple,10912.38
29,3,person,VISIBLE,28,0,0.7793,96.31,336.26,-2.24,-0.54,Cyan,4895.36
29,4,person,OCCLUDED,22,6,0.933,-16.35,339.27,-2.23,-0.18,Neutral,520.32
29,5,person,VISIBLE,28,0,0.7834,530.83,313.63,0.61,-0.62,Green,35120.55
29,6,person,VISIBLE,13,0,0.7673,434.25,338.65,0.42,1.89,Cyan,14037.19
29,7,person,VISIBLE,20,0,0.6423,195.29,340.12,-2.65,-0.49,Cyan,2136.71
30,1,person,VISIBLE,29,0,0.8258,633.45,334.0,-3.66,-0.82,Green,31004.57
30,2,person,VISIBLE,29,0,0.7934,350.88,334.64,1.78,-1.5,Purple,11516.03
30,3,person,VISIBLE,29,0,0.7637,93.5,335.0,-2.64,-1.05,Cyan,4767.27
30,4,person,OCCLUDED,22,7,0.922,-18.58,339.09,-2.23,-0.18,Neutral,520.32
30,5,person,VISIBLE,29,0,0.8052,536.14,313.39,3.9,-0.35,Green,32480.23
30,6,person,VISIBLE,14,0,0.8195,435.48,339.75,0.99,1.34,Cyan,15064.81
30,7,person,VISIBLE,21,0,0.6065,192.59,339.11,-2.68,-0.86,Cyan,2078.94
31,1,person,VISIBLE,30,0,0.8517,631.0,332.98,-2.81,-0.96,Green,31334.75
31,2,person,VISIBLE,30,0,0.7922,352.73,333.32,1.82,-1.38,Purple,12205.28
31,3,person,VISIBLE,30,0,0.7354,90.65,333.79,-2.79,-1.16,Cyan,4655.23
31,4,person,OUT_OF_BOUNDS,22,8,0.911,-20.82,338.91,-2.23,-0.18,Neutral,520.32
31,5,person,VISIBLE,30,0,0.8392,540.14,313.69,3.97,0.1,Green,30132.71
31,6,person,VISIBLE,15,0,0.8267,436.93,339.96,1.31,0.55,Cyan,15989.13
31,7,person,VISIBLE,22,0,0.621,189.93,337.97,-2.67,-1.05,Cyan,2101.75
32,1,person,VISIBLE,31,0,0.8551,629.25,332.69,-2.07,-0.49,Green,31800.2
32,2,person,VISIBLE,31,0,0.7808,354.32,332.25,1.66,-1.16,Purple,12553.9
32,3,person,VISIBLE,31,0,0.7409,87.8,332.78,-2.83,-1.06,Green,4612.06
32,4,person,OUT_OF_BOUNDS,22,9,0.9,-23.05,338.73,-2.23,-0.18,Neutral,520.32
32,5,person,VISIBLE,31,0,0.8022,541.87,314.87,2.4,0.85,Green,28401.93
32,6,person,VISIBLE,16,0,0.8291,436.62,339.06,0.18,-0.47,Green,16223.31
32,7,person,VISIBLE,23,0,0.5902,187.36,336.38,-2.6,-1.42,Cyan,2092.25
33,1,person,VISIBLE,32,0,0.8671,628.55,332.38,-1.11,-0.36,Green,32586.44
33,2,person,VISIBLE,32,0,0.749,357.25,332.24,2.55,-0.36,Purple,12899.96
33,3,person,VISIBLE,32,0,0.784,85.14,331.56,-2.71,-1.17,Green,4667.64
33,4,person,OUT_OF_BOUNDS,22,10,0.889,-25.29,338.55,-2.23,-0.18,Neutral,520.32
33,5,person,VISIBLE,32,0,0.8281,541.41,316.5,0.4,1.4,Green,26276.4
33,6,person,VISIBLE,17,0,0.7941,436.13,337.09,-0.28,-1.52,Green,16128.23
33,7,person,VISIBLE,24,0,0.592,185.13,335.12,-2.34,-1.31,Cyan,2131.9
34,1,person,VISIBLE,33,0,0.8657,628.43,332.25,-0.42,-0.2,Green,33266.09
34,2,person,VISIBLE,33,0,0.7554,360.09,332.94,2.75,0.38,Purple,12729.3
34,3,person,VISIBLE,33,0,0.7792,82.81,329.97,-2.44,-1.47,Green,4824.58
34,4,person,OUT_OF_BOUNDS,22,11,0.878,-27.52,338.37,-2.23,-0.18,Neutral,520.32
34,5,person,VISIBLE,33,0,0.8339,540.15,318.88,-0.76,2.09,Green,24690.35
34,6,person,VISIBLE,18,0,0.7967,435.65,336.14,-0.42,-1.12,Green,16463.71
34,7,person,VISIBLE,25,0,0.644,183.37,333.91,-1.94,-1.24,Cyan,2178.08
35,1,person,VISIBLE,34,0,0.8656,630.33,331.62,1.2,-0.5,Green,33130.25
35,2,person,VISIBLE,34,0,0.7725,360.99,332.99,1.46,0.15,Purple,12619.93
35,3,person,VISIBLE,34,0,0.7909,81.22,328.06,-1.85,-1.78,Green,5061.71
35,4,person,OUT_OF_BOUNDS,22,12,0.867,-29.75,338.19,-2.23,-0.18,Neutral,520.32
35,5,person,VISIBLE,34,0,0.8247,537.99,321.31,-1.74,2.33,Blue,23240.78
35,6,person,VISIBLE,19,0,0.8077,435.12,335.39,-0.5,-0.86,Green,16837.37
35,7,person,VISIBLE,26,0,0.6114,181.52,332.66,-1.87,-1.25,Green,2182.61
35,9,ball,VISIBLE,1,0,0.3141,420.06,398.97,0.0,0.0,Green,974.94
36,1,person,VISIBLE,35,0,0.8759,632.89,331.47,2.15,-0.26,Green,32618.52
36,2,person,VISIBLE,35,0,0.7544,361.14,333.3,0.55,0.27,Purple,12615.53
36,3,person,VISIBLE,35,0,0.7753,80.47,326.47,-1.07,-1.64,Green,5291.06
36,4,person,OUT_OF_BOUNDS,22,13,0.856,-31.99,338.01,-2.23,-0.18,Neutral,520.32
36,5,person,VISIBLE,35,0,0.8189,534.57,323.09,-2.92,1.95,Blue,21301.42
36,6,person,VISIBLE,20,0,0.8213,434.59,334.87,-0.52,-0.63,Green,17310.7
36,7,person,VISIBLE,27,0,0.6133,179.94,331.48,-1.67,-1.2,Green,2199.34
36,9,ball,VISIBLE,2,0,0.4244,418.31,399.56,-1.75,0.6,Green,907.7
37,1,person,VISIBLE,36,0,0.8502,635.75,332.08,2.65,0.36,Green,31622.16
37,2,person,VISIBLE,36,0,0.6755,361.19,336.04,0.2,1.99,Purple,13747.2
37,3,person,VISIBLE,36,0,0.7785,80.89,325.04,-0.03,-1.49,Green,5613.03
37,4,person,OUT_OF_BOUNDS,22,14,0.844,-34.22,337.83,-2.23,-0.18,Neutral,520.32
37,5,person,VISIBLE,36,0,0.794,533.02,324.63,-1.95,1.66,Blue,19663.88
37,6,person,VISIBLE,21,0,0.8133,434.22,333.38,-0.42,-1.23,Green,18031.45
37,7,person,VISIBLE,28,0,0.6296,179.12,329.73,-1.07,-1.59,Green,2296.28
37,9,ball,VISIBLE,3,0,0.4244,417.68,399.78,-0.97,0.33,Yellow,885.13
38,1,person,VISIBLE,37,0,0.8686,638.45,332.49,2.69,0.39,Green,30364.64
38,2,person,VISIBLE,37,0,0.64,358.83,335.87,-1.59,0.48,Pink,14079.43
38,3,person,VISIBLE,37,0,0.7822,81.38,323.85,0.33,-1.28,Green,5855.76
38,4,person,OUT_OF_BOUNDS,22,15,0.833,-36.46,337.65,-2.23,-0.18,Neutral,520.32
38,5,person,VISIBLE,37,0,0.8048,533.16,325.89,-0.49,1.38,Blue,18417.81
38,6,person,VISIBLE,22,0,0.8055,434.1,331.67,-0.21,-1.56,Cyan,18812.03
38,7,person,VISIBLE,29,0,0.6459,178.91,328.03,-0.47,-1.66,Green,2409.14
38,9,ball,VISIBLE,4,0,0.4231,414.24,401.74,-2.7,1.47,Yellow,914.76
39,1,person,VISIBLE,38,0,0.8712,640.58,332.77,2.29,0.32,Green,28993.64
39,2,person,VISIBLE,38,0,0.659,359.99,339.11,0.33,2.41,Cyan,16352.16
39,3,person,VISIBLE,38,0,0.778,81.75,322.66,0.36,-1.21,Green,6037.7
39,4,person,OUT_OF_BOUNDS,22,16,0.822,-38.69,337.47,-2.23,-0.18,Neutral,520.32
39,5,person,VISIBLE,38,0,0.7695,534.12,326.27,0.52,0.68,Blue,17930.14
39,6,person,VISIBLE,23,0,0.8053,434.72,329.65,0.37,-1.88,Cyan,19345.88
39,7,person,VISIBLE,30,0,0.6587,178.94,326.45,-0.12,-1.6,Cyan,2522.04
39,9,ball,VISIBLE,5,0,0.4398,410.91,402.73,-3.14,1.13,Green,933.9
40,1,person,VISIBLE,39,0,0.8434,641.83,333.24,1.57,0.42,Green,28119.6
40,2,person,VISIBLE,39,0,0.7113,357.61,337.72,-1.57,-0.25,Green,16475.1
40,3,person,VISIBLE,39,0,0.79,82.45,321.62,0.6,-1.1,Green,6174.68
40,4,person,OUT_OF_BOUNDS,22,17,0.811,-40.92,337.3,-2.23,-0.18,Neutral,520.32
40,5,person,VISIBLE,39,0,0.7941,536.95,326.6,2.14,0.43,Purple,17851.59
40,6,person,VISIBLE,24,0,0.8041,435.33,328.2,0.54,-1.58,Cyan,19970.7
40,7,person,VISIBLE,31,0,0.6533,179.07,325.3,0.06,-1.29,Green,2553.37
40,9,ball,VISIBLE,6,0,0.5769,407.51,401.8,-3.32,-0.31,Green,973.01
41,1,person,VISIBLE,40,0,0.8319,643.38,333.83,1.56,0.54,Green,27444.35
41,2,person,VISIBLE,40,0,0.6862,356.57,332.73,-1.19,-3.57,Blue,15978.37
41,3,person,VISIBLE,40,0,0.7923,84.57,320.57,1.66,-1.06,Green,6369.73
41,4,person,OUT_OF_BOUNDS,22,18,0.8,-43.16,337.12,-2.23,-0.18,Neutral,520.32
41,5,person,VISIBLE,40,0,0.8256,542.45,326.41,4.49,-0.0,Purple,18832.95
41,6,person,VISIBLE,25,0,0.7934,436.69,326.45,1.12,-1.7,Green,20790.79
41,7,person,VISIBLE,32,0,0.6689,179.5,324.23,0.32,-1.14,Cyan,2564.74
41,9,ball,VISIBLE,7,0,0.4211,404.48,400.4,-3.12,-1.07,Green,980.62
42,1,person,VISIBLE,41,0,0.8137,644.62,334.05,1.33,0.31,Green,27008.21
42,2,person,VISIBLE,41,0,0.7819,357.35,328.94,0.19,-3.73,Cyan,15998.73
42,3,person,VISIBLE,41,0,0.8084,87.13,319.19,2.29,-1.28,Green,6641.49
42,4,person,OUT_OF_BOUNDS,22,19,0.789,-45.39,336.94,-2.23,-0.18,Neutral,520.32
42,5,person,VISIBLE,41,0,0.8227,548.75,325.76,5.75,-0.45,Purple,20021.2
42,6,person,VISIBLE,26,0,0.8029,437.75,324.62,1.07,-1.79,Green,21581.91
42,7,person,VISIBLE,33,0,0.6719,180.25,323.3,0.62,-0.99,Cyan,2576.14
42,9,ball,VISIBLE,8,0,0.377,401.61,399.05,-2.95,-1.27,Yellow,1003.88
43,1,person,VISIBLE,42,0,0.8022,645.43,333.8,0.97,-0.08,Green,26828.45
43,2,person,VISIBLE,42,0,0.7728,360.51,326.68,2.27,-2.7,Blue,16690.83
43,3,person,VISIBLE,42,0,0.8327,89.78,317.77,2.54,-1.38,Green,6897.49
43,4,person,OUT_OF_BOUNDS,22,20,0.778,-47.63,336.76,-2.23,-0.18,Neutral,520.32
43,5,person,VISIBLE,42,0,0.8095,556.34,325.89,7.04,-0.05,Cyan,21600.16
43,6,person,VISIBLE,27,0,0.7836,438.49,323.61,0.84,-1.25,Green,22021.06
43,7,person,VISIBLE,34,0,0.6695,181.43,322.4,1.01,-0.93,Cyan,2609.66
43,9,ball,VISIBLE,9,0,0.3429,399.31,397.41,-2.49,-1.53,Yellow,986.41
44,1,person,VISIBLE,43,0,0.7626,645.27,333.25,0.18,-0.4,Green,27162.86
44,2,person,VISIBLE,43,0,0.7481,363.76,326.25,2.96,-1.11,Cyan,17823.39
44,3,person,VISIBLE,43,0,0.8064,92.62,316.25,2.75,-1.48,Green,7214.65
44,4,person,OUT_OF_BOUNDS,22,21,0.767,-49.86,336.58,-2.23,-0.18,Neutral,520.32
44,5,person,VISIBLE,43,0,0.7803,563.89,326.27,7.4,0.25,Cyan,23028.63
44,6,person,VISIBLE,28,0,0.7998,437.77,322.67,-0.25,-1.04,Green,22364.01
44,7,person,VISIBLE,35,0,0.6469,182.8,321.53,1.26,-0.89,Cyan,2628.82
44,9,ball,VISIBLE,10,0,0.4318,397.63,395.72,-1.92,-1.64,Green,972.91
45,1,person,VISIBLE,44,0,0.588,644.5,331.55,-0.49,-1.32,Green,27720.36
45,2,person,VISIBLE,44,0,0.744,369.38,328.23,4.81,1.06,Cyan,19357.53
45,3,person,VISIBLE,44,0,0.8262,96.63,314.91,3.63,-1.38,Green,7531.29
45,4,person,OUT_OF_BOUNDS,22,22,0.756,-52.1,336.4,-2.23,-0.18,Neutral,520.32
45,5,person,VISIBLE,44,0,0.5824,570.8,327.09,7.05,0.65,Cyan,24007.62
45,6,person,VISIBLE,29,0,0.7921,438.13,321.58,0.18,-1.07,Green,23163.58
45,7,person,VISIBLE,36,0,0.6722,185.11,320.58,2.0,-0.93,Green,2675.8
45,9,ball,VISIBLE,11,0,0.3119,396.62,393.98,-1.28,-1.71,Green,951.48
46,1,person,VISIBLE,45,0,0.4673,633.46,330.68,-7.87,-1.0,Green,24281.45
46,2,person,VISIBLE,45,0,0.7422,371.69,327.11,3.06,-0.47,Green,18933.29
46,3,person,VISIBLE,45,0,0.767,100.77,313.57,3.98,-1.35,Green,7827.29
46,4,person,OUT_OF_BOUNDS,22,23,0.744,-54.33,336.22,-2.23,-0.18,Neutral,520.32
46,5,person,VISIBLE,45,0,0.5125,568.12,325.98,0.25,-0.58,Cyan,20931.72
46,6,person,VISIBLE,30,0,0.7694,438.17,320.61,0.08,-1.0,Green,23398.85
46,7,person,VISIBLE,37,0,0.6268,187.86,319.72,2.52,-0.89,Cyan,2763.54
46,9,ball,VISIBLE,12,0,0.5375,395.88,392.57,-0.91,-1.5,Green,970.26
47,1,person,VISIBLE,46,0,0.5157,624.24,329.68,-8.82,-1.0,Green,22263.57
47,2,person,VISIBLE,46,0,0.7693,373.17,325.87,1.96,-1.01,Green,18171.61
47,3,person,VISIBLE,46,0,0.7983,105.19,312.6,4.3,-1.09,Green,8054.59
47,4,person,OUT_OF_BOUNDS,22,24,0.733,-56.56,336.04,-2.23,-0.18,Neutral,520.32
47,5,person,VISIBLE,46,0,0.3863,567.15,325.52,-0.61,-0.49,Cyan,18616.41
47,6,person,VISIBLE,31,0,0.7631,438.26,319.68,0.09,-0.95,Green,23283.29
47,7,person,VISIBLE,38,0,0.6541,191.27,318.5,3.15,-1.11,Cyan,2771.91
47,9,ball,VISIBLE,13,0,0.5413,394.87,391.72,-0.98,-1.05,Green,985.75
47,10,person,VISIBLE,1,0,0.4255,664.87,342.42,0.0,0.0,Green,16945.04
48,1,person,VISIBLE,47,0,0.5701,611.68,328.0,-11.43,-1.48,Green,25127.62
48,2,person,VISIBLE,47,0,0.7579,374.8,324.83,1.73,-1.03,Green,17316.57
48,3,person,VISIBLE,47,0,0.7777,109.77,312.14,4.49,-0.64,Green,8224.21
48,4,person,OUT_OF_BOUNDS,22,25,0.722,-58.8,335.86,-2.23,-0.18,Neutral,520.32
48,5,person,VISIBLE,47,0,0.3863,569.4,325.41,1.39,-0.22,Cyan,17837.01
48,6,person,VISIBLE,32,0,0.7695,438.88,318.71,0.45,-0.96,Green,23025.71
48,7,person,VISIBLE,39,0,0.6965,194.43,317.73,3.15,-0.88,Cyan,2779.95
48,9,ball,VISIBLE,14,0,0.5413,393.37,390.56,-1.34,-1.13,Green,990.24
48,10,person,VISIBLE,2,0,0.4317,664.73,342.64,-0.13,0.22,Green,16847.54
49,1,person,VISIBLE,48,0,0.5683,611.75,325.86,-3.38,-1.94,Cyan,23804.52
49,2,person,VISIBLE,48,0,0.6874,378.6,324.28,3.18,-0.69,Green,16593.87
49,3,person,VISIBLE,48,0,0.7316,114.6,312.25,4.73,-0.12,Green,8388.95
49,4,person,OUT_OF_BOUNDS,22,26,0.711,-61.03,335.68,-2.23,-0.18,Neutral,520.32
49,5,person,VISIBLE,48,0,0.3863,571.65,325.31,1.99,-0.14,Cyan,17072.48
49,6,person,VISIBLE,33,0,0.808,440.72,318.24,1.43,-0.62,Green,22549.32
49,7,person,VISIBLE,40,0,0.7172,198.18,317.56,3.57,-0.38,Cyan,2812.82
49,9,ball,VISIBLE,15,0,0.5925,394.27,390.6,0.23,-0.31,Green,992.82
49,10,person,VISIBLE,3,0,0.3673,666.17,342.74,0.97,0.13,Green,16268.03
50,1,person,VISIBLE,49,0,0.51,612.92,323.66,-0.19,-2.12,Cyan,23673.48
50,2,person,VISIBLE,49,0,0.5978,384.49,325.9,5.08,0.93,Green,17069.4
50,3,person,VISIBLE,49,0,0.5518,119.31,312.68,4.72,0.26,Green,8365.89
50,4,person,OUT_OF_BOUNDS,22,27,0.7,-63.27,335.5,-2.23,-0.18,Neutral,520.32
50,5,person,VISIBLE,49,0,0.3863,573.89,325.2,2.17,-0.12,Cyan,16322.82
50,6,person,VISIBLE,34,0,0.8165,441.9,318.36,1.25,-0.1,Green,21524.08
50,7,person,VISIBLE,41,0,0.6704,202.57,317.45,4.15,-0.2,Cyan,2789.08
50,9,ball,VISIBLE,16,0,0.4232,394.91,391.04,0.51,0.22,Green,1012.65
50,10,person,VISIBLE,4,0,0.4108,667.17,342.27,0.99,-0.28,Green,15339.12
50,11,person,VISIBLE,1,0,0.695,19.57,299.89,0.0,0.0,Purple,8651.4
51,1,person,VISIBLE,50,0,0.5453,616.53,321.95,2.47,-1.83,Green,24519.67
51,2,person,VISIBLE,50,0,0.5978,387.9,325.75,3.91,0.17,Green,16987.91
51,3,person,VISIBLE,50,0,0.6835,124.66,312.81,5.15,0.17,Green,8136.35
51,4,person,OUT_OF_BOUNDS,22,28,0.689,-65.5,335.32,-2.23,-0.18,Neutral,520.32
51,5,person,VISIBLE,50,0,0.3863,576.14,325.09,2.23,-0.11,Cyan,15588.01
51,6,person,VISIBLE,35,0,0.8146,442.89,318.52,1.07,0.09,Green,20274.89
51,7,person,VISIBLE,42,0,0.7026,207.19,317.73,4.48,0.14,Green,2832.68
51,9,ball,VISIBLE,17,0,0.5309,395.67,391.95,0.69,0.7,Yellow,1038.55
51,10,person,VISIBLE,5,0,0.449,667.78,341.46,0.72,-0.66,Green,14359.07
51,11,person,VISIBLE,2,0,0.6639,20.26,300.01,0.69,0.12,Purple,8942.22
52,1,person,VISIBLE,51,0,0.3494,605.58,320.39,-6.93,-1.64,Green,22937.63
52,2,person,VISIBLE,51,0,0.3501,396.14,323.46,6.94,-1.55,Green,16547.75
52,3,person,VISIBLE,51,0,0.4923,130.53,313.02,5.66,0.2,Green,7831.28
52,4,person,OUT_OF_BOUNDS,22,29,0.678,-67.73,335.14,-2.23,-0.18,Neutral,520.32
52,5,person,VISIBLE,51,0,0.3863,578.39,324.99,2.24,-0.11,Cyan,14868.07
52,6,person,VISIBLE,36,0,0.7503,445.29,318.93,2.0,0.31,Green,18357.16
52,7,person,VISIBLE,43,0,0.6817,211.99,317.66,4.7,-0.0,Cyan,2893.82
52,9,ball,VISIBLE,18,0,0.5309,395.53,391.83,0.11,0.12,Green,1051.7
52,10,person,VISIBLE,6,0,0.3471,668.21,341.92,0.52,0.12,Green,12915.94
52,11,person,VISIBLE,3,0,0.7218,22.87,300.82,2.03,0.6,Red,9865.73
53,1,person,VISIBLE,52,0,0.6802,612.74,318.66,2.94,-1.71,Green,25382.57
53,2,person,VISIBLE,52,0,0.3501,400.83,322.74,5.37,-0.97,Green,16373.7
53,3,person,VISIBLE,52,0,0.5122,146.27,313.85,12.72,0.64,Green,5796.55
53,4,person,OUT_OF_BOUNDS,22,30,0.667,-69.97,334.96,-2.23,-0.18,Neutral,520.32
53,5,person,OCCLUDED,51,1,0.989,580.63,324.88,2.24,-0.11,Cyan,14868.07
53,6,person,VISIBLE,37,0,0.738,448.12,320.02,2.58,0.86,Green,16472.43
53,7,person,VISIBLE,44,0,0.6873,216.92,317.92,4.86,0.18,Green,2899.88
53,9,ball,VISIBLE,19,0,0.2887,397.39,394.66,1.33,2.02,Green,1068.56
53,10,person,VISIBLE,7,0,0.3471,668.81,341.81,0.57,-0.04,Green,12074.23
53,11,person,VISIBLE,4,0,0.7097,26.91,302.22,3.44,1.16,Red,11371.94
54,1,person,VISIBLE,53,0,0.5093,608.56,322.37,-2.05,2.08,Green,23529.47
54,2,person,VISIBLE,53,0,0.6217,408.54,325.94,7.01,1.95,Green,17676.51
54,3,person,VISIBLE,53,0,0.4201,159.31,314.58,12.94,0.7,Green,4431.94
54,4,person,OUT_OF_BOUNDS,22,31,0.656,-72.2,334.78,-2.23,-0.18,Neutral,520.32
54,5,person,OCCLUDED,51,2,0.978,582.87,324.77,2.24,-0.11,Cyan,14868.07
54,6,person,VISIBLE,38,0,0.6451,452.95,321.25,4.16,1.12,Cyan,13750.3
54,7,person,VISIBLE,45,0,0.6966,222.31,317.78,5.24,-0.05,Cyan,2863.51
54,9,ball,VISIBLE,20,0,0.4894,399.1,397.44,1.59,2.55,Green,1057.12
54,10,person,VISIBLE,8,0,0.3072,669.04,336.97,0.34,-3.4,Green,10622.84
54,11,person,VISIBLE,5,0,0.8127,30.44,302.76,3.5,0.73,Red,12735.82
55,1,person,VISIBLE,54,0,0.7287,617.55,319.82,5.68,-1.16,Green,27366.64
55,2,person,VISIBLE,54,0,0.2841,415.01,323.23,6.63,-1.31,Green,17112.07
55,3,person,VISIBLE,54,0,0.4233,170.68,315.66,11.84,0.97,Green,3619.66
55,4,person,OUT_OF_BOUNDS,22,32,0.644,-74.44,334.6,-2.23,-0.18,Neutral,520.32
55,5,person,OCCLUDED,51,3,0.967,585.11,324.66,2.24,-0.11,Cyan,14868.07
55,6,person,VISIBLE,39,0,0.691,457.01,322.28,4.09,1.06,Cyan,12791.7
55,7,person,VISIBLE,46,0,0.6892,227.79,318.12,5.4,0.22,Cyan,2821.24
55,9,ball,VISIBLE,21,0,0.4552,400.96,397.82,1.78,1.03,Green,1076.25
55,10,person,VISIBLE,9,0,0.3589,672.25,335.32,2.34,-2.17,Green,9915.0
55,11,person,VISIBLE,6,0,0.834,35.79,303.03,4.8,0.4,Red,14835.84
56,1,person,VISIBLE,55,0,0.6562,625.05,318.16,6.96,-1.51,Green,31281.4
56,2,person,VISIBLE,55,0,0.455,420.8,324.86,6.04,0.74,Green,17680.75
56,3,person,VISIBLE,55,0,0.4208,179.75,316.6,9.91,0.94,Green,3149.61
56,4,person,OUT_OF_BOUNDS,22,33,0.633,-76.67,334.42,-2.23,-0.18,Neutral,520.32
56,5,person,OCCLUDED,51,4,0.956,587.35,324.55,2.24,-0.11,Cyan,14868.07
56,6,person,VISIBLE,40,0,0.7224,464.38,322.71,6.38,0.61,Green,12918.08
56,7,person,VISIBLE,47,0,0.6708,233.44,318.56,5.57,0.37,Cyan,2776.74
56,9,ball,VISIBLE,22,0,0.4529,403.02,396.48,1.98,-0.63,Yellow,1069.62
56,10,person,VISIBLE,10,0,0.4891,675.32,333.44,2.85,-1.97,Green,10087.82
56,11,person,VISIBLE,7,0,0.7988,43.04,304.31,6.51,1.02,Red,16927.8
57,1,person,VISIBLE,56,0,0.7299,629.94,317.03,5.51,-1.24,Green,35281.05
57,2,person,VISIBLE,56,0,0.7296,426.91,329.56,6.09,3.51,Green,19890.99
57,3,person,VISIBLE,56,0,0.5522,181.8,317.36,4.4,0.82,Green,4113.86
57,4,person,OUT_OF_BOUNDS,22,34,0.622,-78.9,334.24,-2.23,-0.18,Neutral,520.32
57,5,person,VISIBLE,52,0,0.3166,707.37,325.35,18.73,0.02,Cyan,2863.65
57,6,person,VISIBLE,41,0,0.5995,473.22,322.99,8.1,0.38,Green,13327.04
57,7,person,VISIBLE,48,0,0.6662,239.16,319.0,5.68,0.42,Cyan,2761.54
57,9,ball,VISIBLE,23,0,0.372,405.77,394.48,2.52,-1.59,Green,1057.16
57,10,person,VISIBLE,11,0,0.4535,681.28,329.81,5.03,-3.13,Cyan,9402.39
57,11,person,VISIBLE,8,0,0.8593,52.03,305.54,8.25,1.17,Red,17970.23
58,1,person,VISIBLE,57,0,0.6885,630.71,316.4,2.19,-0.81,Green,39558.93
58,2,person,VISIBLE,57,0,0.7046,432.83,332.47,5.97,3.09,Green,21634.76
58,3,person,VISIBLE,57,0,0.4892,191.03,317.75,7.79,0.52,Cyan,3618.07
58,4,person,OUT_OF_BOUNDS,22,35,0.611,-81.14,334.06,-2.23,-0.18,Neutral,520.32
58,5,person,VISIBLE,53,0,0.2816,711.85,324.58,8.76,-0.53,Cyan,2847.83
58,6,person,VISIBLE,42,0,0.5815,481.91,323.16,8.51,0.23,Green,14297.07
58,7,person,VISIBLE,49,0,0.6236,245.3,319.79,6.0,0.68,Cyan,2729.52
58,9,ball,VISIBLE,24,0,0.46,408.35,391.94,2.56,-2.25,Yellow,1027.71
58,10,person,VISIBLE,12,0,0.4212,687.64,328.28,5.96,-2.01,Cyan,9350.25
58,11,person,VISIBLE,9,0,0.8889,62.04,306.83,9.48,1.26,Red,18910.75
59,1,person,VISIBLE,58,0,0.4707,627.29,316.32,-1.74,-0.3,Green,42226.44
59,2,person,VISIBLE,58,0,0.7136,438.44,334.52,5.71,2.37,Green,23300.54
59,3,person,VISIBLE,58,0,0.4987,199.25,318.13,8.09,0.43,Cyan,3287.31
59,4,person,OUT_OF_BOUNDS,22,36,0.6,-83.37,333.88,-2.23,-0.18,Neutral,520.32
59,5,person,VISIBLE,54,0,0.288,717.82,324.38,6.8,-0.3,Cyan,2845.02
59,6,person,VISIBLE,43,0,0.5815,488.14,323.56,6.92,0.35,Green,14046.19
59,7,person,VISIBLE,50,0,0.631,251.62,320.42,6.22,0.64,Cyan,2777.2
59,9,ball,VISIBLE,25,0,0.2941,411.22,389.41,2.77,-2.45,Green,1016.23
59,10,person,VISIBLE,13,0,0.4583,693.98,328.49,6.22,-0.46,Green,9704.24
59,11,person,VISIBLE,10,0,0.894,71.55,307.87,9.5,1.1,Red,19627.81
60,1,person,VISIBLE,59,0,0.4553,619.29,316.93,-6.12,0.34,Green,41564.76
60,2,person,VISIBLE,59,0,0.7582,442.93,335.7,4.86,1.54,Green,24452.69
60,3,person,VISIBLE,59,0,0.6217,206.61,318.7,7.58,0.53,Cyan,3199.11
60,4,person,OUT_OF_BOUNDS,22,37,0.589,-85.61,333.7,-2.23,-0.18,Neutral,520.32
60,5,person,VISIBLE,55,0,0.3432,725.45,323.43,7.39,-0.75,Cyan,2848.34
60,6,person,VISIBLE,44,0,0.5815,494.39,323.95,6.45,0.38,Green,13788.21
60,7,person,VISIBLE,51,0,0.6695,257.3,321.26,5.84,0.78,Cyan,2765.83
60,9,ball,VISIBLE,26,0,0.3045,414.01,386.73,2.79,-2.61,Yellow,1007.96
60,10,person,VISIBLE,14,0,0.5249,700.06,328.34,6.12,-0.24,Green,10149.98
60,11,person,VISIBLE,11,0,0.8792,80.11,308.61,8.84,0.84,Red,20318.43
61,1,person,VISIBLE,60,0,0.5724,605.43,318.07,-11.54,0.9,Green,40500.47
61,2,person,VISIBLE,60,0,0.6312,449.8,335.71,6.26,0.46,Green,24397.57
61,3,person,VISIBLE,60,0,0.581,211.26,319.46,5.53,0.69,Green,3734.8
61,4,person,OUT_OF_BOUNDS,22,38,0.578,-87.84,333.52,-2.23,-0.18,Neutral,520.32
61,5,person,VISIBLE,56,0,0.3808,734.14,323.14,8.3,-0.43,Cyan,3240.66
61,6,person,VISIBLE,45,0,0.4525,509.58,322.67,12.56,-0.79,Green,17439.42
61,7,person,VISIBLE,52,0,0.7034,263.54,322.15,6.12,0.86,Cyan,2751.63
61,9,ball,VISIBLE,27,0,0.4209,416.61,384.63,2.65,-2.25,Yellow,1019.51
61,10,person,VISIBLE,15,0,0.536,705.66,327.79,5.76,-0.46,Green,10407.19
61,11,person,VISIBLE,12,0,0.888,88.34,309.36,8.41,0.78,Red,20625.16
62,1,person,VISIBLE,61,0,0.6061,594.94,319.11,-10.8,1.0,Green,37784.18
62,2,person,VISIBLE,61,0,0.5351,456.66,335.41,6.68,-0.06,Green,24728.69
62,3,person,VISIBLE,61,0,0.6622,218.98,320.12,7.06,0.67,Green,3886.03
62,4,person,OUT_OF_BOUNDS,22,39,0.567,-90.08,333.34,-2.23,-0.18,Neutral,520.32
62,5,person,VISIBLE,57,0,0.3796,742.59,322.23,8.4,-0.77,Cyan,3535.78
62,6,person,VISIBLE,46,0,0.3359,519.35,321.77,10.61,-0.86,Green,19650.45
62,7,person,VISIBLE,53,0,0.7101,270.06,322.6,6.4,0.57,Cyan,2797.05
62,9,ball,VISIBLE,28,0,0.3556,418.51,383.16,2.13,-1.7,Yellow,1028.44
62,10,person,VISIBLE,16,0,0.4837,710.75,327.62,5.29,-0.26,Green,10462.53
62,11,person,VISIBLE,13,0,0.8812,96.33,310.15,8.12,0.79,Red,21002.49
62,13,person,VISIBLE,1,0,0.4774,656.83,322.13,0.0,0.0,Green,27540.59
63,1,person,VISIBLE,62,0,0.4008,588.05,319.6,-8.06,0.64,Green,32576.63
63,2,person,VISIBLE,62,0,0.5351,462.76,336.23,6.28,0.55,Green,25482.36
63,3,person,VISIBLE,62,0,0.6398,226.3,320.73,7.24,0.63,Green,3807.53
63,4,person,OUT_OF_BOUNDS,22,40,0.556,-92.31,333.16,-2.23,-0.18,Neutral,520.32
63,5,person,VISIBLE,58,0,0.3762,751.49,322.19,8.75,-0.25,Cyan,3846.43
63,6,person,VISIBLE,47,0,0.4301,519.09,320.5,3.0,-1.15,Green,17741.05
63,7,person,VISIBLE,54,0,0.6943,276.53,323.11,6.45,0.53,Cyan,2850.24
63,9,ball,VISIBLE,29,0,0.4007,420.42,382.25,1.98,-1.15,Green,1021.28
63,10,person,VISIBLE,17,0,0.592,717.53,326.51,6.34,-0.85,Green,10346.97
63,11,person,VISIBLE,14,0,0.8864,103.69,310.61,7.59,0.56,Red,21452.8
63,13,person,VISIBLE,2,0,0.4304,655.11,321.92,-1.73,-0.22,Green,27940.57
64,1,person,VISIBLE,63,0,0.4008,581.66,319.94,-6.89,0.43,Green,31196.55
64,2,person,VISIBLE,63,0,0.3651,469.2,336.06,6.39,0.05,Green,25238.46
64,3,person,VISIBLE,63,0,0.6703,233.58,321.38,7.27,0.65,Green,3770.37
64,4,person,OUT_OF_BOUNDS,22,41,0.544,-94.54,332.98,-2.23,-0.18,Neutral,520.32
64,5,person,VISIBLE,59,0,0.4507,759.76,320.91,8.42,-0.98,Cyan,3848.11
64,6,person,VISIBLE,48,0,0.5405,528.96,319.79,7.81,-0.84,Green,19924.65
64,7,person,VISIBLE,55,0,0.6769,282.24,323.86,5.93,0.68,Cyan,2918.08
64,9,ball,VISIBLE,30,0,0.3192,422.18,381.98,1.82,-0.54,Green,1034.87
64,10,person,VISIBLE,18,0,0.6109,724.2,325.09,6.57,-1.25,Green,10694.19
64,11,person,VISIBLE,15,0,0.873,111.56,311.12,7.79,0.52,Red,21888.45
64,13,person,VISIBLE,3,0,0.4549,651.88,321.96,-2.77,-0.04,Green,32631.89
65,1,person,VISIBLE,64,0,0.5009,582.27,320.25,-1.64,0.34,Green,26853.76
65,2,person,VISIBLE,64,0,0.3651,475.4,336.62,6.25,0.4,Green,25727.7
65,3,person,VISIBLE,64,0,0.7507,241.25,321.8,7.55,0.48,Green,3925.28
65,4,person,OUT_OF_BOUNDS,22,42,0.533,-96.78,332.8,-2.23,-0.18,Neutral,520.32
65,5,person,VISIBLE,60,0,0.5942,768.66,320.88,8.75,-0.32,Cyan,4183.17
65,6,person,VISIBLE,49,0,0.4788,532.35,319.39,4.72,-0.53,Green,19841.4
65,7,person,VISIBLE,56,0,0.7235,288.63,324.41,6.25,0.6,Cyan,2926.32
65,9,ball,VISIBLE,31,0,0.6341,424.44,381.9,2.13,-0.21,Green,1022.56
65,10,person,VISIBLE,19,0,0.6496,730.13,325.36,6.12,-0.19,Green,11071.1
65,11,person,VISIBLE,16,0,0.8786,121.18,311.02,9.07,0.09,Red,21672.25
65,13,person,VISIBLE,4,0,0.3492,655.8,322.22,1.91,0.17,Blue,33191.84
66,1,person,VISIBLE,65,0,0.5796,585.63,320.35,1.86,0.18,Green,23486.38
66,2,person,VISIBLE,65,0,0.5626,484.92,335.61,8.54,-0.59,Green,22876.03
66,3,person,VISIBLE,65,0,0.711,249.1,322.47,7.76,0.61,Green,3961.14
66,4,person,OUT_OF_BOUNDS,22,43,0.522,-99.01,332.62,-2.23,-0.18,Neutral,520.32
66,5,person,VISIBLE,61,0,0.5989,777.41,320.79,8.75,-0.15,Cyan,4481.45
66,6,person,VISIBLE,50,0,0.332,536.72,318.33,4.47,-0.9,Green,19429.5
66,7,person,VISIBLE,57,0,0.6882,294.74,325.04,6.15,0.62,Cyan,2919.0
66,9,ball,VISIBLE,32,0,0.3811,426.3,382.48,1.94,0.34,Green,1035.92
66,10,person,VISIBLE,20,0,0.6818,735.47,327.0,5.57,1.1,Green,11557.44
66,11,person,VISIBLE,17,0,0.8913,130.45,311.13,9.21,0.1,Red,21745.14
66,13,person,VISIBLE,5,0,0.4233,661.61,322.95,4.64,0.56,Blue,32383.57
67,1,person,VISIBLE,66,0,0.6889,590.15,320.62,3.72,0.24,Green,21177.83
67,2,person,VISIBLE,66,0,0.5837,489.96,332.08,6.09,-2.64,Green,18877.0
67,3,person,VISIBLE,66,0,0.7149,256.73,323.21,7.67,0.7,Cyan,4019.42
67,4,person,OUT_OF_BOUNDS,22,44,0.511,-101.25,332.44,-2.23,-0.18,Neutral,520.32
67,5,person,VISIBLE,62,0,0.5878,786.71,320.55,9.13,-0.21,Cyan,4841.28
67,6,person,VISIBLE,51,0,0.4727,537.45,317.11,1.85,-1.12,Cyan,18785.03
67,7,person,VISIBLE,58,0,0.6953,300.72,325.65,6.03,0.61,Cyan,2952.77
67,9,ball,VISIBLE,33,0,0.4415,427.98,383.54,1.76,0.84,Green,1063.89
67,10,person,VISIBLE,21,0,0.6532,740.55,328.44,5.22,1.34,Green,11691.38
67,11,person,VISIBLE,18,0,0.8874,138.69,311.61,8.53,0.36,Red,21782.61
67,13,person,VISIBLE,6,0,0.4555,666.51,323.4,4.82,0.48,Purple,32434.47
68,1,person,VISIBLE,67,0,0.7044,595.21,320.27,4.66,-0.17,Green,19261.68
68,2,person,VISIBLE,67,0,0.678,494.69,328.94,5.13,-2.99,Green,16525.29
68,3,person,VISIBLE,67,0,0.7092,264.58,324.31,7.8,0.98,Green,4260.32
68,4,person,OUT_OF_BOUNDS,22,45,0.5,-103.48,332.26,-2.23,-0.18,Neutral,520.32
68,5,person,VISIBLE,63,0,0.6364,796.07,319.71,9.29,-0.66,Cyan,5306.93
68,6,person,VISIBLE,52,0,0.597,544.12,316.5,5.22,-0.76,Green,20526.03
68,7,person,VISIBLE,59,0,0.6456,306.74,326.28,6.02,0.62,Cyan,2902.11
68,9,ball,VISIBLE,34,0,0.3034,429.4,385.05,1.52,1.31,Green,1068.42
68,10,person,VISIBLE,22,0,0.6656,745.34,329.5,4.92,1.14,Green,11850.38
68,11,person,VISIBLE,19,0,0.8809,147.08,312.06,8.43,0.43,Red,21317.89
68,13,person,VISIBLE,7,0,0.5791,673.33,323.47,6.22,0.19,Purple,32323.61
69,1,person,VISIBLE,68,0,0.673,599.52,320.28,4.41,-0.04,Green,18218.25
69,2,person,VISIBLE,68,0,0.6603,498.81,327.25,4.42,-2.08,Green,15601.15
69,3,person,VISIBLE,68,0,0.6628,274.98,325.45,9.61,1.09,Green,4563.67
69,4,person,OUT_OF_BOUNDS,22,46,0.489,-105.71,332.08,-2.23,-0.18,Neutral,520.32
69,5,person,VISIBLE,64,0,0.6007,806.26,319.9,9.92,-0.06,Cyan,5573.85
69,6,person,VISIBLE,53,0,0.6238,548.94,315.08,4.94,-1.22,Green,20618.63
69,7,person,VISIBLE,60,0,0.6252,313.11,327.0,6.26,0.69,Cyan,2901.26
69,9,ball,VISIBLE,35,0,0.3034,431.21,385.39,1.72,0.63,Green,1076.21
69,10,person,VISIBLE,23,0,0.6519,748.57,328.6,3.73,-0.29,Green,12068.81
69,11,person,VISIBLE,20,0,0.8627,157.22,312.55,9.62,0.47,Red,21215.37
69,13,person,VISIBLE,8,0,0.694,679.83,323.38,6.42,-0.01,Purple,32757.64
69,14,person,VISIBLE,1,0,0.6262,15.11,305.63,0.0,0.0,Pink,6367.74
70,1,person,VISIBLE,69,0,0.6717,602.84,320.38,3.65,0.06,Green,17722.46
70,2,person,VISIBLE,69,0,0.6569,509.75,328.35,8.99,0.15,Green,18074.4
70,3,person,VISIBLE,69,0,0.599,283.7,326.79,8.99,1.27,Green,4618.68
70,4,person,OUT_OF_BOUNDS,22,47,0.478,-107.95,331.9,-2.23,-0.18,Neutral,520.32
70,5,person,VISIBLE,65,0,0.675,816.1,320.0,9.86,0.05,Cyan,5985.32
70,6,person,VISIBLE,54,0,0.6238,553.93,314.14,4.98,-1.02,Green,21036.16
70,7,person,VISIBLE,61,0,0.5123,319.35,327.81,6.25,0.78,Cyan,2937.84
70,9,ball,VISIBLE,36,0,0.4956,433.38,388.02,2.04,2.03,Green,1069.15
70,10,person,VISIBLE,24,0,0.6403,752.11,328.65,3.6,-0.05,Green,12132.07
70,11,person,VISIBLE,21,0,0.839,166.91,313.39,9.68,0.73,Red,20845.89
70,13,person,VISIBLE,9,0,0.6506,685.35,323.23,5.79,-0.11,Purple,33210.57
70,14,person,VISIBLE,2,0,0.6931,18.58,307.51,3.46,1.88,Red,7781.57
70,15,balloon,VISIBLE,1,0,0.4907,413.61,246.19,0.0,0.0,Purple,647.2
71,1,person,VISIBLE,70,0,0.4928,606.25,321.38,3.48,0.72,Green,16918.56
71,2,person,VISIBLE,70,0,0.7396,517.93,329.01,8.43,0.51,Green,20353.54
71,3,person,VISIBLE,70,0,0.6369,291.56,327.99,8.2,1.21,Green,4587.84
71,4,person,OUT_OF_BOUNDS,22,48,0.467,-110.18,331.72,-2.23,-0.18,Neutral,520.32
71,5,person,VISIBLE,66,0,0.6582,824.64,320.21,8.94,0.16,Cyan,6332.4
71,6,person,VISIBLE,55,0,0.6238,558.91,313.2,4.98,-0.97,Green,21457.85
71,7,person,VISIBLE,62,0,0.618,325.69,328.7,6.32,0.85,Cyan,2981.54
71,9,ball,VISIBLE,37,0,0.4865,435.35,390.91,1.99,2.63,Green,1079.97
71,10,person,VISIBLE,25,0,0.6371,756.0,327.8,3.8,-0.62,Green,12037.65
71,11,person,VISIBLE,22,0,0.8515,176.48,314.25,9.6,0.82,Red,20505.62
71,13,person,VISIBLE,10,0,0.5226,683.25,323.17,0.27,-0.07,Purple,37494.98
71,14,person,VISIBLE,3,0,0.8263,23.28,309.83,4.33,2.19,Red,9667.52
71,15,balloon,VISIBLE,2,0,0.5363,410.63,246.26,-2.98,0.08,Purple,601.28
72,1,person,VISIBLE,71,0,0.5661,609.32,322.74,3.19,1.17,Green,16614.13
72,2,person,VISIBLE,71,0,0.7451,523.4,329.22,6.36,0.29,Green,22171.71
72,3,person,VISIBLE,71,0,0.6491,298.88,329.14,7.58,1.17,Green,4553.1
72,4,person,OUT_OF_BOUNDS,22,49,0.456,-112.42,331.55,-2.23,-0.18,Neutral,520.32
72,5,person,VISIBLE,67,0,0.5892,830.98,318.57,7.12,-1.1,Cyan,5871.92
72,6,person,VISIBLE,56,0,0.6238,563.9,312.26,4.99,-0.94,Green,21883.7
72,7,person,VISIBLE,63,0,0.5926,331.81,330.12,6.18,1.25,Cyan,2953.05
72,9,ball,VISIBLE,38,0,0.3582,436.81,393.84,1.62,2.84,Green,1071.62
72,10,person,VISIBLE,26,0,0.654,760.13,326.28,4.04,-1.24,Green,11509.54
72,11,person,VISIBLE,23,0,0.8346,186.24,314.92,9.71,0.71,Red,20329.87
72,13,person,VISIBLE,11,0,0.5547,691.08,322.41,5.56,-0.55,Purple,36821.77
72,14,person,VISIBLE,4,0,0.7758,28.23,311.71,4.76,1.97,Red,11653.16
72,15,balloon,VISIBLE,3,0,0.538,408.1,246.48,-2.67,0.17,Purple,543.15
73,1,person,VISIBLE,72,0,0.3017,613.7,324.71,4.02,1.73,Green,16450.59
73,2,person,VISIBLE,72,0,0.7561,525.6,328.84,3.44,-0.17,Cyan,23100.54
73,3,person,VISIBLE,72,0,0.6243,306.19,330.23,7.4,1.11,Cyan,4569.34
73,4,person,OUT_OF_BOUNDS,22,50,0.444,-114.65,331.37,-2.23,-0.18,Neutral,520.32
73,5,person,VISIBLE,68,0,0.6098,835.46,317.56,5.27,-1.04,Cyan,5189.96
73,6,person,VISIBLE,57,0,0.507,570.61,311.91,6.19,-0.53,Green,23054.95
73,7,person,VISIBLE,64,0,0.4975,337.64,331.41,5.93,1.28,Cyan,3027.42
73,9,ball,VISIBLE,39,0,0.4471,438.77,396.68,1.86,2.84,Yellow,1051.38
73,10,person,VISIBLE,27,0,0.6245,764.89,324.74,4.55,-1.46,Green,10670.97
73,11,person,VISIBLE,24,0,0.8101,195.78,315.68,9.59,0.74,Red,19835.1
73,13,person,VISIBLE,12,0,0.6873,699.53,322.45,7.58,-0.14,Purple,36740.84
73,14,person,VISIBLE,5,0,0.7612,34.89,313.11,6.09,1.57,Red,14427.95
73,15,balloon,VISIBLE,4,0,0.538,406.06,246.44,-2.23,0.03,Blue,499.04
74,1,person,VISIBLE,73,0,0.3017,616.82,325.68,3.39,1.19,Green,15595.83
74,2,person,VISIBLE,73,0,0.777,527.94,328.83,2.67,-0.06,Cyan,24163.01
74,3,person,VISIBLE,73,0,0.6734,312.67,331.83,6.76,1.45,Green,4545.36
74,4,person,OUT_OF_BOUNDS,22,51,0.433,-116.88,331.19,-2.23,-0.18,Neutral,520.32
74,5,person,VISIBLE,69,0,0.6098,842.79,316.93,6.71,-0.75,Green,5106.66
74,6,person,VISIBLE,58,0,0.4386,578.69,311.79,7.52,-0.24,Green,24760.17
74,7,person,VISIBLE,65,0,0.5652,344.34,332.52,6.47,1.16,Cyan,2930.78
74,9,ball,VISIBLE,40,0,0.3694,440.68,399.49,1.89,2.82,Green,992.66
74,10,person,VISIBLE,28,0,0.6805,769.43,324.06,4.54,-0.91,Cyan,9657.55
74,11,person,VISIBLE,25,0,0.8024,205.5,316.53,9.68,0.82,Pink,19252.34
74,13,person,VISIBLE,13,0,0.7268,706.98,322.5,7.49,-0.01,Purple,37021.17
74,14,person,VISIBLE,6,0,0.7686,40.19,315.45,5.53,2.11,Pink,16501.64
74,15,balloon,VISIBLE,5,0,0.538,404.01,246.41,-2.1,-0.02,Blue,456.65
75,1,person,VISIBLE,74,0,0.3017,619.94,326.64,3.2,1.03,Green,14744.4
75,2,person,VISIBLE,74,0,0.8097,529.04,328.96,1.57,0.07,Green,24793.51
75,3,person,VISIBLE,74,0,0.666,319.94,332.86,7.11,1.16,Green,4746.63
75,4,person,OUT_OF_BOUNDS,22,52,0.422,-119.12,331.01,-2.23,-0.18,Neutral,520.32
75,5,person,VISIBLE,70,0,0.6098,850.12,316.3,7.14,-0.67,Green,5023.64
75,6,person,VISIBLE,59,0,0.6516,585.67,313.63,7.14,1.21,Green,25803.66
75,7,person,VISIBLE,66,0,0.5654,350.26,333.97,6.09,1.36,Cyan,2908.65
75,9,ball,VISIBLE,41,0,0.3694,442.53,401.78,1.87,2.46,Green,974.49
75,10,person,VISIBLE,29,0,0.6841,773.36,324.17,4.11,-0.2,Green,8942.49
75,11,person,VISIBLE,26,0,0.7543,215.6,317.92,9.98,1.22,Pink,18728.02
75,13,person,VISIBLE,14,0,0.7011,713.29,322.56,6.66,0.03,Purple,37429.05
75,14,person,VISIBLE,7,0,0.7955,45.25,317.33,5.21,1.95,Purple,18466.06
75,15,balloon,VISIBLE,6,0,0.538,401.98,246.38,-2.06,-0.03,Purple,415.97
75,16,person,VISIBLE,1,0,0.4889,10.16,350.05,0.0,0.0,Green,1794.15
76,1,person,VISIBLE,75,0,0.3017,623.07,327.61,3.15,0.99,Green,13896.31
76,2,person,VISIBLE,75,0,0.7722,529.75,329.58,0.97,0.46,Green,25322.45
76,3,person,VISIBLE,75,0,0.6377,327.88,334.03,7.69,1.17,Green,4964.2
76,4,person,OUT_OF_BOUNDS,22,53,0.411,-121.35,330.83,-2.23,-0.18,Neutral,520.32
76,5,person,VISIBLE,71,0,0.6098,857.44,315.66,7.27,-0.65,Green,4940.91
76,6,person,VISIBLE,60,0,0.6491,590.49,315.84,5.51,1.91,Cyan,26383.79
76,7,person,VISIBLE,67,0,0.5407,356.48,335.21,6.17,1.28,Cyan,2917.13
76,9,ball,VISIBLE,42,0,0.3694,444.4,404.09,1.87,2.35,Green,956.46
76,10,person,VISIBLE,30,0,0.6745,777.26,325.16,3.97,0.64,Green,8526.59
76,11,person,VISIBLE,27,0,0.7874,226.45,319.0,10.59,1.12,Purple,18701.75
76,13,person,VISIBLE,15,0,0.7403,719.1,322.68,6.07,0.09,Purple,37646.01
76,14,person,VISIBLE,8,0,0.806,53.21,318.95,7.13,1.72,Purple,19260.5
76,15,balloon,VISIBLE,7,0,0.538,399.94,246.34,-2.05,-0.03,Purple,377.0
76,16,person,VISIBLE,2,0,0.6019,12.63,348.79,2.47,-1.26,Red,2073.87
77,1,person,VISIBLE,76,0,0.3017,626.19,328.57,3.13,0.97,Green,13051.56
77,2,person,VISIBLE,76,0,0.8342,530.28,329.9,0.67,0.36,Cyan,25757.86
77,3,person,VISIBLE,76,0,0.6576,337.41,335.58,8.98,1.44,Cyan,5224.75
77,4,person,OUT_OF_BOUNDS,22,54,0.4,-123.59,330.65,-2.23,-0.18,Neutral,520.32
77,5,person,VISIBLE,72,0,0.6098,864.76,315.02,7.31,-0.64,Green,4858.46
77,6,person,VISIBLE,61,0,0.5891,594.59,317.78,4.53,1.93,Cyan,26434.13
77,7,person,VISIBLE,68,0,0.5944,362.75,336.74,6.24,1.45,Cyan,3049.76
77,9,ball,VISIBLE,43,0,0.3135,446.19,408.02,1.81,3.46,Green,919.82
77,10,person,VISIBLE,31,0,0.6811,781.29,325.88,4.01,0.69,Green,8640.58
77,11,person,VISIBLE,28,0,0.8114,236.45,321.08,10.18,1.79,Blue,18739.03
77,13,person,VISIBLE,16,0,0.7106,721.42,322.98,3.44,0.24,Purple,38999.74
77,14,person,VISIBLE,9,0,0.7876,62.9,320.15,8.92,1.36,Purple,18973.65
77,15,balloon,OCCLUDED,7,1,0.989,397.89,246.31,-2.05,-0.03,Purple,377.0
77,16,person,VISIBLE,3,0,0.6985,16.54,348.99,3.48,-0.24,Pink,2340.16
78,1,person,VISIBLE,77,0,0.3017,629.32,329.53,3.13,0.97,Green,12210.16
78,2,person,VISIBLE,77,0,0.8711,526.56,330.43,-2.41,0.48,Cyan,26704.58
78,3,person,VISIBLE,77,0,0.637,345.87,336.87,8.61,1.33,Cyan,5404.4
78,4,person,OUT_OF_BOUNDS,22,55,0.389,-125.82,330.47,-2.23,-0.18,Neutral,520.32
78,5,person,VISIBLE,73,0,0.6098,872.09,314.39,7.32,-0.63,Green,4776.3
78,6,person,VISIBLE,62,0,0.6668,597.96,319.94,3.72,2.09,Cyan,26019.96
78,7,person,VISIBLE,69,0,0.5446,369.3,338.78,6.46,1.87,Cyan,3119.79
78,9,ball,VISIBLE,44,0,0.3163,446.84,410.79,1.0,2.98,Yellow,869.52
78,10,person,VISIBLE,32,0,0.7277,785.38,325.94,4.07,0.25,Green,9053.34
78,11,person,VISIBLE,29,0,0.8007,246.06,322.83,9.78,1.76,Blue,19052.15
78,13,person,VISIBLE,17,0,0.7647,722.4,323.33,1.72,0.32,Purple,40197.35
78,14,person,VISIBLE,10,0,0.826,72.92,321.44,9.69,1.31,Purple,18227.72
78,15,balloon,OCCLUDED,7,2,0.978,395.84,246.28,-2.05,-0.03,Purple,377.0
78,16,person,VISIBLE,4,0,0.7627,21.66,349.55,4.62,0.32,Red,2552.28
79,1,person,OCCLUDED,77,1,0.989,632.45,330.5,3.13,0.97,Green,12210.16
79,2,person,VISIBLE,78,0,0.853,521.55,331.31,-4.22,0.76,Blue,27853.06
79,3,person,VISIBLE,78,0,0.5919,354.55,338.03,8.66,1.22,Cyan,5549.17
79,4,person,OUT_OF_BOUNDS,22,56,0.378,-128.06,330.29,-2.23,-0.18,Neutral,520.32
79,5,person,OUT_OF_BOUNDS,73,1,0.989,879.41,313.76,7.32,-0.63,Green,4776.3
79,6,person,VISIBLE,63,0,0.6713,601.28,322.11,3.44,2.14,Cyan,25795.99
79,7,person,VISIBLE,70,0,0.3886,375.78,339.36,6.47,0.96,Cyan,3026.88
79,9,ball,VISIBLE,45,0,0.3163,448.37,413.53,1.37,2.81,Green,840.48
79,10,person,VISIBLE,33,0,0.7582,790.96,326.96,5.12,0.79,Green,9476.71
79,11,person,VISIBLE,30,0,0.849,255.31,324.89,9.4,1.97,Blue,19387.05
79,13,person,VISIBLE,18,0,0.7803,724.36,324.19,1.89,0.7,Purple,40266.64
79,14,person,VISIBLE,11,0,0.7933,84.0,322.33,10.66,1.02,Purple,17298.03
79,15,balloon,OCCLUDED,7,3,0.967,393.8,246.25,-2.05,-0.03,Purple,377.0
79,16,person,VISIBLE,5,0,0.7394,27.61,350.54,5.55,0.79,Red,2645.1
80,1,person,OCCLUDED,77,2,0.978,635.57,331.47,3.13,0.97,Green,12210.16
80,2,person,VISIBLE,79,0,0.8931,515.38,331.92,-5.59,0.65,Purple,29298.43
80,3,person,VISIBLE,79,0,0.5912,362.62,339.49,8.25,1.38,Green,5681.81
80,4,person,OUT_OF_BOUNDS,22,57,0.367,-130.29,330.11,-2.23,-0.18,Neutral,520.32
80,5,person,OUT_OF_BOUNDS,73,2,0.978,886.73,313.13,7.32,-0.63,Green,4776.3
80,6,person,VISIBLE,64,0,0.7887,604.86,324.43,3.54,2.27,Cyan,25400.62
80,7,person,VISIBLE,71,0,0.3886,382.12,340.6,6.38,1.15,Green,3032.0
80,9,ball,VISIBLE,46,0,0.3163,449.89,416.27,1.48,2.76,Green,811.93
80,10,person,VISIBLE,34,0,0.7644,796.44,327.86,5.37,0.86,Green,9843.38
80,11,person,VISIBLE,31,0,0.8164,263.35,326.83,8.45,1.95,Blue,19665.64
80,13,person,VISIBLE,19,0,0.8596,726.3,325.63,1.92,1.22,Purple,40053.45
80,14,person,VISIBLE,12,0,0.7857,94.47,323.45,10.53,1.09,Purple,16304.57
80,15,balloon,OCCLUDED,7,4,0.956,391.75,246.22,-2.05,-0.03,Purple,377.0
80,16,person,VISIBLE,6,0,0.7703,33.84,351.88,6.03,1.18,Red,2680.46
81,1,person,OCCLUDED,77,3,0.967,638.7,332.44,3.13,0.97,Green,12210.16
81,2,person,VISIBLE,80,0,0.8926,507.75,332.26,-7.01,0.44,Purple,30632.56
81,3,person,VISIBLE,80,0,0.6178,372.24,340.9,9.21,1.41,Cyan,5820.56
81,4,person,OUT_OF_BOUNDS,22,58,0.356,-132.52,329.93,-2.23,-0.18,Neutral,520.32
81,5,person,OUT_OF_BOUNDS,73,3,0.967,894.05,312.5,7.32,-0.63,Green,4776.3
81,6,person,VISIBLE,65,0,0.8012,606.66,325.96,2.33,1.75,Green,24063.07
81,7,person,VISIBLE,72,0,0.3886,388.46,341.84,6.36,1.21,Green,3036.93
81,9,ball,VISIBLE,47,0,0.3163,451.42,419.02,1.51,2.75,Green,783.87
81,10,person,VISIBLE,35,0,0.7433,802.27,328.7,5.69,0.85,Green,10307.49
81,11,person,VISIBLE,32,0,0.868,273.96,329.5,9.97,2.45,Blue,20845.35
81,13,person,VISIBLE,20,0,0.8717,727.63,327.27,1.51,1.51,Purple,39734.22
81,14,person,VISIBLE,13,0,0.7867,107.41,323.45,12.22,0.32,Pink,16213.14
81,15,balloon,OCCLUDED,7,5,0.944,389.71,246.18,-2.05,-0.03,Purple,377.0
81,16,person,VISIBLE,7,0,0.699,40.28,352.9,6.32,1.06,Red,2751.7
82,1,person,OCCLUDED,77,4,0.956,641.83,333.4,3.13,0.97,Green,12210.16
82,2,person,VISIBLE,81,0,0.8372,501.49,332.57,-6.49,0.35,Purple,33178.72
82,3,person,VISIBLE,81,0,0.5873,380.43,342.43,8.49,1.49,Cyan,5846.06
82,4,person,OUT_OF_BOUNDS,22,59,0.344,-134.76,329.75,-2.23,-0.18,Neutral,520.32
82,5,person,OUT_OF_BOUNDS,73,4,0.956,901.37,311.87,7.32,-0.63,Green,4776.3
82,6,person,VISIBLE,66,0,0.7787,607.89,327.87,1.56,1.87,Green,22817.18
82,7,person,VISIBLE,73,0,0.3886,394.81,343.07,6.35,1.23,Green,3041.67
82,9,ball,VISIBLE,48,0,0.3163,452.95,421.76,1.53,2.75,Green,756.29
82,10,person,VISIBLE,36,0,0.7244,807.91,329.77,5.66,1.01,Green,10505.43
82,11,person,VISIBLE,33,0,0.8434,286.81,332.09,11.98,2.55,Blue,22679.41
82,13,person,VISIBLE,21,0,0.8673,728.54,329.08,1.09,1.72,Purple,39142.85
82,14,person,VISIBLE,14,0,0.7779,118.41,323.37,11.36,0.04,Red,15679.21
82,15,ball,VISIBLE,8,0,0.5219,447.02,397.9,4.88,17.67,Green,935.1
82,16,person,VISIBLE,8,0,0.6853,46.19,353.86,6.03,0.99,Red,2792.07
83,1,person,OCCLUDED,77,5,0.944,644.96,334.37,3.13,0.97,Green,12210.16
83,2,person,VISIBLE,82,0,0.8318,498.44,333.16,-4.08,0.51,Purple,35202.69
83,3,person,VISIBLE,82,0,0.6088,388.71,344.73,8.34,2.06,Green,5591.54
83,4,person,OUT_OF_BOUNDS,22,60,0.333,-136.99,329.57,-2.23,-0.18,Neutral,520.32
83,5,person,OUT_OF_BOUNDS,73,5,0.944,908.69,311.23,7.32,-0.63,Green,4776.3
83,6,person,VISIBLE,67,0,0.7638,609.89,330.55,1.87,2.43,Green,21658.7
83,7,person,VISIBLE,74,0,0.3886,401.15,344.31,6.35,1.24,Green,3046.23
83,9,ball,VISIBLE,49,0,0.3163,454.47,424.5,1.52,2.74,Green,729.2
83,10,person,VISIBLE,37,0,0.7714,814.58,331.01,6.36,1.17,Green,10813.82
83,11,person,VISIBLE,34,0,0.8812,298.86,334.39,12.03,2.38,Blue,23966.54
83,13,person,VISIBLE,22,0,0.8671,729.32,331.08,0.87,1.91,Purple,38561.4
83,14,person,VISIBLE,15,0,0.7943,127.33,323.24,9.65,-0.08,Red,14862.71
83,15,ball,VISIBLE,9,0,0.4862,447.26,395.14,1.63,3.37,Green,894.89
83,16,person,VISIBLE,9,0,0.7363,51.91,354.92,5.82,1.04,Red,2828.34
84,1,person,OCCLUDED,77,6,0.933,648.08,335.34,3.13,0.97,Green,12210.16
84,2,person,VISIBLE,83,0,0.8668,496.08,333.94,-2.87,0.71,Green,36649.66
84,3,person,VISIBLE,83,0,0.7386,396.12,346.43,7.69,1.8,Green,5369.27
84,4,person,OUT_OF_BOUNDS,22,61,0.322,-139.23,329.39,-2.23,-0.18,Neutral,520.32
84,5,person,OUT_OF_BOUNDS,73,6,0.933,916.01,310.6,7.32,-0.63,Green,4776.3
84,6,person,VISIBLE,68,0,0.7169,612.51,332.84,2.39,2.34,Green,20365.32
84,7,person,VISIBLE,75,0,0.3886,407.5,345.55,6.34,1.24,Green,3050.6
84,9,ball,OCCLUDED,49,1,0.989,455.99,427.25,1.52,2.74,Green,729.2
84,10,person,VISIBLE,38,0,0.7902,820.49,332.28,6.05,1.24,Green,11002.64
84,11,person,VISIBLE,35,0,0.8723,311.68,336.57,12.59,2.24,Blue,25322.21
84,13,person,VISIBLE,23,0,0.8496,729.08,333.26,0.1,2.11,Purple,38367.49
84,14,person,VISIBLE,16,0,0.7969,135.81,323.35,8.83,0.05,Red,14091.64
84,15,ball,VISIBLE,10,0,0.6412,447.28,392.26,0.51,-1.0,Green,873.9
84,16,person,VISIBLE,10,0,0.6739,57.33,355.72,5.54,0.87,Red,2840.49
85,1,person,OCCLUDED,77,7,0.922,651.21,336.3,3.13,0.97,Green,12210.16
85,2,person,VISIBLE,84,0,0.8594,494.64,334.67,-1.87,0.72,Green,37190.16
85,3,person,VISIBLE,84,0,0.7164,402.62,348.14,6.86,1.75,Green,5330.31
85,4,person,OUT_OF_BOUNDS,22,62,0.311,-141.46,329.21,-2.23,-0.18,Neutral,520.32
85,5,person,OUT_OF_BOUNDS,73,7,0.922,923.33,309.97,7.32,-0.63,Green,4776.3
85,6,person,VISIBLE,69,0,0.776,616.7,335.36,3.66,2.46,Cyan,19351.72
85,7,person,OCCLUDED,75,1,0.989,413.84,346.78,6.34,1.24,Green,3050.6
85,9,ball,OCCLUDED,49,2,0.978,457.51,429.99,1.52,2.74,Green,729.2
85,10,person,VISIBLE,39,0,0.804,825.18,334.34,5.1,1.82,Green,11059.04
85,11,person,VISIBLE,36,0,0.8563,323.52,338.72,12.06,2.18,Blue,25877.28
85,13,person,VISIBLE,24,0,0.8738,728.46,336.19,-0.41,2.68,Purple,37761.56
85,14,person,VISIBLE,17,0,0.769,144.46,324.14,8.71,0.58,Pink,13538.98
85,15,ball,VISIBLE,11,0,0.368,447.29,388.09,0.15,-3.23,Green,894.69
85,16,person,VISIBLE,11,0,0.7018,62.73,356.11,5.44,0.53,Red,2855.62
86,1,person,OCCLUDED,77,8,0.911,654.34,337.27,3.13,0.97,Green,12210.16
86,2,person,VISIBLE,85,0,0.8601,494.98,335.25,-0.33,0.62,Green,37321.61
86,3,person,VISIBLE,85,0,0.6157,408.23,351.22,5.98,2.67,Green,5105.5
86,4,person,OUT_OF_BOUNDS,22,63,0.3,-143.69,329.03,-2.23,-0.18,Neutral,520.32
86,5,person,OUT_OF_BOUNDS,73,8,0.911,930.65,309.34,7.32,-0.63,Green,4776.3
86,6,person,VISIBLE,70,0,0.7432,621.0,337.92,4.11,2.53,Cyan,18761.78
86,7,person,OCCLUDED,75,2,0.978,420.18,348.02,6.34,1.24,Green,3050.6
86,9,ball,OCCLUDED,49,3,0.967,459.03,432.73,1.52,2.74,Green,729.2
86,10,person,VISIBLE,40,0,0.7869,827.93,336.9,3.45,2.34,Green,11024.62
86,11,person,VISIBLE,37,0,0.8516,337.49,341.39,13.4,2.52,Blue,26754.94
86,13,person,VISIBLE,25,0,0.8617,727.64,339.37,-0.7,3.03,Purple,37349.18
86,14,person,VISIBLE,18,0,0.7725,151.59,325.28,7.6,0.97,Red,13156.69
86,15,ball,VISIBLE,12,0,0.348,447.94,383.81,0.51,-3.96,Green,879.64
86,16,person,VISIBLE,12,0,0.7124,67.63,356.61,5.06,0.51,Red,2941.11
87,1,person,OCCLUDED,77,9,0.9,657.46,338.24,3.13,0.97,Green,12210.16
87,2,person,VISIBLE,86,0,0.8107,495.39,336.05,0.2,0.75,Green,36398.47
87,3,person,VISIBLE,86,0,0.6201,412.11,353.31,4.51,2.27,Green,5227.12
87,4,person,OUT_OF_BOUNDS,22,64,0.289,-145.93,328.85,-2.23,-0.18,Neutral,520.32
87,5,person,OUT_OF_BOUNDS,73,9,0.9,937.97,308.7,7.32,-0.63,Green,4776.3
87,6,person,VISIBLE,71,0,0.8225,625.81,340.57,4.59,2.62,Cyan,18759.65
87,7,person,OCCLUDED,75,3,0.967,426.52,349.25,6.34,1.24,Green,3050.6
87,9,ball,OCCLUDED,49,4,0.956,460.56,435.47,1.52,2.74,Green,729.2
87,10,person,VISIBLE,41,0,0.7429,828.83,339.99,1.67,2.86,Green,11106.4
87,11,person,VISIBLE,38,0,0.8461,349.04,343.34,12.1,2.12,Blue,26670.48
87,13,person,VISIBLE,26,0,0.8731,726.33,342.14,-1.13,2.85,Purple,37155.95
87,14,person,VISIBLE,19,0,0.8037,158.69,326.49,7.25,1.14,Red,13269.54
87,15,ball,VISIBLE,13,0,0.3854,448.74,379.94,0.71,-3.9,Yellow,855.93
87,16,person,VISIBLE,13,0,0.7169,72.75,357.4,5.1,0.71,Red,3064.63
88,1,person,OCCLUDED,77,10,0.889,660.59,339.2,3.13,0.97,Green,12210.16
88,2,person,VISIBLE,87,0,0.7585,499.62,336.32,3.01,0.41,Green,35080.39
88,3,person,VISIBLE,87,0,0.5659,414.54,354.06,3.05,1.2,Green,5629.22
88,4,person,OUT_OF_BOUNDS,22,65,0.278,-148.16,328.67,-2.23,-0.18,Neutral,520.32
88,5,person,OUT_OF_BOUNDS,73,10,0.889,945.29,308.07,7.32,-0.63,Green,4776.3
88,6,person,VISIBLE,72,0,0.8096,630.64,343.2,4.76,2.62,Cyan,19163.47
88,7,person,OCCLUDED,75,4,0.956,432.86,350.49,6.34,1.24,Green,3050.6
88,9,ball,VISIBLE,50,0,0.8383,449.75,279.38,-0.2,-19.49,Yellow,535.28
88,10,person,VISIBLE,42,0,0.7763,829.0,343.08,0.62,3.03,Green,11132.32
88,11,person,VISIBLE,39,0,0.7827,359.98,344.96,11.29,1.77,Blue,26299.33
88,13,person,VISIBLE,27,0,0.8738,726.2,345.37,-0.43,3.12,Pink,36159.95
88,14,person,VISIBLE,20,0,0.7854,164.97,327.81,6.57,1.27,Red,13360.35
88,15,ball,VISIBLE,14,0,0.3183,449.67,376.69,0.87,-3.44,Green,870.31
88,16,person,VISIBLE,14,0,0.7021,77.48,358.16,4.85,0.75,Red,3171.92
89,1,person,OCCLUDED,77,11,0.878,663.72,340.17,3.13,0.97,Green,12210.16
89,2,person,VISIBLE,88,0,0.6009,507.76,337.13,6.61,0.69,Purple,28648.52
89,3,person,VISIBLE,88,0,0.5659,419.81,355.75,4.6,1.55,Green,5710.67
89,4,person,OUT_OF_BOUNDS,22,66,0.267,-150.4,328.49,-2.23,-0.18,Neutral,520.32
89,5,person,OUT_OF_BOUNDS,73,11,0.878,952.61,307.44,7.32,-0.63,Green,4776.3
89,6,person,VISIBLE,73,0,0.7796,635.85,345.88,5.07,2.66,Cyan,19330.5
89,7,person,OCCLUDED,75,5,0.944,439.2,351.72,6.34,1.24,Green,3050.6
89,9,ball,VISIBLE,51,0,0.8383,449.94,279.18,0.07,-5.99,Green,547.81
89,10,person,VISIBLE,43,0,0.788,829.91,346.64,0.83,3.4,Green,10703.07
89,11,person,VISIBLE,40,0,0.7735,370.48,347.68,10.74,2.43,Cyan,25710.65
89,13,person,VISIBLE,28,0,0.8527,726.15,348.42,-0.16,3.07,Red,35129.22
89,14,person,VISIBLE,21,0,0.7981,170.91,329.65,6.13,1.67,Pink,13550.1
89,15,ball,VISIBLE,15,0,0.3183,450.23,373.4,0.65,-3.33,Green,864.5
89,16,person,VISIBLE,15,0,0.7521,82.5,358.36,4.96,0.36,Red,3359.7
90,1,person,OCCLUDED,77,12,0.867,666.85,341.14,3.13,0.97,Green,12210.16
90,2,person,VISIBLE,89,0,0.6244,510.96,336.71,4.22,-0.08,Purple,25106.71
90,3,person,VISIBLE,89,0,0.332,427.33,357.18,6.64,1.46,Green,5263.8
90,4,person,OUT_OF_BOUNDS,22,67,0.256,-152.63,328.31,-2.23,-0.18,Neutral,520.32
90,5,person,OUT_OF_BOUNDS,73,12,0.867,959.93,306.81,7.32,-0.63,Green,4776.3
90,6,person,VISIBLE,74,0,0.7554,640.41,348.5,4.72,2.63,Cyan,19544.78
90,7,person,OCCLUDED,75,6,0.933,445.55,352.96,6.34,1.24,Green,3050.6
90,9,ball,VISIBLE,52,0,0.8383,450.12,278.97,0.15,-1.94,Black,560.47
90,10,person,VISIBLE,44,0,0.7884,830.89,350.45,0.93,3.69,Green,10134.76
90,11,person,VISIBLE,41,0,0.7705,381.2,350.94,10.72,3.01,Cyan,25154.83
90,13,person,VISIBLE,29,0,0.8604,726.44,351.54,0.16,3.11,Red,34062.81
90,14,person,VISIBLE,22,0,0.8286,176.66,332.24,5.87,2.31,Pink,13784.97
90,15,ball,VISIBLE,16,0,0.3183,450.77,370.12,0.58,-3.3,Green,858.45
90,16,person,VISIBLE,16,0,0.722,87.47,358.94,4.97,0.51,Red,3499.49
91,1,person,OCCLUDED,77,13,0.856,669.97,342.1,3.13,0.97,Green,12210.16
91,2,person,VISIBLE,90,0,0.7597,509.09,331.91,-0.04,-3.38,Purple,23167.44
91,3,person,VISIBLE,90,0,0.289,434.96,358.53,7.34,1.39,Green,5198.32
91,4,person,OUT_OF_BOUNDS,22,68,0.244,-154.86,328.13,-2.23,-0.18,Neutral,520.32
91,5,person,OUT_OF_BOUNDS,73,13,0.856,967.25,306.17,7.32,-0.63,Green,4776.3
91,6,person,VISIBLE,75,0,0.7537,644.06,351.29,3.97,2.75,Cyan,19881.84
91,7,person,OCCLUDED,75,7,0.922,451.89,354.19,6.34,1.24,Green,3050.6
91,9,ball,OCCLUDED,52,1,0.989,450.26,277.03,0.15,-1.94,Black,560.47
91,10,person,VISIBLE,45,0,0.8011,832.38,354.14,1.32,3.69,Green,9325.58
91,11,person,VISIBLE,42,0,0.7368,390.81,355.18,9.94,3.88,Cyan,24690.82
91,13,person,VISIBLE,30,0,0.8695,727.27,354.14,0.63,2.75,Red,32557.95
91,14,person,VISIBLE,23,0,0.8556,181.62,334.87,5.24,2.53,Pink,14245.08
91,15,ball,VISIBLE,17,0,0.4452,451.34,369.64,0.57,-1.32,Yellow,721.1
91,16,person,VISIBLE,17,0,0.6999,91.63,359.52,4.4,0.56,Red,3612.8
91,19,ball,VISIBLE,1,0,0.4056,458.17,255.48,0.0,0.0,Yellow,1027.13
92,1,person,OCCLUDED,77,14,0.844,673.1,343.07,3.13,0.97,Green,12210.16
92,2,person,VISIBLE,91,0,0.7561,505.23,327.52,-2.72,-4.09,Purple,21519.12
92,3,person,VISIBLE,91,0,0.289,441.3,360.1,6.64,1.51,Green,5130.98
92,4,person,OUT_OF_BOUNDS,22,69,0.233,-157.1,327.95,-2.23,-0.18,Neutral,520.32
92,5,person,OUT_OF_BOUNDS,73,14,0.844,974.57,305.54,7.32,-0.63,Green,4776.3
92,6,person,VISIBLE,76,0,0.7663,647.5,353.65,3.59,2.48,Cyan,20185.18
92,7,person,OCCLUDED,75,8,0.911,458.23,355.43,6.34,1.24,Green,3050.6
92,9,ball,OCCLUDED,52,2,0.978,450.41,275.09,0.15,-1.94,Black,560.47
92,10,person,VISIBLE,46,0,0.728,834.31,357.55,1.75,3.49,Green,8318.19
92,11,person,VISIBLE,43,0,0.7742,397.83,359.56,7.9,4.23,Cyan,24289.36
92,13,person,VISIBLE,31,0,0.863,726.86,356.1,-0.1,2.19,Red,31562.52
92,14,person,VISIBLE,24,0,0.8433,186.28,337.32,4.83,2.48,Pink,14524.26
92,15,ball,VISIBLE,18,0,0.4829,451.85,369.0,0.52,-0.85,Green,636.88
92,16,person,VISIBLE,18,0,0.7485,95.66,360.4,4.14,0.79,Red,3816.87
92,19,ball,VISIBLE,2,0,0.6153,459.26,250.64,1.09,-4.84,Green,1040.44
93,1,person,OCCLUDED,77,15,0.833,676.23,344.04,3.13,0.97,Green,12210.16
93,2,person,VISIBLE,92,0,0.7685,500.82,320.92,-3.9,-5.85,Purple,20454.46
93,3,person,VISIBLE,92,0,0.289,447.62,361.65,6.42,1.54,Green,5061.18
93,4,person,OUT_OF_BOUNDS,22,70,0.222,-159.33,327.77,-2.23,-0.18,Neutral,520.32
93,5,person,OUT_OF_BOUNDS,73,15,0.833,981.89,304.91,7.32,-0.63,Green,4776.3
93,6,person,VISIBLE,77,0,0.7551,650.34,355.56,3.07,2.07,Cyan,20706.81
93,7,person,OCCLUDED,75,9,0.9,464.57,356.66,6.34,1.24,Green,3050.6
93,9,ball,OCCLUDED,52,3,0.967,450.55,273.15,0.15,-1.94,Black,560.47
93,10,person,VISIBLE,47,0,0.7031,836.14,359.92,1.81,2.71,Green,7450.66
93,11,person,VISIBLE,44,0,0.766,406.36,362.88,8.34,3.59,Cyan,24088.1
93,13,person,VISIBLE,32,0,0.8598,726.82,357.92,-0.06,1.94,Red,30158.37
93,14,person,VISIBLE,25,0,0.8439,190.96,339.71,4.73,2.41,Pink,15105.29
93,15,ball,VISIBLE,19,0,0.4829,452.39,366.97,0.54,-1.68,Green,589.06
93,16,person,VISIBLE,19,0,0.7437,99.51,361.1,3.94,0.72,Red,4040.48
93,19,ball,VISIBLE,3,0,0.74,461.08,243.06,1.6,-6.76,Green,972.53
94,1,person,OCCLUDED,77,16,0.822,679.35,345.0,3.13,0.97,Green,12210.16
94,2,person,VISIBLE,93,0,0.7485,498.56,313.23,-2.76,-7.14,Purple,19814.17
94,3,person,VISIBLE,93,0,0.289,453.96,363.21,6.36,1.55,Green,4988.9
94,4,person,OUT_OF_BOUNDS,22,71,0.211,-161.57,327.59,-2.23,-0.18,Neutral,520.32
94,5,person,OUT_OF_BOUNDS,73,16,0.822,989.21,304.28,7.32,-0.63,Green,4776.3
94,6,person,VISIBLE,78,0,0.7858,652.04,357.15,2.12,1.74,Cyan,21319.01
94,7,person,OCCLUDED,75,10,0.889,470.91,357.9,6.34,1.24,Green,3050.6
94,9,ball,OCCLUDED,52,4,0.956,450.7,271.21,0.15,-1.94,Black,560.47
94,10,person,VISIBLE,48,0,0.685,837.7,361.92,1.63,2.21,Green,6755.78
94,11,person,VISIBLE,45,0,0.7438,415.35,366.04,8.8,3.29,Cyan,24204.24
94,13,person,VISIBLE,33,0,0.8412,726.88,359.31,0.02,1.55,Red,29019.32
94,14,person,VISIBLE,26,0,0.8759,195.7,341.86,4.73,2.23,Pink,15916.31
94,15,ball,VISIBLE,20,0,0.4829,452.93,364.93,0.54,-1.93,Green,543.0
94,16,person,VISIBLE,20,0,0.7401,103.31,361.77,3.84,0.69,Red,4170.84
94,19,ball,VISIBLE,4,0,0.7338,463.14,234.67,1.93,-7.9,Green,925.33
95,1,person,OCCLUDED,77,17,0.811,682.48,345.97,3.13,0.97,Green,12210.16
95,2,person,VISIBLE,94,0,0.7575,497.92,307.94,-1.27,-5.84,Purple,18819.84
95,3,person,VISIBLE,94,0,0.3017,456.6,364.63,3.76,1.46,Cyan,4321.79
95,4,person,OUT_OF_BOUNDS,22,72,0.2,-163.8,327.41,-2.23,-0.18,Neutral,520.32
95,5,person,OUT_OF_BOUNDS,73,17,0.811,996.53,303.64,7.32,-0.63,Green,4776.3
95,6,person,VISIBLE,79,0,0.818,653.17,358.88,1.43,1.74,Cyan,22013.19
95,7,person,OCCLUDED,75,11,0.878,477.25,359.14,6.34,1.24,Green,3050.6
95,9,ball,OCCLUDED,52,5,0.944,450.85,269.26,0.15,-1.94,Black,560.47
95,10,person,VISIBLE,49,0,0.5805,839.32,363.44,1.62,1.73,Green,6097.33
95,11,person,VISIBLE,46,0,0.7831,421.93,366.38,7.25,1.23,Cyan,25198.85
95,13,person,VISIBLE,34,0,0.8335,726.82,360.35,-0.04,1.19,Red,27833.16
95,14,person,VISIBLE,27,0,0.8785,200.04,344.05,4.45,2.2,Purple,16841.07
95,15,ball,VISIBLE,21,0,0.4829,453.46,362.89,0.54,-2.0,Cyan,498.68
95,16,person,VISIBLE,21,0,0.761,106.61,362.62,3.47,0.8,Red,4132.76
95,19,ball,VISIBLE,5,0,0.7476,464.9,226.39,1.81,-8.16,Green,883.94
96,1,person,OCCLUDED,77,18,0.8,685.61,346.94,3.13,0.97,Green,12210.16
96,2,person,VISIBLE,95,0,0.726,497.29,305.59,-0.82,-3.4,Blue,18285.54
96,3,person,VISIBLE,95,0,0.3017,461.96,366.15,4.88,1.5,Cyan,4085.51
96,4,person,OUT_OF_BOUNDS,22,73,0.189,-166.03,327.23,-2.23,-0.18,Neutral,520.32
96,5,person,OUT_OF_BOUNDS,73,18,0.8,1003.85,303.01,7.32,-0.63,Green,4776.3
96,6,person,VISIBLE,80,0,0.7841,653.67,360.31,0.77,1.51,Cyan,22527.79
96,7,person,OCCLUDED,75,12,0.867,483.6,360.37,6.34,1.24,Green,3050.6
96,9,ball,OCCLUDED,52,6,0.933,450.99,267.32,0.15,-1.94,Black,560.47
96,10,person,VISIBLE,50,0,0.4922,840.93,366.63,1.62,2.75,Green,5345.1
96,11,person,VISIBLE,47,0,0.7531,428.02,366.85,6.44,0.69,Cyan,25003.02
96,13,person,VISIBLE,35,0,0.8036,726.95,361.32,0.08,1.04,Red,26553.28
96,14,person,VISIBLE,28,0,0.8486,204.5,346.52,4.47,2.39,Purple,17878.34
96,15,ball,VISIBLE,22,0,0.4829,454.01,360.86,0.54,-2.03,Cyan,456.11
96,16,person,VISIBLE,22,0,0.7768,109.31,363.51,2.92,0.86,Red,4194.49
96,19,ball,VISIBLE,6,0,0.818,466.64,219.75,1.76,-7.1,Yellow,946.93
97,1,person,OCCLUDED,77,19,0.789,688.74,347.91,3.13,0.97,Green,12210.16
97,2,person,VISIBLE,96,0,0.726,497.87,312.05,0.16,3.5,Blue,16123.32
97,3,person,VISIBLE,96,0,0.3526,463.56,368.28,2.59,1.94,Cyan,4182.19
97,4,person,OUT_OF_BOUNDS,22,74,0.178,-168.27,327.05,-2.23,-0.18,Neutral,520.32
97,5,person,OUT_OF_BOUNDS,73,19,0.789,1011.17,302.38,7.32,-0.63,Green,4776.3
97,6,person,VISIBLE,81,0,0.7655,653.66,362.39,0.23,1.92,Green,22704.9
97,7,person,OCCLUDED,75,13,0.856,489.94,361.61,6.34,1.24,Green,3050.6
97,9,ball,OCCLUDED,52,7,0.922,451.14,265.38,0.15,-1.94,Black,560.47
97,10,person,VISIBLE,51,0,0.457,842.59,367.53,1.65,1.45,Green,4715.33
97,11,person,VISIBLE,48,0,0.8103,433.41,369.7,5.71,2.2,Cyan,24240.63
97,13,person,VISIBLE,36,0,0.7879,727.21,362.39,0.21,1.06,Red,25094.71
97,14,person,VISIBLE,29,0,0.9011,208.85,349.39,4.38,2.73,Purple,18827.47
97,15,ball,VISIBLE,23,0,0.4829,454.55,358.83,0.54,-2.03,Cyan,415.28
97,16,person,VISIBLE,23,0,0.7861,112.09,364.25,2.82,0.78,Red,4294.71
97,19,ball,VISIBLE,7,0,0.8415,468.77,213.19,2.02,-6.72,Yellow,944.17
98,1,person,OCCLUDED,77,20,0.778,691.86,348.87,3.13,0.97,Green,12210.16
98,2,person,VISIBLE,97,0,0.7343,498.23,318.54,0.3,5.59,Purple,15756.96
98,3,person,VISIBLE,97,0,0.4022,464.94,370.02,1.74,1.8,Cyan,4119.02
98,4,person,OUT_OF_BOUNDS,22,75,0.167,-170.5,326.87,-2.23,-0.18,Neutral,520.32
98,5,person,OUT_OF_BOUNDS,73,20,0.778,1018.49,301.75,7.32,-0.63,Green,4776.3
98,6,person,VISIBLE,82,0,0.7615,652.99,364.28,-0.4,1.89,Green,22461.96
98,7,person,OCCLUDED,75,14,0.844,496.28,362.84,6.34,1.24,Green,3050.6
98,9,ball,OCCLUDED,52,8,0.911,451.29,263.44,0.15,-1.94,Black,560.47
98,10,person,VISIBLE,52,0,0.2996,844.12,373.05,1.57,4.3,Green,3958.3
98,11,person,VISIBLE,49,0,0.7863,436.5,372.09,3.87,2.33,Cyan,22474.73
98,13,person,VISIBLE,37,0,0.7926,727.14,363.38,0.02,1.01,Red,24031.74
98,14,person,VISIBLE,30,0,0.894,211.8,352.05,3.38,2.68,Purple,19390.47
98,15,ball,OCCLUDED,23,1,0.989,455.09,356.79,0.54,-2.03,Cyan,415.28
98,16,person,VISIBLE,24,0,0.7639,114.63,365.13,2.63,0.85,Red,4282.21
98,19,ball,VISIBLE,8,0,0.8194,470.68,206.53,1.94,-6.69,Yellow,941.58
99,1,person,OCCLUDED,77,21,0.767,694.99,349.84,3.13,0.97,Green,12210.16
99,2,person,VISIBLE,98,0,0.7479,500.11,324.1,1.41,5.57,Purple,17285.47
99,3,person,VISIBLE,98,0,0.421,465.81,371.34,1.12,1.46,Cyan,4105.37
99,4,person,OUT_OF_BOUNDS,22,76,0.156,-172.74,326.69,-2.23,-0.18,Neutral,520.32
99,5,person,OUT_OF_BOUNDS,73,21,0.767,1025.81,301.11,7.32,-0.63,Green,4776.3
99,6,person,VISIBLE,83,0,0.7972,652.36,366.81,-0.56,2.34,Green,21803.23
99,7,person,OCCLUDED,75,15,0.833,502.62,364.08,6.34,1.24,Green,3050.6
99,9,ball,OCCLUDED,52,9,0.9,451.43,261.5,0.15,-1.94,Black,560.47
99,10,person,VISIBLE,53,0,0.2996,845.77,376.1,1.62,3.42,Green,3240.75
99,11,person,VISIBLE,50,0,0.7666,439.05,374.0,2.94,2.03,Cyan,20789.36
99,13,person,VISIBLE,38,0,0.8212,727.61,364.62,0.33,1.17,Red,23714.49
99,14,person,VISIBLE,31,0,0.8887,213.99,354.71,2.55,2.66,Purple,19833.54
99,15,ball,OCCLUDED,23,2,0.978,455.63,354.76,0.54,-2.03,Cyan,415.28
99,16,person,VISIBLE,25,0,0.7464,117.44,366.37,2.76,1.12,Red,4313.74
99,19,ball,VISIBLE,9,0,0.8442,472.29,200.34,1.71,-6.33,Green,941.34
100,1,person,OCCLUDED,77,22,0.756,698.12,350.81,3.13,0.97,Green,12210.16
100,2,person,VISIBLE,99,0,0.7335,501.38,329.68,1.31,5.58,Pink,18277.36
100,3,person,VISIBLE,99,0,0.421,468.65,372.94,2.33,1.56,Cyan,4005.78
100,4,person,OUT_OF_BOUNDS,22,77,0.144,-174.97,326.51,-2.23,-0.18,Neutral,520.32
100,5,person,OUT_OF_BOUNDS,73,22,0.756,1033.13,300.48,7.32,-0.63,Green,4776.3
100,6,person,VISIBLE,84,0,0.7799,651.94,369.02,-0.46,2.25,Green,21120.61
100,7,person,OCCLUDED,75,16,0.822,508.96,365.31,6.34,1.24,Green,3050.6
100,9,ball,OCCLUDED,52,10,0.889,451.58,259.56,0.15,-1.94,Black,560.47
100,10,person,VISIBLE,54,0,0.2996,847.41,379.15,1.64,3.16,Green,2518.93
100,11,person,VISIBLE,51,0,0.731,440.47,375.85,1.88,1.91,Cyan,19566.41
100,13,person,VISIBLE,39,0,0.8145,728.7,365.72,0.86,1.12,Red,24001.35
100,14,person,VISIBLE,32,0,0.883,215.57,357.27,1.87,2.59,Purple,20110.99
100,15,ball,OCCLUDED,23,3,0.967,456.17,352.73,0.54,-2.03,Cyan,415.28
100,16,person,VISIBLE,26,0,0.7387,120.04,367.54,2.64,1.15,Red,4346.84
100,19,ball,VISIBLE,10,0,0.8429,473.79,194.69,1.57,-5.85,Green,947.52
101,1,person,OCCLUDED,77,23,0.744,701.24,351.77,3.13,0.97,Green,12210.16
101,2,person,VISIBLE,100,0,0.603,498.05,334.9,-1.94,5.33,Purple,19811.87
101,3,person,VISIBLE,100,0,0.421,471.5,374.53,2.7,1.58,Cyan,3904.83
101,4,person,OUT_OF_BOUNDS,22,78,0.133,-177.21,326.33,-2.23,-0.18,Neutral,520.32
101,5,person,OUT_OF_BOUNDS,73,23,0.744,1040.45,299.85,7.32,-0.63,Green,4776.3
101,6,person,VISIBLE,85,0,0.7551,651.99,371.47,-0.1,2.39,Green,20382.48
101,7,person,OCCLUDED,75,17,0.811,515.31,366.55,6.34,1.24,Green,3050.6
101,9,ball,OCCLUDED,52,11,0.878,451.73,257.62,0.15,-1.94,Black,560.47
101,10,person,VISIBLE,55,0,0.2996,849.06,382.2,1.64,3.08,Green,1792.85
101,11,person,VISIBLE,52,0,0.5557,443.07,377.32,2.39,1.6,Cyan,20654.21
101,13,person,VISIBLE,40,0,0.7921,731.74,366.67,2.39,1.0,Red,25534.7
101,14,person,VISIBLE,33,0,0.8636,217.36,360.15,1.82,2.8,Pink,20342.35
101,15,ball,OCCLUDED,23,4,0.956,456.71,350.7,0.54,-2.03,Cyan,415.28
101,16,person,VISIBLE,27,0,0.7578,121.11,368.53,1.55,1.04,Red,4494.35
101,19,ball,VISIBLE,11,0,0.8111,475.07,189.51,1.36,-5.38,Green,968.52
102,1,person,OCCLUDED,77,24,0.733,704.37,352.74,3.13,0.97,Green,12210.16
102,2,person,VISIBLE,101,0,0.5363,495.13,339.46,-2.63,4.78,Purple,20017.96
102,3,person,VISIBLE,101,0,0.421,474.36,376.13,2.8,1.59,Cyan,3802.53
102,4,person,OUT_OF_BOUNDS,22,79,0.122,-179.44,326.15,-2.23,-0.18,Neutral,520.32
102,5,person,OUT_OF_BOUNDS,73,24,0.733,1047.77,299.22,7.32,-0.63,Green,4776.3
102,6,person,VISIBLE,86,0,0.765,652.41,373.39,0.26,2.07,Green,19715.34
102,7,person,OCCLUDED,75,18,0.8,521.65,367.78,6.34,1.24,Green,3050.6
102,9,ball,OCCLUDED,52,12,0.867,451.87,255.68,0.15,-1.94,Black,560.47
102,10,person,VISIBLE,56,0,0.2996,850.71,385.25,1.65,3.06,Green,1062.5
102,11,person,VISIBLE,53,0,0.6166,439.71,381.52,-1.64,3.42,Cyan,19868.62
102,13,person,VISIBLE,41,0,0.8228,734.54,367.98,2.68,1.21,Red,27006.08
102,14,person,VISIBLE,34,0,0.8558,218.59,362.5,1.4,2.48,Purple,20475.43
102,15,ball,OCCLUDED,23,5,0.944,457.25,348.66,0.54,-2.03,Cyan,415.28
102,16,person,VISIBLE,28,0,0.7496,121.41,369.36,0.67,0.89,Red,4676.98
102,19,ball,VISIBLE,12,0,0.8582,476.11,185.04,1.14,-4.75,Green,974.38
103,1,person,OCCLUDED,77,25,0.722,707.5,353.71,3.13,0.97,Green,12210.16
103,2,person,VISIBLE,102,0,0.616,487.88,342.84,-5.87,3.8,Purple,20852.4
103,3,person,VISIBLE,102,0,0.421,477.21,377.73,2.84,1.6,Green,3698.88
103,4,person,OUT_OF_BOUNDS,22,80,0.111,-181.67,325.97,-2.23,-0.18,Neutral,520.32
103,5,person,OUT_OF_BOUNDS,73,25,0.722,1055.09,298.58,7.32,-0.63,Green,4776.3
103,6,person,VISIBLE,87,0,0.8088,653.15,374.99,0.6,1.73,Green,19069.89
103,7,person,OCCLUDED,75,19,0.789,527.99,369.02,6.34,1.24,Green,3050.6
103,9,ball,OCCLUDED,52,13,0.856,452.02,253.74,0.15,-1.94,Black,560.47
103,10,person,VISIBLE,57,0,0.2996,852.36,388.3,1.65,3.06,Neutral,327.88
103,11,person,VISIBLE,54,0,0.6642,435.94,386.79,-3.13,4.72,Cyan,18965.71
103,13,person,VISIBLE,42,0,0.8103,737.65,369.52,2.98,1.45,Red,28566.43
103,14,person,VISIBLE,35,0,0.8607,219.18,364.58,0.83,2.21,Purple,20637.81
103,15,ball,OCCLUDED,23,6,0.933,457.79,346.63,0.54,-2.03,Cyan,415.28
103,16,person,VISIBLE,29,0,0.7493,121.96,370.28,0.59,0.91,Pink,4702.62
103,19,ball,VISIBLE,13,0,0.8693,477.21,180.72,1.11,-4.45,Yellow,979.46
104,1,person,OCCLUDED,77,26,0.711,710.63,354.67,3.13,0.97,Green,12210.16
104,2,person,VISIBLE,103,0,0.6944,483.53,345.44,-4.8,2.96,Purple,20258.8
104,3,person,VISIBLE,103,0,0.421,480.06,379.32,2.85,1.6,Green,3593.88
104,4,person,OUT_OF_BOUNDS,22,81,0.1,-183.91,325.8,-2.23,-0.18,Neutral,520.32
104,5,person,OUT_OF_BOUNDS,73,26,0.711,1062.41,297.95,7.32,-0.63,Green,4776.3
104,6,person,VISIBLE,88,0,0.7872,654.17,376.37,0.89,1.49,Green,18438.69
104,7,person,OCCLUDED,75,20,0.778,534.33,370.25,6.34,1.24,Green,3050.6
104,9,ball,OCCLUDED,52,14,0.844,452.17,251.79,0.15,-1.94,Black,560.47
104,10,person,OCCLUDED,57,1,0.989,854.0,391.36,1.65,3.06,Neutral,327.88
104,11,person,VISIBLE,55,0,0.6867,432.95,390.71,-3.03,4.16,Cyan,18363.71
104,13,person,VISIBLE,43,0,0.8322,740.34,371.19,2.77,1.6,Red,29959.46
104,14,person,VISIBLE,36,0,0.8779,219.57,366.52,0.53,2.02,Purple,20679.86
104,15,ball,OCCLUDED,23,7,0.922,458.34,344.6,0.54,-2.03,Cyan,415.28
104,16,person,VISIBLE,30,0,0.751,122.57,371.26,0.61,0.96,Pink,4774.32
104,19,ball,VISIBLE,14,0,0.8696,478.18,176.44,1.01,-4.32,Yellow,979.94
105,1,person,OCCLUDED,77,27,0.7,713.75,355.64,3.13,0.97,Green,12210.16
105,2,person,VISIBLE,104,0,0.5825,482.16,348.5,-2.4,3.04,Pink,17273.92
105,3,person,OCCLUDED,103,1,0.989,482.9,380.92,2.85,1.6,Green,3593.88
105,4,person,OUT_OF_BOUNDS,22,82,0.089,-186.14,325.62,-2.23,-0.18,Neutral,520.32
105,5,person,OUT_OF_BOUNDS,73,27,0.7,1069.73,297.32,7.32,-0.63,Green,4776.3
105,6,person,VISIBLE,89,0,0.7658,655.51,378.56,1.21,1.98,Green,17548.95
105,7,person,OCCLUDED,75,21,0.767,540.67,371.49,6.34,1.24,Green,3050.6
105,9,ball,OCCLUDED,52,15,0.833,452.31,249.85,0.15,-1.94,Black,560.47
105,10,person,OCCLUDED,57,2,0.978,855.65,394.42,1.65,3.06,Neutral,327.88
105,11,person,VISIBLE,56,0,0.6539,429.69,393.12,-3.19,2.94,Blue,17465.14
105,13,person,VISIBLE,44,0,0.7779,743.09,373.32,2.75,1.97,Red,30834.94
105,14,person,VISIBLE,37,0,0.8836,220.77,368.88,0.99,2.26,Purple,21148.93
105,15,ball,OCCLUDED,23,8,0.911,458.88,342.57,0.54,-2.03,Cyan,415.28
105,16,person,VISIBLE,31,0,0.7438,123.5,372.51,0.83,1.16,Pink,4616.82
105,19,ball,VISIBLE,15,0,0.8096,478.94,172.61,0.84,-3.99,Green,980.53
106,1,person,OCCLUDED,77,28,0.689,716.88,356.61,3.13,0.97,Green,12210.16
106,2,person,VISIBLE,105,0,0.6085,481.9,351.35,-0.91,2.9,Pink,15059.36
106,3,person,OCCLUDED,103,2,0.978,485.75,382.52,2.85,1.6,Green,3593.88
106,4,person,OUT_OF_BOUNDS,22,83,0.078,-188.38,325.44,-2.23,-0.18,Neutral,520.32
106,5,person,OUT_OF_BOUNDS,73,28,0.689,1077.05,296.69,7.32,-0.63,Green,4776.3
106,6,person,VISIBLE,90,0,0.7661,656.5,380.76,1.05,2.13,Green,16603.18
106,7,person,OCCLUDED,75,22,0.756,547.01,372.73,6.34,1.24,Green,3050.6
106,9,ball,OCCLUDED,52,16,0.822,452.46,247.91,0.15,-1.94,Black,560.47
106,10,person,OCCLUDED,57,3,0.967,857.29,397.47,1.65,3.06,Neutral,327.88
106,11,person,VISIBLE,57,0,0.4749,434.84,393.74,2.65,1.31,Blue,14538.78
106,13,person,VISIBLE,45,0,0.7598,744.54,375.19,1.85,1.9,Red,31786.88
106,14,person,VISIBLE,38,0,0.8769,221.43,371.13,0.76,2.25,Purple,21328.79
106,15,ball,OCCLUDED,23,9,0.9,459.42,340.54,0.54,-2.03,Cyan,415.28
106,16,person,VISIBLE,32,0,0.7153,123.49,373.49,0.24,1.03,Pink,4479.5
106,19,ball,VISIBLE,16,0,0.7999,479.45,168.75,0.6,-3.9,Green,956.36
107,1,person,OCCLUDED,77,29,0.678,720.01,357.57,3.13,0.97,Green,12210.16
107,2,person,VISIBLE,106,0,0.5858,482.18,353.67,-0.08,2.49,Red,13834.3
107,3,person,OCCLUDED,103,3,0.967,488.59,384.11,2.85,1.6,Green,3593.88
107,4,person,OUT_OF_BOUNDS,22,84,0.067,-190.61,325.26,-2.23,-0.18,Neutral,520.32
107,5,person,OUT_OF_BOUNDS,73,29,0.678,1084.37,296.05,7.32,-0.63,Green,4776.3
107,6,person,VISIBLE,91,0,0.7262,658.05,382.74,1.4,2.03,Green,15454.59
107,7,person,OCCLUDED,75,23,0.744,553.36,373.96,6.34,1.24,Green,3050.6
107,9,ball,OCCLUDED,52,17,0.811,452.6,245.97,0.15,-1.94,Black,560.47
107,10,person,OCCLUDED,57,4,0.956,858.94,400.53,1.65,3.06,Neutral,327.88
107,11,person,VISIBLE,58,0,0.4142,438.19,395.14,3.14,1.38,Blue,12438.77
107,13,person,VISIBLE,46,0,0.7486,745.12,377.27,0.96,2.03,Pink,32435.24
107,14,person,VISIBLE,39,0,0.8665,221.83,373.64,0.51,2.44,Purple,21498.97
107,15,ball,OCCLUDED,23,10,0.889,459.96,338.5,0.54,-2.03,Cyan,415.28
107,16,person,VISIBLE,33,0,0.7204,122.78,374.55,-0.42,1.05,Pink,4305.26
107,19,ball,VISIBLE,17,0,0.8254,479.79,165.18,0.42,-3.67,Yellow,948.14
108,1,person,OCCLUDED,77,30,0.667,723.13,358.54,3.13,0.97,Green,12210.16
108,2,person,VISIBLE,107,0,0.6795,482.52,356.0,0.22,2.38,Red,13443.51
108,3,person,OCCLUDED,103,4,0.956,491.44,385.71,2.85,1.6,Green,3593.88
108,4,person,OUT_OF_BOUNDS,22,85,0.056,-192.84,325.08,-2.23,-0.18,Neutral,520.32
108,5,person,OUT_OF_BOUNDS,73,30,0.667,1091.69,295.42,7.32,-0.63,Green,4776.3
108,6,person,VISIBLE,92,0,0.7487,659.23,384.65,1.25,1.95,Green,14375.36
108,7,person,OCCLUDED,75,24,0.733,559.7,375.2,6.34,1.24,Green,3050.6
108,9,ball,OCCLUDED,52,18,0.8,452.75,244.03,0.15,-1.94,Black,560.47
108,10,person,OCCLUDED,57,5,0.944,860.58,403.59,1.65,3.06,Neutral,327.88
108,11,person,VISIBLE,59,0,0.4267,439.11,396.65,1.58,1.47,Cyan,11155.53
108,13,person,VISIBLE,47,0,0.7573,744.97,379.06,0.18,1.86,Pink,32626.98
108,14,person,VISIBLE,40,0,0.8723,222.1,376.52,0.35,2.74,Purple,21540.12
108,15,ball,OCCLUDED,23,11,0.878,460.5,336.47,0.54,-2.03,Cyan,415.28
108,16,person,VISIBLE,34,0,0.7285,121.89,376.1,-0.75,1.4,Pink,4202.32
108,19,ball,VISIBLE,18,0,0.8341,480.06,161.66,0.31,-3.56,Green,937.86
109,1,person,OCCLUDED,77,31,0.656,726.26,359.51,3.13,0.97,Green,12210.16
109,2,person,VISIBLE,108,0,0.4379,480.54,361.87,-1.32,4.82,Red,13423.44
109,3,person,OCCLUDED,103,5,0.944,494.28,387.3,2.85,1.6,Green,3593.88
109,4,person,OUT_OF_BOUNDS,22,86,0.044,-195.08,324.9,-2.23,-0.18,Neutral,520.32
109,5,person,OUT_OF_BOUNDS,73,31,0.656,1099.01,294.79,7.32,-0.63,Green,4776.3
109,6,person,VISIBLE,93,0,0.6872,660.03,387.03,0.94,2.25,Cyan,13127.0
109,7,person,OCCLUDED,75,25,0.722,566.04,376.43,6.34,1.24,Green,3050.6
109,9,ball,OCCLUDED,52,19,0.789,452.9,242.09,0.15,-1.94,Black,560.47
109,10,person,OCCLUDED,57,6,0.933,862.23,406.64,1.65,3.06,Neutral,327.88
109,11,person,VISIBLE,60,0,0.4642,440.16,398.83,1.22,1.96,Purple,9972.99
109,13,person,VISIBLE,48,0,0.6727,743.99,381.5,-0.63,2.27,Pink,32505.51
109,14,person,VISIBLE,41,0,0.873,222.82,379.9,0.6,3.19,Blue,21893.04
109,15,ball,OCCLUDED,23,12,0.867,461.04,334.44,0.54,-2.03,Cyan,415.28
109,16,person,VISIBLE,35,0,0.6968,121.19,378.2,-0.71,1.9,Pink,4214.2
109,19,ball,VISIBLE,19,0,0.8792,479.99,158.39,0.04,-3.35,Green,946.3
110,1,person,OCCLUDED,77,32,0.644,729.39,360.47,3.13,0.97,Green,12210.16
110,2,person,VISIBLE,109,0,0.3351,484.46,381.18,2.35,14.96,Blue,10946.25
110,3,person,VISIBLE,104,0,0.3708,392.08,407.19,-9.41,3.73,Purple,3427.86
110,4,person,OUT_OF_BOUNDS,22,87,0.033,-197.31,324.72,-2.23,-0.18,Neutral,520.32
110,5,person,OUT_OF_BOUNDS,73,32,0.644,1106.33,294.16,7.32,-0.63,Green,4776.3
110,6,person,VISIBLE,94,0,0.7142,659.59,389.41,-0.03,2.34,Green,12456.78
110,7,person,OCCLUDED,75,26,0.711,572.38,377.67,6.34,1.24,Green,3050.6
110,9,ball,OCCLUDED,52,20,0.778,453.04,240.15,0.15,-1.94,Black,560.47
110,10,person,OCCLUDED,57,7,0.922,863.88,409.7,1.65,3.06,Neutral,327.88
110,11,person,VISIBLE,61,0,0.4607,439.1,401.31,-0.38,2.33,Red,9615.2
110,13,person,VISIBLE,49,0,0.7365,740.86,383.9,-2.38,2.36,Pink,32771.03
110,14,person,VISIBLE,42,0,0.8746,223.0,382.91,0.3,3.06,Purple,22123.94
110,15,ball,OCCLUDED,23,13,0.856,461.58,332.41,0.54,-2.03,Cyan,415.28
110,16,person,VISIBLE,36,0,0.7042,119.97,380.25,-1.07,2.0,Pink,4182.03
110,19,ball,VISIBLE,20,0,0.9296,479.98,155.66,0.01,-2.92,Green,959.28
111,1,person,OCCLUDED,77,33,0.633,732.52,361.44,3.13,0.97,Green,12210.16
111,2,person,VISIBLE,110,0,0.5736,490.89,394.67,5.2,13.93,Green,9003.64
111,3,person,VISIBLE,105,0,0.3887,390.57,408.8,-3.88,2.24,Purple,3386.87
111,4,person,OUT_OF_BOUNDS,22,88,0.022,-199.55,324.54,-2.23,-0.18,Neutral,520.32
111,5,person,OUT_OF_BOUNDS,73,33,0.633,1113.65,293.52,7.32,-0.63,Green,4776.3
111,6,person,VISIBLE,95,0,0.6839,659.17,391.53,-0.3,2.18,Cyan,12323.53
111,7,person,OCCLUDED,75,27,0.7,578.72,378.9,6.34,1.24,Green,3050.6
111,9,ball,OCCLUDED,52,21,0.767,453.19,238.21,0.15,-1.94,Black,560.47
111,10,person,OCCLUDED,57,8,0.911,865.52,412.76,1.65,3.06,Neutral,327.88
111,11,person,VISIBLE,62,0,0.3482,436.6,404.06,-1.86,2.62,Pink,9285.75
111,13,person,VISIBLE,50,0,0.6878,736.25,386.37,-3.94,2.44,Pink,32609.14
111,14,person,VISIBLE,43,0,0.8733,223.18,385.54,0.22,2.76,Blue,22287.96
111,15,ball,OCCLUDED,23,14,0.844,462.12,330.38,0.54,-2.03,Cyan,415.28
111,16,person,VISIBLE,37,0,0.6963,118.55,382.14,-1.31,1.92,Pink,4147.32
111,19,ball,VISIBLE,21,0,0.922,479.92,153.17,-0.04,-2.62,Green,961.58
112,1,person,VISIBLE,78,0,0.3242,461.72,354.14,-2.51,0.8,Red,8969.18
112,2,person,VISIBLE,111,0,0.6036,493.41,404.12,3.32,10.79,Green,7956.41
112,3,person,VISIBLE,106,0,0.3793,390.03,410.8,-1.54,2.08,Purple,3497.1
112,4,person,OUT_OF_BOUNDS,22,89,0.011,-201.78,324.36,-2.23,-0.18,Neutral,520.32
112,5,person,OUT_OF_BOUNDS,73,34,0.622,1120.97,292.89,7.32,-0.63,Green,4776.3
112,6,person,VISIBLE,96,0,0.6634,658.41,393.7,-0.62,2.17,Cyan,12631.78
112,7,person,OCCLUDED,75,28,0.689,585.06,380.14,6.34,1.24,Green,3050.6
112,9,ball,OCCLUDED,52,22,0.756,453.34,236.27,0.15,-1.94,Black,560.47
112,10,person,OCCLUDED,57,9,0.9,867.17,415.81,1.65,3.06,Neutral,327.88
112,11,person,VISIBLE,63,0,0.2944,435.27,409.01,-1.49,4.25,Cyan,8241.75
112,13,person,VISIBLE,51,0,0.5892,734.22,388.55,-2.6,2.25,Pink,30680.89
112,14,person,VISIBLE,44,0,0.8725,223.16,388.01,0.06,2.56,Purple,22456.92
112,15,ball,OCCLUDED,23,15,0.833,462.66,328.34,0.54,-2.03,Cyan,415.28
112,16,person,VISIBLE,38,0,0.6893,116.36,383.76,-1.93,1.71,Pink,4046.75
112,19,ball,VISIBLE,22,0,0.8519,479.93,151.0,-0.01,-2.31,Green,971.79
113,1,person,VISIBLE,79,0,0.6401,455.24,367.83,-5.29,9.82,Red,12359.74
113,2,person,VISIBLE,112,0,0.6798,495.34,410.45,2.35,7.67,Green,7709.16
113,3,person,VISIBLE,107,0,0.4273,389.91,412.94,-0.55,2.12,Purple,3824.84
113,4,person,OUT_OF_BOUNDS,22,90,0.0,-204.01,324.18,-2.23,-0.18,Neutral,520.32
113,5,person,OUT_OF_BOUNDS,73,35,0.611,1128.29,292.26,7.32,-0.63,Green,4776.3
113,6,person,VISIBLE,97,0,0.6255,656.62,396.12,-1.44,2.34,Cyan,12539.03
113,7,person,OCCLUDED,75,29,0.678,591.41,381.37,6.34,1.24,Green,3050.6
113,9,ball,OCCLUDED,52,23,0.744,453.48,234.32,0.15,-1.94,Black,560.47
113,10,person,OCCLUDED,57,10,0.889,868.81,418.87,1.65,3.06,Neutral,327.88
113,11,person,VISIBLE,64,0,0.2944,434.73,412.03,-0.83,3.39,Red,7447.42
113,13,person,VISIBLE,52,0,0.5576,727.86,391.09,-5.23,2.46,Red,29427.37
113,14,person,VISIBLE,45,0,0.8665,224.22,390.93,0.76,2.81,Purple,23220.43
113,15,ball,OCCLUDED,23,16,0.822,463.2,326.31,0.54,-2.03,Cyan,415.28
113,16,person,VISIBLE,39,0,0.6529,113.84,385.56,-2.34,1.77,Red,3968.63
113,19,ball,VISIBLE,23,0,0.8575,479.97,148.65,0.03,-2.34,Green,972.8
114,1,person,VISIBLE,80,0,0.5028,449.64,377.25,-5.5,9.54,Red,13986.98
114,2,person,VISIBLE,113,0,0.6328,495.46,414.57,0.79,5.19,Green,7824.51
114,3,person,VISIBLE,108,0,0.4406,389.72,415.07,-0.3,2.13,Blue,4168.32
114,4,person,OUT_OF_BOUNDS,22,91,0.0,-206.25,324.0,-2.23,-0.18,Neutral,520.32
114,5,person,OUT_OF_BOUNDS,73,36,0.6,1135.61,291.63,7.32,-0.63,Green,4776.3
114,6,person,VISIBLE,98,0,0.6565,654.42,398.24,-1.97,2.19,Cyan,12274.42
114,7,person,OCCLUDED,75,30,0.667,597.75,382.61,6.34,1.24,Green,3050.6
114,9,ball,OCCLUDED,52,24,0.733,453.63,232.38,0.15,-1.94,Black,560.47
114,10,person,OCCLUDED,57,11,0.878,870.46,421.93,1.65,3.06,Neutral,327.88
114,11,person,VISIBLE,65,0,0.2944,434.18,415.06,-0.63,3.13,Red,6692.8
114,13,person,VISIBLE,53,0,0.5093,719.2,393.32,-7.63,2.3,Red,26568.8
114,14,person,VISIBLE,46,0,0.8667,225.62,393.21,1.21,2.44,Purple,23908.44
114,15,ball,OCCLUDED,23,17,0.811,463.74,324.28,0.54,-2.03,Cyan,415.28
114,16,person,VISIBLE,40,0,0.6455,111.83,387.21,-2.11,1.68,Pink,3924.91
114,19,ball,VISIBLE,24,0,0.859,479.78,146.72,-0.12,-2.05,Green,966.75
115,1,person,VISIBLE,81,0,0.4469,449.83,373.42,-1.51,0.18,Red,11059.3
115,2,person,VISIBLE,114,0,0.6148,494.2,417.19,-0.65,3.39,Green,8130.97
115,3,person,VISIBLE,109,0,0.3311,384.8,416.57,-3.53,1.69,Blue,3892.37
115,4,person,OUT_OF_BOUNDS,22,92,0.0,-208.48,323.82,-2.23,-0.18,Neutral,520.32
115,5,person,OUT_OF_BOUNDS,73,37,0.589,1142.93,290.99,7.32,-0.63,Green,4776.3
115,6,person,VISIBLE,99,0,0.6322,651.42,400.19,-2.69,2.02,Cyan,11772.4
115,7,person,OCCLUDED,75,31,0.656,604.09,383.85,6.34,1.24,Green,3050.6
115,9,ball,OCCLUDED,52,25,0.722,453.78,230.44,0.15,-1.94,Black,560.47
115,10,person,OCCLUDED,57,12,0.867,872.11,424.98,1.65,3.06,Neutral,327.88
115,11,person,VISIBLE,66,0,0.2944,433.63,418.08,-0.57,3.05,Red,5977.88
115,13,person,VISIBLE,54,0,0.6123,712.64,395.53,-6.88,2.24,Red,23645.35
115,14,person,VISIBLE,47,0,0.8715,226.81,395.31,1.19,2.21,Purple,24267.99
115,15,ball,OCCLUDED,23,18,0.8,464.28,322.25,0.54,-2.03,Cyan,415.28
115,16,person,VISIBLE,41,0,0.6223,110.16,388.6,-1.8,1.48,Red,3831.96
115,19,ball,VISIBLE,25,0,0.8699,479.61,145.08,-0.16,-1.76,Green,970.37
116,1,person,VISIBLE,82,0,0.375,443.19,381.6,-5.1,5.78,Red,11893.04
116,2,person,VISIBLE,115,0,0.6779,494.1,418.72,-0.26,2.08,Green,8110.0
116,3,person,VISIBLE,110,0,0.3299,380.92,418.59,-3.78,1.92,Blue,3711.52
116,4,person,OUT_OF_BOUNDS,22,93,0.0,-210.72,323.64,-2.23,-0.18,Neutral,520.32
116,5,person,OUT_OF_BOUNDS,73,38,0.578,1150.25,290.36,7.32,-0.63,Green,4776.3
116,6,person,VISIBLE,100,0,0.6119,648.05,402.19,-3.17,2.01,Cyan,11141.18
116,7,person,OCCLUDED,75,32,0.644,610.43,385.08,6.34,1.24,Green,3050.6
116,9,ball,OCCLUDED,52,26,0.711,453.92,228.5,0.15,-1.94,Black,560.47
116,10,person,OCCLUDED,57,13,0.856,873.75,428.04,1.65,3.06,Neutral,327.88
116,11,person,VISIBLE,67,0,0.2944,433.09,421.1,-0.55,3.03,Green,5302.67
116,13,person,VISIBLE,55,0,0.6372,706.02,397.56,-6.69,2.09,Red,21227.15
116,14,person,VISIBLE,48,0,0.8428,227.87,397.12,1.1,1.93,Purple,24434.9
116,15,ball,OCCLUDED,23,19,0.789,464.82,320.21,0.54,-2.03,Cyan,415.28
116,16,person,VISIBLE,42,0,0.6199,108.75,390.18,-1.53,1.55,Red,3796.08
116,19,ball,VISIBLE,26,0,0.8553,479.56,143.55,-0.08,-1.6,Yellow,967.66
117,1,person,VISIBLE,83,0,0.6583,437.35,388.59,-5.62,6.63,Red,12277.68
117,2,person,VISIBLE,116,0,0.7407,495.79,419.8,1.1,1.38,Green,8212.02
117,3,person,VISIBLE,111,0,0.4086,378.01,421.01,-3.17,2.27,Blue,3915.08
117,4,person,OUT_OF_BOUNDS,22,94,0.0,-212.95,323.46,-2.23,-0.18,Neutral,520.32
117,5,person,OUT_OF_BOUNDS,73,39,0.567,1157.57,289.73,7.32,-0.63,Green,4776.3
117,6,person,VISIBLE,101,0,0.579,644.48,404.26,-3.45,2.06,Cyan,10809.68
117,7,person,OCCLUDED,75,33,0.633,616.77,386.32,6.34,1.24,Green,3050.6
117,9,ball,OCCLUDED,52,27,0.7,454.07,226.56,0.15,-1.94,Black,560.47
117,10,person,OUT_OF_BOUNDS,57,14,0.844,875.4,431.1,1.65,3.06,Neutral,327.88
117,11,person,VISIBLE,68,0,0.2944,432.53,424.12,-0.55,3.02,Red,4667.16
117,13,person,VISIBLE,56,0,0.6725,699.17,399.71,-6.8,2.13,Red,18119.52
117,14,person,VISIBLE,49,0,0.8321,231.23,398.73,2.68,1.7,Purple,25137.28
117,15,ball,OCCLUDED,23,20,0.778,465.36,318.18,0.54,-2.03,Cyan,415.28
117,16,person,VISIBLE,43,0,0.587,108.06,391.88,-0.94,1.65,Red,3757.92
117,19,ball,VISIBLE,27,0,0.8604,479.4,142.13,-0.14,-1.47,Green,977.12
118,1,person,VISIBLE,84,0,0.6811,431.89,393.57,-5.51,5.47,Red,12271.92
118,2,person,VISIBLE,117,0,0.774,496.66,420.53,0.94,0.93,Green,8273.26
118,3,person,VISIBLE,112,0,0.3967,375.79,423.12,-2.5,2.15,Blue,4191.96
118,4,person,OUT_OF_BOUNDS,22,95,0.0,-215.19,323.28,-2.23,-0.18,Neutral,520.32
118,5,person,OUT_OF_BOUNDS,73,40,0.556,1164.89,289.1,7.32,-0.63,Green,4776.3
118,6,person,VISIBLE,102,0,0.6815,641.64,406.17,-3.02,1.95,Cyan,10622.48
118,7,person,OCCLUDED,75,34,0.622,623.12,387.55,6.34,1.24,Green,3050.6
118,9,ball,OCCLUDED,52,28,0.689,454.22,224.62,0.15,-1.94,Black,560.47
118,10,person,OUT_OF_BOUNDS,57,15,0.833,877.04,434.15,1.65,3.06,Neutral,327.88
118,11,person,OCCLUDED,68,1,0.989,431.98,427.14,-0.55,3.02,Red,4667.16
118,13,person,VISIBLE,57,0,0.6666,692.15,401.46,-6.96,1.86,Red,16360.78
118,14,person,VISIBLE,50,0,0.8108,233.94,400.04,2.7,1.43,Purple,25481.4
118,15,ball,OCCLUDED,23,21,0.767,465.91,316.15,0.54,-2.03,Cyan,415.28
118,16,person,VISIBLE,44,0,0.5757,107.51,393.21,-0.66,1.43,Pink,3826.98
118,19,ball,VISIBLE,28,0,0.8792,479.26,140.91,-0.14,-1.3,Green,984.43
119,1,person,VISIBLE,85,0,0.5923,427.22,397.58,-4.93,4.45,Red,12424.42
119,2,person,VISIBLE,118,0,0.7706,496.64,420.9,0.27,0.54,Green,8249.27
119,3,person,VISIBLE,113,0,0.4813,374.27,424.7,-1.81,1.76,Blue,4461.33
119,4,person,OUT_OF_BOUNDS,22,96,0.0,-217.42,323.1,-2.23,-0.18,Neutral,520.32
119,5,person,OUT_OF_BOUNDS,73,41,0.544,1172.21,288.46,7.32,-0.63,Green,4776.3
119,6,person,VISIBLE,103,0,0.6569,638.92,407.56,-2.81,1.55,Cyan,10598.93
119,7,person,VISIBLE,76,0,0.4192,843.59,405.29,10.62,1.57,Grey,3111.59
119,9,ball,OCCLUDED,52,29,0.678,454.36,222.68,0.15,-1.94,Black,560.47
119,10,person,OUT_OF_BOUNDS,57,16,0.822,878.69,437.21,1.65,3.06,Neutral,327.88
119,11,person,OCCLUDED,68,2,0.978,431.43,430.16,-0.55,3.02,Red,4667.16
119,13,person,VISIBLE,58,0,0.6615,687.26,403.05,-5.51,1.68,Red,14574.5
119,14,person,VISIBLE,51,0,0.821,237.51,401.23,3.31,1.26,Purple,26051.19
119,15,ball,OCCLUDED,23,22,0.756,466.45,314.12,0.54,-2.03,Cyan,415.28
119,16,person,VISIBLE,45,0,0.5712,106.96,394.72,-0.58,1.48,Purple,4012.09
119,19,ball,VISIBLE,29,0,0.8834,479.13,139.8,-0.14,-1.17,Green,992.01
120,1,person,VISIBLE,86,0,0.5644,422.31,401.07,-4.91,3.78,Red,12157.66
120,2,person,VISIBLE,119,0,0.7586,495.93,421.23,-0.42,0.39,Green,8250.0
120,3,person,VISIBLE,114,0,0.4072,371.41,426.0,-2.55,1.44,Blue,4527.08
120,4,person,OUT_OF_BOUNDS,22,97,0.0,-219.65,322.92,-2.23,-0.18,Neutral,520.32
120,5,person,OUT_OF_BOUNDS,73,42,0.533,1179.53,287.83,7.32,-0.63,Green,4776.3
120,6,person,VISIBLE,104,0,0.5939,636.45,408.96,-2.58,1.45,Cyan,10086.37
120,7,person,VISIBLE,77,0,0.4849,842.65,406.04,2.53,0.99,Cyan,3356.84
120,9,ball,OCCLUDED,52,30,0.667,454.51,220.74,0.15,-1.94,Black,560.47
120,10,person,OUT_OF_BOUNDS,57,17,0.811,880.33,440.27,1.65,3.06,Neutral,327.88
120,11,person,OCCLUDED,68,3,0.967,430.88,433.18,-0.55,3.02,Red,4667.16
120,13,person,VISIBLE,59,0,0.6551,682.61,404.33,-4.91,1.4,Red,13319.32
120,14,person,VISIBLE,52,0,0.8386,240.35,402.2,2.98,1.06,Purple,26319.37
120,15,ball,OCCLUDED,23,23,0.744,466.99,312.09,0.54,-2.03,Cyan,415.28
120,16,person,VISIBLE,46,0,0.6473,106.34,395.89,-0.61,1.27,Blue,4225.87
120,19,ball,VISIBLE,30,0,0.8875,479.03,138.45,-0.11,-1.29,Green,994.24
121,1,person,VISIBLE,87,0,0.6141,417.22,404.01,-5.04,3.19,Red,12066.04
121,2,person,VISIBLE,120,0,0.7865,496.05,422.03,-0.04,0.68,Green,7980.46
121,3,person,VISIBLE,115,0,0.4406,368.54,427.33,-2.77,1.36,Blue,4589.04
121,4,person,OUT_OF_BOUNDS,22,98,0.0,-221.89,322.74,-2.23,-0.18,Neutral,520.32
121,5,person,OUT_OF_BOUNDS,73,43,0.522,1186.85,287.2,7.32,-0.63,Green,4776.3
121,6,person,VISIBLE,105,0,0.619,634.65,410.05,-2.03,1.2,Cyan,9694.83
121,7,person,VISIBLE,78,0,0.5926,841.55,406.86,-0.02,0.87,Cyan,3644.12
121,9,ball,OCCLUDED,52,31,0.656,454.66,218.8,0.15,-1.94,Black,560.47
121,10,person,OUT_OF_BOUNDS,57,18,0.8,881.98,443.32,1.65,3.06,Neutral,327.88
121,11,person,OCCLUDED,68,4,0.956,430.33,436.21,-0.55,3.02,Red,4667.16
121,13,person,VISIBLE,60,0,0.6332,677.77,405.57,-4.86,1.28,Red,12552.06
121,14,person,VISIBLE,53,0,0.8364,242.28,399.18,2.25,-1.8,Green,27729.5
121,15,ball,OCCLUDED,23,24,0.733,467.53,310.05,0.54,-2.03,Cyan,415.28
121,16,person,VISIBLE,47,0,0.6763,106.15,397.24,-0.32,1.32,Blue,4614.56
121,19,ball,VISIBLE,31,0,0.9065,478.78,137.07,-0.21,-1.35,Green,1002.6
122,1,person,VISIBLE,88,0,0.6508,411.74,406.69,-5.35,2.83,Pink,12099.15
122,2,person,VISIBLE,121,0,0.7414,495.38,422.5,-0.48,0.53,Green,7731.07
122,3,person,VISIBLE,116,0,0.4939,365.33,428.39,-3.08,1.15,Blue,4530.03
122,4,person,OUT_OF_BOUNDS,22,99,0.0,-224.12,322.56,-2.23,-0.18,Neutral,520.32
122,5,person,OUT_OF_BOUNDS,73,44,0.511,1194.17,286.57,7.32,-0.63,Green,4776.3
122,6,person,VISIBLE,106,0,0.5944,633.14,411.16,-1.66,1.14,Cyan,9207.71
122,7,person,VISIBLE,79,0,0.6498,840.45,407.51,-0.77,0.72,Cyan,3927.68
122,9,ball,OCCLUDED,52,32,0.644,454.8,216.86,0.15,-1.94,Black,560.47
122,10,person,OUT_OF_BOUNDS,57,19,0.789,883.63,446.38,1.65,3.06,Neutral,327.88
122,11,person,OCCLUDED,68,5,0.944,429.78,439.23,-0.55,3.02,Red,4667.16
122,13,person,VISIBLE,61,0,0.6541,674.01,406.5,-4.08,1.04,Red,11916.14
122,14,person,VISIBLE,54,0,0.8728,244.41,394.26,2.17,-3.98,Green,29827.3
122,15,ball,OCCLUDED,23,25,0.722,468.07,308.02,0.54,-2.03,Cyan,415.28
122,16,person,VISIBLE,48,0,0.7187,105.5,398.42,-0.54,1.23,Cyan,4991.87
122,19,ball,VISIBLE,32,0,0.881,478.5,136.08,-0.27,-1.1,Green,1012.02
123,1,person,VISIBLE,89,0,0.6484,407.52,409.31,-4.55,2.68,Pink,11864.16
123,2,person,VISIBLE,122,0,0.7375,494.6,423.0,-0.69,0.51,Cyan,7530.9
123,3,person,VISIBLE,117,0,0.4476,362.55,429.32,-2.87,0.99,Blue,4485.89
123,4,person,OUT_OF_BOUNDS,22,100,0.0,-226.36,322.38,-2.23,-0.18,Neutral,520.32
123,5,person,OUT_OF_BOUNDS,73,45,0.5,1201.49,285.93,7.32,-0.63,Green,4776.3
123,6,person,VISIBLE,107,0,0.5484,630.98,411.68,-2.01,0.71,Cyan,8696.05
123,7,person,VISIBLE,80,0,0.6688,839.37,408.29,-0.99,0.76,Cyan,4197.67
123,9,ball,OCCLUDED,52,33,0.633,454.95,214.91,0.15,-1.94,Black,560.47
123,10,person,OUT_OF_BOUNDS,57,20,0.778,885.27,449.44,1.65,3.06,Neutral,327.88
123,11,person,OCCLUDED,68,6,0.933,429.23,442.25,-0.55,3.02,Red,4667.16
123,13,person,VISIBLE,62,0,0.5415,671.29,407.36,-3.13,0.91,Red,11221.83
123,14,person,VISIBLE,55,0,0.8459,246.47,391.63,2.09,-3.04,Green,31105.66
123,15,ball,OCCLUDED,23,26,0.711,468.61,305.99,0.54,-2.03,Cyan,415.28
123,16,person,VISIBLE,49,0,0.7086,105.03,399.56,-0.49,1.17,Cyan,5401.88
123,19,ball,VISIBLE,33,0,0.8899,478.33,135.22,-0.2,-0.93,Green,1019.41
124,1,person,VISIBLE,90,0,0.675,404.35,411.74,-3.59,2.5,Pink,11483.5
124,2,person,VISIBLE,123,0,0.753,493.31,423.71,-1.1,0.65,Cyan,7307.28
124,3,person,VISIBLE,118,0,0.4935,358.19,429.81,-3.91,0.64,Blue,4289.06
124,4,person,OUT_OF_BOUNDS,22,101,0.0,-228.59,322.2,-2.23,-0.18,Neutral,520.32
124,5,person,OUT_OF_BOUNDS,73,46,0.489,1208.81,285.3,7.32,-0.63,Green,4776.3
124,6,person,VISIBLE,108,0,0.5902,628.91,411.32,-2.06,-0.04,Cyan,8368.2
124,7,person,VISIBLE,81,0,0.6954,838.48,407.97,-0.92,0.0,Cyan,4472.25
124,9,ball,OCCLUDED,52,34,0.622,455.09,212.97,0.15,-1.94,Black,560.47
124,10,person,OUT_OF_BOUNDS,57,21,0.767,886.92,452.49,1.65,3.06,Neutral,327.88
124,11,person,OCCLUDED,68,7,0.922,428.68,445.28,-0.55,3.02,Red,4667.16
124,13,person,VISIBLE,63,0,0.5316,669.1,408.03,-2.47,0.75,Red,10617.85
124,14,person,VISIBLE,56,0,0.8581,248.75,395.65,2.23,1.91,Green,30125.33
124,15,ball,OCCLUDED,23,27,0.7,469.15,303.96,0.54,-2.03,Cyan,415.28
124,16,person,VISIBLE,50,0,0.6658,104.37,400.55,-0.62,1.04,Cyan,5720.86
124,19,ball,VISIBLE,34,0,0.8807,478.22,134.46,-0.14,-0.82,Green,1030.96
125,1,person,VISIBLE,91,0,0.6122,401.27,414.36,-3.23,2.58,Red,11121.88
125,2,person,VISIBLE,124,0,0.7785,492.47,424.37,-0.93,0.65,Cyan,7268.14
125,3,person,VISIBLE,119,0,0.3758,356.79,430.43,-2.16,0.63,Blue,4390.9
125,4,person,OUT_OF_BOUNDS,22,102,0.0,-230.82,322.02,-2.23,-0.18,Neutral,520.32
125,5,person,OUT_OF_BOUNDS,73,47,0.478,1216.13,284.67,7.32,-0.63,Green,4776.3
125,6,person,VISIBLE,109,0,0.5717,627.06,410.65,-1.92,-0.48,Cyan,8226.07
125,7,person,VISIBLE,82,0,0.7154,836.79,407.6,-1.46,-0.26,Cyan,4984.35
125,9,ball,OCCLUDED,52,35,0.611,455.24,211.03,0.15,-1.94,Black,560.47
125,10,person,OUT_OF_BOUNDS,57,22,0.756,888.56,455.55,1.65,3.06,Neutral,327.88
125,11,person,OCCLUDED,68,8,0.911,428.13,448.3,-0.55,3.02,Red,4667.16
125,13,person,VISIBLE,64,0,0.4758,666.81,408.63,-2.34,0.64,Red,10054.12
125,14,person,VISIBLE,57,0,0.8802,251.4,399.38,2.52,3.18,Green,29161.87
125,15,ball,OCCLUDED,23,28,0.689,469.69,301.93,0.54,-2.03,Cyan,415.28
125,16,person,VISIBLE,51,0,0.7021,103.25,401.66,-0.96,1.09,Blue,6082.54
125,19,ball,VISIBLE,35,0,0.9198,477.99,133.8,-0.2,-0.7,Green,1041.94
126,1,person,VISIBLE,92,0,0.6288,393.08,416.61,-6.71,2.35,Pink,12369.88
126,2,person,VISIBLE,125,0,0.7761,491.18,424.9,-1.18,0.57,Cyan,7186.49
126,3,person,VISIBLE,120,0,0.3567,354.07,430.85,-2.55,0.48,Cyan,4422.94
126,4,person,OUT_OF_BOUNDS,22,103,0.0,-233.06,321.84,-2.23,-0.18,Neutral,520.32
126,5,person,OUT_OF_BOUNDS,73,48,0.467,1223.45,284.04,7.32,-0.63,Green,4776.3
126,6,person,VISIBLE,110,0,0.3985,625.68,407.54,-1.54,-2.32,Cyan,8905.27
126,7,person,VISIBLE,83,0,0.7592,835.32,407.36,-1.47,-0.25,Cyan,5429.1
126,9,ball,OCCLUDED,52,36,0.6,455.39,209.09,0.15,-1.94,Black,560.47
126,10,person,OUT_OF_BOUNDS,57,23,0.744,890.21,458.61,1.65,3.06,Neutral,327.88
126,11,person,OCCLUDED,68,9,0.9,427.57,451.32,-0.55,3.02,Red,4667.16
126,13,person,VISIBLE,65,0,0.4682,663.57,409.11,-2.97,0.53,Red,10021.66
126,14,person,VISIBLE,58,0,0.8745,254.07,402.07,2.62,2.83,Green,28442.27
126,15,ball,OCCLUDED,23,29,0.678,470.23,299.89,0.54,-2.03,Cyan,415.28
126,16,person,VISIBLE,52,0,0.7261,101.58,402.69,-1.46,1.05,Blue,6272.42
126,19,ball,VISIBLE,36,0,0.9292,477.69,133.35,-0.27,-0.52,Green,1053.12
127,1,person,VISIBLE,93,0,0.7213,387.14,418.76,-6.16,2.21,Pink,13235.45
127,2,person,VISIBLE,126,0,0.7815,489.58,425.35,-1.47,0.48,Cyan,7121.31
127,3,person,VISIBLE,121,0,0.2955,350.92,430.82,-2.97,0.13,Cyan,4536.23
127,4,person,OUT_OF_BOUNDS,22,104,0.0,-235.29,321.66,-2.23,-0.18,Neutral,520.32
127,5,person,OUT_OF_BOUNDS,73,49,0.456,1230.78,283.41,7.32,-0.63,Green,4776.3
127,6,person,VISIBLE,111,0,0.3985,623.81,407.0,-1.77,-1.07,Cyan,8848.15
127,7,person,VISIBLE,84,0,0.7493,833.8,407.28,-1.5,-0.13,Cyan,5876.48
127,9,ball,OCCLUDED,52,37,0.589,455.53,207.15,0.15,-1.94,Black,560.47
127,10,person,OUT_OF_BOUNDS,57,24,0.733,891.86,461.66,1.65,3.06,Neutral,327.88
127,11,person,OCCLUDED,68,10,0.889,427.02,454.35,-0.55,3.02,Red,4667.16
127,13,person,VISIBLE,66,0,0.4468,652.73,407.42,-8.47,-1.02,Red,12179.0
127,14,person,VISIBLE,59,0,0.8764,256.67,403.91,2.61,2.14,Green,27895.83
127,15,ball,OCCLUDED,23,30,0.667,470.77,297.86,0.54,-2.03,Cyan,415.28
127,16,person,VISIBLE,53,0,0.746,99.52,403.58,-1.88,0.93,Blue,6418.25
127,19,ball,VISIBLE,37,0,0.9059,477.4,133.06,-0.28,-0.36,Green,1068.45
128,1,person,VISIBLE,94,0,0.6883,382.78,420.44,-4.9,1.83,Purple,14056.28
128,2,person,VISIBLE,127,0,0.777,487.7,425.7,-1.76,0.39,Cyan,7186.07
128,3,person,VISIBLE,122,0,0.2955,348.11,431.42,-2.86,0.46,Green,4576.96
128,4,person,OUT_OF_BOUNDS,22,105,0.0,-237.53,321.48,-2.23,-0.18,Neutral,520.32
128,5,person,OUT_OF_BOUNDS,73,50,0.444,1238.1,282.77,7.32,-0.63,Green,4776.3
128,6,person,VISIBLE,112,0,0.41,622.38,404.15,-1.53,-2.32,Cyan,10160.39
128,7,person,VISIBLE,85,0,0.7586,832.28,407.23,-1.51,-0.08,Cyan,6322.07
128,9,ball,OCCLUDED,52,38,0.578,455.68,205.21,0.15,-1.94,Black,560.47
128,10,person,OUT_OF_BOUNDS,57,25,0.722,893.5,464.72,1.65,3.06,Neutral,327.88
128,11,person,OCCLUDED,68,11,0.878,426.47,457.37,-0.55,3.02,Red,4667.16
128,13,person,VISIBLE,67,0,0.4893,653.22,408.63,-2.2,0.54,Red,11231.56
128,14,person,VISIBLE,60,0,0.8554,259.27,405.06,2.61,1.45,Green,27396.07
128,15,ball,OCCLUDED,23,31,0.656,471.31,295.83,0.54,-2.03,Cyan,415.28
128,16,person,VISIBLE,54,0,0.7595,97.03,404.14,-2.31,0.68,Blue,6510.2
128,19,ball,VISIBLE,38,0,0.8871,477.18,132.77,-0.24,-0.31,Green,1075.32
129,1,person,VISIBLE,95,0,0.604,378.38,421.53,-4.55,1.32,Purple,14688.31
129,2,person,VISIBLE,128,0,0.7461,486.9,425.99,-1.08,0.32,Cyan,7260.15
129,3,person,VISIBLE,123,0,0.2955,345.29,432.02,-2.83,0.56,Green,4617.48
129,4,person,OUT_OF_BOUNDS,22,106,0.0,-239.76,321.3,-2.23,-0.18,Neutral,520.32
129,5,person,OUT_OF_BOUNDS,73,51,0.433,1245.42,282.14,7.32,-0.63,Green,4776.3
129,6,person,VISIBLE,113,0,0.4853,617.12,403.19,-4.14,-1.37,Cyan,10147.67
129,7,person,VISIBLE,86,0,0.7545,830.74,407.36,-1.54,0.07,Cyan,6760.3
129,9,ball,OCCLUDED,52,39,0.567,455.83,203.27,0.15,-1.94,Black,560.47
129,10,person,OUT_OF_BOUNDS,57,26,0.711,895.15,467.77,1.65,3.06,Neutral,327.88
129,11,person,OCCLUDED,68,12,0.867,425.92,460.39,-0.55,3.02,Red,4667.16
129,13,person,VISIBLE,68,0,0.6104,651.99,409.43,-1.52,0.72,Red,10665.43
129,14,person,VISIBLE,61,0,0.7673,261.38,405.68,2.25,0.87,Green,27198.18
129,15,ball,OCCLUDED,23,32,0.644,471.85,293.8,0.54,-2.03,Cyan,415.28
129,16,person,VISIBLE,55,0,0.7287,95.09,404.82,-2.04,0.68,Blue,6777.47
129,19,ball,VISIBLE,39,0,0.8473,476.62,132.31,-0.47,-0.42,Green,1080.92
130,1,person,VISIBLE,96,0,0.6023,375.9,421.99,-3.1,0.71,Purple,15125.17
130,2,person,VISIBLE,129,0,0.7699,485.87,426.07,-1.05,0.16,Cyan,7174.33
130,3,person,VISIBLE,124,0,0.2871,341.16,436.21,-3.74,3.1,Green,4057.69
130,4,person,OUT_OF_BOUNDS,22,107,0.0,-241.99,321.12,-2.23,-0.18,Neutral,520.32
130,5,person,OUT_OF_BOUNDS,73,52,0.422,1252.74,281.51,7.32,-0.63,Green,4776.3
130,6,person,VISIBLE,114,0,0.4514,612.18,402.27,-4.7,-1.05,Cyan,9828.51
130,7,person,VISIBLE,87,0,0.7513,828.95,407.57,-1.71,0.17,Cyan,7257.68
130,9,ball,OCCLUDED,52,40,0.556,455.97,201.33,0.15,-1.94,Black,560.47
130,10,person,OUT_OF_BOUNDS,57,27,0.7,896.79,470.83,1.65,3.06,Neutral,327.88
130,11,person,OCCLUDED,68,13,0.856,425.37,463.41,-0.55,3.02,Red,4667.16
130,13,person,VISIBLE,69,0,0.5883,649.69,410.13,-2.06,0.71,Red,10283.35
130,14,person,VISIBLE,62,0,0.7702,263.23,405.95,1.97,0.45,Green,27200.28
130,15,ball,OCCLUDED,23,33,0.633,472.39,291.77,0.54,-2.03,Cyan,415.28
130,16,person,VISIBLE,56,0,0.7631,92.45,405.35,-2.46,0.57,Blue,6947.19
130,19,ball,VISIBLE,40,0,0.8811,475.93,132.24,-0.62,-0.17,Green,1082.44
131,1,person,VISIBLE,97,0,0.5073,375.25,422.1,-1.39,0.29,Blue,15293.52
131,2,person,VISIBLE,130,0,0.7678,484.65,426.07,-1.16,0.05,Cyan,7090.28
131,3,person,VISIBLE,125,0,0.3101,337.19,439.0,-3.9,2.89,Green,3700.88
131,4,person,OUT_OF_BOUNDS,22,108,0.0,-244.23,320.94,-2.23,-0.18,Neutral,520.32
131,5,person,OUT_OF_BOUNDS,73,53,0.411,1260.06,280.88,7.32,-0.63,Green,4776.3
131,6,person,VISIBLE,115,0,0.4533,607.38,401.53,-4.78,-0.84,Cyan,9858.31
131,7,person,VISIBLE,88,0,0.7534,826.89,407.97,-1.95,0.33,Cyan,7810.92
131,9,ball,OCCLUDED,52,41,0.544,456.12,199.39,0.15,-1.94,Black,560.47
131,10,person,OUT_OF_BOUNDS,57,28,0.689,898.44,473.89,1.65,3.06,Neutral,327.88
131,11,person,OCCLUDED,68,14,0.844,424.82,466.44,-0.55,3.02,Red,4667.16
131,13,person,VISIBLE,70,0,0.6349,647.22,410.83,-2.35,0.7,Red,9909.17
131,14,person,VISIBLE,63,0,0.7821,265.37,406.03,2.09,0.19,Green,27318.15
131,15,ball,OCCLUDED,23,34,0.622,472.93,289.73,0.54,-2.03,Cyan,415.28
131,16,person,VISIBLE,57,0,0.7482,89.22,405.57,-3.0,0.33,Blue,7001.96
131,19,ball,VISIBLE,41,0,0.8332,475.0,132.38,-0.84,0.05,Green,1080.98
132,1,person,VISIBLE,98,0,0.6539,372.67,421.88,-2.22,-0.07,Blue,15929.33
132,2,person,VISIBLE,131,0,0.7844,483.33,426.14,-1.28,0.06,Cyan,7001.15
132,3,person,VISIBLE,126,0,0.3225,333.37,440.57,-3.84,1.96,Green,3476.77
132,4,person,OUT_OF_BOUNDS,22,109,0.0,-246.46,320.76,-2.23,-0.18,Neutral,520.32
132,5,person,OUT_OF_BOUNDS,73,54,0.4,1267.38,280.24,7.32,-0.63,Green,4776.3
132,6,person,VISIBLE,116,0,0.5042,602.62,400.9,-4.77,-0.69,Cyan,10008.26
132,7,person,VISIBLE,89,0,0.7906,824.49,408.06,-2.27,0.17,Cyan,8492.47
132,9,ball,OCCLUDED,52,42,0.533,456.27,197.44,0.15,-1.94,Black,560.47
132,10,person,OUT_OF_BOUNDS,57,29,0.678,900.09,476.94,1.65,3.06,Neutral,327.88
132,11,person,OCCLUDED,68,15,0.833,424.27,469.46,-0.55,3.02,Red,4667.16
132,13,person,VISIBLE,71,0,0.5999,644.24,411.37,-2.79,0.58,Red,9658.34
132,14,person,VISIBLE,64,0,0.7917,266.8,406.05,1.63,0.07,Green,27143.61
132,15,ball,OCCLUDED,23,35,0.611,473.48,287.7,0.54,-2.03,Cyan,415.28
132,16,person,VISIBLE,58,0,0.7648,85.25,405.92,-3.68,0.34,Blue,7050.86
132,19,ball,VISIBLE,42,0,0.8414,473.9,132.46,-1.01,0.07,Green,1085.59
133,1,person,VISIBLE,99,0,0.4838,371.38,421.4,-1.57,-0.35,Purple,16358.3
133,2,person,VISIBLE,132,0,0.7742,482.26,426.18,-1.13,0.04,Cyan,7009.4
133,3,person,VISIBLE,127,0,0.3225,329.88,442.37,-3.6,1.85,Green,3293.37
133,4,person,OUT_OF_BOUNDS,22,110,0.0,-248.7,320.58,-2.23,-0.18,Neutral,520.32
133,5,person,OUT_OF_BOUNDS,73,55,0.389,1274.7,279.61,7.32,-0.63,Green,4776.3
133,6,person,VISIBLE,117,0,0.5084,598.46,399.99,-4.34,-0.85,Cyan,10406.07
133,7,person,VISIBLE,90,0,0.7951,822.07,408.46,-2.37,0.32,Cyan,9138.18
133,9,ball,OCCLUDED,52,43,0.522,456.41,195.5,0.15,-1.94,Black,560.47
133,10,person,OUT_OF_BOUNDS,57,30,0.667,901.73,480.0,1.65,3.06,Neutral,327.88
133,11,person,OCCLUDED,68,16,0.822,423.72,472.48,-0.55,3.02,Red,4667.16
133,13,person,VISIBLE,72,0,0.6985,640.12,412.21,-3.72,0.77,Red,9494.25
133,14,person,VISIBLE,65,0,0.7417,268.4,406.1,1.61,0.06,Green,26748.01
133,15,ball,OCCLUDED,23,36,0.6,474.02,285.67,0.54,-2.03,Cyan,415.28
133,16,person,VISIBLE,59,0,0.7792,81.4,405.85,-3.8,0.05,Blue,7131.67
133,19,ball,VISIBLE,43,0,0.8863,472.69,132.82,-1.16,0.28,Green,1084.31
134,1,person,VISIBLE,100,0,0.3917,378.29,420.7,4.37,-0.6,Purple,14701.0
134,2,person,VISIBLE,133,0,0.7723,481.17,426.02,-1.11,-0.1,Cyan,6874.76
134,3,person,VISIBLE,128,0,0.3225,326.38,444.16,-3.52,1.81,Green,3113.44
134,4,person,OUT_OF_BOUNDS,22,111,0.0,-250.93,320.4,-2.23,-0.18,Neutral,520.32
134,5,person,OUT_OF_BOUNDS,73,56,0.378,1282.02,278.98,7.32,-0.63,Green,4776.3
134,6,person,VISIBLE,118,0,0.652,592.47,399.72,-5.49,-0.44,Cyan,10383.39
134,7,person,VISIBLE,91,0,0.7887,819.85,408.88,-2.27,0.39,Cyan,9707.58
134,9,ball,OCCLUDED,52,44,0.511,456.56,193.56,0.15,-1.94,Black,560.47
134,10,person,OUT_OF_BOUNDS,57,31,0.656,903.38,483.06,1.65,3.06,Neutral,327.88
134,11,person,OCCLUDED,68,17,0.811,423.17,475.51,-0.55,3.02,Red,4667.16
134,13,person,VISIBLE,73,0,0.7033,635.37,412.88,-4.44,0.7,Red,9353.69
134,14,person,VISIBLE,66,0,0.7513,269.9,406.1,1.54,0.01,Green,26074.27
134,15,ball,OCCLUDED,23,37,0.589,474.56,283.64,0.54,-2.03,Cyan,415.28
134,16,person,VISIBLE,60,0,0.7943,77.49,405.7,-3.87,-0.08,Blue,7314.06
134,19,ball,VISIBLE,44,0,0.9097,471.48,133.18,-1.19,0.33,Green,1103.88
135,1,person,VISIBLE,101,0,0.3839,383.93,419.95,5.25,-0.71,Red,13425.71
135,2,person,VISIBLE,134,0,0.799,479.71,425.8,-1.35,-0.19,Cyan,6785.06
135,3,person,VISIBLE,129,0,0.2974,320.88,438.86,-4.91,-3.17,Green,3564.49
135,4,person,OUT_OF_BOUNDS,22,112,0.0,-253.17,320.22,-2.23,-0.18,Neutral,520.32
135,5,person,OUT_OF_BOUNDS,73,57,0.367,1289.34,278.35,7.32,-0.63,Green,4776.3
135,6,person,VISIBLE,119,0,0.517,587.62,399.25,-5.05,-0.46,Cyan,10711.04
135,7,person,VISIBLE,92,0,0.8198,817.21,409.1,-2.52,0.27,Cyan,10409.52
135,9,ball,OCCLUDED,52,45,0.5,456.71,191.62,0.15,-1.94,Black,560.47
135,10,person,OUT_OF_BOUNDS,57,32,0.644,905.02,486.11,1.65,3.06,Neutral,327.88
135,11,person,OCCLUDED,68,18,0.8,422.61,478.53,-0.55,3.02,Red,4667.16
135,13,person,VISIBLE,74,0,0.7322,631.09,412.87,-4.33,0.2,Red,9244.8
135,14,person,VISIBLE,67,0,0.7282,271.7,405.94,1.72,-0.11,Blue,25270.92
135,15,ball,OCCLUDED,23,38,0.578,475.1,281.6,0.54,-2.03,Cyan,415.28
135,16,person,VISIBLE,61,0,0.8044,73.29,405.41,-4.1,-0.23,Blue,7392.55
135,19,ball,VISIBLE,45,0,0.9369,470.32,133.78,-1.17,0.52,Green,1126.91
136,1,person,VISIBLE,102,0,0.5356,382.12,418.97,0.31,-0.9,Red,13593.7
136,2,person,VISIBLE,135,0,0.8113,478.01,425.72,-1.6,-0.12,Cyan,6660.21
136,3,person,VISIBLE,130,0,0.3597,319.38,435.39,-2.52,-3.38,Green,4401.95
136,4,person,OUT_OF_BOUNDS,22,113,0.0,-255.4,320.05,-2.23,-0.18,Neutral,520.32
136,5,person,OUT_OF_BOUNDS,73,58,0.356,1296.66,277.71,7.32,-0.63,Green,4776.3
136,6,person,VISIBLE,120,0,0.4893,583.72,398.94,-4.24,-0.36,Cyan,11131.0
136,7,person,VISIBLE,93,0,0.7988,814.38,409.27,-2.74,0.2,Cyan,11178.83
136,9,ball,OCCLUDED,52,46,0.489,456.85,189.68,0.15,-1.94,Black,560.47
136,10,person,OUT_OF_BOUNDS,57,33,0.633,906.67,489.17,1.65,3.06,Neutral,327.88
136,11,person,OCCLUDED,68,19,0.789,422.06,481.55,-0.55,3.02,Red,4667.16
136,13,person,VISIBLE,75,0,0.6526,626.11,413.04,-4.79,0.18,Red,9150.57
136,14,person,VISIBLE,68,0,0.7452,274.89,405.43,2.75,-0.39,Blue,24896.05
136,15,ball,OCCLUDED,23,39,0.567,475.64,279.57,0.54,-2.03,Cyan,415.28
136,16,person,VISIBLE,62,0,0.7891,68.62,405.28,-4.5,-0.16,Pink,7484.31
136,19,ball,VISIBLE,46,0,0.8754,469.1,134.56,-1.21,0.7,Green,1148.77
137,1,person,VISIBLE,103,0,0.5806,379.61,417.78,-1.67,-1.1,Red,13948.99
137,2,person,VISIBLE,136,0,0.7956,476.31,425.32,-1.67,-0.31,Cyan,6563.4
137,3,person,VISIBLE,131,0,0.3597,316.02,434.41,-3.1,-1.7,Green,4625.79
137,4,person,OUT_OF_BOUNDS,22,114,0.0,-257.63,319.87,-2.23,-0.18,Neutral,520.32
137,5,person,OUT_OF_BOUNDS,73,59,0.344,1303.98,277.08,7.32,-0.63,Green,4776.3
137,6,person,VISIBLE,121,0,0.4961,580.46,398.74,-3.55,-0.25,Grey,11550.92
137,7,person,VISIBLE,94,0,0.8123,811.14,409.54,-3.09,0.25,Cyan,11791.58
137,9,ball,OCCLUDED,52,47,0.478,457.0,187.74,0.15,-1.94,Black,560.47
137,10,person,OUT_OF_BOUNDS,57,34,0.622,908.31,492.23,1.65,3.06,Neutral,327.88
137,11,person,OCCLUDED,68,20,0.778,421.51,484.58,-0.55,3.02,Red,4667.16
137,13,person,VISIBLE,76,0,0.6672,621.22,413.46,-4.86,0.35,Red,9016.5
137,14,person,VISIBLE,69,0,0.6941,278.44,405.27,3.31,-0.22,Purple,24369.38
137,15,ball,OCCLUDED,23,40,0.556,476.18,277.54,0.54,-2.03,Cyan,415.28
137,16,person,VISIBLE,63,0,0.7645,63.45,404.74,-4.97,-0.43,Red,7453.25
137,19,ball,VISIBLE,47,0,0.9182,467.64,135.63,-1.38,0.96,Green,1163.99
138,1,person,VISIBLE,104,0,0.5066,378.87,416.61,-1.02,-1.15,Red,13805.4
138,2,person,VISIBLE,137,0,0.7568,474.0,425.0,-2.12,-0.32,Cyan,6435.46
138,3,person,VISIBLE,132,0,0.3597,312.67,433.42,-3.28,-1.2,Green,4854.99
138,4,person,OUT_OF_BOUNDS,22,115,0.0,-259.87,319.69,-2.23,-0.18,Neutral,520.32
138,5,person,OUT_OF_BOUNDS,73,60,0.333,1311.3,276.45,7.32,-0.63,Green,4776.3
138,6,person,VISIBLE,122,0,0.489,576.04,398.69,-4.16,-0.1,Grey,11500.03
138,7,person,VISIBLE,95,0,0.7966,807.04,409.88,-3.8,0.31,Cyan,11936.07
138,9,ball,OCCLUDED,52,48,0.467,457.15,185.8,0.15,-1.94,Black,560.47
138,10,person,OUT_OF_BOUNDS,57,35,0.611,909.96,495.28,1.65,3.06,Neutral,327.88
138,11,person,OCCLUDED,68,21,0.767,420.96,487.6,-0.55,3.02,Red,4667.16
138,13,person,VISIBLE,77,0,0.6927,615.61,413.59,-5.38,0.2,Red,9147.58
138,14,person,VISIBLE,70,0,0.5822,277.51,405.07,0.35,-0.21,Purple,21357.75
138,15,ball,OCCLUDED,23,41,0.544,476.72,275.51,0.54,-2.03,Cyan,415.28
138,16,person,VISIBLE,64,0,0.7604,57.87,404.13,-5.39,-0.55,Red,7440.94
138,19,ball,VISIBLE,48,0,0.9153,466.27,136.72,-1.37,1.05,Green,1183.7
139,1,person,VISIBLE,105,0,0.3199,371.12,415.03,-5.72,-1.44,Pink,15636.98
139,2,person,VISIBLE,138,0,0.7082,471.21,424.67,-2.59,-0.33,Cyan,6306.84
139,3,person,VISIBLE,133,0,0.3597,309.31,432.44,-3.33,-1.05,Green,5089.54
139,4,person,OUT_OF_BOUNDS,22,116,0.0,-262.1,319.51,-2.23,-0.18,Neutral,520.32
139,5,person,OUT_OF_BOUNDS,73,61,0.322,1318.62,275.82,7.32,-0.63,Green,4776.3
139,6,person,VISIBLE,123,0,0.4135,569.62,398.29,-5.74,-0.32,Cyan,11372.55
139,7,person,VISIBLE,96,0,0.802,801.92,410.04,-4.72,0.21,Cyan,11964.99
139,9,ball,OCCLUDED,52,49,0.456,457.29,183.86,0.15,-1.94,Black,560.47
139,10,person,OUT_OF_BOUNDS,57,36,0.6,911.61,498.34,1.65,3.06,Neutral,327.88
139,11,person,OCCLUDED,68,22,0.756,420.41,490.62,-0.55,3.02,Red,4667.16
139,13,person,VISIBLE,78,0,0.7038,610.0,413.41,-5.54,-0.06,Red,9288.8
139,14,person,VISIBLE,71,0,0.5859,276.44,404.94,-0.65,-0.16,Red,18875.38
139,15,ball,OCCLUDED,23,42,0.533,477.26,273.48,0.54,-2.03,Cyan,415.28
139,16,person,VISIBLE,65,0,0.7934,52.38,403.38,-5.46,-0.69,Red,7534.8
139,19,ball,VISIBLE,49,0,0.8563,465.18,138.02,-1.18,1.22,Yellow,1201.13
140,1,person,VISIBLE,106,0,0.4373,364.74,413.54,-6.19,-1.48,Pink,17147.14
140,2,person,VISIBLE,139,0,0.7335,468.66,423.77,-2.56,-0.72,Cyan,6139.8
140,3,person,VISIBLE,134,0,0.3597,305.96,431.46,-3.35,-1.0,Green,5329.45
140,4,person,OUT_OF_BOUNDS,22,117,0.0,-264.34,319.33,-2.23,-0.18,Neutral,520.32
140,5,person,OUT_OF_BOUNDS,73,62,0.311,1325.94,275.18,7.32,-0.63,Green,4776.3
140,6,person,VISIBLE,124,0,0.4842,565.37,397.8,-4.7,-0.43,Grey,11650.18
140,7,person,VISIBLE,97,0,0.8342,796.3,410.22,-5.35,0.18,Cyan,11941.32
140,9,ball,OCCLUDED,52,50,0.444,457.44,181.92,0.15,-1.94,Black,560.47
140,10,person,OUT_OF_BOUNDS,57,37,0.589,913.25,501.4,1.65,3.06,Neutral,327.88
140,11,person,OCCLUDED,68,23,0.744,419.86,493.65,-0.55,3.02,Red,4667.16
140,13,person,VISIBLE,79,0,0.6824,604.33,413.29,-5.63,-0.1,Red,9434.25
140,14,person,VISIBLE,72,0,0.6406,275.24,405.0,-1.04,-0.01,Red,16775.41
140,15,ball,OCCLUDED,23,43,0.522,477.8,271.44,0.54,-2.03,Cyan,415.28
140,16,person,VISIBLE,66,0,0.7617,46.87,402.77,-5.49,-0.64,Red,7532.82
140,19,ball,VISIBLE,50,0,0.8119,463.91,139.55,-1.24,1.44,Yellow,1213.34
141,1,person,VISIBLE,107,0,0.4033,359.79,411.83,-5.32,-1.64,Pink,18433.78
141,2,person,VISIBLE,140,0,0.7038,466.44,422.79,-2.32,-0.9,Cyan,6147.77
141,3,person,VISIBLE,135,0,0.3597,302.61,430.47,-3.35,-0.99,Green,5574.72
141,4,person,OUT_OF_BOUNDS,22,118,0.0,-266.57,319.15,-2.23,-0.18,Neutral,520.32
141,5,person,OUT_OF_BOUNDS,73,63,0.3,1333.26,274.55,7.32,-0.63,Green,4776.3
141,6,person,VISIBLE,125,0,0.4034,562.83,396.75,-3.19,-0.86,Cyan,12440.44
141,7,person,VISIBLE,98,0,0.8344,790.46,410.27,-5.69,0.1,Cyan,11841.96
141,9,ball,OCCLUDED,52,51,0.433,457.58,179.97,0.15,-1.94,Black,560.47
141,10,person,OUT_OF_BOUNDS,57,38,0.578,914.9,504.45,1.65,3.06,Neutral,327.88
141,11,person,OCCLUDED,68,24,0.733,419.31,496.67,-0.55,3.02,Red,4667.16
141,13,person,VISIBLE,80,0,0.6665,599.08,413.49,-5.36,0.1,Red,9498.5
141,14,person,VISIBLE,73,0,0.499,273.97,405.25,-1.2,0.18,Red,15476.28
141,15,ball,OCCLUDED,23,44,0.511,478.34,269.41,0.54,-2.03,Cyan,415.28
141,16,person,VISIBLE,67,0,0.8059,39.5,401.75,-6.81,-0.91,Red,7996.37
141,19,ball,VISIBLE,51,0,0.8359,462.55,141.14,-1.32,1.54,Green,1197.17
142,1,person,VISIBLE,108,0,0.6028,357.35,410.18,-3.31,-1.65,Purple,19679.43
142,2,person,VISIBLE,141,0,0.7211,464.09,421.31,-2.35,-1.31,Cyan,6094.31
142,3,person,VISIBLE,136,0,0.2881,308.95,424.94,3.44,-4.17,Green,5816.49
142,4,person,OUT_OF_BOUNDS,22,119,0.0,-268.8,318.97,-2.23,-0.18,Neutral,520.32
142,5,person,OUT_OF_BOUNDS,73,64,0.289,1340.58,273.92,7.32,-0.63,Green,4776.3
142,6,person,VISIBLE,126,0,0.5176,556.36,397.29,-5.48,0.12,Cyan,12516.75
142,7,person,VISIBLE,99,0,0.8239,784.78,410.27,-5.69,0.03,Cyan,11619.54
142,9,ball,OCCLUDED,52,52,0.422,457.73,178.03,0.15,-1.94,Black,560.47
142,10,person,OUT_OF_BOUNDS,57,39,0.567,916.54,507.51,1.65,3.06,Neutral,327.88
142,11,person,OCCLUDED,68,25,0.722,418.76,499.69,-0.55,3.02,Red,4667.16
142,13,person,VISIBLE,81,0,0.6872,593.61,413.47,-5.44,0.02,Red,9749.31
142,14,person,VISIBLE,74,0,0.6932,270.55,405.62,-2.76,0.31,Red,14771.63
142,15,ball,OCCLUDED,23,45,0.5,478.88,267.38,0.54,-2.03,Cyan,415.28
142,16,person,VISIBLE,68,0,0.8132,33.52,400.74,-6.22,-0.98,Red,8011.27
142,19,ball,VISIBLE,52,0,0.8739,461.32,142.93,-1.26,1.72,Green,1185.25
143,1,person,VISIBLE,109,0,0.7091,357.76,408.59,-0.7,-1.61,Purple,20508.92
143,2,person,VISIBLE,142,0,0.7398,462.31,420.03,-1.94,-1.29,Cyan,6065.56
143,3,person,VISIBLE,137,0,0.2881,308.17,422.75,0.48,-2.78,Green,6062.72
143,4,person,OUT_OF_BOUNDS,22,120,0.0,-271.04,318.79,-2.23,-0.18,Neutral,520.32
143,5,person,OUT_OF_BOUNDS,73,65,0.278,1347.9,273.29,7.32,-0.63,Green,4776.3
143,6,person,VISIBLE,127,0,0.5702,549.09,396.35,-6.74,-0.63,Cyan,12091.82
143,7,person,VISIBLE,100,0,0.8298,779.12,410.18,-5.67,-0.06,Cyan,11374.87
143,9,ball,OCCLUDED,52,53,0.411,457.88,176.09,0.15,-1.94,Black,560.47
143,10,person,OUT_OF_BOUNDS,57,40,0.556,918.19,510.57,1.65,3.06,Neutral,327.88
143,11,person,OUT_OF_BOUNDS,68,26,0.711,418.21,502.71,-0.55,3.02,Red,4667.16
143,13,person,VISIBLE,82,0,0.6844,588.22,413.24,-5.4,-0.15,Red,9976.18
143,14,person,VISIBLE,75,0,0.7312,267.0,406.09,-3.31,0.42,Red,14561.27
143,15,ball,OCCLUDED,23,46,0.489,479.42,265.35,0.54,-2.03,Cyan,415.28
143,16,person,VISIBLE,69,0,0.8072,29.12,399.86,-4.95,-0.91,Red,7791.61
143,19,ball,VISIBLE,53,0,0.8924,460.35,144.75,-1.06,1.79,Green,1184.92
144,1,person,VISIBLE,110,0,0.7181,357.86,407.13,-0.15,-1.5,Purple,20813.47
144,2,person,VISIBLE,143,0,0.7392,459.35,418.26,-2.66,-1.62,Cyan,6039.98
144,3,person,OCCLUDED,137,1,0.989,308.65,419.97,0.48,-2.78,Green,6062.72
144,4,person,OUT_OF_BOUNDS,22,121,0.0,-273.27,318.61,-2.23,-0.18,Neutral,520.32
144,5,person,OUT_OF_BOUNDS,73,66,0.267,1355.22,272.65,7.32,-0.63,Green,4776.3
144,6,person,VISIBLE,128,0,0.591,542.88,395.9,-6.37,-0.5,Cyan,12236.91
144,7,person,VISIBLE,101,0,0.8358,773.5,409.92,-5.63,-0.2,Cyan,11252.18
144,9,ball,OCCLUDED,52,54,0.4,458.02,174.15,0.15,-1.94,Black,560.47
144,10,person,OUT_OF_BOUNDS,57,41,0.544,919.84,513.62,1.65,3.06,Neutral,327.88
144,11,person,OUT_OF_BOUNDS,68,27,0.7,417.65,505.74,-0.55,3.02,Red,4667.16
144,13,person,VISIBLE,83,0,0.6925,582.64,412.91,-5.52,-0.28,Red,10010.97
144,14,person,VISIBLE,76,0,0.7074,263.22,406.48,-3.64,0.4,Red,14691.06
144,15,ball,OCCLUDED,23,47,0.478,479.96,263.32,0.54,-2.03,Cyan,415.28
144,16,person,VISIBLE,70,0,0.8145,25.94,399.0,-3.72,-0.88,Red,7343.75
144,19,ball,VISIBLE,54,0,0.8953,459.33,146.94,-1.03,2.07,Green,1175.42
145,1,person,VISIBLE,111,0,0.7055,359.53,405.54,1.13,-1.56,Purple,22368.33
145,2,person,VISIBLE,144,0,0.7914,457.56,416.7,-2.05,-1.58,Cyan,6220.72
145,3,person,OCCLUDED,137,2,0.978,309.14,417.18,0.48,-2.78,Green,6062.72
145,4,person,OUT_OF_BOUNDS,22,122,0.0,-275.51,318.43,-2.23,-0.18,Neutral,520.32
145,5,person,OUT_OF_BOUNDS,73,67,0.256,1362.54,272.02,7.32,-0.63,Green,4776.3
145,6,person,VISIBLE,129,0,0.5315,538.86,397.1,-4.72,0.69,Cyan,13455.55
145,7,person,VISIBLE,102,0,0.8403,767.97,409.73,-5.56,-0.19,Cyan,11186.3
145,9,ball,OCCLUDED,52,55,0.389,458.17,172.21,0.15,-1.94,Black,560.47
145,10,person,OUT_OF_BOUNDS,57,42,0.533,921.48,516.68,1.65,3.06,Neutral,327.88
145,11,person,OUT_OF_BOUNDS,68,28,0.689,417.1,508.76,-0.55,3.02,Red,4667.16
145,13,person,VISIBLE,84,0,0.7048,577.5,413.03,-5.26,0.0,Red,10014.36
145,14,person,VISIBLE,77,0,0.6177,258.48,406.98,-4.41,0.47,Red,15023.14
145,15,ball,OCCLUDED,23,48,0.467,480.5,261.28,0.54,-2.03,Cyan,415.28
145,16,person,VISIBLE,71,0,0.8309,23.25,398.1,-3.0,-0.89,Red,6844.67
145,19,ball,VISIBLE,55,0,0.7515,458.24,149.16,-1.08,2.17,Yellow,1177.28
146,1,person,VISIBLE,112,0,0.6822,359.88,404.12,0.59,-1.47,Purple,23631.0
146,2,person,VISIBLE,145,0,0.7835,455.15,415.11,-2.3,-1.59,Cyan,6206.4
146,3,person,OCCLUDED,137,3,0.967,309.62,414.4,0.48,-2.78,Green,6062.72
146,4,person,OUT_OF_BOUNDS,22,123,0.0,-277.74,318.25,-2.23,-0.18,Neutral,520.32
146,5,person,OUT_OF_BOUNDS,73,68,0.244,1369.86,271.39,7.32,-0.63,Green,4776.3
146,6,person,VISIBLE,130,0,0.5942,532.89,400.09,-5.6,2.3,Cyan,13775.3
146,7,person,VISIBLE,103,0,0.8298,762.4,409.31,-5.57,-0.35,Cyan,11111.56
146,9,ball,OCCLUDED,52,56,0.378,458.32,170.27,0.15,-1.94,Black,560.47
146,10,person,OUT_OF_BOUNDS,57,43,0.522,923.13,519.74,1.65,3.06,Neutral,327.88
146,11,person,OUT_OF_BOUNDS,68,29,0.678,416.55,511.78,-0.55,3.02,Red,4667.16
146,13,person,VISIBLE,85,0,0.6655,572.23,413.1,-5.27,0.05,Pink,10106.63
146,14,person,VISIBLE,78,0,0.6231,253.35,407.13,-4.91,0.25,Blue,15715.82
146,15,ball,OCCLUDED,23,49,0.456,481.05,259.25,0.54,-2.03,Cyan,415.28
146,16,person,VISIBLE,72,0,0.8331,21.12,397.39,-2.38,-0.76,Red,6334.28
146,19,ball,VISIBLE,56,0,0.7871,457.31,151.75,-0.97,2.47,Yellow,1191.08
147,1,person,VISIBLE,113,0,0.6967,360.3,402.82,0.47,-1.35,Purple,24209.21
147,2,person,VISIBLE,146,0,0.759,452.62,413.63,-2.47,-1.51,Cyan,6121.7
147,3,person,OCCLUDED,137,4,0.956,310.11,411.62,0.48,-2.78,Green,6062.72
147,4,person,OUT_OF_BOUNDS,22,124,0.0,-279.97,318.07,-2.23,-0.18,Neutral,520.32
147,5,person,OUT_OF_BOUNDS,73,69,0.233,1377.18,270.76,7.32,-0.63,Green,4776.3
147,6,person,VISIBLE,131,0,0.5597,527.14,402.41,-5.7,2.31,Green,14034.32
147,7,person,VISIBLE,104,0,0.8432,757.13,409.06,-5.36,-0.29,Cyan,11034.67
147,9,ball,OCCLUDED,52,57,0.367,458.46,168.33,0.15,-1.94,Black,560.47
147,10,person,OUT_OF_BOUNDS,57,44,0.511,924.77,522.79,1.65,3.06,Neutral,327.88
147,11,person,OUT_OF_BOUNDS,68,30,0.667,416.0,514.81,-0.55,3.02,Red,4667.16
147,13,person,VISIBLE,86,0,0.6549,566.7,412.89,-5.44,-0.13,Purple,10159.19
147,14,person,VISIBLE,79,0,0.5209,248.32,407.59,-4.99,0.4,Blue,16561.25
147,15,ball,OCCLUDED,23,50,0.444,481.59,257.22,0.54,-2.03,Cyan,415.28
147,16,person,VISIBLE,73,0,0.804,19.41,396.75,-1.92,-0.68,Red,5795.16
147,19,ball,VISIBLE,57,0,0.7818,456.5,154.56,-0.86,2.7,Yellow,1191.88
148,1,person,VISIBLE,114,0,0.6991,359.99,401.52,-0.08,-1.31,Purple,23729.25
148,2,person,VISIBLE,147,0,0.7414,449.74,412.45,-2.76,-1.28,Cyan,5915.17
148,3,person,OCCLUDED,137,5,0.944,310.59,408.83,0.48,-2.78,Green,6062.72
148,4,person,OUT_OF_BOUNDS,22,125,0.0,-282.21,317.89,-2.23,-0.18,Neutral,520.32
148,5,person,OUT_OF_BOUNDS,73,70,0.222,1384.5,270.12,7.32,-0.63,Green,4776.3
148,6,person,VISIBLE,132,0,0.6848,520.08,405.24,-6.66,2.68,Green,13608.85
148,7,person,VISIBLE,105,0,0.8395,751.81,408.7,-5.33,-0.33,Cyan,11137.26
148,9,ball,OCCLUDED,52,58,0.356,458.61,166.39,0.15,-1.94,Black,560.47
148,10,person,OUT_OF_BOUNDS,57,45,0.5,926.42,525.85,1.65,3.06,Neutral,327.88
148,11,person,OUT_OF_BOUNDS,68,31,0.656,415.45,517.83,-0.55,3.02,Red,4667.16
148,13,person,VISIBLE,87,0,0.6592,561.98,412.82,-4.94,-0.09,Blue,10192.93
148,14,person,VISIBLE,80,0,0.5353,248.9,408.18,-1.1,0.53,Blue,19007.21
148,15,ball,OCCLUDED,23,51,0.433,482.13,255.19,0.54,-2.03,Cyan,415.28
148,16,person,VISIBLE,74,0,0.7576,17.86,396.37,-1.66,-0.47,Red,5294.37
148,19,ball,VISIBLE,58,0,0.7568,455.88,157.4,-0.69,2.8,Green,1192.84
149,1,person,VISIBLE,115,0,0.702,358.37,400.01,-1.16,-1.45,Purple,24258.48
149,2,person,VISIBLE,148,0,0.7894,447.08,410.58,-2.68,-1.69,Cyan,5935.63
149,3,person,OCCLUDED,137,6,0.933,311.08,406.05,0.48,-2.78,Green,6062.72
149,4,person,OUT_OF_BOUNDS,22,126,0.0,-284.44,317.71,-2.23,-0.18,Neutral,520.32
149,5,person,OUT_OF_BOUNDS,73,71,0.211,1391.82,269.49,7.32,-0.63,Green,4776.3
149,6,person,VISIBLE,133,0,0.6741,514.58,407.6,-5.85,2.45,Green,13154.47
149,7,person,VISIBLE,106,0,0.8359,746.38,408.4,-5.4,-0.31,Cyan,11229.61
149,9,ball,OCCLUDED,52,59,0.344,458.76,164.45,0.15,-1.94,Black,560.47
149,10,person,OUT_OF_BOUNDS,57,46,0.489,928.06,528.91,1.65,3.06,Neutral,327.88
149,11,person,OUT_OF_BOUNDS,68,32,0.644,414.9,520.85,-0.55,3.02,Red,4667.16
149,13,person,VISIBLE,88,0,0.6866,556.86,413.01,-5.07,0.11,Blue,10308.67
149,14,person,VISIBLE,81,0,0.71,247.53,408.57,-1.28,0.44,Blue,20745.51
149,15,ball,OCCLUDED,23,52,0.422,482.67,253.15,0.54,-2.03,Cyan,415.28
149,16,person,VISIBLE,75,0,0.679,15.79,395.64,-1.95,-0.65,Red,4631.16
149,19,ball,VISIBLE,59,0,0.8132,455.19,160.48,-0.69,3.0,Green,1192.29
150,1,person,VISIBLE,116,0,0.7316,356.59,398.68,-1.6,-1.37,Purple,25010.67
150,2,person,VISIBLE,149,0,0.8004,444.27,408.59,-2.78,-1.9,Cyan,5920.13
150,3,person,OCCLUDED,137,7,0.922,311.56,403.27,0.48,-2.78,Green,6062.72
150,4,person,OUT_OF_BOUNDS,22,127,0.0,-286.68,317.53,-2.23,-0.18,Neutral,520.32
150,5,person,OUT_OF_BOUNDS,73,72,0.2,1399.14,268.86,7.32,-0.63,Green,4776.3
150,6,person,VISIBLE,134,0,0.6559,508.52,409.75,-6.0,2.25,Green,12696.36
150,7,person,VISIBLE,107,0,0.85,741.21,408.03,-5.24,-0.35,Cyan,11272.43
150,9,ball,OCCLUDED,52,60,0.333,458.9,162.5,0.15,-1.94,Black,560.47
150,10,person,OUT_OF_BOUNDS,57,47,0.478,929.71,531.96,1.65,3.06,Neutral,327.88
150,11,person,OUT_OF_BOUNDS,68,33,0.633,414.35,523.88,-0.55,3.02,Red,4667.16
150,13,person,VISIBLE,89,0,0.6991,553.56,413.28,-3.83,0.22,Blue,9955.25
150,14,person,VISIBLE,82,0,0.6024,245.36,408.63,-1.91,0.18,Blue,21736.56
150,15,ball,OCCLUDED,23,53,0.411,483.21,251.12,0.54,-2.03,Cyan,415.28
150,16,person,VISIBLE,76,0,0.6087,13.81,386.54,-1.97,-6.56,Red,3464.58
150,19,ball,VISIBLE,60,0,0.8364,454.56,163.74,-0.64,3.18,Green,1199.91
